dataset_id,provenance,direction,scheme,primary_scheme,descriptor,delta_RSS_observed,extreme_count_upper,p_add_one_upper,p_holm_9
BASELINE_STAGE15_S0,BASELINE,TIME_GIVEN_COVERAGE,LEGACY_RADEMACHER,False,component_share_birth,1.2909776824487371,1415,0.1415858414158584,1.0
BASELINE_STAGE15_S0,BASELINE,TIME_GIVEN_COVERAGE,LEGACY_RADEMACHER,False,component_share_death,0.2872211970919522,6578,0.6578342165783422,1.0
BASELINE_STAGE15_S0,BASELINE,TIME_GIVEN_COVERAGE,LEGACY_RADEMACHER,False,component_share_increase,12.622715875980097,427,0.0427957204279572,0.3851614838516148
BASELINE_STAGE15_S0,BASELINE,TIME_GIVEN_COVERAGE,LEGACY_RADEMACHER,False,support_share_low,0.2051758244525583,6923,0.6923307669233076,1.0
BASELINE_STAGE15_S0,BASELINE,TIME_GIVEN_COVERAGE,LEGACY_RADEMACHER,False,support_share_medium,0.0341226471383588,9253,0.9253074692530748,1.0
BASELINE_STAGE15_S0,BASELINE,TIME_GIVEN_COVERAGE,LEGACY_RADEMACHER,False,rms_low,0.0069324966168622,9356,0.9356064393560644,1.0
BASELINE_STAGE15_S0,BASELINE,TIME_GIVEN_COVERAGE,LEGACY_RADEMACHER,False,rms_medium,0.1225788190331531,5052,0.5052494750524947,1.0
BASELINE_STAGE15_S0,BASELINE,TIME_GIVEN_COVERAGE,LEGACY_RADEMACHER,False,rms_high,0.8789394450023522,3799,0.37996200379962,1.0
BASELINE_STAGE15_S0,BASELINE,TIME_GIVEN_COVERAGE,LEGACY_RADEMACHER,False,persistent_relation_rms,0.0992626456764362,8125,0.8125187481251874,1.0
BASELINE_STAGE15_S0,BASELINE,TIME_GIVEN_COVERAGE,GAUSSIAN_L1,False,component_share_birth,1.2909776824487371,1359,0.135986401359864,1.0
BASELINE_STAGE15_S0,BASELINE,TIME_GIVEN_COVERAGE,GAUSSIAN_L1,False,component_share_death,0.2872211970919522,6253,0.6253374662533746,1.0
BASELINE_STAGE15_S0,BASELINE,TIME_GIVEN_COVERAGE,GAUSSIAN_L1,False,component_share_increase,12.622715875980097,971,0.0971902809719028,0.8747125287471254
BASELINE_STAGE15_S0,BASELINE,TIME_GIVEN_COVERAGE,GAUSSIAN_L1,False,support_share_low,0.2051758244525583,5531,0.5531446855314468,1.0
BASELINE_STAGE15_S0,BASELINE,TIME_GIVEN_COVERAGE,GAUSSIAN_L1,False,support_share_medium,0.0341226471383588,8061,0.8061193880611939,1.0
BASELINE_STAGE15_S0,BASELINE,TIME_GIVEN_COVERAGE,GAUSSIAN_L1,False,rms_low,0.0069324966168622,9302,0.9302069793020696,1.0
BASELINE_STAGE15_S0,BASELINE,TIME_GIVEN_COVERAGE,GAUSSIAN_L1,False,rms_medium,0.1225788190331531,5050,0.5050494950504949,1.0
BASELINE_STAGE15_S0,BASELINE,TIME_GIVEN_COVERAGE,GAUSSIAN_L1,False,rms_high,0.8789394450023522,3657,0.3657634236576342,1.0
BASELINE_STAGE15_S0,BASELINE,TIME_GIVEN_COVERAGE,GAUSSIAN_L1,False,persistent_relation_rms,0.0992626456764362,7727,0.7727227277272273,1.0
BASELINE_STAGE15_S0,BASELINE,TIME_GIVEN_COVERAGE,DWB_L2,False,component_share_birth,1.2909776824487371,1206,0.1206879312068793,1.0
BASELINE_STAGE15_S0,BASELINE,TIME_GIVEN_COVERAGE,DWB_L2,False,component_share_death,0.2872211970919522,5327,0.5327467253274673,1.0
BASELINE_STAGE15_S0,BASELINE,TIME_GIVEN_COVERAGE,DWB_L2,False,component_share_increase,12.622715875980097,1490,0.1490850914908509,1.0
BASELINE_STAGE15_S0,BASELINE,TIME_GIVEN_COVERAGE,DWB_L2,False,support_share_low,0.2051758244525583,5685,0.5685431456854314,1.0
BASELINE_STAGE15_S0,BASELINE,TIME_GIVEN_COVERAGE,DWB_L2,False,support_share_medium,0.0341226471383588,8078,0.8078192180781922,1.0
BASELINE_STAGE15_S0,BASELINE,TIME_GIVEN_COVERAGE,DWB_L2,False,rms_low,0.0069324966168622,9164,0.9164083591640836,1.0
BASELINE_STAGE15_S0,BASELINE,TIME_GIVEN_COVERAGE,DWB_L2,False,rms_medium,0.1225788190331531,5737,0.5737426257374263,1.0
BASELINE_STAGE15_S0,BASELINE,TIME_GIVEN_COVERAGE,DWB_L2,False,rms_high,0.8789394450023522,4279,0.427957204279572,1.0
BASELINE_STAGE15_S0,BASELINE,TIME_GIVEN_COVERAGE,DWB_L2,False,persistent_relation_rms,0.0992626456764362,7421,0.7421257874212579,1.0
BASELINE_STAGE15_S0,BASELINE,TIME_GIVEN_COVERAGE,DWB_L3,True,component_share_birth,1.2909776824487371,1271,0.1271872812718728,1.0
BASELINE_STAGE15_S0,BASELINE,TIME_GIVEN_COVERAGE,DWB_L3,True,component_share_death,0.2872211970919522,5021,0.5021497850214979,1.0
BASELINE_STAGE15_S0,BASELINE,TIME_GIVEN_COVERAGE,DWB_L3,True,component_share_increase,12.622715875980097,1552,0.1552844715528447,1.0
BASELINE_STAGE15_S0,BASELINE,TIME_GIVEN_COVERAGE,DWB_L3,True,support_share_low,0.2051758244525583,5674,0.5674432556744325,1.0
BASELINE_STAGE15_S0,BASELINE,TIME_GIVEN_COVERAGE,DWB_L3,True,support_share_medium,0.0341226471383588,8126,0.8126187381261873,1.0
BASELINE_STAGE15_S0,BASELINE,TIME_GIVEN_COVERAGE,DWB_L3,True,rms_low,0.0069324966168622,9062,0.9062093790620938,1.0
BASELINE_STAGE15_S0,BASELINE,TIME_GIVEN_COVERAGE,DWB_L3,True,rms_medium,0.1225788190331531,6014,0.6014398560143985,1.0
BASELINE_STAGE15_S0,BASELINE,TIME_GIVEN_COVERAGE,DWB_L3,True,rms_high,0.8789394450023522,4736,0.4736526347365263,1.0
BASELINE_STAGE15_S0,BASELINE,TIME_GIVEN_COVERAGE,DWB_L3,True,persistent_relation_rms,0.0992626456764362,6960,0.696030396960304,1.0
BASELINE_STAGE15_S0,BASELINE,TIME_GIVEN_COVERAGE,DWB_L4,False,component_share_birth,1.2909776824487371,1466,0.1466853314668533,1.0
BASELINE_STAGE15_S0,BASELINE,TIME_GIVEN_COVERAGE,DWB_L4,False,component_share_death,0.2872211970919522,4481,0.4481551844815518,1.0
BASELINE_STAGE15_S0,BASELINE,TIME_GIVEN_COVERAGE,DWB_L4,False,component_share_increase,12.622715875980097,1619,0.161983801619838,1.0
BASELINE_STAGE15_S0,BASELINE,TIME_GIVEN_COVERAGE,DWB_L4,False,support_share_low,0.2051758244525583,5731,0.5731426857314269,1.0
BASELINE_STAGE15_S0,BASELINE,TIME_GIVEN_COVERAGE,DWB_L4,False,support_share_medium,0.0341226471383588,8055,0.8055194480551945,1.0
BASELINE_STAGE15_S0,BASELINE,TIME_GIVEN_COVERAGE,DWB_L4,False,rms_low,0.0069324966168622,8946,0.8946105389461054,1.0
BASELINE_STAGE15_S0,BASELINE,TIME_GIVEN_COVERAGE,DWB_L4,False,rms_medium,0.1225788190331531,6069,0.6069393060693931,1.0
BASELINE_STAGE15_S0,BASELINE,TIME_GIVEN_COVERAGE,DWB_L4,False,rms_high,0.8789394450023522,5033,0.5033496650334967,1.0
BASELINE_STAGE15_S0,BASELINE,TIME_GIVEN_COVERAGE,DWB_L4,False,persistent_relation_rms,0.0992626456764362,6782,0.6782321767823217,1.0
BASELINE_STAGE15_S0,BASELINE,COVERAGE_GIVEN_TIME,LEGACY_RADEMACHER,False,component_share_birth,0.0596534720549914,7503,0.7503249675032497,1.0
BASELINE_STAGE15_S0,BASELINE,COVERAGE_GIVEN_TIME,LEGACY_RADEMACHER,False,component_share_death,0.1140629183560903,7903,0.7903209679032097,1.0
BASELINE_STAGE15_S0,BASELINE,COVERAGE_GIVEN_TIME,LEGACY_RADEMACHER,False,component_share_increase,1.870845545870793,2513,0.2513748625137486,1.0
BASELINE_STAGE15_S0,BASELINE,COVERAGE_GIVEN_TIME,LEGACY_RADEMACHER,False,support_share_low,1.25717672133103,877,0.0877912208779122,0.6145385461453854
BASELINE_STAGE15_S0,BASELINE,COVERAGE_GIVEN_TIME,LEGACY_RADEMACHER,False,support_share_medium,1.8352191999952487,245,0.0245975402459754,0.1967803219678032
BASELINE_STAGE15_S0,BASELINE,COVERAGE_GIVEN_TIME,LEGACY_RADEMACHER,False,rms_low,0.9845979059926772,2718,0.2718728127187281,1.0
BASELINE_STAGE15_S0,BASELINE,COVERAGE_GIVEN_TIME,LEGACY_RADEMACHER,False,rms_medium,0.1196017540831171,7032,0.7032296770322968,1.0
BASELINE_STAGE15_S0,BASELINE,COVERAGE_GIVEN_TIME,LEGACY_RADEMACHER,False,rms_high,30.58783778262763,0,9.999000099990002e-05,0.0008999100089991
BASELINE_STAGE15_S0,BASELINE,COVERAGE_GIVEN_TIME,LEGACY_RADEMACHER,False,persistent_relation_rms,0.0875953587109492,7964,0.7964203579642036,1.0
BASELINE_STAGE15_S0,BASELINE,COVERAGE_GIVEN_TIME,GAUSSIAN_L1,False,component_share_birth,0.0596534720549914,7457,0.7457254274572542,1.0
BASELINE_STAGE15_S0,BASELINE,COVERAGE_GIVEN_TIME,GAUSSIAN_L1,False,component_share_death,0.1140629183560903,7794,0.7794220577942206,1.0
BASELINE_STAGE15_S0,BASELINE,COVERAGE_GIVEN_TIME,GAUSSIAN_L1,False,component_share_increase,1.870845545870793,2229,0.222977702229777,1.0
BASELINE_STAGE15_S0,BASELINE,COVERAGE_GIVEN_TIME,GAUSSIAN_L1,False,support_share_low,1.25717672133103,1337,0.1337866213378662,0.9365063493650634
BASELINE_STAGE15_S0,BASELINE,COVERAGE_GIVEN_TIME,GAUSSIAN_L1,False,support_share_medium,1.8352191999952487,739,0.073992600739926,0.591940805919408
BASELINE_STAGE15_S0,BASELINE,COVERAGE_GIVEN_TIME,GAUSSIAN_L1,False,rms_low,0.9845979059926772,2379,0.237976202379762,1.0
BASELINE_STAGE15_S0,BASELINE,COVERAGE_GIVEN_TIME,GAUSSIAN_L1,False,rms_medium,0.1196017540831171,6599,0.6599340065993401,1.0
BASELINE_STAGE15_S0,BASELINE,COVERAGE_GIVEN_TIME,GAUSSIAN_L1,False,rms_high,30.58783778262763,24,0.0024997500249975,0.0224977502249775
BASELINE_STAGE15_S0,BASELINE,COVERAGE_GIVEN_TIME,GAUSSIAN_L1,False,persistent_relation_rms,0.0875953587109492,7857,0.7857214278572143,1.0
BASELINE_STAGE15_S0,BASELINE,COVERAGE_GIVEN_TIME,DWB_L2,False,component_share_birth,0.0596534720549914,6220,0.6220377962203779,1.0
BASELINE_STAGE15_S0,BASELINE,COVERAGE_GIVEN_TIME,DWB_L2,False,component_share_death,0.1140629183560903,6986,0.6986301369863014,1.0
BASELINE_STAGE15_S0,BASELINE,COVERAGE_GIVEN_TIME,DWB_L2,False,component_share_increase,1.870845545870793,2512,0.2512748725127487,1.0
BASELINE_STAGE15_S0,BASELINE,COVERAGE_GIVEN_TIME,DWB_L2,False,support_share_low,1.25717672133103,1623,0.1623837616238376,1.0
BASELINE_STAGE15_S0,BASELINE,COVERAGE_GIVEN_TIME,DWB_L2,False,support_share_medium,1.8352191999952487,946,0.0946905309469053,0.7575242475752425
BASELINE_STAGE15_S0,BASELINE,COVERAGE_GIVEN_TIME,DWB_L2,False,rms_low,0.9845979059926772,2086,0.2086791320867913,1.0
BASELINE_STAGE15_S0,BASELINE,COVERAGE_GIVEN_TIME,DWB_L2,False,rms_medium,0.1196017540831171,6857,0.6857314268573143,1.0
BASELINE_STAGE15_S0,BASELINE,COVERAGE_GIVEN_TIME,DWB_L2,False,rms_high,30.58783778262763,152,0.0152984701529847,0.1376862313768623
BASELINE_STAGE15_S0,BASELINE,COVERAGE_GIVEN_TIME,DWB_L2,False,persistent_relation_rms,0.0875953587109492,7609,0.7609239076092391,1.0
BASELINE_STAGE15_S0,BASELINE,COVERAGE_GIVEN_TIME,DWB_L3,True,component_share_birth,0.0596534720549914,5250,0.525047495250475,1.0
BASELINE_STAGE15_S0,BASELINE,COVERAGE_GIVEN_TIME,DWB_L3,True,component_share_death,0.1140629183560903,6845,0.6845315468453155,1.0
BASELINE_STAGE15_S0,BASELINE,COVERAGE_GIVEN_TIME,DWB_L3,True,component_share_increase,1.870845545870793,2307,0.2307769223077692,1.0
BASELINE_STAGE15_S0,BASELINE,COVERAGE_GIVEN_TIME,DWB_L3,True,support_share_low,1.25717672133103,1678,0.1678832116788321,1.0
BASELINE_STAGE15_S0,BASELINE,COVERAGE_GIVEN_TIME,DWB_L3,True,support_share_medium,1.8352191999952487,1053,0.1053894610538946,0.8431156884311569
BASELINE_STAGE15_S0,BASELINE,COVERAGE_GIVEN_TIME,DWB_L3,True,rms_low,0.9845979059926772,2079,0.207979202079792,1.0
BASELINE_STAGE15_S0,BASELINE,COVERAGE_GIVEN_TIME,DWB_L3,True,rms_medium,0.1196017540831171,6703,0.6703329667033296,1.0
BASELINE_STAGE15_S0,BASELINE,COVERAGE_GIVEN_TIME,DWB_L3,True,rms_high,30.58783778262763,390,0.0390960903909609,0.3518648135186481
BASELINE_STAGE15_S0,BASELINE,COVERAGE_GIVEN_TIME,DWB_L3,True,persistent_relation_rms,0.0875953587109492,7066,0.7066293370662934,1.0
BASELINE_STAGE15_S0,BASELINE,COVERAGE_GIVEN_TIME,DWB_L4,False,component_share_birth,0.0596534720549914,5461,0.5461453854614539,1.0
BASELINE_STAGE15_S0,BASELINE,COVERAGE_GIVEN_TIME,DWB_L4,False,component_share_death,0.1140629183560903,6668,0.6668333166683331,1.0
BASELINE_STAGE15_S0,BASELINE,COVERAGE_GIVEN_TIME,DWB_L4,False,component_share_increase,1.870845545870793,2047,0.2047795220477952,1.0
BASELINE_STAGE15_S0,BASELINE,COVERAGE_GIVEN_TIME,DWB_L4,False,support_share_low,1.25717672133103,1652,0.1652834716528347,1.0
BASELINE_STAGE15_S0,BASELINE,COVERAGE_GIVEN_TIME,DWB_L4,False,support_share_medium,1.8352191999952487,1088,0.1088891110888911,0.8711128887111289
BASELINE_STAGE15_S0,BASELINE,COVERAGE_GIVEN_TIME,DWB_L4,False,rms_low,0.9845979059926772,1970,0.1970802919708029,1.0
BASELINE_STAGE15_S0,BASELINE,COVERAGE_GIVEN_TIME,DWB_L4,False,rms_medium,0.1196017540831171,6621,0.6621337866213378,1.0
BASELINE_STAGE15_S0,BASELINE,COVERAGE_GIVEN_TIME,DWB_L4,False,rms_high,30.58783778262763,573,0.0573942605739426,0.5165483451654834
BASELINE_STAGE15_S0,BASELINE,COVERAGE_GIVEN_TIME,DWB_L4,False,persistent_relation_rms,0.0875953587109492,6901,0.6901309869013099,1.0
BASELINE_V06_S0_FULL,BASELINE,TIME_GIVEN_COVERAGE,LEGACY_RADEMACHER,False,component_share_birth,0.5406027743847233,2548,0.2548745125487451,1.0
BASELINE_V06_S0_FULL,BASELINE,TIME_GIVEN_COVERAGE,LEGACY_RADEMACHER,False,component_share_death,0.1628036697428143,8030,0.803019698030197,1.0
BASELINE_V06_S0_FULL,BASELINE,TIME_GIVEN_COVERAGE,LEGACY_RADEMACHER,False,component_share_increase,9.96752931483027,1094,0.1094890510948905,0.9854014598540146
BASELINE_V06_S0_FULL,BASELINE,TIME_GIVEN_COVERAGE,LEGACY_RADEMACHER,False,support_share_low,0.0161594230880988,9659,0.965903409659034,1.0
BASELINE_V06_S0_FULL,BASELINE,TIME_GIVEN_COVERAGE,LEGACY_RADEMACHER,False,support_share_medium,0.0579538861391686,9624,0.9624037596240376,1.0
BASELINE_V06_S0_FULL,BASELINE,TIME_GIVEN_COVERAGE,LEGACY_RADEMACHER,False,rms_low,0.8720494268581156,4101,0.4101589841015898,1.0
BASELINE_V06_S0_FULL,BASELINE,TIME_GIVEN_COVERAGE,LEGACY_RADEMACHER,False,rms_medium,0.0923646854382873,6765,0.6765323467653235,1.0
BASELINE_V06_S0_FULL,BASELINE,TIME_GIVEN_COVERAGE,LEGACY_RADEMACHER,False,rms_high,1.6154805821207605,3194,0.3194680531946805,1.0
BASELINE_V06_S0_FULL,BASELINE,TIME_GIVEN_COVERAGE,LEGACY_RADEMACHER,False,persistent_relation_rms,0.0016357530862745,9752,0.9752024797520248,1.0
BASELINE_V06_S0_FULL,BASELINE,TIME_GIVEN_COVERAGE,GAUSSIAN_L1,False,component_share_birth,0.5406027743847233,2444,0.2444755524447555,1.0
BASELINE_V06_S0_FULL,BASELINE,TIME_GIVEN_COVERAGE,GAUSSIAN_L1,False,component_share_death,0.1628036697428143,7946,0.7946205379462054,1.0
BASELINE_V06_S0_FULL,BASELINE,TIME_GIVEN_COVERAGE,GAUSSIAN_L1,False,component_share_increase,9.96752931483027,1807,0.1807819218078192,1.0
BASELINE_V06_S0_FULL,BASELINE,TIME_GIVEN_COVERAGE,GAUSSIAN_L1,False,support_share_low,0.0161594230880988,8683,0.8683131686831317,1.0
BASELINE_V06_S0_FULL,BASELINE,TIME_GIVEN_COVERAGE,GAUSSIAN_L1,False,support_share_medium,0.0579538861391686,8029,0.8029197080291971,1.0
BASELINE_V06_S0_FULL,BASELINE,TIME_GIVEN_COVERAGE,GAUSSIAN_L1,False,rms_low,0.8720494268581156,3880,0.3880611938806119,1.0
BASELINE_V06_S0_FULL,BASELINE,TIME_GIVEN_COVERAGE,GAUSSIAN_L1,False,rms_medium,0.0923646854382873,6686,0.6686331366863314,1.0
BASELINE_V06_S0_FULL,BASELINE,TIME_GIVEN_COVERAGE,GAUSSIAN_L1,False,rms_high,1.6154805821207605,2998,0.2998700129987001,1.0
BASELINE_V06_S0_FULL,BASELINE,TIME_GIVEN_COVERAGE,GAUSSIAN_L1,False,persistent_relation_rms,0.0016357530862745,9658,0.9658034196580342,1.0
BASELINE_V06_S0_FULL,BASELINE,TIME_GIVEN_COVERAGE,DWB_L2,False,component_share_birth,0.5406027743847233,1405,0.1405859414058594,1.0
BASELINE_V06_S0_FULL,BASELINE,TIME_GIVEN_COVERAGE,DWB_L2,False,component_share_death,0.1628036697428143,7664,0.7664233576642335,1.0
BASELINE_V06_S0_FULL,BASELINE,TIME_GIVEN_COVERAGE,DWB_L2,False,component_share_increase,9.96752931483027,1600,0.1600839916008399,1.0
BASELINE_V06_S0_FULL,BASELINE,TIME_GIVEN_COVERAGE,DWB_L2,False,support_share_low,0.0161594230880988,8645,0.8645135486451355,1.0
BASELINE_V06_S0_FULL,BASELINE,TIME_GIVEN_COVERAGE,DWB_L2,False,support_share_medium,0.0579538861391686,8045,0.8045195480451954,1.0
BASELINE_V06_S0_FULL,BASELINE,TIME_GIVEN_COVERAGE,DWB_L2,False,rms_low,0.8720494268581156,3646,0.3646635336466353,1.0
BASELINE_V06_S0_FULL,BASELINE,TIME_GIVEN_COVERAGE,DWB_L2,False,rms_medium,0.0923646854382873,7303,0.7303269673032696,1.0
BASELINE_V06_S0_FULL,BASELINE,TIME_GIVEN_COVERAGE,DWB_L2,False,rms_high,1.6154805821207605,3642,0.3642635736426357,1.0
BASELINE_V06_S0_FULL,BASELINE,TIME_GIVEN_COVERAGE,DWB_L2,False,persistent_relation_rms,0.0016357530862745,9700,0.97000299970003,1.0
BASELINE_V06_S0_FULL,BASELINE,TIME_GIVEN_COVERAGE,DWB_L3,True,component_share_birth,0.5406027743847233,1252,0.1252874712528747,1.0
BASELINE_V06_S0_FULL,BASELINE,TIME_GIVEN_COVERAGE,DWB_L3,True,component_share_death,0.1628036697428143,7198,0.7198280171982802,1.0
BASELINE_V06_S0_FULL,BASELINE,TIME_GIVEN_COVERAGE,DWB_L3,True,component_share_increase,9.96752931483027,1401,0.1401859814018598,1.0
BASELINE_V06_S0_FULL,BASELINE,TIME_GIVEN_COVERAGE,DWB_L3,True,support_share_low,0.0161594230880988,8697,0.8697130286971303,1.0
BASELINE_V06_S0_FULL,BASELINE,TIME_GIVEN_COVERAGE,DWB_L3,True,support_share_medium,0.0579538861391686,8090,0.809019098090191,1.0
BASELINE_V06_S0_FULL,BASELINE,TIME_GIVEN_COVERAGE,DWB_L3,True,rms_low,0.8720494268581156,3594,0.3594640535946405,1.0
BASELINE_V06_S0_FULL,BASELINE,TIME_GIVEN_COVERAGE,DWB_L3,True,rms_medium,0.0923646854382873,7521,0.7521247875212479,1.0
BASELINE_V06_S0_FULL,BASELINE,TIME_GIVEN_COVERAGE,DWB_L3,True,rms_high,1.6154805821207605,4220,0.4220577942205779,1.0
BASELINE_V06_S0_FULL,BASELINE,TIME_GIVEN_COVERAGE,DWB_L3,True,persistent_relation_rms,0.0016357530862745,9676,0.9676032396760323,1.0
BASELINE_V06_S0_FULL,BASELINE,TIME_GIVEN_COVERAGE,DWB_L4,False,component_share_birth,0.5406027743847233,1326,0.1326867313268673,1.0
BASELINE_V06_S0_FULL,BASELINE,TIME_GIVEN_COVERAGE,DWB_L4,False,component_share_death,0.1628036697428143,6858,0.6858314168583142,1.0
BASELINE_V06_S0_FULL,BASELINE,TIME_GIVEN_COVERAGE,DWB_L4,False,component_share_increase,9.96752931483027,1384,0.1384861513848615,1.0
BASELINE_V06_S0_FULL,BASELINE,TIME_GIVEN_COVERAGE,DWB_L4,False,support_share_low,0.0161594230880988,8621,0.8621137886211379,1.0
BASELINE_V06_S0_FULL,BASELINE,TIME_GIVEN_COVERAGE,DWB_L4,False,support_share_medium,0.0579538861391686,7976,0.7976202379762024,1.0
BASELINE_V06_S0_FULL,BASELINE,TIME_GIVEN_COVERAGE,DWB_L4,False,rms_low,0.8720494268581156,3368,0.3368663133686631,1.0
BASELINE_V06_S0_FULL,BASELINE,TIME_GIVEN_COVERAGE,DWB_L4,False,rms_medium,0.0923646854382873,7466,0.7466253374662534,1.0
BASELINE_V06_S0_FULL,BASELINE,TIME_GIVEN_COVERAGE,DWB_L4,False,rms_high,1.6154805821207605,4427,0.4427557244275572,1.0
BASELINE_V06_S0_FULL,BASELINE,TIME_GIVEN_COVERAGE,DWB_L4,False,persistent_relation_rms,0.0016357530862745,9683,0.9683031696830317,1.0
BASELINE_V06_S0_FULL,BASELINE,COVERAGE_GIVEN_TIME,LEGACY_RADEMACHER,False,component_share_birth,0.066591098608443,7055,0.7055294470552945,1.0
BASELINE_V06_S0_FULL,BASELINE,COVERAGE_GIVEN_TIME,LEGACY_RADEMACHER,False,component_share_death,0.0208679669681686,9314,0.9314068593140686,1.0
BASELINE_V06_S0_FULL,BASELINE,COVERAGE_GIVEN_TIME,LEGACY_RADEMACHER,False,component_share_increase,1.10054021489551,5932,0.5932406759324068,1.0
BASELINE_V06_S0_FULL,BASELINE,COVERAGE_GIVEN_TIME,LEGACY_RADEMACHER,False,support_share_low,2.303058699036626,44,0.0044995500449955,0.0314968503149685
BASELINE_V06_S0_FULL,BASELINE,COVERAGE_GIVEN_TIME,LEGACY_RADEMACHER,False,support_share_medium,5.203151505121848,8,0.0008999100089991,0.0071992800719928
BASELINE_V06_S0_FULL,BASELINE,COVERAGE_GIVEN_TIME,LEGACY_RADEMACHER,False,rms_low,0.1318294657501333,7383,0.7383261673832616,1.0
BASELINE_V06_S0_FULL,BASELINE,COVERAGE_GIVEN_TIME,LEGACY_RADEMACHER,False,rms_medium,2.6858150164343897e-05,9966,0.9966003399660034,1.0
BASELINE_V06_S0_FULL,BASELINE,COVERAGE_GIVEN_TIME,LEGACY_RADEMACHER,False,rms_high,46.13635033399815,0,9.999000099990002e-05,0.0008999100089991
BASELINE_V06_S0_FULL,BASELINE,COVERAGE_GIVEN_TIME,LEGACY_RADEMACHER,False,persistent_relation_rms,0.2853183270599384,6344,0.6344365563443656,1.0
BASELINE_V06_S0_FULL,BASELINE,COVERAGE_GIVEN_TIME,GAUSSIAN_L1,False,component_share_birth,0.066591098608443,6893,0.6893310668933107,1.0
BASELINE_V06_S0_FULL,BASELINE,COVERAGE_GIVEN_TIME,GAUSSIAN_L1,False,component_share_death,0.0208679669681686,9252,0.9252074792520748,1.0
BASELINE_V06_S0_FULL,BASELINE,COVERAGE_GIVEN_TIME,GAUSSIAN_L1,False,component_share_increase,1.10054021489551,4537,0.4537546245375462,1.0
BASELINE_V06_S0_FULL,BASELINE,COVERAGE_GIVEN_TIME,GAUSSIAN_L1,False,support_share_low,2.303058699036626,513,0.0513948605139486,0.3597640235976402
BASELINE_V06_S0_FULL,BASELINE,COVERAGE_GIVEN_TIME,GAUSSIAN_L1,False,support_share_medium,5.203151505121848,247,0.0247975202479752,0.1983801619838016
BASELINE_V06_S0_FULL,BASELINE,COVERAGE_GIVEN_TIME,GAUSSIAN_L1,False,rms_low,0.1318294657501333,7290,0.7290270972902709,1.0
BASELINE_V06_S0_FULL,BASELINE,COVERAGE_GIVEN_TIME,GAUSSIAN_L1,False,rms_medium,2.6858150164343897e-05,9969,0.9969003099690033,1.0
BASELINE_V06_S0_FULL,BASELINE,COVERAGE_GIVEN_TIME,GAUSSIAN_L1,False,rms_high,46.13635033399815,14,0.0014998500149985,0.0134986501349865
BASELINE_V06_S0_FULL,BASELINE,COVERAGE_GIVEN_TIME,GAUSSIAN_L1,False,persistent_relation_rms,0.2853183270599384,6024,0.6024397560243976,1.0
BASELINE_V06_S0_FULL,BASELINE,COVERAGE_GIVEN_TIME,DWB_L2,False,component_share_birth,0.066591098608443,5171,0.5171482851714828,1.0
BASELINE_V06_S0_FULL,BASELINE,COVERAGE_GIVEN_TIME,DWB_L2,False,component_share_death,0.0208679669681686,9074,0.9074092590740926,1.0
BASELINE_V06_S0_FULL,BASELINE,COVERAGE_GIVEN_TIME,DWB_L2,False,component_share_increase,1.10054021489551,3874,0.3874612538746125,1.0
BASELINE_V06_S0_FULL,BASELINE,COVERAGE_GIVEN_TIME,DWB_L2,False,support_share_low,2.303058699036626,755,0.0755924407559244,0.5291470852914708
BASELINE_V06_S0_FULL,BASELINE,COVERAGE_GIVEN_TIME,DWB_L2,False,support_share_medium,5.203151505121848,432,0.0432956704329567,0.3463653634636536
BASELINE_V06_S0_FULL,BASELINE,COVERAGE_GIVEN_TIME,DWB_L2,False,rms_low,0.1318294657501333,7215,0.7215278472152785,1.0
BASELINE_V06_S0_FULL,BASELINE,COVERAGE_GIVEN_TIME,DWB_L2,False,rms_medium,2.6858150164343897e-05,9962,0.9962003799620038,1.0
BASELINE_V06_S0_FULL,BASELINE,COVERAGE_GIVEN_TIME,DWB_L2,False,rms_high,46.13635033399815,139,0.013998600139986,0.125987401259874
BASELINE_V06_S0_FULL,BASELINE,COVERAGE_GIVEN_TIME,DWB_L2,False,persistent_relation_rms,0.2853183270599384,5988,0.5988401159884011,1.0
BASELINE_V06_S0_FULL,BASELINE,COVERAGE_GIVEN_TIME,DWB_L3,True,component_share_birth,0.066591098608443,4561,0.4561543845615438,1.0
BASELINE_V06_S0_FULL,BASELINE,COVERAGE_GIVEN_TIME,DWB_L3,True,component_share_death,0.0208679669681686,8968,0.8968103189681031,1.0
BASELINE_V06_S0_FULL,BASELINE,COVERAGE_GIVEN_TIME,DWB_L3,True,component_share_increase,1.10054021489551,3220,0.3220677932206779,1.0
BASELINE_V06_S0_FULL,BASELINE,COVERAGE_GIVEN_TIME,DWB_L3,True,support_share_low,2.303058699036626,825,0.0825917408259174,0.578142185781422
BASELINE_V06_S0_FULL,BASELINE,COVERAGE_GIVEN_TIME,DWB_L3,True,support_share_medium,5.203151505121848,564,0.0564943505649435,0.451954804519548
BASELINE_V06_S0_FULL,BASELINE,COVERAGE_GIVEN_TIME,DWB_L3,True,rms_low,0.1318294657501333,6963,0.6963303669633036,1.0
BASELINE_V06_S0_FULL,BASELINE,COVERAGE_GIVEN_TIME,DWB_L3,True,rms_medium,2.6858150164343897e-05,9966,0.9966003399660034,1.0
BASELINE_V06_S0_FULL,BASELINE,COVERAGE_GIVEN_TIME,DWB_L3,True,rms_high,46.13635033399815,378,0.0378962103789621,0.3410658934106589
BASELINE_V06_S0_FULL,BASELINE,COVERAGE_GIVEN_TIME,DWB_L3,True,persistent_relation_rms,0.2853183270599384,5530,0.553044695530447,1.0
BASELINE_V06_S0_FULL,BASELINE,COVERAGE_GIVEN_TIME,DWB_L4,False,component_share_birth,0.066591098608443,4574,0.4574542545745425,1.0
BASELINE_V06_S0_FULL,BASELINE,COVERAGE_GIVEN_TIME,DWB_L4,False,component_share_death,0.0208679669681686,8938,0.8938106189381062,1.0
BASELINE_V06_S0_FULL,BASELINE,COVERAGE_GIVEN_TIME,DWB_L4,False,component_share_increase,1.10054021489551,2853,0.2853714628537146,1.0
BASELINE_V06_S0_FULL,BASELINE,COVERAGE_GIVEN_TIME,DWB_L4,False,support_share_low,2.303058699036626,911,0.0911908809119088,0.6383361663833617
BASELINE_V06_S0_FULL,BASELINE,COVERAGE_GIVEN_TIME,DWB_L4,False,support_share_medium,5.203151505121848,628,0.0628937106289371,0.5255474452554745
BASELINE_V06_S0_FULL,BASELINE,COVERAGE_GIVEN_TIME,DWB_L4,False,rms_low,0.1318294657501333,6963,0.6963303669633036,1.0
BASELINE_V06_S0_FULL,BASELINE,COVERAGE_GIVEN_TIME,DWB_L4,False,rms_medium,2.6858150164343897e-05,9973,0.9973002699730028,1.0
BASELINE_V06_S0_FULL,BASELINE,COVERAGE_GIVEN_TIME,DWB_L4,False,rms_high,46.13635033399815,583,0.0583941605839416,0.5255474452554745
BASELINE_V06_S0_FULL,BASELINE,COVERAGE_GIVEN_TIME,DWB_L4,False,persistent_relation_rms,0.2853183270599384,5373,0.5373462653734626,1.0
BASELINE_V06_S1_DROP_TOP1,BASELINE,TIME_GIVEN_COVERAGE,LEGACY_RADEMACHER,False,component_share_birth,4.187716359928935,1426,0.1426857314268573,0.8561143885611439
BASELINE_V06_S1_DROP_TOP1,BASELINE,TIME_GIVEN_COVERAGE,LEGACY_RADEMACHER,False,component_share_death,0.4597499890961671,4203,0.4203579642035796,1.0
BASELINE_V06_S1_DROP_TOP1,BASELINE,TIME_GIVEN_COVERAGE,LEGACY_RADEMACHER,False,component_share_increase,9.67106189043179,553,0.0553944605539446,0.4015598440155984
BASELINE_V06_S1_DROP_TOP1,BASELINE,TIME_GIVEN_COVERAGE,LEGACY_RADEMACHER,False,support_share_low,12.060101451698706,501,0.0501949805019498,0.4015598440155984
BASELINE_V06_S1_DROP_TOP1,BASELINE,TIME_GIVEN_COVERAGE,LEGACY_RADEMACHER,False,support_share_medium,12.818080907189811,383,0.0383961603839616,0.3455654434556544
BASELINE_V06_S1_DROP_TOP1,BASELINE,TIME_GIVEN_COVERAGE,LEGACY_RADEMACHER,False,rms_low,0.0190336830498942,9061,0.9061093890610938,1.0
BASELINE_V06_S1_DROP_TOP1,BASELINE,TIME_GIVEN_COVERAGE,LEGACY_RADEMACHER,False,rms_medium,0.3518432374969436,5334,0.5334466553344666,1.0
BASELINE_V06_S1_DROP_TOP1,BASELINE,TIME_GIVEN_COVERAGE,LEGACY_RADEMACHER,False,rms_high,2.2605557040541484,1980,0.1980801919808019,0.9904009599040096
BASELINE_V06_S1_DROP_TOP1,BASELINE,TIME_GIVEN_COVERAGE,LEGACY_RADEMACHER,False,persistent_relation_rms,0.4611483736132804,9027,0.9027097290270972,1.0
BASELINE_V06_S1_DROP_TOP1,BASELINE,TIME_GIVEN_COVERAGE,GAUSSIAN_L1,False,component_share_birth,4.187716359928935,1319,0.131986801319868,0.791920807919208
BASELINE_V06_S1_DROP_TOP1,BASELINE,TIME_GIVEN_COVERAGE,GAUSSIAN_L1,False,component_share_death,0.4597499890961671,3902,0.3902609739026097,1.0
BASELINE_V06_S1_DROP_TOP1,BASELINE,TIME_GIVEN_COVERAGE,GAUSSIAN_L1,False,component_share_increase,9.67106189043179,583,0.0583941605839416,0.4095590440955904
BASELINE_V06_S1_DROP_TOP1,BASELINE,TIME_GIVEN_COVERAGE,GAUSSIAN_L1,False,support_share_low,12.060101451698706,511,0.0511948805119488,0.4095590440955904
BASELINE_V06_S1_DROP_TOP1,BASELINE,TIME_GIVEN_COVERAGE,GAUSSIAN_L1,False,support_share_medium,12.818080907189811,406,0.0406959304069593,0.3662633736626337
BASELINE_V06_S1_DROP_TOP1,BASELINE,TIME_GIVEN_COVERAGE,GAUSSIAN_L1,False,rms_low,0.0190336830498942,8971,0.8971102889711029,1.0
BASELINE_V06_S1_DROP_TOP1,BASELINE,TIME_GIVEN_COVERAGE,GAUSSIAN_L1,False,rms_medium,0.3518432374969436,5006,0.5006499350064993,1.0
BASELINE_V06_S1_DROP_TOP1,BASELINE,TIME_GIVEN_COVERAGE,GAUSSIAN_L1,False,rms_high,2.2605557040541484,1790,0.1790820917908209,0.8954104589541045
BASELINE_V06_S1_DROP_TOP1,BASELINE,TIME_GIVEN_COVERAGE,GAUSSIAN_L1,False,persistent_relation_rms,0.4611483736132804,6788,0.6788321167883211,1.0
BASELINE_V06_S1_DROP_TOP1,BASELINE,TIME_GIVEN_COVERAGE,DWB_L2,False,component_share_birth,4.187716359928935,1541,0.1541845815418458,0.9251074892510748
BASELINE_V06_S1_DROP_TOP1,BASELINE,TIME_GIVEN_COVERAGE,DWB_L2,False,component_share_death,0.4597499890961671,4412,0.4412558744125587,1.0
BASELINE_V06_S1_DROP_TOP1,BASELINE,TIME_GIVEN_COVERAGE,DWB_L2,False,component_share_increase,9.67106189043179,845,0.0845915408459154,0.6785321467853215
BASELINE_V06_S1_DROP_TOP1,BASELINE,TIME_GIVEN_COVERAGE,DWB_L2,False,support_share_low,12.060101451698706,880,0.0880911908809119,0.6785321467853215
BASELINE_V06_S1_DROP_TOP1,BASELINE,TIME_GIVEN_COVERAGE,DWB_L2,False,support_share_medium,12.818080907189811,753,0.0753924607539246,0.6785321467853215
BASELINE_V06_S1_DROP_TOP1,BASELINE,TIME_GIVEN_COVERAGE,DWB_L2,False,rms_low,0.0190336830498942,8920,0.892010798920108,1.0
BASELINE_V06_S1_DROP_TOP1,BASELINE,TIME_GIVEN_COVERAGE,DWB_L2,False,rms_medium,0.3518432374969436,5351,0.5351464853514648,1.0
BASELINE_V06_S1_DROP_TOP1,BASELINE,TIME_GIVEN_COVERAGE,DWB_L2,False,rms_high,2.2605557040541484,2026,0.2026797320267973,1.0
BASELINE_V06_S1_DROP_TOP1,BASELINE,TIME_GIVEN_COVERAGE,DWB_L2,False,persistent_relation_rms,0.4611483736132804,6618,0.6618338166183382,1.0
BASELINE_V06_S1_DROP_TOP1,BASELINE,TIME_GIVEN_COVERAGE,DWB_L3,True,component_share_birth,4.187716359928935,1592,0.1592840715928407,0.9557044295570444
BASELINE_V06_S1_DROP_TOP1,BASELINE,TIME_GIVEN_COVERAGE,DWB_L3,True,component_share_death,0.4597499890961671,4389,0.438956104389561,1.0
BASELINE_V06_S1_DROP_TOP1,BASELINE,TIME_GIVEN_COVERAGE,DWB_L3,True,component_share_increase,9.67106189043179,1005,0.1005899410058994,0.8702129787021298
BASELINE_V06_S1_DROP_TOP1,BASELINE,TIME_GIVEN_COVERAGE,DWB_L3,True,support_share_low,12.060101451698706,1097,0.1097890210978902,0.8702129787021298
BASELINE_V06_S1_DROP_TOP1,BASELINE,TIME_GIVEN_COVERAGE,DWB_L3,True,support_share_medium,12.818080907189811,966,0.0966903309669033,0.8702129787021298
BASELINE_V06_S1_DROP_TOP1,BASELINE,TIME_GIVEN_COVERAGE,DWB_L3,True,rms_low,0.0190336830498942,8826,0.8826117388261174,1.0
BASELINE_V06_S1_DROP_TOP1,BASELINE,TIME_GIVEN_COVERAGE,DWB_L3,True,rms_medium,0.3518432374969436,5321,0.5321467853214679,1.0
BASELINE_V06_S1_DROP_TOP1,BASELINE,TIME_GIVEN_COVERAGE,DWB_L3,True,rms_high,2.2605557040541484,2040,0.2040795920407959,1.0
BASELINE_V06_S1_DROP_TOP1,BASELINE,TIME_GIVEN_COVERAGE,DWB_L3,True,persistent_relation_rms,0.4611483736132804,6513,0.6513348665133487,1.0
BASELINE_V06_S1_DROP_TOP1,BASELINE,TIME_GIVEN_COVERAGE,DWB_L4,False,component_share_birth,4.187716359928935,1631,0.1631836816318368,0.979102089791021
BASELINE_V06_S1_DROP_TOP1,BASELINE,TIME_GIVEN_COVERAGE,DWB_L4,False,component_share_death,0.4597499890961671,4279,0.427957204279572,1.0
BASELINE_V06_S1_DROP_TOP1,BASELINE,TIME_GIVEN_COVERAGE,DWB_L4,False,component_share_increase,9.67106189043179,1126,0.1126887311268873,0.9413058694130588
BASELINE_V06_S1_DROP_TOP1,BASELINE,TIME_GIVEN_COVERAGE,DWB_L4,False,support_share_low,12.060101451698706,1162,0.1162883711628837,0.9413058694130588
BASELINE_V06_S1_DROP_TOP1,BASELINE,TIME_GIVEN_COVERAGE,DWB_L4,False,support_share_medium,12.818080907189811,1045,0.1045895410458954,0.9413058694130588
BASELINE_V06_S1_DROP_TOP1,BASELINE,TIME_GIVEN_COVERAGE,DWB_L4,False,rms_low,0.0190336830498942,8747,0.8747125287471252,1.0
BASELINE_V06_S1_DROP_TOP1,BASELINE,TIME_GIVEN_COVERAGE,DWB_L4,False,rms_medium,0.3518432374969436,5285,0.5285471452854714,1.0
BASELINE_V06_S1_DROP_TOP1,BASELINE,TIME_GIVEN_COVERAGE,DWB_L4,False,rms_high,2.2605557040541484,2208,0.2208779122087791,1.0
BASELINE_V06_S1_DROP_TOP1,BASELINE,TIME_GIVEN_COVERAGE,DWB_L4,False,persistent_relation_rms,0.4611483736132804,6251,0.6251374862513749,1.0
BASELINE_V06_S1_DROP_TOP1,BASELINE,COVERAGE_GIVEN_TIME,LEGACY_RADEMACHER,False,component_share_birth,0.2734502017863462,7154,0.7154284571542846,1.0
BASELINE_V06_S1_DROP_TOP1,BASELINE,COVERAGE_GIVEN_TIME,LEGACY_RADEMACHER,False,component_share_death,0.5925058385089983,3146,0.3146685331466853,1.0
BASELINE_V06_S1_DROP_TOP1,BASELINE,COVERAGE_GIVEN_TIME,LEGACY_RADEMACHER,False,component_share_increase,0.1996947095122188,9259,0.925907409259074,1.0
BASELINE_V06_S1_DROP_TOP1,BASELINE,COVERAGE_GIVEN_TIME,LEGACY_RADEMACHER,False,support_share_low,0.8686713133076758,7452,0.7452254774522548,1.0
BASELINE_V06_S1_DROP_TOP1,BASELINE,COVERAGE_GIVEN_TIME,LEGACY_RADEMACHER,False,support_share_medium,1.5542787948321006,5291,0.5291470852914708,1.0
BASELINE_V06_S1_DROP_TOP1,BASELINE,COVERAGE_GIVEN_TIME,LEGACY_RADEMACHER,False,rms_low,4.571488075209423,684,0.0684931506849315,0.547945205479452
BASELINE_V06_S1_DROP_TOP1,BASELINE,COVERAGE_GIVEN_TIME,LEGACY_RADEMACHER,False,rms_medium,0.1435300461672426,8086,0.8086191380861913,1.0
BASELINE_V06_S1_DROP_TOP1,BASELINE,COVERAGE_GIVEN_TIME,LEGACY_RADEMACHER,False,rms_high,34.07196260136433,0,9.999000099990002e-05,0.0008999100089991
BASELINE_V06_S1_DROP_TOP1,BASELINE,COVERAGE_GIVEN_TIME,LEGACY_RADEMACHER,False,persistent_relation_rms,4.95949011592927,2946,0.2946705329467053,1.0
BASELINE_V06_S1_DROP_TOP1,BASELINE,COVERAGE_GIVEN_TIME,GAUSSIAN_L1,False,component_share_birth,0.2734502017863462,6969,0.696930306969303,1.0
BASELINE_V06_S1_DROP_TOP1,BASELINE,COVERAGE_GIVEN_TIME,GAUSSIAN_L1,False,component_share_death,0.5925058385089983,2963,0.2963703629637036,1.0
BASELINE_V06_S1_DROP_TOP1,BASELINE,COVERAGE_GIVEN_TIME,GAUSSIAN_L1,False,component_share_increase,0.1996947095122188,7741,0.7741225877412259,1.0
BASELINE_V06_S1_DROP_TOP1,BASELINE,COVERAGE_GIVEN_TIME,GAUSSIAN_L1,False,support_share_low,0.8686713133076758,5459,0.545945405459454,1.0
BASELINE_V06_S1_DROP_TOP1,BASELINE,COVERAGE_GIVEN_TIME,GAUSSIAN_L1,False,support_share_medium,1.5542787948321006,4065,0.4065593440655934,1.0
BASELINE_V06_S1_DROP_TOP1,BASELINE,COVERAGE_GIVEN_TIME,GAUSSIAN_L1,False,rms_low,4.571488075209423,718,0.0718928107189281,0.5751424857514249
BASELINE_V06_S1_DROP_TOP1,BASELINE,COVERAGE_GIVEN_TIME,GAUSSIAN_L1,False,rms_medium,0.1435300461672426,7841,0.7841215878412159,1.0
BASELINE_V06_S1_DROP_TOP1,BASELINE,COVERAGE_GIVEN_TIME,GAUSSIAN_L1,False,rms_high,34.07196260136433,7,0.0007999200079992,0.0071992800719928
BASELINE_V06_S1_DROP_TOP1,BASELINE,COVERAGE_GIVEN_TIME,GAUSSIAN_L1,False,persistent_relation_rms,4.95949011592927,2429,0.242975702429757,1.0
BASELINE_V06_S1_DROP_TOP1,BASELINE,COVERAGE_GIVEN_TIME,DWB_L2,False,component_share_birth,0.2734502017863462,6519,0.6519348065193481,1.0
BASELINE_V06_S1_DROP_TOP1,BASELINE,COVERAGE_GIVEN_TIME,DWB_L2,False,component_share_death,0.5925058385089983,2716,0.2716728327167283,1.0
BASELINE_V06_S1_DROP_TOP1,BASELINE,COVERAGE_GIVEN_TIME,DWB_L2,False,component_share_increase,0.1996947095122188,7710,0.771022897710229,1.0
BASELINE_V06_S1_DROP_TOP1,BASELINE,COVERAGE_GIVEN_TIME,DWB_L2,False,support_share_low,0.8686713133076758,5610,0.561043895610439,1.0
BASELINE_V06_S1_DROP_TOP1,BASELINE,COVERAGE_GIVEN_TIME,DWB_L2,False,support_share_medium,1.5542787948321006,4161,0.4161583841615838,1.0
BASELINE_V06_S1_DROP_TOP1,BASELINE,COVERAGE_GIVEN_TIME,DWB_L2,False,rms_low,4.571488075209423,1074,0.1074892510748925,0.8599140085991401
BASELINE_V06_S1_DROP_TOP1,BASELINE,COVERAGE_GIVEN_TIME,DWB_L2,False,rms_medium,0.1435300461672426,7880,0.788021197880212,1.0
BASELINE_V06_S1_DROP_TOP1,BASELINE,COVERAGE_GIVEN_TIME,DWB_L2,False,rms_high,34.07196260136433,75,0.0075992400759924,0.0683931606839316
BASELINE_V06_S1_DROP_TOP1,BASELINE,COVERAGE_GIVEN_TIME,DWB_L2,False,persistent_relation_rms,4.95949011592927,2550,0.2550744925507449,1.0
BASELINE_V06_S1_DROP_TOP1,BASELINE,COVERAGE_GIVEN_TIME,DWB_L3,True,component_share_birth,0.2734502017863462,6404,0.6404359564043596,1.0
BASELINE_V06_S1_DROP_TOP1,BASELINE,COVERAGE_GIVEN_TIME,DWB_L3,True,component_share_death,0.5925058385089983,2966,0.2966703329667033,1.0
BASELINE_V06_S1_DROP_TOP1,BASELINE,COVERAGE_GIVEN_TIME,DWB_L3,True,component_share_increase,0.1996947095122188,7664,0.7664233576642335,1.0
BASELINE_V06_S1_DROP_TOP1,BASELINE,COVERAGE_GIVEN_TIME,DWB_L3,True,support_share_low,0.8686713133076758,5420,0.5420457954204579,1.0
BASELINE_V06_S1_DROP_TOP1,BASELINE,COVERAGE_GIVEN_TIME,DWB_L3,True,support_share_medium,1.5542787948321006,4093,0.4093590640935906,1.0
BASELINE_V06_S1_DROP_TOP1,BASELINE,COVERAGE_GIVEN_TIME,DWB_L3,True,rms_low,4.571488075209423,1184,0.1184881511848815,0.947905209479052
BASELINE_V06_S1_DROP_TOP1,BASELINE,COVERAGE_GIVEN_TIME,DWB_L3,True,rms_medium,0.1435300461672426,7650,0.765023497650235,1.0
BASELINE_V06_S1_DROP_TOP1,BASELINE,COVERAGE_GIVEN_TIME,DWB_L3,True,rms_high,34.07196260136433,231,0.0231976802319768,0.2087791220877912
BASELINE_V06_S1_DROP_TOP1,BASELINE,COVERAGE_GIVEN_TIME,DWB_L3,True,persistent_relation_rms,4.95949011592927,2138,0.2138786121387861,1.0
BASELINE_V06_S1_DROP_TOP1,BASELINE,COVERAGE_GIVEN_TIME,DWB_L4,False,component_share_birth,0.2734502017863462,5913,0.5913408659134086,1.0
BASELINE_V06_S1_DROP_TOP1,BASELINE,COVERAGE_GIVEN_TIME,DWB_L4,False,component_share_death,0.5925058385089983,2603,0.2603739626037396,1.0
BASELINE_V06_S1_DROP_TOP1,BASELINE,COVERAGE_GIVEN_TIME,DWB_L4,False,component_share_increase,0.1996947095122188,7520,0.752024797520248,1.0
BASELINE_V06_S1_DROP_TOP1,BASELINE,COVERAGE_GIVEN_TIME,DWB_L4,False,support_share_low,0.8686713133076758,5256,0.5256474352564744,1.0
BASELINE_V06_S1_DROP_TOP1,BASELINE,COVERAGE_GIVEN_TIME,DWB_L4,False,support_share_medium,1.5542787948321006,4013,0.4013598640135986,1.0
BASELINE_V06_S1_DROP_TOP1,BASELINE,COVERAGE_GIVEN_TIME,DWB_L4,False,rms_low,4.571488075209423,1316,0.1316868313168683,1.0
BASELINE_V06_S1_DROP_TOP1,BASELINE,COVERAGE_GIVEN_TIME,DWB_L4,False,rms_medium,0.1435300461672426,7446,0.7446255374462554,1.0
BASELINE_V06_S1_DROP_TOP1,BASELINE,COVERAGE_GIVEN_TIME,DWB_L4,False,rms_high,34.07196260136433,386,0.0386961303869613,0.3482651734826517
BASELINE_V06_S1_DROP_TOP1,BASELINE,COVERAGE_GIVEN_TIME,DWB_L4,False,persistent_relation_rms,4.95949011592927,1819,0.181981801819818,1.0
BASELINE_V06_S2_DROP_TOP5,BASELINE,TIME_GIVEN_COVERAGE,LEGACY_RADEMACHER,False,component_share_birth,16.22395681360514,839,0.083991600839916,0.503949605039496
BASELINE_V06_S2_DROP_TOP5,BASELINE,TIME_GIVEN_COVERAGE,LEGACY_RADEMACHER,False,component_share_death,3.801440931973296,2969,0.296970302969703,1.0
BASELINE_V06_S2_DROP_TOP5,BASELINE,TIME_GIVEN_COVERAGE,LEGACY_RADEMACHER,False,component_share_increase,0.2368424804730811,6487,0.6487351264873512,1.0
BASELINE_V06_S2_DROP_TOP5,BASELINE,TIME_GIVEN_COVERAGE,LEGACY_RADEMACHER,False,support_share_low,6.772484918452694,4,0.0004999500049995,0.0044995500449955
BASELINE_V06_S2_DROP_TOP5,BASELINE,TIME_GIVEN_COVERAGE,LEGACY_RADEMACHER,False,support_share_medium,17.366124169208746,99,0.00999900009999,0.07999200079992
BASELINE_V06_S2_DROP_TOP5,BASELINE,TIME_GIVEN_COVERAGE,LEGACY_RADEMACHER,False,rms_low,1.8952582249124497,2679,0.267973202679732,1.0
BASELINE_V06_S2_DROP_TOP5,BASELINE,TIME_GIVEN_COVERAGE,LEGACY_RADEMACHER,False,rms_medium,4.137873859104062,1580,0.1580841915808419,0.7904209579042096
BASELINE_V06_S2_DROP_TOP5,BASELINE,TIME_GIVEN_COVERAGE,LEGACY_RADEMACHER,False,rms_high,10.15778265850961,469,0.046995300469953,0.328967103289671
BASELINE_V06_S2_DROP_TOP5,BASELINE,TIME_GIVEN_COVERAGE,LEGACY_RADEMACHER,False,persistent_relation_rms,0.354201885359501,7814,0.7814218578142186,1.0
BASELINE_V06_S2_DROP_TOP5,BASELINE,TIME_GIVEN_COVERAGE,GAUSSIAN_L1,False,component_share_birth,16.22395681360514,867,0.0867913208679132,0.6639336066393361
BASELINE_V06_S2_DROP_TOP5,BASELINE,TIME_GIVEN_COVERAGE,GAUSSIAN_L1,False,component_share_death,3.801440931973296,2568,0.2568743125687431,0.9871012898710128
BASELINE_V06_S2_DROP_TOP5,BASELINE,TIME_GIVEN_COVERAGE,GAUSSIAN_L1,False,component_share_increase,0.2368424804730811,5623,0.5623437656234377,1.0
BASELINE_V06_S2_DROP_TOP5,BASELINE,TIME_GIVEN_COVERAGE,GAUSSIAN_L1,False,support_share_low,6.772484918452694,294,0.0294970502949705,0.2654734526547345
BASELINE_V06_S2_DROP_TOP5,BASELINE,TIME_GIVEN_COVERAGE,GAUSSIAN_L1,False,support_share_medium,17.366124169208746,897,0.0897910208979102,0.6639336066393361
BASELINE_V06_S2_DROP_TOP5,BASELINE,TIME_GIVEN_COVERAGE,GAUSSIAN_L1,False,rms_low,1.8952582249124497,2467,0.2467753224677532,0.9871012898710128
BASELINE_V06_S2_DROP_TOP5,BASELINE,TIME_GIVEN_COVERAGE,GAUSSIAN_L1,False,rms_medium,4.137873859104062,1547,0.1547845215478452,0.773922607739226
BASELINE_V06_S2_DROP_TOP5,BASELINE,TIME_GIVEN_COVERAGE,GAUSSIAN_L1,False,rms_high,10.15778265850961,829,0.082991700829917,0.6639336066393361
BASELINE_V06_S2_DROP_TOP5,BASELINE,TIME_GIVEN_COVERAGE,GAUSSIAN_L1,False,persistent_relation_rms,0.354201885359501,6039,0.6039396060393961,1.0
BASELINE_V06_S2_DROP_TOP5,BASELINE,TIME_GIVEN_COVERAGE,DWB_L2,False,component_share_birth,16.22395681360514,1269,0.126987301269873,0.9335066493350664
BASELINE_V06_S2_DROP_TOP5,BASELINE,TIME_GIVEN_COVERAGE,DWB_L2,False,component_share_death,3.801440931973296,2957,0.2957704229577042,1.0
BASELINE_V06_S2_DROP_TOP5,BASELINE,TIME_GIVEN_COVERAGE,DWB_L2,False,component_share_increase,0.2368424804730811,5533,0.5533446655334466,1.0
BASELINE_V06_S2_DROP_TOP5,BASELINE,TIME_GIVEN_COVERAGE,DWB_L2,False,support_share_low,6.772484918452694,650,0.0650934906509349,0.5858414158584142
BASELINE_V06_S2_DROP_TOP5,BASELINE,TIME_GIVEN_COVERAGE,DWB_L2,False,support_share_medium,17.366124169208746,1166,0.1166883311668833,0.9335066493350664
BASELINE_V06_S2_DROP_TOP5,BASELINE,TIME_GIVEN_COVERAGE,DWB_L2,False,rms_low,1.8952582249124497,2707,0.2707729227077292,1.0
BASELINE_V06_S2_DROP_TOP5,BASELINE,TIME_GIVEN_COVERAGE,DWB_L2,False,rms_medium,4.137873859104062,1522,0.1522847715228477,0.9335066493350664
BASELINE_V06_S2_DROP_TOP5,BASELINE,TIME_GIVEN_COVERAGE,DWB_L2,False,rms_high,10.15778265850961,1363,0.1363863613638636,0.9335066493350664
BASELINE_V06_S2_DROP_TOP5,BASELINE,TIME_GIVEN_COVERAGE,DWB_L2,False,persistent_relation_rms,0.354201885359501,6056,0.6056394360563944,1.0
BASELINE_V06_S2_DROP_TOP5,BASELINE,TIME_GIVEN_COVERAGE,DWB_L3,True,component_share_birth,16.22395681360514,1599,0.15998400159984,1.0
BASELINE_V06_S2_DROP_TOP5,BASELINE,TIME_GIVEN_COVERAGE,DWB_L3,True,component_share_death,3.801440931973296,3217,0.3217678232176782,1.0
BASELINE_V06_S2_DROP_TOP5,BASELINE,TIME_GIVEN_COVERAGE,DWB_L3,True,component_share_increase,0.2368424804730811,5478,0.5478452154784521,1.0
BASELINE_V06_S2_DROP_TOP5,BASELINE,TIME_GIVEN_COVERAGE,DWB_L3,True,support_share_low,6.772484918452694,964,0.0964903509649035,0.8684131586841316
BASELINE_V06_S2_DROP_TOP5,BASELINE,TIME_GIVEN_COVERAGE,DWB_L3,True,support_share_medium,17.366124169208746,1350,0.1350864913508649,1.0
BASELINE_V06_S2_DROP_TOP5,BASELINE,TIME_GIVEN_COVERAGE,DWB_L3,True,rms_low,1.8952582249124497,3048,0.3048695130486951,1.0
BASELINE_V06_S2_DROP_TOP5,BASELINE,TIME_GIVEN_COVERAGE,DWB_L3,True,rms_medium,4.137873859104062,1394,0.1394860513948605,1.0
BASELINE_V06_S2_DROP_TOP5,BASELINE,TIME_GIVEN_COVERAGE,DWB_L3,True,rms_high,10.15778265850961,1617,0.1617838216178382,1.0
BASELINE_V06_S2_DROP_TOP5,BASELINE,TIME_GIVEN_COVERAGE,DWB_L3,True,persistent_relation_rms,0.354201885359501,6125,0.6125387461253875,1.0
BASELINE_V06_S2_DROP_TOP5,BASELINE,TIME_GIVEN_COVERAGE,DWB_L4,False,component_share_birth,16.22395681360514,1591,0.1591840815918408,1.0
BASELINE_V06_S2_DROP_TOP5,BASELINE,TIME_GIVEN_COVERAGE,DWB_L4,False,component_share_death,3.801440931973296,3230,0.3230676932306769,1.0
BASELINE_V06_S2_DROP_TOP5,BASELINE,TIME_GIVEN_COVERAGE,DWB_L4,False,component_share_increase,0.2368424804730811,5231,0.5231476852314768,1.0
BASELINE_V06_S2_DROP_TOP5,BASELINE,TIME_GIVEN_COVERAGE,DWB_L4,False,support_share_low,6.772484918452694,1131,0.1131886811318868,1.0
BASELINE_V06_S2_DROP_TOP5,BASELINE,TIME_GIVEN_COVERAGE,DWB_L4,False,support_share_medium,17.366124169208746,1515,0.1515848415158484,1.0
BASELINE_V06_S2_DROP_TOP5,BASELINE,TIME_GIVEN_COVERAGE,DWB_L4,False,rms_low,1.8952582249124497,3293,0.3293670632936706,1.0
BASELINE_V06_S2_DROP_TOP5,BASELINE,TIME_GIVEN_COVERAGE,DWB_L4,False,rms_medium,4.137873859104062,1422,0.1422857714228577,1.0
BASELINE_V06_S2_DROP_TOP5,BASELINE,TIME_GIVEN_COVERAGE,DWB_L4,False,rms_high,10.15778265850961,1635,0.1635836416358364,1.0
BASELINE_V06_S2_DROP_TOP5,BASELINE,TIME_GIVEN_COVERAGE,DWB_L4,False,persistent_relation_rms,0.354201885359501,6211,0.6211378862113789,1.0
BASELINE_V06_S2_DROP_TOP5,BASELINE,COVERAGE_GIVEN_TIME,LEGACY_RADEMACHER,False,component_share_birth,3.96975171673283,4551,0.4551544845515448,1.0
BASELINE_V06_S2_DROP_TOP5,BASELINE,COVERAGE_GIVEN_TIME,LEGACY_RADEMACHER,False,component_share_death,3.770691435514877,2188,0.2188781121887811,1.0
BASELINE_V06_S2_DROP_TOP5,BASELINE,COVERAGE_GIVEN_TIME,LEGACY_RADEMACHER,False,component_share_increase,0.9001875795006331,3257,0.3257674232576742,1.0
BASELINE_V06_S2_DROP_TOP5,BASELINE,COVERAGE_GIVEN_TIME,LEGACY_RADEMACHER,False,support_share_low,9.487206949442506,148,0.0148985101489851,0.1191880811918808
BASELINE_V06_S2_DROP_TOP5,BASELINE,COVERAGE_GIVEN_TIME,LEGACY_RADEMACHER,False,support_share_medium,17.1503848519323,1947,0.1947805219478052,1.0
BASELINE_V06_S2_DROP_TOP5,BASELINE,COVERAGE_GIVEN_TIME,LEGACY_RADEMACHER,False,rms_low,0.2526211969431866,6185,0.6185381461853815,1.0
BASELINE_V06_S2_DROP_TOP5,BASELINE,COVERAGE_GIVEN_TIME,LEGACY_RADEMACHER,False,rms_medium,2.845887203126537,4478,0.4478552144785521,1.0
BASELINE_V06_S2_DROP_TOP5,BASELINE,COVERAGE_GIVEN_TIME,LEGACY_RADEMACHER,False,rms_high,27.046873091930635,1,0.0001999800019998,0.0017998200179982
BASELINE_V06_S2_DROP_TOP5,BASELINE,COVERAGE_GIVEN_TIME,LEGACY_RADEMACHER,False,persistent_relation_rms,3.020553930928316,2469,0.246975302469753,1.0
BASELINE_V06_S2_DROP_TOP5,BASELINE,COVERAGE_GIVEN_TIME,GAUSSIAN_L1,False,component_share_birth,3.96975171673283,4287,0.4287571242875712,1.0
BASELINE_V06_S2_DROP_TOP5,BASELINE,COVERAGE_GIVEN_TIME,GAUSSIAN_L1,False,component_share_death,3.770691435514877,2069,0.206979302069793,1.0
BASELINE_V06_S2_DROP_TOP5,BASELINE,COVERAGE_GIVEN_TIME,GAUSSIAN_L1,False,component_share_increase,0.9001875795006331,2664,0.2664733526647335,1.0
BASELINE_V06_S2_DROP_TOP5,BASELINE,COVERAGE_GIVEN_TIME,GAUSSIAN_L1,False,support_share_low,9.487206949442506,275,0.0275972402759724,0.2207779222077792
BASELINE_V06_S2_DROP_TOP5,BASELINE,COVERAGE_GIVEN_TIME,GAUSSIAN_L1,False,support_share_medium,17.1503848519323,1949,0.194980501949805,1.0
BASELINE_V06_S2_DROP_TOP5,BASELINE,COVERAGE_GIVEN_TIME,GAUSSIAN_L1,False,rms_low,0.2526211969431866,6011,0.6011398860113989,1.0
BASELINE_V06_S2_DROP_TOP5,BASELINE,COVERAGE_GIVEN_TIME,GAUSSIAN_L1,False,rms_medium,2.845887203126537,4260,0.4260573942605739,1.0
BASELINE_V06_S2_DROP_TOP5,BASELINE,COVERAGE_GIVEN_TIME,GAUSSIAN_L1,False,rms_high,27.046873091930635,48,0.0048995100489951,0.0440955904409559
BASELINE_V06_S2_DROP_TOP5,BASELINE,COVERAGE_GIVEN_TIME,GAUSSIAN_L1,False,persistent_relation_rms,3.020553930928316,2145,0.2145785421457854,1.0
BASELINE_V06_S2_DROP_TOP5,BASELINE,COVERAGE_GIVEN_TIME,DWB_L2,False,component_share_birth,3.96975171673283,4387,0.4387561243875612,1.0
BASELINE_V06_S2_DROP_TOP5,BASELINE,COVERAGE_GIVEN_TIME,DWB_L2,False,component_share_death,3.770691435514877,2244,0.2244775522447755,1.0
BASELINE_V06_S2_DROP_TOP5,BASELINE,COVERAGE_GIVEN_TIME,DWB_L2,False,component_share_increase,0.9001875795006331,2585,0.2585741425857414,1.0
BASELINE_V06_S2_DROP_TOP5,BASELINE,COVERAGE_GIVEN_TIME,DWB_L2,False,support_share_low,9.487206949442506,451,0.0451954804519548,0.3615638436156384
BASELINE_V06_S2_DROP_TOP5,BASELINE,COVERAGE_GIVEN_TIME,DWB_L2,False,support_share_medium,17.1503848519323,2193,0.2193780621937806,1.0
BASELINE_V06_S2_DROP_TOP5,BASELINE,COVERAGE_GIVEN_TIME,DWB_L2,False,rms_low,0.2526211969431866,6033,0.6033396660333966,1.0
BASELINE_V06_S2_DROP_TOP5,BASELINE,COVERAGE_GIVEN_TIME,DWB_L2,False,rms_medium,2.845887203126537,4492,0.4492550744925507,1.0
BASELINE_V06_S2_DROP_TOP5,BASELINE,COVERAGE_GIVEN_TIME,DWB_L2,False,rms_high,27.046873091930635,165,0.0165983401659834,0.1493850614938506
BASELINE_V06_S2_DROP_TOP5,BASELINE,COVERAGE_GIVEN_TIME,DWB_L2,False,persistent_relation_rms,3.020553930928316,2109,0.210978902109789,1.0
BASELINE_V06_S2_DROP_TOP5,BASELINE,COVERAGE_GIVEN_TIME,DWB_L3,True,component_share_birth,3.96975171673283,3982,0.3982601739826017,1.0
BASELINE_V06_S2_DROP_TOP5,BASELINE,COVERAGE_GIVEN_TIME,DWB_L3,True,component_share_death,3.770691435514877,2291,0.2291770822917708,1.0
BASELINE_V06_S2_DROP_TOP5,BASELINE,COVERAGE_GIVEN_TIME,DWB_L3,True,component_share_increase,0.9001875795006331,2425,0.2425757424257574,1.0
BASELINE_V06_S2_DROP_TOP5,BASELINE,COVERAGE_GIVEN_TIME,DWB_L3,True,support_share_low,9.487206949442506,661,0.0661933806619338,0.5295470452954705
BASELINE_V06_S2_DROP_TOP5,BASELINE,COVERAGE_GIVEN_TIME,DWB_L3,True,support_share_medium,17.1503848519323,2220,0.2220777922207779,1.0
BASELINE_V06_S2_DROP_TOP5,BASELINE,COVERAGE_GIVEN_TIME,DWB_L3,True,rms_low,0.2526211969431866,5932,0.5932406759324068,1.0
BASELINE_V06_S2_DROP_TOP5,BASELINE,COVERAGE_GIVEN_TIME,DWB_L3,True,rms_medium,2.845887203126537,3801,0.3801619838016198,1.0
BASELINE_V06_S2_DROP_TOP5,BASELINE,COVERAGE_GIVEN_TIME,DWB_L3,True,rms_high,27.046873091930635,276,0.0276972302769723,0.2492750724927507
BASELINE_V06_S2_DROP_TOP5,BASELINE,COVERAGE_GIVEN_TIME,DWB_L3,True,persistent_relation_rms,3.020553930928316,1877,0.1877812218778122,1.0
BASELINE_V06_S2_DROP_TOP5,BASELINE,COVERAGE_GIVEN_TIME,DWB_L4,False,component_share_birth,3.96975171673283,3588,0.3588641135886411,1.0
BASELINE_V06_S2_DROP_TOP5,BASELINE,COVERAGE_GIVEN_TIME,DWB_L4,False,component_share_death,3.770691435514877,2174,0.2174782521747825,1.0
BASELINE_V06_S2_DROP_TOP5,BASELINE,COVERAGE_GIVEN_TIME,DWB_L4,False,component_share_increase,0.9001875795006331,2245,0.2245775422457754,1.0
BASELINE_V06_S2_DROP_TOP5,BASELINE,COVERAGE_GIVEN_TIME,DWB_L4,False,support_share_low,9.487206949442506,726,0.0726927307269273,0.5815418458154185
BASELINE_V06_S2_DROP_TOP5,BASELINE,COVERAGE_GIVEN_TIME,DWB_L4,False,support_share_medium,17.1503848519323,1982,0.1982801719828017,1.0
BASELINE_V06_S2_DROP_TOP5,BASELINE,COVERAGE_GIVEN_TIME,DWB_L4,False,rms_low,0.2526211969431866,5994,0.5994400559944005,1.0
BASELINE_V06_S2_DROP_TOP5,BASELINE,COVERAGE_GIVEN_TIME,DWB_L4,False,rms_medium,2.845887203126537,3154,0.3154684531546845,1.0
BASELINE_V06_S2_DROP_TOP5,BASELINE,COVERAGE_GIVEN_TIME,DWB_L4,False,rms_high,27.046873091930635,393,0.0393960603939606,0.3545645435456454
BASELINE_V06_S2_DROP_TOP5,BASELINE,COVERAGE_GIVEN_TIME,DWB_L4,False,persistent_relation_rms,3.020553930928316,1678,0.1678832116788321,1.0
MC_S0_FULL_R0_L0_STAGE15_MATCHED,NEW_MC,TIME_GIVEN_COVERAGE,LEGACY_RADEMACHER,False,component_share_birth,1.1843393196679788,1511,0.1511848815118488,1.0
MC_S0_FULL_R0_L0_STAGE15_MATCHED,NEW_MC,TIME_GIVEN_COVERAGE,LEGACY_RADEMACHER,False,component_share_death,0.4588069846689642,5520,0.5520447955204479,1.0
MC_S0_FULL_R0_L0_STAGE15_MATCHED,NEW_MC,TIME_GIVEN_COVERAGE,LEGACY_RADEMACHER,False,component_share_increase,21.48997065673719,298,0.0298970102989701,0.2690730926907309
MC_S0_FULL_R0_L0_STAGE15_MATCHED,NEW_MC,TIME_GIVEN_COVERAGE,LEGACY_RADEMACHER,False,support_share_low,0.1875591745674327,6803,0.6803319668033196,1.0
MC_S0_FULL_R0_L0_STAGE15_MATCHED,NEW_MC,TIME_GIVEN_COVERAGE,LEGACY_RADEMACHER,False,support_share_medium,0.0309644975688687,8915,0.8915108489151085,1.0
MC_S0_FULL_R0_L0_STAGE15_MATCHED,NEW_MC,TIME_GIVEN_COVERAGE,LEGACY_RADEMACHER,False,rms_low,0.0660052858093003,8345,0.8345165483451655,1.0
MC_S0_FULL_R0_L0_STAGE15_MATCHED,NEW_MC,TIME_GIVEN_COVERAGE,LEGACY_RADEMACHER,False,rms_medium,0.1232953581419504,5467,0.5467453254674532,1.0
MC_S0_FULL_R0_L0_STAGE15_MATCHED,NEW_MC,TIME_GIVEN_COVERAGE,LEGACY_RADEMACHER,False,rms_high,2.410196490323784,2674,0.2674732526747325,1.0
MC_S0_FULL_R0_L0_STAGE15_MATCHED,NEW_MC,TIME_GIVEN_COVERAGE,LEGACY_RADEMACHER,False,persistent_relation_rms,0.1123827262632763,7452,0.7452254774522548,1.0
MC_S0_FULL_R0_L0_STAGE15_MATCHED,NEW_MC,TIME_GIVEN_COVERAGE,GAUSSIAN_L1,False,component_share_birth,1.1843393196679788,1483,0.1483851614838516,1.0
MC_S0_FULL_R0_L0_STAGE15_MATCHED,NEW_MC,TIME_GIVEN_COVERAGE,GAUSSIAN_L1,False,component_share_death,0.4588069846689642,5145,0.5145485451454854,1.0
MC_S0_FULL_R0_L0_STAGE15_MATCHED,NEW_MC,TIME_GIVEN_COVERAGE,GAUSSIAN_L1,False,component_share_increase,21.48997065673719,951,0.0951904809519048,0.8567143285671434
MC_S0_FULL_R0_L0_STAGE15_MATCHED,NEW_MC,TIME_GIVEN_COVERAGE,GAUSSIAN_L1,False,support_share_low,0.1875591745674327,5663,0.5663433656634337,1.0
MC_S0_FULL_R0_L0_STAGE15_MATCHED,NEW_MC,TIME_GIVEN_COVERAGE,GAUSSIAN_L1,False,support_share_medium,0.0309644975688687,8021,0.8021197880211979,1.0
MC_S0_FULL_R0_L0_STAGE15_MATCHED,NEW_MC,TIME_GIVEN_COVERAGE,GAUSSIAN_L1,False,rms_low,0.0660052858093003,8232,0.8232176782321767,1.0
MC_S0_FULL_R0_L0_STAGE15_MATCHED,NEW_MC,TIME_GIVEN_COVERAGE,GAUSSIAN_L1,False,rms_medium,0.1232953581419504,5406,0.5406459354064593,1.0
MC_S0_FULL_R0_L0_STAGE15_MATCHED,NEW_MC,TIME_GIVEN_COVERAGE,GAUSSIAN_L1,False,rms_high,2.410196490323784,2570,0.2570742925707429,1.0
MC_S0_FULL_R0_L0_STAGE15_MATCHED,NEW_MC,TIME_GIVEN_COVERAGE,GAUSSIAN_L1,False,persistent_relation_rms,0.1123827262632763,6609,0.660933906609339,1.0
MC_S0_FULL_R0_L0_STAGE15_MATCHED,NEW_MC,TIME_GIVEN_COVERAGE,DWB_L2,False,component_share_birth,1.1843393196679788,1463,0.1463853614638536,1.0
MC_S0_FULL_R0_L0_STAGE15_MATCHED,NEW_MC,TIME_GIVEN_COVERAGE,DWB_L2,False,component_share_death,0.4588069846689642,3850,0.3850614938506149,1.0
MC_S0_FULL_R0_L0_STAGE15_MATCHED,NEW_MC,TIME_GIVEN_COVERAGE,DWB_L2,False,component_share_increase,21.48997065673719,1258,0.1258874112588741,1.0
MC_S0_FULL_R0_L0_STAGE15_MATCHED,NEW_MC,TIME_GIVEN_COVERAGE,DWB_L2,False,support_share_low,0.1875591745674327,6118,0.6118388161183882,1.0
MC_S0_FULL_R0_L0_STAGE15_MATCHED,NEW_MC,TIME_GIVEN_COVERAGE,DWB_L2,False,support_share_medium,0.0309644975688687,8246,0.8246175382461753,1.0
MC_S0_FULL_R0_L0_STAGE15_MATCHED,NEW_MC,TIME_GIVEN_COVERAGE,DWB_L2,False,rms_low,0.0660052858093003,8063,0.8063193680631937,1.0
MC_S0_FULL_R0_L0_STAGE15_MATCHED,NEW_MC,TIME_GIVEN_COVERAGE,DWB_L2,False,rms_medium,0.1232953581419504,6151,0.6151384861513849,1.0
MC_S0_FULL_R0_L0_STAGE15_MATCHED,NEW_MC,TIME_GIVEN_COVERAGE,DWB_L2,False,rms_high,2.410196490323784,3244,0.3244675532446755,1.0
MC_S0_FULL_R0_L0_STAGE15_MATCHED,NEW_MC,TIME_GIVEN_COVERAGE,DWB_L2,False,persistent_relation_rms,0.1123827262632763,6331,0.6331366863313669,1.0
MC_S0_FULL_R0_L0_STAGE15_MATCHED,NEW_MC,TIME_GIVEN_COVERAGE,DWB_L3,True,component_share_birth,1.1843393196679788,1464,0.1464853514648535,1.0
MC_S0_FULL_R0_L0_STAGE15_MATCHED,NEW_MC,TIME_GIVEN_COVERAGE,DWB_L3,True,component_share_death,0.4588069846689642,3299,0.32996700329967,1.0
MC_S0_FULL_R0_L0_STAGE15_MATCHED,NEW_MC,TIME_GIVEN_COVERAGE,DWB_L3,True,component_share_increase,21.48997065673719,1264,0.1264873512648735,1.0
MC_S0_FULL_R0_L0_STAGE15_MATCHED,NEW_MC,TIME_GIVEN_COVERAGE,DWB_L3,True,support_share_low,0.1875591745674327,6307,0.6307369263073692,1.0
MC_S0_FULL_R0_L0_STAGE15_MATCHED,NEW_MC,TIME_GIVEN_COVERAGE,DWB_L3,True,support_share_medium,0.0309644975688687,8307,0.8307169283071693,1.0
MC_S0_FULL_R0_L0_STAGE15_MATCHED,NEW_MC,TIME_GIVEN_COVERAGE,DWB_L3,True,rms_low,0.0660052858093003,7789,0.7789221077892211,1.0
MC_S0_FULL_R0_L0_STAGE15_MATCHED,NEW_MC,TIME_GIVEN_COVERAGE,DWB_L3,True,rms_medium,0.1232953581419504,6475,0.6475352464753524,1.0
MC_S0_FULL_R0_L0_STAGE15_MATCHED,NEW_MC,TIME_GIVEN_COVERAGE,DWB_L3,True,rms_high,2.410196490323784,3719,0.371962803719628,1.0
MC_S0_FULL_R0_L0_STAGE15_MATCHED,NEW_MC,TIME_GIVEN_COVERAGE,DWB_L3,True,persistent_relation_rms,0.1123827262632763,6147,0.6147385261473852,1.0
MC_S0_FULL_R0_L0_STAGE15_MATCHED,NEW_MC,TIME_GIVEN_COVERAGE,DWB_L4,False,component_share_birth,1.1843393196679788,1599,0.15998400159984,1.0
MC_S0_FULL_R0_L0_STAGE15_MATCHED,NEW_MC,TIME_GIVEN_COVERAGE,DWB_L4,False,component_share_death,0.4588069846689642,2805,0.2805719428057194,1.0
MC_S0_FULL_R0_L0_STAGE15_MATCHED,NEW_MC,TIME_GIVEN_COVERAGE,DWB_L4,False,component_share_increase,21.48997065673719,1394,0.1394860513948605,1.0
MC_S0_FULL_R0_L0_STAGE15_MATCHED,NEW_MC,TIME_GIVEN_COVERAGE,DWB_L4,False,support_share_low,0.1875591745674327,6324,0.6324367563243676,1.0
MC_S0_FULL_R0_L0_STAGE15_MATCHED,NEW_MC,TIME_GIVEN_COVERAGE,DWB_L4,False,support_share_medium,0.0309644975688687,8282,0.8282171782821718,1.0
MC_S0_FULL_R0_L0_STAGE15_MATCHED,NEW_MC,TIME_GIVEN_COVERAGE,DWB_L4,False,rms_low,0.0660052858093003,7657,0.7657234276572342,1.0
MC_S0_FULL_R0_L0_STAGE15_MATCHED,NEW_MC,TIME_GIVEN_COVERAGE,DWB_L4,False,rms_medium,0.1232953581419504,6392,0.6392360763923608,1.0
MC_S0_FULL_R0_L0_STAGE15_MATCHED,NEW_MC,TIME_GIVEN_COVERAGE,DWB_L4,False,rms_high,2.410196490323784,4021,0.4021597840215978,1.0
MC_S0_FULL_R0_L0_STAGE15_MATCHED,NEW_MC,TIME_GIVEN_COVERAGE,DWB_L4,False,persistent_relation_rms,0.1123827262632763,5968,0.5968403159684031,1.0
MC_S0_FULL_R0_L0_STAGE15_MATCHED,NEW_MC,COVERAGE_GIVEN_TIME,LEGACY_RADEMACHER,False,component_share_birth,0.1412233870984263,6208,0.6208379162083791,1.0
MC_S0_FULL_R0_L0_STAGE15_MATCHED,NEW_MC,COVERAGE_GIVEN_TIME,LEGACY_RADEMACHER,False,component_share_death,0.500370164870759,5534,0.5534446555344466,1.0
MC_S0_FULL_R0_L0_STAGE15_MATCHED,NEW_MC,COVERAGE_GIVEN_TIME,LEGACY_RADEMACHER,False,component_share_increase,3.168656950515036,2529,0.252974702529747,1.0
MC_S0_FULL_R0_L0_STAGE15_MATCHED,NEW_MC,COVERAGE_GIVEN_TIME,LEGACY_RADEMACHER,False,support_share_low,1.333351240984424,819,0.081991800819918,0.5739426057394261
MC_S0_FULL_R0_L0_STAGE15_MATCHED,NEW_MC,COVERAGE_GIVEN_TIME,LEGACY_RADEMACHER,False,support_share_medium,1.5674647537732973,278,0.0278972102789721,0.2231776822317768
MC_S0_FULL_R0_L0_STAGE15_MATCHED,NEW_MC,COVERAGE_GIVEN_TIME,LEGACY_RADEMACHER,False,rms_low,1.435960308412076,2569,0.256974302569743,1.0
MC_S0_FULL_R0_L0_STAGE15_MATCHED,NEW_MC,COVERAGE_GIVEN_TIME,LEGACY_RADEMACHER,False,rms_medium,3.618348105938196e-05,9943,0.9943005699430058,1.0
MC_S0_FULL_R0_L0_STAGE15_MATCHED,NEW_MC,COVERAGE_GIVEN_TIME,LEGACY_RADEMACHER,False,rms_high,57.1334935028088,0,9.999000099990002e-05,0.0008999100089991
MC_S0_FULL_R0_L0_STAGE15_MATCHED,NEW_MC,COVERAGE_GIVEN_TIME,LEGACY_RADEMACHER,False,persistent_relation_rms,0.1614489308196551,6333,0.6333366663333667,1.0
MC_S0_FULL_R0_L0_STAGE15_MATCHED,NEW_MC,COVERAGE_GIVEN_TIME,GAUSSIAN_L1,False,component_share_birth,0.1412233870984263,5951,0.5951404859514049,1.0
MC_S0_FULL_R0_L0_STAGE15_MATCHED,NEW_MC,COVERAGE_GIVEN_TIME,GAUSSIAN_L1,False,component_share_death,0.500370164870759,5332,0.5332466753324667,1.0
MC_S0_FULL_R0_L0_STAGE15_MATCHED,NEW_MC,COVERAGE_GIVEN_TIME,GAUSSIAN_L1,False,component_share_increase,3.168656950515036,2210,0.2210778922107789,1.0
MC_S0_FULL_R0_L0_STAGE15_MATCHED,NEW_MC,COVERAGE_GIVEN_TIME,GAUSSIAN_L1,False,support_share_low,1.333351240984424,1260,0.1260873912608739,0.8826117388261173
MC_S0_FULL_R0_L0_STAGE15_MATCHED,NEW_MC,COVERAGE_GIVEN_TIME,GAUSSIAN_L1,False,support_share_medium,1.5674647537732973,730,0.0730926907309269,0.5847415258474152
MC_S0_FULL_R0_L0_STAGE15_MATCHED,NEW_MC,COVERAGE_GIVEN_TIME,GAUSSIAN_L1,False,rms_low,1.435960308412076,2392,0.2392760723927607,1.0
MC_S0_FULL_R0_L0_STAGE15_MATCHED,NEW_MC,COVERAGE_GIVEN_TIME,GAUSSIAN_L1,False,rms_medium,3.618348105938196e-05,9935,0.9935006499350064,1.0
MC_S0_FULL_R0_L0_STAGE15_MATCHED,NEW_MC,COVERAGE_GIVEN_TIME,GAUSSIAN_L1,False,rms_high,57.1334935028088,14,0.0014998500149985,0.0134986501349865
MC_S0_FULL_R0_L0_STAGE15_MATCHED,NEW_MC,COVERAGE_GIVEN_TIME,GAUSSIAN_L1,False,persistent_relation_rms,0.1614489308196551,5907,0.5907409259074092,1.0
MC_S0_FULL_R0_L0_STAGE15_MATCHED,NEW_MC,COVERAGE_GIVEN_TIME,DWB_L2,False,component_share_birth,0.1412233870984263,4439,0.443955604439556,1.0
MC_S0_FULL_R0_L0_STAGE15_MATCHED,NEW_MC,COVERAGE_GIVEN_TIME,DWB_L2,False,component_share_death,0.500370164870759,4152,0.4152584741525847,1.0
MC_S0_FULL_R0_L0_STAGE15_MATCHED,NEW_MC,COVERAGE_GIVEN_TIME,DWB_L2,False,component_share_increase,3.168656950515036,2361,0.2361763823617638,1.0
MC_S0_FULL_R0_L0_STAGE15_MATCHED,NEW_MC,COVERAGE_GIVEN_TIME,DWB_L2,False,support_share_low,1.333351240984424,1704,0.1704829517048295,1.0
MC_S0_FULL_R0_L0_STAGE15_MATCHED,NEW_MC,COVERAGE_GIVEN_TIME,DWB_L2,False,support_share_medium,1.5674647537732973,1106,0.1106889311068893,0.8855114488551145
MC_S0_FULL_R0_L0_STAGE15_MATCHED,NEW_MC,COVERAGE_GIVEN_TIME,DWB_L2,False,rms_low,1.435960308412076,2220,0.2220777922207779,1.0
MC_S0_FULL_R0_L0_STAGE15_MATCHED,NEW_MC,COVERAGE_GIVEN_TIME,DWB_L2,False,rms_medium,3.618348105938196e-05,9940,0.994000599940006,1.0
MC_S0_FULL_R0_L0_STAGE15_MATCHED,NEW_MC,COVERAGE_GIVEN_TIME,DWB_L2,False,rms_high,57.1334935028088,139,0.013998600139986,0.125987401259874
MC_S0_FULL_R0_L0_STAGE15_MATCHED,NEW_MC,COVERAGE_GIVEN_TIME,DWB_L2,False,persistent_relation_rms,0.1614489308196551,5861,0.5861413858614138,1.0
MC_S0_FULL_R0_L0_STAGE15_MATCHED,NEW_MC,COVERAGE_GIVEN_TIME,DWB_L3,True,component_share_birth,0.1412233870984263,3660,0.3660633936606339,1.0
MC_S0_FULL_R0_L0_STAGE15_MATCHED,NEW_MC,COVERAGE_GIVEN_TIME,DWB_L3,True,component_share_death,0.500370164870759,4109,0.410958904109589,1.0
MC_S0_FULL_R0_L0_STAGE15_MATCHED,NEW_MC,COVERAGE_GIVEN_TIME,DWB_L3,True,component_share_increase,3.168656950515036,1959,0.195980401959804,1.0
MC_S0_FULL_R0_L0_STAGE15_MATCHED,NEW_MC,COVERAGE_GIVEN_TIME,DWB_L3,True,support_share_low,1.333351240984424,1821,0.1821817818218178,1.0
MC_S0_FULL_R0_L0_STAGE15_MATCHED,NEW_MC,COVERAGE_GIVEN_TIME,DWB_L3,True,support_share_medium,1.5674647537732973,1198,0.1198880111988801,0.9591040895910408
MC_S0_FULL_R0_L0_STAGE15_MATCHED,NEW_MC,COVERAGE_GIVEN_TIME,DWB_L3,True,rms_low,1.435960308412076,2138,0.2138786121387861,1.0
MC_S0_FULL_R0_L0_STAGE15_MATCHED,NEW_MC,COVERAGE_GIVEN_TIME,DWB_L3,True,rms_medium,3.618348105938196e-05,9953,0.9953004699530048,1.0
MC_S0_FULL_R0_L0_STAGE15_MATCHED,NEW_MC,COVERAGE_GIVEN_TIME,DWB_L3,True,rms_high,57.1334935028088,326,0.0326967303269673,0.2942705729427057
MC_S0_FULL_R0_L0_STAGE15_MATCHED,NEW_MC,COVERAGE_GIVEN_TIME,DWB_L3,True,persistent_relation_rms,0.1614489308196551,5304,0.5304469553044695,1.0
MC_S0_FULL_R0_L0_STAGE15_MATCHED,NEW_MC,COVERAGE_GIVEN_TIME,DWB_L4,False,component_share_birth,0.1412233870984263,3924,0.3924607539246075,1.0
MC_S0_FULL_R0_L0_STAGE15_MATCHED,NEW_MC,COVERAGE_GIVEN_TIME,DWB_L4,False,component_share_death,0.500370164870759,3846,0.3846615338466153,1.0
MC_S0_FULL_R0_L0_STAGE15_MATCHED,NEW_MC,COVERAGE_GIVEN_TIME,DWB_L4,False,component_share_increase,3.168656950515036,1769,0.176982301769823,1.0
MC_S0_FULL_R0_L0_STAGE15_MATCHED,NEW_MC,COVERAGE_GIVEN_TIME,DWB_L4,False,support_share_low,1.333351240984424,1952,0.1952804719528047,1.0
MC_S0_FULL_R0_L0_STAGE15_MATCHED,NEW_MC,COVERAGE_GIVEN_TIME,DWB_L4,False,support_share_medium,1.5674647537732973,1385,0.1385861413858614,1.0
MC_S0_FULL_R0_L0_STAGE15_MATCHED,NEW_MC,COVERAGE_GIVEN_TIME,DWB_L4,False,rms_low,1.435960308412076,2199,0.21997800219978,1.0
MC_S0_FULL_R0_L0_STAGE15_MATCHED,NEW_MC,COVERAGE_GIVEN_TIME,DWB_L4,False,rms_medium,3.618348105938196e-05,9945,0.9945005499450056,1.0
MC_S0_FULL_R0_L0_STAGE15_MATCHED,NEW_MC,COVERAGE_GIVEN_TIME,DWB_L4,False,rms_high,57.1334935028088,551,0.0551944805519448,0.4967503249675032
MC_S0_FULL_R0_L0_STAGE15_MATCHED,NEW_MC,COVERAGE_GIVEN_TIME,DWB_L4,False,persistent_relation_rms,0.1614489308196551,5100,0.51004899510049,1.0
MC_S0_FULL_R0_L1_EXTENDED,NEW_MC,TIME_GIVEN_COVERAGE,LEGACY_RADEMACHER,False,component_share_birth,0.5383682329580388,2656,0.2656734326567343,1.0
MC_S0_FULL_R0_L1_EXTENDED,NEW_MC,TIME_GIVEN_COVERAGE,LEGACY_RADEMACHER,False,component_share_death,0.1669865740915881,8011,0.8011198880111989,1.0
MC_S0_FULL_R0_L1_EXTENDED,NEW_MC,TIME_GIVEN_COVERAGE,LEGACY_RADEMACHER,False,component_share_increase,10.02051185446517,1050,0.1050894910508949,0.9458054194580542
MC_S0_FULL_R0_L1_EXTENDED,NEW_MC,TIME_GIVEN_COVERAGE,LEGACY_RADEMACHER,False,support_share_low,0.0152157861960784,9678,0.9678032196780322,1.0
MC_S0_FULL_R0_L1_EXTENDED,NEW_MC,TIME_GIVEN_COVERAGE,LEGACY_RADEMACHER,False,support_share_medium,0.0595844683806863,9597,0.9597040295970404,1.0
MC_S0_FULL_R0_L1_EXTENDED,NEW_MC,TIME_GIVEN_COVERAGE,LEGACY_RADEMACHER,False,rms_low,0.8725322620732268,4206,0.4206579342065793,1.0
MC_S0_FULL_R0_L1_EXTENDED,NEW_MC,TIME_GIVEN_COVERAGE,LEGACY_RADEMACHER,False,rms_medium,0.1065143915352138,6484,0.6484351564843516,1.0
MC_S0_FULL_R0_L1_EXTENDED,NEW_MC,TIME_GIVEN_COVERAGE,LEGACY_RADEMACHER,False,rms_high,1.724242365530742,3160,0.3160683931606839,1.0
MC_S0_FULL_R0_L1_EXTENDED,NEW_MC,TIME_GIVEN_COVERAGE,LEGACY_RADEMACHER,False,persistent_relation_rms,0.0002566018170497,9913,0.9913008699130088,1.0
MC_S0_FULL_R0_L1_EXTENDED,NEW_MC,TIME_GIVEN_COVERAGE,GAUSSIAN_L1,False,component_share_birth,0.5383682329580388,2391,0.2391760823917608,1.0
MC_S0_FULL_R0_L1_EXTENDED,NEW_MC,TIME_GIVEN_COVERAGE,GAUSSIAN_L1,False,component_share_death,0.1669865740915881,8038,0.8038196180381961,1.0
MC_S0_FULL_R0_L1_EXTENDED,NEW_MC,TIME_GIVEN_COVERAGE,GAUSSIAN_L1,False,component_share_increase,10.02051185446517,1793,0.1793820617938206,1.0
MC_S0_FULL_R0_L1_EXTENDED,NEW_MC,TIME_GIVEN_COVERAGE,GAUSSIAN_L1,False,support_share_low,0.0152157861960784,8637,0.8637136286371363,1.0
MC_S0_FULL_R0_L1_EXTENDED,NEW_MC,TIME_GIVEN_COVERAGE,GAUSSIAN_L1,False,support_share_medium,0.0595844683806863,7881,0.7881211878812119,1.0
MC_S0_FULL_R0_L1_EXTENDED,NEW_MC,TIME_GIVEN_COVERAGE,GAUSSIAN_L1,False,rms_low,0.8725322620732268,3973,0.3973602639736026,1.0
MC_S0_FULL_R0_L1_EXTENDED,NEW_MC,TIME_GIVEN_COVERAGE,GAUSSIAN_L1,False,rms_medium,0.1065143915352138,6368,0.6368363163683631,1.0
MC_S0_FULL_R0_L1_EXTENDED,NEW_MC,TIME_GIVEN_COVERAGE,GAUSSIAN_L1,False,rms_high,1.724242365530742,2913,0.2913708629137086,1.0
MC_S0_FULL_R0_L1_EXTENDED,NEW_MC,TIME_GIVEN_COVERAGE,GAUSSIAN_L1,False,persistent_relation_rms,0.0002566018170497,9863,0.9863013698630136,1.0
MC_S0_FULL_R0_L1_EXTENDED,NEW_MC,TIME_GIVEN_COVERAGE,DWB_L2,False,component_share_birth,0.5383682329580388,1443,0.1443855614438556,1.0
MC_S0_FULL_R0_L1_EXTENDED,NEW_MC,TIME_GIVEN_COVERAGE,DWB_L2,False,component_share_death,0.1669865740915881,7753,0.7753224677532247,1.0
MC_S0_FULL_R0_L1_EXTENDED,NEW_MC,TIME_GIVEN_COVERAGE,DWB_L2,False,component_share_increase,10.02051185446517,1597,0.1597840215978402,1.0
MC_S0_FULL_R0_L1_EXTENDED,NEW_MC,TIME_GIVEN_COVERAGE,DWB_L2,False,support_share_low,0.0152157861960784,8667,0.8667133286671332,1.0
MC_S0_FULL_R0_L1_EXTENDED,NEW_MC,TIME_GIVEN_COVERAGE,DWB_L2,False,support_share_medium,0.0595844683806863,7974,0.7974202579742026,1.0
MC_S0_FULL_R0_L1_EXTENDED,NEW_MC,TIME_GIVEN_COVERAGE,DWB_L2,False,rms_low,0.8725322620732268,3748,0.3748625137486251,1.0
MC_S0_FULL_R0_L1_EXTENDED,NEW_MC,TIME_GIVEN_COVERAGE,DWB_L2,False,rms_medium,0.1065143915352138,7028,0.7028297170282972,1.0
MC_S0_FULL_R0_L1_EXTENDED,NEW_MC,TIME_GIVEN_COVERAGE,DWB_L2,False,rms_high,1.724242365530742,3651,0.3651634836516348,1.0
MC_S0_FULL_R0_L1_EXTENDED,NEW_MC,TIME_GIVEN_COVERAGE,DWB_L2,False,persistent_relation_rms,0.0002566018170497,9892,0.9892010798920108,1.0
MC_S0_FULL_R0_L1_EXTENDED,NEW_MC,TIME_GIVEN_COVERAGE,DWB_L3,True,component_share_birth,0.5383682329580388,1220,0.1220877912208779,1.0
MC_S0_FULL_R0_L1_EXTENDED,NEW_MC,TIME_GIVEN_COVERAGE,DWB_L3,True,component_share_death,0.1669865740915881,7347,0.7347265273472653,1.0
MC_S0_FULL_R0_L1_EXTENDED,NEW_MC,TIME_GIVEN_COVERAGE,DWB_L3,True,component_share_increase,10.02051185446517,1392,0.1392860713928607,1.0
MC_S0_FULL_R0_L1_EXTENDED,NEW_MC,TIME_GIVEN_COVERAGE,DWB_L3,True,support_share_low,0.0152157861960784,8709,0.8709129087091291,1.0
MC_S0_FULL_R0_L1_EXTENDED,NEW_MC,TIME_GIVEN_COVERAGE,DWB_L3,True,support_share_medium,0.0595844683806863,7984,0.7984201579842016,1.0
MC_S0_FULL_R0_L1_EXTENDED,NEW_MC,TIME_GIVEN_COVERAGE,DWB_L3,True,rms_low,0.8725322620732268,3557,0.3557644235576442,1.0
MC_S0_FULL_R0_L1_EXTENDED,NEW_MC,TIME_GIVEN_COVERAGE,DWB_L3,True,rms_medium,0.1065143915352138,7246,0.7246275372462754,1.0
MC_S0_FULL_R0_L1_EXTENDED,NEW_MC,TIME_GIVEN_COVERAGE,DWB_L3,True,rms_high,1.724242365530742,4092,0.4092590740925907,1.0
MC_S0_FULL_R0_L1_EXTENDED,NEW_MC,TIME_GIVEN_COVERAGE,DWB_L3,True,persistent_relation_rms,0.0002566018170497,9862,0.9862013798620138,1.0
MC_S0_FULL_R0_L1_EXTENDED,NEW_MC,TIME_GIVEN_COVERAGE,DWB_L4,False,component_share_birth,0.5383682329580388,1335,0.1335866413358664,1.0
MC_S0_FULL_R0_L1_EXTENDED,NEW_MC,TIME_GIVEN_COVERAGE,DWB_L4,False,component_share_death,0.1669865740915881,6761,0.6761323867613239,1.0
MC_S0_FULL_R0_L1_EXTENDED,NEW_MC,TIME_GIVEN_COVERAGE,DWB_L4,False,component_share_increase,10.02051185446517,1463,0.1463853614638536,1.0
MC_S0_FULL_R0_L1_EXTENDED,NEW_MC,TIME_GIVEN_COVERAGE,DWB_L4,False,support_share_low,0.0152157861960784,8702,0.8702129787021298,1.0
MC_S0_FULL_R0_L1_EXTENDED,NEW_MC,TIME_GIVEN_COVERAGE,DWB_L4,False,support_share_medium,0.0595844683806863,8073,0.8073192680731927,1.0
MC_S0_FULL_R0_L1_EXTENDED,NEW_MC,TIME_GIVEN_COVERAGE,DWB_L4,False,rms_low,0.8725322620732268,3344,0.3344665533446655,1.0
MC_S0_FULL_R0_L1_EXTENDED,NEW_MC,TIME_GIVEN_COVERAGE,DWB_L4,False,rms_medium,0.1065143915352138,7313,0.7313268673132687,1.0
MC_S0_FULL_R0_L1_EXTENDED,NEW_MC,TIME_GIVEN_COVERAGE,DWB_L4,False,rms_high,1.724242365530742,4371,0.4371562843715628,1.0
MC_S0_FULL_R0_L1_EXTENDED,NEW_MC,TIME_GIVEN_COVERAGE,DWB_L4,False,persistent_relation_rms,0.0002566018170497,9857,0.9857014298570144,1.0
MC_S0_FULL_R0_L1_EXTENDED,NEW_MC,COVERAGE_GIVEN_TIME,LEGACY_RADEMACHER,False,component_share_birth,0.0658030194801622,6957,0.6957304269573042,1.0
MC_S0_FULL_R0_L1_EXTENDED,NEW_MC,COVERAGE_GIVEN_TIME,LEGACY_RADEMACHER,False,component_share_death,0.0217767504679784,9279,0.927907209279072,1.0
MC_S0_FULL_R0_L1_EXTENDED,NEW_MC,COVERAGE_GIVEN_TIME,LEGACY_RADEMACHER,False,component_share_increase,1.1238179278192568,5934,0.5934406559344065,1.0
MC_S0_FULL_R0_L1_EXTENDED,NEW_MC,COVERAGE_GIVEN_TIME,LEGACY_RADEMACHER,False,support_share_low,2.290283880667616,46,0.0046995300469953,0.0328967103289671
MC_S0_FULL_R0_L1_EXTENDED,NEW_MC,COVERAGE_GIVEN_TIME,LEGACY_RADEMACHER,False,support_share_medium,5.182318603451247,12,0.0012998700129987,0.0103989601039896
MC_S0_FULL_R0_L1_EXTENDED,NEW_MC,COVERAGE_GIVEN_TIME,LEGACY_RADEMACHER,False,rms_low,0.1303938041299801,7448,0.7448255174482552,1.0
MC_S0_FULL_R0_L1_EXTENDED,NEW_MC,COVERAGE_GIVEN_TIME,LEGACY_RADEMACHER,False,rms_medium,8.668516731091813e-05,9945,0.9945005499450056,1.0
MC_S0_FULL_R0_L1_EXTENDED,NEW_MC,COVERAGE_GIVEN_TIME,LEGACY_RADEMACHER,False,rms_high,49.34058209418322,0,9.999000099990002e-05,0.0008999100089991
MC_S0_FULL_R0_L1_EXTENDED,NEW_MC,COVERAGE_GIVEN_TIME,LEGACY_RADEMACHER,False,persistent_relation_rms,0.2828729286599962,6180,0.6180381961803819,1.0
MC_S0_FULL_R0_L1_EXTENDED,NEW_MC,COVERAGE_GIVEN_TIME,GAUSSIAN_L1,False,component_share_birth,0.0658030194801622,6915,0.6915308469153084,1.0
MC_S0_FULL_R0_L1_EXTENDED,NEW_MC,COVERAGE_GIVEN_TIME,GAUSSIAN_L1,False,component_share_death,0.0217767504679784,9292,0.9292070792920708,1.0
MC_S0_FULL_R0_L1_EXTENDED,NEW_MC,COVERAGE_GIVEN_TIME,GAUSSIAN_L1,False,component_share_increase,1.1238179278192568,4359,0.435956404359564,1.0
MC_S0_FULL_R0_L1_EXTENDED,NEW_MC,COVERAGE_GIVEN_TIME,GAUSSIAN_L1,False,support_share_low,2.290283880667616,496,0.0496950304969503,0.3478652134786521
MC_S0_FULL_R0_L1_EXTENDED,NEW_MC,COVERAGE_GIVEN_TIME,GAUSSIAN_L1,False,support_share_medium,5.182318603451247,242,0.0242975702429757,0.1943805619438056
MC_S0_FULL_R0_L1_EXTENDED,NEW_MC,COVERAGE_GIVEN_TIME,GAUSSIAN_L1,False,rms_low,0.1303938041299801,7261,0.7261273872612739,1.0
MC_S0_FULL_R0_L1_EXTENDED,NEW_MC,COVERAGE_GIVEN_TIME,GAUSSIAN_L1,False,rms_medium,8.668516731091813e-05,9923,0.9923007699230078,1.0
MC_S0_FULL_R0_L1_EXTENDED,NEW_MC,COVERAGE_GIVEN_TIME,GAUSSIAN_L1,False,rms_high,49.34058209418322,15,0.0015998400159984,0.0143985601439856
MC_S0_FULL_R0_L1_EXTENDED,NEW_MC,COVERAGE_GIVEN_TIME,GAUSSIAN_L1,False,persistent_relation_rms,0.2828729286599962,5900,0.5900409959004099,1.0
MC_S0_FULL_R0_L1_EXTENDED,NEW_MC,COVERAGE_GIVEN_TIME,DWB_L2,False,component_share_birth,0.0658030194801622,5072,0.5072492750724927,1.0
MC_S0_FULL_R0_L1_EXTENDED,NEW_MC,COVERAGE_GIVEN_TIME,DWB_L2,False,component_share_death,0.0217767504679784,9007,0.9007099290070993,1.0
MC_S0_FULL_R0_L1_EXTENDED,NEW_MC,COVERAGE_GIVEN_TIME,DWB_L2,False,component_share_increase,1.1238179278192568,3769,0.376962303769623,1.0
MC_S0_FULL_R0_L1_EXTENDED,NEW_MC,COVERAGE_GIVEN_TIME,DWB_L2,False,support_share_low,2.290283880667616,696,0.0696930306969303,0.4878512148785121
MC_S0_FULL_R0_L1_EXTENDED,NEW_MC,COVERAGE_GIVEN_TIME,DWB_L2,False,support_share_medium,5.182318603451247,384,0.0384961503849615,0.307969203079692
MC_S0_FULL_R0_L1_EXTENDED,NEW_MC,COVERAGE_GIVEN_TIME,DWB_L2,False,rms_low,0.1303938041299801,7137,0.7137286271372862,1.0
MC_S0_FULL_R0_L1_EXTENDED,NEW_MC,COVERAGE_GIVEN_TIME,DWB_L2,False,rms_medium,8.668516731091813e-05,9923,0.9923007699230078,1.0
MC_S0_FULL_R0_L1_EXTENDED,NEW_MC,COVERAGE_GIVEN_TIME,DWB_L2,False,rms_high,49.34058209418322,127,0.0127987201279872,0.1151884811518848
MC_S0_FULL_R0_L1_EXTENDED,NEW_MC,COVERAGE_GIVEN_TIME,DWB_L2,False,persistent_relation_rms,0.2828729286599962,5824,0.5824417558244176,1.0
MC_S0_FULL_R0_L1_EXTENDED,NEW_MC,COVERAGE_GIVEN_TIME,DWB_L3,True,component_share_birth,0.0658030194801622,4718,0.4718528147185281,1.0
MC_S0_FULL_R0_L1_EXTENDED,NEW_MC,COVERAGE_GIVEN_TIME,DWB_L3,True,component_share_death,0.0217767504679784,8982,0.8982101789821018,1.0
MC_S0_FULL_R0_L1_EXTENDED,NEW_MC,COVERAGE_GIVEN_TIME,DWB_L3,True,component_share_increase,1.1238179278192568,3244,0.3244675532446755,1.0
MC_S0_FULL_R0_L1_EXTENDED,NEW_MC,COVERAGE_GIVEN_TIME,DWB_L3,True,support_share_low,2.290283880667616,828,0.0828917108289171,0.5802419758024198
MC_S0_FULL_R0_L1_EXTENDED,NEW_MC,COVERAGE_GIVEN_TIME,DWB_L3,True,support_share_medium,5.182318603451247,551,0.0551944805519448,0.4415558444155584
MC_S0_FULL_R0_L1_EXTENDED,NEW_MC,COVERAGE_GIVEN_TIME,DWB_L3,True,rms_low,0.1303938041299801,7045,0.7045295470452955,1.0
MC_S0_FULL_R0_L1_EXTENDED,NEW_MC,COVERAGE_GIVEN_TIME,DWB_L3,True,rms_medium,8.668516731091813e-05,9942,0.9942005799420058,1.0
MC_S0_FULL_R0_L1_EXTENDED,NEW_MC,COVERAGE_GIVEN_TIME,DWB_L3,True,rms_high,49.34058209418322,330,0.0330966903309669,0.2978702129787021
MC_S0_FULL_R0_L1_EXTENDED,NEW_MC,COVERAGE_GIVEN_TIME,DWB_L3,True,persistent_relation_rms,0.2828729286599962,5522,0.5522447755224478,1.0
MC_S0_FULL_R0_L1_EXTENDED,NEW_MC,COVERAGE_GIVEN_TIME,DWB_L4,False,component_share_birth,0.0658030194801622,4643,0.4643535646435356,1.0
MC_S0_FULL_R0_L1_EXTENDED,NEW_MC,COVERAGE_GIVEN_TIME,DWB_L4,False,component_share_death,0.0217767504679784,8867,0.8867113288671132,1.0
MC_S0_FULL_R0_L1_EXTENDED,NEW_MC,COVERAGE_GIVEN_TIME,DWB_L4,False,component_share_increase,1.1238179278192568,2726,0.2726727327267273,1.0
MC_S0_FULL_R0_L1_EXTENDED,NEW_MC,COVERAGE_GIVEN_TIME,DWB_L4,False,support_share_low,2.290283880667616,843,0.0843915608439156,0.5907409259074092
MC_S0_FULL_R0_L1_EXTENDED,NEW_MC,COVERAGE_GIVEN_TIME,DWB_L4,False,support_share_medium,5.182318603451247,591,0.0591940805919408,0.4886511348865113
MC_S0_FULL_R0_L1_EXTENDED,NEW_MC,COVERAGE_GIVEN_TIME,DWB_L4,False,rms_low,0.1303938041299801,6950,0.6950304969503049,1.0
MC_S0_FULL_R0_L1_EXTENDED,NEW_MC,COVERAGE_GIVEN_TIME,DWB_L4,False,rms_medium,8.668516731091813e-05,9927,0.9927007299270072,1.0
MC_S0_FULL_R0_L1_EXTENDED,NEW_MC,COVERAGE_GIVEN_TIME,DWB_L4,False,rms_high,49.34058209418322,542,0.0542945705429457,0.4886511348865113
MC_S0_FULL_R0_L1_EXTENDED,NEW_MC,COVERAGE_GIVEN_TIME,DWB_L4,False,persistent_relation_rms,0.2828729286599962,5231,0.5231476852314768,1.0
MC_S0_FULL_R0_L2_HIGH,NEW_MC,TIME_GIVEN_COVERAGE,LEGACY_RADEMACHER,False,component_share_birth,0.0095931942150944,8969,0.8969103089691031,1.0
MC_S0_FULL_R0_L2_HIGH,NEW_MC,TIME_GIVEN_COVERAGE,LEGACY_RADEMACHER,False,component_share_death,0.0456339536288865,8629,0.8629137086291371,1.0
MC_S0_FULL_R0_L2_HIGH,NEW_MC,TIME_GIVEN_COVERAGE,LEGACY_RADEMACHER,False,component_share_increase,0.1448352456127679,7852,0.7852214778522147,1.0
MC_S0_FULL_R0_L2_HIGH,NEW_MC,TIME_GIVEN_COVERAGE,LEGACY_RADEMACHER,False,support_share_low,0.0044439975903065,9610,0.961003899610039,1.0
MC_S0_FULL_R0_L2_HIGH,NEW_MC,TIME_GIVEN_COVERAGE,LEGACY_RADEMACHER,False,support_share_medium,0.0269483974955395,8789,0.8789121087891211,1.0
MC_S0_FULL_R0_L2_HIGH,NEW_MC,TIME_GIVEN_COVERAGE,LEGACY_RADEMACHER,False,rms_low,1.077882242474896,3892,0.3892610738926107,1.0
MC_S0_FULL_R0_L2_HIGH,NEW_MC,TIME_GIVEN_COVERAGE,LEGACY_RADEMACHER,False,rms_medium,0.0568931406247283,7152,0.7152284771522848,1.0
MC_S0_FULL_R0_L2_HIGH,NEW_MC,TIME_GIVEN_COVERAGE,LEGACY_RADEMACHER,False,rms_high,1.455879128921893,3226,0.3226677332266773,1.0
MC_S0_FULL_R0_L2_HIGH,NEW_MC,TIME_GIVEN_COVERAGE,LEGACY_RADEMACHER,False,persistent_relation_rms,1.9383618655204096,441,0.0441955804419558,0.3977602239776022
MC_S0_FULL_R0_L2_HIGH,NEW_MC,TIME_GIVEN_COVERAGE,GAUSSIAN_L1,False,component_share_birth,0.0095931942150944,8879,0.8879112088791121,1.0
MC_S0_FULL_R0_L2_HIGH,NEW_MC,TIME_GIVEN_COVERAGE,GAUSSIAN_L1,False,component_share_death,0.0456339536288865,8447,0.8447155284471553,1.0
MC_S0_FULL_R0_L2_HIGH,NEW_MC,TIME_GIVEN_COVERAGE,GAUSSIAN_L1,False,component_share_increase,0.1448352456127679,7290,0.7290270972902709,1.0
MC_S0_FULL_R0_L2_HIGH,NEW_MC,TIME_GIVEN_COVERAGE,GAUSSIAN_L1,False,support_share_low,0.0044439975903065,9240,0.924007599240076,1.0
MC_S0_FULL_R0_L2_HIGH,NEW_MC,TIME_GIVEN_COVERAGE,GAUSSIAN_L1,False,support_share_medium,0.0269483974955395,7872,0.7872212778722127,1.0
MC_S0_FULL_R0_L2_HIGH,NEW_MC,TIME_GIVEN_COVERAGE,GAUSSIAN_L1,False,rms_low,1.077882242474896,3649,0.364963503649635,1.0
MC_S0_FULL_R0_L2_HIGH,NEW_MC,TIME_GIVEN_COVERAGE,GAUSSIAN_L1,False,rms_medium,0.0568931406247283,7203,0.7203279672032796,1.0
MC_S0_FULL_R0_L2_HIGH,NEW_MC,TIME_GIVEN_COVERAGE,GAUSSIAN_L1,False,rms_high,1.455879128921893,3002,0.3002699730026997,1.0
MC_S0_FULL_R0_L2_HIGH,NEW_MC,TIME_GIVEN_COVERAGE,GAUSSIAN_L1,False,persistent_relation_rms,1.9383618655204096,553,0.0553944605539446,0.4985501449855014
MC_S0_FULL_R0_L2_HIGH,NEW_MC,TIME_GIVEN_COVERAGE,DWB_L2,False,component_share_birth,0.0095931942150944,8707,0.8707129287071292,1.0
MC_S0_FULL_R0_L2_HIGH,NEW_MC,TIME_GIVEN_COVERAGE,DWB_L2,False,component_share_death,0.0456339536288865,8214,0.8214178582141786,1.0
MC_S0_FULL_R0_L2_HIGH,NEW_MC,TIME_GIVEN_COVERAGE,DWB_L2,False,component_share_increase,0.1448352456127679,7550,0.7550244975502449,1.0
MC_S0_FULL_R0_L2_HIGH,NEW_MC,TIME_GIVEN_COVERAGE,DWB_L2,False,support_share_low,0.0044439975903065,9292,0.9292070792920708,1.0
MC_S0_FULL_R0_L2_HIGH,NEW_MC,TIME_GIVEN_COVERAGE,DWB_L2,False,support_share_medium,0.0269483974955395,8023,0.8023197680231977,1.0
MC_S0_FULL_R0_L2_HIGH,NEW_MC,TIME_GIVEN_COVERAGE,DWB_L2,False,rms_low,1.077882242474896,3498,0.3498650134986501,1.0
MC_S0_FULL_R0_L2_HIGH,NEW_MC,TIME_GIVEN_COVERAGE,DWB_L2,False,rms_medium,0.0568931406247283,7638,0.7638236176382361,1.0
MC_S0_FULL_R0_L2_HIGH,NEW_MC,TIME_GIVEN_COVERAGE,DWB_L2,False,rms_high,1.455879128921893,3608,0.3608639136086391,1.0
MC_S0_FULL_R0_L2_HIGH,NEW_MC,TIME_GIVEN_COVERAGE,DWB_L2,False,persistent_relation_rms,1.9383618655204096,777,0.0777922207779222,0.7001299870012999
MC_S0_FULL_R0_L2_HIGH,NEW_MC,TIME_GIVEN_COVERAGE,DWB_L3,True,component_share_birth,0.0095931942150944,8258,0.8258174182581742,1.0
MC_S0_FULL_R0_L2_HIGH,NEW_MC,TIME_GIVEN_COVERAGE,DWB_L3,True,component_share_death,0.0456339536288865,7546,0.7546245375462454,1.0
MC_S0_FULL_R0_L2_HIGH,NEW_MC,TIME_GIVEN_COVERAGE,DWB_L3,True,component_share_increase,0.1448352456127679,7608,0.7608239176082392,1.0
MC_S0_FULL_R0_L2_HIGH,NEW_MC,TIME_GIVEN_COVERAGE,DWB_L3,True,support_share_low,0.0044439975903065,9359,0.935906409359064,1.0
MC_S0_FULL_R0_L2_HIGH,NEW_MC,TIME_GIVEN_COVERAGE,DWB_L3,True,support_share_medium,0.0269483974955395,8194,0.8194180581941806,1.0
MC_S0_FULL_R0_L2_HIGH,NEW_MC,TIME_GIVEN_COVERAGE,DWB_L3,True,rms_low,1.077882242474896,2941,0.2941705829417058,1.0
MC_S0_FULL_R0_L2_HIGH,NEW_MC,TIME_GIVEN_COVERAGE,DWB_L3,True,rms_medium,0.0568931406247283,7722,0.7722227777222278,1.0
MC_S0_FULL_R0_L2_HIGH,NEW_MC,TIME_GIVEN_COVERAGE,DWB_L3,True,rms_high,1.455879128921893,4191,0.4191580841915808,1.0
MC_S0_FULL_R0_L2_HIGH,NEW_MC,TIME_GIVEN_COVERAGE,DWB_L3,True,persistent_relation_rms,1.9383618655204096,816,0.0816918308169183,0.7352264773522648
MC_S0_FULL_R0_L2_HIGH,NEW_MC,TIME_GIVEN_COVERAGE,DWB_L4,False,component_share_birth,0.0095931942150944,8073,0.8073192680731927,1.0
MC_S0_FULL_R0_L2_HIGH,NEW_MC,TIME_GIVEN_COVERAGE,DWB_L4,False,component_share_death,0.0456339536288865,7341,0.7341265873412659,1.0
MC_S0_FULL_R0_L2_HIGH,NEW_MC,TIME_GIVEN_COVERAGE,DWB_L4,False,component_share_increase,0.1448352456127679,7646,0.7646235376462354,1.0
MC_S0_FULL_R0_L2_HIGH,NEW_MC,TIME_GIVEN_COVERAGE,DWB_L4,False,support_share_low,0.0044439975903065,9300,0.93000699930007,1.0
MC_S0_FULL_R0_L2_HIGH,NEW_MC,TIME_GIVEN_COVERAGE,DWB_L4,False,support_share_medium,0.0269483974955395,8040,0.804019598040196,1.0
MC_S0_FULL_R0_L2_HIGH,NEW_MC,TIME_GIVEN_COVERAGE,DWB_L4,False,rms_low,1.077882242474896,2390,0.2390760923907609,1.0
MC_S0_FULL_R0_L2_HIGH,NEW_MC,TIME_GIVEN_COVERAGE,DWB_L4,False,rms_medium,0.0568931406247283,7749,0.7749225077492251,1.0
MC_S0_FULL_R0_L2_HIGH,NEW_MC,TIME_GIVEN_COVERAGE,DWB_L4,False,rms_high,1.455879128921893,4483,0.4483551644835516,1.0
MC_S0_FULL_R0_L2_HIGH,NEW_MC,TIME_GIVEN_COVERAGE,DWB_L4,False,persistent_relation_rms,1.9383618655204096,957,0.0957904209579042,0.862113788621138
MC_S0_FULL_R0_L2_HIGH,NEW_MC,COVERAGE_GIVEN_TIME,LEGACY_RADEMACHER,False,component_share_birth,0.4693535588032933,3655,0.3655634436556344,1.0
MC_S0_FULL_R0_L2_HIGH,NEW_MC,COVERAGE_GIVEN_TIME,LEGACY_RADEMACHER,False,component_share_death,0.0141517136507012,9080,0.908009199080092,1.0
MC_S0_FULL_R0_L2_HIGH,NEW_MC,COVERAGE_GIVEN_TIME,LEGACY_RADEMACHER,False,component_share_increase,2.025685889508239,2284,0.2284771522847715,1.0
MC_S0_FULL_R0_L2_HIGH,NEW_MC,COVERAGE_GIVEN_TIME,LEGACY_RADEMACHER,False,support_share_low,1.6974335103953972,206,0.0206979302069793,0.1448855114488551
MC_S0_FULL_R0_L2_HIGH,NEW_MC,COVERAGE_GIVEN_TIME,LEGACY_RADEMACHER,False,support_share_medium,1.717086972004763,61,0.0061993800619938,0.0495950404959504
MC_S0_FULL_R0_L2_HIGH,NEW_MC,COVERAGE_GIVEN_TIME,LEGACY_RADEMACHER,False,rms_low,0.1006971377806476,7630,0.763023697630237,1.0
MC_S0_FULL_R0_L2_HIGH,NEW_MC,COVERAGE_GIVEN_TIME,LEGACY_RADEMACHER,False,rms_medium,0.0277137192057441,8745,0.8745125487451255,1.0
MC_S0_FULL_R0_L2_HIGH,NEW_MC,COVERAGE_GIVEN_TIME,LEGACY_RADEMACHER,False,rms_high,42.66882740547466,0,9.999000099990002e-05,0.0008999100089991
MC_S0_FULL_R0_L2_HIGH,NEW_MC,COVERAGE_GIVEN_TIME,LEGACY_RADEMACHER,False,persistent_relation_rms,0.0001873481583185,9879,0.987901209879012,1.0
MC_S0_FULL_R0_L2_HIGH,NEW_MC,COVERAGE_GIVEN_TIME,GAUSSIAN_L1,False,component_share_birth,0.4693535588032933,3467,0.3467653234676532,1.0
MC_S0_FULL_R0_L2_HIGH,NEW_MC,COVERAGE_GIVEN_TIME,GAUSSIAN_L1,False,component_share_death,0.0141517136507012,9086,0.9086091390860914,1.0
MC_S0_FULL_R0_L2_HIGH,NEW_MC,COVERAGE_GIVEN_TIME,GAUSSIAN_L1,False,component_share_increase,2.025685889508239,1988,0.1988801119888011,1.0
MC_S0_FULL_R0_L2_HIGH,NEW_MC,COVERAGE_GIVEN_TIME,GAUSSIAN_L1,False,support_share_low,1.6974335103953972,575,0.0575942405759424,0.4031596840315968
MC_S0_FULL_R0_L2_HIGH,NEW_MC,COVERAGE_GIVEN_TIME,GAUSSIAN_L1,False,support_share_medium,1.717086972004763,318,0.0318968103189681,0.2551744825517448
MC_S0_FULL_R0_L2_HIGH,NEW_MC,COVERAGE_GIVEN_TIME,GAUSSIAN_L1,False,rms_low,0.1006971377806476,7516,0.7516248375162484,1.0
MC_S0_FULL_R0_L2_HIGH,NEW_MC,COVERAGE_GIVEN_TIME,GAUSSIAN_L1,False,rms_medium,0.0277137192057441,8581,0.8581141885811419,1.0
MC_S0_FULL_R0_L2_HIGH,NEW_MC,COVERAGE_GIVEN_TIME,GAUSSIAN_L1,False,rms_high,42.66882740547466,25,0.0025997400259974,0.0233976602339766
MC_S0_FULL_R0_L2_HIGH,NEW_MC,COVERAGE_GIVEN_TIME,GAUSSIAN_L1,False,persistent_relation_rms,0.0001873481583185,9860,0.986001399860014,1.0
MC_S0_FULL_R0_L2_HIGH,NEW_MC,COVERAGE_GIVEN_TIME,DWB_L2,False,component_share_birth,0.4693535588032933,2375,0.2375762423757624,1.0
MC_S0_FULL_R0_L2_HIGH,NEW_MC,COVERAGE_GIVEN_TIME,DWB_L2,False,component_share_death,0.0141517136507012,8813,0.8813118688131187,1.0
MC_S0_FULL_R0_L2_HIGH,NEW_MC,COVERAGE_GIVEN_TIME,DWB_L2,False,component_share_increase,2.025685889508239,2351,0.2351764823517648,1.0
MC_S0_FULL_R0_L2_HIGH,NEW_MC,COVERAGE_GIVEN_TIME,DWB_L2,False,support_share_low,1.6974335103953972,1021,0.1021897810218978,0.7153284671532847
MC_S0_FULL_R0_L2_HIGH,NEW_MC,COVERAGE_GIVEN_TIME,DWB_L2,False,support_share_medium,1.717086972004763,646,0.0646935306469353,0.5175482451754825
MC_S0_FULL_R0_L2_HIGH,NEW_MC,COVERAGE_GIVEN_TIME,DWB_L2,False,rms_low,0.1006971377806476,7394,0.7394260573942606,1.0
MC_S0_FULL_R0_L2_HIGH,NEW_MC,COVERAGE_GIVEN_TIME,DWB_L2,False,rms_medium,0.0277137192057441,8670,0.867013298670133,1.0
MC_S0_FULL_R0_L2_HIGH,NEW_MC,COVERAGE_GIVEN_TIME,DWB_L2,False,rms_high,42.66882740547466,149,0.014998500149985,0.134986501349865
MC_S0_FULL_R0_L2_HIGH,NEW_MC,COVERAGE_GIVEN_TIME,DWB_L2,False,persistent_relation_rms,0.0001873481583185,9877,0.9877012298770124,1.0
MC_S0_FULL_R0_L2_HIGH,NEW_MC,COVERAGE_GIVEN_TIME,DWB_L3,True,component_share_birth,0.4693535588032933,1865,0.1865813418658134,1.0
MC_S0_FULL_R0_L2_HIGH,NEW_MC,COVERAGE_GIVEN_TIME,DWB_L3,True,component_share_death,0.0141517136507012,8567,0.8567143285671432,1.0
MC_S0_FULL_R0_L2_HIGH,NEW_MC,COVERAGE_GIVEN_TIME,DWB_L3,True,component_share_increase,2.025685889508239,2276,0.2276772322767723,1.0
MC_S0_FULL_R0_L2_HIGH,NEW_MC,COVERAGE_GIVEN_TIME,DWB_L3,True,support_share_low,1.6974335103953972,1072,0.1072892710728927,0.7510248975102489
MC_S0_FULL_R0_L2_HIGH,NEW_MC,COVERAGE_GIVEN_TIME,DWB_L3,True,support_share_medium,1.717086972004763,712,0.0712928707129287,0.5703429657034297
MC_S0_FULL_R0_L2_HIGH,NEW_MC,COVERAGE_GIVEN_TIME,DWB_L3,True,rms_low,0.1006971377806476,6827,0.6827317268273173,1.0
MC_S0_FULL_R0_L2_HIGH,NEW_MC,COVERAGE_GIVEN_TIME,DWB_L3,True,rms_medium,0.0277137192057441,8597,0.8597140285971403,1.0
MC_S0_FULL_R0_L2_HIGH,NEW_MC,COVERAGE_GIVEN_TIME,DWB_L3,True,rms_high,42.66882740547466,350,0.0350964903509649,0.3158684131586841
MC_S0_FULL_R0_L2_HIGH,NEW_MC,COVERAGE_GIVEN_TIME,DWB_L3,True,persistent_relation_rms,0.0001873481583185,9855,0.9855014498550144,1.0
MC_S0_FULL_R0_L2_HIGH,NEW_MC,COVERAGE_GIVEN_TIME,DWB_L4,False,component_share_birth,0.4693535588032933,1647,0.1647835216478352,0.9887011298870112
MC_S0_FULL_R0_L2_HIGH,NEW_MC,COVERAGE_GIVEN_TIME,DWB_L4,False,component_share_death,0.0141517136507012,8375,0.8375162483751625,1.0
MC_S0_FULL_R0_L2_HIGH,NEW_MC,COVERAGE_GIVEN_TIME,DWB_L4,False,component_share_increase,2.025685889508239,2321,0.2321767823217678,1.0
MC_S0_FULL_R0_L2_HIGH,NEW_MC,COVERAGE_GIVEN_TIME,DWB_L4,False,support_share_low,1.6974335103953972,1132,0.1132886711328867,0.793020697930207
MC_S0_FULL_R0_L2_HIGH,NEW_MC,COVERAGE_GIVEN_TIME,DWB_L4,False,support_share_medium,1.717086972004763,782,0.0782921707829217,0.6263373662633737
MC_S0_FULL_R0_L2_HIGH,NEW_MC,COVERAGE_GIVEN_TIME,DWB_L4,False,rms_low,0.1006971377806476,6318,0.6318368163183682,1.0
MC_S0_FULL_R0_L2_HIGH,NEW_MC,COVERAGE_GIVEN_TIME,DWB_L4,False,rms_medium,0.0277137192057441,8577,0.8577142285771423,1.0
MC_S0_FULL_R0_L2_HIGH,NEW_MC,COVERAGE_GIVEN_TIME,DWB_L4,False,rms_high,42.66882740547466,580,0.0580941905809419,0.5228477152284772
MC_S0_FULL_R0_L2_HIGH,NEW_MC,COVERAGE_GIVEN_TIME,DWB_L4,False,persistent_relation_rms,0.0001873481583185,9843,0.9843015698430156,1.0
MC_S0_FULL_R1_L0_STAGE15_MATCHED,NEW_MC,TIME_GIVEN_COVERAGE,LEGACY_RADEMACHER,False,component_share_birth,1.1702000708484626,1604,0.1604839516048395,1.0
MC_S0_FULL_R1_L0_STAGE15_MATCHED,NEW_MC,TIME_GIVEN_COVERAGE,LEGACY_RADEMACHER,False,component_share_death,0.4559661912844142,5606,0.5606439356064393,1.0
MC_S0_FULL_R1_L0_STAGE15_MATCHED,NEW_MC,TIME_GIVEN_COVERAGE,LEGACY_RADEMACHER,False,component_share_increase,20.232203902746097,273,0.0273972602739726,0.2465753424657534
MC_S0_FULL_R1_L0_STAGE15_MATCHED,NEW_MC,TIME_GIVEN_COVERAGE,LEGACY_RADEMACHER,False,support_share_low,0.1868948493111286,6855,0.6855314468553144,1.0
MC_S0_FULL_R1_L0_STAGE15_MATCHED,NEW_MC,TIME_GIVEN_COVERAGE,LEGACY_RADEMACHER,False,support_share_medium,0.0298238231397061,8935,0.8935106489351065,1.0
MC_S0_FULL_R1_L0_STAGE15_MATCHED,NEW_MC,TIME_GIVEN_COVERAGE,LEGACY_RADEMACHER,False,rms_low,0.0373848143008412,8636,0.8636136386361364,1.0
MC_S0_FULL_R1_L0_STAGE15_MATCHED,NEW_MC,TIME_GIVEN_COVERAGE,LEGACY_RADEMACHER,False,rms_medium,0.1374610570889114,5614,0.5614438556144385,1.0
MC_S0_FULL_R1_L0_STAGE15_MATCHED,NEW_MC,TIME_GIVEN_COVERAGE,LEGACY_RADEMACHER,False,rms_high,1.5675400077064552,3837,0.3837616238376162,1.0
MC_S0_FULL_R1_L0_STAGE15_MATCHED,NEW_MC,TIME_GIVEN_COVERAGE,LEGACY_RADEMACHER,False,persistent_relation_rms,0.1477189164395174,7097,0.7097290270972902,1.0
MC_S0_FULL_R1_L0_STAGE15_MATCHED,NEW_MC,TIME_GIVEN_COVERAGE,GAUSSIAN_L1,False,component_share_birth,1.1702000708484626,1450,0.1450854914508549,1.0
MC_S0_FULL_R1_L0_STAGE15_MATCHED,NEW_MC,TIME_GIVEN_COVERAGE,GAUSSIAN_L1,False,component_share_death,0.4559661912844142,5225,0.5225477452254774,1.0
MC_S0_FULL_R1_L0_STAGE15_MATCHED,NEW_MC,TIME_GIVEN_COVERAGE,GAUSSIAN_L1,False,component_share_increase,20.232203902746097,961,0.0961903809619038,0.8657134286571343
MC_S0_FULL_R1_L0_STAGE15_MATCHED,NEW_MC,TIME_GIVEN_COVERAGE,GAUSSIAN_L1,False,support_share_low,0.1868948493111286,5687,0.5687431256874312,1.0
MC_S0_FULL_R1_L0_STAGE15_MATCHED,NEW_MC,TIME_GIVEN_COVERAGE,GAUSSIAN_L1,False,support_share_medium,0.0298238231397061,8055,0.8055194480551945,1.0
MC_S0_FULL_R1_L0_STAGE15_MATCHED,NEW_MC,TIME_GIVEN_COVERAGE,GAUSSIAN_L1,False,rms_low,0.0373848143008412,8542,0.8542145785421458,1.0
MC_S0_FULL_R1_L0_STAGE15_MATCHED,NEW_MC,TIME_GIVEN_COVERAGE,GAUSSIAN_L1,False,rms_medium,0.1374610570889114,5514,0.5514448555144486,1.0
MC_S0_FULL_R1_L0_STAGE15_MATCHED,NEW_MC,TIME_GIVEN_COVERAGE,GAUSSIAN_L1,False,rms_high,1.5675400077064552,3613,0.3613638636136386,1.0
MC_S0_FULL_R1_L0_STAGE15_MATCHED,NEW_MC,TIME_GIVEN_COVERAGE,GAUSSIAN_L1,False,persistent_relation_rms,0.1477189164395174,6140,0.6140385961403859,1.0
MC_S0_FULL_R1_L0_STAGE15_MATCHED,NEW_MC,TIME_GIVEN_COVERAGE,DWB_L2,False,component_share_birth,1.1702000708484626,1465,0.1465853414658534,1.0
MC_S0_FULL_R1_L0_STAGE15_MATCHED,NEW_MC,TIME_GIVEN_COVERAGE,DWB_L2,False,component_share_death,0.4559661912844142,3962,0.3962603739626037,1.0
MC_S0_FULL_R1_L0_STAGE15_MATCHED,NEW_MC,TIME_GIVEN_COVERAGE,DWB_L2,False,component_share_increase,20.232203902746097,1248,0.1248875112488751,1.0
MC_S0_FULL_R1_L0_STAGE15_MATCHED,NEW_MC,TIME_GIVEN_COVERAGE,DWB_L2,False,support_share_low,0.1868948493111286,6058,0.6058394160583942,1.0
MC_S0_FULL_R1_L0_STAGE15_MATCHED,NEW_MC,TIME_GIVEN_COVERAGE,DWB_L2,False,support_share_medium,0.0298238231397061,8232,0.8232176782321767,1.0
MC_S0_FULL_R1_L0_STAGE15_MATCHED,NEW_MC,TIME_GIVEN_COVERAGE,DWB_L2,False,rms_low,0.0373848143008412,8527,0.8527147285271472,1.0
MC_S0_FULL_R1_L0_STAGE15_MATCHED,NEW_MC,TIME_GIVEN_COVERAGE,DWB_L2,False,rms_medium,0.1374610570889114,6217,0.6217378262173783,1.0
MC_S0_FULL_R1_L0_STAGE15_MATCHED,NEW_MC,TIME_GIVEN_COVERAGE,DWB_L2,False,rms_high,1.5675400077064552,4202,0.4202579742025797,1.0
MC_S0_FULL_R1_L0_STAGE15_MATCHED,NEW_MC,TIME_GIVEN_COVERAGE,DWB_L2,False,persistent_relation_rms,0.1477189164395174,6051,0.6051394860513949,1.0
MC_S0_FULL_R1_L0_STAGE15_MATCHED,NEW_MC,TIME_GIVEN_COVERAGE,DWB_L3,True,component_share_birth,1.1702000708484626,1456,0.1456854314568543,1.0
MC_S0_FULL_R1_L0_STAGE15_MATCHED,NEW_MC,TIME_GIVEN_COVERAGE,DWB_L3,True,component_share_death,0.4559661912844142,3335,0.3335666433356664,1.0
MC_S0_FULL_R1_L0_STAGE15_MATCHED,NEW_MC,TIME_GIVEN_COVERAGE,DWB_L3,True,component_share_increase,20.232203902746097,1331,0.1331866813318668,1.0
MC_S0_FULL_R1_L0_STAGE15_MATCHED,NEW_MC,TIME_GIVEN_COVERAGE,DWB_L3,True,support_share_low,0.1868948493111286,6360,0.6360363963603639,1.0
MC_S0_FULL_R1_L0_STAGE15_MATCHED,NEW_MC,TIME_GIVEN_COVERAGE,DWB_L3,True,support_share_medium,0.0298238231397061,8350,0.835016498350165,1.0
MC_S0_FULL_R1_L0_STAGE15_MATCHED,NEW_MC,TIME_GIVEN_COVERAGE,DWB_L3,True,rms_low,0.0373848143008412,8234,0.8234176582341766,1.0
MC_S0_FULL_R1_L0_STAGE15_MATCHED,NEW_MC,TIME_GIVEN_COVERAGE,DWB_L3,True,rms_medium,0.1374610570889114,6574,0.6574342565743425,1.0
MC_S0_FULL_R1_L0_STAGE15_MATCHED,NEW_MC,TIME_GIVEN_COVERAGE,DWB_L3,True,rms_high,1.5675400077064552,4746,0.4746525347465253,1.0
MC_S0_FULL_R1_L0_STAGE15_MATCHED,NEW_MC,TIME_GIVEN_COVERAGE,DWB_L3,True,persistent_relation_rms,0.1477189164395174,5779,0.577942205779422,1.0
MC_S0_FULL_R1_L0_STAGE15_MATCHED,NEW_MC,TIME_GIVEN_COVERAGE,DWB_L4,False,component_share_birth,1.1702000708484626,1604,0.1604839516048395,1.0
MC_S0_FULL_R1_L0_STAGE15_MATCHED,NEW_MC,TIME_GIVEN_COVERAGE,DWB_L4,False,component_share_death,0.4559661912844142,2878,0.2878712128787121,1.0
MC_S0_FULL_R1_L0_STAGE15_MATCHED,NEW_MC,TIME_GIVEN_COVERAGE,DWB_L4,False,component_share_increase,20.232203902746097,1465,0.1465853414658534,1.0
MC_S0_FULL_R1_L0_STAGE15_MATCHED,NEW_MC,TIME_GIVEN_COVERAGE,DWB_L4,False,support_share_low,0.1868948493111286,6377,0.6377362263773623,1.0
MC_S0_FULL_R1_L0_STAGE15_MATCHED,NEW_MC,TIME_GIVEN_COVERAGE,DWB_L4,False,support_share_medium,0.0298238231397061,8335,0.8335166483351665,1.0
MC_S0_FULL_R1_L0_STAGE15_MATCHED,NEW_MC,TIME_GIVEN_COVERAGE,DWB_L4,False,rms_low,0.0373848143008412,8055,0.8055194480551945,1.0
MC_S0_FULL_R1_L0_STAGE15_MATCHED,NEW_MC,TIME_GIVEN_COVERAGE,DWB_L4,False,rms_medium,0.1374610570889114,6662,0.6662333766623337,1.0
MC_S0_FULL_R1_L0_STAGE15_MATCHED,NEW_MC,TIME_GIVEN_COVERAGE,DWB_L4,False,rms_high,1.5675400077064552,4924,0.4924507549245075,1.0
MC_S0_FULL_R1_L0_STAGE15_MATCHED,NEW_MC,TIME_GIVEN_COVERAGE,DWB_L4,False,persistent_relation_rms,0.1477189164395174,5696,0.5696430356964304,1.0
MC_S0_FULL_R1_L0_STAGE15_MATCHED,NEW_MC,COVERAGE_GIVEN_TIME,LEGACY_RADEMACHER,False,component_share_birth,0.1408216352863878,6193,0.6193380661933806,1.0
MC_S0_FULL_R1_L0_STAGE15_MATCHED,NEW_MC,COVERAGE_GIVEN_TIME,LEGACY_RADEMACHER,False,component_share_death,0.5028698717220834,5670,0.567043295670433,1.0
MC_S0_FULL_R1_L0_STAGE15_MATCHED,NEW_MC,COVERAGE_GIVEN_TIME,LEGACY_RADEMACHER,False,component_share_increase,3.068555271269464,2374,0.2374762523747625,1.0
MC_S0_FULL_R1_L0_STAGE15_MATCHED,NEW_MC,COVERAGE_GIVEN_TIME,LEGACY_RADEMACHER,False,support_share_low,1.3366608078814135,764,0.0764923507649235,0.5354464553544646
MC_S0_FULL_R1_L0_STAGE15_MATCHED,NEW_MC,COVERAGE_GIVEN_TIME,LEGACY_RADEMACHER,False,support_share_medium,1.5735485364009951,268,0.0268973102689731,0.2151784821517848
MC_S0_FULL_R1_L0_STAGE15_MATCHED,NEW_MC,COVERAGE_GIVEN_TIME,LEGACY_RADEMACHER,False,rms_low,1.1066690548692222,2786,0.2786721327867213,1.0
MC_S0_FULL_R1_L0_STAGE15_MATCHED,NEW_MC,COVERAGE_GIVEN_TIME,LEGACY_RADEMACHER,False,rms_medium,0.1102169913726527,7060,0.706029397060294,1.0
MC_S0_FULL_R1_L0_STAGE15_MATCHED,NEW_MC,COVERAGE_GIVEN_TIME,LEGACY_RADEMACHER,False,rms_high,53.97880321855126,0,9.999000099990002e-05,0.0008999100089991
MC_S0_FULL_R1_L0_STAGE15_MATCHED,NEW_MC,COVERAGE_GIVEN_TIME,LEGACY_RADEMACHER,False,persistent_relation_rms,0.1819019234227861,6315,0.6315368463153684,1.0
MC_S0_FULL_R1_L0_STAGE15_MATCHED,NEW_MC,COVERAGE_GIVEN_TIME,GAUSSIAN_L1,False,component_share_birth,0.1408216352863878,6053,0.6053394660533946,1.0
MC_S0_FULL_R1_L0_STAGE15_MATCHED,NEW_MC,COVERAGE_GIVEN_TIME,GAUSSIAN_L1,False,component_share_death,0.5028698717220834,5470,0.547045295470453,1.0
MC_S0_FULL_R1_L0_STAGE15_MATCHED,NEW_MC,COVERAGE_GIVEN_TIME,GAUSSIAN_L1,False,component_share_increase,3.068555271269464,2137,0.2137786221377862,1.0
MC_S0_FULL_R1_L0_STAGE15_MATCHED,NEW_MC,COVERAGE_GIVEN_TIME,GAUSSIAN_L1,False,support_share_low,1.3366608078814135,1292,0.1292870712928707,0.905009499050095
MC_S0_FULL_R1_L0_STAGE15_MATCHED,NEW_MC,COVERAGE_GIVEN_TIME,GAUSSIAN_L1,False,support_share_medium,1.5735485364009951,740,0.0740925907409259,0.5927407259274072
MC_S0_FULL_R1_L0_STAGE15_MATCHED,NEW_MC,COVERAGE_GIVEN_TIME,GAUSSIAN_L1,False,rms_low,1.1066690548692222,2695,0.2695730426957304,1.0
MC_S0_FULL_R1_L0_STAGE15_MATCHED,NEW_MC,COVERAGE_GIVEN_TIME,GAUSSIAN_L1,False,rms_medium,0.1102169913726527,7002,0.7002299770022997,1.0
MC_S0_FULL_R1_L0_STAGE15_MATCHED,NEW_MC,COVERAGE_GIVEN_TIME,GAUSSIAN_L1,False,rms_high,53.97880321855126,16,0.0016998300169983,0.0152984701529847
MC_S0_FULL_R1_L0_STAGE15_MATCHED,NEW_MC,COVERAGE_GIVEN_TIME,GAUSSIAN_L1,False,persistent_relation_rms,0.1819019234227861,5770,0.577042295770423,1.0
MC_S0_FULL_R1_L0_STAGE15_MATCHED,NEW_MC,COVERAGE_GIVEN_TIME,DWB_L2,False,component_share_birth,0.1408216352863878,4431,0.4431556844315568,1.0
MC_S0_FULL_R1_L0_STAGE15_MATCHED,NEW_MC,COVERAGE_GIVEN_TIME,DWB_L2,False,component_share_death,0.5028698717220834,4229,0.422957704229577,1.0
MC_S0_FULL_R1_L0_STAGE15_MATCHED,NEW_MC,COVERAGE_GIVEN_TIME,DWB_L2,False,component_share_increase,3.068555271269464,2195,0.2195780421957804,1.0
MC_S0_FULL_R1_L0_STAGE15_MATCHED,NEW_MC,COVERAGE_GIVEN_TIME,DWB_L2,False,support_share_low,1.3366608078814135,1669,0.166983301669833,1.0
MC_S0_FULL_R1_L0_STAGE15_MATCHED,NEW_MC,COVERAGE_GIVEN_TIME,DWB_L2,False,support_share_medium,1.5735485364009951,1061,0.1061893810618938,0.8495150484951505
MC_S0_FULL_R1_L0_STAGE15_MATCHED,NEW_MC,COVERAGE_GIVEN_TIME,DWB_L2,False,rms_low,1.1066690548692222,2429,0.242975702429757,1.0
MC_S0_FULL_R1_L0_STAGE15_MATCHED,NEW_MC,COVERAGE_GIVEN_TIME,DWB_L2,False,rms_medium,0.1102169913726527,7178,0.7178282171782822,1.0
MC_S0_FULL_R1_L0_STAGE15_MATCHED,NEW_MC,COVERAGE_GIVEN_TIME,DWB_L2,False,rms_high,53.97880321855126,140,0.0140985901409859,0.1268873112688731
MC_S0_FULL_R1_L0_STAGE15_MATCHED,NEW_MC,COVERAGE_GIVEN_TIME,DWB_L2,False,persistent_relation_rms,0.1819019234227861,5450,0.545045495450455,1.0
MC_S0_FULL_R1_L0_STAGE15_MATCHED,NEW_MC,COVERAGE_GIVEN_TIME,DWB_L3,True,component_share_birth,0.1408216352863878,3621,0.3621637836216378,1.0
MC_S0_FULL_R1_L0_STAGE15_MATCHED,NEW_MC,COVERAGE_GIVEN_TIME,DWB_L3,True,component_share_death,0.5028698717220834,4223,0.4223577642235776,1.0
MC_S0_FULL_R1_L0_STAGE15_MATCHED,NEW_MC,COVERAGE_GIVEN_TIME,DWB_L3,True,component_share_increase,3.068555271269464,1826,0.1826817318268173,1.0
MC_S0_FULL_R1_L0_STAGE15_MATCHED,NEW_MC,COVERAGE_GIVEN_TIME,DWB_L3,True,support_share_low,1.3366608078814135,1855,0.1855814418558144,1.0
MC_S0_FULL_R1_L0_STAGE15_MATCHED,NEW_MC,COVERAGE_GIVEN_TIME,DWB_L3,True,support_share_medium,1.5735485364009951,1262,0.1262873712628737,1.0
MC_S0_FULL_R1_L0_STAGE15_MATCHED,NEW_MC,COVERAGE_GIVEN_TIME,DWB_L3,True,rms_low,1.1066690548692222,2404,0.2404759524047595,1.0
MC_S0_FULL_R1_L0_STAGE15_MATCHED,NEW_MC,COVERAGE_GIVEN_TIME,DWB_L3,True,rms_medium,0.1102169913726527,7214,0.7214278572142786,1.0
MC_S0_FULL_R1_L0_STAGE15_MATCHED,NEW_MC,COVERAGE_GIVEN_TIME,DWB_L3,True,rms_high,53.97880321855126,340,0.0340965903409659,0.3068693130686931
MC_S0_FULL_R1_L0_STAGE15_MATCHED,NEW_MC,COVERAGE_GIVEN_TIME,DWB_L3,True,persistent_relation_rms,0.1819019234227861,5194,0.5194480551944806,1.0
MC_S0_FULL_R1_L0_STAGE15_MATCHED,NEW_MC,COVERAGE_GIVEN_TIME,DWB_L4,False,component_share_birth,0.1408216352863878,3903,0.3903609639036096,1.0
MC_S0_FULL_R1_L0_STAGE15_MATCHED,NEW_MC,COVERAGE_GIVEN_TIME,DWB_L4,False,component_share_death,0.5028698717220834,3943,0.3943605639436056,1.0
MC_S0_FULL_R1_L0_STAGE15_MATCHED,NEW_MC,COVERAGE_GIVEN_TIME,DWB_L4,False,component_share_increase,3.068555271269464,1761,0.1761823817618238,1.0
MC_S0_FULL_R1_L0_STAGE15_MATCHED,NEW_MC,COVERAGE_GIVEN_TIME,DWB_L4,False,support_share_low,1.3366608078814135,1939,0.193980601939806,1.0
MC_S0_FULL_R1_L0_STAGE15_MATCHED,NEW_MC,COVERAGE_GIVEN_TIME,DWB_L4,False,support_share_medium,1.5735485364009951,1352,0.1352864713528647,1.0
MC_S0_FULL_R1_L0_STAGE15_MATCHED,NEW_MC,COVERAGE_GIVEN_TIME,DWB_L4,False,rms_low,1.1066690548692222,2494,0.2494750524947505,1.0
MC_S0_FULL_R1_L0_STAGE15_MATCHED,NEW_MC,COVERAGE_GIVEN_TIME,DWB_L4,False,rms_medium,0.1102169913726527,7194,0.7194280571942806,1.0
MC_S0_FULL_R1_L0_STAGE15_MATCHED,NEW_MC,COVERAGE_GIVEN_TIME,DWB_L4,False,rms_high,53.97880321855126,550,0.0550944905509449,0.4958504149585041
MC_S0_FULL_R1_L0_STAGE15_MATCHED,NEW_MC,COVERAGE_GIVEN_TIME,DWB_L4,False,persistent_relation_rms,0.1819019234227861,5012,0.5012498750124987,1.0
MC_S0_FULL_R1_L1_EXTENDED,NEW_MC,TIME_GIVEN_COVERAGE,LEGACY_RADEMACHER,False,component_share_birth,0.5396991570670728,2588,0.2588741125887411,1.0
MC_S0_FULL_R1_L1_EXTENDED,NEW_MC,TIME_GIVEN_COVERAGE,LEGACY_RADEMACHER,False,component_share_death,0.1652543959525232,8078,0.8078192180781922,1.0
MC_S0_FULL_R1_L1_EXTENDED,NEW_MC,TIME_GIVEN_COVERAGE,LEGACY_RADEMACHER,False,component_share_increase,9.988577920528996,1062,0.1062893710628937,0.9566043395660434
MC_S0_FULL_R1_L1_EXTENDED,NEW_MC,TIME_GIVEN_COVERAGE,LEGACY_RADEMACHER,False,support_share_low,0.0157934363041718,9658,0.9658034196580342,1.0
MC_S0_FULL_R1_L1_EXTENDED,NEW_MC,TIME_GIVEN_COVERAGE,LEGACY_RADEMACHER,False,support_share_medium,0.0559056608263208,9605,0.9605039496050396,1.0
MC_S0_FULL_R1_L1_EXTENDED,NEW_MC,TIME_GIVEN_COVERAGE,LEGACY_RADEMACHER,False,rms_low,0.8734049738108212,4238,0.4238576142385761,1.0
MC_S0_FULL_R1_L1_EXTENDED,NEW_MC,TIME_GIVEN_COVERAGE,LEGACY_RADEMACHER,False,rms_medium,0.0734620289691658,6745,0.6745325467453255,1.0
MC_S0_FULL_R1_L1_EXTENDED,NEW_MC,TIME_GIVEN_COVERAGE,LEGACY_RADEMACHER,False,rms_high,1.605866690125211,3391,0.3391660833916608,1.0
MC_S0_FULL_R1_L1_EXTENDED,NEW_MC,TIME_GIVEN_COVERAGE,LEGACY_RADEMACHER,False,persistent_relation_rms,0.0008758663152406,9841,0.984101589841016,1.0
MC_S0_FULL_R1_L1_EXTENDED,NEW_MC,TIME_GIVEN_COVERAGE,GAUSSIAN_L1,False,component_share_birth,0.5396991570670728,2448,0.2448755124487551,1.0
MC_S0_FULL_R1_L1_EXTENDED,NEW_MC,TIME_GIVEN_COVERAGE,GAUSSIAN_L1,False,component_share_death,0.1652543959525232,7985,0.7985201479852014,1.0
MC_S0_FULL_R1_L1_EXTENDED,NEW_MC,TIME_GIVEN_COVERAGE,GAUSSIAN_L1,False,component_share_increase,9.988577920528996,1847,0.1847815218478152,1.0
MC_S0_FULL_R1_L1_EXTENDED,NEW_MC,TIME_GIVEN_COVERAGE,GAUSSIAN_L1,False,support_share_low,0.0157934363041718,8656,0.8656134386561344,1.0
MC_S0_FULL_R1_L1_EXTENDED,NEW_MC,TIME_GIVEN_COVERAGE,GAUSSIAN_L1,False,support_share_medium,0.0559056608263208,8032,0.8032196780321967,1.0
MC_S0_FULL_R1_L1_EXTENDED,NEW_MC,TIME_GIVEN_COVERAGE,GAUSSIAN_L1,False,rms_low,0.8734049738108212,3951,0.3951604839516048,1.0
MC_S0_FULL_R1_L1_EXTENDED,NEW_MC,TIME_GIVEN_COVERAGE,GAUSSIAN_L1,False,rms_medium,0.0734620289691658,6645,0.6645335466453355,1.0
MC_S0_FULL_R1_L1_EXTENDED,NEW_MC,TIME_GIVEN_COVERAGE,GAUSSIAN_L1,False,rms_high,1.605866690125211,3117,0.3117688231176882,1.0
MC_S0_FULL_R1_L1_EXTENDED,NEW_MC,TIME_GIVEN_COVERAGE,GAUSSIAN_L1,False,persistent_relation_rms,0.0008758663152406,9751,0.9751024897510248,1.0
MC_S0_FULL_R1_L1_EXTENDED,NEW_MC,TIME_GIVEN_COVERAGE,DWB_L2,False,component_share_birth,0.5396991570670728,1431,0.1431856814318568,1.0
MC_S0_FULL_R1_L1_EXTENDED,NEW_MC,TIME_GIVEN_COVERAGE,DWB_L2,False,component_share_death,0.1652543959525232,7712,0.7712228777122287,1.0
MC_S0_FULL_R1_L1_EXTENDED,NEW_MC,TIME_GIVEN_COVERAGE,DWB_L2,False,component_share_increase,9.988577920528996,1569,0.156984301569843,1.0
MC_S0_FULL_R1_L1_EXTENDED,NEW_MC,TIME_GIVEN_COVERAGE,DWB_L2,False,support_share_low,0.0157934363041718,8626,0.8626137386261374,1.0
MC_S0_FULL_R1_L1_EXTENDED,NEW_MC,TIME_GIVEN_COVERAGE,DWB_L2,False,support_share_medium,0.0559056608263208,8003,0.8003199680031997,1.0
MC_S0_FULL_R1_L1_EXTENDED,NEW_MC,TIME_GIVEN_COVERAGE,DWB_L2,False,rms_low,0.8734049738108212,3669,0.366963303669633,1.0
MC_S0_FULL_R1_L1_EXTENDED,NEW_MC,TIME_GIVEN_COVERAGE,DWB_L2,False,rms_medium,0.0734620289691658,7265,0.7265273472652735,1.0
MC_S0_FULL_R1_L1_EXTENDED,NEW_MC,TIME_GIVEN_COVERAGE,DWB_L2,False,rms_high,1.605866690125211,3889,0.388961103889611,1.0
MC_S0_FULL_R1_L1_EXTENDED,NEW_MC,TIME_GIVEN_COVERAGE,DWB_L2,False,persistent_relation_rms,0.0008758663152406,9749,0.9749025097490251,1.0
MC_S0_FULL_R1_L1_EXTENDED,NEW_MC,TIME_GIVEN_COVERAGE,DWB_L3,True,component_share_birth,0.5396991570670728,1242,0.1242875712428757,1.0
MC_S0_FULL_R1_L1_EXTENDED,NEW_MC,TIME_GIVEN_COVERAGE,DWB_L3,True,component_share_death,0.1652543959525232,7232,0.7232276772322768,1.0
MC_S0_FULL_R1_L1_EXTENDED,NEW_MC,TIME_GIVEN_COVERAGE,DWB_L3,True,component_share_increase,9.988577920528996,1392,0.1392860713928607,1.0
MC_S0_FULL_R1_L1_EXTENDED,NEW_MC,TIME_GIVEN_COVERAGE,DWB_L3,True,support_share_low,0.0157934363041718,8615,0.8615138486151385,1.0
MC_S0_FULL_R1_L1_EXTENDED,NEW_MC,TIME_GIVEN_COVERAGE,DWB_L3,True,support_share_medium,0.0559056608263208,8067,0.8067193280671933,1.0
MC_S0_FULL_R1_L1_EXTENDED,NEW_MC,TIME_GIVEN_COVERAGE,DWB_L3,True,rms_low,0.8734049738108212,3507,0.3507649235076492,1.0
MC_S0_FULL_R1_L1_EXTENDED,NEW_MC,TIME_GIVEN_COVERAGE,DWB_L3,True,rms_medium,0.0734620289691658,7479,0.7479252074792521,1.0
MC_S0_FULL_R1_L1_EXTENDED,NEW_MC,TIME_GIVEN_COVERAGE,DWB_L3,True,rms_high,1.605866690125211,4281,0.4281571842815718,1.0
MC_S0_FULL_R1_L1_EXTENDED,NEW_MC,TIME_GIVEN_COVERAGE,DWB_L3,True,persistent_relation_rms,0.0008758663152406,9753,0.9753024697530248,1.0
MC_S0_FULL_R1_L1_EXTENDED,NEW_MC,TIME_GIVEN_COVERAGE,DWB_L4,False,component_share_birth,0.5396991570670728,1416,0.1416858314168583,1.0
MC_S0_FULL_R1_L1_EXTENDED,NEW_MC,TIME_GIVEN_COVERAGE,DWB_L4,False,component_share_death,0.1652543959525232,6851,0.6851314868513149,1.0
MC_S0_FULL_R1_L1_EXTENDED,NEW_MC,TIME_GIVEN_COVERAGE,DWB_L4,False,component_share_increase,9.988577920528996,1441,0.1441855814418558,1.0
MC_S0_FULL_R1_L1_EXTENDED,NEW_MC,TIME_GIVEN_COVERAGE,DWB_L4,False,support_share_low,0.0157934363041718,8644,0.8644135586441356,1.0
MC_S0_FULL_R1_L1_EXTENDED,NEW_MC,TIME_GIVEN_COVERAGE,DWB_L4,False,support_share_medium,0.0559056608263208,8059,0.805919408059194,1.0
MC_S0_FULL_R1_L1_EXTENDED,NEW_MC,TIME_GIVEN_COVERAGE,DWB_L4,False,rms_low,0.8734049738108212,3433,0.3433656634336566,1.0
MC_S0_FULL_R1_L1_EXTENDED,NEW_MC,TIME_GIVEN_COVERAGE,DWB_L4,False,rms_medium,0.0734620289691658,7433,0.7433256674332567,1.0
MC_S0_FULL_R1_L1_EXTENDED,NEW_MC,TIME_GIVEN_COVERAGE,DWB_L4,False,rms_high,1.605866690125211,4470,0.4470552944705529,1.0
MC_S0_FULL_R1_L1_EXTENDED,NEW_MC,TIME_GIVEN_COVERAGE,DWB_L4,False,persistent_relation_rms,0.0008758663152406,9748,0.9748025197480252,1.0
MC_S0_FULL_R1_L1_EXTENDED,NEW_MC,COVERAGE_GIVEN_TIME,LEGACY_RADEMACHER,False,component_share_birth,0.066916387618658,6976,0.6976302369763023,1.0
MC_S0_FULL_R1_L1_EXTENDED,NEW_MC,COVERAGE_GIVEN_TIME,LEGACY_RADEMACHER,False,component_share_death,0.0233110787810559,9292,0.9292070792920708,1.0
MC_S0_FULL_R1_L1_EXTENDED,NEW_MC,COVERAGE_GIVEN_TIME,LEGACY_RADEMACHER,False,component_share_increase,1.1360214624105502,5885,0.5885411458854115,1.0
MC_S0_FULL_R1_L1_EXTENDED,NEW_MC,COVERAGE_GIVEN_TIME,LEGACY_RADEMACHER,False,support_share_low,2.2342583875975617,50,0.0050994900509949,0.0356964303569643
MC_S0_FULL_R1_L1_EXTENDED,NEW_MC,COVERAGE_GIVEN_TIME,LEGACY_RADEMACHER,False,support_share_medium,5.026742612413983,14,0.0014998500149985,0.011998800119988
MC_S0_FULL_R1_L1_EXTENDED,NEW_MC,COVERAGE_GIVEN_TIME,LEGACY_RADEMACHER,False,rms_low,0.1291335878859776,7438,0.7438256174382561,1.0
MC_S0_FULL_R1_L1_EXTENDED,NEW_MC,COVERAGE_GIVEN_TIME,LEGACY_RADEMACHER,False,rms_medium,0.0478933383310753,8318,0.8318168183181682,1.0
MC_S0_FULL_R1_L1_EXTENDED,NEW_MC,COVERAGE_GIVEN_TIME,LEGACY_RADEMACHER,False,rms_high,48.16811310988817,0,9.999000099990002e-05,0.0008999100089991
MC_S0_FULL_R1_L1_EXTENDED,NEW_MC,COVERAGE_GIVEN_TIME,LEGACY_RADEMACHER,False,persistent_relation_rms,0.3031993666416746,6053,0.6053394660533946,1.0
MC_S0_FULL_R1_L1_EXTENDED,NEW_MC,COVERAGE_GIVEN_TIME,GAUSSIAN_L1,False,component_share_birth,0.066916387618658,6869,0.686931306869313,1.0
MC_S0_FULL_R1_L1_EXTENDED,NEW_MC,COVERAGE_GIVEN_TIME,GAUSSIAN_L1,False,component_share_death,0.0233110787810559,9235,0.9235076492350764,1.0
MC_S0_FULL_R1_L1_EXTENDED,NEW_MC,COVERAGE_GIVEN_TIME,GAUSSIAN_L1,False,component_share_increase,1.1360214624105502,4421,0.4421557844215578,1.0
MC_S0_FULL_R1_L1_EXTENDED,NEW_MC,COVERAGE_GIVEN_TIME,GAUSSIAN_L1,False,support_share_low,2.2342583875975617,534,0.0534946505349465,0.3744625537446255
MC_S0_FULL_R1_L1_EXTENDED,NEW_MC,COVERAGE_GIVEN_TIME,GAUSSIAN_L1,False,support_share_medium,5.026742612413983,256,0.0256974302569743,0.2055794420557944
MC_S0_FULL_R1_L1_EXTENDED,NEW_MC,COVERAGE_GIVEN_TIME,GAUSSIAN_L1,False,rms_low,0.1291335878859776,7249,0.7249275072492751,1.0
MC_S0_FULL_R1_L1_EXTENDED,NEW_MC,COVERAGE_GIVEN_TIME,GAUSSIAN_L1,False,rms_medium,0.0478933383310753,8067,0.8067193280671933,1.0
MC_S0_FULL_R1_L1_EXTENDED,NEW_MC,COVERAGE_GIVEN_TIME,GAUSSIAN_L1,False,rms_high,48.16811310988817,21,0.0021997800219978,0.0197980201979802
MC_S0_FULL_R1_L1_EXTENDED,NEW_MC,COVERAGE_GIVEN_TIME,GAUSSIAN_L1,False,persistent_relation_rms,0.3031993666416746,5674,0.5674432556744325,1.0
MC_S0_FULL_R1_L1_EXTENDED,NEW_MC,COVERAGE_GIVEN_TIME,DWB_L2,False,component_share_birth,0.066916387618658,5088,0.5088491150884912,1.0
MC_S0_FULL_R1_L1_EXTENDED,NEW_MC,COVERAGE_GIVEN_TIME,DWB_L2,False,component_share_death,0.0233110787810559,9034,0.9034096590340964,1.0
MC_S0_FULL_R1_L1_EXTENDED,NEW_MC,COVERAGE_GIVEN_TIME,DWB_L2,False,component_share_increase,1.1360214624105502,3870,0.3870612938706129,1.0
MC_S0_FULL_R1_L1_EXTENDED,NEW_MC,COVERAGE_GIVEN_TIME,DWB_L2,False,support_share_low,2.2342583875975617,756,0.0756924307569243,0.5298470152984701
MC_S0_FULL_R1_L1_EXTENDED,NEW_MC,COVERAGE_GIVEN_TIME,DWB_L2,False,support_share_medium,5.026742612413983,409,0.040995900409959,0.327967203279672
MC_S0_FULL_R1_L1_EXTENDED,NEW_MC,COVERAGE_GIVEN_TIME,DWB_L2,False,rms_low,0.1291335878859776,7146,0.7146285371462854,1.0
MC_S0_FULL_R1_L1_EXTENDED,NEW_MC,COVERAGE_GIVEN_TIME,DWB_L2,False,rms_medium,0.0478933383310753,8364,0.8364163583641636,1.0
MC_S0_FULL_R1_L1_EXTENDED,NEW_MC,COVERAGE_GIVEN_TIME,DWB_L2,False,rms_high,48.16811310988817,151,0.0151984801519848,0.1367863213678632
MC_S0_FULL_R1_L1_EXTENDED,NEW_MC,COVERAGE_GIVEN_TIME,DWB_L2,False,persistent_relation_rms,0.3031993666416746,5626,0.5626437356264373,1.0
MC_S0_FULL_R1_L1_EXTENDED,NEW_MC,COVERAGE_GIVEN_TIME,DWB_L3,True,component_share_birth,0.066916387618658,4563,0.4563543645635436,1.0
MC_S0_FULL_R1_L1_EXTENDED,NEW_MC,COVERAGE_GIVEN_TIME,DWB_L3,True,component_share_death,0.0233110787810559,9004,0.9004099590040996,1.0
MC_S0_FULL_R1_L1_EXTENDED,NEW_MC,COVERAGE_GIVEN_TIME,DWB_L3,True,component_share_increase,1.1360214624105502,3157,0.3157684231576842,1.0
MC_S0_FULL_R1_L1_EXTENDED,NEW_MC,COVERAGE_GIVEN_TIME,DWB_L3,True,support_share_low,2.2342583875975617,814,0.0814918508149185,0.5704429557044296
MC_S0_FULL_R1_L1_EXTENDED,NEW_MC,COVERAGE_GIVEN_TIME,DWB_L3,True,support_share_medium,5.026742612413983,531,0.0531946805319468,0.4255574442555744
MC_S0_FULL_R1_L1_EXTENDED,NEW_MC,COVERAGE_GIVEN_TIME,DWB_L3,True,rms_low,0.1291335878859776,7033,0.7033296670332967,1.0
MC_S0_FULL_R1_L1_EXTENDED,NEW_MC,COVERAGE_GIVEN_TIME,DWB_L3,True,rms_medium,0.0478933383310753,8357,0.8357164283571643,1.0
MC_S0_FULL_R1_L1_EXTENDED,NEW_MC,COVERAGE_GIVEN_TIME,DWB_L3,True,rms_high,48.16811310988817,339,0.033996600339966,0.305969403059694
MC_S0_FULL_R1_L1_EXTENDED,NEW_MC,COVERAGE_GIVEN_TIME,DWB_L3,True,persistent_relation_rms,0.3031993666416746,5379,0.537946205379462,1.0
MC_S0_FULL_R1_L1_EXTENDED,NEW_MC,COVERAGE_GIVEN_TIME,DWB_L4,False,component_share_birth,0.066916387618658,4502,0.4502549745025497,1.0
MC_S0_FULL_R1_L1_EXTENDED,NEW_MC,COVERAGE_GIVEN_TIME,DWB_L4,False,component_share_death,0.0233110787810559,8913,0.8913108689131087,1.0
MC_S0_FULL_R1_L1_EXTENDED,NEW_MC,COVERAGE_GIVEN_TIME,DWB_L4,False,component_share_increase,1.1360214624105502,2869,0.286971302869713,1.0
MC_S0_FULL_R1_L1_EXTENDED,NEW_MC,COVERAGE_GIVEN_TIME,DWB_L4,False,support_share_low,2.2342583875975617,875,0.0875912408759124,0.6131386861313869
MC_S0_FULL_R1_L1_EXTENDED,NEW_MC,COVERAGE_GIVEN_TIME,DWB_L4,False,support_share_medium,5.026742612413983,621,0.0621937806219378,0.4975502449755024
MC_S0_FULL_R1_L1_EXTENDED,NEW_MC,COVERAGE_GIVEN_TIME,DWB_L4,False,rms_low,0.1291335878859776,6912,0.6912308769123088,1.0
MC_S0_FULL_R1_L1_EXTENDED,NEW_MC,COVERAGE_GIVEN_TIME,DWB_L4,False,rms_medium,0.0478933383310753,8286,0.8286171382861713,1.0
MC_S0_FULL_R1_L1_EXTENDED,NEW_MC,COVERAGE_GIVEN_TIME,DWB_L4,False,rms_high,48.16811310988817,520,0.0520947905209479,0.4688531146885311
MC_S0_FULL_R1_L1_EXTENDED,NEW_MC,COVERAGE_GIVEN_TIME,DWB_L4,False,persistent_relation_rms,0.3031993666416746,5041,0.5041495850414959,1.0
MC_S0_FULL_R1_L2_HIGH,NEW_MC,TIME_GIVEN_COVERAGE,LEGACY_RADEMACHER,False,component_share_birth,0.0093544850431985,8941,0.8941105889411058,1.0
MC_S0_FULL_R1_L2_HIGH,NEW_MC,TIME_GIVEN_COVERAGE,LEGACY_RADEMACHER,False,component_share_death,0.0457973769183439,8592,0.8592140785921408,1.0
MC_S0_FULL_R1_L2_HIGH,NEW_MC,TIME_GIVEN_COVERAGE,LEGACY_RADEMACHER,False,component_share_increase,0.1382072001808332,7934,0.7934206579342066,1.0
MC_S0_FULL_R1_L2_HIGH,NEW_MC,TIME_GIVEN_COVERAGE,LEGACY_RADEMACHER,False,support_share_low,0.0043478061849162,9573,0.9573042695730428,1.0
MC_S0_FULL_R1_L2_HIGH,NEW_MC,TIME_GIVEN_COVERAGE,LEGACY_RADEMACHER,False,support_share_medium,0.0274490537173184,8758,0.8758124187581242,1.0
MC_S0_FULL_R1_L2_HIGH,NEW_MC,TIME_GIVEN_COVERAGE,LEGACY_RADEMACHER,False,rms_low,1.0816100506724489,3864,0.3864613538646135,1.0
MC_S0_FULL_R1_L2_HIGH,NEW_MC,TIME_GIVEN_COVERAGE,LEGACY_RADEMACHER,False,rms_medium,0.0468314857429081,7340,0.734026597340266,1.0
MC_S0_FULL_R1_L2_HIGH,NEW_MC,TIME_GIVEN_COVERAGE,LEGACY_RADEMACHER,False,rms_high,1.440274057106997,3261,0.3261673832616738,1.0
MC_S0_FULL_R1_L2_HIGH,NEW_MC,TIME_GIVEN_COVERAGE,LEGACY_RADEMACHER,False,persistent_relation_rms,1.8388006136952464,448,0.0448955104489551,0.4040595940405959
MC_S0_FULL_R1_L2_HIGH,NEW_MC,TIME_GIVEN_COVERAGE,GAUSSIAN_L1,False,component_share_birth,0.0093544850431985,8935,0.8935106489351065,1.0
MC_S0_FULL_R1_L2_HIGH,NEW_MC,TIME_GIVEN_COVERAGE,GAUSSIAN_L1,False,component_share_death,0.0457973769183439,8361,0.8361163883611639,1.0
MC_S0_FULL_R1_L2_HIGH,NEW_MC,TIME_GIVEN_COVERAGE,GAUSSIAN_L1,False,component_share_increase,0.1382072001808332,7295,0.7295270472952705,1.0
MC_S0_FULL_R1_L2_HIGH,NEW_MC,TIME_GIVEN_COVERAGE,GAUSSIAN_L1,False,support_share_low,0.0043478061849162,9172,0.9172082791720828,1.0
MC_S0_FULL_R1_L2_HIGH,NEW_MC,TIME_GIVEN_COVERAGE,GAUSSIAN_L1,False,support_share_medium,0.0274490537173184,7736,0.7736226377362264,1.0
MC_S0_FULL_R1_L2_HIGH,NEW_MC,TIME_GIVEN_COVERAGE,GAUSSIAN_L1,False,rms_low,1.0816100506724489,3672,0.3672632736726327,1.0
MC_S0_FULL_R1_L2_HIGH,NEW_MC,TIME_GIVEN_COVERAGE,GAUSSIAN_L1,False,rms_medium,0.0468314857429081,7237,0.7237276272372762,1.0
MC_S0_FULL_R1_L2_HIGH,NEW_MC,TIME_GIVEN_COVERAGE,GAUSSIAN_L1,False,rms_high,1.440274057106997,3030,0.3030696930306969,1.0
MC_S0_FULL_R1_L2_HIGH,NEW_MC,TIME_GIVEN_COVERAGE,GAUSSIAN_L1,False,persistent_relation_rms,1.8388006136952464,453,0.0453954604539546,0.4085591440855914
MC_S0_FULL_R1_L2_HIGH,NEW_MC,TIME_GIVEN_COVERAGE,DWB_L2,False,component_share_birth,0.0093544850431985,8716,0.8716128387161284,1.0
MC_S0_FULL_R1_L2_HIGH,NEW_MC,TIME_GIVEN_COVERAGE,DWB_L2,False,component_share_death,0.0457973769183439,8103,0.8103189681031897,1.0
MC_S0_FULL_R1_L2_HIGH,NEW_MC,TIME_GIVEN_COVERAGE,DWB_L2,False,component_share_increase,0.1382072001808332,7688,0.7688231176882312,1.0
MC_S0_FULL_R1_L2_HIGH,NEW_MC,TIME_GIVEN_COVERAGE,DWB_L2,False,support_share_low,0.0043478061849162,9297,0.9297070292970704,1.0
MC_S0_FULL_R1_L2_HIGH,NEW_MC,TIME_GIVEN_COVERAGE,DWB_L2,False,support_share_medium,0.0274490537173184,7988,0.7988201179882012,1.0
MC_S0_FULL_R1_L2_HIGH,NEW_MC,TIME_GIVEN_COVERAGE,DWB_L2,False,rms_low,1.0816100506724489,3500,0.3500649935006499,1.0
MC_S0_FULL_R1_L2_HIGH,NEW_MC,TIME_GIVEN_COVERAGE,DWB_L2,False,rms_medium,0.0468314857429081,7721,0.7721227877212279,1.0
MC_S0_FULL_R1_L2_HIGH,NEW_MC,TIME_GIVEN_COVERAGE,DWB_L2,False,rms_high,1.440274057106997,3720,0.3720627937206279,1.0
MC_S0_FULL_R1_L2_HIGH,NEW_MC,TIME_GIVEN_COVERAGE,DWB_L2,False,persistent_relation_rms,1.8388006136952464,724,0.0724927507249275,0.6524347565243476
MC_S0_FULL_R1_L2_HIGH,NEW_MC,TIME_GIVEN_COVERAGE,DWB_L3,True,component_share_birth,0.0093544850431985,8258,0.8258174182581742,1.0
MC_S0_FULL_R1_L2_HIGH,NEW_MC,TIME_GIVEN_COVERAGE,DWB_L3,True,component_share_death,0.0457973769183439,7610,0.761023897610239,1.0
MC_S0_FULL_R1_L2_HIGH,NEW_MC,TIME_GIVEN_COVERAGE,DWB_L3,True,component_share_increase,0.1382072001808332,7598,0.7598240175982401,1.0
MC_S0_FULL_R1_L2_HIGH,NEW_MC,TIME_GIVEN_COVERAGE,DWB_L3,True,support_share_low,0.0043478061849162,9301,0.93010698930107,1.0
MC_S0_FULL_R1_L2_HIGH,NEW_MC,TIME_GIVEN_COVERAGE,DWB_L3,True,support_share_medium,0.0274490537173184,8119,0.811918808119188,1.0
MC_S0_FULL_R1_L2_HIGH,NEW_MC,TIME_GIVEN_COVERAGE,DWB_L3,True,rms_low,1.0816100506724489,2973,0.2973702629737026,1.0
MC_S0_FULL_R1_L2_HIGH,NEW_MC,TIME_GIVEN_COVERAGE,DWB_L3,True,rms_medium,0.0468314857429081,7973,0.7973202679732027,1.0
MC_S0_FULL_R1_L2_HIGH,NEW_MC,TIME_GIVEN_COVERAGE,DWB_L3,True,rms_high,1.440274057106997,4224,0.4224577542245775,1.0
MC_S0_FULL_R1_L2_HIGH,NEW_MC,TIME_GIVEN_COVERAGE,DWB_L3,True,persistent_relation_rms,1.8388006136952464,745,0.0745925407459254,0.6713328667133286
MC_S0_FULL_R1_L2_HIGH,NEW_MC,TIME_GIVEN_COVERAGE,DWB_L4,False,component_share_birth,0.0093544850431985,8120,0.812018798120188,1.0
MC_S0_FULL_R1_L2_HIGH,NEW_MC,TIME_GIVEN_COVERAGE,DWB_L4,False,component_share_death,0.0457973769183439,7297,0.7297270272972702,1.0
MC_S0_FULL_R1_L2_HIGH,NEW_MC,TIME_GIVEN_COVERAGE,DWB_L4,False,component_share_increase,0.1382072001808332,7744,0.7744225577442255,1.0
MC_S0_FULL_R1_L2_HIGH,NEW_MC,TIME_GIVEN_COVERAGE,DWB_L4,False,support_share_low,0.0043478061849162,9340,0.934006599340066,1.0
MC_S0_FULL_R1_L2_HIGH,NEW_MC,TIME_GIVEN_COVERAGE,DWB_L4,False,support_share_medium,0.0274490537173184,8171,0.8171182881711829,1.0
MC_S0_FULL_R1_L2_HIGH,NEW_MC,TIME_GIVEN_COVERAGE,DWB_L4,False,rms_low,1.0816100506724489,2427,0.2427757224277572,1.0
MC_S0_FULL_R1_L2_HIGH,NEW_MC,TIME_GIVEN_COVERAGE,DWB_L4,False,rms_medium,0.0468314857429081,7852,0.7852214778522147,1.0
MC_S0_FULL_R1_L2_HIGH,NEW_MC,TIME_GIVEN_COVERAGE,DWB_L4,False,rms_high,1.440274057106997,4411,0.4411558844115588,1.0
MC_S0_FULL_R1_L2_HIGH,NEW_MC,TIME_GIVEN_COVERAGE,DWB_L4,False,persistent_relation_rms,1.8388006136952464,914,0.0914908509149085,0.8234176582341766
MC_S0_FULL_R1_L2_HIGH,NEW_MC,COVERAGE_GIVEN_TIME,LEGACY_RADEMACHER,False,component_share_birth,0.4691584139603328,3636,0.3636636336366363,1.0
MC_S0_FULL_R1_L2_HIGH,NEW_MC,COVERAGE_GIVEN_TIME,LEGACY_RADEMACHER,False,component_share_death,0.013813579022802,9097,0.9097090290970904,1.0
MC_S0_FULL_R1_L2_HIGH,NEW_MC,COVERAGE_GIVEN_TIME,LEGACY_RADEMACHER,False,component_share_increase,2.0052197467689687,2389,0.238976102389761,1.0
MC_S0_FULL_R1_L2_HIGH,NEW_MC,COVERAGE_GIVEN_TIME,LEGACY_RADEMACHER,False,support_share_low,1.6955240801825369,211,0.0211978802119788,0.1483851614838516
MC_S0_FULL_R1_L2_HIGH,NEW_MC,COVERAGE_GIVEN_TIME,LEGACY_RADEMACHER,False,support_share_medium,1.7285542682192183,59,0.005999400059994,0.047995200479952
MC_S0_FULL_R1_L2_HIGH,NEW_MC,COVERAGE_GIVEN_TIME,LEGACY_RADEMACHER,False,rms_low,0.1018432067736263,7558,0.7558244175582441,1.0
MC_S0_FULL_R1_L2_HIGH,NEW_MC,COVERAGE_GIVEN_TIME,LEGACY_RADEMACHER,False,rms_medium,0.0586464613135895,7981,0.7981201879812019,1.0
MC_S0_FULL_R1_L2_HIGH,NEW_MC,COVERAGE_GIVEN_TIME,LEGACY_RADEMACHER,False,rms_high,42.401063608957465,1,0.0001999800019998,0.0017998200179982
MC_S0_FULL_R1_L2_HIGH,NEW_MC,COVERAGE_GIVEN_TIME,LEGACY_RADEMACHER,False,persistent_relation_rms,7.806975003177286e-05,9924,0.9924007599240076,1.0
MC_S0_FULL_R1_L2_HIGH,NEW_MC,COVERAGE_GIVEN_TIME,GAUSSIAN_L1,False,component_share_birth,0.4691584139603328,3416,0.3416658334166583,1.0
MC_S0_FULL_R1_L2_HIGH,NEW_MC,COVERAGE_GIVEN_TIME,GAUSSIAN_L1,False,component_share_death,0.013813579022802,9060,0.906009399060094,1.0
MC_S0_FULL_R1_L2_HIGH,NEW_MC,COVERAGE_GIVEN_TIME,GAUSSIAN_L1,False,component_share_increase,2.0052197467689687,2021,0.2021797820217978,1.0
MC_S0_FULL_R1_L2_HIGH,NEW_MC,COVERAGE_GIVEN_TIME,GAUSSIAN_L1,False,support_share_low,1.6955240801825369,575,0.0575942405759424,0.4031596840315968
MC_S0_FULL_R1_L2_HIGH,NEW_MC,COVERAGE_GIVEN_TIME,GAUSSIAN_L1,False,support_share_medium,1.7285542682192183,305,0.0305969403059694,0.2447755224477552
MC_S0_FULL_R1_L2_HIGH,NEW_MC,COVERAGE_GIVEN_TIME,GAUSSIAN_L1,False,rms_low,0.1018432067736263,7421,0.7421257874212579,1.0
MC_S0_FULL_R1_L2_HIGH,NEW_MC,COVERAGE_GIVEN_TIME,GAUSSIAN_L1,False,rms_medium,0.0586464613135895,7802,0.7802219778022198,1.0
MC_S0_FULL_R1_L2_HIGH,NEW_MC,COVERAGE_GIVEN_TIME,GAUSSIAN_L1,False,rms_high,42.401063608957465,16,0.0016998300169983,0.0152984701529847
MC_S0_FULL_R1_L2_HIGH,NEW_MC,COVERAGE_GIVEN_TIME,GAUSSIAN_L1,False,persistent_relation_rms,7.806975003177286e-05,9903,0.9903009699030098,1.0
MC_S0_FULL_R1_L2_HIGH,NEW_MC,COVERAGE_GIVEN_TIME,DWB_L2,False,component_share_birth,0.4691584139603328,2317,0.2317768223177682,1.0
MC_S0_FULL_R1_L2_HIGH,NEW_MC,COVERAGE_GIVEN_TIME,DWB_L2,False,component_share_death,0.013813579022802,8819,0.8819118088191181,1.0
MC_S0_FULL_R1_L2_HIGH,NEW_MC,COVERAGE_GIVEN_TIME,DWB_L2,False,component_share_increase,2.0052197467689687,2243,0.2243775622437756,1.0
MC_S0_FULL_R1_L2_HIGH,NEW_MC,COVERAGE_GIVEN_TIME,DWB_L2,False,support_share_low,1.6955240801825369,976,0.0976902309769023,0.6838316168383162
MC_S0_FULL_R1_L2_HIGH,NEW_MC,COVERAGE_GIVEN_TIME,DWB_L2,False,support_share_medium,1.7285542682192183,611,0.0611938806119388,0.4895510448955104
MC_S0_FULL_R1_L2_HIGH,NEW_MC,COVERAGE_GIVEN_TIME,DWB_L2,False,rms_low,0.1018432067736263,7336,0.7336266373362663,1.0
MC_S0_FULL_R1_L2_HIGH,NEW_MC,COVERAGE_GIVEN_TIME,DWB_L2,False,rms_medium,0.0586464613135895,7997,0.7997200279972003,1.0
MC_S0_FULL_R1_L2_HIGH,NEW_MC,COVERAGE_GIVEN_TIME,DWB_L2,False,rms_high,42.401063608957465,157,0.0157984201579842,0.1421857814218578
MC_S0_FULL_R1_L2_HIGH,NEW_MC,COVERAGE_GIVEN_TIME,DWB_L2,False,persistent_relation_rms,7.806975003177286e-05,9903,0.9903009699030098,1.0
MC_S0_FULL_R1_L2_HIGH,NEW_MC,COVERAGE_GIVEN_TIME,DWB_L3,True,component_share_birth,0.4691584139603328,1769,0.176982301769823,1.0
MC_S0_FULL_R1_L2_HIGH,NEW_MC,COVERAGE_GIVEN_TIME,DWB_L3,True,component_share_death,0.013813579022802,8671,0.8671132886711329,1.0
MC_S0_FULL_R1_L2_HIGH,NEW_MC,COVERAGE_GIVEN_TIME,DWB_L3,True,component_share_increase,2.0052197467689687,2296,0.2296770322967703,1.0
MC_S0_FULL_R1_L2_HIGH,NEW_MC,COVERAGE_GIVEN_TIME,DWB_L3,True,support_share_low,1.6955240801825369,1150,0.1150884911508849,0.8056194380561944
MC_S0_FULL_R1_L2_HIGH,NEW_MC,COVERAGE_GIVEN_TIME,DWB_L3,True,support_share_medium,1.7285542682192183,737,0.0737926207379262,0.5903409659034097
MC_S0_FULL_R1_L2_HIGH,NEW_MC,COVERAGE_GIVEN_TIME,DWB_L3,True,rms_low,0.1018432067736263,6824,0.6824317568243176,1.0
MC_S0_FULL_R1_L2_HIGH,NEW_MC,COVERAGE_GIVEN_TIME,DWB_L3,True,rms_medium,0.0586464613135895,7838,0.7838216178382161,1.0
MC_S0_FULL_R1_L2_HIGH,NEW_MC,COVERAGE_GIVEN_TIME,DWB_L3,True,rms_high,42.401063608957465,353,0.0353964603539646,0.3185681431856814
MC_S0_FULL_R1_L2_HIGH,NEW_MC,COVERAGE_GIVEN_TIME,DWB_L3,True,persistent_relation_rms,7.806975003177286e-05,9893,0.9893010698930108,1.0
MC_S0_FULL_R1_L2_HIGH,NEW_MC,COVERAGE_GIVEN_TIME,DWB_L4,False,component_share_birth,0.4691584139603328,1694,0.1694830516948305,1.0
MC_S0_FULL_R1_L2_HIGH,NEW_MC,COVERAGE_GIVEN_TIME,DWB_L4,False,component_share_death,0.013813579022802,8542,0.8542145785421458,1.0
MC_S0_FULL_R1_L2_HIGH,NEW_MC,COVERAGE_GIVEN_TIME,DWB_L4,False,component_share_increase,2.0052197467689687,2357,0.2357764223577642,1.0
MC_S0_FULL_R1_L2_HIGH,NEW_MC,COVERAGE_GIVEN_TIME,DWB_L4,False,support_share_low,1.6955240801825369,1065,0.1065893410658934,0.7461253874612539
MC_S0_FULL_R1_L2_HIGH,NEW_MC,COVERAGE_GIVEN_TIME,DWB_L4,False,support_share_medium,1.7285542682192183,720,0.0720927907209279,0.5767423257674232
MC_S0_FULL_R1_L2_HIGH,NEW_MC,COVERAGE_GIVEN_TIME,DWB_L4,False,rms_low,0.1018432067736263,6237,0.6237376262373763,1.0
MC_S0_FULL_R1_L2_HIGH,NEW_MC,COVERAGE_GIVEN_TIME,DWB_L4,False,rms_medium,0.0586464613135895,7868,0.7868213178682132,1.0
MC_S0_FULL_R1_L2_HIGH,NEW_MC,COVERAGE_GIVEN_TIME,DWB_L4,False,rms_high,42.401063608957465,555,0.0555944405559444,0.5003499650034996
MC_S0_FULL_R1_L2_HIGH,NEW_MC,COVERAGE_GIVEN_TIME,DWB_L4,False,persistent_relation_rms,7.806975003177286e-05,9862,0.9862013798620138,1.0
MC_S0_FULL_R2_L0_STAGE15_MATCHED,NEW_MC,TIME_GIVEN_COVERAGE,LEGACY_RADEMACHER,False,component_share_birth,1.168065529333946,1503,0.1503849615038496,1.0
MC_S0_FULL_R2_L0_STAGE15_MATCHED,NEW_MC,TIME_GIVEN_COVERAGE,LEGACY_RADEMACHER,False,component_share_death,0.4257868372571884,5765,0.5765423457654234,1.0
MC_S0_FULL_R2_L0_STAGE15_MATCHED,NEW_MC,TIME_GIVEN_COVERAGE,LEGACY_RADEMACHER,False,component_share_increase,22.072293625249237,276,0.0276972302769723,0.2492750724927507
MC_S0_FULL_R2_L0_STAGE15_MATCHED,NEW_MC,TIME_GIVEN_COVERAGE,LEGACY_RADEMACHER,False,support_share_low,0.1874470734299826,6889,0.688931106889311,1.0
MC_S0_FULL_R2_L0_STAGE15_MATCHED,NEW_MC,TIME_GIVEN_COVERAGE,LEGACY_RADEMACHER,False,support_share_medium,0.0305727941491529,8930,0.893010698930107,1.0
MC_S0_FULL_R2_L0_STAGE15_MATCHED,NEW_MC,TIME_GIVEN_COVERAGE,LEGACY_RADEMACHER,False,rms_low,0.0388164434583835,8668,0.8668133186681332,1.0
MC_S0_FULL_R2_L0_STAGE15_MATCHED,NEW_MC,TIME_GIVEN_COVERAGE,LEGACY_RADEMACHER,False,rms_medium,0.0946944350201626,6027,0.6027397260273972,1.0
MC_S0_FULL_R2_L0_STAGE15_MATCHED,NEW_MC,TIME_GIVEN_COVERAGE,LEGACY_RADEMACHER,False,rms_high,1.0677840720317349,3528,0.3528647135286471,1.0
MC_S0_FULL_R2_L0_STAGE15_MATCHED,NEW_MC,TIME_GIVEN_COVERAGE,LEGACY_RADEMACHER,False,persistent_relation_rms,0.1132824972785639,7420,0.742025797420258,1.0
MC_S0_FULL_R2_L0_STAGE15_MATCHED,NEW_MC,TIME_GIVEN_COVERAGE,GAUSSIAN_L1,False,component_share_birth,1.168065529333946,1419,0.141985801419858,1.0
MC_S0_FULL_R2_L0_STAGE15_MATCHED,NEW_MC,TIME_GIVEN_COVERAGE,GAUSSIAN_L1,False,component_share_death,0.4257868372571884,5381,0.5381461853814619,1.0
MC_S0_FULL_R2_L0_STAGE15_MATCHED,NEW_MC,TIME_GIVEN_COVERAGE,GAUSSIAN_L1,False,component_share_increase,22.072293625249237,857,0.0857914208579142,0.7721227877212279
MC_S0_FULL_R2_L0_STAGE15_MATCHED,NEW_MC,TIME_GIVEN_COVERAGE,GAUSSIAN_L1,False,support_share_low,0.1874470734299826,5674,0.5674432556744325,1.0
MC_S0_FULL_R2_L0_STAGE15_MATCHED,NEW_MC,TIME_GIVEN_COVERAGE,GAUSSIAN_L1,False,support_share_medium,0.0305727941491529,8035,0.8035196480351965,1.0
MC_S0_FULL_R2_L0_STAGE15_MATCHED,NEW_MC,TIME_GIVEN_COVERAGE,GAUSSIAN_L1,False,rms_low,0.0388164434583835,8607,0.8607139286071392,1.0
MC_S0_FULL_R2_L0_STAGE15_MATCHED,NEW_MC,TIME_GIVEN_COVERAGE,GAUSSIAN_L1,False,rms_medium,0.0946944350201626,5844,0.5844415558444156,1.0
MC_S0_FULL_R2_L0_STAGE15_MATCHED,NEW_MC,TIME_GIVEN_COVERAGE,GAUSSIAN_L1,False,rms_high,1.0677840720317349,3289,0.328967103289671,1.0
MC_S0_FULL_R2_L0_STAGE15_MATCHED,NEW_MC,TIME_GIVEN_COVERAGE,GAUSSIAN_L1,False,persistent_relation_rms,0.1132824972785639,6484,0.6484351564843516,1.0
MC_S0_FULL_R2_L0_STAGE15_MATCHED,NEW_MC,TIME_GIVEN_COVERAGE,DWB_L2,False,component_share_birth,1.168065529333946,1429,0.142985701429857,1.0
MC_S0_FULL_R2_L0_STAGE15_MATCHED,NEW_MC,TIME_GIVEN_COVERAGE,DWB_L2,False,component_share_death,0.4257868372571884,3979,0.397960203979602,1.0
MC_S0_FULL_R2_L0_STAGE15_MATCHED,NEW_MC,TIME_GIVEN_COVERAGE,DWB_L2,False,component_share_increase,22.072293625249237,1237,0.1237876212378762,1.0
MC_S0_FULL_R2_L0_STAGE15_MATCHED,NEW_MC,TIME_GIVEN_COVERAGE,DWB_L2,False,support_share_low,0.1874470734299826,6140,0.6140385961403859,1.0
MC_S0_FULL_R2_L0_STAGE15_MATCHED,NEW_MC,TIME_GIVEN_COVERAGE,DWB_L2,False,support_share_medium,0.0305727941491529,8239,0.823917608239176,1.0
MC_S0_FULL_R2_L0_STAGE15_MATCHED,NEW_MC,TIME_GIVEN_COVERAGE,DWB_L2,False,rms_low,0.0388164434583835,8420,0.842015798420158,1.0
MC_S0_FULL_R2_L0_STAGE15_MATCHED,NEW_MC,TIME_GIVEN_COVERAGE,DWB_L2,False,rms_medium,0.0946944350201626,6524,0.6524347565243476,1.0
MC_S0_FULL_R2_L0_STAGE15_MATCHED,NEW_MC,TIME_GIVEN_COVERAGE,DWB_L2,False,rms_high,1.0677840720317349,3925,0.3925607439256074,1.0
MC_S0_FULL_R2_L0_STAGE15_MATCHED,NEW_MC,TIME_GIVEN_COVERAGE,DWB_L2,False,persistent_relation_rms,0.1132824972785639,6392,0.6392360763923608,1.0
MC_S0_FULL_R2_L0_STAGE15_MATCHED,NEW_MC,TIME_GIVEN_COVERAGE,DWB_L3,True,component_share_birth,1.168065529333946,1414,0.1414858514148585,1.0
MC_S0_FULL_R2_L0_STAGE15_MATCHED,NEW_MC,TIME_GIVEN_COVERAGE,DWB_L3,True,component_share_death,0.4257868372571884,3534,0.3534646535346465,1.0
MC_S0_FULL_R2_L0_STAGE15_MATCHED,NEW_MC,TIME_GIVEN_COVERAGE,DWB_L3,True,component_share_increase,22.072293625249237,1205,0.1205879412058794,1.0
MC_S0_FULL_R2_L0_STAGE15_MATCHED,NEW_MC,TIME_GIVEN_COVERAGE,DWB_L3,True,support_share_low,0.1874470734299826,6243,0.6243375662433757,1.0
MC_S0_FULL_R2_L0_STAGE15_MATCHED,NEW_MC,TIME_GIVEN_COVERAGE,DWB_L3,True,support_share_medium,0.0305727941491529,8257,0.8257174282571743,1.0
MC_S0_FULL_R2_L0_STAGE15_MATCHED,NEW_MC,TIME_GIVEN_COVERAGE,DWB_L3,True,rms_low,0.0388164434583835,8163,0.8163183681631837,1.0
MC_S0_FULL_R2_L0_STAGE15_MATCHED,NEW_MC,TIME_GIVEN_COVERAGE,DWB_L3,True,rms_medium,0.0946944350201626,6739,0.6739326067393261,1.0
MC_S0_FULL_R2_L0_STAGE15_MATCHED,NEW_MC,TIME_GIVEN_COVERAGE,DWB_L3,True,rms_high,1.0677840720317349,4394,0.4394560543945605,1.0
MC_S0_FULL_R2_L0_STAGE15_MATCHED,NEW_MC,TIME_GIVEN_COVERAGE,DWB_L3,True,persistent_relation_rms,0.1132824972785639,6052,0.6052394760523948,1.0
MC_S0_FULL_R2_L0_STAGE15_MATCHED,NEW_MC,TIME_GIVEN_COVERAGE,DWB_L4,False,component_share_birth,1.168065529333946,1554,0.1554844515548445,1.0
MC_S0_FULL_R2_L0_STAGE15_MATCHED,NEW_MC,TIME_GIVEN_COVERAGE,DWB_L4,False,component_share_death,0.4257868372571884,2890,0.2890710928907109,1.0
MC_S0_FULL_R2_L0_STAGE15_MATCHED,NEW_MC,TIME_GIVEN_COVERAGE,DWB_L4,False,component_share_increase,22.072293625249237,1336,0.1336866313368663,1.0
MC_S0_FULL_R2_L0_STAGE15_MATCHED,NEW_MC,TIME_GIVEN_COVERAGE,DWB_L4,False,support_share_low,0.1874470734299826,6371,0.6371362863713629,1.0
MC_S0_FULL_R2_L0_STAGE15_MATCHED,NEW_MC,TIME_GIVEN_COVERAGE,DWB_L4,False,support_share_medium,0.0305727941491529,8363,0.8363163683631637,1.0
MC_S0_FULL_R2_L0_STAGE15_MATCHED,NEW_MC,TIME_GIVEN_COVERAGE,DWB_L4,False,rms_low,0.0388164434583835,8104,0.8104189581041896,1.0
MC_S0_FULL_R2_L0_STAGE15_MATCHED,NEW_MC,TIME_GIVEN_COVERAGE,DWB_L4,False,rms_medium,0.0946944350201626,7001,0.7001299870012999,1.0
MC_S0_FULL_R2_L0_STAGE15_MATCHED,NEW_MC,TIME_GIVEN_COVERAGE,DWB_L4,False,rms_high,1.0677840720317349,4630,0.4630536946305369,1.0
MC_S0_FULL_R2_L0_STAGE15_MATCHED,NEW_MC,TIME_GIVEN_COVERAGE,DWB_L4,False,persistent_relation_rms,0.1132824972785639,5985,0.5985401459854015,1.0
MC_S0_FULL_R2_L0_STAGE15_MATCHED,NEW_MC,COVERAGE_GIVEN_TIME,LEGACY_RADEMACHER,False,component_share_birth,0.1378581598588901,6197,0.6197380261973803,1.0
MC_S0_FULL_R2_L0_STAGE15_MATCHED,NEW_MC,COVERAGE_GIVEN_TIME,LEGACY_RADEMACHER,False,component_share_death,0.4900699426013446,5701,0.5701429857014298,1.0
MC_S0_FULL_R2_L0_STAGE15_MATCHED,NEW_MC,COVERAGE_GIVEN_TIME,LEGACY_RADEMACHER,False,component_share_increase,3.262833917653765,2297,0.2297770222977702,1.0
MC_S0_FULL_R2_L0_STAGE15_MATCHED,NEW_MC,COVERAGE_GIVEN_TIME,LEGACY_RADEMACHER,False,support_share_low,1.3186016470388395,818,0.0818918108189181,0.5732426757324267
MC_S0_FULL_R2_L0_STAGE15_MATCHED,NEW_MC,COVERAGE_GIVEN_TIME,LEGACY_RADEMACHER,False,support_share_medium,1.5525946978444862,284,0.0284971502849715,0.227977202279772
MC_S0_FULL_R2_L0_STAGE15_MATCHED,NEW_MC,COVERAGE_GIVEN_TIME,LEGACY_RADEMACHER,False,rms_low,1.194579008118053,2675,0.2675732426757324,1.0
MC_S0_FULL_R2_L0_STAGE15_MATCHED,NEW_MC,COVERAGE_GIVEN_TIME,LEGACY_RADEMACHER,False,rms_medium,0.0045415118418894,9421,0.942105789421058,1.0
MC_S0_FULL_R2_L0_STAGE15_MATCHED,NEW_MC,COVERAGE_GIVEN_TIME,LEGACY_RADEMACHER,False,rms_high,32.983658056995864,0,9.999000099990002e-05,0.0008999100089991
MC_S0_FULL_R2_L0_STAGE15_MATCHED,NEW_MC,COVERAGE_GIVEN_TIME,LEGACY_RADEMACHER,False,persistent_relation_rms,0.1874804390550917,6086,0.6086391360863913,1.0
MC_S0_FULL_R2_L0_STAGE15_MATCHED,NEW_MC,COVERAGE_GIVEN_TIME,GAUSSIAN_L1,False,component_share_birth,0.1378581598588901,5966,0.5966403359664033,1.0
MC_S0_FULL_R2_L0_STAGE15_MATCHED,NEW_MC,COVERAGE_GIVEN_TIME,GAUSSIAN_L1,False,component_share_death,0.4900699426013446,5450,0.545045495450455,1.0
MC_S0_FULL_R2_L0_STAGE15_MATCHED,NEW_MC,COVERAGE_GIVEN_TIME,GAUSSIAN_L1,False,component_share_increase,3.262833917653765,2117,0.2117788221177882,1.0
MC_S0_FULL_R2_L0_STAGE15_MATCHED,NEW_MC,COVERAGE_GIVEN_TIME,GAUSSIAN_L1,False,support_share_low,1.3186016470388395,1310,0.1310868913108689,0.9176082391760824
MC_S0_FULL_R2_L0_STAGE15_MATCHED,NEW_MC,COVERAGE_GIVEN_TIME,GAUSSIAN_L1,False,support_share_medium,1.5525946978444862,768,0.0768923107689231,0.6151384861513849
MC_S0_FULL_R2_L0_STAGE15_MATCHED,NEW_MC,COVERAGE_GIVEN_TIME,GAUSSIAN_L1,False,rms_low,1.194579008118053,2497,0.2497750224977502,1.0
MC_S0_FULL_R2_L0_STAGE15_MATCHED,NEW_MC,COVERAGE_GIVEN_TIME,GAUSSIAN_L1,False,rms_medium,0.0045415118418894,9359,0.935906409359064,1.0
MC_S0_FULL_R2_L0_STAGE15_MATCHED,NEW_MC,COVERAGE_GIVEN_TIME,GAUSSIAN_L1,False,rms_high,32.983658056995864,19,0.001999800019998,0.017998200179982
MC_S0_FULL_R2_L0_STAGE15_MATCHED,NEW_MC,COVERAGE_GIVEN_TIME,GAUSSIAN_L1,False,persistent_relation_rms,0.1874804390550917,5582,0.5582441755824418,1.0
MC_S0_FULL_R2_L0_STAGE15_MATCHED,NEW_MC,COVERAGE_GIVEN_TIME,DWB_L2,False,component_share_birth,0.1378581598588901,4505,0.4505549445055494,1.0
MC_S0_FULL_R2_L0_STAGE15_MATCHED,NEW_MC,COVERAGE_GIVEN_TIME,DWB_L2,False,component_share_death,0.4900699426013446,4180,0.4180581941805819,1.0
MC_S0_FULL_R2_L0_STAGE15_MATCHED,NEW_MC,COVERAGE_GIVEN_TIME,DWB_L2,False,component_share_increase,3.262833917653765,2156,0.2156784321567843,1.0
MC_S0_FULL_R2_L0_STAGE15_MATCHED,NEW_MC,COVERAGE_GIVEN_TIME,DWB_L2,False,support_share_low,1.3186016470388395,1658,0.1658834116588341,1.0
MC_S0_FULL_R2_L0_STAGE15_MATCHED,NEW_MC,COVERAGE_GIVEN_TIME,DWB_L2,False,support_share_medium,1.5525946978444862,1071,0.1071892810718928,0.8575142485751425
MC_S0_FULL_R2_L0_STAGE15_MATCHED,NEW_MC,COVERAGE_GIVEN_TIME,DWB_L2,False,rms_low,1.194579008118053,2331,0.2331766823317668,1.0
MC_S0_FULL_R2_L0_STAGE15_MATCHED,NEW_MC,COVERAGE_GIVEN_TIME,DWB_L2,False,rms_medium,0.0045415118418894,9426,0.9426057394260574,1.0
MC_S0_FULL_R2_L0_STAGE15_MATCHED,NEW_MC,COVERAGE_GIVEN_TIME,DWB_L2,False,rms_high,32.983658056995864,138,0.0138986101389861,0.1250874912508749
MC_S0_FULL_R2_L0_STAGE15_MATCHED,NEW_MC,COVERAGE_GIVEN_TIME,DWB_L2,False,persistent_relation_rms,0.1874804390550917,5501,0.5501449855014499,1.0
MC_S0_FULL_R2_L0_STAGE15_MATCHED,NEW_MC,COVERAGE_GIVEN_TIME,DWB_L3,True,component_share_birth,0.1378581598588901,3679,0.367963203679632,1.0
MC_S0_FULL_R2_L0_STAGE15_MATCHED,NEW_MC,COVERAGE_GIVEN_TIME,DWB_L3,True,component_share_death,0.4900699426013446,4165,0.4165583441655834,1.0
MC_S0_FULL_R2_L0_STAGE15_MATCHED,NEW_MC,COVERAGE_GIVEN_TIME,DWB_L3,True,component_share_increase,3.262833917653765,1794,0.1794820517948205,1.0
MC_S0_FULL_R2_L0_STAGE15_MATCHED,NEW_MC,COVERAGE_GIVEN_TIME,DWB_L3,True,support_share_low,1.3186016470388395,1876,0.1876812318768123,1.0
MC_S0_FULL_R2_L0_STAGE15_MATCHED,NEW_MC,COVERAGE_GIVEN_TIME,DWB_L3,True,support_share_medium,1.5525946978444862,1270,0.1270872912708729,1.0
MC_S0_FULL_R2_L0_STAGE15_MATCHED,NEW_MC,COVERAGE_GIVEN_TIME,DWB_L3,True,rms_low,1.194579008118053,2281,0.2281771822817718,1.0
MC_S0_FULL_R2_L0_STAGE15_MATCHED,NEW_MC,COVERAGE_GIVEN_TIME,DWB_L3,True,rms_medium,0.0045415118418894,9391,0.9391060893910608,1.0
MC_S0_FULL_R2_L0_STAGE15_MATCHED,NEW_MC,COVERAGE_GIVEN_TIME,DWB_L3,True,rms_high,32.983658056995864,319,0.031996800319968,0.287971202879712
MC_S0_FULL_R2_L0_STAGE15_MATCHED,NEW_MC,COVERAGE_GIVEN_TIME,DWB_L3,True,persistent_relation_rms,0.1874804390550917,4935,0.4935506449355064,1.0
MC_S0_FULL_R2_L0_STAGE15_MATCHED,NEW_MC,COVERAGE_GIVEN_TIME,DWB_L4,False,component_share_birth,0.1378581598588901,3864,0.3864613538646135,1.0
MC_S0_FULL_R2_L0_STAGE15_MATCHED,NEW_MC,COVERAGE_GIVEN_TIME,DWB_L4,False,component_share_death,0.4900699426013446,3858,0.3858614138586141,1.0
MC_S0_FULL_R2_L0_STAGE15_MATCHED,NEW_MC,COVERAGE_GIVEN_TIME,DWB_L4,False,component_share_increase,3.262833917653765,1718,0.1718828117188281,1.0
MC_S0_FULL_R2_L0_STAGE15_MATCHED,NEW_MC,COVERAGE_GIVEN_TIME,DWB_L4,False,support_share_low,1.3186016470388395,1890,0.1890810918908109,1.0
MC_S0_FULL_R2_L0_STAGE15_MATCHED,NEW_MC,COVERAGE_GIVEN_TIME,DWB_L4,False,support_share_medium,1.5525946978444862,1306,0.1306869313068693,1.0
MC_S0_FULL_R2_L0_STAGE15_MATCHED,NEW_MC,COVERAGE_GIVEN_TIME,DWB_L4,False,rms_low,1.194579008118053,2442,0.2442755724427557,1.0
MC_S0_FULL_R2_L0_STAGE15_MATCHED,NEW_MC,COVERAGE_GIVEN_TIME,DWB_L4,False,rms_medium,0.0045415118418894,9389,0.938906109389061,1.0
MC_S0_FULL_R2_L0_STAGE15_MATCHED,NEW_MC,COVERAGE_GIVEN_TIME,DWB_L4,False,rms_high,32.983658056995864,553,0.0553944605539446,0.4985501449855014
MC_S0_FULL_R2_L0_STAGE15_MATCHED,NEW_MC,COVERAGE_GIVEN_TIME,DWB_L4,False,persistent_relation_rms,0.1874804390550917,4719,0.471952804719528,1.0
MC_S0_FULL_R2_L1_EXTENDED,NEW_MC,TIME_GIVEN_COVERAGE,LEGACY_RADEMACHER,False,component_share_birth,0.543709702130931,2563,0.2563743625637436,1.0
MC_S0_FULL_R2_L1_EXTENDED,NEW_MC,TIME_GIVEN_COVERAGE,LEGACY_RADEMACHER,False,component_share_death,0.1613014736832596,8072,0.8072192780721927,1.0
MC_S0_FULL_R2_L1_EXTENDED,NEW_MC,TIME_GIVEN_COVERAGE,LEGACY_RADEMACHER,False,component_share_increase,9.630066510995212,1055,0.1055894410558944,0.9503049695030495
MC_S0_FULL_R2_L1_EXTENDED,NEW_MC,TIME_GIVEN_COVERAGE,LEGACY_RADEMACHER,False,support_share_low,0.0170267213078876,9623,0.9623037696230377,1.0
MC_S0_FULL_R2_L1_EXTENDED,NEW_MC,TIME_GIVEN_COVERAGE,LEGACY_RADEMACHER,False,support_share_medium,0.0535869026748425,9595,0.9595040495950404,1.0
MC_S0_FULL_R2_L1_EXTENDED,NEW_MC,TIME_GIVEN_COVERAGE,LEGACY_RADEMACHER,False,rms_low,0.8703695723590918,4181,0.4181581841815818,1.0
MC_S0_FULL_R2_L1_EXTENDED,NEW_MC,TIME_GIVEN_COVERAGE,LEGACY_RADEMACHER,False,rms_medium,0.1001519649515287,6459,0.6459354064593541,1.0
MC_S0_FULL_R2_L1_EXTENDED,NEW_MC,TIME_GIVEN_COVERAGE,LEGACY_RADEMACHER,False,rms_high,1.5741876793165588,2970,0.2970702929707029,1.0
MC_S0_FULL_R2_L1_EXTENDED,NEW_MC,TIME_GIVEN_COVERAGE,LEGACY_RADEMACHER,False,persistent_relation_rms,6.64775939593909e-05,9951,0.9951004899510048,1.0
MC_S0_FULL_R2_L1_EXTENDED,NEW_MC,TIME_GIVEN_COVERAGE,GAUSSIAN_L1,False,component_share_birth,0.543709702130931,2443,0.2443755624437556,1.0
MC_S0_FULL_R2_L1_EXTENDED,NEW_MC,TIME_GIVEN_COVERAGE,GAUSSIAN_L1,False,component_share_death,0.1613014736832596,8007,0.8007199280071993,1.0
MC_S0_FULL_R2_L1_EXTENDED,NEW_MC,TIME_GIVEN_COVERAGE,GAUSSIAN_L1,False,component_share_increase,9.630066510995212,1784,0.1784821517848215,1.0
MC_S0_FULL_R2_L1_EXTENDED,NEW_MC,TIME_GIVEN_COVERAGE,GAUSSIAN_L1,False,support_share_low,0.0170267213078876,8545,0.8545145485451455,1.0
MC_S0_FULL_R2_L1_EXTENDED,NEW_MC,TIME_GIVEN_COVERAGE,GAUSSIAN_L1,False,support_share_medium,0.0535869026748425,7999,0.7999200079992,1.0
MC_S0_FULL_R2_L1_EXTENDED,NEW_MC,TIME_GIVEN_COVERAGE,GAUSSIAN_L1,False,rms_low,0.8703695723590918,3865,0.3865613438656134,1.0
MC_S0_FULL_R2_L1_EXTENDED,NEW_MC,TIME_GIVEN_COVERAGE,GAUSSIAN_L1,False,rms_medium,0.1001519649515287,6508,0.6508349165083491,1.0
MC_S0_FULL_R2_L1_EXTENDED,NEW_MC,TIME_GIVEN_COVERAGE,GAUSSIAN_L1,False,rms_high,1.5741876793165588,2828,0.2828717128287171,1.0
MC_S0_FULL_R2_L1_EXTENDED,NEW_MC,TIME_GIVEN_COVERAGE,GAUSSIAN_L1,False,persistent_relation_rms,6.64775939593909e-05,9948,0.9948005199480052,1.0
MC_S0_FULL_R2_L1_EXTENDED,NEW_MC,TIME_GIVEN_COVERAGE,DWB_L2,False,component_share_birth,0.543709702130931,1444,0.1444855514448555,1.0
MC_S0_FULL_R2_L1_EXTENDED,NEW_MC,TIME_GIVEN_COVERAGE,DWB_L2,False,component_share_death,0.1613014736832596,7728,0.7728227177282272,1.0
MC_S0_FULL_R2_L1_EXTENDED,NEW_MC,TIME_GIVEN_COVERAGE,DWB_L2,False,component_share_increase,9.630066510995212,1598,0.1598840115988401,1.0
MC_S0_FULL_R2_L1_EXTENDED,NEW_MC,TIME_GIVEN_COVERAGE,DWB_L2,False,support_share_low,0.0170267213078876,8587,0.8587141285871412,1.0
MC_S0_FULL_R2_L1_EXTENDED,NEW_MC,TIME_GIVEN_COVERAGE,DWB_L2,False,support_share_medium,0.0535869026748425,8106,0.8106189381061893,1.0
MC_S0_FULL_R2_L1_EXTENDED,NEW_MC,TIME_GIVEN_COVERAGE,DWB_L2,False,rms_low,0.8703695723590918,3644,0.3644635536446355,1.0
MC_S0_FULL_R2_L1_EXTENDED,NEW_MC,TIME_GIVEN_COVERAGE,DWB_L2,False,rms_medium,0.1001519649515287,6921,0.6921307869213079,1.0
MC_S0_FULL_R2_L1_EXTENDED,NEW_MC,TIME_GIVEN_COVERAGE,DWB_L2,False,rms_high,1.5741876793165588,3604,0.3604639536046395,1.0
MC_S0_FULL_R2_L1_EXTENDED,NEW_MC,TIME_GIVEN_COVERAGE,DWB_L2,False,persistent_relation_rms,6.64775939593909e-05,9945,0.9945005499450056,1.0
MC_S0_FULL_R2_L1_EXTENDED,NEW_MC,TIME_GIVEN_COVERAGE,DWB_L3,True,component_share_birth,0.543709702130931,1194,0.1194880511948805,1.0
MC_S0_FULL_R2_L1_EXTENDED,NEW_MC,TIME_GIVEN_COVERAGE,DWB_L3,True,component_share_death,0.1613014736832596,7283,0.7283271672832716,1.0
MC_S0_FULL_R2_L1_EXTENDED,NEW_MC,TIME_GIVEN_COVERAGE,DWB_L3,True,component_share_increase,9.630066510995212,1393,0.1393860613938606,1.0
MC_S0_FULL_R2_L1_EXTENDED,NEW_MC,TIME_GIVEN_COVERAGE,DWB_L3,True,support_share_low,0.0170267213078876,8641,0.8641135886411359,1.0
MC_S0_FULL_R2_L1_EXTENDED,NEW_MC,TIME_GIVEN_COVERAGE,DWB_L3,True,support_share_medium,0.0535869026748425,8158,0.8158184181581842,1.0
MC_S0_FULL_R2_L1_EXTENDED,NEW_MC,TIME_GIVEN_COVERAGE,DWB_L3,True,rms_low,0.8703695723590918,3576,0.3576642335766423,1.0
MC_S0_FULL_R2_L1_EXTENDED,NEW_MC,TIME_GIVEN_COVERAGE,DWB_L3,True,rms_medium,0.1001519649515287,7253,0.7253274672532747,1.0
MC_S0_FULL_R2_L1_EXTENDED,NEW_MC,TIME_GIVEN_COVERAGE,DWB_L3,True,rms_high,1.5741876793165588,4008,0.4008599140085991,1.0
MC_S0_FULL_R2_L1_EXTENDED,NEW_MC,TIME_GIVEN_COVERAGE,DWB_L3,True,persistent_relation_rms,6.64775939593909e-05,9942,0.9942005799420058,1.0
MC_S0_FULL_R2_L1_EXTENDED,NEW_MC,TIME_GIVEN_COVERAGE,DWB_L4,False,component_share_birth,0.543709702130931,1342,0.1342865713428657,1.0
MC_S0_FULL_R2_L1_EXTENDED,NEW_MC,TIME_GIVEN_COVERAGE,DWB_L4,False,component_share_death,0.1613014736832596,6858,0.6858314168583142,1.0
MC_S0_FULL_R2_L1_EXTENDED,NEW_MC,TIME_GIVEN_COVERAGE,DWB_L4,False,component_share_increase,9.630066510995212,1479,0.147985201479852,1.0
MC_S0_FULL_R2_L1_EXTENDED,NEW_MC,TIME_GIVEN_COVERAGE,DWB_L4,False,support_share_low,0.0170267213078876,8588,0.8588141185881412,1.0
MC_S0_FULL_R2_L1_EXTENDED,NEW_MC,TIME_GIVEN_COVERAGE,DWB_L4,False,support_share_medium,0.0535869026748425,8093,0.8093190680931907,1.0
MC_S0_FULL_R2_L1_EXTENDED,NEW_MC,TIME_GIVEN_COVERAGE,DWB_L4,False,rms_low,0.8703695723590918,3466,0.3466653334666533,1.0
MC_S0_FULL_R2_L1_EXTENDED,NEW_MC,TIME_GIVEN_COVERAGE,DWB_L4,False,rms_medium,0.1001519649515287,7339,0.7339266073392661,1.0
MC_S0_FULL_R2_L1_EXTENDED,NEW_MC,TIME_GIVEN_COVERAGE,DWB_L4,False,rms_high,1.5741876793165588,4308,0.4308569143085691,1.0
MC_S0_FULL_R2_L1_EXTENDED,NEW_MC,TIME_GIVEN_COVERAGE,DWB_L4,False,persistent_relation_rms,6.64775939593909e-05,9942,0.9942005799420058,1.0
MC_S0_FULL_R2_L1_EXTENDED,NEW_MC,COVERAGE_GIVEN_TIME,LEGACY_RADEMACHER,False,component_share_birth,0.0665506619755085,6971,0.6971302869713029,1.0
MC_S0_FULL_R2_L1_EXTENDED,NEW_MC,COVERAGE_GIVEN_TIME,LEGACY_RADEMACHER,False,component_share_death,0.0229073092272145,9275,0.9275072492750724,1.0
MC_S0_FULL_R2_L1_EXTENDED,NEW_MC,COVERAGE_GIVEN_TIME,LEGACY_RADEMACHER,False,component_share_increase,1.0836169915436678,5922,0.5922407759224078,1.0
MC_S0_FULL_R2_L1_EXTENDED,NEW_MC,COVERAGE_GIVEN_TIME,LEGACY_RADEMACHER,False,support_share_low,2.2078099391455925,39,0.003999600039996,0.027997200279972
MC_S0_FULL_R2_L1_EXTENDED,NEW_MC,COVERAGE_GIVEN_TIME,LEGACY_RADEMACHER,False,support_share_medium,5.124461163708752,11,0.0011998800119988,0.0095990400959904
MC_S0_FULL_R2_L1_EXTENDED,NEW_MC,COVERAGE_GIVEN_TIME,LEGACY_RADEMACHER,False,rms_low,0.1267638088228011,7504,0.7504249575042495,1.0
MC_S0_FULL_R2_L1_EXTENDED,NEW_MC,COVERAGE_GIVEN_TIME,LEGACY_RADEMACHER,False,rms_medium,0.0306596645932017,8746,0.8746125387461254,1.0
MC_S0_FULL_R2_L1_EXTENDED,NEW_MC,COVERAGE_GIVEN_TIME,LEGACY_RADEMACHER,False,rms_high,43.00423807334899,0,9.999000099990002e-05,0.0008999100089991
MC_S0_FULL_R2_L1_EXTENDED,NEW_MC,COVERAGE_GIVEN_TIME,LEGACY_RADEMACHER,False,persistent_relation_rms,0.3717521488773379,5728,0.5728427157284272,1.0
MC_S0_FULL_R2_L1_EXTENDED,NEW_MC,COVERAGE_GIVEN_TIME,GAUSSIAN_L1,False,component_share_birth,0.0665506619755085,6897,0.6897310268973103,1.0
MC_S0_FULL_R2_L1_EXTENDED,NEW_MC,COVERAGE_GIVEN_TIME,GAUSSIAN_L1,False,component_share_death,0.0229073092272145,9243,0.9243075692430756,1.0
MC_S0_FULL_R2_L1_EXTENDED,NEW_MC,COVERAGE_GIVEN_TIME,GAUSSIAN_L1,False,component_share_increase,1.0836169915436678,4438,0.4438556144385561,1.0
MC_S0_FULL_R2_L1_EXTENDED,NEW_MC,COVERAGE_GIVEN_TIME,GAUSSIAN_L1,False,support_share_low,2.2078099391455925,525,0.0525947405259474,0.3681631836816318
MC_S0_FULL_R2_L1_EXTENDED,NEW_MC,COVERAGE_GIVEN_TIME,GAUSSIAN_L1,False,support_share_medium,5.124461163708752,260,0.0260973902609739,0.2087791220877912
MC_S0_FULL_R2_L1_EXTENDED,NEW_MC,COVERAGE_GIVEN_TIME,GAUSSIAN_L1,False,rms_low,0.1267638088228011,7242,0.7242275772422758,1.0
MC_S0_FULL_R2_L1_EXTENDED,NEW_MC,COVERAGE_GIVEN_TIME,GAUSSIAN_L1,False,rms_medium,0.0306596645932017,8622,0.8622137786221378,1.0
MC_S0_FULL_R2_L1_EXTENDED,NEW_MC,COVERAGE_GIVEN_TIME,GAUSSIAN_L1,False,rms_high,43.00423807334899,12,0.0012998700129987,0.0116988301169883
MC_S0_FULL_R2_L1_EXTENDED,NEW_MC,COVERAGE_GIVEN_TIME,GAUSSIAN_L1,False,persistent_relation_rms,0.3717521488773379,5418,0.5418458154184581,1.0
MC_S0_FULL_R2_L1_EXTENDED,NEW_MC,COVERAGE_GIVEN_TIME,DWB_L2,False,component_share_birth,0.0665506619755085,5176,0.5176482351764824,1.0
MC_S0_FULL_R2_L1_EXTENDED,NEW_MC,COVERAGE_GIVEN_TIME,DWB_L2,False,component_share_death,0.0229073092272145,9025,0.9025097490250976,1.0
MC_S0_FULL_R2_L1_EXTENDED,NEW_MC,COVERAGE_GIVEN_TIME,DWB_L2,False,component_share_increase,1.0836169915436678,3860,0.3860613938606139,1.0
MC_S0_FULL_R2_L1_EXTENDED,NEW_MC,COVERAGE_GIVEN_TIME,DWB_L2,False,support_share_low,2.2078099391455925,726,0.0726927307269273,0.5088491150884912
MC_S0_FULL_R2_L1_EXTENDED,NEW_MC,COVERAGE_GIVEN_TIME,DWB_L2,False,support_share_medium,5.124461163708752,423,0.0423957604239576,0.3391660833916608
MC_S0_FULL_R2_L1_EXTENDED,NEW_MC,COVERAGE_GIVEN_TIME,DWB_L2,False,rms_low,0.1267638088228011,7212,0.7212278772122788,1.0
MC_S0_FULL_R2_L1_EXTENDED,NEW_MC,COVERAGE_GIVEN_TIME,DWB_L2,False,rms_medium,0.0306596645932017,8738,0.8738126187381262,1.0
MC_S0_FULL_R2_L1_EXTENDED,NEW_MC,COVERAGE_GIVEN_TIME,DWB_L2,False,rms_high,43.00423807334899,134,0.0134986501349865,0.1214878512148785
MC_S0_FULL_R2_L1_EXTENDED,NEW_MC,COVERAGE_GIVEN_TIME,DWB_L2,False,persistent_relation_rms,0.3717521488773379,5351,0.5351464853514648,1.0
MC_S0_FULL_R2_L1_EXTENDED,NEW_MC,COVERAGE_GIVEN_TIME,DWB_L3,True,component_share_birth,0.0665506619755085,4595,0.4595540445955404,1.0
MC_S0_FULL_R2_L1_EXTENDED,NEW_MC,COVERAGE_GIVEN_TIME,DWB_L3,True,component_share_death,0.0229073092272145,8963,0.8963103689631037,1.0
MC_S0_FULL_R2_L1_EXTENDED,NEW_MC,COVERAGE_GIVEN_TIME,DWB_L3,True,component_share_increase,1.0836169915436678,3176,0.3176682331766823,1.0
MC_S0_FULL_R2_L1_EXTENDED,NEW_MC,COVERAGE_GIVEN_TIME,DWB_L3,True,support_share_low,2.2078099391455925,858,0.0858914108589141,0.6012398760123987
MC_S0_FULL_R2_L1_EXTENDED,NEW_MC,COVERAGE_GIVEN_TIME,DWB_L3,True,support_share_medium,5.124461163708752,563,0.0563943605639436,0.4511548845115488
MC_S0_FULL_R2_L1_EXTENDED,NEW_MC,COVERAGE_GIVEN_TIME,DWB_L3,True,rms_low,0.1267638088228011,7061,0.7061293870612939,1.0
MC_S0_FULL_R2_L1_EXTENDED,NEW_MC,COVERAGE_GIVEN_TIME,DWB_L3,True,rms_medium,0.0306596645932017,8700,0.8700129987001299,1.0
MC_S0_FULL_R2_L1_EXTENDED,NEW_MC,COVERAGE_GIVEN_TIME,DWB_L3,True,rms_high,43.00423807334899,381,0.0381961803819618,0.3437656234376562
MC_S0_FULL_R2_L1_EXTENDED,NEW_MC,COVERAGE_GIVEN_TIME,DWB_L3,True,persistent_relation_rms,0.3717521488773379,4868,0.4868513148685131,1.0
MC_S0_FULL_R2_L1_EXTENDED,NEW_MC,COVERAGE_GIVEN_TIME,DWB_L4,False,component_share_birth,0.0665506619755085,4531,0.4531546845315468,1.0
MC_S0_FULL_R2_L1_EXTENDED,NEW_MC,COVERAGE_GIVEN_TIME,DWB_L4,False,component_share_death,0.0229073092272145,8883,0.8883111688831117,1.0
MC_S0_FULL_R2_L1_EXTENDED,NEW_MC,COVERAGE_GIVEN_TIME,DWB_L4,False,component_share_increase,1.0836169915436678,2877,0.2877712228777122,1.0
MC_S0_FULL_R2_L1_EXTENDED,NEW_MC,COVERAGE_GIVEN_TIME,DWB_L4,False,support_share_low,2.2078099391455925,924,0.0924907509249075,0.6474352564743525
MC_S0_FULL_R2_L1_EXTENDED,NEW_MC,COVERAGE_GIVEN_TIME,DWB_L4,False,support_share_medium,5.124461163708752,631,0.0631936806319368,0.5084491550844916
MC_S0_FULL_R2_L1_EXTENDED,NEW_MC,COVERAGE_GIVEN_TIME,DWB_L4,False,rms_low,0.1267638088228011,6941,0.6941305869413059,1.0
MC_S0_FULL_R2_L1_EXTENDED,NEW_MC,COVERAGE_GIVEN_TIME,DWB_L4,False,rms_medium,0.0306596645932017,8709,0.8709129087091291,1.0
MC_S0_FULL_R2_L1_EXTENDED,NEW_MC,COVERAGE_GIVEN_TIME,DWB_L4,False,rms_high,43.00423807334899,564,0.0564943505649435,0.5084491550844916
MC_S0_FULL_R2_L1_EXTENDED,NEW_MC,COVERAGE_GIVEN_TIME,DWB_L4,False,persistent_relation_rms,0.3717521488773379,4639,0.463953604639536,1.0
MC_S0_FULL_R2_L2_HIGH,NEW_MC,TIME_GIVEN_COVERAGE,LEGACY_RADEMACHER,False,component_share_birth,0.009495378680814,8952,0.8952104789521048,1.0
MC_S0_FULL_R2_L2_HIGH,NEW_MC,TIME_GIVEN_COVERAGE,LEGACY_RADEMACHER,False,component_share_death,0.0453079913711036,8632,0.8632136786321368,1.0
MC_S0_FULL_R2_L2_HIGH,NEW_MC,TIME_GIVEN_COVERAGE,LEGACY_RADEMACHER,False,component_share_increase,0.1436221675253115,7877,0.7877212278772123,1.0
MC_S0_FULL_R2_L2_HIGH,NEW_MC,TIME_GIVEN_COVERAGE,LEGACY_RADEMACHER,False,support_share_low,0.0046705868090075,9579,0.957904209579042,1.0
MC_S0_FULL_R2_L2_HIGH,NEW_MC,TIME_GIVEN_COVERAGE,LEGACY_RADEMACHER,False,support_share_medium,0.0267194861785879,8785,0.8785121487851215,1.0
MC_S0_FULL_R2_L2_HIGH,NEW_MC,TIME_GIVEN_COVERAGE,LEGACY_RADEMACHER,False,rms_low,1.0817405868579293,3836,0.3836616338366163,1.0
MC_S0_FULL_R2_L2_HIGH,NEW_MC,TIME_GIVEN_COVERAGE,LEGACY_RADEMACHER,False,rms_medium,0.0404050409833498,7480,0.748025197480252,1.0
MC_S0_FULL_R2_L2_HIGH,NEW_MC,TIME_GIVEN_COVERAGE,LEGACY_RADEMACHER,False,rms_high,1.3183660306624034,3324,0.3324667533246675,1.0
MC_S0_FULL_R2_L2_HIGH,NEW_MC,TIME_GIVEN_COVERAGE,LEGACY_RADEMACHER,False,persistent_relation_rms,1.8008827919754309,493,0.0493950604939506,0.4445555444455554
MC_S0_FULL_R2_L2_HIGH,NEW_MC,TIME_GIVEN_COVERAGE,GAUSSIAN_L1,False,component_share_birth,0.009495378680814,8929,0.8929107089291071,1.0
MC_S0_FULL_R2_L2_HIGH,NEW_MC,TIME_GIVEN_COVERAGE,GAUSSIAN_L1,False,component_share_death,0.0453079913711036,8450,0.845015498450155,1.0
MC_S0_FULL_R2_L2_HIGH,NEW_MC,TIME_GIVEN_COVERAGE,GAUSSIAN_L1,False,component_share_increase,0.1436221675253115,7401,0.7401259874012599,1.0
MC_S0_FULL_R2_L2_HIGH,NEW_MC,TIME_GIVEN_COVERAGE,GAUSSIAN_L1,False,support_share_low,0.0046705868090075,9213,0.9213078692130788,1.0
MC_S0_FULL_R2_L2_HIGH,NEW_MC,TIME_GIVEN_COVERAGE,GAUSSIAN_L1,False,support_share_medium,0.0267194861785879,7805,0.7805219478052194,1.0
MC_S0_FULL_R2_L2_HIGH,NEW_MC,TIME_GIVEN_COVERAGE,GAUSSIAN_L1,False,rms_low,1.0817405868579293,3733,0.3733626637336266,1.0
MC_S0_FULL_R2_L2_HIGH,NEW_MC,TIME_GIVEN_COVERAGE,GAUSSIAN_L1,False,rms_medium,0.0404050409833498,7479,0.7479252074792521,1.0
MC_S0_FULL_R2_L2_HIGH,NEW_MC,TIME_GIVEN_COVERAGE,GAUSSIAN_L1,False,rms_high,1.3183660306624034,3061,0.3061693830616938,1.0
MC_S0_FULL_R2_L2_HIGH,NEW_MC,TIME_GIVEN_COVERAGE,GAUSSIAN_L1,False,persistent_relation_rms,1.8008827919754309,556,0.0556944305569443,0.5012498750124987
MC_S0_FULL_R2_L2_HIGH,NEW_MC,TIME_GIVEN_COVERAGE,DWB_L2,False,component_share_birth,0.009495378680814,8655,0.8655134486551345,1.0
MC_S0_FULL_R2_L2_HIGH,NEW_MC,TIME_GIVEN_COVERAGE,DWB_L2,False,component_share_death,0.0453079913711036,8070,0.807019298070193,1.0
MC_S0_FULL_R2_L2_HIGH,NEW_MC,TIME_GIVEN_COVERAGE,DWB_L2,False,component_share_increase,0.1436221675253115,7584,0.7584241575842415,1.0
MC_S0_FULL_R2_L2_HIGH,NEW_MC,TIME_GIVEN_COVERAGE,DWB_L2,False,support_share_low,0.0046705868090075,9265,0.9265073492650736,1.0
MC_S0_FULL_R2_L2_HIGH,NEW_MC,TIME_GIVEN_COVERAGE,DWB_L2,False,support_share_medium,0.0267194861785879,7983,0.7983201679832017,1.0
MC_S0_FULL_R2_L2_HIGH,NEW_MC,TIME_GIVEN_COVERAGE,DWB_L2,False,rms_low,1.0817405868579293,3489,0.348965103489651,1.0
MC_S0_FULL_R2_L2_HIGH,NEW_MC,TIME_GIVEN_COVERAGE,DWB_L2,False,rms_medium,0.0404050409833498,7795,0.7795220477952205,1.0
MC_S0_FULL_R2_L2_HIGH,NEW_MC,TIME_GIVEN_COVERAGE,DWB_L2,False,rms_high,1.3183660306624034,3751,0.3751624837516248,1.0
MC_S0_FULL_R2_L2_HIGH,NEW_MC,TIME_GIVEN_COVERAGE,DWB_L2,False,persistent_relation_rms,1.8008827919754309,801,0.0801919808019198,0.7217278272172782
MC_S0_FULL_R2_L2_HIGH,NEW_MC,TIME_GIVEN_COVERAGE,DWB_L3,True,component_share_birth,0.009495378680814,8263,0.8263173682631737,1.0
MC_S0_FULL_R2_L2_HIGH,NEW_MC,TIME_GIVEN_COVERAGE,DWB_L3,True,component_share_death,0.0453079913711036,7601,0.7601239876012399,1.0
MC_S0_FULL_R2_L2_HIGH,NEW_MC,TIME_GIVEN_COVERAGE,DWB_L3,True,component_share_increase,0.1436221675253115,7630,0.763023697630237,1.0
MC_S0_FULL_R2_L2_HIGH,NEW_MC,TIME_GIVEN_COVERAGE,DWB_L3,True,support_share_low,0.0046705868090075,9307,0.9307069293070692,1.0
MC_S0_FULL_R2_L2_HIGH,NEW_MC,TIME_GIVEN_COVERAGE,DWB_L3,True,support_share_medium,0.0267194861785879,8163,0.8163183681631837,1.0
MC_S0_FULL_R2_L2_HIGH,NEW_MC,TIME_GIVEN_COVERAGE,DWB_L3,True,rms_low,1.0817405868579293,2867,0.2867713228677132,1.0
MC_S0_FULL_R2_L2_HIGH,NEW_MC,TIME_GIVEN_COVERAGE,DWB_L3,True,rms_medium,0.0404050409833498,7965,0.7965203479652034,1.0
MC_S0_FULL_R2_L2_HIGH,NEW_MC,TIME_GIVEN_COVERAGE,DWB_L3,True,rms_high,1.3183660306624034,4078,0.4078592140785921,1.0
MC_S0_FULL_R2_L2_HIGH,NEW_MC,TIME_GIVEN_COVERAGE,DWB_L3,True,persistent_relation_rms,1.8008827919754309,765,0.0765923407659234,0.6893310668933106
MC_S0_FULL_R2_L2_HIGH,NEW_MC,TIME_GIVEN_COVERAGE,DWB_L4,False,component_share_birth,0.009495378680814,8116,0.8116188381161884,1.0
MC_S0_FULL_R2_L2_HIGH,NEW_MC,TIME_GIVEN_COVERAGE,DWB_L4,False,component_share_death,0.0453079913711036,7364,0.7364263573642635,1.0
MC_S0_FULL_R2_L2_HIGH,NEW_MC,TIME_GIVEN_COVERAGE,DWB_L4,False,component_share_increase,0.1436221675253115,7677,0.7677232276772322,1.0
MC_S0_FULL_R2_L2_HIGH,NEW_MC,TIME_GIVEN_COVERAGE,DWB_L4,False,support_share_low,0.0046705868090075,9329,0.932906709329067,1.0
MC_S0_FULL_R2_L2_HIGH,NEW_MC,TIME_GIVEN_COVERAGE,DWB_L4,False,support_share_medium,0.0267194861785879,8160,0.816018398160184,1.0
MC_S0_FULL_R2_L2_HIGH,NEW_MC,TIME_GIVEN_COVERAGE,DWB_L4,False,rms_low,1.0817405868579293,2427,0.2427757224277572,1.0
MC_S0_FULL_R2_L2_HIGH,NEW_MC,TIME_GIVEN_COVERAGE,DWB_L4,False,rms_medium,0.0404050409833498,8017,0.8017198280171983,1.0
MC_S0_FULL_R2_L2_HIGH,NEW_MC,TIME_GIVEN_COVERAGE,DWB_L4,False,rms_high,1.3183660306624034,4456,0.4456554344565543,1.0
MC_S0_FULL_R2_L2_HIGH,NEW_MC,TIME_GIVEN_COVERAGE,DWB_L4,False,persistent_relation_rms,1.8008827919754309,978,0.0978902109789021,0.881011898810119
MC_S0_FULL_R2_L2_HIGH,NEW_MC,COVERAGE_GIVEN_TIME,LEGACY_RADEMACHER,False,component_share_birth,0.4699635458407822,3627,0.3627637236276372,1.0
MC_S0_FULL_R2_L2_HIGH,NEW_MC,COVERAGE_GIVEN_TIME,LEGACY_RADEMACHER,False,component_share_death,0.0140394694163852,9098,0.9098090190980902,1.0
MC_S0_FULL_R2_L2_HIGH,NEW_MC,COVERAGE_GIVEN_TIME,LEGACY_RADEMACHER,False,component_share_increase,2.001346191812601,2428,0.2428757124287571,1.0
MC_S0_FULL_R2_L2_HIGH,NEW_MC,COVERAGE_GIVEN_TIME,LEGACY_RADEMACHER,False,support_share_low,1.685381508615163,219,0.021997800219978,0.153984601539846
MC_S0_FULL_R2_L2_HIGH,NEW_MC,COVERAGE_GIVEN_TIME,LEGACY_RADEMACHER,False,support_share_medium,1.7320733216482471,59,0.005999400059994,0.047995200479952
MC_S0_FULL_R2_L2_HIGH,NEW_MC,COVERAGE_GIVEN_TIME,LEGACY_RADEMACHER,False,rms_low,0.1001043669366712,7666,0.7666233376662334,1.0
MC_S0_FULL_R2_L2_HIGH,NEW_MC,COVERAGE_GIVEN_TIME,LEGACY_RADEMACHER,False,rms_medium,0.0799115036139319,7558,0.7558244175582441,1.0
MC_S0_FULL_R2_L2_HIGH,NEW_MC,COVERAGE_GIVEN_TIME,LEGACY_RADEMACHER,False,rms_high,38.14699872643576,0,9.999000099990002e-05,0.0008999100089991
MC_S0_FULL_R2_L2_HIGH,NEW_MC,COVERAGE_GIVEN_TIME,LEGACY_RADEMACHER,False,persistent_relation_rms,0.0012095092063884,9687,0.9687031296870312,1.0
MC_S0_FULL_R2_L2_HIGH,NEW_MC,COVERAGE_GIVEN_TIME,GAUSSIAN_L1,False,component_share_birth,0.4699635458407822,3357,0.3357664233576642,1.0
MC_S0_FULL_R2_L2_HIGH,NEW_MC,COVERAGE_GIVEN_TIME,GAUSSIAN_L1,False,component_share_death,0.0140394694163852,9060,0.906009399060094,1.0
MC_S0_FULL_R2_L2_HIGH,NEW_MC,COVERAGE_GIVEN_TIME,GAUSSIAN_L1,False,component_share_increase,2.001346191812601,2029,0.202979702029797,1.0
MC_S0_FULL_R2_L2_HIGH,NEW_MC,COVERAGE_GIVEN_TIME,GAUSSIAN_L1,False,support_share_low,1.685381508615163,569,0.056994300569943,0.398960103989601
MC_S0_FULL_R2_L2_HIGH,NEW_MC,COVERAGE_GIVEN_TIME,GAUSSIAN_L1,False,support_share_medium,1.7320733216482471,257,0.0257974202579742,0.2063793620637936
MC_S0_FULL_R2_L2_HIGH,NEW_MC,COVERAGE_GIVEN_TIME,GAUSSIAN_L1,False,rms_low,0.1001043669366712,7493,0.7493250674932507,1.0
MC_S0_FULL_R2_L2_HIGH,NEW_MC,COVERAGE_GIVEN_TIME,GAUSSIAN_L1,False,rms_medium,0.0799115036139319,7398,0.7398260173982601,1.0
MC_S0_FULL_R2_L2_HIGH,NEW_MC,COVERAGE_GIVEN_TIME,GAUSSIAN_L1,False,rms_high,38.14699872643576,21,0.0021997800219978,0.0197980201979802
MC_S0_FULL_R2_L2_HIGH,NEW_MC,COVERAGE_GIVEN_TIME,GAUSSIAN_L1,False,persistent_relation_rms,0.0012095092063884,9655,0.9655034496550344,1.0
MC_S0_FULL_R2_L2_HIGH,NEW_MC,COVERAGE_GIVEN_TIME,DWB_L2,False,component_share_birth,0.4699635458407822,2283,0.2283771622837716,1.0
MC_S0_FULL_R2_L2_HIGH,NEW_MC,COVERAGE_GIVEN_TIME,DWB_L2,False,component_share_death,0.0140394694163852,8784,0.8784121587841216,1.0
MC_S0_FULL_R2_L2_HIGH,NEW_MC,COVERAGE_GIVEN_TIME,DWB_L2,False,component_share_increase,2.001346191812601,2304,0.2304769523047695,1.0
MC_S0_FULL_R2_L2_HIGH,NEW_MC,COVERAGE_GIVEN_TIME,DWB_L2,False,support_share_low,1.685381508615163,979,0.097990200979902,0.6859314068593141
MC_S0_FULL_R2_L2_HIGH,NEW_MC,COVERAGE_GIVEN_TIME,DWB_L2,False,support_share_medium,1.7320733216482471,619,0.061993800619938,0.495950404959504
MC_S0_FULL_R2_L2_HIGH,NEW_MC,COVERAGE_GIVEN_TIME,DWB_L2,False,rms_low,0.1001043669366712,7343,0.7343265673432656,1.0
MC_S0_FULL_R2_L2_HIGH,NEW_MC,COVERAGE_GIVEN_TIME,DWB_L2,False,rms_medium,0.0799115036139319,7571,0.7571242875712428,1.0
MC_S0_FULL_R2_L2_HIGH,NEW_MC,COVERAGE_GIVEN_TIME,DWB_L2,False,rms_high,38.14699872643576,156,0.0156984301569843,0.1412858714128587
MC_S0_FULL_R2_L2_HIGH,NEW_MC,COVERAGE_GIVEN_TIME,DWB_L2,False,persistent_relation_rms,0.0012095092063884,9641,0.964103589641036,1.0
MC_S0_FULL_R2_L2_HIGH,NEW_MC,COVERAGE_GIVEN_TIME,DWB_L3,True,component_share_birth,0.4699635458407822,1882,0.1882811718828117,1.0
MC_S0_FULL_R2_L2_HIGH,NEW_MC,COVERAGE_GIVEN_TIME,DWB_L3,True,component_share_death,0.0140394694163852,8612,0.8612138786121388,1.0
MC_S0_FULL_R2_L2_HIGH,NEW_MC,COVERAGE_GIVEN_TIME,DWB_L3,True,component_share_increase,2.001346191812601,2379,0.237976202379762,1.0
MC_S0_FULL_R2_L2_HIGH,NEW_MC,COVERAGE_GIVEN_TIME,DWB_L3,True,support_share_low,1.685381508615163,1097,0.1097890210978902,0.7685231476852314
MC_S0_FULL_R2_L2_HIGH,NEW_MC,COVERAGE_GIVEN_TIME,DWB_L3,True,support_share_medium,1.7320733216482471,728,0.0728927107289271,0.5831416858314169
MC_S0_FULL_R2_L2_HIGH,NEW_MC,COVERAGE_GIVEN_TIME,DWB_L3,True,rms_low,0.1001043669366712,6923,0.6923307669233076,1.0
MC_S0_FULL_R2_L2_HIGH,NEW_MC,COVERAGE_GIVEN_TIME,DWB_L3,True,rms_medium,0.0799115036139319,7544,0.7544245575442455,1.0
MC_S0_FULL_R2_L2_HIGH,NEW_MC,COVERAGE_GIVEN_TIME,DWB_L3,True,rms_high,38.14699872643576,310,0.0310968903109689,0.2798720127987201
MC_S0_FULL_R2_L2_HIGH,NEW_MC,COVERAGE_GIVEN_TIME,DWB_L3,True,persistent_relation_rms,0.0012095092063884,9554,0.9554044595540446,1.0
MC_S0_FULL_R2_L2_HIGH,NEW_MC,COVERAGE_GIVEN_TIME,DWB_L4,False,component_share_birth,0.4699635458407822,1630,0.1630836916308369,0.9785021497850216
MC_S0_FULL_R2_L2_HIGH,NEW_MC,COVERAGE_GIVEN_TIME,DWB_L4,False,component_share_death,0.0140394694163852,8455,0.8455154484551545,1.0
MC_S0_FULL_R2_L2_HIGH,NEW_MC,COVERAGE_GIVEN_TIME,DWB_L4,False,component_share_increase,2.001346191812601,2361,0.2361763823617638,1.0
MC_S0_FULL_R2_L2_HIGH,NEW_MC,COVERAGE_GIVEN_TIME,DWB_L4,False,support_share_low,1.685381508615163,1086,0.1086891310868913,0.7608239176082392
MC_S0_FULL_R2_L2_HIGH,NEW_MC,COVERAGE_GIVEN_TIME,DWB_L4,False,support_share_medium,1.7320733216482471,739,0.073992600739926,0.591940805919408
MC_S0_FULL_R2_L2_HIGH,NEW_MC,COVERAGE_GIVEN_TIME,DWB_L4,False,rms_low,0.1001043669366712,6361,0.6361363863613638,1.0
MC_S0_FULL_R2_L2_HIGH,NEW_MC,COVERAGE_GIVEN_TIME,DWB_L4,False,rms_medium,0.0799115036139319,7527,0.7527247275272473,1.0
MC_S0_FULL_R2_L2_HIGH,NEW_MC,COVERAGE_GIVEN_TIME,DWB_L4,False,rms_high,38.14699872643576,538,0.0538946105389461,0.4850514948505149
MC_S0_FULL_R2_L2_HIGH,NEW_MC,COVERAGE_GIVEN_TIME,DWB_L4,False,persistent_relation_rms,0.0012095092063884,9540,0.954004599540046,1.0
MC_S0_FULL_R3_L0_STAGE15_MATCHED,NEW_MC,TIME_GIVEN_COVERAGE,LEGACY_RADEMACHER,False,component_share_birth,1.1953992757765055,1559,0.155984401559844,1.0
MC_S0_FULL_R3_L0_STAGE15_MATCHED,NEW_MC,TIME_GIVEN_COVERAGE,LEGACY_RADEMACHER,False,component_share_death,0.4735383443145444,5456,0.5456454354564544,1.0
MC_S0_FULL_R3_L0_STAGE15_MATCHED,NEW_MC,TIME_GIVEN_COVERAGE,LEGACY_RADEMACHER,False,component_share_increase,21.509209678431347,314,0.0314968503149685,0.2834716528347165
MC_S0_FULL_R3_L0_STAGE15_MATCHED,NEW_MC,TIME_GIVEN_COVERAGE,LEGACY_RADEMACHER,False,support_share_low,0.1846741742449786,6873,0.6873312668733127,1.0
MC_S0_FULL_R3_L0_STAGE15_MATCHED,NEW_MC,TIME_GIVEN_COVERAGE,LEGACY_RADEMACHER,False,support_share_medium,0.0300138433748049,8894,0.8894110588941105,1.0
MC_S0_FULL_R3_L0_STAGE15_MATCHED,NEW_MC,TIME_GIVEN_COVERAGE,LEGACY_RADEMACHER,False,rms_low,0.0461204878890644,8489,0.8489151084891511,1.0
MC_S0_FULL_R3_L0_STAGE15_MATCHED,NEW_MC,TIME_GIVEN_COVERAGE,LEGACY_RADEMACHER,False,rms_medium,0.1555421870837801,5201,0.5201479852014799,1.0
MC_S0_FULL_R3_L0_STAGE15_MATCHED,NEW_MC,TIME_GIVEN_COVERAGE,LEGACY_RADEMACHER,False,rms_high,0.9885405794029368,4458,0.4458554144585541,1.0
MC_S0_FULL_R3_L0_STAGE15_MATCHED,NEW_MC,TIME_GIVEN_COVERAGE,LEGACY_RADEMACHER,False,persistent_relation_rms,0.1273088791678063,7218,0.7218278172182782,1.0
MC_S0_FULL_R3_L0_STAGE15_MATCHED,NEW_MC,TIME_GIVEN_COVERAGE,GAUSSIAN_L1,False,component_share_birth,1.1953992757765055,1469,0.146985301469853,1.0
MC_S0_FULL_R3_L0_STAGE15_MATCHED,NEW_MC,TIME_GIVEN_COVERAGE,GAUSSIAN_L1,False,component_share_death,0.4735383443145444,5190,0.519048095190481,1.0
MC_S0_FULL_R3_L0_STAGE15_MATCHED,NEW_MC,TIME_GIVEN_COVERAGE,GAUSSIAN_L1,False,component_share_increase,21.509209678431347,950,0.0950904909509049,0.8558144185581442
MC_S0_FULL_R3_L0_STAGE15_MATCHED,NEW_MC,TIME_GIVEN_COVERAGE,GAUSSIAN_L1,False,support_share_low,0.1846741742449786,5576,0.5576442355764424,1.0
MC_S0_FULL_R3_L0_STAGE15_MATCHED,NEW_MC,TIME_GIVEN_COVERAGE,GAUSSIAN_L1,False,support_share_medium,0.0300138433748049,8036,0.8036196380361964,1.0
MC_S0_FULL_R3_L0_STAGE15_MATCHED,NEW_MC,TIME_GIVEN_COVERAGE,GAUSSIAN_L1,False,rms_low,0.0461204878890644,8414,0.8414158584141586,1.0
MC_S0_FULL_R3_L0_STAGE15_MATCHED,NEW_MC,TIME_GIVEN_COVERAGE,GAUSSIAN_L1,False,rms_medium,0.1555421870837801,5100,0.51004899510049,1.0
MC_S0_FULL_R3_L0_STAGE15_MATCHED,NEW_MC,TIME_GIVEN_COVERAGE,GAUSSIAN_L1,False,rms_high,0.9885405794029368,4170,0.4170582941705829,1.0
MC_S0_FULL_R3_L0_STAGE15_MATCHED,NEW_MC,TIME_GIVEN_COVERAGE,GAUSSIAN_L1,False,persistent_relation_rms,0.1273088791678063,6321,0.6321367863213678,1.0
MC_S0_FULL_R3_L0_STAGE15_MATCHED,NEW_MC,TIME_GIVEN_COVERAGE,DWB_L2,False,component_share_birth,1.1953992757765055,1386,0.1386861313868613,1.0
MC_S0_FULL_R3_L0_STAGE15_MATCHED,NEW_MC,TIME_GIVEN_COVERAGE,DWB_L2,False,component_share_death,0.4735383443145444,3904,0.3904609539046095,1.0
MC_S0_FULL_R3_L0_STAGE15_MATCHED,NEW_MC,TIME_GIVEN_COVERAGE,DWB_L2,False,component_share_increase,21.509209678431347,1248,0.1248875112488751,1.0
MC_S0_FULL_R3_L0_STAGE15_MATCHED,NEW_MC,TIME_GIVEN_COVERAGE,DWB_L2,False,support_share_low,0.1846741742449786,6019,0.601939806019398,1.0
MC_S0_FULL_R3_L0_STAGE15_MATCHED,NEW_MC,TIME_GIVEN_COVERAGE,DWB_L2,False,support_share_medium,0.0300138433748049,8129,0.8129187081291871,1.0
MC_S0_FULL_R3_L0_STAGE15_MATCHED,NEW_MC,TIME_GIVEN_COVERAGE,DWB_L2,False,rms_low,0.0461204878890644,8316,0.8316168383161684,1.0
MC_S0_FULL_R3_L0_STAGE15_MATCHED,NEW_MC,TIME_GIVEN_COVERAGE,DWB_L2,False,rms_medium,0.1555421870837801,5904,0.5904409559044096,1.0
MC_S0_FULL_R3_L0_STAGE15_MATCHED,NEW_MC,TIME_GIVEN_COVERAGE,DWB_L2,False,rms_high,0.9885405794029368,4649,0.464953504649535,1.0
MC_S0_FULL_R3_L0_STAGE15_MATCHED,NEW_MC,TIME_GIVEN_COVERAGE,DWB_L2,False,persistent_relation_rms,0.1273088791678063,6070,0.607039296070393,1.0
MC_S0_FULL_R3_L0_STAGE15_MATCHED,NEW_MC,TIME_GIVEN_COVERAGE,DWB_L3,True,component_share_birth,1.1953992757765055,1473,0.1473852614738526,1.0
MC_S0_FULL_R3_L0_STAGE15_MATCHED,NEW_MC,TIME_GIVEN_COVERAGE,DWB_L3,True,component_share_death,0.4735383443145444,3321,0.3321667833216678,1.0
MC_S0_FULL_R3_L0_STAGE15_MATCHED,NEW_MC,TIME_GIVEN_COVERAGE,DWB_L3,True,component_share_increase,21.509209678431347,1345,0.1345865413458654,1.0
MC_S0_FULL_R3_L0_STAGE15_MATCHED,NEW_MC,TIME_GIVEN_COVERAGE,DWB_L3,True,support_share_low,0.1846741742449786,6242,0.6242375762423757,1.0
MC_S0_FULL_R3_L0_STAGE15_MATCHED,NEW_MC,TIME_GIVEN_COVERAGE,DWB_L3,True,support_share_medium,0.0300138433748049,8286,0.8286171382861713,1.0
MC_S0_FULL_R3_L0_STAGE15_MATCHED,NEW_MC,TIME_GIVEN_COVERAGE,DWB_L3,True,rms_low,0.0461204878890644,8000,0.8000199980002,1.0
MC_S0_FULL_R3_L0_STAGE15_MATCHED,NEW_MC,TIME_GIVEN_COVERAGE,DWB_L3,True,rms_medium,0.1555421870837801,6226,0.6226377362263774,1.0
MC_S0_FULL_R3_L0_STAGE15_MATCHED,NEW_MC,TIME_GIVEN_COVERAGE,DWB_L3,True,rms_high,0.9885405794029368,5308,0.5308469153084692,1.0
MC_S0_FULL_R3_L0_STAGE15_MATCHED,NEW_MC,TIME_GIVEN_COVERAGE,DWB_L3,True,persistent_relation_rms,0.1273088791678063,5877,0.5877412258774123,1.0
MC_S0_FULL_R3_L0_STAGE15_MATCHED,NEW_MC,TIME_GIVEN_COVERAGE,DWB_L4,False,component_share_birth,1.1953992757765055,1576,0.1576842315768423,1.0
MC_S0_FULL_R3_L0_STAGE15_MATCHED,NEW_MC,TIME_GIVEN_COVERAGE,DWB_L4,False,component_share_death,0.4735383443145444,2705,0.2705729427057294,1.0
MC_S0_FULL_R3_L0_STAGE15_MATCHED,NEW_MC,TIME_GIVEN_COVERAGE,DWB_L4,False,component_share_increase,21.509209678431347,1422,0.1422857714228577,1.0
MC_S0_FULL_R3_L0_STAGE15_MATCHED,NEW_MC,TIME_GIVEN_COVERAGE,DWB_L4,False,support_share_low,0.1846741742449786,6277,0.6277372262773723,1.0
MC_S0_FULL_R3_L0_STAGE15_MATCHED,NEW_MC,TIME_GIVEN_COVERAGE,DWB_L4,False,support_share_medium,0.0300138433748049,8294,0.8294170582941706,1.0
MC_S0_FULL_R3_L0_STAGE15_MATCHED,NEW_MC,TIME_GIVEN_COVERAGE,DWB_L4,False,rms_low,0.0461204878890644,7866,0.7866213378662134,1.0
MC_S0_FULL_R3_L0_STAGE15_MATCHED,NEW_MC,TIME_GIVEN_COVERAGE,DWB_L4,False,rms_medium,0.1555421870837801,6377,0.6377362263773623,1.0
MC_S0_FULL_R3_L0_STAGE15_MATCHED,NEW_MC,TIME_GIVEN_COVERAGE,DWB_L4,False,rms_high,0.9885405794029368,5333,0.5333466653334666,1.0
MC_S0_FULL_R3_L0_STAGE15_MATCHED,NEW_MC,TIME_GIVEN_COVERAGE,DWB_L4,False,persistent_relation_rms,0.1273088791678063,5822,0.5822417758224178,1.0
MC_S0_FULL_R3_L0_STAGE15_MATCHED,NEW_MC,COVERAGE_GIVEN_TIME,LEGACY_RADEMACHER,False,component_share_birth,0.1400751896261773,6142,0.6142385761423858,1.0
MC_S0_FULL_R3_L0_STAGE15_MATCHED,NEW_MC,COVERAGE_GIVEN_TIME,LEGACY_RADEMACHER,False,component_share_death,0.5310429216622907,5455,0.5455454454554545,1.0
MC_S0_FULL_R3_L0_STAGE15_MATCHED,NEW_MC,COVERAGE_GIVEN_TIME,LEGACY_RADEMACHER,False,component_share_increase,3.227165501135403,2430,0.2430756924307569,1.0
MC_S0_FULL_R3_L0_STAGE15_MATCHED,NEW_MC,COVERAGE_GIVEN_TIME,LEGACY_RADEMACHER,False,support_share_low,1.3021670458758,792,0.0792920707929207,0.555044495550445
MC_S0_FULL_R3_L0_STAGE15_MATCHED,NEW_MC,COVERAGE_GIVEN_TIME,LEGACY_RADEMACHER,False,support_share_medium,1.530798881189451,296,0.0296970302969703,0.2375762423757624
MC_S0_FULL_R3_L0_STAGE15_MATCHED,NEW_MC,COVERAGE_GIVEN_TIME,LEGACY_RADEMACHER,False,rms_low,1.1804140160938772,2765,0.2765723427657234,1.0
MC_S0_FULL_R3_L0_STAGE15_MATCHED,NEW_MC,COVERAGE_GIVEN_TIME,LEGACY_RADEMACHER,False,rms_medium,0.001250660450589,9740,0.974002599740026,1.0
MC_S0_FULL_R3_L0_STAGE15_MATCHED,NEW_MC,COVERAGE_GIVEN_TIME,LEGACY_RADEMACHER,False,rms_high,42.501266444625,0,9.999000099990002e-05,0.0008999100089991
MC_S0_FULL_R3_L0_STAGE15_MATCHED,NEW_MC,COVERAGE_GIVEN_TIME,LEGACY_RADEMACHER,False,persistent_relation_rms,0.1591702616392174,6403,0.6403359664033597,1.0
MC_S0_FULL_R3_L0_STAGE15_MATCHED,NEW_MC,COVERAGE_GIVEN_TIME,GAUSSIAN_L1,False,component_share_birth,0.1400751896261773,6062,0.6062393760623938,1.0
MC_S0_FULL_R3_L0_STAGE15_MATCHED,NEW_MC,COVERAGE_GIVEN_TIME,GAUSSIAN_L1,False,component_share_death,0.5310429216622907,5253,0.5253474652534746,1.0
MC_S0_FULL_R3_L0_STAGE15_MATCHED,NEW_MC,COVERAGE_GIVEN_TIME,GAUSSIAN_L1,False,component_share_increase,3.227165501135403,2142,0.2142785721427857,1.0
MC_S0_FULL_R3_L0_STAGE15_MATCHED,NEW_MC,COVERAGE_GIVEN_TIME,GAUSSIAN_L1,False,support_share_low,1.3021670458758,1277,0.1277872212778722,0.8945105489451054
MC_S0_FULL_R3_L0_STAGE15_MATCHED,NEW_MC,COVERAGE_GIVEN_TIME,GAUSSIAN_L1,False,support_share_medium,1.530798881189451,739,0.073992600739926,0.591940805919408
MC_S0_FULL_R3_L0_STAGE15_MATCHED,NEW_MC,COVERAGE_GIVEN_TIME,GAUSSIAN_L1,False,rms_low,1.1804140160938772,2604,0.2604739526047395,1.0
MC_S0_FULL_R3_L0_STAGE15_MATCHED,NEW_MC,COVERAGE_GIVEN_TIME,GAUSSIAN_L1,False,rms_medium,0.001250660450589,9711,0.9711028897110288,1.0
MC_S0_FULL_R3_L0_STAGE15_MATCHED,NEW_MC,COVERAGE_GIVEN_TIME,GAUSSIAN_L1,False,rms_high,42.501266444625,16,0.0016998300169983,0.0152984701529847
MC_S0_FULL_R3_L0_STAGE15_MATCHED,NEW_MC,COVERAGE_GIVEN_TIME,GAUSSIAN_L1,False,persistent_relation_rms,0.1591702616392174,5925,0.5925407459254075,1.0
MC_S0_FULL_R3_L0_STAGE15_MATCHED,NEW_MC,COVERAGE_GIVEN_TIME,DWB_L2,False,component_share_birth,0.1400751896261773,4450,0.4450554944505549,1.0
MC_S0_FULL_R3_L0_STAGE15_MATCHED,NEW_MC,COVERAGE_GIVEN_TIME,DWB_L2,False,component_share_death,0.5310429216622907,3998,0.3998600139986001,1.0
MC_S0_FULL_R3_L0_STAGE15_MATCHED,NEW_MC,COVERAGE_GIVEN_TIME,DWB_L2,False,component_share_increase,3.227165501135403,2290,0.2290770922907709,1.0
MC_S0_FULL_R3_L0_STAGE15_MATCHED,NEW_MC,COVERAGE_GIVEN_TIME,DWB_L2,False,support_share_low,1.3021670458758,1736,0.1736826317368263,1.0
MC_S0_FULL_R3_L0_STAGE15_MATCHED,NEW_MC,COVERAGE_GIVEN_TIME,DWB_L2,False,support_share_medium,1.530798881189451,1100,0.1100889911008899,0.8807119288071192
MC_S0_FULL_R3_L0_STAGE15_MATCHED,NEW_MC,COVERAGE_GIVEN_TIME,DWB_L2,False,rms_low,1.1804140160938772,2462,0.2462753724627537,1.0
MC_S0_FULL_R3_L0_STAGE15_MATCHED,NEW_MC,COVERAGE_GIVEN_TIME,DWB_L2,False,rms_medium,0.001250660450589,9719,0.971902809719028,1.0
MC_S0_FULL_R3_L0_STAGE15_MATCHED,NEW_MC,COVERAGE_GIVEN_TIME,DWB_L2,False,rms_high,42.501266444625,118,0.0118988101189881,0.1070892910708929
MC_S0_FULL_R3_L0_STAGE15_MATCHED,NEW_MC,COVERAGE_GIVEN_TIME,DWB_L2,False,persistent_relation_rms,0.1591702616392174,5695,0.5695430456954305,1.0
MC_S0_FULL_R3_L0_STAGE15_MATCHED,NEW_MC,COVERAGE_GIVEN_TIME,DWB_L3,True,component_share_birth,0.1400751896261773,3674,0.3674632536746325,1.0
MC_S0_FULL_R3_L0_STAGE15_MATCHED,NEW_MC,COVERAGE_GIVEN_TIME,DWB_L3,True,component_share_death,0.5310429216622907,3991,0.3991600839916008,1.0
MC_S0_FULL_R3_L0_STAGE15_MATCHED,NEW_MC,COVERAGE_GIVEN_TIME,DWB_L3,True,component_share_increase,3.227165501135403,1956,0.1956804319568043,1.0
MC_S0_FULL_R3_L0_STAGE15_MATCHED,NEW_MC,COVERAGE_GIVEN_TIME,DWB_L3,True,support_share_low,1.3021670458758,1864,0.1864813518648135,1.0
MC_S0_FULL_R3_L0_STAGE15_MATCHED,NEW_MC,COVERAGE_GIVEN_TIME,DWB_L3,True,support_share_medium,1.530798881189451,1287,0.1287871212878712,1.0
MC_S0_FULL_R3_L0_STAGE15_MATCHED,NEW_MC,COVERAGE_GIVEN_TIME,DWB_L3,True,rms_low,1.1804140160938772,2345,0.2345765423457654,1.0
MC_S0_FULL_R3_L0_STAGE15_MATCHED,NEW_MC,COVERAGE_GIVEN_TIME,DWB_L3,True,rms_medium,0.001250660450589,9699,0.96990300969903,1.0
MC_S0_FULL_R3_L0_STAGE15_MATCHED,NEW_MC,COVERAGE_GIVEN_TIME,DWB_L3,True,rms_high,42.501266444625,368,0.0368963103689631,0.3320667933206679
MC_S0_FULL_R3_L0_STAGE15_MATCHED,NEW_MC,COVERAGE_GIVEN_TIME,DWB_L3,True,persistent_relation_rms,0.1591702616392174,5237,0.5237476252374762,1.0
MC_S0_FULL_R3_L0_STAGE15_MATCHED,NEW_MC,COVERAGE_GIVEN_TIME,DWB_L4,False,component_share_birth,0.1400751896261773,3880,0.3880611938806119,1.0
MC_S0_FULL_R3_L0_STAGE15_MATCHED,NEW_MC,COVERAGE_GIVEN_TIME,DWB_L4,False,component_share_death,0.5310429216622907,3676,0.3676632336766323,1.0
MC_S0_FULL_R3_L0_STAGE15_MATCHED,NEW_MC,COVERAGE_GIVEN_TIME,DWB_L4,False,component_share_increase,3.227165501135403,1765,0.1765823417658234,1.0
MC_S0_FULL_R3_L0_STAGE15_MATCHED,NEW_MC,COVERAGE_GIVEN_TIME,DWB_L4,False,support_share_low,1.3021670458758,1902,0.1902809719028097,1.0
MC_S0_FULL_R3_L0_STAGE15_MATCHED,NEW_MC,COVERAGE_GIVEN_TIME,DWB_L4,False,support_share_medium,1.530798881189451,1353,0.1353864613538646,1.0
MC_S0_FULL_R3_L0_STAGE15_MATCHED,NEW_MC,COVERAGE_GIVEN_TIME,DWB_L4,False,rms_low,1.1804140160938772,2380,0.2380761923807619,1.0
MC_S0_FULL_R3_L0_STAGE15_MATCHED,NEW_MC,COVERAGE_GIVEN_TIME,DWB_L4,False,rms_medium,0.001250660450589,9679,0.967903209679032,1.0
MC_S0_FULL_R3_L0_STAGE15_MATCHED,NEW_MC,COVERAGE_GIVEN_TIME,DWB_L4,False,rms_high,42.501266444625,546,0.0546945305469453,0.4922507749225077
MC_S0_FULL_R3_L0_STAGE15_MATCHED,NEW_MC,COVERAGE_GIVEN_TIME,DWB_L4,False,persistent_relation_rms,0.1591702616392174,5140,0.514048595140486,1.0
MC_S0_FULL_R3_L1_EXTENDED,NEW_MC,TIME_GIVEN_COVERAGE,LEGACY_RADEMACHER,False,component_share_birth,0.5401368806565845,2520,0.2520747925207479,1.0
MC_S0_FULL_R3_L1_EXTENDED,NEW_MC,TIME_GIVEN_COVERAGE,LEGACY_RADEMACHER,False,component_share_death,0.1645631973236589,8120,0.812018798120188,1.0
MC_S0_FULL_R3_L1_EXTENDED,NEW_MC,TIME_GIVEN_COVERAGE,LEGACY_RADEMACHER,False,component_share_increase,10.067622751231823,1081,0.1081891810818918,0.9737026297370264
MC_S0_FULL_R3_L1_EXTENDED,NEW_MC,TIME_GIVEN_COVERAGE,LEGACY_RADEMACHER,False,support_share_low,0.0163238192169812,9636,0.9636036396360363,1.0
MC_S0_FULL_R3_L1_EXTENDED,NEW_MC,TIME_GIVEN_COVERAGE,LEGACY_RADEMACHER,False,support_share_medium,0.0558204583890766,9598,0.9598040195980402,1.0
MC_S0_FULL_R3_L1_EXTENDED,NEW_MC,TIME_GIVEN_COVERAGE,LEGACY_RADEMACHER,False,rms_low,0.867458603270002,4247,0.4247575242475752,1.0
MC_S0_FULL_R3_L1_EXTENDED,NEW_MC,TIME_GIVEN_COVERAGE,LEGACY_RADEMACHER,False,rms_medium,0.0573532486390391,7241,0.7241275872412759,1.0
MC_S0_FULL_R3_L1_EXTENDED,NEW_MC,TIME_GIVEN_COVERAGE,LEGACY_RADEMACHER,False,rms_high,1.50011013068535,3240,0.3240675932406759,1.0
MC_S0_FULL_R3_L1_EXTENDED,NEW_MC,TIME_GIVEN_COVERAGE,LEGACY_RADEMACHER,False,persistent_relation_rms,5.488705260958682e-05,9954,0.9954004599540046,1.0
MC_S0_FULL_R3_L1_EXTENDED,NEW_MC,TIME_GIVEN_COVERAGE,GAUSSIAN_L1,False,component_share_birth,0.5401368806565845,2441,0.2441755824417558,1.0
MC_S0_FULL_R3_L1_EXTENDED,NEW_MC,TIME_GIVEN_COVERAGE,GAUSSIAN_L1,False,component_share_death,0.1645631973236589,7886,0.7886211378862114,1.0
MC_S0_FULL_R3_L1_EXTENDED,NEW_MC,TIME_GIVEN_COVERAGE,GAUSSIAN_L1,False,component_share_increase,10.067622751231823,1899,0.18998100189981,1.0
MC_S0_FULL_R3_L1_EXTENDED,NEW_MC,TIME_GIVEN_COVERAGE,GAUSSIAN_L1,False,support_share_low,0.0163238192169812,8693,0.8693130686931307,1.0
MC_S0_FULL_R3_L1_EXTENDED,NEW_MC,TIME_GIVEN_COVERAGE,GAUSSIAN_L1,False,support_share_medium,0.0558204583890766,8041,0.8041195880411959,1.0
MC_S0_FULL_R3_L1_EXTENDED,NEW_MC,TIME_GIVEN_COVERAGE,GAUSSIAN_L1,False,rms_low,0.867458603270002,3988,0.3988601139886011,1.0
MC_S0_FULL_R3_L1_EXTENDED,NEW_MC,TIME_GIVEN_COVERAGE,GAUSSIAN_L1,False,rms_medium,0.0573532486390391,7133,0.7133286671332867,1.0
MC_S0_FULL_R3_L1_EXTENDED,NEW_MC,TIME_GIVEN_COVERAGE,GAUSSIAN_L1,False,rms_high,1.50011013068535,3129,0.312968703129687,1.0
MC_S0_FULL_R3_L1_EXTENDED,NEW_MC,TIME_GIVEN_COVERAGE,GAUSSIAN_L1,False,persistent_relation_rms,5.488705260958682e-05,9946,0.9946005399460054,1.0
MC_S0_FULL_R3_L1_EXTENDED,NEW_MC,TIME_GIVEN_COVERAGE,DWB_L2,False,component_share_birth,0.5401368806565845,1473,0.1473852614738526,1.0
MC_S0_FULL_R3_L1_EXTENDED,NEW_MC,TIME_GIVEN_COVERAGE,DWB_L2,False,component_share_death,0.1645631973236589,7669,0.7669233076692331,1.0
MC_S0_FULL_R3_L1_EXTENDED,NEW_MC,TIME_GIVEN_COVERAGE,DWB_L2,False,component_share_increase,10.067622751231823,1590,0.1590840915908409,1.0
MC_S0_FULL_R3_L1_EXTENDED,NEW_MC,TIME_GIVEN_COVERAGE,DWB_L2,False,support_share_low,0.0163238192169812,8683,0.8683131686831317,1.0
MC_S0_FULL_R3_L1_EXTENDED,NEW_MC,TIME_GIVEN_COVERAGE,DWB_L2,False,support_share_medium,0.0558204583890766,8042,0.8042195780421958,1.0
MC_S0_FULL_R3_L1_EXTENDED,NEW_MC,TIME_GIVEN_COVERAGE,DWB_L2,False,rms_low,0.867458603270002,3690,0.3690630936906309,1.0
MC_S0_FULL_R3_L1_EXTENDED,NEW_MC,TIME_GIVEN_COVERAGE,DWB_L2,False,rms_medium,0.0573532486390391,7639,0.7639236076392361,1.0
MC_S0_FULL_R3_L1_EXTENDED,NEW_MC,TIME_GIVEN_COVERAGE,DWB_L2,False,rms_high,1.50011013068535,3813,0.3813618638136186,1.0
MC_S0_FULL_R3_L1_EXTENDED,NEW_MC,TIME_GIVEN_COVERAGE,DWB_L2,False,persistent_relation_rms,5.488705260958682e-05,9946,0.9946005399460054,1.0
MC_S0_FULL_R3_L1_EXTENDED,NEW_MC,TIME_GIVEN_COVERAGE,DWB_L3,True,component_share_birth,0.5401368806565845,1258,0.1258874112588741,1.0
MC_S0_FULL_R3_L1_EXTENDED,NEW_MC,TIME_GIVEN_COVERAGE,DWB_L3,True,component_share_death,0.1645631973236589,7253,0.7253274672532747,1.0
MC_S0_FULL_R3_L1_EXTENDED,NEW_MC,TIME_GIVEN_COVERAGE,DWB_L3,True,component_share_increase,10.067622751231823,1392,0.1392860713928607,1.0
MC_S0_FULL_R3_L1_EXTENDED,NEW_MC,TIME_GIVEN_COVERAGE,DWB_L3,True,support_share_low,0.0163238192169812,8683,0.8683131686831317,1.0
MC_S0_FULL_R3_L1_EXTENDED,NEW_MC,TIME_GIVEN_COVERAGE,DWB_L3,True,support_share_medium,0.0558204583890766,8084,0.8084191580841916,1.0
MC_S0_FULL_R3_L1_EXTENDED,NEW_MC,TIME_GIVEN_COVERAGE,DWB_L3,True,rms_low,0.867458603270002,3565,0.3565643435656434,1.0
MC_S0_FULL_R3_L1_EXTENDED,NEW_MC,TIME_GIVEN_COVERAGE,DWB_L3,True,rms_medium,0.0573532486390391,7788,0.7788221177882212,1.0
MC_S0_FULL_R3_L1_EXTENDED,NEW_MC,TIME_GIVEN_COVERAGE,DWB_L3,True,rms_high,1.50011013068535,4308,0.4308569143085691,1.0
MC_S0_FULL_R3_L1_EXTENDED,NEW_MC,TIME_GIVEN_COVERAGE,DWB_L3,True,persistent_relation_rms,5.488705260958682e-05,9942,0.9942005799420058,1.0
MC_S0_FULL_R3_L1_EXTENDED,NEW_MC,TIME_GIVEN_COVERAGE,DWB_L4,False,component_share_birth,0.5401368806565845,1439,0.143985601439856,1.0
MC_S0_FULL_R3_L1_EXTENDED,NEW_MC,TIME_GIVEN_COVERAGE,DWB_L4,False,component_share_death,0.1645631973236589,6882,0.6882311768823117,1.0
MC_S0_FULL_R3_L1_EXTENDED,NEW_MC,TIME_GIVEN_COVERAGE,DWB_L4,False,component_share_increase,10.067622751231823,1508,0.1508849115088491,1.0
MC_S0_FULL_R3_L1_EXTENDED,NEW_MC,TIME_GIVEN_COVERAGE,DWB_L4,False,support_share_low,0.0163238192169812,8532,0.8532146785321468,1.0
MC_S0_FULL_R3_L1_EXTENDED,NEW_MC,TIME_GIVEN_COVERAGE,DWB_L4,False,support_share_medium,0.0558204583890766,8022,0.8022197780221978,1.0
MC_S0_FULL_R3_L1_EXTENDED,NEW_MC,TIME_GIVEN_COVERAGE,DWB_L4,False,rms_low,0.867458603270002,3385,0.3385661433856614,1.0
MC_S0_FULL_R3_L1_EXTENDED,NEW_MC,TIME_GIVEN_COVERAGE,DWB_L4,False,rms_medium,0.0573532486390391,7797,0.7797220277972203,1.0
MC_S0_FULL_R3_L1_EXTENDED,NEW_MC,TIME_GIVEN_COVERAGE,DWB_L4,False,rms_high,1.50011013068535,4466,0.4466553344665533,1.0
MC_S0_FULL_R3_L1_EXTENDED,NEW_MC,TIME_GIVEN_COVERAGE,DWB_L4,False,persistent_relation_rms,5.488705260958682e-05,9938,0.9938006199380062,1.0
MC_S0_FULL_R3_L1_EXTENDED,NEW_MC,COVERAGE_GIVEN_TIME,LEGACY_RADEMACHER,False,component_share_birth,0.0672215686887405,6921,0.6921307869213079,1.0
MC_S0_FULL_R3_L1_EXTENDED,NEW_MC,COVERAGE_GIVEN_TIME,LEGACY_RADEMACHER,False,component_share_death,0.0221158535064418,9330,0.933006699330067,1.0
MC_S0_FULL_R3_L1_EXTENDED,NEW_MC,COVERAGE_GIVEN_TIME,LEGACY_RADEMACHER,False,component_share_increase,1.1174757258613326,5998,0.5998400159984002,1.0
MC_S0_FULL_R3_L1_EXTENDED,NEW_MC,COVERAGE_GIVEN_TIME,LEGACY_RADEMACHER,False,support_share_low,2.220605658489572,53,0.0053994600539946,0.0377962203779622
MC_S0_FULL_R3_L1_EXTENDED,NEW_MC,COVERAGE_GIVEN_TIME,LEGACY_RADEMACHER,False,support_share_medium,5.125016121139867,11,0.0011998800119988,0.0095990400959904
MC_S0_FULL_R3_L1_EXTENDED,NEW_MC,COVERAGE_GIVEN_TIME,LEGACY_RADEMACHER,False,rms_low,0.1298695882828511,7443,0.7443255674432556,1.0
MC_S0_FULL_R3_L1_EXTENDED,NEW_MC,COVERAGE_GIVEN_TIME,LEGACY_RADEMACHER,False,rms_medium,0.0394795815298074,8454,0.8454154584541546,1.0
MC_S0_FULL_R3_L1_EXTENDED,NEW_MC,COVERAGE_GIVEN_TIME,LEGACY_RADEMACHER,False,rms_high,43.6793041942248,0,9.999000099990002e-05,0.0008999100089991
MC_S0_FULL_R3_L1_EXTENDED,NEW_MC,COVERAGE_GIVEN_TIME,LEGACY_RADEMACHER,False,persistent_relation_rms,0.353634228693414,5698,0.5698430156984302,1.0
MC_S0_FULL_R3_L1_EXTENDED,NEW_MC,COVERAGE_GIVEN_TIME,GAUSSIAN_L1,False,component_share_birth,0.0672215686887405,6849,0.684931506849315,1.0
MC_S0_FULL_R3_L1_EXTENDED,NEW_MC,COVERAGE_GIVEN_TIME,GAUSSIAN_L1,False,component_share_death,0.0221158535064418,9315,0.9315068493150684,1.0
MC_S0_FULL_R3_L1_EXTENDED,NEW_MC,COVERAGE_GIVEN_TIME,GAUSSIAN_L1,False,component_share_increase,1.1174757258613326,4417,0.4417558244175582,1.0
MC_S0_FULL_R3_L1_EXTENDED,NEW_MC,COVERAGE_GIVEN_TIME,GAUSSIAN_L1,False,support_share_low,2.220605658489572,477,0.0477952204779522,0.3345665433456654
MC_S0_FULL_R3_L1_EXTENDED,NEW_MC,COVERAGE_GIVEN_TIME,GAUSSIAN_L1,False,support_share_medium,5.125016121139867,230,0.0230976902309769,0.1847815218478152
MC_S0_FULL_R3_L1_EXTENDED,NEW_MC,COVERAGE_GIVEN_TIME,GAUSSIAN_L1,False,rms_low,0.1298695882828511,7254,0.7254274572542746,1.0
MC_S0_FULL_R3_L1_EXTENDED,NEW_MC,COVERAGE_GIVEN_TIME,GAUSSIAN_L1,False,rms_medium,0.0394795815298074,8386,0.8386161383861613,1.0
MC_S0_FULL_R3_L1_EXTENDED,NEW_MC,COVERAGE_GIVEN_TIME,GAUSSIAN_L1,False,rms_high,43.6793041942248,12,0.0012998700129987,0.0116988301169883
MC_S0_FULL_R3_L1_EXTENDED,NEW_MC,COVERAGE_GIVEN_TIME,GAUSSIAN_L1,False,persistent_relation_rms,0.353634228693414,5253,0.5253474652534746,1.0
MC_S0_FULL_R3_L1_EXTENDED,NEW_MC,COVERAGE_GIVEN_TIME,DWB_L2,False,component_share_birth,0.0672215686887405,5246,0.5246475352464753,1.0
MC_S0_FULL_R3_L1_EXTENDED,NEW_MC,COVERAGE_GIVEN_TIME,DWB_L2,False,component_share_death,0.0221158535064418,9024,0.9024097590240976,1.0
MC_S0_FULL_R3_L1_EXTENDED,NEW_MC,COVERAGE_GIVEN_TIME,DWB_L2,False,component_share_increase,1.1174757258613326,3739,0.373962603739626,1.0
MC_S0_FULL_R3_L1_EXTENDED,NEW_MC,COVERAGE_GIVEN_TIME,DWB_L2,False,support_share_low,2.220605658489572,749,0.074992500749925,0.524947505249475
MC_S0_FULL_R3_L1_EXTENDED,NEW_MC,COVERAGE_GIVEN_TIME,DWB_L2,False,support_share_medium,5.125016121139867,432,0.0432956704329567,0.3463653634636536
MC_S0_FULL_R3_L1_EXTENDED,NEW_MC,COVERAGE_GIVEN_TIME,DWB_L2,False,rms_low,0.1298695882828511,7087,0.7087291270872913,1.0
MC_S0_FULL_R3_L1_EXTENDED,NEW_MC,COVERAGE_GIVEN_TIME,DWB_L2,False,rms_medium,0.0394795815298074,8549,0.8549145085491451,1.0
MC_S0_FULL_R3_L1_EXTENDED,NEW_MC,COVERAGE_GIVEN_TIME,DWB_L2,False,rms_high,43.6793041942248,134,0.0134986501349865,0.1214878512148785
MC_S0_FULL_R3_L1_EXTENDED,NEW_MC,COVERAGE_GIVEN_TIME,DWB_L2,False,persistent_relation_rms,0.353634228693414,5298,0.5298470152984701,1.0
MC_S0_FULL_R3_L1_EXTENDED,NEW_MC,COVERAGE_GIVEN_TIME,DWB_L3,True,component_share_birth,0.0672215686887405,4582,0.4582541745825417,1.0
MC_S0_FULL_R3_L1_EXTENDED,NEW_MC,COVERAGE_GIVEN_TIME,DWB_L3,True,component_share_death,0.0221158535064418,8972,0.8972102789721028,1.0
MC_S0_FULL_R3_L1_EXTENDED,NEW_MC,COVERAGE_GIVEN_TIME,DWB_L3,True,component_share_increase,1.1174757258613326,3213,0.3213678632136786,1.0
MC_S0_FULL_R3_L1_EXTENDED,NEW_MC,COVERAGE_GIVEN_TIME,DWB_L3,True,support_share_low,2.220605658489572,827,0.0827917208279172,0.5795420457954205
MC_S0_FULL_R3_L1_EXTENDED,NEW_MC,COVERAGE_GIVEN_TIME,DWB_L3,True,support_share_medium,5.125016121139867,532,0.0532946705329467,0.4263573642635736
MC_S0_FULL_R3_L1_EXTENDED,NEW_MC,COVERAGE_GIVEN_TIME,DWB_L3,True,rms_low,0.1298695882828511,6980,0.698030196980302,1.0
MC_S0_FULL_R3_L1_EXTENDED,NEW_MC,COVERAGE_GIVEN_TIME,DWB_L3,True,rms_medium,0.0394795815298074,8437,0.8437156284371563,1.0
MC_S0_FULL_R3_L1_EXTENDED,NEW_MC,COVERAGE_GIVEN_TIME,DWB_L3,True,rms_high,43.6793041942248,340,0.0340965903409659,0.3068693130686931
MC_S0_FULL_R3_L1_EXTENDED,NEW_MC,COVERAGE_GIVEN_TIME,DWB_L3,True,persistent_relation_rms,0.353634228693414,4902,0.4902509749025097,1.0
MC_S0_FULL_R3_L1_EXTENDED,NEW_MC,COVERAGE_GIVEN_TIME,DWB_L4,False,component_share_birth,0.0672215686887405,4483,0.4483551644835516,1.0
MC_S0_FULL_R3_L1_EXTENDED,NEW_MC,COVERAGE_GIVEN_TIME,DWB_L4,False,component_share_death,0.0221158535064418,8932,0.8932106789321068,1.0
MC_S0_FULL_R3_L1_EXTENDED,NEW_MC,COVERAGE_GIVEN_TIME,DWB_L4,False,component_share_increase,1.1174757258613326,2781,0.2781721827817218,1.0
MC_S0_FULL_R3_L1_EXTENDED,NEW_MC,COVERAGE_GIVEN_TIME,DWB_L4,False,support_share_low,2.220605658489572,824,0.0824917508249175,0.5774422557744225
MC_S0_FULL_R3_L1_EXTENDED,NEW_MC,COVERAGE_GIVEN_TIME,DWB_L4,False,support_share_medium,5.125016121139867,604,0.0604939506049395,0.4931506849315068
MC_S0_FULL_R3_L1_EXTENDED,NEW_MC,COVERAGE_GIVEN_TIME,DWB_L4,False,rms_low,0.1298695882828511,6937,0.6937306269373062,1.0
MC_S0_FULL_R3_L1_EXTENDED,NEW_MC,COVERAGE_GIVEN_TIME,DWB_L4,False,rms_medium,0.0394795815298074,8401,0.8401159884011599,1.0
MC_S0_FULL_R3_L1_EXTENDED,NEW_MC,COVERAGE_GIVEN_TIME,DWB_L4,False,rms_high,43.6793041942248,547,0.0547945205479452,0.4931506849315068
MC_S0_FULL_R3_L1_EXTENDED,NEW_MC,COVERAGE_GIVEN_TIME,DWB_L4,False,persistent_relation_rms,0.353634228693414,4488,0.4488551144885511,1.0
MC_S0_FULL_R3_L2_HIGH,NEW_MC,TIME_GIVEN_COVERAGE,LEGACY_RADEMACHER,False,component_share_birth,0.0094537905764156,9005,0.9005099490050995,1.0
MC_S0_FULL_R3_L2_HIGH,NEW_MC,TIME_GIVEN_COVERAGE,LEGACY_RADEMACHER,False,component_share_death,0.0452188124285903,8624,0.8624137586241376,1.0
MC_S0_FULL_R3_L2_HIGH,NEW_MC,TIME_GIVEN_COVERAGE,LEGACY_RADEMACHER,False,component_share_increase,0.1363084492850177,7959,0.795920407959204,1.0
MC_S0_FULL_R3_L2_HIGH,NEW_MC,TIME_GIVEN_COVERAGE,LEGACY_RADEMACHER,False,support_share_low,0.0047250135421954,9577,0.9577042295770424,1.0
MC_S0_FULL_R3_L2_HIGH,NEW_MC,TIME_GIVEN_COVERAGE,LEGACY_RADEMACHER,False,support_share_medium,0.0265034588955082,8813,0.8813118688131187,1.0
MC_S0_FULL_R3_L2_HIGH,NEW_MC,TIME_GIVEN_COVERAGE,LEGACY_RADEMACHER,False,rms_low,1.0821950720231452,3834,0.3834616538346165,1.0
MC_S0_FULL_R3_L2_HIGH,NEW_MC,TIME_GIVEN_COVERAGE,LEGACY_RADEMACHER,False,rms_medium,0.0376017657639842,7534,0.7534246575342466,1.0
MC_S0_FULL_R3_L2_HIGH,NEW_MC,TIME_GIVEN_COVERAGE,LEGACY_RADEMACHER,False,rms_high,1.4174024777500378,3255,0.3255674432556744,1.0
MC_S0_FULL_R3_L2_HIGH,NEW_MC,TIME_GIVEN_COVERAGE,LEGACY_RADEMACHER,False,persistent_relation_rms,1.7748287768886133,482,0.0482951704829517,0.4346565343465653
MC_S0_FULL_R3_L2_HIGH,NEW_MC,TIME_GIVEN_COVERAGE,GAUSSIAN_L1,False,component_share_birth,0.0094537905764156,8918,0.8918108189181082,1.0
MC_S0_FULL_R3_L2_HIGH,NEW_MC,TIME_GIVEN_COVERAGE,GAUSSIAN_L1,False,component_share_death,0.0452188124285903,8442,0.8442155784421558,1.0
MC_S0_FULL_R3_L2_HIGH,NEW_MC,TIME_GIVEN_COVERAGE,GAUSSIAN_L1,False,component_share_increase,0.1363084492850177,7393,0.7393260673932607,1.0
MC_S0_FULL_R3_L2_HIGH,NEW_MC,TIME_GIVEN_COVERAGE,GAUSSIAN_L1,False,support_share_low,0.0047250135421954,9208,0.9208079192080793,1.0
MC_S0_FULL_R3_L2_HIGH,NEW_MC,TIME_GIVEN_COVERAGE,GAUSSIAN_L1,False,support_share_medium,0.0265034588955082,7838,0.7838216178382161,1.0
MC_S0_FULL_R3_L2_HIGH,NEW_MC,TIME_GIVEN_COVERAGE,GAUSSIAN_L1,False,rms_low,1.0821950720231452,3600,0.3600639936006399,1.0
MC_S0_FULL_R3_L2_HIGH,NEW_MC,TIME_GIVEN_COVERAGE,GAUSSIAN_L1,False,rms_medium,0.0376017657639842,7443,0.7443255674432556,1.0
MC_S0_FULL_R3_L2_HIGH,NEW_MC,TIME_GIVEN_COVERAGE,GAUSSIAN_L1,False,rms_high,1.4174024777500378,3080,0.3080691930806919,1.0
MC_S0_FULL_R3_L2_HIGH,NEW_MC,TIME_GIVEN_COVERAGE,GAUSSIAN_L1,False,persistent_relation_rms,1.7748287768886133,489,0.048995100489951,0.440955904409559
MC_S0_FULL_R3_L2_HIGH,NEW_MC,TIME_GIVEN_COVERAGE,DWB_L2,False,component_share_birth,0.0094537905764156,8680,0.8680131986801319,1.0
MC_S0_FULL_R3_L2_HIGH,NEW_MC,TIME_GIVEN_COVERAGE,DWB_L2,False,component_share_death,0.0452188124285903,8092,0.8092190780921907,1.0
MC_S0_FULL_R3_L2_HIGH,NEW_MC,TIME_GIVEN_COVERAGE,DWB_L2,False,component_share_increase,0.1363084492850177,7665,0.7665233476652334,1.0
MC_S0_FULL_R3_L2_HIGH,NEW_MC,TIME_GIVEN_COVERAGE,DWB_L2,False,support_share_low,0.0047250135421954,9253,0.9253074692530748,1.0
MC_S0_FULL_R3_L2_HIGH,NEW_MC,TIME_GIVEN_COVERAGE,DWB_L2,False,support_share_medium,0.0265034588955082,8018,0.8018198180181981,1.0
MC_S0_FULL_R3_L2_HIGH,NEW_MC,TIME_GIVEN_COVERAGE,DWB_L2,False,rms_low,1.0821950720231452,3540,0.3540645935406459,1.0
MC_S0_FULL_R3_L2_HIGH,NEW_MC,TIME_GIVEN_COVERAGE,DWB_L2,False,rms_medium,0.0376017657639842,7821,0.7821217878212179,1.0
MC_S0_FULL_R3_L2_HIGH,NEW_MC,TIME_GIVEN_COVERAGE,DWB_L2,False,rms_high,1.4174024777500378,3682,0.3682631736826317,1.0
MC_S0_FULL_R3_L2_HIGH,NEW_MC,TIME_GIVEN_COVERAGE,DWB_L2,False,persistent_relation_rms,1.7748287768886133,691,0.0691930806919308,0.6227377262273772
MC_S0_FULL_R3_L2_HIGH,NEW_MC,TIME_GIVEN_COVERAGE,DWB_L3,True,component_share_birth,0.0094537905764156,8205,0.8205179482051795,1.0
MC_S0_FULL_R3_L2_HIGH,NEW_MC,TIME_GIVEN_COVERAGE,DWB_L3,True,component_share_death,0.0452188124285903,7543,0.7543245675432457,1.0
MC_S0_FULL_R3_L2_HIGH,NEW_MC,TIME_GIVEN_COVERAGE,DWB_L3,True,component_share_increase,0.1363084492850177,7561,0.7561243875612439,1.0
MC_S0_FULL_R3_L2_HIGH,NEW_MC,TIME_GIVEN_COVERAGE,DWB_L3,True,support_share_low,0.0047250135421954,9331,0.9331066893310668,1.0
MC_S0_FULL_R3_L2_HIGH,NEW_MC,TIME_GIVEN_COVERAGE,DWB_L3,True,support_share_medium,0.0265034588955082,8139,0.813918608139186,1.0
MC_S0_FULL_R3_L2_HIGH,NEW_MC,TIME_GIVEN_COVERAGE,DWB_L3,True,rms_low,1.0821950720231452,2946,0.2946705329467053,1.0
MC_S0_FULL_R3_L2_HIGH,NEW_MC,TIME_GIVEN_COVERAGE,DWB_L3,True,rms_medium,0.0376017657639842,8019,0.801919808019198,1.0
MC_S0_FULL_R3_L2_HIGH,NEW_MC,TIME_GIVEN_COVERAGE,DWB_L3,True,rms_high,1.4174024777500378,4127,0.4127587241275872,1.0
MC_S0_FULL_R3_L2_HIGH,NEW_MC,TIME_GIVEN_COVERAGE,DWB_L3,True,persistent_relation_rms,1.7748287768886133,803,0.0803919608039196,0.7235276472352765
MC_S0_FULL_R3_L2_HIGH,NEW_MC,TIME_GIVEN_COVERAGE,DWB_L4,False,component_share_birth,0.0094537905764156,8120,0.812018798120188,1.0
MC_S0_FULL_R3_L2_HIGH,NEW_MC,TIME_GIVEN_COVERAGE,DWB_L4,False,component_share_death,0.0452188124285903,7341,0.7341265873412659,1.0
MC_S0_FULL_R3_L2_HIGH,NEW_MC,TIME_GIVEN_COVERAGE,DWB_L4,False,component_share_increase,0.1363084492850177,7705,0.7705229477052294,1.0
MC_S0_FULL_R3_L2_HIGH,NEW_MC,TIME_GIVEN_COVERAGE,DWB_L4,False,support_share_low,0.0047250135421954,9282,0.9282071792820716,1.0
MC_S0_FULL_R3_L2_HIGH,NEW_MC,TIME_GIVEN_COVERAGE,DWB_L4,False,support_share_medium,0.0265034588955082,8079,0.807919208079192,1.0
MC_S0_FULL_R3_L2_HIGH,NEW_MC,TIME_GIVEN_COVERAGE,DWB_L4,False,rms_low,1.0821950720231452,2410,0.2410758924107589,1.0
MC_S0_FULL_R3_L2_HIGH,NEW_MC,TIME_GIVEN_COVERAGE,DWB_L4,False,rms_medium,0.0376017657639842,8038,0.8038196180381961,1.0
MC_S0_FULL_R3_L2_HIGH,NEW_MC,TIME_GIVEN_COVERAGE,DWB_L4,False,rms_high,1.4174024777500378,4518,0.4518548145185481,1.0
MC_S0_FULL_R3_L2_HIGH,NEW_MC,TIME_GIVEN_COVERAGE,DWB_L4,False,persistent_relation_rms,1.7748287768886133,892,0.0892910708929107,0.8036196380361963
MC_S0_FULL_R3_L2_HIGH,NEW_MC,COVERAGE_GIVEN_TIME,LEGACY_RADEMACHER,False,component_share_birth,0.4756908948612057,3617,0.3617638236176382,1.0
MC_S0_FULL_R3_L2_HIGH,NEW_MC,COVERAGE_GIVEN_TIME,LEGACY_RADEMACHER,False,component_share_death,0.0136786675189028,9129,0.9129087091290872,1.0
MC_S0_FULL_R3_L2_HIGH,NEW_MC,COVERAGE_GIVEN_TIME,LEGACY_RADEMACHER,False,component_share_increase,2.0403222446832885,2327,0.2327767223277672,1.0
MC_S0_FULL_R3_L2_HIGH,NEW_MC,COVERAGE_GIVEN_TIME,LEGACY_RADEMACHER,False,support_share_low,1.6911839598497522,171,0.0171982801719828,0.1203879612038796
MC_S0_FULL_R3_L2_HIGH,NEW_MC,COVERAGE_GIVEN_TIME,LEGACY_RADEMACHER,False,support_share_medium,1.7245885556462124,53,0.0053994600539946,0.0431956804319568
MC_S0_FULL_R3_L2_HIGH,NEW_MC,COVERAGE_GIVEN_TIME,LEGACY_RADEMACHER,False,rms_low,0.1023809545162404,7593,0.7593240675932407,1.0
MC_S0_FULL_R3_L2_HIGH,NEW_MC,COVERAGE_GIVEN_TIME,LEGACY_RADEMACHER,False,rms_medium,0.0771720808456208,7562,0.7562243775622438,1.0
MC_S0_FULL_R3_L2_HIGH,NEW_MC,COVERAGE_GIVEN_TIME,LEGACY_RADEMACHER,False,rms_high,41.63521124572265,0,9.999000099990002e-05,0.0008999100089991
MC_S0_FULL_R3_L2_HIGH,NEW_MC,COVERAGE_GIVEN_TIME,LEGACY_RADEMACHER,False,persistent_relation_rms,3.179839538347551e-07,9993,0.9993000699930008,1.0
MC_S0_FULL_R3_L2_HIGH,NEW_MC,COVERAGE_GIVEN_TIME,GAUSSIAN_L1,False,component_share_birth,0.4756908948612057,3477,0.3477652234776522,1.0
MC_S0_FULL_R3_L2_HIGH,NEW_MC,COVERAGE_GIVEN_TIME,GAUSSIAN_L1,False,component_share_death,0.0136786675189028,9118,0.9118088191180882,1.0
MC_S0_FULL_R3_L2_HIGH,NEW_MC,COVERAGE_GIVEN_TIME,GAUSSIAN_L1,False,component_share_increase,2.0403222446832885,2012,0.2012798720127987,1.0
MC_S0_FULL_R3_L2_HIGH,NEW_MC,COVERAGE_GIVEN_TIME,GAUSSIAN_L1,False,support_share_low,1.6911839598497522,648,0.0648935106489351,0.4542545745425457
MC_S0_FULL_R3_L2_HIGH,NEW_MC,COVERAGE_GIVEN_TIME,GAUSSIAN_L1,False,support_share_medium,1.7245885556462124,344,0.0344965503449655,0.275972402759724
MC_S0_FULL_R3_L2_HIGH,NEW_MC,COVERAGE_GIVEN_TIME,GAUSSIAN_L1,False,rms_low,0.1023809545162404,7506,0.7506249375062494,1.0
MC_S0_FULL_R3_L2_HIGH,NEW_MC,COVERAGE_GIVEN_TIME,GAUSSIAN_L1,False,rms_medium,0.0771720808456208,7430,0.7430256974302569,1.0
MC_S0_FULL_R3_L2_HIGH,NEW_MC,COVERAGE_GIVEN_TIME,GAUSSIAN_L1,False,rms_high,41.63521124572265,12,0.0012998700129987,0.0116988301169883
MC_S0_FULL_R3_L2_HIGH,NEW_MC,COVERAGE_GIVEN_TIME,GAUSSIAN_L1,False,persistent_relation_rms,3.179839538347551e-07,9990,0.999000099990001,1.0
MC_S0_FULL_R3_L2_HIGH,NEW_MC,COVERAGE_GIVEN_TIME,DWB_L2,False,component_share_birth,0.4756908948612057,2277,0.2277772222777722,1.0
MC_S0_FULL_R3_L2_HIGH,NEW_MC,COVERAGE_GIVEN_TIME,DWB_L2,False,component_share_death,0.0136786675189028,8778,0.8778122187781222,1.0
MC_S0_FULL_R3_L2_HIGH,NEW_MC,COVERAGE_GIVEN_TIME,DWB_L2,False,component_share_increase,2.0403222446832885,2258,0.2258774122587741,1.0
MC_S0_FULL_R3_L2_HIGH,NEW_MC,COVERAGE_GIVEN_TIME,DWB_L2,False,support_share_low,1.6911839598497522,910,0.0910908909109089,0.6376362363763624
MC_S0_FULL_R3_L2_HIGH,NEW_MC,COVERAGE_GIVEN_TIME,DWB_L2,False,support_share_medium,1.7245885556462124,551,0.0551944805519448,0.4415558444155584
MC_S0_FULL_R3_L2_HIGH,NEW_MC,COVERAGE_GIVEN_TIME,DWB_L2,False,rms_low,0.1023809545162404,7392,0.7392260773922608,1.0
MC_S0_FULL_R3_L2_HIGH,NEW_MC,COVERAGE_GIVEN_TIME,DWB_L2,False,rms_medium,0.0771720808456208,7627,0.7627237276272373,1.0
MC_S0_FULL_R3_L2_HIGH,NEW_MC,COVERAGE_GIVEN_TIME,DWB_L2,False,rms_high,41.63521124572265,128,0.0128987101289871,0.1160883911608839
MC_S0_FULL_R3_L2_HIGH,NEW_MC,COVERAGE_GIVEN_TIME,DWB_L2,False,persistent_relation_rms,3.179839538347551e-07,9994,0.9994000599940006,1.0
MC_S0_FULL_R3_L2_HIGH,NEW_MC,COVERAGE_GIVEN_TIME,DWB_L3,True,component_share_birth,0.4756908948612057,1819,0.181981801819818,1.0
MC_S0_FULL_R3_L2_HIGH,NEW_MC,COVERAGE_GIVEN_TIME,DWB_L3,True,component_share_death,0.0136786675189028,8581,0.8581141885811419,1.0
MC_S0_FULL_R3_L2_HIGH,NEW_MC,COVERAGE_GIVEN_TIME,DWB_L3,True,component_share_increase,2.0403222446832885,2296,0.2296770322967703,1.0
MC_S0_FULL_R3_L2_HIGH,NEW_MC,COVERAGE_GIVEN_TIME,DWB_L3,True,support_share_low,1.6911839598497522,1105,0.1105889411058894,0.7741225877412259
MC_S0_FULL_R3_L2_HIGH,NEW_MC,COVERAGE_GIVEN_TIME,DWB_L3,True,support_share_medium,1.7245885556462124,728,0.0728927107289271,0.5831416858314169
MC_S0_FULL_R3_L2_HIGH,NEW_MC,COVERAGE_GIVEN_TIME,DWB_L3,True,rms_low,0.1023809545162404,6961,0.6961303869613039,1.0
MC_S0_FULL_R3_L2_HIGH,NEW_MC,COVERAGE_GIVEN_TIME,DWB_L3,True,rms_medium,0.0771720808456208,7499,0.7499250074992501,1.0
MC_S0_FULL_R3_L2_HIGH,NEW_MC,COVERAGE_GIVEN_TIME,DWB_L3,True,rms_high,41.63521124572265,363,0.0363963603639636,0.3275672432756724
MC_S0_FULL_R3_L2_HIGH,NEW_MC,COVERAGE_GIVEN_TIME,DWB_L3,True,persistent_relation_rms,3.179839538347551e-07,9993,0.9993000699930008,1.0
MC_S0_FULL_R3_L2_HIGH,NEW_MC,COVERAGE_GIVEN_TIME,DWB_L4,False,component_share_birth,0.4756908948612057,1674,0.1674832516748325,1.0
MC_S0_FULL_R3_L2_HIGH,NEW_MC,COVERAGE_GIVEN_TIME,DWB_L4,False,component_share_death,0.0136786675189028,8444,0.8444155584441556,1.0
MC_S0_FULL_R3_L2_HIGH,NEW_MC,COVERAGE_GIVEN_TIME,DWB_L4,False,component_share_increase,2.0403222446832885,2319,0.231976802319768,1.0
MC_S0_FULL_R3_L2_HIGH,NEW_MC,COVERAGE_GIVEN_TIME,DWB_L4,False,support_share_low,1.6911839598497522,1125,0.1125887411258874,0.7881211878812119
MC_S0_FULL_R3_L2_HIGH,NEW_MC,COVERAGE_GIVEN_TIME,DWB_L4,False,support_share_medium,1.7245885556462124,770,0.0770922907709229,0.6167383261673832
MC_S0_FULL_R3_L2_HIGH,NEW_MC,COVERAGE_GIVEN_TIME,DWB_L4,False,rms_low,0.1023809545162404,6294,0.6294370562943705,1.0
MC_S0_FULL_R3_L2_HIGH,NEW_MC,COVERAGE_GIVEN_TIME,DWB_L4,False,rms_medium,0.0771720808456208,7342,0.7342265773422658,1.0
MC_S0_FULL_R3_L2_HIGH,NEW_MC,COVERAGE_GIVEN_TIME,DWB_L4,False,rms_high,41.63521124572265,537,0.0537946205379462,0.4841515848415158
MC_S0_FULL_R3_L2_HIGH,NEW_MC,COVERAGE_GIVEN_TIME,DWB_L4,False,persistent_relation_rms,3.179839538347551e-07,9990,0.999000099990001,1.0
MC_S0_FULL_R4_L0_STAGE15_MATCHED,NEW_MC,TIME_GIVEN_COVERAGE,LEGACY_RADEMACHER,False,component_share_birth,1.122674023498199,1502,0.1502849715028497,1.0
MC_S0_FULL_R4_L0_STAGE15_MATCHED,NEW_MC,TIME_GIVEN_COVERAGE,LEGACY_RADEMACHER,False,component_share_death,0.4641459142369442,5511,0.5511448855114488,1.0
MC_S0_FULL_R4_L0_STAGE15_MATCHED,NEW_MC,TIME_GIVEN_COVERAGE,LEGACY_RADEMACHER,False,component_share_increase,22.282492511419512,270,0.0270972902709729,0.2438756124387561
MC_S0_FULL_R4_L0_STAGE15_MATCHED,NEW_MC,TIME_GIVEN_COVERAGE,LEGACY_RADEMACHER,False,support_share_low,0.1910132205584815,6851,0.6851314868513149,1.0
MC_S0_FULL_R4_L0_STAGE15_MATCHED,NEW_MC,TIME_GIVEN_COVERAGE,LEGACY_RADEMACHER,False,support_share_medium,0.0319828676287023,8918,0.8918108189181082,1.0
MC_S0_FULL_R4_L0_STAGE15_MATCHED,NEW_MC,TIME_GIVEN_COVERAGE,LEGACY_RADEMACHER,False,rms_low,0.0519601808267982,8410,0.841015898410159,1.0
MC_S0_FULL_R4_L0_STAGE15_MATCHED,NEW_MC,TIME_GIVEN_COVERAGE,LEGACY_RADEMACHER,False,rms_medium,0.1159175482523782,5864,0.5864413558644136,1.0
MC_S0_FULL_R4_L0_STAGE15_MATCHED,NEW_MC,TIME_GIVEN_COVERAGE,LEGACY_RADEMACHER,False,rms_high,1.4988664944268848,2771,0.2771722827717228,1.0
MC_S0_FULL_R4_L0_STAGE15_MATCHED,NEW_MC,TIME_GIVEN_COVERAGE,LEGACY_RADEMACHER,False,persistent_relation_rms,0.1249580289111929,7470,0.7470252974702529,1.0
MC_S0_FULL_R4_L0_STAGE15_MATCHED,NEW_MC,TIME_GIVEN_COVERAGE,GAUSSIAN_L1,False,component_share_birth,1.122674023498199,1420,0.1420857914208579,1.0
MC_S0_FULL_R4_L0_STAGE15_MATCHED,NEW_MC,TIME_GIVEN_COVERAGE,GAUSSIAN_L1,False,component_share_death,0.4641459142369442,5153,0.5153484651534846,1.0
MC_S0_FULL_R4_L0_STAGE15_MATCHED,NEW_MC,TIME_GIVEN_COVERAGE,GAUSSIAN_L1,False,component_share_increase,22.282492511419512,934,0.0934906509349065,0.8414158584141586
MC_S0_FULL_R4_L0_STAGE15_MATCHED,NEW_MC,TIME_GIVEN_COVERAGE,GAUSSIAN_L1,False,support_share_low,0.1910132205584815,5602,0.5602439756024398,1.0
MC_S0_FULL_R4_L0_STAGE15_MATCHED,NEW_MC,TIME_GIVEN_COVERAGE,GAUSSIAN_L1,False,support_share_medium,0.0319828676287023,7949,0.7949205079492051,1.0
MC_S0_FULL_R4_L0_STAGE15_MATCHED,NEW_MC,TIME_GIVEN_COVERAGE,GAUSSIAN_L1,False,rms_low,0.0519601808267982,8379,0.837916208379162,1.0
MC_S0_FULL_R4_L0_STAGE15_MATCHED,NEW_MC,TIME_GIVEN_COVERAGE,GAUSSIAN_L1,False,rms_medium,0.1159175482523782,5797,0.5797420257974203,1.0
MC_S0_FULL_R4_L0_STAGE15_MATCHED,NEW_MC,TIME_GIVEN_COVERAGE,GAUSSIAN_L1,False,rms_high,1.4988664944268848,2667,0.2667733226677332,1.0
MC_S0_FULL_R4_L0_STAGE15_MATCHED,NEW_MC,TIME_GIVEN_COVERAGE,GAUSSIAN_L1,False,persistent_relation_rms,0.1249580289111929,6618,0.6618338166183382,1.0
MC_S0_FULL_R4_L0_STAGE15_MATCHED,NEW_MC,TIME_GIVEN_COVERAGE,DWB_L2,False,component_share_birth,1.122674023498199,1454,0.1454854514548545,1.0
MC_S0_FULL_R4_L0_STAGE15_MATCHED,NEW_MC,TIME_GIVEN_COVERAGE,DWB_L2,False,component_share_death,0.4641459142369442,3900,0.3900609939006099,1.0
MC_S0_FULL_R4_L0_STAGE15_MATCHED,NEW_MC,TIME_GIVEN_COVERAGE,DWB_L2,False,component_share_increase,22.282492511419512,1275,0.1275872412758724,1.0
MC_S0_FULL_R4_L0_STAGE15_MATCHED,NEW_MC,TIME_GIVEN_COVERAGE,DWB_L2,False,support_share_low,0.1910132205584815,6025,0.6025397460253975,1.0
MC_S0_FULL_R4_L0_STAGE15_MATCHED,NEW_MC,TIME_GIVEN_COVERAGE,DWB_L2,False,support_share_medium,0.0319828676287023,8147,0.8147185281471853,1.0
MC_S0_FULL_R4_L0_STAGE15_MATCHED,NEW_MC,TIME_GIVEN_COVERAGE,DWB_L2,False,rms_low,0.0519601808267982,8255,0.8255174482551745,1.0
MC_S0_FULL_R4_L0_STAGE15_MATCHED,NEW_MC,TIME_GIVEN_COVERAGE,DWB_L2,False,rms_medium,0.1159175482523782,6491,0.6491350864913509,1.0
MC_S0_FULL_R4_L0_STAGE15_MATCHED,NEW_MC,TIME_GIVEN_COVERAGE,DWB_L2,False,rms_high,1.4988664944268848,3410,0.3410658934106589,1.0
MC_S0_FULL_R4_L0_STAGE15_MATCHED,NEW_MC,TIME_GIVEN_COVERAGE,DWB_L2,False,persistent_relation_rms,0.1249580289111929,6496,0.6496350364963503,1.0
MC_S0_FULL_R4_L0_STAGE15_MATCHED,NEW_MC,TIME_GIVEN_COVERAGE,DWB_L3,True,component_share_birth,1.122674023498199,1524,0.1524847515248475,1.0
MC_S0_FULL_R4_L0_STAGE15_MATCHED,NEW_MC,TIME_GIVEN_COVERAGE,DWB_L3,True,component_share_death,0.4641459142369442,3327,0.3327667233276672,1.0
MC_S0_FULL_R4_L0_STAGE15_MATCHED,NEW_MC,TIME_GIVEN_COVERAGE,DWB_L3,True,component_share_increase,22.282492511419512,1345,0.1345865413458654,1.0
MC_S0_FULL_R4_L0_STAGE15_MATCHED,NEW_MC,TIME_GIVEN_COVERAGE,DWB_L3,True,support_share_low,0.1910132205584815,6186,0.6186381361863814,1.0
MC_S0_FULL_R4_L0_STAGE15_MATCHED,NEW_MC,TIME_GIVEN_COVERAGE,DWB_L3,True,support_share_medium,0.0319828676287023,8210,0.821017898210179,1.0
MC_S0_FULL_R4_L0_STAGE15_MATCHED,NEW_MC,TIME_GIVEN_COVERAGE,DWB_L3,True,rms_low,0.0519601808267982,7933,0.7933206679332067,1.0
MC_S0_FULL_R4_L0_STAGE15_MATCHED,NEW_MC,TIME_GIVEN_COVERAGE,DWB_L3,True,rms_medium,0.1159175482523782,6765,0.6765323467653235,1.0
MC_S0_FULL_R4_L0_STAGE15_MATCHED,NEW_MC,TIME_GIVEN_COVERAGE,DWB_L3,True,rms_high,1.4988664944268848,3850,0.3850614938506149,1.0
MC_S0_FULL_R4_L0_STAGE15_MATCHED,NEW_MC,TIME_GIVEN_COVERAGE,DWB_L3,True,persistent_relation_rms,0.1249580289111929,6122,0.6122387761223878,1.0
MC_S0_FULL_R4_L0_STAGE15_MATCHED,NEW_MC,TIME_GIVEN_COVERAGE,DWB_L4,False,component_share_birth,1.122674023498199,1614,0.1614838516148385,1.0
MC_S0_FULL_R4_L0_STAGE15_MATCHED,NEW_MC,TIME_GIVEN_COVERAGE,DWB_L4,False,component_share_death,0.4641459142369442,2741,0.2741725827417258,1.0
MC_S0_FULL_R4_L0_STAGE15_MATCHED,NEW_MC,TIME_GIVEN_COVERAGE,DWB_L4,False,component_share_increase,22.282492511419512,1422,0.1422857714228577,1.0
MC_S0_FULL_R4_L0_STAGE15_MATCHED,NEW_MC,TIME_GIVEN_COVERAGE,DWB_L4,False,support_share_low,0.1910132205584815,6221,0.6221377862213778,1.0
MC_S0_FULL_R4_L0_STAGE15_MATCHED,NEW_MC,TIME_GIVEN_COVERAGE,DWB_L4,False,support_share_medium,0.0319828676287023,8242,0.8242175782421758,1.0
MC_S0_FULL_R4_L0_STAGE15_MATCHED,NEW_MC,TIME_GIVEN_COVERAGE,DWB_L4,False,rms_low,0.0519601808267982,7758,0.7758224177582241,1.0
MC_S0_FULL_R4_L0_STAGE15_MATCHED,NEW_MC,TIME_GIVEN_COVERAGE,DWB_L4,False,rms_medium,0.1159175482523782,6895,0.6895310468953104,1.0
MC_S0_FULL_R4_L0_STAGE15_MATCHED,NEW_MC,TIME_GIVEN_COVERAGE,DWB_L4,False,rms_high,1.4988664944268848,4118,0.4118588141185881,1.0
MC_S0_FULL_R4_L0_STAGE15_MATCHED,NEW_MC,TIME_GIVEN_COVERAGE,DWB_L4,False,persistent_relation_rms,0.1249580289111929,6059,0.6059394060593941,1.0
MC_S0_FULL_R4_L0_STAGE15_MATCHED,NEW_MC,COVERAGE_GIVEN_TIME,LEGACY_RADEMACHER,False,component_share_birth,0.1345287578068159,6136,0.6136386361363864,1.0
MC_S0_FULL_R4_L0_STAGE15_MATCHED,NEW_MC,COVERAGE_GIVEN_TIME,LEGACY_RADEMACHER,False,component_share_death,0.5098209811379277,5617,0.5617438256174383,1.0
MC_S0_FULL_R4_L0_STAGE15_MATCHED,NEW_MC,COVERAGE_GIVEN_TIME,LEGACY_RADEMACHER,False,component_share_increase,3.395082737060356,2286,0.2286771322867713,1.0
MC_S0_FULL_R4_L0_STAGE15_MATCHED,NEW_MC,COVERAGE_GIVEN_TIME,LEGACY_RADEMACHER,False,support_share_low,1.2927189272283677,810,0.0810918908109189,0.5676432356764323
MC_S0_FULL_R4_L0_STAGE15_MATCHED,NEW_MC,COVERAGE_GIVEN_TIME,LEGACY_RADEMACHER,False,support_share_medium,1.5234781979286325,270,0.0270972902709729,0.2167783221677832
MC_S0_FULL_R4_L0_STAGE15_MATCHED,NEW_MC,COVERAGE_GIVEN_TIME,LEGACY_RADEMACHER,False,rms_low,1.2337547415262602,2638,0.2638736126387361,1.0
MC_S0_FULL_R4_L0_STAGE15_MATCHED,NEW_MC,COVERAGE_GIVEN_TIME,LEGACY_RADEMACHER,False,rms_medium,0.0279548477673792,8600,0.8600139986001399,1.0
MC_S0_FULL_R4_L0_STAGE15_MATCHED,NEW_MC,COVERAGE_GIVEN_TIME,LEGACY_RADEMACHER,False,rms_high,39.54462630441312,0,9.999000099990002e-05,0.0008999100089991
MC_S0_FULL_R4_L0_STAGE15_MATCHED,NEW_MC,COVERAGE_GIVEN_TIME,LEGACY_RADEMACHER,False,persistent_relation_rms,0.2349139018517974,6033,0.6033396660333966,1.0
MC_S0_FULL_R4_L0_STAGE15_MATCHED,NEW_MC,COVERAGE_GIVEN_TIME,GAUSSIAN_L1,False,component_share_birth,0.1345287578068159,6007,0.6007399260073992,1.0
MC_S0_FULL_R4_L0_STAGE15_MATCHED,NEW_MC,COVERAGE_GIVEN_TIME,GAUSSIAN_L1,False,component_share_death,0.5098209811379277,5340,0.534046595340466,1.0
MC_S0_FULL_R4_L0_STAGE15_MATCHED,NEW_MC,COVERAGE_GIVEN_TIME,GAUSSIAN_L1,False,component_share_increase,3.395082737060356,2139,0.213978602139786,1.0
MC_S0_FULL_R4_L0_STAGE15_MATCHED,NEW_MC,COVERAGE_GIVEN_TIME,GAUSSIAN_L1,False,support_share_low,1.2927189272283677,1354,0.1354864513548645,0.9484051594840516
MC_S0_FULL_R4_L0_STAGE15_MATCHED,NEW_MC,COVERAGE_GIVEN_TIME,GAUSSIAN_L1,False,support_share_medium,1.5234781979286325,805,0.0805919408059194,0.6447355264473552
MC_S0_FULL_R4_L0_STAGE15_MATCHED,NEW_MC,COVERAGE_GIVEN_TIME,GAUSSIAN_L1,False,rms_low,1.2337547415262602,2516,0.2516748325167483,1.0
MC_S0_FULL_R4_L0_STAGE15_MATCHED,NEW_MC,COVERAGE_GIVEN_TIME,GAUSSIAN_L1,False,rms_medium,0.0279548477673792,8486,0.8486151384861513,1.0
MC_S0_FULL_R4_L0_STAGE15_MATCHED,NEW_MC,COVERAGE_GIVEN_TIME,GAUSSIAN_L1,False,rms_high,39.54462630441312,21,0.0021997800219978,0.0197980201979802
MC_S0_FULL_R4_L0_STAGE15_MATCHED,NEW_MC,COVERAGE_GIVEN_TIME,GAUSSIAN_L1,False,persistent_relation_rms,0.2349139018517974,5460,0.5460453954604539,1.0
MC_S0_FULL_R4_L0_STAGE15_MATCHED,NEW_MC,COVERAGE_GIVEN_TIME,DWB_L2,False,component_share_birth,0.1345287578068159,4377,0.4377562243775622,1.0
MC_S0_FULL_R4_L0_STAGE15_MATCHED,NEW_MC,COVERAGE_GIVEN_TIME,DWB_L2,False,component_share_death,0.5098209811379277,4082,0.4082591740825917,1.0
MC_S0_FULL_R4_L0_STAGE15_MATCHED,NEW_MC,COVERAGE_GIVEN_TIME,DWB_L2,False,component_share_increase,3.395082737060356,2218,0.2218778122187781,1.0
MC_S0_FULL_R4_L0_STAGE15_MATCHED,NEW_MC,COVERAGE_GIVEN_TIME,DWB_L2,False,support_share_low,1.2927189272283677,1661,0.1661833816618338,1.0
MC_S0_FULL_R4_L0_STAGE15_MATCHED,NEW_MC,COVERAGE_GIVEN_TIME,DWB_L2,False,support_share_medium,1.5234781979286325,1044,0.1044895510448955,0.835916408359164
MC_S0_FULL_R4_L0_STAGE15_MATCHED,NEW_MC,COVERAGE_GIVEN_TIME,DWB_L2,False,rms_low,1.2337547415262602,2242,0.2242775722427757,1.0
MC_S0_FULL_R4_L0_STAGE15_MATCHED,NEW_MC,COVERAGE_GIVEN_TIME,DWB_L2,False,rms_medium,0.0279548477673792,8667,0.8667133286671332,1.0
MC_S0_FULL_R4_L0_STAGE15_MATCHED,NEW_MC,COVERAGE_GIVEN_TIME,DWB_L2,False,rms_high,39.54462630441312,133,0.0133986601339866,0.1205879412058794
MC_S0_FULL_R4_L0_STAGE15_MATCHED,NEW_MC,COVERAGE_GIVEN_TIME,DWB_L2,False,persistent_relation_rms,0.2349139018517974,5233,0.5233476652334766,1.0
MC_S0_FULL_R4_L0_STAGE15_MATCHED,NEW_MC,COVERAGE_GIVEN_TIME,DWB_L3,True,component_share_birth,0.1345287578068159,3660,0.3660633936606339,1.0
MC_S0_FULL_R4_L0_STAGE15_MATCHED,NEW_MC,COVERAGE_GIVEN_TIME,DWB_L3,True,component_share_death,0.5098209811379277,4108,0.4108589141085891,1.0
MC_S0_FULL_R4_L0_STAGE15_MATCHED,NEW_MC,COVERAGE_GIVEN_TIME,DWB_L3,True,component_share_increase,3.395082737060356,1806,0.1806819318068193,1.0
MC_S0_FULL_R4_L0_STAGE15_MATCHED,NEW_MC,COVERAGE_GIVEN_TIME,DWB_L3,True,support_share_low,1.2927189272283677,1861,0.1861813818618138,1.0
MC_S0_FULL_R4_L0_STAGE15_MATCHED,NEW_MC,COVERAGE_GIVEN_TIME,DWB_L3,True,support_share_medium,1.5234781979286325,1271,0.1271872812718728,1.0
MC_S0_FULL_R4_L0_STAGE15_MATCHED,NEW_MC,COVERAGE_GIVEN_TIME,DWB_L3,True,rms_low,1.2337547415262602,2298,0.2298770122987701,1.0
MC_S0_FULL_R4_L0_STAGE15_MATCHED,NEW_MC,COVERAGE_GIVEN_TIME,DWB_L3,True,rms_medium,0.0279548477673792,8578,0.8578142185781422,1.0
MC_S0_FULL_R4_L0_STAGE15_MATCHED,NEW_MC,COVERAGE_GIVEN_TIME,DWB_L3,True,rms_high,39.54462630441312,333,0.0333966603339666,0.3005699430056994
MC_S0_FULL_R4_L0_STAGE15_MATCHED,NEW_MC,COVERAGE_GIVEN_TIME,DWB_L3,True,persistent_relation_rms,0.2349139018517974,4819,0.481951804819518,1.0
MC_S0_FULL_R4_L0_STAGE15_MATCHED,NEW_MC,COVERAGE_GIVEN_TIME,DWB_L4,False,component_share_birth,0.1345287578068159,3857,0.3857614238576142,1.0
MC_S0_FULL_R4_L0_STAGE15_MATCHED,NEW_MC,COVERAGE_GIVEN_TIME,DWB_L4,False,component_share_death,0.5098209811379277,3791,0.3791620837916208,1.0
MC_S0_FULL_R4_L0_STAGE15_MATCHED,NEW_MC,COVERAGE_GIVEN_TIME,DWB_L4,False,component_share_increase,3.395082737060356,1718,0.1718828117188281,1.0
MC_S0_FULL_R4_L0_STAGE15_MATCHED,NEW_MC,COVERAGE_GIVEN_TIME,DWB_L4,False,support_share_low,1.2927189272283677,1927,0.1927807219278072,1.0
MC_S0_FULL_R4_L0_STAGE15_MATCHED,NEW_MC,COVERAGE_GIVEN_TIME,DWB_L4,False,support_share_medium,1.5234781979286325,1357,0.1357864213578642,1.0
MC_S0_FULL_R4_L0_STAGE15_MATCHED,NEW_MC,COVERAGE_GIVEN_TIME,DWB_L4,False,rms_low,1.2337547415262602,2312,0.2312768723127687,1.0
MC_S0_FULL_R4_L0_STAGE15_MATCHED,NEW_MC,COVERAGE_GIVEN_TIME,DWB_L4,False,rms_medium,0.0279548477673792,8496,0.8496150384961504,1.0
MC_S0_FULL_R4_L0_STAGE15_MATCHED,NEW_MC,COVERAGE_GIVEN_TIME,DWB_L4,False,rms_high,39.54462630441312,519,0.051994800519948,0.467953204679532
MC_S0_FULL_R4_L0_STAGE15_MATCHED,NEW_MC,COVERAGE_GIVEN_TIME,DWB_L4,False,persistent_relation_rms,0.2349139018517974,4647,0.4647535246475352,1.0
MC_S0_FULL_R4_L1_EXTENDED,NEW_MC,TIME_GIVEN_COVERAGE,LEGACY_RADEMACHER,False,component_share_birth,0.5400308941830225,2556,0.2556744325567443,1.0
MC_S0_FULL_R4_L1_EXTENDED,NEW_MC,TIME_GIVEN_COVERAGE,LEGACY_RADEMACHER,False,component_share_death,0.1633247015912218,7999,0.7999200079992,1.0
MC_S0_FULL_R4_L1_EXTENDED,NEW_MC,TIME_GIVEN_COVERAGE,LEGACY_RADEMACHER,False,component_share_increase,9.728272675649674,1093,0.1093890610938906,0.9845015498450156
MC_S0_FULL_R4_L1_EXTENDED,NEW_MC,TIME_GIVEN_COVERAGE,LEGACY_RADEMACHER,False,support_share_low,0.0162306860639533,9660,0.966003399660034,1.0
MC_S0_FULL_R4_L1_EXTENDED,NEW_MC,TIME_GIVEN_COVERAGE,LEGACY_RADEMACHER,False,support_share_medium,0.0566259743859376,9608,0.9608039196080392,1.0
MC_S0_FULL_R4_L1_EXTENDED,NEW_MC,TIME_GIVEN_COVERAGE,LEGACY_RADEMACHER,False,rms_low,0.8671660645631647,4181,0.4181581841815818,1.0
MC_S0_FULL_R4_L1_EXTENDED,NEW_MC,TIME_GIVEN_COVERAGE,LEGACY_RADEMACHER,False,rms_medium,0.08222372385951,6816,0.6816318368163183,1.0
MC_S0_FULL_R4_L1_EXTENDED,NEW_MC,TIME_GIVEN_COVERAGE,LEGACY_RADEMACHER,False,rms_high,1.4612143163476643,3314,0.3314668533146685,1.0
MC_S0_FULL_R4_L1_EXTENDED,NEW_MC,TIME_GIVEN_COVERAGE,LEGACY_RADEMACHER,False,persistent_relation_rms,4.217952920271273e-07,9996,0.9996000399960004,1.0
MC_S0_FULL_R4_L1_EXTENDED,NEW_MC,TIME_GIVEN_COVERAGE,GAUSSIAN_L1,False,component_share_birth,0.5400308941830225,2528,0.2528747125287471,1.0
MC_S0_FULL_R4_L1_EXTENDED,NEW_MC,TIME_GIVEN_COVERAGE,GAUSSIAN_L1,False,component_share_death,0.1633247015912218,7999,0.7999200079992,1.0
MC_S0_FULL_R4_L1_EXTENDED,NEW_MC,TIME_GIVEN_COVERAGE,GAUSSIAN_L1,False,component_share_increase,9.728272675649674,1894,0.1894810518948105,1.0
MC_S0_FULL_R4_L1_EXTENDED,NEW_MC,TIME_GIVEN_COVERAGE,GAUSSIAN_L1,False,support_share_low,0.0162306860639533,8655,0.8655134486551345,1.0
MC_S0_FULL_R4_L1_EXTENDED,NEW_MC,TIME_GIVEN_COVERAGE,GAUSSIAN_L1,False,support_share_medium,0.0566259743859376,7963,0.7963203679632037,1.0
MC_S0_FULL_R4_L1_EXTENDED,NEW_MC,TIME_GIVEN_COVERAGE,GAUSSIAN_L1,False,rms_low,0.8671660645631647,3965,0.3965603439656034,1.0
MC_S0_FULL_R4_L1_EXTENDED,NEW_MC,TIME_GIVEN_COVERAGE,GAUSSIAN_L1,False,rms_medium,0.08222372385951,6784,0.6784321567843216,1.0
MC_S0_FULL_R4_L1_EXTENDED,NEW_MC,TIME_GIVEN_COVERAGE,GAUSSIAN_L1,False,rms_high,1.4612143163476643,3066,0.3066693330666933,1.0
MC_S0_FULL_R4_L1_EXTENDED,NEW_MC,TIME_GIVEN_COVERAGE,GAUSSIAN_L1,False,persistent_relation_rms,4.217952920271273e-07,9995,0.9995000499950004,1.0
MC_S0_FULL_R4_L1_EXTENDED,NEW_MC,TIME_GIVEN_COVERAGE,DWB_L2,False,component_share_birth,0.5400308941830225,1457,0.1457854214578542,1.0
MC_S0_FULL_R4_L1_EXTENDED,NEW_MC,TIME_GIVEN_COVERAGE,DWB_L2,False,component_share_death,0.1633247015912218,7731,0.7731226877312268,1.0
MC_S0_FULL_R4_L1_EXTENDED,NEW_MC,TIME_GIVEN_COVERAGE,DWB_L2,False,component_share_increase,9.728272675649674,1637,0.1637836216378362,1.0
MC_S0_FULL_R4_L1_EXTENDED,NEW_MC,TIME_GIVEN_COVERAGE,DWB_L2,False,support_share_low,0.0162306860639533,8625,0.8625137486251375,1.0
MC_S0_FULL_R4_L1_EXTENDED,NEW_MC,TIME_GIVEN_COVERAGE,DWB_L2,False,support_share_medium,0.0566259743859376,7936,0.7936206379362064,1.0
MC_S0_FULL_R4_L1_EXTENDED,NEW_MC,TIME_GIVEN_COVERAGE,DWB_L2,False,rms_low,0.8671660645631647,3631,0.3631636836316368,1.0
MC_S0_FULL_R4_L1_EXTENDED,NEW_MC,TIME_GIVEN_COVERAGE,DWB_L2,False,rms_medium,0.08222372385951,7352,0.7352264773522648,1.0
MC_S0_FULL_R4_L1_EXTENDED,NEW_MC,TIME_GIVEN_COVERAGE,DWB_L2,False,rms_high,1.4612143163476643,3697,0.3697630236976302,1.0
MC_S0_FULL_R4_L1_EXTENDED,NEW_MC,TIME_GIVEN_COVERAGE,DWB_L2,False,persistent_relation_rms,4.217952920271273e-07,9997,0.9997000299970004,1.0
MC_S0_FULL_R4_L1_EXTENDED,NEW_MC,TIME_GIVEN_COVERAGE,DWB_L3,True,component_share_birth,0.5400308941830225,1275,0.1275872412758724,1.0
MC_S0_FULL_R4_L1_EXTENDED,NEW_MC,TIME_GIVEN_COVERAGE,DWB_L3,True,component_share_death,0.1633247015912218,7342,0.7342265773422658,1.0
MC_S0_FULL_R4_L1_EXTENDED,NEW_MC,TIME_GIVEN_COVERAGE,DWB_L3,True,component_share_increase,9.728272675649674,1409,0.140985901409859,1.0
MC_S0_FULL_R4_L1_EXTENDED,NEW_MC,TIME_GIVEN_COVERAGE,DWB_L3,True,support_share_low,0.0162306860639533,8645,0.8645135486451355,1.0
MC_S0_FULL_R4_L1_EXTENDED,NEW_MC,TIME_GIVEN_COVERAGE,DWB_L3,True,support_share_medium,0.0566259743859376,8076,0.8076192380761924,1.0
MC_S0_FULL_R4_L1_EXTENDED,NEW_MC,TIME_GIVEN_COVERAGE,DWB_L3,True,rms_low,0.8671660645631647,3489,0.348965103489651,1.0
MC_S0_FULL_R4_L1_EXTENDED,NEW_MC,TIME_GIVEN_COVERAGE,DWB_L3,True,rms_medium,0.08222372385951,7480,0.748025197480252,1.0
MC_S0_FULL_R4_L1_EXTENDED,NEW_MC,TIME_GIVEN_COVERAGE,DWB_L3,True,rms_high,1.4612143163476643,4148,0.4148585141485851,1.0
MC_S0_FULL_R4_L1_EXTENDED,NEW_MC,TIME_GIVEN_COVERAGE,DWB_L3,True,persistent_relation_rms,4.217952920271273e-07,9994,0.9994000599940006,1.0
MC_S0_FULL_R4_L1_EXTENDED,NEW_MC,TIME_GIVEN_COVERAGE,DWB_L4,False,component_share_birth,0.5400308941830225,1335,0.1335866413358664,1.0
MC_S0_FULL_R4_L1_EXTENDED,NEW_MC,TIME_GIVEN_COVERAGE,DWB_L4,False,component_share_death,0.1633247015912218,6891,0.6891310868913109,1.0
MC_S0_FULL_R4_L1_EXTENDED,NEW_MC,TIME_GIVEN_COVERAGE,DWB_L4,False,component_share_increase,9.728272675649674,1408,0.1408859114088591,1.0
MC_S0_FULL_R4_L1_EXTENDED,NEW_MC,TIME_GIVEN_COVERAGE,DWB_L4,False,support_share_low,0.0162306860639533,8688,0.8688131186881312,1.0
MC_S0_FULL_R4_L1_EXTENDED,NEW_MC,TIME_GIVEN_COVERAGE,DWB_L4,False,support_share_medium,0.0566259743859376,8060,0.806019398060194,1.0
MC_S0_FULL_R4_L1_EXTENDED,NEW_MC,TIME_GIVEN_COVERAGE,DWB_L4,False,rms_low,0.8671660645631647,3360,0.3360663933606639,1.0
MC_S0_FULL_R4_L1_EXTENDED,NEW_MC,TIME_GIVEN_COVERAGE,DWB_L4,False,rms_medium,0.08222372385951,7628,0.7628237176282372,1.0
MC_S0_FULL_R4_L1_EXTENDED,NEW_MC,TIME_GIVEN_COVERAGE,DWB_L4,False,rms_high,1.4612143163476643,4586,0.4586541345865413,1.0
MC_S0_FULL_R4_L1_EXTENDED,NEW_MC,TIME_GIVEN_COVERAGE,DWB_L4,False,persistent_relation_rms,4.217952920271273e-07,9995,0.9995000499950004,1.0
MC_S0_FULL_R4_L1_EXTENDED,NEW_MC,COVERAGE_GIVEN_TIME,LEGACY_RADEMACHER,False,component_share_birth,0.0663305024778608,6935,0.6935306469353064,1.0
MC_S0_FULL_R4_L1_EXTENDED,NEW_MC,COVERAGE_GIVEN_TIME,LEGACY_RADEMACHER,False,component_share_death,0.0232545601296507,9275,0.9275072492750724,1.0
MC_S0_FULL_R4_L1_EXTENDED,NEW_MC,COVERAGE_GIVEN_TIME,LEGACY_RADEMACHER,False,component_share_increase,1.0982763828744524,5941,0.5941405859414058,1.0
MC_S0_FULL_R4_L1_EXTENDED,NEW_MC,COVERAGE_GIVEN_TIME,LEGACY_RADEMACHER,False,support_share_low,2.246038445922127,45,0.0045995400459954,0.0321967803219678
MC_S0_FULL_R4_L1_EXTENDED,NEW_MC,COVERAGE_GIVEN_TIME,LEGACY_RADEMACHER,False,support_share_medium,5.181388092516293,9,0.000999900009999,0.007999200079992
MC_S0_FULL_R4_L1_EXTENDED,NEW_MC,COVERAGE_GIVEN_TIME,LEGACY_RADEMACHER,False,rms_low,0.1254502804892148,7390,0.7390260973902609,1.0
MC_S0_FULL_R4_L1_EXTENDED,NEW_MC,COVERAGE_GIVEN_TIME,LEGACY_RADEMACHER,False,rms_medium,0.0475896618271214,8459,0.8459154084591541,1.0
MC_S0_FULL_R4_L1_EXTENDED,NEW_MC,COVERAGE_GIVEN_TIME,LEGACY_RADEMACHER,False,rms_high,42.63332318088918,0,9.999000099990002e-05,0.0008999100089991
MC_S0_FULL_R4_L1_EXTENDED,NEW_MC,COVERAGE_GIVEN_TIME,LEGACY_RADEMACHER,False,persistent_relation_rms,0.3636552486546538,5656,0.5656434356564344,1.0
MC_S0_FULL_R4_L1_EXTENDED,NEW_MC,COVERAGE_GIVEN_TIME,GAUSSIAN_L1,False,component_share_birth,0.0663305024778608,6854,0.6854314568543146,1.0
MC_S0_FULL_R4_L1_EXTENDED,NEW_MC,COVERAGE_GIVEN_TIME,GAUSSIAN_L1,False,component_share_death,0.0232545601296507,9259,0.925907409259074,1.0
MC_S0_FULL_R4_L1_EXTENDED,NEW_MC,COVERAGE_GIVEN_TIME,GAUSSIAN_L1,False,component_share_increase,1.0982763828744524,4351,0.4351564843515648,1.0
MC_S0_FULL_R4_L1_EXTENDED,NEW_MC,COVERAGE_GIVEN_TIME,GAUSSIAN_L1,False,support_share_low,2.246038445922127,497,0.0497950204979502,0.3485651434856514
MC_S0_FULL_R4_L1_EXTENDED,NEW_MC,COVERAGE_GIVEN_TIME,GAUSSIAN_L1,False,support_share_medium,5.181388092516293,206,0.0206979302069793,0.1655834416558344
MC_S0_FULL_R4_L1_EXTENDED,NEW_MC,COVERAGE_GIVEN_TIME,GAUSSIAN_L1,False,rms_low,0.1254502804892148,7302,0.7302269773022698,1.0
MC_S0_FULL_R4_L1_EXTENDED,NEW_MC,COVERAGE_GIVEN_TIME,GAUSSIAN_L1,False,rms_medium,0.0475896618271214,8344,0.8344165583441656,1.0
MC_S0_FULL_R4_L1_EXTENDED,NEW_MC,COVERAGE_GIVEN_TIME,GAUSSIAN_L1,False,rms_high,42.63332318088918,17,0.0017998200179982,0.0161983801619838
MC_S0_FULL_R4_L1_EXTENDED,NEW_MC,COVERAGE_GIVEN_TIME,GAUSSIAN_L1,False,persistent_relation_rms,0.3636552486546538,5298,0.5298470152984701,1.0
MC_S0_FULL_R4_L1_EXTENDED,NEW_MC,COVERAGE_GIVEN_TIME,DWB_L2,False,component_share_birth,0.0663305024778608,5127,0.5127487251274873,1.0
MC_S0_FULL_R4_L1_EXTENDED,NEW_MC,COVERAGE_GIVEN_TIME,DWB_L2,False,component_share_death,0.0232545601296507,8997,0.8997100289971003,1.0
MC_S0_FULL_R4_L1_EXTENDED,NEW_MC,COVERAGE_GIVEN_TIME,DWB_L2,False,component_share_increase,1.0982763828744524,3831,0.3831616838316168,1.0
MC_S0_FULL_R4_L1_EXTENDED,NEW_MC,COVERAGE_GIVEN_TIME,DWB_L2,False,support_share_low,2.246038445922127,777,0.0777922207779222,0.5445455454454554
MC_S0_FULL_R4_L1_EXTENDED,NEW_MC,COVERAGE_GIVEN_TIME,DWB_L2,False,support_share_medium,5.181388092516293,446,0.0446955304469553,0.3575642435756424
MC_S0_FULL_R4_L1_EXTENDED,NEW_MC,COVERAGE_GIVEN_TIME,DWB_L2,False,rms_low,0.1254502804892148,7234,0.7234276572342766,1.0
MC_S0_FULL_R4_L1_EXTENDED,NEW_MC,COVERAGE_GIVEN_TIME,DWB_L2,False,rms_medium,0.0475896618271214,8526,0.8526147385261473,1.0
MC_S0_FULL_R4_L1_EXTENDED,NEW_MC,COVERAGE_GIVEN_TIME,DWB_L2,False,rms_high,42.63332318088918,139,0.013998600139986,0.125987401259874
MC_S0_FULL_R4_L1_EXTENDED,NEW_MC,COVERAGE_GIVEN_TIME,DWB_L2,False,persistent_relation_rms,0.3636552486546538,5360,0.536046395360464,1.0
MC_S0_FULL_R4_L1_EXTENDED,NEW_MC,COVERAGE_GIVEN_TIME,DWB_L3,True,component_share_birth,0.0663305024778608,4633,0.4633536646335366,1.0
MC_S0_FULL_R4_L1_EXTENDED,NEW_MC,COVERAGE_GIVEN_TIME,DWB_L3,True,component_share_death,0.0232545601296507,8990,0.899010098990101,1.0
MC_S0_FULL_R4_L1_EXTENDED,NEW_MC,COVERAGE_GIVEN_TIME,DWB_L3,True,component_share_increase,1.0982763828744524,3233,0.3233676632336766,1.0
MC_S0_FULL_R4_L1_EXTENDED,NEW_MC,COVERAGE_GIVEN_TIME,DWB_L3,True,support_share_low,2.246038445922127,833,0.0833916608339166,0.5837416258374163
MC_S0_FULL_R4_L1_EXTENDED,NEW_MC,COVERAGE_GIVEN_TIME,DWB_L3,True,support_share_medium,5.181388092516293,557,0.0557944205579442,0.4463553644635536
MC_S0_FULL_R4_L1_EXTENDED,NEW_MC,COVERAGE_GIVEN_TIME,DWB_L3,True,rms_low,0.1254502804892148,7024,0.7024297570242976,1.0
MC_S0_FULL_R4_L1_EXTENDED,NEW_MC,COVERAGE_GIVEN_TIME,DWB_L3,True,rms_medium,0.0475896618271214,8405,0.8405159484051595,1.0
MC_S0_FULL_R4_L1_EXTENDED,NEW_MC,COVERAGE_GIVEN_TIME,DWB_L3,True,rms_high,42.63332318088918,361,0.0361963803619638,0.3257674232576742
MC_S0_FULL_R4_L1_EXTENDED,NEW_MC,COVERAGE_GIVEN_TIME,DWB_L3,True,persistent_relation_rms,0.3636552486546538,4927,0.4927507249275072,1.0
MC_S0_FULL_R4_L1_EXTENDED,NEW_MC,COVERAGE_GIVEN_TIME,DWB_L4,False,component_share_birth,0.0663305024778608,4571,0.4571542845715428,1.0
MC_S0_FULL_R4_L1_EXTENDED,NEW_MC,COVERAGE_GIVEN_TIME,DWB_L4,False,component_share_death,0.0232545601296507,8922,0.8922107789221078,1.0
MC_S0_FULL_R4_L1_EXTENDED,NEW_MC,COVERAGE_GIVEN_TIME,DWB_L4,False,component_share_increase,1.0982763828744524,2816,0.2816718328167183,1.0
MC_S0_FULL_R4_L1_EXTENDED,NEW_MC,COVERAGE_GIVEN_TIME,DWB_L4,False,support_share_low,2.246038445922127,901,0.0901909809019098,0.6313368663133687
MC_S0_FULL_R4_L1_EXTENDED,NEW_MC,COVERAGE_GIVEN_TIME,DWB_L4,False,support_share_medium,5.181388092516293,617,0.0617938206179382,0.4967503249675032
MC_S0_FULL_R4_L1_EXTENDED,NEW_MC,COVERAGE_GIVEN_TIME,DWB_L4,False,rms_low,0.1254502804892148,6848,0.6848315168483151,1.0
MC_S0_FULL_R4_L1_EXTENDED,NEW_MC,COVERAGE_GIVEN_TIME,DWB_L4,False,rms_medium,0.0475896618271214,8472,0.8472152784721528,1.0
MC_S0_FULL_R4_L1_EXTENDED,NEW_MC,COVERAGE_GIVEN_TIME,DWB_L4,False,rms_high,42.63332318088918,551,0.0551944805519448,0.4967503249675032
MC_S0_FULL_R4_L1_EXTENDED,NEW_MC,COVERAGE_GIVEN_TIME,DWB_L4,False,persistent_relation_rms,0.3636552486546538,4558,0.4558544145585441,1.0
MC_S0_FULL_R4_L2_HIGH,NEW_MC,TIME_GIVEN_COVERAGE,LEGACY_RADEMACHER,False,component_share_birth,0.0094744539533913,8966,0.8966103389661034,1.0
MC_S0_FULL_R4_L2_HIGH,NEW_MC,TIME_GIVEN_COVERAGE,LEGACY_RADEMACHER,False,component_share_death,0.0459729466347909,8626,0.8626137386261374,1.0
MC_S0_FULL_R4_L2_HIGH,NEW_MC,TIME_GIVEN_COVERAGE,LEGACY_RADEMACHER,False,component_share_increase,0.1425800925379938,7828,0.7828217178282172,1.0
MC_S0_FULL_R4_L2_HIGH,NEW_MC,TIME_GIVEN_COVERAGE,LEGACY_RADEMACHER,False,support_share_low,0.0043979869670547,9611,0.9611038896110388,1.0
MC_S0_FULL_R4_L2_HIGH,NEW_MC,TIME_GIVEN_COVERAGE,LEGACY_RADEMACHER,False,support_share_medium,0.0270868302879803,8812,0.8812118788121188,1.0
MC_S0_FULL_R4_L2_HIGH,NEW_MC,TIME_GIVEN_COVERAGE,LEGACY_RADEMACHER,False,rms_low,1.0847332701921744,3766,0.3766623337666233,1.0
MC_S0_FULL_R4_L2_HIGH,NEW_MC,TIME_GIVEN_COVERAGE,LEGACY_RADEMACHER,False,rms_medium,0.0539811462414885,7270,0.7270272972702729,1.0
MC_S0_FULL_R4_L2_HIGH,NEW_MC,TIME_GIVEN_COVERAGE,LEGACY_RADEMACHER,False,rms_high,1.353984505531869,3265,0.3265673432656734,1.0
MC_S0_FULL_R4_L2_HIGH,NEW_MC,TIME_GIVEN_COVERAGE,LEGACY_RADEMACHER,False,persistent_relation_rms,1.8415655343037896,468,0.0468953104689531,0.422057794220578
MC_S0_FULL_R4_L2_HIGH,NEW_MC,TIME_GIVEN_COVERAGE,GAUSSIAN_L1,False,component_share_birth,0.0094744539533913,8849,0.8849115088491151,1.0
MC_S0_FULL_R4_L2_HIGH,NEW_MC,TIME_GIVEN_COVERAGE,GAUSSIAN_L1,False,component_share_death,0.0459729466347909,8380,0.838016198380162,1.0
MC_S0_FULL_R4_L2_HIGH,NEW_MC,TIME_GIVEN_COVERAGE,GAUSSIAN_L1,False,component_share_increase,0.1425800925379938,7275,0.7275272472752725,1.0
MC_S0_FULL_R4_L2_HIGH,NEW_MC,TIME_GIVEN_COVERAGE,GAUSSIAN_L1,False,support_share_low,0.0043979869670547,9266,0.9266073392660734,1.0
MC_S0_FULL_R4_L2_HIGH,NEW_MC,TIME_GIVEN_COVERAGE,GAUSSIAN_L1,False,support_share_medium,0.0270868302879803,7799,0.77992200779922,1.0
MC_S0_FULL_R4_L2_HIGH,NEW_MC,TIME_GIVEN_COVERAGE,GAUSSIAN_L1,False,rms_low,1.0847332701921744,3665,0.3665633436656334,1.0
MC_S0_FULL_R4_L2_HIGH,NEW_MC,TIME_GIVEN_COVERAGE,GAUSSIAN_L1,False,rms_medium,0.0539811462414885,7113,0.7113288671132887,1.0
MC_S0_FULL_R4_L2_HIGH,NEW_MC,TIME_GIVEN_COVERAGE,GAUSSIAN_L1,False,rms_high,1.353984505531869,3072,0.3072692730726927,1.0
MC_S0_FULL_R4_L2_HIGH,NEW_MC,TIME_GIVEN_COVERAGE,GAUSSIAN_L1,False,persistent_relation_rms,1.8415655343037896,490,0.0490950904909509,0.4418558144185581
MC_S0_FULL_R4_L2_HIGH,NEW_MC,TIME_GIVEN_COVERAGE,DWB_L2,False,component_share_birth,0.0094744539533913,8705,0.8705129487051295,1.0
MC_S0_FULL_R4_L2_HIGH,NEW_MC,TIME_GIVEN_COVERAGE,DWB_L2,False,component_share_death,0.0459729466347909,8125,0.8125187481251874,1.0
MC_S0_FULL_R4_L2_HIGH,NEW_MC,TIME_GIVEN_COVERAGE,DWB_L2,False,component_share_increase,0.1425800925379938,7618,0.7618238176182381,1.0
MC_S0_FULL_R4_L2_HIGH,NEW_MC,TIME_GIVEN_COVERAGE,DWB_L2,False,support_share_low,0.0043979869670547,9304,0.9304069593040696,1.0
MC_S0_FULL_R4_L2_HIGH,NEW_MC,TIME_GIVEN_COVERAGE,DWB_L2,False,support_share_medium,0.0270868302879803,8017,0.8017198280171983,1.0
MC_S0_FULL_R4_L2_HIGH,NEW_MC,TIME_GIVEN_COVERAGE,DWB_L2,False,rms_low,1.0847332701921744,3510,0.3510648935106489,1.0
MC_S0_FULL_R4_L2_HIGH,NEW_MC,TIME_GIVEN_COVERAGE,DWB_L2,False,rms_medium,0.0539811462414885,7658,0.7658234176582341,1.0
MC_S0_FULL_R4_L2_HIGH,NEW_MC,TIME_GIVEN_COVERAGE,DWB_L2,False,rms_high,1.353984505531869,3795,0.3795620437956204,1.0
MC_S0_FULL_R4_L2_HIGH,NEW_MC,TIME_GIVEN_COVERAGE,DWB_L2,False,persistent_relation_rms,1.8415655343037896,733,0.0733926607339266,0.6605339466053395
MC_S0_FULL_R4_L2_HIGH,NEW_MC,TIME_GIVEN_COVERAGE,DWB_L3,True,component_share_birth,0.0094744539533913,8245,0.8245175482451755,1.0
MC_S0_FULL_R4_L2_HIGH,NEW_MC,TIME_GIVEN_COVERAGE,DWB_L3,True,component_share_death,0.0459729466347909,7476,0.7476252374762524,1.0
MC_S0_FULL_R4_L2_HIGH,NEW_MC,TIME_GIVEN_COVERAGE,DWB_L3,True,component_share_increase,0.1425800925379938,7643,0.7643235676432357,1.0
MC_S0_FULL_R4_L2_HIGH,NEW_MC,TIME_GIVEN_COVERAGE,DWB_L3,True,support_share_low,0.0043979869670547,9368,0.9368063193680632,1.0
MC_S0_FULL_R4_L2_HIGH,NEW_MC,TIME_GIVEN_COVERAGE,DWB_L3,True,support_share_medium,0.0270868302879803,8136,0.8136186381361864,1.0
MC_S0_FULL_R4_L2_HIGH,NEW_MC,TIME_GIVEN_COVERAGE,DWB_L3,True,rms_low,1.0847332701921744,2960,0.2960703929607039,1.0
MC_S0_FULL_R4_L2_HIGH,NEW_MC,TIME_GIVEN_COVERAGE,DWB_L3,True,rms_medium,0.0539811462414885,7706,0.7706229377062294,1.0
MC_S0_FULL_R4_L2_HIGH,NEW_MC,TIME_GIVEN_COVERAGE,DWB_L3,True,rms_high,1.353984505531869,4220,0.4220577942205779,1.0
MC_S0_FULL_R4_L2_HIGH,NEW_MC,TIME_GIVEN_COVERAGE,DWB_L3,True,persistent_relation_rms,1.8415655343037896,807,0.0807919208079192,0.7271272872712728
MC_S0_FULL_R4_L2_HIGH,NEW_MC,TIME_GIVEN_COVERAGE,DWB_L4,False,component_share_birth,0.0094744539533913,8148,0.8148185181481852,1.0
MC_S0_FULL_R4_L2_HIGH,NEW_MC,TIME_GIVEN_COVERAGE,DWB_L4,False,component_share_death,0.0459729466347909,7292,0.7292270772922708,1.0
MC_S0_FULL_R4_L2_HIGH,NEW_MC,TIME_GIVEN_COVERAGE,DWB_L4,False,component_share_increase,0.1425800925379938,7699,0.76992300769923,1.0
MC_S0_FULL_R4_L2_HIGH,NEW_MC,TIME_GIVEN_COVERAGE,DWB_L4,False,support_share_low,0.0043979869670547,9317,0.9317068293170684,1.0
MC_S0_FULL_R4_L2_HIGH,NEW_MC,TIME_GIVEN_COVERAGE,DWB_L4,False,support_share_medium,0.0270868302879803,8075,0.8075192480751925,1.0
MC_S0_FULL_R4_L2_HIGH,NEW_MC,TIME_GIVEN_COVERAGE,DWB_L4,False,rms_low,1.0847332701921744,2404,0.2404759524047595,1.0
MC_S0_FULL_R4_L2_HIGH,NEW_MC,TIME_GIVEN_COVERAGE,DWB_L4,False,rms_medium,0.0539811462414885,7807,0.7807219278072193,1.0
MC_S0_FULL_R4_L2_HIGH,NEW_MC,TIME_GIVEN_COVERAGE,DWB_L4,False,rms_high,1.353984505531869,4596,0.4596540345965403,1.0
MC_S0_FULL_R4_L2_HIGH,NEW_MC,TIME_GIVEN_COVERAGE,DWB_L4,False,persistent_relation_rms,1.8415655343037896,1022,0.1022897710228977,0.9206079392060794
MC_S0_FULL_R4_L2_HIGH,NEW_MC,COVERAGE_GIVEN_TIME,LEGACY_RADEMACHER,False,component_share_birth,0.4695550814226763,3635,0.3635636436356364,1.0
MC_S0_FULL_R4_L2_HIGH,NEW_MC,COVERAGE_GIVEN_TIME,LEGACY_RADEMACHER,False,component_share_death,0.0135766043076728,9140,0.914008599140086,1.0
MC_S0_FULL_R4_L2_HIGH,NEW_MC,COVERAGE_GIVEN_TIME,LEGACY_RADEMACHER,False,component_share_increase,2.0371766613390747,2366,0.2366763323667633,1.0
MC_S0_FULL_R4_L2_HIGH,NEW_MC,COVERAGE_GIVEN_TIME,LEGACY_RADEMACHER,False,support_share_low,1.694564024667942,229,0.022997700229977,0.160983901609839
MC_S0_FULL_R4_L2_HIGH,NEW_MC,COVERAGE_GIVEN_TIME,LEGACY_RADEMACHER,False,support_share_medium,1.7185255123760523,61,0.0061993800619938,0.0495950404959504
MC_S0_FULL_R4_L2_HIGH,NEW_MC,COVERAGE_GIVEN_TIME,LEGACY_RADEMACHER,False,rms_low,0.1017869439992793,7623,0.7623237676232377,1.0
MC_S0_FULL_R4_L2_HIGH,NEW_MC,COVERAGE_GIVEN_TIME,LEGACY_RADEMACHER,False,rms_medium,0.0287428247732535,8661,0.8661133886611339,1.0
MC_S0_FULL_R4_L2_HIGH,NEW_MC,COVERAGE_GIVEN_TIME,LEGACY_RADEMACHER,False,rms_high,39.87681144772331,0,9.999000099990002e-05,0.0008999100089991
MC_S0_FULL_R4_L2_HIGH,NEW_MC,COVERAGE_GIVEN_TIME,LEGACY_RADEMACHER,False,persistent_relation_rms,0.000316824583626,9834,0.9834016598340166,1.0
MC_S0_FULL_R4_L2_HIGH,NEW_MC,COVERAGE_GIVEN_TIME,GAUSSIAN_L1,False,component_share_birth,0.4695550814226763,3379,0.337966203379662,1.0
MC_S0_FULL_R4_L2_HIGH,NEW_MC,COVERAGE_GIVEN_TIME,GAUSSIAN_L1,False,component_share_death,0.0135766043076728,9047,0.9047095290470952,1.0
MC_S0_FULL_R4_L2_HIGH,NEW_MC,COVERAGE_GIVEN_TIME,GAUSSIAN_L1,False,component_share_increase,2.0371766613390747,1957,0.1957804219578042,1.0
MC_S0_FULL_R4_L2_HIGH,NEW_MC,COVERAGE_GIVEN_TIME,GAUSSIAN_L1,False,support_share_low,1.694564024667942,564,0.0564943505649435,0.3954604539546045
MC_S0_FULL_R4_L2_HIGH,NEW_MC,COVERAGE_GIVEN_TIME,GAUSSIAN_L1,False,support_share_medium,1.7185255123760523,293,0.0293970602939706,0.2351764823517648
MC_S0_FULL_R4_L2_HIGH,NEW_MC,COVERAGE_GIVEN_TIME,GAUSSIAN_L1,False,rms_low,0.1017869439992793,7533,0.7533246675332467,1.0
MC_S0_FULL_R4_L2_HIGH,NEW_MC,COVERAGE_GIVEN_TIME,GAUSSIAN_L1,False,rms_medium,0.0287428247732535,8472,0.8472152784721528,1.0
MC_S0_FULL_R4_L2_HIGH,NEW_MC,COVERAGE_GIVEN_TIME,GAUSSIAN_L1,False,rms_high,39.87681144772331,16,0.0016998300169983,0.0152984701529847
MC_S0_FULL_R4_L2_HIGH,NEW_MC,COVERAGE_GIVEN_TIME,GAUSSIAN_L1,False,persistent_relation_rms,0.000316824583626,9844,0.9844015598440156,1.0
MC_S0_FULL_R4_L2_HIGH,NEW_MC,COVERAGE_GIVEN_TIME,DWB_L2,False,component_share_birth,0.4695550814226763,2272,0.2272772722727727,1.0
MC_S0_FULL_R4_L2_HIGH,NEW_MC,COVERAGE_GIVEN_TIME,DWB_L2,False,component_share_death,0.0135766043076728,8761,0.8761123887611239,1.0
MC_S0_FULL_R4_L2_HIGH,NEW_MC,COVERAGE_GIVEN_TIME,DWB_L2,False,component_share_increase,2.0371766613390747,2185,0.2185781421857814,1.0
MC_S0_FULL_R4_L2_HIGH,NEW_MC,COVERAGE_GIVEN_TIME,DWB_L2,False,support_share_low,1.694564024667942,949,0.094990500949905,0.664933506649335
MC_S0_FULL_R4_L2_HIGH,NEW_MC,COVERAGE_GIVEN_TIME,DWB_L2,False,support_share_medium,1.7185255123760523,554,0.0554944505549445,0.443955604439556
MC_S0_FULL_R4_L2_HIGH,NEW_MC,COVERAGE_GIVEN_TIME,DWB_L2,False,rms_low,0.1017869439992793,7379,0.7379262073792621,1.0
MC_S0_FULL_R4_L2_HIGH,NEW_MC,COVERAGE_GIVEN_TIME,DWB_L2,False,rms_medium,0.0287428247732535,8645,0.8645135486451355,1.0
MC_S0_FULL_R4_L2_HIGH,NEW_MC,COVERAGE_GIVEN_TIME,DWB_L2,False,rms_high,39.87681144772331,148,0.0148985101489851,0.1340865913408659
MC_S0_FULL_R4_L2_HIGH,NEW_MC,COVERAGE_GIVEN_TIME,DWB_L2,False,persistent_relation_rms,0.000316824583626,9825,0.9825017498250176,1.0
MC_S0_FULL_R4_L2_HIGH,NEW_MC,COVERAGE_GIVEN_TIME,DWB_L3,True,component_share_birth,0.4695550814226763,1794,0.1794820517948205,1.0
MC_S0_FULL_R4_L2_HIGH,NEW_MC,COVERAGE_GIVEN_TIME,DWB_L3,True,component_share_death,0.0135766043076728,8669,0.8669133086691331,1.0
MC_S0_FULL_R4_L2_HIGH,NEW_MC,COVERAGE_GIVEN_TIME,DWB_L3,True,component_share_increase,2.0371766613390747,2304,0.2304769523047695,1.0
MC_S0_FULL_R4_L2_HIGH,NEW_MC,COVERAGE_GIVEN_TIME,DWB_L3,True,support_share_low,1.694564024667942,1062,0.1062893710628937,0.744025597440256
MC_S0_FULL_R4_L2_HIGH,NEW_MC,COVERAGE_GIVEN_TIME,DWB_L3,True,support_share_medium,1.7185255123760523,724,0.0724927507249275,0.57994200579942
MC_S0_FULL_R4_L2_HIGH,NEW_MC,COVERAGE_GIVEN_TIME,DWB_L3,True,rms_low,0.1017869439992793,6902,0.6902309769023097,1.0
MC_S0_FULL_R4_L2_HIGH,NEW_MC,COVERAGE_GIVEN_TIME,DWB_L3,True,rms_medium,0.0287428247732535,8546,0.8546145385461453,1.0
MC_S0_FULL_R4_L2_HIGH,NEW_MC,COVERAGE_GIVEN_TIME,DWB_L3,True,rms_high,39.87681144772331,327,0.0327967203279672,0.2951704829517048
MC_S0_FULL_R4_L2_HIGH,NEW_MC,COVERAGE_GIVEN_TIME,DWB_L3,True,persistent_relation_rms,0.000316824583626,9787,0.9787021297870212,1.0
MC_S0_FULL_R4_L2_HIGH,NEW_MC,COVERAGE_GIVEN_TIME,DWB_L4,False,component_share_birth,0.4695550814226763,1690,0.1690830916908309,1.0
MC_S0_FULL_R4_L2_HIGH,NEW_MC,COVERAGE_GIVEN_TIME,DWB_L4,False,component_share_death,0.0135766043076728,8561,0.8561143885611439,1.0
MC_S0_FULL_R4_L2_HIGH,NEW_MC,COVERAGE_GIVEN_TIME,DWB_L4,False,component_share_increase,2.0371766613390747,2383,0.2383761623837616,1.0
MC_S0_FULL_R4_L2_HIGH,NEW_MC,COVERAGE_GIVEN_TIME,DWB_L4,False,support_share_low,1.694564024667942,1148,0.1148885111488851,0.8042195780421958
MC_S0_FULL_R4_L2_HIGH,NEW_MC,COVERAGE_GIVEN_TIME,DWB_L4,False,support_share_medium,1.7185255123760523,776,0.0776922307769223,0.6215378462153784
MC_S0_FULL_R4_L2_HIGH,NEW_MC,COVERAGE_GIVEN_TIME,DWB_L4,False,rms_low,0.1017869439992793,6273,0.6273372662733727,1.0
MC_S0_FULL_R4_L2_HIGH,NEW_MC,COVERAGE_GIVEN_TIME,DWB_L4,False,rms_medium,0.0287428247732535,8528,0.8528147185281472,1.0
MC_S0_FULL_R4_L2_HIGH,NEW_MC,COVERAGE_GIVEN_TIME,DWB_L4,False,rms_high,39.87681144772331,532,0.0532946705329467,0.4796520347965203
MC_S0_FULL_R4_L2_HIGH,NEW_MC,COVERAGE_GIVEN_TIME,DWB_L4,False,persistent_relation_rms,0.000316824583626,9795,0.9795020497950204,1.0
MC_S1_DROP_TOP1_R0_L0_STAGE15_MATCHED,NEW_MC,TIME_GIVEN_COVERAGE,LEGACY_RADEMACHER,False,component_share_birth,9.79834716919718,598,0.0598940105989401,0.4192580741925807
MC_S1_DROP_TOP1_R0_L0_STAGE15_MATCHED,NEW_MC,TIME_GIVEN_COVERAGE,LEGACY_RADEMACHER,False,component_share_death,1.2976361183467129,3476,0.3476652334766523,1.0
MC_S1_DROP_TOP1_R0_L0_STAGE15_MATCHED,NEW_MC,TIME_GIVEN_COVERAGE,LEGACY_RADEMACHER,False,component_share_increase,3.1187394381104987,1111,0.1111888811118888,0.6671332866713329
MC_S1_DROP_TOP1_R0_L0_STAGE15_MATCHED,NEW_MC,TIME_GIVEN_COVERAGE,LEGACY_RADEMACHER,False,support_share_low,15.363304617252965,369,0.036996300369963,0.295970402959704
MC_S1_DROP_TOP1_R0_L0_STAGE15_MATCHED,NEW_MC,TIME_GIVEN_COVERAGE,LEGACY_RADEMACHER,False,support_share_medium,15.524030507159132,280,0.0280971902809719,0.2528747125287471
MC_S1_DROP_TOP1_R0_L0_STAGE15_MATCHED,NEW_MC,TIME_GIVEN_COVERAGE,LEGACY_RADEMACHER,False,rms_low,0.5418401045110386,4282,0.4282571742825717,1.0
MC_S1_DROP_TOP1_R0_L0_STAGE15_MATCHED,NEW_MC,TIME_GIVEN_COVERAGE,LEGACY_RADEMACHER,False,rms_medium,0.1439564961065009,6662,0.6662333766623337,1.0
MC_S1_DROP_TOP1_R0_L0_STAGE15_MATCHED,NEW_MC,TIME_GIVEN_COVERAGE,LEGACY_RADEMACHER,False,rms_high,2.085553902577132,2450,0.2450754924507549,0.9803019698030196
MC_S1_DROP_TOP1_R0_L0_STAGE15_MATCHED,NEW_MC,TIME_GIVEN_COVERAGE,LEGACY_RADEMACHER,False,persistent_relation_rms,0.5544115685707514,1422,0.1422857714228577,0.7114288571142886
MC_S1_DROP_TOP1_R0_L0_STAGE15_MATCHED,NEW_MC,TIME_GIVEN_COVERAGE,GAUSSIAN_L1,False,component_share_birth,9.79834716919718,649,0.064993500649935,0.454954504549545
MC_S1_DROP_TOP1_R0_L0_STAGE15_MATCHED,NEW_MC,TIME_GIVEN_COVERAGE,GAUSSIAN_L1,False,component_share_death,1.2976361183467129,3204,0.3204679532046795,0.9614038596140386
MC_S1_DROP_TOP1_R0_L0_STAGE15_MATCHED,NEW_MC,TIME_GIVEN_COVERAGE,GAUSSIAN_L1,False,component_share_increase,3.1187394381104987,1049,0.104989501049895,0.62993700629937
MC_S1_DROP_TOP1_R0_L0_STAGE15_MATCHED,NEW_MC,TIME_GIVEN_COVERAGE,GAUSSIAN_L1,False,support_share_low,15.363304617252965,384,0.0384961503849615,0.307969203079692
MC_S1_DROP_TOP1_R0_L0_STAGE15_MATCHED,NEW_MC,TIME_GIVEN_COVERAGE,GAUSSIAN_L1,False,support_share_medium,15.524030507159132,300,0.0300969903009699,0.2708729127087291
MC_S1_DROP_TOP1_R0_L0_STAGE15_MATCHED,NEW_MC,TIME_GIVEN_COVERAGE,GAUSSIAN_L1,False,rms_low,0.5418401045110386,3972,0.3972602739726027,0.9614038596140386
MC_S1_DROP_TOP1_R0_L0_STAGE15_MATCHED,NEW_MC,TIME_GIVEN_COVERAGE,GAUSSIAN_L1,False,rms_medium,0.1439564961065009,6386,0.6386361363863614,0.9614038596140386
MC_S1_DROP_TOP1_R0_L0_STAGE15_MATCHED,NEW_MC,TIME_GIVEN_COVERAGE,GAUSSIAN_L1,False,rms_high,2.085553902577132,2268,0.2268773122687731,0.9075092490750925
MC_S1_DROP_TOP1_R0_L0_STAGE15_MATCHED,NEW_MC,TIME_GIVEN_COVERAGE,GAUSSIAN_L1,False,persistent_relation_rms,0.5544115685707514,1399,0.13998600139986,0.6999300069993
MC_S1_DROP_TOP1_R0_L0_STAGE15_MATCHED,NEW_MC,TIME_GIVEN_COVERAGE,DWB_L2,False,component_share_birth,9.79834716919718,1114,0.1114888511148885,0.7804219578042196
MC_S1_DROP_TOP1_R0_L0_STAGE15_MATCHED,NEW_MC,TIME_GIVEN_COVERAGE,DWB_L2,False,component_share_death,1.2976361183467129,3903,0.3903609639036096,1.0
MC_S1_DROP_TOP1_R0_L0_STAGE15_MATCHED,NEW_MC,TIME_GIVEN_COVERAGE,DWB_L2,False,component_share_increase,3.1187394381104987,1361,0.1361863813618638,0.8171182881711829
MC_S1_DROP_TOP1_R0_L0_STAGE15_MATCHED,NEW_MC,TIME_GIVEN_COVERAGE,DWB_L2,False,support_share_low,15.363304617252965,791,0.0791920807919208,0.6335366463353664
MC_S1_DROP_TOP1_R0_L0_STAGE15_MATCHED,NEW_MC,TIME_GIVEN_COVERAGE,DWB_L2,False,support_share_medium,15.524030507159132,645,0.0645935406459354,0.5813418658134186
MC_S1_DROP_TOP1_R0_L0_STAGE15_MATCHED,NEW_MC,TIME_GIVEN_COVERAGE,DWB_L2,False,rms_low,0.5418401045110386,4002,0.4002599740025997,1.0
MC_S1_DROP_TOP1_R0_L0_STAGE15_MATCHED,NEW_MC,TIME_GIVEN_COVERAGE,DWB_L2,False,rms_medium,0.1439564961065009,6491,0.6491350864913509,1.0
MC_S1_DROP_TOP1_R0_L0_STAGE15_MATCHED,NEW_MC,TIME_GIVEN_COVERAGE,DWB_L2,False,rms_high,2.085553902577132,2524,0.2524747525247475,1.0
MC_S1_DROP_TOP1_R0_L0_STAGE15_MATCHED,NEW_MC,TIME_GIVEN_COVERAGE,DWB_L2,False,persistent_relation_rms,0.5544115685707514,1909,0.190980901909809,0.954904509549045
MC_S1_DROP_TOP1_R0_L0_STAGE15_MATCHED,NEW_MC,TIME_GIVEN_COVERAGE,DWB_L3,True,component_share_birth,9.79834716919718,1464,0.1464853514648535,1.0
MC_S1_DROP_TOP1_R0_L0_STAGE15_MATCHED,NEW_MC,TIME_GIVEN_COVERAGE,DWB_L3,True,component_share_death,1.2976361183467129,4217,0.4217578242175782,1.0
MC_S1_DROP_TOP1_R0_L0_STAGE15_MATCHED,NEW_MC,TIME_GIVEN_COVERAGE,DWB_L3,True,component_share_increase,3.1187394381104987,1470,0.1470852914708529,1.0
MC_S1_DROP_TOP1_R0_L0_STAGE15_MATCHED,NEW_MC,TIME_GIVEN_COVERAGE,DWB_L3,True,support_share_low,15.363304617252965,955,0.0955904409559044,0.7647235276472353
MC_S1_DROP_TOP1_R0_L0_STAGE15_MATCHED,NEW_MC,TIME_GIVEN_COVERAGE,DWB_L3,True,support_share_medium,15.524030507159132,845,0.0845915408459154,0.7613238676132388
MC_S1_DROP_TOP1_R0_L0_STAGE15_MATCHED,NEW_MC,TIME_GIVEN_COVERAGE,DWB_L3,True,rms_low,0.5418401045110386,3825,0.3825617438256174,1.0
MC_S1_DROP_TOP1_R0_L0_STAGE15_MATCHED,NEW_MC,TIME_GIVEN_COVERAGE,DWB_L3,True,rms_medium,0.1439564961065009,6431,0.6431356864313569,1.0
MC_S1_DROP_TOP1_R0_L0_STAGE15_MATCHED,NEW_MC,TIME_GIVEN_COVERAGE,DWB_L3,True,rms_high,2.085553902577132,2589,0.258974102589741,1.0
MC_S1_DROP_TOP1_R0_L0_STAGE15_MATCHED,NEW_MC,TIME_GIVEN_COVERAGE,DWB_L3,True,persistent_relation_rms,0.5544115685707514,1958,0.1958804119588041,1.0
MC_S1_DROP_TOP1_R0_L0_STAGE15_MATCHED,NEW_MC,TIME_GIVEN_COVERAGE,DWB_L4,False,component_share_birth,9.79834716919718,1411,0.1411858814118588,0.9883011698830116
MC_S1_DROP_TOP1_R0_L0_STAGE15_MATCHED,NEW_MC,TIME_GIVEN_COVERAGE,DWB_L4,False,component_share_death,1.2976361183467129,4009,0.400959904009599,1.0
MC_S1_DROP_TOP1_R0_L0_STAGE15_MATCHED,NEW_MC,TIME_GIVEN_COVERAGE,DWB_L4,False,component_share_increase,3.1187394381104987,1503,0.1503849615038496,0.9883011698830116
MC_S1_DROP_TOP1_R0_L0_STAGE15_MATCHED,NEW_MC,TIME_GIVEN_COVERAGE,DWB_L4,False,support_share_low,15.363304617252965,978,0.0978902109789021,0.827917208279172
MC_S1_DROP_TOP1_R0_L0_STAGE15_MATCHED,NEW_MC,TIME_GIVEN_COVERAGE,DWB_L4,False,support_share_medium,15.524030507159132,919,0.091990800919908,0.827917208279172
MC_S1_DROP_TOP1_R0_L0_STAGE15_MATCHED,NEW_MC,TIME_GIVEN_COVERAGE,DWB_L4,False,rms_low,0.5418401045110386,3586,0.3586641335866413,1.0
MC_S1_DROP_TOP1_R0_L0_STAGE15_MATCHED,NEW_MC,TIME_GIVEN_COVERAGE,DWB_L4,False,rms_medium,0.1439564961065009,6307,0.6307369263073692,1.0
MC_S1_DROP_TOP1_R0_L0_STAGE15_MATCHED,NEW_MC,TIME_GIVEN_COVERAGE,DWB_L4,False,rms_high,2.085553902577132,2645,0.2645735426457354,1.0
MC_S1_DROP_TOP1_R0_L0_STAGE15_MATCHED,NEW_MC,TIME_GIVEN_COVERAGE,DWB_L4,False,persistent_relation_rms,0.5544115685707514,1974,0.1974802519748025,0.9883011698830116
MC_S1_DROP_TOP1_R0_L0_STAGE15_MATCHED,NEW_MC,COVERAGE_GIVEN_TIME,LEGACY_RADEMACHER,False,component_share_birth,0.0618219523738901,8695,0.8695130486951305,1.0
MC_S1_DROP_TOP1_R0_L0_STAGE15_MATCHED,NEW_MC,COVERAGE_GIVEN_TIME,LEGACY_RADEMACHER,False,component_share_death,0.5580590565325458,4129,0.412958704129587,1.0
MC_S1_DROP_TOP1_R0_L0_STAGE15_MATCHED,NEW_MC,COVERAGE_GIVEN_TIME,LEGACY_RADEMACHER,False,component_share_increase,4.035548915481968e-06,9996,0.9996000399960004,1.0
MC_S1_DROP_TOP1_R0_L0_STAGE15_MATCHED,NEW_MC,COVERAGE_GIVEN_TIME,LEGACY_RADEMACHER,False,support_share_low,1.5959978354544724,5765,0.5765423457654234,1.0
MC_S1_DROP_TOP1_R0_L0_STAGE15_MATCHED,NEW_MC,COVERAGE_GIVEN_TIME,LEGACY_RADEMACHER,False,support_share_medium,2.4655822741112843,4178,0.4178582141785821,1.0
MC_S1_DROP_TOP1_R0_L0_STAGE15_MATCHED,NEW_MC,COVERAGE_GIVEN_TIME,LEGACY_RADEMACHER,False,rms_low,3.41493744571153e-05,9964,0.9964003599640036,1.0
MC_S1_DROP_TOP1_R0_L0_STAGE15_MATCHED,NEW_MC,COVERAGE_GIVEN_TIME,LEGACY_RADEMACHER,False,rms_medium,0.0169237087446063,9278,0.9278072192780722,1.0
MC_S1_DROP_TOP1_R0_L0_STAGE15_MATCHED,NEW_MC,COVERAGE_GIVEN_TIME,LEGACY_RADEMACHER,False,rms_high,37.585017984399904,0,9.999000099990002e-05,0.0008999100089991
MC_S1_DROP_TOP1_R0_L0_STAGE15_MATCHED,NEW_MC,COVERAGE_GIVEN_TIME,LEGACY_RADEMACHER,False,persistent_relation_rms,0.5697110498920388,4371,0.4371562843715628,1.0
MC_S1_DROP_TOP1_R0_L0_STAGE15_MATCHED,NEW_MC,COVERAGE_GIVEN_TIME,GAUSSIAN_L1,False,component_share_birth,0.0618219523738901,8612,0.8612138786121388,1.0
MC_S1_DROP_TOP1_R0_L0_STAGE15_MATCHED,NEW_MC,COVERAGE_GIVEN_TIME,GAUSSIAN_L1,False,component_share_death,0.5580590565325458,3996,0.3996600339966003,1.0
MC_S1_DROP_TOP1_R0_L0_STAGE15_MATCHED,NEW_MC,COVERAGE_GIVEN_TIME,GAUSSIAN_L1,False,component_share_increase,4.035548915481968e-06,9981,0.998100189981002,1.0
MC_S1_DROP_TOP1_R0_L0_STAGE15_MATCHED,NEW_MC,COVERAGE_GIVEN_TIME,GAUSSIAN_L1,False,support_share_low,1.5959978354544724,4599,0.45995400459954,1.0
MC_S1_DROP_TOP1_R0_L0_STAGE15_MATCHED,NEW_MC,COVERAGE_GIVEN_TIME,GAUSSIAN_L1,False,support_share_medium,2.4655822741112843,3355,0.3355664433556644,1.0
MC_S1_DROP_TOP1_R0_L0_STAGE15_MATCHED,NEW_MC,COVERAGE_GIVEN_TIME,GAUSSIAN_L1,False,rms_low,3.41493744571153e-05,9958,0.9958004199580042,1.0
MC_S1_DROP_TOP1_R0_L0_STAGE15_MATCHED,NEW_MC,COVERAGE_GIVEN_TIME,GAUSSIAN_L1,False,rms_medium,0.0169237087446063,9151,0.9151084891510848,1.0
MC_S1_DROP_TOP1_R0_L0_STAGE15_MATCHED,NEW_MC,COVERAGE_GIVEN_TIME,GAUSSIAN_L1,False,rms_high,37.585017984399904,8,0.0008999100089991,0.0080991900809919
MC_S1_DROP_TOP1_R0_L0_STAGE15_MATCHED,NEW_MC,COVERAGE_GIVEN_TIME,GAUSSIAN_L1,False,persistent_relation_rms,0.5697110498920388,4192,0.4192580741925807,1.0
MC_S1_DROP_TOP1_R0_L0_STAGE15_MATCHED,NEW_MC,COVERAGE_GIVEN_TIME,DWB_L2,False,component_share_birth,0.0618219523738901,8551,0.8551144885511449,1.0
MC_S1_DROP_TOP1_R0_L0_STAGE15_MATCHED,NEW_MC,COVERAGE_GIVEN_TIME,DWB_L2,False,component_share_death,0.5580590565325458,4457,0.4457554244575542,1.0
MC_S1_DROP_TOP1_R0_L0_STAGE15_MATCHED,NEW_MC,COVERAGE_GIVEN_TIME,DWB_L2,False,component_share_increase,4.035548915481968e-06,9984,0.9984001599840016,1.0
MC_S1_DROP_TOP1_R0_L0_STAGE15_MATCHED,NEW_MC,COVERAGE_GIVEN_TIME,DWB_L2,False,support_share_low,1.5959978354544724,4698,0.4698530146985301,1.0
MC_S1_DROP_TOP1_R0_L0_STAGE15_MATCHED,NEW_MC,COVERAGE_GIVEN_TIME,DWB_L2,False,support_share_medium,2.4655822741112843,3562,0.3562643735626437,1.0
MC_S1_DROP_TOP1_R0_L0_STAGE15_MATCHED,NEW_MC,COVERAGE_GIVEN_TIME,DWB_L2,False,rms_low,3.41493744571153e-05,9971,0.9971002899710028,1.0
MC_S1_DROP_TOP1_R0_L0_STAGE15_MATCHED,NEW_MC,COVERAGE_GIVEN_TIME,DWB_L2,False,rms_medium,0.0169237087446063,9178,0.9178082191780822,1.0
MC_S1_DROP_TOP1_R0_L0_STAGE15_MATCHED,NEW_MC,COVERAGE_GIVEN_TIME,DWB_L2,False,rms_high,37.585017984399904,80,0.0080991900809919,0.0728927107289271
MC_S1_DROP_TOP1_R0_L0_STAGE15_MATCHED,NEW_MC,COVERAGE_GIVEN_TIME,DWB_L2,False,persistent_relation_rms,0.5697110498920388,4251,0.4251574842515748,1.0
MC_S1_DROP_TOP1_R0_L0_STAGE15_MATCHED,NEW_MC,COVERAGE_GIVEN_TIME,DWB_L3,True,component_share_birth,0.0618219523738901,8288,0.8288171182881712,1.0
MC_S1_DROP_TOP1_R0_L0_STAGE15_MATCHED,NEW_MC,COVERAGE_GIVEN_TIME,DWB_L3,True,component_share_death,0.5580590565325458,4493,0.4493550644935506,1.0
MC_S1_DROP_TOP1_R0_L0_STAGE15_MATCHED,NEW_MC,COVERAGE_GIVEN_TIME,DWB_L3,True,component_share_increase,4.035548915481968e-06,9983,0.9983001699830018,1.0
MC_S1_DROP_TOP1_R0_L0_STAGE15_MATCHED,NEW_MC,COVERAGE_GIVEN_TIME,DWB_L3,True,support_share_low,1.5959978354544724,4582,0.4582541745825417,1.0
MC_S1_DROP_TOP1_R0_L0_STAGE15_MATCHED,NEW_MC,COVERAGE_GIVEN_TIME,DWB_L3,True,support_share_medium,2.4655822741112843,3439,0.343965603439656,1.0
MC_S1_DROP_TOP1_R0_L0_STAGE15_MATCHED,NEW_MC,COVERAGE_GIVEN_TIME,DWB_L3,True,rms_low,3.41493744571153e-05,9955,0.9955004499550044,1.0
MC_S1_DROP_TOP1_R0_L0_STAGE15_MATCHED,NEW_MC,COVERAGE_GIVEN_TIME,DWB_L3,True,rms_medium,0.0169237087446063,9011,0.9011098890110988,1.0
MC_S1_DROP_TOP1_R0_L0_STAGE15_MATCHED,NEW_MC,COVERAGE_GIVEN_TIME,DWB_L3,True,rms_high,37.585017984399904,218,0.0218978102189781,0.1970802919708029
MC_S1_DROP_TOP1_R0_L0_STAGE15_MATCHED,NEW_MC,COVERAGE_GIVEN_TIME,DWB_L3,True,persistent_relation_rms,0.5697110498920388,3499,0.34996500349965,1.0
MC_S1_DROP_TOP1_R0_L0_STAGE15_MATCHED,NEW_MC,COVERAGE_GIVEN_TIME,DWB_L4,False,component_share_birth,0.0618219523738901,8010,0.801019898010199,1.0
MC_S1_DROP_TOP1_R0_L0_STAGE15_MATCHED,NEW_MC,COVERAGE_GIVEN_TIME,DWB_L4,False,component_share_death,0.5580590565325458,4079,0.407959204079592,1.0
MC_S1_DROP_TOP1_R0_L0_STAGE15_MATCHED,NEW_MC,COVERAGE_GIVEN_TIME,DWB_L4,False,component_share_increase,4.035548915481968e-06,9979,0.997900209979002,1.0
MC_S1_DROP_TOP1_R0_L0_STAGE15_MATCHED,NEW_MC,COVERAGE_GIVEN_TIME,DWB_L4,False,support_share_low,1.5959978354544724,4425,0.4425557444255574,1.0
MC_S1_DROP_TOP1_R0_L0_STAGE15_MATCHED,NEW_MC,COVERAGE_GIVEN_TIME,DWB_L4,False,support_share_medium,2.4655822741112843,3344,0.3344665533446655,1.0
MC_S1_DROP_TOP1_R0_L0_STAGE15_MATCHED,NEW_MC,COVERAGE_GIVEN_TIME,DWB_L4,False,rms_low,3.41493744571153e-05,9959,0.995900409959004,1.0
MC_S1_DROP_TOP1_R0_L0_STAGE15_MATCHED,NEW_MC,COVERAGE_GIVEN_TIME,DWB_L4,False,rms_medium,0.0169237087446063,8924,0.8924107589241076,1.0
MC_S1_DROP_TOP1_R0_L0_STAGE15_MATCHED,NEW_MC,COVERAGE_GIVEN_TIME,DWB_L4,False,rms_high,37.585017984399904,375,0.0375962403759624,0.3383661633836616
MC_S1_DROP_TOP1_R0_L0_STAGE15_MATCHED,NEW_MC,COVERAGE_GIVEN_TIME,DWB_L4,False,persistent_relation_rms,0.5697110498920388,3310,0.3310668933106689,1.0
MC_S1_DROP_TOP1_R0_L1_EXTENDED,NEW_MC,TIME_GIVEN_COVERAGE,LEGACY_RADEMACHER,False,component_share_birth,4.273879837877082,1454,0.1454854514548545,0.8729127087291271
MC_S1_DROP_TOP1_R0_L1_EXTENDED,NEW_MC,TIME_GIVEN_COVERAGE,LEGACY_RADEMACHER,False,component_share_death,0.4607820919712857,4226,0.4226577342265773,1.0
MC_S1_DROP_TOP1_R0_L1_EXTENDED,NEW_MC,TIME_GIVEN_COVERAGE,LEGACY_RADEMACHER,False,component_share_increase,9.445573059194604,554,0.0554944505549445,0.4031596840315968
MC_S1_DROP_TOP1_R0_L1_EXTENDED,NEW_MC,TIME_GIVEN_COVERAGE,LEGACY_RADEMACHER,False,support_share_low,11.706592980016914,503,0.0503949605039496,0.4031596840315968
MC_S1_DROP_TOP1_R0_L1_EXTENDED,NEW_MC,TIME_GIVEN_COVERAGE,LEGACY_RADEMACHER,False,support_share_medium,12.906826412667264,397,0.0397960203979602,0.3581641835816418
MC_S1_DROP_TOP1_R0_L1_EXTENDED,NEW_MC,TIME_GIVEN_COVERAGE,LEGACY_RADEMACHER,False,rms_low,0.0187349236702836,9056,0.9056094390560944,1.0
MC_S1_DROP_TOP1_R0_L1_EXTENDED,NEW_MC,TIME_GIVEN_COVERAGE,LEGACY_RADEMACHER,False,rms_medium,0.4259775519748743,4782,0.4782521747825217,1.0
MC_S1_DROP_TOP1_R0_L1_EXTENDED,NEW_MC,TIME_GIVEN_COVERAGE,LEGACY_RADEMACHER,False,rms_high,2.0526164307599686,1953,0.1953804619538046,0.9769023097690231
MC_S1_DROP_TOP1_R0_L1_EXTENDED,NEW_MC,TIME_GIVEN_COVERAGE,LEGACY_RADEMACHER,False,persistent_relation_rms,0.517097043696058,8917,0.8917108289171083,1.0
MC_S1_DROP_TOP1_R0_L1_EXTENDED,NEW_MC,TIME_GIVEN_COVERAGE,GAUSSIAN_L1,False,component_share_birth,4.273879837877082,1360,0.1360863913608639,0.8165183481651835
MC_S1_DROP_TOP1_R0_L1_EXTENDED,NEW_MC,TIME_GIVEN_COVERAGE,GAUSSIAN_L1,False,component_share_death,0.4607820919712857,3918,0.3918608139186081,1.0
MC_S1_DROP_TOP1_R0_L1_EXTENDED,NEW_MC,TIME_GIVEN_COVERAGE,GAUSSIAN_L1,False,component_share_increase,9.445573059194604,605,0.0605939406059394,0.4241575842415758
MC_S1_DROP_TOP1_R0_L1_EXTENDED,NEW_MC,TIME_GIVEN_COVERAGE,GAUSSIAN_L1,False,support_share_low,11.706592980016914,523,0.0523947605239476,0.4191580841915808
MC_S1_DROP_TOP1_R0_L1_EXTENDED,NEW_MC,TIME_GIVEN_COVERAGE,GAUSSIAN_L1,False,support_share_medium,12.906826412667264,430,0.0430956904309569,0.3878612138786121
MC_S1_DROP_TOP1_R0_L1_EXTENDED,NEW_MC,TIME_GIVEN_COVERAGE,GAUSSIAN_L1,False,rms_low,0.0187349236702836,8898,0.8898110188981102,1.0
MC_S1_DROP_TOP1_R0_L1_EXTENDED,NEW_MC,TIME_GIVEN_COVERAGE,GAUSSIAN_L1,False,rms_medium,0.4259775519748743,4604,0.4604539546045395,1.0
MC_S1_DROP_TOP1_R0_L1_EXTENDED,NEW_MC,TIME_GIVEN_COVERAGE,GAUSSIAN_L1,False,rms_high,2.0526164307599686,1899,0.18998100189981,0.94990500949905
MC_S1_DROP_TOP1_R0_L1_EXTENDED,NEW_MC,TIME_GIVEN_COVERAGE,GAUSSIAN_L1,False,persistent_relation_rms,0.517097043696058,6660,0.666033396660334,1.0
MC_S1_DROP_TOP1_R0_L1_EXTENDED,NEW_MC,TIME_GIVEN_COVERAGE,DWB_L2,False,component_share_birth,4.273879837877082,1638,0.1638836116388361,0.9833016698330166
MC_S1_DROP_TOP1_R0_L1_EXTENDED,NEW_MC,TIME_GIVEN_COVERAGE,DWB_L2,False,component_share_death,0.4607820919712857,4454,0.4454554544545545,1.0
MC_S1_DROP_TOP1_R0_L1_EXTENDED,NEW_MC,TIME_GIVEN_COVERAGE,DWB_L2,False,component_share_increase,9.445573059194604,872,0.0872912708729127,0.6983301669833016
MC_S1_DROP_TOP1_R0_L1_EXTENDED,NEW_MC,TIME_GIVEN_COVERAGE,DWB_L2,False,support_share_low,11.706592980016914,914,0.0914908509149085,0.6983301669833016
MC_S1_DROP_TOP1_R0_L1_EXTENDED,NEW_MC,TIME_GIVEN_COVERAGE,DWB_L2,False,support_share_medium,12.906826412667264,767,0.0767923207679232,0.6911308869113089
MC_S1_DROP_TOP1_R0_L1_EXTENDED,NEW_MC,TIME_GIVEN_COVERAGE,DWB_L2,False,rms_low,0.0187349236702836,8855,0.8855114488551145,1.0
MC_S1_DROP_TOP1_R0_L1_EXTENDED,NEW_MC,TIME_GIVEN_COVERAGE,DWB_L2,False,rms_medium,0.4259775519748743,4867,0.4867513248675132,1.0
MC_S1_DROP_TOP1_R0_L1_EXTENDED,NEW_MC,TIME_GIVEN_COVERAGE,DWB_L2,False,rms_high,2.0526164307599686,2046,0.2046795320467953,1.0
MC_S1_DROP_TOP1_R0_L1_EXTENDED,NEW_MC,TIME_GIVEN_COVERAGE,DWB_L2,False,persistent_relation_rms,0.517097043696058,6419,0.6419358064193581,1.0
MC_S1_DROP_TOP1_R0_L1_EXTENDED,NEW_MC,TIME_GIVEN_COVERAGE,DWB_L3,True,component_share_birth,4.273879837877082,1667,0.1667833216678332,1.0
MC_S1_DROP_TOP1_R0_L1_EXTENDED,NEW_MC,TIME_GIVEN_COVERAGE,DWB_L3,True,component_share_death,0.4607820919712857,4429,0.442955704429557,1.0
MC_S1_DROP_TOP1_R0_L1_EXTENDED,NEW_MC,TIME_GIVEN_COVERAGE,DWB_L3,True,component_share_increase,9.445573059194604,985,0.0985901409859014,0.863913608639136
MC_S1_DROP_TOP1_R0_L1_EXTENDED,NEW_MC,TIME_GIVEN_COVERAGE,DWB_L3,True,support_share_low,11.706592980016914,1078,0.1078892110788921,0.863913608639136
MC_S1_DROP_TOP1_R0_L1_EXTENDED,NEW_MC,TIME_GIVEN_COVERAGE,DWB_L3,True,support_share_medium,12.906826412667264,959,0.095990400959904,0.863913608639136
MC_S1_DROP_TOP1_R0_L1_EXTENDED,NEW_MC,TIME_GIVEN_COVERAGE,DWB_L3,True,rms_low,0.0187349236702836,8796,0.8796120387961204,1.0
MC_S1_DROP_TOP1_R0_L1_EXTENDED,NEW_MC,TIME_GIVEN_COVERAGE,DWB_L3,True,rms_medium,0.4259775519748743,4857,0.4857514248575142,1.0
MC_S1_DROP_TOP1_R0_L1_EXTENDED,NEW_MC,TIME_GIVEN_COVERAGE,DWB_L3,True,rms_high,2.0526164307599686,2055,0.2055794420557944,1.0
MC_S1_DROP_TOP1_R0_L1_EXTENDED,NEW_MC,TIME_GIVEN_COVERAGE,DWB_L3,True,persistent_relation_rms,0.517097043696058,6224,0.6224377562243776,1.0
MC_S1_DROP_TOP1_R0_L1_EXTENDED,NEW_MC,TIME_GIVEN_COVERAGE,DWB_L4,False,component_share_birth,4.273879837877082,1674,0.1674832516748325,1.0
MC_S1_DROP_TOP1_R0_L1_EXTENDED,NEW_MC,TIME_GIVEN_COVERAGE,DWB_L4,False,component_share_death,0.4607820919712857,4255,0.4255574442555744,1.0
MC_S1_DROP_TOP1_R0_L1_EXTENDED,NEW_MC,TIME_GIVEN_COVERAGE,DWB_L4,False,component_share_increase,9.445573059194604,1117,0.1117888211178882,1.0
MC_S1_DROP_TOP1_R0_L1_EXTENDED,NEW_MC,TIME_GIVEN_COVERAGE,DWB_L4,False,support_share_low,11.706592980016914,1181,0.1181881811818818,1.0
MC_S1_DROP_TOP1_R0_L1_EXTENDED,NEW_MC,TIME_GIVEN_COVERAGE,DWB_L4,False,support_share_medium,12.906826412667264,1115,0.1115888411158884,1.0
MC_S1_DROP_TOP1_R0_L1_EXTENDED,NEW_MC,TIME_GIVEN_COVERAGE,DWB_L4,False,rms_low,0.0187349236702836,8650,0.865013498650135,1.0
MC_S1_DROP_TOP1_R0_L1_EXTENDED,NEW_MC,TIME_GIVEN_COVERAGE,DWB_L4,False,rms_medium,0.4259775519748743,4939,0.493950604939506,1.0
MC_S1_DROP_TOP1_R0_L1_EXTENDED,NEW_MC,TIME_GIVEN_COVERAGE,DWB_L4,False,rms_high,2.0526164307599686,2188,0.2188781121887811,1.0
MC_S1_DROP_TOP1_R0_L1_EXTENDED,NEW_MC,TIME_GIVEN_COVERAGE,DWB_L4,False,persistent_relation_rms,0.517097043696058,5997,0.5997400259974003,1.0
MC_S1_DROP_TOP1_R0_L1_EXTENDED,NEW_MC,COVERAGE_GIVEN_TIME,LEGACY_RADEMACHER,False,component_share_birth,0.2856859119939443,7177,0.7177282271772822,1.0
MC_S1_DROP_TOP1_R0_L1_EXTENDED,NEW_MC,COVERAGE_GIVEN_TIME,LEGACY_RADEMACHER,False,component_share_death,0.5935356847954161,3154,0.3154684531546845,1.0
MC_S1_DROP_TOP1_R0_L1_EXTENDED,NEW_MC,COVERAGE_GIVEN_TIME,LEGACY_RADEMACHER,False,component_share_increase,0.2098730404591364,9226,0.9226077392260774,1.0
MC_S1_DROP_TOP1_R0_L1_EXTENDED,NEW_MC,COVERAGE_GIVEN_TIME,LEGACY_RADEMACHER,False,support_share_low,0.852273848944332,7401,0.7401259874012599,1.0
MC_S1_DROP_TOP1_R0_L1_EXTENDED,NEW_MC,COVERAGE_GIVEN_TIME,LEGACY_RADEMACHER,False,support_share_medium,1.566929852526897,5266,0.5266473352664733,1.0
MC_S1_DROP_TOP1_R0_L1_EXTENDED,NEW_MC,COVERAGE_GIVEN_TIME,LEGACY_RADEMACHER,False,rms_low,4.410359369162133,730,0.0730926907309269,0.5847415258474152
MC_S1_DROP_TOP1_R0_L1_EXTENDED,NEW_MC,COVERAGE_GIVEN_TIME,LEGACY_RADEMACHER,False,rms_medium,0.3295094479159957,7155,0.7155284471552845,1.0
MC_S1_DROP_TOP1_R0_L1_EXTENDED,NEW_MC,COVERAGE_GIVEN_TIME,LEGACY_RADEMACHER,False,rms_high,31.17264742280264,0,9.999000099990002e-05,0.0008999100089991
MC_S1_DROP_TOP1_R0_L1_EXTENDED,NEW_MC,COVERAGE_GIVEN_TIME,LEGACY_RADEMACHER,False,persistent_relation_rms,5.005274183390487,2902,0.2902709729027097,1.0
MC_S1_DROP_TOP1_R0_L1_EXTENDED,NEW_MC,COVERAGE_GIVEN_TIME,GAUSSIAN_L1,False,component_share_birth,0.2856859119939443,6953,0.6953304669533047,1.0
MC_S1_DROP_TOP1_R0_L1_EXTENDED,NEW_MC,COVERAGE_GIVEN_TIME,GAUSSIAN_L1,False,component_share_death,0.5935356847954161,3001,0.3001699830016998,1.0
MC_S1_DROP_TOP1_R0_L1_EXTENDED,NEW_MC,COVERAGE_GIVEN_TIME,GAUSSIAN_L1,False,component_share_increase,0.2098730404591364,7619,0.7619238076192381,1.0
MC_S1_DROP_TOP1_R0_L1_EXTENDED,NEW_MC,COVERAGE_GIVEN_TIME,GAUSSIAN_L1,False,support_share_low,0.852273848944332,5478,0.5478452154784521,1.0
MC_S1_DROP_TOP1_R0_L1_EXTENDED,NEW_MC,COVERAGE_GIVEN_TIME,GAUSSIAN_L1,False,support_share_medium,1.566929852526897,4019,0.401959804019598,1.0
MC_S1_DROP_TOP1_R0_L1_EXTENDED,NEW_MC,COVERAGE_GIVEN_TIME,GAUSSIAN_L1,False,rms_low,4.410359369162133,776,0.0776922307769223,0.6215378462153784
MC_S1_DROP_TOP1_R0_L1_EXTENDED,NEW_MC,COVERAGE_GIVEN_TIME,GAUSSIAN_L1,False,rms_medium,0.3295094479159957,6732,0.6732326767323268,1.0
MC_S1_DROP_TOP1_R0_L1_EXTENDED,NEW_MC,COVERAGE_GIVEN_TIME,GAUSSIAN_L1,False,rms_high,31.17264742280264,4,0.0004999500049995,0.0044995500449955
MC_S1_DROP_TOP1_R0_L1_EXTENDED,NEW_MC,COVERAGE_GIVEN_TIME,GAUSSIAN_L1,False,persistent_relation_rms,5.005274183390487,2417,0.2417758224177582,1.0
MC_S1_DROP_TOP1_R0_L1_EXTENDED,NEW_MC,COVERAGE_GIVEN_TIME,DWB_L2,False,component_share_birth,0.2856859119939443,6496,0.6496350364963503,1.0
MC_S1_DROP_TOP1_R0_L1_EXTENDED,NEW_MC,COVERAGE_GIVEN_TIME,DWB_L2,False,component_share_death,0.5935356847954161,2775,0.2775722427757224,1.0
MC_S1_DROP_TOP1_R0_L1_EXTENDED,NEW_MC,COVERAGE_GIVEN_TIME,DWB_L2,False,component_share_increase,0.2098730404591364,7640,0.764023597640236,1.0
MC_S1_DROP_TOP1_R0_L1_EXTENDED,NEW_MC,COVERAGE_GIVEN_TIME,DWB_L2,False,support_share_low,0.852273848944332,5436,0.5436456354364564,1.0
MC_S1_DROP_TOP1_R0_L1_EXTENDED,NEW_MC,COVERAGE_GIVEN_TIME,DWB_L2,False,support_share_medium,1.566929852526897,4103,0.4103589641035896,1.0
MC_S1_DROP_TOP1_R0_L1_EXTENDED,NEW_MC,COVERAGE_GIVEN_TIME,DWB_L2,False,rms_low,4.410359369162133,1039,0.103989601039896,0.831916808319168
MC_S1_DROP_TOP1_R0_L1_EXTENDED,NEW_MC,COVERAGE_GIVEN_TIME,DWB_L2,False,rms_medium,0.3295094479159957,6965,0.6965303469653035,1.0
MC_S1_DROP_TOP1_R0_L1_EXTENDED,NEW_MC,COVERAGE_GIVEN_TIME,DWB_L2,False,rms_high,31.17264742280264,82,0.0082991700829917,0.0746925307469253
MC_S1_DROP_TOP1_R0_L1_EXTENDED,NEW_MC,COVERAGE_GIVEN_TIME,DWB_L2,False,persistent_relation_rms,5.005274183390487,2453,0.2453754624537546,1.0
MC_S1_DROP_TOP1_R0_L1_EXTENDED,NEW_MC,COVERAGE_GIVEN_TIME,DWB_L3,True,component_share_birth,0.2856859119939443,6395,0.6395360463953604,1.0
MC_S1_DROP_TOP1_R0_L1_EXTENDED,NEW_MC,COVERAGE_GIVEN_TIME,DWB_L3,True,component_share_death,0.5935356847954161,2940,0.2940705929407059,1.0
MC_S1_DROP_TOP1_R0_L1_EXTENDED,NEW_MC,COVERAGE_GIVEN_TIME,DWB_L3,True,component_share_increase,0.2098730404591364,7490,0.7490250974902509,1.0
MC_S1_DROP_TOP1_R0_L1_EXTENDED,NEW_MC,COVERAGE_GIVEN_TIME,DWB_L3,True,support_share_low,0.852273848944332,5379,0.537946205379462,1.0
MC_S1_DROP_TOP1_R0_L1_EXTENDED,NEW_MC,COVERAGE_GIVEN_TIME,DWB_L3,True,support_share_medium,1.566929852526897,4039,0.403959604039596,1.0
MC_S1_DROP_TOP1_R0_L1_EXTENDED,NEW_MC,COVERAGE_GIVEN_TIME,DWB_L3,True,rms_low,4.410359369162133,1275,0.1275872412758724,1.0
MC_S1_DROP_TOP1_R0_L1_EXTENDED,NEW_MC,COVERAGE_GIVEN_TIME,DWB_L3,True,rms_medium,0.3295094479159957,6623,0.6623337666233376,1.0
MC_S1_DROP_TOP1_R0_L1_EXTENDED,NEW_MC,COVERAGE_GIVEN_TIME,DWB_L3,True,rms_high,31.17264742280264,219,0.021997800219978,0.197980201979802
MC_S1_DROP_TOP1_R0_L1_EXTENDED,NEW_MC,COVERAGE_GIVEN_TIME,DWB_L3,True,persistent_relation_rms,5.005274183390487,2114,0.2114788521147885,1.0
MC_S1_DROP_TOP1_R0_L1_EXTENDED,NEW_MC,COVERAGE_GIVEN_TIME,DWB_L4,False,component_share_birth,0.2856859119939443,5906,0.5906409359064093,1.0
MC_S1_DROP_TOP1_R0_L1_EXTENDED,NEW_MC,COVERAGE_GIVEN_TIME,DWB_L4,False,component_share_death,0.5935356847954161,2617,0.2617738226177382,1.0
MC_S1_DROP_TOP1_R0_L1_EXTENDED,NEW_MC,COVERAGE_GIVEN_TIME,DWB_L4,False,component_share_increase,0.2098730404591364,7495,0.7495250474952505,1.0
MC_S1_DROP_TOP1_R0_L1_EXTENDED,NEW_MC,COVERAGE_GIVEN_TIME,DWB_L4,False,support_share_low,0.852273848944332,5332,0.5332466753324667,1.0
MC_S1_DROP_TOP1_R0_L1_EXTENDED,NEW_MC,COVERAGE_GIVEN_TIME,DWB_L4,False,support_share_medium,1.566929852526897,4112,0.4112588741125887,1.0
MC_S1_DROP_TOP1_R0_L1_EXTENDED,NEW_MC,COVERAGE_GIVEN_TIME,DWB_L4,False,rms_low,4.410359369162133,1363,0.1363863613638636,1.0
MC_S1_DROP_TOP1_R0_L1_EXTENDED,NEW_MC,COVERAGE_GIVEN_TIME,DWB_L4,False,rms_medium,0.3295094479159957,6484,0.6484351564843516,1.0
MC_S1_DROP_TOP1_R0_L1_EXTENDED,NEW_MC,COVERAGE_GIVEN_TIME,DWB_L4,False,rms_high,31.17264742280264,407,0.0407959204079592,0.3671632836716328
MC_S1_DROP_TOP1_R0_L1_EXTENDED,NEW_MC,COVERAGE_GIVEN_TIME,DWB_L4,False,persistent_relation_rms,5.005274183390487,1792,0.1792820717928207,1.0
MC_S1_DROP_TOP1_R0_L2_HIGH,NEW_MC,TIME_GIVEN_COVERAGE,LEGACY_RADEMACHER,False,component_share_birth,4.894307707426066,1183,0.1183881611838816,0.7103289671032896
MC_S1_DROP_TOP1_R0_L2_HIGH,NEW_MC,TIME_GIVEN_COVERAGE,LEGACY_RADEMACHER,False,component_share_death,0.615603998550176,3843,0.3843615638436156,1.0
MC_S1_DROP_TOP1_R0_L2_HIGH,NEW_MC,TIME_GIVEN_COVERAGE,LEGACY_RADEMACHER,False,component_share_increase,18.308931233525364,403,0.0403959604039596,0.3392660733926607
MC_S1_DROP_TOP1_R0_L2_HIGH,NEW_MC,TIME_GIVEN_COVERAGE,LEGACY_RADEMACHER,False,support_share_low,13.958491186446388,508,0.0508949105089491,0.3562643735626437
MC_S1_DROP_TOP1_R0_L2_HIGH,NEW_MC,TIME_GIVEN_COVERAGE,LEGACY_RADEMACHER,False,support_share_medium,17.431653282441644,376,0.0376962303769623,0.3392660733926607
MC_S1_DROP_TOP1_R0_L2_HIGH,NEW_MC,TIME_GIVEN_COVERAGE,LEGACY_RADEMACHER,False,rms_low,0.2050630045639838,6300,0.6300369963003699,1.0
MC_S1_DROP_TOP1_R0_L2_HIGH,NEW_MC,TIME_GIVEN_COVERAGE,LEGACY_RADEMACHER,False,rms_medium,0.2460080390992658,5760,0.5760423957604239,1.0
MC_S1_DROP_TOP1_R0_L2_HIGH,NEW_MC,TIME_GIVEN_COVERAGE,LEGACY_RADEMACHER,False,rms_high,1.6167819180745262,2030,0.2030796920307969,1.0
MC_S1_DROP_TOP1_R0_L2_HIGH,NEW_MC,TIME_GIVEN_COVERAGE,LEGACY_RADEMACHER,False,persistent_relation_rms,0.6237041026298336,3545,0.3545645435456454,1.0
MC_S1_DROP_TOP1_R0_L2_HIGH,NEW_MC,TIME_GIVEN_COVERAGE,GAUSSIAN_L1,False,component_share_birth,4.894307707426066,1094,0.1094890510948905,0.6569343065693432
MC_S1_DROP_TOP1_R0_L2_HIGH,NEW_MC,TIME_GIVEN_COVERAGE,GAUSSIAN_L1,False,component_share_death,0.615603998550176,3572,0.3572642735726427,1.0
MC_S1_DROP_TOP1_R0_L2_HIGH,NEW_MC,TIME_GIVEN_COVERAGE,GAUSSIAN_L1,False,component_share_increase,18.308931233525364,466,0.0466953304669533,0.4058594140585941
MC_S1_DROP_TOP1_R0_L2_HIGH,NEW_MC,TIME_GIVEN_COVERAGE,GAUSSIAN_L1,False,support_share_low,13.958491186446388,550,0.0550944905509449,0.4058594140585941
MC_S1_DROP_TOP1_R0_L2_HIGH,NEW_MC,TIME_GIVEN_COVERAGE,GAUSSIAN_L1,False,support_share_medium,17.431653282441644,450,0.0450954904509549,0.4058594140585941
MC_S1_DROP_TOP1_R0_L2_HIGH,NEW_MC,TIME_GIVEN_COVERAGE,GAUSSIAN_L1,False,rms_low,0.2050630045639838,5783,0.5783421657834217,1.0
MC_S1_DROP_TOP1_R0_L2_HIGH,NEW_MC,TIME_GIVEN_COVERAGE,GAUSSIAN_L1,False,rms_medium,0.2460080390992658,5624,0.5624437556244376,1.0
MC_S1_DROP_TOP1_R0_L2_HIGH,NEW_MC,TIME_GIVEN_COVERAGE,GAUSSIAN_L1,False,rms_high,1.6167819180745262,1866,0.1866813318668133,0.9334066593340666
MC_S1_DROP_TOP1_R0_L2_HIGH,NEW_MC,TIME_GIVEN_COVERAGE,GAUSSIAN_L1,False,persistent_relation_rms,0.6237041026298336,3461,0.3461653834616538,1.0
MC_S1_DROP_TOP1_R0_L2_HIGH,NEW_MC,TIME_GIVEN_COVERAGE,DWB_L2,False,component_share_birth,4.894307707426066,1513,0.1513848615138486,0.9083091690830916
MC_S1_DROP_TOP1_R0_L2_HIGH,NEW_MC,TIME_GIVEN_COVERAGE,DWB_L2,False,component_share_death,0.615603998550176,4257,0.4257574242575742,1.0
MC_S1_DROP_TOP1_R0_L2_HIGH,NEW_MC,TIME_GIVEN_COVERAGE,DWB_L2,False,component_share_increase,18.308931233525364,752,0.0752924707529247,0.6776322367763223
MC_S1_DROP_TOP1_R0_L2_HIGH,NEW_MC,TIME_GIVEN_COVERAGE,DWB_L2,False,support_share_low,13.958491186446388,941,0.0941905809419058,0.6776322367763223
MC_S1_DROP_TOP1_R0_L2_HIGH,NEW_MC,TIME_GIVEN_COVERAGE,DWB_L2,False,support_share_medium,17.431653282441644,777,0.0777922207779222,0.6776322367763223
MC_S1_DROP_TOP1_R0_L2_HIGH,NEW_MC,TIME_GIVEN_COVERAGE,DWB_L2,False,rms_low,0.2050630045639838,6016,0.6016398360163984,1.0
MC_S1_DROP_TOP1_R0_L2_HIGH,NEW_MC,TIME_GIVEN_COVERAGE,DWB_L2,False,rms_medium,0.2460080390992658,5817,0.5817418258174183,1.0
MC_S1_DROP_TOP1_R0_L2_HIGH,NEW_MC,TIME_GIVEN_COVERAGE,DWB_L2,False,rms_high,1.6167819180745262,2014,0.2014798520147985,1.0
MC_S1_DROP_TOP1_R0_L2_HIGH,NEW_MC,TIME_GIVEN_COVERAGE,DWB_L2,False,persistent_relation_rms,0.6237041026298336,3174,0.3174682531746825,1.0
MC_S1_DROP_TOP1_R0_L2_HIGH,NEW_MC,TIME_GIVEN_COVERAGE,DWB_L3,True,component_share_birth,4.894307707426066,1594,0.1594840515948405,0.9569043095690432
MC_S1_DROP_TOP1_R0_L2_HIGH,NEW_MC,TIME_GIVEN_COVERAGE,DWB_L3,True,component_share_death,0.615603998550176,4352,0.4352564743525647,1.0
MC_S1_DROP_TOP1_R0_L2_HIGH,NEW_MC,TIME_GIVEN_COVERAGE,DWB_L3,True,component_share_increase,18.308931233525364,937,0.0937906209379062,0.844115588441156
MC_S1_DROP_TOP1_R0_L2_HIGH,NEW_MC,TIME_GIVEN_COVERAGE,DWB_L3,True,support_share_low,13.958491186446388,1138,0.1138886111388861,0.844115588441156
MC_S1_DROP_TOP1_R0_L2_HIGH,NEW_MC,TIME_GIVEN_COVERAGE,DWB_L3,True,support_share_medium,17.431653282441644,1004,0.1004899510048995,0.844115588441156
MC_S1_DROP_TOP1_R0_L2_HIGH,NEW_MC,TIME_GIVEN_COVERAGE,DWB_L3,True,rms_low,0.2050630045639838,5727,0.5727427257274272,1.0
MC_S1_DROP_TOP1_R0_L2_HIGH,NEW_MC,TIME_GIVEN_COVERAGE,DWB_L3,True,rms_medium,0.2460080390992658,5712,0.5712428757124287,1.0
MC_S1_DROP_TOP1_R0_L2_HIGH,NEW_MC,TIME_GIVEN_COVERAGE,DWB_L3,True,rms_high,1.6167819180745262,2156,0.2156784321567843,1.0
MC_S1_DROP_TOP1_R0_L2_HIGH,NEW_MC,TIME_GIVEN_COVERAGE,DWB_L3,True,persistent_relation_rms,0.6237041026298336,3115,0.3115688431156884,1.0
MC_S1_DROP_TOP1_R0_L2_HIGH,NEW_MC,TIME_GIVEN_COVERAGE,DWB_L4,False,component_share_birth,4.894307707426066,1558,0.1558844115588441,0.98000199980002
MC_S1_DROP_TOP1_R0_L2_HIGH,NEW_MC,TIME_GIVEN_COVERAGE,DWB_L4,False,component_share_death,0.615603998550176,4278,0.4278572142785721,1.0
MC_S1_DROP_TOP1_R0_L2_HIGH,NEW_MC,TIME_GIVEN_COVERAGE,DWB_L4,False,component_share_increase,18.308931233525364,1088,0.1088891110888911,0.98000199980002
MC_S1_DROP_TOP1_R0_L2_HIGH,NEW_MC,TIME_GIVEN_COVERAGE,DWB_L4,False,support_share_low,13.958491186446388,1237,0.1237876212378762,0.98000199980002
MC_S1_DROP_TOP1_R0_L2_HIGH,NEW_MC,TIME_GIVEN_COVERAGE,DWB_L4,False,support_share_medium,17.431653282441644,1128,0.1128887111288871,0.98000199980002
MC_S1_DROP_TOP1_R0_L2_HIGH,NEW_MC,TIME_GIVEN_COVERAGE,DWB_L4,False,rms_low,0.2050630045639838,5290,0.529047095290471,1.0
MC_S1_DROP_TOP1_R0_L2_HIGH,NEW_MC,TIME_GIVEN_COVERAGE,DWB_L4,False,rms_medium,0.2460080390992658,5799,0.57994200579942,1.0
MC_S1_DROP_TOP1_R0_L2_HIGH,NEW_MC,TIME_GIVEN_COVERAGE,DWB_L4,False,rms_high,1.6167819180745262,2190,0.2190780921907809,1.0
MC_S1_DROP_TOP1_R0_L2_HIGH,NEW_MC,TIME_GIVEN_COVERAGE,DWB_L4,False,persistent_relation_rms,0.6237041026298336,2807,0.2807719228077192,1.0
MC_S1_DROP_TOP1_R0_L2_HIGH,NEW_MC,COVERAGE_GIVEN_TIME,LEGACY_RADEMACHER,False,component_share_birth,0.0256205419513548,9143,0.9143085691430856,1.0
MC_S1_DROP_TOP1_R0_L2_HIGH,NEW_MC,COVERAGE_GIVEN_TIME,LEGACY_RADEMACHER,False,component_share_death,0.2789529453310297,5430,0.543045695430457,1.0
MC_S1_DROP_TOP1_R0_L2_HIGH,NEW_MC,COVERAGE_GIVEN_TIME,LEGACY_RADEMACHER,False,component_share_increase,0.88397437167243,8319,0.831916808319168,1.0
MC_S1_DROP_TOP1_R0_L2_HIGH,NEW_MC,COVERAGE_GIVEN_TIME,LEGACY_RADEMACHER,False,support_share_low,0.9696876191095284,7695,0.7695230476952305,1.0
MC_S1_DROP_TOP1_R0_L2_HIGH,NEW_MC,COVERAGE_GIVEN_TIME,LEGACY_RADEMACHER,False,support_share_medium,2.0629551738197165,5561,0.5561443855614439,1.0
MC_S1_DROP_TOP1_R0_L2_HIGH,NEW_MC,COVERAGE_GIVEN_TIME,LEGACY_RADEMACHER,False,rms_low,3.028367831326282,375,0.0375962403759624,0.3007699230076992
MC_S1_DROP_TOP1_R0_L2_HIGH,NEW_MC,COVERAGE_GIVEN_TIME,LEGACY_RADEMACHER,False,rms_medium,0.0901967131303358,8459,0.8459154084591541,1.0
MC_S1_DROP_TOP1_R0_L2_HIGH,NEW_MC,COVERAGE_GIVEN_TIME,LEGACY_RADEMACHER,False,rms_high,25.105616175536657,0,9.999000099990002e-05,0.0008999100089991
MC_S1_DROP_TOP1_R0_L2_HIGH,NEW_MC,COVERAGE_GIVEN_TIME,LEGACY_RADEMACHER,False,persistent_relation_rms,1.9697544032288332,3271,0.3271672832716728,1.0
MC_S1_DROP_TOP1_R0_L2_HIGH,NEW_MC,COVERAGE_GIVEN_TIME,GAUSSIAN_L1,False,component_share_birth,0.0256205419513548,9091,0.9091090890910908,1.0
MC_S1_DROP_TOP1_R0_L2_HIGH,NEW_MC,COVERAGE_GIVEN_TIME,GAUSSIAN_L1,False,component_share_death,0.2789529453310297,5142,0.5142485751424858,1.0
MC_S1_DROP_TOP1_R0_L2_HIGH,NEW_MC,COVERAGE_GIVEN_TIME,GAUSSIAN_L1,False,component_share_increase,0.88397437167243,6348,0.6348365163483651,1.0
MC_S1_DROP_TOP1_R0_L2_HIGH,NEW_MC,COVERAGE_GIVEN_TIME,GAUSSIAN_L1,False,support_share_low,0.9696876191095284,5626,0.5626437356264373,1.0
MC_S1_DROP_TOP1_R0_L2_HIGH,NEW_MC,COVERAGE_GIVEN_TIME,GAUSSIAN_L1,False,support_share_medium,2.0629551738197165,4256,0.4256574342565743,1.0
MC_S1_DROP_TOP1_R0_L2_HIGH,NEW_MC,COVERAGE_GIVEN_TIME,GAUSSIAN_L1,False,rms_low,3.028367831326282,374,0.0374962503749625,0.2999700029997
MC_S1_DROP_TOP1_R0_L2_HIGH,NEW_MC,COVERAGE_GIVEN_TIME,GAUSSIAN_L1,False,rms_medium,0.0901967131303358,8292,0.8292170782921707,1.0
MC_S1_DROP_TOP1_R0_L2_HIGH,NEW_MC,COVERAGE_GIVEN_TIME,GAUSSIAN_L1,False,rms_high,25.105616175536657,4,0.0004999500049995,0.0044995500449955
MC_S1_DROP_TOP1_R0_L2_HIGH,NEW_MC,COVERAGE_GIVEN_TIME,GAUSSIAN_L1,False,persistent_relation_rms,1.9697544032288332,3089,0.308969103089691,1.0
MC_S1_DROP_TOP1_R0_L2_HIGH,NEW_MC,COVERAGE_GIVEN_TIME,DWB_L2,False,component_share_birth,0.0256205419513548,9061,0.9061093890610938,1.0
MC_S1_DROP_TOP1_R0_L2_HIGH,NEW_MC,COVERAGE_GIVEN_TIME,DWB_L2,False,component_share_death,0.2789529453310297,5359,0.535946405359464,1.0
MC_S1_DROP_TOP1_R0_L2_HIGH,NEW_MC,COVERAGE_GIVEN_TIME,DWB_L2,False,component_share_increase,0.88397437167243,6320,0.6320367963203679,1.0
MC_S1_DROP_TOP1_R0_L2_HIGH,NEW_MC,COVERAGE_GIVEN_TIME,DWB_L2,False,support_share_low,0.9696876191095284,5592,0.5592440755924407,1.0
MC_S1_DROP_TOP1_R0_L2_HIGH,NEW_MC,COVERAGE_GIVEN_TIME,DWB_L2,False,support_share_medium,2.0629551738197165,4229,0.422957704229577,1.0
MC_S1_DROP_TOP1_R0_L2_HIGH,NEW_MC,COVERAGE_GIVEN_TIME,DWB_L2,False,rms_low,3.028367831326282,884,0.0884911508849115,0.7079292070792921
MC_S1_DROP_TOP1_R0_L2_HIGH,NEW_MC,COVERAGE_GIVEN_TIME,DWB_L2,False,rms_medium,0.0901967131303358,8280,0.828017198280172,1.0
MC_S1_DROP_TOP1_R0_L2_HIGH,NEW_MC,COVERAGE_GIVEN_TIME,DWB_L2,False,rms_high,25.105616175536657,91,0.0091990800919908,0.0827917208279172
MC_S1_DROP_TOP1_R0_L2_HIGH,NEW_MC,COVERAGE_GIVEN_TIME,DWB_L2,False,persistent_relation_rms,1.9697544032288332,2990,0.2990700929907009,1.0
MC_S1_DROP_TOP1_R0_L2_HIGH,NEW_MC,COVERAGE_GIVEN_TIME,DWB_L3,True,component_share_birth,0.0256205419513548,8955,0.8955104489551045,1.0
MC_S1_DROP_TOP1_R0_L2_HIGH,NEW_MC,COVERAGE_GIVEN_TIME,DWB_L3,True,component_share_death,0.2789529453310297,5092,0.5092490750924907,1.0
MC_S1_DROP_TOP1_R0_L2_HIGH,NEW_MC,COVERAGE_GIVEN_TIME,DWB_L3,True,component_share_increase,0.88397437167243,6285,0.6285371462853715,1.0
MC_S1_DROP_TOP1_R0_L2_HIGH,NEW_MC,COVERAGE_GIVEN_TIME,DWB_L3,True,support_share_low,0.9696876191095284,5485,0.5485451454854514,1.0
MC_S1_DROP_TOP1_R0_L2_HIGH,NEW_MC,COVERAGE_GIVEN_TIME,DWB_L3,True,support_share_medium,2.0629551738197165,4148,0.4148585141485851,1.0
MC_S1_DROP_TOP1_R0_L2_HIGH,NEW_MC,COVERAGE_GIVEN_TIME,DWB_L3,True,rms_low,3.028367831326282,1053,0.1053894610538946,0.8431156884311569
MC_S1_DROP_TOP1_R0_L2_HIGH,NEW_MC,COVERAGE_GIVEN_TIME,DWB_L3,True,rms_medium,0.0901967131303358,8046,0.8046195380461953,1.0
MC_S1_DROP_TOP1_R0_L2_HIGH,NEW_MC,COVERAGE_GIVEN_TIME,DWB_L3,True,rms_high,25.105616175536657,197,0.0197980201979802,0.1781821817818218
MC_S1_DROP_TOP1_R0_L2_HIGH,NEW_MC,COVERAGE_GIVEN_TIME,DWB_L3,True,persistent_relation_rms,1.9697544032288332,2498,0.2498750124987501,1.0
MC_S1_DROP_TOP1_R0_L2_HIGH,NEW_MC,COVERAGE_GIVEN_TIME,DWB_L4,False,component_share_birth,0.0256205419513548,8794,0.8794120587941205,1.0
MC_S1_DROP_TOP1_R0_L2_HIGH,NEW_MC,COVERAGE_GIVEN_TIME,DWB_L4,False,component_share_death,0.2789529453310297,4802,0.4802519748025197,1.0
MC_S1_DROP_TOP1_R0_L2_HIGH,NEW_MC,COVERAGE_GIVEN_TIME,DWB_L4,False,component_share_increase,0.88397437167243,6282,0.6282371762823717,1.0
MC_S1_DROP_TOP1_R0_L2_HIGH,NEW_MC,COVERAGE_GIVEN_TIME,DWB_L4,False,support_share_low,0.9696876191095284,5492,0.5492450754924507,1.0
MC_S1_DROP_TOP1_R0_L2_HIGH,NEW_MC,COVERAGE_GIVEN_TIME,DWB_L4,False,support_share_medium,2.0629551738197165,4157,0.4157584241575842,1.0
MC_S1_DROP_TOP1_R0_L2_HIGH,NEW_MC,COVERAGE_GIVEN_TIME,DWB_L4,False,rms_low,3.028367831326282,1253,0.1253874612538746,1.0
MC_S1_DROP_TOP1_R0_L2_HIGH,NEW_MC,COVERAGE_GIVEN_TIME,DWB_L4,False,rms_medium,0.0901967131303358,7834,0.7834216578342166,1.0
MC_S1_DROP_TOP1_R0_L2_HIGH,NEW_MC,COVERAGE_GIVEN_TIME,DWB_L4,False,rms_high,25.105616175536657,389,0.038996100389961,0.350964903509649
MC_S1_DROP_TOP1_R0_L2_HIGH,NEW_MC,COVERAGE_GIVEN_TIME,DWB_L4,False,persistent_relation_rms,1.9697544032288332,2056,0.2056794320567943,1.0
MC_S1_DROP_TOP1_R1_L0_STAGE15_MATCHED,NEW_MC,TIME_GIVEN_COVERAGE,LEGACY_RADEMACHER,False,component_share_birth,9.846521870941991,592,0.0592940705929407,0.4150584941505849
MC_S1_DROP_TOP1_R1_L0_STAGE15_MATCHED,NEW_MC,TIME_GIVEN_COVERAGE,LEGACY_RADEMACHER,False,component_share_death,1.2269959911859338,3511,0.3511648835116488,1.0
MC_S1_DROP_TOP1_R1_L0_STAGE15_MATCHED,NEW_MC,TIME_GIVEN_COVERAGE,LEGACY_RADEMACHER,False,component_share_increase,3.19478337915333,1107,0.1107889211078892,0.6647335266473353
MC_S1_DROP_TOP1_R1_L0_STAGE15_MATCHED,NEW_MC,TIME_GIVEN_COVERAGE,LEGACY_RADEMACHER,False,support_share_low,16.469112777620445,360,0.0360963903609639,0.2887711228877112
MC_S1_DROP_TOP1_R1_L0_STAGE15_MATCHED,NEW_MC,TIME_GIVEN_COVERAGE,LEGACY_RADEMACHER,False,support_share_medium,15.62985279238914,266,0.0266973302669733,0.2402759724027597
MC_S1_DROP_TOP1_R1_L0_STAGE15_MATCHED,NEW_MC,TIME_GIVEN_COVERAGE,LEGACY_RADEMACHER,False,rms_low,0.5654687249412831,4231,0.4231576842315768,1.0
MC_S1_DROP_TOP1_R1_L0_STAGE15_MATCHED,NEW_MC,TIME_GIVEN_COVERAGE,LEGACY_RADEMACHER,False,rms_medium,0.2999112351556228,5422,0.5422457754224578,1.0
MC_S1_DROP_TOP1_R1_L0_STAGE15_MATCHED,NEW_MC,TIME_GIVEN_COVERAGE,LEGACY_RADEMACHER,False,rms_high,1.9224107139767668,1953,0.1953804619538046,0.7929207079292071
MC_S1_DROP_TOP1_R1_L0_STAGE15_MATCHED,NEW_MC,TIME_GIVEN_COVERAGE,LEGACY_RADEMACHER,False,persistent_relation_rms,0.6535576082983727,1585,0.1585841415858414,0.7929207079292071
MC_S1_DROP_TOP1_R1_L0_STAGE15_MATCHED,NEW_MC,TIME_GIVEN_COVERAGE,GAUSSIAN_L1,False,component_share_birth,9.846521870941991,667,0.0667933206679332,0.4675532446755325
MC_S1_DROP_TOP1_R1_L0_STAGE15_MATCHED,NEW_MC,TIME_GIVEN_COVERAGE,GAUSSIAN_L1,False,component_share_death,1.2269959911859338,3180,0.3180681931806819,0.9542045795420456
MC_S1_DROP_TOP1_R1_L0_STAGE15_MATCHED,NEW_MC,TIME_GIVEN_COVERAGE,GAUSSIAN_L1,False,component_share_increase,3.19478337915333,1067,0.1067893210678932,0.6407359264073593
MC_S1_DROP_TOP1_R1_L0_STAGE15_MATCHED,NEW_MC,TIME_GIVEN_COVERAGE,GAUSSIAN_L1,False,support_share_low,16.469112777620445,386,0.0386961303869613,0.3095690430956904
MC_S1_DROP_TOP1_R1_L0_STAGE15_MATCHED,NEW_MC,TIME_GIVEN_COVERAGE,GAUSSIAN_L1,False,support_share_medium,15.62985279238914,301,0.0301969803019698,0.2717728227177282
MC_S1_DROP_TOP1_R1_L0_STAGE15_MATCHED,NEW_MC,TIME_GIVEN_COVERAGE,GAUSSIAN_L1,False,rms_low,0.5654687249412831,3905,0.3905609439056094,0.9542045795420456
MC_S1_DROP_TOP1_R1_L0_STAGE15_MATCHED,NEW_MC,TIME_GIVEN_COVERAGE,GAUSSIAN_L1,False,rms_medium,0.2999112351556228,5201,0.5201479852014799,0.9542045795420456
MC_S1_DROP_TOP1_R1_L0_STAGE15_MATCHED,NEW_MC,TIME_GIVEN_COVERAGE,GAUSSIAN_L1,False,rms_high,1.9224107139767668,1814,0.1814818518148185,0.73992600739926
MC_S1_DROP_TOP1_R1_L0_STAGE15_MATCHED,NEW_MC,TIME_GIVEN_COVERAGE,GAUSSIAN_L1,False,persistent_relation_rms,0.6535576082983727,1479,0.147985201479852,0.73992600739926
MC_S1_DROP_TOP1_R1_L0_STAGE15_MATCHED,NEW_MC,TIME_GIVEN_COVERAGE,DWB_L2,False,component_share_birth,9.846521870941991,1121,0.1121887811218878,0.7853214678532147
MC_S1_DROP_TOP1_R1_L0_STAGE15_MATCHED,NEW_MC,TIME_GIVEN_COVERAGE,DWB_L2,False,component_share_death,1.2269959911859338,3983,0.3983601639836016,1.0
MC_S1_DROP_TOP1_R1_L0_STAGE15_MATCHED,NEW_MC,TIME_GIVEN_COVERAGE,DWB_L2,False,component_share_increase,3.19478337915333,1414,0.1414858514148585,0.8489151084891511
MC_S1_DROP_TOP1_R1_L0_STAGE15_MATCHED,NEW_MC,TIME_GIVEN_COVERAGE,DWB_L2,False,support_share_low,16.469112777620445,756,0.0756924307569243,0.6055394460553944
MC_S1_DROP_TOP1_R1_L0_STAGE15_MATCHED,NEW_MC,TIME_GIVEN_COVERAGE,DWB_L2,False,support_share_medium,15.62985279238914,632,0.0632936706329367,0.5696430356964304
MC_S1_DROP_TOP1_R1_L0_STAGE15_MATCHED,NEW_MC,TIME_GIVEN_COVERAGE,DWB_L2,False,rms_low,0.5654687249412831,4083,0.4083591640835916,1.0
MC_S1_DROP_TOP1_R1_L0_STAGE15_MATCHED,NEW_MC,TIME_GIVEN_COVERAGE,DWB_L2,False,rms_medium,0.2999112351556228,5482,0.5482451754824518,1.0
MC_S1_DROP_TOP1_R1_L0_STAGE15_MATCHED,NEW_MC,TIME_GIVEN_COVERAGE,DWB_L2,False,rms_high,1.9224107139767668,1978,0.1978802119788021,0.9894010598940106
MC_S1_DROP_TOP1_R1_L0_STAGE15_MATCHED,NEW_MC,TIME_GIVEN_COVERAGE,DWB_L2,False,persistent_relation_rms,0.6535576082983727,2051,0.2051794820517948,0.9894010598940106
MC_S1_DROP_TOP1_R1_L0_STAGE15_MATCHED,NEW_MC,TIME_GIVEN_COVERAGE,DWB_L3,True,component_share_birth,9.846521870941991,1351,0.1351864813518648,0.9463053694630535
MC_S1_DROP_TOP1_R1_L0_STAGE15_MATCHED,NEW_MC,TIME_GIVEN_COVERAGE,DWB_L3,True,component_share_death,1.2269959911859338,4168,0.4168583141685831,1.0
MC_S1_DROP_TOP1_R1_L0_STAGE15_MATCHED,NEW_MC,TIME_GIVEN_COVERAGE,DWB_L3,True,component_share_increase,3.19478337915333,1515,0.1515848415158484,0.9463053694630535
MC_S1_DROP_TOP1_R1_L0_STAGE15_MATCHED,NEW_MC,TIME_GIVEN_COVERAGE,DWB_L3,True,support_share_low,16.469112777620445,1023,0.1023897610238976,0.8198180181981802
MC_S1_DROP_TOP1_R1_L0_STAGE15_MATCHED,NEW_MC,TIME_GIVEN_COVERAGE,DWB_L3,True,support_share_medium,15.62985279238914,910,0.0910908909109089,0.8198180181981802
MC_S1_DROP_TOP1_R1_L0_STAGE15_MATCHED,NEW_MC,TIME_GIVEN_COVERAGE,DWB_L3,True,rms_low,0.5654687249412831,3734,0.3734626537346265,1.0
MC_S1_DROP_TOP1_R1_L0_STAGE15_MATCHED,NEW_MC,TIME_GIVEN_COVERAGE,DWB_L3,True,rms_medium,0.2999112351556228,5432,0.5432456754324567,1.0
MC_S1_DROP_TOP1_R1_L0_STAGE15_MATCHED,NEW_MC,TIME_GIVEN_COVERAGE,DWB_L3,True,rms_high,1.9224107139767668,2128,0.2128787121287871,1.0
MC_S1_DROP_TOP1_R1_L0_STAGE15_MATCHED,NEW_MC,TIME_GIVEN_COVERAGE,DWB_L3,True,persistent_relation_rms,0.6535576082983727,2125,0.2125787421257874,1.0
MC_S1_DROP_TOP1_R1_L0_STAGE15_MATCHED,NEW_MC,TIME_GIVEN_COVERAGE,DWB_L4,False,component_share_birth,9.846521870941991,1413,0.1413858614138586,0.9897010298970104
MC_S1_DROP_TOP1_R1_L0_STAGE15_MATCHED,NEW_MC,TIME_GIVEN_COVERAGE,DWB_L4,False,component_share_death,1.2269959911859338,4079,0.407959204079592,1.0
MC_S1_DROP_TOP1_R1_L0_STAGE15_MATCHED,NEW_MC,TIME_GIVEN_COVERAGE,DWB_L4,False,component_share_increase,3.19478337915333,1618,0.1618838116188381,0.9897010298970104
MC_S1_DROP_TOP1_R1_L0_STAGE15_MATCHED,NEW_MC,TIME_GIVEN_COVERAGE,DWB_L4,False,support_share_low,16.469112777620445,1087,0.1087891210878912,0.8945105489451054
MC_S1_DROP_TOP1_R1_L0_STAGE15_MATCHED,NEW_MC,TIME_GIVEN_COVERAGE,DWB_L4,False,support_share_medium,15.62985279238914,993,0.0993900609939006,0.8945105489451054
MC_S1_DROP_TOP1_R1_L0_STAGE15_MATCHED,NEW_MC,TIME_GIVEN_COVERAGE,DWB_L4,False,rms_low,0.5654687249412831,3473,0.3473652634736526,1.0
MC_S1_DROP_TOP1_R1_L0_STAGE15_MATCHED,NEW_MC,TIME_GIVEN_COVERAGE,DWB_L4,False,rms_medium,0.2999112351556228,5482,0.5482451754824518,1.0
MC_S1_DROP_TOP1_R1_L0_STAGE15_MATCHED,NEW_MC,TIME_GIVEN_COVERAGE,DWB_L4,False,rms_high,1.9224107139767668,2220,0.2220777922207779,1.0
MC_S1_DROP_TOP1_R1_L0_STAGE15_MATCHED,NEW_MC,TIME_GIVEN_COVERAGE,DWB_L4,False,persistent_relation_rms,0.6535576082983727,2080,0.2080791920807919,1.0
MC_S1_DROP_TOP1_R1_L0_STAGE15_MATCHED,NEW_MC,COVERAGE_GIVEN_TIME,LEGACY_RADEMACHER,False,component_share_birth,0.0544957664362826,8693,0.8693130686931307,1.0
MC_S1_DROP_TOP1_R1_L0_STAGE15_MATCHED,NEW_MC,COVERAGE_GIVEN_TIME,LEGACY_RADEMACHER,False,component_share_death,0.539479889557601,4098,0.4098590140985901,1.0
MC_S1_DROP_TOP1_R1_L0_STAGE15_MATCHED,NEW_MC,COVERAGE_GIVEN_TIME,LEGACY_RADEMACHER,False,component_share_increase,4.786073954932135e-05,9985,0.9985001499850016,1.0
MC_S1_DROP_TOP1_R1_L0_STAGE15_MATCHED,NEW_MC,COVERAGE_GIVEN_TIME,LEGACY_RADEMACHER,False,support_share_low,1.5308406976280402,6062,0.6062393760623938,1.0
MC_S1_DROP_TOP1_R1_L0_STAGE15_MATCHED,NEW_MC,COVERAGE_GIVEN_TIME,LEGACY_RADEMACHER,False,support_share_medium,2.2543119440127555,4438,0.4438556144385561,1.0
MC_S1_DROP_TOP1_R1_L0_STAGE15_MATCHED,NEW_MC,COVERAGE_GIVEN_TIME,LEGACY_RADEMACHER,False,rms_low,1.490653239244466e-05,9979,0.997900209979002,1.0
MC_S1_DROP_TOP1_R1_L0_STAGE15_MATCHED,NEW_MC,COVERAGE_GIVEN_TIME,LEGACY_RADEMACHER,False,rms_medium,0.0118310489890767,9430,0.943005699430057,1.0
MC_S1_DROP_TOP1_R1_L0_STAGE15_MATCHED,NEW_MC,COVERAGE_GIVEN_TIME,LEGACY_RADEMACHER,False,rms_high,29.70175845789053,0,9.999000099990002e-05,0.0008999100089991
MC_S1_DROP_TOP1_R1_L0_STAGE15_MATCHED,NEW_MC,COVERAGE_GIVEN_TIME,LEGACY_RADEMACHER,False,persistent_relation_rms,0.6221423309593046,4804,0.4804519548045195,1.0
MC_S1_DROP_TOP1_R1_L0_STAGE15_MATCHED,NEW_MC,COVERAGE_GIVEN_TIME,GAUSSIAN_L1,False,component_share_birth,0.0544957664362826,8626,0.8626137386261374,1.0
MC_S1_DROP_TOP1_R1_L0_STAGE15_MATCHED,NEW_MC,COVERAGE_GIVEN_TIME,GAUSSIAN_L1,False,component_share_death,0.539479889557601,3936,0.3936606339366063,1.0
MC_S1_DROP_TOP1_R1_L0_STAGE15_MATCHED,NEW_MC,COVERAGE_GIVEN_TIME,GAUSSIAN_L1,False,component_share_increase,4.786073954932135e-05,9949,0.9949005099490053,1.0
MC_S1_DROP_TOP1_R1_L0_STAGE15_MATCHED,NEW_MC,COVERAGE_GIVEN_TIME,GAUSSIAN_L1,False,support_share_low,1.5308406976280402,4854,0.4854514548545146,1.0
MC_S1_DROP_TOP1_R1_L0_STAGE15_MATCHED,NEW_MC,COVERAGE_GIVEN_TIME,GAUSSIAN_L1,False,support_share_medium,2.2543119440127555,3613,0.3613638636136386,1.0
MC_S1_DROP_TOP1_R1_L0_STAGE15_MATCHED,NEW_MC,COVERAGE_GIVEN_TIME,GAUSSIAN_L1,False,rms_low,1.490653239244466e-05,9960,0.996000399960004,1.0
MC_S1_DROP_TOP1_R1_L0_STAGE15_MATCHED,NEW_MC,COVERAGE_GIVEN_TIME,GAUSSIAN_L1,False,rms_medium,0.0118310489890767,9374,0.9374062593740626,1.0
MC_S1_DROP_TOP1_R1_L0_STAGE15_MATCHED,NEW_MC,COVERAGE_GIVEN_TIME,GAUSSIAN_L1,False,rms_high,29.70175845789053,6,0.0006999300069993,0.0062993700629937
MC_S1_DROP_TOP1_R1_L0_STAGE15_MATCHED,NEW_MC,COVERAGE_GIVEN_TIME,GAUSSIAN_L1,False,persistent_relation_rms,0.6221423309593046,4780,0.4780521947805219,1.0
MC_S1_DROP_TOP1_R1_L0_STAGE15_MATCHED,NEW_MC,COVERAGE_GIVEN_TIME,DWB_L2,False,component_share_birth,0.0544957664362826,8599,0.8599140085991401,1.0
MC_S1_DROP_TOP1_R1_L0_STAGE15_MATCHED,NEW_MC,COVERAGE_GIVEN_TIME,DWB_L2,False,component_share_death,0.539479889557601,4419,0.441955804419558,1.0
MC_S1_DROP_TOP1_R1_L0_STAGE15_MATCHED,NEW_MC,COVERAGE_GIVEN_TIME,DWB_L2,False,component_share_increase,4.786073954932135e-05,9946,0.9946005399460054,1.0
MC_S1_DROP_TOP1_R1_L0_STAGE15_MATCHED,NEW_MC,COVERAGE_GIVEN_TIME,DWB_L2,False,support_share_low,1.5308406976280402,4895,0.4895510448955104,1.0
MC_S1_DROP_TOP1_R1_L0_STAGE15_MATCHED,NEW_MC,COVERAGE_GIVEN_TIME,DWB_L2,False,support_share_medium,2.2543119440127555,3703,0.3703629637036296,1.0
MC_S1_DROP_TOP1_R1_L0_STAGE15_MATCHED,NEW_MC,COVERAGE_GIVEN_TIME,DWB_L2,False,rms_low,1.490653239244466e-05,9979,0.997900209979002,1.0
MC_S1_DROP_TOP1_R1_L0_STAGE15_MATCHED,NEW_MC,COVERAGE_GIVEN_TIME,DWB_L2,False,rms_medium,0.0118310489890767,9364,0.9364063593640636,1.0
MC_S1_DROP_TOP1_R1_L0_STAGE15_MATCHED,NEW_MC,COVERAGE_GIVEN_TIME,DWB_L2,False,rms_high,29.70175845789053,77,0.0077992200779922,0.0701929807019298
MC_S1_DROP_TOP1_R1_L0_STAGE15_MATCHED,NEW_MC,COVERAGE_GIVEN_TIME,DWB_L2,False,persistent_relation_rms,0.6221423309593046,4587,0.4587541245875412,1.0
MC_S1_DROP_TOP1_R1_L0_STAGE15_MATCHED,NEW_MC,COVERAGE_GIVEN_TIME,DWB_L3,True,component_share_birth,0.0544957664362826,8376,0.8376162383761624,1.0
MC_S1_DROP_TOP1_R1_L0_STAGE15_MATCHED,NEW_MC,COVERAGE_GIVEN_TIME,DWB_L3,True,component_share_death,0.539479889557601,4466,0.4466553344665533,1.0
MC_S1_DROP_TOP1_R1_L0_STAGE15_MATCHED,NEW_MC,COVERAGE_GIVEN_TIME,DWB_L3,True,component_share_increase,4.786073954932135e-05,9935,0.9935006499350064,1.0
MC_S1_DROP_TOP1_R1_L0_STAGE15_MATCHED,NEW_MC,COVERAGE_GIVEN_TIME,DWB_L3,True,support_share_low,1.5308406976280402,4834,0.4834516548345166,1.0
MC_S1_DROP_TOP1_R1_L0_STAGE15_MATCHED,NEW_MC,COVERAGE_GIVEN_TIME,DWB_L3,True,support_share_medium,2.2543119440127555,3725,0.3725627437256274,1.0
MC_S1_DROP_TOP1_R1_L0_STAGE15_MATCHED,NEW_MC,COVERAGE_GIVEN_TIME,DWB_L3,True,rms_low,1.490653239244466e-05,9969,0.9969003099690033,1.0
MC_S1_DROP_TOP1_R1_L0_STAGE15_MATCHED,NEW_MC,COVERAGE_GIVEN_TIME,DWB_L3,True,rms_medium,0.0118310489890767,9306,0.9306069393060694,1.0
MC_S1_DROP_TOP1_R1_L0_STAGE15_MATCHED,NEW_MC,COVERAGE_GIVEN_TIME,DWB_L3,True,rms_high,29.70175845789053,247,0.0247975202479752,0.2231776822317768
MC_S1_DROP_TOP1_R1_L0_STAGE15_MATCHED,NEW_MC,COVERAGE_GIVEN_TIME,DWB_L3,True,persistent_relation_rms,0.6221423309593046,3940,0.3940605939406059,1.0
MC_S1_DROP_TOP1_R1_L0_STAGE15_MATCHED,NEW_MC,COVERAGE_GIVEN_TIME,DWB_L4,False,component_share_birth,0.0544957664362826,8136,0.8136186381361864,1.0
MC_S1_DROP_TOP1_R1_L0_STAGE15_MATCHED,NEW_MC,COVERAGE_GIVEN_TIME,DWB_L4,False,component_share_death,0.539479889557601,4195,0.4195580441955804,1.0
MC_S1_DROP_TOP1_R1_L0_STAGE15_MATCHED,NEW_MC,COVERAGE_GIVEN_TIME,DWB_L4,False,component_share_increase,4.786073954932135e-05,9949,0.9949005099490053,1.0
MC_S1_DROP_TOP1_R1_L0_STAGE15_MATCHED,NEW_MC,COVERAGE_GIVEN_TIME,DWB_L4,False,support_share_low,1.5308406976280402,4623,0.4623537646235376,1.0
MC_S1_DROP_TOP1_R1_L0_STAGE15_MATCHED,NEW_MC,COVERAGE_GIVEN_TIME,DWB_L4,False,support_share_medium,2.2543119440127555,3537,0.3537646235376462,1.0
MC_S1_DROP_TOP1_R1_L0_STAGE15_MATCHED,NEW_MC,COVERAGE_GIVEN_TIME,DWB_L4,False,rms_low,1.490653239244466e-05,9968,0.9968003199680032,1.0
MC_S1_DROP_TOP1_R1_L0_STAGE15_MATCHED,NEW_MC,COVERAGE_GIVEN_TIME,DWB_L4,False,rms_medium,0.0118310489890767,9212,0.9212078792120788,1.0
MC_S1_DROP_TOP1_R1_L0_STAGE15_MATCHED,NEW_MC,COVERAGE_GIVEN_TIME,DWB_L4,False,rms_high,29.70175845789053,378,0.0378962103789621,0.3410658934106589
MC_S1_DROP_TOP1_R1_L0_STAGE15_MATCHED,NEW_MC,COVERAGE_GIVEN_TIME,DWB_L4,False,persistent_relation_rms,0.6221423309593046,3716,0.3716628337166283,1.0
MC_S1_DROP_TOP1_R1_L1_EXTENDED,NEW_MC,TIME_GIVEN_COVERAGE,LEGACY_RADEMACHER,False,component_share_birth,4.251550750423036,1389,0.138986101389861,0.833916608339166
MC_S1_DROP_TOP1_R1_L1_EXTENDED,NEW_MC,TIME_GIVEN_COVERAGE,LEGACY_RADEMACHER,False,component_share_death,0.4623466326793881,4214,0.4214578542145785,1.0
MC_S1_DROP_TOP1_R1_L1_EXTENDED,NEW_MC,TIME_GIVEN_COVERAGE,LEGACY_RADEMACHER,False,component_share_increase,9.44445617133626,518,0.0518948105189481,0.3632636736326367
MC_S1_DROP_TOP1_R1_L1_EXTENDED,NEW_MC,TIME_GIVEN_COVERAGE,LEGACY_RADEMACHER,False,support_share_low,11.93733929586454,449,0.044995500449955,0.35996400359964
MC_S1_DROP_TOP1_R1_L1_EXTENDED,NEW_MC,TIME_GIVEN_COVERAGE,LEGACY_RADEMACHER,False,support_share_medium,13.694872212696389,365,0.0365963403659634,0.3293670632936706
MC_S1_DROP_TOP1_R1_L1_EXTENDED,NEW_MC,TIME_GIVEN_COVERAGE,LEGACY_RADEMACHER,False,rms_low,0.0184973896579272,9083,0.9083091690830916,1.0
MC_S1_DROP_TOP1_R1_L1_EXTENDED,NEW_MC,TIME_GIVEN_COVERAGE,LEGACY_RADEMACHER,False,rms_medium,0.3324848760668395,5434,0.5434456554344566,1.0
MC_S1_DROP_TOP1_R1_L1_EXTENDED,NEW_MC,TIME_GIVEN_COVERAGE,LEGACY_RADEMACHER,False,rms_high,2.347288174580896,1856,0.1856814318568143,0.9284071592840716
MC_S1_DROP_TOP1_R1_L1_EXTENDED,NEW_MC,TIME_GIVEN_COVERAGE,LEGACY_RADEMACHER,False,persistent_relation_rms,0.5894142374985343,8811,0.8811118888111189,1.0
MC_S1_DROP_TOP1_R1_L1_EXTENDED,NEW_MC,TIME_GIVEN_COVERAGE,GAUSSIAN_L1,False,component_share_birth,4.251550750423036,1347,0.1347865213478652,0.8087191280871913
MC_S1_DROP_TOP1_R1_L1_EXTENDED,NEW_MC,TIME_GIVEN_COVERAGE,GAUSSIAN_L1,False,component_share_death,0.4623466326793881,3830,0.3830616938306169,1.0
MC_S1_DROP_TOP1_R1_L1_EXTENDED,NEW_MC,TIME_GIVEN_COVERAGE,GAUSSIAN_L1,False,component_share_increase,9.44445617133626,568,0.0568943105689431,0.4183581641835816
MC_S1_DROP_TOP1_R1_L1_EXTENDED,NEW_MC,TIME_GIVEN_COVERAGE,GAUSSIAN_L1,False,support_share_low,11.93733929586454,522,0.0522947705229477,0.4183581641835816
MC_S1_DROP_TOP1_R1_L1_EXTENDED,NEW_MC,TIME_GIVEN_COVERAGE,GAUSSIAN_L1,False,support_share_medium,13.694872212696389,408,0.0408959104089591,0.3680631936806319
MC_S1_DROP_TOP1_R1_L1_EXTENDED,NEW_MC,TIME_GIVEN_COVERAGE,GAUSSIAN_L1,False,rms_low,0.0184973896579272,8879,0.8879112088791121,1.0
MC_S1_DROP_TOP1_R1_L1_EXTENDED,NEW_MC,TIME_GIVEN_COVERAGE,GAUSSIAN_L1,False,rms_medium,0.3324848760668395,5084,0.5084491550844915,1.0
MC_S1_DROP_TOP1_R1_L1_EXTENDED,NEW_MC,TIME_GIVEN_COVERAGE,GAUSSIAN_L1,False,rms_high,2.347288174580896,1686,0.1686831316868313,0.8434156584341567
MC_S1_DROP_TOP1_R1_L1_EXTENDED,NEW_MC,TIME_GIVEN_COVERAGE,GAUSSIAN_L1,False,persistent_relation_rms,0.5894142374985343,6314,0.6314368563143685,1.0
MC_S1_DROP_TOP1_R1_L1_EXTENDED,NEW_MC,TIME_GIVEN_COVERAGE,DWB_L2,False,component_share_birth,4.251550750423036,1577,0.1577842215778422,0.9467053294670532
MC_S1_DROP_TOP1_R1_L1_EXTENDED,NEW_MC,TIME_GIVEN_COVERAGE,DWB_L2,False,component_share_death,0.4623466326793881,4457,0.4457554244575542,1.0
MC_S1_DROP_TOP1_R1_L1_EXTENDED,NEW_MC,TIME_GIVEN_COVERAGE,DWB_L2,False,component_share_increase,9.44445617133626,858,0.0858914108589141,0.6965303469653035
MC_S1_DROP_TOP1_R1_L1_EXTENDED,NEW_MC,TIME_GIVEN_COVERAGE,DWB_L2,False,support_share_low,11.93733929586454,901,0.0901909809019098,0.6965303469653035
MC_S1_DROP_TOP1_R1_L1_EXTENDED,NEW_MC,TIME_GIVEN_COVERAGE,DWB_L2,False,support_share_medium,13.694872212696389,773,0.0773922607739226,0.6965303469653035
MC_S1_DROP_TOP1_R1_L1_EXTENDED,NEW_MC,TIME_GIVEN_COVERAGE,DWB_L2,False,rms_low,0.0184973896579272,8854,0.8854114588541145,1.0
MC_S1_DROP_TOP1_R1_L1_EXTENDED,NEW_MC,TIME_GIVEN_COVERAGE,DWB_L2,False,rms_medium,0.3324848760668395,5415,0.5415458454154585,1.0
MC_S1_DROP_TOP1_R1_L1_EXTENDED,NEW_MC,TIME_GIVEN_COVERAGE,DWB_L2,False,rms_high,2.347288174580896,1792,0.1792820717928207,0.9467053294670532
MC_S1_DROP_TOP1_R1_L1_EXTENDED,NEW_MC,TIME_GIVEN_COVERAGE,DWB_L2,False,persistent_relation_rms,0.5894142374985343,6169,0.616938306169383,1.0
MC_S1_DROP_TOP1_R1_L1_EXTENDED,NEW_MC,TIME_GIVEN_COVERAGE,DWB_L3,True,component_share_birth,4.251550750423036,1611,0.1611838816118388,0.9671032896710328
MC_S1_DROP_TOP1_R1_L1_EXTENDED,NEW_MC,TIME_GIVEN_COVERAGE,DWB_L3,True,component_share_death,0.4623466326793881,4330,0.4330566943305669,1.0
MC_S1_DROP_TOP1_R1_L1_EXTENDED,NEW_MC,TIME_GIVEN_COVERAGE,DWB_L3,True,component_share_increase,9.44445617133626,1047,0.1047895210478952,0.9215078492150786
MC_S1_DROP_TOP1_R1_L1_EXTENDED,NEW_MC,TIME_GIVEN_COVERAGE,DWB_L3,True,support_share_low,11.93733929586454,1134,0.1134886511348865,0.9215078492150786
MC_S1_DROP_TOP1_R1_L1_EXTENDED,NEW_MC,TIME_GIVEN_COVERAGE,DWB_L3,True,support_share_medium,13.694872212696389,1023,0.1023897610238976,0.9215078492150786
MC_S1_DROP_TOP1_R1_L1_EXTENDED,NEW_MC,TIME_GIVEN_COVERAGE,DWB_L3,True,rms_low,0.0184973896579272,8815,0.8815118488151185,1.0
MC_S1_DROP_TOP1_R1_L1_EXTENDED,NEW_MC,TIME_GIVEN_COVERAGE,DWB_L3,True,rms_medium,0.3324848760668395,5358,0.5358464153584641,1.0
MC_S1_DROP_TOP1_R1_L1_EXTENDED,NEW_MC,TIME_GIVEN_COVERAGE,DWB_L3,True,rms_high,2.347288174580896,2010,0.2010798920107989,1.0
MC_S1_DROP_TOP1_R1_L1_EXTENDED,NEW_MC,TIME_GIVEN_COVERAGE,DWB_L3,True,persistent_relation_rms,0.5894142374985343,6076,0.6076392360763924,1.0
MC_S1_DROP_TOP1_R1_L1_EXTENDED,NEW_MC,TIME_GIVEN_COVERAGE,DWB_L4,False,component_share_birth,4.251550750423036,1609,0.160983901609839,0.9659034096590342
MC_S1_DROP_TOP1_R1_L1_EXTENDED,NEW_MC,TIME_GIVEN_COVERAGE,DWB_L4,False,component_share_death,0.4623466326793881,4280,0.4280571942805719,1.0
MC_S1_DROP_TOP1_R1_L1_EXTENDED,NEW_MC,TIME_GIVEN_COVERAGE,DWB_L4,False,component_share_increase,9.44445617133626,1092,0.1092890710928907,0.9152084791520848
MC_S1_DROP_TOP1_R1_L1_EXTENDED,NEW_MC,TIME_GIVEN_COVERAGE,DWB_L4,False,support_share_low,11.93733929586454,1112,0.1112888711128887,0.9152084791520848
MC_S1_DROP_TOP1_R1_L1_EXTENDED,NEW_MC,TIME_GIVEN_COVERAGE,DWB_L4,False,support_share_medium,13.694872212696389,1016,0.1016898310168983,0.9152084791520848
MC_S1_DROP_TOP1_R1_L1_EXTENDED,NEW_MC,TIME_GIVEN_COVERAGE,DWB_L4,False,rms_low,0.0184973896579272,8779,0.8779122087791221,1.0
MC_S1_DROP_TOP1_R1_L1_EXTENDED,NEW_MC,TIME_GIVEN_COVERAGE,DWB_L4,False,rms_medium,0.3324848760668395,5406,0.5406459354064593,1.0
MC_S1_DROP_TOP1_R1_L1_EXTENDED,NEW_MC,TIME_GIVEN_COVERAGE,DWB_L4,False,rms_high,2.347288174580896,2029,0.202979702029797,1.0
MC_S1_DROP_TOP1_R1_L1_EXTENDED,NEW_MC,TIME_GIVEN_COVERAGE,DWB_L4,False,persistent_relation_rms,0.5894142374985343,5764,0.5764423557644236,1.0
MC_S1_DROP_TOP1_R1_L1_EXTENDED,NEW_MC,COVERAGE_GIVEN_TIME,LEGACY_RADEMACHER,False,component_share_birth,0.2917573208432316,7118,0.7118288171182882,1.0
MC_S1_DROP_TOP1_R1_L1_EXTENDED,NEW_MC,COVERAGE_GIVEN_TIME,LEGACY_RADEMACHER,False,component_share_death,0.5900072171974422,3164,0.3164683531646835,1.0
MC_S1_DROP_TOP1_R1_L1_EXTENDED,NEW_MC,COVERAGE_GIVEN_TIME,LEGACY_RADEMACHER,False,component_share_increase,0.2315460051582825,9179,0.917908209179082,1.0
MC_S1_DROP_TOP1_R1_L1_EXTENDED,NEW_MC,COVERAGE_GIVEN_TIME,LEGACY_RADEMACHER,False,support_share_low,0.879064699261118,7443,0.7443255674432556,1.0
MC_S1_DROP_TOP1_R1_L1_EXTENDED,NEW_MC,COVERAGE_GIVEN_TIME,LEGACY_RADEMACHER,False,support_share_medium,1.6860257689212403,5237,0.5237476252374762,1.0
MC_S1_DROP_TOP1_R1_L1_EXTENDED,NEW_MC,COVERAGE_GIVEN_TIME,LEGACY_RADEMACHER,False,rms_low,4.495459240078418,690,0.0690930906909309,0.5527447255274472
MC_S1_DROP_TOP1_R1_L1_EXTENDED,NEW_MC,COVERAGE_GIVEN_TIME,LEGACY_RADEMACHER,False,rms_medium,0.2107254083510845,7690,0.769023097690231,1.0
MC_S1_DROP_TOP1_R1_L1_EXTENDED,NEW_MC,COVERAGE_GIVEN_TIME,LEGACY_RADEMACHER,False,rms_high,33.99161693774656,0,9.999000099990002e-05,0.0008999100089991
MC_S1_DROP_TOP1_R1_L1_EXTENDED,NEW_MC,COVERAGE_GIVEN_TIME,LEGACY_RADEMACHER,False,persistent_relation_rms,5.567630860255683,2638,0.2638736126387361,1.0
MC_S1_DROP_TOP1_R1_L1_EXTENDED,NEW_MC,COVERAGE_GIVEN_TIME,GAUSSIAN_L1,False,component_share_birth,0.2917573208432316,6863,0.6863313668633136,1.0
MC_S1_DROP_TOP1_R1_L1_EXTENDED,NEW_MC,COVERAGE_GIVEN_TIME,GAUSSIAN_L1,False,component_share_death,0.5900072171974422,2943,0.2943705629437056,1.0
MC_S1_DROP_TOP1_R1_L1_EXTENDED,NEW_MC,COVERAGE_GIVEN_TIME,GAUSSIAN_L1,False,component_share_increase,0.2315460051582825,7494,0.7494250574942506,1.0
MC_S1_DROP_TOP1_R1_L1_EXTENDED,NEW_MC,COVERAGE_GIVEN_TIME,GAUSSIAN_L1,False,support_share_low,0.879064699261118,5328,0.5328467153284672,1.0
MC_S1_DROP_TOP1_R1_L1_EXTENDED,NEW_MC,COVERAGE_GIVEN_TIME,GAUSSIAN_L1,False,support_share_medium,1.6860257689212403,3950,0.3950604939506049,1.0
MC_S1_DROP_TOP1_R1_L1_EXTENDED,NEW_MC,COVERAGE_GIVEN_TIME,GAUSSIAN_L1,False,rms_low,4.495459240078418,799,0.07999200079992,0.6399360063993601
MC_S1_DROP_TOP1_R1_L1_EXTENDED,NEW_MC,COVERAGE_GIVEN_TIME,GAUSSIAN_L1,False,rms_medium,0.2107254083510845,7476,0.7476252374762524,1.0
MC_S1_DROP_TOP1_R1_L1_EXTENDED,NEW_MC,COVERAGE_GIVEN_TIME,GAUSSIAN_L1,False,rms_high,33.99161693774656,6,0.0006999300069993,0.0062993700629937
MC_S1_DROP_TOP1_R1_L1_EXTENDED,NEW_MC,COVERAGE_GIVEN_TIME,GAUSSIAN_L1,False,persistent_relation_rms,5.567630860255683,2086,0.2086791320867913,1.0
MC_S1_DROP_TOP1_R1_L1_EXTENDED,NEW_MC,COVERAGE_GIVEN_TIME,DWB_L2,False,component_share_birth,0.2917573208432316,6438,0.6438356164383562,1.0
MC_S1_DROP_TOP1_R1_L1_EXTENDED,NEW_MC,COVERAGE_GIVEN_TIME,DWB_L2,False,component_share_death,0.5900072171974422,2826,0.2826717328267173,1.0
MC_S1_DROP_TOP1_R1_L1_EXTENDED,NEW_MC,COVERAGE_GIVEN_TIME,DWB_L2,False,component_share_increase,0.2315460051582825,7503,0.7503249675032497,1.0
MC_S1_DROP_TOP1_R1_L1_EXTENDED,NEW_MC,COVERAGE_GIVEN_TIME,DWB_L2,False,support_share_low,0.879064699261118,5474,0.5474452554744526,1.0
MC_S1_DROP_TOP1_R1_L1_EXTENDED,NEW_MC,COVERAGE_GIVEN_TIME,DWB_L2,False,support_share_medium,1.6860257689212403,4111,0.4111588841115888,1.0
MC_S1_DROP_TOP1_R1_L1_EXTENDED,NEW_MC,COVERAGE_GIVEN_TIME,DWB_L2,False,rms_low,4.495459240078418,1101,0.1101889811018898,0.8815118488151185
MC_S1_DROP_TOP1_R1_L1_EXTENDED,NEW_MC,COVERAGE_GIVEN_TIME,DWB_L2,False,rms_medium,0.2107254083510845,7568,0.7568243175682432,1.0
MC_S1_DROP_TOP1_R1_L1_EXTENDED,NEW_MC,COVERAGE_GIVEN_TIME,DWB_L2,False,rms_high,33.99161693774656,87,0.0087991200879912,0.0791920807919208
MC_S1_DROP_TOP1_R1_L1_EXTENDED,NEW_MC,COVERAGE_GIVEN_TIME,DWB_L2,False,persistent_relation_rms,5.567630860255683,2151,0.2151784821517848,1.0
MC_S1_DROP_TOP1_R1_L1_EXTENDED,NEW_MC,COVERAGE_GIVEN_TIME,DWB_L3,True,component_share_birth,0.2917573208432316,6379,0.6379362063793621,1.0
MC_S1_DROP_TOP1_R1_L1_EXTENDED,NEW_MC,COVERAGE_GIVEN_TIME,DWB_L3,True,component_share_death,0.5900072171974422,2982,0.2982701729827017,1.0
MC_S1_DROP_TOP1_R1_L1_EXTENDED,NEW_MC,COVERAGE_GIVEN_TIME,DWB_L3,True,component_share_increase,0.2315460051582825,7428,0.7428257174282572,1.0
MC_S1_DROP_TOP1_R1_L1_EXTENDED,NEW_MC,COVERAGE_GIVEN_TIME,DWB_L3,True,support_share_low,0.879064699261118,5381,0.5381461853814619,1.0
MC_S1_DROP_TOP1_R1_L1_EXTENDED,NEW_MC,COVERAGE_GIVEN_TIME,DWB_L3,True,support_share_medium,1.6860257689212403,4080,0.4080591940805919,1.0
MC_S1_DROP_TOP1_R1_L1_EXTENDED,NEW_MC,COVERAGE_GIVEN_TIME,DWB_L3,True,rms_low,4.495459240078418,1246,0.1246875312468753,0.9975002499750024
MC_S1_DROP_TOP1_R1_L1_EXTENDED,NEW_MC,COVERAGE_GIVEN_TIME,DWB_L3,True,rms_medium,0.2107254083510845,7226,0.7226277372262774,1.0
MC_S1_DROP_TOP1_R1_L1_EXTENDED,NEW_MC,COVERAGE_GIVEN_TIME,DWB_L3,True,rms_high,33.99161693774656,208,0.0208979102089791,0.1880811918808119
MC_S1_DROP_TOP1_R1_L1_EXTENDED,NEW_MC,COVERAGE_GIVEN_TIME,DWB_L3,True,persistent_relation_rms,5.567630860255683,1894,0.1894810518948105,1.0
MC_S1_DROP_TOP1_R1_L1_EXTENDED,NEW_MC,COVERAGE_GIVEN_TIME,DWB_L4,False,component_share_birth,0.2917573208432316,5926,0.5926407359264073,1.0
MC_S1_DROP_TOP1_R1_L1_EXTENDED,NEW_MC,COVERAGE_GIVEN_TIME,DWB_L4,False,component_share_death,0.5900072171974422,2616,0.2616738326167383,1.0
MC_S1_DROP_TOP1_R1_L1_EXTENDED,NEW_MC,COVERAGE_GIVEN_TIME,DWB_L4,False,component_share_increase,0.2315460051582825,7468,0.7468253174682532,1.0
MC_S1_DROP_TOP1_R1_L1_EXTENDED,NEW_MC,COVERAGE_GIVEN_TIME,DWB_L4,False,support_share_low,0.879064699261118,5251,0.5251474852514748,1.0
MC_S1_DROP_TOP1_R1_L1_EXTENDED,NEW_MC,COVERAGE_GIVEN_TIME,DWB_L4,False,support_share_medium,1.6860257689212403,3978,0.3978602139786021,1.0
MC_S1_DROP_TOP1_R1_L1_EXTENDED,NEW_MC,COVERAGE_GIVEN_TIME,DWB_L4,False,rms_low,4.495459240078418,1299,0.12998700129987,1.0
MC_S1_DROP_TOP1_R1_L1_EXTENDED,NEW_MC,COVERAGE_GIVEN_TIME,DWB_L4,False,rms_medium,0.2107254083510845,7001,0.7001299870012999,1.0
MC_S1_DROP_TOP1_R1_L1_EXTENDED,NEW_MC,COVERAGE_GIVEN_TIME,DWB_L4,False,rms_high,33.99161693774656,379,0.037996200379962,0.341965803419658
MC_S1_DROP_TOP1_R1_L1_EXTENDED,NEW_MC,COVERAGE_GIVEN_TIME,DWB_L4,False,persistent_relation_rms,5.567630860255683,1559,0.155984401559844,1.0
MC_S1_DROP_TOP1_R1_L2_HIGH,NEW_MC,TIME_GIVEN_COVERAGE,LEGACY_RADEMACHER,False,component_share_birth,4.951054345360305,1181,0.1181881811818818,0.709129087091291
MC_S1_DROP_TOP1_R1_L2_HIGH,NEW_MC,TIME_GIVEN_COVERAGE,LEGACY_RADEMACHER,False,component_share_death,0.6119469592673301,3871,0.3871612838716128,1.0
MC_S1_DROP_TOP1_R1_L2_HIGH,NEW_MC,TIME_GIVEN_COVERAGE,LEGACY_RADEMACHER,False,component_share_increase,18.292559804841343,409,0.040995900409959,0.3284671532846715
MC_S1_DROP_TOP1_R1_L2_HIGH,NEW_MC,TIME_GIVEN_COVERAGE,LEGACY_RADEMACHER,False,support_share_low,14.294246634220292,480,0.0480951904809519,0.3366663333666633
MC_S1_DROP_TOP1_R1_L2_HIGH,NEW_MC,TIME_GIVEN_COVERAGE,LEGACY_RADEMACHER,False,support_share_medium,17.35185418531165,364,0.0364963503649635,0.3284671532846715
MC_S1_DROP_TOP1_R1_L2_HIGH,NEW_MC,TIME_GIVEN_COVERAGE,LEGACY_RADEMACHER,False,rms_low,0.2027103881917753,6364,0.6364363563643636,1.0
MC_S1_DROP_TOP1_R1_L2_HIGH,NEW_MC,TIME_GIVEN_COVERAGE,LEGACY_RADEMACHER,False,rms_medium,0.1574238518366115,6545,0.6545345465453455,1.0
MC_S1_DROP_TOP1_R1_L2_HIGH,NEW_MC,TIME_GIVEN_COVERAGE,LEGACY_RADEMACHER,False,rms_high,1.999426223337576,1987,0.1987801219878012,0.993900609939006
MC_S1_DROP_TOP1_R1_L2_HIGH,NEW_MC,TIME_GIVEN_COVERAGE,LEGACY_RADEMACHER,False,persistent_relation_rms,0.5942338444316242,3867,0.3867613238676132,1.0
MC_S1_DROP_TOP1_R1_L2_HIGH,NEW_MC,TIME_GIVEN_COVERAGE,GAUSSIAN_L1,False,component_share_birth,4.951054345360305,1103,0.1103889611038896,0.6623337666233376
MC_S1_DROP_TOP1_R1_L2_HIGH,NEW_MC,TIME_GIVEN_COVERAGE,GAUSSIAN_L1,False,component_share_death,0.6119469592673301,3539,0.353964603539646,1.0
MC_S1_DROP_TOP1_R1_L2_HIGH,NEW_MC,TIME_GIVEN_COVERAGE,GAUSSIAN_L1,False,component_share_increase,18.292559804841343,488,0.0488951104889511,0.3911608839116088
MC_S1_DROP_TOP1_R1_L2_HIGH,NEW_MC,TIME_GIVEN_COVERAGE,GAUSSIAN_L1,False,support_share_low,14.294246634220292,553,0.0553944605539446,0.3911608839116088
MC_S1_DROP_TOP1_R1_L2_HIGH,NEW_MC,TIME_GIVEN_COVERAGE,GAUSSIAN_L1,False,support_share_medium,17.35185418531165,433,0.0433956604339566,0.3905609439056094
MC_S1_DROP_TOP1_R1_L2_HIGH,NEW_MC,TIME_GIVEN_COVERAGE,GAUSSIAN_L1,False,rms_low,0.2027103881917753,5913,0.5913408659134086,1.0
MC_S1_DROP_TOP1_R1_L2_HIGH,NEW_MC,TIME_GIVEN_COVERAGE,GAUSSIAN_L1,False,rms_medium,0.1574238518366115,6153,0.6153384661533846,1.0
MC_S1_DROP_TOP1_R1_L2_HIGH,NEW_MC,TIME_GIVEN_COVERAGE,GAUSSIAN_L1,False,rms_high,1.999426223337576,1726,0.1726827317268273,0.8634136586341367
MC_S1_DROP_TOP1_R1_L2_HIGH,NEW_MC,TIME_GIVEN_COVERAGE,GAUSSIAN_L1,False,persistent_relation_rms,0.5942338444316242,3567,0.3567643235676432,1.0
MC_S1_DROP_TOP1_R1_L2_HIGH,NEW_MC,TIME_GIVEN_COVERAGE,DWB_L2,False,component_share_birth,4.951054345360305,1580,0.1580841915808419,0.9485051494850516
MC_S1_DROP_TOP1_R1_L2_HIGH,NEW_MC,TIME_GIVEN_COVERAGE,DWB_L2,False,component_share_death,0.6119469592673301,4378,0.4378562143785621,1.0
MC_S1_DROP_TOP1_R1_L2_HIGH,NEW_MC,TIME_GIVEN_COVERAGE,DWB_L2,False,component_share_increase,18.292559804841343,745,0.0745925407459254,0.6713328667133286
MC_S1_DROP_TOP1_R1_L2_HIGH,NEW_MC,TIME_GIVEN_COVERAGE,DWB_L2,False,support_share_low,14.294246634220292,962,0.0962903709629037,0.674032596740326
MC_S1_DROP_TOP1_R1_L2_HIGH,NEW_MC,TIME_GIVEN_COVERAGE,DWB_L2,False,support_share_medium,17.35185418531165,802,0.0802919708029197,0.6713328667133286
MC_S1_DROP_TOP1_R1_L2_HIGH,NEW_MC,TIME_GIVEN_COVERAGE,DWB_L2,False,rms_low,0.2027103881917753,6071,0.6071392860713929,1.0
MC_S1_DROP_TOP1_R1_L2_HIGH,NEW_MC,TIME_GIVEN_COVERAGE,DWB_L2,False,rms_medium,0.1574238518366115,6319,0.6319368063193681,1.0
MC_S1_DROP_TOP1_R1_L2_HIGH,NEW_MC,TIME_GIVEN_COVERAGE,DWB_L2,False,rms_high,1.999426223337576,1901,0.1901809819018098,0.9509049095090492
MC_S1_DROP_TOP1_R1_L2_HIGH,NEW_MC,TIME_GIVEN_COVERAGE,DWB_L2,False,persistent_relation_rms,0.5942338444316242,3362,0.3362663733626637,1.0
MC_S1_DROP_TOP1_R1_L2_HIGH,NEW_MC,TIME_GIVEN_COVERAGE,DWB_L3,True,component_share_birth,4.951054345360305,1598,0.1598840115988401,0.9593040695930406
MC_S1_DROP_TOP1_R1_L2_HIGH,NEW_MC,TIME_GIVEN_COVERAGE,DWB_L3,True,component_share_death,0.6119469592673301,4339,0.433956604339566,1.0
MC_S1_DROP_TOP1_R1_L2_HIGH,NEW_MC,TIME_GIVEN_COVERAGE,DWB_L3,True,component_share_increase,18.292559804841343,944,0.0944905509449055,0.8504149585041496
MC_S1_DROP_TOP1_R1_L2_HIGH,NEW_MC,TIME_GIVEN_COVERAGE,DWB_L3,True,support_share_low,14.294246634220292,1126,0.1126887311268873,0.8504149585041496
MC_S1_DROP_TOP1_R1_L2_HIGH,NEW_MC,TIME_GIVEN_COVERAGE,DWB_L3,True,support_share_medium,17.35185418531165,1000,0.1000899910008999,0.8504149585041496
MC_S1_DROP_TOP1_R1_L2_HIGH,NEW_MC,TIME_GIVEN_COVERAGE,DWB_L3,True,rms_low,0.2027103881917753,5814,0.5814418558144185,1.0
MC_S1_DROP_TOP1_R1_L2_HIGH,NEW_MC,TIME_GIVEN_COVERAGE,DWB_L3,True,rms_medium,0.1574238518366115,6182,0.6182381761823817,1.0
MC_S1_DROP_TOP1_R1_L2_HIGH,NEW_MC,TIME_GIVEN_COVERAGE,DWB_L3,True,rms_high,1.999426223337576,2087,0.2087791220877912,1.0
MC_S1_DROP_TOP1_R1_L2_HIGH,NEW_MC,TIME_GIVEN_COVERAGE,DWB_L3,True,persistent_relation_rms,0.5942338444316242,3233,0.3233676632336766,1.0
MC_S1_DROP_TOP1_R1_L2_HIGH,NEW_MC,TIME_GIVEN_COVERAGE,DWB_L4,False,component_share_birth,4.951054345360305,1596,0.1596840315968403,0.9581041895810418
MC_S1_DROP_TOP1_R1_L2_HIGH,NEW_MC,TIME_GIVEN_COVERAGE,DWB_L4,False,component_share_death,0.6119469592673301,4333,0.4333566643335666,1.0
MC_S1_DROP_TOP1_R1_L2_HIGH,NEW_MC,TIME_GIVEN_COVERAGE,DWB_L4,False,component_share_increase,18.292559804841343,1051,0.1051894810518948,0.9467053294670532
MC_S1_DROP_TOP1_R1_L2_HIGH,NEW_MC,TIME_GIVEN_COVERAGE,DWB_L4,False,support_share_low,14.294246634220292,1178,0.1178882111788821,0.9467053294670532
MC_S1_DROP_TOP1_R1_L2_HIGH,NEW_MC,TIME_GIVEN_COVERAGE,DWB_L4,False,support_share_medium,17.35185418531165,1094,0.1094890510948905,0.9467053294670532
MC_S1_DROP_TOP1_R1_L2_HIGH,NEW_MC,TIME_GIVEN_COVERAGE,DWB_L4,False,rms_low,0.2027103881917753,5295,0.5295470452954705,1.0
MC_S1_DROP_TOP1_R1_L2_HIGH,NEW_MC,TIME_GIVEN_COVERAGE,DWB_L4,False,rms_medium,0.1574238518366115,6237,0.6237376262373763,1.0
MC_S1_DROP_TOP1_R1_L2_HIGH,NEW_MC,TIME_GIVEN_COVERAGE,DWB_L4,False,rms_high,1.999426223337576,2165,0.2165783421657834,1.0
MC_S1_DROP_TOP1_R1_L2_HIGH,NEW_MC,TIME_GIVEN_COVERAGE,DWB_L4,False,persistent_relation_rms,0.5942338444316242,2898,0.2898710128987101,1.0
MC_S1_DROP_TOP1_R1_L2_HIGH,NEW_MC,COVERAGE_GIVEN_TIME,LEGACY_RADEMACHER,False,component_share_birth,0.0246128437383248,9186,0.9186081391860814,1.0
MC_S1_DROP_TOP1_R1_L2_HIGH,NEW_MC,COVERAGE_GIVEN_TIME,LEGACY_RADEMACHER,False,component_share_death,0.2797119429842603,5376,0.5376462353764624,1.0
MC_S1_DROP_TOP1_R1_L2_HIGH,NEW_MC,COVERAGE_GIVEN_TIME,LEGACY_RADEMACHER,False,component_share_increase,0.8401721968812268,8393,0.8393160683931606,1.0
MC_S1_DROP_TOP1_R1_L2_HIGH,NEW_MC,COVERAGE_GIVEN_TIME,LEGACY_RADEMACHER,False,support_share_low,0.984707535192392,7600,0.76002399760024,1.0
MC_S1_DROP_TOP1_R1_L2_HIGH,NEW_MC,COVERAGE_GIVEN_TIME,LEGACY_RADEMACHER,False,support_share_medium,2.054970650924531,5496,0.5496450354964504,1.0
MC_S1_DROP_TOP1_R1_L2_HIGH,NEW_MC,COVERAGE_GIVEN_TIME,LEGACY_RADEMACHER,False,rms_low,3.020485995584305,370,0.0370962903709629,0.2967703229677032
MC_S1_DROP_TOP1_R1_L2_HIGH,NEW_MC,COVERAGE_GIVEN_TIME,LEGACY_RADEMACHER,False,rms_medium,0.0067868020651964,9543,0.9543045695430457,1.0
MC_S1_DROP_TOP1_R1_L2_HIGH,NEW_MC,COVERAGE_GIVEN_TIME,LEGACY_RADEMACHER,False,rms_high,29.92476894777376,0,9.999000099990002e-05,0.0008999100089991
MC_S1_DROP_TOP1_R1_L2_HIGH,NEW_MC,COVERAGE_GIVEN_TIME,LEGACY_RADEMACHER,False,persistent_relation_rms,2.021075863776449,3245,0.3245675432456754,1.0
MC_S1_DROP_TOP1_R1_L2_HIGH,NEW_MC,COVERAGE_GIVEN_TIME,GAUSSIAN_L1,False,component_share_birth,0.0246128437383248,9154,0.9154084591540846,1.0
MC_S1_DROP_TOP1_R1_L2_HIGH,NEW_MC,COVERAGE_GIVEN_TIME,GAUSSIAN_L1,False,component_share_death,0.2797119429842603,5245,0.5245475452454754,1.0
MC_S1_DROP_TOP1_R1_L2_HIGH,NEW_MC,COVERAGE_GIVEN_TIME,GAUSSIAN_L1,False,component_share_increase,0.8401721968812268,6416,0.6416358364163584,1.0
MC_S1_DROP_TOP1_R1_L2_HIGH,NEW_MC,COVERAGE_GIVEN_TIME,GAUSSIAN_L1,False,support_share_low,0.984707535192392,5552,0.5552444755524447,1.0
MC_S1_DROP_TOP1_R1_L2_HIGH,NEW_MC,COVERAGE_GIVEN_TIME,GAUSSIAN_L1,False,support_share_medium,2.054970650924531,4118,0.4118588141185881,1.0
MC_S1_DROP_TOP1_R1_L2_HIGH,NEW_MC,COVERAGE_GIVEN_TIME,GAUSSIAN_L1,False,rms_low,3.020485995584305,425,0.0425957404259574,0.3407659234076592
MC_S1_DROP_TOP1_R1_L2_HIGH,NEW_MC,COVERAGE_GIVEN_TIME,GAUSSIAN_L1,False,rms_medium,0.0067868020651964,9487,0.9487051294870512,1.0
MC_S1_DROP_TOP1_R1_L2_HIGH,NEW_MC,COVERAGE_GIVEN_TIME,GAUSSIAN_L1,False,rms_high,29.92476894777376,3,0.0003999600039996,0.0035996400359964
MC_S1_DROP_TOP1_R1_L2_HIGH,NEW_MC,COVERAGE_GIVEN_TIME,GAUSSIAN_L1,False,persistent_relation_rms,2.021075863776449,3044,0.3044695530446955,1.0
MC_S1_DROP_TOP1_R1_L2_HIGH,NEW_MC,COVERAGE_GIVEN_TIME,DWB_L2,False,component_share_birth,0.0246128437383248,9089,0.9089091090890912,1.0
MC_S1_DROP_TOP1_R1_L2_HIGH,NEW_MC,COVERAGE_GIVEN_TIME,DWB_L2,False,component_share_death,0.2797119429842603,5449,0.5449455054494551,1.0
MC_S1_DROP_TOP1_R1_L2_HIGH,NEW_MC,COVERAGE_GIVEN_TIME,DWB_L2,False,component_share_increase,0.8401721968812268,6476,0.6476352364763523,1.0
MC_S1_DROP_TOP1_R1_L2_HIGH,NEW_MC,COVERAGE_GIVEN_TIME,DWB_L2,False,support_share_low,0.984707535192392,5646,0.5646435356464353,1.0
MC_S1_DROP_TOP1_R1_L2_HIGH,NEW_MC,COVERAGE_GIVEN_TIME,DWB_L2,False,support_share_medium,2.054970650924531,4226,0.4226577342265773,1.0
MC_S1_DROP_TOP1_R1_L2_HIGH,NEW_MC,COVERAGE_GIVEN_TIME,DWB_L2,False,rms_low,3.020485995584305,851,0.0851914808519148,0.6815318468153184
MC_S1_DROP_TOP1_R1_L2_HIGH,NEW_MC,COVERAGE_GIVEN_TIME,DWB_L2,False,rms_medium,0.0067868020651964,9455,0.9455054494550544,1.0
MC_S1_DROP_TOP1_R1_L2_HIGH,NEW_MC,COVERAGE_GIVEN_TIME,DWB_L2,False,rms_high,29.92476894777376,75,0.0075992400759924,0.0683931606839316
MC_S1_DROP_TOP1_R1_L2_HIGH,NEW_MC,COVERAGE_GIVEN_TIME,DWB_L2,False,persistent_relation_rms,2.021075863776449,3033,0.3033696630336966,1.0
MC_S1_DROP_TOP1_R1_L2_HIGH,NEW_MC,COVERAGE_GIVEN_TIME,DWB_L3,True,component_share_birth,0.0246128437383248,8930,0.893010698930107,1.0
MC_S1_DROP_TOP1_R1_L2_HIGH,NEW_MC,COVERAGE_GIVEN_TIME,DWB_L3,True,component_share_death,0.2797119429842603,5194,0.5194480551944806,1.0
MC_S1_DROP_TOP1_R1_L2_HIGH,NEW_MC,COVERAGE_GIVEN_TIME,DWB_L3,True,component_share_increase,0.8401721968812268,6446,0.6446355364463554,1.0
MC_S1_DROP_TOP1_R1_L2_HIGH,NEW_MC,COVERAGE_GIVEN_TIME,DWB_L3,True,support_share_low,0.984707535192392,5538,0.5538446155384461,1.0
MC_S1_DROP_TOP1_R1_L2_HIGH,NEW_MC,COVERAGE_GIVEN_TIME,DWB_L3,True,support_share_medium,2.054970650924531,4173,0.4173582641735826,1.0
MC_S1_DROP_TOP1_R1_L2_HIGH,NEW_MC,COVERAGE_GIVEN_TIME,DWB_L3,True,rms_low,3.020485995584305,1141,0.1141885811418858,0.9135086491350864
MC_S1_DROP_TOP1_R1_L2_HIGH,NEW_MC,COVERAGE_GIVEN_TIME,DWB_L3,True,rms_medium,0.0067868020651964,9362,0.9362063793620636,1.0
MC_S1_DROP_TOP1_R1_L2_HIGH,NEW_MC,COVERAGE_GIVEN_TIME,DWB_L3,True,rms_high,29.92476894777376,229,0.022997700229977,0.206979302069793
MC_S1_DROP_TOP1_R1_L2_HIGH,NEW_MC,COVERAGE_GIVEN_TIME,DWB_L3,True,persistent_relation_rms,2.021075863776449,2468,0.2468753124687531,1.0
MC_S1_DROP_TOP1_R1_L2_HIGH,NEW_MC,COVERAGE_GIVEN_TIME,DWB_L4,False,component_share_birth,0.0246128437383248,8861,0.8861113888611138,1.0
MC_S1_DROP_TOP1_R1_L2_HIGH,NEW_MC,COVERAGE_GIVEN_TIME,DWB_L4,False,component_share_death,0.2797119429842603,4833,0.4833516648335166,1.0
MC_S1_DROP_TOP1_R1_L2_HIGH,NEW_MC,COVERAGE_GIVEN_TIME,DWB_L4,False,component_share_increase,0.8401721968812268,6360,0.6360363963603639,1.0
MC_S1_DROP_TOP1_R1_L2_HIGH,NEW_MC,COVERAGE_GIVEN_TIME,DWB_L4,False,support_share_low,0.984707535192392,5446,0.5446455354464553,1.0
MC_S1_DROP_TOP1_R1_L2_HIGH,NEW_MC,COVERAGE_GIVEN_TIME,DWB_L4,False,support_share_medium,2.054970650924531,4105,0.4105589441055894,1.0
MC_S1_DROP_TOP1_R1_L2_HIGH,NEW_MC,COVERAGE_GIVEN_TIME,DWB_L4,False,rms_low,3.020485995584305,1262,0.1262873712628737,1.0
MC_S1_DROP_TOP1_R1_L2_HIGH,NEW_MC,COVERAGE_GIVEN_TIME,DWB_L4,False,rms_medium,0.0067868020651964,9297,0.9297070292970704,1.0
MC_S1_DROP_TOP1_R1_L2_HIGH,NEW_MC,COVERAGE_GIVEN_TIME,DWB_L4,False,rms_high,29.92476894777376,391,0.0391960803919608,0.3527647235276472
MC_S1_DROP_TOP1_R1_L2_HIGH,NEW_MC,COVERAGE_GIVEN_TIME,DWB_L4,False,persistent_relation_rms,2.021075863776449,2108,0.2108789121087891,1.0
MC_S1_DROP_TOP1_R2_L0_STAGE15_MATCHED,NEW_MC,TIME_GIVEN_COVERAGE,LEGACY_RADEMACHER,False,component_share_birth,10.545806255795943,528,0.0528947105289471,0.3702629737026297
MC_S1_DROP_TOP1_R2_L0_STAGE15_MATCHED,NEW_MC,TIME_GIVEN_COVERAGE,LEGACY_RADEMACHER,False,component_share_death,1.262117679196244,3535,0.3535646435356464,1.0
MC_S1_DROP_TOP1_R2_L0_STAGE15_MATCHED,NEW_MC,TIME_GIVEN_COVERAGE,LEGACY_RADEMACHER,False,component_share_increase,3.082565336096474,1117,0.1117888211178882,0.6707329267073292
MC_S1_DROP_TOP1_R2_L0_STAGE15_MATCHED,NEW_MC,TIME_GIVEN_COVERAGE,LEGACY_RADEMACHER,False,support_share_low,18.44226259126952,357,0.0357964203579642,0.2863713628637136
MC_S1_DROP_TOP1_R2_L0_STAGE15_MATCHED,NEW_MC,TIME_GIVEN_COVERAGE,LEGACY_RADEMACHER,False,support_share_medium,17.598563987077625,278,0.0278972102789721,0.2510748925107489
MC_S1_DROP_TOP1_R2_L0_STAGE15_MATCHED,NEW_MC,TIME_GIVEN_COVERAGE,LEGACY_RADEMACHER,False,rms_low,0.553296992395488,4157,0.4157584241575842,1.0
MC_S1_DROP_TOP1_R2_L0_STAGE15_MATCHED,NEW_MC,TIME_GIVEN_COVERAGE,LEGACY_RADEMACHER,False,rms_medium,0.1481524042256836,6755,0.6755324467553244,1.0
MC_S1_DROP_TOP1_R2_L0_STAGE15_MATCHED,NEW_MC,TIME_GIVEN_COVERAGE,LEGACY_RADEMACHER,False,rms_high,2.04245086930824,2394,0.2394760523947605,0.957904209579042
MC_S1_DROP_TOP1_R2_L0_STAGE15_MATCHED,NEW_MC,TIME_GIVEN_COVERAGE,LEGACY_RADEMACHER,False,persistent_relation_rms,0.6127652806698531,1438,0.1438856114388561,0.7194280571942806
MC_S1_DROP_TOP1_R2_L0_STAGE15_MATCHED,NEW_MC,TIME_GIVEN_COVERAGE,GAUSSIAN_L1,False,component_share_birth,10.545806255795943,603,0.0603939606039396,0.4227577242275772
MC_S1_DROP_TOP1_R2_L0_STAGE15_MATCHED,NEW_MC,TIME_GIVEN_COVERAGE,GAUSSIAN_L1,False,component_share_death,1.262117679196244,3064,0.3064693530646935,0.9194080591940804
MC_S1_DROP_TOP1_R2_L0_STAGE15_MATCHED,NEW_MC,TIME_GIVEN_COVERAGE,GAUSSIAN_L1,False,component_share_increase,3.082565336096474,1105,0.1105889411058894,0.6635336466353364
MC_S1_DROP_TOP1_R2_L0_STAGE15_MATCHED,NEW_MC,TIME_GIVEN_COVERAGE,GAUSSIAN_L1,False,support_share_low,18.44226259126952,390,0.0390960903909609,0.3127687231276872
MC_S1_DROP_TOP1_R2_L0_STAGE15_MATCHED,NEW_MC,TIME_GIVEN_COVERAGE,GAUSSIAN_L1,False,support_share_medium,17.598563987077625,309,0.030996900309969,0.278972102789721
MC_S1_DROP_TOP1_R2_L0_STAGE15_MATCHED,NEW_MC,TIME_GIVEN_COVERAGE,GAUSSIAN_L1,False,rms_low,0.553296992395488,3862,0.3862613738626137,0.9194080591940804
MC_S1_DROP_TOP1_R2_L0_STAGE15_MATCHED,NEW_MC,TIME_GIVEN_COVERAGE,GAUSSIAN_L1,False,rms_medium,0.1481524042256836,6514,0.6514348565143485,0.9194080591940804
MC_S1_DROP_TOP1_R2_L0_STAGE15_MATCHED,NEW_MC,TIME_GIVEN_COVERAGE,GAUSSIAN_L1,False,rms_high,2.04245086930824,2222,0.2222777722227777,0.8891110888911109
MC_S1_DROP_TOP1_R2_L0_STAGE15_MATCHED,NEW_MC,TIME_GIVEN_COVERAGE,GAUSSIAN_L1,False,persistent_relation_rms,0.6127652806698531,1426,0.1426857314268573,0.7134286571342865
MC_S1_DROP_TOP1_R2_L0_STAGE15_MATCHED,NEW_MC,TIME_GIVEN_COVERAGE,DWB_L2,False,component_share_birth,10.545806255795943,1193,0.1193880611938806,0.8357164283571643
MC_S1_DROP_TOP1_R2_L0_STAGE15_MATCHED,NEW_MC,TIME_GIVEN_COVERAGE,DWB_L2,False,component_share_death,1.262117679196244,3927,0.3927607239276072,1.0
MC_S1_DROP_TOP1_R2_L0_STAGE15_MATCHED,NEW_MC,TIME_GIVEN_COVERAGE,DWB_L2,False,component_share_increase,3.082565336096474,1467,0.1467853214678532,0.8807119288071193
MC_S1_DROP_TOP1_R2_L0_STAGE15_MATCHED,NEW_MC,TIME_GIVEN_COVERAGE,DWB_L2,False,support_share_low,18.44226259126952,808,0.0808919108089191,0.6471352864713529
MC_S1_DROP_TOP1_R2_L0_STAGE15_MATCHED,NEW_MC,TIME_GIVEN_COVERAGE,DWB_L2,False,support_share_medium,17.598563987077625,678,0.0678932106789321,0.6110388961103889
MC_S1_DROP_TOP1_R2_L0_STAGE15_MATCHED,NEW_MC,TIME_GIVEN_COVERAGE,DWB_L2,False,rms_low,0.553296992395488,3979,0.397960203979602,1.0
MC_S1_DROP_TOP1_R2_L0_STAGE15_MATCHED,NEW_MC,TIME_GIVEN_COVERAGE,DWB_L2,False,rms_medium,0.1481524042256836,6655,0.6655334466553344,1.0
MC_S1_DROP_TOP1_R2_L0_STAGE15_MATCHED,NEW_MC,TIME_GIVEN_COVERAGE,DWB_L2,False,rms_high,2.04245086930824,2359,0.235976402359764,0.9904009599040096
MC_S1_DROP_TOP1_R2_L0_STAGE15_MATCHED,NEW_MC,TIME_GIVEN_COVERAGE,DWB_L2,False,persistent_relation_rms,0.6127652806698531,1980,0.1980801919808019,0.9904009599040096
MC_S1_DROP_TOP1_R2_L0_STAGE15_MATCHED,NEW_MC,TIME_GIVEN_COVERAGE,DWB_L3,True,component_share_birth,10.545806255795943,1369,0.136986301369863,0.958904109589041
MC_S1_DROP_TOP1_R2_L0_STAGE15_MATCHED,NEW_MC,TIME_GIVEN_COVERAGE,DWB_L3,True,component_share_death,1.262117679196244,4124,0.4124587541245875,1.0
MC_S1_DROP_TOP1_R2_L0_STAGE15_MATCHED,NEW_MC,TIME_GIVEN_COVERAGE,DWB_L3,True,component_share_increase,3.082565336096474,1516,0.1516848315168483,0.958904109589041
MC_S1_DROP_TOP1_R2_L0_STAGE15_MATCHED,NEW_MC,TIME_GIVEN_COVERAGE,DWB_L3,True,support_share_low,18.44226259126952,973,0.0973902609739026,0.7791220877912208
MC_S1_DROP_TOP1_R2_L0_STAGE15_MATCHED,NEW_MC,TIME_GIVEN_COVERAGE,DWB_L3,True,support_share_medium,17.598563987077625,857,0.0857914208579142,0.7721227877212279
MC_S1_DROP_TOP1_R2_L0_STAGE15_MATCHED,NEW_MC,TIME_GIVEN_COVERAGE,DWB_L3,True,rms_low,0.553296992395488,3612,0.3612638736126387,1.0
MC_S1_DROP_TOP1_R2_L0_STAGE15_MATCHED,NEW_MC,TIME_GIVEN_COVERAGE,DWB_L3,True,rms_medium,0.1481524042256836,6503,0.6503349665033497,1.0
MC_S1_DROP_TOP1_R2_L0_STAGE15_MATCHED,NEW_MC,TIME_GIVEN_COVERAGE,DWB_L3,True,rms_high,2.04245086930824,2417,0.2417758224177582,0.9874012598740124
MC_S1_DROP_TOP1_R2_L0_STAGE15_MATCHED,NEW_MC,TIME_GIVEN_COVERAGE,DWB_L3,True,persistent_relation_rms,0.6127652806698531,1974,0.1974802519748025,0.9874012598740124
MC_S1_DROP_TOP1_R2_L0_STAGE15_MATCHED,NEW_MC,TIME_GIVEN_COVERAGE,DWB_L4,False,component_share_birth,10.545806255795943,1481,0.1481851814818518,1.0
MC_S1_DROP_TOP1_R2_L0_STAGE15_MATCHED,NEW_MC,TIME_GIVEN_COVERAGE,DWB_L4,False,component_share_death,1.262117679196244,4139,0.413958604139586,1.0
MC_S1_DROP_TOP1_R2_L0_STAGE15_MATCHED,NEW_MC,TIME_GIVEN_COVERAGE,DWB_L4,False,component_share_increase,3.082565336096474,1559,0.155984401559844,1.0
MC_S1_DROP_TOP1_R2_L0_STAGE15_MATCHED,NEW_MC,TIME_GIVEN_COVERAGE,DWB_L4,False,support_share_low,18.44226259126952,1054,0.1054894510548945,0.881011898810119
MC_S1_DROP_TOP1_R2_L0_STAGE15_MATCHED,NEW_MC,TIME_GIVEN_COVERAGE,DWB_L4,False,support_share_medium,17.598563987077625,978,0.0978902109789021,0.881011898810119
MC_S1_DROP_TOP1_R2_L0_STAGE15_MATCHED,NEW_MC,TIME_GIVEN_COVERAGE,DWB_L4,False,rms_low,0.553296992395488,3385,0.3385661433856614,1.0
MC_S1_DROP_TOP1_R2_L0_STAGE15_MATCHED,NEW_MC,TIME_GIVEN_COVERAGE,DWB_L4,False,rms_medium,0.1481524042256836,6577,0.6577342265773423,1.0
MC_S1_DROP_TOP1_R2_L0_STAGE15_MATCHED,NEW_MC,TIME_GIVEN_COVERAGE,DWB_L4,False,rms_high,2.04245086930824,2504,0.2504749525047495,1.0
MC_S1_DROP_TOP1_R2_L0_STAGE15_MATCHED,NEW_MC,TIME_GIVEN_COVERAGE,DWB_L4,False,persistent_relation_rms,0.6127652806698531,1903,0.1903809619038096,1.0
MC_S1_DROP_TOP1_R2_L0_STAGE15_MATCHED,NEW_MC,COVERAGE_GIVEN_TIME,LEGACY_RADEMACHER,False,component_share_birth,0.0658040633161576,8662,0.8662133786621338,1.0
MC_S1_DROP_TOP1_R2_L0_STAGE15_MATCHED,NEW_MC,COVERAGE_GIVEN_TIME,LEGACY_RADEMACHER,False,component_share_death,0.5371202882822601,4185,0.4185581441855814,1.0
MC_S1_DROP_TOP1_R2_L0_STAGE15_MATCHED,NEW_MC,COVERAGE_GIVEN_TIME,LEGACY_RADEMACHER,False,component_share_increase,1.945345756482197e-05,9991,0.9991000899910008,1.0
MC_S1_DROP_TOP1_R2_L0_STAGE15_MATCHED,NEW_MC,COVERAGE_GIVEN_TIME,LEGACY_RADEMACHER,False,support_share_low,1.867623929414158,5875,0.5875412458754125,1.0
MC_S1_DROP_TOP1_R2_L0_STAGE15_MATCHED,NEW_MC,COVERAGE_GIVEN_TIME,LEGACY_RADEMACHER,False,support_share_medium,2.715054825656651,4252,0.4252574742525747,1.0
MC_S1_DROP_TOP1_R2_L0_STAGE15_MATCHED,NEW_MC,COVERAGE_GIVEN_TIME,LEGACY_RADEMACHER,False,rms_low,2.4636284766899053e-05,9973,0.9973002699730028,1.0
MC_S1_DROP_TOP1_R2_L0_STAGE15_MATCHED,NEW_MC,COVERAGE_GIVEN_TIME,LEGACY_RADEMACHER,False,rms_medium,0.0005027052515664,9874,0.9874012598740126,1.0
MC_S1_DROP_TOP1_R2_L0_STAGE15_MATCHED,NEW_MC,COVERAGE_GIVEN_TIME,LEGACY_RADEMACHER,False,rms_high,33.57589515031699,0,9.999000099990002e-05,0.0008999100089991
MC_S1_DROP_TOP1_R2_L0_STAGE15_MATCHED,NEW_MC,COVERAGE_GIVEN_TIME,LEGACY_RADEMACHER,False,persistent_relation_rms,0.816095725544205,3830,0.3830616938306169,1.0
MC_S1_DROP_TOP1_R2_L0_STAGE15_MATCHED,NEW_MC,COVERAGE_GIVEN_TIME,GAUSSIAN_L1,False,component_share_birth,0.0658040633161576,8597,0.8597140285971403,1.0
MC_S1_DROP_TOP1_R2_L0_STAGE15_MATCHED,NEW_MC,COVERAGE_GIVEN_TIME,GAUSSIAN_L1,False,component_share_death,0.5371202882822601,3979,0.397960203979602,1.0
MC_S1_DROP_TOP1_R2_L0_STAGE15_MATCHED,NEW_MC,COVERAGE_GIVEN_TIME,GAUSSIAN_L1,False,component_share_increase,1.945345756482197e-05,9970,0.997000299970003,1.0
MC_S1_DROP_TOP1_R2_L0_STAGE15_MATCHED,NEW_MC,COVERAGE_GIVEN_TIME,GAUSSIAN_L1,False,support_share_low,1.867623929414158,4639,0.463953604639536,1.0
MC_S1_DROP_TOP1_R2_L0_STAGE15_MATCHED,NEW_MC,COVERAGE_GIVEN_TIME,GAUSSIAN_L1,False,support_share_medium,2.715054825656651,3463,0.3463653634636536,1.0
MC_S1_DROP_TOP1_R2_L0_STAGE15_MATCHED,NEW_MC,COVERAGE_GIVEN_TIME,GAUSSIAN_L1,False,rms_low,2.4636284766899053e-05,9963,0.9963003699630038,1.0
MC_S1_DROP_TOP1_R2_L0_STAGE15_MATCHED,NEW_MC,COVERAGE_GIVEN_TIME,GAUSSIAN_L1,False,rms_medium,0.0005027052515664,9842,0.9842015798420158,1.0
MC_S1_DROP_TOP1_R2_L0_STAGE15_MATCHED,NEW_MC,COVERAGE_GIVEN_TIME,GAUSSIAN_L1,False,rms_high,33.57589515031699,6,0.0006999300069993,0.0062993700629937
MC_S1_DROP_TOP1_R2_L0_STAGE15_MATCHED,NEW_MC,COVERAGE_GIVEN_TIME,GAUSSIAN_L1,False,persistent_relation_rms,0.816095725544205,3635,0.3635636436356364,1.0
MC_S1_DROP_TOP1_R2_L0_STAGE15_MATCHED,NEW_MC,COVERAGE_GIVEN_TIME,DWB_L2,False,component_share_birth,0.0658040633161576,8527,0.8527147285271472,1.0
MC_S1_DROP_TOP1_R2_L0_STAGE15_MATCHED,NEW_MC,COVERAGE_GIVEN_TIME,DWB_L2,False,component_share_death,0.5371202882822601,4518,0.4518548145185481,1.0
MC_S1_DROP_TOP1_R2_L0_STAGE15_MATCHED,NEW_MC,COVERAGE_GIVEN_TIME,DWB_L2,False,component_share_increase,1.945345756482197e-05,9966,0.9966003399660034,1.0
MC_S1_DROP_TOP1_R2_L0_STAGE15_MATCHED,NEW_MC,COVERAGE_GIVEN_TIME,DWB_L2,False,support_share_low,1.867623929414158,4738,0.4738526147385261,1.0
MC_S1_DROP_TOP1_R2_L0_STAGE15_MATCHED,NEW_MC,COVERAGE_GIVEN_TIME,DWB_L2,False,support_share_medium,2.715054825656651,3567,0.3567643235676432,1.0
MC_S1_DROP_TOP1_R2_L0_STAGE15_MATCHED,NEW_MC,COVERAGE_GIVEN_TIME,DWB_L2,False,rms_low,2.4636284766899053e-05,9968,0.9968003199680032,1.0
MC_S1_DROP_TOP1_R2_L0_STAGE15_MATCHED,NEW_MC,COVERAGE_GIVEN_TIME,DWB_L2,False,rms_medium,0.0005027052515664,9850,0.985001499850015,1.0
MC_S1_DROP_TOP1_R2_L0_STAGE15_MATCHED,NEW_MC,COVERAGE_GIVEN_TIME,DWB_L2,False,rms_high,33.57589515031699,77,0.0077992200779922,0.0701929807019298
MC_S1_DROP_TOP1_R2_L0_STAGE15_MATCHED,NEW_MC,COVERAGE_GIVEN_TIME,DWB_L2,False,persistent_relation_rms,0.816095725544205,3683,0.3683631636836316,1.0
MC_S1_DROP_TOP1_R2_L0_STAGE15_MATCHED,NEW_MC,COVERAGE_GIVEN_TIME,DWB_L3,True,component_share_birth,0.0658040633161576,8366,0.8366163383661633,1.0
MC_S1_DROP_TOP1_R2_L0_STAGE15_MATCHED,NEW_MC,COVERAGE_GIVEN_TIME,DWB_L3,True,component_share_death,0.5371202882822601,4370,0.4370562943705629,1.0
MC_S1_DROP_TOP1_R2_L0_STAGE15_MATCHED,NEW_MC,COVERAGE_GIVEN_TIME,DWB_L3,True,component_share_increase,1.945345756482197e-05,9964,0.9964003599640036,1.0
MC_S1_DROP_TOP1_R2_L0_STAGE15_MATCHED,NEW_MC,COVERAGE_GIVEN_TIME,DWB_L3,True,support_share_low,1.867623929414158,4723,0.4723527647235276,1.0
MC_S1_DROP_TOP1_R2_L0_STAGE15_MATCHED,NEW_MC,COVERAGE_GIVEN_TIME,DWB_L3,True,support_share_medium,2.715054825656651,3584,0.3584641535846415,1.0
MC_S1_DROP_TOP1_R2_L0_STAGE15_MATCHED,NEW_MC,COVERAGE_GIVEN_TIME,DWB_L3,True,rms_low,2.4636284766899053e-05,9954,0.9954004599540046,1.0
MC_S1_DROP_TOP1_R2_L0_STAGE15_MATCHED,NEW_MC,COVERAGE_GIVEN_TIME,DWB_L3,True,rms_medium,0.0005027052515664,9858,0.9858014198580142,1.0
MC_S1_DROP_TOP1_R2_L0_STAGE15_MATCHED,NEW_MC,COVERAGE_GIVEN_TIME,DWB_L3,True,rms_high,33.57589515031699,241,0.0241975802419758,0.2177782221777822
MC_S1_DROP_TOP1_R2_L0_STAGE15_MATCHED,NEW_MC,COVERAGE_GIVEN_TIME,DWB_L3,True,persistent_relation_rms,0.816095725544205,3049,0.304969503049695,1.0
MC_S1_DROP_TOP1_R2_L0_STAGE15_MATCHED,NEW_MC,COVERAGE_GIVEN_TIME,DWB_L4,False,component_share_birth,0.0658040633161576,8018,0.8018198180181981,1.0
MC_S1_DROP_TOP1_R2_L0_STAGE15_MATCHED,NEW_MC,COVERAGE_GIVEN_TIME,DWB_L4,False,component_share_death,0.5371202882822601,4124,0.4124587541245875,1.0
MC_S1_DROP_TOP1_R2_L0_STAGE15_MATCHED,NEW_MC,COVERAGE_GIVEN_TIME,DWB_L4,False,component_share_increase,1.945345756482197e-05,9963,0.9963003699630038,1.0
MC_S1_DROP_TOP1_R2_L0_STAGE15_MATCHED,NEW_MC,COVERAGE_GIVEN_TIME,DWB_L4,False,support_share_low,1.867623929414158,4479,0.447955204479552,1.0
MC_S1_DROP_TOP1_R2_L0_STAGE15_MATCHED,NEW_MC,COVERAGE_GIVEN_TIME,DWB_L4,False,support_share_medium,2.715054825656651,3440,0.3440655934406559,1.0
MC_S1_DROP_TOP1_R2_L0_STAGE15_MATCHED,NEW_MC,COVERAGE_GIVEN_TIME,DWB_L4,False,rms_low,2.4636284766899053e-05,9961,0.996100389961004,1.0
MC_S1_DROP_TOP1_R2_L0_STAGE15_MATCHED,NEW_MC,COVERAGE_GIVEN_TIME,DWB_L4,False,rms_medium,0.0005027052515664,9830,0.983001699830017,1.0
MC_S1_DROP_TOP1_R2_L0_STAGE15_MATCHED,NEW_MC,COVERAGE_GIVEN_TIME,DWB_L4,False,rms_high,33.57589515031699,374,0.0374962503749625,0.3374662533746625
MC_S1_DROP_TOP1_R2_L0_STAGE15_MATCHED,NEW_MC,COVERAGE_GIVEN_TIME,DWB_L4,False,persistent_relation_rms,0.816095725544205,2714,0.2714728527147285,1.0
MC_S1_DROP_TOP1_R2_L1_EXTENDED,NEW_MC,TIME_GIVEN_COVERAGE,LEGACY_RADEMACHER,False,component_share_birth,4.201065725191604,1428,0.1428857114288571,0.8573142685731427
MC_S1_DROP_TOP1_R2_L1_EXTENDED,NEW_MC,TIME_GIVEN_COVERAGE,LEGACY_RADEMACHER,False,component_share_death,0.4650001751439312,4175,0.4175582441755824,1.0
MC_S1_DROP_TOP1_R2_L1_EXTENDED,NEW_MC,TIME_GIVEN_COVERAGE,LEGACY_RADEMACHER,False,component_share_increase,8.832281993339187,544,0.0544945505449455,0.3814618538146185
MC_S1_DROP_TOP1_R2_L1_EXTENDED,NEW_MC,TIME_GIVEN_COVERAGE,LEGACY_RADEMACHER,False,support_share_low,11.80185434553755,458,0.0458954104589541,0.3671632836716328
MC_S1_DROP_TOP1_R2_L1_EXTENDED,NEW_MC,TIME_GIVEN_COVERAGE,LEGACY_RADEMACHER,False,support_share_medium,13.11190884873298,346,0.0346965303469653,0.3122687731226877
MC_S1_DROP_TOP1_R2_L1_EXTENDED,NEW_MC,TIME_GIVEN_COVERAGE,LEGACY_RADEMACHER,False,rms_low,0.0176326095157861,9111,0.9111088891110888,1.0
MC_S1_DROP_TOP1_R2_L1_EXTENDED,NEW_MC,TIME_GIVEN_COVERAGE,LEGACY_RADEMACHER,False,rms_medium,0.2374664130908357,6310,0.631036896310369,1.0
MC_S1_DROP_TOP1_R2_L1_EXTENDED,NEW_MC,TIME_GIVEN_COVERAGE,LEGACY_RADEMACHER,False,rms_high,2.2353159830453606,2064,0.2064793520647935,1.0
MC_S1_DROP_TOP1_R2_L1_EXTENDED,NEW_MC,TIME_GIVEN_COVERAGE,LEGACY_RADEMACHER,False,persistent_relation_rms,0.5871374460585415,8813,0.8813118688131187,1.0
MC_S1_DROP_TOP1_R2_L1_EXTENDED,NEW_MC,TIME_GIVEN_COVERAGE,GAUSSIAN_L1,False,component_share_birth,4.201065725191604,1303,0.1303869613038696,0.7823217678232177
MC_S1_DROP_TOP1_R2_L1_EXTENDED,NEW_MC,TIME_GIVEN_COVERAGE,GAUSSIAN_L1,False,component_share_death,0.4650001751439312,3824,0.3824617538246175,1.0
MC_S1_DROP_TOP1_R2_L1_EXTENDED,NEW_MC,TIME_GIVEN_COVERAGE,GAUSSIAN_L1,False,component_share_increase,8.832281993339187,602,0.0602939706029397,0.4220577942205779
MC_S1_DROP_TOP1_R2_L1_EXTENDED,NEW_MC,TIME_GIVEN_COVERAGE,GAUSSIAN_L1,False,support_share_low,11.80185434553755,501,0.0501949805019498,0.4015598440155984
MC_S1_DROP_TOP1_R2_L1_EXTENDED,NEW_MC,TIME_GIVEN_COVERAGE,GAUSSIAN_L1,False,support_share_medium,13.11190884873298,404,0.0404959504049595,0.3644635536446355
MC_S1_DROP_TOP1_R2_L1_EXTENDED,NEW_MC,TIME_GIVEN_COVERAGE,GAUSSIAN_L1,False,rms_low,0.0176326095157861,8937,0.8937106289371063,1.0
MC_S1_DROP_TOP1_R2_L1_EXTENDED,NEW_MC,TIME_GIVEN_COVERAGE,GAUSSIAN_L1,False,rms_medium,0.2374664130908357,6016,0.6016398360163984,1.0
MC_S1_DROP_TOP1_R2_L1_EXTENDED,NEW_MC,TIME_GIVEN_COVERAGE,GAUSSIAN_L1,False,rms_high,2.2353159830453606,1933,0.1933806619338066,0.9669033096690332
MC_S1_DROP_TOP1_R2_L1_EXTENDED,NEW_MC,TIME_GIVEN_COVERAGE,GAUSSIAN_L1,False,persistent_relation_rms,0.5871374460585415,6389,0.638936106389361,1.0
MC_S1_DROP_TOP1_R2_L1_EXTENDED,NEW_MC,TIME_GIVEN_COVERAGE,DWB_L2,False,component_share_birth,4.201065725191604,1598,0.1598840115988401,0.9593040695930406
MC_S1_DROP_TOP1_R2_L1_EXTENDED,NEW_MC,TIME_GIVEN_COVERAGE,DWB_L2,False,component_share_death,0.4650001751439312,4449,0.444955504449555,1.0
MC_S1_DROP_TOP1_R2_L1_EXTENDED,NEW_MC,TIME_GIVEN_COVERAGE,DWB_L2,False,component_share_increase,8.832281993339187,893,0.0893910608939106,0.7181281871812819
MC_S1_DROP_TOP1_R2_L1_EXTENDED,NEW_MC,TIME_GIVEN_COVERAGE,DWB_L2,False,support_share_low,11.80185434553755,921,0.0921907809219078,0.7181281871812819
MC_S1_DROP_TOP1_R2_L1_EXTENDED,NEW_MC,TIME_GIVEN_COVERAGE,DWB_L2,False,support_share_medium,13.11190884873298,797,0.0797920207979202,0.7181281871812819
MC_S1_DROP_TOP1_R2_L1_EXTENDED,NEW_MC,TIME_GIVEN_COVERAGE,DWB_L2,False,rms_low,0.0176326095157861,8890,0.889011098890111,1.0
MC_S1_DROP_TOP1_R2_L1_EXTENDED,NEW_MC,TIME_GIVEN_COVERAGE,DWB_L2,False,rms_medium,0.2374664130908357,6329,0.632936706329367,1.0
MC_S1_DROP_TOP1_R2_L1_EXTENDED,NEW_MC,TIME_GIVEN_COVERAGE,DWB_L2,False,rms_high,2.2353159830453606,2106,0.2106789321067893,1.0
MC_S1_DROP_TOP1_R2_L1_EXTENDED,NEW_MC,TIME_GIVEN_COVERAGE,DWB_L2,False,persistent_relation_rms,0.5871374460585415,6192,0.6192380761923808,1.0
MC_S1_DROP_TOP1_R2_L1_EXTENDED,NEW_MC,TIME_GIVEN_COVERAGE,DWB_L3,True,component_share_birth,4.201065725191604,1643,0.1643835616438356,0.9863013698630136
MC_S1_DROP_TOP1_R2_L1_EXTENDED,NEW_MC,TIME_GIVEN_COVERAGE,DWB_L3,True,component_share_death,0.4650001751439312,4499,0.44995500449955,1.0
MC_S1_DROP_TOP1_R2_L1_EXTENDED,NEW_MC,TIME_GIVEN_COVERAGE,DWB_L3,True,component_share_increase,8.832281993339187,1006,0.1006899310068993,0.8702129787021298
MC_S1_DROP_TOP1_R2_L1_EXTENDED,NEW_MC,TIME_GIVEN_COVERAGE,DWB_L3,True,support_share_low,11.80185434553755,1093,0.1093890610938906,0.8702129787021298
MC_S1_DROP_TOP1_R2_L1_EXTENDED,NEW_MC,TIME_GIVEN_COVERAGE,DWB_L3,True,support_share_medium,13.11190884873298,966,0.0966903309669033,0.8702129787021298
MC_S1_DROP_TOP1_R2_L1_EXTENDED,NEW_MC,TIME_GIVEN_COVERAGE,DWB_L3,True,rms_low,0.0176326095157861,8810,0.881011898810119,1.0
MC_S1_DROP_TOP1_R2_L1_EXTENDED,NEW_MC,TIME_GIVEN_COVERAGE,DWB_L3,True,rms_medium,0.2374664130908357,6147,0.6147385261473852,1.0
MC_S1_DROP_TOP1_R2_L1_EXTENDED,NEW_MC,TIME_GIVEN_COVERAGE,DWB_L3,True,rms_high,2.2353159830453606,2101,0.2101789821017898,1.0
MC_S1_DROP_TOP1_R2_L1_EXTENDED,NEW_MC,TIME_GIVEN_COVERAGE,DWB_L3,True,persistent_relation_rms,0.5871374460585415,6030,0.603039696030397,1.0
MC_S1_DROP_TOP1_R2_L1_EXTENDED,NEW_MC,TIME_GIVEN_COVERAGE,DWB_L4,False,component_share_birth,4.201065725191604,1617,0.1617838216178382,0.9737026297370264
MC_S1_DROP_TOP1_R2_L1_EXTENDED,NEW_MC,TIME_GIVEN_COVERAGE,DWB_L4,False,component_share_death,0.4650001751439312,4270,0.4270572942705729,1.0
MC_S1_DROP_TOP1_R2_L1_EXTENDED,NEW_MC,TIME_GIVEN_COVERAGE,DWB_L4,False,component_share_increase,8.832281993339187,1111,0.1111888811118888,0.9737026297370264
MC_S1_DROP_TOP1_R2_L1_EXTENDED,NEW_MC,TIME_GIVEN_COVERAGE,DWB_L4,False,support_share_low,11.80185434553755,1137,0.1137886211378862,0.9737026297370264
MC_S1_DROP_TOP1_R2_L1_EXTENDED,NEW_MC,TIME_GIVEN_COVERAGE,DWB_L4,False,support_share_medium,13.11190884873298,1081,0.1081891810818918,0.9737026297370264
MC_S1_DROP_TOP1_R2_L1_EXTENDED,NEW_MC,TIME_GIVEN_COVERAGE,DWB_L4,False,rms_low,0.0176326095157861,8751,0.8751124887511249,1.0
MC_S1_DROP_TOP1_R2_L1_EXTENDED,NEW_MC,TIME_GIVEN_COVERAGE,DWB_L4,False,rms_medium,0.2374664130908357,6120,0.6120387961203879,1.0
MC_S1_DROP_TOP1_R2_L1_EXTENDED,NEW_MC,TIME_GIVEN_COVERAGE,DWB_L4,False,rms_high,2.2353159830453606,2112,0.2112788721127887,1.0
MC_S1_DROP_TOP1_R2_L1_EXTENDED,NEW_MC,TIME_GIVEN_COVERAGE,DWB_L4,False,persistent_relation_rms,0.5871374460585415,5757,0.5757424257574243,1.0
MC_S1_DROP_TOP1_R2_L1_EXTENDED,NEW_MC,COVERAGE_GIVEN_TIME,LEGACY_RADEMACHER,False,component_share_birth,0.280784332171784,7034,0.7034296570342966,1.0
MC_S1_DROP_TOP1_R2_L1_EXTENDED,NEW_MC,COVERAGE_GIVEN_TIME,LEGACY_RADEMACHER,False,component_share_death,0.597343953196841,3191,0.3191680831916808,1.0
MC_S1_DROP_TOP1_R2_L1_EXTENDED,NEW_MC,COVERAGE_GIVEN_TIME,LEGACY_RADEMACHER,False,component_share_increase,0.2003707601930457,9235,0.9235076492350764,1.0
MC_S1_DROP_TOP1_R2_L1_EXTENDED,NEW_MC,COVERAGE_GIVEN_TIME,LEGACY_RADEMACHER,False,support_share_low,0.897767269047371,7285,0.7285271472852715,1.0
MC_S1_DROP_TOP1_R2_L1_EXTENDED,NEW_MC,COVERAGE_GIVEN_TIME,LEGACY_RADEMACHER,False,support_share_medium,1.634893728437877,5064,0.5064493550644935,1.0
MC_S1_DROP_TOP1_R2_L1_EXTENDED,NEW_MC,COVERAGE_GIVEN_TIME,LEGACY_RADEMACHER,False,rms_low,4.370076534060878,741,0.0741925807419258,0.5935406459354065
MC_S1_DROP_TOP1_R2_L1_EXTENDED,NEW_MC,COVERAGE_GIVEN_TIME,LEGACY_RADEMACHER,False,rms_medium,0.0484003261333931,8964,0.8964103589641036,1.0
MC_S1_DROP_TOP1_R2_L1_EXTENDED,NEW_MC,COVERAGE_GIVEN_TIME,LEGACY_RADEMACHER,False,rms_high,34.23214220031405,0,9.999000099990002e-05,0.0008999100089991
MC_S1_DROP_TOP1_R2_L1_EXTENDED,NEW_MC,COVERAGE_GIVEN_TIME,LEGACY_RADEMACHER,False,persistent_relation_rms,5.296566995285879,2652,0.2652734726527347,1.0
MC_S1_DROP_TOP1_R2_L1_EXTENDED,NEW_MC,COVERAGE_GIVEN_TIME,GAUSSIAN_L1,False,component_share_birth,0.280784332171784,6970,0.6970302969703029,1.0
MC_S1_DROP_TOP1_R2_L1_EXTENDED,NEW_MC,COVERAGE_GIVEN_TIME,GAUSSIAN_L1,False,component_share_death,0.597343953196841,2989,0.298970102989701,1.0
MC_S1_DROP_TOP1_R2_L1_EXTENDED,NEW_MC,COVERAGE_GIVEN_TIME,GAUSSIAN_L1,False,component_share_increase,0.2003707601930457,7560,0.756024397560244,1.0
MC_S1_DROP_TOP1_R2_L1_EXTENDED,NEW_MC,COVERAGE_GIVEN_TIME,GAUSSIAN_L1,False,support_share_low,0.897767269047371,5307,0.5307469253074693,1.0
MC_S1_DROP_TOP1_R2_L1_EXTENDED,NEW_MC,COVERAGE_GIVEN_TIME,GAUSSIAN_L1,False,support_share_medium,1.634893728437877,3984,0.3984601539846015,1.0
MC_S1_DROP_TOP1_R2_L1_EXTENDED,NEW_MC,COVERAGE_GIVEN_TIME,GAUSSIAN_L1,False,rms_low,4.370076534060878,798,0.0798920107989201,0.6391360863913609
MC_S1_DROP_TOP1_R2_L1_EXTENDED,NEW_MC,COVERAGE_GIVEN_TIME,GAUSSIAN_L1,False,rms_medium,0.0484003261333931,8743,0.8743125687431257,1.0
MC_S1_DROP_TOP1_R2_L1_EXTENDED,NEW_MC,COVERAGE_GIVEN_TIME,GAUSSIAN_L1,False,rms_high,34.23214220031405,7,0.0007999200079992,0.0071992800719928
MC_S1_DROP_TOP1_R2_L1_EXTENDED,NEW_MC,COVERAGE_GIVEN_TIME,GAUSSIAN_L1,False,persistent_relation_rms,5.296566995285879,2272,0.2272772722727727,1.0
MC_S1_DROP_TOP1_R2_L1_EXTENDED,NEW_MC,COVERAGE_GIVEN_TIME,DWB_L2,False,component_share_birth,0.280784332171784,6509,0.650934906509349,1.0
MC_S1_DROP_TOP1_R2_L1_EXTENDED,NEW_MC,COVERAGE_GIVEN_TIME,DWB_L2,False,component_share_death,0.597343953196841,2791,0.2791720827917208,1.0
MC_S1_DROP_TOP1_R2_L1_EXTENDED,NEW_MC,COVERAGE_GIVEN_TIME,DWB_L2,False,component_share_increase,0.2003707601930457,7615,0.7615238476152385,1.0
MC_S1_DROP_TOP1_R2_L1_EXTENDED,NEW_MC,COVERAGE_GIVEN_TIME,DWB_L2,False,support_share_low,0.897767269047371,5431,0.5431456854314568,1.0
MC_S1_DROP_TOP1_R2_L1_EXTENDED,NEW_MC,COVERAGE_GIVEN_TIME,DWB_L2,False,support_share_medium,1.634893728437877,4058,0.4058594140585941,1.0
MC_S1_DROP_TOP1_R2_L1_EXTENDED,NEW_MC,COVERAGE_GIVEN_TIME,DWB_L2,False,rms_low,4.370076534060878,1108,0.1108889111088891,0.8871112888711129
MC_S1_DROP_TOP1_R2_L1_EXTENDED,NEW_MC,COVERAGE_GIVEN_TIME,DWB_L2,False,rms_medium,0.0484003261333931,8834,0.8834116588341165,1.0
MC_S1_DROP_TOP1_R2_L1_EXTENDED,NEW_MC,COVERAGE_GIVEN_TIME,DWB_L2,False,rms_high,34.23214220031405,83,0.0083991600839916,0.0755924407559244
MC_S1_DROP_TOP1_R2_L1_EXTENDED,NEW_MC,COVERAGE_GIVEN_TIME,DWB_L2,False,persistent_relation_rms,5.296566995285879,2284,0.2284771522847715,1.0
MC_S1_DROP_TOP1_R2_L1_EXTENDED,NEW_MC,COVERAGE_GIVEN_TIME,DWB_L3,True,component_share_birth,0.280784332171784,6336,0.6336366363363664,1.0
MC_S1_DROP_TOP1_R2_L1_EXTENDED,NEW_MC,COVERAGE_GIVEN_TIME,DWB_L3,True,component_share_death,0.597343953196841,2909,0.290970902909709,1.0
MC_S1_DROP_TOP1_R2_L1_EXTENDED,NEW_MC,COVERAGE_GIVEN_TIME,DWB_L3,True,component_share_increase,0.2003707601930457,7519,0.7519248075192481,1.0
MC_S1_DROP_TOP1_R2_L1_EXTENDED,NEW_MC,COVERAGE_GIVEN_TIME,DWB_L3,True,support_share_low,0.897767269047371,5290,0.529047095290471,1.0
MC_S1_DROP_TOP1_R2_L1_EXTENDED,NEW_MC,COVERAGE_GIVEN_TIME,DWB_L3,True,support_share_medium,1.634893728437877,4023,0.4023597640235976,1.0
MC_S1_DROP_TOP1_R2_L1_EXTENDED,NEW_MC,COVERAGE_GIVEN_TIME,DWB_L3,True,rms_low,4.370076534060878,1203,0.1203879612038796,0.9631036896310368
MC_S1_DROP_TOP1_R2_L1_EXTENDED,NEW_MC,COVERAGE_GIVEN_TIME,DWB_L3,True,rms_medium,0.0484003261333931,8633,0.8633136686331366,1.0
MC_S1_DROP_TOP1_R2_L1_EXTENDED,NEW_MC,COVERAGE_GIVEN_TIME,DWB_L3,True,rms_high,34.23214220031405,231,0.0231976802319768,0.2087791220877912
MC_S1_DROP_TOP1_R2_L1_EXTENDED,NEW_MC,COVERAGE_GIVEN_TIME,DWB_L3,True,persistent_relation_rms,5.296566995285879,1960,0.1960803919608039,1.0
MC_S1_DROP_TOP1_R2_L1_EXTENDED,NEW_MC,COVERAGE_GIVEN_TIME,DWB_L4,False,component_share_birth,0.280784332171784,5885,0.5885411458854115,1.0
MC_S1_DROP_TOP1_R2_L1_EXTENDED,NEW_MC,COVERAGE_GIVEN_TIME,DWB_L4,False,component_share_death,0.597343953196841,2608,0.2608739126087391,1.0
MC_S1_DROP_TOP1_R2_L1_EXTENDED,NEW_MC,COVERAGE_GIVEN_TIME,DWB_L4,False,component_share_increase,0.2003707601930457,7438,0.7438256174382561,1.0
MC_S1_DROP_TOP1_R2_L1_EXTENDED,NEW_MC,COVERAGE_GIVEN_TIME,DWB_L4,False,support_share_low,0.897767269047371,5140,0.514048595140486,1.0
MC_S1_DROP_TOP1_R2_L1_EXTENDED,NEW_MC,COVERAGE_GIVEN_TIME,DWB_L4,False,support_share_medium,1.634893728437877,3939,0.393960603939606,1.0
MC_S1_DROP_TOP1_R2_L1_EXTENDED,NEW_MC,COVERAGE_GIVEN_TIME,DWB_L4,False,rms_low,4.370076534060878,1312,0.1312868713128687,1.0
MC_S1_DROP_TOP1_R2_L1_EXTENDED,NEW_MC,COVERAGE_GIVEN_TIME,DWB_L4,False,rms_medium,0.0484003261333931,8494,0.8494150584941506,1.0
MC_S1_DROP_TOP1_R2_L1_EXTENDED,NEW_MC,COVERAGE_GIVEN_TIME,DWB_L4,False,rms_high,34.23214220031405,374,0.0374962503749625,0.3374662533746625
MC_S1_DROP_TOP1_R2_L1_EXTENDED,NEW_MC,COVERAGE_GIVEN_TIME,DWB_L4,False,persistent_relation_rms,5.296566995285879,1691,0.1691830816918308,1.0
MC_S1_DROP_TOP1_R2_L2_HIGH,NEW_MC,TIME_GIVEN_COVERAGE,LEGACY_RADEMACHER,False,component_share_birth,4.867847744288397,1135,0.1135886411358864,0.6815318468153185
MC_S1_DROP_TOP1_R2_L2_HIGH,NEW_MC,TIME_GIVEN_COVERAGE,LEGACY_RADEMACHER,False,component_share_death,0.6136976193789696,3774,0.3774622537746225,1.0
MC_S1_DROP_TOP1_R2_L2_HIGH,NEW_MC,TIME_GIVEN_COVERAGE,LEGACY_RADEMACHER,False,component_share_increase,18.2652396820774,453,0.0453954604539546,0.3905609439056094
MC_S1_DROP_TOP1_R2_L2_HIGH,NEW_MC,TIME_GIVEN_COVERAGE,LEGACY_RADEMACHER,False,support_share_low,13.62258950842878,568,0.0568943105689431,0.3982601739826017
MC_S1_DROP_TOP1_R2_L2_HIGH,NEW_MC,TIME_GIVEN_COVERAGE,LEGACY_RADEMACHER,False,support_share_medium,18.31585586578945,433,0.0433956604339566,0.3905609439056094
MC_S1_DROP_TOP1_R2_L2_HIGH,NEW_MC,TIME_GIVEN_COVERAGE,LEGACY_RADEMACHER,False,rms_low,0.2049270136211287,6335,0.6335366463353664,1.0
MC_S1_DROP_TOP1_R2_L2_HIGH,NEW_MC,TIME_GIVEN_COVERAGE,LEGACY_RADEMACHER,False,rms_medium,0.1958693654340635,5952,0.5952404759524048,1.0
MC_S1_DROP_TOP1_R2_L2_HIGH,NEW_MC,TIME_GIVEN_COVERAGE,LEGACY_RADEMACHER,False,rms_high,2.021981280955874,2093,0.2093790620937906,1.0
MC_S1_DROP_TOP1_R2_L2_HIGH,NEW_MC,TIME_GIVEN_COVERAGE,LEGACY_RADEMACHER,False,persistent_relation_rms,0.5811037310642071,3625,0.3625637436256374,1.0
MC_S1_DROP_TOP1_R2_L2_HIGH,NEW_MC,TIME_GIVEN_COVERAGE,GAUSSIAN_L1,False,component_share_birth,4.867847744288397,1163,0.1163883611638836,0.6983301669833016
MC_S1_DROP_TOP1_R2_L2_HIGH,NEW_MC,TIME_GIVEN_COVERAGE,GAUSSIAN_L1,False,component_share_death,0.6136976193789696,3596,0.3596640335966403,1.0
MC_S1_DROP_TOP1_R2_L2_HIGH,NEW_MC,TIME_GIVEN_COVERAGE,GAUSSIAN_L1,False,component_share_increase,18.2652396820774,450,0.0450954904509549,0.3905609439056094
MC_S1_DROP_TOP1_R2_L2_HIGH,NEW_MC,TIME_GIVEN_COVERAGE,GAUSSIAN_L1,False,support_share_low,13.62258950842878,541,0.0541945805419458,0.3905609439056094
MC_S1_DROP_TOP1_R2_L2_HIGH,NEW_MC,TIME_GIVEN_COVERAGE,GAUSSIAN_L1,False,support_share_medium,18.31585586578945,433,0.0433956604339566,0.3905609439056094
MC_S1_DROP_TOP1_R2_L2_HIGH,NEW_MC,TIME_GIVEN_COVERAGE,GAUSSIAN_L1,False,rms_low,0.2049270136211287,5852,0.5852414758524147,1.0
MC_S1_DROP_TOP1_R2_L2_HIGH,NEW_MC,TIME_GIVEN_COVERAGE,GAUSSIAN_L1,False,rms_medium,0.1958693654340635,5768,0.5768423157684232,1.0
MC_S1_DROP_TOP1_R2_L2_HIGH,NEW_MC,TIME_GIVEN_COVERAGE,GAUSSIAN_L1,False,rms_high,2.021981280955874,1893,0.1893810618938106,0.9469053094690532
MC_S1_DROP_TOP1_R2_L2_HIGH,NEW_MC,TIME_GIVEN_COVERAGE,GAUSSIAN_L1,False,persistent_relation_rms,0.5811037310642071,3453,0.3453654634536546,1.0
MC_S1_DROP_TOP1_R2_L2_HIGH,NEW_MC,TIME_GIVEN_COVERAGE,DWB_L2,False,component_share_birth,4.867847744288397,1576,0.1576842315768423,0.9461053894610538
MC_S1_DROP_TOP1_R2_L2_HIGH,NEW_MC,TIME_GIVEN_COVERAGE,DWB_L2,False,component_share_death,0.6136976193789696,4339,0.433956604339566,1.0
MC_S1_DROP_TOP1_R2_L2_HIGH,NEW_MC,TIME_GIVEN_COVERAGE,DWB_L2,False,component_share_increase,18.2652396820774,723,0.0723927607239276,0.6515348465153485
MC_S1_DROP_TOP1_R2_L2_HIGH,NEW_MC,TIME_GIVEN_COVERAGE,DWB_L2,False,support_share_low,13.62258950842878,940,0.0940905909409059,0.6586341365863414
MC_S1_DROP_TOP1_R2_L2_HIGH,NEW_MC,TIME_GIVEN_COVERAGE,DWB_L2,False,support_share_medium,18.31585586578945,796,0.0796920307969203,0.6515348465153485
MC_S1_DROP_TOP1_R2_L2_HIGH,NEW_MC,TIME_GIVEN_COVERAGE,DWB_L2,False,rms_low,0.2049270136211287,5944,0.5944405559444056,1.0
MC_S1_DROP_TOP1_R2_L2_HIGH,NEW_MC,TIME_GIVEN_COVERAGE,DWB_L2,False,rms_medium,0.1958693654340635,5975,0.5975402459754025,1.0
MC_S1_DROP_TOP1_R2_L2_HIGH,NEW_MC,TIME_GIVEN_COVERAGE,DWB_L2,False,rms_high,2.021981280955874,2157,0.2157784221577842,1.0
MC_S1_DROP_TOP1_R2_L2_HIGH,NEW_MC,TIME_GIVEN_COVERAGE,DWB_L2,False,persistent_relation_rms,0.5811037310642071,3100,0.3100689931006899,1.0
MC_S1_DROP_TOP1_R2_L2_HIGH,NEW_MC,TIME_GIVEN_COVERAGE,DWB_L3,True,component_share_birth,4.867847744288397,1584,0.1584841515848415,0.9509049095090492
MC_S1_DROP_TOP1_R2_L2_HIGH,NEW_MC,TIME_GIVEN_COVERAGE,DWB_L3,True,component_share_death,0.6136976193789696,4400,0.4400559944005599,1.0
MC_S1_DROP_TOP1_R2_L2_HIGH,NEW_MC,TIME_GIVEN_COVERAGE,DWB_L3,True,component_share_increase,18.2652396820774,994,0.0994900509949005,0.8954104589541045
MC_S1_DROP_TOP1_R2_L2_HIGH,NEW_MC,TIME_GIVEN_COVERAGE,DWB_L3,True,support_share_low,13.62258950842878,1171,0.1171882811718828,0.8954104589541045
MC_S1_DROP_TOP1_R2_L2_HIGH,NEW_MC,TIME_GIVEN_COVERAGE,DWB_L3,True,support_share_medium,18.31585586578945,1040,0.1040895910408959,0.8954104589541045
MC_S1_DROP_TOP1_R2_L2_HIGH,NEW_MC,TIME_GIVEN_COVERAGE,DWB_L3,True,rms_low,0.2049270136211287,5737,0.5737426257374263,1.0
MC_S1_DROP_TOP1_R2_L2_HIGH,NEW_MC,TIME_GIVEN_COVERAGE,DWB_L3,True,rms_medium,0.1958693654340635,5859,0.585941405859414,1.0
MC_S1_DROP_TOP1_R2_L2_HIGH,NEW_MC,TIME_GIVEN_COVERAGE,DWB_L3,True,rms_high,2.021981280955874,2276,0.2276772322767723,1.0
MC_S1_DROP_TOP1_R2_L2_HIGH,NEW_MC,TIME_GIVEN_COVERAGE,DWB_L3,True,persistent_relation_rms,0.5811037310642071,3058,0.3058694130586941,1.0
MC_S1_DROP_TOP1_R2_L2_HIGH,NEW_MC,TIME_GIVEN_COVERAGE,DWB_L4,False,component_share_birth,4.867847744288397,1551,0.1551844815518448,0.9926007399260074
MC_S1_DROP_TOP1_R2_L2_HIGH,NEW_MC,TIME_GIVEN_COVERAGE,DWB_L4,False,component_share_death,0.6136976193789696,4327,0.4327567243275672,1.0
MC_S1_DROP_TOP1_R2_L2_HIGH,NEW_MC,TIME_GIVEN_COVERAGE,DWB_L4,False,component_share_increase,18.2652396820774,1102,0.1102889711028897,0.9926007399260074
MC_S1_DROP_TOP1_R2_L2_HIGH,NEW_MC,TIME_GIVEN_COVERAGE,DWB_L4,False,support_share_low,13.62258950842878,1199,0.11998800119988,0.9926007399260074
MC_S1_DROP_TOP1_R2_L2_HIGH,NEW_MC,TIME_GIVEN_COVERAGE,DWB_L4,False,support_share_medium,18.31585586578945,1115,0.1115888411158884,0.9926007399260074
MC_S1_DROP_TOP1_R2_L2_HIGH,NEW_MC,TIME_GIVEN_COVERAGE,DWB_L4,False,rms_low,0.2049270136211287,5397,0.5397460253974603,1.0
MC_S1_DROP_TOP1_R2_L2_HIGH,NEW_MC,TIME_GIVEN_COVERAGE,DWB_L4,False,rms_medium,0.1958693654340635,5916,0.5916408359164084,1.0
MC_S1_DROP_TOP1_R2_L2_HIGH,NEW_MC,TIME_GIVEN_COVERAGE,DWB_L4,False,rms_high,2.021981280955874,2266,0.2266773322667733,1.0
MC_S1_DROP_TOP1_R2_L2_HIGH,NEW_MC,TIME_GIVEN_COVERAGE,DWB_L4,False,persistent_relation_rms,0.5811037310642071,2765,0.2765723427657234,1.0
MC_S1_DROP_TOP1_R2_L2_HIGH,NEW_MC,COVERAGE_GIVEN_TIME,LEGACY_RADEMACHER,False,component_share_birth,0.0249251961398115,9174,0.9174082591740826,1.0
MC_S1_DROP_TOP1_R2_L2_HIGH,NEW_MC,COVERAGE_GIVEN_TIME,LEGACY_RADEMACHER,False,component_share_death,0.2784967296579292,5370,0.537046295370463,1.0
MC_S1_DROP_TOP1_R2_L2_HIGH,NEW_MC,COVERAGE_GIVEN_TIME,LEGACY_RADEMACHER,False,component_share_increase,0.8392962759886302,8424,0.8424157584241576,1.0
MC_S1_DROP_TOP1_R2_L2_HIGH,NEW_MC,COVERAGE_GIVEN_TIME,LEGACY_RADEMACHER,False,support_share_low,0.9429851848397988,7627,0.7627237276272373,1.0
MC_S1_DROP_TOP1_R2_L2_HIGH,NEW_MC,COVERAGE_GIVEN_TIME,LEGACY_RADEMACHER,False,support_share_medium,2.1505296279410686,5580,0.5580441955804419,1.0
MC_S1_DROP_TOP1_R2_L2_HIGH,NEW_MC,COVERAGE_GIVEN_TIME,LEGACY_RADEMACHER,False,rms_low,3.038542544059508,365,0.0365963403659634,0.2927707229277072
MC_S1_DROP_TOP1_R2_L2_HIGH,NEW_MC,COVERAGE_GIVEN_TIME,LEGACY_RADEMACHER,False,rms_medium,0.0166255113669677,9239,0.923907609239076,1.0
MC_S1_DROP_TOP1_R2_L2_HIGH,NEW_MC,COVERAGE_GIVEN_TIME,LEGACY_RADEMACHER,False,rms_high,31.55903230168254,0,9.999000099990002e-05,0.0008999100089991
MC_S1_DROP_TOP1_R2_L2_HIGH,NEW_MC,COVERAGE_GIVEN_TIME,LEGACY_RADEMACHER,False,persistent_relation_rms,1.8281351427840955,3291,0.3291670832916708,1.0
MC_S1_DROP_TOP1_R2_L2_HIGH,NEW_MC,COVERAGE_GIVEN_TIME,GAUSSIAN_L1,False,component_share_birth,0.0249251961398115,9149,0.9149085091490852,1.0
MC_S1_DROP_TOP1_R2_L2_HIGH,NEW_MC,COVERAGE_GIVEN_TIME,GAUSSIAN_L1,False,component_share_death,0.2784967296579292,5104,0.5104489551044895,1.0
MC_S1_DROP_TOP1_R2_L2_HIGH,NEW_MC,COVERAGE_GIVEN_TIME,GAUSSIAN_L1,False,component_share_increase,0.8392962759886302,6451,0.6451354864513549,1.0
MC_S1_DROP_TOP1_R2_L2_HIGH,NEW_MC,COVERAGE_GIVEN_TIME,GAUSSIAN_L1,False,support_share_low,0.9429851848397988,5631,0.5631436856314369,1.0
MC_S1_DROP_TOP1_R2_L2_HIGH,NEW_MC,COVERAGE_GIVEN_TIME,GAUSSIAN_L1,False,support_share_medium,2.1505296279410686,4224,0.4224577542245775,1.0
MC_S1_DROP_TOP1_R2_L2_HIGH,NEW_MC,COVERAGE_GIVEN_TIME,GAUSSIAN_L1,False,rms_low,3.038542544059508,344,0.0344965503449655,0.275972402759724
MC_S1_DROP_TOP1_R2_L2_HIGH,NEW_MC,COVERAGE_GIVEN_TIME,GAUSSIAN_L1,False,rms_medium,0.0166255113669677,9146,0.9146085391460854,1.0
MC_S1_DROP_TOP1_R2_L2_HIGH,NEW_MC,COVERAGE_GIVEN_TIME,GAUSSIAN_L1,False,rms_high,31.55903230168254,10,0.0010998900109989,0.0098990100989901
MC_S1_DROP_TOP1_R2_L2_HIGH,NEW_MC,COVERAGE_GIVEN_TIME,GAUSSIAN_L1,False,persistent_relation_rms,1.8281351427840955,3040,0.3040695930406959,1.0
MC_S1_DROP_TOP1_R2_L2_HIGH,NEW_MC,COVERAGE_GIVEN_TIME,DWB_L2,False,component_share_birth,0.0249251961398115,9078,0.9078092190780922,1.0
MC_S1_DROP_TOP1_R2_L2_HIGH,NEW_MC,COVERAGE_GIVEN_TIME,DWB_L2,False,component_share_death,0.2784967296579292,5348,0.5348465153484652,1.0
MC_S1_DROP_TOP1_R2_L2_HIGH,NEW_MC,COVERAGE_GIVEN_TIME,DWB_L2,False,component_share_increase,0.8392962759886302,6392,0.6392360763923608,1.0
MC_S1_DROP_TOP1_R2_L2_HIGH,NEW_MC,COVERAGE_GIVEN_TIME,DWB_L2,False,support_share_low,0.9429851848397988,5606,0.5606439356064393,1.0
MC_S1_DROP_TOP1_R2_L2_HIGH,NEW_MC,COVERAGE_GIVEN_TIME,DWB_L2,False,support_share_medium,2.1505296279410686,4271,0.4271572842715728,1.0
MC_S1_DROP_TOP1_R2_L2_HIGH,NEW_MC,COVERAGE_GIVEN_TIME,DWB_L2,False,rms_low,3.038542544059508,850,0.0850914908509149,0.6807319268073193
MC_S1_DROP_TOP1_R2_L2_HIGH,NEW_MC,COVERAGE_GIVEN_TIME,DWB_L2,False,rms_medium,0.0166255113669677,9157,0.9157084291570844,1.0
MC_S1_DROP_TOP1_R2_L2_HIGH,NEW_MC,COVERAGE_GIVEN_TIME,DWB_L2,False,rms_high,31.55903230168254,92,0.0092990700929907,0.0836916308369163
MC_S1_DROP_TOP1_R2_L2_HIGH,NEW_MC,COVERAGE_GIVEN_TIME,DWB_L2,False,persistent_relation_rms,1.8281351427840955,3034,0.3034696530346965,1.0
MC_S1_DROP_TOP1_R2_L2_HIGH,NEW_MC,COVERAGE_GIVEN_TIME,DWB_L3,True,component_share_birth,0.0249251961398115,9033,0.9033096690330968,1.0
MC_S1_DROP_TOP1_R2_L2_HIGH,NEW_MC,COVERAGE_GIVEN_TIME,DWB_L3,True,component_share_death,0.2784967296579292,5184,0.5184481551844815,1.0
MC_S1_DROP_TOP1_R2_L2_HIGH,NEW_MC,COVERAGE_GIVEN_TIME,DWB_L3,True,component_share_increase,0.8392962759886302,6456,0.6456354364563544,1.0
MC_S1_DROP_TOP1_R2_L2_HIGH,NEW_MC,COVERAGE_GIVEN_TIME,DWB_L3,True,support_share_low,0.9429851848397988,5522,0.5522447755224478,1.0
MC_S1_DROP_TOP1_R2_L2_HIGH,NEW_MC,COVERAGE_GIVEN_TIME,DWB_L3,True,support_share_medium,2.1505296279410686,4180,0.4180581941805819,1.0
MC_S1_DROP_TOP1_R2_L2_HIGH,NEW_MC,COVERAGE_GIVEN_TIME,DWB_L3,True,rms_low,3.038542544059508,1136,0.1136886311368863,0.9095090490950904
MC_S1_DROP_TOP1_R2_L2_HIGH,NEW_MC,COVERAGE_GIVEN_TIME,DWB_L3,True,rms_medium,0.0166255113669677,9053,0.9053094690530948,1.0
MC_S1_DROP_TOP1_R2_L2_HIGH,NEW_MC,COVERAGE_GIVEN_TIME,DWB_L3,True,rms_high,31.55903230168254,221,0.0221977802219778,0.1997800219978002
MC_S1_DROP_TOP1_R2_L2_HIGH,NEW_MC,COVERAGE_GIVEN_TIME,DWB_L3,True,persistent_relation_rms,1.8281351427840955,2581,0.2581741825817418,1.0
MC_S1_DROP_TOP1_R2_L2_HIGH,NEW_MC,COVERAGE_GIVEN_TIME,DWB_L4,False,component_share_birth,0.0249251961398115,8795,0.8795120487951205,1.0
MC_S1_DROP_TOP1_R2_L2_HIGH,NEW_MC,COVERAGE_GIVEN_TIME,DWB_L4,False,component_share_death,0.2784967296579292,4921,0.4921507849215078,1.0
MC_S1_DROP_TOP1_R2_L2_HIGH,NEW_MC,COVERAGE_GIVEN_TIME,DWB_L4,False,component_share_increase,0.8392962759886302,6357,0.6357364263573643,1.0
MC_S1_DROP_TOP1_R2_L2_HIGH,NEW_MC,COVERAGE_GIVEN_TIME,DWB_L4,False,support_share_low,0.9429851848397988,5407,0.5407459254074592,1.0
MC_S1_DROP_TOP1_R2_L2_HIGH,NEW_MC,COVERAGE_GIVEN_TIME,DWB_L4,False,support_share_medium,2.1505296279410686,4094,0.4094590540945905,1.0
MC_S1_DROP_TOP1_R2_L2_HIGH,NEW_MC,COVERAGE_GIVEN_TIME,DWB_L4,False,rms_low,3.038542544059508,1277,0.1277872212778722,1.0
MC_S1_DROP_TOP1_R2_L2_HIGH,NEW_MC,COVERAGE_GIVEN_TIME,DWB_L4,False,rms_medium,0.0166255113669677,8931,0.8931106889311069,1.0
MC_S1_DROP_TOP1_R2_L2_HIGH,NEW_MC,COVERAGE_GIVEN_TIME,DWB_L4,False,rms_high,31.55903230168254,400,0.0400959904009599,0.3608639136086391
MC_S1_DROP_TOP1_R2_L2_HIGH,NEW_MC,COVERAGE_GIVEN_TIME,DWB_L4,False,persistent_relation_rms,1.8281351427840955,2076,0.2076792320767923,1.0
MC_S1_DROP_TOP1_R3_L0_STAGE15_MATCHED,NEW_MC,TIME_GIVEN_COVERAGE,LEGACY_RADEMACHER,False,component_share_birth,11.070604435905082,553,0.0553944605539446,0.3877612238776122
MC_S1_DROP_TOP1_R3_L0_STAGE15_MATCHED,NEW_MC,TIME_GIVEN_COVERAGE,LEGACY_RADEMACHER,False,component_share_death,1.205979486937636,3490,0.3490650934906509,1.0
MC_S1_DROP_TOP1_R3_L0_STAGE15_MATCHED,NEW_MC,TIME_GIVEN_COVERAGE,LEGACY_RADEMACHER,False,component_share_increase,2.869183399794675,1197,0.1197880211978802,0.7187281271872812
MC_S1_DROP_TOP1_R3_L0_STAGE15_MATCHED,NEW_MC,TIME_GIVEN_COVERAGE,LEGACY_RADEMACHER,False,support_share_low,14.3464152570186,352,0.0352964703529647,0.2823717628237176
MC_S1_DROP_TOP1_R3_L0_STAGE15_MATCHED,NEW_MC,TIME_GIVEN_COVERAGE,LEGACY_RADEMACHER,False,support_share_medium,15.701638167120713,262,0.0262973702629737,0.2366763323667633
MC_S1_DROP_TOP1_R3_L0_STAGE15_MATCHED,NEW_MC,TIME_GIVEN_COVERAGE,LEGACY_RADEMACHER,False,rms_low,0.5580196409569744,4243,0.4243575642435756,1.0
MC_S1_DROP_TOP1_R3_L0_STAGE15_MATCHED,NEW_MC,TIME_GIVEN_COVERAGE,LEGACY_RADEMACHER,False,rms_medium,0.0672309145471139,7676,0.7676232376762324,1.0
MC_S1_DROP_TOP1_R3_L0_STAGE15_MATCHED,NEW_MC,TIME_GIVEN_COVERAGE,LEGACY_RADEMACHER,False,rms_high,1.5916704716800822,2796,0.2796720327967203,1.0
MC_S1_DROP_TOP1_R3_L0_STAGE15_MATCHED,NEW_MC,TIME_GIVEN_COVERAGE,LEGACY_RADEMACHER,False,persistent_relation_rms,0.5432046538425244,1642,0.1642835716428357,0.8214178582141786
MC_S1_DROP_TOP1_R3_L0_STAGE15_MATCHED,NEW_MC,TIME_GIVEN_COVERAGE,GAUSSIAN_L1,False,component_share_birth,11.070604435905082,645,0.0645935406459354,0.4521547845215478
MC_S1_DROP_TOP1_R3_L0_STAGE15_MATCHED,NEW_MC,TIME_GIVEN_COVERAGE,GAUSSIAN_L1,False,component_share_death,1.205979486937636,3166,0.3166683331666833,1.0
MC_S1_DROP_TOP1_R3_L0_STAGE15_MATCHED,NEW_MC,TIME_GIVEN_COVERAGE,GAUSSIAN_L1,False,component_share_increase,2.869183399794675,1195,0.1195880411958804,0.7175282471752825
MC_S1_DROP_TOP1_R3_L0_STAGE15_MATCHED,NEW_MC,TIME_GIVEN_COVERAGE,GAUSSIAN_L1,False,support_share_low,14.3464152570186,444,0.0444955504449555,0.355964403559644
MC_S1_DROP_TOP1_R3_L0_STAGE15_MATCHED,NEW_MC,TIME_GIVEN_COVERAGE,GAUSSIAN_L1,False,support_share_medium,15.701638167120713,339,0.033996600339966,0.305969403059694
MC_S1_DROP_TOP1_R3_L0_STAGE15_MATCHED,NEW_MC,TIME_GIVEN_COVERAGE,GAUSSIAN_L1,False,rms_low,0.5580196409569744,3967,0.3967603239676032,1.0
MC_S1_DROP_TOP1_R3_L0_STAGE15_MATCHED,NEW_MC,TIME_GIVEN_COVERAGE,GAUSSIAN_L1,False,rms_medium,0.0672309145471139,7475,0.7475252474752525,1.0
MC_S1_DROP_TOP1_R3_L0_STAGE15_MATCHED,NEW_MC,TIME_GIVEN_COVERAGE,GAUSSIAN_L1,False,rms_high,1.5916704716800822,2562,0.2562743725627437,1.0
MC_S1_DROP_TOP1_R3_L0_STAGE15_MATCHED,NEW_MC,TIME_GIVEN_COVERAGE,GAUSSIAN_L1,False,persistent_relation_rms,0.5432046538425244,1687,0.1687831216878312,0.8439156084391561
MC_S1_DROP_TOP1_R3_L0_STAGE15_MATCHED,NEW_MC,TIME_GIVEN_COVERAGE,DWB_L2,False,component_share_birth,11.070604435905082,1086,0.1086891310868913,0.7608239176082392
MC_S1_DROP_TOP1_R3_L0_STAGE15_MATCHED,NEW_MC,TIME_GIVEN_COVERAGE,DWB_L2,False,component_share_death,1.205979486937636,3825,0.3825617438256174,1.0
MC_S1_DROP_TOP1_R3_L0_STAGE15_MATCHED,NEW_MC,TIME_GIVEN_COVERAGE,DWB_L2,False,component_share_increase,2.869183399794675,1455,0.1455854414558544,0.8735126487351266
MC_S1_DROP_TOP1_R3_L0_STAGE15_MATCHED,NEW_MC,TIME_GIVEN_COVERAGE,DWB_L2,False,support_share_low,14.3464152570186,745,0.0745925407459254,0.5967403259674032
MC_S1_DROP_TOP1_R3_L0_STAGE15_MATCHED,NEW_MC,TIME_GIVEN_COVERAGE,DWB_L2,False,support_share_medium,15.701638167120713,625,0.0625937406259374,0.5633436656334366
MC_S1_DROP_TOP1_R3_L0_STAGE15_MATCHED,NEW_MC,TIME_GIVEN_COVERAGE,DWB_L2,False,rms_low,0.5580196409569744,3954,0.3954604539546045,1.0
MC_S1_DROP_TOP1_R3_L0_STAGE15_MATCHED,NEW_MC,TIME_GIVEN_COVERAGE,DWB_L2,False,rms_medium,0.0672309145471139,7521,0.7521247875212479,1.0
MC_S1_DROP_TOP1_R3_L0_STAGE15_MATCHED,NEW_MC,TIME_GIVEN_COVERAGE,DWB_L2,False,rms_high,1.5916704716800822,2867,0.2867713228677132,1.0
MC_S1_DROP_TOP1_R3_L0_STAGE15_MATCHED,NEW_MC,TIME_GIVEN_COVERAGE,DWB_L2,False,persistent_relation_rms,0.5432046538425244,2192,0.2192780721927807,1.0
MC_S1_DROP_TOP1_R3_L0_STAGE15_MATCHED,NEW_MC,TIME_GIVEN_COVERAGE,DWB_L3,True,component_share_birth,11.070604435905082,1402,0.1402859714028597,0.982001799820018
MC_S1_DROP_TOP1_R3_L0_STAGE15_MATCHED,NEW_MC,TIME_GIVEN_COVERAGE,DWB_L3,True,component_share_death,1.205979486937636,4112,0.4112588741125887,1.0
MC_S1_DROP_TOP1_R3_L0_STAGE15_MATCHED,NEW_MC,TIME_GIVEN_COVERAGE,DWB_L3,True,component_share_increase,2.869183399794675,1515,0.1515848415158484,0.982001799820018
MC_S1_DROP_TOP1_R3_L0_STAGE15_MATCHED,NEW_MC,TIME_GIVEN_COVERAGE,DWB_L3,True,support_share_low,14.3464152570186,929,0.092990700929907,0.7439256074392561
MC_S1_DROP_TOP1_R3_L0_STAGE15_MATCHED,NEW_MC,TIME_GIVEN_COVERAGE,DWB_L3,True,support_share_medium,15.701638167120713,817,0.0817918208179182,0.7361263873612639
MC_S1_DROP_TOP1_R3_L0_STAGE15_MATCHED,NEW_MC,TIME_GIVEN_COVERAGE,DWB_L3,True,rms_low,0.5580196409569744,3827,0.3827617238276172,1.0
MC_S1_DROP_TOP1_R3_L0_STAGE15_MATCHED,NEW_MC,TIME_GIVEN_COVERAGE,DWB_L3,True,rms_medium,0.0672309145471139,7468,0.7468253174682532,1.0
MC_S1_DROP_TOP1_R3_L0_STAGE15_MATCHED,NEW_MC,TIME_GIVEN_COVERAGE,DWB_L3,True,rms_high,1.5916704716800822,2881,0.2881711828817118,1.0
MC_S1_DROP_TOP1_R3_L0_STAGE15_MATCHED,NEW_MC,TIME_GIVEN_COVERAGE,DWB_L3,True,persistent_relation_rms,0.5432046538425244,2226,0.2226777322267773,1.0
MC_S1_DROP_TOP1_R3_L0_STAGE15_MATCHED,NEW_MC,TIME_GIVEN_COVERAGE,DWB_L4,False,component_share_birth,11.070604435905082,1431,0.1431856814318568,1.0
MC_S1_DROP_TOP1_R3_L0_STAGE15_MATCHED,NEW_MC,TIME_GIVEN_COVERAGE,DWB_L4,False,component_share_death,1.205979486937636,4051,0.4051594840515948,1.0
MC_S1_DROP_TOP1_R3_L0_STAGE15_MATCHED,NEW_MC,TIME_GIVEN_COVERAGE,DWB_L4,False,component_share_increase,2.869183399794675,1588,0.1588841115888411,1.0
MC_S1_DROP_TOP1_R3_L0_STAGE15_MATCHED,NEW_MC,TIME_GIVEN_COVERAGE,DWB_L4,False,support_share_low,14.3464152570186,1068,0.1068893110688931,0.8765123487651234
MC_S1_DROP_TOP1_R3_L0_STAGE15_MATCHED,NEW_MC,TIME_GIVEN_COVERAGE,DWB_L4,False,support_share_medium,15.701638167120713,973,0.0973902609739026,0.8765123487651234
MC_S1_DROP_TOP1_R3_L0_STAGE15_MATCHED,NEW_MC,TIME_GIVEN_COVERAGE,DWB_L4,False,rms_low,0.5580196409569744,3480,0.3480651934806519,1.0
MC_S1_DROP_TOP1_R3_L0_STAGE15_MATCHED,NEW_MC,TIME_GIVEN_COVERAGE,DWB_L4,False,rms_medium,0.0672309145471139,7341,0.7341265873412659,1.0
MC_S1_DROP_TOP1_R3_L0_STAGE15_MATCHED,NEW_MC,TIME_GIVEN_COVERAGE,DWB_L4,False,rms_high,1.5916704716800822,2965,0.2965703429657034,1.0
MC_S1_DROP_TOP1_R3_L0_STAGE15_MATCHED,NEW_MC,TIME_GIVEN_COVERAGE,DWB_L4,False,persistent_relation_rms,0.5432046538425244,2190,0.2190780921907809,1.0
MC_S1_DROP_TOP1_R3_L0_STAGE15_MATCHED,NEW_MC,COVERAGE_GIVEN_TIME,LEGACY_RADEMACHER,False,component_share_birth,0.0745953720051986,8603,0.8603139686031397,1.0
MC_S1_DROP_TOP1_R3_L0_STAGE15_MATCHED,NEW_MC,COVERAGE_GIVEN_TIME,LEGACY_RADEMACHER,False,component_share_death,0.5117349107763758,4131,0.4131586841315868,1.0
MC_S1_DROP_TOP1_R3_L0_STAGE15_MATCHED,NEW_MC,COVERAGE_GIVEN_TIME,LEGACY_RADEMACHER,False,component_share_increase,0.0027001806329334,9877,0.9877012298770124,1.0
MC_S1_DROP_TOP1_R3_L0_STAGE15_MATCHED,NEW_MC,COVERAGE_GIVEN_TIME,LEGACY_RADEMACHER,False,support_share_low,1.4366623006919674,5883,0.5883411658834117,1.0
MC_S1_DROP_TOP1_R3_L0_STAGE15_MATCHED,NEW_MC,COVERAGE_GIVEN_TIME,LEGACY_RADEMACHER,False,support_share_medium,2.407886022862275,4227,0.4227577242275772,1.0
MC_S1_DROP_TOP1_R3_L0_STAGE15_MATCHED,NEW_MC,COVERAGE_GIVEN_TIME,LEGACY_RADEMACHER,False,rms_low,2.101264833598293e-05,9981,0.998100189981002,1.0
MC_S1_DROP_TOP1_R3_L0_STAGE15_MATCHED,NEW_MC,COVERAGE_GIVEN_TIME,LEGACY_RADEMACHER,False,rms_medium,0.1614590236042197,7693,0.7693230676932307,1.0
MC_S1_DROP_TOP1_R3_L0_STAGE15_MATCHED,NEW_MC,COVERAGE_GIVEN_TIME,LEGACY_RADEMACHER,False,rms_high,28.691943817078457,0,9.999000099990002e-05,0.0008999100089991
MC_S1_DROP_TOP1_R3_L0_STAGE15_MATCHED,NEW_MC,COVERAGE_GIVEN_TIME,LEGACY_RADEMACHER,False,persistent_relation_rms,0.8493237993326996,3673,0.3673632636736326,1.0
MC_S1_DROP_TOP1_R3_L0_STAGE15_MATCHED,NEW_MC,COVERAGE_GIVEN_TIME,GAUSSIAN_L1,False,component_share_birth,0.0745953720051986,8533,0.8533146685331466,1.0
MC_S1_DROP_TOP1_R3_L0_STAGE15_MATCHED,NEW_MC,COVERAGE_GIVEN_TIME,GAUSSIAN_L1,False,component_share_death,0.5117349107763758,4072,0.4072592740725927,1.0
MC_S1_DROP_TOP1_R3_L0_STAGE15_MATCHED,NEW_MC,COVERAGE_GIVEN_TIME,GAUSSIAN_L1,False,component_share_increase,0.0027001806329334,9592,0.9592040795920408,1.0
MC_S1_DROP_TOP1_R3_L0_STAGE15_MATCHED,NEW_MC,COVERAGE_GIVEN_TIME,GAUSSIAN_L1,False,support_share_low,1.4366623006919674,4690,0.4690530946905309,1.0
MC_S1_DROP_TOP1_R3_L0_STAGE15_MATCHED,NEW_MC,COVERAGE_GIVEN_TIME,GAUSSIAN_L1,False,support_share_medium,2.407886022862275,3439,0.343965603439656,1.0
MC_S1_DROP_TOP1_R3_L0_STAGE15_MATCHED,NEW_MC,COVERAGE_GIVEN_TIME,GAUSSIAN_L1,False,rms_low,2.101264833598293e-05,9967,0.9967003299670032,1.0
MC_S1_DROP_TOP1_R3_L0_STAGE15_MATCHED,NEW_MC,COVERAGE_GIVEN_TIME,GAUSSIAN_L1,False,rms_medium,0.1614590236042197,7226,0.7226277372262774,1.0
MC_S1_DROP_TOP1_R3_L0_STAGE15_MATCHED,NEW_MC,COVERAGE_GIVEN_TIME,GAUSSIAN_L1,False,rms_high,28.691943817078457,10,0.0010998900109989,0.0098990100989901
MC_S1_DROP_TOP1_R3_L0_STAGE15_MATCHED,NEW_MC,COVERAGE_GIVEN_TIME,GAUSSIAN_L1,False,persistent_relation_rms,0.8493237993326996,3547,0.3547645235476452,1.0
MC_S1_DROP_TOP1_R3_L0_STAGE15_MATCHED,NEW_MC,COVERAGE_GIVEN_TIME,DWB_L2,False,component_share_birth,0.0745953720051986,8491,0.8491150884911509,1.0
MC_S1_DROP_TOP1_R3_L0_STAGE15_MATCHED,NEW_MC,COVERAGE_GIVEN_TIME,DWB_L2,False,component_share_death,0.5117349107763758,4583,0.4583541645835416,1.0
MC_S1_DROP_TOP1_R3_L0_STAGE15_MATCHED,NEW_MC,COVERAGE_GIVEN_TIME,DWB_L2,False,component_share_increase,0.0027001806329334,9552,0.9552044795520448,1.0
MC_S1_DROP_TOP1_R3_L0_STAGE15_MATCHED,NEW_MC,COVERAGE_GIVEN_TIME,DWB_L2,False,support_share_low,1.4366623006919674,4795,0.4795520447955204,1.0
MC_S1_DROP_TOP1_R3_L0_STAGE15_MATCHED,NEW_MC,COVERAGE_GIVEN_TIME,DWB_L2,False,support_share_medium,2.407886022862275,3623,0.3623637636236376,1.0
MC_S1_DROP_TOP1_R3_L0_STAGE15_MATCHED,NEW_MC,COVERAGE_GIVEN_TIME,DWB_L2,False,rms_low,2.101264833598293e-05,9967,0.9967003299670032,1.0
MC_S1_DROP_TOP1_R3_L0_STAGE15_MATCHED,NEW_MC,COVERAGE_GIVEN_TIME,DWB_L2,False,rms_medium,0.1614590236042197,7206,0.7206279372062794,1.0
MC_S1_DROP_TOP1_R3_L0_STAGE15_MATCHED,NEW_MC,COVERAGE_GIVEN_TIME,DWB_L2,False,rms_high,28.691943817078457,80,0.0080991900809919,0.0728927107289271
MC_S1_DROP_TOP1_R3_L0_STAGE15_MATCHED,NEW_MC,COVERAGE_GIVEN_TIME,DWB_L2,False,persistent_relation_rms,0.8493237993326996,3540,0.3540645935406459,1.0
MC_S1_DROP_TOP1_R3_L0_STAGE15_MATCHED,NEW_MC,COVERAGE_GIVEN_TIME,DWB_L3,True,component_share_birth,0.0745953720051986,8292,0.8292170782921707,1.0
MC_S1_DROP_TOP1_R3_L0_STAGE15_MATCHED,NEW_MC,COVERAGE_GIVEN_TIME,DWB_L3,True,component_share_death,0.5117349107763758,4446,0.4446555344465553,1.0
MC_S1_DROP_TOP1_R3_L0_STAGE15_MATCHED,NEW_MC,COVERAGE_GIVEN_TIME,DWB_L3,True,component_share_increase,0.0027001806329334,9590,0.959004099590041,1.0
MC_S1_DROP_TOP1_R3_L0_STAGE15_MATCHED,NEW_MC,COVERAGE_GIVEN_TIME,DWB_L3,True,support_share_low,1.4366623006919674,4622,0.4622537746225377,1.0
MC_S1_DROP_TOP1_R3_L0_STAGE15_MATCHED,NEW_MC,COVERAGE_GIVEN_TIME,DWB_L3,True,support_share_medium,2.407886022862275,3507,0.3507649235076492,1.0
MC_S1_DROP_TOP1_R3_L0_STAGE15_MATCHED,NEW_MC,COVERAGE_GIVEN_TIME,DWB_L3,True,rms_low,2.101264833598293e-05,9957,0.9957004299570044,1.0
MC_S1_DROP_TOP1_R3_L0_STAGE15_MATCHED,NEW_MC,COVERAGE_GIVEN_TIME,DWB_L3,True,rms_medium,0.1614590236042197,6828,0.6828317168283171,1.0
MC_S1_DROP_TOP1_R3_L0_STAGE15_MATCHED,NEW_MC,COVERAGE_GIVEN_TIME,DWB_L3,True,rms_high,28.691943817078457,236,0.0236976302369763,0.2132786721327867
MC_S1_DROP_TOP1_R3_L0_STAGE15_MATCHED,NEW_MC,COVERAGE_GIVEN_TIME,DWB_L3,True,persistent_relation_rms,0.8493237993326996,2909,0.290970902909709,1.0
MC_S1_DROP_TOP1_R3_L0_STAGE15_MATCHED,NEW_MC,COVERAGE_GIVEN_TIME,DWB_L4,False,component_share_birth,0.0745953720051986,7992,0.7992200779922007,1.0
MC_S1_DROP_TOP1_R3_L0_STAGE15_MATCHED,NEW_MC,COVERAGE_GIVEN_TIME,DWB_L4,False,component_share_death,0.5117349107763758,4247,0.4247575242475752,1.0
MC_S1_DROP_TOP1_R3_L0_STAGE15_MATCHED,NEW_MC,COVERAGE_GIVEN_TIME,DWB_L4,False,component_share_increase,0.0027001806329334,9568,0.9568043195680432,1.0
MC_S1_DROP_TOP1_R3_L0_STAGE15_MATCHED,NEW_MC,COVERAGE_GIVEN_TIME,DWB_L4,False,support_share_low,1.4366623006919674,4632,0.4632536746325367,1.0
MC_S1_DROP_TOP1_R3_L0_STAGE15_MATCHED,NEW_MC,COVERAGE_GIVEN_TIME,DWB_L4,False,support_share_medium,2.407886022862275,3525,0.3525647435256474,1.0
MC_S1_DROP_TOP1_R3_L0_STAGE15_MATCHED,NEW_MC,COVERAGE_GIVEN_TIME,DWB_L4,False,rms_low,2.101264833598293e-05,9963,0.9963003699630038,1.0
MC_S1_DROP_TOP1_R3_L0_STAGE15_MATCHED,NEW_MC,COVERAGE_GIVEN_TIME,DWB_L4,False,rms_medium,0.1614590236042197,6619,0.6619338066193381,1.0
MC_S1_DROP_TOP1_R3_L0_STAGE15_MATCHED,NEW_MC,COVERAGE_GIVEN_TIME,DWB_L4,False,rms_high,28.691943817078457,396,0.0396960303969603,0.3572642735726427
MC_S1_DROP_TOP1_R3_L0_STAGE15_MATCHED,NEW_MC,COVERAGE_GIVEN_TIME,DWB_L4,False,persistent_relation_rms,0.8493237993326996,2751,0.2751724827517248,1.0
MC_S1_DROP_TOP1_R3_L1_EXTENDED,NEW_MC,TIME_GIVEN_COVERAGE,LEGACY_RADEMACHER,False,component_share_birth,4.066966237880294,1365,0.1365863413658634,0.8195180481951805
MC_S1_DROP_TOP1_R3_L1_EXTENDED,NEW_MC,TIME_GIVEN_COVERAGE,LEGACY_RADEMACHER,False,component_share_death,0.4594765171667809,4192,0.4192580741925807,1.0
MC_S1_DROP_TOP1_R3_L1_EXTENDED,NEW_MC,TIME_GIVEN_COVERAGE,LEGACY_RADEMACHER,False,component_share_increase,10.2499878819942,518,0.0518948105189481,0.4047595240475952
MC_S1_DROP_TOP1_R3_L1_EXTENDED,NEW_MC,TIME_GIVEN_COVERAGE,LEGACY_RADEMACHER,False,support_share_low,12.30533695255695,505,0.0505949405059494,0.4047595240475952
MC_S1_DROP_TOP1_R3_L1_EXTENDED,NEW_MC,TIME_GIVEN_COVERAGE,LEGACY_RADEMACHER,False,support_share_medium,12.799733053306788,385,0.0385961403859614,0.3473652634736526
MC_S1_DROP_TOP1_R3_L1_EXTENDED,NEW_MC,TIME_GIVEN_COVERAGE,LEGACY_RADEMACHER,False,rms_low,0.0193137694699494,9108,0.9108089191080893,1.0
MC_S1_DROP_TOP1_R3_L1_EXTENDED,NEW_MC,TIME_GIVEN_COVERAGE,LEGACY_RADEMACHER,False,rms_medium,0.2356004781277185,5386,0.5386461353864613,1.0
MC_S1_DROP_TOP1_R3_L1_EXTENDED,NEW_MC,TIME_GIVEN_COVERAGE,LEGACY_RADEMACHER,False,rms_high,2.755533793361458,1801,0.1801819818018198,0.9009099090090992
MC_S1_DROP_TOP1_R3_L1_EXTENDED,NEW_MC,TIME_GIVEN_COVERAGE,LEGACY_RADEMACHER,False,persistent_relation_rms,0.6365446843267009,8770,0.877012298770123,1.0
MC_S1_DROP_TOP1_R3_L1_EXTENDED,NEW_MC,TIME_GIVEN_COVERAGE,GAUSSIAN_L1,False,component_share_birth,4.066966237880294,1380,0.1380861913808619,0.8285171482851715
MC_S1_DROP_TOP1_R3_L1_EXTENDED,NEW_MC,TIME_GIVEN_COVERAGE,GAUSSIAN_L1,False,component_share_death,0.4594765171667809,3978,0.3978602139786021,1.0
MC_S1_DROP_TOP1_R3_L1_EXTENDED,NEW_MC,TIME_GIVEN_COVERAGE,GAUSSIAN_L1,False,component_share_increase,10.2499878819942,528,0.0528947105289471,0.3831616838316168
MC_S1_DROP_TOP1_R3_L1_EXTENDED,NEW_MC,TIME_GIVEN_COVERAGE,GAUSSIAN_L1,False,support_share_low,12.30533695255695,478,0.0478952104789521,0.3831616838316168
MC_S1_DROP_TOP1_R3_L1_EXTENDED,NEW_MC,TIME_GIVEN_COVERAGE,GAUSSIAN_L1,False,support_share_medium,12.799733053306788,373,0.0373962603739626,0.3365663433656634
MC_S1_DROP_TOP1_R3_L1_EXTENDED,NEW_MC,TIME_GIVEN_COVERAGE,GAUSSIAN_L1,False,rms_low,0.0193137694699494,8897,0.8897110288971103,1.0
MC_S1_DROP_TOP1_R3_L1_EXTENDED,NEW_MC,TIME_GIVEN_COVERAGE,GAUSSIAN_L1,False,rms_medium,0.2356004781277185,5236,0.5236476352364764,1.0
MC_S1_DROP_TOP1_R3_L1_EXTENDED,NEW_MC,TIME_GIVEN_COVERAGE,GAUSSIAN_L1,False,rms_high,2.755533793361458,1701,0.1701829817018298,0.8509149085091492
MC_S1_DROP_TOP1_R3_L1_EXTENDED,NEW_MC,TIME_GIVEN_COVERAGE,GAUSSIAN_L1,False,persistent_relation_rms,0.6365446843267009,6218,0.6218378162183782,1.0
MC_S1_DROP_TOP1_R3_L1_EXTENDED,NEW_MC,TIME_GIVEN_COVERAGE,DWB_L2,False,component_share_birth,4.066966237880294,1564,0.1564843515648435,0.9389061093890612
MC_S1_DROP_TOP1_R3_L1_EXTENDED,NEW_MC,TIME_GIVEN_COVERAGE,DWB_L2,False,component_share_death,0.4594765171667809,4350,0.4350564943505649,1.0
MC_S1_DROP_TOP1_R3_L1_EXTENDED,NEW_MC,TIME_GIVEN_COVERAGE,DWB_L2,False,component_share_increase,10.2499878819942,830,0.0830916908309169,0.6956304369563043
MC_S1_DROP_TOP1_R3_L1_EXTENDED,NEW_MC,TIME_GIVEN_COVERAGE,DWB_L2,False,support_share_low,12.30533695255695,930,0.0930906909309069,0.6956304369563043
MC_S1_DROP_TOP1_R3_L1_EXTENDED,NEW_MC,TIME_GIVEN_COVERAGE,DWB_L2,False,support_share_medium,12.799733053306788,772,0.0772922707729227,0.6956304369563043
MC_S1_DROP_TOP1_R3_L1_EXTENDED,NEW_MC,TIME_GIVEN_COVERAGE,DWB_L2,False,rms_low,0.0193137694699494,8924,0.8924107589241076,1.0
MC_S1_DROP_TOP1_R3_L1_EXTENDED,NEW_MC,TIME_GIVEN_COVERAGE,DWB_L2,False,rms_medium,0.2356004781277185,5390,0.539046095390461,1.0
MC_S1_DROP_TOP1_R3_L1_EXTENDED,NEW_MC,TIME_GIVEN_COVERAGE,DWB_L2,False,rms_high,2.755533793361458,1927,0.1927807219278072,0.963903609639036
MC_S1_DROP_TOP1_R3_L1_EXTENDED,NEW_MC,TIME_GIVEN_COVERAGE,DWB_L2,False,persistent_relation_rms,0.6365446843267009,6020,0.6020397960203979,1.0
MC_S1_DROP_TOP1_R3_L1_EXTENDED,NEW_MC,TIME_GIVEN_COVERAGE,DWB_L3,True,component_share_birth,4.066966237880294,1589,0.158984101589841,0.9539046095390462
MC_S1_DROP_TOP1_R3_L1_EXTENDED,NEW_MC,TIME_GIVEN_COVERAGE,DWB_L3,True,component_share_death,0.4594765171667809,4475,0.4475552444755524,1.0
MC_S1_DROP_TOP1_R3_L1_EXTENDED,NEW_MC,TIME_GIVEN_COVERAGE,DWB_L3,True,component_share_increase,10.2499878819942,937,0.0937906209379062,0.844115588441156
MC_S1_DROP_TOP1_R3_L1_EXTENDED,NEW_MC,TIME_GIVEN_COVERAGE,DWB_L3,True,support_share_low,12.30533695255695,1061,0.1061893810618938,0.844115588441156
MC_S1_DROP_TOP1_R3_L1_EXTENDED,NEW_MC,TIME_GIVEN_COVERAGE,DWB_L3,True,support_share_medium,12.799733053306788,953,0.0953904609539046,0.844115588441156
MC_S1_DROP_TOP1_R3_L1_EXTENDED,NEW_MC,TIME_GIVEN_COVERAGE,DWB_L3,True,rms_low,0.0193137694699494,8789,0.8789121087891211,1.0
MC_S1_DROP_TOP1_R3_L1_EXTENDED,NEW_MC,TIME_GIVEN_COVERAGE,DWB_L3,True,rms_medium,0.2356004781277185,5293,0.5293470652934706,1.0
MC_S1_DROP_TOP1_R3_L1_EXTENDED,NEW_MC,TIME_GIVEN_COVERAGE,DWB_L3,True,rms_high,2.755533793361458,1953,0.1953804619538046,0.9769023097690231
MC_S1_DROP_TOP1_R3_L1_EXTENDED,NEW_MC,TIME_GIVEN_COVERAGE,DWB_L3,True,persistent_relation_rms,0.6365446843267009,5819,0.581941805819418,1.0
MC_S1_DROP_TOP1_R3_L1_EXTENDED,NEW_MC,TIME_GIVEN_COVERAGE,DWB_L4,False,component_share_birth,4.066966237880294,1676,0.1676832316768323,1.0
MC_S1_DROP_TOP1_R3_L1_EXTENDED,NEW_MC,TIME_GIVEN_COVERAGE,DWB_L4,False,component_share_death,0.4594765171667809,4405,0.4405559444055594,1.0
MC_S1_DROP_TOP1_R3_L1_EXTENDED,NEW_MC,TIME_GIVEN_COVERAGE,DWB_L4,False,component_share_increase,10.2499878819942,1142,0.1142885711428857,0.9962003799620036
MC_S1_DROP_TOP1_R3_L1_EXTENDED,NEW_MC,TIME_GIVEN_COVERAGE,DWB_L4,False,support_share_low,12.30533695255695,1197,0.1197880211978802,0.9962003799620036
MC_S1_DROP_TOP1_R3_L1_EXTENDED,NEW_MC,TIME_GIVEN_COVERAGE,DWB_L4,False,support_share_medium,12.799733053306788,1106,0.1106889311068893,0.9962003799620036
MC_S1_DROP_TOP1_R3_L1_EXTENDED,NEW_MC,TIME_GIVEN_COVERAGE,DWB_L4,False,rms_low,0.0193137694699494,8695,0.8695130486951305,1.0
MC_S1_DROP_TOP1_R3_L1_EXTENDED,NEW_MC,TIME_GIVEN_COVERAGE,DWB_L4,False,rms_medium,0.2356004781277185,5411,0.5411458854114588,1.0
MC_S1_DROP_TOP1_R3_L1_EXTENDED,NEW_MC,TIME_GIVEN_COVERAGE,DWB_L4,False,rms_high,2.755533793361458,2064,0.2064793520647935,1.0
MC_S1_DROP_TOP1_R3_L1_EXTENDED,NEW_MC,TIME_GIVEN_COVERAGE,DWB_L4,False,persistent_relation_rms,0.6365446843267009,5646,0.5646435356464353,1.0
MC_S1_DROP_TOP1_R3_L1_EXTENDED,NEW_MC,COVERAGE_GIVEN_TIME,LEGACY_RADEMACHER,False,component_share_birth,0.2755718567449392,7169,0.716928307169283,1.0
MC_S1_DROP_TOP1_R3_L1_EXTENDED,NEW_MC,COVERAGE_GIVEN_TIME,LEGACY_RADEMACHER,False,component_share_death,0.5924749945757384,3173,0.3173682631736826,1.0
MC_S1_DROP_TOP1_R3_L1_EXTENDED,NEW_MC,COVERAGE_GIVEN_TIME,LEGACY_RADEMACHER,False,component_share_increase,0.2531229017517447,9102,0.9102089791020898,1.0
MC_S1_DROP_TOP1_R3_L1_EXTENDED,NEW_MC,COVERAGE_GIVEN_TIME,LEGACY_RADEMACHER,False,support_share_low,0.884045537297574,7480,0.748025197480252,1.0
MC_S1_DROP_TOP1_R3_L1_EXTENDED,NEW_MC,COVERAGE_GIVEN_TIME,LEGACY_RADEMACHER,False,support_share_medium,1.552266399078409,5366,0.5366463353664633,1.0
MC_S1_DROP_TOP1_R3_L1_EXTENDED,NEW_MC,COVERAGE_GIVEN_TIME,LEGACY_RADEMACHER,False,rms_low,4.437166155189246,727,0.0727927207279272,0.5823417658234177
MC_S1_DROP_TOP1_R3_L1_EXTENDED,NEW_MC,COVERAGE_GIVEN_TIME,LEGACY_RADEMACHER,False,rms_medium,0.0166296941855819,9252,0.9252074792520748,1.0
MC_S1_DROP_TOP1_R3_L1_EXTENDED,NEW_MC,COVERAGE_GIVEN_TIME,LEGACY_RADEMACHER,False,rms_high,39.56416817957074,0,9.999000099990002e-05,0.0008999100089991
MC_S1_DROP_TOP1_R3_L1_EXTENDED,NEW_MC,COVERAGE_GIVEN_TIME,LEGACY_RADEMACHER,False,persistent_relation_rms,5.305971313001685,2729,0.272972702729727,1.0
MC_S1_DROP_TOP1_R3_L1_EXTENDED,NEW_MC,COVERAGE_GIVEN_TIME,GAUSSIAN_L1,False,component_share_birth,0.2755718567449392,6863,0.6863313668633136,1.0
MC_S1_DROP_TOP1_R3_L1_EXTENDED,NEW_MC,COVERAGE_GIVEN_TIME,GAUSSIAN_L1,False,component_share_death,0.5924749945757384,2970,0.2970702929707029,1.0
MC_S1_DROP_TOP1_R3_L1_EXTENDED,NEW_MC,COVERAGE_GIVEN_TIME,GAUSSIAN_L1,False,component_share_increase,0.2531229017517447,7551,0.7551244875512448,1.0
MC_S1_DROP_TOP1_R3_L1_EXTENDED,NEW_MC,COVERAGE_GIVEN_TIME,GAUSSIAN_L1,False,support_share_low,0.884045537297574,5545,0.5545445455454454,1.0
MC_S1_DROP_TOP1_R3_L1_EXTENDED,NEW_MC,COVERAGE_GIVEN_TIME,GAUSSIAN_L1,False,support_share_medium,1.552266399078409,4128,0.4128587141285871,1.0
MC_S1_DROP_TOP1_R3_L1_EXTENDED,NEW_MC,COVERAGE_GIVEN_TIME,GAUSSIAN_L1,False,rms_low,4.437166155189246,766,0.0766923307669233,0.6135386461353864
MC_S1_DROP_TOP1_R3_L1_EXTENDED,NEW_MC,COVERAGE_GIVEN_TIME,GAUSSIAN_L1,False,rms_medium,0.0166296941855819,9069,0.9069093090690932,1.0
MC_S1_DROP_TOP1_R3_L1_EXTENDED,NEW_MC,COVERAGE_GIVEN_TIME,GAUSSIAN_L1,False,rms_high,39.56416817957074,3,0.0003999600039996,0.0035996400359964
MC_S1_DROP_TOP1_R3_L1_EXTENDED,NEW_MC,COVERAGE_GIVEN_TIME,GAUSSIAN_L1,False,persistent_relation_rms,5.305971313001685,2226,0.2226777322267773,1.0
MC_S1_DROP_TOP1_R3_L1_EXTENDED,NEW_MC,COVERAGE_GIVEN_TIME,DWB_L2,False,component_share_birth,0.2755718567449392,6456,0.6456354364563544,1.0
MC_S1_DROP_TOP1_R3_L1_EXTENDED,NEW_MC,COVERAGE_GIVEN_TIME,DWB_L2,False,component_share_death,0.5924749945757384,2768,0.2768723127687231,1.0
MC_S1_DROP_TOP1_R3_L1_EXTENDED,NEW_MC,COVERAGE_GIVEN_TIME,DWB_L2,False,component_share_increase,0.2531229017517447,7463,0.7463253674632536,1.0
MC_S1_DROP_TOP1_R3_L1_EXTENDED,NEW_MC,COVERAGE_GIVEN_TIME,DWB_L2,False,support_share_low,0.884045537297574,5520,0.5520447955204479,1.0
MC_S1_DROP_TOP1_R3_L1_EXTENDED,NEW_MC,COVERAGE_GIVEN_TIME,DWB_L2,False,support_share_medium,1.552266399078409,4154,0.4154584541545845,1.0
MC_S1_DROP_TOP1_R3_L1_EXTENDED,NEW_MC,COVERAGE_GIVEN_TIME,DWB_L2,False,rms_low,4.437166155189246,1098,0.1098890110988901,0.8791120887911209
MC_S1_DROP_TOP1_R3_L1_EXTENDED,NEW_MC,COVERAGE_GIVEN_TIME,DWB_L2,False,rms_medium,0.0166296941855819,9143,0.9143085691430856,1.0
MC_S1_DROP_TOP1_R3_L1_EXTENDED,NEW_MC,COVERAGE_GIVEN_TIME,DWB_L2,False,rms_high,39.56416817957074,80,0.0080991900809919,0.0728927107289271
MC_S1_DROP_TOP1_R3_L1_EXTENDED,NEW_MC,COVERAGE_GIVEN_TIME,DWB_L2,False,persistent_relation_rms,5.305971313001685,2283,0.2283771622837716,1.0
MC_S1_DROP_TOP1_R3_L1_EXTENDED,NEW_MC,COVERAGE_GIVEN_TIME,DWB_L3,True,component_share_birth,0.2755718567449392,6358,0.6358364163583642,1.0
MC_S1_DROP_TOP1_R3_L1_EXTENDED,NEW_MC,COVERAGE_GIVEN_TIME,DWB_L3,True,component_share_death,0.5924749945757384,2943,0.2943705629437056,1.0
MC_S1_DROP_TOP1_R3_L1_EXTENDED,NEW_MC,COVERAGE_GIVEN_TIME,DWB_L3,True,component_share_increase,0.2531229017517447,7434,0.7434256574342566,1.0
MC_S1_DROP_TOP1_R3_L1_EXTENDED,NEW_MC,COVERAGE_GIVEN_TIME,DWB_L3,True,support_share_low,0.884045537297574,5460,0.5460453954604539,1.0
MC_S1_DROP_TOP1_R3_L1_EXTENDED,NEW_MC,COVERAGE_GIVEN_TIME,DWB_L3,True,support_share_medium,1.552266399078409,4128,0.4128587141285871,1.0
MC_S1_DROP_TOP1_R3_L1_EXTENDED,NEW_MC,COVERAGE_GIVEN_TIME,DWB_L3,True,rms_low,4.437166155189246,1218,0.1218878112188781,0.9751024897510248
MC_S1_DROP_TOP1_R3_L1_EXTENDED,NEW_MC,COVERAGE_GIVEN_TIME,DWB_L3,True,rms_medium,0.0166296941855819,9048,0.9048095190480951,1.0
MC_S1_DROP_TOP1_R3_L1_EXTENDED,NEW_MC,COVERAGE_GIVEN_TIME,DWB_L3,True,rms_high,39.56416817957074,220,0.0220977902209779,0.1988801119888011
MC_S1_DROP_TOP1_R3_L1_EXTENDED,NEW_MC,COVERAGE_GIVEN_TIME,DWB_L3,True,persistent_relation_rms,5.305971313001685,1945,0.1945805419458054,1.0
MC_S1_DROP_TOP1_R3_L1_EXTENDED,NEW_MC,COVERAGE_GIVEN_TIME,DWB_L4,False,component_share_birth,0.2755718567449392,5925,0.5925407459254075,1.0
MC_S1_DROP_TOP1_R3_L1_EXTENDED,NEW_MC,COVERAGE_GIVEN_TIME,DWB_L4,False,component_share_death,0.5924749945757384,2646,0.2646735326467353,1.0
MC_S1_DROP_TOP1_R3_L1_EXTENDED,NEW_MC,COVERAGE_GIVEN_TIME,DWB_L4,False,component_share_increase,0.2531229017517447,7356,0.7356264373562644,1.0
MC_S1_DROP_TOP1_R3_L1_EXTENDED,NEW_MC,COVERAGE_GIVEN_TIME,DWB_L4,False,support_share_low,0.884045537297574,5338,0.5338466153384661,1.0
MC_S1_DROP_TOP1_R3_L1_EXTENDED,NEW_MC,COVERAGE_GIVEN_TIME,DWB_L4,False,support_share_medium,1.552266399078409,4051,0.4051594840515948,1.0
MC_S1_DROP_TOP1_R3_L1_EXTENDED,NEW_MC,COVERAGE_GIVEN_TIME,DWB_L4,False,rms_low,4.437166155189246,1320,0.1320867913208679,1.0
MC_S1_DROP_TOP1_R3_L1_EXTENDED,NEW_MC,COVERAGE_GIVEN_TIME,DWB_L4,False,rms_medium,0.0166296941855819,8959,0.8959104089591041,1.0
MC_S1_DROP_TOP1_R3_L1_EXTENDED,NEW_MC,COVERAGE_GIVEN_TIME,DWB_L4,False,rms_high,39.56416817957074,367,0.0367963203679632,0.3311668833116688
MC_S1_DROP_TOP1_R3_L1_EXTENDED,NEW_MC,COVERAGE_GIVEN_TIME,DWB_L4,False,persistent_relation_rms,5.305971313001685,1641,0.1641835816418358,1.0
MC_S1_DROP_TOP1_R3_L2_HIGH,NEW_MC,TIME_GIVEN_COVERAGE,LEGACY_RADEMACHER,False,component_share_birth,4.902100027045513,1108,0.1108889111088891,0.6653334666533347
MC_S1_DROP_TOP1_R3_L2_HIGH,NEW_MC,TIME_GIVEN_COVERAGE,LEGACY_RADEMACHER,False,component_share_death,0.611487310218422,3874,0.3874612538746125,1.0
MC_S1_DROP_TOP1_R3_L2_HIGH,NEW_MC,TIME_GIVEN_COVERAGE,LEGACY_RADEMACHER,False,component_share_increase,18.37038069506632,397,0.0397960203979602,0.3383661633836616
MC_S1_DROP_TOP1_R3_L2_HIGH,NEW_MC,TIME_GIVEN_COVERAGE,LEGACY_RADEMACHER,False,support_share_low,13.88824918975832,508,0.0508949105089491,0.3562643735626437
MC_S1_DROP_TOP1_R3_L2_HIGH,NEW_MC,TIME_GIVEN_COVERAGE,LEGACY_RADEMACHER,False,support_share_medium,17.658527804636194,375,0.0375962403759624,0.3383661633836616
MC_S1_DROP_TOP1_R3_L2_HIGH,NEW_MC,TIME_GIVEN_COVERAGE,LEGACY_RADEMACHER,False,rms_low,0.2025220835796215,6270,0.627037296270373,1.0
MC_S1_DROP_TOP1_R3_L2_HIGH,NEW_MC,TIME_GIVEN_COVERAGE,LEGACY_RADEMACHER,False,rms_medium,0.208067596404728,6088,0.6088391160883911,1.0
MC_S1_DROP_TOP1_R3_L2_HIGH,NEW_MC,TIME_GIVEN_COVERAGE,LEGACY_RADEMACHER,False,rms_high,2.05317111059696,1976,0.1976802319768023,0.9884011598840116
MC_S1_DROP_TOP1_R3_L2_HIGH,NEW_MC,TIME_GIVEN_COVERAGE,LEGACY_RADEMACHER,False,persistent_relation_rms,0.6968443941453586,3695,0.3695630436956304,1.0
MC_S1_DROP_TOP1_R3_L2_HIGH,NEW_MC,TIME_GIVEN_COVERAGE,GAUSSIAN_L1,False,component_share_birth,4.902100027045513,1115,0.1115888411158884,0.6695330466953305
MC_S1_DROP_TOP1_R3_L2_HIGH,NEW_MC,TIME_GIVEN_COVERAGE,GAUSSIAN_L1,False,component_share_death,0.611487310218422,3513,0.3513648635136486,1.0
MC_S1_DROP_TOP1_R3_L2_HIGH,NEW_MC,TIME_GIVEN_COVERAGE,GAUSSIAN_L1,False,component_share_increase,18.37038069506632,440,0.0440955904409559,0.3806619338066194
MC_S1_DROP_TOP1_R3_L2_HIGH,NEW_MC,TIME_GIVEN_COVERAGE,GAUSSIAN_L1,False,support_share_low,13.88824918975832,559,0.055994400559944,0.3919608039196081
MC_S1_DROP_TOP1_R3_L2_HIGH,NEW_MC,TIME_GIVEN_COVERAGE,GAUSSIAN_L1,False,support_share_medium,17.658527804636194,422,0.0422957704229577,0.3806619338066194
MC_S1_DROP_TOP1_R3_L2_HIGH,NEW_MC,TIME_GIVEN_COVERAGE,GAUSSIAN_L1,False,rms_low,0.2025220835796215,5892,0.5892410758924107,1.0
MC_S1_DROP_TOP1_R3_L2_HIGH,NEW_MC,TIME_GIVEN_COVERAGE,GAUSSIAN_L1,False,rms_medium,0.208067596404728,5790,0.579042095790421,1.0
MC_S1_DROP_TOP1_R3_L2_HIGH,NEW_MC,TIME_GIVEN_COVERAGE,GAUSSIAN_L1,False,rms_high,2.05317111059696,1785,0.1785821417858214,0.8929107089291071
MC_S1_DROP_TOP1_R3_L2_HIGH,NEW_MC,TIME_GIVEN_COVERAGE,GAUSSIAN_L1,False,persistent_relation_rms,0.6968443941453586,3600,0.3600639936006399,1.0
MC_S1_DROP_TOP1_R3_L2_HIGH,NEW_MC,TIME_GIVEN_COVERAGE,DWB_L2,False,component_share_birth,4.902100027045513,1492,0.1492850714928507,0.8957104289571043
MC_S1_DROP_TOP1_R3_L2_HIGH,NEW_MC,TIME_GIVEN_COVERAGE,DWB_L2,False,component_share_death,0.611487310218422,4199,0.41995800419958,1.0
MC_S1_DROP_TOP1_R3_L2_HIGH,NEW_MC,TIME_GIVEN_COVERAGE,DWB_L2,False,component_share_increase,18.37038069506632,685,0.0685931406859314,0.6173382661733826
MC_S1_DROP_TOP1_R3_L2_HIGH,NEW_MC,TIME_GIVEN_COVERAGE,DWB_L2,False,support_share_low,13.88824918975832,882,0.0882911708829117,0.6180381961803819
MC_S1_DROP_TOP1_R3_L2_HIGH,NEW_MC,TIME_GIVEN_COVERAGE,DWB_L2,False,support_share_medium,17.658527804636194,743,0.0743925607439256,0.6173382661733826
MC_S1_DROP_TOP1_R3_L2_HIGH,NEW_MC,TIME_GIVEN_COVERAGE,DWB_L2,False,rms_low,0.2025220835796215,6047,0.6047395260473952,1.0
MC_S1_DROP_TOP1_R3_L2_HIGH,NEW_MC,TIME_GIVEN_COVERAGE,DWB_L2,False,rms_medium,0.208067596404728,6001,0.6001399860013998,1.0
MC_S1_DROP_TOP1_R3_L2_HIGH,NEW_MC,TIME_GIVEN_COVERAGE,DWB_L2,False,rms_high,2.05317111059696,1908,0.1908809119088091,0.9544045595440456
MC_S1_DROP_TOP1_R3_L2_HIGH,NEW_MC,TIME_GIVEN_COVERAGE,DWB_L2,False,persistent_relation_rms,0.6968443941453586,3218,0.3218678132186781,1.0
MC_S1_DROP_TOP1_R3_L2_HIGH,NEW_MC,TIME_GIVEN_COVERAGE,DWB_L3,True,component_share_birth,4.902100027045513,1638,0.1638836116388361,0.9833016698330166
MC_S1_DROP_TOP1_R3_L2_HIGH,NEW_MC,TIME_GIVEN_COVERAGE,DWB_L3,True,component_share_death,0.611487310218422,4389,0.438956104389561,1.0
MC_S1_DROP_TOP1_R3_L2_HIGH,NEW_MC,TIME_GIVEN_COVERAGE,DWB_L3,True,component_share_increase,18.37038069506632,973,0.0973902609739026,0.8765123487651234
MC_S1_DROP_TOP1_R3_L2_HIGH,NEW_MC,TIME_GIVEN_COVERAGE,DWB_L3,True,support_share_low,13.88824918975832,1184,0.1184881511848815,0.8765123487651234
MC_S1_DROP_TOP1_R3_L2_HIGH,NEW_MC,TIME_GIVEN_COVERAGE,DWB_L3,True,support_share_medium,17.658527804636194,1035,0.1035896410358964,0.8765123487651234
MC_S1_DROP_TOP1_R3_L2_HIGH,NEW_MC,TIME_GIVEN_COVERAGE,DWB_L3,True,rms_low,0.2025220835796215,5812,0.5812418758124187,1.0
MC_S1_DROP_TOP1_R3_L2_HIGH,NEW_MC,TIME_GIVEN_COVERAGE,DWB_L3,True,rms_medium,0.208067596404728,6006,0.6006399360063993,1.0
MC_S1_DROP_TOP1_R3_L2_HIGH,NEW_MC,TIME_GIVEN_COVERAGE,DWB_L3,True,rms_high,2.05317111059696,2149,0.214978502149785,1.0
MC_S1_DROP_TOP1_R3_L2_HIGH,NEW_MC,TIME_GIVEN_COVERAGE,DWB_L3,True,persistent_relation_rms,0.6968443941453586,3208,0.3208679132086791,1.0
MC_S1_DROP_TOP1_R3_L2_HIGH,NEW_MC,TIME_GIVEN_COVERAGE,DWB_L4,False,component_share_birth,4.902100027045513,1496,0.1496850314968503,0.944005599440056
MC_S1_DROP_TOP1_R3_L2_HIGH,NEW_MC,TIME_GIVEN_COVERAGE,DWB_L4,False,component_share_death,0.611487310218422,4280,0.4280571942805719,1.0
MC_S1_DROP_TOP1_R3_L2_HIGH,NEW_MC,TIME_GIVEN_COVERAGE,DWB_L4,False,component_share_increase,18.37038069506632,1048,0.1048895110488951,0.944005599440056
MC_S1_DROP_TOP1_R3_L2_HIGH,NEW_MC,TIME_GIVEN_COVERAGE,DWB_L4,False,support_share_low,13.88824918975832,1180,0.1180881911808819,0.944005599440056
MC_S1_DROP_TOP1_R3_L2_HIGH,NEW_MC,TIME_GIVEN_COVERAGE,DWB_L4,False,support_share_medium,17.658527804636194,1073,0.1073892610738926,0.944005599440056
MC_S1_DROP_TOP1_R3_L2_HIGH,NEW_MC,TIME_GIVEN_COVERAGE,DWB_L4,False,rms_low,0.2025220835796215,5380,0.538046195380462,1.0
MC_S1_DROP_TOP1_R3_L2_HIGH,NEW_MC,TIME_GIVEN_COVERAGE,DWB_L4,False,rms_medium,0.208067596404728,5982,0.5982401759824018,1.0
MC_S1_DROP_TOP1_R3_L2_HIGH,NEW_MC,TIME_GIVEN_COVERAGE,DWB_L4,False,rms_high,2.05317111059696,2155,0.2155784421557844,1.0
MC_S1_DROP_TOP1_R3_L2_HIGH,NEW_MC,TIME_GIVEN_COVERAGE,DWB_L4,False,persistent_relation_rms,0.6968443941453586,2922,0.2922707729227077,1.0
MC_S1_DROP_TOP1_R3_L2_HIGH,NEW_MC,COVERAGE_GIVEN_TIME,LEGACY_RADEMACHER,False,component_share_birth,0.0260688250407596,9137,0.9137086291370864,1.0
MC_S1_DROP_TOP1_R3_L2_HIGH,NEW_MC,COVERAGE_GIVEN_TIME,LEGACY_RADEMACHER,False,component_share_death,0.2769086045388942,5340,0.534046595340466,1.0
MC_S1_DROP_TOP1_R3_L2_HIGH,NEW_MC,COVERAGE_GIVEN_TIME,LEGACY_RADEMACHER,False,component_share_increase,0.8642842155129955,8315,0.8315168483151685,1.0
MC_S1_DROP_TOP1_R3_L2_HIGH,NEW_MC,COVERAGE_GIVEN_TIME,LEGACY_RADEMACHER,False,support_share_low,0.945902055303776,7695,0.7695230476952305,1.0
MC_S1_DROP_TOP1_R3_L2_HIGH,NEW_MC,COVERAGE_GIVEN_TIME,LEGACY_RADEMACHER,False,support_share_medium,2.070623920742115,5572,0.5572442755724427,1.0
MC_S1_DROP_TOP1_R3_L2_HIGH,NEW_MC,COVERAGE_GIVEN_TIME,LEGACY_RADEMACHER,False,rms_low,3.005909306302433,333,0.0333966603339666,0.2671732826717328
MC_S1_DROP_TOP1_R3_L2_HIGH,NEW_MC,COVERAGE_GIVEN_TIME,LEGACY_RADEMACHER,False,rms_medium,0.0365176759309662,9013,0.9013098690130988,1.0
MC_S1_DROP_TOP1_R3_L2_HIGH,NEW_MC,COVERAGE_GIVEN_TIME,LEGACY_RADEMACHER,False,rms_high,31.051973186183883,0,9.999000099990002e-05,0.0008999100089991
MC_S1_DROP_TOP1_R3_L2_HIGH,NEW_MC,COVERAGE_GIVEN_TIME,LEGACY_RADEMACHER,False,persistent_relation_rms,2.3071163342629823,3267,0.3267673232676732,1.0
MC_S1_DROP_TOP1_R3_L2_HIGH,NEW_MC,COVERAGE_GIVEN_TIME,GAUSSIAN_L1,False,component_share_birth,0.0260688250407596,9097,0.9097090290970904,1.0
MC_S1_DROP_TOP1_R3_L2_HIGH,NEW_MC,COVERAGE_GIVEN_TIME,GAUSSIAN_L1,False,component_share_death,0.2769086045388942,5221,0.5221477852214779,1.0
MC_S1_DROP_TOP1_R3_L2_HIGH,NEW_MC,COVERAGE_GIVEN_TIME,GAUSSIAN_L1,False,component_share_increase,0.8642842155129955,6464,0.6464353564643536,1.0
MC_S1_DROP_TOP1_R3_L2_HIGH,NEW_MC,COVERAGE_GIVEN_TIME,GAUSSIAN_L1,False,support_share_low,0.945902055303776,5729,0.5729427057294271,1.0
MC_S1_DROP_TOP1_R3_L2_HIGH,NEW_MC,COVERAGE_GIVEN_TIME,GAUSSIAN_L1,False,support_share_medium,2.070623920742115,4327,0.4327567243275672,1.0
MC_S1_DROP_TOP1_R3_L2_HIGH,NEW_MC,COVERAGE_GIVEN_TIME,GAUSSIAN_L1,False,rms_low,3.005909306302433,419,0.041995800419958,0.335966403359664
MC_S1_DROP_TOP1_R3_L2_HIGH,NEW_MC,COVERAGE_GIVEN_TIME,GAUSSIAN_L1,False,rms_medium,0.0365176759309662,8833,0.8833116688331167,1.0
MC_S1_DROP_TOP1_R3_L2_HIGH,NEW_MC,COVERAGE_GIVEN_TIME,GAUSSIAN_L1,False,rms_high,31.051973186183883,8,0.0008999100089991,0.0080991900809919
MC_S1_DROP_TOP1_R3_L2_HIGH,NEW_MC,COVERAGE_GIVEN_TIME,GAUSSIAN_L1,False,persistent_relation_rms,2.3071163342629823,3136,0.3136686331366863,1.0
MC_S1_DROP_TOP1_R3_L2_HIGH,NEW_MC,COVERAGE_GIVEN_TIME,DWB_L2,False,component_share_birth,0.0260688250407596,9081,0.9081091890810918,1.0
MC_S1_DROP_TOP1_R3_L2_HIGH,NEW_MC,COVERAGE_GIVEN_TIME,DWB_L2,False,component_share_death,0.2769086045388942,5418,0.5418458154184581,1.0
MC_S1_DROP_TOP1_R3_L2_HIGH,NEW_MC,COVERAGE_GIVEN_TIME,DWB_L2,False,component_share_increase,0.8642842155129955,6389,0.638936106389361,1.0
MC_S1_DROP_TOP1_R3_L2_HIGH,NEW_MC,COVERAGE_GIVEN_TIME,DWB_L2,False,support_share_low,0.945902055303776,5657,0.5657434256574343,1.0
MC_S1_DROP_TOP1_R3_L2_HIGH,NEW_MC,COVERAGE_GIVEN_TIME,DWB_L2,False,support_share_medium,2.070623920742115,4256,0.4256574342565743,1.0
MC_S1_DROP_TOP1_R3_L2_HIGH,NEW_MC,COVERAGE_GIVEN_TIME,DWB_L2,False,rms_low,3.005909306302433,827,0.0827917208279172,0.6623337666233376
MC_S1_DROP_TOP1_R3_L2_HIGH,NEW_MC,COVERAGE_GIVEN_TIME,DWB_L2,False,rms_medium,0.0365176759309662,8840,0.884011598840116,1.0
MC_S1_DROP_TOP1_R3_L2_HIGH,NEW_MC,COVERAGE_GIVEN_TIME,DWB_L2,False,rms_high,31.051973186183883,84,0.0084991500849915,0.0764923507649235
MC_S1_DROP_TOP1_R3_L2_HIGH,NEW_MC,COVERAGE_GIVEN_TIME,DWB_L2,False,persistent_relation_rms,2.3071163342629823,3112,0.3112688731126887,1.0
MC_S1_DROP_TOP1_R3_L2_HIGH,NEW_MC,COVERAGE_GIVEN_TIME,DWB_L3,True,component_share_birth,0.0260688250407596,8968,0.8968103189681031,1.0
MC_S1_DROP_TOP1_R3_L2_HIGH,NEW_MC,COVERAGE_GIVEN_TIME,DWB_L3,True,component_share_death,0.2769086045388942,5069,0.5069493050694931,1.0
MC_S1_DROP_TOP1_R3_L2_HIGH,NEW_MC,COVERAGE_GIVEN_TIME,DWB_L3,True,component_share_increase,0.8642842155129955,6399,0.6399360063993601,1.0
MC_S1_DROP_TOP1_R3_L2_HIGH,NEW_MC,COVERAGE_GIVEN_TIME,DWB_L3,True,support_share_low,0.945902055303776,5602,0.5602439756024398,1.0
MC_S1_DROP_TOP1_R3_L2_HIGH,NEW_MC,COVERAGE_GIVEN_TIME,DWB_L3,True,support_share_medium,2.070623920742115,4304,0.4304569543045695,1.0
MC_S1_DROP_TOP1_R3_L2_HIGH,NEW_MC,COVERAGE_GIVEN_TIME,DWB_L3,True,rms_low,3.005909306302433,1037,0.1037896210378962,0.8303169683031697
MC_S1_DROP_TOP1_R3_L2_HIGH,NEW_MC,COVERAGE_GIVEN_TIME,DWB_L3,True,rms_medium,0.0365176759309662,8661,0.8661133886611339,1.0
MC_S1_DROP_TOP1_R3_L2_HIGH,NEW_MC,COVERAGE_GIVEN_TIME,DWB_L3,True,rms_high,31.051973186183883,225,0.0225977402259774,0.2033796620337966
MC_S1_DROP_TOP1_R3_L2_HIGH,NEW_MC,COVERAGE_GIVEN_TIME,DWB_L3,True,persistent_relation_rms,2.3071163342629823,2589,0.258974102589741,1.0
MC_S1_DROP_TOP1_R3_L2_HIGH,NEW_MC,COVERAGE_GIVEN_TIME,DWB_L4,False,component_share_birth,0.0260688250407596,8815,0.8815118488151185,1.0
MC_S1_DROP_TOP1_R3_L2_HIGH,NEW_MC,COVERAGE_GIVEN_TIME,DWB_L4,False,component_share_death,0.2769086045388942,4859,0.485951404859514,1.0
MC_S1_DROP_TOP1_R3_L2_HIGH,NEW_MC,COVERAGE_GIVEN_TIME,DWB_L4,False,component_share_increase,0.8642842155129955,6319,0.6319368063193681,1.0
MC_S1_DROP_TOP1_R3_L2_HIGH,NEW_MC,COVERAGE_GIVEN_TIME,DWB_L4,False,support_share_low,0.945902055303776,5479,0.547945205479452,1.0
MC_S1_DROP_TOP1_R3_L2_HIGH,NEW_MC,COVERAGE_GIVEN_TIME,DWB_L4,False,support_share_medium,2.070623920742115,4187,0.4187581241875812,1.0
MC_S1_DROP_TOP1_R3_L2_HIGH,NEW_MC,COVERAGE_GIVEN_TIME,DWB_L4,False,rms_low,3.005909306302433,1244,0.1244875512448755,0.995900409959004
MC_S1_DROP_TOP1_R3_L2_HIGH,NEW_MC,COVERAGE_GIVEN_TIME,DWB_L4,False,rms_medium,0.0365176759309662,8548,0.8548145185481452,1.0
MC_S1_DROP_TOP1_R3_L2_HIGH,NEW_MC,COVERAGE_GIVEN_TIME,DWB_L4,False,rms_high,31.051973186183883,384,0.0384961503849615,0.3464653534646535
MC_S1_DROP_TOP1_R3_L2_HIGH,NEW_MC,COVERAGE_GIVEN_TIME,DWB_L4,False,persistent_relation_rms,2.3071163342629823,2099,0.20997900209979,1.0
MC_S1_DROP_TOP1_R4_L0_STAGE15_MATCHED,NEW_MC,TIME_GIVEN_COVERAGE,LEGACY_RADEMACHER,False,component_share_birth,10.359750919661792,579,0.057994200579942,0.4059594040595941
MC_S1_DROP_TOP1_R4_L0_STAGE15_MATCHED,NEW_MC,TIME_GIVEN_COVERAGE,LEGACY_RADEMACHER,False,component_share_death,1.23923495410682,3571,0.3571642835716428,1.0
MC_S1_DROP_TOP1_R4_L0_STAGE15_MATCHED,NEW_MC,TIME_GIVEN_COVERAGE,LEGACY_RADEMACHER,False,component_share_increase,3.534737913594931,1090,0.1090890910908909,0.6545345465453454
MC_S1_DROP_TOP1_R4_L0_STAGE15_MATCHED,NEW_MC,TIME_GIVEN_COVERAGE,LEGACY_RADEMACHER,False,support_share_low,15.612515111083624,400,0.0400959904009599,0.3207679232076792
MC_S1_DROP_TOP1_R4_L0_STAGE15_MATCHED,NEW_MC,TIME_GIVEN_COVERAGE,LEGACY_RADEMACHER,False,support_share_medium,17.225562302360068,307,0.0307969203079692,0.2771722827717228
MC_S1_DROP_TOP1_R4_L0_STAGE15_MATCHED,NEW_MC,TIME_GIVEN_COVERAGE,LEGACY_RADEMACHER,False,rms_low,0.5734293226853566,4170,0.4170582941705829,1.0
MC_S1_DROP_TOP1_R4_L0_STAGE15_MATCHED,NEW_MC,TIME_GIVEN_COVERAGE,LEGACY_RADEMACHER,False,rms_medium,0.1498162637690185,6472,0.6472352764723528,1.0
MC_S1_DROP_TOP1_R4_L0_STAGE15_MATCHED,NEW_MC,TIME_GIVEN_COVERAGE,LEGACY_RADEMACHER,False,rms_high,2.274204901820891,1558,0.1558844115588441,0.7749225077492251
MC_S1_DROP_TOP1_R4_L0_STAGE15_MATCHED,NEW_MC,TIME_GIVEN_COVERAGE,LEGACY_RADEMACHER,False,persistent_relation_rms,0.5834473081040343,1549,0.154984501549845,0.7749225077492251
MC_S1_DROP_TOP1_R4_L0_STAGE15_MATCHED,NEW_MC,TIME_GIVEN_COVERAGE,GAUSSIAN_L1,False,component_share_birth,10.359750919661792,542,0.0542945705429457,0.3800619938006199
MC_S1_DROP_TOP1_R4_L0_STAGE15_MATCHED,NEW_MC,TIME_GIVEN_COVERAGE,GAUSSIAN_L1,False,component_share_death,1.23923495410682,3072,0.3072692730726927,0.9218078192180784
MC_S1_DROP_TOP1_R4_L0_STAGE15_MATCHED,NEW_MC,TIME_GIVEN_COVERAGE,GAUSSIAN_L1,False,component_share_increase,3.534737913594931,1076,0.1076892310768923,0.6461353864613538
MC_S1_DROP_TOP1_R4_L0_STAGE15_MATCHED,NEW_MC,TIME_GIVEN_COVERAGE,GAUSSIAN_L1,False,support_share_low,15.612515111083624,465,0.0465953404659534,0.3727627237276272
MC_S1_DROP_TOP1_R4_L0_STAGE15_MATCHED,NEW_MC,TIME_GIVEN_COVERAGE,GAUSSIAN_L1,False,support_share_medium,17.225562302360068,359,0.035996400359964,0.323967603239676
MC_S1_DROP_TOP1_R4_L0_STAGE15_MATCHED,NEW_MC,TIME_GIVEN_COVERAGE,GAUSSIAN_L1,False,rms_low,0.5734293226853566,3768,0.3768623137686231,0.9218078192180784
MC_S1_DROP_TOP1_R4_L0_STAGE15_MATCHED,NEW_MC,TIME_GIVEN_COVERAGE,GAUSSIAN_L1,False,rms_medium,0.1498162637690185,6384,0.6384361563843616,0.9218078192180784
MC_S1_DROP_TOP1_R4_L0_STAGE15_MATCHED,NEW_MC,TIME_GIVEN_COVERAGE,GAUSSIAN_L1,False,rms_high,2.274204901820891,1520,0.1520847915208479,0.7604239576042395
MC_S1_DROP_TOP1_R4_L0_STAGE15_MATCHED,NEW_MC,TIME_GIVEN_COVERAGE,GAUSSIAN_L1,False,persistent_relation_rms,0.5834473081040343,1553,0.1553844615538446,0.7604239576042395
MC_S1_DROP_TOP1_R4_L0_STAGE15_MATCHED,NEW_MC,TIME_GIVEN_COVERAGE,DWB_L2,False,component_share_birth,10.359750919661792,1083,0.1083891610838916,0.7587241275872413
MC_S1_DROP_TOP1_R4_L0_STAGE15_MATCHED,NEW_MC,TIME_GIVEN_COVERAGE,DWB_L2,False,component_share_death,1.23923495410682,3811,0.3811618838116188,1.0
MC_S1_DROP_TOP1_R4_L0_STAGE15_MATCHED,NEW_MC,TIME_GIVEN_COVERAGE,DWB_L2,False,component_share_increase,3.534737913594931,1366,0.1366863313668633,0.8201179882011799
MC_S1_DROP_TOP1_R4_L0_STAGE15_MATCHED,NEW_MC,TIME_GIVEN_COVERAGE,DWB_L2,False,support_share_low,15.612515111083624,789,0.078992100789921,0.6319368063193681
MC_S1_DROP_TOP1_R4_L0_STAGE15_MATCHED,NEW_MC,TIME_GIVEN_COVERAGE,DWB_L2,False,support_share_medium,17.225562302360068,643,0.0643935606439356,0.5795420457954205
MC_S1_DROP_TOP1_R4_L0_STAGE15_MATCHED,NEW_MC,TIME_GIVEN_COVERAGE,DWB_L2,False,rms_low,0.5734293226853566,3951,0.3951604839516048,1.0
MC_S1_DROP_TOP1_R4_L0_STAGE15_MATCHED,NEW_MC,TIME_GIVEN_COVERAGE,DWB_L2,False,rms_medium,0.1498162637690185,6472,0.6472352764723528,1.0
MC_S1_DROP_TOP1_R4_L0_STAGE15_MATCHED,NEW_MC,TIME_GIVEN_COVERAGE,DWB_L2,False,rms_high,2.274204901820891,1721,0.1721827817218278,0.8609139086091391
MC_S1_DROP_TOP1_R4_L0_STAGE15_MATCHED,NEW_MC,TIME_GIVEN_COVERAGE,DWB_L2,False,persistent_relation_rms,0.5834473081040343,2010,0.2010798920107989,0.8609139086091391
MC_S1_DROP_TOP1_R4_L0_STAGE15_MATCHED,NEW_MC,TIME_GIVEN_COVERAGE,DWB_L3,True,component_share_birth,10.359750919661792,1352,0.1352864713528647,0.9470052994700529
MC_S1_DROP_TOP1_R4_L0_STAGE15_MATCHED,NEW_MC,TIME_GIVEN_COVERAGE,DWB_L3,True,component_share_death,1.23923495410682,3986,0.3986601339866013,1.0
MC_S1_DROP_TOP1_R4_L0_STAGE15_MATCHED,NEW_MC,TIME_GIVEN_COVERAGE,DWB_L3,True,component_share_increase,3.534737913594931,1427,0.1427857214278572,0.9470052994700529
MC_S1_DROP_TOP1_R4_L0_STAGE15_MATCHED,NEW_MC,TIME_GIVEN_COVERAGE,DWB_L3,True,support_share_low,15.612515111083624,961,0.0961903809619038,0.7703229677032297
MC_S1_DROP_TOP1_R4_L0_STAGE15_MATCHED,NEW_MC,TIME_GIVEN_COVERAGE,DWB_L3,True,support_share_medium,17.225562302360068,855,0.0855914408559144,0.7703229677032297
MC_S1_DROP_TOP1_R4_L0_STAGE15_MATCHED,NEW_MC,TIME_GIVEN_COVERAGE,DWB_L3,True,rms_low,0.5734293226853566,3597,0.3597640235976402,1.0
MC_S1_DROP_TOP1_R4_L0_STAGE15_MATCHED,NEW_MC,TIME_GIVEN_COVERAGE,DWB_L3,True,rms_medium,0.1498162637690185,6307,0.6307369263073692,1.0
MC_S1_DROP_TOP1_R4_L0_STAGE15_MATCHED,NEW_MC,TIME_GIVEN_COVERAGE,DWB_L3,True,rms_high,2.274204901820891,1743,0.1743825617438256,0.9470052994700529
MC_S1_DROP_TOP1_R4_L0_STAGE15_MATCHED,NEW_MC,TIME_GIVEN_COVERAGE,DWB_L3,True,persistent_relation_rms,0.5834473081040343,2044,0.2044795520447955,0.9470052994700529
MC_S1_DROP_TOP1_R4_L0_STAGE15_MATCHED,NEW_MC,TIME_GIVEN_COVERAGE,DWB_L4,False,component_share_birth,10.359750919661792,1375,0.1375862413758624,0.963103689631037
MC_S1_DROP_TOP1_R4_L0_STAGE15_MATCHED,NEW_MC,TIME_GIVEN_COVERAGE,DWB_L4,False,component_share_death,1.23923495410682,3902,0.3902609739026097,1.0
MC_S1_DROP_TOP1_R4_L0_STAGE15_MATCHED,NEW_MC,TIME_GIVEN_COVERAGE,DWB_L4,False,component_share_increase,3.534737913594931,1591,0.1591840815918408,0.963103689631037
MC_S1_DROP_TOP1_R4_L0_STAGE15_MATCHED,NEW_MC,TIME_GIVEN_COVERAGE,DWB_L4,False,support_share_low,15.612515111083624,1134,0.1134886511348865,0.9278072192780722
MC_S1_DROP_TOP1_R4_L0_STAGE15_MATCHED,NEW_MC,TIME_GIVEN_COVERAGE,DWB_L4,False,support_share_medium,17.225562302360068,1030,0.1030896910308969,0.9278072192780722
MC_S1_DROP_TOP1_R4_L0_STAGE15_MATCHED,NEW_MC,TIME_GIVEN_COVERAGE,DWB_L4,False,rms_low,0.5734293226853566,3402,0.3402659734026597,1.0
MC_S1_DROP_TOP1_R4_L0_STAGE15_MATCHED,NEW_MC,TIME_GIVEN_COVERAGE,DWB_L4,False,rms_medium,0.1498162637690185,6332,0.6332366763323668,1.0
MC_S1_DROP_TOP1_R4_L0_STAGE15_MATCHED,NEW_MC,TIME_GIVEN_COVERAGE,DWB_L4,False,rms_high,2.274204901820891,1912,0.1912808719128087,0.963103689631037
MC_S1_DROP_TOP1_R4_L0_STAGE15_MATCHED,NEW_MC,TIME_GIVEN_COVERAGE,DWB_L4,False,persistent_relation_rms,0.5834473081040343,1990,0.1990800919908009,0.963103689631037
MC_S1_DROP_TOP1_R4_L0_STAGE15_MATCHED,NEW_MC,COVERAGE_GIVEN_TIME,LEGACY_RADEMACHER,False,component_share_birth,0.0631482540474195,8620,0.8620137986201379,1.0
MC_S1_DROP_TOP1_R4_L0_STAGE15_MATCHED,NEW_MC,COVERAGE_GIVEN_TIME,LEGACY_RADEMACHER,False,component_share_death,0.5291128978393829,4108,0.4108589141085891,1.0
MC_S1_DROP_TOP1_R4_L0_STAGE15_MATCHED,NEW_MC,COVERAGE_GIVEN_TIME,LEGACY_RADEMACHER,False,component_share_increase,9.081141146793924e-05,9977,0.9977002299770024,1.0
MC_S1_DROP_TOP1_R4_L0_STAGE15_MATCHED,NEW_MC,COVERAGE_GIVEN_TIME,LEGACY_RADEMACHER,False,support_share_low,1.4977752045280184,6081,0.6081391860813918,1.0
MC_S1_DROP_TOP1_R4_L0_STAGE15_MATCHED,NEW_MC,COVERAGE_GIVEN_TIME,LEGACY_RADEMACHER,False,support_share_medium,2.5899979275940623,4360,0.4360563943605639,1.0
MC_S1_DROP_TOP1_R4_L0_STAGE15_MATCHED,NEW_MC,COVERAGE_GIVEN_TIME,LEGACY_RADEMACHER,False,rms_low,6.501029029948313e-05,9949,0.9949005099490053,1.0
MC_S1_DROP_TOP1_R4_L0_STAGE15_MATCHED,NEW_MC,COVERAGE_GIVEN_TIME,LEGACY_RADEMACHER,False,rms_medium,0.0477603472785013,8776,0.8776122387761224,1.0
MC_S1_DROP_TOP1_R4_L0_STAGE15_MATCHED,NEW_MC,COVERAGE_GIVEN_TIME,LEGACY_RADEMACHER,False,rms_high,30.17368730385526,0,9.999000099990002e-05,0.0008999100089991
MC_S1_DROP_TOP1_R4_L0_STAGE15_MATCHED,NEW_MC,COVERAGE_GIVEN_TIME,LEGACY_RADEMACHER,False,persistent_relation_rms,0.8568055236680845,3607,0.3607639236076392,1.0
MC_S1_DROP_TOP1_R4_L0_STAGE15_MATCHED,NEW_MC,COVERAGE_GIVEN_TIME,GAUSSIAN_L1,False,component_share_birth,0.0631482540474195,8647,0.8647135286471352,1.0
MC_S1_DROP_TOP1_R4_L0_STAGE15_MATCHED,NEW_MC,COVERAGE_GIVEN_TIME,GAUSSIAN_L1,False,component_share_death,0.5291128978393829,3956,0.3956604339566043,1.0
MC_S1_DROP_TOP1_R4_L0_STAGE15_MATCHED,NEW_MC,COVERAGE_GIVEN_TIME,GAUSSIAN_L1,False,component_share_increase,9.081141146793924e-05,9926,0.9926007399260074,1.0
MC_S1_DROP_TOP1_R4_L0_STAGE15_MATCHED,NEW_MC,COVERAGE_GIVEN_TIME,GAUSSIAN_L1,False,support_share_low,1.4977752045280184,4860,0.4860513948605139,1.0
MC_S1_DROP_TOP1_R4_L0_STAGE15_MATCHED,NEW_MC,COVERAGE_GIVEN_TIME,GAUSSIAN_L1,False,support_share_medium,2.5899979275940623,3631,0.3631636836316368,1.0
MC_S1_DROP_TOP1_R4_L0_STAGE15_MATCHED,NEW_MC,COVERAGE_GIVEN_TIME,GAUSSIAN_L1,False,rms_low,6.501029029948313e-05,9950,0.995000499950005,1.0
MC_S1_DROP_TOP1_R4_L0_STAGE15_MATCHED,NEW_MC,COVERAGE_GIVEN_TIME,GAUSSIAN_L1,False,rms_medium,0.0477603472785013,8526,0.8526147385261473,1.0
MC_S1_DROP_TOP1_R4_L0_STAGE15_MATCHED,NEW_MC,COVERAGE_GIVEN_TIME,GAUSSIAN_L1,False,rms_high,30.17368730385526,4,0.0004999500049995,0.0044995500449955
MC_S1_DROP_TOP1_R4_L0_STAGE15_MATCHED,NEW_MC,COVERAGE_GIVEN_TIME,GAUSSIAN_L1,False,persistent_relation_rms,0.8568055236680845,3545,0.3545645435456454,1.0
MC_S1_DROP_TOP1_R4_L0_STAGE15_MATCHED,NEW_MC,COVERAGE_GIVEN_TIME,DWB_L2,False,component_share_birth,0.0631482540474195,8620,0.8620137986201379,1.0
MC_S1_DROP_TOP1_R4_L0_STAGE15_MATCHED,NEW_MC,COVERAGE_GIVEN_TIME,DWB_L2,False,component_share_death,0.5291128978393829,4473,0.4473552644735526,1.0
MC_S1_DROP_TOP1_R4_L0_STAGE15_MATCHED,NEW_MC,COVERAGE_GIVEN_TIME,DWB_L2,False,component_share_increase,9.081141146793924e-05,9933,0.9933006699330068,1.0
MC_S1_DROP_TOP1_R4_L0_STAGE15_MATCHED,NEW_MC,COVERAGE_GIVEN_TIME,DWB_L2,False,support_share_low,1.4977752045280184,4912,0.4912508749125087,1.0
MC_S1_DROP_TOP1_R4_L0_STAGE15_MATCHED,NEW_MC,COVERAGE_GIVEN_TIME,DWB_L2,False,support_share_medium,2.5899979275940623,3731,0.3731626837316268,1.0
MC_S1_DROP_TOP1_R4_L0_STAGE15_MATCHED,NEW_MC,COVERAGE_GIVEN_TIME,DWB_L2,False,rms_low,6.501029029948313e-05,9951,0.9951004899510048,1.0
MC_S1_DROP_TOP1_R4_L0_STAGE15_MATCHED,NEW_MC,COVERAGE_GIVEN_TIME,DWB_L2,False,rms_medium,0.0477603472785013,8542,0.8542145785421458,1.0
MC_S1_DROP_TOP1_R4_L0_STAGE15_MATCHED,NEW_MC,COVERAGE_GIVEN_TIME,DWB_L2,False,rms_high,30.17368730385526,84,0.0084991500849915,0.0764923507649235
MC_S1_DROP_TOP1_R4_L0_STAGE15_MATCHED,NEW_MC,COVERAGE_GIVEN_TIME,DWB_L2,False,persistent_relation_rms,0.8568055236680845,3592,0.3592640735926407,1.0
MC_S1_DROP_TOP1_R4_L0_STAGE15_MATCHED,NEW_MC,COVERAGE_GIVEN_TIME,DWB_L3,True,component_share_birth,0.0631482540474195,8355,0.8355164483551645,1.0
MC_S1_DROP_TOP1_R4_L0_STAGE15_MATCHED,NEW_MC,COVERAGE_GIVEN_TIME,DWB_L3,True,component_share_death,0.5291128978393829,4420,0.4420557944205579,1.0
MC_S1_DROP_TOP1_R4_L0_STAGE15_MATCHED,NEW_MC,COVERAGE_GIVEN_TIME,DWB_L3,True,component_share_increase,9.081141146793924e-05,9928,0.9928007199280072,1.0
MC_S1_DROP_TOP1_R4_L0_STAGE15_MATCHED,NEW_MC,COVERAGE_GIVEN_TIME,DWB_L3,True,support_share_low,1.4977752045280184,4868,0.4868513148685131,1.0
MC_S1_DROP_TOP1_R4_L0_STAGE15_MATCHED,NEW_MC,COVERAGE_GIVEN_TIME,DWB_L3,True,support_share_medium,2.5899979275940623,3669,0.366963303669633,1.0
MC_S1_DROP_TOP1_R4_L0_STAGE15_MATCHED,NEW_MC,COVERAGE_GIVEN_TIME,DWB_L3,True,rms_low,6.501029029948313e-05,9930,0.993000699930007,1.0
MC_S1_DROP_TOP1_R4_L0_STAGE15_MATCHED,NEW_MC,COVERAGE_GIVEN_TIME,DWB_L3,True,rms_medium,0.0477603472785013,8265,0.8265173482651735,1.0
MC_S1_DROP_TOP1_R4_L0_STAGE15_MATCHED,NEW_MC,COVERAGE_GIVEN_TIME,DWB_L3,True,rms_high,30.17368730385526,214,0.0214978502149785,0.1934806519348065
MC_S1_DROP_TOP1_R4_L0_STAGE15_MATCHED,NEW_MC,COVERAGE_GIVEN_TIME,DWB_L3,True,persistent_relation_rms,0.8568055236680845,2920,0.2920707929207079,1.0
MC_S1_DROP_TOP1_R4_L0_STAGE15_MATCHED,NEW_MC,COVERAGE_GIVEN_TIME,DWB_L4,False,component_share_birth,0.0631482540474195,8000,0.8000199980002,1.0
MC_S1_DROP_TOP1_R4_L0_STAGE15_MATCHED,NEW_MC,COVERAGE_GIVEN_TIME,DWB_L4,False,component_share_death,0.5291128978393829,4156,0.4156584341565843,1.0
MC_S1_DROP_TOP1_R4_L0_STAGE15_MATCHED,NEW_MC,COVERAGE_GIVEN_TIME,DWB_L4,False,component_share_increase,9.081141146793924e-05,9939,0.993900609939006,1.0
MC_S1_DROP_TOP1_R4_L0_STAGE15_MATCHED,NEW_MC,COVERAGE_GIVEN_TIME,DWB_L4,False,support_share_low,1.4977752045280184,4724,0.4724527547245275,1.0
MC_S1_DROP_TOP1_R4_L0_STAGE15_MATCHED,NEW_MC,COVERAGE_GIVEN_TIME,DWB_L4,False,support_share_medium,2.5899979275940623,3537,0.3537646235376462,1.0
MC_S1_DROP_TOP1_R4_L0_STAGE15_MATCHED,NEW_MC,COVERAGE_GIVEN_TIME,DWB_L4,False,rms_low,6.501029029948313e-05,9931,0.9931006899310068,1.0
MC_S1_DROP_TOP1_R4_L0_STAGE15_MATCHED,NEW_MC,COVERAGE_GIVEN_TIME,DWB_L4,False,rms_medium,0.0477603472785013,8149,0.8149185081491851,1.0
MC_S1_DROP_TOP1_R4_L0_STAGE15_MATCHED,NEW_MC,COVERAGE_GIVEN_TIME,DWB_L4,False,rms_high,30.17368730385526,355,0.0355964403559644,0.3203679632036796
MC_S1_DROP_TOP1_R4_L0_STAGE15_MATCHED,NEW_MC,COVERAGE_GIVEN_TIME,DWB_L4,False,persistent_relation_rms,0.8568055236680845,2674,0.2674732526747325,1.0
MC_S1_DROP_TOP1_R4_L1_EXTENDED,NEW_MC,TIME_GIVEN_COVERAGE,LEGACY_RADEMACHER,False,component_share_birth,4.140044097100784,1441,0.1441855814418558,0.8651134886511349
MC_S1_DROP_TOP1_R4_L1_EXTENDED,NEW_MC,TIME_GIVEN_COVERAGE,LEGACY_RADEMACHER,False,component_share_death,0.468125274067841,4245,0.4245575442455754,1.0
MC_S1_DROP_TOP1_R4_L1_EXTENDED,NEW_MC,TIME_GIVEN_COVERAGE,LEGACY_RADEMACHER,False,component_share_increase,10.53137542956027,557,0.0557944205579442,0.3905609439056094
MC_S1_DROP_TOP1_R4_L1_EXTENDED,NEW_MC,TIME_GIVEN_COVERAGE,LEGACY_RADEMACHER,False,support_share_low,12.118110519665429,462,0.0462953704629537,0.3703629637036296
MC_S1_DROP_TOP1_R4_L1_EXTENDED,NEW_MC,TIME_GIVEN_COVERAGE,LEGACY_RADEMACHER,False,support_share_medium,12.82944732787472,369,0.036996300369963,0.332966703329667
MC_S1_DROP_TOP1_R4_L1_EXTENDED,NEW_MC,TIME_GIVEN_COVERAGE,LEGACY_RADEMACHER,False,rms_low,0.0176634772565051,9067,0.9067093290670932,1.0
MC_S1_DROP_TOP1_R4_L1_EXTENDED,NEW_MC,TIME_GIVEN_COVERAGE,LEGACY_RADEMACHER,False,rms_medium,0.3148926726694512,5023,0.5023497650234976,1.0
MC_S1_DROP_TOP1_R4_L1_EXTENDED,NEW_MC,TIME_GIVEN_COVERAGE,LEGACY_RADEMACHER,False,rms_high,1.8818200614627865,2164,0.2164783521647835,1.0
MC_S1_DROP_TOP1_R4_L1_EXTENDED,NEW_MC,TIME_GIVEN_COVERAGE,LEGACY_RADEMACHER,False,persistent_relation_rms,0.5228404460519762,8945,0.8945105489451055,1.0
MC_S1_DROP_TOP1_R4_L1_EXTENDED,NEW_MC,TIME_GIVEN_COVERAGE,GAUSSIAN_L1,False,component_share_birth,4.140044097100784,1376,0.1376862313768623,0.8261173882611739
MC_S1_DROP_TOP1_R4_L1_EXTENDED,NEW_MC,TIME_GIVEN_COVERAGE,GAUSSIAN_L1,False,component_share_death,0.468125274067841,3879,0.387961203879612,1.0
MC_S1_DROP_TOP1_R4_L1_EXTENDED,NEW_MC,TIME_GIVEN_COVERAGE,GAUSSIAN_L1,False,component_share_increase,10.53137542956027,641,0.0641935806419358,0.4493550644935506
MC_S1_DROP_TOP1_R4_L1_EXTENDED,NEW_MC,TIME_GIVEN_COVERAGE,GAUSSIAN_L1,False,support_share_low,12.118110519665429,539,0.053994600539946,0.431956804319568
MC_S1_DROP_TOP1_R4_L1_EXTENDED,NEW_MC,TIME_GIVEN_COVERAGE,GAUSSIAN_L1,False,support_share_medium,12.82944732787472,424,0.0424957504249575,0.3824617538246175
MC_S1_DROP_TOP1_R4_L1_EXTENDED,NEW_MC,TIME_GIVEN_COVERAGE,GAUSSIAN_L1,False,rms_low,0.0176634772565051,8942,0.8942105789421058,1.0
MC_S1_DROP_TOP1_R4_L1_EXTENDED,NEW_MC,TIME_GIVEN_COVERAGE,GAUSSIAN_L1,False,rms_medium,0.3148926726694512,4756,0.4756524347565243,1.0
MC_S1_DROP_TOP1_R4_L1_EXTENDED,NEW_MC,TIME_GIVEN_COVERAGE,GAUSSIAN_L1,False,rms_high,1.8818200614627865,1957,0.1957804219578042,0.978902109789021
MC_S1_DROP_TOP1_R4_L1_EXTENDED,NEW_MC,TIME_GIVEN_COVERAGE,GAUSSIAN_L1,False,persistent_relation_rms,0.5228404460519762,6635,0.6635336466353364,1.0
MC_S1_DROP_TOP1_R4_L1_EXTENDED,NEW_MC,TIME_GIVEN_COVERAGE,DWB_L2,False,component_share_birth,4.140044097100784,1528,0.1528847115288471,0.9173082691730828
MC_S1_DROP_TOP1_R4_L1_EXTENDED,NEW_MC,TIME_GIVEN_COVERAGE,DWB_L2,False,component_share_death,0.468125274067841,4352,0.4352564743525647,1.0
MC_S1_DROP_TOP1_R4_L1_EXTENDED,NEW_MC,TIME_GIVEN_COVERAGE,DWB_L2,False,component_share_increase,10.53137542956027,895,0.0895910408959104,0.7217278272172782
MC_S1_DROP_TOP1_R4_L1_EXTENDED,NEW_MC,TIME_GIVEN_COVERAGE,DWB_L2,False,support_share_low,12.118110519665429,922,0.0922907709229077,0.7217278272172782
MC_S1_DROP_TOP1_R4_L1_EXTENDED,NEW_MC,TIME_GIVEN_COVERAGE,DWB_L2,False,support_share_medium,12.82944732787472,801,0.0801919808019198,0.7217278272172782
MC_S1_DROP_TOP1_R4_L1_EXTENDED,NEW_MC,TIME_GIVEN_COVERAGE,DWB_L2,False,rms_low,0.0176634772565051,8903,0.8903109689031097,1.0
MC_S1_DROP_TOP1_R4_L1_EXTENDED,NEW_MC,TIME_GIVEN_COVERAGE,DWB_L2,False,rms_medium,0.3148926726694512,5012,0.5012498750124987,1.0
MC_S1_DROP_TOP1_R4_L1_EXTENDED,NEW_MC,TIME_GIVEN_COVERAGE,DWB_L2,False,rms_high,1.8818200614627865,2179,0.217978202179782,1.0
MC_S1_DROP_TOP1_R4_L1_EXTENDED,NEW_MC,TIME_GIVEN_COVERAGE,DWB_L2,False,persistent_relation_rms,0.5228404460519762,6519,0.6519348065193481,1.0
MC_S1_DROP_TOP1_R4_L1_EXTENDED,NEW_MC,TIME_GIVEN_COVERAGE,DWB_L3,True,component_share_birth,4.140044097100784,1548,0.1548845115488451,0.9293070692930708
MC_S1_DROP_TOP1_R4_L1_EXTENDED,NEW_MC,TIME_GIVEN_COVERAGE,DWB_L3,True,component_share_death,0.468125274067841,4373,0.4373562643735626,1.0
MC_S1_DROP_TOP1_R4_L1_EXTENDED,NEW_MC,TIME_GIVEN_COVERAGE,DWB_L3,True,component_share_increase,10.53137542956027,1004,0.1004899510048995,0.8891110888911109
MC_S1_DROP_TOP1_R4_L1_EXTENDED,NEW_MC,TIME_GIVEN_COVERAGE,DWB_L3,True,support_share_low,12.118110519665429,1095,0.1095890410958904,0.8891110888911109
MC_S1_DROP_TOP1_R4_L1_EXTENDED,NEW_MC,TIME_GIVEN_COVERAGE,DWB_L3,True,support_share_medium,12.82944732787472,987,0.0987901209879012,0.8891110888911109
MC_S1_DROP_TOP1_R4_L1_EXTENDED,NEW_MC,TIME_GIVEN_COVERAGE,DWB_L3,True,rms_low,0.0176634772565051,8849,0.8849115088491151,1.0
MC_S1_DROP_TOP1_R4_L1_EXTENDED,NEW_MC,TIME_GIVEN_COVERAGE,DWB_L3,True,rms_medium,0.3148926726694512,5034,0.5034496550344966,1.0
MC_S1_DROP_TOP1_R4_L1_EXTENDED,NEW_MC,TIME_GIVEN_COVERAGE,DWB_L3,True,rms_high,1.8818200614627865,2183,0.2183781621837816,1.0
MC_S1_DROP_TOP1_R4_L1_EXTENDED,NEW_MC,TIME_GIVEN_COVERAGE,DWB_L3,True,persistent_relation_rms,0.5228404460519762,6330,0.633036696330367,1.0
MC_S1_DROP_TOP1_R4_L1_EXTENDED,NEW_MC,TIME_GIVEN_COVERAGE,DWB_L4,False,component_share_birth,4.140044097100784,1648,0.1648835116488351,0.9893010698930108
MC_S1_DROP_TOP1_R4_L1_EXTENDED,NEW_MC,TIME_GIVEN_COVERAGE,DWB_L4,False,component_share_death,0.468125274067841,4363,0.4363563643635636,1.0
MC_S1_DROP_TOP1_R4_L1_EXTENDED,NEW_MC,TIME_GIVEN_COVERAGE,DWB_L4,False,component_share_increase,10.53137542956027,1136,0.1136886311368863,0.9827017298270172
MC_S1_DROP_TOP1_R4_L1_EXTENDED,NEW_MC,TIME_GIVEN_COVERAGE,DWB_L4,False,support_share_low,12.118110519665429,1178,0.1178882111788821,0.9827017298270172
MC_S1_DROP_TOP1_R4_L1_EXTENDED,NEW_MC,TIME_GIVEN_COVERAGE,DWB_L4,False,support_share_medium,12.82944732787472,1091,0.1091890810918908,0.9827017298270172
MC_S1_DROP_TOP1_R4_L1_EXTENDED,NEW_MC,TIME_GIVEN_COVERAGE,DWB_L4,False,rms_low,0.0176634772565051,8728,0.8728127187281272,1.0
MC_S1_DROP_TOP1_R4_L1_EXTENDED,NEW_MC,TIME_GIVEN_COVERAGE,DWB_L4,False,rms_medium,0.3148926726694512,5074,0.5074492550744926,1.0
MC_S1_DROP_TOP1_R4_L1_EXTENDED,NEW_MC,TIME_GIVEN_COVERAGE,DWB_L4,False,rms_high,1.8818200614627865,2349,0.234976502349765,1.0
MC_S1_DROP_TOP1_R4_L1_EXTENDED,NEW_MC,TIME_GIVEN_COVERAGE,DWB_L4,False,persistent_relation_rms,0.5228404460519762,6057,0.6057394260573943,1.0
MC_S1_DROP_TOP1_R4_L1_EXTENDED,NEW_MC,COVERAGE_GIVEN_TIME,LEGACY_RADEMACHER,False,component_share_birth,0.2648259056991975,7077,0.7077292270772922,1.0
MC_S1_DROP_TOP1_R4_L1_EXTENDED,NEW_MC,COVERAGE_GIVEN_TIME,LEGACY_RADEMACHER,False,component_share_death,0.607195542427224,3126,0.3126687331266873,1.0
MC_S1_DROP_TOP1_R4_L1_EXTENDED,NEW_MC,COVERAGE_GIVEN_TIME,LEGACY_RADEMACHER,False,component_share_increase,0.2142119665256459,9289,0.928907109289071,1.0
MC_S1_DROP_TOP1_R4_L1_EXTENDED,NEW_MC,COVERAGE_GIVEN_TIME,LEGACY_RADEMACHER,False,support_share_low,0.8956623107449708,7425,0.7425257474252575,1.0
MC_S1_DROP_TOP1_R4_L1_EXTENDED,NEW_MC,COVERAGE_GIVEN_TIME,LEGACY_RADEMACHER,False,support_share_medium,1.5690332716365418,5417,0.5417458254174583,1.0
MC_S1_DROP_TOP1_R4_L1_EXTENDED,NEW_MC,COVERAGE_GIVEN_TIME,LEGACY_RADEMACHER,False,rms_low,4.328267575205317,761,0.0761923807619238,0.6095390460953904
MC_S1_DROP_TOP1_R4_L1_EXTENDED,NEW_MC,COVERAGE_GIVEN_TIME,LEGACY_RADEMACHER,False,rms_medium,0.051993409070878,8661,0.8661133886611339,1.0
MC_S1_DROP_TOP1_R4_L1_EXTENDED,NEW_MC,COVERAGE_GIVEN_TIME,LEGACY_RADEMACHER,False,rms_high,29.00153880662768,0,9.999000099990002e-05,0.0008999100089991
MC_S1_DROP_TOP1_R4_L1_EXTENDED,NEW_MC,COVERAGE_GIVEN_TIME,LEGACY_RADEMACHER,False,persistent_relation_rms,5.053518443952207,2952,0.2952704729527047,1.0
MC_S1_DROP_TOP1_R4_L1_EXTENDED,NEW_MC,COVERAGE_GIVEN_TIME,GAUSSIAN_L1,False,component_share_birth,0.2648259056991975,7053,0.7053294670532947,1.0
MC_S1_DROP_TOP1_R4_L1_EXTENDED,NEW_MC,COVERAGE_GIVEN_TIME,GAUSSIAN_L1,False,component_share_death,0.607195542427224,2992,0.2992700729927007,1.0
MC_S1_DROP_TOP1_R4_L1_EXTENDED,NEW_MC,COVERAGE_GIVEN_TIME,GAUSSIAN_L1,False,component_share_increase,0.2142119665256459,7737,0.7737226277372263,1.0
MC_S1_DROP_TOP1_R4_L1_EXTENDED,NEW_MC,COVERAGE_GIVEN_TIME,GAUSSIAN_L1,False,support_share_low,0.8956623107449708,5391,0.5391460853914608,1.0
MC_S1_DROP_TOP1_R4_L1_EXTENDED,NEW_MC,COVERAGE_GIVEN_TIME,GAUSSIAN_L1,False,support_share_medium,1.5690332716365418,4012,0.4012598740125987,1.0
MC_S1_DROP_TOP1_R4_L1_EXTENDED,NEW_MC,COVERAGE_GIVEN_TIME,GAUSSIAN_L1,False,rms_low,4.328267575205317,797,0.0797920207979202,0.6383361663833617
MC_S1_DROP_TOP1_R4_L1_EXTENDED,NEW_MC,COVERAGE_GIVEN_TIME,GAUSSIAN_L1,False,rms_medium,0.051993409070878,8456,0.8456154384561544,1.0
MC_S1_DROP_TOP1_R4_L1_EXTENDED,NEW_MC,COVERAGE_GIVEN_TIME,GAUSSIAN_L1,False,rms_high,29.00153880662768,4,0.0004999500049995,0.0044995500449955
MC_S1_DROP_TOP1_R4_L1_EXTENDED,NEW_MC,COVERAGE_GIVEN_TIME,GAUSSIAN_L1,False,persistent_relation_rms,5.053518443952207,2466,0.2466753324667533,1.0
MC_S1_DROP_TOP1_R4_L1_EXTENDED,NEW_MC,COVERAGE_GIVEN_TIME,DWB_L2,False,component_share_birth,0.2648259056991975,6595,0.6595340465953404,1.0
MC_S1_DROP_TOP1_R4_L1_EXTENDED,NEW_MC,COVERAGE_GIVEN_TIME,DWB_L2,False,component_share_death,0.607195542427224,2721,0.2721727827217278,1.0
MC_S1_DROP_TOP1_R4_L1_EXTENDED,NEW_MC,COVERAGE_GIVEN_TIME,DWB_L2,False,component_share_increase,0.2142119665256459,7721,0.7721227877212279,1.0
MC_S1_DROP_TOP1_R4_L1_EXTENDED,NEW_MC,COVERAGE_GIVEN_TIME,DWB_L2,False,support_share_low,0.8956623107449708,5460,0.5460453954604539,1.0
MC_S1_DROP_TOP1_R4_L1_EXTENDED,NEW_MC,COVERAGE_GIVEN_TIME,DWB_L2,False,support_share_medium,1.5690332716365418,4118,0.4118588141185881,1.0
MC_S1_DROP_TOP1_R4_L1_EXTENDED,NEW_MC,COVERAGE_GIVEN_TIME,DWB_L2,False,rms_low,4.328267575205317,1150,0.1150884911508849,0.9207079292070792
MC_S1_DROP_TOP1_R4_L1_EXTENDED,NEW_MC,COVERAGE_GIVEN_TIME,DWB_L2,False,rms_medium,0.051993409070878,8530,0.853014698530147,1.0
MC_S1_DROP_TOP1_R4_L1_EXTENDED,NEW_MC,COVERAGE_GIVEN_TIME,DWB_L2,False,rms_high,29.00153880662768,83,0.0083991600839916,0.0755924407559244
MC_S1_DROP_TOP1_R4_L1_EXTENDED,NEW_MC,COVERAGE_GIVEN_TIME,DWB_L2,False,persistent_relation_rms,5.053518443952207,2506,0.2506749325067493,1.0
MC_S1_DROP_TOP1_R4_L1_EXTENDED,NEW_MC,COVERAGE_GIVEN_TIME,DWB_L3,True,component_share_birth,0.2648259056991975,6418,0.6418358164183582,1.0
MC_S1_DROP_TOP1_R4_L1_EXTENDED,NEW_MC,COVERAGE_GIVEN_TIME,DWB_L3,True,component_share_death,0.607195542427224,2943,0.2943705629437056,1.0
MC_S1_DROP_TOP1_R4_L1_EXTENDED,NEW_MC,COVERAGE_GIVEN_TIME,DWB_L3,True,component_share_increase,0.2142119665256459,7647,0.7647235276472353,1.0
MC_S1_DROP_TOP1_R4_L1_EXTENDED,NEW_MC,COVERAGE_GIVEN_TIME,DWB_L3,True,support_share_low,0.8956623107449708,5293,0.5293470652934706,1.0
MC_S1_DROP_TOP1_R4_L1_EXTENDED,NEW_MC,COVERAGE_GIVEN_TIME,DWB_L3,True,support_share_medium,1.5690332716365418,4069,0.406959304069593,1.0
MC_S1_DROP_TOP1_R4_L1_EXTENDED,NEW_MC,COVERAGE_GIVEN_TIME,DWB_L3,True,rms_low,4.328267575205317,1252,0.1252874712528747,1.0
MC_S1_DROP_TOP1_R4_L1_EXTENDED,NEW_MC,COVERAGE_GIVEN_TIME,DWB_L3,True,rms_medium,0.051993409070878,8322,0.8322167783221678,1.0
MC_S1_DROP_TOP1_R4_L1_EXTENDED,NEW_MC,COVERAGE_GIVEN_TIME,DWB_L3,True,rms_high,29.00153880662768,232,0.0232976702329767,0.2096790320967903
MC_S1_DROP_TOP1_R4_L1_EXTENDED,NEW_MC,COVERAGE_GIVEN_TIME,DWB_L3,True,persistent_relation_rms,5.053518443952207,2143,0.2143785621437856,1.0
MC_S1_DROP_TOP1_R4_L1_EXTENDED,NEW_MC,COVERAGE_GIVEN_TIME,DWB_L4,False,component_share_birth,0.2648259056991975,6025,0.6025397460253975,1.0
MC_S1_DROP_TOP1_R4_L1_EXTENDED,NEW_MC,COVERAGE_GIVEN_TIME,DWB_L4,False,component_share_death,0.607195542427224,2575,0.2575742425757424,1.0
MC_S1_DROP_TOP1_R4_L1_EXTENDED,NEW_MC,COVERAGE_GIVEN_TIME,DWB_L4,False,component_share_increase,0.2142119665256459,7564,0.7564243575642435,1.0
MC_S1_DROP_TOP1_R4_L1_EXTENDED,NEW_MC,COVERAGE_GIVEN_TIME,DWB_L4,False,support_share_low,0.8956623107449708,5203,0.5203479652034797,1.0
MC_S1_DROP_TOP1_R4_L1_EXTENDED,NEW_MC,COVERAGE_GIVEN_TIME,DWB_L4,False,support_share_medium,1.5690332716365418,4001,0.4001599840015998,1.0
MC_S1_DROP_TOP1_R4_L1_EXTENDED,NEW_MC,COVERAGE_GIVEN_TIME,DWB_L4,False,rms_low,4.328267575205317,1329,0.132986701329867,1.0
MC_S1_DROP_TOP1_R4_L1_EXTENDED,NEW_MC,COVERAGE_GIVEN_TIME,DWB_L4,False,rms_medium,0.051993409070878,8268,0.8268173182681732,1.0
MC_S1_DROP_TOP1_R4_L1_EXTENDED,NEW_MC,COVERAGE_GIVEN_TIME,DWB_L4,False,rms_high,29.00153880662768,405,0.0405959404059594,0.3653634636536346
MC_S1_DROP_TOP1_R4_L1_EXTENDED,NEW_MC,COVERAGE_GIVEN_TIME,DWB_L4,False,persistent_relation_rms,5.053518443952207,1868,0.1868813118688131,1.0
MC_S1_DROP_TOP1_R4_L2_HIGH,NEW_MC,TIME_GIVEN_COVERAGE,LEGACY_RADEMACHER,False,component_share_birth,4.867649209784133,1197,0.1197880211978802,0.7187281271872812
MC_S1_DROP_TOP1_R4_L2_HIGH,NEW_MC,TIME_GIVEN_COVERAGE,LEGACY_RADEMACHER,False,component_share_death,0.6129517359469414,3784,0.3784621537846215,1.0
MC_S1_DROP_TOP1_R4_L2_HIGH,NEW_MC,TIME_GIVEN_COVERAGE,LEGACY_RADEMACHER,False,component_share_increase,18.38511891322142,425,0.0425957404259574,0.3626637336266373
MC_S1_DROP_TOP1_R4_L2_HIGH,NEW_MC,TIME_GIVEN_COVERAGE,LEGACY_RADEMACHER,False,support_share_low,13.738626204443278,519,0.051994800519948,0.363963603639636
MC_S1_DROP_TOP1_R4_L2_HIGH,NEW_MC,TIME_GIVEN_COVERAGE,LEGACY_RADEMACHER,False,support_share_medium,18.488078051525434,402,0.0402959704029597,0.3626637336266373
MC_S1_DROP_TOP1_R4_L2_HIGH,NEW_MC,TIME_GIVEN_COVERAGE,LEGACY_RADEMACHER,False,rms_low,0.2038489750726011,6264,0.6264373562643736,1.0
MC_S1_DROP_TOP1_R4_L2_HIGH,NEW_MC,TIME_GIVEN_COVERAGE,LEGACY_RADEMACHER,False,rms_medium,0.2240003734242641,5954,0.5954404559544045,1.0
MC_S1_DROP_TOP1_R4_L2_HIGH,NEW_MC,TIME_GIVEN_COVERAGE,LEGACY_RADEMACHER,False,rms_high,1.9071470106724464,2058,0.2058794120587941,1.0
MC_S1_DROP_TOP1_R4_L2_HIGH,NEW_MC,TIME_GIVEN_COVERAGE,LEGACY_RADEMACHER,False,persistent_relation_rms,0.5828152654877989,3650,0.3650634936506349,1.0
MC_S1_DROP_TOP1_R4_L2_HIGH,NEW_MC,TIME_GIVEN_COVERAGE,GAUSSIAN_L1,False,component_share_birth,4.867649209784133,1127,0.1127887211278872,0.6767323267673233
MC_S1_DROP_TOP1_R4_L2_HIGH,NEW_MC,TIME_GIVEN_COVERAGE,GAUSSIAN_L1,False,component_share_death,0.6129517359469414,3573,0.3573642635736426,1.0
MC_S1_DROP_TOP1_R4_L2_HIGH,NEW_MC,TIME_GIVEN_COVERAGE,GAUSSIAN_L1,False,component_share_increase,18.38511891322142,499,0.04999500049995,0.4256574342565743
MC_S1_DROP_TOP1_R4_L2_HIGH,NEW_MC,TIME_GIVEN_COVERAGE,GAUSSIAN_L1,False,support_share_low,13.738626204443278,588,0.0588941105889411,0.4256574342565743
MC_S1_DROP_TOP1_R4_L2_HIGH,NEW_MC,TIME_GIVEN_COVERAGE,GAUSSIAN_L1,False,support_share_medium,18.488078051525434,472,0.0472952704729527,0.4256574342565743
MC_S1_DROP_TOP1_R4_L2_HIGH,NEW_MC,TIME_GIVEN_COVERAGE,GAUSSIAN_L1,False,rms_low,0.2038489750726011,5955,0.5955404459554045,1.0
MC_S1_DROP_TOP1_R4_L2_HIGH,NEW_MC,TIME_GIVEN_COVERAGE,GAUSSIAN_L1,False,rms_medium,0.2240003734242641,5821,0.5821417858214178,1.0
MC_S1_DROP_TOP1_R4_L2_HIGH,NEW_MC,TIME_GIVEN_COVERAGE,GAUSSIAN_L1,False,rms_high,1.9071470106724464,1921,0.1921807819218078,0.960903909609039
MC_S1_DROP_TOP1_R4_L2_HIGH,NEW_MC,TIME_GIVEN_COVERAGE,GAUSSIAN_L1,False,persistent_relation_rms,0.5828152654877989,3542,0.3542645735426457,1.0
MC_S1_DROP_TOP1_R4_L2_HIGH,NEW_MC,TIME_GIVEN_COVERAGE,DWB_L2,False,component_share_birth,4.867649209784133,1555,0.1555844415558444,0.9335066493350666
MC_S1_DROP_TOP1_R4_L2_HIGH,NEW_MC,TIME_GIVEN_COVERAGE,DWB_L2,False,component_share_death,0.6129517359469414,4267,0.4267573242675732,1.0
MC_S1_DROP_TOP1_R4_L2_HIGH,NEW_MC,TIME_GIVEN_COVERAGE,DWB_L2,False,component_share_increase,18.38511891322142,743,0.0743925607439256,0.6695330466953305
MC_S1_DROP_TOP1_R4_L2_HIGH,NEW_MC,TIME_GIVEN_COVERAGE,DWB_L2,False,support_share_low,13.738626204443278,924,0.0924907509249075,0.6695330466953305
MC_S1_DROP_TOP1_R4_L2_HIGH,NEW_MC,TIME_GIVEN_COVERAGE,DWB_L2,False,support_share_medium,18.488078051525434,775,0.0775922407759224,0.6695330466953305
MC_S1_DROP_TOP1_R4_L2_HIGH,NEW_MC,TIME_GIVEN_COVERAGE,DWB_L2,False,rms_low,0.2038489750726011,5923,0.5923407659234077,1.0
MC_S1_DROP_TOP1_R4_L2_HIGH,NEW_MC,TIME_GIVEN_COVERAGE,DWB_L2,False,rms_medium,0.2240003734242641,5912,0.5912408759124088,1.0
MC_S1_DROP_TOP1_R4_L2_HIGH,NEW_MC,TIME_GIVEN_COVERAGE,DWB_L2,False,rms_high,1.9071470106724464,2082,0.2082791720827917,1.0
MC_S1_DROP_TOP1_R4_L2_HIGH,NEW_MC,TIME_GIVEN_COVERAGE,DWB_L2,False,persistent_relation_rms,0.5828152654877989,3155,0.3155684431556844,1.0
MC_S1_DROP_TOP1_R4_L2_HIGH,NEW_MC,TIME_GIVEN_COVERAGE,DWB_L3,True,component_share_birth,4.867649209784133,1575,0.1575842415758424,0.9455054494550544
MC_S1_DROP_TOP1_R4_L2_HIGH,NEW_MC,TIME_GIVEN_COVERAGE,DWB_L3,True,component_share_death,0.6129517359469414,4418,0.4418558144185581,1.0
MC_S1_DROP_TOP1_R4_L2_HIGH,NEW_MC,TIME_GIVEN_COVERAGE,DWB_L3,True,component_share_increase,18.38511891322142,927,0.0927907209279072,0.8351164883511648
MC_S1_DROP_TOP1_R4_L2_HIGH,NEW_MC,TIME_GIVEN_COVERAGE,DWB_L3,True,support_share_low,13.738626204443278,1123,0.1123887611238876,0.8351164883511648
MC_S1_DROP_TOP1_R4_L2_HIGH,NEW_MC,TIME_GIVEN_COVERAGE,DWB_L3,True,support_share_medium,18.488078051525434,998,0.0998900109989001,0.8351164883511648
MC_S1_DROP_TOP1_R4_L2_HIGH,NEW_MC,TIME_GIVEN_COVERAGE,DWB_L3,True,rms_low,0.2038489750726011,5723,0.5723427657234277,1.0
MC_S1_DROP_TOP1_R4_L2_HIGH,NEW_MC,TIME_GIVEN_COVERAGE,DWB_L3,True,rms_medium,0.2240003734242641,5844,0.5844415558444156,1.0
MC_S1_DROP_TOP1_R4_L2_HIGH,NEW_MC,TIME_GIVEN_COVERAGE,DWB_L3,True,rms_high,1.9071470106724464,2158,0.2158784121587841,1.0
MC_S1_DROP_TOP1_R4_L2_HIGH,NEW_MC,TIME_GIVEN_COVERAGE,DWB_L3,True,persistent_relation_rms,0.5828152654877989,3044,0.3044695530446955,1.0
MC_S1_DROP_TOP1_R4_L2_HIGH,NEW_MC,TIME_GIVEN_COVERAGE,DWB_L4,False,component_share_birth,4.867649209784133,1579,0.157984201579842,0.947905209479052
MC_S1_DROP_TOP1_R4_L2_HIGH,NEW_MC,TIME_GIVEN_COVERAGE,DWB_L4,False,component_share_death,0.6129517359469414,4282,0.4282571742825717,1.0
MC_S1_DROP_TOP1_R4_L2_HIGH,NEW_MC,TIME_GIVEN_COVERAGE,DWB_L4,False,component_share_increase,18.38511891322142,1048,0.1048895110488951,0.944005599440056
MC_S1_DROP_TOP1_R4_L2_HIGH,NEW_MC,TIME_GIVEN_COVERAGE,DWB_L4,False,support_share_low,13.738626204443278,1180,0.1180881911808819,0.944005599440056
MC_S1_DROP_TOP1_R4_L2_HIGH,NEW_MC,TIME_GIVEN_COVERAGE,DWB_L4,False,support_share_medium,18.488078051525434,1080,0.1080891910808919,0.944005599440056
MC_S1_DROP_TOP1_R4_L2_HIGH,NEW_MC,TIME_GIVEN_COVERAGE,DWB_L4,False,rms_low,0.2038489750726011,5295,0.5295470452954705,1.0
MC_S1_DROP_TOP1_R4_L2_HIGH,NEW_MC,TIME_GIVEN_COVERAGE,DWB_L4,False,rms_medium,0.2240003734242641,5885,0.5885411458854115,1.0
MC_S1_DROP_TOP1_R4_L2_HIGH,NEW_MC,TIME_GIVEN_COVERAGE,DWB_L4,False,rms_high,1.9071470106724464,2253,0.2253774622537746,1.0
MC_S1_DROP_TOP1_R4_L2_HIGH,NEW_MC,TIME_GIVEN_COVERAGE,DWB_L4,False,persistent_relation_rms,0.5828152654877989,2855,0.2855714428557144,1.0
MC_S1_DROP_TOP1_R4_L2_HIGH,NEW_MC,COVERAGE_GIVEN_TIME,LEGACY_RADEMACHER,False,component_share_birth,0.0241694109633883,9188,0.9188081191880813,1.0
MC_S1_DROP_TOP1_R4_L2_HIGH,NEW_MC,COVERAGE_GIVEN_TIME,LEGACY_RADEMACHER,False,component_share_death,0.2800020255900595,5394,0.5394460553944606,1.0
MC_S1_DROP_TOP1_R4_L2_HIGH,NEW_MC,COVERAGE_GIVEN_TIME,LEGACY_RADEMACHER,False,component_share_increase,0.8378507419075945,8382,0.8382161783821618,1.0
MC_S1_DROP_TOP1_R4_L2_HIGH,NEW_MC,COVERAGE_GIVEN_TIME,LEGACY_RADEMACHER,False,support_share_low,0.9611309662105008,7567,0.7567243275672433,1.0
MC_S1_DROP_TOP1_R4_L2_HIGH,NEW_MC,COVERAGE_GIVEN_TIME,LEGACY_RADEMACHER,False,support_share_medium,2.188069574134793,5450,0.545045495450455,1.0
MC_S1_DROP_TOP1_R4_L2_HIGH,NEW_MC,COVERAGE_GIVEN_TIME,LEGACY_RADEMACHER,False,rms_low,3.035931653643852,363,0.0363963603639636,0.2911708829117088
MC_S1_DROP_TOP1_R4_L2_HIGH,NEW_MC,COVERAGE_GIVEN_TIME,LEGACY_RADEMACHER,False,rms_medium,0.0550869514293239,8747,0.8747125287471252,1.0
MC_S1_DROP_TOP1_R4_L2_HIGH,NEW_MC,COVERAGE_GIVEN_TIME,LEGACY_RADEMACHER,False,rms_high,30.011759779595756,0,9.999000099990002e-05,0.0008999100089991
MC_S1_DROP_TOP1_R4_L2_HIGH,NEW_MC,COVERAGE_GIVEN_TIME,LEGACY_RADEMACHER,False,persistent_relation_rms,1.915737428696275,3203,0.3203679632036796,1.0
MC_S1_DROP_TOP1_R4_L2_HIGH,NEW_MC,COVERAGE_GIVEN_TIME,GAUSSIAN_L1,False,component_share_birth,0.0241694109633883,9155,0.9155084491550844,1.0
MC_S1_DROP_TOP1_R4_L2_HIGH,NEW_MC,COVERAGE_GIVEN_TIME,GAUSSIAN_L1,False,component_share_death,0.2800020255900595,5165,0.5165483451654834,1.0
MC_S1_DROP_TOP1_R4_L2_HIGH,NEW_MC,COVERAGE_GIVEN_TIME,GAUSSIAN_L1,False,component_share_increase,0.8378507419075945,6409,0.640935906409359,1.0
MC_S1_DROP_TOP1_R4_L2_HIGH,NEW_MC,COVERAGE_GIVEN_TIME,GAUSSIAN_L1,False,support_share_low,0.9611309662105008,5595,0.5595440455954405,1.0
MC_S1_DROP_TOP1_R4_L2_HIGH,NEW_MC,COVERAGE_GIVEN_TIME,GAUSSIAN_L1,False,support_share_medium,2.188069574134793,4193,0.4193580641935806,1.0
MC_S1_DROP_TOP1_R4_L2_HIGH,NEW_MC,COVERAGE_GIVEN_TIME,GAUSSIAN_L1,False,rms_low,3.035931653643852,404,0.0404959504049595,0.323967603239676
MC_S1_DROP_TOP1_R4_L2_HIGH,NEW_MC,COVERAGE_GIVEN_TIME,GAUSSIAN_L1,False,rms_medium,0.0550869514293239,8635,0.8635136486351365,1.0
MC_S1_DROP_TOP1_R4_L2_HIGH,NEW_MC,COVERAGE_GIVEN_TIME,GAUSSIAN_L1,False,rms_high,30.011759779595756,3,0.0003999600039996,0.0035996400359964
MC_S1_DROP_TOP1_R4_L2_HIGH,NEW_MC,COVERAGE_GIVEN_TIME,GAUSSIAN_L1,False,persistent_relation_rms,1.915737428696275,3080,0.3080691930806919,1.0
MC_S1_DROP_TOP1_R4_L2_HIGH,NEW_MC,COVERAGE_GIVEN_TIME,DWB_L2,False,component_share_birth,0.0241694109633883,9120,0.912008799120088,1.0
MC_S1_DROP_TOP1_R4_L2_HIGH,NEW_MC,COVERAGE_GIVEN_TIME,DWB_L2,False,component_share_death,0.2800020255900595,5352,0.5352464753524647,1.0
MC_S1_DROP_TOP1_R4_L2_HIGH,NEW_MC,COVERAGE_GIVEN_TIME,DWB_L2,False,component_share_increase,0.8378507419075945,6453,0.6453354664533547,1.0
MC_S1_DROP_TOP1_R4_L2_HIGH,NEW_MC,COVERAGE_GIVEN_TIME,DWB_L2,False,support_share_low,0.9611309662105008,5624,0.5624437556244376,1.0
MC_S1_DROP_TOP1_R4_L2_HIGH,NEW_MC,COVERAGE_GIVEN_TIME,DWB_L2,False,support_share_medium,2.188069574134793,4274,0.4274572542745725,1.0
MC_S1_DROP_TOP1_R4_L2_HIGH,NEW_MC,COVERAGE_GIVEN_TIME,DWB_L2,False,rms_low,3.035931653643852,826,0.0826917308269173,0.6615338466153384
MC_S1_DROP_TOP1_R4_L2_HIGH,NEW_MC,COVERAGE_GIVEN_TIME,DWB_L2,False,rms_medium,0.0550869514293239,8607,0.8607139286071392,1.0
MC_S1_DROP_TOP1_R4_L2_HIGH,NEW_MC,COVERAGE_GIVEN_TIME,DWB_L2,False,rms_high,30.011759779595756,70,0.0070992900709929,0.0638936106389361
MC_S1_DROP_TOP1_R4_L2_HIGH,NEW_MC,COVERAGE_GIVEN_TIME,DWB_L2,False,persistent_relation_rms,1.915737428696275,2942,0.2942705729427057,1.0
MC_S1_DROP_TOP1_R4_L2_HIGH,NEW_MC,COVERAGE_GIVEN_TIME,DWB_L3,True,component_share_birth,0.0241694109633883,8981,0.8981101889811018,1.0
MC_S1_DROP_TOP1_R4_L2_HIGH,NEW_MC,COVERAGE_GIVEN_TIME,DWB_L3,True,component_share_death,0.2800020255900595,5121,0.5121487851214879,1.0
MC_S1_DROP_TOP1_R4_L2_HIGH,NEW_MC,COVERAGE_GIVEN_TIME,DWB_L3,True,component_share_increase,0.8378507419075945,6466,0.6466353364663534,1.0
MC_S1_DROP_TOP1_R4_L2_HIGH,NEW_MC,COVERAGE_GIVEN_TIME,DWB_L3,True,support_share_low,0.9611309662105008,5546,0.5546445355464453,1.0
MC_S1_DROP_TOP1_R4_L2_HIGH,NEW_MC,COVERAGE_GIVEN_TIME,DWB_L3,True,support_share_medium,2.188069574134793,4239,0.423957604239576,1.0
MC_S1_DROP_TOP1_R4_L2_HIGH,NEW_MC,COVERAGE_GIVEN_TIME,DWB_L3,True,rms_low,3.035931653643852,1087,0.1087891210878912,0.8703129687031297
MC_S1_DROP_TOP1_R4_L2_HIGH,NEW_MC,COVERAGE_GIVEN_TIME,DWB_L3,True,rms_medium,0.0550869514293239,8485,0.8485151484851515,1.0
MC_S1_DROP_TOP1_R4_L2_HIGH,NEW_MC,COVERAGE_GIVEN_TIME,DWB_L3,True,rms_high,30.011759779595756,237,0.0237976202379762,0.2141785821417858
MC_S1_DROP_TOP1_R4_L2_HIGH,NEW_MC,COVERAGE_GIVEN_TIME,DWB_L3,True,persistent_relation_rms,1.915737428696275,2571,0.2571742825717428,1.0
MC_S1_DROP_TOP1_R4_L2_HIGH,NEW_MC,COVERAGE_GIVEN_TIME,DWB_L4,False,component_share_birth,0.0241694109633883,8834,0.8834116588341165,1.0
MC_S1_DROP_TOP1_R4_L2_HIGH,NEW_MC,COVERAGE_GIVEN_TIME,DWB_L4,False,component_share_death,0.2800020255900595,4870,0.4870512948705129,1.0
MC_S1_DROP_TOP1_R4_L2_HIGH,NEW_MC,COVERAGE_GIVEN_TIME,DWB_L4,False,component_share_increase,0.8378507419075945,6250,0.625037496250375,1.0
MC_S1_DROP_TOP1_R4_L2_HIGH,NEW_MC,COVERAGE_GIVEN_TIME,DWB_L4,False,support_share_low,0.9611309662105008,5273,0.5273472652734726,1.0
MC_S1_DROP_TOP1_R4_L2_HIGH,NEW_MC,COVERAGE_GIVEN_TIME,DWB_L4,False,support_share_medium,2.188069574134793,4042,0.4042595740425957,1.0
MC_S1_DROP_TOP1_R4_L2_HIGH,NEW_MC,COVERAGE_GIVEN_TIME,DWB_L4,False,rms_low,3.035931653643852,1178,0.1178882111788821,0.9431056894310568
MC_S1_DROP_TOP1_R4_L2_HIGH,NEW_MC,COVERAGE_GIVEN_TIME,DWB_L4,False,rms_medium,0.0550869514293239,8267,0.8267173282671733,1.0
MC_S1_DROP_TOP1_R4_L2_HIGH,NEW_MC,COVERAGE_GIVEN_TIME,DWB_L4,False,rms_high,30.011759779595756,386,0.0386961303869613,0.3482651734826517
MC_S1_DROP_TOP1_R4_L2_HIGH,NEW_MC,COVERAGE_GIVEN_TIME,DWB_L4,False,persistent_relation_rms,1.915737428696275,2106,0.2106789321067893,1.0
MC_S2_DROP_TOP5_R0_L0_STAGE15_MATCHED,NEW_MC,TIME_GIVEN_COVERAGE,LEGACY_RADEMACHER,False,component_share_birth,3.64346214390622,1012,0.1012898710128987,0.6502349765023497
MC_S2_DROP_TOP5_R0_L0_STAGE15_MATCHED,NEW_MC,TIME_GIVEN_COVERAGE,LEGACY_RADEMACHER,False,component_share_death,4.881233454939853,3372,0.3372662733726627,1.0
MC_S2_DROP_TOP5_R0_L0_STAGE15_MATCHED,NEW_MC,TIME_GIVEN_COVERAGE,LEGACY_RADEMACHER,False,component_share_increase,0.0709722407170527,8509,0.8509149085091491,1.0
MC_S2_DROP_TOP5_R0_L0_STAGE15_MATCHED,NEW_MC,TIME_GIVEN_COVERAGE,LEGACY_RADEMACHER,False,support_share_low,5.586033081188705,117,0.0117988201179882,0.1061893810618938
MC_S2_DROP_TOP5_R0_L0_STAGE15_MATCHED,NEW_MC,TIME_GIVEN_COVERAGE,LEGACY_RADEMACHER,False,support_share_medium,5.843909690356114,928,0.0928907109289071,0.6502349765023497
MC_S2_DROP_TOP5_R0_L0_STAGE15_MATCHED,NEW_MC,TIME_GIVEN_COVERAGE,LEGACY_RADEMACHER,False,rms_low,1.8158272584328683,1520,0.1520847915208479,0.6502349765023497
MC_S2_DROP_TOP5_R0_L0_STAGE15_MATCHED,NEW_MC,TIME_GIVEN_COVERAGE,LEGACY_RADEMACHER,False,rms_medium,3.932176055679008,1115,0.1115888411158884,0.6502349765023497
MC_S2_DROP_TOP5_R0_L0_STAGE15_MATCHED,NEW_MC,TIME_GIVEN_COVERAGE,LEGACY_RADEMACHER,False,rms_high,8.836802450842862,519,0.051994800519948,0.415958404159584
MC_S2_DROP_TOP5_R0_L0_STAGE15_MATCHED,NEW_MC,TIME_GIVEN_COVERAGE,LEGACY_RADEMACHER,False,persistent_relation_rms,0.7341561591240016,5252,0.5252474752524747,1.0
MC_S2_DROP_TOP5_R0_L0_STAGE15_MATCHED,NEW_MC,TIME_GIVEN_COVERAGE,GAUSSIAN_L1,False,component_share_birth,3.64346214390622,1054,0.1054894510548945,0.7384261573842616
MC_S2_DROP_TOP5_R0_L0_STAGE15_MATCHED,NEW_MC,TIME_GIVEN_COVERAGE,GAUSSIAN_L1,False,component_share_death,4.881233454939853,2837,0.2837716228377162,0.8513148685131486
MC_S2_DROP_TOP5_R0_L0_STAGE15_MATCHED,NEW_MC,TIME_GIVEN_COVERAGE,GAUSSIAN_L1,False,component_share_increase,0.0709722407170527,8025,0.8025197480251974,0.8513148685131486
MC_S2_DROP_TOP5_R0_L0_STAGE15_MATCHED,NEW_MC,TIME_GIVEN_COVERAGE,GAUSSIAN_L1,False,support_share_low,5.586033081188705,519,0.051994800519948,0.467953204679532
MC_S2_DROP_TOP5_R0_L0_STAGE15_MATCHED,NEW_MC,TIME_GIVEN_COVERAGE,GAUSSIAN_L1,False,support_share_medium,5.843909690356114,1577,0.1577842215778422,0.7384261573842616
MC_S2_DROP_TOP5_R0_L0_STAGE15_MATCHED,NEW_MC,TIME_GIVEN_COVERAGE,GAUSSIAN_L1,False,rms_low,1.8158272584328683,1385,0.1385861413858614,0.7384261573842616
MC_S2_DROP_TOP5_R0_L0_STAGE15_MATCHED,NEW_MC,TIME_GIVEN_COVERAGE,GAUSSIAN_L1,False,rms_medium,3.932176055679008,1138,0.1138886111388861,0.7384261573842616
MC_S2_DROP_TOP5_R0_L0_STAGE15_MATCHED,NEW_MC,TIME_GIVEN_COVERAGE,GAUSSIAN_L1,False,rms_high,8.836802450842862,837,0.0837916208379162,0.6703329667033296
MC_S2_DROP_TOP5_R0_L0_STAGE15_MATCHED,NEW_MC,TIME_GIVEN_COVERAGE,GAUSSIAN_L1,False,persistent_relation_rms,0.7341561591240016,4125,0.4125587441255874,0.8513148685131486
MC_S2_DROP_TOP5_R0_L0_STAGE15_MATCHED,NEW_MC,TIME_GIVEN_COVERAGE,DWB_L2,False,component_share_birth,3.64346214390622,1489,0.148985101489851,0.9498050194980502
MC_S2_DROP_TOP5_R0_L0_STAGE15_MATCHED,NEW_MC,TIME_GIVEN_COVERAGE,DWB_L2,False,component_share_death,4.881233454939853,3137,0.3137686231376862,0.9498050194980502
MC_S2_DROP_TOP5_R0_L0_STAGE15_MATCHED,NEW_MC,TIME_GIVEN_COVERAGE,DWB_L2,False,component_share_increase,0.0709722407170527,8124,0.8124187581241876,0.9498050194980502
MC_S2_DROP_TOP5_R0_L0_STAGE15_MATCHED,NEW_MC,TIME_GIVEN_COVERAGE,DWB_L2,False,support_share_low,5.586033081188705,1013,0.1013898610138986,0.9125087491250876
MC_S2_DROP_TOP5_R0_L0_STAGE15_MATCHED,NEW_MC,TIME_GIVEN_COVERAGE,DWB_L2,False,support_share_medium,5.843909690356114,1830,0.1830816918308169,0.9498050194980502
MC_S2_DROP_TOP5_R0_L0_STAGE15_MATCHED,NEW_MC,TIME_GIVEN_COVERAGE,DWB_L2,False,rms_low,1.8158272584328683,1771,0.1771822817718228,0.9498050194980502
MC_S2_DROP_TOP5_R0_L0_STAGE15_MATCHED,NEW_MC,TIME_GIVEN_COVERAGE,DWB_L2,False,rms_medium,3.932176055679008,1138,0.1138886111388861,0.9125087491250876
MC_S2_DROP_TOP5_R0_L0_STAGE15_MATCHED,NEW_MC,TIME_GIVEN_COVERAGE,DWB_L2,False,rms_high,8.836802450842862,1356,0.1356864313568643,0.9498050194980502
MC_S2_DROP_TOP5_R0_L0_STAGE15_MATCHED,NEW_MC,TIME_GIVEN_COVERAGE,DWB_L2,False,persistent_relation_rms,0.7341561591240016,4271,0.4271572842715728,0.9498050194980502
MC_S2_DROP_TOP5_R0_L0_STAGE15_MATCHED,NEW_MC,TIME_GIVEN_COVERAGE,DWB_L3,True,component_share_birth,3.64346214390622,1759,0.175982401759824,1.0
MC_S2_DROP_TOP5_R0_L0_STAGE15_MATCHED,NEW_MC,TIME_GIVEN_COVERAGE,DWB_L3,True,component_share_death,4.881233454939853,3328,0.3328667133286671,1.0
MC_S2_DROP_TOP5_R0_L0_STAGE15_MATCHED,NEW_MC,TIME_GIVEN_COVERAGE,DWB_L3,True,component_share_increase,0.0709722407170527,8031,0.8031196880311969,1.0
MC_S2_DROP_TOP5_R0_L0_STAGE15_MATCHED,NEW_MC,TIME_GIVEN_COVERAGE,DWB_L3,True,support_share_low,5.586033081188705,1337,0.1337866213378662,1.0
MC_S2_DROP_TOP5_R0_L0_STAGE15_MATCHED,NEW_MC,TIME_GIVEN_COVERAGE,DWB_L3,True,support_share_medium,5.843909690356114,2052,0.2052794720527947,1.0
MC_S2_DROP_TOP5_R0_L0_STAGE15_MATCHED,NEW_MC,TIME_GIVEN_COVERAGE,DWB_L3,True,rms_low,1.8158272584328683,2002,0.2002799720027997,1.0
MC_S2_DROP_TOP5_R0_L0_STAGE15_MATCHED,NEW_MC,TIME_GIVEN_COVERAGE,DWB_L3,True,rms_medium,3.932176055679008,1076,0.1076892310768923,0.9692030796920308
MC_S2_DROP_TOP5_R0_L0_STAGE15_MATCHED,NEW_MC,TIME_GIVEN_COVERAGE,DWB_L3,True,rms_high,8.836802450842862,1517,0.1517848215178482,1.0
MC_S2_DROP_TOP5_R0_L0_STAGE15_MATCHED,NEW_MC,TIME_GIVEN_COVERAGE,DWB_L3,True,persistent_relation_rms,0.7341561591240016,4395,0.4395560443955604,1.0
MC_S2_DROP_TOP5_R0_L0_STAGE15_MATCHED,NEW_MC,TIME_GIVEN_COVERAGE,DWB_L4,False,component_share_birth,3.64346214390622,1789,0.178982101789821,1.0
MC_S2_DROP_TOP5_R0_L0_STAGE15_MATCHED,NEW_MC,TIME_GIVEN_COVERAGE,DWB_L4,False,component_share_death,4.881233454939853,3395,0.3395660433956604,1.0
MC_S2_DROP_TOP5_R0_L0_STAGE15_MATCHED,NEW_MC,TIME_GIVEN_COVERAGE,DWB_L4,False,component_share_increase,0.0709722407170527,7879,0.787921207879212,1.0
MC_S2_DROP_TOP5_R0_L0_STAGE15_MATCHED,NEW_MC,TIME_GIVEN_COVERAGE,DWB_L4,False,support_share_low,5.586033081188705,1633,0.1633836616338366,1.0
MC_S2_DROP_TOP5_R0_L0_STAGE15_MATCHED,NEW_MC,TIME_GIVEN_COVERAGE,DWB_L4,False,support_share_medium,5.843909690356114,2266,0.2266773322667733,1.0
MC_S2_DROP_TOP5_R0_L0_STAGE15_MATCHED,NEW_MC,TIME_GIVEN_COVERAGE,DWB_L4,False,rms_low,1.8158272584328683,2393,0.2393760623937606,1.0
MC_S2_DROP_TOP5_R0_L0_STAGE15_MATCHED,NEW_MC,TIME_GIVEN_COVERAGE,DWB_L4,False,rms_medium,3.932176055679008,1188,0.1188881111888811,1.0
MC_S2_DROP_TOP5_R0_L0_STAGE15_MATCHED,NEW_MC,TIME_GIVEN_COVERAGE,DWB_L4,False,rms_high,8.836802450842862,1611,0.1611838816118388,1.0
MC_S2_DROP_TOP5_R0_L0_STAGE15_MATCHED,NEW_MC,TIME_GIVEN_COVERAGE,DWB_L4,False,persistent_relation_rms,0.7341561591240016,4511,0.4511548845115488,1.0
MC_S2_DROP_TOP5_R0_L0_STAGE15_MATCHED,NEW_MC,COVERAGE_GIVEN_TIME,LEGACY_RADEMACHER,False,component_share_birth,0.088552297419497,8186,0.8186181381861813,1.0
MC_S2_DROP_TOP5_R0_L0_STAGE15_MATCHED,NEW_MC,COVERAGE_GIVEN_TIME,LEGACY_RADEMACHER,False,component_share_death,2.091266222649857,4929,0.492950704929507,1.0
MC_S2_DROP_TOP5_R0_L0_STAGE15_MATCHED,NEW_MC,COVERAGE_GIVEN_TIME,LEGACY_RADEMACHER,False,component_share_increase,1.0486423694623586,3614,0.3614638536146385,1.0
MC_S2_DROP_TOP5_R0_L0_STAGE15_MATCHED,NEW_MC,COVERAGE_GIVEN_TIME,LEGACY_RADEMACHER,False,support_share_low,11.344446287350928,2,0.0002999700029997,0.0023997600239976
MC_S2_DROP_TOP5_R0_L0_STAGE15_MATCHED,NEW_MC,COVERAGE_GIVEN_TIME,LEGACY_RADEMACHER,False,support_share_medium,11.894001464294648,61,0.0061993800619938,0.0433956604339566
MC_S2_DROP_TOP5_R0_L0_STAGE15_MATCHED,NEW_MC,COVERAGE_GIVEN_TIME,LEGACY_RADEMACHER,False,rms_low,0.0580066114141502,9060,0.906009399060094,1.0
MC_S2_DROP_TOP5_R0_L0_STAGE15_MATCHED,NEW_MC,COVERAGE_GIVEN_TIME,LEGACY_RADEMACHER,False,rms_medium,3.01890816643035,4518,0.4518548145185481,1.0
MC_S2_DROP_TOP5_R0_L0_STAGE15_MATCHED,NEW_MC,COVERAGE_GIVEN_TIME,LEGACY_RADEMACHER,False,rms_high,23.66869882504193,1,0.0001999800019998,0.0017998200179982
MC_S2_DROP_TOP5_R0_L0_STAGE15_MATCHED,NEW_MC,COVERAGE_GIVEN_TIME,LEGACY_RADEMACHER,False,persistent_relation_rms,5.184105233000587,545,0.0545945405459454,0.3275672432756724
MC_S2_DROP_TOP5_R0_L0_STAGE15_MATCHED,NEW_MC,COVERAGE_GIVEN_TIME,GAUSSIAN_L1,False,component_share_birth,0.088552297419497,8115,0.8115188481151885,1.0
MC_S2_DROP_TOP5_R0_L0_STAGE15_MATCHED,NEW_MC,COVERAGE_GIVEN_TIME,GAUSSIAN_L1,False,component_share_death,2.091266222649857,4623,0.4623537646235376,1.0
MC_S2_DROP_TOP5_R0_L0_STAGE15_MATCHED,NEW_MC,COVERAGE_GIVEN_TIME,GAUSSIAN_L1,False,component_share_increase,1.0486423694623586,3009,0.300969903009699,1.0
MC_S2_DROP_TOP5_R0_L0_STAGE15_MATCHED,NEW_MC,COVERAGE_GIVEN_TIME,GAUSSIAN_L1,False,support_share_low,11.344446287350928,30,0.0030996900309969,0.0278972102789721
MC_S2_DROP_TOP5_R0_L0_STAGE15_MATCHED,NEW_MC,COVERAGE_GIVEN_TIME,GAUSSIAN_L1,False,support_share_medium,11.894001464294648,282,0.0282971702829717,0.1980801919808019
MC_S2_DROP_TOP5_R0_L0_STAGE15_MATCHED,NEW_MC,COVERAGE_GIVEN_TIME,GAUSSIAN_L1,False,rms_low,0.0580066114141502,8926,0.8926107389261074,1.0
MC_S2_DROP_TOP5_R0_L0_STAGE15_MATCHED,NEW_MC,COVERAGE_GIVEN_TIME,GAUSSIAN_L1,False,rms_medium,3.01890816643035,4002,0.4002599740025997,1.0
MC_S2_DROP_TOP5_R0_L0_STAGE15_MATCHED,NEW_MC,COVERAGE_GIVEN_TIME,GAUSSIAN_L1,False,rms_high,23.66869882504193,34,0.0034996500349965,0.027997200279972
MC_S2_DROP_TOP5_R0_L0_STAGE15_MATCHED,NEW_MC,COVERAGE_GIVEN_TIME,GAUSSIAN_L1,False,persistent_relation_rms,5.184105233000587,603,0.0603939606039396,0.3623637636236376
MC_S2_DROP_TOP5_R0_L0_STAGE15_MATCHED,NEW_MC,COVERAGE_GIVEN_TIME,DWB_L2,False,component_share_birth,0.088552297419497,7937,0.7937206279372063,1.0
MC_S2_DROP_TOP5_R0_L0_STAGE15_MATCHED,NEW_MC,COVERAGE_GIVEN_TIME,DWB_L2,False,component_share_death,2.091266222649857,4529,0.452954704529547,1.0
MC_S2_DROP_TOP5_R0_L0_STAGE15_MATCHED,NEW_MC,COVERAGE_GIVEN_TIME,DWB_L2,False,component_share_increase,1.0486423694623586,3152,0.3152684731526847,1.0
MC_S2_DROP_TOP5_R0_L0_STAGE15_MATCHED,NEW_MC,COVERAGE_GIVEN_TIME,DWB_L2,False,support_share_low,11.344446287350928,163,0.0163983601639836,0.1475852414758524
MC_S2_DROP_TOP5_R0_L0_STAGE15_MATCHED,NEW_MC,COVERAGE_GIVEN_TIME,DWB_L2,False,support_share_medium,11.894001464294648,438,0.0438956104389561,0.3072692730726927
MC_S2_DROP_TOP5_R0_L0_STAGE15_MATCHED,NEW_MC,COVERAGE_GIVEN_TIME,DWB_L2,False,rms_low,0.0580066114141502,9029,0.9029097090290972,1.0
MC_S2_DROP_TOP5_R0_L0_STAGE15_MATCHED,NEW_MC,COVERAGE_GIVEN_TIME,DWB_L2,False,rms_medium,3.01890816643035,4114,0.4114588541145885,1.0
MC_S2_DROP_TOP5_R0_L0_STAGE15_MATCHED,NEW_MC,COVERAGE_GIVEN_TIME,DWB_L2,False,rms_high,23.66869882504193,168,0.0168983101689831,0.1475852414758524
MC_S2_DROP_TOP5_R0_L0_STAGE15_MATCHED,NEW_MC,COVERAGE_GIVEN_TIME,DWB_L2,False,persistent_relation_rms,5.184105233000587,608,0.0608939106089391,0.3653634636536346
MC_S2_DROP_TOP5_R0_L0_STAGE15_MATCHED,NEW_MC,COVERAGE_GIVEN_TIME,DWB_L3,True,component_share_birth,0.088552297419497,7508,0.7508249175082492,1.0
MC_S2_DROP_TOP5_R0_L0_STAGE15_MATCHED,NEW_MC,COVERAGE_GIVEN_TIME,DWB_L3,True,component_share_death,2.091266222649857,4230,0.4230576942305769,1.0
MC_S2_DROP_TOP5_R0_L0_STAGE15_MATCHED,NEW_MC,COVERAGE_GIVEN_TIME,DWB_L3,True,component_share_increase,1.0486423694623586,2998,0.2998700129987001,1.0
MC_S2_DROP_TOP5_R0_L0_STAGE15_MATCHED,NEW_MC,COVERAGE_GIVEN_TIME,DWB_L3,True,support_share_low,11.344446287350928,370,0.0370962903709629,0.2967703229677032
MC_S2_DROP_TOP5_R0_L0_STAGE15_MATCHED,NEW_MC,COVERAGE_GIVEN_TIME,DWB_L3,True,support_share_medium,11.894001464294648,613,0.0613938606139386,0.4297570242975702
MC_S2_DROP_TOP5_R0_L0_STAGE15_MATCHED,NEW_MC,COVERAGE_GIVEN_TIME,DWB_L3,True,rms_low,0.0580066114141502,8992,0.8992100789921008,1.0
MC_S2_DROP_TOP5_R0_L0_STAGE15_MATCHED,NEW_MC,COVERAGE_GIVEN_TIME,DWB_L3,True,rms_medium,3.01890816643035,3515,0.3515648435156484,1.0
MC_S2_DROP_TOP5_R0_L0_STAGE15_MATCHED,NEW_MC,COVERAGE_GIVEN_TIME,DWB_L3,True,rms_high,23.66869882504193,289,0.028997100289971,0.260973902609739
MC_S2_DROP_TOP5_R0_L0_STAGE15_MATCHED,NEW_MC,COVERAGE_GIVEN_TIME,DWB_L3,True,persistent_relation_rms,5.184105233000587,615,0.0615938406159384,0.4297570242975702
MC_S2_DROP_TOP5_R0_L0_STAGE15_MATCHED,NEW_MC,COVERAGE_GIVEN_TIME,DWB_L4,False,component_share_birth,0.088552297419497,7342,0.7342265773422658,1.0
MC_S2_DROP_TOP5_R0_L0_STAGE15_MATCHED,NEW_MC,COVERAGE_GIVEN_TIME,DWB_L4,False,component_share_death,2.091266222649857,4170,0.4170582941705829,1.0
MC_S2_DROP_TOP5_R0_L0_STAGE15_MATCHED,NEW_MC,COVERAGE_GIVEN_TIME,DWB_L4,False,component_share_increase,1.0486423694623586,2824,0.2824717528247175,1.0
MC_S2_DROP_TOP5_R0_L0_STAGE15_MATCHED,NEW_MC,COVERAGE_GIVEN_TIME,DWB_L4,False,support_share_low,11.344446287350928,477,0.0477952204779522,0.3823617638236176
MC_S2_DROP_TOP5_R0_L0_STAGE15_MATCHED,NEW_MC,COVERAGE_GIVEN_TIME,DWB_L4,False,support_share_medium,11.894001464294648,651,0.0651934806519348,0.4234576542345765
MC_S2_DROP_TOP5_R0_L0_STAGE15_MATCHED,NEW_MC,COVERAGE_GIVEN_TIME,DWB_L4,False,rms_low,0.0580066114141502,8912,0.8912108789121088,1.0
MC_S2_DROP_TOP5_R0_L0_STAGE15_MATCHED,NEW_MC,COVERAGE_GIVEN_TIME,DWB_L4,False,rms_medium,3.01890816643035,2902,0.2902709729027097,1.0
MC_S2_DROP_TOP5_R0_L0_STAGE15_MATCHED,NEW_MC,COVERAGE_GIVEN_TIME,DWB_L4,False,rms_high,23.66869882504193,365,0.0365963403659634,0.3293670632936706
MC_S2_DROP_TOP5_R0_L0_STAGE15_MATCHED,NEW_MC,COVERAGE_GIVEN_TIME,DWB_L4,False,persistent_relation_rms,5.184105233000587,604,0.0604939506049395,0.4234576542345765
MC_S2_DROP_TOP5_R0_L1_EXTENDED,NEW_MC,TIME_GIVEN_COVERAGE,LEGACY_RADEMACHER,False,component_share_birth,13.119708254396684,868,0.0868913108689131,0.5213478652134786
MC_S2_DROP_TOP5_R0_L1_EXTENDED,NEW_MC,TIME_GIVEN_COVERAGE,LEGACY_RADEMACHER,False,component_share_death,3.612699955335128,2865,0.2865713428657134,1.0
MC_S2_DROP_TOP5_R0_L1_EXTENDED,NEW_MC,TIME_GIVEN_COVERAGE,LEGACY_RADEMACHER,False,component_share_increase,0.154479153968305,6653,0.6653334666533347,1.0
MC_S2_DROP_TOP5_R0_L1_EXTENDED,NEW_MC,TIME_GIVEN_COVERAGE,LEGACY_RADEMACHER,False,support_share_low,7.679017567755899,13,0.0013998600139986,0.0125987401259874
MC_S2_DROP_TOP5_R0_L1_EXTENDED,NEW_MC,TIME_GIVEN_COVERAGE,LEGACY_RADEMACHER,False,support_share_medium,23.226828884128334,204,0.0204979502049795,0.163983601639836
MC_S2_DROP_TOP5_R0_L1_EXTENDED,NEW_MC,TIME_GIVEN_COVERAGE,LEGACY_RADEMACHER,False,rms_low,2.053617767981976,2652,0.2652734726527347,1.0
MC_S2_DROP_TOP5_R0_L1_EXTENDED,NEW_MC,TIME_GIVEN_COVERAGE,LEGACY_RADEMACHER,False,rms_medium,3.5106231413332765,1924,0.1924807519248075,0.9624037596240376
MC_S2_DROP_TOP5_R0_L1_EXTENDED,NEW_MC,TIME_GIVEN_COVERAGE,LEGACY_RADEMACHER,False,rms_high,9.673507967688,492,0.0492950704929507,0.3450654934506549
MC_S2_DROP_TOP5_R0_L1_EXTENDED,NEW_MC,TIME_GIVEN_COVERAGE,LEGACY_RADEMACHER,False,persistent_relation_rms,0.3214717484618283,8192,0.8192180781921807,1.0
MC_S2_DROP_TOP5_R0_L1_EXTENDED,NEW_MC,TIME_GIVEN_COVERAGE,GAUSSIAN_L1,False,component_share_birth,13.119708254396684,878,0.0878912108789121,0.6335366463353664
MC_S2_DROP_TOP5_R0_L1_EXTENDED,NEW_MC,TIME_GIVEN_COVERAGE,GAUSSIAN_L1,False,component_share_death,3.612699955335128,2447,0.2447755224477552,0.9535046495350464
MC_S2_DROP_TOP5_R0_L1_EXTENDED,NEW_MC,TIME_GIVEN_COVERAGE,GAUSSIAN_L1,False,component_share_increase,0.154479153968305,5698,0.5698430156984302,1.0
MC_S2_DROP_TOP5_R0_L1_EXTENDED,NEW_MC,TIME_GIVEN_COVERAGE,GAUSSIAN_L1,False,support_share_low,7.679017567755899,328,0.0328967103289671,0.296070392960704
MC_S2_DROP_TOP5_R0_L1_EXTENDED,NEW_MC,TIME_GIVEN_COVERAGE,GAUSSIAN_L1,False,support_share_medium,23.226828884128334,1041,0.1041895810418958,0.6335366463353664
MC_S2_DROP_TOP5_R0_L1_EXTENDED,NEW_MC,TIME_GIVEN_COVERAGE,GAUSSIAN_L1,False,rms_low,2.053617767981976,2383,0.2383761623837616,0.9535046495350464
MC_S2_DROP_TOP5_R0_L1_EXTENDED,NEW_MC,TIME_GIVEN_COVERAGE,GAUSSIAN_L1,False,rms_medium,3.5106231413332765,1802,0.1802819718028197,0.9014098590140984
MC_S2_DROP_TOP5_R0_L1_EXTENDED,NEW_MC,TIME_GIVEN_COVERAGE,GAUSSIAN_L1,False,rms_high,9.673507967688,791,0.0791920807919208,0.6335366463353664
MC_S2_DROP_TOP5_R0_L1_EXTENDED,NEW_MC,TIME_GIVEN_COVERAGE,GAUSSIAN_L1,False,persistent_relation_rms,0.3214717484618283,6300,0.6300369963003699,1.0
MC_S2_DROP_TOP5_R0_L1_EXTENDED,NEW_MC,TIME_GIVEN_COVERAGE,DWB_L2,False,component_share_birth,13.119708254396684,1277,0.1277872212778722,1.0
MC_S2_DROP_TOP5_R0_L1_EXTENDED,NEW_MC,TIME_GIVEN_COVERAGE,DWB_L2,False,component_share_death,3.612699955335128,2874,0.2874712528747125,1.0
MC_S2_DROP_TOP5_R0_L1_EXTENDED,NEW_MC,TIME_GIVEN_COVERAGE,DWB_L2,False,component_share_increase,0.154479153968305,5726,0.5726427357264273,1.0
MC_S2_DROP_TOP5_R0_L1_EXTENDED,NEW_MC,TIME_GIVEN_COVERAGE,DWB_L2,False,support_share_low,7.679017567755899,748,0.0748925107489251,0.674032596740326
MC_S2_DROP_TOP5_R0_L1_EXTENDED,NEW_MC,TIME_GIVEN_COVERAGE,DWB_L2,False,support_share_medium,23.226828884128334,1319,0.131986801319868,1.0
MC_S2_DROP_TOP5_R0_L1_EXTENDED,NEW_MC,TIME_GIVEN_COVERAGE,DWB_L2,False,rms_low,2.053617767981976,2751,0.2751724827517248,1.0
MC_S2_DROP_TOP5_R0_L1_EXTENDED,NEW_MC,TIME_GIVEN_COVERAGE,DWB_L2,False,rms_medium,3.5106231413332765,1664,0.1664833516648335,1.0
MC_S2_DROP_TOP5_R0_L1_EXTENDED,NEW_MC,TIME_GIVEN_COVERAGE,DWB_L2,False,rms_high,9.673507967688,1382,0.1382861713828617,1.0
MC_S2_DROP_TOP5_R0_L1_EXTENDED,NEW_MC,TIME_GIVEN_COVERAGE,DWB_L2,False,persistent_relation_rms,0.3214717484618283,6439,0.6439356064393561,1.0
MC_S2_DROP_TOP5_R0_L1_EXTENDED,NEW_MC,TIME_GIVEN_COVERAGE,DWB_L3,True,component_share_birth,13.119708254396684,1526,0.1526847315268473,1.0
MC_S2_DROP_TOP5_R0_L1_EXTENDED,NEW_MC,TIME_GIVEN_COVERAGE,DWB_L3,True,component_share_death,3.612699955335128,3198,0.3198680131986801,1.0
MC_S2_DROP_TOP5_R0_L1_EXTENDED,NEW_MC,TIME_GIVEN_COVERAGE,DWB_L3,True,component_share_increase,0.154479153968305,5652,0.5652434756524347,1.0
MC_S2_DROP_TOP5_R0_L1_EXTENDED,NEW_MC,TIME_GIVEN_COVERAGE,DWB_L3,True,support_share_low,7.679017567755899,998,0.0998900109989001,0.8990100989901011
MC_S2_DROP_TOP5_R0_L1_EXTENDED,NEW_MC,TIME_GIVEN_COVERAGE,DWB_L3,True,support_share_medium,23.226828884128334,1433,0.1433856614338566,1.0
MC_S2_DROP_TOP5_R0_L1_EXTENDED,NEW_MC,TIME_GIVEN_COVERAGE,DWB_L3,True,rms_low,2.053617767981976,2975,0.2975702429757024,1.0
MC_S2_DROP_TOP5_R0_L1_EXTENDED,NEW_MC,TIME_GIVEN_COVERAGE,DWB_L3,True,rms_medium,3.5106231413332765,1544,0.1544845515448455,1.0
MC_S2_DROP_TOP5_R0_L1_EXTENDED,NEW_MC,TIME_GIVEN_COVERAGE,DWB_L3,True,rms_high,9.673507967688,1496,0.1496850314968503,1.0
MC_S2_DROP_TOP5_R0_L1_EXTENDED,NEW_MC,TIME_GIVEN_COVERAGE,DWB_L3,True,persistent_relation_rms,0.3214717484618283,6435,0.6435356464353564,1.0
MC_S2_DROP_TOP5_R0_L1_EXTENDED,NEW_MC,TIME_GIVEN_COVERAGE,DWB_L4,False,component_share_birth,13.119708254396684,1554,0.1554844515548445,1.0
MC_S2_DROP_TOP5_R0_L1_EXTENDED,NEW_MC,TIME_GIVEN_COVERAGE,DWB_L4,False,component_share_death,3.612699955335128,3156,0.3156684331566843,1.0
MC_S2_DROP_TOP5_R0_L1_EXTENDED,NEW_MC,TIME_GIVEN_COVERAGE,DWB_L4,False,component_share_increase,0.154479153968305,5394,0.5394460553944606,1.0
MC_S2_DROP_TOP5_R0_L1_EXTENDED,NEW_MC,TIME_GIVEN_COVERAGE,DWB_L4,False,support_share_low,7.679017567755899,1185,0.1185881411858814,1.0
MC_S2_DROP_TOP5_R0_L1_EXTENDED,NEW_MC,TIME_GIVEN_COVERAGE,DWB_L4,False,support_share_medium,23.226828884128334,1581,0.1581841815818418,1.0
MC_S2_DROP_TOP5_R0_L1_EXTENDED,NEW_MC,TIME_GIVEN_COVERAGE,DWB_L4,False,rms_low,2.053617767981976,3192,0.3192680731926807,1.0
MC_S2_DROP_TOP5_R0_L1_EXTENDED,NEW_MC,TIME_GIVEN_COVERAGE,DWB_L4,False,rms_medium,3.5106231413332765,1507,0.1507849215078492,1.0
MC_S2_DROP_TOP5_R0_L1_EXTENDED,NEW_MC,TIME_GIVEN_COVERAGE,DWB_L4,False,rms_high,9.673507967688,1557,0.1557844215578442,1.0
MC_S2_DROP_TOP5_R0_L1_EXTENDED,NEW_MC,TIME_GIVEN_COVERAGE,DWB_L4,False,persistent_relation_rms,0.3214717484618283,6416,0.6416358364163584,1.0
MC_S2_DROP_TOP5_R0_L1_EXTENDED,NEW_MC,COVERAGE_GIVEN_TIME,LEGACY_RADEMACHER,False,component_share_birth,2.968732331767697,4689,0.468953104689531,1.0
MC_S2_DROP_TOP5_R0_L1_EXTENDED,NEW_MC,COVERAGE_GIVEN_TIME,LEGACY_RADEMACHER,False,component_share_death,3.701909325064033,2038,0.2038796120387961,1.0
MC_S2_DROP_TOP5_R0_L1_EXTENDED,NEW_MC,COVERAGE_GIVEN_TIME,LEGACY_RADEMACHER,False,component_share_increase,0.7636849255098186,2707,0.2707729227077292,1.0
MC_S2_DROP_TOP5_R0_L1_EXTENDED,NEW_MC,COVERAGE_GIVEN_TIME,LEGACY_RADEMACHER,False,support_share_low,10.824931195215305,191,0.0191980801919808,0.1535846415358464
MC_S2_DROP_TOP5_R0_L1_EXTENDED,NEW_MC,COVERAGE_GIVEN_TIME,LEGACY_RADEMACHER,False,support_share_medium,22.58414383929434,2236,0.2236776322367763,1.0
MC_S2_DROP_TOP5_R0_L1_EXTENDED,NEW_MC,COVERAGE_GIVEN_TIME,LEGACY_RADEMACHER,False,rms_low,0.2004540848098202,6788,0.6788321167883211,1.0
MC_S2_DROP_TOP5_R0_L1_EXTENDED,NEW_MC,COVERAGE_GIVEN_TIME,LEGACY_RADEMACHER,False,rms_medium,2.2119292547498546,5066,0.5066493350664933,1.0
MC_S2_DROP_TOP5_R0_L1_EXTENDED,NEW_MC,COVERAGE_GIVEN_TIME,LEGACY_RADEMACHER,False,rms_high,25.864207700004314,3,0.0003999600039996,0.0035996400359964
MC_S2_DROP_TOP5_R0_L1_EXTENDED,NEW_MC,COVERAGE_GIVEN_TIME,LEGACY_RADEMACHER,False,persistent_relation_rms,2.8449275185341136,2749,0.274972502749725,1.0
MC_S2_DROP_TOP5_R0_L1_EXTENDED,NEW_MC,COVERAGE_GIVEN_TIME,GAUSSIAN_L1,False,component_share_birth,2.968732331767697,4456,0.4456554344565543,1.0
MC_S2_DROP_TOP5_R0_L1_EXTENDED,NEW_MC,COVERAGE_GIVEN_TIME,GAUSSIAN_L1,False,component_share_death,3.701909325064033,2008,0.2008799120087991,1.0
MC_S2_DROP_TOP5_R0_L1_EXTENDED,NEW_MC,COVERAGE_GIVEN_TIME,GAUSSIAN_L1,False,component_share_increase,0.7636849255098186,2358,0.2358764123587641,1.0
MC_S2_DROP_TOP5_R0_L1_EXTENDED,NEW_MC,COVERAGE_GIVEN_TIME,GAUSSIAN_L1,False,support_share_low,10.824931195215305,278,0.0278972102789721,0.2231776822317768
MC_S2_DROP_TOP5_R0_L1_EXTENDED,NEW_MC,COVERAGE_GIVEN_TIME,GAUSSIAN_L1,False,support_share_medium,22.58414383929434,2071,0.2071792820717928,1.0
MC_S2_DROP_TOP5_R0_L1_EXTENDED,NEW_MC,COVERAGE_GIVEN_TIME,GAUSSIAN_L1,False,rms_low,0.2004540848098202,6621,0.6621337866213378,1.0
MC_S2_DROP_TOP5_R0_L1_EXTENDED,NEW_MC,COVERAGE_GIVEN_TIME,GAUSSIAN_L1,False,rms_medium,2.2119292547498546,4916,0.4916508349165083,1.0
MC_S2_DROP_TOP5_R0_L1_EXTENDED,NEW_MC,COVERAGE_GIVEN_TIME,GAUSSIAN_L1,False,rms_high,25.864207700004314,37,0.0037996200379962,0.0341965803419658
MC_S2_DROP_TOP5_R0_L1_EXTENDED,NEW_MC,COVERAGE_GIVEN_TIME,GAUSSIAN_L1,False,persistent_relation_rms,2.8449275185341136,2593,0.2593740625937406,1.0
MC_S2_DROP_TOP5_R0_L1_EXTENDED,NEW_MC,COVERAGE_GIVEN_TIME,DWB_L2,False,component_share_birth,2.968732331767697,4508,0.4508549145085491,1.0
MC_S2_DROP_TOP5_R0_L1_EXTENDED,NEW_MC,COVERAGE_GIVEN_TIME,DWB_L2,False,component_share_death,3.701909325064033,2218,0.2218778122187781,1.0
MC_S2_DROP_TOP5_R0_L1_EXTENDED,NEW_MC,COVERAGE_GIVEN_TIME,DWB_L2,False,component_share_increase,0.7636849255098186,2421,0.2421757824217578,1.0
MC_S2_DROP_TOP5_R0_L1_EXTENDED,NEW_MC,COVERAGE_GIVEN_TIME,DWB_L2,False,support_share_low,10.824931195215305,497,0.0497950204979502,0.3983601639836016
MC_S2_DROP_TOP5_R0_L1_EXTENDED,NEW_MC,COVERAGE_GIVEN_TIME,DWB_L2,False,support_share_medium,22.58414383929434,2377,0.2377762223777622,1.0
MC_S2_DROP_TOP5_R0_L1_EXTENDED,NEW_MC,COVERAGE_GIVEN_TIME,DWB_L2,False,rms_low,0.2004540848098202,6637,0.6637336266373363,1.0
MC_S2_DROP_TOP5_R0_L1_EXTENDED,NEW_MC,COVERAGE_GIVEN_TIME,DWB_L2,False,rms_medium,2.2119292547498546,5104,0.5104489551044895,1.0
MC_S2_DROP_TOP5_R0_L1_EXTENDED,NEW_MC,COVERAGE_GIVEN_TIME,DWB_L2,False,rms_high,25.864207700004314,184,0.0184981501849815,0.1664833516648335
MC_S2_DROP_TOP5_R0_L1_EXTENDED,NEW_MC,COVERAGE_GIVEN_TIME,DWB_L2,False,persistent_relation_rms,2.8449275185341136,2680,0.2680731926807319,1.0
MC_S2_DROP_TOP5_R0_L1_EXTENDED,NEW_MC,COVERAGE_GIVEN_TIME,DWB_L3,True,component_share_birth,2.968732331767697,4111,0.4111588841115888,1.0
MC_S2_DROP_TOP5_R0_L1_EXTENDED,NEW_MC,COVERAGE_GIVEN_TIME,DWB_L3,True,component_share_death,3.701909325064033,2195,0.2195780421957804,1.0
MC_S2_DROP_TOP5_R0_L1_EXTENDED,NEW_MC,COVERAGE_GIVEN_TIME,DWB_L3,True,component_share_increase,0.7636849255098186,2129,0.212978702129787,1.0
MC_S2_DROP_TOP5_R0_L1_EXTENDED,NEW_MC,COVERAGE_GIVEN_TIME,DWB_L3,True,support_share_low,10.824931195215305,681,0.0681931806819318,0.5455454454554545
MC_S2_DROP_TOP5_R0_L1_EXTENDED,NEW_MC,COVERAGE_GIVEN_TIME,DWB_L3,True,support_share_medium,22.58414383929434,2500,0.2500749925007499,1.0
MC_S2_DROP_TOP5_R0_L1_EXTENDED,NEW_MC,COVERAGE_GIVEN_TIME,DWB_L3,True,rms_low,0.2004540848098202,6534,0.6534346565343465,1.0
MC_S2_DROP_TOP5_R0_L1_EXTENDED,NEW_MC,COVERAGE_GIVEN_TIME,DWB_L3,True,rms_medium,2.2119292547498546,4395,0.4395560443955604,1.0
MC_S2_DROP_TOP5_R0_L1_EXTENDED,NEW_MC,COVERAGE_GIVEN_TIME,DWB_L3,True,rms_high,25.864207700004314,242,0.0242975702429757,0.2186781321867813
MC_S2_DROP_TOP5_R0_L1_EXTENDED,NEW_MC,COVERAGE_GIVEN_TIME,DWB_L3,True,persistent_relation_rms,2.8449275185341136,2225,0.2225777422257774,1.0
MC_S2_DROP_TOP5_R0_L1_EXTENDED,NEW_MC,COVERAGE_GIVEN_TIME,DWB_L4,False,component_share_birth,2.968732331767697,3697,0.3697630236976302,1.0
MC_S2_DROP_TOP5_R0_L1_EXTENDED,NEW_MC,COVERAGE_GIVEN_TIME,DWB_L4,False,component_share_death,3.701909325064033,2111,0.2111788821117888,1.0
MC_S2_DROP_TOP5_R0_L1_EXTENDED,NEW_MC,COVERAGE_GIVEN_TIME,DWB_L4,False,component_share_increase,0.7636849255098186,2128,0.2128787121287871,1.0
MC_S2_DROP_TOP5_R0_L1_EXTENDED,NEW_MC,COVERAGE_GIVEN_TIME,DWB_L4,False,support_share_low,10.824931195215305,829,0.082991700829917,0.6639336066393361
MC_S2_DROP_TOP5_R0_L1_EXTENDED,NEW_MC,COVERAGE_GIVEN_TIME,DWB_L4,False,support_share_medium,22.58414383929434,2243,0.2243775622437756,1.0
MC_S2_DROP_TOP5_R0_L1_EXTENDED,NEW_MC,COVERAGE_GIVEN_TIME,DWB_L4,False,rms_low,0.2004540848098202,6502,0.6502349765023497,1.0
MC_S2_DROP_TOP5_R0_L1_EXTENDED,NEW_MC,COVERAGE_GIVEN_TIME,DWB_L4,False,rms_medium,2.2119292547498546,3781,0.3781621837816218,1.0
MC_S2_DROP_TOP5_R0_L1_EXTENDED,NEW_MC,COVERAGE_GIVEN_TIME,DWB_L4,False,rms_high,25.864207700004314,379,0.037996200379962,0.341965803419658
MC_S2_DROP_TOP5_R0_L1_EXTENDED,NEW_MC,COVERAGE_GIVEN_TIME,DWB_L4,False,persistent_relation_rms,2.8449275185341136,2087,0.2087791220877912,1.0
MC_S2_DROP_TOP5_R0_L2_HIGH,NEW_MC,TIME_GIVEN_COVERAGE,LEGACY_RADEMACHER,False,component_share_birth,3.880571569136265,1132,0.1132886711328867,0.6797320267973203
MC_S2_DROP_TOP5_R0_L2_HIGH,NEW_MC,TIME_GIVEN_COVERAGE,LEGACY_RADEMACHER,False,component_share_death,3.104343474633964,3843,0.3843615638436156,1.0
MC_S2_DROP_TOP5_R0_L2_HIGH,NEW_MC,TIME_GIVEN_COVERAGE,LEGACY_RADEMACHER,False,component_share_increase,0.5324373443222861,4513,0.4513548645135486,1.0
MC_S2_DROP_TOP5_R0_L2_HIGH,NEW_MC,TIME_GIVEN_COVERAGE,LEGACY_RADEMACHER,False,support_share_low,7.294211462277915,2,0.0002999700029997,0.0026997300269973
MC_S2_DROP_TOP5_R0_L2_HIGH,NEW_MC,TIME_GIVEN_COVERAGE,LEGACY_RADEMACHER,False,support_share_medium,11.532618437609084,14,0.0014998500149985,0.011998800119988
MC_S2_DROP_TOP5_R0_L2_HIGH,NEW_MC,TIME_GIVEN_COVERAGE,LEGACY_RADEMACHER,False,rms_low,0.0321163457876849,8981,0.8981101889811018,1.0
MC_S2_DROP_TOP5_R0_L2_HIGH,NEW_MC,TIME_GIVEN_COVERAGE,LEGACY_RADEMACHER,False,rms_medium,2.86305907638652,1545,0.1545845415458454,0.7729227077292271
MC_S2_DROP_TOP5_R0_L2_HIGH,NEW_MC,TIME_GIVEN_COVERAGE,LEGACY_RADEMACHER,False,rms_high,12.69193466360868,422,0.0422957704229577,0.2960703929607039
MC_S2_DROP_TOP5_R0_L2_HIGH,NEW_MC,TIME_GIVEN_COVERAGE,LEGACY_RADEMACHER,False,persistent_relation_rms,0.0054691074584205,9194,0.9194080591940806,1.0
MC_S2_DROP_TOP5_R0_L2_HIGH,NEW_MC,TIME_GIVEN_COVERAGE,GAUSSIAN_L1,False,component_share_birth,3.880571569136265,1166,0.1166883311668833,0.7001299870012998
MC_S2_DROP_TOP5_R0_L2_HIGH,NEW_MC,TIME_GIVEN_COVERAGE,GAUSSIAN_L1,False,component_share_death,3.104343474633964,3206,0.3206679332066793,1.0
MC_S2_DROP_TOP5_R0_L2_HIGH,NEW_MC,TIME_GIVEN_COVERAGE,GAUSSIAN_L1,False,component_share_increase,0.5324373443222861,3832,0.3832616738326167,1.0
MC_S2_DROP_TOP5_R0_L2_HIGH,NEW_MC,TIME_GIVEN_COVERAGE,GAUSSIAN_L1,False,support_share_low,7.294211462277915,193,0.0193980601939806,0.1745825417458254
MC_S2_DROP_TOP5_R0_L2_HIGH,NEW_MC,TIME_GIVEN_COVERAGE,GAUSSIAN_L1,False,support_share_medium,11.532618437609084,532,0.0532946705329467,0.4263573642635736
MC_S2_DROP_TOP5_R0_L2_HIGH,NEW_MC,TIME_GIVEN_COVERAGE,GAUSSIAN_L1,False,rms_low,0.0321163457876849,8733,0.8733126687331267,1.0
MC_S2_DROP_TOP5_R0_L2_HIGH,NEW_MC,TIME_GIVEN_COVERAGE,GAUSSIAN_L1,False,rms_medium,2.86305907638652,1540,0.1540845915408459,0.7704229577042296
MC_S2_DROP_TOP5_R0_L2_HIGH,NEW_MC,TIME_GIVEN_COVERAGE,GAUSSIAN_L1,False,rms_high,12.69193466360868,862,0.0862913708629137,0.6040395960403959
MC_S2_DROP_TOP5_R0_L2_HIGH,NEW_MC,TIME_GIVEN_COVERAGE,GAUSSIAN_L1,False,persistent_relation_rms,0.0054691074584205,9166,0.9166083391660834,1.0
MC_S2_DROP_TOP5_R0_L2_HIGH,NEW_MC,TIME_GIVEN_COVERAGE,DWB_L2,False,component_share_birth,3.880571569136265,1700,0.1700829917008299,0.97010298970103
MC_S2_DROP_TOP5_R0_L2_HIGH,NEW_MC,TIME_GIVEN_COVERAGE,DWB_L2,False,component_share_death,3.104343474633964,3304,0.3304669533046695,1.0
MC_S2_DROP_TOP5_R0_L2_HIGH,NEW_MC,TIME_GIVEN_COVERAGE,DWB_L2,False,component_share_increase,0.5324373443222861,3793,0.3793620637936206,1.0
MC_S2_DROP_TOP5_R0_L2_HIGH,NEW_MC,TIME_GIVEN_COVERAGE,DWB_L2,False,support_share_low,7.294211462277915,552,0.0552944705529447,0.4976502349765023
MC_S2_DROP_TOP5_R0_L2_HIGH,NEW_MC,TIME_GIVEN_COVERAGE,DWB_L2,False,support_share_medium,11.532618437609084,848,0.0848915108489151,0.6791320867913209
MC_S2_DROP_TOP5_R0_L2_HIGH,NEW_MC,TIME_GIVEN_COVERAGE,DWB_L2,False,rms_low,0.0321163457876849,8801,0.8801119888011198,1.0
MC_S2_DROP_TOP5_R0_L2_HIGH,NEW_MC,TIME_GIVEN_COVERAGE,DWB_L2,False,rms_medium,2.86305907638652,1501,0.1501849815018498,0.97010298970103
MC_S2_DROP_TOP5_R0_L2_HIGH,NEW_MC,TIME_GIVEN_COVERAGE,DWB_L2,False,rms_high,12.69193466360868,1385,0.1385861413858614,0.97010298970103
MC_S2_DROP_TOP5_R0_L2_HIGH,NEW_MC,TIME_GIVEN_COVERAGE,DWB_L2,False,persistent_relation_rms,0.0054691074584205,9330,0.933006699330067,1.0
MC_S2_DROP_TOP5_R0_L2_HIGH,NEW_MC,TIME_GIVEN_COVERAGE,DWB_L3,True,component_share_birth,3.880571569136265,1919,0.191980801919808,1.0
MC_S2_DROP_TOP5_R0_L2_HIGH,NEW_MC,TIME_GIVEN_COVERAGE,DWB_L3,True,component_share_death,3.104343474633964,3566,0.3566643335666433,1.0
MC_S2_DROP_TOP5_R0_L2_HIGH,NEW_MC,TIME_GIVEN_COVERAGE,DWB_L3,True,component_share_increase,0.5324373443222861,3838,0.3838616138386161,1.0
MC_S2_DROP_TOP5_R0_L2_HIGH,NEW_MC,TIME_GIVEN_COVERAGE,DWB_L3,True,support_share_low,7.294211462277915,789,0.078992100789921,0.7109289071092891
MC_S2_DROP_TOP5_R0_L2_HIGH,NEW_MC,TIME_GIVEN_COVERAGE,DWB_L3,True,support_share_medium,11.532618437609084,1026,0.1026897310268973,0.8215178482151785
MC_S2_DROP_TOP5_R0_L2_HIGH,NEW_MC,TIME_GIVEN_COVERAGE,DWB_L3,True,rms_low,0.0321163457876849,8863,0.8863113688631137,1.0
MC_S2_DROP_TOP5_R0_L2_HIGH,NEW_MC,TIME_GIVEN_COVERAGE,DWB_L3,True,rms_medium,2.86305907638652,1500,0.1500849915008499,1.0
MC_S2_DROP_TOP5_R0_L2_HIGH,NEW_MC,TIME_GIVEN_COVERAGE,DWB_L3,True,rms_high,12.69193466360868,1544,0.1544845515448455,1.0
MC_S2_DROP_TOP5_R0_L2_HIGH,NEW_MC,TIME_GIVEN_COVERAGE,DWB_L3,True,persistent_relation_rms,0.0054691074584205,9384,0.9384061593840616,1.0
MC_S2_DROP_TOP5_R0_L2_HIGH,NEW_MC,TIME_GIVEN_COVERAGE,DWB_L4,False,component_share_birth,3.880571569136265,1982,0.1982801719828017,1.0
MC_S2_DROP_TOP5_R0_L2_HIGH,NEW_MC,TIME_GIVEN_COVERAGE,DWB_L4,False,component_share_death,3.104343474633964,3475,0.3475652434756524,1.0
MC_S2_DROP_TOP5_R0_L2_HIGH,NEW_MC,TIME_GIVEN_COVERAGE,DWB_L4,False,component_share_increase,0.5324373443222861,3615,0.3615638436156384,1.0
MC_S2_DROP_TOP5_R0_L2_HIGH,NEW_MC,TIME_GIVEN_COVERAGE,DWB_L4,False,support_share_low,7.294211462277915,1067,0.1067893210678932,0.9611038896110388
MC_S2_DROP_TOP5_R0_L2_HIGH,NEW_MC,TIME_GIVEN_COVERAGE,DWB_L4,False,support_share_medium,11.532618437609084,1171,0.1171882811718828,0.9611038896110388
MC_S2_DROP_TOP5_R0_L2_HIGH,NEW_MC,TIME_GIVEN_COVERAGE,DWB_L4,False,rms_low,0.0321163457876849,8951,0.8951104889511049,1.0
MC_S2_DROP_TOP5_R0_L2_HIGH,NEW_MC,TIME_GIVEN_COVERAGE,DWB_L4,False,rms_medium,2.86305907638652,1529,0.152984701529847,1.0
MC_S2_DROP_TOP5_R0_L2_HIGH,NEW_MC,TIME_GIVEN_COVERAGE,DWB_L4,False,rms_high,12.69193466360868,1585,0.1585841415858414,1.0
MC_S2_DROP_TOP5_R0_L2_HIGH,NEW_MC,TIME_GIVEN_COVERAGE,DWB_L4,False,persistent_relation_rms,0.0054691074584205,9315,0.9315068493150684,1.0
MC_S2_DROP_TOP5_R0_L2_HIGH,NEW_MC,COVERAGE_GIVEN_TIME,LEGACY_RADEMACHER,False,component_share_birth,0.039994639098893,8752,0.8752124787521248,1.0
MC_S2_DROP_TOP5_R0_L2_HIGH,NEW_MC,COVERAGE_GIVEN_TIME,LEGACY_RADEMACHER,False,component_share_death,1.5714305498454273,4293,0.4293570642935706,1.0
MC_S2_DROP_TOP5_R0_L2_HIGH,NEW_MC,COVERAGE_GIVEN_TIME,LEGACY_RADEMACHER,False,component_share_increase,0.5738595177553929,5144,0.5144485551444855,1.0
MC_S2_DROP_TOP5_R0_L2_HIGH,NEW_MC,COVERAGE_GIVEN_TIME,LEGACY_RADEMACHER,False,support_share_low,14.5264500823407,0,9.999000099990002e-05,0.0008999100089991
MC_S2_DROP_TOP5_R0_L2_HIGH,NEW_MC,COVERAGE_GIVEN_TIME,LEGACY_RADEMACHER,False,support_share_medium,23.20341356330536,0,9.999000099990002e-05,0.0008999100089991
MC_S2_DROP_TOP5_R0_L2_HIGH,NEW_MC,COVERAGE_GIVEN_TIME,LEGACY_RADEMACHER,False,rms_low,15.035769815934628,605,0.0605939406059394,0.3635636436356364
MC_S2_DROP_TOP5_R0_L2_HIGH,NEW_MC,COVERAGE_GIVEN_TIME,LEGACY_RADEMACHER,False,rms_medium,3.084497317829289,4918,0.4918508149185081,1.0
MC_S2_DROP_TOP5_R0_L2_HIGH,NEW_MC,COVERAGE_GIVEN_TIME,LEGACY_RADEMACHER,False,rms_high,33.484495104434835,0,9.999000099990002e-05,0.0008999100089991
MC_S2_DROP_TOP5_R0_L2_HIGH,NEW_MC,COVERAGE_GIVEN_TIME,LEGACY_RADEMACHER,False,persistent_relation_rms,2.70821026067431,1682,0.1682831716828317,0.8414158584141586
MC_S2_DROP_TOP5_R0_L2_HIGH,NEW_MC,COVERAGE_GIVEN_TIME,GAUSSIAN_L1,False,component_share_birth,0.039994639098893,8598,0.8598140185981402,1.0
MC_S2_DROP_TOP5_R0_L2_HIGH,NEW_MC,COVERAGE_GIVEN_TIME,GAUSSIAN_L1,False,component_share_death,1.5714305498454273,3950,0.3950604939506049,1.0
MC_S2_DROP_TOP5_R0_L2_HIGH,NEW_MC,COVERAGE_GIVEN_TIME,GAUSSIAN_L1,False,component_share_increase,0.5738595177553929,3629,0.362963703629637,1.0
MC_S2_DROP_TOP5_R0_L2_HIGH,NEW_MC,COVERAGE_GIVEN_TIME,GAUSSIAN_L1,False,support_share_low,14.5264500823407,13,0.0013998600139986,0.0125987401259874
MC_S2_DROP_TOP5_R0_L2_HIGH,NEW_MC,COVERAGE_GIVEN_TIME,GAUSSIAN_L1,False,support_share_medium,23.20341356330536,50,0.0050994900509949,0.0356964303569643
MC_S2_DROP_TOP5_R0_L2_HIGH,NEW_MC,COVERAGE_GIVEN_TIME,GAUSSIAN_L1,False,rms_low,15.035769815934628,647,0.0647935206479352,0.3887611238876113
MC_S2_DROP_TOP5_R0_L2_HIGH,NEW_MC,COVERAGE_GIVEN_TIME,GAUSSIAN_L1,False,rms_medium,3.084497317829289,4398,0.4398560143985601,1.0
MC_S2_DROP_TOP5_R0_L2_HIGH,NEW_MC,COVERAGE_GIVEN_TIME,GAUSSIAN_L1,False,rms_high,33.484495104434835,31,0.0031996800319968,0.0255974402559744
MC_S2_DROP_TOP5_R0_L2_HIGH,NEW_MC,COVERAGE_GIVEN_TIME,GAUSSIAN_L1,False,persistent_relation_rms,2.70821026067431,1687,0.1687831216878312,0.8439156084391561
MC_S2_DROP_TOP5_R0_L2_HIGH,NEW_MC,COVERAGE_GIVEN_TIME,DWB_L2,False,component_share_birth,0.039994639098893,8529,0.8529147085291471,1.0
MC_S2_DROP_TOP5_R0_L2_HIGH,NEW_MC,COVERAGE_GIVEN_TIME,DWB_L2,False,component_share_death,1.5714305498454273,4104,0.4104589541045895,1.0
MC_S2_DROP_TOP5_R0_L2_HIGH,NEW_MC,COVERAGE_GIVEN_TIME,DWB_L2,False,component_share_increase,0.5738595177553929,3522,0.3522647735226477,1.0
MC_S2_DROP_TOP5_R0_L2_HIGH,NEW_MC,COVERAGE_GIVEN_TIME,DWB_L2,False,support_share_low,14.5264500823407,88,0.0088991100889911,0.0800919908009199
MC_S2_DROP_TOP5_R0_L2_HIGH,NEW_MC,COVERAGE_GIVEN_TIME,DWB_L2,False,support_share_medium,23.20341356330536,159,0.015998400159984,0.127987201279872
MC_S2_DROP_TOP5_R0_L2_HIGH,NEW_MC,COVERAGE_GIVEN_TIME,DWB_L2,False,rms_low,15.035769815934628,1251,0.1251874812518748,0.7511248875112488
MC_S2_DROP_TOP5_R0_L2_HIGH,NEW_MC,COVERAGE_GIVEN_TIME,DWB_L2,False,rms_medium,3.084497317829289,4462,0.4462553744625537,1.0
MC_S2_DROP_TOP5_R0_L2_HIGH,NEW_MC,COVERAGE_GIVEN_TIME,DWB_L2,False,rms_high,33.484495104434835,173,0.0173982601739826,0.127987201279872
MC_S2_DROP_TOP5_R0_L2_HIGH,NEW_MC,COVERAGE_GIVEN_TIME,DWB_L2,False,persistent_relation_rms,2.70821026067431,1684,0.1684831516848315,0.8424157584241576
MC_S2_DROP_TOP5_R0_L2_HIGH,NEW_MC,COVERAGE_GIVEN_TIME,DWB_L3,True,component_share_birth,0.039994639098893,8355,0.8355164483551645,1.0
MC_S2_DROP_TOP5_R0_L2_HIGH,NEW_MC,COVERAGE_GIVEN_TIME,DWB_L3,True,component_share_death,1.5714305498454273,3901,0.3901609839016098,1.0
MC_S2_DROP_TOP5_R0_L2_HIGH,NEW_MC,COVERAGE_GIVEN_TIME,DWB_L3,True,component_share_increase,0.5738595177553929,3361,0.3361663833616638,1.0
MC_S2_DROP_TOP5_R0_L2_HIGH,NEW_MC,COVERAGE_GIVEN_TIME,DWB_L3,True,support_share_low,14.5264500823407,211,0.0211978802119788,0.1907809219078092
MC_S2_DROP_TOP5_R0_L2_HIGH,NEW_MC,COVERAGE_GIVEN_TIME,DWB_L3,True,support_share_medium,23.20341356330536,283,0.0283971602839716,0.2271772822717728
MC_S2_DROP_TOP5_R0_L2_HIGH,NEW_MC,COVERAGE_GIVEN_TIME,DWB_L3,True,rms_low,15.035769815934628,1427,0.1427857214278572,0.8567143285671434
MC_S2_DROP_TOP5_R0_L2_HIGH,NEW_MC,COVERAGE_GIVEN_TIME,DWB_L3,True,rms_medium,3.084497317829289,3640,0.3640635936406359,1.0
MC_S2_DROP_TOP5_R0_L2_HIGH,NEW_MC,COVERAGE_GIVEN_TIME,DWB_L3,True,rms_high,33.484495104434835,292,0.0292970702929707,0.2271772822717728
MC_S2_DROP_TOP5_R0_L2_HIGH,NEW_MC,COVERAGE_GIVEN_TIME,DWB_L3,True,persistent_relation_rms,2.70821026067431,1513,0.1513848615138486,0.8567143285671434
MC_S2_DROP_TOP5_R0_L2_HIGH,NEW_MC,COVERAGE_GIVEN_TIME,DWB_L4,False,component_share_birth,0.039994639098893,8178,0.8178182181781822,1.0
MC_S2_DROP_TOP5_R0_L2_HIGH,NEW_MC,COVERAGE_GIVEN_TIME,DWB_L4,False,component_share_death,1.5714305498454273,3651,0.3651634836516348,1.0
MC_S2_DROP_TOP5_R0_L2_HIGH,NEW_MC,COVERAGE_GIVEN_TIME,DWB_L4,False,component_share_increase,0.5738595177553929,3087,0.3087691230876912,1.0
MC_S2_DROP_TOP5_R0_L2_HIGH,NEW_MC,COVERAGE_GIVEN_TIME,DWB_L4,False,support_share_low,14.5264500823407,349,0.034996500349965,0.314968503149685
MC_S2_DROP_TOP5_R0_L2_HIGH,NEW_MC,COVERAGE_GIVEN_TIME,DWB_L4,False,support_share_medium,23.20341356330536,396,0.0396960303969603,0.314968503149685
MC_S2_DROP_TOP5_R0_L2_HIGH,NEW_MC,COVERAGE_GIVEN_TIME,DWB_L4,False,rms_low,15.035769815934628,1623,0.1623837616238376,0.8537146285371464
MC_S2_DROP_TOP5_R0_L2_HIGH,NEW_MC,COVERAGE_GIVEN_TIME,DWB_L4,False,rms_medium,3.084497317829289,3180,0.3180681931806819,1.0
MC_S2_DROP_TOP5_R0_L2_HIGH,NEW_MC,COVERAGE_GIVEN_TIME,DWB_L4,False,rms_high,33.484495104434835,389,0.038996100389961,0.314968503149685
MC_S2_DROP_TOP5_R0_L2_HIGH,NEW_MC,COVERAGE_GIVEN_TIME,DWB_L4,False,persistent_relation_rms,2.70821026067431,1422,0.1422857714228577,0.8537146285371464
MC_S2_DROP_TOP5_R1_L0_STAGE15_MATCHED,NEW_MC,TIME_GIVEN_COVERAGE,LEGACY_RADEMACHER,False,component_share_birth,3.604605060443948,981,0.0981901809819018,0.490950904909509
MC_S2_DROP_TOP5_R1_L0_STAGE15_MATCHED,NEW_MC,TIME_GIVEN_COVERAGE,LEGACY_RADEMACHER,False,component_share_death,5.703230313382505,3349,0.334966503349665,1.0
MC_S2_DROP_TOP5_R1_L0_STAGE15_MATCHED,NEW_MC,TIME_GIVEN_COVERAGE,LEGACY_RADEMACHER,False,component_share_increase,0.0473750366201564,8641,0.8641135886411359,1.0
MC_S2_DROP_TOP5_R1_L0_STAGE15_MATCHED,NEW_MC,TIME_GIVEN_COVERAGE,LEGACY_RADEMACHER,False,support_share_low,10.155261075365706,68,0.0068993100689931,0.0620937906209379
MC_S2_DROP_TOP5_R1_L0_STAGE15_MATCHED,NEW_MC,TIME_GIVEN_COVERAGE,LEGACY_RADEMACHER,False,support_share_medium,11.786502459011732,286,0.0286971302869713,0.2295770422957704
MC_S2_DROP_TOP5_R1_L0_STAGE15_MATCHED,NEW_MC,TIME_GIVEN_COVERAGE,LEGACY_RADEMACHER,False,rms_low,1.7313197770968785,1578,0.1578842115788421,0.6315368463153684
MC_S2_DROP_TOP5_R1_L0_STAGE15_MATCHED,NEW_MC,TIME_GIVEN_COVERAGE,LEGACY_RADEMACHER,False,rms_medium,10.270595049884548,627,0.0627937206279372,0.3767623237676232
MC_S2_DROP_TOP5_R1_L0_STAGE15_MATCHED,NEW_MC,TIME_GIVEN_COVERAGE,LEGACY_RADEMACHER,False,rms_high,16.43507668262482,442,0.0442955704429557,0.3100689931006899
MC_S2_DROP_TOP5_R1_L0_STAGE15_MATCHED,NEW_MC,TIME_GIVEN_COVERAGE,LEGACY_RADEMACHER,False,persistent_relation_rms,0.7163487732637499,5224,0.5224477552244775,1.0
MC_S2_DROP_TOP5_R1_L0_STAGE15_MATCHED,NEW_MC,TIME_GIVEN_COVERAGE,GAUSSIAN_L1,False,component_share_birth,3.604605060443948,951,0.0951904809519048,0.5711428857114289
MC_S2_DROP_TOP5_R1_L0_STAGE15_MATCHED,NEW_MC,TIME_GIVEN_COVERAGE,GAUSSIAN_L1,False,component_share_death,5.703230313382505,2819,0.281971802819718,0.845915408459154
MC_S2_DROP_TOP5_R1_L0_STAGE15_MATCHED,NEW_MC,TIME_GIVEN_COVERAGE,GAUSSIAN_L1,False,component_share_increase,0.0473750366201564,8140,0.814018598140186,0.845915408459154
MC_S2_DROP_TOP5_R1_L0_STAGE15_MATCHED,NEW_MC,TIME_GIVEN_COVERAGE,GAUSSIAN_L1,False,support_share_low,10.155261075365706,407,0.0407959204079592,0.3671632836716328
MC_S2_DROP_TOP5_R1_L0_STAGE15_MATCHED,NEW_MC,TIME_GIVEN_COVERAGE,GAUSSIAN_L1,False,support_share_medium,11.786502459011732,1021,0.1021897810218978,0.5711428857114289
MC_S2_DROP_TOP5_R1_L0_STAGE15_MATCHED,NEW_MC,TIME_GIVEN_COVERAGE,GAUSSIAN_L1,False,rms_low,1.7313197770968785,1459,0.145985401459854,0.583941605839416
MC_S2_DROP_TOP5_R1_L0_STAGE15_MATCHED,NEW_MC,TIME_GIVEN_COVERAGE,GAUSSIAN_L1,False,rms_medium,10.270595049884548,661,0.0661933806619338,0.5295470452954705
MC_S2_DROP_TOP5_R1_L0_STAGE15_MATCHED,NEW_MC,TIME_GIVEN_COVERAGE,GAUSSIAN_L1,False,rms_high,16.43507668262482,794,0.0794920507949205,0.5564443555644436
MC_S2_DROP_TOP5_R1_L0_STAGE15_MATCHED,NEW_MC,TIME_GIVEN_COVERAGE,GAUSSIAN_L1,False,persistent_relation_rms,0.7163487732637499,4146,0.4146585341465853,0.845915408459154
MC_S2_DROP_TOP5_R1_L0_STAGE15_MATCHED,NEW_MC,TIME_GIVEN_COVERAGE,DWB_L2,False,component_share_birth,3.604605060443948,1459,0.145985401459854,0.9463053694630535
MC_S2_DROP_TOP5_R1_L0_STAGE15_MATCHED,NEW_MC,TIME_GIVEN_COVERAGE,DWB_L2,False,component_share_death,5.703230313382505,3179,0.317968203179682,0.9539046095390462
MC_S2_DROP_TOP5_R1_L0_STAGE15_MATCHED,NEW_MC,TIME_GIVEN_COVERAGE,DWB_L2,False,component_share_increase,0.0473750366201564,8205,0.8205179482051795,0.9539046095390462
MC_S2_DROP_TOP5_R1_L0_STAGE15_MATCHED,NEW_MC,TIME_GIVEN_COVERAGE,DWB_L2,False,support_share_low,10.155261075365706,799,0.07999200079992,0.7109289071092891
MC_S2_DROP_TOP5_R1_L0_STAGE15_MATCHED,NEW_MC,TIME_GIVEN_COVERAGE,DWB_L2,False,support_share_medium,11.786502459011732,1351,0.1351864813518648,0.9463053694630535
MC_S2_DROP_TOP5_R1_L0_STAGE15_MATCHED,NEW_MC,TIME_GIVEN_COVERAGE,DWB_L2,False,rms_low,1.7313197770968785,1808,0.1808819118088191,0.9463053694630535
MC_S2_DROP_TOP5_R1_L0_STAGE15_MATCHED,NEW_MC,TIME_GIVEN_COVERAGE,DWB_L2,False,rms_medium,10.270595049884548,789,0.078992100789921,0.7109289071092891
MC_S2_DROP_TOP5_R1_L0_STAGE15_MATCHED,NEW_MC,TIME_GIVEN_COVERAGE,DWB_L2,False,rms_high,16.43507668262482,1364,0.1364863513648635,0.9463053694630535
MC_S2_DROP_TOP5_R1_L0_STAGE15_MATCHED,NEW_MC,TIME_GIVEN_COVERAGE,DWB_L2,False,persistent_relation_rms,0.7163487732637499,4373,0.4373562643735626,0.9539046095390462
MC_S2_DROP_TOP5_R1_L0_STAGE15_MATCHED,NEW_MC,TIME_GIVEN_COVERAGE,DWB_L3,True,component_share_birth,3.604605060443948,1744,0.1744825517448255,1.0
MC_S2_DROP_TOP5_R1_L0_STAGE15_MATCHED,NEW_MC,TIME_GIVEN_COVERAGE,DWB_L3,True,component_share_death,5.703230313382505,3381,0.3381661833816618,1.0
MC_S2_DROP_TOP5_R1_L0_STAGE15_MATCHED,NEW_MC,TIME_GIVEN_COVERAGE,DWB_L3,True,component_share_increase,0.0473750366201564,8172,0.8172182781721827,1.0
MC_S2_DROP_TOP5_R1_L0_STAGE15_MATCHED,NEW_MC,TIME_GIVEN_COVERAGE,DWB_L3,True,support_share_low,10.155261075365706,1199,0.11998800119988,0.95990400959904
MC_S2_DROP_TOP5_R1_L0_STAGE15_MATCHED,NEW_MC,TIME_GIVEN_COVERAGE,DWB_L3,True,support_share_medium,11.786502459011732,1640,0.1640835916408359,1.0
MC_S2_DROP_TOP5_R1_L0_STAGE15_MATCHED,NEW_MC,TIME_GIVEN_COVERAGE,DWB_L3,True,rms_low,1.7313197770968785,2227,0.2227777222277772,1.0
MC_S2_DROP_TOP5_R1_L0_STAGE15_MATCHED,NEW_MC,TIME_GIVEN_COVERAGE,DWB_L3,True,rms_medium,10.270595049884548,916,0.0916908309169083,0.8252174782521748
MC_S2_DROP_TOP5_R1_L0_STAGE15_MATCHED,NEW_MC,TIME_GIVEN_COVERAGE,DWB_L3,True,rms_high,16.43507668262482,1547,0.1547845215478452,1.0
MC_S2_DROP_TOP5_R1_L0_STAGE15_MATCHED,NEW_MC,TIME_GIVEN_COVERAGE,DWB_L3,True,persistent_relation_rms,0.7163487732637499,4507,0.4507549245075492,1.0
MC_S2_DROP_TOP5_R1_L0_STAGE15_MATCHED,NEW_MC,TIME_GIVEN_COVERAGE,DWB_L4,False,component_share_birth,3.604605060443948,1781,0.1781821817818218,1.0
MC_S2_DROP_TOP5_R1_L0_STAGE15_MATCHED,NEW_MC,TIME_GIVEN_COVERAGE,DWB_L4,False,component_share_death,5.703230313382505,3349,0.334966503349665,1.0
MC_S2_DROP_TOP5_R1_L0_STAGE15_MATCHED,NEW_MC,TIME_GIVEN_COVERAGE,DWB_L4,False,component_share_increase,0.0473750366201564,8011,0.8011198880111989,1.0
MC_S2_DROP_TOP5_R1_L0_STAGE15_MATCHED,NEW_MC,TIME_GIVEN_COVERAGE,DWB_L4,False,support_share_low,10.155261075365706,1410,0.1410858914108589,1.0
MC_S2_DROP_TOP5_R1_L0_STAGE15_MATCHED,NEW_MC,TIME_GIVEN_COVERAGE,DWB_L4,False,support_share_medium,11.786502459011732,1778,0.1778822117788221,1.0
MC_S2_DROP_TOP5_R1_L0_STAGE15_MATCHED,NEW_MC,TIME_GIVEN_COVERAGE,DWB_L4,False,rms_low,1.7313197770968785,2367,0.2367763223677632,1.0
MC_S2_DROP_TOP5_R1_L0_STAGE15_MATCHED,NEW_MC,TIME_GIVEN_COVERAGE,DWB_L4,False,rms_medium,10.270595049884548,1058,0.1058894110588941,0.9530046995300472
MC_S2_DROP_TOP5_R1_L0_STAGE15_MATCHED,NEW_MC,TIME_GIVEN_COVERAGE,DWB_L4,False,rms_high,16.43507668262482,1605,0.1605839416058394,1.0
MC_S2_DROP_TOP5_R1_L0_STAGE15_MATCHED,NEW_MC,TIME_GIVEN_COVERAGE,DWB_L4,False,persistent_relation_rms,0.7163487732637499,4627,0.4627537246275372,1.0
MC_S2_DROP_TOP5_R1_L0_STAGE15_MATCHED,NEW_MC,COVERAGE_GIVEN_TIME,LEGACY_RADEMACHER,False,component_share_birth,0.0848121439319484,8322,0.8322167783221678,1.0
MC_S2_DROP_TOP5_R1_L0_STAGE15_MATCHED,NEW_MC,COVERAGE_GIVEN_TIME,LEGACY_RADEMACHER,False,component_share_death,2.461635256835528,5107,0.5107489251074893,1.0
MC_S2_DROP_TOP5_R1_L0_STAGE15_MATCHED,NEW_MC,COVERAGE_GIVEN_TIME,LEGACY_RADEMACHER,False,component_share_increase,0.8656033024799417,3553,0.3553644635536446,1.0
MC_S2_DROP_TOP5_R1_L0_STAGE15_MATCHED,NEW_MC,COVERAGE_GIVEN_TIME,LEGACY_RADEMACHER,False,support_share_low,19.486743353236346,2,0.0002999700029997,0.0023997600239976
MC_S2_DROP_TOP5_R1_L0_STAGE15_MATCHED,NEW_MC,COVERAGE_GIVEN_TIME,LEGACY_RADEMACHER,False,support_share_medium,21.50908829402507,7,0.0007999200079992,0.0055994400559944
MC_S2_DROP_TOP5_R1_L0_STAGE15_MATCHED,NEW_MC,COVERAGE_GIVEN_TIME,LEGACY_RADEMACHER,False,rms_low,0.0690803945794584,8957,0.8957104289571043,1.0
MC_S2_DROP_TOP5_R1_L0_STAGE15_MATCHED,NEW_MC,COVERAGE_GIVEN_TIME,LEGACY_RADEMACHER,False,rms_medium,8.495909845433104,3014,0.3014698530146985,1.0
MC_S2_DROP_TOP5_R1_L0_STAGE15_MATCHED,NEW_MC,COVERAGE_GIVEN_TIME,LEGACY_RADEMACHER,False,rms_high,43.47021943367837,1,0.0001999800019998,0.0017998200179982
MC_S2_DROP_TOP5_R1_L0_STAGE15_MATCHED,NEW_MC,COVERAGE_GIVEN_TIME,LEGACY_RADEMACHER,False,persistent_relation_rms,4.58459854069557,815,0.0815918408159184,0.4895510448955105
MC_S2_DROP_TOP5_R1_L0_STAGE15_MATCHED,NEW_MC,COVERAGE_GIVEN_TIME,GAUSSIAN_L1,False,component_share_birth,0.0848121439319484,8142,0.8142185781421858,1.0
MC_S2_DROP_TOP5_R1_L0_STAGE15_MATCHED,NEW_MC,COVERAGE_GIVEN_TIME,GAUSSIAN_L1,False,component_share_death,2.461635256835528,4634,0.4634536546345365,1.0
MC_S2_DROP_TOP5_R1_L0_STAGE15_MATCHED,NEW_MC,COVERAGE_GIVEN_TIME,GAUSSIAN_L1,False,component_share_increase,0.8656033024799417,2851,0.2851714828517148,1.0
MC_S2_DROP_TOP5_R1_L0_STAGE15_MATCHED,NEW_MC,COVERAGE_GIVEN_TIME,GAUSSIAN_L1,False,support_share_low,19.486743353236346,33,0.0033996600339966,0.0305969403059694
MC_S2_DROP_TOP5_R1_L0_STAGE15_MATCHED,NEW_MC,COVERAGE_GIVEN_TIME,GAUSSIAN_L1,False,support_share_medium,21.50908829402507,144,0.0144985501449855,0.1014898510148985
MC_S2_DROP_TOP5_R1_L0_STAGE15_MATCHED,NEW_MC,COVERAGE_GIVEN_TIME,GAUSSIAN_L1,False,rms_low,0.0690803945794584,8834,0.8834116588341165,1.0
MC_S2_DROP_TOP5_R1_L0_STAGE15_MATCHED,NEW_MC,COVERAGE_GIVEN_TIME,GAUSSIAN_L1,False,rms_medium,8.495909845433104,2753,0.2753724627537246,1.0
MC_S2_DROP_TOP5_R1_L0_STAGE15_MATCHED,NEW_MC,COVERAGE_GIVEN_TIME,GAUSSIAN_L1,False,rms_high,43.47021943367837,34,0.0034996500349965,0.0305969403059694
MC_S2_DROP_TOP5_R1_L0_STAGE15_MATCHED,NEW_MC,COVERAGE_GIVEN_TIME,GAUSSIAN_L1,False,persistent_relation_rms,4.58459854069557,772,0.0772922707729227,0.4637536246375362
MC_S2_DROP_TOP5_R1_L0_STAGE15_MATCHED,NEW_MC,COVERAGE_GIVEN_TIME,DWB_L2,False,component_share_birth,0.0848121439319484,7928,0.7928207179282072,1.0
MC_S2_DROP_TOP5_R1_L0_STAGE15_MATCHED,NEW_MC,COVERAGE_GIVEN_TIME,DWB_L2,False,component_share_death,2.461635256835528,4543,0.4543545645435456,1.0
MC_S2_DROP_TOP5_R1_L0_STAGE15_MATCHED,NEW_MC,COVERAGE_GIVEN_TIME,DWB_L2,False,component_share_increase,0.8656033024799417,2963,0.2963703629637036,1.0
MC_S2_DROP_TOP5_R1_L0_STAGE15_MATCHED,NEW_MC,COVERAGE_GIVEN_TIME,DWB_L2,False,support_share_low,19.486743353236346,147,0.0147985201479852,0.1295870412958704
MC_S2_DROP_TOP5_R1_L0_STAGE15_MATCHED,NEW_MC,COVERAGE_GIVEN_TIME,DWB_L2,False,support_share_medium,21.50908829402507,291,0.0291970802919708,0.2043795620437956
MC_S2_DROP_TOP5_R1_L0_STAGE15_MATCHED,NEW_MC,COVERAGE_GIVEN_TIME,DWB_L2,False,rms_low,0.0690803945794584,8896,0.8896110388961104,1.0
MC_S2_DROP_TOP5_R1_L0_STAGE15_MATCHED,NEW_MC,COVERAGE_GIVEN_TIME,DWB_L2,False,rms_medium,8.495909845433104,2906,0.2906709329067093,1.0
MC_S2_DROP_TOP5_R1_L0_STAGE15_MATCHED,NEW_MC,COVERAGE_GIVEN_TIME,DWB_L2,False,rms_high,43.47021943367837,143,0.0143985601439856,0.1295870412958704
MC_S2_DROP_TOP5_R1_L0_STAGE15_MATCHED,NEW_MC,COVERAGE_GIVEN_TIME,DWB_L2,False,persistent_relation_rms,4.58459854069557,726,0.0726927307269273,0.4361563843615638
MC_S2_DROP_TOP5_R1_L0_STAGE15_MATCHED,NEW_MC,COVERAGE_GIVEN_TIME,DWB_L3,True,component_share_birth,0.0848121439319484,7554,0.7554244575542446,1.0
MC_S2_DROP_TOP5_R1_L0_STAGE15_MATCHED,NEW_MC,COVERAGE_GIVEN_TIME,DWB_L3,True,component_share_death,2.461635256835528,4272,0.4272572742725727,1.0
MC_S2_DROP_TOP5_R1_L0_STAGE15_MATCHED,NEW_MC,COVERAGE_GIVEN_TIME,DWB_L3,True,component_share_increase,0.8656033024799417,2902,0.2902709729027097,1.0
MC_S2_DROP_TOP5_R1_L0_STAGE15_MATCHED,NEW_MC,COVERAGE_GIVEN_TIME,DWB_L3,True,support_share_low,19.486743353236346,291,0.0291970802919708,0.2357764223577642
MC_S2_DROP_TOP5_R1_L0_STAGE15_MATCHED,NEW_MC,COVERAGE_GIVEN_TIME,DWB_L3,True,support_share_medium,21.50908829402507,421,0.0421957804219578,0.2953704629537046
MC_S2_DROP_TOP5_R1_L0_STAGE15_MATCHED,NEW_MC,COVERAGE_GIVEN_TIME,DWB_L3,True,rms_low,0.0690803945794584,8932,0.8932106789321068,1.0
MC_S2_DROP_TOP5_R1_L0_STAGE15_MATCHED,NEW_MC,COVERAGE_GIVEN_TIME,DWB_L3,True,rms_medium,8.495909845433104,2519,0.251974802519748,1.0
MC_S2_DROP_TOP5_R1_L0_STAGE15_MATCHED,NEW_MC,COVERAGE_GIVEN_TIME,DWB_L3,True,rms_high,43.47021943367837,261,0.0261973802619738,0.2357764223577642
MC_S2_DROP_TOP5_R1_L0_STAGE15_MATCHED,NEW_MC,COVERAGE_GIVEN_TIME,DWB_L3,True,persistent_relation_rms,4.58459854069557,676,0.0676932306769323,0.4061593840615938
MC_S2_DROP_TOP5_R1_L0_STAGE15_MATCHED,NEW_MC,COVERAGE_GIVEN_TIME,DWB_L4,False,component_share_birth,0.0848121439319484,7276,0.7276272372762723,1.0
MC_S2_DROP_TOP5_R1_L0_STAGE15_MATCHED,NEW_MC,COVERAGE_GIVEN_TIME,DWB_L4,False,component_share_death,2.461635256835528,4150,0.4150584941505849,1.0
MC_S2_DROP_TOP5_R1_L0_STAGE15_MATCHED,NEW_MC,COVERAGE_GIVEN_TIME,DWB_L4,False,component_share_increase,0.8656033024799417,2771,0.2771722827717228,1.0
MC_S2_DROP_TOP5_R1_L0_STAGE15_MATCHED,NEW_MC,COVERAGE_GIVEN_TIME,DWB_L4,False,support_share_low,19.486743353236346,430,0.0430956904309569,0.3447655234476552
MC_S2_DROP_TOP5_R1_L0_STAGE15_MATCHED,NEW_MC,COVERAGE_GIVEN_TIME,DWB_L4,False,support_share_medium,21.50908829402507,540,0.0540945905409459,0.3786621337866213
MC_S2_DROP_TOP5_R1_L0_STAGE15_MATCHED,NEW_MC,COVERAGE_GIVEN_TIME,DWB_L4,False,rms_low,0.0690803945794584,8808,0.8808119188081192,1.0
MC_S2_DROP_TOP5_R1_L0_STAGE15_MATCHED,NEW_MC,COVERAGE_GIVEN_TIME,DWB_L4,False,rms_medium,8.495909845433104,2083,0.2083791620837916,1.0
MC_S2_DROP_TOP5_R1_L0_STAGE15_MATCHED,NEW_MC,COVERAGE_GIVEN_TIME,DWB_L4,False,rms_high,43.47021943367837,365,0.0365963403659634,0.3293670632936706
MC_S2_DROP_TOP5_R1_L0_STAGE15_MATCHED,NEW_MC,COVERAGE_GIVEN_TIME,DWB_L4,False,persistent_relation_rms,4.58459854069557,710,0.0710928907109289,0.4265573442655734
MC_S2_DROP_TOP5_R1_L1_EXTENDED,NEW_MC,TIME_GIVEN_COVERAGE,LEGACY_RADEMACHER,False,component_share_birth,12.466369956763783,875,0.0875912408759124,0.5255474452554745
MC_S2_DROP_TOP5_R1_L1_EXTENDED,NEW_MC,TIME_GIVEN_COVERAGE,LEGACY_RADEMACHER,False,component_share_death,3.618375541191696,2961,0.2961703829617038,1.0
MC_S2_DROP_TOP5_R1_L1_EXTENDED,NEW_MC,TIME_GIVEN_COVERAGE,LEGACY_RADEMACHER,False,component_share_increase,0.2642440120095326,6299,0.6299370062993701,1.0
MC_S2_DROP_TOP5_R1_L1_EXTENDED,NEW_MC,TIME_GIVEN_COVERAGE,LEGACY_RADEMACHER,False,support_share_low,6.317821638691775,8,0.0008999100089991,0.0080991900809919
MC_S2_DROP_TOP5_R1_L1_EXTENDED,NEW_MC,TIME_GIVEN_COVERAGE,LEGACY_RADEMACHER,False,support_share_medium,14.218579708670433,159,0.015998400159984,0.127987201279872
MC_S2_DROP_TOP5_R1_L1_EXTENDED,NEW_MC,TIME_GIVEN_COVERAGE,LEGACY_RADEMACHER,False,rms_low,1.9298579380901904,2716,0.2716728327167283,1.0
MC_S2_DROP_TOP5_R1_L1_EXTENDED,NEW_MC,TIME_GIVEN_COVERAGE,LEGACY_RADEMACHER,False,rms_medium,3.265656986429839,1651,0.1651834816518348,0.8259174082591741
MC_S2_DROP_TOP5_R1_L1_EXTENDED,NEW_MC,TIME_GIVEN_COVERAGE,LEGACY_RADEMACHER,False,rms_high,9.967475315360712,435,0.0435956404359564,0.3051694830516948
MC_S2_DROP_TOP5_R1_L1_EXTENDED,NEW_MC,TIME_GIVEN_COVERAGE,LEGACY_RADEMACHER,False,persistent_relation_rms,0.3524077253681348,8016,0.8016198380161984,1.0
MC_S2_DROP_TOP5_R1_L1_EXTENDED,NEW_MC,TIME_GIVEN_COVERAGE,GAUSSIAN_L1,False,component_share_birth,12.466369956763783,868,0.0868913108689131,0.6607339266073393
MC_S2_DROP_TOP5_R1_L1_EXTENDED,NEW_MC,TIME_GIVEN_COVERAGE,GAUSSIAN_L1,False,component_share_death,3.618375541191696,2500,0.2500749925007499,0.9795020497950204
MC_S2_DROP_TOP5_R1_L1_EXTENDED,NEW_MC,TIME_GIVEN_COVERAGE,GAUSSIAN_L1,False,component_share_increase,0.2642440120095326,5338,0.5338466153384661,1.0
MC_S2_DROP_TOP5_R1_L1_EXTENDED,NEW_MC,TIME_GIVEN_COVERAGE,GAUSSIAN_L1,False,support_share_low,6.317821638691775,348,0.0348965103489651,0.3140685931406859
MC_S2_DROP_TOP5_R1_L1_EXTENDED,NEW_MC,TIME_GIVEN_COVERAGE,GAUSSIAN_L1,False,support_share_medium,14.218579708670433,1000,0.1000899910008999,0.6607339266073393
MC_S2_DROP_TOP5_R1_L1_EXTENDED,NEW_MC,TIME_GIVEN_COVERAGE,GAUSSIAN_L1,False,rms_low,1.9298579380901904,2448,0.2448755124487551,0.9795020497950204
MC_S2_DROP_TOP5_R1_L1_EXTENDED,NEW_MC,TIME_GIVEN_COVERAGE,GAUSSIAN_L1,False,rms_medium,3.265656986429839,1717,0.1717828217178282,0.8589141085891411
MC_S2_DROP_TOP5_R1_L1_EXTENDED,NEW_MC,TIME_GIVEN_COVERAGE,GAUSSIAN_L1,False,rms_high,9.967475315360712,825,0.0825917408259174,0.6607339266073393
MC_S2_DROP_TOP5_R1_L1_EXTENDED,NEW_MC,TIME_GIVEN_COVERAGE,GAUSSIAN_L1,False,persistent_relation_rms,0.3524077253681348,6149,0.6149385061493851,1.0
MC_S2_DROP_TOP5_R1_L1_EXTENDED,NEW_MC,TIME_GIVEN_COVERAGE,DWB_L2,False,component_share_birth,12.466369956763783,1198,0.1198880111988801,0.91990800919908
MC_S2_DROP_TOP5_R1_L1_EXTENDED,NEW_MC,TIME_GIVEN_COVERAGE,DWB_L2,False,component_share_death,3.618375541191696,2882,0.2882711728827117,1.0
MC_S2_DROP_TOP5_R1_L1_EXTENDED,NEW_MC,TIME_GIVEN_COVERAGE,DWB_L2,False,component_share_increase,0.2642440120095326,5408,0.5408459154084592,1.0
MC_S2_DROP_TOP5_R1_L1_EXTENDED,NEW_MC,TIME_GIVEN_COVERAGE,DWB_L2,False,support_share_low,6.317821638691775,641,0.0641935806419358,0.5777422257774223
MC_S2_DROP_TOP5_R1_L1_EXTENDED,NEW_MC,TIME_GIVEN_COVERAGE,DWB_L2,False,support_share_medium,14.218579708670433,1149,0.114988501149885,0.91990800919908
MC_S2_DROP_TOP5_R1_L1_EXTENDED,NEW_MC,TIME_GIVEN_COVERAGE,DWB_L2,False,rms_low,1.9298579380901904,2707,0.2707729227077292,1.0
MC_S2_DROP_TOP5_R1_L1_EXTENDED,NEW_MC,TIME_GIVEN_COVERAGE,DWB_L2,False,rms_medium,3.265656986429839,1474,0.1474852514748525,0.91990800919908
MC_S2_DROP_TOP5_R1_L1_EXTENDED,NEW_MC,TIME_GIVEN_COVERAGE,DWB_L2,False,rms_high,9.967475315360712,1340,0.1340865913408659,0.91990800919908
MC_S2_DROP_TOP5_R1_L1_EXTENDED,NEW_MC,TIME_GIVEN_COVERAGE,DWB_L2,False,persistent_relation_rms,0.3524077253681348,6229,0.622937706229377,1.0
MC_S2_DROP_TOP5_R1_L1_EXTENDED,NEW_MC,TIME_GIVEN_COVERAGE,DWB_L3,True,component_share_birth,12.466369956763783,1569,0.156984301569843,1.0
MC_S2_DROP_TOP5_R1_L1_EXTENDED,NEW_MC,TIME_GIVEN_COVERAGE,DWB_L3,True,component_share_death,3.618375541191696,3291,0.3291670832916708,1.0
MC_S2_DROP_TOP5_R1_L1_EXTENDED,NEW_MC,TIME_GIVEN_COVERAGE,DWB_L3,True,component_share_increase,0.2642440120095326,5406,0.5406459354064593,1.0
MC_S2_DROP_TOP5_R1_L1_EXTENDED,NEW_MC,TIME_GIVEN_COVERAGE,DWB_L3,True,support_share_low,6.317821638691775,948,0.0948905109489051,0.8540145985401459
MC_S2_DROP_TOP5_R1_L1_EXTENDED,NEW_MC,TIME_GIVEN_COVERAGE,DWB_L3,True,support_share_medium,14.218579708670433,1400,0.1400859914008599,1.0
MC_S2_DROP_TOP5_R1_L1_EXTENDED,NEW_MC,TIME_GIVEN_COVERAGE,DWB_L3,True,rms_low,1.9298579380901904,3104,0.3104689531046895,1.0
MC_S2_DROP_TOP5_R1_L1_EXTENDED,NEW_MC,TIME_GIVEN_COVERAGE,DWB_L3,True,rms_medium,3.265656986429839,1411,0.1411858814118588,1.0
MC_S2_DROP_TOP5_R1_L1_EXTENDED,NEW_MC,TIME_GIVEN_COVERAGE,DWB_L3,True,rms_high,9.967475315360712,1533,0.1533846615338466,1.0
MC_S2_DROP_TOP5_R1_L1_EXTENDED,NEW_MC,TIME_GIVEN_COVERAGE,DWB_L3,True,persistent_relation_rms,0.3524077253681348,6304,0.6304369563043696,1.0
MC_S2_DROP_TOP5_R1_L1_EXTENDED,NEW_MC,TIME_GIVEN_COVERAGE,DWB_L4,False,component_share_birth,12.466369956763783,1589,0.158984101589841,1.0
MC_S2_DROP_TOP5_R1_L1_EXTENDED,NEW_MC,TIME_GIVEN_COVERAGE,DWB_L4,False,component_share_death,3.618375541191696,3213,0.3213678632136786,1.0
MC_S2_DROP_TOP5_R1_L1_EXTENDED,NEW_MC,TIME_GIVEN_COVERAGE,DWB_L4,False,component_share_increase,0.2642440120095326,5162,0.5162483751624838,1.0
MC_S2_DROP_TOP5_R1_L1_EXTENDED,NEW_MC,TIME_GIVEN_COVERAGE,DWB_L4,False,support_share_low,6.317821638691775,1176,0.1176882311768823,1.0
MC_S2_DROP_TOP5_R1_L1_EXTENDED,NEW_MC,TIME_GIVEN_COVERAGE,DWB_L4,False,support_share_medium,14.218579708670433,1476,0.1476852314768523,1.0
MC_S2_DROP_TOP5_R1_L1_EXTENDED,NEW_MC,TIME_GIVEN_COVERAGE,DWB_L4,False,rms_low,1.9298579380901904,3190,0.3190680931906809,1.0
MC_S2_DROP_TOP5_R1_L1_EXTENDED,NEW_MC,TIME_GIVEN_COVERAGE,DWB_L4,False,rms_medium,3.265656986429839,1423,0.1423857614238576,1.0
MC_S2_DROP_TOP5_R1_L1_EXTENDED,NEW_MC,TIME_GIVEN_COVERAGE,DWB_L4,False,rms_high,9.967475315360712,1614,0.1614838516148385,1.0
MC_S2_DROP_TOP5_R1_L1_EXTENDED,NEW_MC,TIME_GIVEN_COVERAGE,DWB_L4,False,persistent_relation_rms,0.3524077253681348,6319,0.6319368063193681,1.0
MC_S2_DROP_TOP5_R1_L1_EXTENDED,NEW_MC,COVERAGE_GIVEN_TIME,LEGACY_RADEMACHER,False,component_share_birth,2.9705647296437405,4619,0.461953804619538,1.0
MC_S2_DROP_TOP5_R1_L1_EXTENDED,NEW_MC,COVERAGE_GIVEN_TIME,LEGACY_RADEMACHER,False,component_share_death,3.659289959052845,2101,0.2101789821017898,1.0
MC_S2_DROP_TOP5_R1_L1_EXTENDED,NEW_MC,COVERAGE_GIVEN_TIME,LEGACY_RADEMACHER,False,component_share_increase,0.9128857554587668,3327,0.3327667233276672,1.0
MC_S2_DROP_TOP5_R1_L1_EXTENDED,NEW_MC,COVERAGE_GIVEN_TIME,LEGACY_RADEMACHER,False,support_share_low,8.875173199485712,171,0.0171982801719828,0.1375862413758624
MC_S2_DROP_TOP5_R1_L1_EXTENDED,NEW_MC,COVERAGE_GIVEN_TIME,LEGACY_RADEMACHER,False,support_share_medium,13.83460360306836,2195,0.2195780421957804,1.0
MC_S2_DROP_TOP5_R1_L1_EXTENDED,NEW_MC,COVERAGE_GIVEN_TIME,LEGACY_RADEMACHER,False,rms_low,0.2228146017871868,6477,0.6477352264773523,1.0
MC_S2_DROP_TOP5_R1_L1_EXTENDED,NEW_MC,COVERAGE_GIVEN_TIME,LEGACY_RADEMACHER,False,rms_medium,2.7338527607101426,4106,0.4106589341065893,1.0
MC_S2_DROP_TOP5_R1_L1_EXTENDED,NEW_MC,COVERAGE_GIVEN_TIME,LEGACY_RADEMACHER,False,rms_high,26.61571942165626,3,0.0003999600039996,0.0035996400359964
MC_S2_DROP_TOP5_R1_L1_EXTENDED,NEW_MC,COVERAGE_GIVEN_TIME,LEGACY_RADEMACHER,False,persistent_relation_rms,3.195117860583199,2387,0.2387761223877612,1.0
MC_S2_DROP_TOP5_R1_L1_EXTENDED,NEW_MC,COVERAGE_GIVEN_TIME,GAUSSIAN_L1,False,component_share_birth,2.9705647296437405,4357,0.4357564243575642,1.0
MC_S2_DROP_TOP5_R1_L1_EXTENDED,NEW_MC,COVERAGE_GIVEN_TIME,GAUSSIAN_L1,False,component_share_death,3.659289959052845,2010,0.2010798920107989,1.0
MC_S2_DROP_TOP5_R1_L1_EXTENDED,NEW_MC,COVERAGE_GIVEN_TIME,GAUSSIAN_L1,False,component_share_increase,0.9128857554587668,2805,0.2805719428057194,1.0
MC_S2_DROP_TOP5_R1_L1_EXTENDED,NEW_MC,COVERAGE_GIVEN_TIME,GAUSSIAN_L1,False,support_share_low,8.875173199485712,256,0.0256974302569743,0.2055794420557944
MC_S2_DROP_TOP5_R1_L1_EXTENDED,NEW_MC,COVERAGE_GIVEN_TIME,GAUSSIAN_L1,False,support_share_medium,13.83460360306836,2032,0.2032796720327967,1.0
MC_S2_DROP_TOP5_R1_L1_EXTENDED,NEW_MC,COVERAGE_GIVEN_TIME,GAUSSIAN_L1,False,rms_low,0.2228146017871868,6209,0.620937906209379,1.0
MC_S2_DROP_TOP5_R1_L1_EXTENDED,NEW_MC,COVERAGE_GIVEN_TIME,GAUSSIAN_L1,False,rms_medium,2.7338527607101426,3925,0.3925607439256074,1.0
MC_S2_DROP_TOP5_R1_L1_EXTENDED,NEW_MC,COVERAGE_GIVEN_TIME,GAUSSIAN_L1,False,rms_high,26.61571942165626,33,0.0033996600339966,0.0305969403059694
MC_S2_DROP_TOP5_R1_L1_EXTENDED,NEW_MC,COVERAGE_GIVEN_TIME,GAUSSIAN_L1,False,persistent_relation_rms,3.195117860583199,2158,0.2158784121587841,1.0
MC_S2_DROP_TOP5_R1_L1_EXTENDED,NEW_MC,COVERAGE_GIVEN_TIME,DWB_L2,False,component_share_birth,2.9705647296437405,4407,0.4407559244075592,1.0
MC_S2_DROP_TOP5_R1_L1_EXTENDED,NEW_MC,COVERAGE_GIVEN_TIME,DWB_L2,False,component_share_death,3.659289959052845,2127,0.2127787221277872,1.0
MC_S2_DROP_TOP5_R1_L1_EXTENDED,NEW_MC,COVERAGE_GIVEN_TIME,DWB_L2,False,component_share_increase,0.9128857554587668,2613,0.2613738626137386,1.0
MC_S2_DROP_TOP5_R1_L1_EXTENDED,NEW_MC,COVERAGE_GIVEN_TIME,DWB_L2,False,support_share_low,8.875173199485712,523,0.0523947605239476,0.4191580841915808
MC_S2_DROP_TOP5_R1_L1_EXTENDED,NEW_MC,COVERAGE_GIVEN_TIME,DWB_L2,False,support_share_medium,13.83460360306836,2427,0.2427757224277572,1.0
MC_S2_DROP_TOP5_R1_L1_EXTENDED,NEW_MC,COVERAGE_GIVEN_TIME,DWB_L2,False,rms_low,0.2228146017871868,6327,0.6327367263273672,1.0
MC_S2_DROP_TOP5_R1_L1_EXTENDED,NEW_MC,COVERAGE_GIVEN_TIME,DWB_L2,False,rms_medium,2.7338527607101426,4128,0.4128587141285871,1.0
MC_S2_DROP_TOP5_R1_L1_EXTENDED,NEW_MC,COVERAGE_GIVEN_TIME,DWB_L2,False,rms_high,26.61571942165626,147,0.0147985201479852,0.1331866813318668
MC_S2_DROP_TOP5_R1_L1_EXTENDED,NEW_MC,COVERAGE_GIVEN_TIME,DWB_L2,False,persistent_relation_rms,3.195117860583199,2238,0.2238776122387761,1.0
MC_S2_DROP_TOP5_R1_L1_EXTENDED,NEW_MC,COVERAGE_GIVEN_TIME,DWB_L3,True,component_share_birth,2.9705647296437405,4044,0.4044595540445955,1.0
MC_S2_DROP_TOP5_R1_L1_EXTENDED,NEW_MC,COVERAGE_GIVEN_TIME,DWB_L3,True,component_share_death,3.659289959052845,2175,0.2175782421757824,1.0
MC_S2_DROP_TOP5_R1_L1_EXTENDED,NEW_MC,COVERAGE_GIVEN_TIME,DWB_L3,True,component_share_increase,0.9128857554587668,2449,0.244975502449755,1.0
MC_S2_DROP_TOP5_R1_L1_EXTENDED,NEW_MC,COVERAGE_GIVEN_TIME,DWB_L3,True,support_share_low,8.875173199485712,709,0.070992900709929,0.567943205679432
MC_S2_DROP_TOP5_R1_L1_EXTENDED,NEW_MC,COVERAGE_GIVEN_TIME,DWB_L3,True,support_share_medium,13.83460360306836,2439,0.243975602439756,1.0
MC_S2_DROP_TOP5_R1_L1_EXTENDED,NEW_MC,COVERAGE_GIVEN_TIME,DWB_L3,True,rms_low,0.2228146017871868,6118,0.6118388161183882,1.0
MC_S2_DROP_TOP5_R1_L1_EXTENDED,NEW_MC,COVERAGE_GIVEN_TIME,DWB_L3,True,rms_medium,2.7338527607101426,3531,0.3531646835316468,1.0
MC_S2_DROP_TOP5_R1_L1_EXTENDED,NEW_MC,COVERAGE_GIVEN_TIME,DWB_L3,True,rms_high,26.61571942165626,277,0.0277972202779722,0.2501749825017498
MC_S2_DROP_TOP5_R1_L1_EXTENDED,NEW_MC,COVERAGE_GIVEN_TIME,DWB_L3,True,persistent_relation_rms,3.195117860583199,1908,0.1908809119088091,1.0
MC_S2_DROP_TOP5_R1_L1_EXTENDED,NEW_MC,COVERAGE_GIVEN_TIME,DWB_L4,False,component_share_birth,2.9705647296437405,3537,0.3537646235376462,1.0
MC_S2_DROP_TOP5_R1_L1_EXTENDED,NEW_MC,COVERAGE_GIVEN_TIME,DWB_L4,False,component_share_death,3.659289959052845,2108,0.2108789121087891,1.0
MC_S2_DROP_TOP5_R1_L1_EXTENDED,NEW_MC,COVERAGE_GIVEN_TIME,DWB_L4,False,component_share_increase,0.9128857554587668,2288,0.2288771122887711,1.0
MC_S2_DROP_TOP5_R1_L1_EXTENDED,NEW_MC,COVERAGE_GIVEN_TIME,DWB_L4,False,support_share_low,8.875173199485712,691,0.0691930806919308,0.5535446455354465
MC_S2_DROP_TOP5_R1_L1_EXTENDED,NEW_MC,COVERAGE_GIVEN_TIME,DWB_L4,False,support_share_medium,13.83460360306836,2069,0.206979302069793,1.0
MC_S2_DROP_TOP5_R1_L1_EXTENDED,NEW_MC,COVERAGE_GIVEN_TIME,DWB_L4,False,rms_low,0.2228146017871868,6221,0.6221377862213778,1.0
MC_S2_DROP_TOP5_R1_L1_EXTENDED,NEW_MC,COVERAGE_GIVEN_TIME,DWB_L4,False,rms_medium,2.7338527607101426,2887,0.2887711228877112,1.0
MC_S2_DROP_TOP5_R1_L1_EXTENDED,NEW_MC,COVERAGE_GIVEN_TIME,DWB_L4,False,rms_high,26.61571942165626,356,0.0356964303569643,0.3212678732126787
MC_S2_DROP_TOP5_R1_L1_EXTENDED,NEW_MC,COVERAGE_GIVEN_TIME,DWB_L4,False,persistent_relation_rms,3.195117860583199,1644,0.1644835516448355,1.0
MC_S2_DROP_TOP5_R1_L2_HIGH,NEW_MC,TIME_GIVEN_COVERAGE,LEGACY_RADEMACHER,False,component_share_birth,3.8608901493147023,1109,0.110988901109889,0.6659334066593341
MC_S2_DROP_TOP5_R1_L2_HIGH,NEW_MC,TIME_GIVEN_COVERAGE,LEGACY_RADEMACHER,False,component_share_death,3.011166732358486,3931,0.3931606839316068,1.0
MC_S2_DROP_TOP5_R1_L2_HIGH,NEW_MC,TIME_GIVEN_COVERAGE,LEGACY_RADEMACHER,False,component_share_increase,0.4790132222943848,4399,0.43995600439956,1.0
MC_S2_DROP_TOP5_R1_L2_HIGH,NEW_MC,TIME_GIVEN_COVERAGE,LEGACY_RADEMACHER,False,support_share_low,7.217639109658553,4,0.0004999500049995,0.0044995500449955
MC_S2_DROP_TOP5_R1_L2_HIGH,NEW_MC,TIME_GIVEN_COVERAGE,LEGACY_RADEMACHER,False,support_share_medium,9.10294966368371,13,0.0013998600139986,0.0111988801119888
MC_S2_DROP_TOP5_R1_L2_HIGH,NEW_MC,TIME_GIVEN_COVERAGE,LEGACY_RADEMACHER,False,rms_low,0.0350623959503195,8849,0.8849115088491151,1.0
MC_S2_DROP_TOP5_R1_L2_HIGH,NEW_MC,TIME_GIVEN_COVERAGE,LEGACY_RADEMACHER,False,rms_medium,3.487925256889497,1477,0.1477852214778522,0.7389261073892611
MC_S2_DROP_TOP5_R1_L2_HIGH,NEW_MC,TIME_GIVEN_COVERAGE,LEGACY_RADEMACHER,False,rms_high,9.56925224363214,497,0.0497950204979502,0.3485651434856514
MC_S2_DROP_TOP5_R1_L2_HIGH,NEW_MC,TIME_GIVEN_COVERAGE,LEGACY_RADEMACHER,False,persistent_relation_rms,0.0017460373523832,9629,0.962903709629037,1.0
MC_S2_DROP_TOP5_R1_L2_HIGH,NEW_MC,TIME_GIVEN_COVERAGE,GAUSSIAN_L1,False,component_share_birth,3.8608901493147023,1119,0.111988801119888,0.6719328067193281
MC_S2_DROP_TOP5_R1_L2_HIGH,NEW_MC,TIME_GIVEN_COVERAGE,GAUSSIAN_L1,False,component_share_death,3.011166732358486,3164,0.3164683531646835,1.0
MC_S2_DROP_TOP5_R1_L2_HIGH,NEW_MC,TIME_GIVEN_COVERAGE,GAUSSIAN_L1,False,component_share_increase,0.4790132222943848,3788,0.3788621137886211,1.0
MC_S2_DROP_TOP5_R1_L2_HIGH,NEW_MC,TIME_GIVEN_COVERAGE,GAUSSIAN_L1,False,support_share_low,7.217639109658553,237,0.0237976202379762,0.2141785821417858
MC_S2_DROP_TOP5_R1_L2_HIGH,NEW_MC,TIME_GIVEN_COVERAGE,GAUSSIAN_L1,False,support_share_medium,9.10294966368371,547,0.0547945205479452,0.4383561643835616
MC_S2_DROP_TOP5_R1_L2_HIGH,NEW_MC,TIME_GIVEN_COVERAGE,GAUSSIAN_L1,False,rms_low,0.0350623959503195,8775,0.8775122487751225,1.0
MC_S2_DROP_TOP5_R1_L2_HIGH,NEW_MC,TIME_GIVEN_COVERAGE,GAUSSIAN_L1,False,rms_medium,3.487925256889497,1429,0.142985701429857,0.714928507149285
MC_S2_DROP_TOP5_R1_L2_HIGH,NEW_MC,TIME_GIVEN_COVERAGE,GAUSSIAN_L1,False,rms_high,9.56925224363214,849,0.084991500849915,0.5949405059494051
MC_S2_DROP_TOP5_R1_L2_HIGH,NEW_MC,TIME_GIVEN_COVERAGE,GAUSSIAN_L1,False,persistent_relation_rms,0.0017460373523832,9550,0.955004499550045,1.0
MC_S2_DROP_TOP5_R1_L2_HIGH,NEW_MC,TIME_GIVEN_COVERAGE,DWB_L2,False,component_share_birth,3.8608901493147023,1640,0.1640835916408359,0.9708029197080292
MC_S2_DROP_TOP5_R1_L2_HIGH,NEW_MC,TIME_GIVEN_COVERAGE,DWB_L2,False,component_share_death,3.011166732358486,3427,0.3427657234276572,1.0
MC_S2_DROP_TOP5_R1_L2_HIGH,NEW_MC,TIME_GIVEN_COVERAGE,DWB_L2,False,component_share_increase,0.4790132222943848,3916,0.3916608339166083,1.0
MC_S2_DROP_TOP5_R1_L2_HIGH,NEW_MC,TIME_GIVEN_COVERAGE,DWB_L2,False,support_share_low,7.217639109658553,535,0.0535946405359464,0.4823517648235176
MC_S2_DROP_TOP5_R1_L2_HIGH,NEW_MC,TIME_GIVEN_COVERAGE,DWB_L2,False,support_share_medium,9.10294966368371,808,0.0808919108089191,0.6471352864713529
MC_S2_DROP_TOP5_R1_L2_HIGH,NEW_MC,TIME_GIVEN_COVERAGE,DWB_L2,False,rms_low,0.0350623959503195,8808,0.8808119188081192,1.0
MC_S2_DROP_TOP5_R1_L2_HIGH,NEW_MC,TIME_GIVEN_COVERAGE,DWB_L2,False,rms_medium,3.487925256889497,1433,0.1433856614338566,0.9708029197080292
MC_S2_DROP_TOP5_R1_L2_HIGH,NEW_MC,TIME_GIVEN_COVERAGE,DWB_L2,False,rms_high,9.56925224363214,1386,0.1386861313868613,0.9708029197080292
MC_S2_DROP_TOP5_R1_L2_HIGH,NEW_MC,TIME_GIVEN_COVERAGE,DWB_L2,False,persistent_relation_rms,0.0017460373523832,9638,0.9638036196380362,1.0
MC_S2_DROP_TOP5_R1_L2_HIGH,NEW_MC,TIME_GIVEN_COVERAGE,DWB_L3,True,component_share_birth,3.8608901493147023,1948,0.1948805119488051,0.9744025597440256
MC_S2_DROP_TOP5_R1_L2_HIGH,NEW_MC,TIME_GIVEN_COVERAGE,DWB_L3,True,component_share_death,3.011166732358486,3689,0.368963103689631,1.0
MC_S2_DROP_TOP5_R1_L2_HIGH,NEW_MC,TIME_GIVEN_COVERAGE,DWB_L3,True,component_share_increase,0.4790132222943848,3828,0.3828617138286171,1.0
MC_S2_DROP_TOP5_R1_L2_HIGH,NEW_MC,TIME_GIVEN_COVERAGE,DWB_L3,True,support_share_low,7.217639109658553,859,0.085991400859914,0.773922607739226
MC_S2_DROP_TOP5_R1_L2_HIGH,NEW_MC,TIME_GIVEN_COVERAGE,DWB_L3,True,support_share_medium,9.10294966368371,1042,0.1042895710428957,0.8343165683431657
MC_S2_DROP_TOP5_R1_L2_HIGH,NEW_MC,TIME_GIVEN_COVERAGE,DWB_L3,True,rms_low,0.0350623959503195,8801,0.8801119888011198,1.0
MC_S2_DROP_TOP5_R1_L2_HIGH,NEW_MC,TIME_GIVEN_COVERAGE,DWB_L3,True,rms_medium,3.487925256889497,1390,0.1390860913908609,0.9736026397360265
MC_S2_DROP_TOP5_R1_L2_HIGH,NEW_MC,TIME_GIVEN_COVERAGE,DWB_L3,True,rms_high,9.56925224363214,1574,0.1574842515748425,0.9736026397360265
MC_S2_DROP_TOP5_R1_L2_HIGH,NEW_MC,TIME_GIVEN_COVERAGE,DWB_L3,True,persistent_relation_rms,0.0017460373523832,9676,0.9676032396760323,1.0
MC_S2_DROP_TOP5_R1_L2_HIGH,NEW_MC,TIME_GIVEN_COVERAGE,DWB_L4,False,component_share_birth,3.8608901493147023,1983,0.1983801619838016,1.0
MC_S2_DROP_TOP5_R1_L2_HIGH,NEW_MC,TIME_GIVEN_COVERAGE,DWB_L4,False,component_share_death,3.011166732358486,3591,0.3591640835916408,1.0
MC_S2_DROP_TOP5_R1_L2_HIGH,NEW_MC,TIME_GIVEN_COVERAGE,DWB_L4,False,component_share_increase,0.4790132222943848,3550,0.3550644935506449,1.0
MC_S2_DROP_TOP5_R1_L2_HIGH,NEW_MC,TIME_GIVEN_COVERAGE,DWB_L4,False,support_share_low,7.217639109658553,1049,0.104989501049895,0.944905509449055
MC_S2_DROP_TOP5_R1_L2_HIGH,NEW_MC,TIME_GIVEN_COVERAGE,DWB_L4,False,support_share_medium,9.10294966368371,1197,0.1197880211978802,0.9583041695830417
MC_S2_DROP_TOP5_R1_L2_HIGH,NEW_MC,TIME_GIVEN_COVERAGE,DWB_L4,False,rms_low,0.0350623959503195,8912,0.8912108789121088,1.0
MC_S2_DROP_TOP5_R1_L2_HIGH,NEW_MC,TIME_GIVEN_COVERAGE,DWB_L4,False,rms_medium,3.487925256889497,1435,0.1435856414358564,1.0
MC_S2_DROP_TOP5_R1_L2_HIGH,NEW_MC,TIME_GIVEN_COVERAGE,DWB_L4,False,rms_high,9.56925224363214,1667,0.1667833216678332,1.0
MC_S2_DROP_TOP5_R1_L2_HIGH,NEW_MC,TIME_GIVEN_COVERAGE,DWB_L4,False,persistent_relation_rms,0.0017460373523832,9667,0.9667033296670332,1.0
MC_S2_DROP_TOP5_R1_L2_HIGH,NEW_MC,COVERAGE_GIVEN_TIME,LEGACY_RADEMACHER,False,component_share_birth,0.0450422202648326,8620,0.8620137986201379,1.0
MC_S2_DROP_TOP5_R1_L2_HIGH,NEW_MC,COVERAGE_GIVEN_TIME,LEGACY_RADEMACHER,False,component_share_death,1.5233423919576694,4292,0.4292570742925707,1.0
MC_S2_DROP_TOP5_R1_L2_HIGH,NEW_MC,COVERAGE_GIVEN_TIME,LEGACY_RADEMACHER,False,component_share_increase,0.489504104772795,5316,0.5316468353164684,1.0
MC_S2_DROP_TOP5_R1_L2_HIGH,NEW_MC,COVERAGE_GIVEN_TIME,LEGACY_RADEMACHER,False,support_share_low,14.38700013845119,0,9.999000099990002e-05,0.0008999100089991
MC_S2_DROP_TOP5_R1_L2_HIGH,NEW_MC,COVERAGE_GIVEN_TIME,LEGACY_RADEMACHER,False,support_share_medium,18.296479699565,0,9.999000099990002e-05,0.0008999100089991
MC_S2_DROP_TOP5_R1_L2_HIGH,NEW_MC,COVERAGE_GIVEN_TIME,LEGACY_RADEMACHER,False,rms_low,14.892037293188864,612,0.0612938706129387,0.3677632236776322
MC_S2_DROP_TOP5_R1_L2_HIGH,NEW_MC,COVERAGE_GIVEN_TIME,LEGACY_RADEMACHER,False,rms_medium,3.4499857768152538,5070,0.5070492950704929,1.0
MC_S2_DROP_TOP5_R1_L2_HIGH,NEW_MC,COVERAGE_GIVEN_TIME,LEGACY_RADEMACHER,False,rms_high,25.83316591281634,2,0.0002999700029997,0.0020997900209979
MC_S2_DROP_TOP5_R1_L2_HIGH,NEW_MC,COVERAGE_GIVEN_TIME,LEGACY_RADEMACHER,False,persistent_relation_rms,3.4435262301994136,1518,0.1518848115188481,0.7594240575942406
MC_S2_DROP_TOP5_R1_L2_HIGH,NEW_MC,COVERAGE_GIVEN_TIME,GAUSSIAN_L1,False,component_share_birth,0.0450422202648326,8513,0.8513148685131486,1.0
MC_S2_DROP_TOP5_R1_L2_HIGH,NEW_MC,COVERAGE_GIVEN_TIME,GAUSSIAN_L1,False,component_share_death,1.5233423919576694,3969,0.396960303969603,1.0
MC_S2_DROP_TOP5_R1_L2_HIGH,NEW_MC,COVERAGE_GIVEN_TIME,GAUSSIAN_L1,False,component_share_increase,0.489504104772795,3646,0.3646635336466353,1.0
MC_S2_DROP_TOP5_R1_L2_HIGH,NEW_MC,COVERAGE_GIVEN_TIME,GAUSSIAN_L1,False,support_share_low,14.38700013845119,13,0.0013998600139986,0.0125987401259874
MC_S2_DROP_TOP5_R1_L2_HIGH,NEW_MC,COVERAGE_GIVEN_TIME,GAUSSIAN_L1,False,support_share_medium,18.296479699565,51,0.0051994800519948,0.0363963603639636
MC_S2_DROP_TOP5_R1_L2_HIGH,NEW_MC,COVERAGE_GIVEN_TIME,GAUSSIAN_L1,False,rms_low,14.892037293188864,611,0.0611938806119388,0.3671632836716328
MC_S2_DROP_TOP5_R1_L2_HIGH,NEW_MC,COVERAGE_GIVEN_TIME,GAUSSIAN_L1,False,rms_medium,3.4499857768152538,4476,0.4476552344765523,1.0
MC_S2_DROP_TOP5_R1_L2_HIGH,NEW_MC,COVERAGE_GIVEN_TIME,GAUSSIAN_L1,False,rms_high,25.83316591281634,40,0.0040995900409959,0.0327967203279672
MC_S2_DROP_TOP5_R1_L2_HIGH,NEW_MC,COVERAGE_GIVEN_TIME,GAUSSIAN_L1,False,persistent_relation_rms,3.4435262301994136,1494,0.1494850514948505,0.7474252574742525
MC_S2_DROP_TOP5_R1_L2_HIGH,NEW_MC,COVERAGE_GIVEN_TIME,DWB_L2,False,component_share_birth,0.0450422202648326,8488,0.8488151184881512,1.0
MC_S2_DROP_TOP5_R1_L2_HIGH,NEW_MC,COVERAGE_GIVEN_TIME,DWB_L2,False,component_share_death,1.5233423919576694,4204,0.4204579542045795,1.0
MC_S2_DROP_TOP5_R1_L2_HIGH,NEW_MC,COVERAGE_GIVEN_TIME,DWB_L2,False,component_share_increase,0.489504104772795,3596,0.3596640335966403,1.0
MC_S2_DROP_TOP5_R1_L2_HIGH,NEW_MC,COVERAGE_GIVEN_TIME,DWB_L2,False,support_share_low,14.38700013845119,94,0.0094990500949905,0.0854914508549145
MC_S2_DROP_TOP5_R1_L2_HIGH,NEW_MC,COVERAGE_GIVEN_TIME,DWB_L2,False,support_share_medium,18.296479699565,145,0.0145985401459854,0.1167883211678832
MC_S2_DROP_TOP5_R1_L2_HIGH,NEW_MC,COVERAGE_GIVEN_TIME,DWB_L2,False,rms_low,14.892037293188864,1327,0.1327867213278672,0.7967203279672033
MC_S2_DROP_TOP5_R1_L2_HIGH,NEW_MC,COVERAGE_GIVEN_TIME,DWB_L2,False,rms_medium,3.4499857768152538,4478,0.4478552144785521,1.0
MC_S2_DROP_TOP5_R1_L2_HIGH,NEW_MC,COVERAGE_GIVEN_TIME,DWB_L2,False,rms_high,25.83316591281634,166,0.0166983301669833,0.1168883111688831
MC_S2_DROP_TOP5_R1_L2_HIGH,NEW_MC,COVERAGE_GIVEN_TIME,DWB_L2,False,persistent_relation_rms,3.4435262301994136,1567,0.1567843215678432,0.7967203279672033
MC_S2_DROP_TOP5_R1_L2_HIGH,NEW_MC,COVERAGE_GIVEN_TIME,DWB_L3,True,component_share_birth,0.0450422202648326,8200,0.82001799820018,1.0
MC_S2_DROP_TOP5_R1_L2_HIGH,NEW_MC,COVERAGE_GIVEN_TIME,DWB_L3,True,component_share_death,1.5233423919576694,3962,0.3962603739626037,1.0
MC_S2_DROP_TOP5_R1_L2_HIGH,NEW_MC,COVERAGE_GIVEN_TIME,DWB_L3,True,component_share_increase,0.489504104772795,3419,0.341965803419658,1.0
MC_S2_DROP_TOP5_R1_L2_HIGH,NEW_MC,COVERAGE_GIVEN_TIME,DWB_L3,True,support_share_low,14.38700013845119,199,0.01999800019998,0.17998200179982
MC_S2_DROP_TOP5_R1_L2_HIGH,NEW_MC,COVERAGE_GIVEN_TIME,DWB_L3,True,support_share_medium,18.296479699565,266,0.0266973302669733,0.1983801619838016
MC_S2_DROP_TOP5_R1_L2_HIGH,NEW_MC,COVERAGE_GIVEN_TIME,DWB_L3,True,rms_low,14.892037293188864,1458,0.1458854114588541,0.7889211078892111
MC_S2_DROP_TOP5_R1_L2_HIGH,NEW_MC,COVERAGE_GIVEN_TIME,DWB_L3,True,rms_medium,3.4499857768152538,3667,0.3667633236676332,1.0
MC_S2_DROP_TOP5_R1_L2_HIGH,NEW_MC,COVERAGE_GIVEN_TIME,DWB_L3,True,rms_high,25.83316591281634,247,0.0247975202479752,0.1983801619838016
MC_S2_DROP_TOP5_R1_L2_HIGH,NEW_MC,COVERAGE_GIVEN_TIME,DWB_L3,True,persistent_relation_rms,3.4435262301994136,1314,0.1314868513148685,0.7889211078892111
MC_S2_DROP_TOP5_R1_L2_HIGH,NEW_MC,COVERAGE_GIVEN_TIME,DWB_L4,False,component_share_birth,0.0450422202648326,8116,0.8116188381161884,1.0
MC_S2_DROP_TOP5_R1_L2_HIGH,NEW_MC,COVERAGE_GIVEN_TIME,DWB_L4,False,component_share_death,1.5233423919576694,3700,0.3700629937006299,1.0
MC_S2_DROP_TOP5_R1_L2_HIGH,NEW_MC,COVERAGE_GIVEN_TIME,DWB_L4,False,component_share_increase,0.489504104772795,3251,0.3251674832516748,1.0
MC_S2_DROP_TOP5_R1_L2_HIGH,NEW_MC,COVERAGE_GIVEN_TIME,DWB_L4,False,support_share_low,14.38700013845119,341,0.0341965803419658,0.3077692230776922
MC_S2_DROP_TOP5_R1_L2_HIGH,NEW_MC,COVERAGE_GIVEN_TIME,DWB_L4,False,support_share_medium,18.296479699565,383,0.0383961603839616,0.3077692230776922
MC_S2_DROP_TOP5_R1_L2_HIGH,NEW_MC,COVERAGE_GIVEN_TIME,DWB_L4,False,rms_low,14.892037293188864,1479,0.147985201479852,0.794920507949205
MC_S2_DROP_TOP5_R1_L2_HIGH,NEW_MC,COVERAGE_GIVEN_TIME,DWB_L4,False,rms_medium,3.4499857768152538,3039,0.303969603039696,1.0
MC_S2_DROP_TOP5_R1_L2_HIGH,NEW_MC,COVERAGE_GIVEN_TIME,DWB_L4,False,rms_high,25.83316591281634,368,0.0368963103689631,0.3077692230776922
MC_S2_DROP_TOP5_R1_L2_HIGH,NEW_MC,COVERAGE_GIVEN_TIME,DWB_L4,False,persistent_relation_rms,3.4435262301994136,1324,0.1324867513248675,0.794920507949205
MC_S2_DROP_TOP5_R2_L0_STAGE15_MATCHED,NEW_MC,TIME_GIVEN_COVERAGE,LEGACY_RADEMACHER,False,component_share_birth,3.311872328613521,1054,0.1054894510548945,0.6719328067193281
MC_S2_DROP_TOP5_R2_L0_STAGE15_MATCHED,NEW_MC,TIME_GIVEN_COVERAGE,LEGACY_RADEMACHER,False,component_share_death,5.064915143386138,3358,0.3358664133586641,1.0
MC_S2_DROP_TOP5_R2_L0_STAGE15_MATCHED,NEW_MC,TIME_GIVEN_COVERAGE,LEGACY_RADEMACHER,False,component_share_increase,0.0809218069432606,8487,0.8487151284871512,1.0
MC_S2_DROP_TOP5_R2_L0_STAGE15_MATCHED,NEW_MC,TIME_GIVEN_COVERAGE,LEGACY_RADEMACHER,False,support_share_low,5.6708979293872295,120,0.0120987901209879,0.1088891110888911
MC_S2_DROP_TOP5_R2_L0_STAGE15_MATCHED,NEW_MC,TIME_GIVEN_COVERAGE,LEGACY_RADEMACHER,False,support_share_medium,6.0697961424354006,959,0.095990400959904,0.6719328067193281
MC_S2_DROP_TOP5_R2_L0_STAGE15_MATCHED,NEW_MC,TIME_GIVEN_COVERAGE,LEGACY_RADEMACHER,False,rms_low,1.986938598356069,1596,0.1596840315968403,0.7254274572542746
MC_S2_DROP_TOP5_R2_L0_STAGE15_MATCHED,NEW_MC,TIME_GIVEN_COVERAGE,LEGACY_RADEMACHER,False,rms_medium,3.5730321611277844,1450,0.1450854914508549,0.7254274572542746
MC_S2_DROP_TOP5_R2_L0_STAGE15_MATCHED,NEW_MC,TIME_GIVEN_COVERAGE,LEGACY_RADEMACHER,False,rms_high,12.54934887005554,413,0.0413958604139586,0.3311668833116688
MC_S2_DROP_TOP5_R2_L0_STAGE15_MATCHED,NEW_MC,TIME_GIVEN_COVERAGE,LEGACY_RADEMACHER,False,persistent_relation_rms,0.8207809796018033,5167,0.5167483251674833,1.0
MC_S2_DROP_TOP5_R2_L0_STAGE15_MATCHED,NEW_MC,TIME_GIVEN_COVERAGE,GAUSSIAN_L1,False,component_share_birth,3.311872328613521,1008,0.1008899110088991,0.7062293770622938
MC_S2_DROP_TOP5_R2_L0_STAGE15_MATCHED,NEW_MC,TIME_GIVEN_COVERAGE,GAUSSIAN_L1,False,component_share_death,5.064915143386138,2812,0.2812718728127187,0.8513148685131486
MC_S2_DROP_TOP5_R2_L0_STAGE15_MATCHED,NEW_MC,TIME_GIVEN_COVERAGE,GAUSSIAN_L1,False,component_share_increase,0.0809218069432606,8054,0.8054194580541946,0.8513148685131486
MC_S2_DROP_TOP5_R2_L0_STAGE15_MATCHED,NEW_MC,TIME_GIVEN_COVERAGE,GAUSSIAN_L1,False,support_share_low,5.6708979293872295,512,0.0512948705129487,0.4616538346165383
MC_S2_DROP_TOP5_R2_L0_STAGE15_MATCHED,NEW_MC,TIME_GIVEN_COVERAGE,GAUSSIAN_L1,False,support_share_medium,6.0697961424354006,1565,0.1565843415658434,0.8513148685131486
MC_S2_DROP_TOP5_R2_L0_STAGE15_MATCHED,NEW_MC,TIME_GIVEN_COVERAGE,GAUSSIAN_L1,False,rms_low,1.986938598356069,1419,0.141985801419858,0.8513148685131486
MC_S2_DROP_TOP5_R2_L0_STAGE15_MATCHED,NEW_MC,TIME_GIVEN_COVERAGE,GAUSSIAN_L1,False,rms_medium,3.5730321611277844,1418,0.1418858114188581,0.8513148685131486
MC_S2_DROP_TOP5_R2_L0_STAGE15_MATCHED,NEW_MC,TIME_GIVEN_COVERAGE,GAUSSIAN_L1,False,rms_high,12.54934887005554,797,0.0797920207979202,0.6383361663833617
MC_S2_DROP_TOP5_R2_L0_STAGE15_MATCHED,NEW_MC,TIME_GIVEN_COVERAGE,GAUSSIAN_L1,False,persistent_relation_rms,0.8207809796018033,4083,0.4083591640835916,0.8513148685131486
MC_S2_DROP_TOP5_R2_L0_STAGE15_MATCHED,NEW_MC,TIME_GIVEN_COVERAGE,DWB_L2,False,component_share_birth,3.311872328613521,1521,0.1521847815218478,1.0
MC_S2_DROP_TOP5_R2_L0_STAGE15_MATCHED,NEW_MC,TIME_GIVEN_COVERAGE,DWB_L2,False,component_share_death,5.064915143386138,3102,0.3102689731026897,1.0
MC_S2_DROP_TOP5_R2_L0_STAGE15_MATCHED,NEW_MC,TIME_GIVEN_COVERAGE,DWB_L2,False,component_share_increase,0.0809218069432606,8187,0.8187181281871813,1.0
MC_S2_DROP_TOP5_R2_L0_STAGE15_MATCHED,NEW_MC,TIME_GIVEN_COVERAGE,DWB_L2,False,support_share_low,5.6708979293872295,1023,0.1023897610238976,0.9215078492150786
MC_S2_DROP_TOP5_R2_L0_STAGE15_MATCHED,NEW_MC,TIME_GIVEN_COVERAGE,DWB_L2,False,support_share_medium,6.0697961424354006,1867,0.1867813218678132,1.0
MC_S2_DROP_TOP5_R2_L0_STAGE15_MATCHED,NEW_MC,TIME_GIVEN_COVERAGE,DWB_L2,False,rms_low,1.986938598356069,1720,0.1720827917208279,1.0
MC_S2_DROP_TOP5_R2_L0_STAGE15_MATCHED,NEW_MC,TIME_GIVEN_COVERAGE,DWB_L2,False,rms_medium,3.5730321611277844,1327,0.1327867213278672,1.0
MC_S2_DROP_TOP5_R2_L0_STAGE15_MATCHED,NEW_MC,TIME_GIVEN_COVERAGE,DWB_L2,False,rms_high,12.54934887005554,1387,0.1387861213878612,1.0
MC_S2_DROP_TOP5_R2_L0_STAGE15_MATCHED,NEW_MC,TIME_GIVEN_COVERAGE,DWB_L2,False,persistent_relation_rms,0.8207809796018033,4395,0.4395560443955604,1.0
MC_S2_DROP_TOP5_R2_L0_STAGE15_MATCHED,NEW_MC,TIME_GIVEN_COVERAGE,DWB_L3,True,component_share_birth,3.311872328613521,1794,0.1794820517948205,1.0
MC_S2_DROP_TOP5_R2_L0_STAGE15_MATCHED,NEW_MC,TIME_GIVEN_COVERAGE,DWB_L3,True,component_share_death,5.064915143386138,3304,0.3304669533046695,1.0
MC_S2_DROP_TOP5_R2_L0_STAGE15_MATCHED,NEW_MC,TIME_GIVEN_COVERAGE,DWB_L3,True,component_share_increase,0.0809218069432606,8168,0.8168183181681832,1.0
MC_S2_DROP_TOP5_R2_L0_STAGE15_MATCHED,NEW_MC,TIME_GIVEN_COVERAGE,DWB_L3,True,support_share_low,5.6708979293872295,1380,0.1380861913808619,1.0
MC_S2_DROP_TOP5_R2_L0_STAGE15_MATCHED,NEW_MC,TIME_GIVEN_COVERAGE,DWB_L3,True,support_share_medium,6.0697961424354006,2112,0.2112788721127887,1.0
MC_S2_DROP_TOP5_R2_L0_STAGE15_MATCHED,NEW_MC,TIME_GIVEN_COVERAGE,DWB_L3,True,rms_low,1.986938598356069,2106,0.2106789321067893,1.0
MC_S2_DROP_TOP5_R2_L0_STAGE15_MATCHED,NEW_MC,TIME_GIVEN_COVERAGE,DWB_L3,True,rms_medium,3.5730321611277844,1266,0.1266873312668733,1.0
MC_S2_DROP_TOP5_R2_L0_STAGE15_MATCHED,NEW_MC,TIME_GIVEN_COVERAGE,DWB_L3,True,rms_high,12.54934887005554,1532,0.1532846715328467,1.0
MC_S2_DROP_TOP5_R2_L0_STAGE15_MATCHED,NEW_MC,TIME_GIVEN_COVERAGE,DWB_L3,True,persistent_relation_rms,0.8207809796018033,4407,0.4407559244075592,1.0
MC_S2_DROP_TOP5_R2_L0_STAGE15_MATCHED,NEW_MC,TIME_GIVEN_COVERAGE,DWB_L4,False,component_share_birth,3.311872328613521,1894,0.1894810518948105,1.0
MC_S2_DROP_TOP5_R2_L0_STAGE15_MATCHED,NEW_MC,TIME_GIVEN_COVERAGE,DWB_L4,False,component_share_death,5.064915143386138,3383,0.3383661633836616,1.0
MC_S2_DROP_TOP5_R2_L0_STAGE15_MATCHED,NEW_MC,TIME_GIVEN_COVERAGE,DWB_L4,False,component_share_increase,0.0809218069432606,7881,0.7881211878812119,1.0
MC_S2_DROP_TOP5_R2_L0_STAGE15_MATCHED,NEW_MC,TIME_GIVEN_COVERAGE,DWB_L4,False,support_share_low,5.6708979293872295,1674,0.1674832516748325,1.0
MC_S2_DROP_TOP5_R2_L0_STAGE15_MATCHED,NEW_MC,TIME_GIVEN_COVERAGE,DWB_L4,False,support_share_medium,6.0697961424354006,2303,0.2303769623037696,1.0
MC_S2_DROP_TOP5_R2_L0_STAGE15_MATCHED,NEW_MC,TIME_GIVEN_COVERAGE,DWB_L4,False,rms_low,1.986938598356069,2404,0.2404759524047595,1.0
MC_S2_DROP_TOP5_R2_L0_STAGE15_MATCHED,NEW_MC,TIME_GIVEN_COVERAGE,DWB_L4,False,rms_medium,3.5730321611277844,1495,0.1495850414958504,1.0
MC_S2_DROP_TOP5_R2_L0_STAGE15_MATCHED,NEW_MC,TIME_GIVEN_COVERAGE,DWB_L4,False,rms_high,12.54934887005554,1654,0.1654834516548345,1.0
MC_S2_DROP_TOP5_R2_L0_STAGE15_MATCHED,NEW_MC,TIME_GIVEN_COVERAGE,DWB_L4,False,persistent_relation_rms,0.8207809796018033,4599,0.45995400459954,1.0
MC_S2_DROP_TOP5_R2_L0_STAGE15_MATCHED,NEW_MC,COVERAGE_GIVEN_TIME,LEGACY_RADEMACHER,False,component_share_birth,0.0783250283229932,8372,0.8372162783721628,1.0
MC_S2_DROP_TOP5_R2_L0_STAGE15_MATCHED,NEW_MC,COVERAGE_GIVEN_TIME,LEGACY_RADEMACHER,False,component_share_death,2.1413470651429805,5031,0.5031496850314968,1.0
MC_S2_DROP_TOP5_R2_L0_STAGE15_MATCHED,NEW_MC,COVERAGE_GIVEN_TIME,LEGACY_RADEMACHER,False,component_share_increase,1.1164975811772957,4014,0.4014598540145985,1.0
MC_S2_DROP_TOP5_R2_L0_STAGE15_MATCHED,NEW_MC,COVERAGE_GIVEN_TIME,LEGACY_RADEMACHER,False,support_share_low,11.410064351663191,2,0.0002999700029997,0.0023997600239976
MC_S2_DROP_TOP5_R2_L0_STAGE15_MATCHED,NEW_MC,COVERAGE_GIVEN_TIME,LEGACY_RADEMACHER,False,support_share_medium,12.338860857210666,50,0.0050994900509949,0.0356964303569643
MC_S2_DROP_TOP5_R2_L0_STAGE15_MATCHED,NEW_MC,COVERAGE_GIVEN_TIME,LEGACY_RADEMACHER,False,rms_low,0.0763075862829794,8998,0.8998100189981002,1.0
MC_S2_DROP_TOP5_R2_L0_STAGE15_MATCHED,NEW_MC,COVERAGE_GIVEN_TIME,LEGACY_RADEMACHER,False,rms_medium,3.912170431074813,4020,0.4020597940205979,1.0
MC_S2_DROP_TOP5_R2_L0_STAGE15_MATCHED,NEW_MC,COVERAGE_GIVEN_TIME,LEGACY_RADEMACHER,False,rms_high,32.68745601205279,0,9.999000099990002e-05,0.0008999100089991
MC_S2_DROP_TOP5_R2_L0_STAGE15_MATCHED,NEW_MC,COVERAGE_GIVEN_TIME,LEGACY_RADEMACHER,False,persistent_relation_rms,5.785419639515581,565,0.0565943405659434,0.3395660433956604
MC_S2_DROP_TOP5_R2_L0_STAGE15_MATCHED,NEW_MC,COVERAGE_GIVEN_TIME,GAUSSIAN_L1,False,component_share_birth,0.0783250283229932,8132,0.8132186781321867,1.0
MC_S2_DROP_TOP5_R2_L0_STAGE15_MATCHED,NEW_MC,COVERAGE_GIVEN_TIME,GAUSSIAN_L1,False,component_share_death,2.1413470651429805,4660,0.4660533946605339,1.0
MC_S2_DROP_TOP5_R2_L0_STAGE15_MATCHED,NEW_MC,COVERAGE_GIVEN_TIME,GAUSSIAN_L1,False,component_share_increase,1.1164975811772957,3234,0.3234676532346765,1.0
MC_S2_DROP_TOP5_R2_L0_STAGE15_MATCHED,NEW_MC,COVERAGE_GIVEN_TIME,GAUSSIAN_L1,False,support_share_low,11.410064351663191,41,0.0041995800419958,0.0368963103689631
MC_S2_DROP_TOP5_R2_L0_STAGE15_MATCHED,NEW_MC,COVERAGE_GIVEN_TIME,GAUSSIAN_L1,False,support_share_medium,12.338860857210666,257,0.0257974202579742,0.1805819418058194
MC_S2_DROP_TOP5_R2_L0_STAGE15_MATCHED,NEW_MC,COVERAGE_GIVEN_TIME,GAUSSIAN_L1,False,rms_low,0.0763075862829794,8794,0.8794120587941205,1.0
MC_S2_DROP_TOP5_R2_L0_STAGE15_MATCHED,NEW_MC,COVERAGE_GIVEN_TIME,GAUSSIAN_L1,False,rms_medium,3.912170431074813,3586,0.3586641335866413,1.0
MC_S2_DROP_TOP5_R2_L0_STAGE15_MATCHED,NEW_MC,COVERAGE_GIVEN_TIME,GAUSSIAN_L1,False,rms_high,32.68745601205279,40,0.0040995900409959,0.0368963103689631
MC_S2_DROP_TOP5_R2_L0_STAGE15_MATCHED,NEW_MC,COVERAGE_GIVEN_TIME,GAUSSIAN_L1,False,persistent_relation_rms,5.785419639515581,609,0.060993900609939,0.365963403659634
MC_S2_DROP_TOP5_R2_L0_STAGE15_MATCHED,NEW_MC,COVERAGE_GIVEN_TIME,DWB_L2,False,component_share_birth,0.0783250283229932,7986,0.7986201379862014,1.0
MC_S2_DROP_TOP5_R2_L0_STAGE15_MATCHED,NEW_MC,COVERAGE_GIVEN_TIME,DWB_L2,False,component_share_death,2.1413470651429805,4565,0.4565543445655434,1.0
MC_S2_DROP_TOP5_R2_L0_STAGE15_MATCHED,NEW_MC,COVERAGE_GIVEN_TIME,DWB_L2,False,component_share_increase,1.1164975811772957,3262,0.3262673732626737,1.0
MC_S2_DROP_TOP5_R2_L0_STAGE15_MATCHED,NEW_MC,COVERAGE_GIVEN_TIME,DWB_L2,False,support_share_low,11.410064351663191,176,0.0176982301769823,0.1415858414158584
MC_S2_DROP_TOP5_R2_L0_STAGE15_MATCHED,NEW_MC,COVERAGE_GIVEN_TIME,DWB_L2,False,support_share_medium,12.338860857210666,470,0.0470952904709529,0.3296670332966703
MC_S2_DROP_TOP5_R2_L0_STAGE15_MATCHED,NEW_MC,COVERAGE_GIVEN_TIME,DWB_L2,False,rms_low,0.0763075862829794,8926,0.8926107389261074,1.0
MC_S2_DROP_TOP5_R2_L0_STAGE15_MATCHED,NEW_MC,COVERAGE_GIVEN_TIME,DWB_L2,False,rms_medium,3.912170431074813,3759,0.375962403759624,1.0
MC_S2_DROP_TOP5_R2_L0_STAGE15_MATCHED,NEW_MC,COVERAGE_GIVEN_TIME,DWB_L2,False,rms_high,32.68745601205279,153,0.0153984601539846,0.1385861413858614
MC_S2_DROP_TOP5_R2_L0_STAGE15_MATCHED,NEW_MC,COVERAGE_GIVEN_TIME,DWB_L2,False,persistent_relation_rms,5.785419639515581,591,0.0591940805919408,0.3551644835516448
MC_S2_DROP_TOP5_R2_L0_STAGE15_MATCHED,NEW_MC,COVERAGE_GIVEN_TIME,DWB_L3,True,component_share_birth,0.0783250283229932,7547,0.7547245275472453,1.0
MC_S2_DROP_TOP5_R2_L0_STAGE15_MATCHED,NEW_MC,COVERAGE_GIVEN_TIME,DWB_L3,True,component_share_death,2.1413470651429805,4337,0.4337566243375662,1.0
MC_S2_DROP_TOP5_R2_L0_STAGE15_MATCHED,NEW_MC,COVERAGE_GIVEN_TIME,DWB_L3,True,component_share_increase,1.1164975811772957,3176,0.3176682331766823,1.0
MC_S2_DROP_TOP5_R2_L0_STAGE15_MATCHED,NEW_MC,COVERAGE_GIVEN_TIME,DWB_L3,True,support_share_low,11.410064351663191,304,0.0304969503049695,0.2492750724927507
MC_S2_DROP_TOP5_R2_L0_STAGE15_MATCHED,NEW_MC,COVERAGE_GIVEN_TIME,DWB_L3,True,support_share_medium,12.338860857210666,573,0.0573942605739426,0.398960103989601
MC_S2_DROP_TOP5_R2_L0_STAGE15_MATCHED,NEW_MC,COVERAGE_GIVEN_TIME,DWB_L3,True,rms_low,0.0763075862829794,8897,0.8897110288971103,1.0
MC_S2_DROP_TOP5_R2_L0_STAGE15_MATCHED,NEW_MC,COVERAGE_GIVEN_TIME,DWB_L3,True,rms_medium,3.912170431074813,3127,0.3127687231276872,1.0
MC_S2_DROP_TOP5_R2_L0_STAGE15_MATCHED,NEW_MC,COVERAGE_GIVEN_TIME,DWB_L3,True,rms_high,32.68745601205279,276,0.0276972302769723,0.2492750724927507
MC_S2_DROP_TOP5_R2_L0_STAGE15_MATCHED,NEW_MC,COVERAGE_GIVEN_TIME,DWB_L3,True,persistent_relation_rms,5.785419639515581,569,0.056994300569943,0.398960103989601
MC_S2_DROP_TOP5_R2_L0_STAGE15_MATCHED,NEW_MC,COVERAGE_GIVEN_TIME,DWB_L4,False,component_share_birth,0.0783250283229932,7316,0.7316268373162683,1.0
MC_S2_DROP_TOP5_R2_L0_STAGE15_MATCHED,NEW_MC,COVERAGE_GIVEN_TIME,DWB_L4,False,component_share_death,2.1413470651429805,4099,0.40995900409959,1.0
MC_S2_DROP_TOP5_R2_L0_STAGE15_MATCHED,NEW_MC,COVERAGE_GIVEN_TIME,DWB_L4,False,component_share_increase,1.1164975811772957,3042,0.3042695730426957,1.0
MC_S2_DROP_TOP5_R2_L0_STAGE15_MATCHED,NEW_MC,COVERAGE_GIVEN_TIME,DWB_L4,False,support_share_low,11.410064351663191,469,0.046995300469953,0.375962403759624
MC_S2_DROP_TOP5_R2_L0_STAGE15_MATCHED,NEW_MC,COVERAGE_GIVEN_TIME,DWB_L4,False,support_share_medium,12.338860857210666,685,0.0685931406859314,0.4304569543045695
MC_S2_DROP_TOP5_R2_L0_STAGE15_MATCHED,NEW_MC,COVERAGE_GIVEN_TIME,DWB_L4,False,rms_low,0.0763075862829794,8806,0.8806119388061194,1.0
MC_S2_DROP_TOP5_R2_L0_STAGE15_MATCHED,NEW_MC,COVERAGE_GIVEN_TIME,DWB_L4,False,rms_medium,3.912170431074813,2659,0.265973402659734,1.0
MC_S2_DROP_TOP5_R2_L0_STAGE15_MATCHED,NEW_MC,COVERAGE_GIVEN_TIME,DWB_L4,False,rms_high,32.68745601205279,323,0.0323967603239676,0.2915708429157084
MC_S2_DROP_TOP5_R2_L0_STAGE15_MATCHED,NEW_MC,COVERAGE_GIVEN_TIME,DWB_L4,False,persistent_relation_rms,5.785419639515581,614,0.0614938506149385,0.4304569543045695
MC_S2_DROP_TOP5_R2_L1_EXTENDED,NEW_MC,TIME_GIVEN_COVERAGE,LEGACY_RADEMACHER,False,component_share_birth,12.902573018291775,874,0.0874912508749125,0.5249475052494751
MC_S2_DROP_TOP5_R2_L1_EXTENDED,NEW_MC,TIME_GIVEN_COVERAGE,LEGACY_RADEMACHER,False,component_share_death,4.0714913638519405,2889,0.288971102889711,1.0
MC_S2_DROP_TOP5_R2_L1_EXTENDED,NEW_MC,TIME_GIVEN_COVERAGE,LEGACY_RADEMACHER,False,component_share_increase,0.2289912733965025,6571,0.6571342865713429,1.0
MC_S2_DROP_TOP5_R2_L1_EXTENDED,NEW_MC,TIME_GIVEN_COVERAGE,LEGACY_RADEMACHER,False,support_share_low,5.771437430968689,8,0.0008999100089991,0.0080991900809919
MC_S2_DROP_TOP5_R2_L1_EXTENDED,NEW_MC,TIME_GIVEN_COVERAGE,LEGACY_RADEMACHER,False,support_share_medium,17.105585641942838,171,0.0171982801719828,0.1375862413758624
MC_S2_DROP_TOP5_R2_L1_EXTENDED,NEW_MC,TIME_GIVEN_COVERAGE,LEGACY_RADEMACHER,False,rms_low,1.846970983629184,2780,0.2780721927807219,1.0
MC_S2_DROP_TOP5_R2_L1_EXTENDED,NEW_MC,TIME_GIVEN_COVERAGE,LEGACY_RADEMACHER,False,rms_medium,2.2145762785233245,1383,0.1383861613838616,0.6919308069193081
MC_S2_DROP_TOP5_R2_L1_EXTENDED,NEW_MC,TIME_GIVEN_COVERAGE,LEGACY_RADEMACHER,False,rms_high,9.97737084623646,488,0.0488951104889511,0.3422657734226577
MC_S2_DROP_TOP5_R2_L1_EXTENDED,NEW_MC,TIME_GIVEN_COVERAGE,LEGACY_RADEMACHER,False,persistent_relation_rms,0.2786078558042995,8336,0.8336166383361664,1.0
MC_S2_DROP_TOP5_R2_L1_EXTENDED,NEW_MC,TIME_GIVEN_COVERAGE,GAUSSIAN_L1,False,component_share_birth,12.902573018291775,944,0.0944905509449055,0.6671332866713329
MC_S2_DROP_TOP5_R2_L1_EXTENDED,NEW_MC,TIME_GIVEN_COVERAGE,GAUSSIAN_L1,False,component_share_death,4.0714913638519405,2565,0.2565743425657434,1.0
MC_S2_DROP_TOP5_R2_L1_EXTENDED,NEW_MC,TIME_GIVEN_COVERAGE,GAUSSIAN_L1,False,component_share_increase,0.2289912733965025,5650,0.565043495650435,1.0
MC_S2_DROP_TOP5_R2_L1_EXTENDED,NEW_MC,TIME_GIVEN_COVERAGE,GAUSSIAN_L1,False,support_share_low,5.771437430968689,328,0.0328967103289671,0.296070392960704
MC_S2_DROP_TOP5_R2_L1_EXTENDED,NEW_MC,TIME_GIVEN_COVERAGE,GAUSSIAN_L1,False,support_share_medium,17.105585641942838,987,0.0987901209879012,0.6671332866713329
MC_S2_DROP_TOP5_R2_L1_EXTENDED,NEW_MC,TIME_GIVEN_COVERAGE,GAUSSIAN_L1,False,rms_low,1.846970983629184,2540,0.2540745925407459,1.0
MC_S2_DROP_TOP5_R2_L1_EXTENDED,NEW_MC,TIME_GIVEN_COVERAGE,GAUSSIAN_L1,False,rms_medium,2.2145762785233245,1393,0.1393860613938606,0.6969303069693031
MC_S2_DROP_TOP5_R2_L1_EXTENDED,NEW_MC,TIME_GIVEN_COVERAGE,GAUSSIAN_L1,False,rms_high,9.97737084623646,833,0.0833916608339166,0.6671332866713329
MC_S2_DROP_TOP5_R2_L1_EXTENDED,NEW_MC,TIME_GIVEN_COVERAGE,GAUSSIAN_L1,False,persistent_relation_rms,0.2786078558042995,6541,0.6541345865413458,1.0
MC_S2_DROP_TOP5_R2_L1_EXTENDED,NEW_MC,TIME_GIVEN_COVERAGE,DWB_L2,False,component_share_birth,12.902573018291775,1245,0.1245875412458754,0.967903209679032
MC_S2_DROP_TOP5_R2_L1_EXTENDED,NEW_MC,TIME_GIVEN_COVERAGE,DWB_L2,False,component_share_death,4.0714913638519405,2938,0.2938706129387061,1.0
MC_S2_DROP_TOP5_R2_L1_EXTENDED,NEW_MC,TIME_GIVEN_COVERAGE,DWB_L2,False,component_share_increase,0.2289912733965025,5577,0.5577442255774423,1.0
MC_S2_DROP_TOP5_R2_L1_EXTENDED,NEW_MC,TIME_GIVEN_COVERAGE,DWB_L2,False,support_share_low,5.771437430968689,683,0.0683931606839316,0.6155384461553844
MC_S2_DROP_TOP5_R2_L1_EXTENDED,NEW_MC,TIME_GIVEN_COVERAGE,DWB_L2,False,support_share_medium,17.105585641942838,1209,0.120987901209879,0.967903209679032
MC_S2_DROP_TOP5_R2_L1_EXTENDED,NEW_MC,TIME_GIVEN_COVERAGE,DWB_L2,False,rms_low,1.846970983629184,2849,0.284971502849715,1.0
MC_S2_DROP_TOP5_R2_L1_EXTENDED,NEW_MC,TIME_GIVEN_COVERAGE,DWB_L2,False,rms_medium,2.2145762785233245,1343,0.1343865613438656,0.967903209679032
MC_S2_DROP_TOP5_R2_L1_EXTENDED,NEW_MC,TIME_GIVEN_COVERAGE,DWB_L2,False,rms_high,9.97737084623646,1386,0.1386861313868613,0.967903209679032
MC_S2_DROP_TOP5_R2_L1_EXTENDED,NEW_MC,TIME_GIVEN_COVERAGE,DWB_L2,False,persistent_relation_rms,0.2786078558042995,6685,0.6685331466853315,1.0
MC_S2_DROP_TOP5_R2_L1_EXTENDED,NEW_MC,TIME_GIVEN_COVERAGE,DWB_L3,True,component_share_birth,12.902573018291775,1550,0.1550844915508449,1.0
MC_S2_DROP_TOP5_R2_L1_EXTENDED,NEW_MC,TIME_GIVEN_COVERAGE,DWB_L3,True,component_share_death,4.0714913638519405,3174,0.3174682531746825,1.0
MC_S2_DROP_TOP5_R2_L1_EXTENDED,NEW_MC,TIME_GIVEN_COVERAGE,DWB_L3,True,component_share_increase,0.2289912733965025,5532,0.5532446755324467,1.0
MC_S2_DROP_TOP5_R2_L1_EXTENDED,NEW_MC,TIME_GIVEN_COVERAGE,DWB_L3,True,support_share_low,5.771437430968689,1010,0.1010898910108989,0.9098090190980902
MC_S2_DROP_TOP5_R2_L1_EXTENDED,NEW_MC,TIME_GIVEN_COVERAGE,DWB_L3,True,support_share_medium,17.105585641942838,1396,0.1396860313968603,1.0
MC_S2_DROP_TOP5_R2_L1_EXTENDED,NEW_MC,TIME_GIVEN_COVERAGE,DWB_L3,True,rms_low,1.846970983629184,3109,0.310968903109689,1.0
MC_S2_DROP_TOP5_R2_L1_EXTENDED,NEW_MC,TIME_GIVEN_COVERAGE,DWB_L3,True,rms_medium,2.2145762785233245,1279,0.127987201279872,1.0
MC_S2_DROP_TOP5_R2_L1_EXTENDED,NEW_MC,TIME_GIVEN_COVERAGE,DWB_L3,True,rms_high,9.97737084623646,1501,0.1501849815018498,1.0
MC_S2_DROP_TOP5_R2_L1_EXTENDED,NEW_MC,TIME_GIVEN_COVERAGE,DWB_L3,True,persistent_relation_rms,0.2786078558042995,6690,0.669033096690331,1.0
MC_S2_DROP_TOP5_R2_L1_EXTENDED,NEW_MC,TIME_GIVEN_COVERAGE,DWB_L4,False,component_share_birth,12.902573018291775,1641,0.1641835816418358,1.0
MC_S2_DROP_TOP5_R2_L1_EXTENDED,NEW_MC,TIME_GIVEN_COVERAGE,DWB_L4,False,component_share_death,4.0714913638519405,3253,0.3253674632536746,1.0
MC_S2_DROP_TOP5_R2_L1_EXTENDED,NEW_MC,TIME_GIVEN_COVERAGE,DWB_L4,False,component_share_increase,0.2289912733965025,5355,0.5355464453554645,1.0
MC_S2_DROP_TOP5_R2_L1_EXTENDED,NEW_MC,TIME_GIVEN_COVERAGE,DWB_L4,False,support_share_low,5.771437430968689,1205,0.1205879412058794,1.0
MC_S2_DROP_TOP5_R2_L1_EXTENDED,NEW_MC,TIME_GIVEN_COVERAGE,DWB_L4,False,support_share_medium,17.105585641942838,1551,0.1551844815518448,1.0
MC_S2_DROP_TOP5_R2_L1_EXTENDED,NEW_MC,TIME_GIVEN_COVERAGE,DWB_L4,False,rms_low,1.846970983629184,3303,0.3303669633036696,1.0
MC_S2_DROP_TOP5_R2_L1_EXTENDED,NEW_MC,TIME_GIVEN_COVERAGE,DWB_L4,False,rms_medium,2.2145762785233245,1377,0.1377862213778622,1.0
MC_S2_DROP_TOP5_R2_L1_EXTENDED,NEW_MC,TIME_GIVEN_COVERAGE,DWB_L4,False,rms_high,9.97737084623646,1621,0.1621837816218378,1.0
MC_S2_DROP_TOP5_R2_L1_EXTENDED,NEW_MC,TIME_GIVEN_COVERAGE,DWB_L4,False,persistent_relation_rms,0.2786078558042995,6674,0.6674332566743326,1.0
MC_S2_DROP_TOP5_R2_L1_EXTENDED,NEW_MC,COVERAGE_GIVEN_TIME,LEGACY_RADEMACHER,False,component_share_birth,3.034922275860893,4548,0.4548545145485451,1.0
MC_S2_DROP_TOP5_R2_L1_EXTENDED,NEW_MC,COVERAGE_GIVEN_TIME,LEGACY_RADEMACHER,False,component_share_death,4.115442738582821,2019,0.201979802019798,1.0
MC_S2_DROP_TOP5_R2_L1_EXTENDED,NEW_MC,COVERAGE_GIVEN_TIME,LEGACY_RADEMACHER,False,component_share_increase,0.9503222685631414,3115,0.3115688431156884,1.0
MC_S2_DROP_TOP5_R2_L1_EXTENDED,NEW_MC,COVERAGE_GIVEN_TIME,LEGACY_RADEMACHER,False,support_share_low,8.074095122019223,166,0.0166983301669833,0.1335866413358664
MC_S2_DROP_TOP5_R2_L1_EXTENDED,NEW_MC,COVERAGE_GIVEN_TIME,LEGACY_RADEMACHER,False,support_share_medium,16.74129303486842,2013,0.2013798620137986,1.0
MC_S2_DROP_TOP5_R2_L1_EXTENDED,NEW_MC,COVERAGE_GIVEN_TIME,LEGACY_RADEMACHER,False,rms_low,0.2161665905735486,6524,0.6524347565243476,1.0
MC_S2_DROP_TOP5_R2_L1_EXTENDED,NEW_MC,COVERAGE_GIVEN_TIME,LEGACY_RADEMACHER,False,rms_medium,2.292941222150688,3702,0.3702629737026297,1.0
MC_S2_DROP_TOP5_R2_L1_EXTENDED,NEW_MC,COVERAGE_GIVEN_TIME,LEGACY_RADEMACHER,False,rms_high,26.758041907566387,4,0.0004999500049995,0.0044995500449955
MC_S2_DROP_TOP5_R2_L1_EXTENDED,NEW_MC,COVERAGE_GIVEN_TIME,LEGACY_RADEMACHER,False,persistent_relation_rms,2.878063009251619,2615,0.2615738426157384,1.0
MC_S2_DROP_TOP5_R2_L1_EXTENDED,NEW_MC,COVERAGE_GIVEN_TIME,GAUSSIAN_L1,False,component_share_birth,3.034922275860893,4350,0.4350564943505649,1.0
MC_S2_DROP_TOP5_R2_L1_EXTENDED,NEW_MC,COVERAGE_GIVEN_TIME,GAUSSIAN_L1,False,component_share_death,4.115442738582821,1960,0.1960803919608039,1.0
MC_S2_DROP_TOP5_R2_L1_EXTENDED,NEW_MC,COVERAGE_GIVEN_TIME,GAUSSIAN_L1,False,component_share_increase,0.9503222685631414,2594,0.2594740525947405,1.0
MC_S2_DROP_TOP5_R2_L1_EXTENDED,NEW_MC,COVERAGE_GIVEN_TIME,GAUSSIAN_L1,False,support_share_low,8.074095122019223,267,0.0267973202679732,0.2143785621437856
MC_S2_DROP_TOP5_R2_L1_EXTENDED,NEW_MC,COVERAGE_GIVEN_TIME,GAUSSIAN_L1,False,support_share_medium,16.74129303486842,1953,0.1953804619538046,1.0
MC_S2_DROP_TOP5_R2_L1_EXTENDED,NEW_MC,COVERAGE_GIVEN_TIME,GAUSSIAN_L1,False,rms_low,0.2161665905735486,6279,0.6279372062793721,1.0
MC_S2_DROP_TOP5_R2_L1_EXTENDED,NEW_MC,COVERAGE_GIVEN_TIME,GAUSSIAN_L1,False,rms_medium,2.292941222150688,3268,0.3268673132686731,1.0
MC_S2_DROP_TOP5_R2_L1_EXTENDED,NEW_MC,COVERAGE_GIVEN_TIME,GAUSSIAN_L1,False,rms_high,26.758041907566387,38,0.0038996100389961,0.0350964903509649
MC_S2_DROP_TOP5_R2_L1_EXTENDED,NEW_MC,COVERAGE_GIVEN_TIME,GAUSSIAN_L1,False,persistent_relation_rms,2.878063009251619,2448,0.2448755124487551,1.0
MC_S2_DROP_TOP5_R2_L1_EXTENDED,NEW_MC,COVERAGE_GIVEN_TIME,DWB_L2,False,component_share_birth,3.034922275860893,4449,0.444955504449555,1.0
MC_S2_DROP_TOP5_R2_L1_EXTENDED,NEW_MC,COVERAGE_GIVEN_TIME,DWB_L2,False,component_share_death,4.115442738582821,2181,0.2181781821817818,1.0
MC_S2_DROP_TOP5_R2_L1_EXTENDED,NEW_MC,COVERAGE_GIVEN_TIME,DWB_L2,False,component_share_increase,0.9503222685631414,2449,0.244975502449755,1.0
MC_S2_DROP_TOP5_R2_L1_EXTENDED,NEW_MC,COVERAGE_GIVEN_TIME,DWB_L2,False,support_share_low,8.074095122019223,536,0.0536946305369463,0.4295570442955704
MC_S2_DROP_TOP5_R2_L1_EXTENDED,NEW_MC,COVERAGE_GIVEN_TIME,DWB_L2,False,support_share_medium,16.74129303486842,2370,0.2370762923707629,1.0
MC_S2_DROP_TOP5_R2_L1_EXTENDED,NEW_MC,COVERAGE_GIVEN_TIME,DWB_L2,False,rms_low,0.2161665905735486,6325,0.6325367463253675,1.0
MC_S2_DROP_TOP5_R2_L1_EXTENDED,NEW_MC,COVERAGE_GIVEN_TIME,DWB_L2,False,rms_medium,2.292941222150688,3599,0.35996400359964,1.0
MC_S2_DROP_TOP5_R2_L1_EXTENDED,NEW_MC,COVERAGE_GIVEN_TIME,DWB_L2,False,rms_high,26.758041907566387,180,0.0180981901809819,0.1628837116288371
MC_S2_DROP_TOP5_R2_L1_EXTENDED,NEW_MC,COVERAGE_GIVEN_TIME,DWB_L2,False,persistent_relation_rms,2.878063009251619,2570,0.2570742925707429,1.0
MC_S2_DROP_TOP5_R2_L1_EXTENDED,NEW_MC,COVERAGE_GIVEN_TIME,DWB_L3,True,component_share_birth,3.034922275860893,4028,0.4028597140285971,1.0
MC_S2_DROP_TOP5_R2_L1_EXTENDED,NEW_MC,COVERAGE_GIVEN_TIME,DWB_L3,True,component_share_death,4.115442738582821,2255,0.2255774422557744,1.0
MC_S2_DROP_TOP5_R2_L1_EXTENDED,NEW_MC,COVERAGE_GIVEN_TIME,DWB_L3,True,component_share_increase,0.9503222685631414,2384,0.2384761523847615,1.0
MC_S2_DROP_TOP5_R2_L1_EXTENDED,NEW_MC,COVERAGE_GIVEN_TIME,DWB_L3,True,support_share_low,8.074095122019223,700,0.0700929907009299,0.5607439256074392
MC_S2_DROP_TOP5_R2_L1_EXTENDED,NEW_MC,COVERAGE_GIVEN_TIME,DWB_L3,True,support_share_medium,16.74129303486842,2365,0.2365763423657634,1.0
MC_S2_DROP_TOP5_R2_L1_EXTENDED,NEW_MC,COVERAGE_GIVEN_TIME,DWB_L3,True,rms_low,0.2161665905735486,6238,0.6238376162383762,1.0
MC_S2_DROP_TOP5_R2_L1_EXTENDED,NEW_MC,COVERAGE_GIVEN_TIME,DWB_L3,True,rms_medium,2.292941222150688,2814,0.2814718528147185,1.0
MC_S2_DROP_TOP5_R2_L1_EXTENDED,NEW_MC,COVERAGE_GIVEN_TIME,DWB_L3,True,rms_high,26.758041907566387,278,0.0278972102789721,0.2510748925107489
MC_S2_DROP_TOP5_R2_L1_EXTENDED,NEW_MC,COVERAGE_GIVEN_TIME,DWB_L3,True,persistent_relation_rms,2.878063009251619,2170,0.2170782921707829,1.0
MC_S2_DROP_TOP5_R2_L1_EXTENDED,NEW_MC,COVERAGE_GIVEN_TIME,DWB_L4,False,component_share_birth,3.034922275860893,3615,0.3615638436156384,1.0
MC_S2_DROP_TOP5_R2_L1_EXTENDED,NEW_MC,COVERAGE_GIVEN_TIME,DWB_L4,False,component_share_death,4.115442738582821,2152,0.2152784721527847,1.0
MC_S2_DROP_TOP5_R2_L1_EXTENDED,NEW_MC,COVERAGE_GIVEN_TIME,DWB_L4,False,component_share_increase,0.9503222685631414,2317,0.2317768223177682,1.0
MC_S2_DROP_TOP5_R2_L1_EXTENDED,NEW_MC,COVERAGE_GIVEN_TIME,DWB_L4,False,support_share_low,8.074095122019223,764,0.0764923507649235,0.6119388061193881
MC_S2_DROP_TOP5_R2_L1_EXTENDED,NEW_MC,COVERAGE_GIVEN_TIME,DWB_L4,False,support_share_medium,16.74129303486842,2057,0.2057794220577942,1.0
MC_S2_DROP_TOP5_R2_L1_EXTENDED,NEW_MC,COVERAGE_GIVEN_TIME,DWB_L4,False,rms_low,0.2161665905735486,6317,0.6317368263173683,1.0
MC_S2_DROP_TOP5_R2_L1_EXTENDED,NEW_MC,COVERAGE_GIVEN_TIME,DWB_L4,False,rms_medium,2.292941222150688,2336,0.2336766323367663,1.0
MC_S2_DROP_TOP5_R2_L1_EXTENDED,NEW_MC,COVERAGE_GIVEN_TIME,DWB_L4,False,rms_high,26.758041907566387,400,0.0400959904009599,0.3608639136086391
MC_S2_DROP_TOP5_R2_L1_EXTENDED,NEW_MC,COVERAGE_GIVEN_TIME,DWB_L4,False,persistent_relation_rms,2.878063009251619,1987,0.1987801219878012,1.0
MC_S2_DROP_TOP5_R2_L2_HIGH,NEW_MC,TIME_GIVEN_COVERAGE,LEGACY_RADEMACHER,False,component_share_birth,3.8283717092202,1137,0.1137886211378862,0.6827317268273172
MC_S2_DROP_TOP5_R2_L2_HIGH,NEW_MC,TIME_GIVEN_COVERAGE,LEGACY_RADEMACHER,False,component_share_death,3.114946818471328,3931,0.3931606839316068,1.0
MC_S2_DROP_TOP5_R2_L2_HIGH,NEW_MC,TIME_GIVEN_COVERAGE,LEGACY_RADEMACHER,False,component_share_increase,0.5206674386252281,4331,0.4331566843315668,1.0
MC_S2_DROP_TOP5_R2_L2_HIGH,NEW_MC,TIME_GIVEN_COVERAGE,LEGACY_RADEMACHER,False,support_share_low,7.290819401189367,2,0.0002999700029997,0.0026997300269973
MC_S2_DROP_TOP5_R2_L2_HIGH,NEW_MC,TIME_GIVEN_COVERAGE,LEGACY_RADEMACHER,False,support_share_medium,11.246646680991796,13,0.0013998600139986,0.0111988801119888
MC_S2_DROP_TOP5_R2_L2_HIGH,NEW_MC,TIME_GIVEN_COVERAGE,LEGACY_RADEMACHER,False,rms_low,0.0343182119984248,8908,0.8908109189081092,1.0
MC_S2_DROP_TOP5_R2_L2_HIGH,NEW_MC,TIME_GIVEN_COVERAGE,LEGACY_RADEMACHER,False,rms_medium,3.1792619404651674,1571,0.1571842815718428,0.785921407859214
MC_S2_DROP_TOP5_R2_L2_HIGH,NEW_MC,TIME_GIVEN_COVERAGE,LEGACY_RADEMACHER,False,rms_high,9.540811528384072,550,0.0550944905509449,0.3856614338566143
MC_S2_DROP_TOP5_R2_L2_HIGH,NEW_MC,TIME_GIVEN_COVERAGE,LEGACY_RADEMACHER,False,persistent_relation_rms,0.0045772946108648,9284,0.9284071592840716,1.0
MC_S2_DROP_TOP5_R2_L2_HIGH,NEW_MC,TIME_GIVEN_COVERAGE,GAUSSIAN_L1,False,component_share_birth,3.8283717092202,1145,0.1145885411458854,0.6875312468753125
MC_S2_DROP_TOP5_R2_L2_HIGH,NEW_MC,TIME_GIVEN_COVERAGE,GAUSSIAN_L1,False,component_share_death,3.114946818471328,3162,0.3162683731626837,1.0
MC_S2_DROP_TOP5_R2_L2_HIGH,NEW_MC,TIME_GIVEN_COVERAGE,GAUSSIAN_L1,False,component_share_increase,0.5206674386252281,3696,0.3696630336966303,1.0
MC_S2_DROP_TOP5_R2_L2_HIGH,NEW_MC,TIME_GIVEN_COVERAGE,GAUSSIAN_L1,False,support_share_low,7.290819401189367,207,0.0207979202079792,0.1871812818718128
MC_S2_DROP_TOP5_R2_L2_HIGH,NEW_MC,TIME_GIVEN_COVERAGE,GAUSSIAN_L1,False,support_share_medium,11.246646680991796,551,0.0551944805519448,0.4415558444155584
MC_S2_DROP_TOP5_R2_L2_HIGH,NEW_MC,TIME_GIVEN_COVERAGE,GAUSSIAN_L1,False,rms_low,0.0343182119984248,8689,0.8689131086891311,1.0
MC_S2_DROP_TOP5_R2_L2_HIGH,NEW_MC,TIME_GIVEN_COVERAGE,GAUSSIAN_L1,False,rms_medium,3.1792619404651674,1520,0.1520847915208479,0.7604239576042395
MC_S2_DROP_TOP5_R2_L2_HIGH,NEW_MC,TIME_GIVEN_COVERAGE,GAUSSIAN_L1,False,rms_high,9.540811528384072,847,0.0847915208479152,0.5935406459354065
MC_S2_DROP_TOP5_R2_L2_HIGH,NEW_MC,TIME_GIVEN_COVERAGE,GAUSSIAN_L1,False,persistent_relation_rms,0.0045772946108648,9289,0.928907109289071,1.0
MC_S2_DROP_TOP5_R2_L2_HIGH,NEW_MC,TIME_GIVEN_COVERAGE,DWB_L2,False,component_share_birth,3.8283717092202,1646,0.1646835316468353,1.0
MC_S2_DROP_TOP5_R2_L2_HIGH,NEW_MC,TIME_GIVEN_COVERAGE,DWB_L2,False,component_share_death,3.114946818471328,3344,0.3344665533446655,1.0
MC_S2_DROP_TOP5_R2_L2_HIGH,NEW_MC,TIME_GIVEN_COVERAGE,DWB_L2,False,component_share_increase,0.5206674386252281,3702,0.3702629737026297,1.0
MC_S2_DROP_TOP5_R2_L2_HIGH,NEW_MC,TIME_GIVEN_COVERAGE,DWB_L2,False,support_share_low,7.290819401189367,558,0.0558944105589441,0.5030496950304969
MC_S2_DROP_TOP5_R2_L2_HIGH,NEW_MC,TIME_GIVEN_COVERAGE,DWB_L2,False,support_share_medium,11.246646680991796,869,0.086991300869913,0.6959304069593041
MC_S2_DROP_TOP5_R2_L2_HIGH,NEW_MC,TIME_GIVEN_COVERAGE,DWB_L2,False,rms_low,0.0343182119984248,8735,0.8735126487351265,1.0
MC_S2_DROP_TOP5_R2_L2_HIGH,NEW_MC,TIME_GIVEN_COVERAGE,DWB_L2,False,rms_medium,3.1792619404651674,1489,0.148985101489851,1.0
MC_S2_DROP_TOP5_R2_L2_HIGH,NEW_MC,TIME_GIVEN_COVERAGE,DWB_L2,False,rms_high,9.540811528384072,1455,0.1455854414558544,1.0
MC_S2_DROP_TOP5_R2_L2_HIGH,NEW_MC,TIME_GIVEN_COVERAGE,DWB_L2,False,persistent_relation_rms,0.0045772946108648,9409,0.940905909409059,1.0
MC_S2_DROP_TOP5_R2_L2_HIGH,NEW_MC,TIME_GIVEN_COVERAGE,DWB_L3,True,component_share_birth,3.8283717092202,1937,0.1937806219378062,0.9918008199180082
MC_S2_DROP_TOP5_R2_L2_HIGH,NEW_MC,TIME_GIVEN_COVERAGE,DWB_L3,True,component_share_death,3.114946818471328,3595,0.3595640435956404,1.0
MC_S2_DROP_TOP5_R2_L2_HIGH,NEW_MC,TIME_GIVEN_COVERAGE,DWB_L3,True,component_share_increase,0.5206674386252281,3704,0.3704629537046295,1.0
MC_S2_DROP_TOP5_R2_L2_HIGH,NEW_MC,TIME_GIVEN_COVERAGE,DWB_L3,True,support_share_low,7.290819401189367,837,0.0837916208379162,0.7541245875412459
MC_S2_DROP_TOP5_R2_L2_HIGH,NEW_MC,TIME_GIVEN_COVERAGE,DWB_L3,True,support_share_medium,11.246646680991796,1025,0.1025897410258974,0.8207179282071793
MC_S2_DROP_TOP5_R2_L2_HIGH,NEW_MC,TIME_GIVEN_COVERAGE,DWB_L3,True,rms_low,0.0343182119984248,8862,0.8862113788621138,1.0
MC_S2_DROP_TOP5_R2_L2_HIGH,NEW_MC,TIME_GIVEN_COVERAGE,DWB_L3,True,rms_medium,3.1792619404651674,1416,0.1416858314168583,0.9918008199180082
MC_S2_DROP_TOP5_R2_L2_HIGH,NEW_MC,TIME_GIVEN_COVERAGE,DWB_L3,True,rms_high,9.540811528384072,1550,0.1550844915508449,0.9918008199180082
MC_S2_DROP_TOP5_R2_L2_HIGH,NEW_MC,TIME_GIVEN_COVERAGE,DWB_L3,True,persistent_relation_rms,0.0045772946108648,9428,0.9428057194280572,1.0
MC_S2_DROP_TOP5_R2_L2_HIGH,NEW_MC,TIME_GIVEN_COVERAGE,DWB_L4,False,component_share_birth,3.8283717092202,2007,0.2007799220077992,1.0
MC_S2_DROP_TOP5_R2_L2_HIGH,NEW_MC,TIME_GIVEN_COVERAGE,DWB_L4,False,component_share_death,3.114946818471328,3534,0.3534646535346465,1.0
MC_S2_DROP_TOP5_R2_L2_HIGH,NEW_MC,TIME_GIVEN_COVERAGE,DWB_L4,False,component_share_increase,0.5206674386252281,3445,0.3445655434456554,1.0
MC_S2_DROP_TOP5_R2_L2_HIGH,NEW_MC,TIME_GIVEN_COVERAGE,DWB_L4,False,support_share_low,7.290819401189367,1074,0.1074892510748925,0.9674032596740326
MC_S2_DROP_TOP5_R2_L2_HIGH,NEW_MC,TIME_GIVEN_COVERAGE,DWB_L4,False,support_share_medium,11.246646680991796,1229,0.122987701229877,0.983901609839016
MC_S2_DROP_TOP5_R2_L2_HIGH,NEW_MC,TIME_GIVEN_COVERAGE,DWB_L4,False,rms_low,0.0343182119984248,8915,0.8915108489151085,1.0
MC_S2_DROP_TOP5_R2_L2_HIGH,NEW_MC,TIME_GIVEN_COVERAGE,DWB_L4,False,rms_medium,3.1792619404651674,1406,0.1406859314068593,0.9848015198480152
MC_S2_DROP_TOP5_R2_L2_HIGH,NEW_MC,TIME_GIVEN_COVERAGE,DWB_L4,False,rms_high,9.540811528384072,1671,0.1671832816718328,1.0
MC_S2_DROP_TOP5_R2_L2_HIGH,NEW_MC,TIME_GIVEN_COVERAGE,DWB_L4,False,persistent_relation_rms,0.0045772946108648,9414,0.9414058594140586,1.0
MC_S2_DROP_TOP5_R2_L2_HIGH,NEW_MC,COVERAGE_GIVEN_TIME,LEGACY_RADEMACHER,False,component_share_birth,0.0412089372969184,8710,0.871012898710129,1.0
MC_S2_DROP_TOP5_R2_L2_HIGH,NEW_MC,COVERAGE_GIVEN_TIME,LEGACY_RADEMACHER,False,component_share_death,1.574739316294952,4234,0.4234576542345765,1.0
MC_S2_DROP_TOP5_R2_L2_HIGH,NEW_MC,COVERAGE_GIVEN_TIME,LEGACY_RADEMACHER,False,component_share_increase,0.5087806601073641,5468,0.5468453154684532,1.0
MC_S2_DROP_TOP5_R2_L2_HIGH,NEW_MC,COVERAGE_GIVEN_TIME,LEGACY_RADEMACHER,False,support_share_low,14.560309600981236,0,9.999000099990002e-05,0.0008999100089991
MC_S2_DROP_TOP5_R2_L2_HIGH,NEW_MC,COVERAGE_GIVEN_TIME,LEGACY_RADEMACHER,False,support_share_medium,22.67617652452148,0,9.999000099990002e-05,0.0008999100089991
MC_S2_DROP_TOP5_R2_L2_HIGH,NEW_MC,COVERAGE_GIVEN_TIME,LEGACY_RADEMACHER,False,rms_low,14.740004851288576,595,0.0595940405959404,0.3575642435756424
MC_S2_DROP_TOP5_R2_L2_HIGH,NEW_MC,COVERAGE_GIVEN_TIME,LEGACY_RADEMACHER,False,rms_medium,2.718122068272436,5175,0.5175482451754825,1.0
MC_S2_DROP_TOP5_R2_L2_HIGH,NEW_MC,COVERAGE_GIVEN_TIME,LEGACY_RADEMACHER,False,rms_high,25.826164905856263,2,0.0002999700029997,0.0020997900209979
MC_S2_DROP_TOP5_R2_L2_HIGH,NEW_MC,COVERAGE_GIVEN_TIME,LEGACY_RADEMACHER,False,persistent_relation_rms,2.89220008418555,1584,0.1584841515848415,0.7924207579242076
MC_S2_DROP_TOP5_R2_L2_HIGH,NEW_MC,COVERAGE_GIVEN_TIME,GAUSSIAN_L1,False,component_share_birth,0.0412089372969184,8549,0.8549145085491451,1.0
MC_S2_DROP_TOP5_R2_L2_HIGH,NEW_MC,COVERAGE_GIVEN_TIME,GAUSSIAN_L1,False,component_share_death,1.574739316294952,3920,0.3920607939206079,1.0
MC_S2_DROP_TOP5_R2_L2_HIGH,NEW_MC,COVERAGE_GIVEN_TIME,GAUSSIAN_L1,False,component_share_increase,0.5087806601073641,3826,0.3826617338266173,1.0
MC_S2_DROP_TOP5_R2_L2_HIGH,NEW_MC,COVERAGE_GIVEN_TIME,GAUSSIAN_L1,False,support_share_low,14.560309600981236,14,0.0014998500149985,0.0134986501349865
MC_S2_DROP_TOP5_R2_L2_HIGH,NEW_MC,COVERAGE_GIVEN_TIME,GAUSSIAN_L1,False,support_share_medium,22.67617652452148,44,0.0044995500449955,0.031996800319968
MC_S2_DROP_TOP5_R2_L2_HIGH,NEW_MC,COVERAGE_GIVEN_TIME,GAUSSIAN_L1,False,rms_low,14.740004851288576,622,0.0622937706229377,0.3737626237376262
MC_S2_DROP_TOP5_R2_L2_HIGH,NEW_MC,COVERAGE_GIVEN_TIME,GAUSSIAN_L1,False,rms_medium,2.718122068272436,4852,0.4852514748525147,1.0
MC_S2_DROP_TOP5_R2_L2_HIGH,NEW_MC,COVERAGE_GIVEN_TIME,GAUSSIAN_L1,False,rms_high,25.826164905856263,39,0.003999600039996,0.031996800319968
MC_S2_DROP_TOP5_R2_L2_HIGH,NEW_MC,COVERAGE_GIVEN_TIME,GAUSSIAN_L1,False,persistent_relation_rms,2.89220008418555,1550,0.1550844915508449,0.7754224577542246
MC_S2_DROP_TOP5_R2_L2_HIGH,NEW_MC,COVERAGE_GIVEN_TIME,DWB_L2,False,component_share_birth,0.0412089372969184,8600,0.8600139986001399,1.0
MC_S2_DROP_TOP5_R2_L2_HIGH,NEW_MC,COVERAGE_GIVEN_TIME,DWB_L2,False,component_share_death,1.574739316294952,4163,0.4163583641635836,1.0
MC_S2_DROP_TOP5_R2_L2_HIGH,NEW_MC,COVERAGE_GIVEN_TIME,DWB_L2,False,component_share_increase,0.5087806601073641,3708,0.3708629137086291,1.0
MC_S2_DROP_TOP5_R2_L2_HIGH,NEW_MC,COVERAGE_GIVEN_TIME,DWB_L2,False,support_share_low,14.560309600981236,96,0.0096990300969903,0.0872912708729127
MC_S2_DROP_TOP5_R2_L2_HIGH,NEW_MC,COVERAGE_GIVEN_TIME,DWB_L2,False,support_share_medium,22.67617652452148,174,0.0174982501749825,0.1247875212478752
MC_S2_DROP_TOP5_R2_L2_HIGH,NEW_MC,COVERAGE_GIVEN_TIME,DWB_L2,False,rms_low,14.740004851288576,1260,0.1260873912608739,0.7565243475652434
MC_S2_DROP_TOP5_R2_L2_HIGH,NEW_MC,COVERAGE_GIVEN_TIME,DWB_L2,False,rms_medium,2.718122068272436,4917,0.4917508249175082,1.0
MC_S2_DROP_TOP5_R2_L2_HIGH,NEW_MC,COVERAGE_GIVEN_TIME,DWB_L2,False,rms_high,25.826164905856263,155,0.0155984401559844,0.1247875212478752
MC_S2_DROP_TOP5_R2_L2_HIGH,NEW_MC,COVERAGE_GIVEN_TIME,DWB_L2,False,persistent_relation_rms,2.89220008418555,1631,0.1631836816318368,0.8159184081591841
MC_S2_DROP_TOP5_R2_L2_HIGH,NEW_MC,COVERAGE_GIVEN_TIME,DWB_L3,True,component_share_birth,0.0412089372969184,8354,0.8354164583541646,1.0
MC_S2_DROP_TOP5_R2_L2_HIGH,NEW_MC,COVERAGE_GIVEN_TIME,DWB_L3,True,component_share_death,1.574739316294952,3883,0.3883611638836116,1.0
MC_S2_DROP_TOP5_R2_L2_HIGH,NEW_MC,COVERAGE_GIVEN_TIME,DWB_L3,True,component_share_increase,0.5087806601073641,3466,0.3466653334666533,1.0
MC_S2_DROP_TOP5_R2_L2_HIGH,NEW_MC,COVERAGE_GIVEN_TIME,DWB_L3,True,support_share_low,14.560309600981236,197,0.0197980201979802,0.1781821817818218
MC_S2_DROP_TOP5_R2_L2_HIGH,NEW_MC,COVERAGE_GIVEN_TIME,DWB_L3,True,support_share_medium,22.67617652452148,256,0.0256974302569743,0.1999800019998
MC_S2_DROP_TOP5_R2_L2_HIGH,NEW_MC,COVERAGE_GIVEN_TIME,DWB_L3,True,rms_low,14.740004851288576,1413,0.1413858614138586,0.8483151684831517
MC_S2_DROP_TOP5_R2_L2_HIGH,NEW_MC,COVERAGE_GIVEN_TIME,DWB_L3,True,rms_medium,2.718122068272436,4063,0.4063593640635936,1.0
MC_S2_DROP_TOP5_R2_L2_HIGH,NEW_MC,COVERAGE_GIVEN_TIME,DWB_L3,True,rms_high,25.826164905856263,249,0.024997500249975,0.1999800019998
MC_S2_DROP_TOP5_R2_L2_HIGH,NEW_MC,COVERAGE_GIVEN_TIME,DWB_L3,True,persistent_relation_rms,2.89220008418555,1437,0.1437856214378562,0.8483151684831517
MC_S2_DROP_TOP5_R2_L2_HIGH,NEW_MC,COVERAGE_GIVEN_TIME,DWB_L4,False,component_share_birth,0.0412089372969184,8125,0.8125187481251874,1.0
MC_S2_DROP_TOP5_R2_L2_HIGH,NEW_MC,COVERAGE_GIVEN_TIME,DWB_L4,False,component_share_death,1.574739316294952,3625,0.3625637436256374,1.0
MC_S2_DROP_TOP5_R2_L2_HIGH,NEW_MC,COVERAGE_GIVEN_TIME,DWB_L4,False,component_share_increase,0.5087806601073641,3197,0.3197680231976802,1.0
MC_S2_DROP_TOP5_R2_L2_HIGH,NEW_MC,COVERAGE_GIVEN_TIME,DWB_L4,False,support_share_low,14.560309600981236,320,0.0320967903209679,0.2888711128887111
MC_S2_DROP_TOP5_R2_L2_HIGH,NEW_MC,COVERAGE_GIVEN_TIME,DWB_L4,False,support_share_medium,22.67617652452148,355,0.0355964403559644,0.2888711128887111
MC_S2_DROP_TOP5_R2_L2_HIGH,NEW_MC,COVERAGE_GIVEN_TIME,DWB_L4,False,rms_low,14.740004851288576,1535,0.1535846415358464,0.8255174482551746
MC_S2_DROP_TOP5_R2_L2_HIGH,NEW_MC,COVERAGE_GIVEN_TIME,DWB_L4,False,rms_medium,2.718122068272436,3433,0.3433656634336566,1.0
MC_S2_DROP_TOP5_R2_L2_HIGH,NEW_MC,COVERAGE_GIVEN_TIME,DWB_L4,False,rms_high,25.826164905856263,342,0.0342965703429657,0.2888711128887111
MC_S2_DROP_TOP5_R2_L2_HIGH,NEW_MC,COVERAGE_GIVEN_TIME,DWB_L4,False,persistent_relation_rms,2.89220008418555,1375,0.1375862413758624,0.8255174482551746
MC_S2_DROP_TOP5_R3_L0_STAGE15_MATCHED,NEW_MC,TIME_GIVEN_COVERAGE,LEGACY_RADEMACHER,False,component_share_birth,3.535264528840525,924,0.0924907509249075,0.5549445055494451
MC_S2_DROP_TOP5_R3_L0_STAGE15_MATCHED,NEW_MC,TIME_GIVEN_COVERAGE,LEGACY_RADEMACHER,False,component_share_death,5.457669961181772,3319,0.331966803319668,0.995900409959004
MC_S2_DROP_TOP5_R3_L0_STAGE15_MATCHED,NEW_MC,TIME_GIVEN_COVERAGE,LEGACY_RADEMACHER,False,component_share_increase,0.0422091589964832,8777,0.8777122287771223,1.0
MC_S2_DROP_TOP5_R3_L0_STAGE15_MATCHED,NEW_MC,TIME_GIVEN_COVERAGE,LEGACY_RADEMACHER,False,support_share_low,5.432773867180417,85,0.0085991400859914,0.0773922607739226
MC_S2_DROP_TOP5_R3_L0_STAGE15_MATCHED,NEW_MC,TIME_GIVEN_COVERAGE,LEGACY_RADEMACHER,False,support_share_medium,9.765764328990418,728,0.0728927107289271,0.5102489751024898
MC_S2_DROP_TOP5_R3_L0_STAGE15_MATCHED,NEW_MC,TIME_GIVEN_COVERAGE,LEGACY_RADEMACHER,False,rms_low,1.6761110675233797,1569,0.156984301569843,0.7164283571642837
MC_S2_DROP_TOP5_R3_L0_STAGE15_MATCHED,NEW_MC,TIME_GIVEN_COVERAGE,LEGACY_RADEMACHER,False,rms_medium,3.4875212800268685,1432,0.1432856714328567,0.7164283571642837
MC_S2_DROP_TOP5_R3_L0_STAGE15_MATCHED,NEW_MC,TIME_GIVEN_COVERAGE,LEGACY_RADEMACHER,False,rms_high,9.92009802512451,616,0.0616938306169383,0.4935506449355064
MC_S2_DROP_TOP5_R3_L0_STAGE15_MATCHED,NEW_MC,TIME_GIVEN_COVERAGE,LEGACY_RADEMACHER,False,persistent_relation_rms,0.8156617047740617,5358,0.5358464153584641,1.0
MC_S2_DROP_TOP5_R3_L0_STAGE15_MATCHED,NEW_MC,TIME_GIVEN_COVERAGE,GAUSSIAN_L1,False,component_share_birth,3.535264528840525,986,0.0986901309869013,0.6908309169083092
MC_S2_DROP_TOP5_R3_L0_STAGE15_MATCHED,NEW_MC,TIME_GIVEN_COVERAGE,GAUSSIAN_L1,False,component_share_death,5.457669961181772,2803,0.2803719628037196,0.8411158884111589
MC_S2_DROP_TOP5_R3_L0_STAGE15_MATCHED,NEW_MC,TIME_GIVEN_COVERAGE,GAUSSIAN_L1,False,component_share_increase,0.0422091589964832,8365,0.8365163483651635,0.8411158884111589
MC_S2_DROP_TOP5_R3_L0_STAGE15_MATCHED,NEW_MC,TIME_GIVEN_COVERAGE,GAUSSIAN_L1,False,support_share_low,5.432773867180417,508,0.0508949105089491,0.458054194580542
MC_S2_DROP_TOP5_R3_L0_STAGE15_MATCHED,NEW_MC,TIME_GIVEN_COVERAGE,GAUSSIAN_L1,False,support_share_medium,9.765764328990418,1614,0.1614838516148385,0.770922907709229
MC_S2_DROP_TOP5_R3_L0_STAGE15_MATCHED,NEW_MC,TIME_GIVEN_COVERAGE,GAUSSIAN_L1,False,rms_low,1.6761110675233797,1456,0.1456854314568543,0.770922907709229
MC_S2_DROP_TOP5_R3_L0_STAGE15_MATCHED,NEW_MC,TIME_GIVEN_COVERAGE,GAUSSIAN_L1,False,rms_medium,3.4875212800268685,1284,0.1284871512848715,0.770922907709229
MC_S2_DROP_TOP5_R3_L0_STAGE15_MATCHED,NEW_MC,TIME_GIVEN_COVERAGE,GAUSSIAN_L1,False,rms_high,9.92009802512451,861,0.0861913808619138,0.6895310468953104
MC_S2_DROP_TOP5_R3_L0_STAGE15_MATCHED,NEW_MC,TIME_GIVEN_COVERAGE,GAUSSIAN_L1,False,persistent_relation_rms,0.8156617047740617,4189,0.418958104189581,0.8411158884111589
MC_S2_DROP_TOP5_R3_L0_STAGE15_MATCHED,NEW_MC,TIME_GIVEN_COVERAGE,DWB_L2,False,component_share_birth,3.535264528840525,1486,0.1486851314868513,1.0
MC_S2_DROP_TOP5_R3_L0_STAGE15_MATCHED,NEW_MC,TIME_GIVEN_COVERAGE,DWB_L2,False,component_share_death,5.457669961181772,3112,0.3112688731126887,1.0
MC_S2_DROP_TOP5_R3_L0_STAGE15_MATCHED,NEW_MC,TIME_GIVEN_COVERAGE,DWB_L2,False,component_share_increase,0.0422091589964832,8369,0.8369163083691631,1.0
MC_S2_DROP_TOP5_R3_L0_STAGE15_MATCHED,NEW_MC,TIME_GIVEN_COVERAGE,DWB_L2,False,support_share_low,5.432773867180417,937,0.0937906209379062,0.844115588441156
MC_S2_DROP_TOP5_R3_L0_STAGE15_MATCHED,NEW_MC,TIME_GIVEN_COVERAGE,DWB_L2,False,support_share_medium,9.765764328990418,1818,0.1818818118188181,1.0
MC_S2_DROP_TOP5_R3_L0_STAGE15_MATCHED,NEW_MC,TIME_GIVEN_COVERAGE,DWB_L2,False,rms_low,1.6761110675233797,1847,0.1847815218478152,1.0
MC_S2_DROP_TOP5_R3_L0_STAGE15_MATCHED,NEW_MC,TIME_GIVEN_COVERAGE,DWB_L2,False,rms_medium,3.4875212800268685,1314,0.1314868513148685,1.0
MC_S2_DROP_TOP5_R3_L0_STAGE15_MATCHED,NEW_MC,TIME_GIVEN_COVERAGE,DWB_L2,False,rms_high,9.92009802512451,1419,0.141985801419858,1.0
MC_S2_DROP_TOP5_R3_L0_STAGE15_MATCHED,NEW_MC,TIME_GIVEN_COVERAGE,DWB_L2,False,persistent_relation_rms,0.8156617047740617,4437,0.4437556244375562,1.0
MC_S2_DROP_TOP5_R3_L0_STAGE15_MATCHED,NEW_MC,TIME_GIVEN_COVERAGE,DWB_L3,True,component_share_birth,3.535264528840525,1775,0.1775822417758224,1.0
MC_S2_DROP_TOP5_R3_L0_STAGE15_MATCHED,NEW_MC,TIME_GIVEN_COVERAGE,DWB_L3,True,component_share_death,5.457669961181772,3338,0.3338666133386661,1.0
MC_S2_DROP_TOP5_R3_L0_STAGE15_MATCHED,NEW_MC,TIME_GIVEN_COVERAGE,DWB_L3,True,component_share_increase,0.0422091589964832,8321,0.8321167883211679,1.0
MC_S2_DROP_TOP5_R3_L0_STAGE15_MATCHED,NEW_MC,TIME_GIVEN_COVERAGE,DWB_L3,True,support_share_low,5.432773867180417,1342,0.1342865713428657,1.0
MC_S2_DROP_TOP5_R3_L0_STAGE15_MATCHED,NEW_MC,TIME_GIVEN_COVERAGE,DWB_L3,True,support_share_medium,9.765764328990418,2088,0.2088791120887911,1.0
MC_S2_DROP_TOP5_R3_L0_STAGE15_MATCHED,NEW_MC,TIME_GIVEN_COVERAGE,DWB_L3,True,rms_low,1.6761110675233797,2098,0.2098790120987901,1.0
MC_S2_DROP_TOP5_R3_L0_STAGE15_MATCHED,NEW_MC,TIME_GIVEN_COVERAGE,DWB_L3,True,rms_medium,3.4875212800268685,1399,0.13998600139986,1.0
MC_S2_DROP_TOP5_R3_L0_STAGE15_MATCHED,NEW_MC,TIME_GIVEN_COVERAGE,DWB_L3,True,rms_high,9.92009802512451,1580,0.1580841915808419,1.0
MC_S2_DROP_TOP5_R3_L0_STAGE15_MATCHED,NEW_MC,TIME_GIVEN_COVERAGE,DWB_L3,True,persistent_relation_rms,0.8156617047740617,4629,0.462953704629537,1.0
MC_S2_DROP_TOP5_R3_L0_STAGE15_MATCHED,NEW_MC,TIME_GIVEN_COVERAGE,DWB_L4,False,component_share_birth,3.535264528840525,1826,0.1826817318268173,1.0
MC_S2_DROP_TOP5_R3_L0_STAGE15_MATCHED,NEW_MC,TIME_GIVEN_COVERAGE,DWB_L4,False,component_share_death,5.457669961181772,3347,0.3347665233476652,1.0
MC_S2_DROP_TOP5_R3_L0_STAGE15_MATCHED,NEW_MC,TIME_GIVEN_COVERAGE,DWB_L4,False,component_share_increase,0.0422091589964832,8139,0.813918608139186,1.0
MC_S2_DROP_TOP5_R3_L0_STAGE15_MATCHED,NEW_MC,TIME_GIVEN_COVERAGE,DWB_L4,False,support_share_low,5.432773867180417,1578,0.1578842115788421,1.0
MC_S2_DROP_TOP5_R3_L0_STAGE15_MATCHED,NEW_MC,TIME_GIVEN_COVERAGE,DWB_L4,False,support_share_medium,9.765764328990418,2213,0.2213778622137786,1.0
MC_S2_DROP_TOP5_R3_L0_STAGE15_MATCHED,NEW_MC,TIME_GIVEN_COVERAGE,DWB_L4,False,rms_low,1.6761110675233797,2406,0.2406759324067593,1.0
MC_S2_DROP_TOP5_R3_L0_STAGE15_MATCHED,NEW_MC,TIME_GIVEN_COVERAGE,DWB_L4,False,rms_medium,3.4875212800268685,1481,0.1481851814818518,1.0
MC_S2_DROP_TOP5_R3_L0_STAGE15_MATCHED,NEW_MC,TIME_GIVEN_COVERAGE,DWB_L4,False,rms_high,9.92009802512451,1615,0.1615838416158384,1.0
MC_S2_DROP_TOP5_R3_L0_STAGE15_MATCHED,NEW_MC,TIME_GIVEN_COVERAGE,DWB_L4,False,persistent_relation_rms,0.8156617047740617,4665,0.4665533446655334,1.0
MC_S2_DROP_TOP5_R3_L0_STAGE15_MATCHED,NEW_MC,COVERAGE_GIVEN_TIME,LEGACY_RADEMACHER,False,component_share_birth,0.0817949312199921,8315,0.8315168483151685,1.0
MC_S2_DROP_TOP5_R3_L0_STAGE15_MATCHED,NEW_MC,COVERAGE_GIVEN_TIME,LEGACY_RADEMACHER,False,component_share_death,2.3764533829794914,5031,0.5031496850314968,1.0
MC_S2_DROP_TOP5_R3_L0_STAGE15_MATCHED,NEW_MC,COVERAGE_GIVEN_TIME,LEGACY_RADEMACHER,False,component_share_increase,0.9417619170347784,3515,0.3515648435156484,1.0
MC_S2_DROP_TOP5_R3_L0_STAGE15_MATCHED,NEW_MC,COVERAGE_GIVEN_TIME,LEGACY_RADEMACHER,False,support_share_low,10.9078090737325,1,0.0001999800019998,0.0017998200179982
MC_S2_DROP_TOP5_R3_L0_STAGE15_MATCHED,NEW_MC,COVERAGE_GIVEN_TIME,LEGACY_RADEMACHER,False,support_share_medium,19.7288293298667,26,0.0026997300269973,0.0188981101889811
MC_S2_DROP_TOP5_R3_L0_STAGE15_MATCHED,NEW_MC,COVERAGE_GIVEN_TIME,LEGACY_RADEMACHER,False,rms_low,0.0654985716397646,8960,0.896010398960104,1.0
MC_S2_DROP_TOP5_R3_L0_STAGE15_MATCHED,NEW_MC,COVERAGE_GIVEN_TIME,LEGACY_RADEMACHER,False,rms_medium,3.2887416379970347,4466,0.4466553344665533,1.0
MC_S2_DROP_TOP5_R3_L0_STAGE15_MATCHED,NEW_MC,COVERAGE_GIVEN_TIME,LEGACY_RADEMACHER,False,rms_high,26.64213419477305,4,0.0004999500049995,0.003999600039996
MC_S2_DROP_TOP5_R3_L0_STAGE15_MATCHED,NEW_MC,COVERAGE_GIVEN_TIME,LEGACY_RADEMACHER,False,persistent_relation_rms,5.838062046563859,648,0.0648935106489351,0.3893610638936106
MC_S2_DROP_TOP5_R3_L0_STAGE15_MATCHED,NEW_MC,COVERAGE_GIVEN_TIME,GAUSSIAN_L1,False,component_share_birth,0.0817949312199921,8187,0.8187181281871813,1.0
MC_S2_DROP_TOP5_R3_L0_STAGE15_MATCHED,NEW_MC,COVERAGE_GIVEN_TIME,GAUSSIAN_L1,False,component_share_death,2.3764533829794914,4665,0.4665533446655334,1.0
MC_S2_DROP_TOP5_R3_L0_STAGE15_MATCHED,NEW_MC,COVERAGE_GIVEN_TIME,GAUSSIAN_L1,False,component_share_increase,0.9417619170347784,2903,0.2903709629037096,1.0
MC_S2_DROP_TOP5_R3_L0_STAGE15_MATCHED,NEW_MC,COVERAGE_GIVEN_TIME,GAUSSIAN_L1,False,support_share_low,10.9078090737325,35,0.0035996400359964,0.0323967603239676
MC_S2_DROP_TOP5_R3_L0_STAGE15_MATCHED,NEW_MC,COVERAGE_GIVEN_TIME,GAUSSIAN_L1,False,support_share_medium,19.7288293298667,257,0.0257974202579742,0.1805819418058194
MC_S2_DROP_TOP5_R3_L0_STAGE15_MATCHED,NEW_MC,COVERAGE_GIVEN_TIME,GAUSSIAN_L1,False,rms_low,0.0654985716397646,8776,0.8776122387761224,1.0
MC_S2_DROP_TOP5_R3_L0_STAGE15_MATCHED,NEW_MC,COVERAGE_GIVEN_TIME,GAUSSIAN_L1,False,rms_medium,3.2887416379970347,3921,0.3921607839216078,1.0
MC_S2_DROP_TOP5_R3_L0_STAGE15_MATCHED,NEW_MC,COVERAGE_GIVEN_TIME,GAUSSIAN_L1,False,rms_high,26.64213419477305,41,0.0041995800419958,0.0335966403359664
MC_S2_DROP_TOP5_R3_L0_STAGE15_MATCHED,NEW_MC,COVERAGE_GIVEN_TIME,GAUSSIAN_L1,False,persistent_relation_rms,5.838062046563859,722,0.0722927707229277,0.4337566243375662
MC_S2_DROP_TOP5_R3_L0_STAGE15_MATCHED,NEW_MC,COVERAGE_GIVEN_TIME,DWB_L2,False,component_share_birth,0.0817949312199921,7945,0.7945205479452054,1.0
MC_S2_DROP_TOP5_R3_L0_STAGE15_MATCHED,NEW_MC,COVERAGE_GIVEN_TIME,DWB_L2,False,component_share_death,2.3764533829794914,4417,0.4417558244175582,1.0
MC_S2_DROP_TOP5_R3_L0_STAGE15_MATCHED,NEW_MC,COVERAGE_GIVEN_TIME,DWB_L2,False,component_share_increase,0.9417619170347784,2924,0.2924707529247075,1.0
MC_S2_DROP_TOP5_R3_L0_STAGE15_MATCHED,NEW_MC,COVERAGE_GIVEN_TIME,DWB_L2,False,support_share_low,10.9078090737325,149,0.014998500149985,0.134986501349865
MC_S2_DROP_TOP5_R3_L0_STAGE15_MATCHED,NEW_MC,COVERAGE_GIVEN_TIME,DWB_L2,False,support_share_medium,19.7288293298667,397,0.0397960203979602,0.2785721427857214
MC_S2_DROP_TOP5_R3_L0_STAGE15_MATCHED,NEW_MC,COVERAGE_GIVEN_TIME,DWB_L2,False,rms_low,0.0654985716397646,8899,0.8899110088991101,1.0
MC_S2_DROP_TOP5_R3_L0_STAGE15_MATCHED,NEW_MC,COVERAGE_GIVEN_TIME,DWB_L2,False,rms_medium,3.2887416379970347,4042,0.4042595740425957,1.0
MC_S2_DROP_TOP5_R3_L0_STAGE15_MATCHED,NEW_MC,COVERAGE_GIVEN_TIME,DWB_L2,False,rms_high,26.64213419477305,164,0.0164983501649835,0.134986501349865
MC_S2_DROP_TOP5_R3_L0_STAGE15_MATCHED,NEW_MC,COVERAGE_GIVEN_TIME,DWB_L2,False,persistent_relation_rms,5.838062046563859,708,0.0708929107089291,0.4253574642535747
MC_S2_DROP_TOP5_R3_L0_STAGE15_MATCHED,NEW_MC,COVERAGE_GIVEN_TIME,DWB_L3,True,component_share_birth,0.0817949312199921,7479,0.7479252074792521,1.0
MC_S2_DROP_TOP5_R3_L0_STAGE15_MATCHED,NEW_MC,COVERAGE_GIVEN_TIME,DWB_L3,True,component_share_death,2.3764533829794914,4186,0.4186581341865813,1.0
MC_S2_DROP_TOP5_R3_L0_STAGE15_MATCHED,NEW_MC,COVERAGE_GIVEN_TIME,DWB_L3,True,component_share_increase,0.9417619170347784,2800,0.2800719928007199,1.0
MC_S2_DROP_TOP5_R3_L0_STAGE15_MATCHED,NEW_MC,COVERAGE_GIVEN_TIME,DWB_L3,True,support_share_low,10.9078090737325,306,0.0306969303069693,0.2455754424557544
MC_S2_DROP_TOP5_R3_L0_STAGE15_MATCHED,NEW_MC,COVERAGE_GIVEN_TIME,DWB_L3,True,support_share_medium,19.7288293298667,571,0.0571942805719428,0.4003599640035996
MC_S2_DROP_TOP5_R3_L0_STAGE15_MATCHED,NEW_MC,COVERAGE_GIVEN_TIME,DWB_L3,True,rms_low,0.0654985716397646,8950,0.895010498950105,1.0
MC_S2_DROP_TOP5_R3_L0_STAGE15_MATCHED,NEW_MC,COVERAGE_GIVEN_TIME,DWB_L3,True,rms_medium,3.2887416379970347,3476,0.3476652334766523,1.0
MC_S2_DROP_TOP5_R3_L0_STAGE15_MATCHED,NEW_MC,COVERAGE_GIVEN_TIME,DWB_L3,True,rms_high,26.64213419477305,263,0.0263973602639736,0.2375762423757624
MC_S2_DROP_TOP5_R3_L0_STAGE15_MATCHED,NEW_MC,COVERAGE_GIVEN_TIME,DWB_L3,True,persistent_relation_rms,5.838062046563859,605,0.0605939406059394,0.4003599640035996
MC_S2_DROP_TOP5_R3_L0_STAGE15_MATCHED,NEW_MC,COVERAGE_GIVEN_TIME,DWB_L4,False,component_share_birth,0.0817949312199921,7309,0.7309269073092691,1.0
MC_S2_DROP_TOP5_R3_L0_STAGE15_MATCHED,NEW_MC,COVERAGE_GIVEN_TIME,DWB_L4,False,component_share_death,2.3764533829794914,4020,0.4020597940205979,1.0
MC_S2_DROP_TOP5_R3_L0_STAGE15_MATCHED,NEW_MC,COVERAGE_GIVEN_TIME,DWB_L4,False,component_share_increase,0.9417619170347784,2692,0.2692730726927307,1.0
MC_S2_DROP_TOP5_R3_L0_STAGE15_MATCHED,NEW_MC,COVERAGE_GIVEN_TIME,DWB_L4,False,support_share_low,10.9078090737325,441,0.0441955804419558,0.3590640935906409
MC_S2_DROP_TOP5_R3_L0_STAGE15_MATCHED,NEW_MC,COVERAGE_GIVEN_TIME,DWB_L4,False,support_share_medium,19.7288293298667,664,0.0664933506649335,0.4654534546545345
MC_S2_DROP_TOP5_R3_L0_STAGE15_MATCHED,NEW_MC,COVERAGE_GIVEN_TIME,DWB_L4,False,rms_low,0.0654985716397646,8779,0.8779122087791221,1.0
MC_S2_DROP_TOP5_R3_L0_STAGE15_MATCHED,NEW_MC,COVERAGE_GIVEN_TIME,DWB_L4,False,rms_medium,3.2887416379970347,2911,0.2911708829117088,1.0
MC_S2_DROP_TOP5_R3_L0_STAGE15_MATCHED,NEW_MC,COVERAGE_GIVEN_TIME,DWB_L4,False,rms_high,26.64213419477305,398,0.0398960103989601,0.3590640935906409
MC_S2_DROP_TOP5_R3_L0_STAGE15_MATCHED,NEW_MC,COVERAGE_GIVEN_TIME,DWB_L4,False,persistent_relation_rms,5.838062046563859,720,0.0720927907209279,0.4654534546545345
MC_S2_DROP_TOP5_R3_L1_EXTENDED,NEW_MC,TIME_GIVEN_COVERAGE,LEGACY_RADEMACHER,False,component_share_birth,12.588974512868944,864,0.0864913508649135,0.5189481051894811
MC_S2_DROP_TOP5_R3_L1_EXTENDED,NEW_MC,TIME_GIVEN_COVERAGE,LEGACY_RADEMACHER,False,component_share_death,3.935180199361788,2960,0.2960703929607039,1.0
MC_S2_DROP_TOP5_R3_L1_EXTENDED,NEW_MC,TIME_GIVEN_COVERAGE,LEGACY_RADEMACHER,False,component_share_increase,0.1690196312824898,6747,0.6747325267473253,1.0
MC_S2_DROP_TOP5_R3_L1_EXTENDED,NEW_MC,TIME_GIVEN_COVERAGE,LEGACY_RADEMACHER,False,support_share_low,7.114833155234891,6,0.0006999300069993,0.0062993700629937
MC_S2_DROP_TOP5_R3_L1_EXTENDED,NEW_MC,TIME_GIVEN_COVERAGE,LEGACY_RADEMACHER,False,support_share_medium,21.45923792751782,155,0.0155984401559844,0.1247875212478752
MC_S2_DROP_TOP5_R3_L1_EXTENDED,NEW_MC,TIME_GIVEN_COVERAGE,LEGACY_RADEMACHER,False,rms_low,1.9373414251881176,2844,0.2844715528447155,1.0
MC_S2_DROP_TOP5_R3_L1_EXTENDED,NEW_MC,TIME_GIVEN_COVERAGE,LEGACY_RADEMACHER,False,rms_medium,3.9966335419170633,1783,0.1783821617838216,0.8919108089191081
MC_S2_DROP_TOP5_R3_L1_EXTENDED,NEW_MC,TIME_GIVEN_COVERAGE,LEGACY_RADEMACHER,False,rms_high,12.915674338726689,406,0.0406959304069593,0.2848715128487151
MC_S2_DROP_TOP5_R3_L1_EXTENDED,NEW_MC,TIME_GIVEN_COVERAGE,LEGACY_RADEMACHER,False,persistent_relation_rms,0.3053237244622693,8095,0.8095190480951905,1.0
MC_S2_DROP_TOP5_R3_L1_EXTENDED,NEW_MC,TIME_GIVEN_COVERAGE,GAUSSIAN_L1,False,component_share_birth,12.588974512868944,902,0.0902909709029097,0.6320367963203679
MC_S2_DROP_TOP5_R3_L1_EXTENDED,NEW_MC,TIME_GIVEN_COVERAGE,GAUSSIAN_L1,False,component_share_death,3.935180199361788,2529,0.252974702529747,0.981901809819018
MC_S2_DROP_TOP5_R3_L1_EXTENDED,NEW_MC,TIME_GIVEN_COVERAGE,GAUSSIAN_L1,False,component_share_increase,0.1690196312824898,5781,0.5781421857814218,1.0
MC_S2_DROP_TOP5_R3_L1_EXTENDED,NEW_MC,TIME_GIVEN_COVERAGE,GAUSSIAN_L1,False,support_share_low,7.114833155234891,328,0.0328967103289671,0.296070392960704
MC_S2_DROP_TOP5_R3_L1_EXTENDED,NEW_MC,TIME_GIVEN_COVERAGE,GAUSSIAN_L1,False,support_share_medium,21.45923792751782,1009,0.100989901009899,0.6320367963203679
MC_S2_DROP_TOP5_R3_L1_EXTENDED,NEW_MC,TIME_GIVEN_COVERAGE,GAUSSIAN_L1,False,rms_low,1.9373414251881176,2454,0.2454754524547545,0.981901809819018
MC_S2_DROP_TOP5_R3_L1_EXTENDED,NEW_MC,TIME_GIVEN_COVERAGE,GAUSSIAN_L1,False,rms_medium,3.9966335419170633,1709,0.170982901709829,0.8549145085491451
MC_S2_DROP_TOP5_R3_L1_EXTENDED,NEW_MC,TIME_GIVEN_COVERAGE,GAUSSIAN_L1,False,rms_high,12.915674338726689,789,0.078992100789921,0.6319368063193681
MC_S2_DROP_TOP5_R3_L1_EXTENDED,NEW_MC,TIME_GIVEN_COVERAGE,GAUSSIAN_L1,False,persistent_relation_rms,0.3053237244622693,6260,0.6260373962603739,1.0
MC_S2_DROP_TOP5_R3_L1_EXTENDED,NEW_MC,TIME_GIVEN_COVERAGE,DWB_L2,False,component_share_birth,12.588974512868944,1198,0.1198880111988801,0.9271072892710728
MC_S2_DROP_TOP5_R3_L1_EXTENDED,NEW_MC,TIME_GIVEN_COVERAGE,DWB_L2,False,component_share_death,3.935180199361788,2908,0.2908709129087091,1.0
MC_S2_DROP_TOP5_R3_L1_EXTENDED,NEW_MC,TIME_GIVEN_COVERAGE,DWB_L2,False,component_share_increase,0.1690196312824898,5851,0.5851414858514149,1.0
MC_S2_DROP_TOP5_R3_L1_EXTENDED,NEW_MC,TIME_GIVEN_COVERAGE,DWB_L2,False,support_share_low,7.114833155234891,642,0.0642935706429357,0.5786421357864214
MC_S2_DROP_TOP5_R3_L1_EXTENDED,NEW_MC,TIME_GIVEN_COVERAGE,DWB_L2,False,support_share_medium,21.45923792751782,1158,0.1158884111588841,0.9271072892710728
MC_S2_DROP_TOP5_R3_L1_EXTENDED,NEW_MC,TIME_GIVEN_COVERAGE,DWB_L2,False,rms_low,1.9373414251881176,2751,0.2751724827517248,1.0
MC_S2_DROP_TOP5_R3_L1_EXTENDED,NEW_MC,TIME_GIVEN_COVERAGE,DWB_L2,False,rms_medium,3.9966335419170633,1718,0.1718828117188281,0.9271072892710728
MC_S2_DROP_TOP5_R3_L1_EXTENDED,NEW_MC,TIME_GIVEN_COVERAGE,DWB_L2,False,rms_high,12.915674338726689,1302,0.1302869713028697,0.9271072892710728
MC_S2_DROP_TOP5_R3_L1_EXTENDED,NEW_MC,TIME_GIVEN_COVERAGE,DWB_L2,False,persistent_relation_rms,0.3053237244622693,6235,0.6235376462353764,1.0
MC_S2_DROP_TOP5_R3_L1_EXTENDED,NEW_MC,TIME_GIVEN_COVERAGE,DWB_L3,True,component_share_birth,12.588974512868944,1569,0.156984301569843,1.0
MC_S2_DROP_TOP5_R3_L1_EXTENDED,NEW_MC,TIME_GIVEN_COVERAGE,DWB_L3,True,component_share_death,3.935180199361788,3234,0.3234676532346765,1.0
MC_S2_DROP_TOP5_R3_L1_EXTENDED,NEW_MC,TIME_GIVEN_COVERAGE,DWB_L3,True,component_share_increase,0.1690196312824898,5641,0.5641435856414359,1.0
MC_S2_DROP_TOP5_R3_L1_EXTENDED,NEW_MC,TIME_GIVEN_COVERAGE,DWB_L3,True,support_share_low,7.114833155234891,997,0.0997900209979002,0.898110188981102
MC_S2_DROP_TOP5_R3_L1_EXTENDED,NEW_MC,TIME_GIVEN_COVERAGE,DWB_L3,True,support_share_medium,21.45923792751782,1391,0.1391860813918608,1.0
MC_S2_DROP_TOP5_R3_L1_EXTENDED,NEW_MC,TIME_GIVEN_COVERAGE,DWB_L3,True,rms_low,1.9373414251881176,3080,0.3080691930806919,1.0
MC_S2_DROP_TOP5_R3_L1_EXTENDED,NEW_MC,TIME_GIVEN_COVERAGE,DWB_L3,True,rms_medium,3.9966335419170633,1528,0.1528847115288471,1.0
MC_S2_DROP_TOP5_R3_L1_EXTENDED,NEW_MC,TIME_GIVEN_COVERAGE,DWB_L3,True,rms_high,12.915674338726689,1492,0.1492850714928507,1.0
MC_S2_DROP_TOP5_R3_L1_EXTENDED,NEW_MC,TIME_GIVEN_COVERAGE,DWB_L3,True,persistent_relation_rms,0.3053237244622693,6362,0.6362363763623637,1.0
MC_S2_DROP_TOP5_R3_L1_EXTENDED,NEW_MC,TIME_GIVEN_COVERAGE,DWB_L4,False,component_share_birth,12.588974512868944,1593,0.1593840615938406,1.0
MC_S2_DROP_TOP5_R3_L1_EXTENDED,NEW_MC,TIME_GIVEN_COVERAGE,DWB_L4,False,component_share_death,3.935180199361788,3224,0.3224677532246775,1.0
MC_S2_DROP_TOP5_R3_L1_EXTENDED,NEW_MC,TIME_GIVEN_COVERAGE,DWB_L4,False,component_share_increase,0.1690196312824898,5412,0.5412458754124587,1.0
MC_S2_DROP_TOP5_R3_L1_EXTENDED,NEW_MC,TIME_GIVEN_COVERAGE,DWB_L4,False,support_share_low,7.114833155234891,1188,0.1188881111888811,1.0
MC_S2_DROP_TOP5_R3_L1_EXTENDED,NEW_MC,TIME_GIVEN_COVERAGE,DWB_L4,False,support_share_medium,21.45923792751782,1582,0.1582841715828417,1.0
MC_S2_DROP_TOP5_R3_L1_EXTENDED,NEW_MC,TIME_GIVEN_COVERAGE,DWB_L4,False,rms_low,1.9373414251881176,3333,0.3333666633336666,1.0
MC_S2_DROP_TOP5_R3_L1_EXTENDED,NEW_MC,TIME_GIVEN_COVERAGE,DWB_L4,False,rms_medium,3.9966335419170633,1462,0.1462853714628537,1.0
MC_S2_DROP_TOP5_R3_L1_EXTENDED,NEW_MC,TIME_GIVEN_COVERAGE,DWB_L4,False,rms_high,12.915674338726689,1609,0.160983901609839,1.0
MC_S2_DROP_TOP5_R3_L1_EXTENDED,NEW_MC,TIME_GIVEN_COVERAGE,DWB_L4,False,persistent_relation_rms,0.3053237244622693,6439,0.6439356064393561,1.0
MC_S2_DROP_TOP5_R3_L1_EXTENDED,NEW_MC,COVERAGE_GIVEN_TIME,LEGACY_RADEMACHER,False,component_share_birth,2.932205735559592,4630,0.4630536946305369,1.0
MC_S2_DROP_TOP5_R3_L1_EXTENDED,NEW_MC,COVERAGE_GIVEN_TIME,LEGACY_RADEMACHER,False,component_share_death,3.992144345137369,2077,0.2077792220777922,1.0
MC_S2_DROP_TOP5_R3_L1_EXTENDED,NEW_MC,COVERAGE_GIVEN_TIME,LEGACY_RADEMACHER,False,component_share_increase,0.8206234165793926,2718,0.2718728127187281,1.0
MC_S2_DROP_TOP5_R3_L1_EXTENDED,NEW_MC,COVERAGE_GIVEN_TIME,LEGACY_RADEMACHER,False,support_share_low,10.019590720265317,181,0.0181981801819818,0.1455854414558544
MC_S2_DROP_TOP5_R3_L1_EXTENDED,NEW_MC,COVERAGE_GIVEN_TIME,LEGACY_RADEMACHER,False,support_share_medium,20.85833948001269,2192,0.2192780721927807,1.0
MC_S2_DROP_TOP5_R3_L1_EXTENDED,NEW_MC,COVERAGE_GIVEN_TIME,LEGACY_RADEMACHER,False,rms_low,0.2266253603954577,6501,0.6501349865013498,1.0
MC_S2_DROP_TOP5_R3_L1_EXTENDED,NEW_MC,COVERAGE_GIVEN_TIME,LEGACY_RADEMACHER,False,rms_medium,2.874411750175284,4612,0.4612538746125387,1.0
MC_S2_DROP_TOP5_R3_L1_EXTENDED,NEW_MC,COVERAGE_GIVEN_TIME,LEGACY_RADEMACHER,False,rms_high,33.872619785529615,2,0.0002999700029997,0.0026997300269973
MC_S2_DROP_TOP5_R3_L1_EXTENDED,NEW_MC,COVERAGE_GIVEN_TIME,LEGACY_RADEMACHER,False,persistent_relation_rms,2.753030672751791,2488,0.2488751124887511,1.0
MC_S2_DROP_TOP5_R3_L1_EXTENDED,NEW_MC,COVERAGE_GIVEN_TIME,GAUSSIAN_L1,False,component_share_birth,2.932205735559592,4349,0.434956504349565,1.0
MC_S2_DROP_TOP5_R3_L1_EXTENDED,NEW_MC,COVERAGE_GIVEN_TIME,GAUSSIAN_L1,False,component_share_death,3.992144345137369,1943,0.1943805619438056,1.0
MC_S2_DROP_TOP5_R3_L1_EXTENDED,NEW_MC,COVERAGE_GIVEN_TIME,GAUSSIAN_L1,False,component_share_increase,0.8206234165793926,2413,0.2413758624137586,1.0
MC_S2_DROP_TOP5_R3_L1_EXTENDED,NEW_MC,COVERAGE_GIVEN_TIME,GAUSSIAN_L1,False,support_share_low,10.019590720265317,222,0.0222977702229777,0.1783821617838216
MC_S2_DROP_TOP5_R3_L1_EXTENDED,NEW_MC,COVERAGE_GIVEN_TIME,GAUSSIAN_L1,False,support_share_medium,20.85833948001269,2027,0.2027797220277972,1.0
MC_S2_DROP_TOP5_R3_L1_EXTENDED,NEW_MC,COVERAGE_GIVEN_TIME,GAUSSIAN_L1,False,rms_low,0.2266253603954577,6315,0.6315368463153684,1.0
MC_S2_DROP_TOP5_R3_L1_EXTENDED,NEW_MC,COVERAGE_GIVEN_TIME,GAUSSIAN_L1,False,rms_medium,2.874411750175284,4501,0.4501549845015498,1.0
MC_S2_DROP_TOP5_R3_L1_EXTENDED,NEW_MC,COVERAGE_GIVEN_TIME,GAUSSIAN_L1,False,rms_high,33.872619785529615,33,0.0033996600339966,0.0305969403059694
MC_S2_DROP_TOP5_R3_L1_EXTENDED,NEW_MC,COVERAGE_GIVEN_TIME,GAUSSIAN_L1,False,persistent_relation_rms,2.753030672751791,2364,0.2364763523647635,1.0
MC_S2_DROP_TOP5_R3_L1_EXTENDED,NEW_MC,COVERAGE_GIVEN_TIME,DWB_L2,False,component_share_birth,2.932205735559592,4522,0.4522547745225477,1.0
MC_S2_DROP_TOP5_R3_L1_EXTENDED,NEW_MC,COVERAGE_GIVEN_TIME,DWB_L2,False,component_share_death,3.992144345137369,2175,0.2175782421757824,1.0
MC_S2_DROP_TOP5_R3_L1_EXTENDED,NEW_MC,COVERAGE_GIVEN_TIME,DWB_L2,False,component_share_increase,0.8206234165793926,2342,0.2342765723427657,1.0
MC_S2_DROP_TOP5_R3_L1_EXTENDED,NEW_MC,COVERAGE_GIVEN_TIME,DWB_L2,False,support_share_low,10.019590720265317,494,0.0494950504949505,0.395960403959604
MC_S2_DROP_TOP5_R3_L1_EXTENDED,NEW_MC,COVERAGE_GIVEN_TIME,DWB_L2,False,support_share_medium,20.85833948001269,2409,0.240975902409759,1.0
MC_S2_DROP_TOP5_R3_L1_EXTENDED,NEW_MC,COVERAGE_GIVEN_TIME,DWB_L2,False,rms_low,0.2266253603954577,6339,0.6339366063393661,1.0
MC_S2_DROP_TOP5_R3_L1_EXTENDED,NEW_MC,COVERAGE_GIVEN_TIME,DWB_L2,False,rms_medium,2.874411750175284,4645,0.4645535446455354,1.0
MC_S2_DROP_TOP5_R3_L1_EXTENDED,NEW_MC,COVERAGE_GIVEN_TIME,DWB_L2,False,rms_high,33.872619785529615,167,0.0167983201679832,0.1511848815118488
MC_S2_DROP_TOP5_R3_L1_EXTENDED,NEW_MC,COVERAGE_GIVEN_TIME,DWB_L2,False,persistent_relation_rms,2.753030672751791,2362,0.2362763723627637,1.0
MC_S2_DROP_TOP5_R3_L1_EXTENDED,NEW_MC,COVERAGE_GIVEN_TIME,DWB_L3,True,component_share_birth,2.932205735559592,4049,0.404959504049595,1.0
MC_S2_DROP_TOP5_R3_L1_EXTENDED,NEW_MC,COVERAGE_GIVEN_TIME,DWB_L3,True,component_share_death,3.992144345137369,2263,0.2263773622637736,1.0
MC_S2_DROP_TOP5_R3_L1_EXTENDED,NEW_MC,COVERAGE_GIVEN_TIME,DWB_L3,True,component_share_increase,0.8206234165793926,2282,0.2282771722827717,1.0
MC_S2_DROP_TOP5_R3_L1_EXTENDED,NEW_MC,COVERAGE_GIVEN_TIME,DWB_L3,True,support_share_low,10.019590720265317,742,0.0742925707429257,0.5943405659434057
MC_S2_DROP_TOP5_R3_L1_EXTENDED,NEW_MC,COVERAGE_GIVEN_TIME,DWB_L3,True,support_share_medium,20.85833948001269,2507,0.2507749225077492,1.0
MC_S2_DROP_TOP5_R3_L1_EXTENDED,NEW_MC,COVERAGE_GIVEN_TIME,DWB_L3,True,rms_low,0.2266253603954577,6314,0.6314368563143685,1.0
MC_S2_DROP_TOP5_R3_L1_EXTENDED,NEW_MC,COVERAGE_GIVEN_TIME,DWB_L3,True,rms_medium,2.874411750175284,3852,0.3852614738526147,1.0
MC_S2_DROP_TOP5_R3_L1_EXTENDED,NEW_MC,COVERAGE_GIVEN_TIME,DWB_L3,True,rms_high,33.872619785529615,303,0.0303969603039696,0.2735726427357264
MC_S2_DROP_TOP5_R3_L1_EXTENDED,NEW_MC,COVERAGE_GIVEN_TIME,DWB_L3,True,persistent_relation_rms,2.753030672751791,2041,0.2041795820417958,1.0
MC_S2_DROP_TOP5_R3_L1_EXTENDED,NEW_MC,COVERAGE_GIVEN_TIME,DWB_L4,False,component_share_birth,2.932205735559592,3645,0.3645635436456354,1.0
MC_S2_DROP_TOP5_R3_L1_EXTENDED,NEW_MC,COVERAGE_GIVEN_TIME,DWB_L4,False,component_share_death,3.992144345137369,2106,0.2106789321067893,1.0
MC_S2_DROP_TOP5_R3_L1_EXTENDED,NEW_MC,COVERAGE_GIVEN_TIME,DWB_L4,False,component_share_increase,0.8206234165793926,2103,0.2103789621037896,1.0
MC_S2_DROP_TOP5_R3_L1_EXTENDED,NEW_MC,COVERAGE_GIVEN_TIME,DWB_L4,False,support_share_low,10.019590720265317,730,0.0730926907309269,0.5847415258474152
MC_S2_DROP_TOP5_R3_L1_EXTENDED,NEW_MC,COVERAGE_GIVEN_TIME,DWB_L4,False,support_share_medium,20.85833948001269,2193,0.2193780621937806,1.0
MC_S2_DROP_TOP5_R3_L1_EXTENDED,NEW_MC,COVERAGE_GIVEN_TIME,DWB_L4,False,rms_low,0.2266253603954577,6306,0.6306369363063694,1.0
MC_S2_DROP_TOP5_R3_L1_EXTENDED,NEW_MC,COVERAGE_GIVEN_TIME,DWB_L4,False,rms_medium,2.874411750175284,3252,0.3252674732526747,1.0
MC_S2_DROP_TOP5_R3_L1_EXTENDED,NEW_MC,COVERAGE_GIVEN_TIME,DWB_L4,False,rms_high,33.872619785529615,365,0.0365963403659634,0.3293670632936706
MC_S2_DROP_TOP5_R3_L1_EXTENDED,NEW_MC,COVERAGE_GIVEN_TIME,DWB_L4,False,persistent_relation_rms,2.753030672751791,1797,0.1797820217978202,1.0
MC_S2_DROP_TOP5_R3_L2_HIGH,NEW_MC,TIME_GIVEN_COVERAGE,LEGACY_RADEMACHER,False,component_share_birth,3.954224001844121,1180,0.1180881911808819,0.7085291470852915
MC_S2_DROP_TOP5_R3_L2_HIGH,NEW_MC,TIME_GIVEN_COVERAGE,LEGACY_RADEMACHER,False,component_share_death,3.0970512636795746,3963,0.3963603639636036,1.0
MC_S2_DROP_TOP5_R3_L2_HIGH,NEW_MC,TIME_GIVEN_COVERAGE,LEGACY_RADEMACHER,False,component_share_increase,0.4683730609135805,4568,0.4568543145685431,1.0
MC_S2_DROP_TOP5_R3_L2_HIGH,NEW_MC,TIME_GIVEN_COVERAGE,LEGACY_RADEMACHER,False,support_share_low,7.64007625318575,1,0.0001999800019998,0.0017998200179982
MC_S2_DROP_TOP5_R3_L2_HIGH,NEW_MC,TIME_GIVEN_COVERAGE,LEGACY_RADEMACHER,False,support_share_medium,9.50764579320316,5,0.0005999400059994,0.0047995200479952
MC_S2_DROP_TOP5_R3_L2_HIGH,NEW_MC,TIME_GIVEN_COVERAGE,LEGACY_RADEMACHER,False,rms_low,0.0344813596239816,8817,0.8817118288171183,1.0
MC_S2_DROP_TOP5_R3_L2_HIGH,NEW_MC,TIME_GIVEN_COVERAGE,LEGACY_RADEMACHER,False,rms_medium,3.166298289347367,1378,0.1378862113788621,0.7085291470852915
MC_S2_DROP_TOP5_R3_L2_HIGH,NEW_MC,TIME_GIVEN_COVERAGE,LEGACY_RADEMACHER,False,rms_high,12.950732989227038,452,0.0452954704529547,0.3170682931706829
MC_S2_DROP_TOP5_R3_L2_HIGH,NEW_MC,TIME_GIVEN_COVERAGE,LEGACY_RADEMACHER,False,persistent_relation_rms,0.0051938977743333,9249,0.924907509249075,1.0
MC_S2_DROP_TOP5_R3_L2_HIGH,NEW_MC,TIME_GIVEN_COVERAGE,GAUSSIAN_L1,False,component_share_birth,3.954224001844121,1189,0.118988101189881,0.7139286071392861
MC_S2_DROP_TOP5_R3_L2_HIGH,NEW_MC,TIME_GIVEN_COVERAGE,GAUSSIAN_L1,False,component_share_death,3.0970512636795746,3180,0.3180681931806819,1.0
MC_S2_DROP_TOP5_R3_L2_HIGH,NEW_MC,TIME_GIVEN_COVERAGE,GAUSSIAN_L1,False,component_share_increase,0.4683730609135805,3826,0.3826617338266173,1.0
MC_S2_DROP_TOP5_R3_L2_HIGH,NEW_MC,TIME_GIVEN_COVERAGE,GAUSSIAN_L1,False,support_share_low,7.64007625318575,208,0.0208979102089791,0.1880811918808119
MC_S2_DROP_TOP5_R3_L2_HIGH,NEW_MC,TIME_GIVEN_COVERAGE,GAUSSIAN_L1,False,support_share_medium,9.50764579320316,508,0.0508949105089491,0.4071592840715928
MC_S2_DROP_TOP5_R3_L2_HIGH,NEW_MC,TIME_GIVEN_COVERAGE,GAUSSIAN_L1,False,rms_low,0.0344813596239816,8744,0.8744125587441256,1.0
MC_S2_DROP_TOP5_R3_L2_HIGH,NEW_MC,TIME_GIVEN_COVERAGE,GAUSSIAN_L1,False,rms_medium,3.166298289347367,1303,0.1303869613038696,0.7139286071392861
MC_S2_DROP_TOP5_R3_L2_HIGH,NEW_MC,TIME_GIVEN_COVERAGE,GAUSSIAN_L1,False,rms_high,12.950732989227038,871,0.0871912808719128,0.6103389661033896
MC_S2_DROP_TOP5_R3_L2_HIGH,NEW_MC,TIME_GIVEN_COVERAGE,GAUSSIAN_L1,False,persistent_relation_rms,0.0051938977743333,9285,0.9285071492850716,1.0
MC_S2_DROP_TOP5_R3_L2_HIGH,NEW_MC,TIME_GIVEN_COVERAGE,DWB_L2,False,component_share_birth,3.954224001844121,1659,0.165983401659834,0.9484051594840516
MC_S2_DROP_TOP5_R3_L2_HIGH,NEW_MC,TIME_GIVEN_COVERAGE,DWB_L2,False,component_share_death,3.0970512636795746,3355,0.3355664433556644,1.0
MC_S2_DROP_TOP5_R3_L2_HIGH,NEW_MC,TIME_GIVEN_COVERAGE,DWB_L2,False,component_share_increase,0.4683730609135805,3857,0.3857614238576142,1.0
MC_S2_DROP_TOP5_R3_L2_HIGH,NEW_MC,TIME_GIVEN_COVERAGE,DWB_L2,False,support_share_low,7.64007625318575,485,0.0485951404859514,0.4373562643735627
MC_S2_DROP_TOP5_R3_L2_HIGH,NEW_MC,TIME_GIVEN_COVERAGE,DWB_L2,False,support_share_medium,9.50764579320316,743,0.0743925607439256,0.5951404859514049
MC_S2_DROP_TOP5_R3_L2_HIGH,NEW_MC,TIME_GIVEN_COVERAGE,DWB_L2,False,rms_low,0.0344813596239816,8738,0.8738126187381262,1.0
MC_S2_DROP_TOP5_R3_L2_HIGH,NEW_MC,TIME_GIVEN_COVERAGE,DWB_L2,False,rms_medium,3.166298289347367,1384,0.1384861513848615,0.9484051594840516
MC_S2_DROP_TOP5_R3_L2_HIGH,NEW_MC,TIME_GIVEN_COVERAGE,DWB_L2,False,rms_high,12.950732989227038,1354,0.1354864513548645,0.9484051594840516
MC_S2_DROP_TOP5_R3_L2_HIGH,NEW_MC,TIME_GIVEN_COVERAGE,DWB_L2,False,persistent_relation_rms,0.0051938977743333,9384,0.9384061593840616,1.0
MC_S2_DROP_TOP5_R3_L2_HIGH,NEW_MC,TIME_GIVEN_COVERAGE,DWB_L3,True,component_share_birth,3.954224001844121,1880,0.1880811918808119,0.942105789421058
MC_S2_DROP_TOP5_R3_L2_HIGH,NEW_MC,TIME_GIVEN_COVERAGE,DWB_L3,True,component_share_death,3.0970512636795746,3586,0.3586641335866413,1.0
MC_S2_DROP_TOP5_R3_L2_HIGH,NEW_MC,TIME_GIVEN_COVERAGE,DWB_L3,True,component_share_increase,0.4683730609135805,3890,0.3890610938906109,1.0
MC_S2_DROP_TOP5_R3_L2_HIGH,NEW_MC,TIME_GIVEN_COVERAGE,DWB_L3,True,support_share_low,7.64007625318575,803,0.0803919608039196,0.7235276472352765
MC_S2_DROP_TOP5_R3_L2_HIGH,NEW_MC,TIME_GIVEN_COVERAGE,DWB_L3,True,support_share_medium,9.50764579320316,975,0.0975902409759024,0.7807219278072193
MC_S2_DROP_TOP5_R3_L2_HIGH,NEW_MC,TIME_GIVEN_COVERAGE,DWB_L3,True,rms_low,0.0344813596239816,8860,0.886011398860114,1.0
MC_S2_DROP_TOP5_R3_L2_HIGH,NEW_MC,TIME_GIVEN_COVERAGE,DWB_L3,True,rms_medium,3.166298289347367,1345,0.1345865413458654,0.942105789421058
MC_S2_DROP_TOP5_R3_L2_HIGH,NEW_MC,TIME_GIVEN_COVERAGE,DWB_L3,True,rms_high,12.950732989227038,1440,0.1440855914408559,0.942105789421058
MC_S2_DROP_TOP5_R3_L2_HIGH,NEW_MC,TIME_GIVEN_COVERAGE,DWB_L3,True,persistent_relation_rms,0.0051938977743333,9395,0.9395060493950604,1.0
MC_S2_DROP_TOP5_R3_L2_HIGH,NEW_MC,TIME_GIVEN_COVERAGE,DWB_L4,False,component_share_birth,3.954224001844121,1950,0.1950804919508049,0.9754024597540246
MC_S2_DROP_TOP5_R3_L2_HIGH,NEW_MC,TIME_GIVEN_COVERAGE,DWB_L4,False,component_share_death,3.0970512636795746,3450,0.3450654934506549,1.0
MC_S2_DROP_TOP5_R3_L2_HIGH,NEW_MC,TIME_GIVEN_COVERAGE,DWB_L4,False,component_share_increase,0.4683730609135805,3575,0.3575642435756424,1.0
MC_S2_DROP_TOP5_R3_L2_HIGH,NEW_MC,TIME_GIVEN_COVERAGE,DWB_L4,False,support_share_low,7.64007625318575,991,0.0991900809919008,0.8927107289271073
MC_S2_DROP_TOP5_R3_L2_HIGH,NEW_MC,TIME_GIVEN_COVERAGE,DWB_L4,False,support_share_medium,9.50764579320316,1120,0.1120887911208879,0.8967103289671033
MC_S2_DROP_TOP5_R3_L2_HIGH,NEW_MC,TIME_GIVEN_COVERAGE,DWB_L4,False,rms_low,0.0344813596239816,8868,0.8868113188681132,1.0
MC_S2_DROP_TOP5_R3_L2_HIGH,NEW_MC,TIME_GIVEN_COVERAGE,DWB_L4,False,rms_medium,3.166298289347367,1358,0.1358864113588641,0.9512048795120488
MC_S2_DROP_TOP5_R3_L2_HIGH,NEW_MC,TIME_GIVEN_COVERAGE,DWB_L4,False,rms_high,12.950732989227038,1555,0.1555844415558444,0.9512048795120488
MC_S2_DROP_TOP5_R3_L2_HIGH,NEW_MC,TIME_GIVEN_COVERAGE,DWB_L4,False,persistent_relation_rms,0.0051938977743333,9378,0.9378062193780622,1.0
MC_S2_DROP_TOP5_R3_L2_HIGH,NEW_MC,COVERAGE_GIVEN_TIME,LEGACY_RADEMACHER,False,component_share_birth,0.0419541104688967,8714,0.8714128587141285,1.0
MC_S2_DROP_TOP5_R3_L2_HIGH,NEW_MC,COVERAGE_GIVEN_TIME,LEGACY_RADEMACHER,False,component_share_death,1.5683210944153672,4255,0.4255574442555744,1.0
MC_S2_DROP_TOP5_R3_L2_HIGH,NEW_MC,COVERAGE_GIVEN_TIME,LEGACY_RADEMACHER,False,component_share_increase,0.5256365904800555,5184,0.5184481551844815,1.0
MC_S2_DROP_TOP5_R3_L2_HIGH,NEW_MC,COVERAGE_GIVEN_TIME,LEGACY_RADEMACHER,False,support_share_low,15.142008481644591,0,9.999000099990002e-05,0.0008999100089991
MC_S2_DROP_TOP5_R3_L2_HIGH,NEW_MC,COVERAGE_GIVEN_TIME,LEGACY_RADEMACHER,False,support_share_medium,18.96180411889526,0,9.999000099990002e-05,0.0008999100089991
MC_S2_DROP_TOP5_R3_L2_HIGH,NEW_MC,COVERAGE_GIVEN_TIME,LEGACY_RADEMACHER,False,rms_low,14.653171755666335,591,0.0591940805919408,0.3551644835516448
MC_S2_DROP_TOP5_R3_L2_HIGH,NEW_MC,COVERAGE_GIVEN_TIME,LEGACY_RADEMACHER,False,rms_medium,2.3927141549595774,5430,0.543045695430457,1.0
MC_S2_DROP_TOP5_R3_L2_HIGH,NEW_MC,COVERAGE_GIVEN_TIME,LEGACY_RADEMACHER,False,rms_high,34.14095857376012,1,0.0001999800019998,0.0013998600139986
MC_S2_DROP_TOP5_R3_L2_HIGH,NEW_MC,COVERAGE_GIVEN_TIME,LEGACY_RADEMACHER,False,persistent_relation_rms,2.931945561093066,1754,0.1754824517548245,0.8774122587741227
MC_S2_DROP_TOP5_R3_L2_HIGH,NEW_MC,COVERAGE_GIVEN_TIME,GAUSSIAN_L1,False,component_share_birth,0.0419541104688967,8507,0.8507149285071492,1.0
MC_S2_DROP_TOP5_R3_L2_HIGH,NEW_MC,COVERAGE_GIVEN_TIME,GAUSSIAN_L1,False,component_share_death,1.5683210944153672,3995,0.3995600439956004,1.0
MC_S2_DROP_TOP5_R3_L2_HIGH,NEW_MC,COVERAGE_GIVEN_TIME,GAUSSIAN_L1,False,component_share_increase,0.5256365904800555,3607,0.3607639236076392,1.0
MC_S2_DROP_TOP5_R3_L2_HIGH,NEW_MC,COVERAGE_GIVEN_TIME,GAUSSIAN_L1,False,support_share_low,15.142008481644591,13,0.0013998600139986,0.0125987401259874
MC_S2_DROP_TOP5_R3_L2_HIGH,NEW_MC,COVERAGE_GIVEN_TIME,GAUSSIAN_L1,False,support_share_medium,18.96180411889526,45,0.0045995400459954,0.0321967803219678
MC_S2_DROP_TOP5_R3_L2_HIGH,NEW_MC,COVERAGE_GIVEN_TIME,GAUSSIAN_L1,False,rms_low,14.653171755666335,619,0.061993800619938,0.371962803719628
MC_S2_DROP_TOP5_R3_L2_HIGH,NEW_MC,COVERAGE_GIVEN_TIME,GAUSSIAN_L1,False,rms_medium,2.3927141549595774,5008,0.5008499150084992,1.0
MC_S2_DROP_TOP5_R3_L2_HIGH,NEW_MC,COVERAGE_GIVEN_TIME,GAUSSIAN_L1,False,rms_high,34.14095857376012,32,0.0032996700329967,0.0263973602639736
MC_S2_DROP_TOP5_R3_L2_HIGH,NEW_MC,COVERAGE_GIVEN_TIME,GAUSSIAN_L1,False,persistent_relation_rms,2.931945561093066,1628,0.1628837116288371,0.8144185581441855
MC_S2_DROP_TOP5_R3_L2_HIGH,NEW_MC,COVERAGE_GIVEN_TIME,DWB_L2,False,component_share_birth,0.0419541104688967,8527,0.8527147285271472,1.0
MC_S2_DROP_TOP5_R3_L2_HIGH,NEW_MC,COVERAGE_GIVEN_TIME,DWB_L2,False,component_share_death,1.5683210944153672,4043,0.4043595640435956,1.0
MC_S2_DROP_TOP5_R3_L2_HIGH,NEW_MC,COVERAGE_GIVEN_TIME,DWB_L2,False,component_share_increase,0.5256365904800555,3511,0.3511648835116488,1.0
MC_S2_DROP_TOP5_R3_L2_HIGH,NEW_MC,COVERAGE_GIVEN_TIME,DWB_L2,False,support_share_low,15.142008481644591,101,0.0101989801019898,0.0917908209179082
MC_S2_DROP_TOP5_R3_L2_HIGH,NEW_MC,COVERAGE_GIVEN_TIME,DWB_L2,False,support_share_medium,18.96180411889526,170,0.0170982901709829,0.1367863213678632
MC_S2_DROP_TOP5_R3_L2_HIGH,NEW_MC,COVERAGE_GIVEN_TIME,DWB_L2,False,rms_low,14.653171755666335,1266,0.1266873312668733,0.7601239876012399
MC_S2_DROP_TOP5_R3_L2_HIGH,NEW_MC,COVERAGE_GIVEN_TIME,DWB_L2,False,rms_medium,2.3927141549595774,4950,0.4950504949505049,1.0
MC_S2_DROP_TOP5_R3_L2_HIGH,NEW_MC,COVERAGE_GIVEN_TIME,DWB_L2,False,rms_high,34.14095857376012,189,0.018998100189981,0.1367863213678632
MC_S2_DROP_TOP5_R3_L2_HIGH,NEW_MC,COVERAGE_GIVEN_TIME,DWB_L2,False,persistent_relation_rms,2.931945561093066,1686,0.1686831316868313,0.8434156584341567
MC_S2_DROP_TOP5_R3_L2_HIGH,NEW_MC,COVERAGE_GIVEN_TIME,DWB_L3,True,component_share_birth,0.0419541104688967,8347,0.8347165283471653,1.0
MC_S2_DROP_TOP5_R3_L2_HIGH,NEW_MC,COVERAGE_GIVEN_TIME,DWB_L3,True,component_share_death,1.5683210944153672,3977,0.3977602239776022,1.0
MC_S2_DROP_TOP5_R3_L2_HIGH,NEW_MC,COVERAGE_GIVEN_TIME,DWB_L3,True,component_share_increase,0.5256365904800555,3314,0.3314668533146685,1.0
MC_S2_DROP_TOP5_R3_L2_HIGH,NEW_MC,COVERAGE_GIVEN_TIME,DWB_L3,True,support_share_low,15.142008481644591,237,0.0237976202379762,0.2141785821417858
MC_S2_DROP_TOP5_R3_L2_HIGH,NEW_MC,COVERAGE_GIVEN_TIME,DWB_L3,True,support_share_medium,18.96180411889526,286,0.0286971302869713,0.2287771222877712
MC_S2_DROP_TOP5_R3_L2_HIGH,NEW_MC,COVERAGE_GIVEN_TIME,DWB_L3,True,rms_low,14.653171755666335,1517,0.1517848215178482,0.9107089291070892
MC_S2_DROP_TOP5_R3_L2_HIGH,NEW_MC,COVERAGE_GIVEN_TIME,DWB_L3,True,rms_medium,2.3927141549595774,4241,0.4241575842415758,1.0
MC_S2_DROP_TOP5_R3_L2_HIGH,NEW_MC,COVERAGE_GIVEN_TIME,DWB_L3,True,rms_high,34.14095857376012,285,0.0285971402859714,0.2287771222877712
MC_S2_DROP_TOP5_R3_L2_HIGH,NEW_MC,COVERAGE_GIVEN_TIME,DWB_L3,True,persistent_relation_rms,2.931945561093066,1544,0.1544845515448455,0.9107089291070892
MC_S2_DROP_TOP5_R3_L2_HIGH,NEW_MC,COVERAGE_GIVEN_TIME,DWB_L4,False,component_share_birth,0.0419541104688967,8218,0.8218178182181782,1.0
MC_S2_DROP_TOP5_R3_L2_HIGH,NEW_MC,COVERAGE_GIVEN_TIME,DWB_L4,False,component_share_death,1.5683210944153672,3664,0.3664633536646335,1.0
MC_S2_DROP_TOP5_R3_L2_HIGH,NEW_MC,COVERAGE_GIVEN_TIME,DWB_L4,False,component_share_increase,0.5256365904800555,3020,0.3020697930206979,1.0
MC_S2_DROP_TOP5_R3_L2_HIGH,NEW_MC,COVERAGE_GIVEN_TIME,DWB_L4,False,support_share_low,15.142008481644591,343,0.0343965603439656,0.3095690430956904
MC_S2_DROP_TOP5_R3_L2_HIGH,NEW_MC,COVERAGE_GIVEN_TIME,DWB_L4,False,support_share_medium,18.96180411889526,398,0.0398960103989601,0.3095690430956904
MC_S2_DROP_TOP5_R3_L2_HIGH,NEW_MC,COVERAGE_GIVEN_TIME,DWB_L4,False,rms_low,14.653171755666335,1569,0.156984301569843,0.8771122887711229
MC_S2_DROP_TOP5_R3_L2_HIGH,NEW_MC,COVERAGE_GIVEN_TIME,DWB_L4,False,rms_medium,2.3927141549595774,3637,0.3637636236376362,1.0
MC_S2_DROP_TOP5_R3_L2_HIGH,NEW_MC,COVERAGE_GIVEN_TIME,DWB_L4,False,rms_high,34.14095857376012,364,0.0364963503649635,0.3095690430956904
MC_S2_DROP_TOP5_R3_L2_HIGH,NEW_MC,COVERAGE_GIVEN_TIME,DWB_L4,False,persistent_relation_rms,2.931945561093066,1461,0.1461853814618538,0.8771122887711229
MC_S2_DROP_TOP5_R4_L0_STAGE15_MATCHED,NEW_MC,TIME_GIVEN_COVERAGE,LEGACY_RADEMACHER,False,component_share_birth,3.2426978588890485,1012,0.1012898710128987,0.611038896110389
MC_S2_DROP_TOP5_R4_L0_STAGE15_MATCHED,NEW_MC,TIME_GIVEN_COVERAGE,LEGACY_RADEMACHER,False,component_share_death,5.258371304748422,3380,0.3380661933806619,1.0
MC_S2_DROP_TOP5_R4_L0_STAGE15_MATCHED,NEW_MC,TIME_GIVEN_COVERAGE,LEGACY_RADEMACHER,False,component_share_increase,0.0685314774240328,8342,0.8342165783421658,1.0
MC_S2_DROP_TOP5_R4_L0_STAGE15_MATCHED,NEW_MC,TIME_GIVEN_COVERAGE,LEGACY_RADEMACHER,False,support_share_low,5.858240279056435,149,0.014998500149985,0.134986501349865
MC_S2_DROP_TOP5_R4_L0_STAGE15_MATCHED,NEW_MC,TIME_GIVEN_COVERAGE,LEGACY_RADEMACHER,False,support_share_medium,7.577760018340431,872,0.0872912708729127,0.611038896110389
MC_S2_DROP_TOP5_R4_L0_STAGE15_MATCHED,NEW_MC,TIME_GIVEN_COVERAGE,LEGACY_RADEMACHER,False,rms_low,1.8956494858264463,1474,0.1474852514748525,0.6329367063293672
MC_S2_DROP_TOP5_R4_L0_STAGE15_MATCHED,NEW_MC,TIME_GIVEN_COVERAGE,LEGACY_RADEMACHER,False,rms_medium,3.759550326823863,1265,0.1265873412658734,0.6329367063293672
MC_S2_DROP_TOP5_R4_L0_STAGE15_MATCHED,NEW_MC,TIME_GIVEN_COVERAGE,LEGACY_RADEMACHER,False,rms_high,10.793284893587678,601,0.0601939806019398,0.4815518448155184
MC_S2_DROP_TOP5_R4_L0_STAGE15_MATCHED,NEW_MC,TIME_GIVEN_COVERAGE,LEGACY_RADEMACHER,False,persistent_relation_rms,1.031410815754839,4845,0.4845515448455154,1.0
MC_S2_DROP_TOP5_R4_L0_STAGE15_MATCHED,NEW_MC,TIME_GIVEN_COVERAGE,GAUSSIAN_L1,False,component_share_birth,3.2426978588890485,1000,0.1000899910008999,0.7071292870712929
MC_S2_DROP_TOP5_R4_L0_STAGE15_MATCHED,NEW_MC,TIME_GIVEN_COVERAGE,GAUSSIAN_L1,False,component_share_death,5.258371304748422,2809,0.280971902809719,0.842915708429157
MC_S2_DROP_TOP5_R4_L0_STAGE15_MATCHED,NEW_MC,TIME_GIVEN_COVERAGE,GAUSSIAN_L1,False,component_share_increase,0.0685314774240328,7895,0.7895210478952105,0.842915708429157
MC_S2_DROP_TOP5_R4_L0_STAGE15_MATCHED,NEW_MC,TIME_GIVEN_COVERAGE,GAUSSIAN_L1,False,support_share_low,5.858240279056435,520,0.0520947905209479,0.4688531146885311
MC_S2_DROP_TOP5_R4_L0_STAGE15_MATCHED,NEW_MC,TIME_GIVEN_COVERAGE,GAUSSIAN_L1,False,support_share_medium,7.577760018340431,1442,0.1442855714428557,0.7535246475352464
MC_S2_DROP_TOP5_R4_L0_STAGE15_MATCHED,NEW_MC,TIME_GIVEN_COVERAGE,GAUSSIAN_L1,False,rms_low,1.8956494858264463,1422,0.1422857714228577,0.7535246475352464
MC_S2_DROP_TOP5_R4_L0_STAGE15_MATCHED,NEW_MC,TIME_GIVEN_COVERAGE,GAUSSIAN_L1,False,rms_medium,3.759550326823863,1255,0.1255874412558744,0.7535246475352464
MC_S2_DROP_TOP5_R4_L0_STAGE15_MATCHED,NEW_MC,TIME_GIVEN_COVERAGE,GAUSSIAN_L1,False,rms_high,10.793284893587678,883,0.0883911608839116,0.7071292870712929
MC_S2_DROP_TOP5_R4_L0_STAGE15_MATCHED,NEW_MC,TIME_GIVEN_COVERAGE,GAUSSIAN_L1,False,persistent_relation_rms,1.031410815754839,3781,0.3781621837816218,0.842915708429157
MC_S2_DROP_TOP5_R4_L0_STAGE15_MATCHED,NEW_MC,TIME_GIVEN_COVERAGE,DWB_L2,False,component_share_birth,3.2426978588890485,1532,0.1532846715328467,1.0
MC_S2_DROP_TOP5_R4_L0_STAGE15_MATCHED,NEW_MC,TIME_GIVEN_COVERAGE,DWB_L2,False,component_share_death,5.258371304748422,3186,0.3186681331866813,1.0
MC_S2_DROP_TOP5_R4_L0_STAGE15_MATCHED,NEW_MC,TIME_GIVEN_COVERAGE,DWB_L2,False,component_share_increase,0.0685314774240328,8063,0.8063193680631937,1.0
MC_S2_DROP_TOP5_R4_L0_STAGE15_MATCHED,NEW_MC,TIME_GIVEN_COVERAGE,DWB_L2,False,support_share_low,5.858240279056435,1054,0.1054894510548945,0.9494050594940506
MC_S2_DROP_TOP5_R4_L0_STAGE15_MATCHED,NEW_MC,TIME_GIVEN_COVERAGE,DWB_L2,False,support_share_medium,7.577760018340431,1834,0.1834816518348165,1.0
MC_S2_DROP_TOP5_R4_L0_STAGE15_MATCHED,NEW_MC,TIME_GIVEN_COVERAGE,DWB_L2,False,rms_low,1.8956494858264463,1721,0.1721827817218278,1.0
MC_S2_DROP_TOP5_R4_L0_STAGE15_MATCHED,NEW_MC,TIME_GIVEN_COVERAGE,DWB_L2,False,rms_medium,3.759550326823863,1294,0.1294870512948705,1.0
MC_S2_DROP_TOP5_R4_L0_STAGE15_MATCHED,NEW_MC,TIME_GIVEN_COVERAGE,DWB_L2,False,rms_high,10.793284893587678,1552,0.1552844715528447,1.0
MC_S2_DROP_TOP5_R4_L0_STAGE15_MATCHED,NEW_MC,TIME_GIVEN_COVERAGE,DWB_L2,False,persistent_relation_rms,1.031410815754839,4045,0.4045595440455954,1.0
MC_S2_DROP_TOP5_R4_L0_STAGE15_MATCHED,NEW_MC,TIME_GIVEN_COVERAGE,DWB_L3,True,component_share_birth,3.2426978588890485,1787,0.1787821217878212,1.0
MC_S2_DROP_TOP5_R4_L0_STAGE15_MATCHED,NEW_MC,TIME_GIVEN_COVERAGE,DWB_L3,True,component_share_death,5.258371304748422,3435,0.3435656434356564,1.0
MC_S2_DROP_TOP5_R4_L0_STAGE15_MATCHED,NEW_MC,TIME_GIVEN_COVERAGE,DWB_L3,True,component_share_increase,0.0685314774240328,8001,0.8001199880011999,1.0
MC_S2_DROP_TOP5_R4_L0_STAGE15_MATCHED,NEW_MC,TIME_GIVEN_COVERAGE,DWB_L3,True,support_share_low,5.858240279056435,1416,0.1416858314168583,1.0
MC_S2_DROP_TOP5_R4_L0_STAGE15_MATCHED,NEW_MC,TIME_GIVEN_COVERAGE,DWB_L3,True,support_share_medium,7.577760018340431,2059,0.205979402059794,1.0
MC_S2_DROP_TOP5_R4_L0_STAGE15_MATCHED,NEW_MC,TIME_GIVEN_COVERAGE,DWB_L3,True,rms_low,1.8956494858264463,2112,0.2112788721127887,1.0
MC_S2_DROP_TOP5_R4_L0_STAGE15_MATCHED,NEW_MC,TIME_GIVEN_COVERAGE,DWB_L3,True,rms_medium,3.759550326823863,1282,0.1282871712828717,1.0
MC_S2_DROP_TOP5_R4_L0_STAGE15_MATCHED,NEW_MC,TIME_GIVEN_COVERAGE,DWB_L3,True,rms_high,10.793284893587678,1650,0.1650834916508349,1.0
MC_S2_DROP_TOP5_R4_L0_STAGE15_MATCHED,NEW_MC,TIME_GIVEN_COVERAGE,DWB_L3,True,persistent_relation_rms,1.031410815754839,4193,0.4193580641935806,1.0
MC_S2_DROP_TOP5_R4_L0_STAGE15_MATCHED,NEW_MC,TIME_GIVEN_COVERAGE,DWB_L4,False,component_share_birth,3.2426978588890485,1766,0.1766823317668233,1.0
MC_S2_DROP_TOP5_R4_L0_STAGE15_MATCHED,NEW_MC,TIME_GIVEN_COVERAGE,DWB_L4,False,component_share_death,5.258371304748422,3267,0.3267673232676732,1.0
MC_S2_DROP_TOP5_R4_L0_STAGE15_MATCHED,NEW_MC,TIME_GIVEN_COVERAGE,DWB_L4,False,component_share_increase,0.0685314774240328,7704,0.7704229577042295,1.0
MC_S2_DROP_TOP5_R4_L0_STAGE15_MATCHED,NEW_MC,TIME_GIVEN_COVERAGE,DWB_L4,False,support_share_low,5.858240279056435,1583,0.1583841615838416,1.0
MC_S2_DROP_TOP5_R4_L0_STAGE15_MATCHED,NEW_MC,TIME_GIVEN_COVERAGE,DWB_L4,False,support_share_medium,7.577760018340431,2143,0.2143785621437856,1.0
MC_S2_DROP_TOP5_R4_L0_STAGE15_MATCHED,NEW_MC,TIME_GIVEN_COVERAGE,DWB_L4,False,rms_low,1.8956494858264463,2253,0.2253774622537746,1.0
MC_S2_DROP_TOP5_R4_L0_STAGE15_MATCHED,NEW_MC,TIME_GIVEN_COVERAGE,DWB_L4,False,rms_medium,3.759550326823863,1412,0.1412858714128587,1.0
MC_S2_DROP_TOP5_R4_L0_STAGE15_MATCHED,NEW_MC,TIME_GIVEN_COVERAGE,DWB_L4,False,rms_high,10.793284893587678,1627,0.1627837216278372,1.0
MC_S2_DROP_TOP5_R4_L0_STAGE15_MATCHED,NEW_MC,TIME_GIVEN_COVERAGE,DWB_L4,False,persistent_relation_rms,1.031410815754839,4313,0.4313568643135686,1.0
MC_S2_DROP_TOP5_R4_L0_STAGE15_MATCHED,NEW_MC,COVERAGE_GIVEN_TIME,LEGACY_RADEMACHER,False,component_share_birth,0.0733056546935202,8388,0.8388161183881612,1.0
MC_S2_DROP_TOP5_R4_L0_STAGE15_MATCHED,NEW_MC,COVERAGE_GIVEN_TIME,LEGACY_RADEMACHER,False,component_share_death,2.2382590010712704,5003,0.5003499650034996,1.0
MC_S2_DROP_TOP5_R4_L0_STAGE15_MATCHED,NEW_MC,COVERAGE_GIVEN_TIME,LEGACY_RADEMACHER,False,component_share_increase,0.8372183610312618,4066,0.4066593340665933,1.0
MC_S2_DROP_TOP5_R4_L0_STAGE15_MATCHED,NEW_MC,COVERAGE_GIVEN_TIME,LEGACY_RADEMACHER,False,support_share_low,11.834568243332631,5,0.0005999400059994,0.0053994600539946
MC_S2_DROP_TOP5_R4_L0_STAGE15_MATCHED,NEW_MC,COVERAGE_GIVEN_TIME,LEGACY_RADEMACHER,False,support_share_medium,15.029899425244714,43,0.0043995600439956,0.0307969203079692
MC_S2_DROP_TOP5_R4_L0_STAGE15_MATCHED,NEW_MC,COVERAGE_GIVEN_TIME,LEGACY_RADEMACHER,False,rms_low,0.0638806518250589,9025,0.9025097490250976,1.0
MC_S2_DROP_TOP5_R4_L0_STAGE15_MATCHED,NEW_MC,COVERAGE_GIVEN_TIME,LEGACY_RADEMACHER,False,rms_medium,2.8895648705617987,4600,0.46005399460054,1.0
MC_S2_DROP_TOP5_R4_L0_STAGE15_MATCHED,NEW_MC,COVERAGE_GIVEN_TIME,LEGACY_RADEMACHER,False,rms_high,29.698017026004035,5,0.0005999400059994,0.0053994600539946
MC_S2_DROP_TOP5_R4_L0_STAGE15_MATCHED,NEW_MC,COVERAGE_GIVEN_TIME,LEGACY_RADEMACHER,False,persistent_relation_rms,6.783277350496984,469,0.046995300469953,0.281971802819718
MC_S2_DROP_TOP5_R4_L0_STAGE15_MATCHED,NEW_MC,COVERAGE_GIVEN_TIME,GAUSSIAN_L1,False,component_share_birth,0.0733056546935202,8204,0.8204179582041796,1.0
MC_S2_DROP_TOP5_R4_L0_STAGE15_MATCHED,NEW_MC,COVERAGE_GIVEN_TIME,GAUSSIAN_L1,False,component_share_death,2.2382590010712704,4725,0.4725527447255274,1.0
MC_S2_DROP_TOP5_R4_L0_STAGE15_MATCHED,NEW_MC,COVERAGE_GIVEN_TIME,GAUSSIAN_L1,False,component_share_increase,0.8372183610312618,3225,0.3225677432256774,1.0
MC_S2_DROP_TOP5_R4_L0_STAGE15_MATCHED,NEW_MC,COVERAGE_GIVEN_TIME,GAUSSIAN_L1,False,support_share_low,11.834568243332631,31,0.0031996800319968,0.0287971202879712
MC_S2_DROP_TOP5_R4_L0_STAGE15_MATCHED,NEW_MC,COVERAGE_GIVEN_TIME,GAUSSIAN_L1,False,support_share_medium,15.029899425244714,218,0.0218978102189781,0.1532846715328467
MC_S2_DROP_TOP5_R4_L0_STAGE15_MATCHED,NEW_MC,COVERAGE_GIVEN_TIME,GAUSSIAN_L1,False,rms_low,0.0638806518250589,8935,0.8935106489351065,1.0
MC_S2_DROP_TOP5_R4_L0_STAGE15_MATCHED,NEW_MC,COVERAGE_GIVEN_TIME,GAUSSIAN_L1,False,rms_medium,2.8895648705617987,4187,0.4187581241875812,1.0
MC_S2_DROP_TOP5_R4_L0_STAGE15_MATCHED,NEW_MC,COVERAGE_GIVEN_TIME,GAUSSIAN_L1,False,rms_high,29.698017026004035,37,0.0037996200379962,0.0303969603039696
MC_S2_DROP_TOP5_R4_L0_STAGE15_MATCHED,NEW_MC,COVERAGE_GIVEN_TIME,GAUSSIAN_L1,False,persistent_relation_rms,6.783277350496984,579,0.057994200579942,0.347965203479652
MC_S2_DROP_TOP5_R4_L0_STAGE15_MATCHED,NEW_MC,COVERAGE_GIVEN_TIME,DWB_L2,False,component_share_birth,0.0733056546935202,7943,0.7943205679432057,1.0
MC_S2_DROP_TOP5_R4_L0_STAGE15_MATCHED,NEW_MC,COVERAGE_GIVEN_TIME,DWB_L2,False,component_share_death,2.2382590010712704,4601,0.4601539846015398,1.0
MC_S2_DROP_TOP5_R4_L0_STAGE15_MATCHED,NEW_MC,COVERAGE_GIVEN_TIME,DWB_L2,False,component_share_increase,0.8372183610312618,3283,0.3283671632836716,1.0
MC_S2_DROP_TOP5_R4_L0_STAGE15_MATCHED,NEW_MC,COVERAGE_GIVEN_TIME,DWB_L2,False,support_share_low,11.834568243332631,177,0.0177982201779822,0.1423857614238576
MC_S2_DROP_TOP5_R4_L0_STAGE15_MATCHED,NEW_MC,COVERAGE_GIVEN_TIME,DWB_L2,False,support_share_medium,15.029899425244714,444,0.0444955504449555,0.3114688531146885
MC_S2_DROP_TOP5_R4_L0_STAGE15_MATCHED,NEW_MC,COVERAGE_GIVEN_TIME,DWB_L2,False,rms_low,0.0638806518250589,8945,0.8945105489451055,1.0
MC_S2_DROP_TOP5_R4_L0_STAGE15_MATCHED,NEW_MC,COVERAGE_GIVEN_TIME,DWB_L2,False,rms_medium,2.8895648705617987,4385,0.4385561443855614,1.0
MC_S2_DROP_TOP5_R4_L0_STAGE15_MATCHED,NEW_MC,COVERAGE_GIVEN_TIME,DWB_L2,False,rms_high,29.698017026004035,152,0.0152984701529847,0.1376862313768623
MC_S2_DROP_TOP5_R4_L0_STAGE15_MATCHED,NEW_MC,COVERAGE_GIVEN_TIME,DWB_L2,False,persistent_relation_rms,6.783277350496984,535,0.0535946405359464,0.3215678432156784
MC_S2_DROP_TOP5_R4_L0_STAGE15_MATCHED,NEW_MC,COVERAGE_GIVEN_TIME,DWB_L3,True,component_share_birth,0.0733056546935202,7610,0.761023897610239,1.0
MC_S2_DROP_TOP5_R4_L0_STAGE15_MATCHED,NEW_MC,COVERAGE_GIVEN_TIME,DWB_L3,True,component_share_death,2.2382590010712704,4324,0.4324567543245675,1.0
MC_S2_DROP_TOP5_R4_L0_STAGE15_MATCHED,NEW_MC,COVERAGE_GIVEN_TIME,DWB_L3,True,component_share_increase,0.8372183610312618,3222,0.3222677732226777,1.0
MC_S2_DROP_TOP5_R4_L0_STAGE15_MATCHED,NEW_MC,COVERAGE_GIVEN_TIME,DWB_L3,True,support_share_low,11.834568243332631,383,0.0383961603839616,0.3071692830716928
MC_S2_DROP_TOP5_R4_L0_STAGE15_MATCHED,NEW_MC,COVERAGE_GIVEN_TIME,DWB_L3,True,support_share_medium,15.029899425244714,624,0.0624937506249375,0.4073592640735926
MC_S2_DROP_TOP5_R4_L0_STAGE15_MATCHED,NEW_MC,COVERAGE_GIVEN_TIME,DWB_L3,True,rms_low,0.0638806518250589,8962,0.8962103789621038,1.0
MC_S2_DROP_TOP5_R4_L0_STAGE15_MATCHED,NEW_MC,COVERAGE_GIVEN_TIME,DWB_L3,True,rms_medium,2.8895648705617987,3695,0.3695630436956304,1.0
MC_S2_DROP_TOP5_R4_L0_STAGE15_MATCHED,NEW_MC,COVERAGE_GIVEN_TIME,DWB_L3,True,rms_high,29.698017026004035,326,0.0326967303269673,0.2942705729427057
MC_S2_DROP_TOP5_R4_L0_STAGE15_MATCHED,NEW_MC,COVERAGE_GIVEN_TIME,DWB_L3,True,persistent_relation_rms,6.783277350496984,581,0.0581941805819418,0.4073592640735926
MC_S2_DROP_TOP5_R4_L0_STAGE15_MATCHED,NEW_MC,COVERAGE_GIVEN_TIME,DWB_L4,False,component_share_birth,0.0733056546935202,7270,0.7270272972702729,1.0
MC_S2_DROP_TOP5_R4_L0_STAGE15_MATCHED,NEW_MC,COVERAGE_GIVEN_TIME,DWB_L4,False,component_share_death,2.2382590010712704,4109,0.410958904109589,1.0
MC_S2_DROP_TOP5_R4_L0_STAGE15_MATCHED,NEW_MC,COVERAGE_GIVEN_TIME,DWB_L4,False,component_share_increase,0.8372183610312618,3006,0.3006699330066993,1.0
MC_S2_DROP_TOP5_R4_L0_STAGE15_MATCHED,NEW_MC,COVERAGE_GIVEN_TIME,DWB_L4,False,support_share_low,11.834568243332631,492,0.0492950704929507,0.3943605639436056
MC_S2_DROP_TOP5_R4_L0_STAGE15_MATCHED,NEW_MC,COVERAGE_GIVEN_TIME,DWB_L4,False,support_share_medium,15.029899425244714,713,0.0713928607139286,0.4416558344165583
MC_S2_DROP_TOP5_R4_L0_STAGE15_MATCHED,NEW_MC,COVERAGE_GIVEN_TIME,DWB_L4,False,rms_low,0.0638806518250589,8928,0.8928107189281071,1.0
MC_S2_DROP_TOP5_R4_L0_STAGE15_MATCHED,NEW_MC,COVERAGE_GIVEN_TIME,DWB_L4,False,rms_medium,2.8895648705617987,3158,0.3158684131586841,1.0
MC_S2_DROP_TOP5_R4_L0_STAGE15_MATCHED,NEW_MC,COVERAGE_GIVEN_TIME,DWB_L4,False,rms_high,29.698017026004035,356,0.0356964303569643,0.3212678732126787
MC_S2_DROP_TOP5_R4_L0_STAGE15_MATCHED,NEW_MC,COVERAGE_GIVEN_TIME,DWB_L4,False,persistent_relation_rms,6.783277350496984,630,0.0630936906309369,0.4416558344165583
MC_S2_DROP_TOP5_R4_L1_EXTENDED,NEW_MC,TIME_GIVEN_COVERAGE,LEGACY_RADEMACHER,False,component_share_birth,12.5251297473891,917,0.0917908209179082,0.5507449255074492
MC_S2_DROP_TOP5_R4_L1_EXTENDED,NEW_MC,TIME_GIVEN_COVERAGE,LEGACY_RADEMACHER,False,component_share_death,3.5205661134212995,3008,0.3008699130086991,1.0
MC_S2_DROP_TOP5_R4_L1_EXTENDED,NEW_MC,TIME_GIVEN_COVERAGE,LEGACY_RADEMACHER,False,component_share_increase,0.1796782486851151,6502,0.6502349765023497,1.0
MC_S2_DROP_TOP5_R4_L1_EXTENDED,NEW_MC,TIME_GIVEN_COVERAGE,LEGACY_RADEMACHER,False,support_share_low,5.3653797777651295,5,0.0005999400059994,0.0053994600539946
MC_S2_DROP_TOP5_R4_L1_EXTENDED,NEW_MC,TIME_GIVEN_COVERAGE,LEGACY_RADEMACHER,False,support_share_medium,15.005259456057471,112,0.0112988701129887,0.0903909609039096
MC_S2_DROP_TOP5_R4_L1_EXTENDED,NEW_MC,TIME_GIVEN_COVERAGE,LEGACY_RADEMACHER,False,rms_low,2.010181562684973,2661,0.2661733826617338,1.0
MC_S2_DROP_TOP5_R4_L1_EXTENDED,NEW_MC,TIME_GIVEN_COVERAGE,LEGACY_RADEMACHER,False,rms_medium,9.682168594141729,1430,0.1430856914308569,0.7154284571542846
MC_S2_DROP_TOP5_R4_L1_EXTENDED,NEW_MC,TIME_GIVEN_COVERAGE,LEGACY_RADEMACHER,False,rms_high,13.188703129668486,381,0.0381961803819618,0.2673732626737326
MC_S2_DROP_TOP5_R4_L1_EXTENDED,NEW_MC,TIME_GIVEN_COVERAGE,LEGACY_RADEMACHER,False,persistent_relation_rms,0.3116686738691143,8067,0.8067193280671933,1.0
MC_S2_DROP_TOP5_R4_L1_EXTENDED,NEW_MC,TIME_GIVEN_COVERAGE,GAUSSIAN_L1,False,component_share_birth,12.5251297473891,854,0.0854914508549145,0.5984401559844016
MC_S2_DROP_TOP5_R4_L1_EXTENDED,NEW_MC,TIME_GIVEN_COVERAGE,GAUSSIAN_L1,False,component_share_death,3.5205661134212995,2502,0.2502749725027497,0.9767023297670232
MC_S2_DROP_TOP5_R4_L1_EXTENDED,NEW_MC,TIME_GIVEN_COVERAGE,GAUSSIAN_L1,False,component_share_increase,0.1796782486851151,5640,0.5640435956404359,1.0
MC_S2_DROP_TOP5_R4_L1_EXTENDED,NEW_MC,TIME_GIVEN_COVERAGE,GAUSSIAN_L1,False,support_share_low,5.3653797777651295,311,0.0311968803119688,0.2807719228077192
MC_S2_DROP_TOP5_R4_L1_EXTENDED,NEW_MC,TIME_GIVEN_COVERAGE,GAUSSIAN_L1,False,support_share_medium,15.005259456057471,961,0.0961903809619038,0.5984401559844016
MC_S2_DROP_TOP5_R4_L1_EXTENDED,NEW_MC,TIME_GIVEN_COVERAGE,GAUSSIAN_L1,False,rms_low,2.010181562684973,2441,0.2441755824417558,0.9767023297670232
MC_S2_DROP_TOP5_R4_L1_EXTENDED,NEW_MC,TIME_GIVEN_COVERAGE,GAUSSIAN_L1,False,rms_medium,9.682168594141729,1352,0.1352864713528647,0.6764323567643236
MC_S2_DROP_TOP5_R4_L1_EXTENDED,NEW_MC,TIME_GIVEN_COVERAGE,GAUSSIAN_L1,False,rms_high,13.188703129668486,744,0.0744925507449255,0.595940405959404
MC_S2_DROP_TOP5_R4_L1_EXTENDED,NEW_MC,TIME_GIVEN_COVERAGE,GAUSSIAN_L1,False,persistent_relation_rms,0.3116686738691143,6250,0.625037496250375,1.0
MC_S2_DROP_TOP5_R4_L1_EXTENDED,NEW_MC,TIME_GIVEN_COVERAGE,DWB_L2,False,component_share_birth,12.5251297473891,1305,0.1305869413058694,0.914108589141086
MC_S2_DROP_TOP5_R4_L1_EXTENDED,NEW_MC,TIME_GIVEN_COVERAGE,DWB_L2,False,component_share_death,3.5205661134212995,2982,0.2982701729827017,1.0
MC_S2_DROP_TOP5_R4_L1_EXTENDED,NEW_MC,TIME_GIVEN_COVERAGE,DWB_L2,False,component_share_increase,0.1796782486851151,5635,0.5635436456354365,1.0
MC_S2_DROP_TOP5_R4_L1_EXTENDED,NEW_MC,TIME_GIVEN_COVERAGE,DWB_L2,False,support_share_low,5.3653797777651295,638,0.0638936106389361,0.5750424957504249
MC_S2_DROP_TOP5_R4_L1_EXTENDED,NEW_MC,TIME_GIVEN_COVERAGE,DWB_L2,False,support_share_medium,15.005259456057471,1114,0.1114888511148885,0.8919108089191081
MC_S2_DROP_TOP5_R4_L1_EXTENDED,NEW_MC,TIME_GIVEN_COVERAGE,DWB_L2,False,rms_low,2.010181562684973,2761,0.2761723827617238,1.0
MC_S2_DROP_TOP5_R4_L1_EXTENDED,NEW_MC,TIME_GIVEN_COVERAGE,DWB_L2,False,rms_medium,9.682168594141729,1306,0.1306869313068693,0.914108589141086
MC_S2_DROP_TOP5_R4_L1_EXTENDED,NEW_MC,TIME_GIVEN_COVERAGE,DWB_L2,False,rms_high,13.188703129668486,1309,0.130986901309869,0.914108589141086
MC_S2_DROP_TOP5_R4_L1_EXTENDED,NEW_MC,TIME_GIVEN_COVERAGE,DWB_L2,False,persistent_relation_rms,0.3116686738691143,6339,0.6339366063393661,1.0
MC_S2_DROP_TOP5_R4_L1_EXTENDED,NEW_MC,TIME_GIVEN_COVERAGE,DWB_L3,True,component_share_birth,12.5251297473891,1484,0.1484851514848515,0.975902409759024
MC_S2_DROP_TOP5_R4_L1_EXTENDED,NEW_MC,TIME_GIVEN_COVERAGE,DWB_L3,True,component_share_death,3.5205661134212995,3231,0.3231676832316768,1.0
MC_S2_DROP_TOP5_R4_L1_EXTENDED,NEW_MC,TIME_GIVEN_COVERAGE,DWB_L3,True,component_share_increase,0.1796782486851151,5584,0.5584441555844416,1.0
MC_S2_DROP_TOP5_R4_L1_EXTENDED,NEW_MC,TIME_GIVEN_COVERAGE,DWB_L3,True,support_share_low,5.3653797777651295,902,0.0902909709029097,0.8126187381261873
MC_S2_DROP_TOP5_R4_L1_EXTENDED,NEW_MC,TIME_GIVEN_COVERAGE,DWB_L3,True,support_share_medium,15.005259456057471,1235,0.1235876412358764,0.975902409759024
MC_S2_DROP_TOP5_R4_L1_EXTENDED,NEW_MC,TIME_GIVEN_COVERAGE,DWB_L3,True,rms_low,2.010181562684973,3035,0.3035696430356964,1.0
MC_S2_DROP_TOP5_R4_L1_EXTENDED,NEW_MC,TIME_GIVEN_COVERAGE,DWB_L3,True,rms_medium,9.682168594141729,1219,0.121987801219878,0.975902409759024
MC_S2_DROP_TOP5_R4_L1_EXTENDED,NEW_MC,TIME_GIVEN_COVERAGE,DWB_L3,True,rms_high,13.188703129668486,1443,0.1443855614438556,0.975902409759024
MC_S2_DROP_TOP5_R4_L1_EXTENDED,NEW_MC,TIME_GIVEN_COVERAGE,DWB_L3,True,persistent_relation_rms,0.3116686738691143,6408,0.6408359164083591,1.0
MC_S2_DROP_TOP5_R4_L1_EXTENDED,NEW_MC,TIME_GIVEN_COVERAGE,DWB_L4,False,component_share_birth,12.5251297473891,1547,0.1547845215478452,1.0
MC_S2_DROP_TOP5_R4_L1_EXTENDED,NEW_MC,TIME_GIVEN_COVERAGE,DWB_L4,False,component_share_death,3.5205661134212995,3148,0.3148685131486851,1.0
MC_S2_DROP_TOP5_R4_L1_EXTENDED,NEW_MC,TIME_GIVEN_COVERAGE,DWB_L4,False,component_share_increase,0.1796782486851151,5269,0.5269473052694731,1.0
MC_S2_DROP_TOP5_R4_L1_EXTENDED,NEW_MC,TIME_GIVEN_COVERAGE,DWB_L4,False,support_share_low,5.3653797777651295,1161,0.1161883811618838,1.0
MC_S2_DROP_TOP5_R4_L1_EXTENDED,NEW_MC,TIME_GIVEN_COVERAGE,DWB_L4,False,support_share_medium,15.005259456057471,1473,0.1473852614738526,1.0
MC_S2_DROP_TOP5_R4_L1_EXTENDED,NEW_MC,TIME_GIVEN_COVERAGE,DWB_L4,False,rms_low,2.010181562684973,3251,0.3251674832516748,1.0
MC_S2_DROP_TOP5_R4_L1_EXTENDED,NEW_MC,TIME_GIVEN_COVERAGE,DWB_L4,False,rms_medium,9.682168594141729,1305,0.1305869413058694,1.0
MC_S2_DROP_TOP5_R4_L1_EXTENDED,NEW_MC,TIME_GIVEN_COVERAGE,DWB_L4,False,rms_high,13.188703129668486,1532,0.1532846715328467,1.0
MC_S2_DROP_TOP5_R4_L1_EXTENDED,NEW_MC,TIME_GIVEN_COVERAGE,DWB_L4,False,persistent_relation_rms,0.3116686738691143,6346,0.6346365363463654,1.0
MC_S2_DROP_TOP5_R4_L1_EXTENDED,NEW_MC,COVERAGE_GIVEN_TIME,LEGACY_RADEMACHER,False,component_share_birth,2.89563380128142,4586,0.4586541345865413,1.0
MC_S2_DROP_TOP5_R4_L1_EXTENDED,NEW_MC,COVERAGE_GIVEN_TIME,LEGACY_RADEMACHER,False,component_share_death,3.5857401186640345,2065,0.2065793420657934,1.0
MC_S2_DROP_TOP5_R4_L1_EXTENDED,NEW_MC,COVERAGE_GIVEN_TIME,LEGACY_RADEMACHER,False,component_share_increase,0.7898429609491693,3004,0.3004699530046995,1.0
MC_S2_DROP_TOP5_R4_L1_EXTENDED,NEW_MC,COVERAGE_GIVEN_TIME,LEGACY_RADEMACHER,False,support_share_low,7.445941857820264,185,0.0185981401859814,0.1487851214878512
MC_S2_DROP_TOP5_R4_L1_EXTENDED,NEW_MC,COVERAGE_GIVEN_TIME,LEGACY_RADEMACHER,False,support_share_medium,14.343728832366168,2085,0.2085791420857914,1.0
MC_S2_DROP_TOP5_R4_L1_EXTENDED,NEW_MC,COVERAGE_GIVEN_TIME,LEGACY_RADEMACHER,False,rms_low,0.2012370743664266,6726,0.6726327367263274,1.0
MC_S2_DROP_TOP5_R4_L1_EXTENDED,NEW_MC,COVERAGE_GIVEN_TIME,LEGACY_RADEMACHER,False,rms_medium,7.115676554395748,4207,0.4207579242075792,1.0
MC_S2_DROP_TOP5_R4_L1_EXTENDED,NEW_MC,COVERAGE_GIVEN_TIME,LEGACY_RADEMACHER,False,rms_high,34.1212368403512,0,9.999000099990002e-05,0.0008999100089991
MC_S2_DROP_TOP5_R4_L1_EXTENDED,NEW_MC,COVERAGE_GIVEN_TIME,LEGACY_RADEMACHER,False,persistent_relation_rms,2.9326701899116685,2638,0.2638736126387361,1.0
MC_S2_DROP_TOP5_R4_L1_EXTENDED,NEW_MC,COVERAGE_GIVEN_TIME,GAUSSIAN_L1,False,component_share_birth,2.89563380128142,4468,0.4468553144685531,1.0
MC_S2_DROP_TOP5_R4_L1_EXTENDED,NEW_MC,COVERAGE_GIVEN_TIME,GAUSSIAN_L1,False,component_share_death,3.5857401186640345,2038,0.2038796120387961,1.0
MC_S2_DROP_TOP5_R4_L1_EXTENDED,NEW_MC,COVERAGE_GIVEN_TIME,GAUSSIAN_L1,False,component_share_increase,0.7898429609491693,2464,0.2464753524647535,1.0
MC_S2_DROP_TOP5_R4_L1_EXTENDED,NEW_MC,COVERAGE_GIVEN_TIME,GAUSSIAN_L1,False,support_share_low,7.445941857820264,254,0.0254974502549745,0.203979602039796
MC_S2_DROP_TOP5_R4_L1_EXTENDED,NEW_MC,COVERAGE_GIVEN_TIME,GAUSSIAN_L1,False,support_share_medium,14.343728832366168,2019,0.201979802019798,1.0
MC_S2_DROP_TOP5_R4_L1_EXTENDED,NEW_MC,COVERAGE_GIVEN_TIME,GAUSSIAN_L1,False,rms_low,0.2012370743664266,6444,0.6444355564443556,1.0
MC_S2_DROP_TOP5_R4_L1_EXTENDED,NEW_MC,COVERAGE_GIVEN_TIME,GAUSSIAN_L1,False,rms_medium,7.115676554395748,4040,0.4040595940405959,1.0
MC_S2_DROP_TOP5_R4_L1_EXTENDED,NEW_MC,COVERAGE_GIVEN_TIME,GAUSSIAN_L1,False,rms_high,34.1212368403512,30,0.0030996900309969,0.0278972102789721
MC_S2_DROP_TOP5_R4_L1_EXTENDED,NEW_MC,COVERAGE_GIVEN_TIME,GAUSSIAN_L1,False,persistent_relation_rms,2.9326701899116685,2348,0.2348765123487651,1.0
MC_S2_DROP_TOP5_R4_L1_EXTENDED,NEW_MC,COVERAGE_GIVEN_TIME,DWB_L2,False,component_share_birth,2.89563380128142,4526,0.4526547345265473,1.0
MC_S2_DROP_TOP5_R4_L1_EXTENDED,NEW_MC,COVERAGE_GIVEN_TIME,DWB_L2,False,component_share_death,3.5857401186640345,2276,0.2276772322767723,1.0
MC_S2_DROP_TOP5_R4_L1_EXTENDED,NEW_MC,COVERAGE_GIVEN_TIME,DWB_L2,False,component_share_increase,0.7898429609491693,2395,0.2395760423957604,1.0
MC_S2_DROP_TOP5_R4_L1_EXTENDED,NEW_MC,COVERAGE_GIVEN_TIME,DWB_L2,False,support_share_low,7.445941857820264,546,0.0546945305469453,0.4375562443755624
MC_S2_DROP_TOP5_R4_L1_EXTENDED,NEW_MC,COVERAGE_GIVEN_TIME,DWB_L2,False,support_share_medium,14.343728832366168,2311,0.2311768823117688,1.0
MC_S2_DROP_TOP5_R4_L1_EXTENDED,NEW_MC,COVERAGE_GIVEN_TIME,DWB_L2,False,rms_low,0.2012370743664266,6581,0.6581341865813418,1.0
MC_S2_DROP_TOP5_R4_L1_EXTENDED,NEW_MC,COVERAGE_GIVEN_TIME,DWB_L2,False,rms_medium,7.115676554395748,4106,0.4106589341065893,1.0
MC_S2_DROP_TOP5_R4_L1_EXTENDED,NEW_MC,COVERAGE_GIVEN_TIME,DWB_L2,False,rms_high,34.1212368403512,186,0.0186981301869813,0.1682831716828317
MC_S2_DROP_TOP5_R4_L1_EXTENDED,NEW_MC,COVERAGE_GIVEN_TIME,DWB_L2,False,persistent_relation_rms,2.9326701899116685,2401,0.2401759824017598,1.0
MC_S2_DROP_TOP5_R4_L1_EXTENDED,NEW_MC,COVERAGE_GIVEN_TIME,DWB_L3,True,component_share_birth,2.89563380128142,4135,0.4135586441355864,1.0
MC_S2_DROP_TOP5_R4_L1_EXTENDED,NEW_MC,COVERAGE_GIVEN_TIME,DWB_L3,True,component_share_death,3.5857401186640345,2347,0.2347765223477652,1.0
MC_S2_DROP_TOP5_R4_L1_EXTENDED,NEW_MC,COVERAGE_GIVEN_TIME,DWB_L3,True,component_share_increase,0.7898429609491693,2310,0.2310768923107689,1.0
MC_S2_DROP_TOP5_R4_L1_EXTENDED,NEW_MC,COVERAGE_GIVEN_TIME,DWB_L3,True,support_share_low,7.445941857820264,639,0.063993600639936,0.511948805119488
MC_S2_DROP_TOP5_R4_L1_EXTENDED,NEW_MC,COVERAGE_GIVEN_TIME,DWB_L3,True,support_share_medium,14.343728832366168,2299,0.22997700229977,1.0
MC_S2_DROP_TOP5_R4_L1_EXTENDED,NEW_MC,COVERAGE_GIVEN_TIME,DWB_L3,True,rms_low,0.2012370743664266,6464,0.6464353564643536,1.0
MC_S2_DROP_TOP5_R4_L1_EXTENDED,NEW_MC,COVERAGE_GIVEN_TIME,DWB_L3,True,rms_medium,7.115676554395748,3592,0.3592640735926407,1.0
MC_S2_DROP_TOP5_R4_L1_EXTENDED,NEW_MC,COVERAGE_GIVEN_TIME,DWB_L3,True,rms_high,34.1212368403512,250,0.0250974902509749,0.2258774122587741
MC_S2_DROP_TOP5_R4_L1_EXTENDED,NEW_MC,COVERAGE_GIVEN_TIME,DWB_L3,True,persistent_relation_rms,2.9326701899116685,2036,0.2036796320367963,1.0
MC_S2_DROP_TOP5_R4_L1_EXTENDED,NEW_MC,COVERAGE_GIVEN_TIME,DWB_L4,False,component_share_birth,2.89563380128142,3647,0.3647635236476352,1.0
MC_S2_DROP_TOP5_R4_L1_EXTENDED,NEW_MC,COVERAGE_GIVEN_TIME,DWB_L4,False,component_share_death,3.5857401186640345,2114,0.2114788521147885,1.0
MC_S2_DROP_TOP5_R4_L1_EXTENDED,NEW_MC,COVERAGE_GIVEN_TIME,DWB_L4,False,component_share_increase,0.7898429609491693,2087,0.2087791220877912,1.0
MC_S2_DROP_TOP5_R4_L1_EXTENDED,NEW_MC,COVERAGE_GIVEN_TIME,DWB_L4,False,support_share_low,7.445941857820264,648,0.0648935106489351,0.5191480851914808
MC_S2_DROP_TOP5_R4_L1_EXTENDED,NEW_MC,COVERAGE_GIVEN_TIME,DWB_L4,False,support_share_medium,14.343728832366168,2029,0.202979702029797,1.0
MC_S2_DROP_TOP5_R4_L1_EXTENDED,NEW_MC,COVERAGE_GIVEN_TIME,DWB_L4,False,rms_low,0.2012370743664266,6548,0.6548345165483451,1.0
MC_S2_DROP_TOP5_R4_L1_EXTENDED,NEW_MC,COVERAGE_GIVEN_TIME,DWB_L4,False,rms_medium,7.115676554395748,2979,0.297970202979702,1.0
MC_S2_DROP_TOP5_R4_L1_EXTENDED,NEW_MC,COVERAGE_GIVEN_TIME,DWB_L4,False,rms_high,34.1212368403512,341,0.0341965803419658,0.3077692230776922
MC_S2_DROP_TOP5_R4_L1_EXTENDED,NEW_MC,COVERAGE_GIVEN_TIME,DWB_L4,False,persistent_relation_rms,2.9326701899116685,1860,0.1860813918608139,1.0
MC_S2_DROP_TOP5_R4_L2_HIGH,NEW_MC,TIME_GIVEN_COVERAGE,LEGACY_RADEMACHER,False,component_share_birth,3.810650255197327,1166,0.1166883311668833,0.7001299870012998
MC_S2_DROP_TOP5_R4_L2_HIGH,NEW_MC,TIME_GIVEN_COVERAGE,LEGACY_RADEMACHER,False,component_share_death,2.9864541879545605,4036,0.4036596340365963,1.0
MC_S2_DROP_TOP5_R4_L2_HIGH,NEW_MC,TIME_GIVEN_COVERAGE,LEGACY_RADEMACHER,False,component_share_increase,0.5043972039710205,4511,0.4511548845115488,1.0
MC_S2_DROP_TOP5_R4_L2_HIGH,NEW_MC,TIME_GIVEN_COVERAGE,LEGACY_RADEMACHER,False,support_share_low,7.347181414814786,3,0.0003999600039996,0.0035996400359964
MC_S2_DROP_TOP5_R4_L2_HIGH,NEW_MC,TIME_GIVEN_COVERAGE,LEGACY_RADEMACHER,False,support_share_medium,11.48436909071403,11,0.0011998800119988,0.0095990400959904
MC_S2_DROP_TOP5_R4_L2_HIGH,NEW_MC,TIME_GIVEN_COVERAGE,LEGACY_RADEMACHER,False,rms_low,0.0388391535454104,8767,0.8767123287671232,1.0
MC_S2_DROP_TOP5_R4_L2_HIGH,NEW_MC,TIME_GIVEN_COVERAGE,LEGACY_RADEMACHER,False,rms_medium,3.3326882276987533,1398,0.1398860113988601,0.7001299870012998
MC_S2_DROP_TOP5_R4_L2_HIGH,NEW_MC,TIME_GIVEN_COVERAGE,LEGACY_RADEMACHER,False,rms_high,9.611536628486768,476,0.0476952304769523,0.3338666133386661
MC_S2_DROP_TOP5_R4_L2_HIGH,NEW_MC,TIME_GIVEN_COVERAGE,LEGACY_RADEMACHER,False,persistent_relation_rms,3.438820945689258e-05,9945,0.9945005499450056,1.0
MC_S2_DROP_TOP5_R4_L2_HIGH,NEW_MC,TIME_GIVEN_COVERAGE,GAUSSIAN_L1,False,component_share_birth,3.810650255197327,1131,0.1131886811318868,0.6791320867913209
MC_S2_DROP_TOP5_R4_L2_HIGH,NEW_MC,TIME_GIVEN_COVERAGE,GAUSSIAN_L1,False,component_share_death,2.9864541879545605,3123,0.3123687631236876,1.0
MC_S2_DROP_TOP5_R4_L2_HIGH,NEW_MC,TIME_GIVEN_COVERAGE,GAUSSIAN_L1,False,component_share_increase,0.5043972039710205,3796,0.3796620337966203,1.0
MC_S2_DROP_TOP5_R4_L2_HIGH,NEW_MC,TIME_GIVEN_COVERAGE,GAUSSIAN_L1,False,support_share_low,7.347181414814786,176,0.0176982301769823,0.1592840715928407
MC_S2_DROP_TOP5_R4_L2_HIGH,NEW_MC,TIME_GIVEN_COVERAGE,GAUSSIAN_L1,False,support_share_medium,11.48436909071403,512,0.0512948705129487,0.4103589641035896
MC_S2_DROP_TOP5_R4_L2_HIGH,NEW_MC,TIME_GIVEN_COVERAGE,GAUSSIAN_L1,False,rms_low,0.0388391535454104,8766,0.8766123387661234,1.0
MC_S2_DROP_TOP5_R4_L2_HIGH,NEW_MC,TIME_GIVEN_COVERAGE,GAUSSIAN_L1,False,rms_medium,3.3326882276987533,1378,0.1378862113788621,0.6894310568943106
MC_S2_DROP_TOP5_R4_L2_HIGH,NEW_MC,TIME_GIVEN_COVERAGE,GAUSSIAN_L1,False,rms_high,9.611536628486768,801,0.0801919808019198,0.5613438656134386
MC_S2_DROP_TOP5_R4_L2_HIGH,NEW_MC,TIME_GIVEN_COVERAGE,GAUSSIAN_L1,False,persistent_relation_rms,3.438820945689258e-05,9946,0.9946005399460054,1.0
MC_S2_DROP_TOP5_R4_L2_HIGH,NEW_MC,TIME_GIVEN_COVERAGE,DWB_L2,False,component_share_birth,3.810650255197327,1597,0.1597840215978402,0.9603039696030397
MC_S2_DROP_TOP5_R4_L2_HIGH,NEW_MC,TIME_GIVEN_COVERAGE,DWB_L2,False,component_share_death,2.9864541879545605,3295,0.3295670432956704,1.0
MC_S2_DROP_TOP5_R4_L2_HIGH,NEW_MC,TIME_GIVEN_COVERAGE,DWB_L2,False,component_share_increase,0.5043972039710205,3764,0.3764623537646235,1.0
MC_S2_DROP_TOP5_R4_L2_HIGH,NEW_MC,TIME_GIVEN_COVERAGE,DWB_L2,False,support_share_low,7.347181414814786,528,0.0528947105289471,0.4760523947605239
MC_S2_DROP_TOP5_R4_L2_HIGH,NEW_MC,TIME_GIVEN_COVERAGE,DWB_L2,False,support_share_medium,11.48436909071403,779,0.077992200779922,0.6239376062393761
MC_S2_DROP_TOP5_R4_L2_HIGH,NEW_MC,TIME_GIVEN_COVERAGE,DWB_L2,False,rms_low,0.0388391535454104,8648,0.8648135186481352,1.0
MC_S2_DROP_TOP5_R4_L2_HIGH,NEW_MC,TIME_GIVEN_COVERAGE,DWB_L2,False,rms_medium,3.3326882276987533,1399,0.13998600139986,0.9603039696030397
MC_S2_DROP_TOP5_R4_L2_HIGH,NEW_MC,TIME_GIVEN_COVERAGE,DWB_L2,False,rms_high,9.611536628486768,1371,0.1371862813718628,0.9603039696030397
MC_S2_DROP_TOP5_R4_L2_HIGH,NEW_MC,TIME_GIVEN_COVERAGE,DWB_L2,False,persistent_relation_rms,3.438820945689258e-05,9957,0.9957004299570044,1.0
MC_S2_DROP_TOP5_R4_L2_HIGH,NEW_MC,TIME_GIVEN_COVERAGE,DWB_L3,True,component_share_birth,3.810650255197327,1898,0.1898810118988101,1.0
MC_S2_DROP_TOP5_R4_L2_HIGH,NEW_MC,TIME_GIVEN_COVERAGE,DWB_L3,True,component_share_death,2.9864541879545605,3573,0.3573642635736426,1.0
MC_S2_DROP_TOP5_R4_L2_HIGH,NEW_MC,TIME_GIVEN_COVERAGE,DWB_L3,True,component_share_increase,0.5043972039710205,3836,0.3836616338366163,1.0
MC_S2_DROP_TOP5_R4_L2_HIGH,NEW_MC,TIME_GIVEN_COVERAGE,DWB_L3,True,support_share_low,7.347181414814786,838,0.0838916108389161,0.7550244975502449
MC_S2_DROP_TOP5_R4_L2_HIGH,NEW_MC,TIME_GIVEN_COVERAGE,DWB_L3,True,support_share_medium,11.48436909071403,1048,0.1048895110488951,0.8391160883911609
MC_S2_DROP_TOP5_R4_L2_HIGH,NEW_MC,TIME_GIVEN_COVERAGE,DWB_L3,True,rms_low,0.0388391535454104,8751,0.8751124887511249,1.0
MC_S2_DROP_TOP5_R4_L2_HIGH,NEW_MC,TIME_GIVEN_COVERAGE,DWB_L3,True,rms_medium,3.3326882276987533,1457,0.1457854214578542,1.0
MC_S2_DROP_TOP5_R4_L2_HIGH,NEW_MC,TIME_GIVEN_COVERAGE,DWB_L3,True,rms_high,9.611536628486768,1527,0.1527847215278472,1.0
MC_S2_DROP_TOP5_R4_L2_HIGH,NEW_MC,TIME_GIVEN_COVERAGE,DWB_L3,True,persistent_relation_rms,3.438820945689258e-05,9953,0.9953004699530048,1.0
MC_S2_DROP_TOP5_R4_L2_HIGH,NEW_MC,TIME_GIVEN_COVERAGE,DWB_L4,False,component_share_birth,3.810650255197327,1950,0.1950804919508049,1.0
MC_S2_DROP_TOP5_R4_L2_HIGH,NEW_MC,TIME_GIVEN_COVERAGE,DWB_L4,False,component_share_death,2.9864541879545605,3525,0.3525647435256474,1.0
MC_S2_DROP_TOP5_R4_L2_HIGH,NEW_MC,TIME_GIVEN_COVERAGE,DWB_L4,False,component_share_increase,0.5043972039710205,3554,0.3554644535546445,1.0
MC_S2_DROP_TOP5_R4_L2_HIGH,NEW_MC,TIME_GIVEN_COVERAGE,DWB_L4,False,support_share_low,7.347181414814786,1028,0.1028897110288971,0.926007399260074
MC_S2_DROP_TOP5_R4_L2_HIGH,NEW_MC,TIME_GIVEN_COVERAGE,DWB_L4,False,support_share_medium,11.48436909071403,1152,0.1152884711528847,0.926007399260074
MC_S2_DROP_TOP5_R4_L2_HIGH,NEW_MC,TIME_GIVEN_COVERAGE,DWB_L4,False,rms_low,0.0388391535454104,8787,0.8787121287871212,1.0
MC_S2_DROP_TOP5_R4_L2_HIGH,NEW_MC,TIME_GIVEN_COVERAGE,DWB_L4,False,rms_medium,3.3326882276987533,1428,0.1428857114288571,1.0
MC_S2_DROP_TOP5_R4_L2_HIGH,NEW_MC,TIME_GIVEN_COVERAGE,DWB_L4,False,rms_high,9.611536628486768,1601,0.1601839816018398,1.0
MC_S2_DROP_TOP5_R4_L2_HIGH,NEW_MC,TIME_GIVEN_COVERAGE,DWB_L4,False,persistent_relation_rms,3.438820945689258e-05,9949,0.9949005099490053,1.0
MC_S2_DROP_TOP5_R4_L2_HIGH,NEW_MC,COVERAGE_GIVEN_TIME,LEGACY_RADEMACHER,False,component_share_birth,0.0422534084860366,8648,0.8648135186481352,1.0
MC_S2_DROP_TOP5_R4_L2_HIGH,NEW_MC,COVERAGE_GIVEN_TIME,LEGACY_RADEMACHER,False,component_share_death,1.5203613054646787,4340,0.4340565943405659,1.0
MC_S2_DROP_TOP5_R4_L2_HIGH,NEW_MC,COVERAGE_GIVEN_TIME,LEGACY_RADEMACHER,False,component_share_increase,0.5453590775385688,5160,0.516048395160484,1.0
MC_S2_DROP_TOP5_R4_L2_HIGH,NEW_MC,COVERAGE_GIVEN_TIME,LEGACY_RADEMACHER,False,support_share_low,14.631690089221614,0,9.999000099990002e-05,0.0008999100089991
MC_S2_DROP_TOP5_R4_L2_HIGH,NEW_MC,COVERAGE_GIVEN_TIME,LEGACY_RADEMACHER,False,support_share_medium,23.04192629467816,0,9.999000099990002e-05,0.0008999100089991
MC_S2_DROP_TOP5_R4_L2_HIGH,NEW_MC,COVERAGE_GIVEN_TIME,LEGACY_RADEMACHER,False,rms_low,14.789659220323813,644,0.0644935506449355,0.386961303869613
MC_S2_DROP_TOP5_R4_L2_HIGH,NEW_MC,COVERAGE_GIVEN_TIME,LEGACY_RADEMACHER,False,rms_medium,3.7587005292718487,4890,0.4890510948905109,1.0
MC_S2_DROP_TOP5_R4_L2_HIGH,NEW_MC,COVERAGE_GIVEN_TIME,LEGACY_RADEMACHER,False,rms_high,25.7876699546238,6,0.0006999300069993,0.0048995100489951
MC_S2_DROP_TOP5_R4_L2_HIGH,NEW_MC,COVERAGE_GIVEN_TIME,LEGACY_RADEMACHER,False,persistent_relation_rms,3.485774146007536,1608,0.1608839116088391,0.8044195580441955
MC_S2_DROP_TOP5_R4_L2_HIGH,NEW_MC,COVERAGE_GIVEN_TIME,GAUSSIAN_L1,False,component_share_birth,0.0422534084860366,8548,0.8548145185481452,1.0
MC_S2_DROP_TOP5_R4_L2_HIGH,NEW_MC,COVERAGE_GIVEN_TIME,GAUSSIAN_L1,False,component_share_death,1.5203613054646787,3972,0.3972602739726027,1.0
MC_S2_DROP_TOP5_R4_L2_HIGH,NEW_MC,COVERAGE_GIVEN_TIME,GAUSSIAN_L1,False,component_share_increase,0.5453590775385688,3690,0.3690630936906309,1.0
MC_S2_DROP_TOP5_R4_L2_HIGH,NEW_MC,COVERAGE_GIVEN_TIME,GAUSSIAN_L1,False,support_share_low,14.631690089221614,19,0.001999800019998,0.017998200179982
MC_S2_DROP_TOP5_R4_L2_HIGH,NEW_MC,COVERAGE_GIVEN_TIME,GAUSSIAN_L1,False,support_share_medium,23.04192629467816,57,0.0057994200579942,0.0405959404059594
MC_S2_DROP_TOP5_R4_L2_HIGH,NEW_MC,COVERAGE_GIVEN_TIME,GAUSSIAN_L1,False,rms_low,14.789659220323813,675,0.0675932406759324,0.4055594440555944
MC_S2_DROP_TOP5_R4_L2_HIGH,NEW_MC,COVERAGE_GIVEN_TIME,GAUSSIAN_L1,False,rms_medium,3.7587005292718487,4242,0.4242575742425757,1.0
MC_S2_DROP_TOP5_R4_L2_HIGH,NEW_MC,COVERAGE_GIVEN_TIME,GAUSSIAN_L1,False,rms_high,25.7876699546238,33,0.0033996600339966,0.0271972802719728
MC_S2_DROP_TOP5_R4_L2_HIGH,NEW_MC,COVERAGE_GIVEN_TIME,GAUSSIAN_L1,False,persistent_relation_rms,3.485774146007536,1630,0.1630836916308369,0.8154184581541846
MC_S2_DROP_TOP5_R4_L2_HIGH,NEW_MC,COVERAGE_GIVEN_TIME,DWB_L2,False,component_share_birth,0.0422534084860366,8477,0.8477152284771523,1.0
MC_S2_DROP_TOP5_R4_L2_HIGH,NEW_MC,COVERAGE_GIVEN_TIME,DWB_L2,False,component_share_death,1.5203613054646787,4059,0.405959404059594,1.0
MC_S2_DROP_TOP5_R4_L2_HIGH,NEW_MC,COVERAGE_GIVEN_TIME,DWB_L2,False,component_share_increase,0.5453590775385688,3473,0.3473652634736526,1.0
MC_S2_DROP_TOP5_R4_L2_HIGH,NEW_MC,COVERAGE_GIVEN_TIME,DWB_L2,False,support_share_low,14.631690089221614,115,0.0115988401159884,0.1043895610438956
MC_S2_DROP_TOP5_R4_L2_HIGH,NEW_MC,COVERAGE_GIVEN_TIME,DWB_L2,False,support_share_medium,23.04192629467816,173,0.0173982601739826,0.1391860813918608
MC_S2_DROP_TOP5_R4_L2_HIGH,NEW_MC,COVERAGE_GIVEN_TIME,DWB_L2,False,rms_low,14.789659220323813,1275,0.1275872412758724,0.7655234476552346
MC_S2_DROP_TOP5_R4_L2_HIGH,NEW_MC,COVERAGE_GIVEN_TIME,DWB_L2,False,rms_medium,3.7587005292718487,4226,0.4226577342265773,1.0
MC_S2_DROP_TOP5_R4_L2_HIGH,NEW_MC,COVERAGE_GIVEN_TIME,DWB_L2,False,rms_high,25.7876699546238,184,0.0184981501849815,0.1391860813918608
MC_S2_DROP_TOP5_R4_L2_HIGH,NEW_MC,COVERAGE_GIVEN_TIME,DWB_L2,False,persistent_relation_rms,3.485774146007536,1651,0.1651834816518348,0.8259174082591741
MC_S2_DROP_TOP5_R4_L2_HIGH,NEW_MC,COVERAGE_GIVEN_TIME,DWB_L3,True,component_share_birth,0.0422534084860366,8247,0.8247175282471753,1.0
MC_S2_DROP_TOP5_R4_L2_HIGH,NEW_MC,COVERAGE_GIVEN_TIME,DWB_L3,True,component_share_death,1.5203613054646787,3959,0.395960403959604,1.0
MC_S2_DROP_TOP5_R4_L2_HIGH,NEW_MC,COVERAGE_GIVEN_TIME,DWB_L3,True,component_share_increase,0.5453590775385688,3361,0.3361663833616638,1.0
MC_S2_DROP_TOP5_R4_L2_HIGH,NEW_MC,COVERAGE_GIVEN_TIME,DWB_L3,True,support_share_low,14.631690089221614,216,0.0216978302169783,0.1952804719528047
MC_S2_DROP_TOP5_R4_L2_HIGH,NEW_MC,COVERAGE_GIVEN_TIME,DWB_L3,True,support_share_medium,23.04192629467816,279,0.027997200279972,0.2151784821517848
MC_S2_DROP_TOP5_R4_L2_HIGH,NEW_MC,COVERAGE_GIVEN_TIME,DWB_L3,True,rms_low,14.789659220323813,1483,0.1483851614838516,0.8705129487051295
MC_S2_DROP_TOP5_R4_L2_HIGH,NEW_MC,COVERAGE_GIVEN_TIME,DWB_L3,True,rms_medium,3.7587005292718487,3525,0.3525647435256474,1.0
MC_S2_DROP_TOP5_R4_L2_HIGH,NEW_MC,COVERAGE_GIVEN_TIME,DWB_L3,True,rms_high,25.7876699546238,268,0.0268973102689731,0.2151784821517848
MC_S2_DROP_TOP5_R4_L2_HIGH,NEW_MC,COVERAGE_GIVEN_TIME,DWB_L3,True,persistent_relation_rms,3.485774146007536,1450,0.1450854914508549,0.8705129487051295
MC_S2_DROP_TOP5_R4_L2_HIGH,NEW_MC,COVERAGE_GIVEN_TIME,DWB_L4,False,component_share_birth,0.0422534084860366,8115,0.8115188481151885,1.0
MC_S2_DROP_TOP5_R4_L2_HIGH,NEW_MC,COVERAGE_GIVEN_TIME,DWB_L4,False,component_share_death,1.5203613054646787,3650,0.3650634936506349,1.0
MC_S2_DROP_TOP5_R4_L2_HIGH,NEW_MC,COVERAGE_GIVEN_TIME,DWB_L4,False,component_share_increase,0.5453590775385688,3149,0.314968503149685,1.0
MC_S2_DROP_TOP5_R4_L2_HIGH,NEW_MC,COVERAGE_GIVEN_TIME,DWB_L4,False,support_share_low,14.631690089221614,357,0.0357964203579642,0.3221677832216778
MC_S2_DROP_TOP5_R4_L2_HIGH,NEW_MC,COVERAGE_GIVEN_TIME,DWB_L4,False,support_share_medium,23.04192629467816,381,0.0381961803819618,0.3221677832216778
MC_S2_DROP_TOP5_R4_L2_HIGH,NEW_MC,COVERAGE_GIVEN_TIME,DWB_L4,False,rms_low,14.789659220323813,1481,0.1481851814818518,0.8045195480451955
MC_S2_DROP_TOP5_R4_L2_HIGH,NEW_MC,COVERAGE_GIVEN_TIME,DWB_L4,False,rms_medium,3.7587005292718487,2930,0.2930706929307069,1.0
MC_S2_DROP_TOP5_R4_L2_HIGH,NEW_MC,COVERAGE_GIVEN_TIME,DWB_L4,False,rms_high,25.7876699546238,366,0.0366963303669633,0.3221677832216778
MC_S2_DROP_TOP5_R4_L2_HIGH,NEW_MC,COVERAGE_GIVEN_TIME,DWB_L4,False,persistent_relation_rms,3.485774146007536,1340,0.1340865913408659,0.8045195480451955
