dataset_id,provenance,direction,scheme,primary_scheme,B,seed_uint64,delta_RSS_observed,RSS_reduced,partial_R2,extreme_count_upper,p_add_one_upper,shared_multiplier_across_9_dimensions,null_array_key,p_holm_two_directions
BASELINE_STAGE15_S0,BASELINE,TIME_GIVEN_COVERAGE,LEGACY_RADEMACHER,False,10000,3799440583009682871,15.547926633440506,177.7714976056802,0.0874601769285185,1344,0.1344865513448655,True,3db03bd665ee6aec0bc0,0.1344865513448655
BASELINE_STAGE15_S0,BASELINE,TIME_GIVEN_COVERAGE,GAUSSIAN_L1,False,10000,17553844253032751855,15.547926633440506,177.7714976056802,0.0874601769285185,2063,0.2063793620637936,True,8712623be9b5e2e31206,0.2063793620637936
BASELINE_STAGE15_S0,BASELINE,TIME_GIVEN_COVERAGE,DWB_L2,False,10000,11595261326928366891,15.547926633440506,177.7714976056802,0.0874601769285185,2423,0.2423757624237576,True,f14439a784a85459cd4b,0.2423757624237576
BASELINE_STAGE15_S0,BASELINE,TIME_GIVEN_COVERAGE,DWB_L3,True,10000,7883372862708444154,15.547926633440506,177.7714976056802,0.0874601769285185,2488,0.2488751124887511,True,784c8b3397548532ca3c,0.2488751124887511
BASELINE_STAGE15_S0,BASELINE,TIME_GIVEN_COVERAGE,DWB_L4,False,10000,5913069990956307999,15.547926633440506,177.7714976056802,0.0874601769285185,2516,0.2516748325167483,True,010985c4fe5ca4057cf9,0.2516748325167483
BASELINE_STAGE15_S0,BASELINE,COVERAGE_GIVEN_TIME,LEGACY_RADEMACHER,False,10000,14679254775481005891,36.916590659022525,199.14016163126223,0.1853799372091457,1,0.0001999800019998,True,6fec5e559fa69f751d74,0.0003999600039996
BASELINE_STAGE15_S0,BASELINE,COVERAGE_GIVEN_TIME,GAUSSIAN_L1,False,10000,6333170349217207589,36.916590659022525,199.14016163126223,0.1853799372091457,120,0.0120987901209879,True,b1f6fb7219801e1cbcb8,0.0241975802419758
BASELINE_STAGE15_S0,BASELINE,COVERAGE_GIVEN_TIME,DWB_L2,False,10000,16005437537843875786,36.916590659022525,199.14016163126223,0.1853799372091457,249,0.024997500249975,True,6f25a14a51e2310acb0a,0.04999500049995
BASELINE_STAGE15_S0,BASELINE,COVERAGE_GIVEN_TIME,DWB_L3,True,10000,8258755251271224740,36.916590659022525,199.14016163126223,0.1853799372091457,491,0.0491950804919508,True,887564f902387ad938e7,0.0983901609839016
BASELINE_STAGE15_S0,BASELINE,COVERAGE_GIVEN_TIME,DWB_L4,False,10000,14976703976802733976,36.916590659022525,199.14016163126223,0.1853799372091457,647,0.0647935206479352,True,9c2567d99108e36ea1df,0.1295870412958704
BASELINE_V06_S0_FULL,BASELINE,TIME_GIVEN_COVERAGE,LEGACY_RADEMACHER,False,10000,6926942161550747632,13.326579515688511,235.62544860098964,0.0565583199727117,5132,0.5132486751324867,True,3a3ce5cd9a3f9bd9a416,0.5132486751324867
BASELINE_V06_S0_FULL,BASELINE,TIME_GIVEN_COVERAGE,GAUSSIAN_L1,False,10000,1194627232740811596,13.326579515688511,235.62544860098964,0.0565583199727117,3734,0.3734626537346265,True,36a94e4d39960d243f34,0.3734626537346265
BASELINE_V06_S0_FULL,BASELINE,TIME_GIVEN_COVERAGE,DWB_L2,False,10000,12465728650368029509,13.326579515688511,235.62544860098964,0.0565583199727117,3670,0.3670632936706329,True,6cc3be70c7042d116dca,0.3670632936706329
BASELINE_V06_S0_FULL,BASELINE,TIME_GIVEN_COVERAGE,DWB_L3,True,10000,18420228182266132850,13.326579515688511,235.62544860098964,0.0565583199727117,3609,0.360963903609639,True,6b8923d65adb3cb85495,0.360963903609639
BASELINE_V06_S0_FULL,BASELINE,TIME_GIVEN_COVERAGE,DWB_L4,False,10000,11184458634406724810,13.326579515688511,235.62544860098964,0.0565583199727117,3547,0.3547645235476452,True,7e6923fbddb3206111f7,0.3547645235476452
BASELINE_V06_S0_FULL,BASELINE,COVERAGE_GIVEN_TIME,LEGACY_RADEMACHER,False,10000,12771696069782389611,55.24773446958898,277.54660355489005,0.1990575051611565,0,9.999000099990002e-05,True,03dbfeafa3c29c9bfef1,0.0001999800019998
BASELINE_V06_S0_FULL,BASELINE,COVERAGE_GIVEN_TIME,GAUSSIAN_L1,False,10000,4991310680805685573,55.24773446958898,277.54660355489005,0.1990575051611565,78,0.0078992100789921,True,43f66995a91b4508ccdd,0.0157984201579842
BASELINE_V06_S0_FULL,BASELINE,COVERAGE_GIVEN_TIME,DWB_L2,False,10000,8955621055962977083,55.24773446958898,277.54660355489005,0.1990575051611565,207,0.0207979202079792,True,f4b453a27d0811adf316,0.0415958404159584
BASELINE_V06_S0_FULL,BASELINE,COVERAGE_GIVEN_TIME,DWB_L3,True,10000,3958348912600081194,55.24773446958898,277.54660355489005,0.1990575051611565,432,0.0432956704329567,True,e3d477be08a1132b9648,0.0865913408659134
BASELINE_V06_S0_FULL,BASELINE,COVERAGE_GIVEN_TIME,DWB_L4,False,10000,1986760767996597937,55.24773446958898,277.54660355489005,0.1990575051611565,651,0.0651934806519348,True,4958e0130ffb0f9f9865,0.1303869613038696
BASELINE_V06_S1_DROP_TOP1,BASELINE,TIME_GIVEN_COVERAGE,LEGACY_RADEMACHER,False,10000,1294468370230888613,42.28929159655968,294.75787273527453,0.1434712878204959,755,0.0755924407559244,True,108d8f7f422dd0aeeb0f,0.0755924407559244
BASELINE_V06_S1_DROP_TOP1,BASELINE,TIME_GIVEN_COVERAGE,GAUSSIAN_L1,False,10000,12800698515610468876,42.28929159655968,294.75787273527453,0.1434712878204959,854,0.0854914508549145,True,dfd247d1243ec8f01811,0.1321867813218678
BASELINE_V06_S1_DROP_TOP1,BASELINE,TIME_GIVEN_COVERAGE,DWB_L2,False,10000,11580721619978934855,42.28929159655968,294.75787273527453,0.1434712878204959,1157,0.1157884211578842,True,459f48639da05205c804,0.1657834216578342
BASELINE_V06_S1_DROP_TOP1,BASELINE,TIME_GIVEN_COVERAGE,DWB_L3,True,10000,2972907334750403088,42.28929159655968,294.75787273527453,0.1434712878204959,1315,0.1315868413158684,True,e61c5afc5c4c973385b8,0.185981401859814
BASELINE_V06_S1_DROP_TOP1,BASELINE,TIME_GIVEN_COVERAGE,DWB_L4,False,10000,16711587096064076229,42.28929159655968,294.75787273527453,0.1434712878204959,1383,0.1383861613838616,True,c43ac9eac454485acfbf,0.2007799220077992
BASELINE_V06_S1_DROP_TOP1,BASELINE,COVERAGE_GIVEN_TIME,LEGACY_RADEMACHER,False,10000,8248893953968914358,47.23507169661761,299.7036528353325,0.157605925886296,150,0.0150984901509849,True,eb4a1ea08195357a667a,0.0301969803019698
BASELINE_V06_S1_DROP_TOP1,BASELINE,COVERAGE_GIVEN_TIME,GAUSSIAN_L1,False,10000,10068422956223171503,47.23507169661761,299.7036528353325,0.157605925886296,660,0.0660933906609339,True,e0f5b015373ea01fa840,0.1321867813218678
BASELINE_V06_S1_DROP_TOP1,BASELINE,COVERAGE_GIVEN_TIME,DWB_L2,False,10000,6363362715893309550,47.23507169661761,299.7036528353325,0.157605925886296,828,0.0828917108289171,True,791d4f9a3c73c5d5f518,0.1657834216578342
BASELINE_V06_S1_DROP_TOP1,BASELINE,COVERAGE_GIVEN_TIME,DWB_L3,True,10000,955985023081192356,47.23507169661761,299.7036528353325,0.157605925886296,929,0.092990700929907,True,1b5a006a382c0890253a,0.185981401859814
BASELINE_V06_S1_DROP_TOP1,BASELINE,COVERAGE_GIVEN_TIME,DWB_L4,False,10000,8560782803179104288,47.23507169661761,299.7036528353325,0.157605925886296,1003,0.1003899610038996,True,151bb0449aab44f27f0a,0.2007799220077992
BASELINE_V06_S2_DROP_TOP5,BASELINE,TIME_GIVEN_COVERAGE,LEGACY_RADEMACHER,False,10000,5065048222594500469,60.94596594159858,511.1880955379757,0.1192241495323925,218,0.0218978102189781,True,b4c97c939f4120c260da,0.0437956204379562
BASELINE_V06_S2_DROP_TOP5,BASELINE,TIME_GIVEN_COVERAGE,GAUSSIAN_L1,False,10000,1980234504492587233,60.94596594159858,511.1880955379757,0.1192241495323925,853,0.0853914608539146,True,850107fae964102af59f,0.1707829217078292
BASELINE_V06_S2_DROP_TOP5,BASELINE,TIME_GIVEN_COVERAGE,DWB_L2,False,10000,11666732963340492380,60.94596594159858,511.1880955379757,0.1192241495323925,1310,0.1310868913108689,True,7c683dde46e4699d3cab,0.2513748625137486
BASELINE_V06_S2_DROP_TOP5,BASELINE,TIME_GIVEN_COVERAGE,DWB_L3,True,10000,14960380423238717165,60.94596594159858,511.1880955379757,0.1192241495323925,1616,0.1616838316168383,True,aa5721fd098d93c28990,0.2503749625037496
BASELINE_V06_S2_DROP_TOP5,BASELINE,TIME_GIVEN_COVERAGE,DWB_L4,False,10000,3298342222868217747,60.94596594159858,511.1880955379757,0.1192241495323925,1691,0.1691830816918308,True,d723e5f392f6a87051b9,0.2211778822117788
BASELINE_V06_S2_DROP_TOP5,BASELINE,COVERAGE_GIVEN_TIME,LEGACY_RADEMACHER,False,10000,8288903691521392842,68.44415795605182,518.6862875524288,0.131956752277037,387,0.0387961203879612,True,00a7ced1e72311dfdc4e,0.0437956204379562
BASELINE_V06_S2_DROP_TOP5,BASELINE,COVERAGE_GIVEN_TIME,GAUSSIAN_L1,False,10000,2340627138737717473,68.44415795605182,518.6862875524288,0.131956752277037,945,0.0945905409459054,True,d57ff4c4055b543702d8,0.1707829217078292
BASELINE_V06_S2_DROP_TOP5,BASELINE,COVERAGE_GIVEN_TIME,DWB_L2,False,10000,3086700029173165618,68.44415795605182,518.6862875524288,0.131956752277037,1256,0.1256874312568743,True,1895371132524a7ed45a,0.2513748625137486
BASELINE_V06_S2_DROP_TOP5,BASELINE,COVERAGE_GIVEN_TIME,DWB_L3,True,10000,13070142356897575396,68.44415795605182,518.6862875524288,0.131956752277037,1251,0.1251874812518748,True,2519b57914bff3997638,0.2503749625037496
BASELINE_V06_S2_DROP_TOP5,BASELINE,COVERAGE_GIVEN_TIME,DWB_L4,False,10000,4246308312349350093,68.44415795605182,518.6862875524288,0.131956752277037,1105,0.1105889411058894,True,d6a94fac788c1464c96d,0.2211778822117788
MC_S0_FULL_R0_L0_STAGE15_MATCHED,NEW_MC,TIME_GIVEN_COVERAGE,LEGACY_RADEMACHER,False,10000,12163812449442642124,26.063520493748744,226.96963127740025,0.1148326335424766,452,0.0452954704529547,True,3a4b4df1fb9ba15cf43c,0.0452954704529547
MC_S0_FULL_R0_L0_STAGE15_MATCHED,NEW_MC,TIME_GIVEN_COVERAGE,GAUSSIAN_L1,False,10000,1274868977959703100,26.063520493748744,226.96963127740025,0.1148326335424766,1467,0.1467853214678532,True,0bf9111256ad9e697671,0.1467853214678532
MC_S0_FULL_R0_L0_STAGE15_MATCHED,NEW_MC,TIME_GIVEN_COVERAGE,DWB_L2,False,10000,801435015351865875,26.063520493748744,226.96963127740025,0.1148326335424766,1803,0.1803819618038196,True,6b95dbfd94ace1dab575,0.1803819618038196
MC_S0_FULL_R0_L0_STAGE15_MATCHED,NEW_MC,TIME_GIVEN_COVERAGE,DWB_L3,True,10000,16123107599064408561,26.063520493748744,226.96963127740025,0.1148326335424766,1880,0.1880811918808119,True,4b172aef7410893a93fe,0.1880811918808119
MC_S0_FULL_R0_L0_STAGE15_MATCHED,NEW_MC,TIME_GIVEN_COVERAGE,DWB_L4,False,10000,10611498581810237846,26.063520493748744,226.96963127740025,0.1148326335424766,2090,0.2090790920907909,True,2602777de75ebff04fe3,0.2090790920907909
MC_S0_FULL_R0_L0_STAGE15_MATCHED,NEW_MC,COVERAGE_GIVEN_TIME,LEGACY_RADEMACHER,False,10000,599067287112665316,65.44200542276354,266.348116206415,0.2457010259912901,0,9.999000099990002e-05,True,bf19208431c77bd02831,0.0001999800019998
MC_S0_FULL_R0_L0_STAGE15_MATCHED,NEW_MC,COVERAGE_GIVEN_TIME,GAUSSIAN_L1,False,10000,12997292390014911591,65.44200542276354,266.348116206415,0.2457010259912901,37,0.0037996200379962,True,bd27ec3c41a79a6487dc,0.0075992400759924
MC_S0_FULL_R0_L0_STAGE15_MATCHED,NEW_MC,COVERAGE_GIVEN_TIME,DWB_L2,False,10000,1808677557547295087,65.44200542276354,266.348116206415,0.2457010259912901,189,0.018998100189981,True,1bc683eb72716d13bf1a,0.037996200379962
MC_S0_FULL_R0_L0_STAGE15_MATCHED,NEW_MC,COVERAGE_GIVEN_TIME,DWB_L3,True,10000,13479789360578249478,65.44200542276354,266.348116206415,0.2457010259912901,362,0.0362963703629637,True,1080902fc341eb84a237,0.0725927407259274
MC_S0_FULL_R0_L0_STAGE15_MATCHED,NEW_MC,COVERAGE_GIVEN_TIME,DWB_L4,False,10000,12315708650350357931,65.44200542276354,266.348116206415,0.2457010259912901,609,0.060993900609939,True,7c4cade70803aa26e4b7,0.121987801219878
MC_S0_FULL_R0_L1_EXTENDED,NEW_MC,TIME_GIVEN_COVERAGE,LEGACY_RADEMACHER,False,10000,16389228776453320059,13.504212537047794,239.4678468919267,0.0563925917918422,5105,0.5105489451054894,True,837b4b15962e89627bae,0.5105489451054894
MC_S0_FULL_R0_L1_EXTENDED,NEW_MC,TIME_GIVEN_COVERAGE,GAUSSIAN_L1,False,10000,12361005551099335138,13.504212537047794,239.4678468919267,0.0563925917918422,3700,0.3700629937006299,True,a78b3978f134e9c20b90,0.3700629937006299
MC_S0_FULL_R0_L1_EXTENDED,NEW_MC,TIME_GIVEN_COVERAGE,DWB_L2,False,10000,16066666097414994399,13.504212537047794,239.4678468919267,0.0563925917918422,3617,0.3617638236176382,True,91f6d43e4386f8b36f2f,0.3617638236176382
MC_S0_FULL_R0_L1_EXTENDED,NEW_MC,TIME_GIVEN_COVERAGE,DWB_L3,True,10000,2317172983479334685,13.504212537047794,239.4678468919267,0.0563925917918422,3559,0.355964403559644,True,1770f5b199cc4f5a7fe0,0.355964403559644
MC_S0_FULL_R0_L1_EXTENDED,NEW_MC,TIME_GIVEN_COVERAGE,DWB_L4,False,10000,13391345052906644905,13.504212537047794,239.4678468919267,0.0563925917918422,3597,0.3597640235976402,True,256f627275e67c7ad79e,0.3597640235976402
MC_S0_FULL_R0_L1_EXTENDED,NEW_MC,COVERAGE_GIVEN_TIME,LEGACY_RADEMACHER,False,10000,7298364090018649670,58.43793569402676,284.4015700489057,0.2054768392592832,0,9.999000099990002e-05,True,8c0a74b46afb145f549f,0.0001999800019998
MC_S0_FULL_R0_L1_EXTENDED,NEW_MC,COVERAGE_GIVEN_TIME,GAUSSIAN_L1,False,10000,13747443880298293899,58.43793569402676,284.4015700489057,0.2054768392592832,76,0.0076992300769923,True,938e0ffb21cec201c707,0.0153984601539846
MC_S0_FULL_R0_L1_EXTENDED,NEW_MC,COVERAGE_GIVEN_TIME,DWB_L2,False,10000,4163724880325910013,58.43793569402676,284.4015700489057,0.2054768392592832,199,0.01999800019998,True,605365acf4cae37aba07,0.03999600039996
MC_S0_FULL_R0_L1_EXTENDED,NEW_MC,COVERAGE_GIVEN_TIME,DWB_L3,True,10000,1363266164155685390,58.43793569402676,284.4015700489057,0.2054768392592832,401,0.0401959804019598,True,acfc0b242e2ed50a7902,0.0803919608039196
MC_S0_FULL_R0_L1_EXTENDED,NEW_MC,COVERAGE_GIVEN_TIME,DWB_L4,False,10000,14571062931133335740,58.43793569402676,284.4015700489057,0.2054768392592832,585,0.0585941405859414,True,fba0a191d2eca4a97717,0.1171882811718828
MC_S0_FULL_R0_L2_HIGH,NEW_MC,TIME_GIVEN_COVERAGE,LEGACY_RADEMACHER,False,10000,6415681546357175721,4.760471166084522,178.70904075793112,0.0266381104497828,7254,0.7254274572542746,True,7b9d55a8f5ea211b8381,0.7254274572542746
MC_S0_FULL_R0_L2_HIGH,NEW_MC,TIME_GIVEN_COVERAGE,GAUSSIAN_L1,False,10000,15073167013246137440,4.760471166084522,178.70904075793112,0.0266381104497828,5933,0.5933406659334066,True,e343b7be61a6f7a103e1,0.5933406659334066
MC_S0_FULL_R0_L2_HIGH,NEW_MC,TIME_GIVEN_COVERAGE,DWB_L2,False,10000,4343305717894272428,4.760471166084522,178.70904075793112,0.0266381104497828,6334,0.6334366563343665,True,a31b881fa14e1d469f78,0.6334366563343665
MC_S0_FULL_R0_L2_HIGH,NEW_MC,TIME_GIVEN_COVERAGE,DWB_L3,True,10000,5341322167219968448,4.760471166084522,178.70904075793112,0.0266381104497828,6104,0.6104389561043896,True,ce5a1c58c7b96042dd78,0.6104389561043896
MC_S0_FULL_R0_L2_HIGH,NEW_MC,TIME_GIVEN_COVERAGE,DWB_L4,False,10000,1208717232336229579,4.760471166084522,178.70904075793112,0.0266381104497828,5881,0.5881411858814118,True,ffcbc2bfc89515f392eb,0.5881411858814118
MC_S0_FULL_R0_L2_HIGH,NEW_MC,COVERAGE_GIVEN_TIME,LEGACY_RADEMACHER,False,10000,10229644523161447012,48.72113725498177,222.66970684682832,0.2188045151938715,0,9.999000099990002e-05,True,51e0b6d1274c8be3ffad,0.0001999800019998
MC_S0_FULL_R0_L2_HIGH,NEW_MC,COVERAGE_GIVEN_TIME,GAUSSIAN_L1,False,10000,14537121344870440707,48.72113725498177,222.66970684682832,0.2188045151938715,49,0.004999500049995,True,e8a110e225483e85641e,0.00999900009999
MC_S0_FULL_R0_L2_HIGH,NEW_MC,COVERAGE_GIVEN_TIME,DWB_L2,False,10000,9986260845617375920,48.72113725498177,222.66970684682832,0.2188045151938715,191,0.0191980801919808,True,40b05f52b110dbf4ee59,0.0383961603839616
MC_S0_FULL_R0_L2_HIGH,NEW_MC,COVERAGE_GIVEN_TIME,DWB_L3,True,10000,16075234941769472397,48.72113725498177,222.66970684682832,0.2188045151938715,392,0.0392960703929607,True,6415eac1c84b8411f10a,0.0785921407859214
MC_S0_FULL_R0_L2_HIGH,NEW_MC,COVERAGE_GIVEN_TIME,DWB_L4,False,10000,574072851172421069,48.72113725498177,222.66970684682832,0.2188045151938715,620,0.0620937906209379,True,d570f8b85b9c9c26c5d6,0.1241875812418758
MC_S0_FULL_R1_L0_STAGE15_MATCHED,NEW_MC,TIME_GIVEN_COVERAGE,LEGACY_RADEMACHER,False,10000,4704483925218396146,23.965193632865528,222.82428872824303,0.1075519808439443,606,0.0606939306069393,True,5d6582922465172247d2,0.0606939306069393
MC_S0_FULL_R1_L0_STAGE15_MATCHED,NEW_MC,TIME_GIVEN_COVERAGE,GAUSSIAN_L1,False,10000,10881118051423937282,23.965193632865528,222.82428872824303,0.1075519808439443,1587,0.1587841215878412,True,21df6fe3ca3b7da12cf5,0.1587841215878412
MC_S0_FULL_R1_L0_STAGE15_MATCHED,NEW_MC,TIME_GIVEN_COVERAGE,DWB_L2,False,10000,15495745686712753369,23.965193632865528,222.82428872824303,0.1075519808439443,1905,0.1905809419058094,True,e7507dee9ffd8bd8f287,0.1905809419058094
MC_S0_FULL_R1_L0_STAGE15_MATCHED,NEW_MC,TIME_GIVEN_COVERAGE,DWB_L3,True,10000,14160302835245840063,23.965193632865528,222.82428872824303,0.1075519808439443,2124,0.2124787521247875,True,16ca64cdb2c698799594,0.2124787521247875
MC_S0_FULL_R1_L0_STAGE15_MATCHED,NEW_MC,TIME_GIVEN_COVERAGE,DWB_L4,False,10000,4492239971067994309,23.965193632865528,222.82428872824303,0.1075519808439443,2318,0.2318768123187681,True,2e11b15b1d65af882cbb,0.2318768123187681
MC_S0_FULL_R1_L0_STAGE15_MATCHED,NEW_MC,COVERAGE_GIVEN_TIME,LEGACY_RADEMACHER,False,10000,8246408716667452555,62.00004731077627,260.8591424061537,0.2376763441713809,1,0.0001999800019998,True,d3a29d34bfac4fcaec14,0.0003999600039996
MC_S0_FULL_R1_L0_STAGE15_MATCHED,NEW_MC,COVERAGE_GIVEN_TIME,GAUSSIAN_L1,False,10000,12073836932245561768,62.00004731077627,260.8591424061537,0.2376763441713809,40,0.0040995900409959,True,d08c5525a44aa111f3b9,0.0081991800819918
MC_S0_FULL_R1_L0_STAGE15_MATCHED,NEW_MC,COVERAGE_GIVEN_TIME,DWB_L2,False,10000,15952391438840036583,62.00004731077627,260.8591424061537,0.2376763441713809,189,0.018998100189981,True,0ef185df8cad86974f0d,0.037996200379962
MC_S0_FULL_R1_L0_STAGE15_MATCHED,NEW_MC,COVERAGE_GIVEN_TIME,DWB_L3,True,10000,1747534594209760919,62.00004731077627,260.8591424061537,0.2376763441713809,395,0.0395960403959604,True,92131670951272cb5d21,0.0791920807919208
MC_S0_FULL_R1_L0_STAGE15_MATCHED,NEW_MC,COVERAGE_GIVEN_TIME,DWB_L4,False,10000,1492852966648831562,62.00004731077627,260.8591424061537,0.2376763441713809,601,0.0601939806019398,True,d76d7320f9e240d2023b,0.1203879612038796
MC_S0_FULL_R1_L1_EXTENDED,NEW_MC,TIME_GIVEN_COVERAGE,LEGACY_RADEMACHER,False,10000,13556584605296635972,13.318840129899524,232.9236194662095,0.0571811487406141,5102,0.5102489751024898,True,2eec9c80f1375dc91d96,0.5102489751024898
MC_S0_FULL_R1_L1_EXTENDED,NEW_MC,TIME_GIVEN_COVERAGE,GAUSSIAN_L1,False,10000,10493583699386107463,13.318840129899524,232.9236194662095,0.0571811487406141,3789,0.378962103789621,True,aa5cd3d4ef253d438bfd,0.378962103789621
MC_S0_FULL_R1_L1_EXTENDED,NEW_MC,TIME_GIVEN_COVERAGE,DWB_L2,False,10000,15144082696973649266,13.318840129899524,232.9236194662095,0.0571811487406141,3627,0.3627637236276372,True,87b323e29412d9d1abdd,0.3627637236276372
MC_S0_FULL_R1_L1_EXTENDED,NEW_MC,TIME_GIVEN_COVERAGE,DWB_L3,True,10000,910227942285448693,13.318840129899524,232.9236194662095,0.0571811487406141,3521,0.3521647835216478,True,10e1007e19198622280b,0.3521647835216478
MC_S0_FULL_R1_L1_EXTENDED,NEW_MC,TIME_GIVEN_COVERAGE,DWB_L4,False,10000,8587448797092695051,13.318840129899524,232.9236194662095,0.0571811487406141,3562,0.3562643735626437,True,61b1d55e5158cfeff502,0.3562643735626437
MC_S0_FULL_R1_L1_EXTENDED,NEW_MC,COVERAGE_GIVEN_TIME,LEGACY_RADEMACHER,False,10000,2640227344944226982,57.13558933156871,276.74036866787867,0.2064591790731413,0,9.999000099990002e-05,True,2ce0bd4f5f290ecdb0c7,0.0001999800019998
MC_S0_FULL_R1_L1_EXTENDED,NEW_MC,COVERAGE_GIVEN_TIME,GAUSSIAN_L1,False,10000,5587143726783750961,57.13558933156871,276.74036866787867,0.2064591790731413,69,0.006999300069993,True,53918c2b59a6a8995801,0.013998600139986
MC_S0_FULL_R1_L1_EXTENDED,NEW_MC,COVERAGE_GIVEN_TIME,DWB_L2,False,10000,4511564445444885454,57.13558933156871,276.74036866787867,0.2064591790731413,220,0.0220977902209779,True,d5cc0d349cd91289c871,0.0441955804419558
MC_S0_FULL_R1_L1_EXTENDED,NEW_MC,COVERAGE_GIVEN_TIME,DWB_L3,True,10000,4832865724312146286,57.13558933156871,276.74036866787867,0.2064591790731413,396,0.0396960303969603,True,631144a727e58efa8cf2,0.0793920607939206
MC_S0_FULL_R1_L1_EXTENDED,NEW_MC,COVERAGE_GIVEN_TIME,DWB_L4,False,10000,14097351477456397593,57.13558933156871,276.74036866787867,0.2064591790731413,568,0.0568943105689431,True,45ff4bee9821beababaf,0.1137886211378862
MC_S0_FULL_R1_L2_HIGH,NEW_MC,TIME_GIVEN_COVERAGE,LEGACY_RADEMACHER,False,10000,957905470199753263,4.632672129262211,175.9493073400431,0.0263295843518668,7279,0.7279272072792721,True,7be29a414e2998be61aa,0.7279272072792721
MC_S0_FULL_R1_L2_HIGH,NEW_MC,TIME_GIVEN_COVERAGE,GAUSSIAN_L1,False,10000,13172327504642171572,4.632672129262211,175.9493073400431,0.0263295843518668,6024,0.6024397560243976,True,42d7143f8722e15caef8,0.6024397560243976
MC_S0_FULL_R1_L2_HIGH,NEW_MC,TIME_GIVEN_COVERAGE,DWB_L2,False,10000,15705109273084571685,4.632672129262211,175.9493073400431,0.0263295843518668,6532,0.6532346765323468,True,441bf616d39d76a657eb,0.6532346765323468
MC_S0_FULL_R1_L2_HIGH,NEW_MC,TIME_GIVEN_COVERAGE,DWB_L3,True,10000,1137224971384535266,4.632672129262211,175.9493073400431,0.0263295843518668,6097,0.6097390260973903,True,555fa3144bbafabf6aa4,0.6097390260973903
MC_S0_FULL_R1_L2_HIGH,NEW_MC,TIME_GIVEN_COVERAGE,DWB_L4,False,10000,4792146090424650276,4.632672129262211,175.9493073400431,0.0263295843518668,5976,0.5976402359764024,True,c3fdd7753554cffcc8c5,0.5976402359764024
MC_S0_FULL_R1_L2_HIGH,NEW_MC,COVERAGE_GIVEN_TIME,LEGACY_RADEMACHER,False,10000,5308261297063424771,48.47390143494857,219.79053664572945,0.220545898721206,1,0.0001999800019998,True,7f616154ca068ab32519,0.0003999600039996
MC_S0_FULL_R1_L2_HIGH,NEW_MC,COVERAGE_GIVEN_TIME,GAUSSIAN_L1,False,10000,9503203385859688085,48.47390143494857,219.79053664572945,0.220545898721206,33,0.0033996600339966,True,65ec0587dc690d43479b,0.0067993200679932
MC_S0_FULL_R1_L2_HIGH,NEW_MC,COVERAGE_GIVEN_TIME,DWB_L2,False,10000,15174045291968200520,48.47390143494857,219.79053664572945,0.220545898721206,189,0.018998100189981,True,81ae254ddfb5de230b3e,0.037996200379962
MC_S0_FULL_R1_L2_HIGH,NEW_MC,COVERAGE_GIVEN_TIME,DWB_L3,True,10000,14936379757637105633,48.47390143494857,219.79053664572945,0.220545898721206,385,0.0385961403859614,True,53f3ca9322b8e93139bf,0.0771922807719228
MC_S0_FULL_R1_L2_HIGH,NEW_MC,COVERAGE_GIVEN_TIME,DWB_L4,False,10000,2232786568142137664,48.47390143494857,219.79053664572945,0.220545898721206,576,0.0576942305769423,True,37e6b7f2525df613478b,0.1153884611538846
MC_S0_FULL_R2_L0_STAGE15_MATCHED,NEW_MC,TIME_GIVEN_COVERAGE,LEGACY_RADEMACHER,False,10000,13979867521867039563,25.19874330720835,195.0113581579049,0.1292167981662092,445,0.0445955404459554,True,8035494ae36aee874817,0.0445955404459554
MC_S0_FULL_R2_L0_STAGE15_MATCHED,NEW_MC,TIME_GIVEN_COVERAGE,GAUSSIAN_L1,False,10000,7135483116836094185,25.19874330720835,195.0113581579049,0.1292167981662092,1352,0.1352864713528647,True,1221080cf7645707a58d,0.1352864713528647
MC_S0_FULL_R2_L0_STAGE15_MATCHED,NEW_MC,TIME_GIVEN_COVERAGE,DWB_L2,False,10000,326414521592686350,25.19874330720835,195.0113581579049,0.1292167981662092,1752,0.1752824717528247,True,6207515ba2ced5fdf2dc,0.1752824717528247
MC_S0_FULL_R2_L0_STAGE15_MATCHED,NEW_MC,TIME_GIVEN_COVERAGE,DWB_L3,True,10000,14897603912627280401,25.19874330720835,195.0113581579049,0.1292167981662092,1716,0.1716828317168283,True,4e4b9d74fd5354967708,0.1716828317168283
MC_S0_FULL_R2_L0_STAGE15_MATCHED,NEW_MC,TIME_GIVEN_COVERAGE,DWB_L4,False,10000,16558167703839327200,25.19874330720835,195.0113581579049,0.1292167981662092,1916,0.1916808319168083,True,25fb3a68ee2b3aee8031,0.1916808319168083
MC_S0_FULL_R2_L0_STAGE15_MATCHED,NEW_MC,COVERAGE_GIVEN_TIME,LEGACY_RADEMACHER,False,10000,10763025372070424411,41.13221738100823,210.94483223170485,0.1949904007879558,1,0.0001999800019998,True,20ae9b5f0d1f40cab32b,0.0003999600039996
MC_S0_FULL_R2_L0_STAGE15_MATCHED,NEW_MC,COVERAGE_GIVEN_TIME,GAUSSIAN_L1,False,10000,1679356073800671038,41.13221738100823,210.94483223170485,0.1949904007879558,96,0.0096990300969903,True,48e8740c1e23b22fa2c6,0.0193980601939806
MC_S0_FULL_R2_L0_STAGE15_MATCHED,NEW_MC,COVERAGE_GIVEN_TIME,DWB_L2,False,10000,15980259240543521052,41.13221738100823,210.94483223170485,0.1949904007879558,252,0.0252974702529747,True,30c3299512e1de77f5cf,0.0505949405059494
MC_S0_FULL_R2_L0_STAGE15_MATCHED,NEW_MC,COVERAGE_GIVEN_TIME,DWB_L3,True,10000,13051915375061675648,41.13221738100823,210.94483223170485,0.1949904007879558,448,0.0448955104489551,True,df2ea01ee25278b9fe5b,0.0897910208979102
MC_S0_FULL_R2_L0_STAGE15_MATCHED,NEW_MC,COVERAGE_GIVEN_TIME,DWB_L4,False,10000,1367643638698460,41.13221738100823,210.94483223170485,0.1949904007879558,643,0.0643935606439356,True,9479a14f8c4b57a31872,0.1287871212878712
MC_S0_FULL_R2_L1_EXTENDED,NEW_MC,TIME_GIVEN_COVERAGE,LEGACY_RADEMACHER,False,10000,7009907585298696349,12.950467005013271,227.1187322102583,0.0570206908033644,5081,0.5081491850814919,True,183c8b604cd431e59cc0,0.5081491850814919
MC_S0_FULL_R2_L1_EXTENDED,NEW_MC,TIME_GIVEN_COVERAGE,GAUSSIAN_L1,False,10000,2104485343742080058,12.950467005013271,227.1187322102583,0.0570206908033644,3729,0.372962703729627,True,aff24b5c4972117fc39f,0.372962703729627
MC_S0_FULL_R2_L1_EXTENDED,NEW_MC,TIME_GIVEN_COVERAGE,DWB_L2,False,10000,9064087353738765770,12.950467005013271,227.1187322102583,0.0570206908033644,3652,0.3652634736526347,True,83dac52a5c55a1c55bb1,0.3652634736526347
MC_S0_FULL_R2_L1_EXTENDED,NEW_MC,TIME_GIVEN_COVERAGE,DWB_L3,True,10000,3421376674783504523,12.950467005013271,227.1187322102583,0.0570206908033644,3480,0.3480651934806519,True,d4cc803c5b1350872658,0.3480651934806519
MC_S0_FULL_R2_L1_EXTENDED,NEW_MC,TIME_GIVEN_COVERAGE,DWB_L4,False,10000,1324122286642338590,12.950467005013271,227.1187322102583,0.0570206908033644,3599,0.35996400359964,True,2378b522b7f9f31d77f1,0.35996400359964
MC_S0_FULL_R2_L1_EXTENDED,NEW_MC,COVERAGE_GIVEN_TIME,LEGACY_RADEMACHER,False,10000,2254857312550491746,52.03875976124307,266.2070249664881,0.1954822934060213,0,9.999000099990002e-05,True,6e20e244d585bebc2884,0.0001999800019998
MC_S0_FULL_R2_L1_EXTENDED,NEW_MC,COVERAGE_GIVEN_TIME,GAUSSIAN_L1,False,10000,4547043632089106200,52.03875976124307,266.2070249664881,0.1954822934060213,90,0.0090990900909909,True,5ce73a448629a8476add,0.0181981801819818
MC_S0_FULL_R2_L1_EXTENDED,NEW_MC,COVERAGE_GIVEN_TIME,DWB_L2,False,10000,505138117062005197,52.03875976124307,266.2070249664881,0.1954822934060213,212,0.0212978702129787,True,07b4ea8c12fbc9388d78,0.0425957404259574
MC_S0_FULL_R2_L1_EXTENDED,NEW_MC,COVERAGE_GIVEN_TIME,DWB_L3,True,10000,9974624525214704884,52.03875976124307,266.2070249664881,0.1954822934060213,434,0.0434956504349565,True,32dc466014da2f58d080,0.086991300869913
MC_S0_FULL_R2_L1_EXTENDED,NEW_MC,COVERAGE_GIVEN_TIME,DWB_L4,False,10000,8506009797311525632,52.03875976124307,266.2070249664881,0.1954822934060213,599,0.05999400059994,True,9a2a78f5a2c4fa4453c2,0.11998800119988
MC_S0_FULL_R2_L2_HIGH,NEW_MC,TIME_GIVEN_COVERAGE,LEGACY_RADEMACHER,False,10000,14549103723416063557,4.471210061043938,170.11420819254218,0.0262835780065074,7501,0.7501249875012499,True,f7a398b84fdbff936cf3,0.7501249875012499
MC_S0_FULL_R2_L2_HIGH,NEW_MC,TIME_GIVEN_COVERAGE,GAUSSIAN_L1,False,10000,17301692495359885376,4.471210061043938,170.11420819254218,0.0262835780065074,6133,0.6133386661333866,True,261808f4f4dcbb836659,0.6133386661333866
MC_S0_FULL_R2_L2_HIGH,NEW_MC,TIME_GIVEN_COVERAGE,DWB_L2,False,10000,18401332247249308001,4.471210061043938,170.11420819254218,0.0262835780065074,6485,0.6485351464853515,True,2a948d325c50bcc822cf,0.6485351464853515
MC_S0_FULL_R2_L2_HIGH,NEW_MC,TIME_GIVEN_COVERAGE,DWB_L3,True,10000,822606961465936449,4.471210061043938,170.11420819254218,0.0262835780065074,6075,0.6075392460753924,True,db8a0a87ab94d1bc06e5,0.6075392460753924
MC_S0_FULL_R2_L2_HIGH,NEW_MC,TIME_GIVEN_COVERAGE,DWB_L4,False,10000,14293473093711931313,4.471210061043938,170.11420819254218,0.0262835780065074,6141,0.6141385861413858,True,846c2f2d698a19a4c401,0.6141385861413858
MC_S0_FULL_R2_L2_HIGH,NEW_MC,COVERAGE_GIVEN_TIME,LEGACY_RADEMACHER,False,10000,2756638742912838042,44.231028143525926,209.8740262750242,0.2107503673921253,0,9.999000099990002e-05,True,797adb16717276e30bd5,0.0001999800019998
MC_S0_FULL_R2_L2_HIGH,NEW_MC,COVERAGE_GIVEN_TIME,GAUSSIAN_L1,False,10000,2308487209941789284,44.231028143525926,209.8740262750242,0.2107503673921253,36,0.0036996300369963,True,f2090344aeb3e1b585e1,0.0073992600739926
MC_S0_FULL_R2_L2_HIGH,NEW_MC,COVERAGE_GIVEN_TIME,DWB_L2,False,10000,13339323084858469354,44.231028143525926,209.8740262750242,0.2107503673921253,192,0.0192980701929807,True,df85a8fff2e64fd34cb8,0.0385961403859614
MC_S0_FULL_R2_L2_HIGH,NEW_MC,COVERAGE_GIVEN_TIME,DWB_L3,True,10000,8916979033352838090,44.231028143525926,209.8740262750242,0.2107503673921253,349,0.034996500349965,True,33e0d4f517722968341a,0.06999300069993
MC_S0_FULL_R2_L2_HIGH,NEW_MC,COVERAGE_GIVEN_TIME,DWB_L4,False,10000,8092594074072982501,44.231028143525926,209.8740262750242,0.2107503673921253,576,0.0576942305769423,True,821d136762a05581baad,0.1153884611538846
MC_S0_FULL_R3_L0_STAGE15_MATCHED,NEW_MC,TIME_GIVEN_COVERAGE,LEGACY_RADEMACHER,False,10000,10044923855574376932,24.71034744968577,211.62242027890457,0.1167662075555092,570,0.0570942905709429,True,a8db7fb358aa67dd8206,0.0570942905709429
MC_S0_FULL_R3_L0_STAGE15_MATCHED,NEW_MC,TIME_GIVEN_COVERAGE,GAUSSIAN_L1,False,10000,3492424776359662563,24.71034744968577,211.62242027890457,0.1167662075555092,1548,0.1548845115488451,True,e11842ac81b5f615535b,0.1548845115488451
MC_S0_FULL_R3_L0_STAGE15_MATCHED,NEW_MC,TIME_GIVEN_COVERAGE,DWB_L2,False,10000,7977684808526760358,24.71034744968577,211.62242027890457,0.1167662075555092,1825,0.1825817418258174,True,02bc64a64c9ed075142c,0.1825817418258174
MC_S0_FULL_R3_L0_STAGE15_MATCHED,NEW_MC,TIME_GIVEN_COVERAGE,DWB_L3,True,10000,14322944703298697743,24.71034744968577,211.62242027890457,0.1167662075555092,1997,0.1997800219978002,True,7a214ffbc59bf8e9df78,0.1997800219978002
MC_S0_FULL_R3_L0_STAGE15_MATCHED,NEW_MC,TIME_GIVEN_COVERAGE,DWB_L4,False,10000,504245081426380034,24.71034744968577,211.62242027890457,0.1167662075555092,2106,0.2106789321067893,True,c8a7574e22b957522059,0.2106789321067893
MC_S0_FULL_R3_L0_STAGE15_MATCHED,NEW_MC,COVERAGE_GIVEN_TIME,LEGACY_RADEMACHER,False,10000,11830507396418233965,50.573350922297806,237.48542375151663,0.2129534946751645,0,9.999000099990002e-05,True,b9587054c50b48ef8dfb,0.0001999800019998
MC_S0_FULL_R3_L0_STAGE15_MATCHED,NEW_MC,COVERAGE_GIVEN_TIME,GAUSSIAN_L1,False,10000,18292620198866222540,50.573350922297806,237.48542375151663,0.2129534946751645,57,0.0057994200579942,True,d5bb5956c26fe268e97d,0.0115988401159884
MC_S0_FULL_R3_L0_STAGE15_MATCHED,NEW_MC,COVERAGE_GIVEN_TIME,DWB_L2,False,10000,17560801331914242858,50.573350922297806,237.48542375151663,0.2129534946751645,207,0.0207979202079792,True,c25b852ba5af32f55a35,0.0415958404159584
MC_S0_FULL_R3_L0_STAGE15_MATCHED,NEW_MC,COVERAGE_GIVEN_TIME,DWB_L3,True,10000,16484792147335331693,50.573350922297806,237.48542375151663,0.2129534946751645,451,0.0451954804519548,True,4a9585d830e133667e85,0.0903909609039096
MC_S0_FULL_R3_L0_STAGE15_MATCHED,NEW_MC,COVERAGE_GIVEN_TIME,DWB_L4,False,10000,641954328173878156,50.573350922297806,237.48542375151663,0.2129534946751645,616,0.0616938306169383,True,e8eab39789f728c51cb0,0.1233876612338766
MC_S0_FULL_R3_L1_EXTENDED,NEW_MC,TIME_GIVEN_COVERAGE,LEGACY_RADEMACHER,False,10000,15969554929984489111,13.269443976465126,228.4732793637202,0.0580787565767842,4964,0.4964503549645035,True,836185b57d651141edac,0.4964503549645035
MC_S0_FULL_R3_L1_EXTENDED,NEW_MC,TIME_GIVEN_COVERAGE,GAUSSIAN_L1,False,10000,16701918471736679728,13.269443976465126,228.4732793637202,0.0580787565767842,3792,0.3792620737926207,True,3f17a7ba46304210de82,0.3792620737926207
MC_S0_FULL_R3_L1_EXTENDED,NEW_MC,TIME_GIVEN_COVERAGE,DWB_L2,False,10000,14444747791904183631,13.269443976465126,228.4732793637202,0.0580787565767842,3539,0.353964603539646,True,aecae00f9b0592ae809b,0.353964603539646
MC_S0_FULL_R3_L1_EXTENDED,NEW_MC,TIME_GIVEN_COVERAGE,DWB_L3,True,10000,17345508592488930371,13.269443976465126,228.4732793637202,0.0580787565767842,3489,0.348965103489651,True,9bec2e1578c1a5e3472d,0.348965103489651
MC_S0_FULL_R3_L1_EXTENDED,NEW_MC,TIME_GIVEN_COVERAGE,DWB_L4,False,10000,10077474110374987602,13.269443976465126,228.4732793637202,0.0580787565767842,3566,0.3566643335666433,True,613d6d061c1aec441af4,0.3566643335666433
MC_S0_FULL_R3_L1_EXTENDED,NEW_MC,COVERAGE_GIVEN_TIME,LEGACY_RADEMACHER,False,10000,12042732802848952448,52.75472252041682,267.9585579076719,0.1968764234751332,0,9.999000099990002e-05,True,d3e4b394dd336b9ddfaa,0.0001999800019998
MC_S0_FULL_R3_L1_EXTENDED,NEW_MC,COVERAGE_GIVEN_TIME,GAUSSIAN_L1,False,10000,2267925250925957230,52.75472252041682,267.9585579076719,0.1968764234751332,75,0.0075992400759924,True,4da741a03e4f1876bc08,0.0151984801519848
MC_S0_FULL_R3_L1_EXTENDED,NEW_MC,COVERAGE_GIVEN_TIME,DWB_L2,False,10000,15775133071886710170,52.75472252041682,267.9585579076719,0.1968764234751332,212,0.0212978702129787,True,bb0427f1f75aab06f60e,0.0425957404259574
MC_S0_FULL_R3_L1_EXTENDED,NEW_MC,COVERAGE_GIVEN_TIME,DWB_L3,True,10000,14124142972299294203,52.75472252041682,267.9585579076719,0.1968764234751332,416,0.0416958304169583,True,73b6f6dee882bbbb6ca4,0.0833916608339166
MC_S0_FULL_R3_L1_EXTENDED,NEW_MC,COVERAGE_GIVEN_TIME,DWB_L4,False,10000,14882470994296425742,52.75472252041682,267.9585579076719,0.1968764234751332,589,0.058994100589941,True,7544112406df718ef565,0.117988201179882
MC_S0_FULL_R3_L2_HIGH,NEW_MC,TIME_GIVEN_COVERAGE,LEGACY_RADEMACHER,False,10000,7726302646617793453,4.534237617153508,173.87777746077458,0.0260771542135474,7418,0.7418258174182581,True,e843d19ff22081f678d3,0.7418258174182581
MC_S0_FULL_R3_L2_HIGH,NEW_MC,TIME_GIVEN_COVERAGE,GAUSSIAN_L1,False,10000,4864935611080974929,4.534237617153508,173.87777746077458,0.0260771542135474,6038,0.6038396160383962,True,1a8d77ad4afd66b23c39,0.6038396160383962
MC_S0_FULL_R3_L2_HIGH,NEW_MC,TIME_GIVEN_COVERAGE,DWB_L2,False,10000,3487460528245972121,4.534237617153508,173.87777746077458,0.0260771542135474,6461,0.6461353864613538,True,475070da64c8058295af,0.6461353864613538
MC_S0_FULL_R3_L2_HIGH,NEW_MC,TIME_GIVEN_COVERAGE,DWB_L3,True,10000,2866342567114433434,4.534237617153508,173.87777746077458,0.0260771542135474,6087,0.6087391260873912,True,78b3faab621262cedf36,0.6087391260873912
MC_S0_FULL_R3_L2_HIGH,NEW_MC,TIME_GIVEN_COVERAGE,DWB_L4,False,10000,16239081026015462819,4.534237617153508,173.87777746077458,0.0260771542135474,6008,0.6008399160083991,True,ed0abcb4cd9cf06a00f6,0.6008399160083991
MC_S0_FULL_R3_L2_HIGH,NEW_MC,COVERAGE_GIVEN_TIME,LEGACY_RADEMACHER,False,10000,12822680118063129585,47.76022892162784,217.1037687652489,0.2199880232077881,0,9.999000099990002e-05,True,f2af5a78285ea9f78d68,0.0001999800019998
MC_S0_FULL_R3_L2_HIGH,NEW_MC,COVERAGE_GIVEN_TIME,GAUSSIAN_L1,False,10000,7649980584512032854,47.76022892162784,217.1037687652489,0.2199880232077881,32,0.0032996700329967,True,2fa35c7626e5b9003f83,0.0065993400659934
MC_S0_FULL_R3_L2_HIGH,NEW_MC,COVERAGE_GIVEN_TIME,DWB_L2,False,10000,14202105213872390308,47.76022892162784,217.1037687652489,0.2199880232077881,163,0.0163983601639836,True,47181d0d686d19b92fe6,0.0327967203279672
MC_S0_FULL_R3_L2_HIGH,NEW_MC,COVERAGE_GIVEN_TIME,DWB_L3,True,10000,13725331467146848227,47.76022892162784,217.1037687652489,0.2199880232077881,396,0.0396960303969603,True,15d132daa815aebb6e60,0.0793920607939206
MC_S0_FULL_R3_L2_HIGH,NEW_MC,COVERAGE_GIVEN_TIME,DWB_L4,False,10000,12315170725648293471,47.76022892162784,217.1037687652489,0.2199880232077881,539,0.053994600539946,True,d8260a8c4ab7753d87c2,0.107989201079892
MC_S0_FULL_R4_L0_STAGE15_MATCHED,NEW_MC,TIME_GIVEN_COVERAGE,LEGACY_RADEMACHER,False,10000,16071656124989602989,25.884010789759092,201.5971713226235,0.1283947121873845,401,0.0401959804019598,True,f19876903595c01c0378,0.0401959804019598
MC_S0_FULL_R4_L0_STAGE15_MATCHED,NEW_MC,TIME_GIVEN_COVERAGE,GAUSSIAN_L1,False,10000,15355175314273573266,25.884010789759092,201.5971713226235,0.1283947121873845,1423,0.1423857614238576,True,fe59a0e681df99e20642,0.1423857614238576
MC_S0_FULL_R4_L0_STAGE15_MATCHED,NEW_MC,TIME_GIVEN_COVERAGE,DWB_L2,False,10000,12638541942660627085,25.884010789759092,201.5971713226235,0.1283947121873845,1719,0.171982801719828,True,4abfa9e6ae27964af1d7,0.171982801719828
MC_S0_FULL_R4_L0_STAGE15_MATCHED,NEW_MC,TIME_GIVEN_COVERAGE,DWB_L3,True,10000,7454936429667446944,25.884010789759092,201.5971713226235,0.1283947121873845,1861,0.1861813818618138,True,00953a902e62b9a05f42,0.1861813818618138
MC_S0_FULL_R4_L0_STAGE15_MATCHED,NEW_MC,TIME_GIVEN_COVERAGE,DWB_L4,False,10000,2236706322819700962,25.884010789759092,201.5971713226235,0.1283947121873845,1983,0.1983801619838016,True,4e82ac4b45dfd3f86050,0.1983801619838016
MC_S0_FULL_R4_L0_STAGE15_MATCHED,NEW_MC,COVERAGE_GIVEN_TIME,LEGACY_RADEMACHER,False,10000,4168724987824912472,47.89687939672065,223.61003992958504,0.2141982507216733,3,0.0003999600039996,True,892ee4762a7473b2e4ac,0.0007999200079992
MC_S0_FULL_R4_L0_STAGE15_MATCHED,NEW_MC,COVERAGE_GIVEN_TIME,GAUSSIAN_L1,False,10000,619581052768467575,47.89687939672065,223.61003992958504,0.2141982507216733,64,0.0064993500649935,True,46b3fd228c6bb874b36e,0.012998700129987
MC_S0_FULL_R4_L0_STAGE15_MATCHED,NEW_MC,COVERAGE_GIVEN_TIME,DWB_L2,False,10000,799312186812397234,47.89687939672065,223.61003992958504,0.2141982507216733,225,0.0225977402259774,True,e21e98b142fac1813564,0.0451954804519548
MC_S0_FULL_R4_L0_STAGE15_MATCHED,NEW_MC,COVERAGE_GIVEN_TIME,DWB_L3,True,10000,3721611596144372663,47.89687939672065,223.61003992958504,0.2141982507216733,440,0.0440955904409559,True,f203bea4747064610dd0,0.0881911808819118
MC_S0_FULL_R4_L0_STAGE15_MATCHED,NEW_MC,COVERAGE_GIVEN_TIME,DWB_L4,False,10000,7085912429505907623,47.89687939672065,223.61003992958504,0.2141982507216733,603,0.0603939606039396,True,09b2f29579e975940211,0.1207879212078792
MC_S0_FULL_R4_L1_EXTENDED,NEW_MC,TIME_GIVEN_COVERAGE,LEGACY_RADEMACHER,False,10000,1540571563115305772,12.91508945843944,226.7670337663,0.0569531172319755,5180,0.518048195180482,True,00fdf02744ee488a61ac,0.518048195180482
MC_S0_FULL_R4_L1_EXTENDED,NEW_MC,TIME_GIVEN_COVERAGE,GAUSSIAN_L1,False,10000,13168507007858872099,12.91508945843944,226.7670337663,0.0569531172319755,3823,0.3823617638236176,True,b2a82e5f3db0a895a9cf,0.3823617638236176
MC_S0_FULL_R4_L1_EXTENDED,NEW_MC,TIME_GIVEN_COVERAGE,DWB_L2,False,10000,12428392390428092640,12.91508945843944,226.7670337663,0.0569531172319755,3720,0.3720627937206279,True,227ae81c7c9bee6bb484,0.3720627937206279
MC_S0_FULL_R4_L1_EXTENDED,NEW_MC,TIME_GIVEN_COVERAGE,DWB_L3,True,10000,17581012622340060022,12.91508945843944,226.7670337663,0.0569531172319755,3596,0.3596640335966403,True,946257f1035b9ac287f8,0.3596640335966403
MC_S0_FULL_R4_L1_EXTENDED,NEW_MC,TIME_GIVEN_COVERAGE,DWB_L4,False,10000,2032607042964427397,12.91508945843944,226.7670337663,0.0569531172319755,3644,0.3644635536446355,True,7896ef443011d1b6a04f,0.3644635536446355
MC_S0_FULL_R4_L1_EXTENDED,NEW_MC,COVERAGE_GIVEN_TIME,LEGACY_RADEMACHER,False,10000,14699350176252126553,51.78530635578054,265.6372506636411,0.1949474564520051,0,9.999000099990002e-05,True,7b7b9d4eb7fa3fc0f489,0.0001999800019998
MC_S0_FULL_R4_L1_EXTENDED,NEW_MC,COVERAGE_GIVEN_TIME,GAUSSIAN_L1,False,10000,3553201150298513647,51.78530635578054,265.6372506636411,0.1949474564520051,90,0.0090990900909909,True,d9c4531a8bac3c75e906,0.0181981801819818
MC_S0_FULL_R4_L1_EXTENDED,NEW_MC,COVERAGE_GIVEN_TIME,DWB_L2,False,10000,11789945616234933132,51.78530635578054,265.6372506636411,0.1949474564520051,222,0.0222977702229777,True,367d57d36a9f35c4e2e2,0.0445955404459554
MC_S0_FULL_R4_L1_EXTENDED,NEW_MC,COVERAGE_GIVEN_TIME,DWB_L3,True,10000,4923002923581647116,51.78530635578054,265.6372506636411,0.1949474564520051,431,0.0431956804319568,True,de8afaf1ebaf22211432,0.0863913608639136
MC_S0_FULL_R4_L1_EXTENDED,NEW_MC,COVERAGE_GIVEN_TIME,DWB_L4,False,10000,6319553349565640328,51.78530635578054,265.6372506636411,0.1949474564520051,618,0.0618938106189381,True,226cc8c6956fd0de9143,0.1237876212378762
MC_S0_FULL_R4_L2_HIGH,NEW_MC,TIME_GIVEN_COVERAGE,LEGACY_RADEMACHER,False,10000,12885254396684519771,4.563776766650533,173.86318531126688,0.0262492416579163,7360,0.736026397360264,True,d17868bce73d1ecec1c3,0.736026397360264
MC_S0_FULL_R4_L2_HIGH,NEW_MC,TIME_GIVEN_COVERAGE,GAUSSIAN_L1,False,10000,15396169777876053537,4.563776766650533,173.86318531126688,0.0262492416579163,6050,0.605039496050395,True,e46e04091a42299c864d,0.605039496050395
MC_S0_FULL_R4_L2_HIGH,NEW_MC,TIME_GIVEN_COVERAGE,DWB_L2,False,10000,1573412914246965147,4.563776766650533,173.86318531126688,0.0262492416579163,6546,0.6546345365463454,True,ca3bc5db712ed3c95b2c,0.6546345365463454
MC_S0_FULL_R4_L2_HIGH,NEW_MC,TIME_GIVEN_COVERAGE,DWB_L3,True,10000,17668301956763600067,4.563776766650533,173.86318531126688,0.0262492416579163,6210,0.621037896210379,True,c9420591ad1aea444780,0.621037896210379
MC_S0_FULL_R4_L2_HIGH,NEW_MC,TIME_GIVEN_COVERAGE,DWB_L4,False,10000,12393627043009287353,4.563776766650533,173.86318531126688,0.0262492416579163,6076,0.6076392360763924,True,d46f00f4abb8832e6d04,0.6076392360763924
MC_S0_FULL_R4_L2_HIGH,NEW_MC,COVERAGE_GIVEN_TIME,LEGACY_RADEMACHER,False,10000,151520963164886488,45.94105592519289,215.24046446980924,0.213440609498577,0,9.999000099990002e-05,True,dee8524e2628959042ee,0.0001999800019998
MC_S0_FULL_R4_L2_HIGH,NEW_MC,COVERAGE_GIVEN_TIME,GAUSSIAN_L1,False,10000,15077399063011181385,45.94105592519289,215.24046446980924,0.213440609498577,34,0.0034996500349965,True,afd74cfc8f1975f3a132,0.006999300069993
MC_S0_FULL_R4_L2_HIGH,NEW_MC,COVERAGE_GIVEN_TIME,DWB_L2,False,10000,8846705994648071388,45.94105592519289,215.24046446980924,0.213440609498577,200,0.0200979902009799,True,64b3e1b0f58d5d8ffd2b,0.0401959804019598
MC_S0_FULL_R4_L2_HIGH,NEW_MC,COVERAGE_GIVEN_TIME,DWB_L3,True,10000,2771895191116682140,45.94105592519289,215.24046446980924,0.213440609498577,378,0.0378962103789621,True,1c8b82a8c5c0f6887982,0.0757924207579242
MC_S0_FULL_R4_L2_HIGH,NEW_MC,COVERAGE_GIVEN_TIME,DWB_L4,False,10000,16320993830268442045,45.94105592519289,215.24046446980924,0.213440609498577,591,0.0591940805919408,True,d82656fbd7d2a4b7ebd2,0.1183881611838816
MC_S1_DROP_TOP1_R0_L0_STAGE15_MATCHED,NEW_MC,TIME_GIVEN_COVERAGE,LEGACY_RADEMACHER,False,10000,17661367055314784556,48.42781992183191,269.598192630724,0.1796296163905105,240,0.0240975902409759,True,f7fe1915a6486ac5d899,0.0240975902409759
MC_S1_DROP_TOP1_R0_L0_STAGE15_MATCHED,NEW_MC,TIME_GIVEN_COVERAGE,GAUSSIAN_L1,False,10000,3389385776492878730,48.42781992183191,269.598192630724,0.1796296163905105,411,0.0411958804119588,True,5c259bf677a67638b17a,0.0823917608239176
MC_S1_DROP_TOP1_R0_L0_STAGE15_MATCHED,NEW_MC,TIME_GIVEN_COVERAGE,DWB_L2,False,10000,8448002582407308539,48.42781992183191,269.598192630724,0.1796296163905105,824,0.0824917508249175,True,664b8d7b6a31bf2e72c6,0.145985401459854
MC_S1_DROP_TOP1_R0_L0_STAGE15_MATCHED,NEW_MC,TIME_GIVEN_COVERAGE,DWB_L3,True,10000,6779817657738388645,48.42781992183191,269.598192630724,0.1796296163905105,1013,0.1013898610138986,True,11c9bbfb900d202a710e,0.1717828217178282
MC_S1_DROP_TOP1_R0_L0_STAGE15_MATCHED,NEW_MC,TIME_GIVEN_COVERAGE,DWB_L4,False,10000,9462829883138442119,48.42781992183191,269.598192630724,0.1796296163905105,1072,0.1072892710728927,True,bfbbf50990f5cbf28e54,0.1881811818818118
MC_S1_DROP_TOP1_R0_L0_STAGE15_MATCHED,NEW_MC,COVERAGE_GIVEN_TIME,LEGACY_RADEMACHER,False,10000,10282948218348432461,42.85315204643212,264.0235247553241,0.1623080825322099,90,0.0090990900909909,True,67b41d29a7883eb52305,0.0181981801819818
MC_S1_DROP_TOP1_R0_L0_STAGE15_MATCHED,NEW_MC,COVERAGE_GIVEN_TIME,GAUSSIAN_L1,False,10000,12627767797395327001,42.85315204643212,264.0235247553241,0.1623080825322099,447,0.0447955204479552,True,70a9c8b434f2a8bca198,0.0823917608239176
MC_S1_DROP_TOP1_R0_L0_STAGE15_MATCHED,NEW_MC,COVERAGE_GIVEN_TIME,DWB_L2,False,10000,15037722218211444362,42.85315204643212,264.0235247553241,0.1623080825322099,729,0.072992700729927,True,4d5fe9547082c21fee66,0.145985401459854
MC_S1_DROP_TOP1_R0_L0_STAGE15_MATCHED,NEW_MC,COVERAGE_GIVEN_TIME,DWB_L3,True,10000,15164555004080601991,42.85315204643212,264.0235247553241,0.1623080825322099,858,0.0858914108589141,True,eec9229cf0c14b835361,0.1717828217178282
MC_S1_DROP_TOP1_R0_L0_STAGE15_MATCHED,NEW_MC,COVERAGE_GIVEN_TIME,DWB_L4,False,10000,6440489331090514296,42.85315204643212,264.0235247553241,0.1623080825322099,940,0.0940905909409059,True,2f1eb0b14ad37a5186be,0.1881811818818118
MC_S1_DROP_TOP1_R0_L1_EXTENDED,NEW_MC,TIME_GIVEN_COVERAGE,LEGACY_RADEMACHER,False,10000,5299611937710084061,41.808080331828336,290.24229702284407,0.1440454432750639,752,0.0752924707529247,True,a60d1280d85b3c3aacb5,0.0752924707529247
MC_S1_DROP_TOP1_R0_L1_EXTENDED,NEW_MC,TIME_GIVEN_COVERAGE,GAUSSIAN_L1,False,10000,13050874811760648465,41.808080331828336,290.24229702284407,0.1440454432750639,863,0.0863913608639136,True,b03e28a362b643eb2749,0.1361863813618638
MC_S1_DROP_TOP1_R0_L1_EXTENDED,NEW_MC,TIME_GIVEN_COVERAGE,DWB_L2,False,10000,5207701203640053835,41.808080331828336,290.24229702284407,0.1440454432750639,1150,0.1150884911508849,True,c03dca42a5126f699ff3,0.1817818218178182
MC_S1_DROP_TOP1_R0_L1_EXTENDED,NEW_MC,TIME_GIVEN_COVERAGE,DWB_L3,True,10000,8573671352647573456,41.808080331828336,290.24229702284407,0.1440454432750639,1241,0.1241875812418758,True,7bdf3c252b199dc4d685,0.1971802819718028
MC_S1_DROP_TOP1_R0_L1_EXTENDED,NEW_MC,TIME_GIVEN_COVERAGE,DWB_L4,False,10000,4701349254785432075,41.808080331828336,290.24229702284407,0.1440454432750639,1380,0.1380861913808619,True,5a9ad95b76cad46ad780,0.2255774422557744
MC_S1_DROP_TOP1_R0_L1_EXTENDED,NEW_MC,COVERAGE_GIVEN_TIME,LEGACY_RADEMACHER,False,10000,15917926682082466478,44.42608876199098,292.8603054530066,0.1516972014806552,179,0.017998200179982,True,23aed638708e3fe90482,0.035996400359964
MC_S1_DROP_TOP1_R0_L1_EXTENDED,NEW_MC,COVERAGE_GIVEN_TIME,GAUSSIAN_L1,False,10000,2684167809425283210,44.42608876199098,292.8603054530066,0.1516972014806552,680,0.0680931906809319,True,3c59e6ec0435e000a1bb,0.1361863813618638
MC_S1_DROP_TOP1_R0_L1_EXTENDED,NEW_MC,COVERAGE_GIVEN_TIME,DWB_L2,False,10000,13677180313260566444,44.42608876199098,292.8603054530066,0.1516972014806552,908,0.0908909109089091,True,1b9286ef2424c1d24773,0.1817818218178182
MC_S1_DROP_TOP1_R0_L1_EXTENDED,NEW_MC,COVERAGE_GIVEN_TIME,DWB_L3,True,10000,12180245341753889060,44.42608876199098,292.8603054530066,0.1516972014806552,985,0.0985901409859014,True,c3d96a8df569fdfcca81,0.1971802819718028
MC_S1_DROP_TOP1_R0_L1_EXTENDED,NEW_MC,COVERAGE_GIVEN_TIME,DWB_L4,False,10000,7717212094976991785,44.42608876199098,292.8603054530066,0.1516972014806552,1127,0.1127887211278872,True,dc94caa804bb6e3b11cd,0.2255774422557744
MC_S1_DROP_TOP1_R0_L2_HIGH,NEW_MC,TIME_GIVEN_COVERAGE,LEGACY_RADEMACHER,False,10000,2645309898236429797,57.90054447275725,301.64699754245186,0.191948021841685,462,0.0462953704629537,True,670ee6f9de68b8f13bd8,0.0925907409259074
MC_S1_DROP_TOP1_R0_L2_HIGH,NEW_MC,TIME_GIVEN_COVERAGE,GAUSSIAN_L1,False,10000,11431579265750808857,57.90054447275725,301.64699754245186,0.191948021841685,550,0.0550944905509449,True,6e5527d0a5d94fbbc732,0.1101889811018898
MC_S1_DROP_TOP1_R0_L2_HIGH,NEW_MC,TIME_GIVEN_COVERAGE,DWB_L2,False,10000,16866721744788008813,57.90054447275725,301.64699754245186,0.191948021841685,916,0.0916908309169083,True,8caedefe350bdc6de0de,0.1833816618338166
MC_S1_DROP_TOP1_R0_L2_HIGH,NEW_MC,TIME_GIVEN_COVERAGE,DWB_L3,True,10000,8496186255226068417,57.90054447275725,301.64699754245186,0.191948021841685,1100,0.1100889911008899,True,c111b4febb05ae1190ba,0.2201779822017798
MC_S1_DROP_TOP1_R0_L2_HIGH,NEW_MC,TIME_GIVEN_COVERAGE,DWB_L4,False,10000,14038730321210118442,57.90054447275725,301.64699754245186,0.191948021841685,1199,0.11998800119988,True,38d08720b647460beeaa,0.23997600239976
MC_S1_DROP_TOP1_R0_L2_HIGH,NEW_MC,COVERAGE_GIVEN_TIME,LEGACY_RADEMACHER,False,10000,9428324364304109100,34.41512577510617,278.1615788448008,0.1237235060213256,899,0.08999100089991,True,7cbed47c1777d49a3373,0.0925907409259074
MC_S1_DROP_TOP1_R0_L2_HIGH,NEW_MC,COVERAGE_GIVEN_TIME,GAUSSIAN_L1,False,10000,2020054888475678715,34.41512577510617,278.1615788448008,0.1237235060213256,1468,0.1468853114688531,True,efaa36b3829237a3c213,0.1468853114688531
MC_S1_DROP_TOP1_R0_L2_HIGH,NEW_MC,COVERAGE_GIVEN_TIME,DWB_L2,False,10000,10311068253608142470,34.41512577510617,278.1615788448008,0.1237235060213256,1793,0.1793820617938206,True,3bfd27c4e04f5803f593,0.1833816618338166
MC_S1_DROP_TOP1_R0_L2_HIGH,NEW_MC,COVERAGE_GIVEN_TIME,DWB_L3,True,10000,9440500769677468185,34.41512577510617,278.1615788448008,0.1237235060213256,1633,0.1633836616338366,True,8f048e36a33e053da86f,0.2201779822017798
MC_S1_DROP_TOP1_R0_L2_HIGH,NEW_MC,COVERAGE_GIVEN_TIME,DWB_L4,False,10000,5144173076317942467,34.41512577510617,278.1615788448008,0.1237235060213256,1722,0.1722827717228277,True,090d26cac27929c8d94d,0.23997600239976
MC_S1_DROP_TOP1_R1_L0_STAGE15_MATCHED,NEW_MC,TIME_GIVEN_COVERAGE,LEGACY_RADEMACHER,False,10000,13221129499728348380,49.80861509366288,274.1032741560933,0.1817147761077032,248,0.0248975102489751,True,5c70a3b7b58b5af25764,0.0497950204979502
MC_S1_DROP_TOP1_R1_L0_STAGE15_MATCHED,NEW_MC,TIME_GIVEN_COVERAGE,GAUSSIAN_L1,False,10000,3762035474305986684,49.80861509366288,274.1032741560933,0.1817147761077032,367,0.0367963203679632,True,59f5840eee00cfc367b3,0.0735926407359264
MC_S1_DROP_TOP1_R1_L0_STAGE15_MATCHED,NEW_MC,TIME_GIVEN_COVERAGE,DWB_L2,False,10000,18091429687853409255,49.80861509366288,274.1032741560933,0.1817147761077032,787,0.0787921207879212,True,c3991eb9b109d314cf3e,0.1575842415758424
MC_S1_DROP_TOP1_R1_L0_STAGE15_MATCHED,NEW_MC,TIME_GIVEN_COVERAGE,DWB_L3,True,10000,12274042347644301371,49.80861509366288,274.1032741560933,0.1817147761077032,1061,0.1061893810618938,True,be1d076e98d6f614c6de,0.2123787621237876
MC_S1_DROP_TOP1_R1_L0_STAGE15_MATCHED,NEW_MC,TIME_GIVEN_COVERAGE,DWB_L4,False,10000,1918712269565298270,49.80861509366288,274.1032741560933,0.1817147761077032,1143,0.1143885611438856,True,4cf4aee4ad3b91428012,0.2287771222877712
MC_S1_DROP_TOP1_R1_L0_STAGE15_MATCHED,NEW_MC,COVERAGE_GIVEN_TIME,LEGACY_RADEMACHER,False,10000,11965343581418095741,34.71492290274554,259.0095819651759,0.1340294928062275,282,0.0282971702829717,True,34ebb9c21cf93255f46c,0.0497950204979502
MC_S1_DROP_TOP1_R1_L0_STAGE15_MATCHED,NEW_MC,COVERAGE_GIVEN_TIME,GAUSSIAN_L1,False,10000,17491189880277891321,34.71492290274554,259.0095819651759,0.1340294928062275,961,0.0961903809619038,True,d40b8f1135bf51977360,0.0961903809619038
MC_S1_DROP_TOP1_R1_L0_STAGE15_MATCHED,NEW_MC,COVERAGE_GIVEN_TIME,DWB_L2,False,10000,11035191266924033664,34.71492290274554,259.0095819651759,0.1340294928062275,1202,0.1202879712028797,True,f9e29eee4310bf468152,0.1575842415758424
MC_S1_DROP_TOP1_R1_L0_STAGE15_MATCHED,NEW_MC,COVERAGE_GIVEN_TIME,DWB_L3,True,10000,4123581451000344275,34.71492290274554,259.0095819651759,0.1340294928062275,1276,0.1276872312768723,True,e761dc330a96a46ad96f,0.2123787621237876
MC_S1_DROP_TOP1_R1_L0_STAGE15_MATCHED,NEW_MC,COVERAGE_GIVEN_TIME,DWB_L4,False,10000,1518348087713116105,34.71492290274554,259.0095819651759,0.1340294928062275,1234,0.1234876512348765,True,5d9aa430ec03b3e35edc,0.2287771222877712
MC_S1_DROP_TOP1_R1_L1_EXTENDED,NEW_MC,TIME_GIVEN_COVERAGE,LEGACY_RADEMACHER,False,10000,5057103800473705496,43.07824974080381,293.0951490420157,0.1469770137158717,664,0.0664933506649335,True,267f6a4232b44880bd89,0.0664933506649335
MC_S1_DROP_TOP1_R1_L1_EXTENDED,NEW_MC,TIME_GIVEN_COVERAGE,GAUSSIAN_L1,False,10000,4913639089844559301,43.07824974080381,293.0951490420157,0.1469770137158717,818,0.0818918108189181,True,97e2031baecab1cd3734,0.114988501149885
MC_S1_DROP_TOP1_R1_L1_EXTENDED,NEW_MC,TIME_GIVEN_COVERAGE,DWB_L2,False,10000,11731568046533024951,43.07824974080381,293.0951490420157,0.1469770137158717,1132,0.1132886711328867,True,34f00c8d71edb2734323,0.1675832416758324
MC_S1_DROP_TOP1_R1_L1_EXTENDED,NEW_MC,TIME_GIVEN_COVERAGE,DWB_L3,True,10000,10547315964533124182,43.07824974080381,293.0951490420157,0.1469770137158717,1343,0.1343865613438656,True,48893ab8f5841f360b32,0.1843815618438156
MC_S1_DROP_TOP1_R1_L1_EXTENDED,NEW_MC,TIME_GIVEN_COVERAGE,DWB_L4,False,10000,1897475697932906196,43.07824974080381,293.0951490420157,0.1469770137158717,1290,0.1290870912908709,True,9f0f34bdffa34181a0a4,0.203979602039796
MC_S1_DROP_TOP1_R1_L1_EXTENDED,NEW_MC,COVERAGE_GIVEN_TIME,LEGACY_RADEMACHER,False,10000,13761004443037023835,47.94383345781305,297.96073275902506,0.1609065497116611,140,0.0140985901409859,True,86bef3c763476119593c,0.0281971802819718
MC_S1_DROP_TOP1_R1_L1_EXTENDED,NEW_MC,COVERAGE_GIVEN_TIME,GAUSSIAN_L1,False,10000,17003424780994022981,47.94383345781305,297.96073275902506,0.1609065497116611,574,0.0574942505749425,True,edf156deabeedd41cf33,0.114988501149885
MC_S1_DROP_TOP1_R1_L1_EXTENDED,NEW_MC,COVERAGE_GIVEN_TIME,DWB_L2,False,10000,16600435223196897119,47.94383345781305,297.96073275902506,0.1609065497116611,837,0.0837916208379162,True,538fd32fb7f9b0324194,0.1675832416758324
MC_S1_DROP_TOP1_R1_L1_EXTENDED,NEW_MC,COVERAGE_GIVEN_TIME,DWB_L3,True,10000,12641889727178271196,47.94383345781305,297.96073275902506,0.1609065497116611,921,0.0921907809219078,True,7dad5d98ebcde2e4c498,0.1843815618438156
MC_S1_DROP_TOP1_R1_L1_EXTENDED,NEW_MC,COVERAGE_GIVEN_TIME,DWB_L4,False,10000,13763739460589930377,47.94383345781305,297.96073275902506,0.1609065497116611,1019,0.101989801019898,True,e45bdc182d0079c6893a,0.203979602039796
MC_S1_DROP_TOP1_R1_L2_HIGH,NEW_MC,TIME_GIVEN_COVERAGE,LEGACY_RADEMACHER,False,10000,16582282852558998849,58.45545623679851,302.7858132226085,0.1930587685553879,449,0.044995500449955,True,d3b9242b9a703f7d771e,0.08999100089991
MC_S1_DROP_TOP1_R1_L2_HIGH,NEW_MC,TIME_GIVEN_COVERAGE,GAUSSIAN_L1,False,10000,14626941657778193961,58.45545623679851,302.7858132226085,0.1930587685553879,561,0.0561943805619438,True,d768721e36ae33f1d741,0.1123887611238876
MC_S1_DROP_TOP1_R1_L2_HIGH,NEW_MC,TIME_GIVEN_COVERAGE,DWB_L2,False,10000,8680708501963284457,58.45545623679851,302.7858132226085,0.1930587685553879,926,0.0926907309269073,True,9bb842206a3276da589b,0.1853814618538146
MC_S1_DROP_TOP1_R1_L2_HIGH,NEW_MC,TIME_GIVEN_COVERAGE,DWB_L3,True,10000,8202869586644652556,58.45545623679851,302.7858132226085,0.1930587685553879,1095,0.1095890410958904,True,c20710a858ae7dec684d,0.2191780821917808
MC_S1_DROP_TOP1_R1_L2_HIGH,NEW_MC,TIME_GIVEN_COVERAGE,DWB_L4,False,10000,4194902007243777013,58.45545623679851,302.7858132226085,0.1930587685553879,1174,0.1174882511748825,True,df0d2316cd872417f2e3,0.234976502349765
MC_S1_DROP_TOP1_R1_L2_HIGH,NEW_MC,COVERAGE_GIVEN_TIME,LEGACY_RADEMACHER,False,10000,12507614931895616686,39.15729277892044,283.4876497647305,0.1381269794695377,501,0.0501949805019498,True,c0eceb1956b3d4b7d92d,0.08999100089991
MC_S1_DROP_TOP1_R1_L2_HIGH,NEW_MC,COVERAGE_GIVEN_TIME,GAUSSIAN_L1,False,10000,16293408460453667501,39.15729277892044,283.4876497647305,0.1381269794695377,1143,0.1143885611438856,True,74cd2d99c75cc002621a,0.1143885611438856
MC_S1_DROP_TOP1_R1_L2_HIGH,NEW_MC,COVERAGE_GIVEN_TIME,DWB_L2,False,10000,1580452309508274204,39.15729277892044,283.4876497647305,0.1381269794695377,1439,0.143985601439856,True,08c5a8a666daac569270,0.1853814618538146
MC_S1_DROP_TOP1_R1_L2_HIGH,NEW_MC,COVERAGE_GIVEN_TIME,DWB_L3,True,10000,11138389247772325631,39.15729277892044,283.4876497647305,0.1381269794695377,1419,0.141985801419858,True,9cf2a75d38b1a54b0f16,0.2191780821917808
MC_S1_DROP_TOP1_R1_L2_HIGH,NEW_MC,COVERAGE_GIVEN_TIME,DWB_L4,False,10000,4958838590232716206,39.15729277892044,283.4876497647305,0.1381269794695377,1500,0.1500849915008499,True,8552f3914a795113e011,0.234976502349765
MC_S1_DROP_TOP1_R2_L0_STAGE15_MATCHED,NEW_MC,TIME_GIVEN_COVERAGE,LEGACY_RADEMACHER,False,10000,17403309007637487033,54.28798139603507,286.8607867827006,0.1892485271511113,243,0.0243975602439756,True,22c35bc687002d0b3ac4,0.046995300469953
MC_S1_DROP_TOP1_R2_L0_STAGE15_MATCHED,NEW_MC,TIME_GIVEN_COVERAGE,GAUSSIAN_L1,False,10000,17594407890811963472,54.28798139603507,286.8607867827006,0.1892485271511113,355,0.0355964403559644,True,6dc6a45393fd01960c38,0.0711928807119288
MC_S1_DROP_TOP1_R2_L0_STAGE15_MATCHED,NEW_MC,TIME_GIVEN_COVERAGE,DWB_L2,False,10000,5025391174831932470,54.28798139603507,286.8607867827006,0.1892485271511113,831,0.0831916808319168,True,d244712da3e97f9c8315,0.1663833616638336
MC_S1_DROP_TOP1_R2_L0_STAGE15_MATCHED,NEW_MC,TIME_GIVEN_COVERAGE,DWB_L3,True,10000,1495211328228427547,54.28798139603507,286.8607867827006,0.1892485271511113,994,0.0994900509949005,True,e413f2887418f07bbb06,0.198980101989801
MC_S1_DROP_TOP1_R2_L0_STAGE15_MATCHED,NEW_MC,TIME_GIVEN_COVERAGE,DWB_L4,False,10000,3700114886710533891,54.28798139603507,286.8607867827006,0.1892485271511113,1126,0.1126887311268873,True,78ae5825c342aaeb9673,0.218978102189781
MC_S1_DROP_TOP1_R2_L0_STAGE15_MATCHED,NEW_MC,COVERAGE_GIVEN_TIME,LEGACY_RADEMACHER,False,10000,4401391631622145829,39.57814077752431,272.1509461641898,0.1454271658260069,234,0.0234976502349765,True,2f99ff0e2f3e580a1769,0.046995300469953
MC_S1_DROP_TOP1_R2_L0_STAGE15_MATCHED,NEW_MC,COVERAGE_GIVEN_TIME,GAUSSIAN_L1,False,10000,4959832033657057594,39.57814077752431,272.1509461641898,0.1454271658260069,730,0.0730926907309269,True,8aff0c45db012fdc1a41,0.0730926907309269
MC_S1_DROP_TOP1_R2_L0_STAGE15_MATCHED,NEW_MC,COVERAGE_GIVEN_TIME,DWB_L2,False,10000,6126132009101173078,39.57814077752431,272.1509461641898,0.1454271658260069,1049,0.104989501049895,True,14dd839366a6f26ea86f,0.1663833616638336
MC_S1_DROP_TOP1_R2_L0_STAGE15_MATCHED,NEW_MC,COVERAGE_GIVEN_TIME,DWB_L3,True,10000,15860570017394814793,39.57814077752431,272.1509461641898,0.1454271658260069,1110,0.1110888911108889,True,efb391b67f74a8eefc92,0.198980101989801
MC_S1_DROP_TOP1_R2_L0_STAGE15_MATCHED,NEW_MC,COVERAGE_GIVEN_TIME,DWB_L4,False,10000,10440914070365403050,39.57814077752431,272.1509461641898,0.1454271658260069,1094,0.1094890510948905,True,3b311d0edd3f465f6ba0,0.218978102189781
MC_S1_DROP_TOP1_R2_L1_EXTENDED,NEW_MC,TIME_GIVEN_COVERAGE,LEGACY_RADEMACHER,False,10000,3755431629130246564,41.48966353965577,289.3374891739154,0.1433953949697721,727,0.0727927207279272,True,31be9fc4550dff505f1a,0.0727927207279272
MC_S1_DROP_TOP1_R2_L1_EXTENDED,NEW_MC,TIME_GIVEN_COVERAGE,GAUSSIAN_L1,False,10000,11630051700099050390,41.48966353965577,289.3374891739154,0.1433953949697721,861,0.0861913808619138,True,1f794e11f1f88c2ba990,0.1177882211778822
MC_S1_DROP_TOP1_R2_L1_EXTENDED,NEW_MC,TIME_GIVEN_COVERAGE,DWB_L2,False,10000,13702291653267028108,41.48966353965577,289.3374891739154,0.1433953949697721,1165,0.1165883411658834,True,6a23e69abf308af0ae4a,0.165983401659834
MC_S1_DROP_TOP1_R2_L1_EXTENDED,NEW_MC,TIME_GIVEN_COVERAGE,DWB_L3,True,10000,133112250266410385,41.48966353965577,289.3374891739154,0.1433953949697721,1302,0.1302869713028697,True,b4aba2a0d5ea3e72f991,0.17998200179982
MC_S1_DROP_TOP1_R2_L1_EXTENDED,NEW_MC,TIME_GIVEN_COVERAGE,DWB_L4,False,10000,11050572061755286526,41.48966353965577,289.3374891739154,0.1433953949697721,1336,0.1336866313368663,True,6591a91de923de24ac2b,0.1895810418958104
MC_S1_DROP_TOP1_R2_L1_EXTENDED,NEW_MC,COVERAGE_GIVEN_TIME,LEGACY_RADEMACHER,False,10000,2736525173572713184,47.55834609884113,295.4061717331007,0.1609930686952947,105,0.0105989401059894,True,87b6b2a1fd06312d1b09,0.0211978802119788
MC_S1_DROP_TOP1_R2_L1_EXTENDED,NEW_MC,COVERAGE_GIVEN_TIME,GAUSSIAN_L1,False,10000,13316807845089499819,47.55834609884113,295.4061717331007,0.1609930686952947,588,0.0588941105889411,True,910921d25564dfce52e2,0.1177882211778822
MC_S1_DROP_TOP1_R2_L1_EXTENDED,NEW_MC,COVERAGE_GIVEN_TIME,DWB_L2,False,10000,9513815437973500514,47.55834609884113,295.4061717331007,0.1609930686952947,829,0.082991700829917,True,ecd48d969a6d1342e009,0.165983401659834
MC_S1_DROP_TOP1_R2_L1_EXTENDED,NEW_MC,COVERAGE_GIVEN_TIME,DWB_L3,True,10000,4443468747437981367,47.55834609884113,295.4061717331007,0.1609930686952947,899,0.08999100089991,True,ad04eb5b18caa53ca611,0.17998200179982
MC_S1_DROP_TOP1_R2_L1_EXTENDED,NEW_MC,COVERAGE_GIVEN_TIME,DWB_L4,False,10000,6499108174242268926,47.55834609884113,295.4061717331007,0.1609930686952947,947,0.0947905209479052,True,c6eb53e93979a9e84a60,0.1895810418958104
MC_S1_DROP_TOP1_R2_L2_HIGH,NEW_MC,TIME_GIVEN_COVERAGE,LEGACY_RADEMACHER,False,10000,16385266069436087127,58.68911181103827,303.16617906437915,0.1935872662054935,519,0.051994800519948,True,953ab59e4ed200386e25,0.0955904409559044
MC_S1_DROP_TOP1_R2_L2_HIGH,NEW_MC,TIME_GIVEN_COVERAGE,GAUSSIAN_L1,False,10000,14445110833453601444,58.68911181103827,303.16617906437915,0.1935872662054935,552,0.0552944705529447,True,fc72727c48b7681e280a,0.1105889411058894
MC_S1_DROP_TOP1_R2_L2_HIGH,NEW_MC,TIME_GIVEN_COVERAGE,DWB_L2,False,10000,15660120132122325416,58.68911181103827,303.16617906437915,0.1935872662054935,892,0.0892910708929107,True,16e1d84ef5514e37187d,0.1785821417858214
MC_S1_DROP_TOP1_R2_L2_HIGH,NEW_MC,TIME_GIVEN_COVERAGE,DWB_L3,True,10000,3409569085158451636,58.68911181103827,303.16617906437915,0.1935872662054935,1126,0.1126887311268873,True,cfbee1c03798efc490d8,0.2253774622537746
MC_S1_DROP_TOP1_R2_L2_HIGH,NEW_MC,TIME_GIVEN_COVERAGE,DWB_L4,False,10000,3913703543016113306,58.68911181103827,303.16617906437915,0.1935872662054935,1159,0.115988401159884,True,8c8595f95ed25d850448,0.231976802319768
MC_S1_DROP_TOP1_R2_L2_HIGH,NEW_MC,COVERAGE_GIVEN_TIME,LEGACY_RADEMACHER,False,10000,10165577462756391765,40.67856851446035,285.15563576780124,0.1426539174122598,477,0.0477952204779522,True,96d6fa0a06e5e3284d98,0.0955904409559044
MC_S1_DROP_TOP1_R2_L2_HIGH,NEW_MC,COVERAGE_GIVEN_TIME,GAUSSIAN_L1,False,10000,13782665323941841937,40.67856851446035,285.15563576780124,0.1426539174122598,1037,0.1037896210378962,True,83d0ab3a6305b54416d7,0.1105889411058894
MC_S1_DROP_TOP1_R2_L2_HIGH,NEW_MC,COVERAGE_GIVEN_TIME,DWB_L2,False,10000,12395844049338563279,40.67856851446035,285.15563576780124,0.1426539174122598,1297,0.1297870212978702,True,83a3166b98084fc520f9,0.1785821417858214
MC_S1_DROP_TOP1_R2_L2_HIGH,NEW_MC,COVERAGE_GIVEN_TIME,DWB_L3,True,10000,15978531499887498003,40.67856851446035,285.15563576780124,0.1426539174122598,1355,0.1355864413558644,True,68f779f4f9a4dd14ad66,0.2253774622537746
MC_S1_DROP_TOP1_R2_L2_HIGH,NEW_MC,COVERAGE_GIVEN_TIME,DWB_L4,False,10000,14333462916675757980,40.67856851446035,285.15563576780124,0.1426539174122598,1434,0.1434856514348565,True,a0b43735ff6e2de490e4,0.231976802319768
MC_S1_DROP_TOP1_R3_L0_STAGE15_MATCHED,NEW_MC,TIME_GIVEN_COVERAGE,LEGACY_RADEMACHER,False,10000,10876545777133118912,47.9539464278034,264.03246781024666,0.1816213999191443,230,0.0230976902309769,True,77e34f3263edabb6ea73,0.0461953804619538
MC_S1_DROP_TOP1_R3_L0_STAGE15_MATCHED,NEW_MC,TIME_GIVEN_COVERAGE,GAUSSIAN_L1,False,10000,8793667048078027200,47.9539464278034,264.03246781024666,0.1816213999191443,424,0.0424957504249575,True,c18f43f457354656f250,0.084991500849915
MC_S1_DROP_TOP1_R3_L0_STAGE15_MATCHED,NEW_MC,TIME_GIVEN_COVERAGE,DWB_L2,False,10000,4271515060902980678,47.9539464278034,264.03246781024666,0.1816213999191443,772,0.0772922707729227,True,158248d70b135b0fb7c6,0.1545845415458454
MC_S1_DROP_TOP1_R3_L0_STAGE15_MATCHED,NEW_MC,TIME_GIVEN_COVERAGE,DWB_L3,True,10000,17945949953670361544,47.9539464278034,264.03246781024666,0.1816213999191443,1012,0.1012898710128987,True,58c336c301dc2d0f4cb0,0.2025797420257974
MC_S1_DROP_TOP1_R3_L0_STAGE15_MATCHED,NEW_MC,TIME_GIVEN_COVERAGE,DWB_L4,False,10000,11904240117868655688,47.9539464278034,264.03246781024666,0.1816213999191443,1176,0.1176882311768823,True,ba1c56ed3b473d71f6e3,0.2353764623537646
MC_S1_DROP_TOP1_R3_L0_STAGE15_MATCHED,NEW_MC,COVERAGE_GIVEN_TIME,LEGACY_RADEMACHER,False,10000,4938919964221508867,34.13632643963246,250.2148478220757,0.1364280606717085,248,0.0248975102489751,True,0f1e7497b24068c02ac4,0.0461953804619538
MC_S1_DROP_TOP1_R3_L0_STAGE15_MATCHED,NEW_MC,COVERAGE_GIVEN_TIME,GAUSSIAN_L1,False,10000,1224400061959730546,34.13632643963246,250.2148478220757,0.1364280606717085,817,0.0817918208179182,True,c8ca66484504ce5db603,0.084991500849915
MC_S1_DROP_TOP1_R3_L0_STAGE15_MATCHED,NEW_MC,COVERAGE_GIVEN_TIME,DWB_L2,False,10000,2304408219855121004,34.13632643963246,250.2148478220757,0.1364280606717085,1122,0.1122887711228877,True,6c23a87ab0442d8fa872,0.1545845415458454
MC_S1_DROP_TOP1_R3_L0_STAGE15_MATCHED,NEW_MC,COVERAGE_GIVEN_TIME,DWB_L3,True,10000,2654134724049965960,34.13632643963246,250.2148478220757,0.1364280606717085,1148,0.1148885111488851,True,45222a95ce901fb4ee2a,0.2025797420257974
MC_S1_DROP_TOP1_R3_L0_STAGE15_MATCHED,NEW_MC,COVERAGE_GIVEN_TIME,DWB_L4,False,10000,10222798023210577271,34.13632643963246,250.2148478220757,0.1364280606717085,1181,0.1181881811818818,True,ba97744ed3d8a6f0fe44,0.2353764623537646
MC_S1_DROP_TOP1_R3_L1_EXTENDED,NEW_MC,TIME_GIVEN_COVERAGE,LEGACY_RADEMACHER,False,10000,7465942124852481122,43.52849336819085,290.79740608006534,0.1496866631479035,696,0.0696930306969303,True,ab497651e81bb9cc6796,0.0696930306969303
MC_S1_DROP_TOP1_R3_L1_EXTENDED,NEW_MC,TIME_GIVEN_COVERAGE,GAUSSIAN_L1,False,10000,3712069870757561227,43.52849336819085,290.79740608006534,0.1496866631479035,816,0.0816918308169183,True,cb181f912d9ff3bd7aa3,0.0901909809019098
MC_S1_DROP_TOP1_R3_L1_EXTENDED,NEW_MC,TIME_GIVEN_COVERAGE,DWB_L2,False,10000,290849805066532744,43.52849336819085,290.79740608006534,0.1496866631479035,1117,0.1117888211178882,True,d8acd31c6508527b6dce,0.127987201279872
MC_S1_DROP_TOP1_R3_L1_EXTENDED,NEW_MC,TIME_GIVEN_COVERAGE,DWB_L3,True,10000,999619431518406613,43.52849336819085,290.79740608006534,0.1496866631479035,1223,0.1223877612238776,True,27d1bbee05f76519e2dc,0.1491850814918508
MC_S1_DROP_TOP1_R3_L1_EXTENDED,NEW_MC,TIME_GIVEN_COVERAGE,DWB_L4,False,10000,17931490500490501128,43.52849336819085,290.79740608006534,0.1496866631479035,1327,0.1327867213278672,True,494179380e9bca6b6904,0.1687831216878312
MC_S1_DROP_TOP1_R3_L1_EXTENDED,NEW_MC,COVERAGE_GIVEN_TIME,LEGACY_RADEMACHER,False,10000,5563065597680638240,52.88141703139566,300.1503297432701,0.1761831049015575,62,0.0062993700629937,True,4933376938a32d38abdc,0.0125987401259874
MC_S1_DROP_TOP1_R3_L1_EXTENDED,NEW_MC,COVERAGE_GIVEN_TIME,GAUSSIAN_L1,False,10000,7100290499667179875,52.88141703139566,300.1503297432701,0.1761831049015575,450,0.0450954904509549,True,a43ee452d389c9736af3,0.0901909809019098
MC_S1_DROP_TOP1_R3_L1_EXTENDED,NEW_MC,COVERAGE_GIVEN_TIME,DWB_L2,False,10000,3142432123325815982,52.88141703139566,300.1503297432701,0.1761831049015575,639,0.063993600639936,True,596966428f6a1ab3e4e9,0.127987201279872
MC_S1_DROP_TOP1_R3_L1_EXTENDED,NEW_MC,COVERAGE_GIVEN_TIME,DWB_L3,True,10000,11296878145291599930,52.88141703139566,300.1503297432701,0.1761831049015575,745,0.0745925407459254,True,4a346e1cd9366e3683a7,0.1491850814918508
MC_S1_DROP_TOP1_R3_L1_EXTENDED,NEW_MC,COVERAGE_GIVEN_TIME,DWB_L4,False,10000,5818000598495136728,52.88141703139566,300.1503297432701,0.1761831049015575,843,0.0843915608439156,True,40b61c6e76cac13a6d7f,0.1687831216878312
MC_S1_DROP_TOP1_R3_L2_HIGH,NEW_MC,TIME_GIVEN_COVERAGE,LEGACY_RADEMACHER,False,10000,10577500348435695208,58.59135021145144,310.8636638074399,0.188479250015354,442,0.0442955704429557,True,b4050b1341bf0bdb35bc,0.0885911408859114
MC_S1_DROP_TOP1_R3_L2_HIGH,NEW_MC,TIME_GIVEN_COVERAGE,GAUSSIAN_L1,False,10000,12681359545005016374,58.59135021145144,310.8636638074399,0.188479250015354,547,0.0547945205479452,True,5893523f31b9b4457e80,0.1095890410958904
MC_S1_DROP_TOP1_R3_L2_HIGH,NEW_MC,TIME_GIVEN_COVERAGE,DWB_L2,False,10000,12031968870269342740,58.59135021145144,310.8636638074399,0.188479250015354,817,0.0817918208179182,True,8936e5d189417101096c,0.1635836416358364
MC_S1_DROP_TOP1_R3_L2_HIGH,NEW_MC,TIME_GIVEN_COVERAGE,DWB_L3,True,10000,7327551920243794599,58.59135021145144,310.8636638074399,0.188479250015354,1117,0.1117888211178882,True,a6d9cd95f26fc6ba707c,0.2235776422357764
MC_S1_DROP_TOP1_R3_L2_HIGH,NEW_MC,TIME_GIVEN_COVERAGE,DWB_L4,False,10000,11090444604921630471,58.59135021145144,310.8636638074399,0.188479250015354,1154,0.1154884511548845,True,d5b44e4b07ae8cb08d0d,0.230976902309769
MC_S1_DROP_TOP1_R3_L2_HIGH,NEW_MC,COVERAGE_GIVEN_TIME,LEGACY_RADEMACHER,False,10000,2672068737631369956,40.5853041238188,292.8576177198073,0.1385837405897665,503,0.0503949605039496,True,f58f5c65192eba099552,0.0885911408859114
MC_S1_DROP_TOP1_R3_L2_HIGH,NEW_MC,COVERAGE_GIVEN_TIME,GAUSSIAN_L1,False,10000,1691760409942156203,40.5853041238188,292.8576177198073,0.1385837405897665,1150,0.1150884911508849,True,62c798d9b21ae4850eee,0.1150884911508849
MC_S1_DROP_TOP1_R3_L2_HIGH,NEW_MC,COVERAGE_GIVEN_TIME,DWB_L2,False,10000,5728733998814094167,40.5853041238188,292.8576177198073,0.1385837405897665,1393,0.1393860613938606,True,2404e72879f9c6493220,0.1635836416358364
MC_S1_DROP_TOP1_R3_L2_HIGH,NEW_MC,COVERAGE_GIVEN_TIME,DWB_L3,True,10000,12805245096478031350,40.5853041238188,292.8576177198073,0.1385837405897665,1394,0.1394860513948605,True,6b18622dfcd76fad4f38,0.2235776422357764
MC_S1_DROP_TOP1_R3_L2_HIGH,NEW_MC,COVERAGE_GIVEN_TIME,DWB_L4,False,10000,1700620093046329311,40.5853041238188,292.8576177198073,0.1385837405897665,1481,0.1481851814818518,True,3cfaa7bcdaecb40e2965,0.230976902309769
MC_S1_DROP_TOP1_R4_L0_STAGE15_MATCHED,NEW_MC,TIME_GIVEN_COVERAGE,LEGACY_RADEMACHER,False,10000,4028442404785984427,51.55269899718653,273.52801021666863,0.1884731986181243,247,0.0247975202479752,True,4333c343cafda1deb5b9,0.0495950404959504
MC_S1_DROP_TOP1_R4_L0_STAGE15_MATCHED,NEW_MC,TIME_GIVEN_COVERAGE,GAUSSIAN_L1,False,10000,7645625563431149846,51.55269899718653,273.52801021666863,0.1884731986181243,393,0.0393960603939606,True,1e271edb94d6be4b003d,0.0787921207879212
MC_S1_DROP_TOP1_R4_L0_STAGE15_MATCHED,NEW_MC,TIME_GIVEN_COVERAGE,DWB_L2,False,10000,10369170439603266006,51.55269899718653,273.52801021666863,0.1884731986181243,742,0.0742925707429257,True,c86485357feb7c3940ab,0.1485851414858514
MC_S1_DROP_TOP1_R4_L0_STAGE15_MATCHED,NEW_MC,TIME_GIVEN_COVERAGE,DWB_L3,True,10000,9423174760683959184,51.55269899718653,273.52801021666863,0.1884731986181243,976,0.0976902309769023,True,f84baf9070805ac029cd,0.1953804619538046
MC_S1_DROP_TOP1_R4_L0_STAGE15_MATCHED,NEW_MC,TIME_GIVEN_COVERAGE,DWB_L4,False,10000,13070626440975905494,51.55269899718653,273.52801021666863,0.1884731986181243,1117,0.1117888211178882,True,a0322ed1eaf6539d96d6,0.2235776422357764
MC_S1_DROP_TOP1_R4_L0_STAGE15_MATCHED,NEW_MC,COVERAGE_GIVEN_TIME,LEGACY_RADEMACHER,False,10000,11289481466838042732,35.7584432805125,257.73375449999463,0.1387417932504966,280,0.0280971902809719,True,0f45aa7ebffbf2415abc,0.0495950404959504
MC_S1_DROP_TOP1_R4_L0_STAGE15_MATCHED,NEW_MC,COVERAGE_GIVEN_TIME,GAUSSIAN_L1,False,10000,17123319285360880321,35.7584432805125,257.73375449999463,0.1387417932504966,878,0.0878912108789121,True,4e0f4613039a2f4bb9c8,0.0878912108789121
MC_S1_DROP_TOP1_R4_L0_STAGE15_MATCHED,NEW_MC,COVERAGE_GIVEN_TIME,DWB_L2,False,10000,5149402509662749294,35.7584432805125,257.73375449999463,0.1387417932504966,1138,0.1138886111388861,True,7e35496550748d2d8db7,0.1485851414858514
MC_S1_DROP_TOP1_R4_L0_STAGE15_MATCHED,NEW_MC,COVERAGE_GIVEN_TIME,DWB_L3,True,10000,17644334179394520135,35.7584432805125,257.73375449999463,0.1387417932504966,1222,0.1222877712228777,True,ef10d16e5acc94bc131c,0.1953804619538046
MC_S1_DROP_TOP1_R4_L0_STAGE15_MATCHED,NEW_MC,COVERAGE_GIVEN_TIME,DWB_L4,False,10000,6647022303603023474,35.7584432805125,257.73375449999463,0.1387417932504966,1182,0.1182881711828817,True,458c86b2445783227521,0.2235776422357764
MC_S1_DROP_TOP1_R4_L1_EXTENDED,NEW_MC,TIME_GIVEN_COVERAGE,LEGACY_RADEMACHER,False,10000,3699916933191891165,42.82431930570976,288.59978793222524,0.1483865238174278,718,0.0718928107189281,True,2a494e8d4f9fc56733ce,0.0718928107189281
MC_S1_DROP_TOP1_R4_L1_EXTENDED,NEW_MC,TIME_GIVEN_COVERAGE,GAUSSIAN_L1,False,10000,1211244154825998178,42.82431930570976,288.59978793222524,0.1483865238174278,882,0.0882911708829117,True,50fc2617d47c77d5b068,0.1595840415958404
MC_S1_DROP_TOP1_R4_L1_EXTENDED,NEW_MC,TIME_GIVEN_COVERAGE,DWB_L2,False,10000,15714649087420236248,42.82431930570976,288.59978793222524,0.1483865238174278,1151,0.1151884811518848,True,a41d9de885d37cda457f,0.2125787421257874
MC_S1_DROP_TOP1_R4_L1_EXTENDED,NEW_MC,TIME_GIVEN_COVERAGE,DWB_L3,True,10000,13133816914189107985,42.82431930570976,288.59978793222524,0.1483865238174278,1255,0.1255874412558744,True,b415e9fa6bf12e60a451,0.2187781221877812
MC_S1_DROP_TOP1_R4_L1_EXTENDED,NEW_MC,TIME_GIVEN_COVERAGE,DWB_L4,False,10000,520236608447395245,42.82431930570976,288.59978793222524,0.1483865238174278,1361,0.1361863813618638,True,078391b2493ae04c578e,0.2311768823117688
MC_S1_DROP_TOP1_R4_L1_EXTENDED,NEW_MC,COVERAGE_GIVEN_TIME,LEGACY_RADEMACHER,False,10000,5277299721165512558,41.986247231889664,287.7617158584052,0.14590629996295,242,0.0242975702429757,True,4a1d6184cda518b59ce1,0.0485951404859514
MC_S1_DROP_TOP1_R4_L1_EXTENDED,NEW_MC,COVERAGE_GIVEN_TIME,GAUSSIAN_L1,False,10000,4045495228516585148,41.986247231889664,287.7617158584052,0.14590629996295,797,0.0797920207979202,True,6cd324cc4ffa2e5ca1c7,0.1595840415958404
MC_S1_DROP_TOP1_R4_L1_EXTENDED,NEW_MC,COVERAGE_GIVEN_TIME,DWB_L2,False,10000,10355934097012199140,41.986247231889664,287.7617158584052,0.14590629996295,1062,0.1062893710628937,True,b866e0d545f4eb08d323,0.2125787421257874
MC_S1_DROP_TOP1_R4_L1_EXTENDED,NEW_MC,COVERAGE_GIVEN_TIME,DWB_L3,True,10000,12895170696038806664,41.986247231889664,287.7617158584052,0.14590629996295,1093,0.1093890610938906,True,a6829f6a64bbc71a0655,0.2187781221877812
MC_S1_DROP_TOP1_R4_L1_EXTENDED,NEW_MC,COVERAGE_GIVEN_TIME,DWB_L4,False,10000,17886106433396353924,41.986247231889664,287.7617158584052,0.14590629996295,1155,0.1155884411558844,True,84271f9c614c4f671479,0.2311768823117688
MC_S1_DROP_TOP1_R4_L2_HIGH,NEW_MC,TIME_GIVEN_COVERAGE,LEGACY_RADEMACHER,False,10000,12855659340756745860,59.01023573957832,306.8607837185092,0.192302955837165,482,0.0482951704829517,True,87cdcc947b45d75c2d78,0.0965903409659034
MC_S1_DROP_TOP1_R4_L2_HIGH,NEW_MC,TIME_GIVEN_COVERAGE,GAUSSIAN_L1,False,10000,15751517206661351586,59.01023573957832,306.8607837185092,0.192302955837165,567,0.0567943205679432,True,b2c0518b02e4b6fad30d,0.1135886411358864
MC_S1_DROP_TOP1_R4_L2_HIGH,NEW_MC,TIME_GIVEN_COVERAGE,DWB_L2,False,10000,17223655717112280119,59.01023573957832,306.8607837185092,0.192302955837165,880,0.0880911908809119,True,65f4a6e956e506c40d07,0.1761823817618238
MC_S1_DROP_TOP1_R4_L2_HIGH,NEW_MC,TIME_GIVEN_COVERAGE,DWB_L3,True,10000,13227902703794453543,59.01023573957832,306.8607837185092,0.192302955837165,1057,0.1057894210578942,True,e06394292c2f36741209,0.2115788421157884
MC_S1_DROP_TOP1_R4_L2_HIGH,NEW_MC,TIME_GIVEN_COVERAGE,DWB_L4,False,10000,15513074924103251306,59.01023573957832,306.8607837185092,0.192302955837165,1171,0.1171882811718828,True,963434a64c8c3c55780c,0.2343765623437656
MC_S1_DROP_TOP1_R4_L2_HIGH,NEW_MC,COVERAGE_GIVEN_TIME,LEGACY_RADEMACHER,False,10000,18142127455598030864,39.30973853217154,287.1602865111024,0.1368912777242674,558,0.0558944105589441,True,fa61c8ad3a875b30e4f8,0.0965903409659034
MC_S1_DROP_TOP1_R4_L2_HIGH,NEW_MC,COVERAGE_GIVEN_TIME,GAUSSIAN_L1,False,10000,14041195306111424631,39.30973853217154,287.1602865111024,0.1368912777242674,1155,0.1155884411558844,True,c7dbeb5b49d4a4f6f7cc,0.1155884411558844
MC_S1_DROP_TOP1_R4_L2_HIGH,NEW_MC,COVERAGE_GIVEN_TIME,DWB_L2,False,10000,17639516987780427406,39.30973853217154,287.1602865111024,0.1368912777242674,1412,0.1412858714128587,True,dd6724aa70196ad72db6,0.1761823817618238
MC_S1_DROP_TOP1_R4_L2_HIGH,NEW_MC,COVERAGE_GIVEN_TIME,DWB_L3,True,10000,14195564873154226989,39.30973853217154,287.1602865111024,0.1368912777242674,1468,0.1468853114688531,True,15aaee1a65650a37dcc5,0.2115788421157884
MC_S1_DROP_TOP1_R4_L2_HIGH,NEW_MC,COVERAGE_GIVEN_TIME,DWB_L4,False,10000,5352649483494225305,39.30973853217154,287.1602865111024,0.1368912777242674,1475,0.1475852414758524,True,48626b7b7a78fc3f6aa2,0.2343765623437656
MC_S2_DROP_TOP5_R0_L0_STAGE15_MATCHED,NEW_MC,TIME_GIVEN_COVERAGE,LEGACY_RADEMACHER,False,10000,16665653601091097144,35.344572535186686,286.9091380417819,0.1231908219320624,475,0.0475952404759524,True,f8555f57fd53e41b6736,0.0475952404759524
MC_S2_DROP_TOP5_R0_L0_STAGE15_MATCHED,NEW_MC,TIME_GIVEN_COVERAGE,GAUSSIAN_L1,False,10000,15752392573376075917,35.344572535186686,286.9091380417819,0.1231908219320624,1260,0.1260873912608739,True,63d6cc78c20151bc4f51,0.1260873912608739
MC_S2_DROP_TOP5_R0_L0_STAGE15_MATCHED,NEW_MC,TIME_GIVEN_COVERAGE,DWB_L2,False,10000,5473149371459742711,35.344572535186686,286.9091380417819,0.1231908219320624,1699,0.16998300169983,True,5b9b1f8edd347011b6d6,0.16998300169983
MC_S2_DROP_TOP5_R0_L0_STAGE15_MATCHED,NEW_MC,TIME_GIVEN_COVERAGE,DWB_L3,True,10000,2100613781990187406,35.344572535186686,286.9091380417819,0.1231908219320624,1937,0.1937806219378062,True,b5e85d7f756af3fc5319,0.1937806219378062
MC_S2_DROP_TOP5_R0_L0_STAGE15_MATCHED,NEW_MC,TIME_GIVEN_COVERAGE,DWB_L4,False,10000,8939450236351142226,35.344572535186686,286.9091380417819,0.1231908219320624,2093,0.2093790620937906,True,ca1170bbc00315e8d0ce,0.2093790620937906
MC_S2_DROP_TOP5_R0_L0_STAGE15_MATCHED,NEW_MC,COVERAGE_GIVEN_TIME,LEGACY_RADEMACHER,False,10000,1836589423880325654,58.3966274770643,309.96119298365943,0.1883998022944209,24,0.0024997500249975,True,5e41330d2839114e4fb1,0.004999500049995
MC_S2_DROP_TOP5_R0_L0_STAGE15_MATCHED,NEW_MC,COVERAGE_GIVEN_TIME,GAUSSIAN_L1,False,10000,5945750622930510265,58.3966274770643,309.96119298365943,0.1883998022944209,420,0.0420957904209579,True,97575ac209f43664e889,0.0841915808419158
MC_S2_DROP_TOP5_R0_L0_STAGE15_MATCHED,NEW_MC,COVERAGE_GIVEN_TIME,DWB_L2,False,10000,13207765993027587672,58.3966274770643,309.96119298365943,0.1883998022944209,726,0.0726927307269273,True,a154c5dd140d434fe809,0.1453854614538546
MC_S2_DROP_TOP5_R0_L0_STAGE15_MATCHED,NEW_MC,COVERAGE_GIVEN_TIME,DWB_L3,True,10000,7103140441497196589,58.3966274770643,309.96119298365943,0.1883998022944209,748,0.0748925107489251,True,4f3f86200c5b5abda9c4,0.1497850214978502
MC_S2_DROP_TOP5_R0_L0_STAGE15_MATCHED,NEW_MC,COVERAGE_GIVEN_TIME,DWB_L4,False,10000,7190819523369019407,58.3966274770643,309.96119298365943,0.1883998022944209,730,0.0730926907309269,True,94e2884095eab2a60cf0,0.1461853814618538
MC_S2_DROP_TOP5_R0_L1_EXTENDED,NEW_MC,TIME_GIVEN_COVERAGE,LEGACY_RADEMACHER,False,10000,14709857062874707839,63.35195444104944,574.9180761149875,0.110193011966419,188,0.0188981101889811,True,26d49ccedf42ac4b0513,0.0377962203779622
MC_S2_DROP_TOP5_R0_L1_EXTENDED,NEW_MC,TIME_GIVEN_COVERAGE,GAUSSIAN_L1,False,10000,1866847847428104391,63.35195444104944,574.9180761149875,0.110193011966419,906,0.0906909309069093,True,4e598def110092625bb3,0.1813818618138186
MC_S2_DROP_TOP5_R0_L1_EXTENDED,NEW_MC,TIME_GIVEN_COVERAGE,DWB_L2,False,10000,3310368695035951333,63.35195444104944,574.9180761149875,0.110193011966419,1396,0.1396860313968603,True,00fefc96b1b58b797f3c,0.2793720627937206
MC_S2_DROP_TOP5_R0_L1_EXTENDED,NEW_MC,TIME_GIVEN_COVERAGE,DWB_L3,True,10000,18427598313135245767,63.35195444104944,574.9180761149875,0.110193011966419,1583,0.1583841615838416,True,9a8464b1fb349123d1bf,0.2911708829117088
MC_S2_DROP_TOP5_R0_L1_EXTENDED,NEW_MC,TIME_GIVEN_COVERAGE,DWB_L4,False,10000,3939743301134589542,63.35195444104944,574.9180761149875,0.110193011966419,1673,0.1673832616738326,True,bb624a9d43279ab987c7,0.2667733226677332
MC_S2_DROP_TOP5_R0_L1_EXTENDED,NEW_MC,COVERAGE_GIVEN_TIME,LEGACY_RADEMACHER,False,10000,18123038140565909031,71.9649201749493,583.5310418488873,0.1233266356266707,816,0.0816918308169183,True,ca8f707a0db3b34ae1ef,0.0816918308169183
MC_S2_DROP_TOP5_R0_L1_EXTENDED,NEW_MC,COVERAGE_GIVEN_TIME,GAUSSIAN_L1,False,10000,9357075640337029958,71.9649201749493,583.5310418488873,0.1233266356266707,1074,0.1074892510748925,True,447835bef51fe2ab566f,0.1813818618138186
MC_S2_DROP_TOP5_R0_L1_EXTENDED,NEW_MC,COVERAGE_GIVEN_TIME,DWB_L2,False,10000,17423495461494190407,71.9649201749493,583.5310418488873,0.1233266356266707,1520,0.1520847915208479,True,131f33e5ccb742940ff4,0.2793720627937206
MC_S2_DROP_TOP5_R0_L1_EXTENDED,NEW_MC,COVERAGE_GIVEN_TIME,DWB_L3,True,10000,220183465726080071,71.9649201749493,583.5310418488873,0.1233266356266707,1455,0.1455854414558544,True,c564684baf7c53005b53,0.2911708829117088
MC_S2_DROP_TOP5_R0_L1_EXTENDED,NEW_MC,COVERAGE_GIVEN_TIME,DWB_L4,False,10000,15782078515560287864,71.9649201749493,583.5310418488873,0.1233266356266707,1333,0.1333866613338666,True,c5c410408bb3dc8d480e,0.2667733226677332
MC_S2_DROP_TOP5_R0_L2_HIGH,NEW_MC,TIME_GIVEN_COVERAGE,LEGACY_RADEMACHER,False,10000,11750926965801217807,41.93676148122083,330.4331629764502,0.1269145055038245,110,0.0110988901109889,True,855e7ec4265b091f165a,0.0110988901109889
MC_S2_DROP_TOP5_R0_L2_HIGH,NEW_MC,TIME_GIVEN_COVERAGE,GAUSSIAN_L1,False,10000,5953963453212034782,41.93676148122083,330.4331629764502,0.1269145055038245,876,0.0876912308769123,True,15b9474bb1c812d6df96,0.0876912308769123
MC_S2_DROP_TOP5_R0_L2_HIGH,NEW_MC,TIME_GIVEN_COVERAGE,DWB_L2,False,10000,15113378029986812954,41.93676148122083,330.4331629764502,0.1269145055038245,1377,0.1377862213778622,True,34fd5b7a8daad33251dc,0.1377862213778622
MC_S2_DROP_TOP5_R0_L2_HIGH,NEW_MC,TIME_GIVEN_COVERAGE,DWB_L3,True,10000,9184418187904148161,41.93676148122083,330.4331629764502,0.1269145055038245,1587,0.1587841215878412,True,5ba6ba55073cb90e5db3,0.1587841215878412
MC_S2_DROP_TOP5_R0_L2_HIGH,NEW_MC,TIME_GIVEN_COVERAGE,DWB_L4,False,10000,1503913657874772538,41.93676148122083,330.4331629764502,0.1269145055038245,1761,0.1761823817618238,True,2cb86955c92a5395b88a,0.1761823817618238
MC_S2_DROP_TOP5_R0_L2_HIGH,NEW_MC,COVERAGE_GIVEN_TIME,LEGACY_RADEMACHER,False,10000,15798518276651099508,94.22812085121885,382.72452234644817,0.2462035102258801,0,9.999000099990002e-05,True,4232274bcc49fb8e3d61,0.0001999800019998
MC_S2_DROP_TOP5_R0_L2_HIGH,NEW_MC,COVERAGE_GIVEN_TIME,GAUSSIAN_L1,False,10000,9929185246645593024,94.22812085121885,382.72452234644817,0.2462035102258801,82,0.0082991700829917,True,b6891d087b7fb57048fa,0.0165983401659834
MC_S2_DROP_TOP5_R0_L2_HIGH,NEW_MC,COVERAGE_GIVEN_TIME,DWB_L2,False,10000,1533334848843559963,94.22812085121885,382.72452234644817,0.2462035102258801,313,0.0313968603139686,True,db8cd764cc9ed8111165,0.0627937206279372
MC_S2_DROP_TOP5_R0_L2_HIGH,NEW_MC,COVERAGE_GIVEN_TIME,DWB_L3,True,10000,14800274239297531176,94.22812085121885,382.72452234644817,0.2462035102258801,406,0.0406959304069593,True,0b500cf674f54ece6672,0.0813918608139186
MC_S2_DROP_TOP5_R0_L2_HIGH,NEW_MC,COVERAGE_GIVEN_TIME,DWB_L4,False,10000,7000426249785967385,94.22812085121885,382.72452234644817,0.2462035102258801,508,0.0508949105089491,True,54ca48c7da20a884be8e,0.1017898210178982
MC_S2_DROP_TOP5_R1_L0_STAGE15_MATCHED,NEW_MC,TIME_GIVEN_COVERAGE,LEGACY_RADEMACHER,False,10000,18292090603607381100,60.45031422769405,374.40790790317766,0.1614557624229629,68,0.0068993100689931,True,81c2b68e96ecf7413679,0.0068993100689931
MC_S2_DROP_TOP5_R1_L0_STAGE15_MATCHED,NEW_MC,TIME_GIVEN_COVERAGE,GAUSSIAN_L1,False,10000,15986593776112408335,60.45031422769405,374.40790790317766,0.1614557624229629,786,0.0786921307869213,True,6e11cb0debddbd02a134,0.0786921307869213
MC_S2_DROP_TOP5_R1_L0_STAGE15_MATCHED,NEW_MC,TIME_GIVEN_COVERAGE,DWB_L2,False,10000,15590138952132837445,60.45031422769405,374.40790790317766,0.1614557624229629,1287,0.1287871212878712,True,8ee9cfac43effebf50b7,0.1287871212878712
MC_S2_DROP_TOP5_R1_L0_STAGE15_MATCHED,NEW_MC,TIME_GIVEN_COVERAGE,DWB_L3,True,10000,17877764048816021378,60.45031422769405,374.40790790317766,0.1614557624229629,1576,0.1576842315768423,True,65a81944d3f5da233d37,0.1576842315768423
MC_S2_DROP_TOP5_R1_L0_STAGE15_MATCHED,NEW_MC,TIME_GIVEN_COVERAGE,DWB_L4,False,10000,13557976463079336884,60.45031422769405,374.40790790317766,0.1614557624229629,1708,0.1708829117088291,True,582a9215ce964fbabb14,0.1708829117088291
MC_S2_DROP_TOP5_R1_L0_STAGE15_MATCHED,NEW_MC,COVERAGE_GIVEN_TIME,LEGACY_RADEMACHER,False,10000,14266581014910561112,101.02769056489534,414.985284240379,0.2434488508425647,1,0.0001999800019998,True,7b84d3432eeb4d655d3d,0.0003999600039996
MC_S2_DROP_TOP5_R1_L0_STAGE15_MATCHED,NEW_MC,COVERAGE_GIVEN_TIME,GAUSSIAN_L1,False,10000,5350592082581416340,101.02769056489534,414.985284240379,0.2434488508425647,175,0.0175982401759824,True,7f3541220ce17e8818de,0.0351964803519648
MC_S2_DROP_TOP5_R1_L0_STAGE15_MATCHED,NEW_MC,COVERAGE_GIVEN_TIME,DWB_L2,False,10000,8798309269408940652,101.02769056489534,414.985284240379,0.2434488508425647,346,0.0346965303469653,True,29241dd8afddad9dc095,0.0693930606939306
MC_S2_DROP_TOP5_R1_L0_STAGE15_MATCHED,NEW_MC,COVERAGE_GIVEN_TIME,DWB_L3,True,10000,1025795033310769597,101.02769056489534,414.985284240379,0.2434488508425647,484,0.0484951504849515,True,e499b99d2b44369933e7,0.096990300969903
MC_S2_DROP_TOP5_R1_L0_STAGE15_MATCHED,NEW_MC,COVERAGE_GIVEN_TIME,DWB_L4,False,10000,898366598219170045,101.02769056489534,414.985284240379,0.2434488508425647,548,0.0548945105489451,True,821c21a9122f1041083b,0.1097890210978902
MC_S2_DROP_TOP5_R1_L1_EXTENDED,NEW_MC,TIME_GIVEN_COVERAGE,LEGACY_RADEMACHER,False,10000,5674502386537770261,52.4007888225761,445.4642489190237,0.1176318614787457,234,0.0234976502349765,True,132b91f3259a8d89aed1,0.046995300469953
MC_S2_DROP_TOP5_R1_L1_EXTENDED,NEW_MC,TIME_GIVEN_COVERAGE,GAUSSIAN_L1,False,10000,16106076267681406689,52.4007888225761,445.4642489190237,0.1176318614787457,953,0.0953904609539046,True,38c48164e286ced7e718,0.158984101589841
MC_S2_DROP_TOP5_R1_L1_EXTENDED,NEW_MC,TIME_GIVEN_COVERAGE,DWB_L2,False,10000,4942381505393964663,52.4007888225761,445.4642489190237,0.1176318614787457,1332,0.1332866713328667,True,aaa5ca0b85129f855b3b,0.2373762623737626
MC_S2_DROP_TOP5_R1_L1_EXTENDED,NEW_MC,TIME_GIVEN_COVERAGE,DWB_L3,True,10000,18265349060001384180,52.4007888225761,445.4642489190237,0.1176318614787457,1624,0.1624837516248375,True,8da9de30f0c8b27d96d3,0.2373762623737626
MC_S2_DROP_TOP5_R1_L1_EXTENDED,NEW_MC,TIME_GIVEN_COVERAGE,DWB_L4,False,10000,4445995791147868185,52.4007888225761,445.4642489190237,0.1176318614787457,1728,0.1728827117288271,True,20dd66808b58773727e3,0.2011798820117988
MC_S2_DROP_TOP5_R1_L1_EXTENDED,NEW_MC,COVERAGE_GIVEN_TIME,LEGACY_RADEMACHER,False,10000,1579679125788343470,63.020021891446206,456.0834819878938,0.1381765057939963,298,0.0298970102989701,True,3a12b5dfacfce78e8b34,0.046995300469953
MC_S2_DROP_TOP5_R1_L1_EXTENDED,NEW_MC,COVERAGE_GIVEN_TIME,GAUSSIAN_L1,False,10000,35020326643668347,63.020021891446206,456.0834819878938,0.1381765057939963,794,0.0794920507949205,True,ad1980d0c11c1c452357,0.158984101589841
MC_S2_DROP_TOP5_R1_L1_EXTENDED,NEW_MC,COVERAGE_GIVEN_TIME,DWB_L2,False,10000,8331605289940817712,63.020021891446206,456.0834819878938,0.1381765057939963,1186,0.1186881311868813,True,e665533105cf8c6e6b9b,0.2373762623737626
MC_S2_DROP_TOP5_R1_L1_EXTENDED,NEW_MC,COVERAGE_GIVEN_TIME,DWB_L3,True,10000,11096361362708739141,63.020021891446206,456.0834819878938,0.1381765057939963,1186,0.1186881311868813,True,2b097777b453f6e96c9a,0.2373762623737626
MC_S2_DROP_TOP5_R1_L1_EXTENDED,NEW_MC,COVERAGE_GIVEN_TIME,DWB_L4,False,10000,5934507995414505890,63.020021891446206,456.0834819878938,0.1381765057939963,1005,0.1005899410058994,True,86ccb57566a56f44dd59,0.2011798820117988
MC_S2_DROP_TOP5_R1_L2_HIGH,NEW_MC,TIME_GIVEN_COVERAGE,LEGACY_RADEMACHER,False,10000,10309479166081647442,36.76564481113417,327.66705179977095,0.112204277510333,147,0.0147985201479852,True,0cbde35e437dbca22057,0.0147985201479852
MC_S2_DROP_TOP5_R1_L2_HIGH,NEW_MC,TIME_GIVEN_COVERAGE,GAUSSIAN_L1,False,10000,12739811920168732300,36.76564481113417,327.66705179977095,0.112204277510333,889,0.088991100889911,True,311e44e9b7a861ca6145,0.088991100889911
MC_S2_DROP_TOP5_R1_L2_HIGH,NEW_MC,TIME_GIVEN_COVERAGE,DWB_L2,False,10000,16923644229820162200,36.76564481113417,327.66705179977095,0.112204277510333,1414,0.1414858514148585,True,a8458aff62d4b8356c1f,0.1414858514148585
MC_S2_DROP_TOP5_R1_L2_HIGH,NEW_MC,TIME_GIVEN_COVERAGE,DWB_L3,True,10000,5945526156508821449,36.76564481113417,327.66705179977095,0.112204277510333,1702,0.1702829717028297,True,a7967fb386d481fcd0d4,0.1702829717028297
MC_S2_DROP_TOP5_R1_L2_HIGH,NEW_MC,TIME_GIVEN_COVERAGE,DWB_L4,False,10000,12898603613326555958,36.76564481113417,327.66705179977095,0.112204277510333,1830,0.1830816918308169,True,02f3156d1ea5219e6328,0.1830816918308169
MC_S2_DROP_TOP5_R1_L2_HIGH,NEW_MC,COVERAGE_GIVEN_TIME,LEGACY_RADEMACHER,False,10000,6461717050295346867,82.36008376803136,373.2614907566681,0.2206498280898805,1,0.0001999800019998,True,e8f2d96491a0efefd9b1,0.0003999600039996
MC_S2_DROP_TOP5_R1_L2_HIGH,NEW_MC,COVERAGE_GIVEN_TIME,GAUSSIAN_L1,False,10000,5510634048045936982,82.36008376803136,373.2614907566681,0.2206498280898805,140,0.0140985901409859,True,3bcd9ddd7b590645130c,0.0281971802819718
MC_S2_DROP_TOP5_R1_L2_HIGH,NEW_MC,COVERAGE_GIVEN_TIME,DWB_L2,False,10000,9608312626858413159,82.36008376803136,373.2614907566681,0.2206498280898805,414,0.0414958504149585,True,b8225c7c1b9a5cd15906,0.082991700829917
MC_S2_DROP_TOP5_R1_L2_HIGH,NEW_MC,COVERAGE_GIVEN_TIME,DWB_L3,True,10000,9442031649756332715,82.36008376803136,373.2614907566681,0.2206498280898805,451,0.0451954804519548,True,d4c8d67430656a10fdd1,0.0903909609039096
MC_S2_DROP_TOP5_R1_L2_HIGH,NEW_MC,COVERAGE_GIVEN_TIME,DWB_L4,False,10000,10106786438356716757,82.36008376803136,373.2614907566681,0.2206498280898805,539,0.053994600539946,True,e8df966f6c4e78a9ca70,0.107989201079892
MC_S2_DROP_TOP5_R2_L0_STAGE15_MATCHED,NEW_MC,TIME_GIVEN_COVERAGE,LEGACY_RADEMACHER,False,10000,17523612671885166316,39.12850395990675,312.2358729863705,0.1253171315187565,437,0.0437956204379562,True,26508324a5ff2461a04a,0.0437956204379562
MC_S2_DROP_TOP5_R2_L0_STAGE15_MATCHED,NEW_MC,TIME_GIVEN_COVERAGE,GAUSSIAN_L1,False,10000,5961403521993359585,39.12850395990675,312.2358729863705,0.1253171315187565,1215,0.1215878412158784,True,2666564ea7ae51f96095,0.1215878412158784
MC_S2_DROP_TOP5_R2_L0_STAGE15_MATCHED,NEW_MC,TIME_GIVEN_COVERAGE,DWB_L2,False,10000,6340126802190173370,39.12850395990675,312.2358729863705,0.1253171315187565,1732,0.1732826717328267,True,988d39bde6b4628b7c54,0.1732826717328267
MC_S2_DROP_TOP5_R2_L0_STAGE15_MATCHED,NEW_MC,TIME_GIVEN_COVERAGE,DWB_L3,True,10000,16192789143701463825,39.12850395990675,312.2358729863705,0.1253171315187565,1980,0.1980801919808019,True,d02388bebc07d19f533e,0.1980801919808019
MC_S2_DROP_TOP5_R2_L0_STAGE15_MATCHED,NEW_MC,TIME_GIVEN_COVERAGE,DWB_L4,False,10000,8809645400410672924,39.12850395990675,312.2358729863705,0.1253171315187565,2136,0.2136786321367863,True,e0840edcf3805e1c0e06,0.2136786321367863
MC_S2_DROP_TOP5_R2_L0_STAGE15_MATCHED,NEW_MC,COVERAGE_GIVEN_TIME,LEGACY_RADEMACHER,False,10000,4164925604032989958,69.54644855244328,342.653817578907,0.2029641725396156,7,0.0007999200079992,True,0df6fd3becbe222731bb,0.0015998400159984
MC_S2_DROP_TOP5_R2_L0_STAGE15_MATCHED,NEW_MC,COVERAGE_GIVEN_TIME,GAUSSIAN_L1,False,10000,17129589218166387469,69.54644855244328,342.653817578907,0.2029641725396156,312,0.0312968703129687,True,426a7813216539a82922,0.0625937406259374
MC_S2_DROP_TOP5_R2_L0_STAGE15_MATCHED,NEW_MC,COVERAGE_GIVEN_TIME,DWB_L2,False,10000,13336074008106426002,69.54644855244328,342.653817578907,0.2029641725396156,635,0.0635936406359364,True,7f9267f930be259912be,0.1271872812718728
MC_S2_DROP_TOP5_R2_L0_STAGE15_MATCHED,NEW_MC,COVERAGE_GIVEN_TIME,DWB_L3,True,10000,1827062784372221888,69.54644855244328,342.653817578907,0.2029641725396156,605,0.0605939406059394,True,7ec85c52305563458cf9,0.1211878812118788
MC_S2_DROP_TOP5_R2_L0_STAGE15_MATCHED,NEW_MC,COVERAGE_GIVEN_TIME,DWB_L4,False,10000,11227322038857212726,69.54644855244328,342.653817578907,0.2029641725396156,627,0.0627937206279372,True,b19cebec12f0de4a2a3c,0.1255874412558744
MC_S2_DROP_TOP5_R2_L1_EXTENDED,NEW_MC,TIME_GIVEN_COVERAGE,LEGACY_RADEMACHER,False,10000,11272088226373893411,54.39760469264502,456.7653294330237,0.1190931123431981,244,0.0244975502449755,True,5c56103228205e2d6628,0.048995100489951
MC_S2_DROP_TOP5_R2_L1_EXTENDED,NEW_MC,TIME_GIVEN_COVERAGE,GAUSSIAN_L1,False,10000,2983116469717740948,54.39760469264502,456.7653294330237,0.1190931123431981,982,0.0982901709829017,True,539e66177ed017cb8e98,0.1591840815918408
MC_S2_DROP_TOP5_R2_L1_EXTENDED,NEW_MC,TIME_GIVEN_COVERAGE,DWB_L2,False,10000,3684657211722215293,54.39760469264502,456.7653294330237,0.1190931123431981,1412,0.1412858714128587,True,62bfc112e14f566526fa,0.2481751824817518
MC_S2_DROP_TOP5_R2_L1_EXTENDED,NEW_MC,TIME_GIVEN_COVERAGE,DWB_L3,True,10000,15247718558780589777,54.39760469264502,456.7653294330237,0.1190931123431981,1648,0.1648835116488351,True,9a424957627b5ff5e935,0.2373762623737626
MC_S2_DROP_TOP5_R2_L1_EXTENDED,NEW_MC,TIME_GIVEN_COVERAGE,DWB_L4,False,10000,12454415047460413950,54.39760469264502,456.7653294330237,0.1190931123431981,1808,0.1808819118088191,True,f326fdfc2d030b4dab6f,0.2157784221577842
MC_S2_DROP_TOP5_R2_L1_EXTENDED,NEW_MC,COVERAGE_GIVEN_TIME,LEGACY_RADEMACHER,False,10000,4823580156159443858,65.06128816943675,467.4290129098154,0.1391896659653634,355,0.0355964403559644,True,26ea2c7251a2ebe1f3f0,0.048995100489951
MC_S2_DROP_TOP5_R2_L1_EXTENDED,NEW_MC,COVERAGE_GIVEN_TIME,GAUSSIAN_L1,False,10000,10929850575208703278,65.06128816943675,467.4290129098154,0.1391896659653634,795,0.0795920407959204,True,ba0386098537e888896f,0.1591840815918408
MC_S2_DROP_TOP5_R2_L1_EXTENDED,NEW_MC,COVERAGE_GIVEN_TIME,DWB_L2,False,10000,11271634466475974264,65.06128816943675,467.4290129098154,0.1391896659653634,1240,0.1240875912408759,True,21b90d70db1ee703eece,0.2481751824817518
MC_S2_DROP_TOP5_R2_L1_EXTENDED,NEW_MC,COVERAGE_GIVEN_TIME,DWB_L3,True,10000,4835552162869289359,65.06128816943675,467.4290129098154,0.1391896659653634,1186,0.1186881311868813,True,1163b52d3d933fff230d,0.2373762623737626
MC_S2_DROP_TOP5_R2_L1_EXTENDED,NEW_MC,COVERAGE_GIVEN_TIME,DWB_L4,False,10000,14703714276416764692,65.06128816943675,467.4290129098154,0.1391896659653634,1078,0.1078892110788921,True,ee192cb9755f0fd7cb20,0.2157784221577842
MC_S2_DROP_TOP5_R2_L2_HIGH,NEW_MC,TIME_GIVEN_COVERAGE,LEGACY_RADEMACHER,False,10000,12279711104629249214,38.76042102395645,325.4758428755968,0.1190884726851185,116,0.0116988301169883,True,2e62a97b5d8d27e42f5c,0.0116988301169883
MC_S2_DROP_TOP5_R2_L2_HIGH,NEW_MC,TIME_GIVEN_COVERAGE,GAUSSIAN_L1,False,10000,5271180233750483827,38.76042102395645,325.4758428755968,0.1190884726851185,903,0.0903909609039096,True,aa243751514f6b45b01e,0.0903909609039096
MC_S2_DROP_TOP5_R2_L2_HIGH,NEW_MC,TIME_GIVEN_COVERAGE,DWB_L2,False,10000,14760749110783362608,38.76042102395645,325.4758428755968,0.1190884726851185,1415,0.1415858414158584,True,c890ba75f6748c3155f9,0.1415858414158584
MC_S2_DROP_TOP5_R2_L2_HIGH,NEW_MC,TIME_GIVEN_COVERAGE,DWB_L3,True,10000,7693859246706567667,38.76042102395645,325.4758428755968,0.1190884726851185,1622,0.1622837716228377,True,127f0417fc6e1de1cf77,0.1622837716228377
MC_S2_DROP_TOP5_R2_L2_HIGH,NEW_MC,TIME_GIVEN_COVERAGE,DWB_L4,False,10000,16142474687773040240,38.76042102395645,325.4758428755968,0.1190884726851185,1802,0.1802819718028197,True,c20b63ca049cd3c1e8e8,0.1802819718028197
MC_S2_DROP_TOP5_R2_L2_HIGH,NEW_MC,COVERAGE_GIVEN_TIME,LEGACY_RADEMACHER,False,10000,858090520922272929,85.53770694880477,372.2531288004451,0.22978371524893,3,0.0003999600039996,True,3e62b2fcd28a52ebe270,0.0007999200079992
MC_S2_DROP_TOP5_R2_L2_HIGH,NEW_MC,COVERAGE_GIVEN_TIME,GAUSSIAN_L1,False,10000,8243605555702922302,85.53770694880477,372.2531288004451,0.22978371524893,127,0.0127987201279872,True,521cffca0fdb07e2bc04,0.0255974402559744
MC_S2_DROP_TOP5_R2_L2_HIGH,NEW_MC,COVERAGE_GIVEN_TIME,DWB_L2,False,10000,9511681256622060378,85.53770694880477,372.2531288004451,0.22978371524893,368,0.0368963103689631,True,e1c551b6320b7aac13cf,0.0737926207379262
MC_S2_DROP_TOP5_R2_L2_HIGH,NEW_MC,COVERAGE_GIVEN_TIME,DWB_L3,True,10000,10243189100933438938,85.53770694880477,372.2531288004451,0.22978371524893,394,0.0394960503949605,True,d858add7732f0fb02fe2,0.078992100789921
MC_S2_DROP_TOP5_R2_L2_HIGH,NEW_MC,COVERAGE_GIVEN_TIME,DWB_L4,False,10000,5578069499618613216,85.53770694880477,372.2531288004451,0.22978371524893,480,0.0480951904809519,True,a68ddcfd59f5403b5c45,0.0961903809619038
MC_S2_DROP_TOP5_R3_L0_STAGE15_MATCHED,NEW_MC,TIME_GIVEN_COVERAGE,LEGACY_RADEMACHER,False,10000,18079185871048651433,40.13307392263843,311.30177161702204,0.1289201590924834,441,0.0441955804419558,True,fc2777406ac9e703d991,0.0441955804419558
MC_S2_DROP_TOP5_R3_L0_STAGE15_MATCHED,NEW_MC,TIME_GIVEN_COVERAGE,GAUSSIAN_L1,False,10000,10429927699600232292,40.13307392263843,311.30177161702204,0.1289201590924834,1282,0.1282871712828717,True,9f584c666b6847938875,0.1282871712828717
MC_S2_DROP_TOP5_R3_L0_STAGE15_MATCHED,NEW_MC,TIME_GIVEN_COVERAGE,DWB_L2,False,10000,13143514158332206289,40.13307392263843,311.30177161702204,0.1289201590924834,1755,0.1755824417558244,True,fd994630d02d76de5157,0.1755824417558244
MC_S2_DROP_TOP5_R3_L0_STAGE15_MATCHED,NEW_MC,TIME_GIVEN_COVERAGE,DWB_L3,True,10000,14764913732630230805,40.13307392263843,311.30177161702204,0.1289201590924834,2068,0.2068793120687931,True,796d502f552b0aa4155d,0.2068793120687931
MC_S2_DROP_TOP5_R3_L0_STAGE15_MATCHED,NEW_MC,TIME_GIVEN_COVERAGE,DWB_L4,False,10000,8355789334841587472,40.13307392263843,311.30177161702204,0.1289201590924834,2129,0.212978702129787,True,523c6c284d8fa767e9fb,0.212978702129787
MC_S2_DROP_TOP5_R3_L0_STAGE15_MATCHED,NEW_MC,COVERAGE_GIVEN_TIME,LEGACY_RADEMACHER,False,10000,13106494283114177483,69.87108508580717,341.0397827801908,0.2048766408311986,8,0.0008999100089991,True,8e6a40f306bf1159dca1,0.0017998200179982
MC_S2_DROP_TOP5_R3_L0_STAGE15_MATCHED,NEW_MC,COVERAGE_GIVEN_TIME,GAUSSIAN_L1,False,10000,2731916209138400355,69.87108508580717,341.0397827801908,0.2048766408311986,354,0.0354964503549645,True,fc2186a596f9596c36ba,0.070992900709929
MC_S2_DROP_TOP5_R3_L0_STAGE15_MATCHED,NEW_MC,COVERAGE_GIVEN_TIME,DWB_L2,False,10000,4448141671129521709,69.87108508580717,341.0397827801908,0.2048766408311986,599,0.05999400059994,True,c08820197e79f549311c,0.11998800119988
MC_S2_DROP_TOP5_R3_L0_STAGE15_MATCHED,NEW_MC,COVERAGE_GIVEN_TIME,DWB_L3,True,10000,6538452402269786831,69.87108508580717,341.0397827801908,0.2048766408311986,607,0.0607939206079392,True,0ba3b0bfb542fb482673,0.1215878412158784
MC_S2_DROP_TOP5_R3_L0_STAGE15_MATCHED,NEW_MC,COVERAGE_GIVEN_TIME,DWB_L4,False,10000,11909133992358215551,69.87108508580717,341.0397827801908,0.2048766408311986,693,0.0693930606939306,True,8eebd6a0f8ec4de85ade,0.1387861213878612
MC_S2_DROP_TOP5_R3_L1_EXTENDED,NEW_MC,TIME_GIVEN_COVERAGE,LEGACY_RADEMACHER,False,10000,248019322094916927,64.42221845656006,560.4673777329847,0.114943743411328,128,0.0128987101289871,True,91de00909fbb29afdcb3,0.0257974202579742
MC_S2_DROP_TOP5_R3_L1_EXTENDED,NEW_MC,TIME_GIVEN_COVERAGE,GAUSSIAN_L1,False,10000,18377488854191232164,64.42221845656006,560.4673777329847,0.114943743411328,897,0.0897910208979102,True,11535a7a3b4c04be314a,0.15998400159984
MC_S2_DROP_TOP5_R3_L1_EXTENDED,NEW_MC,TIME_GIVEN_COVERAGE,DWB_L2,False,10000,9963998949940702269,64.42221845656006,560.4673777329847,0.114943743411328,1265,0.1265873412658734,True,0e42250d96f1afb88e6d,0.2507749225077492
MC_S2_DROP_TOP5_R3_L1_EXTENDED,NEW_MC,TIME_GIVEN_COVERAGE,DWB_L3,True,10000,1873221010376765998,64.42221845656006,560.4673777329847,0.114943743411328,1588,0.1588841115888411,True,137f0a93ad164d93a327,0.2523747625237476
MC_S2_DROP_TOP5_R3_L1_EXTENDED,NEW_MC,TIME_GIVEN_COVERAGE,DWB_L4,False,10000,1260920280290185404,64.42221845656006,560.4673777329847,0.114943743411328,1711,0.1711828817118288,True,336a40b0af52ae4a0b90,0.2191780821917808
MC_S2_DROP_TOP5_R3_L1_EXTENDED,NEW_MC,COVERAGE_GIVEN_TIME,LEGACY_RADEMACHER,False,10000,9897116940575282208,78.3495912664065,574.3947505428312,0.1364037383565262,522,0.0522947705229477,True,4a079f04d684c4834356,0.0522947705229477
MC_S2_DROP_TOP5_R3_L1_EXTENDED,NEW_MC,COVERAGE_GIVEN_TIME,GAUSSIAN_L1,False,10000,620626044139539301,78.3495912664065,574.3947505428312,0.1364037383565262,799,0.07999200079992,True,cf1af9809def0b8e5b1d,0.15998400159984
MC_S2_DROP_TOP5_R3_L1_EXTENDED,NEW_MC,COVERAGE_GIVEN_TIME,DWB_L2,False,10000,10624260492524840537,78.3495912664065,574.3947505428312,0.1364037383565262,1253,0.1253874612538746,True,82f12063ea7beb3e4d94,0.2507749225077492
MC_S2_DROP_TOP5_R3_L1_EXTENDED,NEW_MC,COVERAGE_GIVEN_TIME,DWB_L3,True,10000,9243367281375431624,78.3495912664065,574.3947505428312,0.1364037383565262,1261,0.1261873812618738,True,ad51444359aed4233de5,0.2523747625237476
MC_S2_DROP_TOP5_R3_L1_EXTENDED,NEW_MC,COVERAGE_GIVEN_TIME,DWB_L4,False,10000,9850701365065119790,78.3495912664065,574.3947505428312,0.1364037383565262,1095,0.1095890410958904,True,c9250fd39ba944ac0dc8,0.2191780821917808
MC_S2_DROP_TOP5_R3_L2_HIGH,NEW_MC,TIME_GIVEN_COVERAGE,LEGACY_RADEMACHER,False,10000,16175307478703537809,40.82407690879891,326.38757107649656,0.1250785278806797,118,0.0118988101189881,True,3adbcac042b21914da7d,0.0118988101189881
MC_S2_DROP_TOP5_R3_L2_HIGH,NEW_MC,TIME_GIVEN_COVERAGE,GAUSSIAN_L1,False,10000,15682221709884709362,40.82407690879891,326.38757107649656,0.1250785278806797,871,0.0871912808719128,True,95f490fa64544e78d36f,0.0871912808719128
MC_S2_DROP_TOP5_R3_L2_HIGH,NEW_MC,TIME_GIVEN_COVERAGE,DWB_L2,False,10000,6567521696908090341,40.82407690879891,326.38757107649656,0.1250785278806797,1347,0.1347865213478652,True,95237ff1ac52d8bf736d,0.1347865213478652
MC_S2_DROP_TOP5_R3_L2_HIGH,NEW_MC,TIME_GIVEN_COVERAGE,DWB_L3,True,10000,2900035839438278507,40.82407690879891,326.38757107649656,0.1250785278806797,1544,0.1544845515448455,True,d3ee3a5791ac4acdb0ec,0.1544845515448455
MC_S2_DROP_TOP5_R3_L2_HIGH,NEW_MC,TIME_GIVEN_COVERAGE,DWB_L4,False,10000,1895569026129201106,40.82407690879891,326.38757107649656,0.1250785278806797,1690,0.1690830916908309,True,7728104b179759fb3524,0.1690830916908309
MC_S2_DROP_TOP5_R3_L2_HIGH,NEW_MC,COVERAGE_GIVEN_TIME,LEGACY_RADEMACHER,False,10000,11223611071806691471,90.35851444138328,375.9220086090809,0.2403650554425148,1,0.0001999800019998,True,ab9ae406457aaaefa8a3,0.0003999600039996
MC_S2_DROP_TOP5_R3_L2_HIGH,NEW_MC,COVERAGE_GIVEN_TIME,GAUSSIAN_L1,False,10000,17482374299534007222,90.35851444138328,375.9220086090809,0.2403650554425148,91,0.0091990800919908,True,86b81d337ed9e5997754,0.0183981601839816
MC_S2_DROP_TOP5_R3_L2_HIGH,NEW_MC,COVERAGE_GIVEN_TIME,DWB_L2,False,10000,10131526843417685837,90.35851444138328,375.9220086090809,0.2403650554425148,336,0.0336966303369663,True,da067cd2892ae839992e,0.0673932606739326
MC_S2_DROP_TOP5_R3_L2_HIGH,NEW_MC,COVERAGE_GIVEN_TIME,DWB_L3,True,10000,5957620872885325064,90.35851444138328,375.9220086090809,0.2403650554425148,457,0.0457954204579542,True,6638fec0f36d8954ee6f,0.0915908409159084
MC_S2_DROP_TOP5_R3_L2_HIGH,NEW_MC,COVERAGE_GIVEN_TIME,DWB_L4,False,10000,7668690593115119734,90.35851444138328,375.9220086090809,0.2403650554425148,506,0.0506949305069493,True,c1836b806696b8b82789,0.1013898610138986
MC_S2_DROP_TOP5_R4_L0_STAGE15_MATCHED,NEW_MC,TIME_GIVEN_COVERAGE,LEGACY_RADEMACHER,False,10000,2782139199306398699,39.4854964604512,305.8809622517466,0.1290877868625043,486,0.0486951304869513,True,e342168244534416949f,0.0486951304869513
MC_S2_DROP_TOP5_R4_L0_STAGE15_MATCHED,NEW_MC,TIME_GIVEN_COVERAGE,GAUSSIAN_L1,False,10000,11902754089305642614,39.4854964604512,305.8809622517466,0.1290877868625043,1221,0.1221877812218778,True,14ee061feba241d6b1dd,0.1221877812218778
MC_S2_DROP_TOP5_R4_L0_STAGE15_MATCHED,NEW_MC,TIME_GIVEN_COVERAGE,DWB_L2,False,10000,5492641438777578101,39.4854964604512,305.8809622517466,0.1290877868625043,1766,0.1766823317668233,True,e11004011bf22bfed87d,0.1766823317668233
MC_S2_DROP_TOP5_R4_L0_STAGE15_MATCHED,NEW_MC,TIME_GIVEN_COVERAGE,DWB_L3,True,10000,14977816077180790917,39.4854964604512,305.8809622517466,0.1290877868625043,2002,0.2002799720027997,True,bcf2886cfaf7e0d37ef0,0.2002799720027997
MC_S2_DROP_TOP5_R4_L0_STAGE15_MATCHED,NEW_MC,TIME_GIVEN_COVERAGE,DWB_L4,False,10000,1172344450485491864,39.4854964604512,305.8809622517466,0.1290877868625043,2061,0.2061793820617938,True,2931bc8485894cb4698c,0.2061793820617938
MC_S2_DROP_TOP5_R4_L0_STAGE15_MATCHED,NEW_MC,COVERAGE_GIVEN_TIME,LEGACY_RADEMACHER,False,10000,17238976423514010386,69.44799058426128,335.8434563755566,0.2067867908868861,14,0.0014998500149985,True,a4aaa61a5ffcbef71c27,0.002999700029997
MC_S2_DROP_TOP5_R4_L0_STAGE15_MATCHED,NEW_MC,COVERAGE_GIVEN_TIME,GAUSSIAN_L1,False,10000,16710593739804503347,69.44799058426128,335.8434563755566,0.2067867908868861,334,0.0334966503349665,True,81532426b5f98be2c2d9,0.066993300669933
MC_S2_DROP_TOP5_R4_L0_STAGE15_MATCHED,NEW_MC,COVERAGE_GIVEN_TIME,DWB_L2,False,10000,14251100598901321109,69.44799058426128,335.8434563755566,0.2067867908868861,598,0.0598940105989401,True,e0cacec1e99bc7b19cb2,0.1197880211978802
MC_S2_DROP_TOP5_R4_L0_STAGE15_MATCHED,NEW_MC,COVERAGE_GIVEN_TIME,DWB_L3,True,10000,15426301510710756979,69.44799058426128,335.8434563755566,0.2067867908868861,673,0.0673932606739326,True,64bf3ad932f6d88d27e7,0.1347865213478652
MC_S2_DROP_TOP5_R4_L0_STAGE15_MATCHED,NEW_MC,COVERAGE_GIVEN_TIME,DWB_L4,False,10000,17350231011582969464,69.44799058426128,335.8434563755566,0.2067867908868861,679,0.067993200679932,True,5cd5d5caf73b273cc82c,0.135986401359864
MC_S2_DROP_TOP5_R4_L1_EXTENDED,NEW_MC,TIME_GIVEN_COVERAGE,LEGACY_RADEMACHER,False,10000,12727689938355850310,61.78873530368242,545.5485803655065,0.1132598223650132,153,0.0153984601539846,True,a1560e4262aeec1f0125,0.0307969203079692
MC_S2_DROP_TOP5_R4_L1_EXTENDED,NEW_MC,TIME_GIVEN_COVERAGE,GAUSSIAN_L1,False,10000,4134710236640880409,61.78873530368242,545.5485803655065,0.1132598223650132,807,0.0807919208079192,True,0b680bda3888de008c62,0.1615838416158384
MC_S2_DROP_TOP5_R4_L1_EXTENDED,NEW_MC,TIME_GIVEN_COVERAGE,DWB_L2,False,10000,15605345163097908677,61.78873530368242,545.5485803655065,0.1132598223650132,1259,0.125987401259874,True,82ea0f3fd1157f02c472,0.251974802519748
MC_S2_DROP_TOP5_R4_L1_EXTENDED,NEW_MC,TIME_GIVEN_COVERAGE,DWB_L3,True,10000,14947594840726623585,61.78873530368242,545.5485803655065,0.1132598223650132,1438,0.1438856114388561,True,88b9a1c67ea6fa4a63d9,0.245975402459754
MC_S2_DROP_TOP5_R4_L1_EXTENDED,NEW_MC,TIME_GIVEN_COVERAGE,DWB_L4,False,10000,13743971165717788262,61.78873530368242,545.5485803655065,0.1132598223650132,1581,0.1581841815818418,True,92a75266cdb654f3d226,0.1957804219578042
MC_S2_DROP_TOP5_R4_L1_EXTENDED,NEW_MC,COVERAGE_GIVEN_TIME,LEGACY_RADEMACHER,False,10000,1423574256073285163,73.4317082301061,557.1915532919302,0.1317889831535779,391,0.0391960803919608,True,02d2bdfa1e239bce6d4d,0.0391960803919608
MC_S2_DROP_TOP5_R4_L1_EXTENDED,NEW_MC,COVERAGE_GIVEN_TIME,GAUSSIAN_L1,False,10000,3135872407047043279,73.4317082301061,557.1915532919302,0.1317889831535779,985,0.0985901409859014,True,26a6107d4c7130f109f3,0.1615838416158384
MC_S2_DROP_TOP5_R4_L1_EXTENDED,NEW_MC,COVERAGE_GIVEN_TIME,DWB_L2,False,10000,1120155854168994563,73.4317082301061,557.1915532919302,0.1317889831535779,1422,0.1422857714228577,True,446bd5ccbd2a9204866c,0.251974802519748
MC_S2_DROP_TOP5_R4_L1_EXTENDED,NEW_MC,COVERAGE_GIVEN_TIME,DWB_L3,True,10000,322783366396309961,73.4317082301061,557.1915532919302,0.1317889831535779,1229,0.122987701229877,True,1d05a839651152173f49,0.245975402459754
MC_S2_DROP_TOP5_R4_L1_EXTENDED,NEW_MC,COVERAGE_GIVEN_TIME,DWB_L4,False,10000,16630301241653802744,73.4317082301061,557.1915532919302,0.1317889831535779,978,0.0978902109789021,True,4d0aded27146b21af32a,0.1957804219578042
MC_S2_DROP_TOP5_R4_L2_HIGH,NEW_MC,TIME_GIVEN_COVERAGE,LEGACY_RADEMACHER,False,10000,11521688931555045747,39.11615055059211,330.5244381312452,0.1183457137746038,112,0.0112988701129887,True,9f3afcfba7ffddfd595a,0.0112988701129887
MC_S2_DROP_TOP5_R4_L2_HIGH,NEW_MC,TIME_GIVEN_COVERAGE,GAUSSIAN_L1,False,10000,3040995467834453198,39.11615055059211,330.5244381312452,0.1183457137746038,852,0.0852914708529147,True,86a1138623b6bc8b0e52,0.0852914708529147
MC_S2_DROP_TOP5_R4_L2_HIGH,NEW_MC,TIME_GIVEN_COVERAGE,DWB_L2,False,10000,10419499431143050282,39.11615055059211,330.5244381312452,0.1183457137746038,1312,0.1312868713128687,True,c73b565701adc8abba73,0.1312868713128687
MC_S2_DROP_TOP5_R4_L2_HIGH,NEW_MC,TIME_GIVEN_COVERAGE,DWB_L3,True,10000,5893799925491103826,39.11615055059211,330.5244381312452,0.1183457137746038,1658,0.1658834116588341,True,f4a14caa8af0f8a594a1,0.1658834116588341
MC_S2_DROP_TOP5_R4_L2_HIGH,NEW_MC,TIME_GIVEN_COVERAGE,DWB_L4,False,10000,15888851223246006206,39.11615055059211,330.5244381312452,0.1183457137746038,1724,0.1724827517248275,True,3cb4b8585028297e779d,0.1724827517248275
MC_S2_DROP_TOP5_R4_L2_HIGH,NEW_MC,COVERAGE_GIVEN_TIME,LEGACY_RADEMACHER,False,10000,17997775606646307548,87.60339402561607,379.0116816062691,0.2311363957288831,6,0.0006999300069993,True,44db4f329aa396dcbd52,0.0013998600139986
MC_S2_DROP_TOP5_R4_L2_HIGH,NEW_MC,COVERAGE_GIVEN_TIME,GAUSSIAN_L1,False,10000,262405448153959460,87.60339402561607,379.0116816062691,0.2311363957288831,138,0.0138986101389861,True,0e32e01e5630e9876aa3,0.0277972202779722
MC_S2_DROP_TOP5_R4_L2_HIGH,NEW_MC,COVERAGE_GIVEN_TIME,DWB_L2,False,10000,10613619480267408379,87.60339402561607,379.0116816062691,0.2311363957288831,379,0.037996200379962,True,30d139f1059d727a6a0a,0.075992400759924
MC_S2_DROP_TOP5_R4_L2_HIGH,NEW_MC,COVERAGE_GIVEN_TIME,DWB_L3,True,10000,10243422334777847409,87.60339402561607,379.0116816062691,0.2311363957288831,425,0.0425957404259574,True,f35929b4a11097fd4642,0.0851914808519148
MC_S2_DROP_TOP5_R4_L2_HIGH,NEW_MC,COVERAGE_GIVEN_TIME,DWB_L4,False,10000,15450864337704645440,87.60339402561607,379.0116816062691,0.2311363957288831,502,0.0502949705029497,True,bf00da18663e05f0c77a,0.1005899410058994
