technique_i_id,technique_i_name,technique_j_id,technique_j_name,annual_transition,observed_wgt3,null_expected_wgt3,positive_excess_pre,positive_excess_post,delta,support_pre,support_post,contribution_rank,relation_semantics
T1061,Graphical User Interface,T1110.001,Password Guessing,A2_W0::2002->2003,0.1972433396099663,0.0823490942871609,0.0,0.1148942453228053,0.9999999999912964,0,2,1,CO_DOCUMENT_RELATIONAL_EXCESS_NOT_EXECUTION_OR_CAUSAL
T1110,Brute Force,T1110.001,Password Guessing,A2_W0::2002->2003,0.1972433396099663,0.0828422026361857,0.0,0.1144011369737805,0.9999999999912588,0,2,2,CO_DOCUMENT_RELATIONAL_EXCESS_NOT_EXECUTION_OR_CAUSAL
T1061,Graphical User Interface,T1110,Brute Force,A2_W0::2002->2003,0.1972433396099663,0.0848146360322854,0.0,0.1124287035776808,0.9999999999911054,0,2,3,CO_DOCUMENT_RELATIONAL_EXCESS_NOT_EXECUTION_OR_CAUSAL
T1003,OS Credential Dumping,T1003.001,LSASS Memory,A2_W0::2002->2003,0.1150586147724803,0.0298330551160073,0.0,0.0852255596564729,0.9999999999882664,0,2,4,CO_DOCUMENT_RELATIONAL_EXCESS_NOT_EXECUTION_OR_CAUSAL
T1003,OS Credential Dumping,T1543.003,Windows Service,A2_W0::2002->2003,0.0986216698049831,0.023176092404171,0.0,0.075445577400812,0.9999999999867454,0,1,5,CO_DOCUMENT_RELATIONAL_EXCESS_NOT_EXECUTION_OR_CAUSAL
T1003,OS Credential Dumping,T1562.004,Disable or Modify System Firewall,A2_W0::2002->2003,0.0986216698049831,0.0241623091022208,0.0,0.0744593607027622,0.9999999999865696,0,1,6,CO_DOCUMENT_RELATIONAL_EXCESS_NOT_EXECUTION_OR_CAUSAL
T1543.003,Windows Service,T1584.008,Network Devices,A2_W0::2002->2003,0.0986216698049831,0.0241623091022208,0.0,0.0744593607027622,0.9999999999865696,0,1,7,CO_DOCUMENT_RELATIONAL_EXCESS_NOT_EXECUTION_OR_CAUSAL
T1003,OS Credential Dumping,T1562,Impair Defenses,A2_W0::2002->2003,0.0986216698049831,0.0251485258002707,0.0,0.0734731440047124,0.9999999999863896,0,1,8,CO_DOCUMENT_RELATIONAL_EXCESS_NOT_EXECUTION_OR_CAUSAL
T1003,OS Credential Dumping,T1570,Lateral Tool Transfer,A2_W0::2002->2003,0.0986216698049831,0.0251485258002707,0.0,0.0734731440047124,0.9999999999863896,0,1,9,CO_DOCUMENT_RELATIONAL_EXCESS_NOT_EXECUTION_OR_CAUSAL
T1543.003,Windows Service,T1570,Lateral Tool Transfer,A2_W0::2002->2003,0.0986216698049831,0.0256416341492956,0.0,0.0729800356556875,0.9999999999862976,0,1,10,CO_DOCUMENT_RELATIONAL_EXCESS_NOT_EXECUTION_OR_CAUSAL
T1562.004,Disable or Modify System Firewall,T1584.008,Network Devices,A2_W0::2002->2003,0.0986216698049831,0.0266278508473454,0.0,0.0719938189576376,0.99999999998611,0,1,11,CO_DOCUMENT_RELATIONAL_EXCESS_NOT_EXECUTION_OR_CAUSAL
T1590.005,IP Addresses,T1684,Social Engineering,A2_W0::2002->2003,0.1139105094553403,0.0429029071957524,0.0,0.0710076022595878,0.9999999999859168,1,5,12,CO_DOCUMENT_RELATIONAL_EXCESS_NOT_EXECUTION_OR_CAUSAL
T1003,OS Credential Dumping,T1584.008,Network Devices,A2_W0::2002->2003,0.0986216698049831,0.0277784369950702,0.0,0.0708432328099129,0.9999999999858844,0,1,13,CO_DOCUMENT_RELATIONAL_EXCESS_NOT_EXECUTION_OR_CAUSAL
T1562,Impair Defenses,T1584.008,Network Devices,A2_W0::2002->2003,0.0986216698049831,0.0281071758944202,0.0,0.0705144939105629,0.9999999999858185,0,1,14,CO_DOCUMENT_RELATIONAL_EXCESS_NOT_EXECUTION_OR_CAUSAL
T1003.001,LSASS Memory,T1543.003,Windows Service,A2_W0::2002->2003,0.0986216698049831,0.02909339259247,0.0,0.069528277212513,0.9999999999856172,0,1,15,CO_DOCUMENT_RELATIONAL_EXCESS_NOT_EXECUTION_OR_CAUSAL
T1003.001,LSASS Memory,T1570,Lateral Tool Transfer,A2_W0::2002->2003,0.0986216698049831,0.02909339259247,0.0,0.069528277212513,0.9999999999856172,0,1,16,CO_DOCUMENT_RELATIONAL_EXCESS_NOT_EXECUTION_OR_CAUSAL
T1562,Impair Defenses,T1562.004,Disable or Modify System Firewall,A2_W0::2002->2003,0.0986216698049831,0.02909339259247,0.0,0.069528277212513,0.9999999999856172,0,1,17,CO_DOCUMENT_RELATIONAL_EXCESS_NOT_EXECUTION_OR_CAUSAL
T1003.001,LSASS Memory,T1562.004,Disable or Modify System Firewall,A2_W0::2002->2003,0.0986216698049831,0.0300796092905198,0.0,0.0685420605144632,0.9999999999854104,0,1,18,CO_DOCUMENT_RELATIONAL_EXCESS_NOT_EXECUTION_OR_CAUSAL
T1570,Lateral Tool Transfer,T1584.008,Network Devices,A2_W0::2002->2003,0.0986216698049831,0.0300796092905198,0.0,0.0685420605144632,0.9999999999854104,0,1,19,CO_DOCUMENT_RELATIONAL_EXCESS_NOT_EXECUTION_OR_CAUSAL
T1543.003,Windows Service,T1562,Impair Defenses,A2_W0::2002->2003,0.0986216698049831,0.0310658259885697,0.0,0.0675558438164134,0.9999999999851974,0,1,20,CO_DOCUMENT_RELATIONAL_EXCESS_NOT_EXECUTION_OR_CAUSAL
T1562,Impair Defenses,T1570,Lateral Tool Transfer,A2_W0::2002->2003,0.0986216698049831,0.0310658259885697,0.0,0.0675558438164134,0.9999999999851974,0,1,21,CO_DOCUMENT_RELATIONAL_EXCESS_NOT_EXECUTION_OR_CAUSAL
T1562.004,Disable or Modify System Firewall,T1570,Lateral Tool Transfer,A2_W0::2002->2003,0.0986216698049831,0.0315589343375946,0.0,0.0670627354673885,0.9999999999850884,0,1,22,CO_DOCUMENT_RELATIONAL_EXCESS_NOT_EXECUTION_OR_CAUSAL
T1003.001,LSASS Memory,T1562,Impair Defenses,A2_W0::2002->2003,0.0986216698049831,0.0330382593846694,0.0,0.0655834104203137,0.9999999999847522,0,1,23,CO_DOCUMENT_RELATIONAL_EXCESS_NOT_EXECUTION_OR_CAUSAL
T1543.003,Windows Service,T1562.004,Disable or Modify System Firewall,A2_W0::2002->2003,0.0986216698049831,0.0340244760827192,0.0,0.0645971937222639,0.9999999999845194,0,1,24,CO_DOCUMENT_RELATIONAL_EXCESS_NOT_EXECUTION_OR_CAUSAL
T1003,OS Credential Dumping,T1047,Windows Management Instrumentation,A2_W0::2002->2003,0.1150586147724803,0.0555568739901403,0.0,0.0595017407823399,0.9999999999831938,0,2,25,CO_DOCUMENT_RELATIONAL_EXCESS_NOT_EXECUTION_OR_CAUSAL
T1003.001,LSASS Memory,T1047,Windows Management Instrumentation,A2_W0::2002->2003,0.1150586147724803,0.0558856128894903,0.0,0.0591730018829899,0.9999999999831004,0,2,26,CO_DOCUMENT_RELATIONAL_EXCESS_NOT_EXECUTION_OR_CAUSAL
T1047,Windows Management Instrumentation,T1059.007,JavaScript,A2_W0::2002->2003,0.0986216698049831,0.0419142096671179,0.0,0.0567074601378652,0.9999999999823656,0,1,27,CO_DOCUMENT_RELATIONAL_EXCESS_NOT_EXECUTION_OR_CAUSAL
T1003.001,LSASS Memory,T1584.008,Network Devices,A2_W0::2002->2003,0.0986216698049831,0.0428182416403301,0.0,0.0558034281646529,0.99999999998208,0,1,28,CO_DOCUMENT_RELATIONAL_EXCESS_NOT_EXECUTION_OR_CAUSAL
T1047,Windows Management Instrumentation,T1570,Lateral Tool Transfer,A2_W0::2002->2003,0.0986216698049831,0.0438866430632175,0.0,0.0547350267417655,0.9999999999817302,0,1,29,CO_DOCUMENT_RELATIONAL_EXCESS_NOT_EXECUTION_OR_CAUSAL
T1047,Windows Management Instrumentation,T1562.004,Disable or Modify System Firewall,A2_W0::2002->2003,0.0986216698049831,0.0453659681102922,0.0,0.0532557016946908,0.9999999999812228,0,1,30,CO_DOCUMENT_RELATIONAL_EXCESS_NOT_EXECUTION_OR_CAUSAL
T1047,Windows Management Instrumentation,T1562,Impair Defenses,A2_W0::2002->2003,0.0986216698049831,0.046845293157367,0.0,0.0517763766476161,0.9999999999806862,0,1,31,CO_DOCUMENT_RELATIONAL_EXCESS_NOT_EXECUTION_OR_CAUSAL
T1047,Windows Management Instrumentation,T1543.003,Windows Service,A2_W0::2002->2003,0.0986216698049831,0.0517763766476161,1.1102230246251563e-16,0.0468452931573669,0.9999999999786484,1,1,32,CO_DOCUMENT_RELATIONAL_EXCESS_NOT_EXECUTION_OR_CAUSAL
T1047,Windows Management Instrumentation,T1584.008,Network Devices,A2_W0::2002->2003,0.0986216698049831,0.0578580462855899,0.0,0.0407636235193931,0.9999999999754684,0,1,33,CO_DOCUMENT_RELATIONAL_EXCESS_NOT_EXECUTION_OR_CAUSAL
T1053.005,Scheduled Task,T1590.005,IP Addresses,A2_W0::2002->2003,0.061937397172978,0.0407337381649067,0.0,0.0212036590080713,0.9999999999528384,1,5,34,CO_DOCUMENT_RELATIONAL_EXCESS_NOT_EXECUTION_OR_CAUSAL
T1113,Screen Capture,T1123,Audio Capture,A2_W0::2002->2003,0.0022414015864768,0.0022414015864768,0.0181600150874473,0.0,-0.999999999944934,1,1,35,CO_DOCUMENT_RELATIONAL_EXCESS_NOT_EXECUTION_OR_CAUSAL
T1123,Audio Capture,T1589.002,Email Addresses,A2_W0::2002->2003,0.0,0.0,0.0181600150874473,0.0,-0.999999999944934,1,0,36,CO_DOCUMENT_RELATIONAL_EXCESS_NOT_EXECUTION_OR_CAUSAL
T1123,Audio Capture,T1684,Social Engineering,A2_W0::2002->2003,0.0022414015864768,0.0022414015864768,0.0160646287312033,0.0,-0.9999999999377516,1,1,37,CO_DOCUMENT_RELATIONAL_EXCESS_NOT_EXECUTION_OR_CAUSAL
T1113,Screen Capture,T1684,Social Engineering,A2_W0::2002->2003,0.0112070079323844,0.0162352188247142,0.0155989873187047,0.0,-0.9999999999358932,1,2,38,CO_DOCUMENT_RELATIONAL_EXCESS_NOT_EXECUTION_OR_CAUSAL
T1123,Audio Capture,T1204.001,Malicious Link,A2_W0::2002->2003,0.0,0.0,0.0149005251999567,0.0,-0.9999999999328882,1,0,39,CO_DOCUMENT_RELATIONAL_EXCESS_NOT_EXECUTION_OR_CAUSAL
T1113,Screen Capture,T1204.001,Malicious Link,A2_W0::2002->2003,0.0,0.0,0.0144348837874581,0.0,-0.9999999999307232,1,0,40,CO_DOCUMENT_RELATIONAL_EXCESS_NOT_EXECUTION_OR_CAUSAL
T1204.001,Malicious Link,T1589.002,Email Addresses,A2_W0::2002->2003,0.0,0.0,0.0144348837874581,0.0,-0.9999999999307232,1,0,41,CO_DOCUMENT_RELATIONAL_EXCESS_NOT_EXECUTION_OR_CAUSAL
T1204.001,Malicious Link,T1684,Social Engineering,A2_W0::2002->2003,0.0,0.0,0.0123394974312141,0.0,-0.9999999999189594,1,0,42,CO_DOCUMENT_RELATIONAL_EXCESS_NOT_EXECUTION_OR_CAUSAL
T1055,Process Injection,T1584.008,Network Devices,A2_W0::2002->2003,0.0164369449674971,0.0076431794098862,0.0,0.0087937655576109,0.9999999998862832,0,1,43,CO_DOCUMENT_RELATIONAL_EXCESS_NOT_EXECUTION_OR_CAUSAL
T1003.001,LSASS Memory,T1078.003,Local Accounts,A2_W0::2002->2003,0.0164369449674971,0.0080541030340736,0.0,0.0083828419334235,0.9999999998807086,0,1,44,CO_DOCUMENT_RELATIONAL_EXCESS_NOT_EXECUTION_OR_CAUSAL
T1003.001,LSASS Memory,T1136,Create Account,A2_W0::2002->2003,0.0164369449674971,0.0080541030340736,0.0,0.0083828419334235,0.9999999998807086,0,1,45,CO_DOCUMENT_RELATIONAL_EXCESS_NOT_EXECUTION_OR_CAUSAL
T1003.001,LSASS Memory,T1547.001,Registry Run Keys / Startup Folder,A2_W0::2002->2003,0.0164369449674971,0.0080541030340736,0.0,0.0083828419334235,0.9999999998807086,0,1,46,CO_DOCUMENT_RELATIONAL_EXCESS_NOT_EXECUTION_OR_CAUSAL
T1547.001,Registry Run Keys / Startup Folder,T1684,Social Engineering,A2_W0::2002->2003,0.0164369449674971,0.0081362877589111,0.0,0.008300657208586,0.9999999998795276,0,1,47,CO_DOCUMENT_RELATIONAL_EXCESS_NOT_EXECUTION_OR_CAUSAL
T1047,Windows Management Instrumentation,T1136.001,Local Account,A2_W0::2002->2003,0.0164369449674971,0.0082184724837486,0.0,0.0082184724837485,0.9999999998783228,0,1,48,CO_DOCUMENT_RELATIONAL_EXCESS_NOT_EXECUTION_OR_CAUSAL
T1047,Windows Management Instrumentation,T1547.001,Registry Run Keys / Startup Folder,A2_W0::2002->2003,0.0164369449674971,0.0082184724837486,0.0,0.0082184724837485,0.9999999998783228,0,1,49,CO_DOCUMENT_RELATIONAL_EXCESS_NOT_EXECUTION_OR_CAUSAL
T1047,Windows Management Instrumentation,T1078.003,Local Accounts,A2_W0::2002->2003,0.0164369449674971,0.008300657208586,0.0,0.0081362877589111,0.9999999998770938,0,1,50,CO_DOCUMENT_RELATIONAL_EXCESS_NOT_EXECUTION_OR_CAUSAL
T1078.003,Local Accounts,T1136.001,Local Account,A2_W0::2002->2003,0.0164369449674971,0.008300657208586,0.0,0.0081362877589111,0.9999999998770938,0,1,51,CO_DOCUMENT_RELATIONAL_EXCESS_NOT_EXECUTION_OR_CAUSAL
T1078.003,Local Accounts,T1547.001,Registry Run Keys / Startup Folder,A2_W0::2002->2003,0.0164369449674971,0.008300657208586,0.0,0.0081362877589111,0.9999999998770938,0,1,52,CO_DOCUMENT_RELATIONAL_EXCESS_NOT_EXECUTION_OR_CAUSAL
T1113,Screen Capture,T1218.002,Control Panel,A2_W0::2002->2003,0.0164369449674971,0.008300657208586,0.0,0.0081362877589111,0.9999999998770938,0,1,53,CO_DOCUMENT_RELATIONAL_EXCESS_NOT_EXECUTION_OR_CAUSAL
T1560,Archive Collected Data,T1684,Social Engineering,A2_W0::2002->2003,0.0164369449674971,0.008300657208586,0.0,0.0081362877589111,0.9999999998770938,0,1,54,CO_DOCUMENT_RELATIONAL_EXCESS_NOT_EXECUTION_OR_CAUSAL
T1003.001,LSASS Memory,T1136.001,Local Account,A2_W0::2002->2003,0.0164369449674971,0.0083828419334235,0.0,0.0080541030340736,0.9999999998758397,0,1,55,CO_DOCUMENT_RELATIONAL_EXCESS_NOT_EXECUTION_OR_CAUSAL
T1047,Windows Management Instrumentation,T1136,Create Account,A2_W0::2002->2003,0.0164369449674971,0.0083828419334235,0.0,0.0080541030340736,0.9999999998758397,0,1,56,CO_DOCUMENT_RELATIONAL_EXCESS_NOT_EXECUTION_OR_CAUSAL
T1003.001,LSASS Memory,T1560.001,Archive via Utility,A2_W0::2002->2003,0.0164369449674971,0.008465026658261,0.0,0.0079719183092361,0.9999999998745596,0,1,57,CO_DOCUMENT_RELATIONAL_EXCESS_NOT_EXECUTION_OR_CAUSAL
T1003,OS Credential Dumping,T1547.001,Registry Run Keys / Startup Folder,A2_W0::2002->2003,0.0164369449674971,0.0085472113830985,0.0,0.0078897335843986,0.9999999998732528,0,1,58,CO_DOCUMENT_RELATIONAL_EXCESS_NOT_EXECUTION_OR_CAUSAL
T1078.003,Local Accounts,T1136,Create Account,A2_W0::2002->2003,0.0164369449674971,0.008629396107936,0.0,0.0078075488595611,0.9999999998719188,0,1,59,CO_DOCUMENT_RELATIONAL_EXCESS_NOT_EXECUTION_OR_CAUSAL
T1078.003,Local Accounts,T1684,Social Engineering,A2_W0::2002->2003,0.0164369449674971,0.008629396107936,0.0,0.0078075488595611,0.9999999998719188,0,1,60,CO_DOCUMENT_RELATIONAL_EXCESS_NOT_EXECUTION_OR_CAUSAL
T1547.001,Registry Run Keys / Startup Folder,T1560,Archive Collected Data,A2_W0::2002->2003,0.0164369449674971,0.008629396107936,0.0,0.0078075488595611,0.9999999998719188,0,1,61,CO_DOCUMENT_RELATIONAL_EXCESS_NOT_EXECUTION_OR_CAUSAL
T1003,OS Credential Dumping,T1078.003,Local Accounts,A2_W0::2002->2003,0.0164369449674971,0.0087115808327735,0.0,0.0077253641347236,0.9999999998705562,0,1,62,CO_DOCUMENT_RELATIONAL_EXCESS_NOT_EXECUTION_OR_CAUSAL
T1136,Create Account,T1684,Social Engineering,A2_W0::2002->2003,0.0164369449674971,0.0087115808327735,0.0,0.0077253641347236,0.9999999998705562,0,1,63,CO_DOCUMENT_RELATIONAL_EXCESS_NOT_EXECUTION_OR_CAUSAL
T1112,Modify Registry,T1123,Audio Capture,A2_W0::2002->2003,0.0,0.0,0.0076572143388666,0.0,-0.999999999869404,1,0,64,CO_DOCUMENT_RELATIONAL_EXCESS_NOT_EXECUTION_OR_CAUSAL
T1003,OS Credential Dumping,T1136,Create Account,A2_W0::2002->2003,0.0164369449674971,0.008793765557611,0.0,0.0076431794098861,0.9999999998691644,0,1,65,CO_DOCUMENT_RELATIONAL_EXCESS_NOT_EXECUTION_OR_CAUSAL
T1078.003,Local Accounts,T1560.001,Archive via Utility,A2_W0::2002->2003,0.0164369449674971,0.008793765557611,0.0,0.0076431794098861,0.9999999998691644,0,1,66,CO_DOCUMENT_RELATIONAL_EXCESS_NOT_EXECUTION_OR_CAUSAL
T1136.001,Local Account,T1547.001,Registry Run Keys / Startup Folder,A2_W0::2002->2003,0.0164369449674971,0.008793765557611,0.0,0.0076431794098861,0.9999999998691644,0,1,67,CO_DOCUMENT_RELATIONAL_EXCESS_NOT_EXECUTION_OR_CAUSAL
T1136.001,Local Account,T1560,Archive Collected Data,A2_W0::2002->2003,0.0164369449674971,0.008793765557611,0.0,0.0076431794098861,0.9999999998691644,0,1,68,CO_DOCUMENT_RELATIONAL_EXCESS_NOT_EXECUTION_OR_CAUSAL
T1136,Create Account,T1136.001,Local Account,A2_W0::2002->2003,0.0164369449674971,0.0088759502824484,0.0,0.0075609946850486,0.9999999998677422,0,1,69,CO_DOCUMENT_RELATIONAL_EXCESS_NOT_EXECUTION_OR_CAUSAL
T1136,Create Account,T1547.001,Registry Run Keys / Startup Folder,A2_W0::2002->2003,0.0164369449674971,0.0088759502824484,0.0,0.0075609946850486,0.9999999998677422,0,1,70,CO_DOCUMENT_RELATIONAL_EXCESS_NOT_EXECUTION_OR_CAUSAL
T1136.001,Local Account,T1684,Social Engineering,A2_W0::2002->2003,0.0164369449674971,0.0088759502824484,0.0,0.0075609946850486,0.9999999998677422,0,1,71,CO_DOCUMENT_RELATIONAL_EXCESS_NOT_EXECUTION_OR_CAUSAL
T1057,Process Discovery,T1112,Modify Registry,A2_W0::2002->2003,0.0,0.0,0.0075537384694225,0.0,-0.9999999998676152,1,0,72,CO_DOCUMENT_RELATIONAL_EXCESS_NOT_EXECUTION_OR_CAUSAL
T1057,Process Discovery,T1123,Audio Capture,A2_W0::2002->2003,0.0022414015864768,0.0022414015864768,0.0075537384694225,0.0,-0.9999999998676152,1,1,73,CO_DOCUMENT_RELATIONAL_EXCESS_NOT_EXECUTION_OR_CAUSAL
T1003.001,LSASS Memory,T1560,Archive Collected Data,A2_W0::2002->2003,0.0164369449674971,0.0089581350072859,0.0,0.0074788099602112,0.9999999998662888,0,1,74,CO_DOCUMENT_RELATIONAL_EXCESS_NOT_EXECUTION_OR_CAUSAL
T1003,OS Credential Dumping,T1136.001,Local Account,A2_W0::2002->2003,0.0164369449674971,0.0090403197321234,0.0,0.0073966252353737,0.9999999998648031,0,1,75,CO_DOCUMENT_RELATIONAL_EXCESS_NOT_EXECUTION_OR_CAUSAL
T1003,OS Credential Dumping,T1560.001,Archive via Utility,A2_W0::2002->2003,0.0164369449674971,0.0090403197321234,0.0,0.0073966252353737,0.9999999998648031,0,1,76,CO_DOCUMENT_RELATIONAL_EXCESS_NOT_EXECUTION_OR_CAUSAL
T1047,Windows Management Instrumentation,T1560,Archive Collected Data,A2_W0::2002->2003,0.0164369449674971,0.0090403197321234,0.0,0.0073966252353737,0.9999999998648031,0,1,77,CO_DOCUMENT_RELATIONAL_EXCESS_NOT_EXECUTION_OR_CAUSAL
T1078.003,Local Accounts,T1560,Archive Collected Data,A2_W0::2002->2003,0.0164369449674971,0.0090403197321234,0.0,0.0073966252353737,0.9999999998648031,0,1,78,CO_DOCUMENT_RELATIONAL_EXCESS_NOT_EXECUTION_OR_CAUSAL
T1136,Create Account,T1560.001,Archive via Utility,A2_W0::2002->2003,0.0164369449674971,0.0090403197321234,0.0,0.0073966252353737,0.9999999998648031,0,1,79,CO_DOCUMENT_RELATIONAL_EXCESS_NOT_EXECUTION_OR_CAUSAL
T1560.001,Archive via Utility,T1684,Social Engineering,A2_W0::2002->2003,0.0164369449674971,0.0091225044569609,0.0,0.0073144405105362,0.999999999863284,0,1,80,CO_DOCUMENT_RELATIONAL_EXCESS_NOT_EXECUTION_OR_CAUSAL
T1061,Graphical User Interface,T1112,Modify Registry,A2_W0::2002->2003,0.0,0.0,0.00724331086109,0.0,-0.9999999998619415,1,0,81,CO_DOCUMENT_RELATIONAL_EXCESS_NOT_EXECUTION_OR_CAUSAL
T1061,Graphical User Interface,T1123,Audio Capture,A2_W0::2002->2003,0.0,0.0,0.00724331086109,0.0,-0.9999999998619415,1,0,82,CO_DOCUMENT_RELATIONAL_EXCESS_NOT_EXECUTION_OR_CAUSAL
T1003,OS Credential Dumping,T1560,Archive Collected Data,A2_W0::2002->2003,0.0164369449674971,0.0092046891817984,0.0,0.0072322557856987,0.9999999998617304,0,1,83,CO_DOCUMENT_RELATIONAL_EXCESS_NOT_EXECUTION_OR_CAUSAL
T1047,Windows Management Instrumentation,T1560.001,Archive via Utility,A2_W0::2002->2003,0.0164369449674971,0.0092046891817984,0.0,0.0072322557856987,0.9999999998617304,0,1,84,CO_DOCUMENT_RELATIONAL_EXCESS_NOT_EXECUTION_OR_CAUSAL
T1136.001,Local Account,T1560.001,Archive via Utility,A2_W0::2002->2003,0.0164369449674971,0.0092046891817984,0.0,0.0072322557856987,0.9999999998617304,0,1,85,CO_DOCUMENT_RELATIONAL_EXCESS_NOT_EXECUTION_OR_CAUSAL
T1136,Create Account,T1560,Archive Collected Data,A2_W0::2002->2003,0.0164369449674971,0.0092868739066359,0.0,0.0071500710608612,0.9999999998601412,0,1,86,CO_DOCUMENT_RELATIONAL_EXCESS_NOT_EXECUTION_OR_CAUSAL
T1057,Process Discovery,T1061,Graphical User Interface,A2_W0::2002->2003,0.0,0.0,0.0071398349916459,0.0,-0.9999999998599408,1,0,87,CO_DOCUMENT_RELATIONAL_EXCESS_NOT_EXECUTION_OR_CAUSAL
T1560,Archive Collected Data,T1560.001,Archive via Utility,A2_W0::2002->2003,0.0164369449674971,0.0094512433563108,0.0,0.0069857016111862,0.9999999998568504,0,1,88,CO_DOCUMENT_RELATIONAL_EXCESS_NOT_EXECUTION_OR_CAUSAL
T1547.001,Registry Run Keys / Startup Folder,T1560.001,Archive via Utility,A2_W0::2002->2003,0.0164369449674971,0.0098621669804983,0.0,0.0065747779869988,0.9999999998479036,0,1,89,CO_DOCUMENT_RELATIONAL_EXCESS_NOT_EXECUTION_OR_CAUSAL
T1112,Modify Registry,T1204.002,Malicious File,A2_W0::2002->2003,0.0,0.0,0.006518979774981,0.0,-0.9999999998466016,1,0,90,CO_DOCUMENT_RELATIONAL_EXCESS_NOT_EXECUTION_OR_CAUSAL
T1123,Audio Capture,T1204.002,Malicious File,A2_W0::2002->2003,0.0,0.0,0.006518979774981,0.0,-0.9999999998466016,1,0,91,CO_DOCUMENT_RELATIONAL_EXCESS_NOT_EXECUTION_OR_CAUSAL
T1057,Process Discovery,T1204.002,Malicious File,A2_W0::2002->2003,0.0,0.0,0.0064155039055369,0.0,-0.9999999998441276,1,0,92,CO_DOCUMENT_RELATIONAL_EXCESS_NOT_EXECUTION_OR_CAUSAL
T1113,Screen Capture,T1590.005,IP Addresses,A2_W0::2002->2003,0.0145691103120997,0.008281978862032,0.0,0.0062871314500676,0.9999999998409448,0,2,93,CO_DOCUMENT_RELATIONAL_EXCESS_NOT_EXECUTION_OR_CAUSAL
T1061,Graphical User Interface,T1204.002,Malicious File,A2_W0::2002->2003,0.0,0.0,0.0061050762972044,0.0,-0.9999999998362018,1,0,94,CO_DOCUMENT_RELATIONAL_EXCESS_NOT_EXECUTION_OR_CAUSAL
T1053.005,Scheduled Task,T1113,Screen Capture,A2_W0::2002->2003,0.0145691103120997,0.008775087211057,0.0,0.0057940231010427,0.9999999998274084,0,2,95,CO_DOCUMENT_RELATIONAL_EXCESS_NOT_EXECUTION_OR_CAUSAL
T1087.003,Email Account,T1113,Screen Capture,A2_W0::2002->2003,0.0089656063459075,0.0057379880613808,0.0,0.0032276182845267,0.999999999690174,0,1,96,CO_DOCUMENT_RELATIONAL_EXCESS_NOT_EXECUTION_OR_CAUSAL
T1586,Compromise Accounts,T1590.005,IP Addresses,A2_W0::2002->2003,0.0051906142002622,0.0020502926091035,0.0,0.0031403215911586,0.9999999996815612,1,1,97,CO_DOCUMENT_RELATIONAL_EXCESS_NOT_EXECUTION_OR_CAUSAL
T1590.004,Network Topology,T1593.001,Social Media,A2_W0::2002->2003,0.0051906142002622,0.0020502926091035,0.0,0.0031403215911586,0.9999999996815612,0,1,98,CO_DOCUMENT_RELATIONAL_EXCESS_NOT_EXECUTION_OR_CAUSAL
T1113,Screen Capture,T1593.001,Social Media,A2_W0::2002->2003,0.0089656063459075,0.005917300188299,0.0,0.0030483061576085,0.999999999671949,0,1,99,CO_DOCUMENT_RELATIONAL_EXCESS_NOT_EXECUTION_OR_CAUSAL
T1113,Screen Capture,T1204.002,Malicious File,A2_W0::2002->2003,0.0089656063459075,0.006006956251758,0.0,0.0029586500941494,0.999999999662008,0,1,100,CO_DOCUMENT_RELATIONAL_EXCESS_NOT_EXECUTION_OR_CAUSAL
T1061,Graphical User Interface,T1110.001,Password Guessing,A2_W0::2003->2004,0.0,0.0,0.1148942453228053,0.0,-0.9999999999912964,2,0,1,CO_DOCUMENT_RELATIONAL_EXCESS_NOT_EXECUTION_OR_CAUSAL
T1110,Brute Force,T1110.001,Password Guessing,A2_W0::2003->2004,0.0,0.0,0.1144011369737805,0.0,-0.9999999999912588,2,0,2,CO_DOCUMENT_RELATIONAL_EXCESS_NOT_EXECUTION_OR_CAUSAL
T1061,Graphical User Interface,T1110,Brute Force,A2_W0::2003->2004,0.0,0.0,0.1124287035776808,0.0,-0.9999999999911054,2,0,3,CO_DOCUMENT_RELATIONAL_EXCESS_NOT_EXECUTION_OR_CAUSAL
T1003,OS Credential Dumping,T1003.001,LSASS Memory,A2_W0::2003->2004,0.0,0.0,0.0852255596564729,0.0,-0.9999999999882664,2,0,4,CO_DOCUMENT_RELATIONAL_EXCESS_NOT_EXECUTION_OR_CAUSAL
T1003,OS Credential Dumping,T1543.003,Windows Service,A2_W0::2003->2004,0.0,0.0,0.075445577400812,0.0,-0.9999999999867454,1,0,5,CO_DOCUMENT_RELATIONAL_EXCESS_NOT_EXECUTION_OR_CAUSAL
T1003,OS Credential Dumping,T1562.004,Disable or Modify System Firewall,A2_W0::2003->2004,0.0,0.0,0.0744593607027622,0.0,-0.9999999999865696,1,0,6,CO_DOCUMENT_RELATIONAL_EXCESS_NOT_EXECUTION_OR_CAUSAL
T1543.003,Windows Service,T1584.008,Network Devices,A2_W0::2003->2004,0.0,0.0,0.0744593607027622,0.0,-0.9999999999865696,1,0,7,CO_DOCUMENT_RELATIONAL_EXCESS_NOT_EXECUTION_OR_CAUSAL
T1003,OS Credential Dumping,T1562,Impair Defenses,A2_W0::2003->2004,0.0,0.0,0.0734731440047124,0.0,-0.9999999999863896,1,0,8,CO_DOCUMENT_RELATIONAL_EXCESS_NOT_EXECUTION_OR_CAUSAL
T1003,OS Credential Dumping,T1570,Lateral Tool Transfer,A2_W0::2003->2004,0.0,0.0,0.0734731440047124,0.0,-0.9999999999863896,1,0,9,CO_DOCUMENT_RELATIONAL_EXCESS_NOT_EXECUTION_OR_CAUSAL
T1543.003,Windows Service,T1570,Lateral Tool Transfer,A2_W0::2003->2004,0.0,0.0,0.0729800356556875,0.0,-0.9999999999862976,1,0,10,CO_DOCUMENT_RELATIONAL_EXCESS_NOT_EXECUTION_OR_CAUSAL
T1562.004,Disable or Modify System Firewall,T1584.008,Network Devices,A2_W0::2003->2004,0.0,0.0,0.0719938189576376,0.0,-0.99999999998611,1,0,11,CO_DOCUMENT_RELATIONAL_EXCESS_NOT_EXECUTION_OR_CAUSAL
T1003,OS Credential Dumping,T1584.008,Network Devices,A2_W0::2003->2004,0.0,0.0,0.0708432328099129,0.0,-0.9999999999858844,1,0,12,CO_DOCUMENT_RELATIONAL_EXCESS_NOT_EXECUTION_OR_CAUSAL
T1562,Impair Defenses,T1584.008,Network Devices,A2_W0::2003->2004,0.0,0.0,0.0705144939105629,0.0,-0.9999999999858185,1,0,13,CO_DOCUMENT_RELATIONAL_EXCESS_NOT_EXECUTION_OR_CAUSAL
T1003.001,LSASS Memory,T1543.003,Windows Service,A2_W0::2003->2004,0.0,0.0,0.069528277212513,0.0,-0.9999999999856172,1,0,14,CO_DOCUMENT_RELATIONAL_EXCESS_NOT_EXECUTION_OR_CAUSAL
T1003.001,LSASS Memory,T1570,Lateral Tool Transfer,A2_W0::2003->2004,0.0,0.0,0.069528277212513,0.0,-0.9999999999856172,1,0,15,CO_DOCUMENT_RELATIONAL_EXCESS_NOT_EXECUTION_OR_CAUSAL
T1562,Impair Defenses,T1562.004,Disable or Modify System Firewall,A2_W0::2003->2004,0.0,0.0,0.069528277212513,0.0,-0.9999999999856172,1,0,16,CO_DOCUMENT_RELATIONAL_EXCESS_NOT_EXECUTION_OR_CAUSAL
T1003.001,LSASS Memory,T1562.004,Disable or Modify System Firewall,A2_W0::2003->2004,0.0,0.0,0.0685420605144632,0.0,-0.9999999999854104,1,0,17,CO_DOCUMENT_RELATIONAL_EXCESS_NOT_EXECUTION_OR_CAUSAL
T1570,Lateral Tool Transfer,T1584.008,Network Devices,A2_W0::2003->2004,0.0,0.0,0.0685420605144632,0.0,-0.9999999999854104,1,0,18,CO_DOCUMENT_RELATIONAL_EXCESS_NOT_EXECUTION_OR_CAUSAL
T1543.003,Windows Service,T1562,Impair Defenses,A2_W0::2003->2004,0.0,0.0,0.0675558438164134,0.0,-0.9999999999851974,1,0,19,CO_DOCUMENT_RELATIONAL_EXCESS_NOT_EXECUTION_OR_CAUSAL
T1562,Impair Defenses,T1570,Lateral Tool Transfer,A2_W0::2003->2004,0.0,0.0,0.0675558438164134,0.0,-0.9999999999851974,1,0,20,CO_DOCUMENT_RELATIONAL_EXCESS_NOT_EXECUTION_OR_CAUSAL
T1562.004,Disable or Modify System Firewall,T1570,Lateral Tool Transfer,A2_W0::2003->2004,0.0,0.0,0.0670627354673885,0.0,-0.9999999999850884,1,0,21,CO_DOCUMENT_RELATIONAL_EXCESS_NOT_EXECUTION_OR_CAUSAL
T1003.001,LSASS Memory,T1562,Impair Defenses,A2_W0::2003->2004,0.0,0.0,0.0655834104203137,0.0,-0.9999999999847522,1,0,22,CO_DOCUMENT_RELATIONAL_EXCESS_NOT_EXECUTION_OR_CAUSAL
T1543.003,Windows Service,T1562.004,Disable or Modify System Firewall,A2_W0::2003->2004,0.0,0.0,0.0645971937222639,0.0,-0.9999999999845194,1,0,23,CO_DOCUMENT_RELATIONAL_EXCESS_NOT_EXECUTION_OR_CAUSAL
T1003,OS Credential Dumping,T1047,Windows Management Instrumentation,A2_W0::2003->2004,0.0,0.0,0.0595017407823399,0.0,-0.9999999999831938,2,0,24,CO_DOCUMENT_RELATIONAL_EXCESS_NOT_EXECUTION_OR_CAUSAL
T1003.001,LSASS Memory,T1047,Windows Management Instrumentation,A2_W0::2003->2004,0.0,0.0,0.0591730018829899,0.0,-0.9999999999831004,2,0,25,CO_DOCUMENT_RELATIONAL_EXCESS_NOT_EXECUTION_OR_CAUSAL
T1047,Windows Management Instrumentation,T1059.007,JavaScript,A2_W0::2003->2004,0.0,0.0,0.0567074601378652,0.0,-0.9999999999823656,1,0,26,CO_DOCUMENT_RELATIONAL_EXCESS_NOT_EXECUTION_OR_CAUSAL
T1003.001,LSASS Memory,T1584.008,Network Devices,A2_W0::2003->2004,0.0,0.0,0.0558034281646529,0.0,-0.99999999998208,1,0,27,CO_DOCUMENT_RELATIONAL_EXCESS_NOT_EXECUTION_OR_CAUSAL
T1047,Windows Management Instrumentation,T1570,Lateral Tool Transfer,A2_W0::2003->2004,0.0,0.0,0.0547350267417655,0.0,-0.9999999999817302,1,0,28,CO_DOCUMENT_RELATIONAL_EXCESS_NOT_EXECUTION_OR_CAUSAL
T1047,Windows Management Instrumentation,T1562.004,Disable or Modify System Firewall,A2_W0::2003->2004,0.0,0.0,0.0532557016946908,0.0,-0.9999999999812228,1,0,29,CO_DOCUMENT_RELATIONAL_EXCESS_NOT_EXECUTION_OR_CAUSAL
T1047,Windows Management Instrumentation,T1562,Impair Defenses,A2_W0::2003->2004,0.0,0.0,0.0517763766476161,0.0,-0.9999999999806862,1,0,30,CO_DOCUMENT_RELATIONAL_EXCESS_NOT_EXECUTION_OR_CAUSAL
T1047,Windows Management Instrumentation,T1543.003,Windows Service,A2_W0::2003->2004,0.0,0.0,0.0468452931573669,0.0,-0.9999999999786532,1,0,31,CO_DOCUMENT_RELATIONAL_EXCESS_NOT_EXECUTION_OR_CAUSAL
T1047,Windows Management Instrumentation,T1584.008,Network Devices,A2_W0::2003->2004,0.0,0.0,0.0407636235193931,0.0,-0.9999999999754684,1,0,32,CO_DOCUMENT_RELATIONAL_EXCESS_NOT_EXECUTION_OR_CAUSAL
T1221,Template Injection,T1590.005,IP Addresses,A2_W0::2003->2004,0.0465445797550884,0.0160578800155054,0.0,0.0304866997395829,0.9999999999671988,0,1,33,CO_DOCUMENT_RELATIONAL_EXCESS_NOT_EXECUTION_OR_CAUSAL
T1110.003,Password Spraying,T1221,Template Injection,A2_W0::2003->2004,0.0465445797550884,0.0188505548008107,0.0,0.0276940249542776,0.9999999999638912,0,1,34,CO_DOCUMENT_RELATIONAL_EXCESS_NOT_EXECUTION_OR_CAUSAL
T1113,Screen Capture,T1684,Social Engineering,A2_W0::2003->2004,0.0507759051873691,0.0232299766232213,0.0,0.0275459285641477,0.999999999963697,2,2,35,CO_DOCUMENT_RELATIONAL_EXCESS_NOT_EXECUTION_OR_CAUSAL
T1110,Brute Force,T1593.001,Social Media,A2_W0::2003->2004,0.0465445797550884,0.0190832776995862,0.0,0.0274613020555021,0.9999999999635852,0,1,36,CO_DOCUMENT_RELATIONAL_EXCESS_NOT_EXECUTION_OR_CAUSAL
T1110.003,Password Spraying,T1590.005,IP Addresses,A2_W0::2003->2004,0.0465445797550884,0.0228068440799932,0.0,0.0237377356750951,0.999999999957873,0,1,37,CO_DOCUMENT_RELATIONAL_EXCESS_NOT_EXECUTION_OR_CAUSAL
T1003.004,LSA Secrets,T1003.005,Cached Domain Credentials,A2_W0::2003->2004,0.0253879525936845,0.0052045302817053,0.0,0.0201834223119792,0.9999999999504544,0,1,38,CO_DOCUMENT_RELATIONAL_EXCESS_NOT_EXECUTION_OR_CAUSAL
T1219,Remote Access Tools,T1569,System Services,A2_W0::2003->2004,0.0253879525936845,0.0052045302817053,0.0,0.0201834223119792,0.9999999999504544,0,1,39,CO_DOCUMENT_RELATIONAL_EXCESS_NOT_EXECUTION_OR_CAUSAL
T1056.001,Keylogging,T1569,System Services,A2_W0::2003->2004,0.0253879525936845,0.005712289333579,0.0,0.0196756632601055,0.999999999949176,0,1,40,CO_DOCUMENT_RELATIONAL_EXCESS_NOT_EXECUTION_OR_CAUSAL
T1078.003,Local Accounts,T1219,Remote Access Tools,A2_W0::2003->2004,0.0253879525936845,0.005712289333579,0.0,0.0196756632601055,0.999999999949176,0,1,41,CO_DOCUMENT_RELATIONAL_EXCESS_NOT_EXECUTION_OR_CAUSAL
T1003.004,LSA Secrets,T1061,Graphical User Interface,A2_W0::2003->2004,0.0253879525936845,0.0058392290965474,0.0,0.0195487234971371,0.9999999999488458,0,1,42,CO_DOCUMENT_RELATIONAL_EXCESS_NOT_EXECUTION_OR_CAUSAL
T1059.005,Visual Basic,T1219,Remote Access Tools,A2_W0::2003->2004,0.0253879525936845,0.0058392290965474,0.0,0.0195487234971371,0.9999999999488458,1,1,43,CO_DOCUMENT_RELATIONAL_EXCESS_NOT_EXECUTION_OR_CAUSAL
T1056.001,Keylogging,T1219,Remote Access Tools,A2_W0::2003->2004,0.0253879525936845,0.0060931086224842,0.0,0.0192948439712002,0.9999999999481728,1,1,44,CO_DOCUMENT_RELATIONAL_EXCESS_NOT_EXECUTION_OR_CAUSAL
T1059.005,Visual Basic,T1078.003,Local Accounts,A2_W0::2003->2004,0.0253879525936845,0.0062200483854527,0.0,0.0191679042082318,0.9999999999478296,0,1,45,CO_DOCUMENT_RELATIONAL_EXCESS_NOT_EXECUTION_OR_CAUSAL
T1059.005,Visual Basic,T1569,System Services,A2_W0::2003->2004,0.0253879525936845,0.0062200483854527,0.0,0.0191679042082318,0.9999999999478296,0,1,46,CO_DOCUMENT_RELATIONAL_EXCESS_NOT_EXECUTION_OR_CAUSAL
T1056.001,Keylogging,T1078.003,Local Accounts,A2_W0::2003->2004,0.0253879525936845,0.0063469881484211,0.0,0.0190409644452634,0.9999999999474816,0,1,47,CO_DOCUMENT_RELATIONAL_EXCESS_NOT_EXECUTION_OR_CAUSAL
T1056.001,Keylogging,T1059.005,Visual Basic,A2_W0::2003->2004,0.0253879525936845,0.0064739279113895,0.0,0.018914024682295,0.9999999999471292,1,1,48,CO_DOCUMENT_RELATIONAL_EXCESS_NOT_EXECUTION_OR_CAUSAL
T1003.005,Cached Domain Credentials,T1061,Graphical User Interface,A2_W0::2003->2004,0.0253879525936845,0.0071086267262316,0.0,0.0182793258674529,0.9999999999452934,0,1,49,CO_DOCUMENT_RELATIONAL_EXCESS_NOT_EXECUTION_OR_CAUSAL
T1078.003,Local Accounts,T1569,System Services,A2_W0::2003->2004,0.0253879525936845,0.0072355664892001,0.0,0.0181523861044844,0.9999999999449108,0,1,50,CO_DOCUMENT_RELATIONAL_EXCESS_NOT_EXECUTION_OR_CAUSAL
T1003.005,Cached Domain Credentials,T1113,Screen Capture,A2_W0::2003->2004,0.0253879525936845,0.0105360003263791,0.0,0.0148519522673054,0.9999999999326687,0,1,51,CO_DOCUMENT_RELATIONAL_EXCESS_NOT_EXECUTION_OR_CAUSAL
T1061,Graphical User Interface,T1684,Social Engineering,A2_W0::2003->2004,0.0253879525936845,0.0107898798523159,0.0,0.0145980727413686,0.9999999999314978,0,1,52,CO_DOCUMENT_RELATIONAL_EXCESS_NOT_EXECUTION_OR_CAUSAL
T1003.005,Cached Domain Credentials,T1204.002,Malicious File,A2_W0::2003->2004,0.0253879525936845,0.0110437593782528,0.0,0.0143441932154317,0.9999999999302852,0,1,53,CO_DOCUMENT_RELATIONAL_EXCESS_NOT_EXECUTION_OR_CAUSAL
T1061,Graphical User Interface,T1113,Screen Capture,A2_W0::2003->2004,0.0253879525936845,0.011424578667158,0.0,0.0139633739265265,0.999999999928384,0,1,54,CO_DOCUMENT_RELATIONAL_EXCESS_NOT_EXECUTION_OR_CAUSAL
T1003.004,LSA Secrets,T1204.002,Malicious File,A2_W0::2003->2004,0.0253879525936845,0.0119323377190317,0.0,0.0134556148746528,0.9999999999256816,0,1,55,CO_DOCUMENT_RELATIONAL_EXCESS_NOT_EXECUTION_OR_CAUSAL
T1584.008,Network Devices,T1684,Social Engineering,A2_W0::2003->2004,0.0253879525936845,0.0120592774820001,0.0,0.0133286751116844,0.9999999999249738,1,1,56,CO_DOCUMENT_RELATIONAL_EXCESS_NOT_EXECUTION_OR_CAUSAL
T1003.004,LSA Secrets,T1113,Screen Capture,A2_W0::2003->2004,0.0253879525936845,0.012313157007937,0.0,0.0130747955857475,0.999999999923517,0,1,57,CO_DOCUMENT_RELATIONAL_EXCESS_NOT_EXECUTION_OR_CAUSAL
T1061,Graphical User Interface,T1204.002,Malicious File,A2_W0::2003->2004,0.0253879525936845,0.0124400967709054,0.0,0.0129478558227791,0.9999999999227672,0,1,58,CO_DOCUMENT_RELATIONAL_EXCESS_NOT_EXECUTION_OR_CAUSAL
T1061,Graphical User Interface,T1590.005,IP Addresses,A2_W0::2003->2004,0.0253879525936845,0.0125670365338738,0.0,0.0128209160598107,0.9999999999220024,0,1,59,CO_DOCUMENT_RELATIONAL_EXCESS_NOT_EXECUTION_OR_CAUSAL
T1003.004,LSA Secrets,T1590.005,IP Addresses,A2_W0::2003->2004,0.0253879525936845,0.0128209160598107,0.0,0.0125670365338738,0.9999999999204268,0,1,60,CO_DOCUMENT_RELATIONAL_EXCESS_NOT_EXECUTION_OR_CAUSAL
T1113,Screen Capture,T1584.008,Network Devices,A2_W0::2003->2004,0.0253879525936845,0.0129478558227791,0.0,0.0124400967709054,0.9999999999196147,1,1,61,CO_DOCUMENT_RELATIONAL_EXCESS_NOT_EXECUTION_OR_CAUSAL
T1559,Inter-Process Communication,T1590.005,IP Addresses,A2_W0::2003->2004,0.0253879525936845,0.0130747955857475,0.0,0.012313157007937,0.999999999918786,0,1,62,CO_DOCUMENT_RELATIONAL_EXCESS_NOT_EXECUTION_OR_CAUSAL
T1003.004,LSA Secrets,T1684,Social Engineering,A2_W0::2003->2004,0.0253879525936845,0.0133286751116844,0.0,0.0120592774820001,0.9999999999170762,0,1,63,CO_DOCUMENT_RELATIONAL_EXCESS_NOT_EXECUTION_OR_CAUSAL
T1559,Inter-Process Communication,T1589.002,Email Addresses,A2_W0::2003->2004,0.0253879525936845,0.0133286751116844,0.0,0.0120592774820001,0.9999999999170762,0,1,64,CO_DOCUMENT_RELATIONAL_EXCESS_NOT_EXECUTION_OR_CAUSAL
T1003.005,Cached Domain Credentials,T1684,Social Engineering,A2_W0::2003->2004,0.0253879525936845,0.0140903136894949,0.0,0.0112976389041896,0.999999999911486,0,1,65,CO_DOCUMENT_RELATIONAL_EXCESS_NOT_EXECUTION_OR_CAUSAL
T1003.005,Cached Domain Credentials,T1590.005,IP Addresses,A2_W0::2003->2004,0.0253879525936845,0.0142172534524633,0.0,0.0111706991412212,0.99999999991048,0,1,66,CO_DOCUMENT_RELATIONAL_EXCESS_NOT_EXECUTION_OR_CAUSAL
T1055,Process Injection,T1584.008,Network Devices,A2_W0::2003->2004,0.0,0.0,0.0087937655576109,0.0,-0.9999999998862832,1,0,67,CO_DOCUMENT_RELATIONAL_EXCESS_NOT_EXECUTION_OR_CAUSAL
T1003.001,LSASS Memory,T1136,Create Account,A2_W0::2003->2004,0.0,0.0,0.0083828419334235,0.0,-0.9999999998807086,1,0,68,CO_DOCUMENT_RELATIONAL_EXCESS_NOT_EXECUTION_OR_CAUSAL
T1003.001,LSASS Memory,T1547.001,Registry Run Keys / Startup Folder,A2_W0::2003->2004,0.0,0.0,0.0083828419334235,0.0,-0.9999999998807086,1,0,69,CO_DOCUMENT_RELATIONAL_EXCESS_NOT_EXECUTION_OR_CAUSAL
T1547.001,Registry Run Keys / Startup Folder,T1684,Social Engineering,A2_W0::2003->2004,0.0,0.0,0.008300657208586,0.0,-0.9999999998795276,1,0,70,CO_DOCUMENT_RELATIONAL_EXCESS_NOT_EXECUTION_OR_CAUSAL
T1047,Windows Management Instrumentation,T1136.001,Local Account,A2_W0::2003->2004,0.0,0.0,0.0082184724837485,0.0,-0.9999999998783228,1,0,71,CO_DOCUMENT_RELATIONAL_EXCESS_NOT_EXECUTION_OR_CAUSAL
T1047,Windows Management Instrumentation,T1547.001,Registry Run Keys / Startup Folder,A2_W0::2003->2004,0.0,0.0,0.0082184724837485,0.0,-0.9999999998783228,1,0,72,CO_DOCUMENT_RELATIONAL_EXCESS_NOT_EXECUTION_OR_CAUSAL
T1047,Windows Management Instrumentation,T1078.003,Local Accounts,A2_W0::2003->2004,0.0,0.0,0.0081362877589111,0.0,-0.9999999998770938,1,0,73,CO_DOCUMENT_RELATIONAL_EXCESS_NOT_EXECUTION_OR_CAUSAL
T1078.003,Local Accounts,T1136.001,Local Account,A2_W0::2003->2004,0.0,0.0,0.0081362877589111,0.0,-0.9999999998770938,1,0,74,CO_DOCUMENT_RELATIONAL_EXCESS_NOT_EXECUTION_OR_CAUSAL
T1078.003,Local Accounts,T1547.001,Registry Run Keys / Startup Folder,A2_W0::2003->2004,0.0,0.0,0.0081362877589111,0.0,-0.9999999998770938,1,0,75,CO_DOCUMENT_RELATIONAL_EXCESS_NOT_EXECUTION_OR_CAUSAL
T1113,Screen Capture,T1218.002,Control Panel,A2_W0::2003->2004,0.0,0.0,0.0081362877589111,0.0,-0.9999999998770938,1,0,76,CO_DOCUMENT_RELATIONAL_EXCESS_NOT_EXECUTION_OR_CAUSAL
T1560,Archive Collected Data,T1684,Social Engineering,A2_W0::2003->2004,0.0,0.0,0.0081362877589111,0.0,-0.9999999998770938,1,0,77,CO_DOCUMENT_RELATIONAL_EXCESS_NOT_EXECUTION_OR_CAUSAL
T1003.001,LSASS Memory,T1136.001,Local Account,A2_W0::2003->2004,0.0,0.0,0.0080541030340736,0.0,-0.9999999998758397,1,0,78,CO_DOCUMENT_RELATIONAL_EXCESS_NOT_EXECUTION_OR_CAUSAL
T1047,Windows Management Instrumentation,T1136,Create Account,A2_W0::2003->2004,0.0,0.0,0.0080541030340736,0.0,-0.9999999998758397,1,0,79,CO_DOCUMENT_RELATIONAL_EXCESS_NOT_EXECUTION_OR_CAUSAL
T1003.001,LSASS Memory,T1560.001,Archive via Utility,A2_W0::2003->2004,0.0,0.0,0.0079719183092361,0.0,-0.9999999998745596,1,0,80,CO_DOCUMENT_RELATIONAL_EXCESS_NOT_EXECUTION_OR_CAUSAL
T1003,OS Credential Dumping,T1547.001,Registry Run Keys / Startup Folder,A2_W0::2003->2004,0.0,0.0,0.0078897335843986,0.0,-0.9999999998732528,1,0,81,CO_DOCUMENT_RELATIONAL_EXCESS_NOT_EXECUTION_OR_CAUSAL
T1078.003,Local Accounts,T1136,Create Account,A2_W0::2003->2004,0.0,0.0,0.0078075488595611,0.0,-0.9999999998719188,1,0,82,CO_DOCUMENT_RELATIONAL_EXCESS_NOT_EXECUTION_OR_CAUSAL
T1078.003,Local Accounts,T1684,Social Engineering,A2_W0::2003->2004,0.0146982883437121,0.0239314858396258,0.0078075488595611,0.0,-0.9999999998719188,1,1,83,CO_DOCUMENT_RELATIONAL_EXCESS_NOT_EXECUTION_OR_CAUSAL
T1547.001,Registry Run Keys / Startup Folder,T1560,Archive Collected Data,A2_W0::2003->2004,0.0,0.0,0.0078075488595611,0.0,-0.9999999998719188,1,0,84,CO_DOCUMENT_RELATIONAL_EXCESS_NOT_EXECUTION_OR_CAUSAL
T1003,OS Credential Dumping,T1078.003,Local Accounts,A2_W0::2003->2004,0.0,0.0,0.0077253641347236,0.0,-0.9999999998705562,1,0,85,CO_DOCUMENT_RELATIONAL_EXCESS_NOT_EXECUTION_OR_CAUSAL
T1136,Create Account,T1684,Social Engineering,A2_W0::2003->2004,0.0,0.0,0.0077253641347236,0.0,-0.9999999998705562,1,0,86,CO_DOCUMENT_RELATIONAL_EXCESS_NOT_EXECUTION_OR_CAUSAL
T1003,OS Credential Dumping,T1136,Create Account,A2_W0::2003->2004,0.0,0.0,0.0076431794098861,0.0,-0.9999999998691644,1,0,87,CO_DOCUMENT_RELATIONAL_EXCESS_NOT_EXECUTION_OR_CAUSAL
T1078.003,Local Accounts,T1560.001,Archive via Utility,A2_W0::2003->2004,0.0,0.0,0.0076431794098861,0.0,-0.9999999998691644,1,0,88,CO_DOCUMENT_RELATIONAL_EXCESS_NOT_EXECUTION_OR_CAUSAL
T1136.001,Local Account,T1547.001,Registry Run Keys / Startup Folder,A2_W0::2003->2004,0.0,0.0,0.0076431794098861,0.0,-0.9999999998691644,1,0,89,CO_DOCUMENT_RELATIONAL_EXCESS_NOT_EXECUTION_OR_CAUSAL
T1136.001,Local Account,T1560,Archive Collected Data,A2_W0::2003->2004,0.0,0.0,0.0076431794098861,0.0,-0.9999999998691644,1,0,90,CO_DOCUMENT_RELATIONAL_EXCESS_NOT_EXECUTION_OR_CAUSAL
T1136,Create Account,T1136.001,Local Account,A2_W0::2003->2004,0.0,0.0,0.0075609946850486,0.0,-0.9999999998677422,1,0,91,CO_DOCUMENT_RELATIONAL_EXCESS_NOT_EXECUTION_OR_CAUSAL
T1136,Create Account,T1547.001,Registry Run Keys / Startup Folder,A2_W0::2003->2004,0.0,0.0,0.0075609946850486,0.0,-0.9999999998677422,1,0,92,CO_DOCUMENT_RELATIONAL_EXCESS_NOT_EXECUTION_OR_CAUSAL
T1136.001,Local Account,T1684,Social Engineering,A2_W0::2003->2004,0.0,0.0,0.0075609946850486,0.0,-0.9999999998677422,1,0,93,CO_DOCUMENT_RELATIONAL_EXCESS_NOT_EXECUTION_OR_CAUSAL
T1003.001,LSASS Memory,T1560,Archive Collected Data,A2_W0::2003->2004,0.0,0.0,0.0074788099602112,0.0,-0.9999999998662888,1,0,94,CO_DOCUMENT_RELATIONAL_EXCESS_NOT_EXECUTION_OR_CAUSAL
T1003,OS Credential Dumping,T1136.001,Local Account,A2_W0::2003->2004,0.0,0.0,0.0073966252353737,0.0,-0.9999999998648031,1,0,95,CO_DOCUMENT_RELATIONAL_EXCESS_NOT_EXECUTION_OR_CAUSAL
T1003,OS Credential Dumping,T1560.001,Archive via Utility,A2_W0::2003->2004,0.0,0.0,0.0073966252353737,0.0,-0.9999999998648031,1,0,96,CO_DOCUMENT_RELATIONAL_EXCESS_NOT_EXECUTION_OR_CAUSAL
T1047,Windows Management Instrumentation,T1560,Archive Collected Data,A2_W0::2003->2004,0.0,0.0,0.0073966252353737,0.0,-0.9999999998648031,1,0,97,CO_DOCUMENT_RELATIONAL_EXCESS_NOT_EXECUTION_OR_CAUSAL
T1078.003,Local Accounts,T1560,Archive Collected Data,A2_W0::2003->2004,0.0,0.0,0.0073966252353737,0.0,-0.9999999998648031,1,0,98,CO_DOCUMENT_RELATIONAL_EXCESS_NOT_EXECUTION_OR_CAUSAL
T1136,Create Account,T1560.001,Archive via Utility,A2_W0::2003->2004,0.0,0.0,0.0073966252353737,0.0,-0.9999999998648031,1,0,99,CO_DOCUMENT_RELATIONAL_EXCESS_NOT_EXECUTION_OR_CAUSAL
T1560.001,Archive via Utility,T1684,Social Engineering,A2_W0::2003->2004,0.0,0.0,0.0073144405105362,0.0,-0.999999999863284,1,0,100,CO_DOCUMENT_RELATIONAL_EXCESS_NOT_EXECUTION_OR_CAUSAL
T1204.002,Malicious File,T1559,Inter-Process Communication,A2_W0::2004->2005,0.0454167980945866,0.0097646115903361,0.0,0.0356521865042505,0.9999999999719512,0,1,1,CO_DOCUMENT_RELATIONAL_EXCESS_NOT_EXECUTION_OR_CAUSAL
T1204.002,Malicious File,T1556.006,Multi-Factor Authentication,A2_W0::2004->2005,0.0454167980945866,0.0118083675045925,0.0,0.0336084305899941,0.9999999999702456,0,1,2,CO_DOCUMENT_RELATIONAL_EXCESS_NOT_EXECUTION_OR_CAUSAL
T1221,Template Injection,T1590.005,IP Addresses,A2_W0::2004->2005,0.0,0.0,0.0304866997395829,0.0,-0.9999999999671988,1,0,3,CO_DOCUMENT_RELATIONAL_EXCESS_NOT_EXECUTION_OR_CAUSAL
T1110.003,Password Spraying,T1221,Template Injection,A2_W0::2004->2005,0.0,0.0,0.0276940249542776,0.0,-0.9999999999638912,1,0,4,CO_DOCUMENT_RELATIONAL_EXCESS_NOT_EXECUTION_OR_CAUSAL
T1110,Brute Force,T1593.001,Social Media,A2_W0::2004->2005,0.0086508186846831,0.0086508186846831,0.0274613020555021,0.0,-0.9999999999635852,1,1,5,CO_DOCUMENT_RELATIONAL_EXCESS_NOT_EXECUTION_OR_CAUSAL
T1059.007,JavaScript,T1684,Social Engineering,A2_W0::2004->2005,0.04664427912417,0.0212924651401593,0.0,0.0253518139840106,0.9999999999605552,0,2,6,CO_DOCUMENT_RELATIONAL_EXCESS_NOT_EXECUTION_OR_CAUSAL
T1110.003,Password Spraying,T1590.005,IP Addresses,A2_W0::2004->2005,0.0,0.0,0.0237377356750951,0.0,-0.999999999957873,1,0,7,CO_DOCUMENT_RELATIONAL_EXCESS_NOT_EXECUTION_OR_CAUSAL
T1003.004,LSA Secrets,T1003.005,Cached Domain Credentials,A2_W0::2004->2005,0.0,0.0,0.0201834223119792,0.0,-0.9999999999504544,1,0,8,CO_DOCUMENT_RELATIONAL_EXCESS_NOT_EXECUTION_OR_CAUSAL
T1003.004,LSA Secrets,T1061,Graphical User Interface,A2_W0::2004->2005,0.0,0.0,0.0195487234971371,0.0,-0.9999999999488458,1,0,9,CO_DOCUMENT_RELATIONAL_EXCESS_NOT_EXECUTION_OR_CAUSAL
T1003.005,Cached Domain Credentials,T1061,Graphical User Interface,A2_W0::2004->2005,0.0,0.0,0.0182793258674529,0.0,-0.9999999999452934,1,0,10,CO_DOCUMENT_RELATIONAL_EXCESS_NOT_EXECUTION_OR_CAUSAL
T1003.005,Cached Domain Credentials,T1113,Screen Capture,A2_W0::2004->2005,0.0,0.0,0.0148519522673054,0.0,-0.9999999999326687,1,0,11,CO_DOCUMENT_RELATIONAL_EXCESS_NOT_EXECUTION_OR_CAUSAL
T1061,Graphical User Interface,T1684,Social Engineering,A2_W0::2004->2005,0.0,0.0,0.0145980727413686,0.0,-0.9999999999314978,1,0,12,CO_DOCUMENT_RELATIONAL_EXCESS_NOT_EXECUTION_OR_CAUSAL
T1003.005,Cached Domain Credentials,T1204.002,Malicious File,A2_W0::2004->2005,0.0,0.0,0.0143441932154317,0.0,-0.9999999999302852,1,0,13,CO_DOCUMENT_RELATIONAL_EXCESS_NOT_EXECUTION_OR_CAUSAL
T1061,Graphical User Interface,T1113,Screen Capture,A2_W0::2004->2005,0.0,0.0,0.0139633739265265,0.0,-0.999999999928384,1,0,14,CO_DOCUMENT_RELATIONAL_EXCESS_NOT_EXECUTION_OR_CAUSAL
T1003.004,LSA Secrets,T1204.002,Malicious File,A2_W0::2004->2005,0.0,0.0,0.0134556148746528,0.0,-0.9999999999256816,1,0,15,CO_DOCUMENT_RELATIONAL_EXCESS_NOT_EXECUTION_OR_CAUSAL
T1003.004,LSA Secrets,T1113,Screen Capture,A2_W0::2004->2005,0.0,0.0,0.0130747955857475,0.0,-0.999999999923517,1,0,16,CO_DOCUMENT_RELATIONAL_EXCESS_NOT_EXECUTION_OR_CAUSAL
T1061,Graphical User Interface,T1204.002,Malicious File,A2_W0::2004->2005,0.0,0.0,0.0129478558227791,0.0,-0.9999999999227672,1,0,17,CO_DOCUMENT_RELATIONAL_EXCESS_NOT_EXECUTION_OR_CAUSAL
T1061,Graphical User Interface,T1590.005,IP Addresses,A2_W0::2004->2005,0.0,0.0,0.0128209160598107,0.0,-0.9999999999220024,1,0,18,CO_DOCUMENT_RELATIONAL_EXCESS_NOT_EXECUTION_OR_CAUSAL
T1003.004,LSA Secrets,T1590.005,IP Addresses,A2_W0::2004->2005,0.0,0.0,0.0125670365338738,0.0,-0.9999999999204268,1,0,19,CO_DOCUMENT_RELATIONAL_EXCESS_NOT_EXECUTION_OR_CAUSAL
T1559,Inter-Process Communication,T1590.005,IP Addresses,A2_W0::2004->2005,0.0,0.0109000315427007,0.012313157007937,0.0,-0.999999999918786,1,0,20,CO_DOCUMENT_RELATIONAL_EXCESS_NOT_EXECUTION_OR_CAUSAL
T1003.004,LSA Secrets,T1684,Social Engineering,A2_W0::2004->2005,0.0,0.0,0.0120592774820001,0.0,-0.9999999999170762,1,0,21,CO_DOCUMENT_RELATIONAL_EXCESS_NOT_EXECUTION_OR_CAUSAL
T1559,Inter-Process Communication,T1589.002,Email Addresses,A2_W0::2004->2005,0.0,0.0,0.0120592774820001,0.0,-0.9999999999170762,1,0,22,CO_DOCUMENT_RELATIONAL_EXCESS_NOT_EXECUTION_OR_CAUSAL
T1204.002,Malicious File,T1589.002,Email Addresses,A2_W0::2004->2005,0.0165151993071224,0.0050371357886723,0.0,0.01147806351845,0.9999999999128772,1,1,23,CO_DOCUMENT_RELATIONAL_EXCESS_NOT_EXECUTION_OR_CAUSAL
T1003.005,Cached Domain Credentials,T1684,Social Engineering,A2_W0::2004->2005,0.0,0.0,0.0112976389041896,0.0,-0.999999999911486,1,0,24,CO_DOCUMENT_RELATIONAL_EXCESS_NOT_EXECUTION_OR_CAUSAL
T1003.005,Cached Domain Credentials,T1590.005,IP Addresses,A2_W0::2004->2005,0.0,0.0,0.0111706991412212,0.0,-0.99999999991048,1,0,25,CO_DOCUMENT_RELATIONAL_EXCESS_NOT_EXECUTION_OR_CAUSAL
T1589.002,Email Addresses,T1684,Social Engineering,A2_W0::2004->2005,0.0397831852943728,0.0327927339686021,0.0,0.0069904513257706,0.9999999998569477,1,4,26,CO_DOCUMENT_RELATIONAL_EXCESS_NOT_EXECUTION_OR_CAUSAL
T1189,Drive-by Compromise,T1219,Remote Access Tools,A2_W0::2004->2005,0.0200050182083298,0.0154552282563542,0.0,0.0045497899519755,0.9999999997802096,0,2,27,CO_DOCUMENT_RELATIONAL_EXCESS_NOT_EXECUTION_OR_CAUSAL
T1115,Clipboard Data,T1189,Drive-by Compromise,A2_W0::2004->2005,0.0200050182083298,0.0156606852001154,0.0,0.0043443330082143,0.999999999769815,0,2,28,CO_DOCUMENT_RELATIONAL_EXCESS_NOT_EXECUTION_OR_CAUSAL
T1021.007,Cloud Services,T1189,Drive-by Compromise,A2_W0::2004->2005,0.0200050182083298,0.0159283199031728,0.0,0.0040766983051569,0.9999999997547032,0,2,29,CO_DOCUMENT_RELATIONAL_EXCESS_NOT_EXECUTION_OR_CAUSAL
T1021.007,Cloud Services,T1219,Remote Access Tools,A2_W0::2004->2005,0.0200050182083298,0.0161094464193834,0.0,0.0038955717889463,0.9999999997432982,0,2,30,CO_DOCUMENT_RELATIONAL_EXCESS_NOT_EXECUTION_OR_CAUSAL
T1022,Data Encrypted,T1189,Drive-by Compromise,A2_W0::2004->2005,0.0200050182083298,0.0161878444637133,0.0,0.0038171737446164,0.999999999738026,0,2,31,CO_DOCUMENT_RELATIONAL_EXCESS_NOT_EXECUTION_OR_CAUSAL
T1115,Clipboard Data,T1219,Remote Access Tools,A2_W0::2004->2005,0.0200050182083298,0.0161878444637133,0.0,0.0038171737446164,0.999999999738026,0,2,32,CO_DOCUMENT_RELATIONAL_EXCESS_NOT_EXECUTION_OR_CAUSAL
T1021.007,Cloud Services,T1115,Clipboard Data,A2_W0::2004->2005,0.0200050182083298,0.0164014115499914,0.0,0.0036036066583383,0.9999999997225002,0,2,33,CO_DOCUMENT_RELATIONAL_EXCESS_NOT_EXECUTION_OR_CAUSAL
T1022,Data Encrypted,T1219,Remote Access Tools,A2_W0::2004->2005,0.0200050182083298,0.0164554791667707,0.0,0.003549539041559,0.9999999997182732,0,2,34,CO_DOCUMENT_RELATIONAL_EXCESS_NOT_EXECUTION_OR_CAUSAL
T1056.001,Keylogging,T1593.002,Search Engines,A2_W0::2004->2005,0.0086508186846831,0.0051472371173864,0.0,0.0035035815672966,0.9999999997145778,0,1,35,CO_DOCUMENT_RELATIONAL_EXCESS_NOT_EXECUTION_OR_CAUSAL
T1021.007,Cloud Services,T1022,Data Encrypted,A2_W0::2004->2005,0.0200050182083298,0.0166690462530488,0.0,0.0033359719552809,0.9999999997002372,0,2,36,CO_DOCUMENT_RELATIONAL_EXCESS_NOT_EXECUTION_OR_CAUSAL
T1056.001,Keylogging,T1189,Drive-by Compromise,A2_W0::2004->2005,0.0086508186846831,0.0053202534910801,0.0,0.003330565193603,0.9999999996997506,0,1,37,CO_DOCUMENT_RELATIONAL_EXCESS_NOT_EXECUTION_OR_CAUSAL
T1593.001,Social Media,T1593.002,Search Engines,A2_W0::2004->2005,0.0086508186846831,0.0053202534910801,0.0,0.003330565193603,0.9999999996997506,0,1,38,CO_DOCUMENT_RELATIONAL_EXCESS_NOT_EXECUTION_OR_CAUSAL
T1022,Data Encrypted,T1115,Clipboard Data,A2_W0::2004->2005,0.0200050182083298,0.0167474442973788,0.0,0.003257573910951,0.9999999996930232,0,2,39,CO_DOCUMENT_RELATIONAL_EXCESS_NOT_EXECUTION_OR_CAUSAL
T1021.007,Cloud Services,T1491,Defacement,A2_W0::2004->2005,0.0086508186846831,0.0054067616779269,0.0,0.0032440570067561,0.999999999691744,0,1,40,CO_DOCUMENT_RELATIONAL_EXCESS_NOT_EXECUTION_OR_CAUSAL
T1021.007,Cloud Services,T1588.007,Artificial Intelligence,A2_W0::2004->2005,0.0086508186846831,0.0054500157713504,0.0,0.0032008029133327,0.9999999996875784,0,1,41,CO_DOCUMENT_RELATIONAL_EXCESS_NOT_EXECUTION_OR_CAUSAL
T1219,Remote Access Tools,T1593.002,Search Engines,A2_W0::2004->2005,0.0086508186846831,0.0054932698647738,0.0,0.0031575488199093,0.9999999996832988,0,1,42,CO_DOCUMENT_RELATIONAL_EXCESS_NOT_EXECUTION_OR_CAUSAL
T1491,Defacement,T1593.002,Search Engines,A2_W0::2004->2005,0.0086508186846831,0.0054932698647738,0.0,0.0031575488199093,0.9999999996832988,0,1,43,CO_DOCUMENT_RELATIONAL_EXCESS_NOT_EXECUTION_OR_CAUSAL
T1589.002,Email Addresses,T1593.002,Search Engines,A2_W0::2004->2005,0.0086508186846831,0.0054932698647738,0.0,0.0031575488199093,0.9999999996832988,0,1,44,CO_DOCUMENT_RELATIONAL_EXCESS_NOT_EXECUTION_OR_CAUSAL
T1219,Remote Access Tools,T1491,Defacement,A2_W0::2004->2005,0.0098782997142665,0.0067640049877806,0.0,0.0031142947264859,0.9999999996789,0,2,45,CO_DOCUMENT_RELATIONAL_EXCESS_NOT_EXECUTION_OR_CAUSAL
T1021.007,Cloud Services,T1593.001,Social Media,A2_W0::2004->2005,0.0086508186846831,0.0055797780516206,0.0,0.0030710406330625,0.9999999996743776,0,1,46,CO_DOCUMENT_RELATIONAL_EXCESS_NOT_EXECUTION_OR_CAUSAL
T1021.007,Cloud Services,T1669,Wi-Fi Networks,A2_W0::2004->2005,0.0086508186846831,0.0055797780516206,0.0,0.0030710406330625,0.9999999996743776,0,1,47,CO_DOCUMENT_RELATIONAL_EXCESS_NOT_EXECUTION_OR_CAUSAL
T1189,Drive-by Compromise,T1491,Defacement,A2_W0::2004->2005,0.0086508186846831,0.0055797780516206,0.0,0.0030710406330625,0.9999999996743776,0,1,48,CO_DOCUMENT_RELATIONAL_EXCESS_NOT_EXECUTION_OR_CAUSAL
T1588.007,Artificial Intelligence,T1593.001,Social Media,A2_W0::2004->2005,0.0086508186846831,0.0055797780516206,1.0408340855860844e-17,0.0030710406330625,0.9999999996743708,1,1,49,CO_DOCUMENT_RELATIONAL_EXCESS_NOT_EXECUTION_OR_CAUSAL
T1022,Data Encrypted,T1593.002,Search Engines,A2_W0::2004->2005,0.0086508186846831,0.005623032145044,0.0,0.003027786539639,0.9999999996697256,0,1,50,CO_DOCUMENT_RELATIONAL_EXCESS_NOT_EXECUTION_OR_CAUSAL
T1588.007,Artificial Intelligence,T1593.002,Search Engines,A2_W0::2004->2005,0.0086508186846831,0.005623032145044,0.0,0.003027786539639,0.9999999996697256,0,1,51,CO_DOCUMENT_RELATIONAL_EXCESS_NOT_EXECUTION_OR_CAUSAL
T1485,Data Destruction,T1684,Social Engineering,A2_W0::2004->2005,0.0,0.0,0.0030131491104609,0.0,-0.9999999996681213,1,0,52,CO_DOCUMENT_RELATIONAL_EXCESS_NOT_EXECUTION_OR_CAUSAL
T1059.007,JavaScript,T1593.002,Search Engines,A2_W0::2004->2005,0.0086508186846831,0.0056662862384674,0.0,0.0029845324462156,0.9999999996649392,0,1,53,CO_DOCUMENT_RELATIONAL_EXCESS_NOT_EXECUTION_OR_CAUSAL
T1593.002,Search Engines,T1669,Wi-Fi Networks,A2_W0::2004->2005,0.0086508186846831,0.0056662862384674,0.0,0.0029845324462156,0.9999999996649392,0,1,54,CO_DOCUMENT_RELATIONAL_EXCESS_NOT_EXECUTION_OR_CAUSAL
T1021.007,Cloud Services,T1593.002,Search Engines,A2_W0::2004->2005,0.0086508186846831,0.0057095403318909,0.0,0.0029412783527922,0.9999999996600116,0,1,55,CO_DOCUMENT_RELATIONAL_EXCESS_NOT_EXECUTION_OR_CAUSAL
T1189,Drive-by Compromise,T1593.002,Search Engines,A2_W0::2004->2005,0.0086508186846831,0.0057095403318909,0.0,0.0029412783527922,0.9999999996600116,0,1,56,CO_DOCUMENT_RELATIONAL_EXCESS_NOT_EXECUTION_OR_CAUSAL
T1219,Remote Access Tools,T1669,Wi-Fi Networks,A2_W0::2004->2005,0.0086508186846831,0.0057095403318909,0.0,0.0029412783527922,0.9999999996600116,0,1,57,CO_DOCUMENT_RELATIONAL_EXCESS_NOT_EXECUTION_OR_CAUSAL
T1491,Defacement,T1593.001,Social Media,A2_W0::2004->2005,0.0098782997142665,0.0069370213614743,0.0,0.0029412783527922,0.9999999996600116,0,2,58,CO_DOCUMENT_RELATIONAL_EXCESS_NOT_EXECUTION_OR_CAUSAL
T1021.007,Cloud Services,T1056.001,Keylogging,A2_W0::2004->2005,0.0086508186846831,0.0057527944253143,0.0,0.0028980242593688,0.9999999996549374,0,1,59,CO_DOCUMENT_RELATIONAL_EXCESS_NOT_EXECUTION_OR_CAUSAL
T1022,Data Encrypted,T1491,Defacement,A2_W0::2004->2005,0.0086508186846831,0.0057527944253143,0.0,0.0028980242593688,0.9999999996549374,0,1,60,CO_DOCUMENT_RELATIONAL_EXCESS_NOT_EXECUTION_OR_CAUSAL
T1056.001,Keylogging,T1588.007,Artificial Intelligence,A2_W0::2004->2005,0.0086508186846831,0.0057527944253143,0.0,0.0028980242593688,0.9999999996549374,0,1,61,CO_DOCUMENT_RELATIONAL_EXCESS_NOT_EXECUTION_OR_CAUSAL
T1189,Drive-by Compromise,T1593.001,Social Media,A2_W0::2004->2005,0.0086508186846831,0.0057527944253143,0.0,0.0028980242593688,0.9999999996549374,0,1,62,CO_DOCUMENT_RELATIONAL_EXCESS_NOT_EXECUTION_OR_CAUSAL
T1219,Remote Access Tools,T1588.007,Artificial Intelligence,A2_W0::2004->2005,0.0086508186846831,0.0057527944253143,0.0,0.0028980242593688,0.9999999996549374,0,1,63,CO_DOCUMENT_RELATIONAL_EXCESS_NOT_EXECUTION_OR_CAUSAL
T1491,Defacement,T1588.007,Artificial Intelligence,A2_W0::2004->2005,0.0086508186846831,0.0057527944253143,0.0,0.0028980242593688,0.9999999996549374,0,1,64,CO_DOCUMENT_RELATIONAL_EXCESS_NOT_EXECUTION_OR_CAUSAL
T1053.005,Scheduled Task,T1684,Social Engineering,A2_W0::2004->2005,0.0055050664357074,0.0229905337021233,0.0028661662270238,0.0,-0.999999999651102,2,1,65,CO_DOCUMENT_RELATIONAL_EXCESS_NOT_EXECUTION_OR_CAUSAL
T1556.006,Multi-Factor Authentication,T1684,Social Engineering,A2_W0::2004->2005,0.0086508186846831,0.0106296934588044,0.0028661662270238,0.0,-0.999999999651102,2,1,66,CO_DOCUMENT_RELATIONAL_EXCESS_NOT_EXECUTION_OR_CAUSAL
T1056.001,Keylogging,T1491,Defacement,A2_W0::2004->2005,0.0098782997142665,0.0070235295483211,0.0,0.0028547701659454,0.9999999996497092,0,2,67,CO_DOCUMENT_RELATIONAL_EXCESS_NOT_EXECUTION_OR_CAUSAL
T1056.001,Keylogging,T1669,Wi-Fi Networks,A2_W0::2004->2005,0.0086508186846831,0.0057960485187377,0.0,0.0028547701659454,0.9999999996497092,0,1,68,CO_DOCUMENT_RELATIONAL_EXCESS_NOT_EXECUTION_OR_CAUSAL
T1021.007,Cloud Services,T1059.007,JavaScript,A2_W0::2004->2005,0.0086508186846831,0.0058393026121611,0.0,0.002811516072522,0.99999999964432,0,1,69,CO_DOCUMENT_RELATIONAL_EXCESS_NOT_EXECUTION_OR_CAUSAL
T1022,Data Encrypted,T1056.001,Keylogging,A2_W0::2004->2005,0.0086508186846831,0.0058393026121611,0.0,0.002811516072522,0.99999999964432,0,1,70,CO_DOCUMENT_RELATIONAL_EXCESS_NOT_EXECUTION_OR_CAUSAL
T1022,Data Encrypted,T1593.001,Social Media,A2_W0::2004->2005,0.0086508186846831,0.0058393026121611,0.0,0.002811516072522,0.99999999964432,0,1,71,CO_DOCUMENT_RELATIONAL_EXCESS_NOT_EXECUTION_OR_CAUSAL
T1115,Clipboard Data,T1593.002,Search Engines,A2_W0::2004->2005,0.0086508186846831,0.0058393026121611,0.0,0.002811516072522,0.99999999964432,0,1,72,CO_DOCUMENT_RELATIONAL_EXCESS_NOT_EXECUTION_OR_CAUSAL
T1189,Drive-by Compromise,T1669,Wi-Fi Networks,A2_W0::2004->2005,0.0086508186846831,0.0058393026121611,0.0,0.002811516072522,0.99999999964432,0,1,73,CO_DOCUMENT_RELATIONAL_EXCESS_NOT_EXECUTION_OR_CAUSAL
T1003.001,LSASS Memory,T1684,Social Engineering,A2_W0::2004->2005,0.0,0.0,0.0027926747853053,0.0,-0.9999999996419204,1,0,74,CO_DOCUMENT_RELATIONAL_EXCESS_NOT_EXECUTION_OR_CAUSAL
T1110.002,Password Cracking,T1684,Social Engineering,A2_W0::2004->2005,0.0,0.0053674397748147,0.0027926747853053,0.0,-0.9999999996419204,1,0,75,CO_DOCUMENT_RELATIONAL_EXCESS_NOT_EXECUTION_OR_CAUSAL
T1137.006,Add-ins,T1684,Social Engineering,A2_W0::2004->2005,0.0,0.0,0.0027926747853053,0.0,-0.9999999996419204,1,0,76,CO_DOCUMENT_RELATIONAL_EXCESS_NOT_EXECUTION_OR_CAUSAL
T1518,Software Discovery,T1684,Social Engineering,A2_W0::2004->2005,0.0,0.0112974285260284,0.0027926747853053,0.0,-0.9999999996419204,1,0,77,CO_DOCUMENT_RELATIONAL_EXCESS_NOT_EXECUTION_OR_CAUSAL
T1115,Clipboard Data,T1593.001,Social Media,A2_W0::2004->2005,0.0086508186846831,0.0058825567055845,0.0,0.0027682619790986,0.9999999996387624,0,1,78,CO_DOCUMENT_RELATIONAL_EXCESS_NOT_EXECUTION_OR_CAUSAL
T1189,Drive-by Compromise,T1595.002,Vulnerability Scanning,A2_W0::2004->2005,0.0086508186846831,0.0058825567055845,0.0,0.0027682619790986,0.9999999996387624,0,1,79,CO_DOCUMENT_RELATIONAL_EXCESS_NOT_EXECUTION_OR_CAUSAL
T1491,Defacement,T1589.002,Email Addresses,A2_W0::2004->2005,0.0098782997142665,0.0071100377351679,0.0,0.0027682619790986,0.9999999996387624,0,2,80,CO_DOCUMENT_RELATIONAL_EXCESS_NOT_EXECUTION_OR_CAUSAL
T1593.002,Search Engines,T1595.002,Vulnerability Scanning,A2_W0::2004->2005,0.0086508186846831,0.0058825567055845,0.0,0.0027682619790986,0.9999999996387624,0,1,81,CO_DOCUMENT_RELATIONAL_EXCESS_NOT_EXECUTION_OR_CAUSAL
T1588.007,Artificial Intelligence,T1669,Wi-Fi Networks,A2_W0::2004->2005,0.0086508186846831,0.0059258107990079,0.0,0.0027250078856751,0.9999999996330284,0,1,82,CO_DOCUMENT_RELATIONAL_EXCESS_NOT_EXECUTION_OR_CAUSAL
T1087.003,Email Account,T1485,Data Destruction,A2_W0::2004->2005,0.0,0.0,0.0027191833435867,0.0,-0.9999999996322424,1,0,83,CO_DOCUMENT_RELATIONAL_EXCESS_NOT_EXECUTION_OR_CAUSAL
T1491,Defacement,T1669,Wi-Fi Networks,A2_W0::2004->2005,0.0086508186846831,0.0059690648924313,0.0,0.0026817537922517,0.9999999996271096,0,1,84,CO_DOCUMENT_RELATIONAL_EXCESS_NOT_EXECUTION_OR_CAUSAL
T1588.007,Artificial Intelligence,T1595.002,Vulnerability Scanning,A2_W0::2004->2005,0.0086508186846831,0.0059690648924313,0.0,0.0026817537922517,0.9999999996271096,0,1,85,CO_DOCUMENT_RELATIONAL_EXCESS_NOT_EXECUTION_OR_CAUSAL
T1115,Clipboard Data,T1588.007,Artificial Intelligence,A2_W0::2004->2005,0.0086508186846831,0.0060123189858548,0.0,0.0026384996988283,0.9999999996209968,0,1,86,CO_DOCUMENT_RELATIONAL_EXCESS_NOT_EXECUTION_OR_CAUSAL
T1021.007,Cloud Services,T1595.002,Vulnerability Scanning,A2_W0::2004->2005,0.0086508186846831,0.0060555730792782,0.0,0.0025952456054049,0.99999999961468,0,1,87,CO_DOCUMENT_RELATIONAL_EXCESS_NOT_EXECUTION_OR_CAUSAL
T1593.001,Social Media,T1669,Wi-Fi Networks,A2_W0::2004->2005,0.0086508186846831,0.0060555730792782,0.0,0.0025952456054049,0.99999999961468,0,1,88,CO_DOCUMENT_RELATIONAL_EXCESS_NOT_EXECUTION_OR_CAUSAL
T1053.005,Scheduled Task,T1087.003,Email Account,A2_W0::2004->2005,0.0,0.0,0.0025722004601496,0.0,-0.9999999996112278,1,0,89,CO_DOCUMENT_RELATIONAL_EXCESS_NOT_EXECUTION_OR_CAUSAL
T1087.003,Email Account,T1556.006,Multi-Factor Authentication,A2_W0::2004->2005,0.0,0.0,0.0025722004601496,0.0,-0.9999999996112278,1,0,90,CO_DOCUMENT_RELATIONAL_EXCESS_NOT_EXECUTION_OR_CAUSAL
T1056.001,Keylogging,T1595.002,Vulnerability Scanning,A2_W0::2004->2005,0.0086508186846831,0.0060988271727016,0.0,0.0025519915119815,0.9999999996081492,0,1,91,CO_DOCUMENT_RELATIONAL_EXCESS_NOT_EXECUTION_OR_CAUSAL
T1593.001,Social Media,T1595.002,Vulnerability Scanning,A2_W0::2004->2005,0.0086508186846831,0.0060988271727016,0.0,0.0025519915119815,0.9999999996081492,0,1,92,CO_DOCUMENT_RELATIONAL_EXCESS_NOT_EXECUTION_OR_CAUSAL
T1056.001,Keylogging,T1115,Clipboard Data,A2_W0::2004->2005,0.0086508186846831,0.006142081266125,0.0,0.0025087374185581,0.9999999996013932,0,1,93,CO_DOCUMENT_RELATIONAL_EXCESS_NOT_EXECUTION_OR_CAUSAL
T1059.007,JavaScript,T1491,Defacement,A2_W0::2004->2005,0.0098782997142665,0.0073695622957084,0.0,0.0025087374185581,0.9999999996013932,0,2,94,CO_DOCUMENT_RELATIONAL_EXCESS_NOT_EXECUTION_OR_CAUSAL
T1189,Drive-by Compromise,T1588.007,Artificial Intelligence,A2_W0::2004->2005,0.0086508186846831,0.006142081266125,0.0,0.0025087374185581,0.9999999996013932,0,1,95,CO_DOCUMENT_RELATIONAL_EXCESS_NOT_EXECUTION_OR_CAUSAL
T1589.002,Email Addresses,T1669,Wi-Fi Networks,A2_W0::2004->2005,0.0086508186846831,0.006142081266125,0.0,0.0025087374185581,0.9999999996013932,0,1,96,CO_DOCUMENT_RELATIONAL_EXCESS_NOT_EXECUTION_OR_CAUSAL
T1003.001,LSASS Memory,T1087.003,Email Account,A2_W0::2004->2005,0.0,0.0,0.002498709018431,0.0,-0.9999999995997934,1,0,97,CO_DOCUMENT_RELATIONAL_EXCESS_NOT_EXECUTION_OR_CAUSAL
T1053.005,Scheduled Task,T1485,Data Destruction,A2_W0::2004->2005,0.0,0.0,0.002498709018431,0.0,-0.9999999995997934,1,0,98,CO_DOCUMENT_RELATIONAL_EXCESS_NOT_EXECUTION_OR_CAUSAL
T1087.003,Email Account,T1110.002,Password Cracking,A2_W0::2004->2005,0.0,0.0048719837956011,0.002498709018431,0.0,-0.9999999995997934,1,0,99,CO_DOCUMENT_RELATIONAL_EXCESS_NOT_EXECUTION_OR_CAUSAL
T1087.003,Email Account,T1137.006,Add-ins,A2_W0::2004->2005,0.0,0.0,0.002498709018431,0.0,-0.9999999995997934,1,0,100,CO_DOCUMENT_RELATIONAL_EXCESS_NOT_EXECUTION_OR_CAUSAL
T1204.002,Malicious File,T1559,Inter-Process Communication,A2_W0::2005->2006,0.0352055667764406,0.0352055667764405,0.0356521865042505,5.551115123125783e-17,-0.999999999971948,1,1,1,CO_DOCUMENT_RELATIONAL_EXCESS_NOT_EXECUTION_OR_CAUSAL
T1053.005,Scheduled Task,T1590.005,IP Addresses,A2_W0::2005->2006,0.0275853142274275,0.0275853142274274,0.0345167665518858,6.245004513516506e-17,-0.999999999971025,2,3,2,CO_DOCUMENT_RELATIONAL_EXCESS_NOT_EXECUTION_OR_CAUSAL
T1204.002,Malicious File,T1556.006,Multi-Factor Authentication,A2_W0::2005->2006,0.0,0.0,0.0336084305899941,0.0,-0.9999999999702456,1,0,3,CO_DOCUMENT_RELATIONAL_EXCESS_NOT_EXECUTION_OR_CAUSAL
T1059.007,JavaScript,T1684,Social Engineering,A2_W0::2005->2006,0.0049830664136964,0.0134324024400422,0.0253518139840106,0.0,-0.9999999999605552,2,2,4,CO_DOCUMENT_RELATIONAL_EXCESS_NOT_EXECUTION_OR_CAUSAL
T1053.005,Scheduled Task,T1139,Bash History,A2_W0::2005->2006,0.0281644534211525,0.0080268692250284,0.0,0.020137584196124,0.9999999999503416,0,1,5,CO_DOCUMENT_RELATIONAL_EXCESS_NOT_EXECUTION_OR_CAUSAL
T1139,Bash History,T1218.002,Control Panel,A2_W0::2005->2006,0.0281644534211525,0.0080268692250284,0.0,0.020137584196124,0.9999999999503416,0,1,6,CO_DOCUMENT_RELATIONAL_EXCESS_NOT_EXECUTION_OR_CAUSAL
T1589.002,Email Addresses,T1593.001,Social Media,A2_W0::2005->2006,0.0,0.0,0.0138373777051817,0.0,-0.999999999927732,5,0,7,CO_DOCUMENT_RELATIONAL_EXCESS_NOT_EXECUTION_OR_CAUSAL
T1056.001,Keylogging,T1219,Remote Access Tools,A2_W0::2005->2006,0.0,0.0,0.0137587338989574,0.0,-0.9999999999273188,3,0,8,CO_DOCUMENT_RELATIONAL_EXCESS_NOT_EXECUTION_OR_CAUSAL
T1056.001,Keylogging,T1078.003,Local Accounts,A2_W0::2005->2006,0.0,0.0,0.0132121594456979,0.0,-0.999999999924312,1,0,9,CO_DOCUMENT_RELATIONAL_EXCESS_NOT_EXECUTION_OR_CAUSAL
T1078.003,Local Accounts,T1219,Remote Access Tools,A2_W0::2005->2006,0.0,0.0,0.0127992794630198,0.0,-0.9999999999218706,1,0,10,CO_DOCUMENT_RELATIONAL_EXCESS_NOT_EXECUTION_OR_CAUSAL
T1056.001,Keylogging,T1569,System Services,A2_W0::2005->2006,0.0,0.0,0.0123863994803418,0.0,-0.9999999999192662,1,0,11,CO_DOCUMENT_RELATIONAL_EXCESS_NOT_EXECUTION_OR_CAUSAL
T1113,Screen Capture,T1204.002,Malicious File,A2_W0::2005->2006,0.025604048564684,0.0256040485646841,0.0122212474872705,0.0,-0.9999999999181752,1,1,12,CO_DOCUMENT_RELATIONAL_EXCESS_NOT_EXECUTION_OR_CAUSAL
T1087.003,Email Account,T1584.008,Network Devices,A2_W0::2005->2006,0.0,0.0,0.0121386714907349,0.0,-0.9999999999176188,1,0,13,CO_DOCUMENT_RELATIONAL_EXCESS_NOT_EXECUTION_OR_CAUSAL
T1113,Screen Capture,T1593.001,Social Media,A2_W0::2005->2006,0.0,0.0,0.0120560954941993,0.0,-0.9999999999170543,1,0,14,CO_DOCUMENT_RELATIONAL_EXCESS_NOT_EXECUTION_OR_CAUSAL
T1204.002,Malicious File,T1584.008,Network Devices,A2_W0::2005->2006,0.0,0.0,0.0120560954941993,0.0,-0.9999999999170543,1,0,15,CO_DOCUMENT_RELATIONAL_EXCESS_NOT_EXECUTION_OR_CAUSAL
T1584.008,Network Devices,T1593.001,Social Media,A2_W0::2005->2006,0.0,0.0,0.0118083675045925,0.0,-0.9999999999153144,1,0,16,CO_DOCUMENT_RELATIONAL_EXCESS_NOT_EXECUTION_OR_CAUSAL
T1584.008,Network Devices,T1684,Social Engineering,A2_W0::2005->2006,0.0,0.0,0.0118083675045925,0.0,-0.9999999999153144,1,0,17,CO_DOCUMENT_RELATIONAL_EXCESS_NOT_EXECUTION_OR_CAUSAL
T1087.003,Email Account,T1593.001,Social Media,A2_W0::2005->2006,0.004694075570192,0.004694075570192,0.0118083675045925,3.469446951953614e-18,-0.9999999999153136,1,1,18,CO_DOCUMENT_RELATIONAL_EXCESS_NOT_EXECUTION_OR_CAUSAL
T1113,Screen Capture,T1584.008,Network Devices,A2_W0::2005->2006,0.0,0.0,0.0117257915080569,0.0,-0.999999999914718,1,0,19,CO_DOCUMENT_RELATIONAL_EXCESS_NOT_EXECUTION_OR_CAUSAL
T1113,Screen Capture,T1589.002,Email Addresses,A2_W0::2005->2006,0.0088013916941101,0.0088013916941101,0.0117257915080568,1.3877787807814457e-17,-0.9999999999147156,2,1,20,CO_DOCUMENT_RELATIONAL_EXCESS_NOT_EXECUTION_OR_CAUSAL
T1584.008,Network Devices,T1589.002,Email Addresses,A2_W0::2005->2006,0.0,0.0,0.0116432155115213,0.0,-0.999999999914113,1,0,21,CO_DOCUMENT_RELATIONAL_EXCESS_NOT_EXECUTION_OR_CAUSAL
T1059.005,Visual Basic,T1219,Remote Access Tools,A2_W0::2005->2006,0.0,0.0,0.0115606395149856,0.0,-0.9999999999134996,2,0,22,CO_DOCUMENT_RELATIONAL_EXCESS_NOT_EXECUTION_OR_CAUSAL
T1059.005,Visual Basic,T1569,System Services,A2_W0::2005->2006,0.0,0.0,0.01147806351845,0.0,-0.9999999999128772,1,0,23,CO_DOCUMENT_RELATIONAL_EXCESS_NOT_EXECUTION_OR_CAUSAL
T1204.002,Malicious File,T1589.002,Email Addresses,A2_W0::2005->2006,0.0,0.0,0.01147806351845,0.0,-0.9999999999128772,1,0,24,CO_DOCUMENT_RELATIONAL_EXCESS_NOT_EXECUTION_OR_CAUSAL
T1219,Remote Access Tools,T1569,System Services,A2_W0::2005->2006,0.0,0.0,0.01147806351845,0.0,-0.9999999999128772,1,0,25,CO_DOCUMENT_RELATIONAL_EXCESS_NOT_EXECUTION_OR_CAUSAL
T1078.003,Local Accounts,T1569,System Services,A2_W0::2005->2006,0.0,0.0,0.0112303355288432,0.0,-0.9999999999109556,1,0,26,CO_DOCUMENT_RELATIONAL_EXCESS_NOT_EXECUTION_OR_CAUSAL
T1087.003,Email Account,T1204.002,Malicious File,A2_W0::2005->2006,0.0,0.0,0.0112303355288432,0.0,-0.9999999999109556,1,0,27,CO_DOCUMENT_RELATIONAL_EXCESS_NOT_EXECUTION_OR_CAUSAL
T1087.003,Email Account,T1113,Screen Capture,A2_W0::2005->2006,0.0,0.0,0.0111477595323076,0.0,-0.999999999910296,1,0,28,CO_DOCUMENT_RELATIONAL_EXCESS_NOT_EXECUTION_OR_CAUSAL
T1087.003,Email Account,T1684,Social Engineering,A2_W0::2005->2006,0.0,0.0,0.0111477595323076,0.0,-0.999999999910296,1,0,29,CO_DOCUMENT_RELATIONAL_EXCESS_NOT_EXECUTION_OR_CAUSAL
T1113,Screen Capture,T1684,Social Engineering,A2_W0::2005->2006,0.0376059463293797,0.0376059463293796,0.0111477595323075,1.3183898417423734e-16,-0.9999999999102722,2,3,30,CO_DOCUMENT_RELATIONAL_EXCESS_NOT_EXECUTION_OR_CAUSAL
T1087.003,Email Account,T1589.002,Email Addresses,A2_W0::2005->2006,0.0,0.0,0.0109826075392364,0.0,-0.999999999908947,1,0,31,CO_DOCUMENT_RELATIONAL_EXCESS_NOT_EXECUTION_OR_CAUSAL
T1056.001,Keylogging,T1059.005,Visual Basic,A2_W0::2005->2006,0.0,0.0,0.0109000315427007,0.0,-0.999999999908257,2,0,32,CO_DOCUMENT_RELATIONAL_EXCESS_NOT_EXECUTION_OR_CAUSAL
T1204.002,Malicious File,T1593.001,Social Media,A2_W0::2005->2006,0.0017825603431109,0.0017825603431109,0.0109000315427007,6.505213034913028e-19,-0.999999999908257,1,1,33,CO_DOCUMENT_RELATIONAL_EXCESS_NOT_EXECUTION_OR_CAUSAL
T1059.005,Visual Basic,T1078.003,Local Accounts,A2_W0::2005->2006,0.0,0.0,0.0102394235704158,0.0,-0.9999999999023382,1,0,34,CO_DOCUMENT_RELATIONAL_EXCESS_NOT_EXECUTION_OR_CAUSAL
T1589.002,Email Addresses,T1684,Social Engineering,A2_W0::2005->2006,0.0088013916941101,0.0088013916941101,0.0069904513257706,1.3877787807814457e-17,-0.9999999998569437,4,1,35,CO_DOCUMENT_RELATIONAL_EXCESS_NOT_EXECUTION_OR_CAUSAL
T1593.001,Social Media,T1684,Social Engineering,A2_W0::2005->2006,0.0137728620713189,0.0137728620713189,0.0054539479616616,0.0,-0.9999999998166466,3,3,36,CO_DOCUMENT_RELATIONAL_EXCESS_NOT_EXECUTION_OR_CAUSAL
T1590.004,Network Topology,T1593.001,Social Media,A2_W0::2005->2006,0.0074116982687243,0.0026311528853971,0.0,0.0047805453833272,0.9999999997908188,0,1,37,CO_DOCUMENT_RELATIONAL_EXCESS_NOT_EXECUTION_OR_CAUSAL
T1586,Compromise Accounts,T1590.005,IP Addresses,A2_W0::2005->2006,0.0074116982687243,0.0026311528853971,4.163336342344337e-17,0.0047805453833272,0.9999999997908012,1,1,38,CO_DOCUMENT_RELATIONAL_EXCESS_NOT_EXECUTION_OR_CAUSAL
T1189,Drive-by Compromise,T1219,Remote Access Tools,A2_W0::2005->2006,0.0,0.0,0.0045497899519755,0.0,-0.9999999997802096,2,0,39,CO_DOCUMENT_RELATIONAL_EXCESS_NOT_EXECUTION_OR_CAUSAL
T1115,Clipboard Data,T1189,Drive-by Compromise,A2_W0::2005->2006,0.0,0.0,0.0043443330082143,0.0,-0.999999999769815,2,0,40,CO_DOCUMENT_RELATIONAL_EXCESS_NOT_EXECUTION_OR_CAUSAL
T1021.007,Cloud Services,T1189,Drive-by Compromise,A2_W0::2005->2006,0.0,0.0,0.0040766983051569,0.0,-0.9999999997547032,2,0,41,CO_DOCUMENT_RELATIONAL_EXCESS_NOT_EXECUTION_OR_CAUSAL
T1021.007,Cloud Services,T1219,Remote Access Tools,A2_W0::2005->2006,0.0,0.0,0.0038955717889463,0.0,-0.9999999997432982,2,0,42,CO_DOCUMENT_RELATIONAL_EXCESS_NOT_EXECUTION_OR_CAUSAL
T1022,Data Encrypted,T1189,Drive-by Compromise,A2_W0::2005->2006,0.0,0.0,0.0038171737446164,0.0,-0.999999999738026,2,0,43,CO_DOCUMENT_RELATIONAL_EXCESS_NOT_EXECUTION_OR_CAUSAL
T1115,Clipboard Data,T1219,Remote Access Tools,A2_W0::2005->2006,0.0,0.0,0.0038171737446164,0.0,-0.999999999738026,2,0,44,CO_DOCUMENT_RELATIONAL_EXCESS_NOT_EXECUTION_OR_CAUSAL
T1021.007,Cloud Services,T1115,Clipboard Data,A2_W0::2005->2006,0.0,0.0,0.0036036066583383,0.0,-0.9999999997225002,2,0,45,CO_DOCUMENT_RELATIONAL_EXCESS_NOT_EXECUTION_OR_CAUSAL
T1022,Data Encrypted,T1219,Remote Access Tools,A2_W0::2005->2006,0.0,0.0,0.003549539041559,0.0,-0.9999999997182732,2,0,46,CO_DOCUMENT_RELATIONAL_EXCESS_NOT_EXECUTION_OR_CAUSAL
T1056.001,Keylogging,T1593.002,Search Engines,A2_W0::2005->2006,0.0,0.0,0.0035035815672966,0.0,-0.9999999997145778,1,0,47,CO_DOCUMENT_RELATIONAL_EXCESS_NOT_EXECUTION_OR_CAUSAL
T1021.007,Cloud Services,T1022,Data Encrypted,A2_W0::2005->2006,0.0,0.0,0.0033359719552809,0.0,-0.9999999997002372,2,0,48,CO_DOCUMENT_RELATIONAL_EXCESS_NOT_EXECUTION_OR_CAUSAL
T1056.001,Keylogging,T1189,Drive-by Compromise,A2_W0::2005->2006,0.0,0.0,0.003330565193603,0.0,-0.9999999996997506,1,0,49,CO_DOCUMENT_RELATIONAL_EXCESS_NOT_EXECUTION_OR_CAUSAL
T1593.001,Social Media,T1593.002,Search Engines,A2_W0::2005->2006,0.0,0.0,0.003330565193603,0.0,-0.9999999996997506,1,0,50,CO_DOCUMENT_RELATIONAL_EXCESS_NOT_EXECUTION_OR_CAUSAL
T1022,Data Encrypted,T1115,Clipboard Data,A2_W0::2005->2006,0.0,0.0,0.003257573910951,0.0,-0.9999999996930232,2,0,51,CO_DOCUMENT_RELATIONAL_EXCESS_NOT_EXECUTION_OR_CAUSAL
T1021.007,Cloud Services,T1491,Defacement,A2_W0::2005->2006,0.0,0.0,0.0032440570067561,0.0,-0.999999999691744,1,0,52,CO_DOCUMENT_RELATIONAL_EXCESS_NOT_EXECUTION_OR_CAUSAL
T1021.007,Cloud Services,T1588.007,Artificial Intelligence,A2_W0::2005->2006,0.0,0.0,0.0032008029133327,0.0,-0.9999999996875784,1,0,53,CO_DOCUMENT_RELATIONAL_EXCESS_NOT_EXECUTION_OR_CAUSAL
T1219,Remote Access Tools,T1593.002,Search Engines,A2_W0::2005->2006,0.0,0.0,0.0031575488199093,0.0,-0.9999999996832988,1,0,54,CO_DOCUMENT_RELATIONAL_EXCESS_NOT_EXECUTION_OR_CAUSAL
T1491,Defacement,T1593.002,Search Engines,A2_W0::2005->2006,0.0,0.0,0.0031575488199093,0.0,-0.9999999996832988,1,0,55,CO_DOCUMENT_RELATIONAL_EXCESS_NOT_EXECUTION_OR_CAUSAL
T1589.002,Email Addresses,T1593.002,Search Engines,A2_W0::2005->2006,0.0,0.0,0.0031575488199093,0.0,-0.9999999996832988,1,0,56,CO_DOCUMENT_RELATIONAL_EXCESS_NOT_EXECUTION_OR_CAUSAL
T1219,Remote Access Tools,T1491,Defacement,A2_W0::2005->2006,0.0,0.0,0.0031142947264859,0.0,-0.9999999996789,2,0,57,CO_DOCUMENT_RELATIONAL_EXCESS_NOT_EXECUTION_OR_CAUSAL
T1021.007,Cloud Services,T1593.001,Social Media,A2_W0::2005->2006,0.0,0.0,0.0030710406330625,0.0,-0.9999999996743776,1,0,58,CO_DOCUMENT_RELATIONAL_EXCESS_NOT_EXECUTION_OR_CAUSAL
T1021.007,Cloud Services,T1669,Wi-Fi Networks,A2_W0::2005->2006,0.0,0.0,0.0030710406330625,0.0,-0.9999999996743776,1,0,59,CO_DOCUMENT_RELATIONAL_EXCESS_NOT_EXECUTION_OR_CAUSAL
T1189,Drive-by Compromise,T1491,Defacement,A2_W0::2005->2006,0.0,0.0,0.0030710406330625,0.0,-0.9999999996743776,1,0,60,CO_DOCUMENT_RELATIONAL_EXCESS_NOT_EXECUTION_OR_CAUSAL
T1588.007,Artificial Intelligence,T1593.001,Social Media,A2_W0::2005->2006,0.0017825603431109,0.0017825603431109,0.0030710406330625,6.505213034913028e-19,-0.9999999996743768,1,1,61,CO_DOCUMENT_RELATIONAL_EXCESS_NOT_EXECUTION_OR_CAUSAL
T1022,Data Encrypted,T1593.002,Search Engines,A2_W0::2005->2006,0.0,0.0,0.003027786539639,0.0,-0.9999999996697256,1,0,62,CO_DOCUMENT_RELATIONAL_EXCESS_NOT_EXECUTION_OR_CAUSAL
T1588.007,Artificial Intelligence,T1593.002,Search Engines,A2_W0::2005->2006,0.0,0.0,0.003027786539639,0.0,-0.9999999996697256,1,0,63,CO_DOCUMENT_RELATIONAL_EXCESS_NOT_EXECUTION_OR_CAUSAL
T1059.007,JavaScript,T1593.002,Search Engines,A2_W0::2005->2006,0.0,0.0,0.0029845324462156,0.0,-0.9999999996649392,1,0,64,CO_DOCUMENT_RELATIONAL_EXCESS_NOT_EXECUTION_OR_CAUSAL
T1593.002,Search Engines,T1669,Wi-Fi Networks,A2_W0::2005->2006,0.0,0.0,0.0029845324462156,0.0,-0.9999999996649392,1,0,65,CO_DOCUMENT_RELATIONAL_EXCESS_NOT_EXECUTION_OR_CAUSAL
T1021.007,Cloud Services,T1593.002,Search Engines,A2_W0::2005->2006,0.0,0.0,0.0029412783527922,0.0,-0.9999999996600116,1,0,66,CO_DOCUMENT_RELATIONAL_EXCESS_NOT_EXECUTION_OR_CAUSAL
T1189,Drive-by Compromise,T1593.002,Search Engines,A2_W0::2005->2006,0.0,0.0,0.0029412783527922,0.0,-0.9999999996600116,1,0,67,CO_DOCUMENT_RELATIONAL_EXCESS_NOT_EXECUTION_OR_CAUSAL
T1219,Remote Access Tools,T1669,Wi-Fi Networks,A2_W0::2005->2006,0.0,0.0,0.0029412783527922,0.0,-0.9999999996600116,1,0,68,CO_DOCUMENT_RELATIONAL_EXCESS_NOT_EXECUTION_OR_CAUSAL
T1491,Defacement,T1593.001,Social Media,A2_W0::2005->2006,0.0,0.0,0.0029412783527922,0.0,-0.9999999996600116,2,0,69,CO_DOCUMENT_RELATIONAL_EXCESS_NOT_EXECUTION_OR_CAUSAL
T1021.007,Cloud Services,T1056.001,Keylogging,A2_W0::2005->2006,0.0,0.0,0.0028980242593688,0.0,-0.9999999996549374,1,0,70,CO_DOCUMENT_RELATIONAL_EXCESS_NOT_EXECUTION_OR_CAUSAL
T1022,Data Encrypted,T1491,Defacement,A2_W0::2005->2006,0.0,0.0,0.0028980242593688,0.0,-0.9999999996549374,1,0,71,CO_DOCUMENT_RELATIONAL_EXCESS_NOT_EXECUTION_OR_CAUSAL
T1056.001,Keylogging,T1588.007,Artificial Intelligence,A2_W0::2005->2006,0.0,0.0,0.0028980242593688,0.0,-0.9999999996549374,1,0,72,CO_DOCUMENT_RELATIONAL_EXCESS_NOT_EXECUTION_OR_CAUSAL
T1189,Drive-by Compromise,T1593.001,Social Media,A2_W0::2005->2006,0.0,0.0,0.0028980242593688,0.0,-0.9999999996549374,1,0,73,CO_DOCUMENT_RELATIONAL_EXCESS_NOT_EXECUTION_OR_CAUSAL
T1219,Remote Access Tools,T1588.007,Artificial Intelligence,A2_W0::2005->2006,0.0,0.0,0.0028980242593688,0.0,-0.9999999996549374,1,0,74,CO_DOCUMENT_RELATIONAL_EXCESS_NOT_EXECUTION_OR_CAUSAL
T1491,Defacement,T1588.007,Artificial Intelligence,A2_W0::2005->2006,0.0,0.0,0.0028980242593688,0.0,-0.9999999996549374,1,0,75,CO_DOCUMENT_RELATIONAL_EXCESS_NOT_EXECUTION_OR_CAUSAL
T1056.001,Keylogging,T1491,Defacement,A2_W0::2005->2006,0.0,0.0,0.0028547701659454,0.0,-0.9999999996497092,2,0,76,CO_DOCUMENT_RELATIONAL_EXCESS_NOT_EXECUTION_OR_CAUSAL
T1056.001,Keylogging,T1669,Wi-Fi Networks,A2_W0::2005->2006,0.0,0.0,0.0028547701659454,0.0,-0.9999999996497092,1,0,77,CO_DOCUMENT_RELATIONAL_EXCESS_NOT_EXECUTION_OR_CAUSAL
T1021.007,Cloud Services,T1059.007,JavaScript,A2_W0::2005->2006,0.0,0.0,0.002811516072522,0.0,-0.99999999964432,1,0,78,CO_DOCUMENT_RELATIONAL_EXCESS_NOT_EXECUTION_OR_CAUSAL
T1022,Data Encrypted,T1056.001,Keylogging,A2_W0::2005->2006,0.0,0.0,0.002811516072522,0.0,-0.99999999964432,1,0,79,CO_DOCUMENT_RELATIONAL_EXCESS_NOT_EXECUTION_OR_CAUSAL
T1022,Data Encrypted,T1593.001,Social Media,A2_W0::2005->2006,0.0,0.0,0.002811516072522,0.0,-0.99999999964432,1,0,80,CO_DOCUMENT_RELATIONAL_EXCESS_NOT_EXECUTION_OR_CAUSAL
T1115,Clipboard Data,T1593.002,Search Engines,A2_W0::2005->2006,0.0,0.0,0.002811516072522,0.0,-0.99999999964432,1,0,81,CO_DOCUMENT_RELATIONAL_EXCESS_NOT_EXECUTION_OR_CAUSAL
T1189,Drive-by Compromise,T1669,Wi-Fi Networks,A2_W0::2005->2006,0.0,0.0,0.002811516072522,0.0,-0.99999999964432,1,0,82,CO_DOCUMENT_RELATIONAL_EXCESS_NOT_EXECUTION_OR_CAUSAL
T1115,Clipboard Data,T1593.001,Social Media,A2_W0::2005->2006,0.0,0.0,0.0027682619790986,0.0,-0.9999999996387624,1,0,83,CO_DOCUMENT_RELATIONAL_EXCESS_NOT_EXECUTION_OR_CAUSAL
T1189,Drive-by Compromise,T1595.002,Vulnerability Scanning,A2_W0::2005->2006,0.0,0.0,0.0027682619790986,0.0,-0.9999999996387624,1,0,84,CO_DOCUMENT_RELATIONAL_EXCESS_NOT_EXECUTION_OR_CAUSAL
T1491,Defacement,T1589.002,Email Addresses,A2_W0::2005->2006,0.0,0.0,0.0027682619790986,0.0,-0.9999999996387624,2,0,85,CO_DOCUMENT_RELATIONAL_EXCESS_NOT_EXECUTION_OR_CAUSAL
T1593.002,Search Engines,T1595.002,Vulnerability Scanning,A2_W0::2005->2006,0.0,0.0,0.0027682619790986,0.0,-0.9999999996387624,1,0,86,CO_DOCUMENT_RELATIONAL_EXCESS_NOT_EXECUTION_OR_CAUSAL
T1588.007,Artificial Intelligence,T1669,Wi-Fi Networks,A2_W0::2005->2006,0.0,0.0,0.0027250078856751,0.0,-0.9999999996330284,1,0,87,CO_DOCUMENT_RELATIONAL_EXCESS_NOT_EXECUTION_OR_CAUSAL
T1491,Defacement,T1669,Wi-Fi Networks,A2_W0::2005->2006,0.0,0.0,0.0026817537922517,0.0,-0.9999999996271096,1,0,88,CO_DOCUMENT_RELATIONAL_EXCESS_NOT_EXECUTION_OR_CAUSAL
T1588.007,Artificial Intelligence,T1595.002,Vulnerability Scanning,A2_W0::2005->2006,0.0,0.0,0.0026817537922517,0.0,-0.9999999996271096,1,0,89,CO_DOCUMENT_RELATIONAL_EXCESS_NOT_EXECUTION_OR_CAUSAL
T1115,Clipboard Data,T1588.007,Artificial Intelligence,A2_W0::2005->2006,0.0,0.0,0.0026384996988283,0.0,-0.9999999996209968,1,0,90,CO_DOCUMENT_RELATIONAL_EXCESS_NOT_EXECUTION_OR_CAUSAL
T1021.007,Cloud Services,T1595.002,Vulnerability Scanning,A2_W0::2005->2006,0.0,0.0,0.0025952456054049,0.0,-0.99999999961468,1,0,91,CO_DOCUMENT_RELATIONAL_EXCESS_NOT_EXECUTION_OR_CAUSAL
T1593.001,Social Media,T1669,Wi-Fi Networks,A2_W0::2005->2006,0.0,0.0,0.0025952456054049,0.0,-0.99999999961468,1,0,92,CO_DOCUMENT_RELATIONAL_EXCESS_NOT_EXECUTION_OR_CAUSAL
T1056.001,Keylogging,T1595.002,Vulnerability Scanning,A2_W0::2005->2006,0.0,0.0,0.0025519915119815,0.0,-0.9999999996081492,1,0,93,CO_DOCUMENT_RELATIONAL_EXCESS_NOT_EXECUTION_OR_CAUSAL
T1593.001,Social Media,T1595.002,Vulnerability Scanning,A2_W0::2005->2006,0.0,0.0,0.0025519915119815,0.0,-0.9999999996081492,1,0,94,CO_DOCUMENT_RELATIONAL_EXCESS_NOT_EXECUTION_OR_CAUSAL
T1056.001,Keylogging,T1115,Clipboard Data,A2_W0::2005->2006,0.0,0.0,0.0025087374185581,0.0,-0.9999999996013932,1,0,95,CO_DOCUMENT_RELATIONAL_EXCESS_NOT_EXECUTION_OR_CAUSAL
T1059.007,JavaScript,T1491,Defacement,A2_W0::2005->2006,0.0,0.0,0.0025087374185581,0.0,-0.9999999996013932,2,0,96,CO_DOCUMENT_RELATIONAL_EXCESS_NOT_EXECUTION_OR_CAUSAL
T1189,Drive-by Compromise,T1588.007,Artificial Intelligence,A2_W0::2005->2006,0.0,0.0,0.0025087374185581,0.0,-0.9999999996013932,1,0,97,CO_DOCUMENT_RELATIONAL_EXCESS_NOT_EXECUTION_OR_CAUSAL
T1589.002,Email Addresses,T1669,Wi-Fi Networks,A2_W0::2005->2006,0.0,0.0,0.0025087374185581,0.0,-0.9999999996013932,1,0,98,CO_DOCUMENT_RELATIONAL_EXCESS_NOT_EXECUTION_OR_CAUSAL
T1022,Data Encrypted,T1669,Wi-Fi Networks,A2_W0::2005->2006,0.0,0.0,0.0024654833251346,0.0,-0.9999999995944,1,0,99,CO_DOCUMENT_RELATIONAL_EXCESS_NOT_EXECUTION_OR_CAUSAL
T1219,Remote Access Tools,T1595.002,Vulnerability Scanning,A2_W0::2005->2006,0.0,0.0,0.0024654833251346,0.0,-0.9999999995944,1,0,100,CO_DOCUMENT_RELATIONAL_EXCESS_NOT_EXECUTION_OR_CAUSAL
T1053.005,Scheduled Task,T1139,Bash History,A2_W0::2006->2007,0.0,0.0,0.020137584196124,0.0,-0.9999999999503416,1,0,1,CO_DOCUMENT_RELATIONAL_EXCESS_NOT_EXECUTION_OR_CAUSAL
T1139,Bash History,T1218.002,Control Panel,A2_W0::2006->2007,0.0,0.0,0.020137584196124,0.0,-0.9999999999503416,1,0,2,CO_DOCUMENT_RELATIONAL_EXCESS_NOT_EXECUTION_OR_CAUSAL
T1053.005,Scheduled Task,T1218.002,Control Panel,A2_W0::2006->2007,0.0,0.0,0.0197151173948067,0.0,-0.9999999999492776,1,0,3,CO_DOCUMENT_RELATIONAL_EXCESS_NOT_EXECUTION_OR_CAUSAL
T1082,System Information Discovery,T1134.001,Token Impersonation/Theft,A2_W0::2006->2007,0.0271663198136748,0.0119531807180169,0.0,0.0152131390956578,0.9999999999342674,0,1,4,CO_DOCUMENT_RELATIONAL_EXCESS_NOT_EXECUTION_OR_CAUSAL
T1055,Process Injection,T1134.001,Token Impersonation/Theft,A2_W0::2006->2007,0.0271663198136748,0.012360675515222,0.0,0.0148056442984527,0.999999999932458,0,1,5,CO_DOCUMENT_RELATIONAL_EXCESS_NOT_EXECUTION_OR_CAUSAL
T1134,Access Token Manipulation,T1134.001,Token Impersonation/Theft,A2_W0::2006->2007,0.0271663198136748,0.0129040019114955,0.0,0.0142623179021792,0.9999999999298852,0,1,6,CO_DOCUMENT_RELATIONAL_EXCESS_NOT_EXECUTION_OR_CAUSAL
T1055,Process Injection,T1134,Access Token Manipulation,A2_W0::2006->2007,0.0307884957888314,0.0169065063640436,0.0,0.0138819894247877,0.9999999999279642,0,2,7,CO_DOCUMENT_RELATIONAL_EXCESS_NOT_EXECUTION_OR_CAUSAL
T1204.002,Malicious File,T1593.001,Social Media,A2_W0::2006->2007,0.0237379656829885,0.0098996070142651,6.505213034913028e-19,0.0138383586687234,0.999999999927737,1,3,8,CO_DOCUMENT_RELATIONAL_EXCESS_NOT_EXECUTION_OR_CAUSAL
T1053.005,Scheduled Task,T1078,Valid Accounts,A2_W0::2006->2007,0.0181108798757832,0.0045277199689458,0.0,0.0135831599068374,0.9999999999263794,0,1,9,CO_DOCUMENT_RELATIONAL_EXCESS_NOT_EXECUTION_OR_CAUSAL
T1053.005,Scheduled Task,T1059,Command and Scripting Interpreter,A2_W0::2006->2007,0.0181108798757832,0.0046182743683247,0.0,0.0134926055074585,0.9999999999258852,0,1,10,CO_DOCUMENT_RELATIONAL_EXCESS_NOT_EXECUTION_OR_CAUSAL
T1053,Scheduled Task/Job,T1059,Command and Scripting Interpreter,A2_W0::2006->2007,0.022638599844729,0.009598766334165,0.0,0.0130398335105639,0.999999999923312,0,2,11,CO_DOCUMENT_RELATIONAL_EXCESS_NOT_EXECUTION_OR_CAUSAL
T1082,System Information Discovery,T1134,Access Token Manipulation,A2_W0::2006->2007,0.0271663198136748,0.0141264863031109,0.0,0.0130398335105639,0.999999999923312,0,1,12,CO_DOCUMENT_RELATIONAL_EXCESS_NOT_EXECUTION_OR_CAUSAL
T1041,Exfiltration Over C2 Channel,T1059,Command and Scripting Interpreter,A2_W0::2006->2007,0.0181108798757832,0.0051616007645982,0.0,0.012949279111185,0.9999999999227756,0,1,13,CO_DOCUMENT_RELATIONAL_EXCESS_NOT_EXECUTION_OR_CAUSAL
T1059,Command and Scripting Interpreter,T1569,System Services,A2_W0::2006->2007,0.022638599844729,0.0096893207335439,0.0,0.012949279111185,0.9999999999227756,0,2,14,CO_DOCUMENT_RELATIONAL_EXCESS_NOT_EXECUTION_OR_CAUSAL
T1204.002,Malicious File,T1684,Social Engineering,A2_W0::2006->2007,0.0306896165444003,0.0178144273963435,0.0,0.0128751891480567,0.9999999999223312,2,5,15,CO_DOCUMENT_RELATIONAL_EXCESS_NOT_EXECUTION_OR_CAUSAL
T1053,Scheduled Task/Job,T1053.005,Scheduled Task,A2_W0::2006->2007,0.0235441438385181,0.0108665279254699,0.0,0.0126776159130482,0.9999999999211208,0,2,16,CO_DOCUMENT_RELATIONAL_EXCESS_NOT_EXECUTION_OR_CAUSAL
T1027,Obfuscated Files or Information,T1134.001,Token Impersonation/Theft,A2_W0::2006->2007,0.0271663198136748,0.014533981100316,0.0,0.0126323387133587,0.999999999920838,0,1,17,CO_DOCUMENT_RELATIONAL_EXCESS_NOT_EXECUTION_OR_CAUSAL
T1543.003,Windows Service,T1583.008,Malvertising,A2_W0::2006->2007,0.0181108798757832,0.0055238183621138,0.0,0.0125870615136693,0.9999999999205532,0,1,18,CO_DOCUMENT_RELATIONAL_EXCESS_NOT_EXECUTION_OR_CAUSAL
T1055,Process Injection,T1082,System Information Discovery,A2_W0::2006->2007,0.0271663198136748,0.0146698126993844,0.0,0.0124965071142904,0.9999999999199776,0,1,19,CO_DOCUMENT_RELATIONAL_EXCESS_NOT_EXECUTION_OR_CAUSAL
T1003.002,Security Account Manager,T1053.005,Scheduled Task,A2_W0::2006->2007,0.0181108798757832,0.0058860359596295,0.0,0.0122248439161536,0.9999999999181992,0,1,20,CO_DOCUMENT_RELATIONAL_EXCESS_NOT_EXECUTION_OR_CAUSAL
T1041,Exfiltration Over C2 Channel,T1053.005,Scheduled Task,A2_W0::2006->2007,0.0181108798757832,0.0059765903590084,0.0,0.0121342895167747,0.9999999999175888,0,1,21,CO_DOCUMENT_RELATIONAL_EXCESS_NOT_EXECUTION_OR_CAUSAL
T1041,Exfiltration Over C2 Channel,T1053,Scheduled Task/Job,A2_W0::2006->2007,0.0181108798757832,0.0060671447583873,0.0,0.0120437351173958,0.9999999999169692,0,1,22,CO_DOCUMENT_RELATIONAL_EXCESS_NOT_EXECUTION_OR_CAUSAL
T1053.005,Scheduled Task,T1569,System Services,A2_W0::2006->2007,0.0181108798757832,0.0060671447583873,0.0,0.0120437351173958,0.9999999999169692,0,1,23,CO_DOCUMENT_RELATIONAL_EXCESS_NOT_EXECUTION_OR_CAUSAL
T1053.005,Scheduled Task,T1588.007,Artificial Intelligence,A2_W0::2006->2007,0.0181108798757832,0.0062482535571452,0.0,0.011862626318638,0.9999999999157017,0,1,24,CO_DOCUMENT_RELATIONAL_EXCESS_NOT_EXECUTION_OR_CAUSAL
T1003.002,Security Account Manager,T1053,Scheduled Task/Job,A2_W0::2006->2007,0.0181108798757832,0.0063388079565241,0.0,0.0117720719192591,0.9999999999150532,0,1,25,CO_DOCUMENT_RELATIONAL_EXCESS_NOT_EXECUTION_OR_CAUSAL
T1053,Scheduled Task/Job,T1078,Valid Accounts,A2_W0::2006->2007,0.0181108798757832,0.0063388079565241,0.0,0.0117720719192591,0.9999999999150532,0,1,26,CO_DOCUMENT_RELATIONAL_EXCESS_NOT_EXECUTION_OR_CAUSAL
T1056.001,Keylogging,T1593.001,Social Media,A2_W0::2006->2007,0.0188451047356122,0.007163587215732,0.0,0.0116815175198801,0.9999999999143948,0,2,27,CO_DOCUMENT_RELATIONAL_EXCESS_NOT_EXECUTION_OR_CAUSAL
T1041,Exfiltration Over C2 Channel,T1078,Valid Accounts,A2_W0::2006->2007,0.0181108798757832,0.0068821343527976,0.0,0.0112287455229856,0.9999999999109428,0,1,28,CO_DOCUMENT_RELATIONAL_EXCESS_NOT_EXECUTION_OR_CAUSAL
T1078,Valid Accounts,T1569,System Services,A2_W0::2006->2007,0.0181108798757832,0.0068821343527976,0.0,0.0112287455229856,0.9999999999109428,0,1,29,CO_DOCUMENT_RELATIONAL_EXCESS_NOT_EXECUTION_OR_CAUSAL
T1003.002,Security Account Manager,T1569,System Services,A2_W0::2006->2007,0.0181108798757832,0.0069726887521765,0.0,0.0111381911236066,0.9999999999102188,0,1,30,CO_DOCUMENT_RELATIONAL_EXCESS_NOT_EXECUTION_OR_CAUSAL
T1027,Obfuscated Files or Information,T1082,System Information Discovery,A2_W0::2006->2007,0.0271663198136748,0.0160281286900681,0.0,0.0111381911236066,0.9999999999102188,0,1,31,CO_DOCUMENT_RELATIONAL_EXCESS_NOT_EXECUTION_OR_CAUSAL
T1041,Exfiltration Over C2 Channel,T1569,System Services,A2_W0::2006->2007,0.0181108798757832,0.0073349063496921,0.0,0.010775973526091,0.9999999999072008,0,1,32,CO_DOCUMENT_RELATIONAL_EXCESS_NOT_EXECUTION_OR_CAUSAL
T1059,Command and Scripting Interpreter,T1588.007,Artificial Intelligence,A2_W0::2006->2007,0.0181108798757832,0.0073349063496921,0.0,0.010775973526091,0.9999999999072008,0,1,33,CO_DOCUMENT_RELATIONAL_EXCESS_NOT_EXECUTION_OR_CAUSAL
T1027,Obfuscated Files or Information,T1055,Process Injection,A2_W0::2006->2007,0.0271663198136748,0.0164356234872732,0.0,0.0107306963264015,0.9999999999068092,0,1,34,CO_DOCUMENT_RELATIONAL_EXCESS_NOT_EXECUTION_OR_CAUSAL
T1027,Obfuscated Files or Information,T1134,Access Token Manipulation,A2_W0::2006->2007,0.0271663198136748,0.0164356234872732,0.0,0.0107306963264015,0.9999999999068092,0,1,35,CO_DOCUMENT_RELATIONAL_EXCESS_NOT_EXECUTION_OR_CAUSAL
T1053,Scheduled Task/Job,T1569,System Services,A2_W0::2006->2007,0.022638599844729,0.0119531807180169,0.0,0.0106854191267121,0.9999999999064144,0,2,36,CO_DOCUMENT_RELATIONAL_EXCESS_NOT_EXECUTION_OR_CAUSAL
T1053,Scheduled Task/Job,T1588.007,Artificial Intelligence,A2_W0::2006->2007,0.0181108798757832,0.0074254607490711,0.0,0.0106854191267121,0.9999999999064144,0,1,37,CO_DOCUMENT_RELATIONAL_EXCESS_NOT_EXECUTION_OR_CAUSAL
T1078,Valid Accounts,T1588.007,Artificial Intelligence,A2_W0::2006->2007,0.0181108798757832,0.00751601514845,0.0,0.0105948647273331,0.9999999999056146,0,1,38,CO_DOCUMENT_RELATIONAL_EXCESS_NOT_EXECUTION_OR_CAUSAL
T1056.001,Keylogging,T1204.002,Malicious File,A2_W0::2006->2007,0.0181108798757832,0.0077876783465867,0.0,0.0103232015291964,0.9999999999031308,0,1,39,CO_DOCUMENT_RELATIONAL_EXCESS_NOT_EXECUTION_OR_CAUSAL
T1003.002,Security Account Manager,T1059,Command and Scripting Interpreter,A2_W0::2006->2007,0.0181108798757832,0.0078782327459656,0.0,0.0102326471298175,0.9999999999022736,0,1,40,CO_DOCUMENT_RELATIONAL_EXCESS_NOT_EXECUTION_OR_CAUSAL
T1003.002,Security Account Manager,T1588.007,Artificial Intelligence,A2_W0::2006->2007,0.0181108798757832,0.0078782327459656,0.0,0.0102326471298175,0.9999999999022736,0,1,41,CO_DOCUMENT_RELATIONAL_EXCESS_NOT_EXECUTION_OR_CAUSAL
T1041,Exfiltration Over C2 Channel,T1588.007,Artificial Intelligence,A2_W0::2006->2007,0.0181108798757832,0.0078782327459656,0.0,0.0102326471298175,0.9999999999022736,0,1,42,CO_DOCUMENT_RELATIONAL_EXCESS_NOT_EXECUTION_OR_CAUSAL
T1569,System Services,T1588.007,Artificial Intelligence,A2_W0::2006->2007,0.0181108798757832,0.0078782327459656,0.0,0.0102326471298175,0.9999999999022736,0,1,43,CO_DOCUMENT_RELATIONAL_EXCESS_NOT_EXECUTION_OR_CAUSAL
T1003.002,Security Account Manager,T1041,Exfiltration Over C2 Channel,A2_W0::2006->2007,0.0181108798757832,0.0079687871453446,0.0,0.0101420927304386,0.999999999901401,0,1,44,CO_DOCUMENT_RELATIONAL_EXCESS_NOT_EXECUTION_OR_CAUSAL
T1059,Command and Scripting Interpreter,T1078,Valid Accounts,A2_W0::2006->2007,0.0181108798757832,0.0079687871453446,0.0,0.0101420927304386,0.999999999901401,0,1,45,CO_DOCUMENT_RELATIONAL_EXCESS_NOT_EXECUTION_OR_CAUSAL
T1003.002,Security Account Manager,T1078,Valid Accounts,A2_W0::2006->2007,0.0181108798757832,0.008602667940997,0.0,0.0095082119347862,0.9999999998948276,0,1,46,CO_DOCUMENT_RELATIONAL_EXCESS_NOT_EXECUTION_OR_CAUSAL
T1053,Scheduled Task/Job,T1684,Social Engineering,A2_W0::2006->2007,0.0181108798757832,0.009689320733544,0.0,0.0084215591422392,0.9999999998812572,0,1,47,CO_DOCUMENT_RELATIONAL_EXCESS_NOT_EXECUTION_OR_CAUSAL
T1593.001,Social Media,T1684,Social Engineering,A2_W0::2006->2007,0.0368972826939199,0.028482326876546,0.0,0.0084149558173738,0.999999999881164,3,9,48,CO_DOCUMENT_RELATIONAL_EXCESS_NOT_EXECUTION_OR_CAUSAL
T1134.001,Token Impersonation/Theft,T1684,Social Engineering,A2_W0::2006->2007,0.0271663198136748,0.0190164238695724,0.0,0.0081498959441024,0.999999999877299,0,1,49,CO_DOCUMENT_RELATIONAL_EXCESS_NOT_EXECUTION_OR_CAUSAL
T1113,Screen Capture,T1218.002,Control Panel,A2_W0::2006->2007,0.0090554399378916,0.0018628333586519,0.0,0.0071926065792396,0.9999999998609684,0,1,50,CO_DOCUMENT_RELATIONAL_EXCESS_NOT_EXECUTION_OR_CAUSAL
T1041,Exfiltration Over C2 Channel,T1684,Social Engineering,A2_W0::2006->2007,0.0181108798757832,0.0111381911236066,0.0,0.0069726887521765,0.9999999998565832,0,1,51,CO_DOCUMENT_RELATIONAL_EXCESS_NOT_EXECUTION_OR_CAUSAL
T1569,System Services,T1684,Social Engineering,A2_W0::2006->2007,0.0181108798757832,0.0114098543217434,0.0,0.0067010255540397,0.999999999850769,0,1,52,CO_DOCUMENT_RELATIONAL_EXCESS_NOT_EXECUTION_OR_CAUSAL
T1059,Command and Scripting Interpreter,T1684,Social Engineering,A2_W0::2006->2007,0.0181108798757832,0.011862626318638,0.0,0.0062482535571452,0.9999999998399552,0,1,53,CO_DOCUMENT_RELATIONAL_EXCESS_NOT_EXECUTION_OR_CAUSAL
T1078,Valid Accounts,T1684,Social Engineering,A2_W0::2006->2007,0.0181108798757832,0.011862626318638,0.0,0.0062482535571452,0.9999999998399552,0,1,54,CO_DOCUMENT_RELATIONAL_EXCESS_NOT_EXECUTION_OR_CAUSAL
T1055,Process Injection,T1684,Social Engineering,A2_W0::2006->2007,0.0271663198136748,0.0214613926528031,0.0,0.0057049271608717,0.9999999998247128,0,1,55,CO_DOCUMENT_RELATIONAL_EXCESS_NOT_EXECUTION_OR_CAUSAL
T1588.007,Artificial Intelligence,T1684,Social Engineering,A2_W0::2006->2007,0.0187986348077749,0.013109755261983,6.505213034913028e-19,0.0056888795457919,0.999999999824218,1,2,56,CO_DOCUMENT_RELATIONAL_EXCESS_NOT_EXECUTION_OR_CAUSAL
T1134,Access Token Manipulation,T1684,Social Engineering,A2_W0::2006->2007,0.0271663198136748,0.0215972242518715,0.0,0.0055690955618033,0.9999999998204376,0,1,57,CO_DOCUMENT_RELATIONAL_EXCESS_NOT_EXECUTION_OR_CAUSAL
T1059.007,JavaScript,T1573.002,Asymmetric Cryptography,A2_W0::2006->2007,0.0108665279254699,0.0053245986834802,0.0,0.0055419292419896,0.9999999998195572,0,1,58,CO_DOCUMENT_RELATIONAL_EXCESS_NOT_EXECUTION_OR_CAUSAL
T1082,System Information Discovery,T1684,Social Engineering,A2_W0::2006->2007,0.0271663198136748,0.0217330558509398,0.0,0.0054332639627349,0.9999999998159484,0,1,59,CO_DOCUMENT_RELATIONAL_EXCESS_NOT_EXECUTION_OR_CAUSAL
T1003.002,Security Account Manager,T1684,Social Engineering,A2_W0::2006->2007,0.0181108798757832,0.0128587247118061,0.0,0.0052521551639771,0.999999999809602,0,1,60,CO_DOCUMENT_RELATIONAL_EXCESS_NOT_EXECUTION_OR_CAUSAL
T1053.005,Scheduled Task,T1684,Social Engineering,A2_W0::2006->2007,0.0238517688316236,0.0187022997568943,0.0,0.0051494690747292,0.9999999998058052,3,4,61,CO_DOCUMENT_RELATIONAL_EXCESS_NOT_EXECUTION_OR_CAUSAL
T1590.004,Network Topology,T1593.001,Social Media,A2_W0::2006->2007,0.0,0.0,0.0047805453833272,0.0,-0.9999999997908188,1,0,62,CO_DOCUMENT_RELATIONAL_EXCESS_NOT_EXECUTION_OR_CAUSAL
T1586,Compromise Accounts,T1590.005,IP Addresses,A2_W0::2006->2007,0.0028596126119657,0.0028596126119657,0.0047805453833272,3.469446951953614e-18,-0.9999999997908172,1,1,63,CO_DOCUMENT_RELATIONAL_EXCESS_NOT_EXECUTION_OR_CAUSAL
T1204.002,Malicious File,T1589.002,Email Addresses,A2_W0::2006->2007,0.0117309108286323,0.0069829790248332,0.0,0.004747931803799,0.999999999789382,0,2,64,CO_DOCUMENT_RELATIONAL_EXCESS_NOT_EXECUTION_OR_CAUSAL
T1056.001,Keylogging,T1684,Social Engineering,A2_W0::2006->2007,0.0207855561508747,0.0160937063330546,0.0,0.0046918498178201,0.9999999997868644,0,3,65,CO_DOCUMENT_RELATIONAL_EXCESS_NOT_EXECUTION_OR_CAUSAL
T1059.007,JavaScript,T1573.001,Symmetric Cryptography,A2_W0::2006->2007,0.0108665279254699,0.0061939209175178,0.0,0.004672607007952,0.9999999997859866,0,1,66,CO_DOCUMENT_RELATIONAL_EXCESS_NOT_EXECUTION_OR_CAUSAL
T1087.003,Email Account,T1593.001,Social Media,A2_W0::2006->2007,0.0163604503375496,0.0117837703344898,3.469446951953614e-18,0.0045766800030597,0.9999999997814992,1,5,67,CO_DOCUMENT_RELATIONAL_EXCESS_NOT_EXECUTION_OR_CAUSAL
T1573.001,Symmetric Cryptography,T1573.002,Asymmetric Cryptography,A2_W0::2006->2007,0.0108665279254699,0.0064112514760272,0.0,0.0044552764494426,0.999999999775547,0,1,68,CO_DOCUMENT_RELATIONAL_EXCESS_NOT_EXECUTION_OR_CAUSAL
T1087.003,Email Account,T1491,Defacement,A2_W0::2006->2007,0.0067915799534187,0.0025128845827649,0.0,0.0042786953706537,0.9999999997662838,0,1,69,CO_DOCUMENT_RELATIONAL_EXCESS_NOT_EXECUTION_OR_CAUSAL
T1113,Screen Capture,T1204.002,Malicious File,A2_W0::2006->2007,0.0098786617504272,0.0056555338521195,0.0,0.0042231278983076,0.9999999997632086,1,2,70,CO_DOCUMENT_RELATIONAL_EXCESS_NOT_EXECUTION_OR_CAUSAL
T1027,Obfuscated Files or Information,T1684,Social Engineering,A2_W0::2006->2007,0.0271663198136748,0.0229555402425552,0.0,0.0042107795711196,0.9999999997625142,0,1,71,CO_DOCUMENT_RELATIONAL_EXCESS_NOT_EXECUTION_OR_CAUSAL
T1002,Data Compressed,T1074,Data Staged,A2_W0::2006->2007,0.0085615068503702,0.0043630756064386,0.0,0.0041984312439315,0.9999999997618156,0,2,72,CO_DOCUMENT_RELATIONAL_EXCESS_NOT_EXECUTION_OR_CAUSAL
T1059.007,JavaScript,T1558.001,Golden Ticket,A2_W0::2006->2007,0.0108665279254699,0.0067372473137913,0.0,0.0041292806116785,0.9999999997578268,0,1,73,CO_DOCUMENT_RELATIONAL_EXCESS_NOT_EXECUTION_OR_CAUSAL
T1573.002,Asymmetric Cryptography,T1684,Social Engineering,A2_W0::2006->2007,0.0108665279254699,0.0067372473137913,0.0,0.0041292806116785,0.9999999997578268,0,1,74,CO_DOCUMENT_RELATIONAL_EXCESS_NOT_EXECUTION_OR_CAUSAL
T1558.001,Golden Ticket,T1573.002,Asymmetric Cryptography,A2_W0::2006->2007,0.0108665279254699,0.0069545778723007,0.0,0.0039119500531691,0.9999999997443728,0,1,75,CO_DOCUMENT_RELATIONAL_EXCESS_NOT_EXECUTION_OR_CAUSAL
T1094,Custom Command and Control Protocol,T1136,Create Account,A2_W0::2006->2007,0.0049393308752136,0.0010619561381709,0.0,0.0038773747370426,0.9999999997420936,0,1,76,CO_DOCUMENT_RELATIONAL_EXCESS_NOT_EXECUTION_OR_CAUSAL
T1002,Data Compressed,T1046,Network Service Discovery,A2_W0::2006->2007,0.0049393308752136,0.001111349446923,0.0,0.0038279814282905,0.9999999997387656,0,1,77,CO_DOCUMENT_RELATIONAL_EXCESS_NOT_EXECUTION_OR_CAUSAL
T1081,Credentials in Files,T1094,Custom Command and Control Protocol,A2_W0::2006->2007,0.0049393308752136,0.001111349446923,0.0,0.0038279814282905,0.9999999997387656,0,1,78,CO_DOCUMENT_RELATIONAL_EXCESS_NOT_EXECUTION_OR_CAUSAL
T1002,Data Compressed,T1133,External Remote Services,A2_W0::2006->2007,0.0049393308752136,0.0011360461012991,0.0,0.0038032847739144,0.9999999997370694,0,1,79,CO_DOCUMENT_RELATIONAL_EXCESS_NOT_EXECUTION_OR_CAUSAL
T1021,Remote Services,T1090,Proxy,A2_W0::2006->2007,0.0049393308752136,0.0011360461012991,0.0,0.0038032847739144,0.9999999997370694,0,1,80,CO_DOCUMENT_RELATIONAL_EXCESS_NOT_EXECUTION_OR_CAUSAL
T1090,Proxy,T1100,Web Shell,A2_W0::2006->2007,0.0049393308752136,0.0011360461012991,0.0,0.0038032847739144,0.9999999997370694,0,1,81,CO_DOCUMENT_RELATIONAL_EXCESS_NOT_EXECUTION_OR_CAUSAL
T1090,Proxy,T1094,Custom Command and Control Protocol,A2_W0::2006->2007,0.0049393308752136,0.0011607427556751,0.0,0.0037785881195384,0.9999999997353508,0,1,82,CO_DOCUMENT_RELATIONAL_EXCESS_NOT_EXECUTION_OR_CAUSAL
T1053.005,Scheduled Task,T1081,Credentials in Files,A2_W0::2006->2007,0.0049393308752136,0.0011854394100512,0.0,0.0037538914651623,0.9999999997336098,0,1,83,CO_DOCUMENT_RELATIONAL_EXCESS_NOT_EXECUTION_OR_CAUSAL
T1074,Data Staged,T1100,Web Shell,A2_W0::2006->2007,0.0049393308752136,0.0011854394100512,0.0,0.0037538914651623,0.9999999997336098,0,1,84,CO_DOCUMENT_RELATIONAL_EXCESS_NOT_EXECUTION_OR_CAUSAL
T1053.005,Scheduled Task,T1100,Web Shell,A2_W0::2006->2007,0.0049393308752136,0.0012101360644273,0.0,0.0037291948107862,0.9999999997318456,0,1,85,CO_DOCUMENT_RELATIONAL_EXCESS_NOT_EXECUTION_OR_CAUSAL
T1087.003,Email Account,T1584.008,Network Devices,A2_W0::2006->2007,0.0049393308752136,0.0012101360644273,0.0,0.0037291948107862,0.9999999997318456,0,1,86,CO_DOCUMENT_RELATIONAL_EXCESS_NOT_EXECUTION_OR_CAUSAL
T1100,Web Shell,T1136,Create Account,A2_W0::2006->2007,0.0049393308752136,0.0012101360644273,0.0,0.0037291948107862,0.9999999997318456,0,1,87,CO_DOCUMENT_RELATIONAL_EXCESS_NOT_EXECUTION_OR_CAUSAL
T1002,Data Compressed,T1090,Proxy,A2_W0::2006->2007,0.0049393308752136,0.0012348327188034,0.0,0.0037044981564102,0.999999999730058,0,1,88,CO_DOCUMENT_RELATIONAL_EXCESS_NOT_EXECUTION_OR_CAUSAL
T1002,Data Compressed,T1136,Create Account,A2_W0::2006->2007,0.0049393308752136,0.0012348327188034,0.0,0.0037044981564102,0.999999999730058,0,1,89,CO_DOCUMENT_RELATIONAL_EXCESS_NOT_EXECUTION_OR_CAUSAL
T1003.004,LSA Secrets,T1061,Graphical User Interface,A2_W0::2006->2007,0.0049393308752136,0.0012348327188034,0.0,0.0037044981564102,0.999999999730058,1,1,90,CO_DOCUMENT_RELATIONAL_EXCESS_NOT_EXECUTION_OR_CAUSAL
T1021,Remote Services,T1074,Data Staged,A2_W0::2006->2007,0.0049393308752136,0.0012348327188034,0.0,0.0037044981564102,0.999999999730058,0,1,91,CO_DOCUMENT_RELATIONAL_EXCESS_NOT_EXECUTION_OR_CAUSAL
T1021,Remote Services,T1100,Web Shell,A2_W0::2006->2007,0.0049393308752136,0.0012348327188034,0.0,0.0037044981564102,0.999999999730058,0,1,92,CO_DOCUMENT_RELATIONAL_EXCESS_NOT_EXECUTION_OR_CAUSAL
T1065,Uncommonly Used Port,T1100,Web Shell,A2_W0::2006->2007,0.0049393308752136,0.0012348327188034,0.0,0.0037044981564102,0.999999999730058,0,1,93,CO_DOCUMENT_RELATIONAL_EXCESS_NOT_EXECUTION_OR_CAUSAL
T1090,Proxy,T1133,External Remote Services,A2_W0::2006->2007,0.0049393308752136,0.0012348327188034,0.0,0.0037044981564102,0.999999999730058,0,1,94,CO_DOCUMENT_RELATIONAL_EXCESS_NOT_EXECUTION_OR_CAUSAL
T1065,Uncommonly Used Port,T1074,Data Staged,A2_W0::2006->2007,0.0049393308752136,0.0012595293731794,0.0,0.0036798015020341,0.9999999997282462,0,1,95,CO_DOCUMENT_RELATIONAL_EXCESS_NOT_EXECUTION_OR_CAUSAL
T1002,Data Compressed,T1065,Uncommonly Used Port,A2_W0::2006->2007,0.0049393308752136,0.0012842260275555,0.0,0.003655104847658,0.99999999972641,0,1,96,CO_DOCUMENT_RELATIONAL_EXCESS_NOT_EXECUTION_OR_CAUSAL
T1021,Remote Services,T1136,Create Account,A2_W0::2006->2007,0.0049393308752136,0.0012842260275555,0.0,0.003655104847658,0.99999999972641,0,1,97,CO_DOCUMENT_RELATIONAL_EXCESS_NOT_EXECUTION_OR_CAUSAL
T1065,Uncommonly Used Port,T1090,Proxy,A2_W0::2006->2007,0.0049393308752136,0.0012842260275555,0.0,0.003655104847658,0.99999999972641,0,1,98,CO_DOCUMENT_RELATIONAL_EXCESS_NOT_EXECUTION_OR_CAUSAL
T1074,Data Staged,T1081,Credentials in Files,A2_W0::2006->2007,0.0049393308752136,0.0012842260275555,0.0,0.003655104847658,0.99999999972641,0,1,99,CO_DOCUMENT_RELATIONAL_EXCESS_NOT_EXECUTION_OR_CAUSAL
T1053.005,Scheduled Task,T1090,Proxy,A2_W0::2006->2007,0.0049393308752136,0.0013089226819316,0.0,0.0036304081932819,0.9999999997245488,0,1,100,CO_DOCUMENT_RELATIONAL_EXCESS_NOT_EXECUTION_OR_CAUSAL
T1056.001,Keylogging,T1113,Screen Capture,A2_W0::2007->2008,0.0420193095867504,0.0212770503998363,0.0,0.020742259186914,0.9999999999517892,0,3,1,CO_DOCUMENT_RELATIONAL_EXCESS_NOT_EXECUTION_OR_CAUSAL
T1012,Query Registry,T1027,Obfuscated Files or Information,A2_W0::2007->2008,0.0267395606461138,0.0093206468537882,0.0,0.0174189137923256,0.9999999999425911,0,2,2,CO_DOCUMENT_RELATIONAL_EXCESS_NOT_EXECUTION_OR_CAUSAL
T1556.006,Multi-Factor Authentication,T1559.001,Component Object Model,A2_W0::2007->2008,0.0229196234109547,0.006073700203903,0.0,0.0168459232070517,0.9999999999406384,0,1,3,CO_DOCUMENT_RELATIONAL_EXCESS_NOT_EXECUTION_OR_CAUSAL
T1082,System Information Discovery,T1134.001,Token Impersonation/Theft,A2_W0::2007->2008,0.0,0.0,0.0152131390956578,0.0,-0.9999999999342674,1,0,4,CO_DOCUMENT_RELATIONAL_EXCESS_NOT_EXECUTION_OR_CAUSAL
T1056.001,Keylogging,T1559.001,Component Object Model,A2_W0::2007->2008,0.0229196234109547,0.0080218681938341,0.0,0.0148977552171206,0.9999999999328758,0,1,5,CO_DOCUMENT_RELATIONAL_EXCESS_NOT_EXECUTION_OR_CAUSAL
T1055,Process Injection,T1134.001,Token Impersonation/Theft,A2_W0::2007->2008,0.0,0.0,0.0148056442984527,0.0,-0.999999999932458,1,0,6,CO_DOCUMENT_RELATIONAL_EXCESS_NOT_EXECUTION_OR_CAUSAL
T1056.001,Keylogging,T1556.006,Multi-Factor Authentication,A2_W0::2007->2008,0.0229196234109547,0.0083056349598745,0.0,0.0146139884510802,0.9999999999315724,0,1,7,CO_DOCUMENT_RELATIONAL_EXCESS_NOT_EXECUTION_OR_CAUSAL
T1134,Access Token Manipulation,T1134.001,Token Impersonation/Theft,A2_W0::2007->2008,0.0,0.0,0.0142623179021792,0.0,-0.9999999999298852,1,0,8,CO_DOCUMENT_RELATIONAL_EXCESS_NOT_EXECUTION_OR_CAUSAL
T1055,Process Injection,T1134,Access Token Manipulation,A2_W0::2007->2008,0.0,0.0,0.0138819894247877,0.0,-0.9999999999279642,2,0,9,CO_DOCUMENT_RELATIONAL_EXCESS_NOT_EXECUTION_OR_CAUSAL
T1204.002,Malicious File,T1593.001,Social Media,A2_W0::2007->2008,0.0089146521437315,0.0103644171159546,0.0138383586687234,0.0,-0.999999999927737,3,2,10,CO_DOCUMENT_RELATIONAL_EXCESS_NOT_EXECUTION_OR_CAUSAL
T1053.005,Scheduled Task,T1078,Valid Accounts,A2_W0::2007->2008,0.0,0.0,0.0135831599068374,0.0,-0.9999999999263794,1,0,11,CO_DOCUMENT_RELATIONAL_EXCESS_NOT_EXECUTION_OR_CAUSAL
T1113,Screen Capture,T1559.001,Component Object Model,A2_W0::2007->2008,0.0229196234109547,0.0093970455984914,0.0,0.0135225778124633,0.9999999999260496,0,1,12,CO_DOCUMENT_RELATIONAL_EXCESS_NOT_EXECUTION_OR_CAUSAL
T1113,Screen Capture,T1556.006,Multi-Factor Authentication,A2_W0::2007->2008,0.0229196234109547,0.0095116437155462,0.0,0.0134079796954085,0.9999999999254175,0,1,13,CO_DOCUMENT_RELATIONAL_EXCESS_NOT_EXECUTION_OR_CAUSAL
T1082,System Information Discovery,T1134,Access Token Manipulation,A2_W0::2007->2008,0.0,0.0,0.0130398335105639,0.0,-0.999999999923312,1,0,14,CO_DOCUMENT_RELATIONAL_EXCESS_NOT_EXECUTION_OR_CAUSAL
T1041,Exfiltration Over C2 Channel,T1059,Command and Scripting Interpreter,A2_W0::2007->2008,0.0,0.0,0.012949279111185,0.0,-0.9999999999227756,1,0,15,CO_DOCUMENT_RELATIONAL_EXCESS_NOT_EXECUTION_OR_CAUSAL
T1059,Command and Scripting Interpreter,T1569,System Services,A2_W0::2007->2008,0.0,0.0,0.012949279111185,0.0,-0.9999999999227756,2,0,16,CO_DOCUMENT_RELATIONAL_EXCESS_NOT_EXECUTION_OR_CAUSAL
T1027,Obfuscated Files or Information,T1134.001,Token Impersonation/Theft,A2_W0::2007->2008,0.0,0.0,0.0126323387133587,0.0,-0.999999999920838,1,0,17,CO_DOCUMENT_RELATIONAL_EXCESS_NOT_EXECUTION_OR_CAUSAL
T1543.003,Windows Service,T1583.008,Malvertising,A2_W0::2007->2008,0.0,0.0,0.0125870615136693,0.0,-0.9999999999205532,1,0,18,CO_DOCUMENT_RELATIONAL_EXCESS_NOT_EXECUTION_OR_CAUSAL
T1055,Process Injection,T1082,System Information Discovery,A2_W0::2007->2008,0.012987786599541,0.0141566873934997,0.0124965071142904,0.0,-0.9999999999199776,1,2,19,CO_DOCUMENT_RELATIONAL_EXCESS_NOT_EXECUTION_OR_CAUSAL
T1003.002,Security Account Manager,T1053.005,Scheduled Task,A2_W0::2007->2008,0.0,0.0,0.0122248439161536,0.0,-0.9999999999181992,1,0,20,CO_DOCUMENT_RELATIONAL_EXCESS_NOT_EXECUTION_OR_CAUSAL
T1041,Exfiltration Over C2 Channel,T1053.005,Scheduled Task,A2_W0::2007->2008,0.0,0.0,0.0121342895167747,0.0,-0.9999999999175888,1,0,21,CO_DOCUMENT_RELATIONAL_EXCESS_NOT_EXECUTION_OR_CAUSAL
T1041,Exfiltration Over C2 Channel,T1053,Scheduled Task/Job,A2_W0::2007->2008,0.0,0.0,0.0120437351173958,0.0,-0.9999999999169692,1,0,22,CO_DOCUMENT_RELATIONAL_EXCESS_NOT_EXECUTION_OR_CAUSAL
T1053.005,Scheduled Task,T1569,System Services,A2_W0::2007->2008,0.0,0.0,0.0120437351173958,0.0,-0.9999999999169692,1,0,23,CO_DOCUMENT_RELATIONAL_EXCESS_NOT_EXECUTION_OR_CAUSAL
T1012,Query Registry,T1057,Process Discovery,A2_W0::2007->2008,0.0229196234109547,0.0108868211202035,0.0,0.0120328022907512,0.9999999999168938,0,1,24,CO_DOCUMENT_RELATIONAL_EXCESS_NOT_EXECUTION_OR_CAUSAL
T1053.005,Scheduled Task,T1588.007,Artificial Intelligence,A2_W0::2007->2008,0.0,0.0,0.011862626318638,0.0,-0.9999999999157017,1,0,25,CO_DOCUMENT_RELATIONAL_EXCESS_NOT_EXECUTION_OR_CAUSAL
T1003.002,Security Account Manager,T1053,Scheduled Task/Job,A2_W0::2007->2008,0.0,0.0,0.0117720719192591,0.0,-0.9999999999150532,1,0,26,CO_DOCUMENT_RELATIONAL_EXCESS_NOT_EXECUTION_OR_CAUSAL
T1053,Scheduled Task/Job,T1078,Valid Accounts,A2_W0::2007->2008,0.0,0.0,0.0117720719192591,0.0,-0.9999999999150532,1,0,27,CO_DOCUMENT_RELATIONAL_EXCESS_NOT_EXECUTION_OR_CAUSAL
T1056.001,Keylogging,T1593.001,Social Media,A2_W0::2007->2008,0.0028022705586109,0.0044503006229224,0.0116815175198801,0.0,-0.9999999999143948,2,2,28,CO_DOCUMENT_RELATIONAL_EXCESS_NOT_EXECUTION_OR_CAUSAL
T1041,Exfiltration Over C2 Channel,T1078,Valid Accounts,A2_W0::2007->2008,0.0,0.0,0.0112287455229856,0.0,-0.9999999999109428,1,0,29,CO_DOCUMENT_RELATIONAL_EXCESS_NOT_EXECUTION_OR_CAUSAL
T1078,Valid Accounts,T1569,System Services,A2_W0::2007->2008,0.0,0.0,0.0112287455229856,0.0,-0.9999999999109428,1,0,30,CO_DOCUMENT_RELATIONAL_EXCESS_NOT_EXECUTION_OR_CAUSAL
T1204,User Execution,T1518,Software Discovery,A2_W0::2007->2008,0.0244475983050184,0.0132628220804725,0.0,0.0111847762245459,0.9999999999105929,0,2,31,CO_DOCUMENT_RELATIONAL_EXCESS_NOT_EXECUTION_OR_CAUSAL
T1003.002,Security Account Manager,T1569,System Services,A2_W0::2007->2008,0.0,0.0,0.0111381911236066,0.0,-0.9999999999102188,1,0,32,CO_DOCUMENT_RELATIONAL_EXCESS_NOT_EXECUTION_OR_CAUSAL
T1027,Obfuscated Files or Information,T1082,System Information Discovery,A2_W0::2007->2008,0.0038199372351591,0.0038199372351591,0.0111381911236066,0.0,-0.9999999999102188,1,1,33,CO_DOCUMENT_RELATIONAL_EXCESS_NOT_EXECUTION_OR_CAUSAL
T1041,Exfiltration Over C2 Channel,T1569,System Services,A2_W0::2007->2008,0.0,0.0,0.010775973526091,0.0,-0.9999999999072008,1,0,34,CO_DOCUMENT_RELATIONAL_EXCESS_NOT_EXECUTION_OR_CAUSAL
T1059,Command and Scripting Interpreter,T1588.007,Artificial Intelligence,A2_W0::2007->2008,0.0,0.0,0.010775973526091,0.0,-0.9999999999072008,1,0,35,CO_DOCUMENT_RELATIONAL_EXCESS_NOT_EXECUTION_OR_CAUSAL
T1518.001,Security Software Discovery,T1566.001,Spearphishing Attachment,A2_W0::2007->2008,0.0152797489406365,0.0045075259374877,0.0,0.0107722230031487,0.9999999999071686,0,1,36,CO_DOCUMENT_RELATIONAL_EXCESS_NOT_EXECUTION_OR_CAUSAL
T1027,Obfuscated Files or Information,T1055,Process Injection,A2_W0::2007->2008,0.0038199372351591,0.0038199372351591,0.0107306963264015,0.0,-0.9999999999068092,1,1,37,CO_DOCUMENT_RELATIONAL_EXCESS_NOT_EXECUTION_OR_CAUSAL
T1027,Obfuscated Files or Information,T1134,Access Token Manipulation,A2_W0::2007->2008,0.0,0.0,0.0107306963264015,0.0,-0.9999999999068092,1,0,38,CO_DOCUMENT_RELATIONAL_EXCESS_NOT_EXECUTION_OR_CAUSAL
T1053,Scheduled Task/Job,T1569,System Services,A2_W0::2007->2008,0.0,0.0,0.0106854191267121,0.0,-0.9999999999064144,2,0,39,CO_DOCUMENT_RELATIONAL_EXCESS_NOT_EXECUTION_OR_CAUSAL
T1053,Scheduled Task/Job,T1588.007,Artificial Intelligence,A2_W0::2007->2008,0.0,0.0,0.0106854191267121,0.0,-0.9999999999064144,1,0,40,CO_DOCUMENT_RELATIONAL_EXCESS_NOT_EXECUTION_OR_CAUSAL
T1518.001,Security Software Discovery,T1547.001,Registry Run Keys / Startup Folder,A2_W0::2007->2008,0.0152797489406365,0.0046603234268941,0.0,0.0106194255137423,0.9999999999058328,0,1,41,CO_DOCUMENT_RELATIONAL_EXCESS_NOT_EXECUTION_OR_CAUSAL
T1078,Valid Accounts,T1588.007,Artificial Intelligence,A2_W0::2007->2008,0.0,0.0,0.0105948647273331,0.0,-0.9999999999056146,1,0,42,CO_DOCUMENT_RELATIONAL_EXCESS_NOT_EXECUTION_OR_CAUSAL
T1057,Process Discovery,T1556.006,Multi-Factor Authentication,A2_W0::2007->2008,0.0229196234109547,0.0123765966419155,0.0,0.0105430267690391,0.9999999999051504,0,1,43,CO_DOCUMENT_RELATIONAL_EXCESS_NOT_EXECUTION_OR_CAUSAL
T1071.001,Web Protocols,T1204,User Execution,A2_W0::2007->2008,0.0152797489406365,0.0047367221715973,0.0,0.0105430267690391,0.9999999999051504,0,1,44,CO_DOCUMENT_RELATIONAL_EXCESS_NOT_EXECUTION_OR_CAUSAL
T1071.001,Web Protocols,T1518.001,Security Software Discovery,A2_W0::2007->2008,0.0152797489406365,0.0048131209163005,0.0,0.010466628024336,0.9999999999044582,0,1,45,CO_DOCUMENT_RELATIONAL_EXCESS_NOT_EXECUTION_OR_CAUSAL
T1204,User Execution,T1518.001,Security Software Discovery,A2_W0::2007->2008,0.0152797489406365,0.0048131209163005,0.0,0.010466628024336,0.9999999999044582,0,1,46,CO_DOCUMENT_RELATIONAL_EXCESS_NOT_EXECUTION_OR_CAUSAL
T1027,Obfuscated Files or Information,T1547,Boot or Logon Autostart Execution,A2_W0::2007->2008,0.0152797489406365,0.0048895196610036,0.0,0.0103902292796328,0.9999999999037557,0,1,47,CO_DOCUMENT_RELATIONAL_EXCESS_NOT_EXECUTION_OR_CAUSAL
T1056.001,Keylogging,T1204.002,Malicious File,A2_W0::2007->2008,0.0,0.0062646970656609,0.0103232015291964,0.0,-0.9999999999031308,1,0,48,CO_DOCUMENT_RELATIONAL_EXCESS_NOT_EXECUTION_OR_CAUSAL
T1204,User Execution,T1547.001,Registry Run Keys / Startup Folder,A2_W0::2007->2008,0.0152797489406365,0.00504231715041,0.0,0.0102374317902264,0.9999999999023192,0,1,49,CO_DOCUMENT_RELATIONAL_EXCESS_NOT_EXECUTION_OR_CAUSAL
T1003.002,Security Account Manager,T1059,Command and Scripting Interpreter,A2_W0::2007->2008,0.0,0.0,0.0102326471298175,0.0,-0.9999999999022736,1,0,50,CO_DOCUMENT_RELATIONAL_EXCESS_NOT_EXECUTION_OR_CAUSAL
T1003.002,Security Account Manager,T1588.007,Artificial Intelligence,A2_W0::2007->2008,0.0,0.0,0.0102326471298175,0.0,-0.9999999999022736,1,0,51,CO_DOCUMENT_RELATIONAL_EXCESS_NOT_EXECUTION_OR_CAUSAL
T1041,Exfiltration Over C2 Channel,T1588.007,Artificial Intelligence,A2_W0::2007->2008,0.0,0.0,0.0102326471298175,0.0,-0.9999999999022736,1,0,52,CO_DOCUMENT_RELATIONAL_EXCESS_NOT_EXECUTION_OR_CAUSAL
T1569,System Services,T1588.007,Artificial Intelligence,A2_W0::2007->2008,0.0,0.0,0.0102326471298175,0.0,-0.9999999999022736,1,0,53,CO_DOCUMENT_RELATIONAL_EXCESS_NOT_EXECUTION_OR_CAUSAL
T1003.002,Security Account Manager,T1041,Exfiltration Over C2 Channel,A2_W0::2007->2008,0.0,0.0,0.0101420927304386,0.0,-0.999999999901401,1,0,54,CO_DOCUMENT_RELATIONAL_EXCESS_NOT_EXECUTION_OR_CAUSAL
T1059,Command and Scripting Interpreter,T1078,Valid Accounts,A2_W0::2007->2008,0.0,0.0,0.0101420927304386,0.0,-0.999999999901401,1,0,55,CO_DOCUMENT_RELATIONAL_EXCESS_NOT_EXECUTION_OR_CAUSAL
T1027,Obfuscated Files or Information,T1204.002,Malicious File,A2_W0::2007->2008,0.0152797489406365,0.0051951146398164,0.0,0.01008463430082,0.9999999999008392,0,1,56,CO_DOCUMENT_RELATIONAL_EXCESS_NOT_EXECUTION_OR_CAUSAL
T1204.002,Malicious File,T1547.001,Registry Run Keys / Startup Folder,A2_W0::2007->2008,0.0152797489406365,0.0051951146398164,0.0,0.01008463430082,0.9999999999008392,0,1,57,CO_DOCUMENT_RELATIONAL_EXCESS_NOT_EXECUTION_OR_CAUSAL
T1071,Application Layer Protocol,T1204.002,Malicious File,A2_W0::2007->2008,0.0152797489406365,0.0052715133845196,0.0,0.0100082355561169,0.9999999999000824,0,1,58,CO_DOCUMENT_RELATIONAL_EXCESS_NOT_EXECUTION_OR_CAUSAL
T1027,Obfuscated Files or Information,T1547.001,Registry Run Keys / Startup Folder,A2_W0::2007->2008,0.0152797489406365,0.0053479121292227,0.0,0.0099318368114137,0.9999999998993137,0,1,59,CO_DOCUMENT_RELATIONAL_EXCESS_NOT_EXECUTION_OR_CAUSAL
T1071.001,Web Protocols,T1204.002,Malicious File,A2_W0::2007->2008,0.0152797489406365,0.0053479121292227,0.0,0.0099318368114137,0.9999999998993137,0,1,60,CO_DOCUMENT_RELATIONAL_EXCESS_NOT_EXECUTION_OR_CAUSAL
T1204,User Execution,T1547,Boot or Logon Autostart Execution,A2_W0::2007->2008,0.0152797489406365,0.0053479121292227,0.0,0.0099318368114137,0.9999999998993137,0,1,61,CO_DOCUMENT_RELATIONAL_EXCESS_NOT_EXECUTION_OR_CAUSAL
T1204.002,Malicious File,T1518.001,Security Software Discovery,A2_W0::2007->2008,0.0152797489406365,0.0053479121292227,0.0,0.0099318368114137,0.9999999998993137,0,1,62,CO_DOCUMENT_RELATIONAL_EXCESS_NOT_EXECUTION_OR_CAUSAL
T1071,Application Layer Protocol,T1204,User Execution,A2_W0::2007->2008,0.0152797489406365,0.0055007096186291,0.0,0.0097790393220073,0.9999999998977404,0,1,63,CO_DOCUMENT_RELATIONAL_EXCESS_NOT_EXECUTION_OR_CAUSAL
T1071,Application Layer Protocol,T1518.001,Security Software Discovery,A2_W0::2007->2008,0.0152797489406365,0.0055007096186291,0.0,0.0097790393220073,0.9999999998977404,0,1,64,CO_DOCUMENT_RELATIONAL_EXCESS_NOT_EXECUTION_OR_CAUSAL
T1027,Obfuscated Files or Information,T1518.001,Security Software Discovery,A2_W0::2007->2008,0.0152797489406365,0.0055771083633323,0.0,0.0097026405773041,0.9999999998969352,0,1,65,CO_DOCUMENT_RELATIONAL_EXCESS_NOT_EXECUTION_OR_CAUSAL
T1027,Obfuscated Files or Information,T1071.001,Web Protocols,A2_W0::2007->2008,0.0152797489406365,0.0056535071080355,0.0,0.009626241832601,0.9999999998961172,0,1,66,CO_DOCUMENT_RELATIONAL_EXCESS_NOT_EXECUTION_OR_CAUSAL
T1204,User Execution,T1204.002,Malicious File,A2_W0::2007->2008,0.0152797489406365,0.0056535071080355,0.0,0.009626241832601,0.9999999998961172,0,1,67,CO_DOCUMENT_RELATIONAL_EXCESS_NOT_EXECUTION_OR_CAUSAL
T1204,User Execution,T1566.001,Spearphishing Attachment,A2_W0::2007->2008,0.0152797489406365,0.0056535071080355,0.0,0.009626241832601,0.9999999998961172,0,1,68,CO_DOCUMENT_RELATIONAL_EXCESS_NOT_EXECUTION_OR_CAUSAL
T1057,Process Discovery,T1559.001,Component Object Model,A2_W0::2007->2008,0.0229196234109547,0.0134079796954085,0.0,0.0095116437155462,0.9999999998948657,0,1,69,CO_DOCUMENT_RELATIONAL_EXCESS_NOT_EXECUTION_OR_CAUSAL
T1003.002,Security Account Manager,T1078,Valid Accounts,A2_W0::2007->2008,0.0,0.0,0.0095082119347862,0.0,-0.9999999998948276,1,0,70,CO_DOCUMENT_RELATIONAL_EXCESS_NOT_EXECUTION_OR_CAUSAL
T1027,Obfuscated Files or Information,T1071,Application Layer Protocol,A2_W0::2007->2008,0.0152797489406365,0.0058063045974418,0.0,0.0094734443431946,0.9999999998944418,0,1,71,CO_DOCUMENT_RELATIONAL_EXCESS_NOT_EXECUTION_OR_CAUSAL
T1071,Application Layer Protocol,T1547,Boot or Logon Autostart Execution,A2_W0::2007->2008,0.0152797489406365,0.0058063045974418,0.0,0.0094734443431946,0.9999999998944418,0,1,72,CO_DOCUMENT_RELATIONAL_EXCESS_NOT_EXECUTION_OR_CAUSAL
T1071,Application Layer Protocol,T1547.001,Registry Run Keys / Startup Folder,A2_W0::2007->2008,0.0152797489406365,0.0058063045974418,0.0,0.0094734443431946,0.9999999998944418,0,1,73,CO_DOCUMENT_RELATIONAL_EXCESS_NOT_EXECUTION_OR_CAUSAL
T1204.002,Malicious File,T1518,Software Discovery,A2_W0::2007->2008,0.0152797489406365,0.0058063045974418,0.0,0.0094734443431946,0.9999999998944418,0,1,74,CO_DOCUMENT_RELATIONAL_EXCESS_NOT_EXECUTION_OR_CAUSAL
T1027,Obfuscated Files or Information,T1204,User Execution,A2_W0::2007->2008,0.0152797489406365,0.005882703342145,0.0,0.0093970455984914,0.9999999998935836,0,1,75,CO_DOCUMENT_RELATIONAL_EXCESS_NOT_EXECUTION_OR_CAUSAL
T1547,Boot or Logon Autostart Execution,T1566.001,Spearphishing Attachment,A2_W0::2007->2008,0.0152797489406365,0.005882703342145,0.0,0.0093970455984914,0.9999999998935836,0,1,76,CO_DOCUMENT_RELATIONAL_EXCESS_NOT_EXECUTION_OR_CAUSAL
T1022,Data Encrypted,T1125,Video Capture,A2_W0::2007->2008,0.0152797489406365,0.0059591020868482,0.0,0.0093206468537882,0.9999999998927112,0,1,77,CO_DOCUMENT_RELATIONAL_EXCESS_NOT_EXECUTION_OR_CAUSAL
T1027,Obfuscated Files or Information,T1566.001,Spearphishing Attachment,A2_W0::2007->2008,0.0152797489406365,0.0060355008315514,0.0,0.009244248109085,0.9999999998918244,0,1,78,CO_DOCUMENT_RELATIONAL_EXCESS_NOT_EXECUTION_OR_CAUSAL
T1547,Boot or Logon Autostart Execution,T1547.001,Registry Run Keys / Startup Folder,A2_W0::2007->2008,0.0152797489406365,0.0060355008315514,0.0,0.009244248109085,0.9999999998918244,0,1,79,CO_DOCUMENT_RELATIONAL_EXCESS_NOT_EXECUTION_OR_CAUSAL
T1022,Data Encrypted,T1057,Process Discovery,A2_W0::2007->2008,0.0152797489406365,0.0061118995762546,0.0,0.0091678493643819,0.9999999998909233,0,1,80,CO_DOCUMENT_RELATIONAL_EXCESS_NOT_EXECUTION_OR_CAUSAL
T1204.002,Malicious File,T1566.001,Spearphishing Attachment,A2_W0::2007->2008,0.0152797489406365,0.0061882983209577,0.0,0.0090914506196787,0.9999999998900064,0,1,81,CO_DOCUMENT_RELATIONAL_EXCESS_NOT_EXECUTION_OR_CAUSAL
T1057,Process Discovery,T1125,Video Capture,A2_W0::2007->2008,0.0184051521330394,0.0093901002580638,3.2526065174565133e-18,0.0090150518749755,0.9999999998890736,1,2,82,CO_DOCUMENT_RELATIONAL_EXCESS_NOT_EXECUTION_OR_CAUSAL
T1071.001,Web Protocols,T1547.001,Registry Run Keys / Startup Folder,A2_W0::2007->2008,0.0152797489406365,0.0063410958103641,0.0,0.0089386531302723,0.9999999998881264,0,1,83,CO_DOCUMENT_RELATIONAL_EXCESS_NOT_EXECUTION_OR_CAUSAL
T1518,Software Discovery,T1547,Boot or Logon Autostart Execution,A2_W0::2007->2008,0.0152797489406365,0.0063410958103641,0.0,0.0089386531302723,0.9999999998881264,0,1,84,CO_DOCUMENT_RELATIONAL_EXCESS_NOT_EXECUTION_OR_CAUSAL
T1518,Software Discovery,T1547.001,Registry Run Keys / Startup Folder,A2_W0::2007->2008,0.0152797489406365,0.0064938932997705,0.0,0.0087858556408659,0.9999999998861806,0,1,85,CO_DOCUMENT_RELATIONAL_EXCESS_NOT_EXECUTION_OR_CAUSAL
T1071.001,Web Protocols,T1566.001,Spearphishing Attachment,A2_W0::2007->2008,0.0152797489406365,0.0065702920444736,0.0,0.0087094568961628,0.9999999998851822,0,1,86,CO_DOCUMENT_RELATIONAL_EXCESS_NOT_EXECUTION_OR_CAUSAL
T1204.002,Malicious File,T1547,Boot or Logon Autostart Execution,A2_W0::2007->2008,0.0152797489406365,0.0065702920444736,0.0,0.0087094568961628,0.9999999998851822,0,1,87,CO_DOCUMENT_RELATIONAL_EXCESS_NOT_EXECUTION_OR_CAUSAL
T1518,Software Discovery,T1566.001,Spearphishing Attachment,A2_W0::2007->2008,0.0152797489406365,0.0065702920444736,0.0,0.0087094568961628,0.9999999998851822,0,1,88,CO_DOCUMENT_RELATIONAL_EXCESS_NOT_EXECUTION_OR_CAUSAL
T1518.001,Security Software Discovery,T1547,Boot or Logon Autostart Execution,A2_W0::2007->2008,0.0152797489406365,0.0065702920444736,0.0,0.0087094568961628,0.9999999998851822,0,1,89,CO_DOCUMENT_RELATIONAL_EXCESS_NOT_EXECUTION_OR_CAUSAL
T1071,Application Layer Protocol,T1071.001,Web Protocols,A2_W0::2007->2008,0.0152797489406365,0.00672308953388,0.0,0.0085566594067564,0.999999999883132,0,1,90,CO_DOCUMENT_RELATIONAL_EXCESS_NOT_EXECUTION_OR_CAUSAL
T1071.001,Web Protocols,T1547,Boot or Logon Autostart Execution,A2_W0::2007->2008,0.0152797489406365,0.0067994882785832,0.0,0.0084802606620532,0.999999999882079,0,1,91,CO_DOCUMENT_RELATIONAL_EXCESS_NOT_EXECUTION_OR_CAUSAL
T1547.001,Registry Run Keys / Startup Folder,T1566.001,Spearphishing Attachment,A2_W0::2007->2008,0.0152797489406365,0.0067994882785832,0.0,0.0084802606620532,0.999999999882079,0,1,92,CO_DOCUMENT_RELATIONAL_EXCESS_NOT_EXECUTION_OR_CAUSAL
T1053,Scheduled Task/Job,T1684,Social Engineering,A2_W0::2007->2008,0.0091678493643819,0.0091678493643818,0.0084215591422392,3.122502256758253e-17,-0.9999999998812495,1,1,93,CO_DOCUMENT_RELATIONAL_EXCESS_NOT_EXECUTION_OR_CAUSAL
T1057,Process Discovery,T1113,Screen Capture,A2_W0::2007->2008,0.0260450266033576,0.0176793640583591,3.2526065174565133e-18,0.0083656625449985,0.9999999998804628,1,2,94,CO_DOCUMENT_RELATIONAL_EXCESS_NOT_EXECUTION_OR_CAUSAL
T1071.001,Web Protocols,T1518,Software Discovery,A2_W0::2007->2008,0.0152797489406365,0.0069522857679896,0.0,0.0083274631726469,0.9999999998799154,0,1,95,CO_DOCUMENT_RELATIONAL_EXCESS_NOT_EXECUTION_OR_CAUSAL
T1518,Software Discovery,T1518.001,Security Software Discovery,A2_W0::2007->2008,0.0152797489406365,0.0070286845126927,0.0,0.0082510644279437,0.9999999998788036,0,1,96,CO_DOCUMENT_RELATIONAL_EXCESS_NOT_EXECUTION_OR_CAUSAL
T1134.001,Token Impersonation/Theft,T1684,Social Engineering,A2_W0::2007->2008,0.0,0.0,0.0081498959441024,0.0,-0.999999999877299,1,0,97,CO_DOCUMENT_RELATIONAL_EXCESS_NOT_EXECUTION_OR_CAUSAL
T1071,Application Layer Protocol,T1566.001,Spearphishing Attachment,A2_W0::2007->2008,0.0152797489406365,0.0072578807468023,0.0,0.0080218681938341,0.9999999998753408,0,1,98,CO_DOCUMENT_RELATIONAL_EXCESS_NOT_EXECUTION_OR_CAUSAL
T1059.007,JavaScript,T1559.001,Component Object Model,A2_W0::2007->2008,0.0229196234109547,0.0150123533341753,0.0,0.0079072700767793,0.999999999873534,0,1,99,CO_DOCUMENT_RELATIONAL_EXCESS_NOT_EXECUTION_OR_CAUSAL
T1071,Application Layer Protocol,T1518,Software Discovery,A2_W0::2007->2008,0.0152797489406365,0.0074106782362087,0.0,0.0078690707044278,0.99999999987292,0,1,100,CO_DOCUMENT_RELATIONAL_EXCESS_NOT_EXECUTION_OR_CAUSAL
T1556.006,Multi-Factor Authentication,T1559.001,Component Object Model,A2_W0::2008->2009,0.0,0.0,0.0168459232070517,0.0,-0.9999999999406384,1,0,1,CO_DOCUMENT_RELATIONAL_EXCESS_NOT_EXECUTION_OR_CAUSAL
T1012,Query Registry,T1106,Native API,A2_W0::2008->2009,0.0219609336651986,0.0055314101669219,0.0,0.0164295234982767,0.999999999939134,0,2,2,CO_DOCUMENT_RELATIONAL_EXCESS_NOT_EXECUTION_OR_CAUSAL
T1056.001,Keylogging,T1559.001,Component Object Model,A2_W0::2008->2009,0.0,0.0,0.0148977552171206,0.0,-0.9999999999328758,1,0,3,CO_DOCUMENT_RELATIONAL_EXCESS_NOT_EXECUTION_OR_CAUSAL
T1056.001,Keylogging,T1556.006,Multi-Factor Authentication,A2_W0::2008->2009,0.0,0.0,0.0146139884510802,0.0,-0.9999999999315724,1,0,4,CO_DOCUMENT_RELATIONAL_EXCESS_NOT_EXECUTION_OR_CAUSAL
T1113,Screen Capture,T1556.006,Multi-Factor Authentication,A2_W0::2008->2009,0.0,0.0,0.0134079796954085,0.0,-0.9999999999254175,1,0,5,CO_DOCUMENT_RELATIONAL_EXCESS_NOT_EXECUTION_OR_CAUSAL
T1543.003,Windows Service,T1590.005,IP Addresses,A2_W0::2008->2009,0.0264262046742345,0.0138090485101795,0.0,0.012617156164055,0.9999999999207428,1,3,6,CO_DOCUMENT_RELATIONAL_EXCESS_NOT_EXECUTION_OR_CAUSAL
T1012,Query Registry,T1027.002,Software Packing,A2_W0::2008->2009,0.0137255835407491,0.0021960933665198,0.0,0.0115294901742292,0.9999999999132658,0,1,7,CO_DOCUMENT_RELATIONAL_EXCESS_NOT_EXECUTION_OR_CAUSAL
T1543.003,Windows Service,T1684,Social Engineering,A2_W0::2008->2009,0.0264262046742345,0.0150628055949521,2.6020852139652106e-18,0.0113633990792824,0.9999999999119978,1,3,8,CO_DOCUMENT_RELATIONAL_EXCESS_NOT_EXECUTION_OR_CAUSAL
T1012,Query Registry,T1027.014,Polymorphic Code,A2_W0::2008->2009,0.0137255835407491,0.0027451167081498,0.0,0.0109804668325993,0.9999999999089292,0,1,9,CO_DOCUMENT_RELATIONAL_EXCESS_NOT_EXECUTION_OR_CAUSAL
T1027.014,Polymorphic Code,T1573.002,Asymmetric Cryptography,A2_W0::2008->2009,0.0137255835407491,0.0028137446258535,0.0,0.0109118389148955,0.9999999999083564,0,1,10,CO_DOCUMENT_RELATIONAL_EXCESS_NOT_EXECUTION_OR_CAUSAL
T1027.014,Polymorphic Code,T1113,Screen Capture,A2_W0::2008->2009,0.0137255835407491,0.0028823725435573,0.0,0.0108432109971918,0.9999999999077764,0,1,11,CO_DOCUMENT_RELATIONAL_EXCESS_NOT_EXECUTION_OR_CAUSAL
T1518.001,Security Software Discovery,T1566.001,Spearphishing Attachment,A2_W0::2008->2009,0.0,0.0,0.0107722230031487,0.0,-0.9999999999071686,1,0,12,CO_DOCUMENT_RELATIONAL_EXCESS_NOT_EXECUTION_OR_CAUSAL
T1027,Obfuscated Files or Information,T1027.014,Polymorphic Code,A2_W0::2008->2009,0.0137255835407491,0.0030196283789648,0.0,0.0107059551617843,0.999999999906594,0,1,13,CO_DOCUMENT_RELATIONAL_EXCESS_NOT_EXECUTION_OR_CAUSAL
T1518.001,Security Software Discovery,T1547.001,Registry Run Keys / Startup Folder,A2_W0::2008->2009,0.0,0.0,0.0106194255137423,0.0,-0.9999999999058328,1,0,14,CO_DOCUMENT_RELATIONAL_EXCESS_NOT_EXECUTION_OR_CAUSAL
T1027,Obfuscated Files or Information,T1105,Ingress Tool Transfer,A2_W0::2008->2009,0.0137255835407491,0.0031568842143723,0.0,0.0105686993263768,0.9999999999053808,0,1,15,CO_DOCUMENT_RELATIONAL_EXCESS_NOT_EXECUTION_OR_CAUSAL
T1027,Obfuscated Files or Information,T1573,Encrypted Channel,A2_W0::2008->2009,0.0137255835407491,0.0031568842143723,0.0,0.0105686993263768,0.9999999999053808,0,1,16,CO_DOCUMENT_RELATIONAL_EXCESS_NOT_EXECUTION_OR_CAUSAL
T1027.002,Software Packing,T1573.002,Asymmetric Cryptography,A2_W0::2008->2009,0.0137255835407491,0.0031568842143723,0.0,0.0105686993263768,0.9999999999053808,0,1,17,CO_DOCUMENT_RELATIONAL_EXCESS_NOT_EXECUTION_OR_CAUSAL
T1057,Process Discovery,T1556.006,Multi-Factor Authentication,A2_W0::2008->2009,0.0,0.0,0.0105430267690391,0.0,-0.9999999999051504,1,0,18,CO_DOCUMENT_RELATIONAL_EXCESS_NOT_EXECUTION_OR_CAUSAL
T1071.001,Web Protocols,T1204,User Execution,A2_W0::2008->2009,0.0008403418494336,0.0008403418494336,0.0105430267690391,2.1684043449710093e-19,-0.9999999999051504,1,1,19,CO_DOCUMENT_RELATIONAL_EXCESS_NOT_EXECUTION_OR_CAUSAL
T1071.001,Web Protocols,T1518.001,Security Software Discovery,A2_W0::2008->2009,0.0,0.0,0.010466628024336,0.0,-0.9999999999044582,1,0,20,CO_DOCUMENT_RELATIONAL_EXCESS_NOT_EXECUTION_OR_CAUSAL
T1204,User Execution,T1518.001,Security Software Discovery,A2_W0::2008->2009,0.0,0.0,0.010466628024336,0.0,-0.9999999999044582,1,0,21,CO_DOCUMENT_RELATIONAL_EXCESS_NOT_EXECUTION_OR_CAUSAL
T1027,Obfuscated Files or Information,T1547,Boot or Logon Autostart Execution,A2_W0::2008->2009,0.0,0.0,0.0103902292796328,0.0,-0.9999999999037557,1,0,22,CO_DOCUMENT_RELATIONAL_EXCESS_NOT_EXECUTION_OR_CAUSAL
T1110.002,Password Cracking,T1543.003,Windows Service,A2_W0::2008->2009,0.0137255835407491,0.0033627679674835,0.0,0.0103628155732656,0.9999999999035012,0,1,23,CO_DOCUMENT_RELATIONAL_EXCESS_NOT_EXECUTION_OR_CAUSAL
T1204,User Execution,T1547.001,Registry Run Keys / Startup Folder,A2_W0::2008->2009,0.0,0.0,0.0102374317902264,0.0,-0.9999999999023192,1,0,24,CO_DOCUMENT_RELATIONAL_EXCESS_NOT_EXECUTION_OR_CAUSAL
T1027.002,Software Packing,T1573,Encrypted Channel,A2_W0::2008->2009,0.0137255835407491,0.0036372796382985,0.0,0.0100883039024506,0.9999999999008752,0,1,25,CO_DOCUMENT_RELATIONAL_EXCESS_NOT_EXECUTION_OR_CAUSAL
T1027,Obfuscated Files or Information,T1204.002,Malicious File,A2_W0::2008->2009,0.0,0.0,0.01008463430082,0.0,-0.9999999999008392,1,0,26,CO_DOCUMENT_RELATIONAL_EXCESS_NOT_EXECUTION_OR_CAUSAL
T1204.002,Malicious File,T1547.001,Registry Run Keys / Startup Folder,A2_W0::2008->2009,0.0,0.0,0.01008463430082,0.0,-0.9999999999008392,1,0,27,CO_DOCUMENT_RELATIONAL_EXCESS_NOT_EXECUTION_OR_CAUSAL
T1053.005,Scheduled Task,T1055,Process Injection,A2_W0::2008->2009,0.0197305263398269,0.009693693375654,0.0,0.0100368329641728,0.9999999999003668,2,4,28,CO_DOCUMENT_RELATIONAL_EXCESS_NOT_EXECUTION_OR_CAUSAL
T1071,Application Layer Protocol,T1204.002,Malicious File,A2_W0::2008->2009,0.0008403418494336,0.0008403418494336,0.0100082355561169,2.1684043449710093e-19,-0.9999999999000824,1,1,29,CO_DOCUMENT_RELATIONAL_EXCESS_NOT_EXECUTION_OR_CAUSAL
T1057,Process Discovery,T1135,Network Share Discovery,A2_W0::2008->2009,0.0141177430704848,0.0041117926692787,0.0,0.0100059504012061,0.9999999999000594,0,2,30,CO_DOCUMENT_RELATIONAL_EXCESS_NOT_EXECUTION_OR_CAUSAL
T1027,Obfuscated Files or Information,T1027.002,Software Packing,A2_W0::2008->2009,0.0137255835407491,0.003774535473706,0.0,0.0099510480670431,0.999999999899508,0,1,31,CO_DOCUMENT_RELATIONAL_EXCESS_NOT_EXECUTION_OR_CAUSAL
T1027.014,Polymorphic Code,T1573,Encrypted Channel,A2_W0::2008->2009,0.0137255835407491,0.003774535473706,0.0,0.0099510480670431,0.999999999899508,0,1,32,CO_DOCUMENT_RELATIONAL_EXCESS_NOT_EXECUTION_OR_CAUSAL
T1573,Encrypted Channel,T1573.002,Asymmetric Cryptography,A2_W0::2008->2009,0.0137255835407491,0.003774535473706,2.949029909160572e-17,0.0099510480670431,0.999999999899502,2,1,33,CO_DOCUMENT_RELATIONAL_EXCESS_NOT_EXECUTION_OR_CAUSAL
T1027,Obfuscated Files or Information,T1547.001,Registry Run Keys / Startup Folder,A2_W0::2008->2009,0.0,0.0,0.0099318368114137,0.0,-0.9999999998993137,1,0,34,CO_DOCUMENT_RELATIONAL_EXCESS_NOT_EXECUTION_OR_CAUSAL
T1071.001,Web Protocols,T1204.002,Malicious File,A2_W0::2008->2009,0.0008403418494336,0.0008403418494336,0.0099318368114137,2.1684043449710093e-19,-0.9999999998993137,1,1,35,CO_DOCUMENT_RELATIONAL_EXCESS_NOT_EXECUTION_OR_CAUSAL
T1204,User Execution,T1547,Boot or Logon Autostart Execution,A2_W0::2008->2009,0.0,0.0,0.0099318368114137,0.0,-0.9999999998993137,1,0,36,CO_DOCUMENT_RELATIONAL_EXCESS_NOT_EXECUTION_OR_CAUSAL
T1204.002,Malicious File,T1518.001,Security Software Discovery,A2_W0::2008->2009,0.0,0.0,0.0099318368114137,0.0,-0.9999999998993137,1,0,37,CO_DOCUMENT_RELATIONAL_EXCESS_NOT_EXECUTION_OR_CAUSAL
T1012,Query Registry,T1573.002,Asymmetric Cryptography,A2_W0::2008->2009,0.0137255835407491,0.0038431633914097,0.0,0.0098824201493393,0.9999999998988102,0,1,38,CO_DOCUMENT_RELATIONAL_EXCESS_NOT_EXECUTION_OR_CAUSAL
T1027,Obfuscated Files or Information,T1573.002,Asymmetric Cryptography,A2_W0::2008->2009,0.0137255835407491,0.0038431633914097,0.0,0.0098824201493393,0.9999999998988102,0,1,39,CO_DOCUMENT_RELATIONAL_EXCESS_NOT_EXECUTION_OR_CAUSAL
T1027.002,Software Packing,T1027.014,Polymorphic Code,A2_W0::2008->2009,0.0137255835407491,0.0038431633914097,0.0,0.0098824201493393,0.9999999998988102,0,1,40,CO_DOCUMENT_RELATIONAL_EXCESS_NOT_EXECUTION_OR_CAUSAL
T1027.002,Software Packing,T1105,Ingress Tool Transfer,A2_W0::2008->2009,0.0137255835407491,0.0039117913091135,0.0,0.0098137922316356,0.9999999998981024,0,1,41,CO_DOCUMENT_RELATIONAL_EXCESS_NOT_EXECUTION_OR_CAUSAL
T1071,Application Layer Protocol,T1518.001,Security Software Discovery,A2_W0::2008->2009,0.0,0.0,0.0097790393220073,0.0,-0.9999999998977404,1,0,42,CO_DOCUMENT_RELATIONAL_EXCESS_NOT_EXECUTION_OR_CAUSAL
T1027,Obfuscated Files or Information,T1518.001,Security Software Discovery,A2_W0::2008->2009,0.0,0.0,0.0097026405773041,0.0,-0.9999999998969352,1,0,43,CO_DOCUMENT_RELATIONAL_EXCESS_NOT_EXECUTION_OR_CAUSAL
T1027.002,Software Packing,T1113,Screen Capture,A2_W0::2008->2009,0.0137255835407491,0.0040490471445209,0.0,0.0096765363962281,0.9999999998966572,0,1,44,CO_DOCUMENT_RELATIONAL_EXCESS_NOT_EXECUTION_OR_CAUSAL
T1106,Native API,T1573,Encrypted Channel,A2_W0::2008->2009,0.0137255835407491,0.0040490471445209,0.0,0.0096765363962281,0.9999999998966572,0,1,45,CO_DOCUMENT_RELATIONAL_EXCESS_NOT_EXECUTION_OR_CAUSAL
T1027,Obfuscated Files or Information,T1071.001,Web Protocols,A2_W0::2008->2009,0.0,0.0,0.009626241832601,0.0,-0.9999999998961172,1,0,46,CO_DOCUMENT_RELATIONAL_EXCESS_NOT_EXECUTION_OR_CAUSAL
T1204,User Execution,T1204.002,Malicious File,A2_W0::2008->2009,0.0008403418494336,0.0008403418494336,0.009626241832601,2.1684043449710093e-19,-0.9999999998961172,1,1,47,CO_DOCUMENT_RELATIONAL_EXCESS_NOT_EXECUTION_OR_CAUSAL
T1204,User Execution,T1566.001,Spearphishing Attachment,A2_W0::2008->2009,0.0008403418494336,0.0008403418494336,0.009626241832601,2.1684043449710093e-19,-0.9999999998961172,1,1,48,CO_DOCUMENT_RELATIONAL_EXCESS_NOT_EXECUTION_OR_CAUSAL
T1027.014,Polymorphic Code,T1105,Ingress Tool Transfer,A2_W0::2008->2009,0.0137255835407491,0.0041863029799284,0.0,0.0095392805608206,0.9999999998951704,0,1,49,CO_DOCUMENT_RELATIONAL_EXCESS_NOT_EXECUTION_OR_CAUSAL
T1057,Process Discovery,T1559.001,Component Object Model,A2_W0::2008->2009,0.0,0.0,0.0095116437155462,0.0,-0.9999999998948657,1,0,50,CO_DOCUMENT_RELATIONAL_EXCESS_NOT_EXECUTION_OR_CAUSAL
T1027,Obfuscated Files or Information,T1071,Application Layer Protocol,A2_W0::2008->2009,0.0,0.0,0.0094734443431946,0.0,-0.9999999998944418,1,0,51,CO_DOCUMENT_RELATIONAL_EXCESS_NOT_EXECUTION_OR_CAUSAL
T1071,Application Layer Protocol,T1547,Boot or Logon Autostart Execution,A2_W0::2008->2009,0.0,0.0,0.0094734443431946,0.0,-0.9999999998944418,1,0,52,CO_DOCUMENT_RELATIONAL_EXCESS_NOT_EXECUTION_OR_CAUSAL
T1071,Application Layer Protocol,T1547.001,Registry Run Keys / Startup Folder,A2_W0::2008->2009,0.0,0.0,0.0094734443431946,0.0,-0.9999999998944418,1,0,53,CO_DOCUMENT_RELATIONAL_EXCESS_NOT_EXECUTION_OR_CAUSAL
T1204.002,Malicious File,T1518,Software Discovery,A2_W0::2008->2009,0.0,0.0,0.0094734443431946,0.0,-0.9999999998944418,1,0,54,CO_DOCUMENT_RELATIONAL_EXCESS_NOT_EXECUTION_OR_CAUSAL
T1012,Query Registry,T1105,Ingress Tool Transfer,A2_W0::2008->2009,0.0137255835407491,0.0042549308976322,0.0,0.0094706526431169,0.9999999998944106,0,1,55,CO_DOCUMENT_RELATIONAL_EXCESS_NOT_EXECUTION_OR_CAUSAL
T1110.002,Password Cracking,T1684,Social Engineering,A2_W0::2008->2009,0.0137255835407491,0.0042549308976322,0.0,0.0094706526431169,0.9999999998944106,0,1,56,CO_DOCUMENT_RELATIONAL_EXCESS_NOT_EXECUTION_OR_CAUSAL
T1027,Obfuscated Files or Information,T1106,Native API,A2_W0::2008->2009,0.0137255835407491,0.0043235588153359,0.0,0.0094020247254131,0.99999999989364,0,1,57,CO_DOCUMENT_RELATIONAL_EXCESS_NOT_EXECUTION_OR_CAUSAL
T1027,Obfuscated Files or Information,T1204,User Execution,A2_W0::2008->2009,0.0,0.0,0.0093970455984914,0.0,-0.9999999998935836,1,0,58,CO_DOCUMENT_RELATIONAL_EXCESS_NOT_EXECUTION_OR_CAUSAL
T1547,Boot or Logon Autostart Execution,T1566.001,Spearphishing Attachment,A2_W0::2008->2009,0.0,0.0,0.0093970455984914,0.0,-0.9999999998935836,1,0,59,CO_DOCUMENT_RELATIONAL_EXCESS_NOT_EXECUTION_OR_CAUSAL
T1022,Data Encrypted,T1062,Hypervisor,A2_W0::2008->2009,0.0190442471627894,0.0096508009270892,0.0,0.0093934462357001,0.9999999998935428,0,3,60,CO_DOCUMENT_RELATIONAL_EXCESS_NOT_EXECUTION_OR_CAUSAL
T1106,Native API,T1573.002,Asymmetric Cryptography,A2_W0::2008->2009,0.0137255835407491,0.0043921867330397,0.0,0.0093333968077094,0.9999999998928578,0,1,61,CO_DOCUMENT_RELATIONAL_EXCESS_NOT_EXECUTION_OR_CAUSAL
T1589.002,Email Addresses,T1590.005,IP Addresses,A2_W0::2008->2009,0.0272736354024963,0.0179633212200481,0.0,0.0093103141824481,0.999999999892592,2,4,62,CO_DOCUMENT_RELATIONAL_EXCESS_NOT_EXECUTION_OR_CAUSAL
T1027,Obfuscated Files or Information,T1566.001,Spearphishing Attachment,A2_W0::2008->2009,0.0,0.0,0.009244248109085,0.0,-0.9999999998918244,1,0,63,CO_DOCUMENT_RELATIONAL_EXCESS_NOT_EXECUTION_OR_CAUSAL
T1547,Boot or Logon Autostart Execution,T1547.001,Registry Run Keys / Startup Folder,A2_W0::2008->2009,0.0,0.0,0.009244248109085,0.0,-0.9999999998918244,1,0,64,CO_DOCUMENT_RELATIONAL_EXCESS_NOT_EXECUTION_OR_CAUSAL
T1027,Obfuscated Files or Information,T1113,Screen Capture,A2_W0::2008->2009,0.0137255835407491,0.0045294425684472,0.0,0.0091961409723019,0.9999999998912588,0,1,65,CO_DOCUMENT_RELATIONAL_EXCESS_NOT_EXECUTION_OR_CAUSAL
T1022,Data Encrypted,T1057,Process Discovery,A2_W0::2008->2009,0.0,0.0053118008302699,0.0091678493643819,0.0,-0.9999999998909233,1,0,66,CO_DOCUMENT_RELATIONAL_EXCESS_NOT_EXECUTION_OR_CAUSAL
T1022,Data Encrypted,T1584.008,Network Devices,A2_W0::2008->2009,0.0164707002488989,0.0073706383613822,0.0,0.0091000618875166,0.9999999998901106,0,2,67,CO_DOCUMENT_RELATIONAL_EXCESS_NOT_EXECUTION_OR_CAUSAL
T1204.002,Malicious File,T1566.001,Spearphishing Attachment,A2_W0::2008->2009,0.0008403418494336,0.0178257514811107,0.0090914506196787,0.0,-0.9999999998900064,1,1,68,CO_DOCUMENT_RELATIONAL_EXCESS_NOT_EXECUTION_OR_CAUSAL
T1027.014,Polymorphic Code,T1106,Native API,A2_W0::2008->2009,0.0137255835407491,0.0046666984038547,0.0,0.0090588851368944,0.9999999998896112,0,1,69,CO_DOCUMENT_RELATIONAL_EXCESS_NOT_EXECUTION_OR_CAUSAL
T1113,Screen Capture,T1573.002,Asymmetric Cryptography,A2_W0::2008->2009,0.0137255835407491,0.0046666984038547,0.0,0.0090588851368944,0.9999999998896112,0,1,70,CO_DOCUMENT_RELATIONAL_EXCESS_NOT_EXECUTION_OR_CAUSAL
T1057,Process Discovery,T1125,Video Capture,A2_W0::2008->2009,0.0009358352414147,0.0009358352414147,0.0090150518749755,0.0,-0.9999999998890744,2,1,71,CO_DOCUMENT_RELATIONAL_EXCESS_NOT_EXECUTION_OR_CAUSAL
T1071.001,Web Protocols,T1547.001,Registry Run Keys / Startup Folder,A2_W0::2008->2009,0.0,0.0,0.0089386531302723,0.0,-0.9999999998881264,1,0,72,CO_DOCUMENT_RELATIONAL_EXCESS_NOT_EXECUTION_OR_CAUSAL
T1518,Software Discovery,T1547,Boot or Logon Autostart Execution,A2_W0::2008->2009,0.0,0.0,0.0089386531302723,0.0,-0.9999999998881264,1,0,73,CO_DOCUMENT_RELATIONAL_EXCESS_NOT_EXECUTION_OR_CAUSAL
T1105,Ingress Tool Transfer,T1106,Native API,A2_W0::2008->2009,0.0137255835407491,0.0048039542392622,0.0,0.0089216293014869,0.9999999998879128,0,1,74,CO_DOCUMENT_RELATIONAL_EXCESS_NOT_EXECUTION_OR_CAUSAL
T1105,Ingress Tool Transfer,T1573.002,Asymmetric Cryptography,A2_W0::2008->2009,0.0137255835407491,0.0048725821569659,0.0,0.0088530013837832,0.999999999887044,0,1,75,CO_DOCUMENT_RELATIONAL_EXCESS_NOT_EXECUTION_OR_CAUSAL
T1518,Software Discovery,T1547.001,Registry Run Keys / Startup Folder,A2_W0::2008->2009,0.0,0.0,0.0087858556408659,0.0,-0.9999999998861806,1,0,76,CO_DOCUMENT_RELATIONAL_EXCESS_NOT_EXECUTION_OR_CAUSAL
T1062,Hypervisor,T1584.008,Network Devices,A2_W0::2008->2009,0.0164707002488989,0.0077000523663602,0.0,0.0087706478825387,0.9999999998859832,0,2,77,CO_DOCUMENT_RELATIONAL_EXCESS_NOT_EXECUTION_OR_CAUSAL
T1008,Fallback Channels,T1110,Brute Force,A2_W0::2008->2009,0.0128677345694523,0.0041305427967941,0.0,0.0087371917726581,0.9999999998855468,0,2,78,CO_DOCUMENT_RELATIONAL_EXCESS_NOT_EXECUTION_OR_CAUSAL
T1105,Ingress Tool Transfer,T1573,Encrypted Channel,A2_W0::2008->2009,0.0137255835407491,0.0050098379923734,0.0,0.0087157455483757,0.9999999998852652,0,1,79,CO_DOCUMENT_RELATIONAL_EXCESS_NOT_EXECUTION_OR_CAUSAL
T1071.001,Web Protocols,T1566.001,Spearphishing Attachment,A2_W0::2008->2009,0.0008403418494336,0.0008403418494336,0.0087094568961628,2.1684043449710093e-19,-0.9999999998851822,1,1,80,CO_DOCUMENT_RELATIONAL_EXCESS_NOT_EXECUTION_OR_CAUSAL
T1204.002,Malicious File,T1547,Boot or Logon Autostart Execution,A2_W0::2008->2009,0.0,0.0,0.0087094568961628,0.0,-0.9999999998851822,1,0,81,CO_DOCUMENT_RELATIONAL_EXCESS_NOT_EXECUTION_OR_CAUSAL
T1518,Software Discovery,T1566.001,Spearphishing Attachment,A2_W0::2008->2009,0.0,0.0,0.0087094568961628,0.0,-0.9999999998851822,1,0,82,CO_DOCUMENT_RELATIONAL_EXCESS_NOT_EXECUTION_OR_CAUSAL
T1518.001,Security Software Discovery,T1547,Boot or Logon Autostart Execution,A2_W0::2008->2009,0.0,0.0,0.0087094568961628,0.0,-0.9999999998851822,1,0,83,CO_DOCUMENT_RELATIONAL_EXCESS_NOT_EXECUTION_OR_CAUSAL
T1027.002,Software Packing,T1106,Native API,A2_W0::2008->2009,0.0137255835407491,0.0051470938277809,0.0,0.0085784897129682,0.9999999998834294,0,1,84,CO_DOCUMENT_RELATIONAL_EXCESS_NOT_EXECUTION_OR_CAUSAL
T1071,Application Layer Protocol,T1071.001,Web Protocols,A2_W0::2008->2009,0.0008403418494336,0.0008403418494336,0.0085566594067564,2.1684043449710093e-19,-0.999999999883132,1,1,85,CO_DOCUMENT_RELATIONAL_EXCESS_NOT_EXECUTION_OR_CAUSAL
T1071.001,Web Protocols,T1547,Boot or Logon Autostart Execution,A2_W0::2008->2009,0.0,0.0,0.0084802606620532,0.0,-0.999999999882079,1,0,86,CO_DOCUMENT_RELATIONAL_EXCESS_NOT_EXECUTION_OR_CAUSAL
T1547.001,Registry Run Keys / Startup Folder,T1566.001,Spearphishing Attachment,A2_W0::2008->2009,0.0,0.0,0.0084802606620532,0.0,-0.999999999882079,1,0,87,CO_DOCUMENT_RELATIONAL_EXCESS_NOT_EXECUTION_OR_CAUSAL
T1110.002,Password Cracking,T1590.005,IP Addresses,A2_W0::2008->2009,0.0137255835407491,0.0052843496631884,0.0,0.0084412338775607,0.999999999881534,0,1,88,CO_DOCUMENT_RELATIONAL_EXCESS_NOT_EXECUTION_OR_CAUSAL
T1057,Process Discovery,T1113,Screen Capture,A2_W0::2008->2009,0.0009358352414147,0.0088064770032099,0.0083656625449985,0.0,-0.9999999998804636,2,1,89,CO_DOCUMENT_RELATIONAL_EXCESS_NOT_EXECUTION_OR_CAUSAL
T1071.001,Web Protocols,T1518,Software Discovery,A2_W0::2008->2009,0.0,0.0,0.0083274631726469,0.0,-0.9999999998799154,1,0,90,CO_DOCUMENT_RELATIONAL_EXCESS_NOT_EXECUTION_OR_CAUSAL
T1518,Software Discovery,T1518.001,Security Software Discovery,A2_W0::2008->2009,0.0,0.0,0.0082510644279437,0.0,-0.9999999998788036,1,0,91,CO_DOCUMENT_RELATIONAL_EXCESS_NOT_EXECUTION_OR_CAUSAL
T1110,Brute Force,T1190,Exploit Public-Facing Application,A2_W0::2008->2009,0.0128677345694523,0.0047353263215584,0.0,0.0081324082478938,0.9999999998770353,0,2,92,CO_DOCUMENT_RELATIONAL_EXCESS_NOT_EXECUTION_OR_CAUSAL
T1008,Fallback Channels,T1190,Exploit Public-Facing Application,A2_W0::2008->2009,0.0128677345694523,0.0047481940561278,0.0,0.0081195405133244,0.9999999998768404,0,2,93,CO_DOCUMENT_RELATIONAL_EXCESS_NOT_EXECUTION_OR_CAUSAL
T1106,Native API,T1113,Screen Capture,A2_W0::2008->2009,0.0196079764867845,0.0115628237342568,0.0,0.0080451527525276,0.9999999998757017,0,2,94,CO_DOCUMENT_RELATIONAL_EXCESS_NOT_EXECUTION_OR_CAUSAL
T1071,Application Layer Protocol,T1566.001,Spearphishing Attachment,A2_W0::2008->2009,0.0008403418494336,0.0008403418494336,0.0080218681938341,2.1684043449710093e-19,-0.9999999998753408,1,1,95,CO_DOCUMENT_RELATIONAL_EXCESS_NOT_EXECUTION_OR_CAUSAL
T1059.007,JavaScript,T1559.001,Component Object Model,A2_W0::2008->2009,0.0,0.0,0.0079072700767793,0.0,-0.999999999873534,1,0,96,CO_DOCUMENT_RELATIONAL_EXCESS_NOT_EXECUTION_OR_CAUSAL
T1059.007,JavaScript,T1556.006,Multi-Factor Authentication,A2_W0::2008->2009,0.0,0.0,0.0078526995448485,0.0,-0.9999999998726552,1,0,97,CO_DOCUMENT_RELATIONAL_EXCESS_NOT_EXECUTION_OR_CAUSAL
T1008,Fallback Channels,T1056.001,Keylogging,A2_W0::2008->2009,0.0102941876555618,0.002676488790446,0.0,0.0076176988651157,0.9999999998687268,0,1,98,CO_DOCUMENT_RELATIONAL_EXCESS_NOT_EXECUTION_OR_CAUSAL
T1056.001,Keylogging,T1110,Brute Force,A2_W0::2008->2009,0.0137255835407491,0.0062108265521889,0.0,0.0075147569885601,0.9999999998669284,1,3,99,CO_DOCUMENT_RELATIONAL_EXCESS_NOT_EXECUTION_OR_CAUSAL
T1056.001,Keylogging,T1190,Exploit Public-Facing Application,A2_W0::2008->2009,0.0102941876555618,0.0027794306670017,0.0,0.0075147569885601,0.9999999998669284,0,1,100,CO_DOCUMENT_RELATIONAL_EXCESS_NOT_EXECUTION_OR_CAUSAL
T1057,Process Discovery,T1684,Social Engineering,A2_W0::2009->2010,0.0274356874118588,0.0070165311210753,0.0,0.0204191562907834,0.9999999999510264,1,2,1,CO_DOCUMENT_RELATIONAL_EXCESS_NOT_EXECUTION_OR_CAUSAL
T1057,Process Discovery,T1112,Modify Registry,A2_W0::2009->2010,0.0256844733217401,0.0059074288640002,5.637851296924623e-18,0.0197770444577399,0.9999999999494356,1,1,2,CO_DOCUMENT_RELATIONAL_EXCESS_NOT_EXECUTION_OR_CAUSAL
T1036.002,Right-to-Left Override,T1583.008,Malvertising,A2_W0::2009->2010,0.0256844733217401,0.0075769196299133,0.0,0.0181075536918268,0.9999999999447744,0,1,3,CO_DOCUMENT_RELATIONAL_EXCESS_NOT_EXECUTION_OR_CAUSAL
T1012,Query Registry,T1106,Native API,A2_W0::2009->2010,0.0,0.0,0.0164295234982767,0.0,-0.999999999939134,2,0,4,CO_DOCUMENT_RELATIONAL_EXCESS_NOT_EXECUTION_OR_CAUSAL
T1059.007,JavaScript,T1112,Modify Registry,A2_W0::2009->2010,0.0278248460985518,0.0128101310692179,0.0,0.0150147150293339,0.9999999999333986,0,2,5,CO_DOCUMENT_RELATIONAL_EXCESS_NOT_EXECUTION_OR_CAUSAL
T1112,Modify Registry,T1684,Social Engineering,A2_W0::2009->2010,0.0256844733217401,0.0117185409530439,0.0,0.0139659323686962,0.9999999999283972,0,1,6,CO_DOCUMENT_RELATIONAL_EXCESS_NOT_EXECUTION_OR_CAUSAL
T1057,Process Discovery,T1059.007,JavaScript,A2_W0::2009->2010,0.0274356874118588,0.0142081836511626,0.0,0.0132275037606962,0.9999999999244,1,2,7,CO_DOCUMENT_RELATIONAL_EXCESS_NOT_EXECUTION_OR_CAUSAL
T1543.003,Windows Service,T1590.005,IP Addresses,A2_W0::2009->2010,0.0262126172536807,0.0338379131823279,0.012617156164055,0.0,-0.9999999999207428,3,3,8,CO_DOCUMENT_RELATIONAL_EXCESS_NOT_EXECUTION_OR_CAUSAL
T1036.002,Right-to-Left Override,T1125,Video Capture,A2_W0::2009->2010,0.01284223666087,0.0012200124827826,0.0,0.0116222241780874,0.999999999913958,0,1,9,CO_DOCUMENT_RELATIONAL_EXCESS_NOT_EXECUTION_OR_CAUSAL
T1012,Query Registry,T1027.002,Software Packing,A2_W0::2009->2010,0.0,0.0,0.0115294901742292,0.0,-0.9999999999132658,1,0,10,CO_DOCUMENT_RELATIONAL_EXCESS_NOT_EXECUTION_OR_CAUSAL
T1543.003,Windows Service,T1684,Social Engineering,A2_W0::2009->2010,0.0262126172536807,0.0332204495335241,0.0113633990792824,0.0,-0.9999999999119982,3,3,11,CO_DOCUMENT_RELATIONAL_EXCESS_NOT_EXECUTION_OR_CAUSAL
T1036.002,Right-to-Left Override,T1050,New Service,A2_W0::2009->2010,0.01284223666087,0.0016052795826087,0.0,0.0112369570782613,0.999999999911008,0,1,12,CO_DOCUMENT_RELATIONAL_EXCESS_NOT_EXECUTION_OR_CAUSAL
T1593.001,Social Media,T1669,Wi-Fi Networks,A2_W0::2009->2010,0.01284223666087,0.0017979131325218,0.0,0.0110443235283482,0.9999999999094558,0,1,13,CO_DOCUMENT_RELATIONAL_EXCESS_NOT_EXECUTION_OR_CAUSAL
T1559,Inter-Process Communication,T1590.005,IP Addresses,A2_W0::2009->2010,0.0151771887810282,0.0041562147738816,0.0,0.0110209740071467,0.999999999909264,0,2,14,CO_DOCUMENT_RELATIONAL_EXCESS_NOT_EXECUTION_OR_CAUSAL
T1012,Query Registry,T1027.014,Polymorphic Code,A2_W0::2009->2010,0.0,0.0,0.0109804668325993,0.0,-0.9999999999089292,1,0,15,CO_DOCUMENT_RELATIONAL_EXCESS_NOT_EXECUTION_OR_CAUSAL
T1027.014,Polymorphic Code,T1573.002,Asymmetric Cryptography,A2_W0::2009->2010,0.0,0.0,0.0109118389148955,0.0,-0.9999999999083564,1,0,16,CO_DOCUMENT_RELATIONAL_EXCESS_NOT_EXECUTION_OR_CAUSAL
T1213.005,Messaging Applications,T1593.001,Social Media,A2_W0::2009->2010,0.01284223666087,0.0019905466824348,0.0,0.0108516899784352,0.9999999999078484,0,1,17,CO_DOCUMENT_RELATIONAL_EXCESS_NOT_EXECUTION_OR_CAUSAL
T1027.014,Polymorphic Code,T1113,Screen Capture,A2_W0::2009->2010,0.0,0.0,0.0108432109971918,0.0,-0.9999999999077764,1,0,18,CO_DOCUMENT_RELATIONAL_EXCESS_NOT_EXECUTION_OR_CAUSAL
T1036,Masquerading,T1213.005,Messaging Applications,A2_W0::2009->2010,0.01284223666087,0.0020547578657392,0.0,0.0107874787951308,0.9999999999073,0,1,19,CO_DOCUMENT_RELATIONAL_EXCESS_NOT_EXECUTION_OR_CAUSAL
T1027,Obfuscated Files or Information,T1027.014,Polymorphic Code,A2_W0::2009->2010,0.0,0.0,0.0107059551617843,0.0,-0.999999999906594,1,0,20,CO_DOCUMENT_RELATIONAL_EXCESS_NOT_EXECUTION_OR_CAUSAL
T1050,New Service,T1684,Social Engineering,A2_W0::2009->2010,0.0156960670299523,0.0051047890726958,0.0,0.0105912779572564,0.9999999999055826,0,2,21,CO_DOCUMENT_RELATIONAL_EXCESS_NOT_EXECUTION_OR_CAUSAL
T1027,Obfuscated Files or Information,T1105,Ingress Tool Transfer,A2_W0::2009->2010,0.0,0.0,0.0105686993263768,0.0,-0.9999999999053808,1,0,22,CO_DOCUMENT_RELATIONAL_EXCESS_NOT_EXECUTION_OR_CAUSAL
T1027,Obfuscated Files or Information,T1573,Encrypted Channel,A2_W0::2009->2010,0.0,0.0,0.0105686993263768,0.0,-0.9999999999053808,1,0,23,CO_DOCUMENT_RELATIONAL_EXCESS_NOT_EXECUTION_OR_CAUSAL
T1027.002,Software Packing,T1573.002,Asymmetric Cryptography,A2_W0::2009->2010,0.0,0.0,0.0105686993263768,0.0,-0.9999999999053808,1,0,24,CO_DOCUMENT_RELATIONAL_EXCESS_NOT_EXECUTION_OR_CAUSAL
T1213.005,Messaging Applications,T1669,Wi-Fi Networks,A2_W0::2009->2010,0.01284223666087,0.0024400249655653,0.0,0.0104022116953047,0.9999999999038666,0,1,25,CO_DOCUMENT_RELATIONAL_EXCESS_NOT_EXECUTION_OR_CAUSAL
T1110.002,Password Cracking,T1543.003,Windows Service,A2_W0::2009->2010,0.0171229822144934,0.0171229822144934,0.0103628155732656,5.551115123125783e-17,-0.9999999999034904,1,1,26,CO_DOCUMENT_RELATIONAL_EXCESS_NOT_EXECUTION_OR_CAUSAL
T1036.002,Right-to-Left Override,T1123,Audio Capture,A2_W0::2009->2010,0.01284223666087,0.002568447332174,0.0,0.010273789328696,0.9999999999026647,0,1,27,CO_DOCUMENT_RELATIONAL_EXCESS_NOT_EXECUTION_OR_CAUSAL
T1059.007,JavaScript,T1213.005,Messaging Applications,A2_W0::2009->2010,0.01284223666087,0.002568447332174,0.0,0.010273789328696,0.9999999999026647,0,1,28,CO_DOCUMENT_RELATIONAL_EXCESS_NOT_EXECUTION_OR_CAUSAL
T1059.007,JavaScript,T1669,Wi-Fi Networks,A2_W0::2009->2010,0.01284223666087,0.0026326585154783,0.0,0.0102095781453917,0.9999999999020528,0,1,29,CO_DOCUMENT_RELATIONAL_EXCESS_NOT_EXECUTION_OR_CAUSAL
T1027.002,Software Packing,T1573,Encrypted Channel,A2_W0::2009->2010,0.0,0.0,0.0100883039024506,0.0,-0.9999999999008752,1,0,30,CO_DOCUMENT_RELATIONAL_EXCESS_NOT_EXECUTION_OR_CAUSAL
T1053.005,Scheduled Task,T1055,Process Injection,A2_W0::2009->2010,0.0021403727768116,0.0025577454682899,0.0100368329641728,0.0,-0.9999999999003668,4,1,31,CO_DOCUMENT_RELATIONAL_EXCESS_NOT_EXECUTION_OR_CAUSAL
T1057,Process Discovery,T1135,Network Share Discovery,A2_W0::2009->2010,0.0,0.0,0.0100059504012061,0.0,-0.9999999999000594,2,0,32,CO_DOCUMENT_RELATIONAL_EXCESS_NOT_EXECUTION_OR_CAUSAL
T1027,Obfuscated Files or Information,T1027.002,Software Packing,A2_W0::2009->2010,0.0,0.0,0.0099510480670431,0.0,-0.999999999899508,1,0,33,CO_DOCUMENT_RELATIONAL_EXCESS_NOT_EXECUTION_OR_CAUSAL
T1027.014,Polymorphic Code,T1573,Encrypted Channel,A2_W0::2009->2010,0.0,0.0,0.0099510480670431,0.0,-0.999999999899508,1,0,34,CO_DOCUMENT_RELATIONAL_EXCESS_NOT_EXECUTION_OR_CAUSAL
T1573,Encrypted Channel,T1573.002,Asymmetric Cryptography,A2_W0::2009->2010,0.0,0.0,0.0099510480670431,0.0,-0.999999999899508,1,0,35,CO_DOCUMENT_RELATIONAL_EXCESS_NOT_EXECUTION_OR_CAUSAL
T1012,Query Registry,T1573.002,Asymmetric Cryptography,A2_W0::2009->2010,0.0,0.0,0.0098824201493393,0.0,-0.9999999998988102,1,0,36,CO_DOCUMENT_RELATIONAL_EXCESS_NOT_EXECUTION_OR_CAUSAL
T1027,Obfuscated Files or Information,T1573.002,Asymmetric Cryptography,A2_W0::2009->2010,0.0,0.0,0.0098824201493393,0.0,-0.9999999998988102,1,0,37,CO_DOCUMENT_RELATIONAL_EXCESS_NOT_EXECUTION_OR_CAUSAL
T1027.002,Software Packing,T1027.014,Polymorphic Code,A2_W0::2009->2010,0.0,0.0,0.0098824201493393,0.0,-0.9999999998988102,1,0,38,CO_DOCUMENT_RELATIONAL_EXCESS_NOT_EXECUTION_OR_CAUSAL
T1027.002,Software Packing,T1105,Ingress Tool Transfer,A2_W0::2009->2010,0.0,0.0,0.0098137922316356,0.0,-0.9999999998981024,1,0,39,CO_DOCUMENT_RELATIONAL_EXCESS_NOT_EXECUTION_OR_CAUSAL
T1105,Ingress Tool Transfer,T1113,Screen Capture,A2_W0::2009->2010,0.0,0.0,0.0098137922316356,0.0,-0.9999999998981024,3,0,40,CO_DOCUMENT_RELATIONAL_EXCESS_NOT_EXECUTION_OR_CAUSAL
T1027.002,Software Packing,T1113,Screen Capture,A2_W0::2009->2010,0.0,0.0,0.0096765363962281,0.0,-0.9999999998966572,1,0,41,CO_DOCUMENT_RELATIONAL_EXCESS_NOT_EXECUTION_OR_CAUSAL
T1106,Native API,T1573,Encrypted Channel,A2_W0::2009->2010,0.0,0.0,0.0096765363962281,0.0,-0.9999999998966572,1,0,42,CO_DOCUMENT_RELATIONAL_EXCESS_NOT_EXECUTION_OR_CAUSAL
T1027.014,Polymorphic Code,T1105,Ingress Tool Transfer,A2_W0::2009->2010,0.0,0.0,0.0095392805608206,0.0,-0.9999999998951704,1,0,43,CO_DOCUMENT_RELATIONAL_EXCESS_NOT_EXECUTION_OR_CAUSAL
T1012,Query Registry,T1105,Ingress Tool Transfer,A2_W0::2009->2010,0.0,0.0,0.0094706526431169,0.0,-0.9999999998944106,1,0,44,CO_DOCUMENT_RELATIONAL_EXCESS_NOT_EXECUTION_OR_CAUSAL
T1110.002,Password Cracking,T1684,Social Engineering,A2_W0::2009->2010,0.0199768125835757,0.024113828862247,0.0094706526431169,0.0,-0.9999999998944106,1,2,45,CO_DOCUMENT_RELATIONAL_EXCESS_NOT_EXECUTION_OR_CAUSAL
T1027,Obfuscated Files or Information,T1106,Native API,A2_W0::2009->2010,0.0,0.0,0.0094020247254131,0.0,-0.99999999989364,1,0,46,CO_DOCUMENT_RELATIONAL_EXCESS_NOT_EXECUTION_OR_CAUSAL
T1022,Data Encrypted,T1062,Hypervisor,A2_W0::2009->2010,0.0,0.0014019441688116,0.0093934462357001,0.0,-0.9999999998935428,3,0,47,CO_DOCUMENT_RELATIONAL_EXCESS_NOT_EXECUTION_OR_CAUSAL
T1106,Native API,T1573.002,Asymmetric Cryptography,A2_W0::2009->2010,0.0,0.0,0.0093333968077094,0.0,-0.9999999998928578,1,0,48,CO_DOCUMENT_RELATIONAL_EXCESS_NOT_EXECUTION_OR_CAUSAL
T1027,Obfuscated Files or Information,T1113,Screen Capture,A2_W0::2009->2010,0.0,0.0,0.0091961409723019,0.0,-0.9999999998912588,1,0,49,CO_DOCUMENT_RELATIONAL_EXCESS_NOT_EXECUTION_OR_CAUSAL
T1036,Masquerading,T1669,Wi-Fi Networks,A2_W0::2009->2010,0.01284223666087,0.0036600374483479,0.0,0.0091821992125221,0.9999999998910936,0,1,50,CO_DOCUMENT_RELATIONAL_EXCESS_NOT_EXECUTION_OR_CAUSAL
T1022,Data Encrypted,T1584.008,Network Devices,A2_W0::2009->2010,0.0,0.0018656267440064,0.0091000618875166,0.0,-0.9999999998901106,2,0,51,CO_DOCUMENT_RELATIONAL_EXCESS_NOT_EXECUTION_OR_CAUSAL
T1027.014,Polymorphic Code,T1106,Native API,A2_W0::2009->2010,0.0,0.0,0.0090588851368944,0.0,-0.9999999998896112,1,0,52,CO_DOCUMENT_RELATIONAL_EXCESS_NOT_EXECUTION_OR_CAUSAL
T1113,Screen Capture,T1573.002,Asymmetric Cryptography,A2_W0::2009->2010,0.0,0.0,0.0090588851368944,0.0,-0.9999999998896112,1,0,53,CO_DOCUMENT_RELATIONAL_EXCESS_NOT_EXECUTION_OR_CAUSAL
T1105,Ingress Tool Transfer,T1106,Native API,A2_W0::2009->2010,0.0,0.0,0.0089216293014869,0.0,-0.9999999998879128,1,0,54,CO_DOCUMENT_RELATIONAL_EXCESS_NOT_EXECUTION_OR_CAUSAL
T1105,Ingress Tool Transfer,T1573.002,Asymmetric Cryptography,A2_W0::2009->2010,0.0,0.0,0.0088530013837832,0.0,-0.999999999887044,1,0,55,CO_DOCUMENT_RELATIONAL_EXCESS_NOT_EXECUTION_OR_CAUSAL
T1062,Hypervisor,T1584.008,Network Devices,A2_W0::2009->2010,0.0,0.0,0.0087706478825387,0.0,-0.9999999998859832,2,0,56,CO_DOCUMENT_RELATIONAL_EXCESS_NOT_EXECUTION_OR_CAUSAL
T1008,Fallback Channels,T1110,Brute Force,A2_W0::2009->2010,0.0,0.0,0.0087371917726581,0.0,-0.9999999998855468,2,0,57,CO_DOCUMENT_RELATIONAL_EXCESS_NOT_EXECUTION_OR_CAUSAL
T1105,Ingress Tool Transfer,T1573,Encrypted Channel,A2_W0::2009->2010,0.0,0.0,0.0087157455483757,0.0,-0.9999999998852652,1,0,58,CO_DOCUMENT_RELATIONAL_EXCESS_NOT_EXECUTION_OR_CAUSAL
T1027.002,Software Packing,T1106,Native API,A2_W0::2009->2010,0.0,0.0,0.0085784897129682,0.0,-0.9999999998834294,1,0,59,CO_DOCUMENT_RELATIONAL_EXCESS_NOT_EXECUTION_OR_CAUSAL
T1110.002,Password Cracking,T1590.005,IP Addresses,A2_W0::2009->2010,0.0171229822144934,0.0233264311195048,0.0084412338775607,0.0,-0.999999999881534,1,1,60,CO_DOCUMENT_RELATIONAL_EXCESS_NOT_EXECUTION_OR_CAUSAL
T1110,Brute Force,T1190,Exploit Public-Facing Application,A2_W0::2009->2010,0.0,0.0,0.0081324082478938,0.0,-0.9999999998770353,2,0,61,CO_DOCUMENT_RELATIONAL_EXCESS_NOT_EXECUTION_OR_CAUSAL
T1008,Fallback Channels,T1190,Exploit Public-Facing Application,A2_W0::2009->2010,0.0,0.0,0.0081195405133244,0.0,-0.9999999998768404,2,0,62,CO_DOCUMENT_RELATIONAL_EXCESS_NOT_EXECUTION_OR_CAUSAL
T1059.005,Visual Basic,T1559,Inter-Process Communication,A2_W0::2009->2010,0.01284223666087,0.0047516275645219,0.0,0.0080906090963481,0.9999999998764,0,1,63,CO_DOCUMENT_RELATIONAL_EXCESS_NOT_EXECUTION_OR_CAUSAL
T1106,Native API,T1113,Screen Capture,A2_W0::2009->2010,0.0,0.0,0.0080451527525276,0.0,-0.9999999998757017,2,0,64,CO_DOCUMENT_RELATIONAL_EXCESS_NOT_EXECUTION_OR_CAUSAL
T1006,Direct Volume Access,T1543.003,Windows Service,A2_W0::2009->2010,0.0085614911072467,0.0008561491107246,0.0,0.007705341996522,0.9999999998702198,0,1,65,CO_DOCUMENT_RELATIONAL_EXCESS_NOT_EXECUTION_OR_CAUSAL
T1006,Direct Volume Access,T1485,Data Destruction,A2_W0::2009->2010,0.0085614911072467,0.0008989565662609,0.0,0.0076625345409858,0.9999999998694948,0,1,66,CO_DOCUMENT_RELATIONAL_EXCESS_NOT_EXECUTION_OR_CAUSAL
T1123,Audio Capture,T1125,Video Capture,A2_W0::2009->2010,0.0145934507509887,0.006952319937771,0.0,0.0076411308132177,0.9999999998691292,2,2,67,CO_DOCUMENT_RELATIONAL_EXCESS_NOT_EXECUTION_OR_CAUSAL
T1008,Fallback Channels,T1056.001,Keylogging,A2_W0::2009->2010,0.0,0.0,0.0076176988651157,0.0,-0.9999999998687268,1,0,68,CO_DOCUMENT_RELATIONAL_EXCESS_NOT_EXECUTION_OR_CAUSAL
T1056.001,Keylogging,T1110,Brute Force,A2_W0::2009->2010,0.0,0.0,0.0075147569885601,0.0,-0.9999999998669284,3,0,69,CO_DOCUMENT_RELATIONAL_EXCESS_NOT_EXECUTION_OR_CAUSAL
T1056.001,Keylogging,T1190,Exploit Public-Facing Application,A2_W0::2009->2010,0.0,0.0019263354991305,0.0075147569885601,0.0,-0.9999999998669284,1,0,70,CO_DOCUMENT_RELATIONAL_EXCESS_NOT_EXECUTION_OR_CAUSAL
T1012,Query Registry,T1573,Encrypted Channel,A2_W0::2009->2010,0.0,0.0,0.0074375505811434,0.0,-0.9999999998655472,1,0,71,CO_DOCUMENT_RELATIONAL_EXCESS_NOT_EXECUTION_OR_CAUSAL
T1056.001,Keylogging,T1573,Encrypted Channel,A2_W0::2009->2010,0.0,0.004295728163061,0.0074118151120045,0.0,-0.9999999998650804,1,0,72,CO_DOCUMENT_RELATIONAL_EXCESS_NOT_EXECUTION_OR_CAUSAL
T1047,Windows Management Instrumentation,T1589.002,Email Addresses,A2_W0::2009->2010,0.01284223666087,0.0054900561725219,0.0,0.0073521804883481,0.999999999863986,0,2,73,CO_DOCUMENT_RELATIONAL_EXCESS_NOT_EXECUTION_OR_CAUSAL
T1113,Screen Capture,T1573,Encrypted Channel,A2_W0::2009->2010,0.0,0.0033903504784697,0.0072187990934627,0.0,-0.9999999998614728,1,0,74,CO_DOCUMENT_RELATIONAL_EXCESS_NOT_EXECUTION_OR_CAUSAL
T1090.003,Multi-hop Proxy,T1572,Protocol Tunneling,A2_W0::2009->2010,0.0,0.0,0.0072059313588933,0.0,-0.9999999998612252,1,0,75,CO_DOCUMENT_RELATIONAL_EXCESS_NOT_EXECUTION_OR_CAUSAL
T1059.007,JavaScript,T1593.001,Social Media,A2_W0::2009->2010,0.01701409202553,0.0099602856067194,0.0,0.0070538064188105,0.9999999998582324,3,4,76,CO_DOCUMENT_RELATIONAL_EXCESS_NOT_EXECUTION_OR_CAUSAL
T1059,Command and Scripting Interpreter,T1572,Protocol Tunneling,A2_W0::2009->2010,0.0,0.0,0.007000047605782,0.0,-0.9999999998571436,1,0,77,CO_DOCUMENT_RELATIONAL_EXCESS_NOT_EXECUTION_OR_CAUSAL
T1485,Data Destruction,T1543.003,Windows Service,A2_W0::2009->2010,0.0085614911072467,0.0015838758548406,0.0,0.006977615252406,0.9999999998566844,0,1,78,CO_DOCUMENT_RELATIONAL_EXCESS_NOT_EXECUTION_OR_CAUSAL
T1059,Command and Scripting Interpreter,T1090.003,Multi-hop Proxy,A2_W0::2009->2010,0.0,0.0,0.0068971057292264,0.0,-0.9999999998550116,1,0,79,CO_DOCUMENT_RELATIONAL_EXCESS_NOT_EXECUTION_OR_CAUSAL
T1078.001,Default Accounts,T1090.003,Multi-hop Proxy,A2_W0::2009->2010,0.0,0.0,0.0067941638526708,0.0,-0.9999999998528148,1,0,80,CO_DOCUMENT_RELATIONAL_EXCESS_NOT_EXECUTION_OR_CAUSAL
T1134,Access Token Manipulation,T1531,Account Access Removal,A2_W0::2009->2010,0.0,0.0,0.0067941638526708,0.0,-0.9999999998528148,1,0,81,CO_DOCUMENT_RELATIONAL_EXCESS_NOT_EXECUTION_OR_CAUSAL
T1113,Screen Capture,T1123,Audio Capture,A2_W0::2009->2010,0.0017512140901186,0.0017512140901186,0.0067497116787036,8.890457814381136e-18,-0.9999999998518428,4,1,82,CO_DOCUMENT_RELATIONAL_EXCESS_NOT_EXECUTION_OR_CAUSAL
T1012,Query Registry,T1113,Screen Capture,A2_W0::2009->2010,0.0,0.0,0.0066371774909234,0.0,-0.9999999998493336,2,0,83,CO_DOCUMENT_RELATIONAL_EXCESS_NOT_EXECUTION_OR_CAUSAL
T1074.002,Remote Data Staging,T1090.003,Multi-hop Proxy,A2_W0::2009->2010,0.0,0.0,0.0065882800995596,0.0,-0.9999999998482152,1,0,84,CO_DOCUMENT_RELATIONAL_EXCESS_NOT_EXECUTION_OR_CAUSAL
T1078,Valid Accounts,T1090.003,Multi-hop Proxy,A2_W0::2009->2010,0.0,0.0,0.0065882800995596,0.0,-0.9999999998482152,1,0,85,CO_DOCUMENT_RELATIONAL_EXCESS_NOT_EXECUTION_OR_CAUSAL
T1059.005,Visual Basic,T1593.001,Social Media,A2_W0::2009->2010,0.0020314825878482,0.0077462779019354,0.0065502175569676,0.0,-0.9999999998473332,3,2,86,CO_DOCUMENT_RELATIONAL_EXCESS_NOT_EXECUTION_OR_CAUSAL
T1560,Archive Collected Data,T1572,Protocol Tunneling,A2_W0::2009->2010,0.0,0.0,0.0064853382230039,0.0,-0.999999999845806,1,0,87,CO_DOCUMENT_RELATIONAL_EXCESS_NOT_EXECUTION_OR_CAUSAL
T1134,Access Token Manipulation,T1135,Network Share Discovery,A2_W0::2009->2010,0.0,0.0,0.0064390143785539,0.0,-0.9999999998446968,2,0,88,CO_DOCUMENT_RELATIONAL_EXCESS_NOT_EXECUTION_OR_CAUSAL
T1012,Query Registry,T1560,Archive Collected Data,A2_W0::2009->2010,0.0,0.0,0.0063823963464483,0.0,-0.999999999843319,1,0,89,CO_DOCUMENT_RELATIONAL_EXCESS_NOT_EXECUTION_OR_CAUSAL
T1059,Command and Scripting Interpreter,T1074.002,Remote Data Staging,A2_W0::2009->2010,0.0,0.0,0.0063823963464483,0.0,-0.999999999843319,1,0,90,CO_DOCUMENT_RELATIONAL_EXCESS_NOT_EXECUTION_OR_CAUSAL
T1074.001,Local Data Staging,T1090.003,Multi-hop Proxy,A2_W0::2009->2010,0.0,0.0,0.0063823963464483,0.0,-0.999999999843319,1,0,91,CO_DOCUMENT_RELATIONAL_EXCESS_NOT_EXECUTION_OR_CAUSAL
T1074.001,Local Data Staging,T1572,Protocol Tunneling,A2_W0::2009->2010,0.0,0.0,0.0063823963464483,0.0,-0.999999999843319,1,0,92,CO_DOCUMENT_RELATIONAL_EXCESS_NOT_EXECUTION_OR_CAUSAL
T1012,Query Registry,T1560.002,Archive via Library,A2_W0::2009->2010,0.0,0.0,0.0063412195958261,0.0,-0.9999999998423016,1,0,93,CO_DOCUMENT_RELATIONAL_EXCESS_NOT_EXECUTION_OR_CAUSAL
T1078.001,Default Accounts,T1572,Protocol Tunneling,A2_W0::2009->2010,0.0,0.0,0.0062794544698927,0.0,-0.9999999998407504,1,0,94,CO_DOCUMENT_RELATIONAL_EXCESS_NOT_EXECUTION_OR_CAUSAL
T1090.003,Multi-hop Proxy,T1560,Archive Collected Data,A2_W0::2009->2010,0.0,0.0,0.0062794544698927,0.0,-0.9999999998407504,1,0,95,CO_DOCUMENT_RELATIONAL_EXCESS_NOT_EXECUTION_OR_CAUSAL
T1110,Brute Force,T1573,Encrypted Channel,A2_W0::2009->2010,0.0,0.0,0.0062794544698927,0.0,-0.9999999998407504,1,0,96,CO_DOCUMENT_RELATIONAL_EXCESS_NOT_EXECUTION_OR_CAUSAL
T1059,Command and Scripting Interpreter,T1078,Valid Accounts,A2_W0::2009->2010,0.0,0.0,0.0061765125933371,0.0,-0.9999999998380964,1,0,97,CO_DOCUMENT_RELATIONAL_EXCESS_NOT_EXECUTION_OR_CAUSAL
T1074.002,Remote Data Staging,T1572,Protocol Tunneling,A2_W0::2009->2010,0.0,0.0,0.0061765125933371,0.0,-0.9999999998380964,1,0,98,CO_DOCUMENT_RELATIONAL_EXCESS_NOT_EXECUTION_OR_CAUSAL
T1090.003,Multi-hop Proxy,T1583.001,Domains,A2_W0::2009->2010,0.0,0.0,0.0061765125933371,0.0,-0.9999999998380964,1,0,99,CO_DOCUMENT_RELATIONAL_EXCESS_NOT_EXECUTION_OR_CAUSAL
T1134,Access Token Manipulation,T1560.002,Archive via Library,A2_W0::2009->2010,0.0,0.0,0.0061765125933371,0.0,-0.9999999998380964,1,0,100,CO_DOCUMENT_RELATIONAL_EXCESS_NOT_EXECUTION_OR_CAUSAL
T1038,DLL Search Order Hijacking,T1113,Screen Capture,A2_W0::2010->2011,0.0271938285944137,0.0064882176956249,0.0,0.0207056108987888,0.999999999951704,0,5,1,CO_DOCUMENT_RELATIONAL_EXCESS_NOT_EXECUTION_OR_CAUSAL
T1057,Process Discovery,T1684,Social Engineering,A2_W0::2010->2011,0.0012171596164286,0.0104383297278157,0.0204191562907834,0.0,-0.9999999999510264,2,2,2,CO_DOCUMENT_RELATIONAL_EXCESS_NOT_EXECUTION_OR_CAUSAL
T1036.002,Right-to-Left Override,T1583.008,Malvertising,A2_W0::2010->2011,0.0,0.0,0.0181075536918268,0.0,-0.9999999999447744,1,0,3,CO_DOCUMENT_RELATIONAL_EXCESS_NOT_EXECUTION_OR_CAUSAL
T1038,DLL Search Order Hijacking,T1204.002,Malicious File,A2_W0::2010->2011,0.0191838888798314,0.0049052138094124,0.0,0.0142786750704189,0.9999999999299656,0,2,4,CO_DOCUMENT_RELATIONAL_EXCESS_NOT_EXECUTION_OR_CAUSAL
T1056.001,Keylogging,T1059.007,JavaScript,A2_W0::2010->2011,0.0055455357675268,0.007860846288933,0.0140301435520005,0.0,-0.9999999999287248,3,3,5,CO_DOCUMENT_RELATIONAL_EXCESS_NOT_EXECUTION_OR_CAUSAL
T1112,Modify Registry,T1684,Social Engineering,A2_W0::2010->2011,0.0007993287033263,0.0025064664340017,0.0139659323686962,0.0,-0.9999999999283972,1,1,6,CO_DOCUMENT_RELATIONAL_EXCESS_NOT_EXECUTION_OR_CAUSAL
T1038,DLL Search Order Hijacking,T1056.001,Keylogging,A2_W0::2010->2011,0.0199166068578805,0.0062813913936392,0.0,0.0136352154642412,0.9999999999266604,0,3,7,CO_DOCUMENT_RELATIONAL_EXCESS_NOT_EXECUTION_OR_CAUSAL
T1113,Screen Capture,T1569,System Services,A2_W0::2010->2011,0.0199166068578805,0.0063120323272667,0.0,0.0136045745306137,0.9999999999264952,0,3,8,CO_DOCUMENT_RELATIONAL_EXCESS_NOT_EXECUTION_OR_CAUSAL
T1057,Process Discovery,T1059.007,JavaScript,A2_W0::2010->2011,0.0038435253559294,0.007911765886416,0.0132275037606962,0.0,-0.9999999999244,2,3,9,CO_DOCUMENT_RELATIONAL_EXCESS_NOT_EXECUTION_OR_CAUSAL
T1113,Screen Capture,T1204.002,Malicious File,A2_W0::2010->2011,0.0226822495684153,0.0099058258559256,0.0,0.0127764237124897,0.9999999999217308,1,3,10,CO_DOCUMENT_RELATIONAL_EXCESS_NOT_EXECUTION_OR_CAUSAL
T1056.001,Keylogging,T1204.002,Malicious File,A2_W0::2010->2011,0.0210109259160058,0.0085849330109929,0.0,0.0124259929050128,0.9999999999195236,0,2,11,CO_DOCUMENT_RELATIONAL_EXCESS_NOT_EXECUTION_OR_CAUSAL
T1021.007,Cloud Services,T1059.005,Visual Basic,A2_W0::2010->2011,0.0183845601765051,0.0060056229909916,0.0,0.0123789371855134,0.9999999999192176,0,2,12,CO_DOCUMENT_RELATIONAL_EXCESS_NOT_EXECUTION_OR_CAUSAL
T1059.007,JavaScript,T1684,Social Engineering,A2_W0::2010->2011,0.0116707026050088,0.0128951549254606,0.0119006088991173,0.0,-0.9999999999159708,7,8,13,CO_DOCUMENT_RELATIONAL_EXCESS_NOT_EXECUTION_OR_CAUSAL
T1593.001,Social Media,T1669,Wi-Fi Networks,A2_W0::2010->2011,0.0,0.0,0.0110443235283482,0.0,-0.9999999999094558,1,0,14,CO_DOCUMENT_RELATIONAL_EXCESS_NOT_EXECUTION_OR_CAUSAL
T1559,Inter-Process Communication,T1590.005,IP Addresses,A2_W0::2010->2011,0.0016713236524095,0.002542501106228,0.0110209740071467,0.0,-0.999999999909264,2,1,15,CO_DOCUMENT_RELATIONAL_EXCESS_NOT_EXECUTION_OR_CAUSAL
T1213.005,Messaging Applications,T1593.001,Social Media,A2_W0::2010->2011,0.0009676084303423,0.0009676084303423,0.0108516899784352,0.0,-0.9999999999078484,1,1,16,CO_DOCUMENT_RELATIONAL_EXCESS_NOT_EXECUTION_OR_CAUSAL
T1036,Masquerading,T1213.005,Messaging Applications,A2_W0::2010->2011,0.0,0.0,0.0107874787951308,0.0,-0.9999999999073,1,0,17,CO_DOCUMENT_RELATIONAL_EXCESS_NOT_EXECUTION_OR_CAUSAL
T1213.005,Messaging Applications,T1669,Wi-Fi Networks,A2_W0::2010->2011,0.0,0.0,0.0104022116953047,0.0,-0.9999999999038666,1,0,18,CO_DOCUMENT_RELATIONAL_EXCESS_NOT_EXECUTION_OR_CAUSAL
T1059.007,JavaScript,T1213.005,Messaging Applications,A2_W0::2010->2011,0.0,0.0,0.010273789328696,0.0,-0.9999999999026647,1,0,19,CO_DOCUMENT_RELATIONAL_EXCESS_NOT_EXECUTION_OR_CAUSAL
T1059.007,JavaScript,T1669,Wi-Fi Networks,A2_W0::2010->2011,0.0,0.0,0.0102095781453917,0.0,-0.9999999999020528,1,0,20,CO_DOCUMENT_RELATIONAL_EXCESS_NOT_EXECUTION_OR_CAUSAL
T1021.007,Cloud Services,T1684,Social Engineering,A2_W0::2010->2011,0.0167346637504084,0.0070061673236745,0.0,0.0097284964267339,0.9999999998972092,0,3,21,CO_DOCUMENT_RELATIONAL_EXCESS_NOT_EXECUTION_OR_CAUSAL
T1036,Masquerading,T1059.007,JavaScript,A2_W0::2010->2011,0.0023313753847017,0.0034541467383382,0.0095460625845801,0.0,-0.9999999998952448,2,2,22,CO_DOCUMENT_RELATIONAL_EXCESS_NOT_EXECUTION_OR_CAUSAL
T1036,Masquerading,T1669,Wi-Fi Networks,A2_W0::2010->2011,0.0,0.0,0.0091821992125221,0.0,-0.9999999998910936,1,0,23,CO_DOCUMENT_RELATIONAL_EXCESS_NOT_EXECUTION_OR_CAUSAL
T1043,Commonly Used Port,T1195,Supply Chain Compromise,A2_W0::2010->2011,0.0099916087915788,0.0013049041081801,0.0,0.0086867046833986,0.9999999998848816,0,2,24,CO_DOCUMENT_RELATIONAL_EXCESS_NOT_EXECUTION_OR_CAUSAL
T1079,Multilayer Encryption,T1195,Supply Chain Compromise,A2_W0::2010->2011,0.0099916087915788,0.0013968269090627,0.0,0.0085947818825161,0.9999999998836504,0,2,25,CO_DOCUMENT_RELATIONAL_EXCESS_NOT_EXECUTION_OR_CAUSAL
T1056.001,Keylogging,T1090.001,Internal Proxy,A2_W0::2010->2011,0.0122563734510033,0.0037075529689285,0.0,0.0085488204820748,0.9999999998830248,0,2,26,CO_DOCUMENT_RELATIONAL_EXCESS_NOT_EXECUTION_OR_CAUSAL
T1043,Commonly Used Port,T1079,Multilayer Encryption,A2_W0::2010->2011,0.0111406438026104,0.0027871592724109,0.0,0.0083534845301995,0.9999999998802894,0,3,27,CO_DOCUMENT_RELATIONAL_EXCESS_NOT_EXECUTION_OR_CAUSAL
T1079,Multilayer Encryption,T1543.003,Windows Service,A2_W0::2010->2011,0.0091922800882525,0.0009651894092665,0.0,0.008227090678986,0.9999999998784505,0,1,28,CO_DOCUMENT_RELATIONAL_EXCESS_NOT_EXECUTION_OR_CAUSAL
T1022,Data Encrypted,T1079,Multilayer Encryption,A2_W0::2010->2011,0.0111406438026104,0.0029710048741759,0.0,0.0081696389284344,0.9999999998775956,0,3,29,CO_DOCUMENT_RELATIONAL_EXCESS_NOT_EXECUTION_OR_CAUSAL
T1059.005,Visual Basic,T1559,Inter-Process Communication,A2_W0::2010->2011,0.0,0.0,0.0080906090963481,0.0,-0.9999999998764,1,0,30,CO_DOCUMENT_RELATIONAL_EXCESS_NOT_EXECUTION_OR_CAUSAL
T1022,Data Encrypted,T1195,Supply Chain Compromise,A2_W0::2010->2011,0.0099916087915788,0.0019483637143578,0.0,0.0080432450772209,0.999999999875672,0,2,31,CO_DOCUMENT_RELATIONAL_EXCESS_NOT_EXECUTION_OR_CAUSAL
T1043,Commonly Used Port,T1543.003,Windows Service,A2_W0::2010->2011,0.0118186458277532,0.0040839987249236,0.0,0.0077346471028296,0.9999999998707116,0,2,32,CO_DOCUMENT_RELATIONAL_EXCESS_NOT_EXECUTION_OR_CAUSAL
T1195,Supply Chain Compromise,T1543.003,Windows Service,A2_W0::2010->2011,0.0091922800882525,0.0015626876150029,0.0,0.0076295924732496,0.9999999998689314,0,1,33,CO_DOCUMENT_RELATIONAL_EXCESS_NOT_EXECUTION_OR_CAUSAL
T1022,Data Encrypted,T1543.003,Windows Service,A2_W0::2010->2011,0.0118186458277532,0.0042350147549449,0.0,0.0075836310728083,0.999999999868137,0,2,34,CO_DOCUMENT_RELATIONAL_EXCESS_NOT_EXECUTION_OR_CAUSAL
T1059.007,JavaScript,T1593.001,Social Media,A2_W0::2010->2011,0.0025018734255543,0.0045300738343313,0.0070538064188105,0.0,-0.9999999998582324,4,3,35,CO_DOCUMENT_RELATIONAL_EXCESS_NOT_EXECUTION_OR_CAUSAL
T1050,New Service,T1195,Supply Chain Compromise,A2_W0::2010->2011,0.0099916087915788,0.003557012729802,0.0,0.0064345960617767,0.99999999984459,0,2,36,CO_DOCUMENT_RELATIONAL_EXCESS_NOT_EXECUTION_OR_CAUSAL
T1050,New Service,T1079,Multilayer Encryption,A2_W0::2010->2011,0.0111406438026104,0.00475775431633,0.0,0.0063828894862803,0.9999999998433312,0,3,37,CO_DOCUMENT_RELATIONAL_EXCESS_NOT_EXECUTION_OR_CAUSAL
T1546.016,Installer Packages,T1590.005,IP Addresses,A2_W0::2010->2011,0.0091922800882525,0.0031253752300058,0.0,0.0060669048582466,0.9999999998351712,0,1,38,CO_DOCUMENT_RELATIONAL_EXCESS_NOT_EXECUTION_OR_CAUSAL
T1053.005,Scheduled Task,T1102.003,One-Way Communication,A2_W0::2010->2011,0.0,0.0,0.0059716400473045,0.0,-0.9999999998325416,1,0,39,CO_DOCUMENT_RELATIONAL_EXCESS_NOT_EXECUTION_OR_CAUSAL
T1047,Windows Management Instrumentation,T1056.001,Keylogging,A2_W0::2010->2011,0.0159332854863044,0.016687052453541,0.0058346561895886,0.0,-0.9999999998286102,2,2,40,CO_DOCUMENT_RELATIONAL_EXCESS_NOT_EXECUTION_OR_CAUSAL
T1047,Windows Management Instrumentation,T1113,Screen Capture,A2_W0::2010->2011,0.0109541337718342,0.0051856497207383,0.0,0.0057684840510959,0.999999999826644,1,3,41,CO_DOCUMENT_RELATIONAL_EXCESS_NOT_EXECUTION_OR_CAUSAL
T1021.007,Cloud Services,T1087.003,Email Account,A2_W0::2010->2011,0.0075423836621559,0.0019350928083218,0.0,0.005607290853834,0.9999999998216608,0,2,42,CO_DOCUMENT_RELATIONAL_EXCESS_NOT_EXECUTION_OR_CAUSAL
T1021.007,Cloud Services,T1589.002,Email Addresses,A2_W0::2010->2011,0.0061281867255016,0.0005515368052951,0.0,0.0055766499202065,0.9999999998206808,0,1,43,CO_DOCUMENT_RELATIONAL_EXCESS_NOT_EXECUTION_OR_CAUSAL
T1021.007,Cloud Services,T1593.001,Social Media,A2_W0::2010->2011,0.0061281867255016,0.0005515368052951,0.0,0.0055766499202065,0.9999999998206808,0,1,44,CO_DOCUMENT_RELATIONAL_EXCESS_NOT_EXECUTION_OR_CAUSAL
T1021.007,Cloud Services,T1204.002,Malicious File,A2_W0::2010->2011,0.0075423836621559,0.0019963746755768,0.0,0.005546008986579,0.99999999981969,0,2,45,CO_DOCUMENT_RELATIONAL_EXCESS_NOT_EXECUTION_OR_CAUSAL
T1115,Clipboard Data,T1123,Audio Capture,A2_W0::2010->2011,0.0111406438026104,0.0056942178503207,0.0,0.0054464259522896,0.9999999998163932,0,3,46,CO_DOCUMENT_RELATIONAL_EXCESS_NOT_EXECUTION_OR_CAUSAL
T1055,Process Injection,T1113,Screen Capture,A2_W0::2010->2011,0.0114356341574094,0.0060803102667087,0.0,0.0053553238907007,0.9999999998132698,0,5,47,CO_DOCUMENT_RELATIONAL_EXCESS_NOT_EXECUTION_OR_CAUSAL
T1053.005,Scheduled Task,T1059.005,Visual Basic,A2_W0::2010->2011,0.0,0.0037885325792297,0.0052011058476523,0.0,-0.9999999998077332,1,0,48,CO_DOCUMENT_RELATIONAL_EXCESS_NOT_EXECUTION_OR_CAUSAL
T1022,Data Encrypted,T1050,New Service,A2_W0::2010->2011,0.0138983278290861,0.0087760938977661,0.0,0.00512223393132,0.9999999998047726,2,6,49,CO_DOCUMENT_RELATIONAL_EXCESS_NOT_EXECUTION_OR_CAUSAL
T1059.005,Visual Basic,T1102.003,One-Way Communication,A2_W0::2010->2011,0.0,0.0,0.0051047890726958,0.0,-0.9999999998041056,1,0,50,CO_DOCUMENT_RELATIONAL_EXCESS_NOT_EXECUTION_OR_CAUSAL
T1022,Data Encrypted,T1486,Data Encrypted for Impact,A2_W0::2010->2011,0.0023313753847017,0.0023313753847017,0.0044412735118842,0.0,-0.9999999997748392,2,3,51,CO_DOCUMENT_RELATIONAL_EXCESS_NOT_EXECUTION_OR_CAUSAL
T1056.001,Keylogging,T1589.002,Email Addresses,A2_W0::2010->2011,0.0128774734569664,0.0173849736573845,0.0043235530091596,0.0,-0.9999999997687088,2,2,52,CO_DOCUMENT_RELATIONAL_EXCESS_NOT_EXECUTION_OR_CAUSAL
T1053,Scheduled Task/Job,T1560,Archive Collected Data,A2_W0::2010->2011,0.0,0.0,0.0042379380980871,0.0,-0.999999999764036,1,0,53,CO_DOCUMENT_RELATIONAL_EXCESS_NOT_EXECUTION_OR_CAUSAL
T1022,Data Encrypted,T1087,Account Discovery,A2_W0::2010->2011,0.0007993287033263,0.0007993287033263,0.0042293766069798,3.903127820947816e-18,-0.9999999997635564,2,1,54,CO_DOCUMENT_RELATIONAL_EXCESS_NOT_EXECUTION_OR_CAUSAL
T1110,Brute Force,T1595.002,Vulnerability Scanning,A2_W0::2010->2011,0.0045961400441262,0.0003676912035301,0.0,0.0042284488405961,0.9999999997635064,0,1,55,CO_DOCUMENT_RELATIONAL_EXCESS_NOT_EXECUTION_OR_CAUSAL
T1560,Archive Collected Data,T1573.001,Symmetric Cryptography,A2_W0::2010->2011,0.0,0.0012317655318258,0.0041352002048001,0.0,-0.9999999997581736,1,0,56,CO_DOCUMENT_RELATIONAL_EXCESS_NOT_EXECUTION_OR_CAUSAL
T1110,Brute Force,T1113,Screen Capture,A2_W0::2010->2011,0.0072772217365332,0.0031866570972608,0.0,0.0040905646392723,0.9999999997555348,0,4,57,CO_DOCUMENT_RELATIONAL_EXCESS_NOT_EXECUTION_OR_CAUSAL
T1090.001,Internal Proxy,T1584.008,Network Devices,A2_W0::2010->2011,0.0,0.0,0.0040838312581566,0.0,-0.9999999997551318,1,0,58,CO_DOCUMENT_RELATIONAL_EXCESS_NOT_EXECUTION_OR_CAUSAL
T1190,Exploit Public-Facing Application,T1573.001,Symmetric Cryptography,A2_W0::2010->2011,0.0,0.0,0.0039810933648697,0.0,-0.9999999997488126,1,0,59,CO_DOCUMENT_RELATIONAL_EXCESS_NOT_EXECUTION_OR_CAUSAL
T1038,DLL Search Order Hijacking,T1486,Data Encrypted for Impact,A2_W0::2010->2011,0.0023313753847017,0.0023313753847017,0.0039596896371016,0.0,-0.9999999997474548,2,3,60,CO_DOCUMENT_RELATIONAL_EXCESS_NOT_EXECUTION_OR_CAUSAL
T1022,Data Encrypted,T1560,Archive Collected Data,A2_W0::2010->2011,0.0,0.0,0.0039297244182262,0.0,-0.9999999997455292,1,0,61,CO_DOCUMENT_RELATIONAL_EXCESS_NOT_EXECUTION_OR_CAUSAL
T1113,Screen Capture,T1595.002,Vulnerability Scanning,A2_W0::2010->2011,0.0045961400441262,0.0006894210066189,0.0,0.0039067190375073,0.9999999997440306,0,1,62,CO_DOCUMENT_RELATIONAL_EXCESS_NOT_EXECUTION_OR_CAUSAL
T1053,Scheduled Task/Job,T1078,Valid Accounts,A2_W0::2010->2011,0.0015320466813754,0.0015320466813754,0.003852670998261,0.0,-0.9999999997404398,1,2,63,CO_DOCUMENT_RELATIONAL_EXCESS_NOT_EXECUTION_OR_CAUSAL
T1486,Data Encrypted for Impact,T1573.001,Symmetric Cryptography,A2_W0::2010->2011,0.0,0.0,0.003852670998261,0.0,-0.9999999997404398,1,0,64,CO_DOCUMENT_RELATIONAL_EXCESS_NOT_EXECUTION_OR_CAUSAL
T1022,Data Encrypted,T1078.001,Default Accounts,A2_W0::2010->2011,0.0,0.0,0.0038269865249392,0.0,-0.9999999997386978,1,0,65,CO_DOCUMENT_RELATIONAL_EXCESS_NOT_EXECUTION_OR_CAUSAL
T1204.005,Malicious Library,T1560,Archive Collected Data,A2_W0::2010->2011,0.0,0.0,0.0038013020516175,0.0,-0.9999999997369322,1,0,66,CO_DOCUMENT_RELATIONAL_EXCESS_NOT_EXECUTION_OR_CAUSAL
T1038,DLL Search Order Hijacking,T1560,Archive Collected Data,A2_W0::2010->2011,0.0,0.0,0.0037756175782958,0.0,-0.9999999997351426,1,0,67,CO_DOCUMENT_RELATIONAL_EXCESS_NOT_EXECUTION_OR_CAUSAL
T1053,Scheduled Task/Job,T1190,Exploit Public-Facing Application,A2_W0::2010->2011,0.0,0.0,0.0037756175782958,0.0,-0.9999999997351426,1,0,68,CO_DOCUMENT_RELATIONAL_EXCESS_NOT_EXECUTION_OR_CAUSAL
T1560,Archive Collected Data,T1574,Hijack Execution Flow,A2_W0::2010->2011,0.0,0.0,0.0037756175782958,0.0,-0.9999999997351426,1,0,69,CO_DOCUMENT_RELATIONAL_EXCESS_NOT_EXECUTION_OR_CAUSAL
T1053,Scheduled Task/Job,T1078.002,Domain Accounts,A2_W0::2010->2011,0.0,0.0,0.003749933104974,0.0,-0.9999999997333284,1,0,70,CO_DOCUMENT_RELATIONAL_EXCESS_NOT_EXECUTION_OR_CAUSAL
T1053,Scheduled Task/Job,T1573.001,Symmetric Cryptography,A2_W0::2010->2011,0.0,0.0,0.003749933104974,0.0,-0.9999999997333284,1,0,71,CO_DOCUMENT_RELATIONAL_EXCESS_NOT_EXECUTION_OR_CAUSAL
T1068,Exploitation for Privilege Escalation,T1560,Archive Collected Data,A2_W0::2010->2011,0.0,0.0,0.003749933104974,0.0,-0.9999999997333284,1,0,72,CO_DOCUMENT_RELATIONAL_EXCESS_NOT_EXECUTION_OR_CAUSAL
T1560,Archive Collected Data,T1560.001,Archive via Utility,A2_W0::2010->2011,0.0,0.0,0.003749933104974,0.0,-0.9999999997333284,1,0,73,CO_DOCUMENT_RELATIONAL_EXCESS_NOT_EXECUTION_OR_CAUSAL
T1573.001,Symmetric Cryptography,T1574,Hijack Execution Flow,A2_W0::2010->2011,0.0,0.0,0.003749933104974,0.0,-0.9999999997333284,1,0,74,CO_DOCUMENT_RELATIONAL_EXCESS_NOT_EXECUTION_OR_CAUSAL
T1003.001,LSASS Memory,T1560,Archive Collected Data,A2_W0::2010->2011,0.0,0.0,0.0037242486316523,0.0,-0.9999999997314896,1,0,75,CO_DOCUMENT_RELATIONAL_EXCESS_NOT_EXECUTION_OR_CAUSAL
T1055,Process Injection,T1204.002,Malicious File,A2_W0::2010->2011,0.0091708694979848,0.0096184459927581,0.0037242486316523,0.0,-0.9999999997314896,1,3,76,CO_DOCUMENT_RELATIONAL_EXCESS_NOT_EXECUTION_OR_CAUSAL
T1078.001,Default Accounts,T1573.001,Symmetric Cryptography,A2_W0::2010->2011,0.0,0.0,0.0037242486316523,0.0,-0.9999999997314896,1,0,77,CO_DOCUMENT_RELATIONAL_EXCESS_NOT_EXECUTION_OR_CAUSAL
T1204.005,Malicious Library,T1486,Data Encrypted for Impact,A2_W0::2010->2011,0.0,0.0,0.0036985641583305,0.0,-0.9999999997296248,1,0,78,CO_DOCUMENT_RELATIONAL_EXCESS_NOT_EXECUTION_OR_CAUSAL
T1486,Data Encrypted for Impact,T1560,Archive Collected Data,A2_W0::2010->2011,0.0,0.0,0.0036985641583305,0.0,-0.9999999997296248,1,0,79,CO_DOCUMENT_RELATIONAL_EXCESS_NOT_EXECUTION_OR_CAUSAL
T1204.002,Malicious File,T1559,Inter-Process Communication,A2_W0::2010->2011,0.0045961400441262,0.0009129605451287,0.0,0.0036831794989975,0.9999999997284954,0,1,80,CO_DOCUMENT_RELATIONAL_EXCESS_NOT_EXECUTION_OR_CAUSAL
T1022,Data Encrypted,T1574,Hijack Execution Flow,A2_W0::2010->2011,0.0,0.0,0.0036471952116871,0.0,-0.9999999997258168,1,0,81,CO_DOCUMENT_RELATIONAL_EXCESS_NOT_EXECUTION_OR_CAUSAL
T1190,Exploit Public-Facing Application,T1204.005,Malicious Library,A2_W0::2010->2011,0.0,0.0,0.0036471952116871,0.0,-0.9999999997258168,1,0,82,CO_DOCUMENT_RELATIONAL_EXCESS_NOT_EXECUTION_OR_CAUSAL
T1053.005,Scheduled Task,T1139,Bash History,A2_W0::2010->2011,0.0023313753847017,0.0023313753847017,0.0036279318566958,0.0,-0.9999999997243608,2,3,83,CO_DOCUMENT_RELATIONAL_EXCESS_NOT_EXECUTION_OR_CAUSAL
T1036,Masquerading,T1556.006,Multi-Factor Authentication,A2_W0::2010->2011,0.0,0.0,0.0036215107383653,0.0,-0.999999999723872,1,0,84,CO_DOCUMENT_RELATIONAL_EXCESS_NOT_EXECUTION_OR_CAUSAL
T1022,Data Encrypted,T1078.002,Domain Accounts,A2_W0::2010->2011,0.0,0.0,0.0035958262650436,0.0,-0.9999999997218998,1,0,85,CO_DOCUMENT_RELATIONAL_EXCESS_NOT_EXECUTION_OR_CAUSAL
T1022,Data Encrypted,T1204.005,Malicious Library,A2_W0::2010->2011,0.0,0.0,0.0035958262650436,0.0,-0.9999999997218998,1,0,86,CO_DOCUMENT_RELATIONAL_EXCESS_NOT_EXECUTION_OR_CAUSAL
T1053,Scheduled Task/Job,T1078.001,Default Accounts,A2_W0::2010->2011,0.0,0.0,0.0035958262650436,0.0,-0.9999999997218998,1,0,87,CO_DOCUMENT_RELATIONAL_EXCESS_NOT_EXECUTION_OR_CAUSAL
T1053,Scheduled Task/Job,T1486,Data Encrypted for Impact,A2_W0::2010->2011,0.0015320466813754,0.0015320466813754,0.0035958262650436,0.0,-0.9999999997218998,1,2,88,CO_DOCUMENT_RELATIONAL_EXCESS_NOT_EXECUTION_OR_CAUSAL
T1068,Exploitation for Privilege Escalation,T1204.005,Malicious Library,A2_W0::2010->2011,0.0,0.0,0.0035958262650436,0.0,-0.9999999997218998,1,0,89,CO_DOCUMENT_RELATIONAL_EXCESS_NOT_EXECUTION_OR_CAUSAL
T1087,Account Discovery,T1486,Data Encrypted for Impact,A2_W0::2010->2011,0.0007993287033263,0.0007993287033263,0.0035787032828291,3.903127820947816e-18,-0.999999999720567,2,1,90,CO_DOCUMENT_RELATIONAL_EXCESS_NOT_EXECUTION_OR_CAUSAL
T1038,DLL Search Order Hijacking,T1574,Hijack Execution Flow,A2_W0::2010->2011,0.0,0.0,0.0035701417917218,0.0,-0.9999999997198992,1,0,91,CO_DOCUMENT_RELATIONAL_EXCESS_NOT_EXECUTION_OR_CAUSAL
T1053,Scheduled Task/Job,T1068,Exploitation for Privilege Escalation,A2_W0::2010->2011,0.0,0.0,0.0035444573184001,0.0,-0.9999999997178692,1,0,92,CO_DOCUMENT_RELATIONAL_EXCESS_NOT_EXECUTION_OR_CAUSAL
T1053,Scheduled Task/Job,T1204.005,Malicious Library,A2_W0::2010->2011,0.0,0.0,0.0035444573184001,0.0,-0.9999999997178692,1,0,93,CO_DOCUMENT_RELATIONAL_EXCESS_NOT_EXECUTION_OR_CAUSAL
T1190,Exploit Public-Facing Application,T1560,Archive Collected Data,A2_W0::2010->2011,0.0,0.0,0.0035444573184001,0.0,-0.9999999997178692,1,0,94,CO_DOCUMENT_RELATIONAL_EXCESS_NOT_EXECUTION_OR_CAUSAL
T1022,Data Encrypted,T1573.001,Symmetric Cryptography,A2_W0::2010->2011,0.0,0.0,0.0035187728450784,0.0,-0.99999999971581,1,0,95,CO_DOCUMENT_RELATIONAL_EXCESS_NOT_EXECUTION_OR_CAUSAL
T1038,DLL Search Order Hijacking,T1078.001,Default Accounts,A2_W0::2010->2011,0.0,0.0,0.0035187728450784,0.0,-0.99999999971581,1,0,96,CO_DOCUMENT_RELATIONAL_EXCESS_NOT_EXECUTION_OR_CAUSAL
T1068,Exploitation for Privilege Escalation,T1573.001,Symmetric Cryptography,A2_W0::2010->2011,0.0,0.0,0.0035187728450784,0.0,-0.99999999971581,1,0,97,CO_DOCUMENT_RELATIONAL_EXCESS_NOT_EXECUTION_OR_CAUSAL
T1078.001,Default Accounts,T1574,Hijack Execution Flow,A2_W0::2010->2011,0.0,0.0,0.0035187728450784,0.0,-0.99999999971581,1,0,98,CO_DOCUMENT_RELATIONAL_EXCESS_NOT_EXECUTION_OR_CAUSAL
T1078.002,Domain Accounts,T1574,Hijack Execution Flow,A2_W0::2010->2011,0.0,0.0,0.0035187728450784,0.0,-0.99999999971581,1,0,99,CO_DOCUMENT_RELATIONAL_EXCESS_NOT_EXECUTION_OR_CAUSAL
T1078.002,Domain Accounts,T1560,Archive Collected Data,A2_W0::2010->2011,0.0,0.0,0.0034930883717566,0.0,-0.9999999997137204,1,0,100,CO_DOCUMENT_RELATIONAL_EXCESS_NOT_EXECUTION_OR_CAUSAL
T1038,DLL Search Order Hijacking,T1204.002,Malicious File,A2_W0::2011->2012,0.0006115678836673,0.0014086446920472,0.0142786750704189,0.0,-0.9999999999299656,2,1,1,CO_DOCUMENT_RELATIONAL_EXCESS_NOT_EXECUTION_OR_CAUSAL
T1038,DLL Search Order Hijacking,T1056.001,Keylogging,A2_W0::2011->2012,0.0023443435540583,0.005145834101158,0.0136352154642412,0.0,-0.9999999999266604,3,2,2,CO_DOCUMENT_RELATIONAL_EXCESS_NOT_EXECUTION_OR_CAUSAL
T1113,Screen Capture,T1569,System Services,A2_W0::2011->2012,0.0028853459126871,0.005949263588749,0.0136045745306137,0.0,-0.9999999999264952,3,3,3,CO_DOCUMENT_RELATIONAL_EXCESS_NOT_EXECUTION_OR_CAUSAL
T1027.009,Embedded Payloads,T1589.002,Email Addresses,A2_W0::2011->2012,0.01406606132435,0.0007736333728392,0.0,0.0132924279515108,0.9999999999247692,0,1,4,CO_DOCUMENT_RELATIONAL_EXCESS_NOT_EXECUTION_OR_CAUSAL
T1113,Screen Capture,T1204.002,Malicious File,A2_W0::2011->2012,0.0025574656953363,0.0111491296173914,0.0127764237124897,0.0,-0.9999999999217308,3,1,5,CO_DOCUMENT_RELATIONAL_EXCESS_NOT_EXECUTION_OR_CAUSAL
T1027.009,Embedded Payloads,T1204.002,Malicious File,A2_W0::2011->2012,0.01406606132435,0.0015418567220922,0.0,0.0125242046022578,0.9999999999201544,0,1,6,CO_DOCUMENT_RELATIONAL_EXCESS_NOT_EXECUTION_OR_CAUSAL
T1056.001,Keylogging,T1204.002,Malicious File,A2_W0::2011->2012,0.0055678159408885,0.0137165410126541,0.0124259929050128,0.0,-0.9999999999195236,2,2,7,CO_DOCUMENT_RELATIONAL_EXCESS_NOT_EXECUTION_OR_CAUSAL
T1059.005,Visual Basic,T1590.005,IP Addresses,A2_W0::2011->2012,0.0154796069550789,0.0185895664299951,0.0099929354085444,0.0,-0.9999999998999292,5,4,8,CO_DOCUMENT_RELATIONAL_EXCESS_NOT_EXECUTION_OR_CAUSAL
T1053.005,Scheduled Task,T1218.002,Control Panel,A2_W0::2011->2012,0.0090512046782774,0.0092540805627632,0.0098718522233483,0.0,-0.9999999998987018,4,2,9,CO_DOCUMENT_RELATIONAL_EXCESS_NOT_EXECUTION_OR_CAUSAL
T1043,Commonly Used Port,T1195,Supply Chain Compromise,A2_W0::2011->2012,0.0006115678836673,0.0013550596965258,0.0086867046833986,0.0,-0.9999999998848816,2,1,10,CO_DOCUMENT_RELATIONAL_EXCESS_NOT_EXECUTION_OR_CAUSAL
T1079,Multilayer Encryption,T1195,Supply Chain Compromise,A2_W0::2011->2012,0.0006115678836673,0.0006115678836673,0.0085947818825161,0.0,-0.9999999998836504,2,1,11,CO_DOCUMENT_RELATIONAL_EXCESS_NOT_EXECUTION_OR_CAUSAL
T1056.001,Keylogging,T1090.001,Internal Proxy,A2_W0::2011->2012,0.0,0.0,0.0085488204820748,0.0,-0.9999999998830248,2,0,12,CO_DOCUMENT_RELATIONAL_EXCESS_NOT_EXECUTION_OR_CAUSAL
T1043,Commonly Used Port,T1079,Multilayer Encryption,A2_W0::2011->2012,0.0006115678836673,0.0006115678836673,0.0083534845301995,0.0,-0.9999999998802894,3,1,13,CO_DOCUMENT_RELATIONAL_EXCESS_NOT_EXECUTION_OR_CAUSAL
T1079,Multilayer Encryption,T1543.003,Windows Service,A2_W0::2011->2012,0.0,0.0,0.008227090678986,0.0,-0.9999999998784505,1,0,14,CO_DOCUMENT_RELATIONAL_EXCESS_NOT_EXECUTION_OR_CAUSAL
T1022,Data Encrypted,T1079,Multilayer Encryption,A2_W0::2011->2012,0.0006115678836673,0.0006115678836673,0.0081696389284344,0.0,-0.9999999998775956,3,1,15,CO_DOCUMENT_RELATIONAL_EXCESS_NOT_EXECUTION_OR_CAUSAL
T1022,Data Encrypted,T1195,Supply Chain Compromise,A2_W0::2011->2012,0.0006115678836673,0.0006115678836673,0.0080432450772209,0.0,-0.999999999875672,2,1,16,CO_DOCUMENT_RELATIONAL_EXCESS_NOT_EXECUTION_OR_CAUSAL
T1036.002,Right-to-Left Override,T1123,Audio Capture,A2_W0::2011->2012,0.0,0.0,0.0078593994754559,0.0,-0.9999999998727638,1,0,17,CO_DOCUMENT_RELATIONAL_EXCESS_NOT_EXECUTION_OR_CAUSAL
T1036.002,Right-to-Left Override,T1125,Video Capture,A2_W0::2011->2012,0.0,0.0009318765627381,0.0078479091253456,0.0,-0.9999999998725776,1,0,18,CO_DOCUMENT_RELATIONAL_EXCESS_NOT_EXECUTION_OR_CAUSAL
T1043,Commonly Used Port,T1543.003,Windows Service,A2_W0::2011->2012,0.0,0.0015589884634488,0.0077346471028296,0.0,-0.9999999998707116,2,0,19,CO_DOCUMENT_RELATIONAL_EXCESS_NOT_EXECUTION_OR_CAUSAL
T1195,Supply Chain Compromise,T1543.003,Windows Service,A2_W0::2011->2012,0.0,0.0,0.0076295924732496,0.0,-0.9999999998689314,1,0,20,CO_DOCUMENT_RELATIONAL_EXCESS_NOT_EXECUTION_OR_CAUSAL
T1543.003,Windows Service,T1569,System Services,A2_W0::2011->2012,0.0,0.0005391990174334,0.007292542203347,0.0,-0.9999999998628736,2,0,21,CO_DOCUMENT_RELATIONAL_EXCESS_NOT_EXECUTION_OR_CAUSAL
T1071,Application Layer Protocol,T1562,Impair Defenses,A2_W0::2011->2012,0.009042467994225,0.0018034700055148,0.0,0.0072389979887101,0.9999999998618592,0,2,22,CO_DOCUMENT_RELATIONAL_EXCESS_NOT_EXECUTION_OR_CAUSAL
T1056.001,Keylogging,T1071,Application Layer Protocol,A2_W0::2011->2012,0.0128938895473209,0.0059546326273082,0.0,0.0069392569200126,0.9999999998558924,2,4,23,CO_DOCUMENT_RELATIONAL_EXCESS_NOT_EXECUTION_OR_CAUSAL
T1125,Video Capture,T1684,Social Engineering,A2_W0::2011->2012,0.003230511119757,0.0038364337614213,0.006559348434403,0.0,-0.9999999998475456,4,4,24,CO_DOCUMENT_RELATIONAL_EXCESS_NOT_EXECUTION_OR_CAUSAL
T1050,New Service,T1195,Supply Chain Compromise,A2_W0::2011->2012,0.0006115678836673,0.0014655787497886,0.0064345960617767,0.0,-0.99999999984459,2,1,25,CO_DOCUMENT_RELATIONAL_EXCESS_NOT_EXECUTION_OR_CAUSAL
T1050,New Service,T1079,Multilayer Encryption,A2_W0::2011->2012,0.0006115678836673,0.0006115678836673,0.0063828894862803,0.0,-0.9999999998433312,3,1,26,CO_DOCUMENT_RELATIONAL_EXCESS_NOT_EXECUTION_OR_CAUSAL
T1119,Automated Collection,T1562,Impair Defenses,A2_W0::2011->2012,0.009042467994225,0.0027629763315687,0.0,0.0062794916626562,0.9999999998407514,0,2,27,CO_DOCUMENT_RELATIONAL_EXCESS_NOT_EXECUTION_OR_CAUSAL
T1012,Query Registry,T1027,Obfuscated Files or Information,A2_W0::2011->2012,0.0113672100135504,0.0051092940401966,3.903127820947816e-18,0.0062579159733538,0.9999999998402012,1,5,28,CO_DOCUMENT_RELATIONAL_EXCESS_NOT_EXECUTION_OR_CAUSAL
T1012,Query Registry,T1542,Pre-OS Boot,A2_W0::2011->2012,0.007033030662175,0.0008791288327718,0.0,0.0061539018294031,0.9999999998375014,0,1,29,CO_DOCUMENT_RELATIONAL_EXCESS_NOT_EXECUTION_OR_CAUSAL
T1542,Pre-OS Boot,T1573.001,Symmetric Cryptography,A2_W0::2011->2012,0.007033030662175,0.0009494591393936,0.0,0.0060835715227814,0.9999999998356228,0,1,30,CO_DOCUMENT_RELATIONAL_EXCESS_NOT_EXECUTION_OR_CAUSAL
T1012,Query Registry,T1562,Impair Defenses,A2_W0::2011->2012,0.0095834703528538,0.0035014445510971,0.0,0.0060820258017567,0.9999999998355812,0,3,31,CO_DOCUMENT_RELATIONAL_EXCESS_NOT_EXECUTION_OR_CAUSAL
T1546.016,Installer Packages,T1590.005,IP Addresses,A2_W0::2011->2012,0.0,0.0052396078433204,0.0060669048582466,0.0,-0.9999999998351712,1,0,32,CO_DOCUMENT_RELATIONAL_EXCESS_NOT_EXECUTION_OR_CAUSAL
T1036.002,Right-to-Left Override,T1050,New Service,A2_W0::2011->2012,0.0,0.0,0.0059520013571435,0.0,-0.9999999998319892,1,0,33,CO_DOCUMENT_RELATIONAL_EXCESS_NOT_EXECUTION_OR_CAUSAL
T1036.002,Right-to-Left Override,T1684,Social Engineering,A2_W0::2011->2012,0.0,0.0014593538624013,0.0059520013571435,0.0,-0.9999999998319892,1,0,34,CO_DOCUMENT_RELATIONAL_EXCESS_NOT_EXECUTION_OR_CAUSAL
T1112,Modify Registry,T1542,Pre-OS Boot,A2_W0::2011->2012,0.007033030662175,0.001125284905948,0.0,0.005907745756227,0.9999999998307306,0,1,35,CO_DOCUMENT_RELATIONAL_EXCESS_NOT_EXECUTION_OR_CAUSAL
T1071,Application Layer Protocol,T1601,Modify System Image,A2_W0::2011->2012,0.007033030662175,0.0011956152125697,0.0,0.0058374154496052,0.9999999998286913,0,1,36,CO_DOCUMENT_RELATIONAL_EXCESS_NOT_EXECUTION_OR_CAUSAL
T1071,Application Layer Protocol,T1104,Multi-Stage Channels,A2_W0::2011->2012,0.0076445985458424,0.0018071830962371,3.903127820947816e-18,0.0058374154496052,0.99999999982869,1,2,37,CO_DOCUMENT_RELATIONAL_EXCESS_NOT_EXECUTION_OR_CAUSAL
T1036.003,Rename Legitimate Utilities,T1071,Application Layer Protocol,A2_W0::2011->2012,0.007033030662175,0.0013011106725023,0.0,0.0057319199896726,0.9999999998255384,0,1,38,CO_DOCUMENT_RELATIONAL_EXCESS_NOT_EXECUTION_OR_CAUSAL
T1485,Data Destruction,T1543.003,Windows Service,A2_W0::2011->2012,0.0,0.0006681379129066,0.005729854588344,0.0,-0.9999999998254754,1,0,39,CO_DOCUMENT_RELATIONAL_EXCESS_NOT_EXECUTION_OR_CAUSAL
T1071,Application Layer Protocol,T1105,Ingress Tool Transfer,A2_W0::2011->2012,0.0093773742162333,0.0036688976621013,0.0,0.005708476554132,0.9999999998248218,2,3,40,CO_DOCUMENT_RELATIONAL_EXCESS_NOT_EXECUTION_OR_CAUSAL
T1029,Scheduled Transfer,T1104,Multi-Stage Channels,A2_W0::2011->2012,0.0076445985458424,0.0019478437094806,3.903127820947816e-18,0.0056967548363617,0.9999999998244602,1,2,41,CO_DOCUMENT_RELATIONAL_EXCESS_NOT_EXECUTION_OR_CAUSAL
T1012,Query Registry,T1601,Modify System Image,A2_W0::2011->2012,0.007033030662175,0.0013714409791241,0.0,0.0056615896830509,0.9999999998233712,0,1,42,CO_DOCUMENT_RELATIONAL_EXCESS_NOT_EXECUTION_OR_CAUSAL
T1036.003,Rename Legitimate Utilities,T1542,Pre-OS Boot,A2_W0::2011->2012,0.007033030662175,0.0013714409791241,0.0,0.0056615896830509,0.9999999998233712,0,1,43,CO_DOCUMENT_RELATIONAL_EXCESS_NOT_EXECUTION_OR_CAUSAL
T1025,Data from Removable Media,T1542,Pre-OS Boot,A2_W0::2011->2012,0.007033030662175,0.001406606132435,0.0,0.00562642452974,0.9999999998222672,0,1,44,CO_DOCUMENT_RELATIONAL_EXCESS_NOT_EXECUTION_OR_CAUSAL
T1071,Application Layer Protocol,T1542,Pre-OS Boot,A2_W0::2011->2012,0.007033030662175,0.001406606132435,0.0,0.00562642452974,0.9999999998222672,0,1,45,CO_DOCUMENT_RELATIONAL_EXCESS_NOT_EXECUTION_OR_CAUSAL
T1012,Query Registry,T1104,Multi-Stage Channels,A2_W0::2011->2012,0.0076445985458424,0.0020181740161024,3.903127820947816e-18,0.00562642452974,0.999999999822266,1,2,46,CO_DOCUMENT_RELATIONAL_EXCESS_NOT_EXECUTION_OR_CAUSAL
T1021.007,Cloud Services,T1589.002,Email Addresses,A2_W0::2011->2012,0.0006698124440166,0.0039753368552389,0.0055766499202065,0.0,-0.9999999998206808,1,1,47,CO_DOCUMENT_RELATIONAL_EXCESS_NOT_EXECUTION_OR_CAUSAL
T1021.007,Cloud Services,T1593.001,Social Media,A2_W0::2011->2012,0.0006698124440166,0.0006698124440166,0.0055766499202065,0.0,-0.9999999998206808,1,1,48,CO_DOCUMENT_RELATIONAL_EXCESS_NOT_EXECUTION_OR_CAUSAL
T1074.001,Local Data Staging,T1542,Pre-OS Boot,A2_W0::2011->2012,0.007033030662175,0.0014769364390567,0.0,0.0055560942231182,0.9999999998200174,0,1,49,CO_DOCUMENT_RELATIONAL_EXCESS_NOT_EXECUTION_OR_CAUSAL
T1021.007,Cloud Services,T1204.002,Malicious File,A2_W0::2011->2012,0.0010820047172576,0.0056913448127755,0.005546008986579,0.0,-0.99999999981969,2,1,50,CO_DOCUMENT_RELATIONAL_EXCESS_NOT_EXECUTION_OR_CAUSAL
T1012,Query Registry,T1055.004,Asynchronous Procedure Call,A2_W0::2011->2012,0.007033030662175,0.0015121015923676,0.0,0.0055209290698074,0.999999999818871,0,1,51,CO_DOCUMENT_RELATIONAL_EXCESS_NOT_EXECUTION_OR_CAUSAL
T1071,Application Layer Protocol,T1573.001,Symmetric Cryptography,A2_W0::2011->2012,0.007033030662175,0.0015121015923676,0.0,0.0055209290698074,0.999999999818871,0,1,52,CO_DOCUMENT_RELATIONAL_EXCESS_NOT_EXECUTION_OR_CAUSAL
T1012,Query Registry,T1036.003,Rename Legitimate Utilities,A2_W0::2011->2012,0.007033030662175,0.0015472667456785,0.0,0.0054857639164965,0.99999999981771,0,1,53,CO_DOCUMENT_RELATIONAL_EXCESS_NOT_EXECUTION_OR_CAUSAL
T1056,Input Capture,T1542,Pre-OS Boot,A2_W0::2011->2012,0.007033030662175,0.0015472667456785,0.0,0.0054857639164965,0.99999999981771,0,1,54,CO_DOCUMENT_RELATIONAL_EXCESS_NOT_EXECUTION_OR_CAUSAL
T1104,Multi-Stage Channels,T1562,Impair Defenses,A2_W0::2011->2012,0.007033030662175,0.0015472667456785,0.0,0.0054857639164965,0.99999999981771,0,1,55,CO_DOCUMENT_RELATIONAL_EXCESS_NOT_EXECUTION_OR_CAUSAL
T1036.003,Rename Legitimate Utilities,T1542.003,Bootkit,A2_W0::2011->2012,0.007033030662175,0.0015824318989893,0.0,0.0054505987631856,0.999999999816534,0,1,56,CO_DOCUMENT_RELATIONAL_EXCESS_NOT_EXECUTION_OR_CAUSAL
T1115,Clipboard Data,T1123,Audio Capture,A2_W0::2011->2012,0.0006115678836673,0.0006115678836673,0.0054464259522896,0.0,-0.9999999998163932,3,1,57,CO_DOCUMENT_RELATIONAL_EXCESS_NOT_EXECUTION_OR_CAUSAL
T1027,Obfuscated Files or Information,T1074,Data Staged,A2_W0::2011->2012,0.0101950382365212,0.0047753538938287,3.903127820947816e-18,0.0054196843426925,0.9999999998154856,1,4,58,CO_DOCUMENT_RELATIONAL_EXCESS_NOT_EXECUTION_OR_CAUSAL
T1020,Automated Exfiltration,T1542,Pre-OS Boot,A2_W0::2011->2012,0.007033030662175,0.0016175970523002,0.0,0.0054154336098747,0.9999999998153424,0,1,59,CO_DOCUMENT_RELATIONAL_EXCESS_NOT_EXECUTION_OR_CAUSAL
T1036.003,Rename Legitimate Utilities,T1119,Automated Collection,A2_W0::2011->2012,0.007033030662175,0.0016175970523002,0.0,0.0054154336098747,0.9999999998153424,0,1,60,CO_DOCUMENT_RELATIONAL_EXCESS_NOT_EXECUTION_OR_CAUSAL
T1036.003,Rename Legitimate Utilities,T1104,Multi-Stage Channels,A2_W0::2011->2012,0.007033030662175,0.0016527622056111,0.0,0.0053802684565639,0.9999999998141356,0,1,61,CO_DOCUMENT_RELATIONAL_EXCESS_NOT_EXECUTION_OR_CAUSAL
T1029,Scheduled Transfer,T1542,Pre-OS Boot,A2_W0::2011->2012,0.007033030662175,0.001687927358922,0.0,0.005345103303253,0.9999999998129128,0,1,62,CO_DOCUMENT_RELATIONAL_EXCESS_NOT_EXECUTION_OR_CAUSAL
T1056,Input Capture,T1104,Multi-Stage Channels,A2_W0::2011->2012,0.0076445985458424,0.0022994952425894,3.903127820947816e-18,0.005345103303253,0.9999999998129117,1,2,63,CO_DOCUMENT_RELATIONAL_EXCESS_NOT_EXECUTION_OR_CAUSAL
T1104,Multi-Stage Channels,T1112,Modify Registry,A2_W0::2011->2012,0.0076445985458424,0.0022994952425894,3.903127820947816e-18,0.005345103303253,0.9999999998129117,1,2,64,CO_DOCUMENT_RELATIONAL_EXCESS_NOT_EXECUTION_OR_CAUSAL
T1006,Direct Volume Access,T1543.003,Windows Service,A2_W0::2011->2012,0.0,0.0,0.0053315224511864,0.0,-0.9999999998124364,1,0,65,CO_DOCUMENT_RELATIONAL_EXCESS_NOT_EXECUTION_OR_CAUSAL
T1050,New Service,T1543.003,Windows Service,A2_W0::2011->2012,0.0,0.0015238233101379,0.0053183906224889,0.0,-0.9999999998119732,4,0,66,CO_DOCUMENT_RELATIONAL_EXCESS_NOT_EXECUTION_OR_CAUSAL
T1012,Query Registry,T1542.003,Bootkit,A2_W0::2011->2012,0.007033030662175,0.0017230925122328,0.0,0.0053099381499421,0.9999999998116738,0,1,67,CO_DOCUMENT_RELATIONAL_EXCESS_NOT_EXECUTION_OR_CAUSAL
T1020,Automated Exfiltration,T1104,Multi-Stage Channels,A2_W0::2011->2012,0.007033030662175,0.0017230925122328,0.0,0.0053099381499421,0.9999999998116738,0,1,68,CO_DOCUMENT_RELATIONAL_EXCESS_NOT_EXECUTION_OR_CAUSAL
T1074,Data Staged,T1542,Pre-OS Boot,A2_W0::2011->2012,0.007033030662175,0.0017230925122328,0.0,0.0053099381499421,0.9999999998116738,0,1,69,CO_DOCUMENT_RELATIONAL_EXCESS_NOT_EXECUTION_OR_CAUSAL
T1542,Pre-OS Boot,T1542.003,Bootkit,A2_W0::2011->2012,0.007033030662175,0.0017230925122328,0.0,0.0053099381499421,0.9999999998116738,0,1,70,CO_DOCUMENT_RELATIONAL_EXCESS_NOT_EXECUTION_OR_CAUSAL
T1542,Pre-OS Boot,T1562,Impair Defenses,A2_W0::2011->2012,0.007033030662175,0.0017230925122328,0.0,0.0053099381499421,0.9999999998116738,0,1,71,CO_DOCUMENT_RELATIONAL_EXCESS_NOT_EXECUTION_OR_CAUSAL
T1027.002,Software Packing,T1542,Pre-OS Boot,A2_W0::2011->2012,0.007033030662175,0.0017582576655437,0.0,0.0052747729966312,0.9999999998104184,0,1,72,CO_DOCUMENT_RELATIONAL_EXCESS_NOT_EXECUTION_OR_CAUSAL
T1055.004,Asynchronous Procedure Call,T1542,Pre-OS Boot,A2_W0::2011->2012,0.007033030662175,0.0017582576655437,0.0,0.0052747729966312,0.9999999998104184,0,1,73,CO_DOCUMENT_RELATIONAL_EXCESS_NOT_EXECUTION_OR_CAUSAL
T1542,Pre-OS Boot,T1601,Modify System Image,A2_W0::2011->2012,0.007033030662175,0.0017582576655437,0.0,0.0052747729966312,0.9999999998104184,0,1,74,CO_DOCUMENT_RELATIONAL_EXCESS_NOT_EXECUTION_OR_CAUSAL
T1041,Exfiltration Over C2 Channel,T1078,Valid Accounts,A2_W0::2011->2012,0.007033030662175,0.0017875619599694,0.0,0.0052454687022055,0.9999999998093592,2,3,75,CO_DOCUMENT_RELATIONAL_EXCESS_NOT_EXECUTION_OR_CAUSAL
T1053,Scheduled Task/Job,T1078,Valid Accounts,A2_W0::2011->2012,0.0075740330208038,0.0023384826951732,0.0,0.0052355503256306,0.999999999808998,2,4,76,CO_DOCUMENT_RELATIONAL_EXCESS_NOT_EXECUTION_OR_CAUSAL
T1057,Process Discovery,T1071,Application Layer Protocol,A2_W0::2011->2012,0.0096540358778924,0.0044445695945527,3.903127820947816e-18,0.0052094662833396,0.9999999998080404,1,3,77,CO_DOCUMENT_RELATIONAL_EXCESS_NOT_EXECUTION_OR_CAUSAL
T1006,Direct Volume Access,T1485,Data Destruction,A2_W0::2011->2012,0.0,0.0,0.0052089587166764,0.0,-0.999999999808023,1,0,78,CO_DOCUMENT_RELATIONAL_EXCESS_NOT_EXECUTION_OR_CAUSAL
T1027,Obfuscated Files or Information,T1542,Pre-OS Boot,A2_W0::2011->2012,0.007033030662175,0.0018285879721655,0.0,0.0052044426900095,0.9999999998078564,0,1,79,CO_DOCUMENT_RELATIONAL_EXCESS_NOT_EXECUTION_OR_CAUSAL
T1104,Multi-Stage Channels,T1119,Automated Collection,A2_W0::2011->2012,0.0076445985458424,0.0024401558558329,3.903127820947816e-18,0.0052044426900095,0.999999999807855,1,2,80,CO_DOCUMENT_RELATIONAL_EXCESS_NOT_EXECUTION_OR_CAUSAL
T1542,Pre-OS Boot,T1601.001,Patch System Image,A2_W0::2011->2012,0.007033030662175,0.0018637531254763,0.0,0.0051692775366986,0.9999999998065492,0,1,81,CO_DOCUMENT_RELATIONAL_EXCESS_NOT_EXECUTION_OR_CAUSAL
T1027,Obfuscated Files or Information,T1056,Input Capture,A2_W0::2011->2012,0.0108344046603553,0.0056834005907701,3.903127820947816e-18,0.0051510040695852,0.9999999998058612,1,5,82,CO_DOCUMENT_RELATIONAL_EXCESS_NOT_EXECUTION_OR_CAUSAL
T1012,Query Registry,T1027.002,Software Packing,A2_W0::2011->2012,0.007033030662175,0.0018989182787872,0.0,0.0051341123833877,0.9999999998052242,0,1,83,CO_DOCUMENT_RELATIONAL_EXCESS_NOT_EXECUTION_OR_CAUSAL
T1071,Application Layer Protocol,T1542.003,Bootkit,A2_W0::2011->2012,0.007033030662175,0.0018989182787872,0.0,0.0051341123833877,0.9999999998052242,0,1,84,CO_DOCUMENT_RELATIONAL_EXCESS_NOT_EXECUTION_OR_CAUSAL
T1105,Ingress Tool Transfer,T1542,Pre-OS Boot,A2_W0::2011->2012,0.007033030662175,0.0018989182787872,0.0,0.0051341123833877,0.9999999998052242,0,1,85,CO_DOCUMENT_RELATIONAL_EXCESS_NOT_EXECUTION_OR_CAUSAL
T1105,Ingress Tool Transfer,T1562,Impair Defenses,A2_W0::2011->2012,0.007033030662175,0.0018989182787872,0.0,0.0051341123833877,0.9999999998052242,0,1,86,CO_DOCUMENT_RELATIONAL_EXCESS_NOT_EXECUTION_OR_CAUSAL
T1119,Automated Collection,T1542,Pre-OS Boot,A2_W0::2011->2012,0.007033030662175,0.0018989182787872,0.0,0.0051341123833877,0.9999999998052242,0,1,87,CO_DOCUMENT_RELATIONAL_EXCESS_NOT_EXECUTION_OR_CAUSAL
T1057,Process Discovery,T1562,Impair Defenses,A2_W0::2011->2012,0.009042467994225,0.0039133792041673,0.0,0.0051290887900576,0.9999999998050336,0,2,88,CO_DOCUMENT_RELATIONAL_EXCESS_NOT_EXECUTION_OR_CAUSAL
T1022,Data Encrypted,T1050,New Service,A2_W0::2011->2012,0.0035952778615598,0.0057455026652707,0.00512223393132,0.0,-0.9999999998047726,6,4,89,CO_DOCUMENT_RELATIONAL_EXCESS_NOT_EXECUTION_OR_CAUSAL
T1105,Ingress Tool Transfer,T1119,Automated Collection,A2_W0::2011->2012,0.0093773742162333,0.0042667052683861,0.0,0.0051106689478471,0.9999999998043309,2,3,90,CO_DOCUMENT_RELATIONAL_EXCESS_NOT_EXECUTION_OR_CAUSAL
T1012,Query Registry,T1071.001,Web Protocols,A2_W0::2011->2012,0.007033030662175,0.0019340834320981,0.0,0.0050989472300769,0.999999999803881,0,1,91,CO_DOCUMENT_RELATIONAL_EXCESS_NOT_EXECUTION_OR_CAUSAL
T1055.004,Asynchronous Procedure Call,T1104,Multi-Stage Channels,A2_W0::2011->2012,0.007033030662175,0.0019340834320981,0.0,0.0050989472300769,0.999999999803881,0,1,92,CO_DOCUMENT_RELATIONAL_EXCESS_NOT_EXECUTION_OR_CAUSAL
T1104,Multi-Stage Channels,T1573.001,Symmetric Cryptography,A2_W0::2011->2012,0.007033030662175,0.0019340834320981,0.0,0.0050989472300769,0.999999999803881,0,1,93,CO_DOCUMENT_RELATIONAL_EXCESS_NOT_EXECUTION_OR_CAUSAL
T1112,Modify Registry,T1601,Modify System Image,A2_W0::2011->2012,0.007033030662175,0.0019340834320981,0.0,0.0050989472300769,0.999999999803881,0,1,94,CO_DOCUMENT_RELATIONAL_EXCESS_NOT_EXECUTION_OR_CAUSAL
T1112,Modify Registry,T1562,Impair Defenses,A2_W0::2011->2012,0.0075740330208038,0.0025075459322447,0.0,0.0050664870885591,0.9999999998026246,0,2,95,CO_DOCUMENT_RELATIONAL_EXCESS_NOT_EXECUTION_OR_CAUSAL
T1012,Query Registry,T1074.001,Local Data Staging,A2_W0::2011->2012,0.007033030662175,0.001969248585409,0.0,0.005063782076766,0.9999999998025192,0,1,96,CO_DOCUMENT_RELATIONAL_EXCESS_NOT_EXECUTION_OR_CAUSAL
T1104,Multi-Stage Channels,T1542,Pre-OS Boot,A2_W0::2011->2012,0.007033030662175,0.001969248585409,0.0,0.005063782076766,0.9999999998025192,0,1,97,CO_DOCUMENT_RELATIONAL_EXCESS_NOT_EXECUTION_OR_CAUSAL
T1074,Data Staged,T1104,Multi-Stage Channels,A2_W0::2011->2012,0.0076445985458424,0.0025808164690764,3.903127820947816e-18,0.005063782076766,0.9999999998025176,1,2,98,CO_DOCUMENT_RELATIONAL_EXCESS_NOT_EXECUTION_OR_CAUSAL
T1012,Query Registry,T1573,Encrypted Channel,A2_W0::2011->2012,0.0075740330208038,0.0025156609676241,0.0,0.0050583720531797,0.9999999998023078,0,2,99,CO_DOCUMENT_RELATIONAL_EXCESS_NOT_EXECUTION_OR_CAUSAL
T1012,Query Registry,T1036,Masquerading,A2_W0::2011->2012,0.0088167703228716,0.0037764316816461,0.0,0.0050403386412254,0.9999999998016006,2,3,100,CO_DOCUMENT_RELATIONAL_EXCESS_NOT_EXECUTION_OR_CAUSAL
T1593.001,Social Media,T1684,Social Engineering,A2_W0::2012->2013,0.0199336672134552,0.0212298146625679,0.0134019292222845,0.0,-0.9999999999253838,11,13,1,CO_DOCUMENT_RELATIONAL_EXCESS_NOT_EXECUTION_OR_CAUSAL
T1027.009,Embedded Payloads,T1589.002,Email Addresses,A2_W0::2012->2013,0.0,0.0,0.0132924279515108,0.0,-0.9999999999247692,1,0,2,CO_DOCUMENT_RELATIONAL_EXCESS_NOT_EXECUTION_OR_CAUSAL
T1027.009,Embedded Payloads,T1204.002,Malicious File,A2_W0::2012->2013,0.0,0.0,0.0125242046022578,0.0,-0.9999999999201544,1,0,3,CO_DOCUMENT_RELATIONAL_EXCESS_NOT_EXECUTION_OR_CAUSAL
T1204.002,Malicious File,T1589.002,Email Addresses,A2_W0::2012->2013,0.0012811215387705,0.0044915678558286,0.0120917891456109,0.0,-0.9999999999172992,2,1,4,CO_DOCUMENT_RELATIONAL_EXCESS_NOT_EXECUTION_OR_CAUSAL
T1053.005,Scheduled Task,T1123,Audio Capture,A2_W0::2012->2013,0.0186293757426008,0.0066623055430345,0.0,0.0119670701995663,0.9999999999164372,3,6,5,CO_DOCUMENT_RELATIONAL_EXCESS_NOT_EXECUTION_OR_CAUSAL
T1543.003,Windows Service,T1556.003,Pluggable Authentication Modules,A2_W0::2012->2013,0.010248972310164,0.0003074691693049,0.0,0.009941503140859,0.9999999998994116,0,1,6,CO_DOCUMENT_RELATIONAL_EXCESS_NOT_EXECUTION_OR_CAUSAL
T1593.002,Search Engines,T1684,Social Engineering,A2_W0::2012->2013,0.010248972310164,0.0006979062096921,0.0,0.0095510661004718,0.9999999998952996,0,1,7,CO_DOCUMENT_RELATIONAL_EXCESS_NOT_EXECUTION_OR_CAUSAL
T1053.005,Scheduled Task,T1112,Modify Registry,A2_W0::2012->2013,0.0165973284187674,0.0087003450856936,0.0,0.0078969833330738,0.9999999998733692,6,9,8,CO_DOCUMENT_RELATIONAL_EXCESS_NOT_EXECUTION_OR_CAUSAL
T1043,Commonly Used Port,T1079,Multilayer Encryption,A2_W0::2012->2013,0.010248972310164,0.0024981870006024,0.0,0.0077507853095615,0.9999999998709808,1,3,9,CO_DOCUMENT_RELATIONAL_EXCESS_NOT_EXECUTION_OR_CAUSAL
T1590.005,IP Addresses,T1684,Social Engineering,A2_W0::2012->2013,0.0284062619169098,0.0340548136683797,0.0076027953740939,0.0,-0.9999999998684692,17,19,10,CO_DOCUMENT_RELATIONAL_EXCESS_NOT_EXECUTION_OR_CAUSAL
T1022,Data Encrypted,T1079,Multilayer Encryption,A2_W0::2012->2013,0.010248972310164,0.0027031664468057,0.0,0.0075458058633582,0.999999999867476,1,3,11,CO_DOCUMENT_RELATIONAL_EXCESS_NOT_EXECUTION_OR_CAUSAL
T1071,Application Layer Protocol,T1562,Impair Defenses,A2_W0::2012->2013,0.0,0.0,0.0072389979887101,0.0,-0.9999999998618592,2,0,12,CO_DOCUMENT_RELATIONAL_EXCESS_NOT_EXECUTION_OR_CAUSAL
T1056.001,Keylogging,T1071,Application Layer Protocol,A2_W0::2012->2013,0.001708162051694,0.0017508661029863,0.0069392569200126,0.0,-0.9999999998558924,4,2,13,CO_DOCUMENT_RELATIONAL_EXCESS_NOT_EXECUTION_OR_CAUSAL
T1119,Automated Collection,T1562,Impair Defenses,A2_W0::2012->2013,0.0,0.0,0.0062794916626562,0.0,-0.9999999998407514,2,0,14,CO_DOCUMENT_RELATIONAL_EXCESS_NOT_EXECUTION_OR_CAUSAL
T1053,Scheduled Task/Job,T1113,Screen Capture,A2_W0::2012->2013,0.0138154645060086,0.0075816115679033,0.0,0.0062338529381052,0.9999999998395857,4,7,15,CO_DOCUMENT_RELATIONAL_EXCESS_NOT_EXECUTION_OR_CAUSAL
T1012,Query Registry,T1542,Pre-OS Boot,A2_W0::2012->2013,0.0,0.0,0.0061539018294031,0.0,-0.9999999998375014,1,0,16,CO_DOCUMENT_RELATIONAL_EXCESS_NOT_EXECUTION_OR_CAUSAL
T1053.005,Scheduled Task,T1115,Clipboard Data,A2_W0::2012->2013,0.00854081025847,0.0024384013287931,0.0,0.0061024089296768,0.9999999998361302,1,3,17,CO_DOCUMENT_RELATIONAL_EXCESS_NOT_EXECUTION_OR_CAUSAL
T1542,Pre-OS Boot,T1573.001,Symmetric Cryptography,A2_W0::2012->2013,0.0,0.0,0.0060835715227814,0.0,-0.9999999998356228,1,0,18,CO_DOCUMENT_RELATIONAL_EXCESS_NOT_EXECUTION_OR_CAUSAL
T1112,Modify Registry,T1542,Pre-OS Boot,A2_W0::2012->2013,0.0,0.0,0.005907745756227,0.0,-0.9999999998307306,1,0,19,CO_DOCUMENT_RELATIONAL_EXCESS_NOT_EXECUTION_OR_CAUSAL
T1012,Query Registry,T1020,Automated Exfiltration,A2_W0::2012->2013,0.0,0.0,0.0058374154496052,0.0,-0.9999999998286913,1,0,20,CO_DOCUMENT_RELATIONAL_EXCESS_NOT_EXECUTION_OR_CAUSAL
T1071,Application Layer Protocol,T1104,Multi-Stage Channels,A2_W0::2012->2013,0.0,0.0,0.0058374154496052,0.0,-0.9999999998286913,2,0,21,CO_DOCUMENT_RELATIONAL_EXCESS_NOT_EXECUTION_OR_CAUSAL
T1071,Application Layer Protocol,T1601,Modify System Image,A2_W0::2012->2013,0.0,0.0,0.0058374154496052,0.0,-0.9999999998286913,1,0,22,CO_DOCUMENT_RELATIONAL_EXCESS_NOT_EXECUTION_OR_CAUSAL
T1021.007,Cloud Services,T1684,Social Engineering,A2_W0::2012->2013,0.0003941912426986,0.0014434907887392,0.0057535600840178,0.0,-0.9999999998261944,3,1,23,CO_DOCUMENT_RELATIONAL_EXCESS_NOT_EXECUTION_OR_CAUSAL
T1036.003,Rename Legitimate Utilities,T1071,Application Layer Protocol,A2_W0::2012->2013,0.0,0.0,0.0057319199896726,0.0,-0.9999999998255384,1,0,24,CO_DOCUMENT_RELATIONAL_EXCESS_NOT_EXECUTION_OR_CAUSAL
T1029,Scheduled Transfer,T1104,Multi-Stage Channels,A2_W0::2012->2013,0.0,0.0,0.0056967548363617,0.0,-0.9999999998244614,2,0,25,CO_DOCUMENT_RELATIONAL_EXCESS_NOT_EXECUTION_OR_CAUSAL
T1012,Query Registry,T1601,Modify System Image,A2_W0::2012->2013,0.0,0.0,0.0056615896830509,0.0,-0.9999999998233712,1,0,26,CO_DOCUMENT_RELATIONAL_EXCESS_NOT_EXECUTION_OR_CAUSAL
T1036.003,Rename Legitimate Utilities,T1542,Pre-OS Boot,A2_W0::2012->2013,0.0,0.0,0.0056615896830509,0.0,-0.9999999998233712,1,0,27,CO_DOCUMENT_RELATIONAL_EXCESS_NOT_EXECUTION_OR_CAUSAL
T1012,Query Registry,T1104,Multi-Stage Channels,A2_W0::2012->2013,0.0,0.0,0.00562642452974,0.0,-0.9999999998222672,2,0,28,CO_DOCUMENT_RELATIONAL_EXCESS_NOT_EXECUTION_OR_CAUSAL
T1025,Data from Removable Media,T1542,Pre-OS Boot,A2_W0::2012->2013,0.0,0.0,0.00562642452974,0.0,-0.9999999998222672,1,0,29,CO_DOCUMENT_RELATIONAL_EXCESS_NOT_EXECUTION_OR_CAUSAL
T1071,Application Layer Protocol,T1542,Pre-OS Boot,A2_W0::2012->2013,0.0,0.0,0.00562642452974,0.0,-0.9999999998222672,1,0,30,CO_DOCUMENT_RELATIONAL_EXCESS_NOT_EXECUTION_OR_CAUSAL
T1074.001,Local Data Staging,T1542,Pre-OS Boot,A2_W0::2012->2013,0.0,0.0,0.0055560942231182,0.0,-0.9999999998200174,1,0,31,CO_DOCUMENT_RELATIONAL_EXCESS_NOT_EXECUTION_OR_CAUSAL
T1012,Query Registry,T1055.004,Asynchronous Procedure Call,A2_W0::2012->2013,0.0,0.0,0.0055209290698074,0.0,-0.999999999818871,1,0,32,CO_DOCUMENT_RELATIONAL_EXCESS_NOT_EXECUTION_OR_CAUSAL
T1071,Application Layer Protocol,T1573.001,Symmetric Cryptography,A2_W0::2012->2013,0.0,0.0,0.0055209290698074,0.0,-0.999999999818871,1,0,33,CO_DOCUMENT_RELATIONAL_EXCESS_NOT_EXECUTION_OR_CAUSAL
T1012,Query Registry,T1036.003,Rename Legitimate Utilities,A2_W0::2012->2013,0.0,0.0,0.0054857639164965,0.0,-0.99999999981771,1,0,34,CO_DOCUMENT_RELATIONAL_EXCESS_NOT_EXECUTION_OR_CAUSAL
T1036.003,Rename Legitimate Utilities,T1112,Modify Registry,A2_W0::2012->2013,0.0,0.0,0.0054857639164965,0.0,-0.99999999981771,1,0,35,CO_DOCUMENT_RELATIONAL_EXCESS_NOT_EXECUTION_OR_CAUSAL
T1056,Input Capture,T1542,Pre-OS Boot,A2_W0::2012->2013,0.0,0.0,0.0054857639164965,0.0,-0.99999999981771,1,0,36,CO_DOCUMENT_RELATIONAL_EXCESS_NOT_EXECUTION_OR_CAUSAL
T1104,Multi-Stage Channels,T1562,Impair Defenses,A2_W0::2012->2013,0.0,0.0,0.0054857639164965,0.0,-0.99999999981771,1,0,37,CO_DOCUMENT_RELATIONAL_EXCESS_NOT_EXECUTION_OR_CAUSAL
T1012,Query Registry,T1071,Application Layer Protocol,A2_W0::2012->2013,0.0,0.0,0.0054824148542764,0.0,-0.9999999998175986,3,0,38,CO_DOCUMENT_RELATIONAL_EXCESS_NOT_EXECUTION_OR_CAUSAL
T1053.005,Scheduled Task,T1119,Automated Collection,A2_W0::2012->2013,0.009394891284317,0.0039373135291546,0.0,0.0054575777551623,0.9999999998167683,4,4,39,CO_DOCUMENT_RELATIONAL_EXCESS_NOT_EXECUTION_OR_CAUSAL
T1036.003,Rename Legitimate Utilities,T1542.003,Bootkit,A2_W0::2012->2013,0.0,0.0,0.0054505987631856,0.0,-0.999999999816534,1,0,40,CO_DOCUMENT_RELATIONAL_EXCESS_NOT_EXECUTION_OR_CAUSAL
T1053.005,Scheduled Task,T1221,Template Injection,A2_W0::2012->2013,0.00854081025847,0.0031003141238246,0.0,0.0054404961346454,0.9999999998161933,0,2,41,CO_DOCUMENT_RELATIONAL_EXCESS_NOT_EXECUTION_OR_CAUSAL
T1020,Automated Exfiltration,T1542,Pre-OS Boot,A2_W0::2012->2013,0.0,0.0,0.0054154336098747,0.0,-0.9999999998153424,1,0,42,CO_DOCUMENT_RELATIONAL_EXCESS_NOT_EXECUTION_OR_CAUSAL
T1029,Scheduled Transfer,T1071,Application Layer Protocol,A2_W0::2012->2013,0.0,0.0,0.0054154336098747,0.0,-0.9999999998153424,2,0,43,CO_DOCUMENT_RELATIONAL_EXCESS_NOT_EXECUTION_OR_CAUSAL
T1036.003,Rename Legitimate Utilities,T1119,Automated Collection,A2_W0::2012->2013,0.0,0.0,0.0054154336098747,0.0,-0.9999999998153424,1,0,44,CO_DOCUMENT_RELATIONAL_EXCESS_NOT_EXECUTION_OR_CAUSAL
T1036.003,Rename Legitimate Utilities,T1104,Multi-Stage Channels,A2_W0::2012->2013,0.0,0.0,0.0053802684565639,0.0,-0.9999999998141356,1,0,45,CO_DOCUMENT_RELATIONAL_EXCESS_NOT_EXECUTION_OR_CAUSAL
T1012,Query Registry,T1029,Scheduled Transfer,A2_W0::2012->2013,0.0,0.0,0.005345103303253,0.0,-0.9999999998129128,2,0,46,CO_DOCUMENT_RELATIONAL_EXCESS_NOT_EXECUTION_OR_CAUSAL
T1029,Scheduled Transfer,T1542,Pre-OS Boot,A2_W0::2012->2013,0.0,0.0,0.005345103303253,0.0,-0.9999999998129128,1,0,47,CO_DOCUMENT_RELATIONAL_EXCESS_NOT_EXECUTION_OR_CAUSAL
T1056,Input Capture,T1104,Multi-Stage Channels,A2_W0::2012->2013,0.0,0.0,0.005345103303253,0.0,-0.9999999998129128,2,0,48,CO_DOCUMENT_RELATIONAL_EXCESS_NOT_EXECUTION_OR_CAUSAL
T1104,Multi-Stage Channels,T1112,Modify Registry,A2_W0::2012->2013,0.0,0.0,0.005345103303253,0.0,-0.9999999998129128,2,0,49,CO_DOCUMENT_RELATIONAL_EXCESS_NOT_EXECUTION_OR_CAUSAL
T1012,Query Registry,T1542.003,Bootkit,A2_W0::2012->2013,0.0,0.0,0.0053099381499421,0.0,-0.9999999998116738,1,0,50,CO_DOCUMENT_RELATIONAL_EXCESS_NOT_EXECUTION_OR_CAUSAL
T1020,Automated Exfiltration,T1104,Multi-Stage Channels,A2_W0::2012->2013,0.0,0.0,0.0053099381499421,0.0,-0.9999999998116738,1,0,51,CO_DOCUMENT_RELATIONAL_EXCESS_NOT_EXECUTION_OR_CAUSAL
T1074,Data Staged,T1542,Pre-OS Boot,A2_W0::2012->2013,0.0,0.0,0.0053099381499421,0.0,-0.9999999998116738,1,0,52,CO_DOCUMENT_RELATIONAL_EXCESS_NOT_EXECUTION_OR_CAUSAL
T1542,Pre-OS Boot,T1542.003,Bootkit,A2_W0::2012->2013,0.0,0.0,0.0053099381499421,0.0,-0.9999999998116738,1,0,53,CO_DOCUMENT_RELATIONAL_EXCESS_NOT_EXECUTION_OR_CAUSAL
T1542,Pre-OS Boot,T1562,Impair Defenses,A2_W0::2012->2013,0.0,0.0,0.0053099381499421,0.0,-0.9999999998116738,1,0,54,CO_DOCUMENT_RELATIONAL_EXCESS_NOT_EXECUTION_OR_CAUSAL
T1027.002,Software Packing,T1542,Pre-OS Boot,A2_W0::2012->2013,0.0,0.0,0.0052747729966312,0.0,-0.9999999998104184,1,0,55,CO_DOCUMENT_RELATIONAL_EXCESS_NOT_EXECUTION_OR_CAUSAL
T1055.004,Asynchronous Procedure Call,T1542,Pre-OS Boot,A2_W0::2012->2013,0.0,0.0,0.0052747729966312,0.0,-0.9999999998104184,1,0,56,CO_DOCUMENT_RELATIONAL_EXCESS_NOT_EXECUTION_OR_CAUSAL
T1542,Pre-OS Boot,T1601,Modify System Image,A2_W0::2012->2013,0.0,0.0,0.0052747729966312,0.0,-0.9999999998104184,1,0,57,CO_DOCUMENT_RELATIONAL_EXCESS_NOT_EXECUTION_OR_CAUSAL
T1057,Process Discovery,T1071,Application Layer Protocol,A2_W0::2012->2013,0.0,0.0006405607693852,0.0052094662833396,0.0,-0.9999999998080416,3,0,58,CO_DOCUMENT_RELATIONAL_EXCESS_NOT_EXECUTION_OR_CAUSAL
T1027,Obfuscated Files or Information,T1542,Pre-OS Boot,A2_W0::2012->2013,0.0,0.0,0.0052044426900095,0.0,-0.9999999998078564,1,0,59,CO_DOCUMENT_RELATIONAL_EXCESS_NOT_EXECUTION_OR_CAUSAL
T1104,Multi-Stage Channels,T1119,Automated Collection,A2_W0::2012->2013,0.0,0.0,0.0052044426900095,0.0,-0.9999999998078564,2,0,60,CO_DOCUMENT_RELATIONAL_EXCESS_NOT_EXECUTION_OR_CAUSAL
T1542,Pre-OS Boot,T1601.001,Patch System Image,A2_W0::2012->2013,0.0,0.0,0.0051692775366986,0.0,-0.9999999998065492,1,0,61,CO_DOCUMENT_RELATIONAL_EXCESS_NOT_EXECUTION_OR_CAUSAL
T1012,Query Registry,T1119,Automated Collection,A2_W0::2012->2013,0.0,0.0,0.0051625794122584,0.0,-0.9999999998062984,3,0,62,CO_DOCUMENT_RELATIONAL_EXCESS_NOT_EXECUTION_OR_CAUSAL
T1012,Query Registry,T1027.002,Software Packing,A2_W0::2012->2013,0.0,0.0,0.0051341123833877,0.0,-0.9999999998052242,1,0,63,CO_DOCUMENT_RELATIONAL_EXCESS_NOT_EXECUTION_OR_CAUSAL
T1071,Application Layer Protocol,T1542.003,Bootkit,A2_W0::2012->2013,0.0,0.0,0.0051341123833877,0.0,-0.9999999998052242,1,0,64,CO_DOCUMENT_RELATIONAL_EXCESS_NOT_EXECUTION_OR_CAUSAL
T1105,Ingress Tool Transfer,T1542,Pre-OS Boot,A2_W0::2012->2013,0.0,0.0,0.0051341123833877,0.0,-0.9999999998052242,1,0,65,CO_DOCUMENT_RELATIONAL_EXCESS_NOT_EXECUTION_OR_CAUSAL
T1105,Ingress Tool Transfer,T1562,Impair Defenses,A2_W0::2012->2013,0.0,0.0,0.0051341123833877,0.0,-0.9999999998052242,1,0,66,CO_DOCUMENT_RELATIONAL_EXCESS_NOT_EXECUTION_OR_CAUSAL
T1119,Automated Collection,T1542,Pre-OS Boot,A2_W0::2012->2013,0.0,0.0,0.0051341123833877,0.0,-0.9999999998052242,1,0,67,CO_DOCUMENT_RELATIONAL_EXCESS_NOT_EXECUTION_OR_CAUSAL
T1057,Process Discovery,T1562,Impair Defenses,A2_W0::2012->2013,0.0,0.0,0.0051290887900576,0.0,-0.9999999998050336,2,0,68,CO_DOCUMENT_RELATIONAL_EXCESS_NOT_EXECUTION_OR_CAUSAL
T1012,Query Registry,T1071.001,Web Protocols,A2_W0::2012->2013,0.0,0.0,0.0050989472300769,0.0,-0.999999999803881,1,0,69,CO_DOCUMENT_RELATIONAL_EXCESS_NOT_EXECUTION_OR_CAUSAL
T1027,Obfuscated Files or Information,T1036.003,Rename Legitimate Utilities,A2_W0::2012->2013,0.0,0.0,0.0050989472300769,0.0,-0.999999999803881,1,0,70,CO_DOCUMENT_RELATIONAL_EXCESS_NOT_EXECUTION_OR_CAUSAL
T1055.004,Asynchronous Procedure Call,T1104,Multi-Stage Channels,A2_W0::2012->2013,0.0,0.0,0.0050989472300769,0.0,-0.999999999803881,1,0,71,CO_DOCUMENT_RELATIONAL_EXCESS_NOT_EXECUTION_OR_CAUSAL
T1104,Multi-Stage Channels,T1573.001,Symmetric Cryptography,A2_W0::2012->2013,0.0,0.0,0.0050989472300769,0.0,-0.999999999803881,1,0,72,CO_DOCUMENT_RELATIONAL_EXCESS_NOT_EXECUTION_OR_CAUSAL
T1112,Modify Registry,T1601,Modify System Image,A2_W0::2012->2013,0.0,0.0,0.0050989472300769,0.0,-0.999999999803881,1,0,73,CO_DOCUMENT_RELATIONAL_EXCESS_NOT_EXECUTION_OR_CAUSAL
T1025,Data from Removable Media,T1140,Deobfuscate/Decode Files or Information,A2_W0::2012->2013,0.006588625056534,0.00152270445751,0.0,0.0050659205990239,0.9999999998026023,1,2,74,CO_DOCUMENT_RELATIONAL_EXCESS_NOT_EXECUTION_OR_CAUSAL
T1012,Query Registry,T1074.001,Local Data Staging,A2_W0::2012->2013,0.0,0.0,0.005063782076766,0.0,-0.9999999998025192,1,0,75,CO_DOCUMENT_RELATIONAL_EXCESS_NOT_EXECUTION_OR_CAUSAL
T1074,Data Staged,T1104,Multi-Stage Channels,A2_W0::2012->2013,0.0,0.0,0.005063782076766,0.0,-0.9999999998025192,2,0,76,CO_DOCUMENT_RELATIONAL_EXCESS_NOT_EXECUTION_OR_CAUSAL
T1104,Multi-Stage Channels,T1542,Pre-OS Boot,A2_W0::2012->2013,0.0,0.0,0.005063782076766,0.0,-0.9999999998025192,1,0,77,CO_DOCUMENT_RELATIONAL_EXCESS_NOT_EXECUTION_OR_CAUSAL
T1012,Query Registry,T1036,Masquerading,A2_W0::2012->2013,0.0,0.0023557994924362,0.0050403386412254,0.0,-0.9999999998016006,3,0,78,CO_DOCUMENT_RELATIONAL_EXCESS_NOT_EXECUTION_OR_CAUSAL
T1025,Data from Removable Media,T1071,Application Layer Protocol,A2_W0::2012->2013,0.0,0.0,0.0050286169234551,0.0,-0.999999999801138,2,0,79,CO_DOCUMENT_RELATIONAL_EXCESS_NOT_EXECUTION_OR_CAUSAL
T1027,Obfuscated Files or Information,T1104,Multi-Stage Channels,A2_W0::2012->2013,0.0,0.0,0.0050286169234551,0.0,-0.999999999801138,2,0,80,CO_DOCUMENT_RELATIONAL_EXCESS_NOT_EXECUTION_OR_CAUSAL
T1036.003,Rename Legitimate Utilities,T1056,Input Capture,A2_W0::2012->2013,0.0,0.0,0.0050286169234551,0.0,-0.999999999801138,1,0,81,CO_DOCUMENT_RELATIONAL_EXCESS_NOT_EXECUTION_OR_CAUSAL
T1020,Automated Exfiltration,T1562,Impair Defenses,A2_W0::2012->2013,0.0,0.0,0.0049934517701442,0.0,-0.9999999997997376,1,0,82,CO_DOCUMENT_RELATIONAL_EXCESS_NOT_EXECUTION_OR_CAUSAL
T1029,Scheduled Transfer,T1074,Data Staged,A2_W0::2012->2013,0.0,0.0,0.0049934517701442,0.0,-0.9999999997997376,2,0,83,CO_DOCUMENT_RELATIONAL_EXCESS_NOT_EXECUTION_OR_CAUSAL
T1036,Masquerading,T1542,Pre-OS Boot,A2_W0::2012->2013,0.0,0.0,0.0049934517701442,0.0,-0.9999999997997376,1,0,84,CO_DOCUMENT_RELATIONAL_EXCESS_NOT_EXECUTION_OR_CAUSAL
T1071.001,Web Protocols,T1542,Pre-OS Boot,A2_W0::2012->2013,0.0,0.0,0.0049934517701442,0.0,-0.9999999997997376,1,0,85,CO_DOCUMENT_RELATIONAL_EXCESS_NOT_EXECUTION_OR_CAUSAL
T1025,Data from Removable Media,T1053,Scheduled Task/Job,A2_W0::2012->2013,0.00732069450726,0.0023353015478159,0.0,0.004985392959444,0.999999999799414,0,3,86,CO_DOCUMENT_RELATIONAL_EXCESS_NOT_EXECUTION_OR_CAUSAL
T1053,Scheduled Task/Job,T1140,Deobfuscate/Decode Files or Information,A2_W0::2012->2013,0.0086384195185668,0.0036610793230807,0.0,0.004977340195486,0.9999999997990894,0,3,87,CO_DOCUMENT_RELATIONAL_EXCESS_NOT_EXECUTION_OR_CAUSAL
T1020,Automated Exfiltration,T1036.003,Rename Legitimate Utilities,A2_W0::2012->2013,0.0,0.0,0.0049582866168334,0.0,-0.9999999997983172,1,0,88,CO_DOCUMENT_RELATIONAL_EXCESS_NOT_EXECUTION_OR_CAUSAL
T1027.002,Software Packing,T1562,Impair Defenses,A2_W0::2012->2013,0.0,0.0,0.0049582866168334,0.0,-0.9999999997983172,1,0,89,CO_DOCUMENT_RELATIONAL_EXCESS_NOT_EXECUTION_OR_CAUSAL
T1025,Data from Removable Media,T1060,Registry Run Keys / Startup Folder,A2_W0::2012->2013,0.00732069450726,0.0023645843258449,0.0,0.004956110181415,0.9999999997982288,0,3,90,CO_DOCUMENT_RELATIONAL_EXCESS_NOT_EXECUTION_OR_CAUSAL
T1043,Commonly Used Port,T1195,Supply Chain Compromise,A2_W0::2012->2013,0.0061493833860984,0.0011940052741341,0.0,0.0049553781119643,0.999999999798199,1,2,91,CO_DOCUMENT_RELATIONAL_EXCESS_NOT_EXECUTION_OR_CAUSAL
T1012,Query Registry,T1601.001,Patch System Image,A2_W0::2012->2013,0.0,0.0,0.0049231214635225,0.0,-0.9999999997968768,1,0,92,CO_DOCUMENT_RELATIONAL_EXCESS_NOT_EXECUTION_OR_CAUSAL
T1036.003,Rename Legitimate Utilities,T1562,Impair Defenses,A2_W0::2012->2013,0.0,0.0,0.0049231214635225,0.0,-0.9999999997968768,1,0,93,CO_DOCUMENT_RELATIONAL_EXCESS_NOT_EXECUTION_OR_CAUSAL
T1071,Application Layer Protocol,T1074.001,Local Data Staging,A2_W0::2012->2013,0.0,0.0,0.0049231214635225,0.0,-0.9999999997968768,1,0,94,CO_DOCUMENT_RELATIONAL_EXCESS_NOT_EXECUTION_OR_CAUSAL
T1074.001,Local Data Staging,T1104,Multi-Stage Channels,A2_W0::2012->2013,0.0,0.0,0.0049231214635225,0.0,-0.9999999997968768,1,0,95,CO_DOCUMENT_RELATIONAL_EXCESS_NOT_EXECUTION_OR_CAUSAL
T1104,Multi-Stage Channels,T1601,Modify System Image,A2_W0::2012->2013,0.0,0.0,0.0049231214635225,0.0,-0.9999999997968768,1,0,96,CO_DOCUMENT_RELATIONAL_EXCESS_NOT_EXECUTION_OR_CAUSAL
T1083,File and Directory Discovery,T1112,Modify Registry,A2_W0::2012->2013,0.007686729232623,0.0027800337391319,0.0,0.004906695493491,0.9999999997961968,1,2,97,CO_DOCUMENT_RELATIONAL_EXCESS_NOT_EXECUTION_OR_CAUSAL
T1027.002,Software Packing,T1029,Scheduled Transfer,A2_W0::2012->2013,0.0,0.0,0.0048879563102116,0.0,-0.9999999997954154,1,0,98,CO_DOCUMENT_RELATIONAL_EXCESS_NOT_EXECUTION_OR_CAUSAL
T1029,Scheduled Transfer,T1601,Modify System Image,A2_W0::2012->2013,0.0,0.0,0.0048879563102116,0.0,-0.9999999997954154,1,0,99,CO_DOCUMENT_RELATIONAL_EXCESS_NOT_EXECUTION_OR_CAUSAL
T1036.003,Rename Legitimate Utilities,T1055.004,Asynchronous Procedure Call,A2_W0::2012->2013,0.0,0.0,0.0048879563102116,0.0,-0.9999999997954154,1,0,100,CO_DOCUMENT_RELATIONAL_EXCESS_NOT_EXECUTION_OR_CAUSAL
T1543.003,Windows Service,T1556.003,Pluggable Authentication Modules,A2_W0::2013->2014,0.0,0.0,0.009941503140859,0.0,-0.9999999998994116,1,0,1,CO_DOCUMENT_RELATIONAL_EXCESS_NOT_EXECUTION_OR_CAUSAL
T1593.002,Search Engines,T1684,Social Engineering,A2_W0::2013->2014,0.0,0.0,0.0095510661004718,0.0,-0.9999999998952996,1,0,2,CO_DOCUMENT_RELATIONAL_EXCESS_NOT_EXECUTION_OR_CAUSAL
T1056.001,Keylogging,T1113,Screen Capture,A2_W0::2013->2014,0.003832413738535,0.0048540071548664,0.0081571030523399,0.0,-0.9999999998774074,9,5,3,CO_DOCUMENT_RELATIONAL_EXCESS_NOT_EXECUTION_OR_CAUSAL
T1053.005,Scheduled Task,T1112,Modify Registry,A2_W0::2013->2014,0.0133714311057212,0.0145090822516805,0.0078969833330738,0.0,-0.9999999998733692,9,7,4,CO_DOCUMENT_RELATIONAL_EXCESS_NOT_EXECUTION_OR_CAUSAL
T1056.001,Keylogging,T1684,Social Engineering,A2_W0::2013->2014,0.0160513334746009,0.0086855201689006,0.0,0.0073658133057002,0.9999999998642376,5,8,5,CO_DOCUMENT_RELATIONAL_EXCESS_NOT_EXECUTION_OR_CAUSAL
T1204.002,Malicious File,T1593.001,Social Media,A2_W0::2013->2014,0.0114000739224115,0.0050694557222684,0.0,0.006330618200143,0.9999999998420376,3,5,6,CO_DOCUMENT_RELATIONAL_EXCESS_NOT_EXECUTION_OR_CAUSAL
T1053.005,Scheduled Task,T1115,Clipboard Data,A2_W0::2013->2014,0.0095257871073148,0.0112208669023932,0.0061024089296768,0.0,-0.9999999998361302,3,2,7,CO_DOCUMENT_RELATIONAL_EXCESS_NOT_EXECUTION_OR_CAUSAL
T1053.005,Scheduled Task,T1119,Automated Collection,A2_W0::2013->2014,0.0101873001008783,0.0102164066725951,0.0054575777551623,0.0,-0.9999999998167683,4,3,8,CO_DOCUMENT_RELATIONAL_EXCESS_NOT_EXECUTION_OR_CAUSAL
T1204.002,Malicious File,T1684,Social Engineering,A2_W0::2013->2014,0.025707695340037,0.0203865350355042,0.0,0.0053211603045328,0.999999999812071,5,8,9,CO_DOCUMENT_RELATIONAL_EXCESS_NOT_EXECUTION_OR_CAUSAL
T1038,DLL Search Order Hijacking,T1055,Process Injection,A2_W0::2013->2014,0.0109149643937982,0.0111995331083508,0.0051501085858574,0.0,-0.9999999998058292,4,4,10,CO_DOCUMENT_RELATIONAL_EXCESS_NOT_EXECUTION_OR_CAUSAL
T1053,Scheduled Task/Job,T1140,Deobfuscate/Decode Files or Information,A2_W0::2013->2014,0.0012474245021483,0.0015707153522884,0.004977340195486,0.0,-0.9999999997990894,3,1,11,CO_DOCUMENT_RELATIONAL_EXCESS_NOT_EXECUTION_OR_CAUSAL
T1043,Commonly Used Port,T1195,Supply Chain Compromise,A2_W0::2013->2014,0.0,0.0,0.0049553781119643,0.0,-0.999999999798199,2,0,12,CO_DOCUMENT_RELATIONAL_EXCESS_NOT_EXECUTION_OR_CAUSAL
T1027,Obfuscated Files or Information,T1518,Software Discovery,A2_W0::2013->2014,0.0148651419839347,0.0099185840727072,0.0,0.0049465579112275,0.9999999997978392,0,5,13,CO_DOCUMENT_RELATIONAL_EXCESS_NOT_EXECUTION_OR_CAUSAL
T1110,Brute Force,T1595.002,Vulnerability Scanning,A2_W0::2013->2014,0.0056134102596676,0.000807707365141,0.0,0.0048057028945266,0.9999999997919138,1,2,14,CO_DOCUMENT_RELATIONAL_EXCESS_NOT_EXECUTION_OR_CAUSAL
T1060,Registry Run Keys / Startup Folder,T1140,Deobfuscate/Decode Files or Information,A2_W0::2013->2014,0.0,0.0009771491933495,0.0047474703879581,0.0,-0.9999999997893614,2,0,15,CO_DOCUMENT_RELATIONAL_EXCESS_NOT_EXECUTION_OR_CAUSAL
T1021.007,Cloud Services,T1087.003,Email Account,A2_W0::2013->2014,0.0076226651104474,0.003005304415374,1.5178830414797062e-18,0.0046173606950734,0.9999999997834252,1,3,16,CO_DOCUMENT_RELATIONAL_EXCESS_NOT_EXECUTION_OR_CAUSAL
T1105,Ingress Tool Transfer,T1107,File Deletion,A2_W0::2013->2014,0.0014553285858397,0.0017609475888661,0.0045876352245496,0.0,-0.9999999997820228,5,2,17,CO_DOCUMENT_RELATIONAL_EXCESS_NOT_EXECUTION_OR_CAUSAL
T1053.005,Scheduled Task,T1534,Internal Spearphishing,A2_W0::2013->2014,0.0003358450582707,0.0003358450582707,0.0045213735537531,5.421010862427522e-20,-0.999999999778828,2,1,18,CO_DOCUMENT_RELATIONAL_EXCESS_NOT_EXECUTION_OR_CAUSAL
T1116,Code Signing,T1140,Deobfuscate/Decode Files or Information,A2_W0::2013->2014,0.0,0.0003929387181767,0.0045197967887823,0.0,-0.999999999778751,2,0,19,CO_DOCUMENT_RELATIONAL_EXCESS_NOT_EXECUTION_OR_CAUSAL
T1022,Data Encrypted,T1107,File Deletion,A2_W0::2013->2014,0.0014553285858397,0.0015390099795255,0.0044900259644528,0.0,-0.999999999777284,6,2,20,CO_DOCUMENT_RELATIONAL_EXCESS_NOT_EXECUTION_OR_CAUSAL
T1140,Deobfuscate/Decode Files or Information,T1500,Compile After Delivery,A2_W0::2013->2014,0.0,0.0,0.0044839253856967,0.0,-0.9999999997769812,1,0,21,CO_DOCUMENT_RELATIONAL_EXCESS_NOT_EXECUTION_OR_CAUSAL
T1005,Data from Local System,T1140,Deobfuscate/Decode Files or Information,A2_W0::2013->2014,0.0087319715150386,0.0094284501954047,0.004421699482385,0.0,-0.9999999997738424,2,1,22,CO_DOCUMENT_RELATIONAL_EXCESS_NOT_EXECUTION_OR_CAUSAL
T1085,Rundll32,T1140,Deobfuscate/Decode Files or Information,A2_W0::2013->2014,0.0,0.0006923205986923,0.0043997373988632,0.0,-0.9999999997727136,2,0,23,CO_DOCUMENT_RELATIONAL_EXCESS_NOT_EXECUTION_OR_CAUSAL
T1085,Rundll32,T1137,Office Application Startup,A2_W0::2013->2014,0.0,0.0,0.0043558132318197,0.0,-0.9999999997704216,1,0,24,CO_DOCUMENT_RELATIONAL_EXCESS_NOT_EXECUTION_OR_CAUSAL
T1056.001,Keylogging,T1590.005,IP Addresses,A2_W0::2013->2014,0.0152480192342119,0.0109037972541809,0.0,0.004344221980031,0.9999999997698092,7,7,25,CO_DOCUMENT_RELATIONAL_EXCESS_NOT_EXECUTION_OR_CAUSAL
T1060,Registry Run Keys / Startup Folder,T1500,Compile After Delivery,A2_W0::2013->2014,0.0,0.0,0.0043045683702688,0.0,-0.9999999997676886,1,0,26,CO_DOCUMENT_RELATIONAL_EXCESS_NOT_EXECUTION_OR_CAUSAL
T1079,Multilayer Encryption,T1195,Supply Chain Compromise,A2_W0::2013->2014,0.0,0.0,0.0043045683702688,0.0,-0.9999999997676886,1,0,27,CO_DOCUMENT_RELATIONAL_EXCESS_NOT_EXECUTION_OR_CAUSAL
T1035,Service Execution,T1105,Ingress Tool Transfer,A2_W0::2013->2014,0.0,0.0004766201118625,0.0042862666340007,0.0,-0.9999999997666966,3,0,28,CO_DOCUMENT_RELATIONAL_EXCESS_NOT_EXECUTION_OR_CAUSAL
T1025,Data from Removable Media,T1027.016,Junk Code Insertion,A2_W0::2013->2014,0.0,0.0,0.0042789459394934,0.0,-0.9999999997662976,1,0,29,CO_DOCUMENT_RELATIONAL_EXCESS_NOT_EXECUTION_OR_CAUSAL
T1087.003,Email Account,T1204.002,Malicious File,A2_W0::2013->2014,0.0101841904244129,0.0059303862453854,0.0,0.0042538041790274,0.9999999997649162,2,4,30,CO_DOCUMENT_RELATIONAL_EXCESS_NOT_EXECUTION_OR_CAUSAL
T1027,Obfuscated Files or Information,T1119,Automated Collection,A2_W0::2013->2014,0.0087319715150386,0.0098307445973476,0.004253323508718,0.0,-0.9999999997648896,1,1,31,CO_DOCUMENT_RELATIONAL_EXCESS_NOT_EXECUTION_OR_CAUSAL
T1053.005,Scheduled Task,T1500,Compile After Delivery,A2_W0::2013->2014,0.0,0.0,0.004253323508718,0.0,-0.9999999997648896,1,0,32,CO_DOCUMENT_RELATIONAL_EXCESS_NOT_EXECUTION_OR_CAUSAL
T1025,Data from Removable Media,T1534,Internal Spearphishing,A2_W0::2013->2014,0.0,0.0,0.0042277010779426,0.0,-0.9999999997634648,1,0,33,CO_DOCUMENT_RELATIONAL_EXCESS_NOT_EXECUTION_OR_CAUSAL
T1027.016,Junk Code Insertion,T1119,Automated Collection,A2_W0::2013->2014,0.0,0.0,0.0042020786471672,0.0,-0.9999999997620224,1,0,34,CO_DOCUMENT_RELATIONAL_EXCESS_NOT_EXECUTION_OR_CAUSAL
T1060,Registry Run Keys / Startup Folder,T1137,Office Application Startup,A2_W0::2013->2014,0.0,0.0,0.0042020786471672,0.0,-0.9999999997620224,1,0,35,CO_DOCUMENT_RELATIONAL_EXCESS_NOT_EXECUTION_OR_CAUSAL
T1119,Automated Collection,T1534,Internal Spearphishing,A2_W0::2013->2014,0.0,0.0,0.0042020786471672,0.0,-0.9999999997620224,1,0,36,CO_DOCUMENT_RELATIONAL_EXCESS_NOT_EXECUTION_OR_CAUSAL
T1027.016,Junk Code Insertion,T1137,Office Application Startup,A2_W0::2013->2014,0.0,0.0,0.0041764562163918,0.0,-0.9999999997605624,1,0,37,CO_DOCUMENT_RELATIONAL_EXCESS_NOT_EXECUTION_OR_CAUSAL
T1137,Office Application Startup,T1534,Internal Spearphishing,A2_W0::2013->2014,0.0,0.0,0.0041764562163918,0.0,-0.9999999997605624,1,0,38,CO_DOCUMENT_RELATIONAL_EXCESS_NOT_EXECUTION_OR_CAUSAL
T1035,Service Execution,T1107,File Deletion,A2_W0::2013->2014,0.0,0.0003238106103493,0.0041673053482577,0.0,-0.9999999997600368,3,0,39,CO_DOCUMENT_RELATIONAL_EXCESS_NOT_EXECUTION_OR_CAUSAL
T1035,Service Execution,T1115,Clipboard Data,A2_W0::2013->2014,0.0,0.0,0.0041636450010041,0.0,-0.9999999997598256,2,0,40,CO_DOCUMENT_RELATIONAL_EXCESS_NOT_EXECUTION_OR_CAUSAL
T1080,Taint Shared Content,T1137,Office Application Startup,A2_W0::2013->2014,0.0,0.0,0.0041508337856164,0.0,-0.9999999997590844,1,0,41,CO_DOCUMENT_RELATIONAL_EXCESS_NOT_EXECUTION_OR_CAUSAL
T1074,Data Staged,T1107,File Deletion,A2_W0::2013->2014,0.0,0.0,0.0041471734383627,0.0,-0.9999999997588718,3,0,42,CO_DOCUMENT_RELATIONAL_EXCESS_NOT_EXECUTION_OR_CAUSAL
T1115,Clipboard Data,T1129,Shared Modules,A2_W0::2013->2014,0.0,0.0003679902281337,0.004125211354841,0.0,-0.999999999757588,2,0,43,CO_DOCUMENT_RELATIONAL_EXCESS_NOT_EXECUTION_OR_CAUSAL
T1027.016,Junk Code Insertion,T1500,Compile After Delivery,A2_W0::2013->2014,0.0,0.0,0.0040995889240656,0.0,-0.999999999756073,1,0,44,CO_DOCUMENT_RELATIONAL_EXCESS_NOT_EXECUTION_OR_CAUSAL
T1085,Rundll32,T1119,Automated Collection,A2_W0::2013->2014,0.0,0.0,0.0040995889240656,0.0,-0.999999999756073,1,0,45,CO_DOCUMENT_RELATIONAL_EXCESS_NOT_EXECUTION_OR_CAUSAL
T1116,Code Signing,T1137,Office Application Startup,A2_W0::2013->2014,0.0,0.0,0.0040995889240656,0.0,-0.999999999756073,1,0,46,CO_DOCUMENT_RELATIONAL_EXCESS_NOT_EXECUTION_OR_CAUSAL
T1080,Taint Shared Content,T1534,Internal Spearphishing,A2_W0::2013->2014,0.0,0.0,0.0040739664932901,0.0,-0.9999999997545388,1,0,47,CO_DOCUMENT_RELATIONAL_EXCESS_NOT_EXECUTION_OR_CAUSAL
T1027,Obfuscated Files or Information,T1039,Data from Network Shared Drive,A2_W0::2013->2014,0.0087319715150386,0.0093619208886235,0.0040483440625147,0.0,-0.9999999997529854,1,1,48,CO_DOCUMENT_RELATIONAL_EXCESS_NOT_EXECUTION_OR_CAUSAL
T1027,Obfuscated Files or Information,T1534,Internal Spearphishing,A2_W0::2013->2014,0.0003358450582707,0.0003358450582707,0.0040227216317393,5.421010862427522e-20,-0.999999999751412,2,1,49,CO_DOCUMENT_RELATIONAL_EXCESS_NOT_EXECUTION_OR_CAUSAL
T1027.016,Junk Code Insertion,T1085,Rundll32,A2_W0::2013->2014,0.0,0.0,0.0040227216317393,0.0,-0.999999999751412,1,0,50,CO_DOCUMENT_RELATIONAL_EXCESS_NOT_EXECUTION_OR_CAUSAL
T1039,Data from Network Shared Drive,T1140,Deobfuscate/Decode Files or Information,A2_W0::2013->2014,0.0087319715150386,0.0089253223128716,0.0040227216317393,0.0,-0.999999999751412,1,1,51,CO_DOCUMENT_RELATIONAL_EXCESS_NOT_EXECUTION_OR_CAUSAL
T1060,Registry Run Keys / Startup Folder,T1080,Taint Shared Content,A2_W0::2013->2014,0.0,0.0,0.0040227216317393,0.0,-0.999999999751412,1,0,52,CO_DOCUMENT_RELATIONAL_EXCESS_NOT_EXECUTION_OR_CAUSAL
T1060,Registry Run Keys / Startup Folder,T1534,Internal Spearphishing,A2_W0::2013->2014,0.0,0.0,0.0040227216317393,0.0,-0.999999999751412,1,0,53,CO_DOCUMENT_RELATIONAL_EXCESS_NOT_EXECUTION_OR_CAUSAL
T1105,Ingress Tool Transfer,T1115,Clipboard Data,A2_W0::2013->2014,0.0020412400944246,0.0021237402149076,0.0040227216317393,0.0,-0.999999999751412,2,2,54,CO_DOCUMENT_RELATIONAL_EXCESS_NOT_EXECUTION_OR_CAUSAL
T1140,Deobfuscate/Decode Files or Information,T1534,Internal Spearphishing,A2_W0::2013->2014,0.0,0.0,0.0040227216317393,0.0,-0.999999999751412,1,0,55,CO_DOCUMENT_RELATIONAL_EXCESS_NOT_EXECUTION_OR_CAUSAL
T1105,Ingress Tool Transfer,T1123,Audio Capture,A2_W0::2013->2014,0.0,0.0002837890742387,0.0039989293745907,0.0,-0.9999999997499328,3,0,56,CO_DOCUMENT_RELATIONAL_EXCESS_NOT_EXECUTION_OR_CAUSAL
T1053.005,Scheduled Task,T1059.005,Visual Basic,A2_W0::2013->2014,0.0151596727691642,0.0111629766403017,0.0,0.0039966961288624,0.9999999997497931,1,4,57,CO_DOCUMENT_RELATIONAL_EXCESS_NOT_EXECUTION_OR_CAUSAL
T1071,Application Layer Protocol,T1547,Boot or Logon Autostart Execution,A2_W0::2013->2014,0.0052495781132077,0.0012562604257052,0.0,0.0039933176875024,0.9999999997495816,0,3,58,CO_DOCUMENT_RELATIONAL_EXCESS_NOT_EXECUTION_OR_CAUSAL
T1025,Data from Removable Media,T1080,Taint Shared Content,A2_W0::2013->2014,0.0,0.0,0.0039714767701885,0.0,-0.9999999997482044,1,0,59,CO_DOCUMENT_RELATIONAL_EXCESS_NOT_EXECUTION_OR_CAUSAL
T1027.016,Junk Code Insertion,T1039,Data from Network Shared Drive,A2_W0::2013->2014,0.0,0.0,0.0039714767701885,0.0,-0.9999999997482044,1,0,60,CO_DOCUMENT_RELATIONAL_EXCESS_NOT_EXECUTION_OR_CAUSAL
T1108,Redundant Access,T1129,Shared Modules,A2_W0::2013->2014,0.0,0.0,0.0039714767701885,0.0,-0.9999999997482044,2,0,61,CO_DOCUMENT_RELATIONAL_EXCESS_NOT_EXECUTION_OR_CAUSAL
T1137,Office Application Startup,T1500,Compile After Delivery,A2_W0::2013->2014,0.0,0.0,0.0039714767701885,0.0,-0.9999999997482044,1,0,62,CO_DOCUMENT_RELATIONAL_EXCESS_NOT_EXECUTION_OR_CAUSAL
T1033,System Owner/User Discovery,T1056,Input Capture,A2_W0::2013->2014,0.0099793960171869,0.0060125861003551,0.0,0.0039668099168318,0.9999999997479082,0,2,63,CO_DOCUMENT_RELATIONAL_EXCESS_NOT_EXECUTION_OR_CAUSAL
T1027,Obfuscated Files or Information,T1027.016,Junk Code Insertion,A2_W0::2013->2014,0.0,0.0,0.0039458543394131,0.0,-0.9999999997465694,1,0,64,CO_DOCUMENT_RELATIONAL_EXCESS_NOT_EXECUTION_OR_CAUSAL
T1039,Data from Network Shared Drive,T1080,Taint Shared Content,A2_W0::2013->2014,0.0,0.0,0.0039458543394131,0.0,-0.9999999997465694,1,0,65,CO_DOCUMENT_RELATIONAL_EXCESS_NOT_EXECUTION_OR_CAUSAL
T1080,Taint Shared Content,T1140,Deobfuscate/Decode Files or Information,A2_W0::2013->2014,0.0,0.0,0.0039458543394131,0.0,-0.9999999997465694,1,0,66,CO_DOCUMENT_RELATIONAL_EXCESS_NOT_EXECUTION_OR_CAUSAL
T1056.001,Keylogging,T1123,Audio Capture,A2_W0::2013->2014,0.0003358450582707,0.0013836816400753,0.0039210694939261,0.0,-0.9999999997449674,4,1,67,CO_DOCUMENT_RELATIONAL_EXCESS_NOT_EXECUTION_OR_CAUSAL
T1005,Data from Local System,T1080,Taint Shared Content,A2_W0::2013->2014,0.0,0.0,0.0039202319086377,0.0,-0.9999999997449128,1,0,68,CO_DOCUMENT_RELATIONAL_EXCESS_NOT_EXECUTION_OR_CAUSAL
T1025,Data from Removable Media,T1500,Compile After Delivery,A2_W0::2013->2014,0.0,0.0,0.0039202319086377,0.0,-0.9999999997449128,1,0,69,CO_DOCUMENT_RELATIONAL_EXCESS_NOT_EXECUTION_OR_CAUSAL
T1027,Obfuscated Files or Information,T1500,Compile After Delivery,A2_W0::2013->2014,0.0,0.0,0.0039202319086377,0.0,-0.9999999997449128,1,0,70,CO_DOCUMENT_RELATIONAL_EXCESS_NOT_EXECUTION_OR_CAUSAL
T1027.016,Junk Code Insertion,T1140,Deobfuscate/Decode Files or Information,A2_W0::2013->2014,0.0,0.0,0.0039202319086377,0.0,-0.9999999997449128,1,0,71,CO_DOCUMENT_RELATIONAL_EXCESS_NOT_EXECUTION_OR_CAUSAL
T1027.016,Junk Code Insertion,T1534,Internal Spearphishing,A2_W0::2013->2014,0.0,0.0,0.0039202319086377,0.0,-0.9999999997449128,1,0,72,CO_DOCUMENT_RELATIONAL_EXCESS_NOT_EXECUTION_OR_CAUSAL
T1080,Taint Shared Content,T1085,Rundll32,A2_W0::2013->2014,0.0,0.0,0.0039202319086377,0.0,-0.9999999997449128,1,0,73,CO_DOCUMENT_RELATIONAL_EXCESS_NOT_EXECUTION_OR_CAUSAL
T1107,File Deletion,T1123,Audio Capture,A2_W0::2013->2014,0.0,0.0,0.0039202319086377,0.0,-0.9999999997449128,3,0,74,CO_DOCUMENT_RELATIONAL_EXCESS_NOT_EXECUTION_OR_CAUSAL
T1112,Modify Registry,T1534,Internal Spearphishing,A2_W0::2013->2014,0.0003358450582707,0.0003358450582707,0.0039162899962107,5.421010862427522e-20,-0.999999999744656,2,1,75,CO_DOCUMENT_RELATIONAL_EXCESS_NOT_EXECUTION_OR_CAUSAL
T1005,Data from Local System,T1027.016,Junk Code Insertion,A2_W0::2013->2014,0.0,0.0,0.0038946094778623,0.0,-0.9999999997432348,1,0,76,CO_DOCUMENT_RELATIONAL_EXCESS_NOT_EXECUTION_OR_CAUSAL
T1053,Scheduled Task/Job,T1137,Office Application Startup,A2_W0::2013->2014,0.0,0.0,0.0038946094778623,0.0,-0.9999999997432348,1,0,77,CO_DOCUMENT_RELATIONAL_EXCESS_NOT_EXECUTION_OR_CAUSAL
T1053.005,Scheduled Task,T1080,Taint Shared Content,A2_W0::2013->2014,0.0,0.0,0.0038946094778623,0.0,-0.9999999997432348,1,0,78,CO_DOCUMENT_RELATIONAL_EXCESS_NOT_EXECUTION_OR_CAUSAL
T1034,Path Interception,T1123,Audio Capture,A2_W0::2013->2014,0.0087319715150386,0.0048462441908464,0.0,0.0038857273241921,0.999999999742648,0,1,79,CO_DOCUMENT_RELATIONAL_EXCESS_NOT_EXECUTION_OR_CAUSAL
T1079,Multilayer Encryption,T1129,Shared Modules,A2_W0::2013->2014,0.0,0.0,0.0038817982624746,0.0,-0.9999999997423874,2,0,80,CO_DOCUMENT_RELATIONAL_EXCESS_NOT_EXECUTION_OR_CAUSAL
T1027,Obfuscated Files or Information,T1060,Registry Run Keys / Startup Folder,A2_W0::2013->2014,0.0024948490042967,0.0026949566848497,0.0038689870470869,0.0,-0.9999999997415344,2,1,81,CO_DOCUMENT_RELATIONAL_EXCESS_NOT_EXECUTION_OR_CAUSAL
T1053,Scheduled Task/Job,T1115,Clipboard Data,A2_W0::2013->2014,0.0007938155922762,0.001967812152139,0.0038561758316992,0.0,-0.9999999997406758,2,1,82,CO_DOCUMENT_RELATIONAL_EXCESS_NOT_EXECUTION_OR_CAUSAL
T1056,Input Capture,T1129,Shared Modules,A2_W0::2013->2014,0.0,0.0004428356982626,0.0038561758316992,0.0,-0.9999999997406758,2,0,83,CO_DOCUMENT_RELATIONAL_EXCESS_NOT_EXECUTION_OR_CAUSAL
T1005,Data from Local System,T1027,Obfuscated Files or Information,A2_W0::2013->2014,0.0087319715150386,0.0105981705462734,0.0038433646163115,0.0,-0.9999999997398114,1,1,84,CO_DOCUMENT_RELATIONAL_EXCESS_NOT_EXECUTION_OR_CAUSAL
T1027.016,Junk Code Insertion,T1060,Registry Run Keys / Startup Folder,A2_W0::2013->2014,0.0,0.0,0.0038433646163115,0.0,-0.9999999997398114,1,0,85,CO_DOCUMENT_RELATIONAL_EXCESS_NOT_EXECUTION_OR_CAUSAL
T1053,Scheduled Task/Job,T1534,Internal Spearphishing,A2_W0::2013->2014,0.0003358450582707,0.0003358450582707,0.0038433646163115,5.421010862427522e-20,-0.9999999997398114,2,1,86,CO_DOCUMENT_RELATIONAL_EXCESS_NOT_EXECUTION_OR_CAUSAL
T1085,Rundll32,T1534,Internal Spearphishing,A2_W0::2013->2014,0.0,0.0,0.0038433646163115,0.0,-0.9999999997398114,1,0,87,CO_DOCUMENT_RELATIONAL_EXCESS_NOT_EXECUTION_OR_CAUSAL
T1033,System Owner/User Discovery,T1034,Path Interception,A2_W0::2013->2014,0.0087319715150386,0.0048899040484216,0.0,0.0038420674666169,0.9999999997397234,0,1,88,CO_DOCUMENT_RELATIONAL_EXCESS_NOT_EXECUTION_OR_CAUSAL
T1035,Service Execution,T1123,Audio Capture,A2_W0::2013->2014,0.0,0.0,0.0038397042690578,0.0,-0.9999999997395632,3,0,89,CO_DOCUMENT_RELATIONAL_EXCESS_NOT_EXECUTION_OR_CAUSAL
T1080,Taint Shared Content,T1119,Automated Collection,A2_W0::2013->2014,0.0,0.0,0.003817742185536,0.0,-0.9999999997380652,1,0,90,CO_DOCUMENT_RELATIONAL_EXCESS_NOT_EXECUTION_OR_CAUSAL
T1043,Commonly Used Port,T1543.003,Windows Service,A2_W0::2013->2014,0.0087319715150386,0.0101233695951432,0.0037963901598899,0.0,-0.999999999736592,2,1,91,CO_DOCUMENT_RELATIONAL_EXCESS_NOT_EXECUTION_OR_CAUSAL
T1027,Obfuscated Files or Information,T1080,Taint Shared Content,A2_W0::2013->2014,0.0,0.0,0.0037921197547606,0.0,-0.9999999997362952,1,0,92,CO_DOCUMENT_RELATIONAL_EXCESS_NOT_EXECUTION_OR_CAUSAL
T1027,Obfuscated Files or Information,T1116,Code Signing,A2_W0::2013->2014,0.0,0.00068036611388,0.0037921197547606,0.0,-0.9999999997362952,1,0,93,CO_DOCUMENT_RELATIONAL_EXCESS_NOT_EXECUTION_OR_CAUSAL
T1039,Data from Network Shared Drive,T1534,Internal Spearphishing,A2_W0::2013->2014,0.0,0.0,0.0037921197547606,0.0,-0.9999999997362952,1,0,94,CO_DOCUMENT_RELATIONAL_EXCESS_NOT_EXECUTION_OR_CAUSAL
T1105,Ingress Tool Transfer,T1129,Shared Modules,A2_W0::2013->2014,0.0,0.0007858774363534,0.0037921197547606,0.0,-0.9999999997362952,2,0,95,CO_DOCUMENT_RELATIONAL_EXCESS_NOT_EXECUTION_OR_CAUSAL
T1027,Obfuscated Files or Information,T1071.001,Web Protocols,A2_W0::2013->2014,0.0052495781132077,0.001467283070652,0.0,0.0037822950425557,0.9999999997356104,0,3,96,CO_DOCUMENT_RELATIONAL_EXCESS_NOT_EXECUTION_OR_CAUSAL
T1020,Automated Exfiltration,T1035,Service Execution,A2_W0::2013->2014,0.0,0.0,0.0037793085393729,0.0,-0.9999999997354012,2,0,97,CO_DOCUMENT_RELATIONAL_EXCESS_NOT_EXECUTION_OR_CAUSAL
T1079,Multilayer Encryption,T1105,Ingress Tool Transfer,A2_W0::2013->2014,0.0,0.0,0.0037793085393729,0.0,-0.9999999997354012,2,0,98,CO_DOCUMENT_RELATIONAL_EXCESS_NOT_EXECUTION_OR_CAUSAL
T1005,Data from Local System,T1534,Internal Spearphishing,A2_W0::2013->2014,0.0,0.0,0.0037664973239852,0.0,-0.9999999997345014,1,0,99,CO_DOCUMENT_RELATIONAL_EXCESS_NOT_EXECUTION_OR_CAUSAL
T1020,Automated Exfiltration,T1129,Shared Modules,A2_W0::2013->2014,0.0,0.0,0.0037664973239852,0.0,-0.9999999997345014,2,0,100,CO_DOCUMENT_RELATIONAL_EXCESS_NOT_EXECUTION_OR_CAUSAL
T1590.005,IP Addresses,T1684,Social Engineering,A2_W0::2014->2015,0.05391076969258,0.041971677942031,0.0,0.0119390917505489,0.9999999999162414,20,22,1,CO_DOCUMENT_RELATIONAL_EXCESS_NOT_EXECUTION_OR_CAUSAL
T1036.002,Right-to-Left Override,T1590.005,IP Addresses,A2_W0::2014->2015,0.0,0.0008238339704243,0.0087407034865536,0.0,-0.9999999998855928,3,0,2,CO_DOCUMENT_RELATIONAL_EXCESS_NOT_EXECUTION_OR_CAUSAL
T1047,Windows Management Instrumentation,T1056.001,Keylogging,A2_W0::2014->2015,0.0118353612652515,0.0033498713698805,0.0,0.008485489895371,0.9999999998821516,2,4,3,CO_DOCUMENT_RELATIONAL_EXCESS_NOT_EXECUTION_OR_CAUSAL
T1059.007,JavaScript,T1684,Social Engineering,A2_W0::2014->2015,0.0188819503416982,0.0116194599483586,0.0,0.0072624903933395,0.999999999862306,9,13,4,CO_DOCUMENT_RELATIONAL_EXCESS_NOT_EXECUTION_OR_CAUSAL
T1056.001,Keylogging,T1219,Remote Access Tools,A2_W0::2014->2015,0.0138477938038052,0.0069931470710136,0.0,0.0068546467327915,0.9999999998541136,5,7,5,CO_DOCUMENT_RELATIONAL_EXCESS_NOT_EXECUTION_OR_CAUSAL
T1022,Data Encrypted,T1590.005,IP Addresses,A2_W0::2014->2015,0.0142333756392567,0.0076293600861999,0.0,0.0066040155530567,0.9999999998485768,7,5,6,CO_DOCUMENT_RELATIONAL_EXCESS_NOT_EXECUTION_OR_CAUSAL
T1043,Commonly Used Port,T1053.005,Scheduled Task,A2_W0::2014->2015,0.0027878047288917,0.0034123106612003,0.0065823519668042,0.0,-0.9999999998480784,7,5,7,CO_DOCUMENT_RELATIONAL_EXCESS_NOT_EXECUTION_OR_CAUSAL
T1003.001,LSASS Memory,T1053.005,Scheduled Task,A2_W0::2014->2015,0.0073283970682672,0.0010596862160714,0.0,0.0062687108521957,0.9999999998404776,2,2,8,CO_DOCUMENT_RELATIONAL_EXCESS_NOT_EXECUTION_OR_CAUSAL
T1003.001,LSASS Memory,T1022,Data Encrypted,A2_W0::2014->2015,0.0069619772148538,0.0012113840353845,0.0,0.0057505931794692,0.9999999998261048,2,1,9,CO_DOCUMENT_RELATIONAL_EXCESS_NOT_EXECUTION_OR_CAUSAL
T1204.002,Malicious File,T1684,Social Engineering,A2_W0::2014->2015,0.0060648967363413,0.0086455142520396,0.0053211603045328,0.0,-0.999999999812071,8,4,10,CO_DOCUMENT_RELATIONAL_EXCESS_NOT_EXECUTION_OR_CAUSAL
T1003.001,LSASS Memory,T1590.005,IP Addresses,A2_W0::2014->2015,0.008720792511238,0.0034348197058968,0.0,0.0052859728053411,0.99999999981082,3,3,11,CO_DOCUMENT_RELATIONAL_EXCESS_NOT_EXECUTION_OR_CAUSAL
T1053.005,Scheduled Task,T1590.005,IP Addresses,A2_W0::2014->2015,0.0187603710434836,0.0135784988851765,0.0,0.005181872158307,0.9999999998070196,13,11,12,CO_DOCUMENT_RELATIONAL_EXCESS_NOT_EXECUTION_OR_CAUSAL
T1056,Input Capture,T1105,Ingress Tool Transfer,A2_W0::2014->2015,0.0011603295358089,0.0012013554729679,0.0048186874495716,0.0,-0.9999999997924746,5,2,13,CO_DOCUMENT_RELATIONAL_EXCESS_NOT_EXECUTION_OR_CAUSAL
T1021.007,Cloud Services,T1593.001,Social Media,A2_W0::2014->2015,0.0006796215852595,0.0006796215852595,0.0046676356825842,1.0842021724855044e-19,-0.9999999997857588,2,2,14,CO_DOCUMENT_RELATIONAL_EXCESS_NOT_EXECUTION_OR_CAUSAL
T1043,Commonly Used Port,T1105,Ingress Tool Transfer,A2_W0::2014->2015,0.0011603295358089,0.001413115613253,0.0046542731201142,0.0,-0.9999999997851436,4,2,15,CO_DOCUMENT_RELATIONAL_EXCESS_NOT_EXECUTION_OR_CAUSAL
T1003.001,LSASS Memory,T1684,Social Engineering,A2_W0::2014->2015,0.0073283970682672,0.0027404540836785,0.0,0.0045879429845887,0.9999999997820374,2,2,16,CO_DOCUMENT_RELATIONAL_EXCESS_NOT_EXECUTION_OR_CAUSAL
T1036.002,Right-to-Left Override,T1056.001,Keylogging,A2_W0::2014->2015,0.0,0.0006845944261272,0.0045362592020625,0.0,-0.999999999779554,2,0,17,CO_DOCUMENT_RELATIONAL_EXCESS_NOT_EXECUTION_OR_CAUSAL
T1053,Scheduled Task/Job,T1204,User Execution,A2_W0::2014->2015,0.0,0.0002753145534964,0.0045029189471869,0.0,-0.9999999997779218,3,0,18,CO_DOCUMENT_RELATIONAL_EXCESS_NOT_EXECUTION_OR_CAUSAL
T1053.005,Scheduled Task,T1684,Social Engineering,A2_W0::2014->2015,0.0150252496558001,0.0105699710148055,0.0,0.0044552786409945,0.9999999997755472,8,7,19,CO_DOCUMENT_RELATIONAL_EXCESS_NOT_EXECUTION_OR_CAUSAL
T1053,Scheduled Task/Job,T1106,Native API,A2_W0::2014->2015,0.0004972840867752,0.0009721903896456,0.0043725063855987,0.0,-0.9999999997712982,2,1,20,CO_DOCUMENT_RELATIONAL_EXCESS_NOT_EXECUTION_OR_CAUSAL
T1056.001,Keylogging,T1590.005,IP Addresses,A2_W0::2014->2015,0.0165331278723917,0.0197292555787775,0.004344221980031,0.0,-0.9999999997698092,7,6,21,CO_DOCUMENT_RELATIONAL_EXCESS_NOT_EXECUTION_OR_CAUSAL
T1087.003,Email Account,T1204.002,Malicious File,A2_W0::2014->2015,0.0033917324892877,0.0036962446123391,0.0042538041790274,0.0,-0.9999999997649162,4,2,22,CO_DOCUMENT_RELATIONAL_EXCESS_NOT_EXECUTION_OR_CAUSAL
T1047,Windows Management Instrumentation,T1547.014,Active Setup,A2_W0::2014->2015,0.0046413181432359,0.0004061153375331,0.0,0.0042352028057027,0.9999999997638837,2,2,23,CO_DOCUMENT_RELATIONAL_EXCESS_NOT_EXECUTION_OR_CAUSAL
T1022,Data Encrypted,T1053,Scheduled Task/Job,A2_W0::2014->2015,0.001476783045575,0.0017813695487249,0.0041733437236079,0.0,-0.999999999760384,6,3,24,CO_DOCUMENT_RELATIONAL_EXCESS_NOT_EXECUTION_OR_CAUSAL
T1033,System Owner/User Discovery,T1134,Access Token Manipulation,A2_W0::2014->2015,0.000316453509766,0.000316453509766,0.0041040266120681,5.421010862427522e-20,-0.9999999997563368,2,1,25,CO_DOCUMENT_RELATIONAL_EXCESS_NOT_EXECUTION_OR_CAUSAL
T1218.002,Control Panel,T1590.005,IP Addresses,A2_W0::2014->2015,0.0079823917546609,0.0039444449700456,0.0,0.0040379467846152,0.9999999997523492,4,3,26,CO_DOCUMENT_RELATIONAL_EXCESS_NOT_EXECUTION_OR_CAUSAL
T1053.005,Scheduled Task,T1059.005,Visual Basic,A2_W0::2014->2015,0.0015471060477453,0.0020303004187286,0.0039966961288624,0.0,-0.9999999997497931,4,1,27,CO_DOCUMENT_RELATIONAL_EXCESS_NOT_EXECUTION_OR_CAUSAL
T1071,Application Layer Protocol,T1547,Boot or Logon Autostart Execution,A2_W0::2014->2015,0.0,0.0,0.0039933176875024,0.0,-0.9999999997495816,3,0,28,CO_DOCUMENT_RELATIONAL_EXCESS_NOT_EXECUTION_OR_CAUSAL
T1033,System Owner/User Discovery,T1056,Input Capture,A2_W0::2014->2015,0.000316453509766,0.000316453509766,0.0039668099168318,5.421010862427522e-20,-0.9999999997479082,2,1,29,CO_DOCUMENT_RELATIONAL_EXCESS_NOT_EXECUTION_OR_CAUSAL
T1027,Obfuscated Files or Information,T1547,Boot or Logon Autostart Execution,A2_W0::2014->2015,0.0,0.0,0.0038914446864936,0.0,-0.999999999743026,4,0,30,CO_DOCUMENT_RELATIONAL_EXCESS_NOT_EXECUTION_OR_CAUSAL
T1105,Ingress Tool Transfer,T1204,User Execution,A2_W0::2014->2015,0.0,0.0,0.0038777891682694,0.0,-0.9999999997421212,2,0,31,CO_DOCUMENT_RELATIONAL_EXCESS_NOT_EXECUTION_OR_CAUSAL
T1053.005,Scheduled Task,T1204,User Execution,A2_W0::2014->2015,0.000316453509766,0.000316453509766,0.0038248681287843,5.421010862427522e-20,-0.999999999738553,3,1,32,CO_DOCUMENT_RELATIONAL_EXCESS_NOT_EXECUTION_OR_CAUSAL
T1059.005,Visual Basic,T1102.003,One-Way Communication,A2_W0::2014->2015,0.0,0.0,0.0038202375378293,0.0,-0.9999999997382362,1,0,33,CO_DOCUMENT_RELATIONAL_EXCESS_NOT_EXECUTION_OR_CAUSAL
T1573.002,Asymmetric Cryptography,T1590.005,IP Addresses,A2_W0::2014->2015,0.0069619772148538,0.0031537756783287,0.0,0.003808201536525,0.9999999997374088,1,1,34,CO_DOCUMENT_RELATIONAL_EXCESS_NOT_EXECUTION_OR_CAUSAL
T1106,Native API,T1204,User Execution,A2_W0::2014->2015,0.0,0.0001276362489389,0.0037249796667562,0.0,-0.9999999997315422,1,0,35,CO_DOCUMENT_RELATIONAL_EXCESS_NOT_EXECUTION_OR_CAUSAL
T1071,Application Layer Protocol,T1547.001,Registry Run Keys / Startup Folder,A2_W0::2014->2015,0.0,0.0,0.003696534608033,0.0,-0.9999999997294764,2,0,36,CO_DOCUMENT_RELATIONAL_EXCESS_NOT_EXECUTION_OR_CAUSAL
T1110,Brute Force,T1590.005,IP Addresses,A2_W0::2014->2015,0.0046179519074303,0.0051544258055057,0.0036562705171581,0.0,-0.9999999997264972,9,5,37,CO_DOCUMENT_RELATIONAL_EXCESS_NOT_EXECUTION_OR_CAUSAL
T1547.014,Active Setup,T1684,Social Engineering,A2_W0::2014->2015,0.0046413181432359,0.0010210899915119,0.0,0.003620228151724,0.9999999997237744,2,2,38,CO_DOCUMENT_RELATIONAL_EXCESS_NOT_EXECUTION_OR_CAUSAL
T1213.005,Messaging Applications,T1684,Social Engineering,A2_W0::2014->2015,0.0003664198534133,0.0008247500200579,0.0035249590273866,0.0,-0.9999999997163088,2,1,39,CO_DOCUMENT_RELATIONAL_EXCESS_NOT_EXECUTION_OR_CAUSAL
T1053.005,Scheduled Task,T1102.003,One-Way Communication,A2_W0::2014->2015,0.0,0.0,0.003514618534803,0.0,-0.9999999997154742,1,0,40,CO_DOCUMENT_RELATIONAL_EXCESS_NOT_EXECUTION_OR_CAUSAL
T1057,Process Discovery,T1123,Audio Capture,A2_W0::2014->2015,0.0024261435748733,0.0027557826475463,0.0035121929871599,0.0,-0.9999999997152776,3,3,41,CO_DOCUMENT_RELATIONAL_EXCESS_NOT_EXECUTION_OR_CAUSAL
T1034,Path Interception,T1137,Office Application Startup,A2_W0::2014->2015,0.0,0.0,0.0034927886060154,0.0,-0.9999999997136958,1,0,42,CO_DOCUMENT_RELATIONAL_EXCESS_NOT_EXECUTION_OR_CAUSAL
T1087.003,Email Account,T1593.001,Social Media,A2_W0::2014->2015,0.0028236299008917,0.0038640587180004,0.0034606831753944,0.0,-0.9999999997110396,3,5,43,CO_DOCUMENT_RELATIONAL_EXCESS_NOT_EXECUTION_OR_CAUSAL
T1016,System Network Configuration Discovery,T1033,System Owner/User Discovery,A2_W0::2014->2015,0.0,0.0,0.0034553658709509,0.0,-0.9999999997105952,3,0,44,CO_DOCUMENT_RELATIONAL_EXCESS_NOT_EXECUTION_OR_CAUSAL
T1547,Boot or Logon Autostart Execution,T1547.001,Registry Run Keys / Startup Folder,A2_W0::2014->2015,0.0,0.0,0.0034262592992341,0.0,-0.9999999997081364,2,0,45,CO_DOCUMENT_RELATIONAL_EXCESS_NOT_EXECUTION_OR_CAUSAL
T1518,Software Discovery,T1547.001,Registry Run Keys / Startup Folder,A2_W0::2014->2015,0.0,0.0,0.0034179431358865,0.0,-0.9999999997074264,2,0,46,CO_DOCUMENT_RELATIONAL_EXCESS_NOT_EXECUTION_OR_CAUSAL
T1589.002,Email Addresses,T1590.005,IP Addresses,A2_W0::2014->2015,0.0134391511588892,0.0100303842746911,0.0,0.003408766884198,0.9999999997066388,12,10,47,CO_DOCUMENT_RELATIONAL_EXCESS_NOT_EXECUTION_OR_CAUSAL
T1123,Audio Capture,T1134,Access Token Manipulation,A2_W0::2014->2015,0.000316453509766,0.000316453509766,0.003405468890865,5.421010862427522e-20,-0.9999999997063548,2,1,48,CO_DOCUMENT_RELATIONAL_EXCESS_NOT_EXECUTION_OR_CAUSAL
T1518,Software Discovery,T1547,Boot or Logon Autostart Execution,A2_W0::2014->2015,0.0,0.0,0.0033472557474314,0.0,-0.9999999997012478,2,0,49,CO_DOCUMENT_RELATIONAL_EXCESS_NOT_EXECUTION_OR_CAUSAL
T1110,Brute Force,T1113,Screen Capture,A2_W0::2014->2015,0.001476783045575,0.0022233496173648,0.0033171096552962,0.0,-0.9999999996985328,4,3,50,CO_DOCUMENT_RELATIONAL_EXCESS_NOT_EXECUTION_OR_CAUSAL
T1113,Screen Capture,T1134,Access Token Manipulation,A2_W0::2014->2015,0.001476783045575,0.001757748554603,0.0032947599662993,0.0,-0.9999999996964878,5,3,51,CO_DOCUMENT_RELATIONAL_EXCESS_NOT_EXECUTION_OR_CAUSAL
T1056,Input Capture,T1106,Native API,A2_W0::2014->2015,0.0,0.0002287506799166,0.0032739223070021,0.0,-0.999999999694556,1,0,52,CO_DOCUMENT_RELATIONAL_EXCESS_NOT_EXECUTION_OR_CAUSAL
T1032,Standard Cryptographic Protocol,T1134,Access Token Manipulation,A2_W0::2014->2015,0.0017932365553411,0.0018744596228477,0.0032526593893518,0.0,-0.9999999996925591,3,4,53,CO_DOCUMENT_RELATIONAL_EXCESS_NOT_EXECUTION_OR_CAUSAL
T1027,Obfuscated Files or Information,T1071,Application Layer Protocol,A2_W0::2014->2015,0.000316453509766,0.000316453509766,0.0032459025066319,5.421010862427522e-20,-0.9999999996919192,4,1,54,CO_DOCUMENT_RELATIONAL_EXCESS_NOT_EXECUTION_OR_CAUSAL
T1105,Ingress Tool Transfer,T1106,Native API,A2_W0::2014->2015,0.0,0.0003928544285524,0.0032186387211114,0.0,-0.9999999996893096,2,0,55,CO_DOCUMENT_RELATIONAL_EXCESS_NOT_EXECUTION_OR_CAUSAL
T1053.005,Scheduled Task,T1106,Native API,A2_W0::2014->2015,0.0004972840867752,0.0010691607865668,0.0031924144560094,0.0,-0.9999999996867576,2,1,56,CO_DOCUMENT_RELATIONAL_EXCESS_NOT_EXECUTION_OR_CAUSAL
T1123,Audio Capture,T1137,Office Application Startup,A2_W0::2014->2015,0.0,0.0,0.0030998498878387,0.0,-0.9999999996774036,1,0,57,CO_DOCUMENT_RELATIONAL_EXCESS_NOT_EXECUTION_OR_CAUSAL
T1027,Obfuscated Files or Information,T1547.001,Registry Run Keys / Startup Folder,A2_W0::2014->2015,0.0,0.0,0.0030956918061648,0.0,-0.9999999996769704,2,0,58,CO_DOCUMENT_RELATIONAL_EXCESS_NOT_EXECUTION_OR_CAUSAL
T1033,System Owner/User Discovery,T1482,Domain Trust Discovery,A2_W0::2014->2015,0.0,0.0,0.0030686642752849,0.0,-0.9999999996741252,2,0,59,CO_DOCUMENT_RELATIONAL_EXCESS_NOT_EXECUTION_OR_CAUSAL
T1034,Path Interception,T1212,Exploitation for Credential Access,A2_W0::2014->2015,0.0,0.0,0.0030561900302635,0.0,-0.9999999996727952,1,0,60,CO_DOCUMENT_RELATIONAL_EXCESS_NOT_EXECUTION_OR_CAUSAL
T1027.007,Dynamic API Resolution,T1059.005,Visual Basic,A2_W0::2014->2015,0.0034809886074269,0.0004351235759283,0.0,0.0030458650314985,0.999999999671686,0,1,61,CO_DOCUMENT_RELATIONAL_EXCESS_NOT_EXECUTION_OR_CAUSAL
T1102.003,One-Way Communication,T1590.005,IP Addresses,A2_W0::2014->2015,0.0,0.0,0.0030343601014759,0.0,-0.9999999996704412,1,0,62,CO_DOCUMENT_RELATIONAL_EXCESS_NOT_EXECUTION_OR_CAUSAL
T1090.001,Internal Proxy,T1584.008,Network Devices,A2_W0::2014->2015,0.0,0.0,0.0030037982011732,0.0,-0.9999999996670882,1,0,63,CO_DOCUMENT_RELATIONAL_EXCESS_NOT_EXECUTION_OR_CAUSAL
T1033,System Owner/User Discovery,T1212,Exploitation for Credential Access,A2_W0::2014->2015,0.0,0.0,0.0029688703151131,0.0,-0.9999999996631715,1,0,64,CO_DOCUMENT_RELATIONAL_EXCESS_NOT_EXECUTION_OR_CAUSAL
T1016,System Network Configuration Discovery,T1213,Data from Information Repositories,A2_W0::2014->2015,0.0,0.0,0.0029563960700916,0.0,-0.9999999996617503,2,0,65,CO_DOCUMENT_RELATIONAL_EXCESS_NOT_EXECUTION_OR_CAUSAL
T1018,Remote System Discovery,T1134,Access Token Manipulation,A2_W0::2014->2015,0.000316453509766,0.000699362256583,0.0029252104575379,0.0,-0.9999999996581442,1,1,66,CO_DOCUMENT_RELATIONAL_EXCESS_NOT_EXECUTION_OR_CAUSAL
T1113,Screen Capture,T1590.005,IP Addresses,A2_W0::2014->2015,0.0051265468582105,0.0098384002283911,0.0029138607846055,0.0,-0.9999999996568129,8,3,67,CO_DOCUMENT_RELATIONAL_EXCESS_NOT_EXECUTION_OR_CAUSAL
T1033,System Owner/User Discovery,T1137,Office Application Startup,A2_W0::2014->2015,0.0,0.0,0.0028815505999627,0.0,-0.9999999996529646,1,0,68,CO_DOCUMENT_RELATIONAL_EXCESS_NOT_EXECUTION_OR_CAUSAL
T1032,Standard Cryptographic Protocol,T1056,Input Capture,A2_W0::2014->2015,0.0017932365553411,0.0018508386287259,0.0028779122784981,0.0,-0.9999999996525258,3,4,69,CO_DOCUMENT_RELATIONAL_EXCESS_NOT_EXECUTION_OR_CAUSAL
T1213,Data from Information Repositories,T1482,Domain Trust Discovery,A2_W0::2014->2015,0.0,0.0,0.0028695961151504,0.0,-0.9999999996515188,2,0,70,CO_DOCUMENT_RELATIONAL_EXCESS_NOT_EXECUTION_OR_CAUSAL
T1056.001,Keylogging,T1090.001,Internal Proxy,A2_W0::2014->2015,0.0046413181432359,0.0017869074851458,0.0,0.00285441065809,0.999999999649665,0,2,71,CO_DOCUMENT_RELATIONAL_EXCESS_NOT_EXECUTION_OR_CAUSAL
T1137,Office Application Startup,T1213,Data from Information Repositories,A2_W0::2014->2015,0.0,0.0,0.0028378907423875,0.0,-0.9999999996476256,1,0,72,CO_DOCUMENT_RELATIONAL_EXCESS_NOT_EXECUTION_OR_CAUSAL
T1071.001,Web Protocols,T1566.001,Spearphishing Attachment,A2_W0::2014->2015,0.0,0.0,0.0028233374565291,0.0,-0.9999999996458092,1,0,73,CO_DOCUMENT_RELATIONAL_EXCESS_NOT_EXECUTION_OR_CAUSAL
T1204,User Execution,T1547,Boot or Logon Autostart Execution,A2_W0::2014->2015,0.0,0.0,0.0028233374565291,0.0,-0.9999999996458092,2,0,74,CO_DOCUMENT_RELATIONAL_EXCESS_NOT_EXECUTION_OR_CAUSAL
T1022,Data Encrypted,T1106,Native API,A2_W0::2014->2015,0.0,0.0002552724978779,0.0028194628804239,0.0,-0.9999999996453224,1,0,75,CO_DOCUMENT_RELATIONAL_EXCESS_NOT_EXECUTION_OR_CAUSAL
T1547,Boot or Logon Autostart Execution,T1566.001,Spearphishing Attachment,A2_W0::2014->2015,0.0,0.0,0.0028087841706707,0.0,-0.999999999643974,1,0,76,CO_DOCUMENT_RELATIONAL_EXCESS_NOT_EXECUTION_OR_CAUSAL
T1204.002,Malicious File,T1547,Boot or Logon Autostart Execution,A2_W0::2014->2015,0.0,0.0,0.0027989087266954,0.0,-0.999999999642718,2,0,77,CO_DOCUMENT_RELATIONAL_EXCESS_NOT_EXECUTION_OR_CAUSAL
T1027,Obfuscated Files or Information,T1204,User Execution,A2_W0::2014->2015,0.000316453509766,0.000316453509766,0.0027942308848123,5.421010862427522e-20,-0.9999999996421196,2,1,78,CO_DOCUMENT_RELATIONAL_EXCESS_NOT_EXECUTION_OR_CAUSAL
T1123,Audio Capture,T1139,Bash History,A2_W0::2014->2015,0.0,0.0,0.0027942308848123,0.0,-0.9999999996421196,1,0,79,CO_DOCUMENT_RELATIONAL_EXCESS_NOT_EXECUTION_OR_CAUSAL
T1134,Access Token Manipulation,T1137,Office Application Startup,A2_W0::2014->2015,0.0,0.0,0.0027505710272371,0.0,-0.9999999996364392,1,0,80,CO_DOCUMENT_RELATIONAL_EXCESS_NOT_EXECUTION_OR_CAUSAL
T1518,Software Discovery,T1566.001,Spearphishing Attachment,A2_W0::2014->2015,0.0,0.0,0.0027505710272371,0.0,-0.9999999996364392,1,0,81,CO_DOCUMENT_RELATIONAL_EXCESS_NOT_EXECUTION_OR_CAUSAL
T1006,Direct Volume Access,T1543.003,Windows Service,A2_W0::2014->2015,0.0,0.0,0.0027360177413787,0.0,-0.9999999996345053,1,0,82,CO_DOCUMENT_RELATIONAL_EXCESS_NOT_EXECUTION_OR_CAUSAL
T1071,Application Layer Protocol,T1566.001,Spearphishing Attachment,A2_W0::2014->2015,0.0,0.0,0.0027360177413787,0.0,-0.9999999996345053,1,0,83,CO_DOCUMENT_RELATIONAL_EXCESS_NOT_EXECUTION_OR_CAUSAL
T1071.001,Web Protocols,T1204,User Execution,A2_W0::2014->2015,0.0,0.0,0.0027360177413787,0.0,-0.9999999996345053,1,0,84,CO_DOCUMENT_RELATIONAL_EXCESS_NOT_EXECUTION_OR_CAUSAL
T1033,System Owner/User Discovery,T1043,Commonly Used Port,A2_W0::2014->2015,0.000316453509766,0.000316453509766,0.002733107084207,5.421010862427522e-20,-0.999999999634116,2,1,85,CO_DOCUMENT_RELATIONAL_EXCESS_NOT_EXECUTION_OR_CAUSAL
T1113,Screen Capture,T1620,Reflective Code Loading,A2_W0::2014->2015,0.0034809886074269,0.0007484125505967,0.0,0.0027325760568301,0.999999999634045,0,2,86,CO_DOCUMENT_RELATIONAL_EXCESS_NOT_EXECUTION_OR_CAUSAL
T1204,User Execution,T1566.001,Spearphishing Attachment,A2_W0::2014->2015,0.0,0.0,0.0027214644555203,0.0,-0.9999999996325508,1,0,87,CO_DOCUMENT_RELATIONAL_EXCESS_NOT_EXECUTION_OR_CAUSAL
T1518,Software Discovery,T1518.001,Security Software Discovery,A2_W0::2014->2015,0.0,0.0,0.0027214644555203,0.0,-0.9999999996325508,1,0,88,CO_DOCUMENT_RELATIONAL_EXCESS_NOT_EXECUTION_OR_CAUSAL
T1021,Remote Services,T1056,Input Capture,A2_W0::2014->2015,0.001476783045575,0.0016404723908052,0.0027126285319634,0.0,-0.999999999631354,5,3,89,CO_DOCUMENT_RELATIONAL_EXCESS_NOT_EXECUTION_OR_CAUSAL
T1056,Input Capture,T1133,External Remote Services,A2_W0::2014->2015,0.001476783045575,0.0016209954307398,0.0027126285319634,0.0,-0.999999999631354,5,3,90,CO_DOCUMENT_RELATIONAL_EXCESS_NOT_EXECUTION_OR_CAUSAL
T1025,Data from Removable Media,T1212,Exploitation for Credential Access,A2_W0::2014->2015,0.0,0.0001740494303713,0.0027069111696619,0.0,-0.9999999996305752,1,0,91,CO_DOCUMENT_RELATIONAL_EXCESS_NOT_EXECUTION_OR_CAUSAL
T1212,Exploitation for Credential Access,T1213,Data from Information Repositories,A2_W0::2014->2015,0.0,0.0,0.0027069111696619,0.0,-0.9999999996305752,1,0,92,CO_DOCUMENT_RELATIONAL_EXCESS_NOT_EXECUTION_OR_CAUSAL
T1027,Obfuscated Files or Information,T1566.001,Spearphishing Attachment,A2_W0::2014->2015,0.0,0.0,0.0026923578838035,0.0,-0.9999999996285784,1,0,93,CO_DOCUMENT_RELATIONAL_EXCESS_NOT_EXECUTION_OR_CAUSAL
T1033,System Owner/User Discovery,T1095,Non-Application Layer Protocol,A2_W0::2014->2015,0.0,0.0,0.0026881998021297,0.0,-0.9999999996280038,2,0,94,CO_DOCUMENT_RELATIONAL_EXCESS_NOT_EXECUTION_OR_CAUSAL
T1022,Data Encrypted,T1033,System Owner/User Discovery,A2_W0::2014->2015,0.000316453509766,0.000316453509766,0.0026682410100953,5.421010862427522e-20,-0.9999999996252212,3,1,95,CO_DOCUMENT_RELATIONAL_EXCESS_NOT_EXECUTION_OR_CAUSAL
T1048,Exfiltration Over Alternative Protocol,T1123,Audio Capture,A2_W0::2014->2015,0.0,0.0,0.0026632513120867,0.0,-0.9999999996245192,1,0,96,CO_DOCUMENT_RELATIONAL_EXCESS_NOT_EXECUTION_OR_CAUSAL
T1204,User Execution,T1547.001,Registry Run Keys / Startup Folder,A2_W0::2014->2015,0.0,0.0,0.0026632513120867,0.0,-0.9999999996245192,1,0,97,CO_DOCUMENT_RELATIONAL_EXCESS_NOT_EXECUTION_OR_CAUSAL
T1485,Data Destruction,T1543.003,Windows Service,A2_W0::2014->2015,0.0,0.0,0.0026486980262283,0.0,-0.999999999622456,1,0,98,CO_DOCUMENT_RELATIONAL_EXCESS_NOT_EXECUTION_OR_CAUSAL
T1518.001,Security Software Discovery,T1566.001,Spearphishing Attachment,A2_W0::2014->2015,0.0,0.0,0.0026486980262283,0.0,-0.999999999622456,1,0,99,CO_DOCUMENT_RELATIONAL_EXCESS_NOT_EXECUTION_OR_CAUSAL
T1547.001,Registry Run Keys / Startup Folder,T1566.001,Spearphishing Attachment,A2_W0::2014->2015,0.0,0.0,0.0026486980262283,0.0,-0.999999999622456,1,0,100,CO_DOCUMENT_RELATIONAL_EXCESS_NOT_EXECUTION_OR_CAUSAL
T1053.005,Scheduled Task,T1059.007,JavaScript,A2_W0::2015->2016,0.0256330374942123,0.0145551860706164,0.0,0.0110778514235958,0.9999999999097298,7,12,1,CO_DOCUMENT_RELATIONAL_EXCESS_NOT_EXECUTION_OR_CAUSAL
T1022,Data Encrypted,T1057,Process Discovery,A2_W0::2015->2016,0.0009717637952474,0.0025767317376068,0.0074310818700452,0.0,-0.99999999986543,3,2,2,CO_DOCUMENT_RELATIONAL_EXCESS_NOT_EXECUTION_OR_CAUSAL
T1059.007,JavaScript,T1684,Social Engineering,A2_W0::2015->2016,0.0179684034245124,0.0180930721393853,0.0072624903933395,0.0,-0.999999999862306,13,13,3,CO_DOCUMENT_RELATIONAL_EXCESS_NOT_EXECUTION_OR_CAUSAL
T1012,Query Registry,T1064,Scripting,A2_W0::2015->2016,0.0072310658881646,0.0001807766472041,0.0,0.0070502892409605,0.9999999998581618,0,1,4,CO_DOCUMENT_RELATIONAL_EXCESS_NOT_EXECUTION_OR_CAUSAL
T1053,Scheduled Task/Job,T1064,Scripting,A2_W0::2015->2016,0.007747570594462,0.0007515143476628,0.0,0.0069960562467992,0.9999999998570622,1,2,5,CO_DOCUMENT_RELATIONAL_EXCESS_NOT_EXECUTION_OR_CAUSAL
T1046,Network Service Discovery,T1082,System Information Discovery,A2_W0::2015->2016,0.0072310658881646,0.0002530873060857,0.0,0.0069779785820788,0.999999999856692,0,1,6,CO_DOCUMENT_RELATIONAL_EXCESS_NOT_EXECUTION_OR_CAUSAL
T1056.001,Keylogging,T1219,Remote Access Tools,A2_W0::2015->2016,0.0104313906137403,0.0106294916896348,0.0068546467327915,0.0,-0.9999999998541136,7,8,7,CO_DOCUMENT_RELATIONAL_EXCESS_NOT_EXECUTION_OR_CAUSAL
T1060,Registry Run Keys / Startup Folder,T1064,Scripting,A2_W0::2015->2016,0.007747570594462,0.0009581162301818,0.0,0.0067894543642802,0.9999999998527128,1,2,8,CO_DOCUMENT_RELATIONAL_EXCESS_NOT_EXECUTION_OR_CAUSAL
T1043,Commonly Used Port,T1046,Network Service Discovery,A2_W0::2015->2016,0.0072310658881646,0.0006146406004939,0.0,0.0066164252876706,0.9999999998488608,0,1,9,CO_DOCUMENT_RELATIONAL_EXCESS_NOT_EXECUTION_OR_CAUSAL
T1022,Data Encrypted,T1590.005,IP Addresses,A2_W0::2015->2016,0.0061062334166723,0.0102891676494994,0.0066040155530567,0.0,-0.9999999998485768,5,4,10,CO_DOCUMENT_RELATIONAL_EXCESS_NOT_EXECUTION_OR_CAUSAL
T1053.005,Scheduled Task,T1064,Scripting,A2_W0::2015->2016,0.007747570594462,0.0012680190539602,0.0,0.0064795515405018,0.9999999998456682,1,2,11,CO_DOCUMENT_RELATIONAL_EXCESS_NOT_EXECUTION_OR_CAUSAL
T1001,Data Obfuscation,T1046,Network Service Discovery,A2_W0::2015->2016,0.0072310658881646,0.0009400385654614,0.0,0.0062910273227032,0.9999999998410434,0,1,12,CO_DOCUMENT_RELATIONAL_EXCESS_NOT_EXECUTION_OR_CAUSAL
T1003.001,LSASS Memory,T1053.005,Scheduled Task,A2_W0::2015->2016,0.001691709746537,0.0018728286390998,0.0062687108521957,0.0,-0.9999999998404776,2,3,13,CO_DOCUMENT_RELATIONAL_EXCESS_NOT_EXECUTION_OR_CAUSAL
T1003.001,LSASS Memory,T1057,Process Discovery,A2_W0::2015->2016,0.0,0.0004917124803951,0.0060917300629971,0.0,-0.999999999835843,1,0,14,CO_DOCUMENT_RELATIONAL_EXCESS_NOT_EXECUTION_OR_CAUSAL
T1022,Data Encrypted,T1053.005,Scheduled Task,A2_W0::2015->2016,0.0058103834957631,0.0075538144807071,0.0059960028762928,0.0,-0.9999999998332222,6,7,15,CO_DOCUMENT_RELATIONAL_EXCESS_NOT_EXECUTION_OR_CAUSAL
T1003.001,LSASS Memory,T1022,Data Encrypted,A2_W0::2015->2016,0.0002781179187755,0.0006176998976005,0.0057505931794692,0.0,-0.9999999998261048,1,1,16,CO_DOCUMENT_RELATIONAL_EXCESS_NOT_EXECUTION_OR_CAUSAL
T1053.005,Scheduled Task,T1057,Process Discovery,A2_W0::2015->2016,0.0051648429109169,0.0102235721755976,0.00541302016523,0.0,-0.9999999998152602,6,6,17,CO_DOCUMENT_RELATIONAL_EXCESS_NOT_EXECUTION_OR_CAUSAL
T1053.005,Scheduled Task,T1590.005,IP Addresses,A2_W0::2015->2016,0.0202242038919301,0.0284842270318278,0.005181872158307,0.0,-0.9999999998070196,11,11,18,CO_DOCUMENT_RELATIONAL_EXCESS_NOT_EXECUTION_OR_CAUSAL
T1589.002,Email Addresses,T1684,Social Engineering,A2_W0::2015->2016,0.0104989134706436,0.0142468504096287,0.0051615677132913,0.0,-0.9999999998062604,5,5,19,CO_DOCUMENT_RELATIONAL_EXCESS_NOT_EXECUTION_OR_CAUSAL
T1003,OS Credential Dumping,T1112,Modify Registry,A2_W0::2015->2016,0.0075780511011131,0.0026885626098757,0.0,0.0048894884912374,0.9999999997954796,2,7,20,CO_DOCUMENT_RELATIONAL_EXCESS_NOT_EXECUTION_OR_CAUSAL
T1005,Data from Local System,T1059,Command and Scripting Interpreter,A2_W0::2015->2016,0.0066284770641509,0.0019463619015643,0.0,0.0046821151625865,0.9999999997864212,0,3,21,CO_DOCUMENT_RELATIONAL_EXCESS_NOT_EXECUTION_OR_CAUSAL
T1053,Scheduled Task/Job,T1112,Modify Registry,A2_W0::2015->2016,0.0080945558074106,0.0034221615282707,0.0,0.0046723942791398,0.9999999997859768,3,8,22,CO_DOCUMENT_RELATIONAL_EXCESS_NOT_EXECUTION_OR_CAUSAL
T1041,Exfiltration Over C2 Channel,T1071,Application Layer Protocol,A2_W0::2015->2016,0.0072310658881646,0.0026122225520994,0.0,0.0046188433360651,0.9999999997834956,2,4,23,CO_DOCUMENT_RELATIONAL_EXCESS_NOT_EXECUTION_OR_CAUSAL
T1003.001,LSASS Memory,T1684,Social Engineering,A2_W0::2015->2016,0.0006587003339421,0.0018544024556842,0.0045879429845887,0.0,-0.9999999997820374,2,2,24,CO_DOCUMENT_RELATIONAL_EXCESS_NOT_EXECUTION_OR_CAUSAL
T1012,Query Registry,T1134,Access Token Manipulation,A2_W0::2015->2016,0.0091739247498033,0.0046407354118593,0.0,0.004533189337944,0.9999999997794048,2,8,25,CO_DOCUMENT_RELATIONAL_EXCESS_NOT_EXECUTION_OR_CAUSAL
T1059.003,Windows Command Shell,T1071,Application Layer Protocol,A2_W0::2015->2016,0.0054232994161234,0.0009400385654614,0.0,0.004483260850662,0.999999999776948,0,2,26,CO_DOCUMENT_RELATIONAL_EXCESS_NOT_EXECUTION_OR_CAUSAL
T1036,Masquerading,T1684,Social Engineering,A2_W0::2015->2016,0.0120593981570998,0.0075799856577911,0.0,0.0044794124993087,0.9999999997767564,3,7,27,CO_DOCUMENT_RELATIONAL_EXCESS_NOT_EXECUTION_OR_CAUSAL
T1053.005,Scheduled Task,T1684,Social Engineering,A2_W0::2015->2016,0.0133626859300627,0.0197647573579706,0.0044552786409945,0.0,-0.9999999997755472,7,10,28,CO_DOCUMENT_RELATIONAL_EXCESS_NOT_EXECUTION_OR_CAUSAL
T1033,System Owner/User Discovery,T1543,Create or Modify System Process,A2_W0::2015->2016,0.0050617461217152,0.0007267221217605,0.0,0.0043350239999546,0.9999999997693206,0,2,29,CO_DOCUMENT_RELATIONAL_EXCESS_NOT_EXECUTION_OR_CAUSAL
T1033,System Owner/User Discovery,T1134,Access Token Manipulation,A2_W0::2015->2016,0.0064854515349729,0.002215589299215,5.421010862427522e-20,0.0042698622357579,0.9999999997658005,1,5,30,CO_DOCUMENT_RELATIONAL_EXCESS_NOT_EXECUTION_OR_CAUSAL
T1057,Process Discovery,T1573,Encrypted Channel,A2_W0::2015->2016,0.0050617461217152,0.0008062638465303,0.0,0.0042554822751848,0.9999999997650088,1,2,31,CO_DOCUMENT_RELATIONAL_EXCESS_NOT_EXECUTION_OR_CAUSAL
T1021.007,Cloud Services,T1053.005,Scheduled Task,A2_W0::2015->2016,0.0076830075061749,0.0034436581772329,1.463672932855431e-18,0.0042393493289419,0.9999999997641138,1,2,32,CO_DOCUMENT_RELATIONAL_EXCESS_NOT_EXECUTION_OR_CAUSAL
T1041,Exfiltration Over C2 Channel,T1059.003,Windows Command Shell,A2_W0::2015->2016,0.0054232994161234,0.0011840870391869,0.0,0.0042392123769365,0.999999999764107,0,2,33,CO_DOCUMENT_RELATIONAL_EXCESS_NOT_EXECUTION_OR_CAUSAL
T1047,Windows Management Instrumentation,T1547.014,Active Setup,A2_W0::2015->2016,0.0,0.0012212466833344,0.0042352028057027,0.0,-0.9999999997638837,2,0,34,CO_DOCUMENT_RELATIONAL_EXCESS_NOT_EXECUTION_OR_CAUSAL
T1134,Access Token Manipulation,T1573,Encrypted Channel,A2_W0::2015->2016,0.0053398640404907,0.0011388928773859,0.0,0.0042009711631048,0.9999999997619596,0,3,35,CO_DOCUMENT_RELATIONAL_EXCESS_NOT_EXECUTION_OR_CAUSAL
T1102,Web Service,T1684,Social Engineering,A2_W0::2015->2016,0.0075454600572152,0.0033514418420797,0.0,0.0041940182151354,0.9999999997615652,0,3,36,CO_DOCUMENT_RELATIONAL_EXCESS_NOT_EXECUTION_OR_CAUSAL
T1543,Create or Modify System Process,T1573,Encrypted Channel,A2_W0::2015->2016,0.0053398640404907,0.0011642016079945,0.0,0.0041756624324962,0.9999999997605168,0,3,37,CO_DOCUMENT_RELATIONAL_EXCESS_NOT_EXECUTION_OR_CAUSAL
T1047,Windows Management Instrumentation,T1055,Process Injection,A2_W0::2015->2016,0.0028699185908906,0.0031587092847992,0.0041698024136844,0.0,-0.9999999997601804,3,4,38,CO_DOCUMENT_RELATIONAL_EXCESS_NOT_EXECUTION_OR_CAUSAL
T1033,System Owner/User Discovery,T1573,Encrypted Channel,A2_W0::2015->2016,0.0050617461217152,0.0009545006972377,0.0,0.0041072454244775,0.9999999997565278,0,2,39,CO_DOCUMENT_RELATIONAL_EXCESS_NOT_EXECUTION_OR_CAUSAL
T1056.001,Keylogging,T1102,Web Service,A2_W0::2015->2016,0.0072310658881646,0.0031816689907924,0.0,0.0040493968973721,0.9999999997530497,0,2,40,CO_DOCUMENT_RELATIONAL_EXCESS_NOT_EXECUTION_OR_CAUSAL
T1012,Query Registry,T1573,Encrypted Channel,A2_W0::2015->2016,0.0053398640404907,0.0012915796147937,0.0,0.004048284425697,0.9999999997529816,0,3,41,CO_DOCUMENT_RELATIONAL_EXCESS_NOT_EXECUTION_OR_CAUSAL
T1055,Process Injection,T1547.014,Active Setup,A2_W0::2015->2016,0.0,0.0,0.0039451204217505,0.0,-0.9999999997465222,2,0,42,CO_DOCUMENT_RELATIONAL_EXCESS_NOT_EXECUTION_OR_CAUSAL
T1057,Process Discovery,T1543,Create or Modify System Process,A2_W0::2015->2016,0.0059656293577358,0.0020626615445989,0.0,0.0039029678131368,0.9999999997437848,0,3,43,CO_DOCUMENT_RELATIONAL_EXCESS_NOT_EXECUTION_OR_CAUSAL
T1012,Query Registry,T1543,Create or Modify System Process,A2_W0::2015->2016,0.0062437472765113,0.0024050942320913,0.0,0.00383865304442,0.999999999739492,0,4,44,CO_DOCUMENT_RELATIONAL_EXCESS_NOT_EXECUTION_OR_CAUSAL
T1055,Process Injection,T1573,Encrypted Channel,A2_W0::2015->2016,0.0050617461217152,0.001232896733932,0.0,0.0038288493877831,0.9999999997388248,0,2,45,CO_DOCUMENT_RELATIONAL_EXCESS_NOT_EXECUTION_OR_CAUSAL
T1573.002,Asymmetric Cryptography,T1590.005,IP Addresses,A2_W0::2015->2016,0.0,0.0,0.003808201536525,0.0,-0.9999999997374088,1,0,46,CO_DOCUMENT_RELATIONAL_EXCESS_NOT_EXECUTION_OR_CAUSAL
T1113,Screen Capture,T1136,Create Account,A2_W0::2015->2016,0.0088767474042959,0.0051084550328953,0.0,0.0037682923714006,0.9999999997346278,4,7,47,CO_DOCUMENT_RELATIONAL_EXCESS_NOT_EXECUTION_OR_CAUSAL
T1547.014,Active Setup,T1684,Social Engineering,A2_W0::2015->2016,0.0,0.0013015918598696,0.003620228151724,0.0,-0.9999999997237744,2,0,48,CO_DOCUMENT_RELATIONAL_EXCESS_NOT_EXECUTION_OR_CAUSAL
T1041,Exfiltration Over C2 Channel,T1134,Access Token Manipulation,A2_W0::2015->2016,0.0077240931078122,0.0041537543255309,0.0,0.0035703387822812,0.9999999997199144,3,4,49,CO_DOCUMENT_RELATIONAL_EXCESS_NOT_EXECUTION_OR_CAUSAL
T1059,Command and Scripting Interpreter,T1112,Modify Registry,A2_W0::2015->2016,0.0050988285108853,0.0016021909770795,0.0,0.0034966375338057,0.999999999714011,0,4,50,CO_DOCUMENT_RELATIONAL_EXCESS_NOT_EXECUTION_OR_CAUSAL
T1589.002,Email Addresses,T1590.005,IP Addresses,A2_W0::2015->2016,0.0108081483970796,0.0151111182032529,0.003408766884198,0.0,-0.9999999997066388,10,10,51,CO_DOCUMENT_RELATIONAL_EXCESS_NOT_EXECUTION_OR_CAUSAL
T1043,Commonly Used Port,T1158,Hidden Files and Directories,A2_W0::2015->2016,0.0053027816513207,0.0019186428156596,0.0,0.003384138835661,0.9999999997045038,0,2,52,CO_DOCUMENT_RELATIONAL_EXCESS_NOT_EXECUTION_OR_CAUSAL
T1112,Modify Registry,T1158,Hidden Files and Directories,A2_W0::2015->2016,0.0053027816513207,0.0019475670792123,0.0,0.0033552145721083,0.9999999997019564,0,2,53,CO_DOCUMENT_RELATIONAL_EXCESS_NOT_EXECUTION_OR_CAUSAL
T1543,Create or Modify System Process,T1573.001,Symmetric Cryptography,A2_W0::2015->2016,0.0036155329440823,0.0002711649708061,0.0,0.0033443679732761,0.99999999970099,0,1,54,CO_DOCUMENT_RELATIONAL_EXCESS_NOT_EXECUTION_OR_CAUSAL
T1060,Registry Run Keys / Startup Folder,T1158,Hidden Files and Directories,A2_W0::2015->2016,0.0053027816513207,0.0019692602768768,0.0,0.0033335213744438,0.999999999700017,0,2,55,CO_DOCUMENT_RELATIONAL_EXCESS_NOT_EXECUTION_OR_CAUSAL
T1134.001,Token Impersonation/Theft,T1573.001,Symmetric Cryptography,A2_W0::2015->2016,0.0036155329440823,0.0002892426355265,0.0,0.0033262903085557,0.9999999996993648,0,1,56,CO_DOCUMENT_RELATIONAL_EXCESS_NOT_EXECUTION_OR_CAUSAL
T1071.001,Web Protocols,T1573.001,Symmetric Cryptography,A2_W0::2015->2016,0.0036155329440823,0.0003073203002469,0.0,0.0033082126438353,0.999999999697722,0,1,57,CO_DOCUMENT_RELATIONAL_EXCESS_NOT_EXECUTION_OR_CAUSAL
T1061,Graphical User Interface,T1219,Remote Access Tools,A2_W0::2015->2016,0.0034134224068354,0.0039602717646279,0.0032866334101789,0.0,-0.9999999996957372,3,4,58,CO_DOCUMENT_RELATIONAL_EXCESS_NOT_EXECUTION_OR_CAUSAL
T1041,Exfiltration Over C2 Channel,T1573.001,Symmetric Cryptography,A2_W0::2015->2016,0.0036155329440823,0.0003615532944082,0.0,0.003253979649674,0.999999999692684,0,1,59,CO_DOCUMENT_RELATIONAL_EXCESS_NOT_EXECUTION_OR_CAUSAL
T1021.007,Cloud Services,T1590.005,IP Addresses,A2_W0::2015->2016,0.0129626126642643,0.0097140990550718,0.0,0.0032485136091925,0.9999999996921668,1,5,60,CO_DOCUMENT_RELATIONAL_EXCESS_NOT_EXECUTION_OR_CAUSAL
T1029,Scheduled Transfer,T1573.001,Symmetric Cryptography,A2_W0::2015->2016,0.0036155329440823,0.0003796309591286,0.0,0.0032359019849536,0.9999999996909672,0,1,61,CO_DOCUMENT_RELATIONAL_EXCESS_NOT_EXECUTION_OR_CAUSAL
T1033,System Owner/User Discovery,T1573.001,Symmetric Cryptography,A2_W0::2015->2016,0.0036155329440823,0.000397708623849,0.0,0.0032178243202332,0.999999999689231,0,1,62,CO_DOCUMENT_RELATIONAL_EXCESS_NOT_EXECUTION_OR_CAUSAL
T1219,Remote Access Tools,T1555.005,Password Managers,A2_W0::2015->2016,0.0012912617657436,0.0012912617657436,0.0032025095188327,2.6020852139652106e-18,-0.9999999996877432,1,1,63,CO_DOCUMENT_RELATIONAL_EXCESS_NOT_EXECUTION_OR_CAUSAL
T1543.003,Windows Service,T1573.001,Symmetric Cryptography,A2_W0::2015->2016,0.0036155329440823,0.0004157862885694,0.0,0.0031997466555128,0.9999999996874752,0,1,64,CO_DOCUMENT_RELATIONAL_EXCESS_NOT_EXECUTION_OR_CAUSAL
T1059.003,Windows Command Shell,T1573.001,Symmetric Cryptography,A2_W0::2015->2016,0.0036155329440823,0.0004338639532898,0.0,0.0031816689907924,0.9999999996856996,0,1,65,CO_DOCUMENT_RELATIONAL_EXCESS_NOT_EXECUTION_OR_CAUSAL
T1071,Application Layer Protocol,T1134.001,Token Impersonation/Theft,A2_W0::2015->2016,0.0036155329440823,0.0004519416180102,0.0,0.003163591326072,0.9999999996839036,0,1,66,CO_DOCUMENT_RELATIONAL_EXCESS_NOT_EXECUTION_OR_CAUSAL
T1071,Application Layer Protocol,T1573.001,Symmetric Cryptography,A2_W0::2015->2016,0.0036155329440823,0.0004519416180102,0.0,0.003163591326072,0.9999999996839036,0,1,67,CO_DOCUMENT_RELATIONAL_EXCESS_NOT_EXECUTION_OR_CAUSAL
T1213.002,Sharepoint,T1593.002,Search Engines,A2_W0::2015->2016,0.0036155329440823,0.0004519416180102,0.0,0.003163591326072,0.9999999996839036,0,1,68,CO_DOCUMENT_RELATIONAL_EXCESS_NOT_EXECUTION_OR_CAUSAL
T1012,Query Registry,T1134.001,Token Impersonation/Theft,A2_W0::2015->2016,0.0036155329440823,0.0004700192827307,0.0,0.0031455136613516,0.9999999996820867,0,1,69,CO_DOCUMENT_RELATIONAL_EXCESS_NOT_EXECUTION_OR_CAUSAL
T1012,Query Registry,T1573.001,Symmetric Cryptography,A2_W0::2015->2016,0.0036155329440823,0.0004700192827307,0.0,0.0031455136613516,0.9999999996820867,0,1,70,CO_DOCUMENT_RELATIONAL_EXCESS_NOT_EXECUTION_OR_CAUSAL
T1029,Scheduled Transfer,T1134.001,Token Impersonation/Theft,A2_W0::2015->2016,0.0036155329440823,0.0004700192827307,0.0,0.0031455136613516,0.9999999996820867,0,1,71,CO_DOCUMENT_RELATIONAL_EXCESS_NOT_EXECUTION_OR_CAUSAL
T1055.002,Portable Executable Injection,T1134.001,Token Impersonation/Theft,A2_W0::2015->2016,0.0036155329440823,0.0004700192827307,0.0,0.0031455136613516,0.9999999996820867,0,1,72,CO_DOCUMENT_RELATIONAL_EXCESS_NOT_EXECUTION_OR_CAUSAL
T1134,Access Token Manipulation,T1573.001,Symmetric Cryptography,A2_W0::2015->2016,0.0036155329440823,0.0004700192827307,0.0,0.0031455136613516,0.9999999996820867,0,1,73,CO_DOCUMENT_RELATIONAL_EXCESS_NOT_EXECUTION_OR_CAUSAL
T1043,Commonly Used Port,T1057,Process Discovery,A2_W0::2015->2016,0.0048455490924784,0.0058214143025675,0.0031444930420423,0.0,-0.9999999996819836,4,4,74,CO_DOCUMENT_RELATIONAL_EXCESS_NOT_EXECUTION_OR_CAUSAL
T1033,System Owner/User Discovery,T1134.001,Token Impersonation/Theft,A2_W0::2015->2016,0.0036155329440823,0.0004880969474511,0.0,0.0031274359966311,0.9999999996802492,0,1,75,CO_DOCUMENT_RELATIONAL_EXCESS_NOT_EXECUTION_OR_CAUSAL
T1057,Process Discovery,T1573.001,Symmetric Cryptography,A2_W0::2015->2016,0.0036155329440823,0.0004880969474511,0.0,0.0031274359966311,0.9999999996802492,0,1,76,CO_DOCUMENT_RELATIONAL_EXCESS_NOT_EXECUTION_OR_CAUSAL
T1020,Automated Exfiltration,T1055,Process Injection,A2_W0::2015->2016,0.0004519416180102,0.0006959900917358,0.0031183856274866,0.0,-0.9999999996793212,2,1,77,CO_DOCUMENT_RELATIONAL_EXCESS_NOT_EXECUTION_OR_CAUSAL
T1102,Web Service,T1590.005,IP Addresses,A2_W0::2015->2016,0.0072310658881646,0.0041411758105681,0.0,0.0030898900775964,0.999999999676364,0,2,78,CO_DOCUMENT_RELATIONAL_EXCESS_NOT_EXECUTION_OR_CAUSAL
T1050,New Service,T1573.001,Symmetric Cryptography,A2_W0::2015->2016,0.0036155329440823,0.0005423299416123,0.0,0.0030732030024699,0.9999999996746066,0,1,79,CO_DOCUMENT_RELATIONAL_EXCESS_NOT_EXECUTION_OR_CAUSAL
T1055,Process Injection,T1573.001,Symmetric Cryptography,A2_W0::2015->2016,0.0036155329440823,0.0005423299416123,0.0,0.0030732030024699,0.9999999996746066,0,1,80,CO_DOCUMENT_RELATIONAL_EXCESS_NOT_EXECUTION_OR_CAUSAL
T1134.001,Token Impersonation/Theft,T1573,Encrypted Channel,A2_W0::2015->2016,0.0036155329440823,0.0005604076063327,0.0,0.0030551253377495,0.9999999996726812,0,1,81,CO_DOCUMENT_RELATIONAL_EXCESS_NOT_EXECUTION_OR_CAUSAL
T1027.007,Dynamic API Resolution,T1059.005,Visual Basic,A2_W0::2015->2016,0.0,0.0,0.0030458650314985,0.0,-0.999999999671686,1,0,82,CO_DOCUMENT_RELATIONAL_EXCESS_NOT_EXECUTION_OR_CAUSAL
T1061,Graphical User Interface,T1555.005,Password Managers,A2_W0::2015->2016,0.0012912617657436,0.0012912617657436,0.0030458650314985,2.6020852139652106e-18,-0.9999999996716844,1,1,83,CO_DOCUMENT_RELATIONAL_EXCESS_NOT_EXECUTION_OR_CAUSAL
T1050,New Service,T1071,Application Layer Protocol,A2_W0::2015->2016,0.0068470048293811,0.0038015346080163,0.0,0.0030454702213647,0.9999999996716434,3,6,84,CO_DOCUMENT_RELATIONAL_EXCESS_NOT_EXECUTION_OR_CAUSAL
T1027,Obfuscated Files or Information,T1036,Masquerading,A2_W0::2015->2016,0.0062745454465681,0.0032332248709687,0.0,0.0030413205755994,0.9999999996711956,1,5,85,CO_DOCUMENT_RELATIONAL_EXCESS_NOT_EXECUTION_OR_CAUSAL
T1055.002,Portable Executable Injection,T1071.001,Web Protocols,A2_W0::2015->2016,0.0036155329440823,0.0005965629357735,0.0,0.0030189700083087,0.9999999996687612,0,1,86,CO_DOCUMENT_RELATIONAL_EXCESS_NOT_EXECUTION_OR_CAUSAL
T1021,Remote Services,T1113,Screen Capture,A2_W0::2015->2016,0.0068107285791061,0.0037918691858787,0.0,0.0030188593932273,0.9999999996687492,3,6,87,CO_DOCUMENT_RELATIONAL_EXCESS_NOT_EXECUTION_OR_CAUSAL
T1033,System Owner/User Discovery,T1055.002,Portable Executable Injection,A2_W0::2015->2016,0.0036155329440823,0.0006146406004939,0.0,0.0030008923435883,0.9999999996667658,0,1,88,CO_DOCUMENT_RELATIONAL_EXCESS_NOT_EXECUTION_OR_CAUSAL
T1033,System Owner/User Discovery,T1205,Traffic Signaling,A2_W0::2015->2016,0.0036155329440823,0.0006146406004939,0.0,0.0030008923435883,0.9999999996667658,0,1,89,CO_DOCUMENT_RELATIONAL_EXCESS_NOT_EXECUTION_OR_CAUSAL
T1055.002,Portable Executable Injection,T1057,Process Discovery,A2_W0::2015->2016,0.0036155329440823,0.0006146406004939,0.0,0.0030008923435883,0.9999999996667658,0,1,90,CO_DOCUMENT_RELATIONAL_EXCESS_NOT_EXECUTION_OR_CAUSAL
T1055.002,Portable Executable Injection,T1134,Access Token Manipulation,A2_W0::2015->2016,0.0036155329440823,0.0006146406004939,0.0,0.0030008923435883,0.9999999996667658,0,1,91,CO_DOCUMENT_RELATIONAL_EXCESS_NOT_EXECUTION_OR_CAUSAL
T1055.002,Portable Executable Injection,T1543.003,Windows Service,A2_W0::2015->2016,0.0036155329440823,0.0006146406004939,0.0,0.0030008923435883,0.9999999996667658,0,1,92,CO_DOCUMENT_RELATIONAL_EXCESS_NOT_EXECUTION_OR_CAUSAL
T1134.001,Token Impersonation/Theft,T1543,Create or Modify System Process,A2_W0::2015->2016,0.0036155329440823,0.0006146406004939,0.0,0.0030008923435883,0.9999999996667658,0,1,93,CO_DOCUMENT_RELATIONAL_EXCESS_NOT_EXECUTION_OR_CAUSAL
T1050,New Service,T1134.001,Token Impersonation/Theft,A2_W0::2015->2016,0.0036155329440823,0.0006327182652144,0.0,0.0029828146788679,0.9999999996647462,0,1,94,CO_DOCUMENT_RELATIONAL_EXCESS_NOT_EXECUTION_OR_CAUSAL
T1055,Process Injection,T1134.001,Token Impersonation/Theft,A2_W0::2015->2016,0.0036155329440823,0.0006327182652144,0.0,0.0029828146788679,0.9999999996647462,0,1,95,CO_DOCUMENT_RELATIONAL_EXCESS_NOT_EXECUTION_OR_CAUSAL
T1033,System Owner/User Discovery,T1050,New Service,A2_W0::2015->2016,0.00503923835734,0.0020605322386358,5.421010862427522e-20,0.0029787061187041,0.9999999996642838,1,4,96,CO_DOCUMENT_RELATIONAL_EXCESS_NOT_EXECUTION_OR_CAUSAL
T1027,Obfuscated Files or Information,T1112,Modify Registry,A2_W0::2015->2016,0.0065526633653437,0.0035786662886733,5.421010862427522e-20,0.0029739970766703,0.9999999996637522,1,6,97,CO_DOCUMENT_RELATIONAL_EXCESS_NOT_EXECUTION_OR_CAUSAL
T1573,Encrypted Channel,T1573.001,Symmetric Cryptography,A2_W0::2015->2016,0.0036155329440823,0.0006507959299348,0.0,0.0029647370141474,0.999999999662702,0,1,98,CO_DOCUMENT_RELATIONAL_EXCESS_NOT_EXECUTION_OR_CAUSAL
T1022,Data Encrypted,T1027.009,Embedded Payloads,A2_W0::2015->2016,0.0036155329440823,0.0006688735946552,0.0,0.002946659349427,0.9999999996606328,0,1,99,CO_DOCUMENT_RELATIONAL_EXCESS_NOT_EXECUTION_OR_CAUSAL
T1055,Process Injection,T1055.002,Portable Executable Injection,A2_W0::2015->2016,0.0036155329440823,0.0006688735946552,0.0,0.002946659349427,0.9999999996606328,0,1,100,CO_DOCUMENT_RELATIONAL_EXCESS_NOT_EXECUTION_OR_CAUSAL
T1043,Commonly Used Port,T1057,Process Discovery,A2_W0::2016->2017,0.0247325595264947,0.0127320778612121,0.0,0.0120004816652825,0.99999999991667,4,10,1,CO_DOCUMENT_RELATIONAL_EXCESS_NOT_EXECUTION_OR_CAUSAL
T1053.005,Scheduled Task,T1059.007,JavaScript,A2_W0::2016->2017,0.0173899481409147,0.0253863725543274,0.0110778514235958,0.0,-0.9999999999097298,12,11,2,CO_DOCUMENT_RELATIONAL_EXCESS_NOT_EXECUTION_OR_CAUSAL
T1082,System Information Discovery,T1112,Modify Registry,A2_W0::2016->2017,0.0132346357964291,0.0038381790610762,0.0,0.0093964567353529,0.9999999998935768,3,6,3,CO_DOCUMENT_RELATIONAL_EXCESS_NOT_EXECUTION_OR_CAUSAL
T1001,Data Obfuscation,T1043,Commonly Used Port,A2_W0::2016->2017,0.0032786189710509,0.0034216717465467,0.009083204809974,0.0,-0.9999999998899066,6,4,4,CO_DOCUMENT_RELATIONAL_EXCESS_NOT_EXECUTION_OR_CAUSAL
T1057,Process Discovery,T1112,Modify Registry,A2_W0::2016->2017,0.0145352308133426,0.0062770989505414,0.0,0.0082581318628012,0.9999999998789072,5,7,5,CO_DOCUMENT_RELATIONAL_EXCESS_NOT_EXECUTION_OR_CAUSAL
T1001,Data Obfuscation,T1065,Uncommonly Used Port,A2_W0::2016->2017,0.0032786189710509,0.0033137958830581,0.0075367427643461,0.0,-0.9999999998673166,5,4,6,CO_DOCUMENT_RELATIONAL_EXCESS_NOT_EXECUTION_OR_CAUSAL
T1012,Query Registry,T1064,Scripting,A2_W0::2016->2017,0.0009126982574831,0.0011043648915545,0.0070502892409605,0.0,-0.9999999998581618,1,1,7,CO_DOCUMENT_RELATIONAL_EXCESS_NOT_EXECUTION_OR_CAUSAL
T1046,Network Service Discovery,T1082,System Information Discovery,A2_W0::2016->2017,0.0,0.0,0.0069779785820788,0.0,-0.999999999856692,1,0,8,CO_DOCUMENT_RELATIONAL_EXCESS_NOT_EXECUTION_OR_CAUSAL
T1053.005,Scheduled Task,T1113,Screen Capture,A2_W0::2016->2017,0.0245407860548346,0.0178121577614268,0.0,0.0067286282934078,0.9999999998513812,9,15,9,CO_DOCUMENT_RELATIONAL_EXCESS_NOT_EXECUTION_OR_CAUSAL
T1043,Commonly Used Port,T1046,Network Service Discovery,A2_W0::2016->2017,0.0,0.0,0.0066164252876706,0.0,-0.9999999998488608,1,0,10,CO_DOCUMENT_RELATIONAL_EXCESS_NOT_EXECUTION_OR_CAUSAL
T1103,AppInit DLLs,T1113,Screen Capture,A2_W0::2016->2017,0.0073015860598648,0.0008944442923334,0.0,0.0064071417675314,0.999999999843924,0,2,11,CO_DOCUMENT_RELATIONAL_EXCESS_NOT_EXECUTION_OR_CAUSAL
T1001,Data Obfuscation,T1046,Network Service Discovery,A2_W0::2016->2017,0.0,0.0,0.0062910273227032,0.0,-0.9999999998410434,1,0,12,CO_DOCUMENT_RELATIONAL_EXCESS_NOT_EXECUTION_OR_CAUSAL
T1039,Data from Network Shared Drive,T1050,New Service,A2_W0::2016->2017,0.0083364884812698,0.002151246477589,0.0,0.0061852420036808,0.9999999998383248,3,4,13,CO_DOCUMENT_RELATIONAL_EXCESS_NOT_EXECUTION_OR_CAUSAL
T1053.005,Scheduled Task,T1204.002,Malicious File,A2_W0::2016->2017,0.0227457122212844,0.0166312423616525,0.0,0.0061144698596318,0.9999999998364536,5,13,14,CO_DOCUMENT_RELATIONAL_EXCESS_NOT_EXECUTION_OR_CAUSAL
T1116,Code Signing,T1608,Stage Capabilities,A2_W0::2016->2017,0.0063888878023817,0.0003513888291309,0.0,0.0060374989732507,0.9999999998343684,0,1,15,CO_DOCUMENT_RELATIONAL_EXCESS_NOT_EXECUTION_OR_CAUSAL
T1050,New Service,T1113,Screen Capture,A2_W0::2016->2017,0.0101883400181921,0.0041776388798902,0.0,0.0060107011383018,0.99999999983363,5,5,16,CO_DOCUMENT_RELATIONAL_EXCESS_NOT_EXECUTION_OR_CAUSAL
T1012,Query Registry,T1060,Registry Run Keys / Startup Folder,A2_W0::2016->2017,0.0009126982574831,0.0012668251813865,0.0059385128606551,0.0,-0.9999999998316076,2,1,17,CO_DOCUMENT_RELATIONAL_EXCESS_NOT_EXECUTION_OR_CAUSAL
T1057,Process Discovery,T1107,File Deletion,A2_W0::2016->2017,0.0082142843173479,0.0023292059530968,0.0,0.005885078364251,0.9999999998300788,1,3,18,CO_DOCUMENT_RELATIONAL_EXCESS_NOT_EXECUTION_OR_CAUSAL
T1050,New Service,T1103,AppInit DLLs,A2_W0::2016->2017,0.0063888878023817,0.0006388887802381,0.0,0.0057499990221435,0.9999999998260868,0,1,19,CO_DOCUMENT_RELATIONAL_EXCESS_NOT_EXECUTION_OR_CAUSAL
T1025,Data from Removable Media,T1050,New Service,A2_W0::2016->2017,0.0075378775059721,0.0018837118008642,0.0,0.0056541657051078,0.9999999998231393,2,3,20,CO_DOCUMENT_RELATIONAL_EXCESS_NOT_EXECUTION_OR_CAUSAL
T1082,System Information Discovery,T1107,File Deletion,A2_W0::2016->2017,0.0063888878023817,0.0007730554240881,0.0,0.0056158323782935,0.999999999821932,0,1,21,CO_DOCUMENT_RELATIONAL_EXCESS_NOT_EXECUTION_OR_CAUSAL
T1025,Data from Removable Media,T1103,AppInit DLLs,A2_W0::2016->2017,0.0063888878023817,0.000835118905597,0.0,0.0055537688967847,0.999999999819942,0,1,22,CO_DOCUMENT_RELATIONAL_EXCESS_NOT_EXECUTION_OR_CAUSAL
T1204,User Execution,T1608,Stage Capabilities,A2_W0::2016->2017,0.0063888878023817,0.0008442458881718,0.0,0.0055446419142098,0.9999999998196456,0,1,23,CO_DOCUMENT_RELATIONAL_EXCESS_NOT_EXECUTION_OR_CAUSAL
T1071,Application Layer Protocol,T1560,Archive Collected Data,A2_W0::2016->2017,0.0091117709372063,0.0035910112940672,0.0,0.005520759643139,0.9999999998188654,0,7,24,CO_DOCUMENT_RELATIONAL_EXCESS_NOT_EXECUTION_OR_CAUSAL
T1036,Masquerading,T1103,AppInit DLLs,A2_W0::2016->2017,0.0063888878023817,0.0008944442923334,0.0,0.0054944435100483,0.999999999817998,0,1,25,CO_DOCUMENT_RELATIONAL_EXCESS_NOT_EXECUTION_OR_CAUSAL
T1221,Template Injection,T1684,Social Engineering,A2_W0::2016->2017,0.0103819426788703,0.0049505007013177,0.0,0.0054314419775525,0.9999999998158868,3,4,26,CO_DOCUMENT_RELATIONAL_EXCESS_NOT_EXECUTION_OR_CAUSAL
T1025,Data from Removable Media,T1053.005,Scheduled Task,A2_W0::2016->2017,0.011918829141891,0.0065302586297107,0.0,0.0053885705121802,0.999999999814422,3,6,27,CO_DOCUMENT_RELATIONAL_EXCESS_NOT_EXECUTION_OR_CAUSAL
T1007,System Service Discovery,T1107,File Deletion,A2_W0::2016->2017,0.0063888878023817,0.00107698394383,0.0,0.0053119038585516,0.9999999998117436,0,1,28,CO_DOCUMENT_RELATIONAL_EXCESS_NOT_EXECUTION_OR_CAUSAL
T1022,Data Encrypted,T1057,Process Discovery,A2_W0::2016->2017,0.011589704618738,0.0063163899190879,0.0,0.00527331469965,0.999999999810366,2,9,29,CO_DOCUMENT_RELATIONAL_EXCESS_NOT_EXECUTION_OR_CAUSAL
T1036,Masquerading,T1050,New Service,A2_W0::2016->2017,0.0101466733586113,0.0048926117521276,0.0,0.0052540616064836,0.999999999809671,5,6,30,CO_DOCUMENT_RELATIONAL_EXCESS_NOT_EXECUTION_OR_CAUSAL
T1053.005,Scheduled Task,T1071,Application Layer Protocol,A2_W0::2016->2017,0.0184425473686737,0.0131969731645465,0.0,0.0052455742041271,0.999999999809363,6,16,31,CO_DOCUMENT_RELATIONAL_EXCESS_NOT_EXECUTION_OR_CAUSAL
T1025,Data from Removable Media,T1036,Masquerading,A2_W0::2016->2017,0.0100934326269248,0.0048513501850706,0.0,0.0052420824418542,0.999999999809236,2,4,32,CO_DOCUMENT_RELATIONAL_EXCESS_NOT_EXECUTION_OR_CAUSAL
T1039,Data from Network Shared Drive,T1053.005,Scheduled Task,A2_W0::2016->2017,0.0120177047864517,0.0068249460795956,0.0,0.005192758706856,0.999999999807424,4,8,33,CO_DOCUMENT_RELATIONAL_EXCESS_NOT_EXECUTION_OR_CAUSAL
T1107,File Deletion,T1124,System Time Discovery,A2_W0::2016->2017,0.0073015860598648,0.0021265869399356,0.0,0.0051749991199292,0.9999999998067632,0,2,34,CO_DOCUMENT_RELATIONAL_EXCESS_NOT_EXECUTION_OR_CAUSAL
T1039,Data from Network Shared Drive,T1103,AppInit DLLs,A2_W0::2016->2017,0.0063888878023817,0.0012184521737399,0.0,0.0051704356286417,0.9999999998065926,0,1,35,CO_DOCUMENT_RELATIONAL_EXCESS_NOT_EXECUTION_OR_CAUSAL
T1005,Data from Local System,T1103,AppInit DLLs,A2_W0::2016->2017,0.0063888878023817,0.0014329362642484,0.0,0.0049559515381332,0.9999999997982224,0,1,36,CO_DOCUMENT_RELATIONAL_EXCESS_NOT_EXECUTION_OR_CAUSAL
T1036,Masquerading,T1053,Scheduled Task/Job,A2_W0::2016->2017,0.011074072190795,0.006121353125657,0.0,0.004952719065138,0.9999999997980906,1,4,37,CO_DOCUMENT_RELATIONAL_EXCESS_NOT_EXECUTION_OR_CAUSAL
T1053,Scheduled Task/Job,T1608,Stage Capabilities,A2_W0::2016->2017,0.0063888878023817,0.0014557537206855,0.0,0.0049331340816961,0.999999999797289,0,1,38,CO_DOCUMENT_RELATIONAL_EXCESS_NOT_EXECUTION_OR_CAUSAL
T1053.005,Scheduled Task,T1071.001,Web Protocols,A2_W0::2016->2017,0.00931712804514,0.0043923603641374,0.0,0.0049247676810025,0.9999999997969446,1,6,39,CO_DOCUMENT_RELATIONAL_EXCESS_NOT_EXECUTION_OR_CAUSAL
T1053,Scheduled Task/Job,T1103,AppInit DLLs,A2_W0::2016->2017,0.0063888878023817,0.0015652775115835,0.0,0.0048236102907982,0.9999999997926864,0,1,40,CO_DOCUMENT_RELATIONAL_EXCESS_NOT_EXECUTION_OR_CAUSAL
T1116,Code Signing,T1204,User Execution,A2_W0::2016->2017,0.0063888878023817,0.001630231204241,0.0,0.0047586565981406,0.9999999997898564,0,1,41,CO_DOCUMENT_RELATIONAL_EXCESS_NOT_EXECUTION_OR_CAUSAL
T1573,Encrypted Channel,T1590.005,IP Addresses,A2_W0::2016->2017,0.0028826053298841,0.0052062999896569,0.004753406055766,0.0,-0.9999999997896244,3,4,42,CO_DOCUMENT_RELATIONAL_EXCESS_NOT_EXECUTION_OR_CAUSAL
T1057,Process Discovery,T1140,Deobfuscate/Decode Files or Information,A2_W0::2016->2017,0.0093632740209383,0.0046619652966428,0.0,0.0047013087242954,0.9999999997872931,3,5,43,CO_DOCUMENT_RELATIONAL_EXCESS_NOT_EXECUTION_OR_CAUSAL
T1047,Windows Management Instrumentation,T1219,Remote Access Tools,A2_W0::2016->2017,0.002832215913064,0.0046479910672326,0.004678212030431,0.0,-0.999999999786243,6,5,44,CO_DOCUMENT_RELATIONAL_EXCESS_NOT_EXECUTION_OR_CAUSAL
T1036,Masquerading,T1039,Data from Network Shared Drive,A2_W0::2016->2017,0.0099337104318652,0.0052911186288012,0.0,0.004642591803064,0.999999999784603,3,5,45,CO_DOCUMENT_RELATIONAL_EXCESS_NOT_EXECUTION_OR_CAUSAL
T1082,System Information Discovery,T1140,Deobfuscate/Decode Files or Information,A2_W0::2016->2017,0.0075378775059721,0.0029075310711959,0.0,0.0046303464347761,0.9999999997840332,2,3,46,CO_DOCUMENT_RELATIONAL_EXCESS_NOT_EXECUTION_OR_CAUSAL
T1608,Stage Capabilities,T1684,Social Engineering,A2_W0::2016->2017,0.0063888878023817,0.0018208330236787,0.0,0.0045680547787029,0.9999999997810884,0,1,47,CO_DOCUMENT_RELATIONAL_EXCESS_NOT_EXECUTION_OR_CAUSAL
T1021.007,Cloud Services,T1059.007,JavaScript,A2_W0::2016->2017,0.0012473542852269,0.0023813818701496,0.0045161978079746,0.0,-0.9999999997785748,4,2,48,CO_DOCUMENT_RELATIONAL_EXCESS_NOT_EXECUTION_OR_CAUSAL
T1036,Masquerading,T1684,Social Engineering,A2_W0::2016->2017,0.0077314801666503,0.0127196043183599,0.0044794124993087,0.0,-0.9999999997767564,7,5,49,CO_DOCUMENT_RELATIONAL_EXCESS_NOT_EXECUTION_OR_CAUSAL
T1053.005,Scheduled Task,T1204,User Execution,A2_W0::2016->2017,0.0155014357402329,0.0110698115331964,0.0,0.0044316242070365,0.999999999774349,4,11,50,CO_DOCUMENT_RELATIONAL_EXCESS_NOT_EXECUTION_OR_CAUSAL
T1053,Scheduled Task/Job,T1071.001,Web Protocols,A2_W0::2016->2017,0.0078796282896041,0.0034755549644956,0.0,0.0044040733251084,0.9999999997729374,0,4,51,CO_DOCUMENT_RELATIONAL_EXCESS_NOT_EXECUTION_OR_CAUSAL
T1033,System Owner/User Discovery,T1543,Create or Modify System Process,A2_W0::2016->2017,0.0023501980130189,0.0025846473779099,0.0043350239999546,0.0,-0.9999999997693206,2,3,52,CO_DOCUMENT_RELATIONAL_EXCESS_NOT_EXECUTION_OR_CAUSAL
T1221,Template Injection,T1590.005,IP Addresses,A2_W0::2016->2017,0.0095833317035726,0.005281163674185,0.0,0.0043021680293875,0.9999999997675588,1,3,53,CO_DOCUMENT_RELATIONAL_EXCESS_NOT_EXECUTION_OR_CAUSAL
T1062,Hypervisor,T1204.002,Malicious File,A2_W0::2016->2017,0.0075378775059721,0.0032426814771625,0.0,0.0042951960288095,0.9999999997671816,2,3,54,CO_DOCUMENT_RELATIONAL_EXCESS_NOT_EXECUTION_OR_CAUSAL
T1057,Process Discovery,T1573,Encrypted Channel,A2_W0::2016->2017,0.0052784382557772,0.0052847510853915,0.0042554822751848,0.0,-0.9999999997650088,2,4,55,CO_DOCUMENT_RELATIONAL_EXCESS_NOT_EXECUTION_OR_CAUSAL
T1021.007,Cloud Services,T1053.005,Scheduled Task,A2_W0::2016->2017,0.0014374997555358,0.0031138567936835,0.0042393493289419,0.0,-0.9999999997641148,2,2,56,CO_DOCUMENT_RELATIONAL_EXCESS_NOT_EXECUTION_OR_CAUSAL
T1041,Exfiltration Over C2 Channel,T1059.003,Windows Command Shell,A2_W0::2016->2017,0.0,0.0007986109752977,0.0042392123769365,0.0,-0.999999999764107,2,0,57,CO_DOCUMENT_RELATIONAL_EXCESS_NOT_EXECUTION_OR_CAUSAL
T1134,Access Token Manipulation,T1573,Encrypted Channel,A2_W0::2016->2017,0.001797313491659,0.0019941667090975,0.0042009711631048,0.0,-0.9999999997619596,3,3,58,CO_DOCUMENT_RELATIONAL_EXCESS_NOT_EXECUTION_OR_CAUSAL
T1053.005,Scheduled Task,T1573,Encrypted Channel,A2_W0::2016->2017,0.0096693359624508,0.0054966784506531,0.0,0.0041726575117976,0.9999999997603444,2,8,59,CO_DOCUMENT_RELATIONAL_EXCESS_NOT_EXECUTION_OR_CAUSAL
T1033,System Owner/User Discovery,T1055,Process Injection,A2_W0::2016->2017,0.0028602989363712,0.0051677142185706,0.0040456991932248,0.0,-0.9999999997528238,5,4,60,CO_DOCUMENT_RELATIONAL_EXCESS_NOT_EXECUTION_OR_CAUSAL
T1043,Commonly Used Port,T1608,Stage Capabilities,A2_W0::2016->2017,0.0063888878023817,0.002373015469456,0.0,0.0040158723329256,0.999999999750988,0,1,61,CO_DOCUMENT_RELATIONAL_EXCESS_NOT_EXECUTION_OR_CAUSAL
T1057,Process Discovery,T1543,Create or Modify System Process,A2_W0::2016->2017,0.0031488089883167,0.0039493594474115,0.0039029678131368,0.0,-0.9999999997437848,3,3,62,CO_DOCUMENT_RELATIONAL_EXCESS_NOT_EXECUTION_OR_CAUSAL
T1055,Process Injection,T1573,Encrypted Channel,A2_W0::2016->2017,0.0025099202080785,0.0030292074874923,0.0038288493877831,0.0,-0.9999999997388248,2,2,63,CO_DOCUMENT_RELATIONAL_EXCESS_NOT_EXECUTION_OR_CAUSAL
T1055,Process Injection,T1071,Application Layer Protocol,A2_W0::2016->2017,0.0073857611297249,0.008297204427104,0.0038106895518594,0.0,-0.9999999997375804,7,8,64,CO_DOCUMENT_RELATIONAL_EXCESS_NOT_EXECUTION_OR_CAUSAL
T1022,Data Encrypted,T1113,Screen Capture,A2_W0::2016->2017,0.011930338463943,0.0081327977198232,0.0,0.0037975407441197,0.9999999997366716,5,11,65,CO_DOCUMENT_RELATIONAL_EXCESS_NOT_EXECUTION_OR_CAUSAL
T1590.005,IP Addresses,T1684,Social Engineering,A2_W0::2016->2017,0.0335167859315395,0.0350047241443528,0.0037567429582166,0.0,-0.999999999733812,23,17,66,CO_DOCUMENT_RELATIONAL_EXCESS_NOT_EXECUTION_OR_CAUSAL
T1071.001,Web Protocols,T1560,Archive Collected Data,A2_W0::2016->2017,0.0063888878023817,0.0026434023282354,0.0,0.0037454854741462,0.999999999733012,0,4,67,CO_DOCUMENT_RELATIONAL_EXCESS_NOT_EXECUTION_OR_CAUSAL
T1021.007,Cloud Services,T1684,Social Engineering,A2_W0::2016->2017,0.0,0.0009623262252337,0.0037433678588909,0.0,-0.9999999997328608,4,0,68,CO_DOCUMENT_RELATIONAL_EXCESS_NOT_EXECUTION_OR_CAUSAL
T1059.005,Visual Basic,T1608,Stage Capabilities,A2_W0::2016->2017,0.0063888878023817,0.0026513884379884,0.0,0.0037374993643933,0.9999999997324416,0,1,69,CO_DOCUMENT_RELATIONAL_EXCESS_NOT_EXECUTION_OR_CAUSAL
T1087.003,Email Account,T1589.002,Email Addresses,A2_W0::2016->2017,0.0016910720208632,0.0017085800307063,0.0036590429473752,0.0,-0.9999999997267044,5,3,70,CO_DOCUMENT_RELATIONAL_EXCESS_NOT_EXECUTION_OR_CAUSAL
T1041,Exfiltration Over C2 Channel,T1071.001,Web Protocols,A2_W0::2016->2017,0.0,0.0002555555120952,0.0036064941117221,0.0,-0.9999999997227224,2,0,71,CO_DOCUMENT_RELATIONAL_EXCESS_NOT_EXECUTION_OR_CAUSAL
T1204.002,Malicious File,T1590.005,IP Addresses,A2_W0::2016->2017,0.0182881913343177,0.014762133732908,0.0,0.0035260576014097,0.9999999997163972,7,10,72,CO_DOCUMENT_RELATIONAL_EXCESS_NOT_EXECUTION_OR_CAUSAL
T1057,Process Discovery,T1125,Video Capture,A2_W0::2016->2017,0.0063209464959946,0.0028806445016942,0.0,0.0034403019943003,0.9999999997093278,3,4,73,CO_DOCUMENT_RELATIONAL_EXCESS_NOT_EXECUTION_OR_CAUSAL
T1031,Modify Existing Service,T1059.005,Visual Basic,A2_W0::2016->2017,0.0042592585349211,0.0008212382862644,0.0,0.0034380202486566,0.9999999997091348,0,1,74,CO_DOCUMENT_RELATIONAL_EXCESS_NOT_EXECUTION_OR_CAUSAL
T1071,Application Layer Protocol,T1078,Valid Accounts,A2_W0::2016->2017,0.0094013031150001,0.005976555020171,0.0,0.0034247480948291,0.9999999997080076,5,9,75,CO_DOCUMENT_RELATIONAL_EXCESS_NOT_EXECUTION_OR_CAUSAL
T1053.005,Scheduled Task,T1569.003,Systemctl,A2_W0::2016->2017,0.0063888878023817,0.0029708328281075,0.0,0.0034180549742742,0.999999999707436,0,1,76,CO_DOCUMENT_RELATIONAL_EXCESS_NOT_EXECUTION_OR_CAUSAL
T1057,Process Discovery,T1134.001,Token Impersonation/Theft,A2_W0::2016->2017,0.0,0.0,0.0033986009674373,0.0,-0.9999999997057611,1,0,77,CO_DOCUMENT_RELATIONAL_EXCESS_NOT_EXECUTION_OR_CAUSAL
T1071,Application Layer Protocol,T1082,System Information Discovery,A2_W0::2016->2017,0.0083897292129563,0.0050267783959776,0.0,0.0033629508169786,0.999999999702642,3,8,78,CO_DOCUMENT_RELATIONAL_EXCESS_NOT_EXECUTION_OR_CAUSAL
T1134.001,Token Impersonation/Theft,T1573.001,Symmetric Cryptography,A2_W0::2016->2017,0.0,0.0,0.0033262903085557,0.0,-0.9999999996993648,1,0,79,CO_DOCUMENT_RELATIONAL_EXCESS_NOT_EXECUTION_OR_CAUSAL
T1007,System Service Discovery,T1573,Encrypted Channel,A2_W0::2016->2017,0.0052784382557772,0.0019830651389464,0.0,0.0032953731168308,0.9999999996965442,0,4,80,CO_DOCUMENT_RELATIONAL_EXCESS_NOT_EXECUTION_OR_CAUSAL
T1041,Exfiltration Over C2 Channel,T1573.001,Symmetric Cryptography,A2_W0::2016->2017,0.0,0.0002342592194206,0.003253979649674,0.0,-0.999999999692684,1,0,81,CO_DOCUMENT_RELATIONAL_EXCESS_NOT_EXECUTION_OR_CAUSAL
T1029,Scheduled Transfer,T1573.001,Symmetric Cryptography,A2_W0::2016->2017,0.0,0.0002755207864777,0.0032359019849536,0.0,-0.9999999996909672,1,0,82,CO_DOCUMENT_RELATIONAL_EXCESS_NOT_EXECUTION_OR_CAUSAL
T1543.003,Windows Service,T1573.001,Symmetric Cryptography,A2_W0::2016->2017,0.0014374997555358,0.0015333330725716,0.0031997466555128,0.0,-0.9999999996874752,1,2,83,CO_DOCUMENT_RELATIONAL_EXCESS_NOT_EXECUTION_OR_CAUSAL
T1071.001,Web Protocols,T1543,Create or Modify System Process,A2_W0::2016->2017,0.0014374997555358,0.001979756607763,0.0031952272393327,0.0,-0.9999999996870332,2,2,84,CO_DOCUMENT_RELATIONAL_EXCESS_NOT_EXECUTION_OR_CAUSAL
T1071,Application Layer Protocol,T1134.001,Token Impersonation/Theft,A2_W0::2016->2017,0.0,0.0,0.003163591326072,0.0,-0.9999999996839036,1,0,85,CO_DOCUMENT_RELATIONAL_EXCESS_NOT_EXECUTION_OR_CAUSAL
T1213.002,Sharepoint,T1593.002,Search Engines,A2_W0::2016->2017,0.0,0.0,0.003163591326072,0.0,-0.9999999996839036,1,0,86,CO_DOCUMENT_RELATIONAL_EXCESS_NOT_EXECUTION_OR_CAUSAL
T1219,Remote Access Tools,T1590.005,IP Addresses,A2_W0::2016->2017,0.0016184739682332,0.0090878824201928,0.0031506611002996,0.0,-0.9999999996826064,6,3,87,CO_DOCUMENT_RELATIONAL_EXCESS_NOT_EXECUTION_OR_CAUSAL
T1012,Query Registry,T1134.001,Token Impersonation/Theft,A2_W0::2016->2017,0.0,0.0,0.0031455136613516,0.0,-0.9999999996820867,1,0,88,CO_DOCUMENT_RELATIONAL_EXCESS_NOT_EXECUTION_OR_CAUSAL
T1029,Scheduled Transfer,T1134.001,Token Impersonation/Theft,A2_W0::2016->2017,0.0,0.0,0.0031455136613516,0.0,-0.9999999996820867,1,0,89,CO_DOCUMENT_RELATIONAL_EXCESS_NOT_EXECUTION_OR_CAUSAL
T1055.002,Portable Executable Injection,T1134.001,Token Impersonation/Theft,A2_W0::2016->2017,0.0,0.0,0.0031455136613516,0.0,-0.9999999996820867,1,0,90,CO_DOCUMENT_RELATIONAL_EXCESS_NOT_EXECUTION_OR_CAUSAL
T1134,Access Token Manipulation,T1573.001,Symmetric Cryptography,A2_W0::2016->2017,0.0006388887802381,0.0007778470899399,0.0031455136613516,0.0,-0.9999999996820867,1,1,91,CO_DOCUMENT_RELATIONAL_EXCESS_NOT_EXECUTION_OR_CAUSAL
T1033,System Owner/User Discovery,T1134.001,Token Impersonation/Theft,A2_W0::2016->2017,0.0,0.0,0.0031274359966311,0.0,-0.9999999996802492,1,0,92,CO_DOCUMENT_RELATIONAL_EXCESS_NOT_EXECUTION_OR_CAUSAL
T1134,Access Token Manipulation,T1134.001,Token Impersonation/Theft,A2_W0::2016->2017,0.0,0.0,0.0031274359966311,0.0,-0.9999999996802492,1,0,93,CO_DOCUMENT_RELATIONAL_EXCESS_NOT_EXECUTION_OR_CAUSAL
T1053.005,Scheduled Task,T1078,Valid Accounts,A2_W0::2016->2017,0.010559727826421,0.0074579637527736,0.0,0.0031017640736473,0.9999999996776028,7,11,94,CO_DOCUMENT_RELATIONAL_EXCESS_NOT_EXECUTION_OR_CAUSAL
T1071.001,Web Protocols,T1134.001,Token Impersonation/Theft,A2_W0::2016->2017,0.0,0.0,0.0030912806671903,0.0,-0.9999999996765094,1,0,95,CO_DOCUMENT_RELATIONAL_EXCESS_NOT_EXECUTION_OR_CAUSAL
T1050,New Service,T1573.001,Symmetric Cryptography,A2_W0::2016->2017,0.0,0.0002675346767247,0.0030732030024699,0.0,-0.9999999996746066,1,0,96,CO_DOCUMENT_RELATIONAL_EXCESS_NOT_EXECUTION_OR_CAUSAL
T1055,Process Injection,T1573.001,Symmetric Cryptography,A2_W0::2016->2017,0.0,0.0009596641886494,0.0030732030024699,0.0,-0.9999999996746066,1,0,97,CO_DOCUMENT_RELATIONAL_EXCESS_NOT_EXECUTION_OR_CAUSAL
T1012,Query Registry,T1022,Data Encrypted,A2_W0::2016->2017,0.0072131675489829,0.0041566814997885,0.0,0.0030564860491943,0.9999999996728268,5,9,98,CO_DOCUMENT_RELATIONAL_EXCESS_NOT_EXECUTION_OR_CAUSAL
T1134.001,Token Impersonation/Theft,T1573,Encrypted Channel,A2_W0::2016->2017,0.0,0.0,0.0030551253377495,0.0,-0.9999999996726812,1,0,99,CO_DOCUMENT_RELATIONAL_EXCESS_NOT_EXECUTION_OR_CAUSAL
T1213.005,Messaging Applications,T1669,Wi-Fi Networks,A2_W0::2016->2017,0.0031944439011908,0.0001437499755535,0.0,0.0030506939256372,0.9999999996722058,0,1,100,CO_DOCUMENT_RELATIONAL_EXCESS_NOT_EXECUTION_OR_CAUSAL
T1022,Data Encrypted,T1043,Commonly Used Port,A2_W0::2017->2018,0.0367942161049403,0.0265236955215703,0.0,0.0102705205833699,0.999999999902634,10,15,1,CO_DOCUMENT_RELATIONAL_EXCESS_NOT_EXECUTION_OR_CAUSAL
T1547.001,Registry Run Keys / Startup Folder,T1562,Impair Defenses,A2_W0::2017->2018,0.017643717190151,0.0074510774903022,0.0,0.0101926396998488,0.99999999990189,0,3,2,CO_DOCUMENT_RELATIONAL_EXCESS_NOT_EXECUTION_OR_CAUSAL
T1053,Scheduled Task/Job,T1083,File and Directory Discovery,A2_W0::2017->2018,0.0208393275064092,0.011360425519957,0.0,0.0094789019864521,0.9999999998945024,2,6,3,CO_DOCUMENT_RELATIONAL_EXCESS_NOT_EXECUTION_OR_CAUSAL
T1082,System Information Discovery,T1112,Modify Registry,A2_W0::2017->2018,0.0206275653488898,0.0220210797046581,0.0093964567353529,0.0,-0.9999999998935768,6,8,4,CO_DOCUMENT_RELATIONAL_EXCESS_NOT_EXECUTION_OR_CAUSAL
T1218.005,Mshta,T1547.001,Registry Run Keys / Startup Folder,A2_W0::2017->2018,0.0152007409638224,0.0060450089511486,0.0,0.0091557320126737,0.9999999998907788,0,3,5,CO_DOCUMENT_RELATIONAL_EXCESS_NOT_EXECUTION_OR_CAUSAL
T1082,System Information Discovery,T1089,Disabling Security Tools,A2_W0::2017->2018,0.0249706341956962,0.016138596533011,0.0,0.0088320376626852,0.9999999998867758,3,7,6,CO_DOCUMENT_RELATIONAL_EXCESS_NOT_EXECUTION_OR_CAUSAL
T1218.005,Mshta,T1560,Archive Collected Data,A2_W0::2017->2018,0.01357209014627,0.0048045199117795,0.0,0.0087675702344904,0.9999999998859432,0,2,7,CO_DOCUMENT_RELATIONAL_EXCESS_NOT_EXECUTION_OR_CAUSAL
T1071.001,Web Protocols,T1556.006,Multi-Factor Authentication,A2_W0::2017->2018,0.016286508175524,0.0075867983917649,0.0,0.0086997097837591,0.9999999998850536,0,2,8,CO_DOCUMENT_RELATIONAL_EXCESS_NOT_EXECUTION_OR_CAUSAL
T1043,Commonly Used Port,T1083,File and Directory Discovery,A2_W0::2017->2018,0.0224998968758866,0.0139505596818163,0.0,0.0085493371940703,0.9999999998830318,5,8,9,CO_DOCUMENT_RELATIONAL_EXCESS_NOT_EXECUTION_OR_CAUSAL
T1113,Screen Capture,T1140,Deobfuscate/Decode Files or Information,A2_W0::2017->2018,0.027480838632532,0.0190825261935211,0.0,0.0083983124390108,0.9999999998809284,5,7,10,CO_DOCUMENT_RELATIONAL_EXCESS_NOT_EXECUTION_OR_CAUSAL
T1082,System Information Discovery,T1218.005,Mshta,A2_W0::2017->2018,0.0152007409638224,0.0068349045976615,0.0,0.0083658363661608,0.9999999998804662,0,3,11,CO_DOCUMENT_RELATIONAL_EXCESS_NOT_EXECUTION_OR_CAUSAL
T1140,Deobfuscate/Decode Files or Information,T1562.001,Disable or Modify Tools,A2_W0::2017->2018,0.0138435319491954,0.0055251978985465,0.0,0.0083183340506489,0.9999999998797836,0,3,12,CO_DOCUMENT_RELATIONAL_EXCESS_NOT_EXECUTION_OR_CAUSAL
T1057,Process Discovery,T1112,Modify Registry,A2_W0::2017->2018,0.01658017418027,0.0242131132720095,0.0082581318628012,0.0,-0.9999999998789072,7,7,13,CO_DOCUMENT_RELATIONAL_EXCESS_NOT_EXECUTION_OR_CAUSAL
T1547.001,Registry Run Keys / Startup Folder,T1562.001,Disable or Modify Tools,A2_W0::2017->2018,0.0138435319491954,0.0057613522670916,0.0,0.0080821796821038,0.999999999876271,0,3,14,CO_DOCUMENT_RELATIONAL_EXCESS_NOT_EXECUTION_OR_CAUSAL
T1070.004,File Deletion,T1548,Abuse Elevation Control Mechanism,A2_W0::2017->2018,0.009500463102389,0.0015472182766747,0.0,0.0079532448257142,0.9999999998742652,0,2,15,CO_DOCUMENT_RELATIONAL_EXCESS_NOT_EXECUTION_OR_CAUSAL
T1132.001,Standard Encoding,T1547.001,Registry Run Keys / Startup Folder,A2_W0::2017->2018,0.0138435319491954,0.0059201457218029,0.0,0.0079233862273924,0.9999999998737912,0,3,16,CO_DOCUMENT_RELATIONAL_EXCESS_NOT_EXECUTION_OR_CAUSAL
T1053,Scheduled Task/Job,T1132.001,Standard Encoding,A2_W0::2017->2018,0.0154721827667478,0.0075772979286625,0.0,0.0078948848380852,0.9999999998733357,0,3,17,CO_DOCUMENT_RELATIONAL_EXCESS_NOT_EXECUTION_OR_CAUSAL
T1060,Registry Run Keys / Startup Folder,T1204,User Execution,A2_W0::2017->2018,0.0139210867500312,0.0060578054932865,0.0,0.0078632812567446,0.9999999998728266,1,4,18,CO_DOCUMENT_RELATIONAL_EXCESS_NOT_EXECUTION_OR_CAUSAL
T1132.001,Standard Encoding,T1562.001,Disable or Modify Tools,A2_W0::2017->2018,0.0138435319491954,0.0059812201274612,0.0,0.0078623118217342,0.9999999998728109,0,3,19,CO_DOCUMENT_RELATIONAL_EXCESS_NOT_EXECUTION_OR_CAUSAL
T1107,File Deletion,T1134,Access Token Manipulation,A2_W0::2017->2018,0.004926492462185,0.0052405894055701,0.0077752764554985,0.0,-0.9999999998713872,6,4,20,CO_DOCUMENT_RELATIONAL_EXCESS_NOT_EXECUTION_OR_CAUSAL
T1218.005,Mshta,T1556.006,Multi-Factor Authentication,A2_W0::2017->2018,0.01357209014627,0.0059988638446513,0.0,0.0075732263016187,0.9999999998679558,0,2,21,CO_DOCUMENT_RELATIONAL_EXCESS_NOT_EXECUTION_OR_CAUSAL
T1547.001,Registry Run Keys / Startup Folder,T1548,Abuse Elevation Control Mechanism,A2_W0::2017->2018,0.009500463102389,0.0019883112064285,0.0,0.0075121518959604,0.9999999998668824,0,2,22,CO_DOCUMENT_RELATIONAL_EXCESS_NOT_EXECUTION_OR_CAUSAL
T1082,System Information Discovery,T1547.001,Registry Run Keys / Startup Folder,A2_W0::2017->2018,0.0152007409638224,0.0076926606949058,0.0,0.0075080802689166,0.99999999986681,0,3,23,CO_DOCUMENT_RELATIONAL_EXCESS_NOT_EXECUTION_OR_CAUSAL
T1218.005,Mshta,T1562,Impair Defenses,A2_W0::2017->2018,0.01357209014627,0.0060667242953827,0.0,0.0075053658508873,0.999999999866762,0,2,24,CO_DOCUMENT_RELATIONAL_EXCESS_NOT_EXECUTION_OR_CAUSAL
T1049,System Network Connections Discovery,T1555.003,Credentials from Web Browsers,A2_W0::2017->2018,0.010857672117016,0.00342016671686,0.0,0.0074375054001559,0.9999999998655462,0,2,25,CO_DOCUMENT_RELATIONAL_EXCESS_NOT_EXECUTION_OR_CAUSAL
T1043,Commonly Used Port,T1085,Rundll32,A2_W0::2017->2018,0.0106637851149264,0.0033532757011391,0.0,0.0073105094137873,0.9999999998632104,1,3,26,CO_DOCUMENT_RELATIONAL_EXCESS_NOT_EXECUTION_OR_CAUSAL
T1070.004,File Deletion,T1562,Impair Defenses,A2_W0::2017->2018,0.009500463102389,0.0021918925586226,0.0,0.0073085705437664,0.9999999998631742,0,2,27,CO_DOCUMENT_RELATIONAL_EXCESS_NOT_EXECUTION_OR_CAUSAL
T1056.001,Keylogging,T1070.004,File Deletion,A2_W0::2017->2018,0.009500463102389,0.0023479715953047,0.0,0.0071524915070843,0.9999999998601884,0,2,28,CO_DOCUMENT_RELATIONAL_EXCESS_NOT_EXECUTION_OR_CAUSAL
T1071.001,Web Protocols,T1562,Impair Defenses,A2_W0::2017->2018,0.016286508175524,0.0091374096909763,0.0,0.0071490984845477,0.999999999860122,1,2,29,CO_DOCUMENT_RELATIONAL_EXCESS_NOT_EXECUTION_OR_CAUSAL
T1070,Indicator Removal,T1547.001,Registry Run Keys / Startup Folder,A2_W0::2017->2018,0.009500463102389,0.0023547576403778,0.0,0.0071457054620111,0.9999999998600556,0,2,30,CO_DOCUMENT_RELATIONAL_EXCESS_NOT_EXECUTION_OR_CAUSAL
T1070.004,File Deletion,T1547.001,Registry Run Keys / Startup Folder,A2_W0::2017->2018,0.009500463102389,0.0024429762263286,0.0,0.0070574868760604,0.9999999998583065,0,2,31,CO_DOCUMENT_RELATIONAL_EXCESS_NOT_EXECUTION_OR_CAUSAL
T1562,Impair Defenses,T1590.005,IP Addresses,A2_W0::2017->2018,0.0213760419803753,0.0143575748634854,0.0,0.0070184671168899,0.9999999998575186,3,4,32,CO_DOCUMENT_RELATIONAL_EXCESS_NOT_EXECUTION_OR_CAUSAL
T1552,Unsecured Credentials,T1552.001,Credentials In Files,A2_W0::2017->2018,0.008143254087762,0.0011400555722866,0.0,0.0070031985154753,0.999999999857208,0,1,33,CO_DOCUMENT_RELATIONAL_EXCESS_NOT_EXECUTION_OR_CAUSAL
T1107,File Deletion,T1113,Screen Capture,A2_W0::2017->2018,0.0192142019070766,0.0122796393903409,0.0,0.0069345625167356,0.9999999998557948,3,8,34,CO_DOCUMENT_RELATIONAL_EXCESS_NOT_EXECUTION_OR_CAUSAL
T1049,System Network Connections Discovery,T1574.002,DLL Side-Loading,A2_W0::2017->2018,0.010857672117016,0.0039766224128571,0.0,0.0068810497041589,0.9999999998546732,0,2,35,CO_DOCUMENT_RELATIONAL_EXCESS_NOT_EXECUTION_OR_CAUSAL
T1070,Indicator Removal,T1548,Abuse Elevation Control Mechanism,A2_W0::2017->2018,0.009500463102389,0.0026194133982301,0.0,0.0068810497041589,0.9999999998546732,0,2,36,CO_DOCUMENT_RELATIONAL_EXCESS_NOT_EXECUTION_OR_CAUSAL
T1547.001,Registry Run Keys / Startup Folder,T1573.001,Symmetric Cryptography,A2_W0::2017->2018,0.009500463102389,0.0026533436235957,0.0,0.0068471194787932,0.9999999998539532,0,2,37,CO_DOCUMENT_RELATIONAL_EXCESS_NOT_EXECUTION_OR_CAUSAL
T1049,System Network Connections Discovery,T1552,Unsecured Credentials,A2_W0::2017->2018,0.008143254087762,0.0013029206540419,0.0,0.0068403334337201,0.9999999998538084,0,1,38,CO_DOCUMENT_RELATIONAL_EXCESS_NOT_EXECUTION_OR_CAUSAL
T1055,Process Injection,T1082,System Information Discovery,A2_W0::2017->2018,0.0263278432103232,0.0194946351239299,0.0,0.0068332080863933,0.9999999998536558,3,7,39,CO_DOCUMENT_RELATIONAL_EXCESS_NOT_EXECUTION_OR_CAUSAL
T1556.006,Multi-Factor Authentication,T1560,Archive Collected Data,A2_W0::2017->2018,0.0138852922265685,0.0070585308829947,0.0,0.0068267613435738,0.9999999998535176,1,3,40,CO_DOCUMENT_RELATIONAL_EXCESS_NOT_EXECUTION_OR_CAUSAL
T1070.004,File Deletion,T1573.001,Symmetric Cryptography,A2_W0::2017->2018,0.009500463102389,0.0026940598940346,0.0,0.0068064032083544,0.9999999998530794,0,2,41,CO_DOCUMENT_RELATIONAL_EXCESS_NOT_EXECUTION_OR_CAUSAL
T1134,Access Token Manipulation,T1140,Deobfuscate/Decode Files or Information,A2_W0::2017->2018,0.0077777042854034,0.0082532121580281,0.006806295138804,0.0,-0.9999999998530772,6,3,42,CO_DOCUMENT_RELATIONAL_EXCESS_NOT_EXECUTION_OR_CAUSAL
T1071,Application Layer Protocol,T1562.001,Disable or Modify Tools,A2_W0::2017->2018,0.012214881131643,0.0054152639683617,0.0,0.0067996171632812,0.9999999998529328,0,2,43,CO_DOCUMENT_RELATIONAL_EXCESS_NOT_EXECUTION_OR_CAUSAL
T1059.003,Windows Command Shell,T1556.006,Multi-Factor Authentication,A2_W0::2017->2018,0.008143254087762,0.0013707811047732,0.0,0.0067724729829887,0.9999999998523432,0,2,44,CO_DOCUMENT_RELATIONAL_EXCESS_NOT_EXECUTION_OR_CAUSAL
T1056,Input Capture,T1070.004,File Deletion,A2_W0::2017->2018,0.009500463102389,0.002768706389839,0.0,0.0067317567125499,0.9999999998514504,0,2,45,CO_DOCUMENT_RELATIONAL_EXCESS_NOT_EXECUTION_OR_CAUSAL
T1140,Deobfuscate/Decode Files or Information,T1562,Impair Defenses,A2_W0::2017->2018,0.012214881131643,0.0055170546444587,0.0,0.0066978264871842,0.9999999998506978,1,2,46,CO_DOCUMENT_RELATIONAL_EXCESS_NOT_EXECUTION_OR_CAUSAL
T1005,Data from Local System,T1053,Scheduled Task/Job,A2_W0::2017->2018,0.0090157455971651,0.011815425435588,0.0066953642714257,0.0,-0.9999999998506428,7,5,47,CO_DOCUMENT_RELATIONAL_EXCESS_NOT_EXECUTION_OR_CAUSAL
T1053,Scheduled Task/Job,T1562.001,Disable or Modify Tools,A2_W0::2017->2018,0.0125280832119415,0.0058506148599767,0.0,0.0066774683519648,0.9999999998502426,1,3,48,CO_DOCUMENT_RELATIONAL_EXCESS_NOT_EXECUTION_OR_CAUSAL
T1043,Commonly Used Port,T1074,Data Staged,A2_W0::2017->2018,0.0213251179041348,0.0147192026689865,0.0,0.0066059152351482,0.9999999998486204,5,8,49,CO_DOCUMENT_RELATIONAL_EXCESS_NOT_EXECUTION_OR_CAUSAL
T1049,System Network Connections Discovery,T1059.001,PowerShell,A2_W0::2017->2018,0.010857672117016,0.0043023525763676,0.0,0.0065553195406484,0.999999999847452,0,2,50,CO_DOCUMENT_RELATIONAL_EXCESS_NOT_EXECUTION_OR_CAUSAL
T1480,Execution Guardrails,T1552,Unsecured Credentials,A2_W0::2017->2018,0.008143254087762,0.0016286508175524,0.0,0.0065146032702096,0.9999999998464988,0,1,51,CO_DOCUMENT_RELATIONAL_EXCESS_NOT_EXECUTION_OR_CAUSAL
T1560,Archive Collected Data,T1562,Impair Defenses,A2_W0::2017->2018,0.0138852922265685,0.0074164947606026,0.0,0.0064687974659659,0.9999999998454115,3,3,52,CO_DOCUMENT_RELATIONAL_EXCESS_NOT_EXECUTION_OR_CAUSAL
T1041,Exfiltration Over C2 Channel,T1140,Deobfuscate/Decode Files or Information,A2_W0::2017->2018,0.0141925285529566,0.0077302747733112,0.0,0.0064622537796454,0.9999999998452552,1,4,53,CO_DOCUMENT_RELATIONAL_EXCESS_NOT_EXECUTION_OR_CAUSAL
T1547.001,Registry Run Keys / Startup Folder,T1556.006,Multi-Factor Authentication,A2_W0::2017->2018,0.01357209014627,0.0071253473267917,0.0,0.0064467428194782,0.9999999998448827,0,2,54,CO_DOCUMENT_RELATIONAL_EXCESS_NOT_EXECUTION_OR_CAUSAL
T1049,System Network Connections Discovery,T1218.011,Rundll32,A2_W0::2017->2018,0.008143254087762,0.00171008335843,0.0,0.006433170729332,0.9999999998445556,0,1,55,CO_DOCUMENT_RELATIONAL_EXCESS_NOT_EXECUTION_OR_CAUSAL
T1007,System Service Discovery,T1134,Access Token Manipulation,A2_W0::2017->2018,0.0101770559362618,0.0110117394802575,0.006411819346101,0.0,-0.999999999844038,6,3,56,CO_DOCUMENT_RELATIONAL_EXCESS_NOT_EXECUTION_OR_CAUSAL
T1059.007,JavaScript,T1583.008,Malvertising,A2_W0::2017->2018,0.0109379664091916,0.0175034650174498,0.0064048600218876,0.0,-0.9999999998438684,5,4,57,CO_DOCUMENT_RELATIONAL_EXCESS_NOT_EXECUTION_OR_CAUSAL
T1562.004,Disable or Modify System Firewall,T1573.002,Asymmetric Cryptography,A2_W0::2017->2018,0.008143254087762,0.0017507996288688,0.0,0.0063924544588931,0.9999999998435656,0,1,58,CO_DOCUMENT_RELATIONAL_EXCESS_NOT_EXECUTION_OR_CAUSAL
T1112,Modify Registry,T1539,Steal Web Session Cookie,A2_W0::2017->2018,0.0100615033505759,0.003682620981829,0.0,0.0063788823687469,0.9999999998432326,2,4,59,CO_DOCUMENT_RELATIONAL_EXCESS_NOT_EXECUTION_OR_CAUSAL
T1143,Hidden Window,T1539,Steal Web Session Cookie,A2_W0::2017->2018,0.0086861376936128,0.0023289706690999,0.0,0.0063571670245128,0.9999999998426972,0,2,60,CO_DOCUMENT_RELATIONAL_EXCESS_NOT_EXECUTION_OR_CAUSAL
T1047,Windows Management Instrumentation,T1555.003,Credentials from Web Browsers,A2_W0::2017->2018,0.010857672117016,0.0045585257778784,0.0,0.0062991463391375,0.9999999998412482,0,2,61,CO_DOCUMENT_RELATIONAL_EXCESS_NOT_EXECUTION_OR_CAUSAL
T1043,Commonly Used Port,T1140,Deobfuscate/Decode Files or Information,A2_W0::2017->2018,0.0118493313292844,0.0127884230239053,0.0062387489390257,0.0,-0.9999999998397114,6,5,62,CO_DOCUMENT_RELATIONAL_EXCESS_NOT_EXECUTION_OR_CAUSAL
T1039,Data from Network Shared Drive,T1113,Screen Capture,A2_W0::2017->2018,0.0101327991205675,0.0106010362306138,0.0062323600512233,0.0,-0.999999999839547,6,3,63,CO_DOCUMENT_RELATIONAL_EXCESS_NOT_EXECUTION_OR_CAUSAL
T1003.005,Cached Domain Credentials,T1027.004,Compile After Delivery,A2_W0::2017->2018,0.008143254087762,0.001913664710624,0.0,0.0062295893771379,0.9999999998394756,0,1,64,CO_DOCUMENT_RELATIONAL_EXCESS_NOT_EXECUTION_OR_CAUSAL
T1547,Boot or Logon Autostart Execution,T1556.006,Multi-Factor Authentication,A2_W0::2017->2018,0.0084564561680605,0.0022268667909226,0.0,0.0062295893771379,0.9999999998394756,1,3,65,CO_DOCUMENT_RELATIONAL_EXCESS_NOT_EXECUTION_OR_CAUSAL
T1039,Data from Network Shared Drive,T1050,New Service,A2_W0::2017->2018,0.0101770559362618,0.0101770559362619,0.0061852420036808,0.0,-0.9999999998383248,4,3,66,CO_DOCUMENT_RELATIONAL_EXCESS_NOT_EXECUTION_OR_CAUSAL
T1003.005,Cached Domain Credentials,T1559.002,Dynamic Data Exchange,A2_W0::2017->2018,0.008143254087762,0.0019950972515016,0.0,0.0061481568362603,0.9999999998373496,0,1,67,CO_DOCUMENT_RELATIONAL_EXCESS_NOT_EXECUTION_OR_CAUSAL
T1053.005,Scheduled Task,T1204.002,Malicious File,A2_W0::2017->2018,0.0350236752540405,0.0371308413960114,0.0061144698596318,0.0,-0.9999999998364536,13,11,68,CO_DOCUMENT_RELATIONAL_EXCESS_NOT_EXECUTION_OR_CAUSAL
T1003.005,Cached Domain Credentials,T1552,Unsecured Credentials,A2_W0::2017->2018,0.008143254087762,0.0020358135219405,0.0,0.0061074405658215,0.9999999998362652,0,1,69,CO_DOCUMENT_RELATIONAL_EXCESS_NOT_EXECUTION_OR_CAUSAL
T1218.003,CMSTP,T1559.002,Dynamic Data Exchange,A2_W0::2017->2018,0.008143254087762,0.0020358135219405,0.0,0.0061074405658215,0.9999999998362652,0,1,70,CO_DOCUMENT_RELATIONAL_EXCESS_NOT_EXECUTION_OR_CAUSAL
T1007,System Service Discovery,T1053.005,Scheduled Task,A2_W0::2017->2018,0.0229348206737557,0.0168640247513291,0.0,0.0060707959224265,0.9999999998352768,6,7,71,CO_DOCUMENT_RELATIONAL_EXCESS_NOT_EXECUTION_OR_CAUSAL
T1027,Obfuscated Files or Information,T1041,Exfiltration Over C2 Channel,A2_W0::2017->2018,0.0117707036359469,0.0057039793405642,0.0,0.0060667242953827,0.9999999998351664,1,3,72,CO_DOCUMENT_RELATIONAL_EXCESS_NOT_EXECUTION_OR_CAUSAL
T1218.005,Mshta,T1562.001,Disable or Modify Tools,A2_W0::2017->2018,0.0097719049053144,0.0037133238640194,0.0,0.0060585810412949,0.9999999998349448,0,2,73,CO_DOCUMENT_RELATIONAL_EXCESS_NOT_EXECUTION_OR_CAUSAL
T1548,Abuse Elevation Control Mechanism,T1573.001,Symmetric Cryptography,A2_W0::2017->2018,0.009500463102389,0.0034608829872988,0.0,0.0060395801150901,0.9999999998344256,0,2,74,CO_DOCUMENT_RELATIONAL_EXCESS_NOT_EXECUTION_OR_CAUSAL
T1116,Code Signing,T1608,Stage Capabilities,A2_W0::2017->2018,0.0,0.0,0.0060374989732507,0.0,-0.9999999998343684,1,0,75,CO_DOCUMENT_RELATIONAL_EXCESS_NOT_EXECUTION_OR_CAUSAL
T1005,Data from Local System,T1050,New Service,A2_W0::2017->2018,0.014655845684531,0.0151878716182648,0.0060367003622754,0.0,-0.9999999998343464,7,6,76,CO_DOCUMENT_RELATIONAL_EXCESS_NOT_EXECUTION_OR_CAUSAL
T1033,System Owner/User Discovery,T1556.006,Multi-Factor Authentication,A2_W0::2017->2018,0.010857672117016,0.0048316640920721,0.0,0.0060260080249439,0.9999999998340526,0,2,77,CO_DOCUMENT_RELATIONAL_EXCESS_NOT_EXECUTION_OR_CAUSAL
T1056,Input Capture,T1562,Impair Defenses,A2_W0::2017->2018,0.0098136651826875,0.0037876571577436,0.0,0.0060260080249439,0.9999999998340526,2,3,78,CO_DOCUMENT_RELATIONAL_EXCESS_NOT_EXECUTION_OR_CAUSAL
T1050,New Service,T1113,Screen Capture,A2_W0::2017->2018,0.0125079148961647,0.0132815240345022,0.0060107011383018,0.0,-0.99999999983363,5,4,79,CO_DOCUMENT_RELATIONAL_EXCESS_NOT_EXECUTION_OR_CAUSAL
T1056.001,Keylogging,T1573,Encrypted Channel,A2_W0::2017->2018,0.0193141282850766,0.0133088749824018,0.0,0.0060052533026747,0.9999999998334792,3,5,80,CO_DOCUMENT_RELATIONAL_EXCESS_NOT_EXECUTION_OR_CAUSAL
T1057,Process Discovery,T1555.003,Credentials from Web Browsers,A2_W0::2017->2018,0.010857672117016,0.004867290828706,0.0,0.0059903812883099,0.9999999998330656,0,2,81,CO_DOCUMENT_RELATIONAL_EXCESS_NOT_EXECUTION_OR_CAUSAL
T1003.005,Cached Domain Credentials,T1090.002,External Proxy,A2_W0::2017->2018,0.008143254087762,0.0021986786036957,0.0,0.0059445754840662,0.9999999998317792,0,1,82,CO_DOCUMENT_RELATIONAL_EXCESS_NOT_EXECUTION_OR_CAUSAL
T1033,System Owner/User Discovery,T1552,Unsecured Credentials,A2_W0::2017->2018,0.008143254087762,0.0021986786036957,0.0,0.0059445754840662,0.9999999998317792,0,1,83,CO_DOCUMENT_RELATIONAL_EXCESS_NOT_EXECUTION_OR_CAUSAL
T1036.005,Match Legitimate Resource Name or Location,T1552,Unsecured Credentials,A2_W0::2017->2018,0.008143254087762,0.0021986786036957,0.0,0.0059445754840662,0.9999999998317792,0,1,84,CO_DOCUMENT_RELATIONAL_EXCESS_NOT_EXECUTION_OR_CAUSAL
T1003,OS Credential Dumping,T1547,Boot or Logon Autostart Execution,A2_W0::2017->2018,0.0084564561680605,0.0025390248642868,0.0,0.0059174313037737,0.9999999998310076,2,3,85,CO_DOCUMENT_RELATIONAL_EXCESS_NOT_EXECUTION_OR_CAUSAL
T1027.004,Compile After Delivery,T1552,Unsecured Credentials,A2_W0::2017->2018,0.008143254087762,0.0022393948741345,0.0,0.0059038592136274,0.9999999998306192,0,1,86,CO_DOCUMENT_RELATIONAL_EXCESS_NOT_EXECUTION_OR_CAUSAL
T1049,System Network Connections Discovery,T1559.002,Dynamic Data Exchange,A2_W0::2017->2018,0.008143254087762,0.0022393948741345,0.0,0.0059038592136274,0.9999999998306192,0,1,87,CO_DOCUMENT_RELATIONAL_EXCESS_NOT_EXECUTION_OR_CAUSAL
T1049,System Network Connections Discovery,T1562.001,Disable or Modify Tools,A2_W0::2017->2018,0.008143254087762,0.0022393948741345,0.0,0.0059038592136274,0.9999999998306192,0,1,88,CO_DOCUMENT_RELATIONAL_EXCESS_NOT_EXECUTION_OR_CAUSAL
T1518.001,Security Software Discovery,T1552,Unsecured Credentials,A2_W0::2017->2018,0.008143254087762,0.0022393948741345,0.0,0.0059038592136274,0.9999999998306192,0,1,89,CO_DOCUMENT_RELATIONAL_EXCESS_NOT_EXECUTION_OR_CAUSAL
T1552,Unsecured Credentials,T1560.001,Archive via Utility,A2_W0::2017->2018,0.008143254087762,0.0022393948741345,0.0,0.0059038592136274,0.9999999998306192,0,1,90,CO_DOCUMENT_RELATIONAL_EXCESS_NOT_EXECUTION_OR_CAUSAL
T1057,Process Discovery,T1107,File Deletion,A2_W0::2017->2018,0.0069799320752246,0.0091582525437009,0.005885078364251,0.0,-0.9999999998300788,3,3,91,CO_DOCUMENT_RELATIONAL_EXCESS_NOT_EXECUTION_OR_CAUSAL
T1047,Windows Management Instrumentation,T1559.002,Dynamic Data Exchange,A2_W0::2017->2018,0.008143254087762,0.0022801111445733,0.0,0.0058631429431886,0.999999999829443,0,1,92,CO_DOCUMENT_RELATIONAL_EXCESS_NOT_EXECUTION_OR_CAUSAL
T1090.002,External Proxy,T1218.003,CMSTP,A2_W0::2017->2018,0.008143254087762,0.0022801111445733,0.0,0.0058631429431886,0.999999999829443,0,1,93,CO_DOCUMENT_RELATIONAL_EXCESS_NOT_EXECUTION_OR_CAUSAL
T1218.011,Rundll32,T1559.002,Dynamic Data Exchange,A2_W0::2017->2018,0.008143254087762,0.0022801111445733,0.0,0.0058631429431886,0.999999999829443,0,1,94,CO_DOCUMENT_RELATIONAL_EXCESS_NOT_EXECUTION_OR_CAUSAL
T1480,Execution Guardrails,T1559.002,Dynamic Data Exchange,A2_W0::2017->2018,0.008143254087762,0.0022801111445733,0.0,0.0058631429431886,0.999999999829443,0,1,95,CO_DOCUMENT_RELATIONAL_EXCESS_NOT_EXECUTION_OR_CAUSAL
T1053,Scheduled Task/Job,T1116,Code Signing,A2_W0::2017->2018,0.0033930225365675,0.0056405606647898,0.0058479619684467,0.0,-0.9999999998290002,3,2,96,CO_DOCUMENT_RELATIONAL_EXCESS_NOT_EXECUTION_OR_CAUSAL
T1041,Exfiltration Over C2 Channel,T1518,Software Discovery,A2_W0::2017->2018,0.0125638777354042,0.0067170213003911,0.0,0.0058468564350131,0.9999999998289678,1,3,97,CO_DOCUMENT_RELATIONAL_EXCESS_NOT_EXECUTION_OR_CAUSAL
T1003,OS Credential Dumping,T1556.006,Multi-Factor Authentication,A2_W0::2017->2018,0.0165997102558226,0.0107772835830727,0.0,0.0058224266727498,0.9999999998282504,1,4,98,CO_DOCUMENT_RELATIONAL_EXCESS_NOT_EXECUTION_OR_CAUSAL
T1082,System Information Discovery,T1552,Unsecured Credentials,A2_W0::2017->2018,0.008143254087762,0.0023208274150121,0.0,0.0058224266727498,0.9999999998282504,0,1,99,CO_DOCUMENT_RELATIONAL_EXCESS_NOT_EXECUTION_OR_CAUSAL
T1140,Deobfuscate/Decode Files or Information,T1480,Execution Guardrails,A2_W0::2017->2018,0.010368739676964,0.0045521296142769,0.0,0.0058166100626871,0.9999999998280784,2,3,100,CO_DOCUMENT_RELATIONAL_EXCESS_NOT_EXECUTION_OR_CAUSAL
T1043,Commonly Used Port,T1071,Application Layer Protocol,A2_W0::2018->2019,0.0472698418163059,0.0326206834172659,0.0,0.01464915839904,0.9999999999317368,9,11,1,CO_DOCUMENT_RELATIONAL_EXCESS_NOT_EXECUTION_OR_CAUSAL
T1033,System Owner/User Discovery,T1069,Permission Groups Discovery,A2_W0::2018->2019,0.0250470747873242,0.0124030212727502,0.0,0.0126440535145739,0.9999999999209114,4,7,2,CO_DOCUMENT_RELATIONAL_EXCESS_NOT_EXECUTION_OR_CAUSAL
T1556.006,Multi-Factor Authentication,T1562,Impair Defenses,A2_W0::2018->2019,0.0017501025661197,0.0026218724068682,0.0119027230582788,0.0,-0.9999999999159856,4,1,3,CO_DOCUMENT_RELATIONAL_EXCESS_NOT_EXECUTION_OR_CAUSAL
T1047,Windows Management Instrumentation,T1083,File and Directory Discovery,A2_W0::2018->2019,0.0236251164523519,0.0118892203277136,0.0,0.0117358961246383,0.9999999999147912,3,5,4,CO_DOCUMENT_RELATIONAL_EXCESS_NOT_EXECUTION_OR_CAUSAL
T1003,OS Credential Dumping,T1555,Credentials from Password Stores,A2_W0::2018->2019,0.0027612729376556,0.0030821250747776,0.0116804800821336,0.0,-0.999999999914387,5,3,5,CO_DOCUMENT_RELATIONAL_EXCESS_NOT_EXECUTION_OR_CAUSAL
T1033,System Owner/User Discovery,T1087,Account Discovery,A2_W0::2018->2019,0.022108360895048,0.0105108687150137,0.0,0.0115974921800343,0.9999999999137744,3,5,6,CO_DOCUMENT_RELATIONAL_EXCESS_NOT_EXECUTION_OR_CAUSAL
T1018,Remote System Discovery,T1069,Permission Groups Discovery,A2_W0::2018->2019,0.0227719414513685,0.0113109572714915,0.0,0.011460984179877,0.9999999999127476,3,6,7,CO_DOCUMENT_RELATIONAL_EXCESS_NOT_EXECUTION_OR_CAUSAL
T1113,Screen Capture,T1518,Software Discovery,A2_W0::2018->2019,0.0107391710441243,0.0110081243063391,0.0113410324132253,0.0,-0.9999999999118244,7,4,8,CO_DOCUMENT_RELATIONAL_EXCESS_NOT_EXECUTION_OR_CAUSAL
T1018,Remote System Discovery,T1087,Account Discovery,A2_W0::2018->2019,0.0198332275590923,0.0085618378238783,0.0,0.011271389735214,0.9999999999112796,2,4,9,CO_DOCUMENT_RELATIONAL_EXCESS_NOT_EXECUTION_OR_CAUSAL
T1047,Windows Management Instrumentation,T1089,Disabling Security Tools,A2_W0::2018->2019,0.0227719414513685,0.0119271392166461,0.0,0.0108448022347223,0.99999999990779,4,5,10,CO_DOCUMENT_RELATIONAL_EXCESS_NOT_EXECUTION_OR_CAUSAL
T1016,System Network Configuration Discovery,T1082,System Information Discovery,A2_W0::2018->2019,0.005633663498557,0.0056645403081164,0.0103276819968041,0.0,-0.9999999999031728,6,4,11,CO_DOCUMENT_RELATIONAL_EXCESS_NOT_EXECUTION_OR_CAUSAL
T1547.001,Registry Run Keys / Startup Folder,T1562,Impair Defenses,A2_W0::2018->2019,0.0,0.0006699003711425,0.0101926396998488,0.0,-0.99999999990189,3,0,12,CO_DOCUMENT_RELATIONAL_EXCESS_NOT_EXECUTION_OR_CAUSAL
T1043,Commonly Used Port,T1518,Software Discovery,A2_W0::2018->2019,0.0239095081193463,0.0137513086235107,0.0,0.0101581994958356,0.9999999999015572,5,5,13,CO_DOCUMENT_RELATIONAL_EXCESS_NOT_EXECUTION_OR_CAUSAL
T1069,Permission Groups Discovery,T1083,File and Directory Discovery,A2_W0::2018->2019,0.0198332275590923,0.0097562828252551,0.0,0.0100769447338372,0.9999999999007636,2,4,14,CO_DOCUMENT_RELATIONAL_EXCESS_NOT_EXECUTION_OR_CAUSAL
T1140,Deobfuscate/Decode Files or Information,T1518,Software Discovery,A2_W0::2018->2019,0.0169622259684815,0.0180223297633542,0.0097149021267,0.0,-0.9999999998970652,7,7,15,CO_DOCUMENT_RELATIONAL_EXCESS_NOT_EXECUTION_OR_CAUSAL
T1134,Access Token Manipulation,T1134.002,Create Process with Token,A2_W0::2018->2019,0.0113756666797786,0.0019338633355623,0.0,0.0094418033442162,0.999999999894088,0,2,16,CO_DOCUMENT_RELATIONAL_EXCESS_NOT_EXECUTION_OR_CAUSAL
T1038,DLL Search Order Hijacking,T1071,Application Layer Protocol,A2_W0::2018->2019,0.0211287895976227,0.0117811514942556,0.0,0.009347638103367,0.999999999893021,5,7,17,CO_DOCUMENT_RELATIONAL_EXCESS_NOT_EXECUTION_OR_CAUSAL
T1132,Data Encoding,T1219,Remote Access Tools,A2_W0::2018->2019,0.0167997164444847,0.0074830454337459,0.0,0.0093166710107387,0.9999999998926656,6,4,18,CO_DOCUMENT_RELATIONAL_EXCESS_NOT_EXECUTION_OR_CAUSAL
T1027,Obfuscated Files or Information,T1566.001,Spearphishing Attachment,A2_W0::2018->2019,0.0003791888893259,0.002616403336349,0.0092697375699024,0.0,-0.999999999892122,2,1,19,CO_DOCUMENT_RELATIONAL_EXCESS_NOT_EXECUTION_OR_CAUSAL
T1218.005,Mshta,T1547.001,Registry Run Keys / Startup Folder,A2_W0::2018->2019,0.0,0.0002338331484176,0.0091557320126737,0.0,-0.9999999998907788,3,0,20,CO_DOCUMENT_RELATIONAL_EXCESS_NOT_EXECUTION_OR_CAUSAL
T1018,Remote System Discovery,T1083,File and Directory Discovery,A2_W0::2018->2019,0.0198332275590923,0.0107326942152694,0.0,0.0091005333438229,0.9999999998901162,2,4,21,CO_DOCUMENT_RELATIONAL_EXCESS_NOT_EXECUTION_OR_CAUSAL
T1022,Data Encrypted,T1112,Modify Registry,A2_W0::2018->2019,0.0334600678373144,0.0244798887691695,0.0,0.0089801790681449,0.9999999998886436,13,11,22,CO_DOCUMENT_RELATIONAL_EXCESS_NOT_EXECUTION_OR_CAUSAL
T1005,Data from Local System,T1132,Data Encoding,A2_W0::2018->2019,0.0178108868160205,0.0088557092131059,0.0,0.0089551776029146,0.9999999998883328,7,5,23,CO_DOCUMENT_RELATIONAL_EXCESS_NOT_EXECUTION_OR_CAUSAL
T1003,OS Credential Dumping,T1134.002,Create Process with Token,A2_W0::2018->2019,0.0113756666797786,0.0024647277806187,0.0,0.0089109388991599,0.9999999998877784,0,2,24,CO_DOCUMENT_RELATIONAL_EXCESS_NOT_EXECUTION_OR_CAUSAL
T1047,Windows Management Instrumentation,T1497,Virtualization/Sandbox Evasion,A2_W0::2018->2019,0.0184344136964618,0.0096282726057254,0.0,0.0088061410907363,0.9999999998864428,1,4,25,CO_DOCUMENT_RELATIONAL_EXCESS_NOT_EXECUTION_OR_CAUSAL
T1218.005,Mshta,T1560,Archive Collected Data,A2_W0::2018->2019,0.0,0.0002654322225281,0.0087675702344904,0.0,-0.9999999998859432,2,0,26,CO_DOCUMENT_RELATIONAL_EXCESS_NOT_EXECUTION_OR_CAUSAL
T1071.001,Web Protocols,T1556.006,Multi-Factor Authentication,A2_W0::2018->2019,0.0,0.0036117741708297,0.0086997097837591,0.0,-0.9999999998850536,2,0,27,CO_DOCUMENT_RELATIONAL_EXCESS_NOT_EXECUTION_OR_CAUSAL
T1027,Obfuscated Files or Information,T1104,Multi-Stage Channels,A2_W0::2018->2019,0.0073199942113358,0.0074375427670268,0.0085799360882182,0.0,-0.999999999883449,5,2,28,CO_DOCUMENT_RELATIONAL_EXCESS_NOT_EXECUTION_OR_CAUSAL
T1022,Data Encrypted,T1105,Ingress Tool Transfer,A2_W0::2018->2019,0.0177627834259574,0.0092276847350228,0.0,0.0085350986909345,0.9999999998828368,6,6,29,CO_DOCUMENT_RELATIONAL_EXCESS_NOT_EXECUTION_OR_CAUSAL
T1053,Scheduled Task/Job,T1566.001,Spearphishing Attachment,A2_W0::2018->2019,0.0003791888893259,0.0003791888893259,0.008422451370771,9.75781955236954e-19,-0.9999999998812692,2,1,30,CO_DOCUMENT_RELATIONAL_EXCESS_NOT_EXECUTION_OR_CAUSAL
T1082,System Information Discovery,T1218.005,Mshta,A2_W0::2018->2019,0.0,0.0,0.0083658363661608,0.0,-0.9999999998804662,3,0,31,CO_DOCUMENT_RELATIONAL_EXCESS_NOT_EXECUTION_OR_CAUSAL
T1140,Deobfuscate/Decode Files or Information,T1562.001,Disable or Modify Tools,A2_W0::2018->2019,0.0003791888893259,0.0003791888893259,0.0083183340506489,9.75781955236954e-19,-0.9999999998797832,3,1,32,CO_DOCUMENT_RELATIONAL_EXCESS_NOT_EXECUTION_OR_CAUSAL
T1027,Obfuscated Files or Information,T1050,New Service,A2_W0::2018->2019,0.0172363581958297,0.0089207458529115,0.0,0.0083156123429181,0.9999999998797442,3,6,33,CO_DOCUMENT_RELATIONAL_EXCESS_NOT_EXECUTION_OR_CAUSAL
T1518,Software Discovery,T1566.001,Spearphishing Attachment,A2_W0::2018->2019,0.0003791888893259,0.0023888900027535,0.0082673417690993,0.0,-0.999999999879042,2,1,34,CO_DOCUMENT_RELATIONAL_EXCESS_NOT_EXECUTION_OR_CAUSAL
T1057,Process Discovery,T1071.001,Web Protocols,A2_W0::2018->2019,0.0029793412732753,0.0042667778356058,0.0082301154646981,0.0,-0.999999999878495,4,2,35,CO_DOCUMENT_RELATIONAL_EXCESS_NOT_EXECUTION_OR_CAUSAL
T1071.001,Web Protocols,T1566.001,Spearphishing Attachment,A2_W0::2018->2019,0.0,0.0,0.0082219722106104,0.0,-0.9999999998783746,3,0,36,CO_DOCUMENT_RELATIONAL_EXCESS_NOT_EXECUTION_OR_CAUSAL
T1003,OS Credential Dumping,T1134,Access Token Manipulation,A2_W0::2018->2019,0.0196655464540136,0.0114562913543452,0.0,0.0082092550996683,0.9999999998781862,4,7,37,CO_DOCUMENT_RELATIONAL_EXCESS_NOT_EXECUTION_OR_CAUSAL
T1027,Obfuscated Files or Information,T1204.002,Malicious File,A2_W0::2018->2019,0.0065616164326839,0.0077560614340606,0.0081907564032739,0.0,-0.9999999998779112,6,3,38,CO_DOCUMENT_RELATIONAL_EXCESS_NOT_EXECUTION_OR_CAUSAL
T1547.001,Registry Run Keys / Startup Folder,T1562.001,Disable or Modify Tools,A2_W0::2018->2019,0.0,0.0,0.0080821796821038,0.0,-0.999999999876271,3,0,39,CO_DOCUMENT_RELATIONAL_EXCESS_NOT_EXECUTION_OR_CAUSAL
T1049,System Network Connections Discovery,T1204,User Execution,A2_W0::2018->2019,0.0146279982601633,0.0065685107761262,0.0,0.0080594874840371,0.9999999998759226,3,3,40,CO_DOCUMENT_RELATIONAL_EXCESS_NOT_EXECUTION_OR_CAUSAL
T1089,Disabling Security Tools,T1112,Modify Registry,A2_W0::2018->2019,0.0258054525659761,0.0177495846122462,0.0,0.0080558679537299,0.9999999998758669,7,6,41,CO_DOCUMENT_RELATIONAL_EXCESS_NOT_EXECUTION_OR_CAUSAL
T1056,Input Capture,T1106,Native API,A2_W0::2018->2019,0.0113756666797786,0.0033334150543472,0.0,0.0080422516254314,0.9999999998756568,1,2,42,CO_DOCUMENT_RELATIONAL_EXCESS_NOT_EXECUTION_OR_CAUSAL
T1071,Application Layer Protocol,T1566.001,Spearphishing Attachment,A2_W0::2018->2019,0.0003791888893259,0.0019717822244949,0.0080346773665918,0.0,-0.9999999998755394,2,1,43,CO_DOCUMENT_RELATIONAL_EXCESS_NOT_EXECUTION_OR_CAUSAL
T1005,Data from Local System,T1060,Registry Run Keys / Startup Folder,A2_W0::2018->2019,0.0035752095279304,0.0070926378917731,0.0079573164527581,0.0,-0.9999999998743294,7,2,44,CO_DOCUMENT_RELATIONAL_EXCESS_NOT_EXECUTION_OR_CAUSAL
T1112,Modify Registry,T1119,Automated Collection,A2_W0::2018->2019,0.0174632970008051,0.0095098100471931,0.0,0.0079534869536119,0.9999999998742688,6,5,45,CO_DOCUMENT_RELATIONAL_EXCESS_NOT_EXECUTION_OR_CAUSAL
T1070.004,File Deletion,T1548,Abuse Elevation Control Mechanism,A2_W0::2018->2019,0.0003791888893259,0.0003791888893259,0.0079532448257142,9.75781955236954e-19,-0.9999999998742648,2,1,46,CO_DOCUMENT_RELATIONAL_EXCESS_NOT_EXECUTION_OR_CAUSAL
T1055,Process Injection,T1071.001,Web Protocols,A2_W0::2018->2019,0.0139035926086183,0.0059564254698285,0.0,0.0079471671387898,0.999999999874169,1,5,47,CO_DOCUMENT_RELATIONAL_EXCESS_NOT_EXECUTION_OR_CAUSAL
T1047,Windows Management Instrumentation,T1219,Remote Access Tools,A2_W0::2018->2019,0.0223733069779745,0.0144271121183881,0.0,0.0079461948595864,0.9999999998741536,6,7,48,CO_DOCUMENT_RELATIONAL_EXCESS_NOT_EXECUTION_OR_CAUSAL
T1012,Query Registry,T1049,System Network Connections Discovery,A2_W0::2018->2019,0.0162941312587167,0.0083539159162312,0.0,0.0079402153424855,0.9999999998740589,3,6,49,CO_DOCUMENT_RELATIONAL_EXCESS_NOT_EXECUTION_OR_CAUSAL
T1112,Modify Registry,T1143,Hidden Window,A2_W0::2018->2019,0.0030335111146076,0.0035037053373718,0.007931141707476,0.0,-0.9999999998739147,3,1,50,CO_DOCUMENT_RELATIONAL_EXCESS_NOT_EXECUTION_OR_CAUSAL
T1132.001,Standard Encoding,T1547.001,Registry Run Keys / Startup Folder,A2_W0::2018->2019,0.0,0.0004550266671911,0.0079233862273924,0.0,-0.9999999998737912,3,0,51,CO_DOCUMENT_RELATIONAL_EXCESS_NOT_EXECUTION_OR_CAUSAL
T1027,Obfuscated Files or Information,T1113,Screen Capture,A2_W0::2018->2019,0.0105617300895039,0.0146095298139497,0.0078992957673828,0.0,-0.9999999998734064,6,4,52,CO_DOCUMENT_RELATIONAL_EXCESS_NOT_EXECUTION_OR_CAUSAL
T1053,Scheduled Task/Job,T1132.001,Standard Encoding,A2_W0::2018->2019,0.0,0.001087008149401,0.0078948848380852,0.0,-0.9999999998733357,3,0,53,CO_DOCUMENT_RELATIONAL_EXCESS_NOT_EXECUTION_OR_CAUSAL
T1060,Registry Run Keys / Startup Folder,T1204,User Execution,A2_W0::2018->2019,0.0030335111146076,0.0081234899723263,0.0078632812567446,0.0,-0.9999999998728266,4,1,54,CO_DOCUMENT_RELATIONAL_EXCESS_NOT_EXECUTION_OR_CAUSAL
T1132.001,Standard Encoding,T1562.001,Disable or Modify Tools,A2_W0::2018->2019,0.0,0.0,0.0078623118217342,0.0,-0.9999999998728109,3,0,55,CO_DOCUMENT_RELATIONAL_EXCESS_NOT_EXECUTION_OR_CAUSAL
T1012,Query Registry,T1033,System Owner/User Discovery,A2_W0::2018->2019,0.0222302430380457,0.0144138057830044,0.0,0.0078164372550412,0.9999999998720644,5,8,56,CO_DOCUMENT_RELATIONAL_EXCESS_NOT_EXECUTION_OR_CAUSAL
T1057,Process Discovery,T1566.001,Spearphishing Attachment,A2_W0::2018->2019,0.0003791888893259,0.002616403336349,0.0077748687837918,0.0,-0.9999999998713804,3,1,57,CO_DOCUMENT_RELATIONAL_EXCESS_NOT_EXECUTION_OR_CAUSAL
T1113,Screen Capture,T1566.001,Spearphishing Attachment,A2_W0::2018->2019,0.0,0.0013271611126408,0.0077748687837918,0.0,-0.9999999998713804,2,0,58,CO_DOCUMENT_RELATIONAL_EXCESS_NOT_EXECUTION_OR_CAUSAL
T1140,Deobfuscate/Decode Files or Information,T1220,XSL Script Processing,A2_W0::2018->2019,0.0169261127409267,0.0091527405097446,7.806255641895632e-18,0.007773372231182,0.9999999998713536,2,3,59,CO_DOCUMENT_RELATIONAL_EXCESS_NOT_EXECUTION_OR_CAUSAL
T1057,Process Discovery,T1132,Data Encoding,A2_W0::2018->2019,0.0166101219998217,0.0088552577977615,0.0,0.0077548642020602,0.9999999998710486,4,4,60,CO_DOCUMENT_RELATIONAL_EXCESS_NOT_EXECUTION_OR_CAUSAL
T1094,Custom Command and Control Protocol,T1132,Data Encoding,A2_W0::2018->2019,0.0131342238476671,0.0054114101350618,5.377642775528102e-17,0.0077228137126052,0.9999999998704996,4,3,61,CO_DOCUMENT_RELATIONAL_EXCESS_NOT_EXECUTION_OR_CAUSAL
T1003.001,LSASS Memory,T1047,Windows Management Instrumentation,A2_W0::2018->2019,0.0052891988664953,0.0085856073328508,0.007630229080233,0.0,-0.9999999998689424,6,4,62,CO_DOCUMENT_RELATIONAL_EXCESS_NOT_EXECUTION_OR_CAUSAL
T1556.006,Multi-Factor Authentication,T1562.004,Disable or Modify System Firewall,A2_W0::2018->2019,0.0017501025661197,0.0019542811988337,0.0076275146622037,0.0,-0.9999999998688957,3,1,63,CO_DOCUMENT_RELATIONAL_EXCESS_NOT_EXECUTION_OR_CAUSAL
T1176.001,Browser Extensions,T1593.002,Search Engines,A2_W0::2018->2019,0.008342155565171,0.000716667000826,0.0,0.0076254885643449,0.9999999998688608,0,2,64,CO_DOCUMENT_RELATIONAL_EXCESS_NOT_EXECUTION_OR_CAUSAL
T1049,System Network Connections Discovery,T1056,Input Capture,A2_W0::2018->2019,0.0153174326043923,0.007706077444104,0.0,0.0076113551602882,0.9999999998686172,4,4,65,CO_DOCUMENT_RELATIONAL_EXCESS_NOT_EXECUTION_OR_CAUSAL
T1218.005,Mshta,T1556.006,Multi-Factor Authentication,A2_W0::2018->2019,0.0,0.0,0.0075732263016187,0.0,-0.9999999998679558,2,0,66,CO_DOCUMENT_RELATIONAL_EXCESS_NOT_EXECUTION_OR_CAUSAL
T1547.001,Registry Run Keys / Startup Folder,T1548,Abuse Elevation Control Mechanism,A2_W0::2018->2019,0.0,0.0,0.0075121518959604,0.0,-0.9999999998668824,2,0,67,CO_DOCUMENT_RELATIONAL_EXCESS_NOT_EXECUTION_OR_CAUSAL
T1082,System Information Discovery,T1547.001,Registry Run Keys / Startup Folder,A2_W0::2018->2019,0.0,0.0,0.0075080802689166,0.0,-0.99999999986681,3,0,68,CO_DOCUMENT_RELATIONAL_EXCESS_NOT_EXECUTION_OR_CAUSAL
T1218.005,Mshta,T1562,Impair Defenses,A2_W0::2018->2019,0.0,0.0,0.0075053658508873,0.0,-0.999999999866762,2,0,69,CO_DOCUMENT_RELATIONAL_EXCESS_NOT_EXECUTION_OR_CAUSAL
T1104,Multi-Stage Channels,T1566.001,Spearphishing Attachment,A2_W0::2018->2019,0.0,0.0,0.0074782216705948,0.0,-0.9999999998662784,3,0,70,CO_DOCUMENT_RELATIONAL_EXCESS_NOT_EXECUTION_OR_CAUSAL
T1049,System Network Connections Discovery,T1555.003,Credentials from Web Browsers,A2_W0::2018->2019,0.0003791888893259,0.0006920197230198,0.0074375054001559,0.0,-0.9999999998655462,2,1,71,CO_DOCUMENT_RELATIONAL_EXCESS_NOT_EXECUTION_OR_CAUSAL
T1119,Automated Collection,T1132,Data Encoding,A2_W0::2018->2019,0.013766205329877,0.0063530625435546,0.0,0.0074131427863224,0.9999999998651043,5,3,72,CO_DOCUMENT_RELATIONAL_EXCESS_NOT_EXECUTION_OR_CAUSAL
T1073,DLL Side-Loading,T1081,Credentials in Files,A2_W0::2018->2019,0.0075837777865191,0.0002275133335955,2.1684043449710093e-18,0.0073562644529235,0.9999999998640606,2,1,73,CO_DOCUMENT_RELATIONAL_EXCESS_NOT_EXECUTION_OR_CAUSAL
T1003.001,LSASS Memory,T1033,System Owner/User Discovery,A2_W0::2018->2019,0.0055253238158924,0.006476004531274,0.0073526798367418,0.0,-0.9999999998639952,3,3,74,CO_DOCUMENT_RELATIONAL_EXCESS_NOT_EXECUTION_OR_CAUSAL
T1043,Commonly Used Port,T1085,Rundll32,A2_W0::2018->2019,0.0,0.0,0.0073105094137873,0.0,-0.9999999998632104,3,0,75,CO_DOCUMENT_RELATIONAL_EXCESS_NOT_EXECUTION_OR_CAUSAL
T1071.001,Web Protocols,T1518,Software Discovery,A2_W0::2018->2019,0.0010833968266455,0.0013704969857066,0.0073085705437664,0.0,-0.9999999998631742,2,1,76,CO_DOCUMENT_RELATIONAL_EXCESS_NOT_EXECUTION_OR_CAUSAL
T1070.004,File Deletion,T1562,Impair Defenses,A2_W0::2018->2019,0.0003791888893259,0.0003791888893259,0.0073085705437664,9.75781955236954e-19,-0.999999999863174,2,1,77,CO_DOCUMENT_RELATIONAL_EXCESS_NOT_EXECUTION_OR_CAUSAL
T1218.002,Control Panel,T1555.004,Windows Credential Manager,A2_W0::2018->2019,0.0,0.0,0.0072800691544592,0.0,-0.9999999998626388,2,0,78,CO_DOCUMENT_RELATIONAL_EXCESS_NOT_EXECUTION_OR_CAUSAL
T1049,System Network Connections Discovery,T1497,Virtualization/Sandbox Evasion,A2_W0::2018->2019,0.0091005333438229,0.0018656093354836,0.0,0.0072349240083392,0.9999999998617816,0,2,79,CO_DOCUMENT_RELATIONAL_EXCESS_NOT_EXECUTION_OR_CAUSAL
T1059.005,Visual Basic,T1204.002,Malicious File,A2_W0::2018->2019,0.0094797222331488,0.0022637576692759,0.0,0.0072159645638729,0.9999999998614184,2,2,80,CO_DOCUMENT_RELATIONAL_EXCESS_NOT_EXECUTION_OR_CAUSAL
T1112,Modify Registry,T1219,Remote Access Tools,A2_W0::2018->2019,0.0203509662349028,0.0131425854488163,0.0,0.0072083807860864,0.9999999998612724,8,7,81,CO_DOCUMENT_RELATIONAL_EXCESS_NOT_EXECUTION_OR_CAUSAL
T1007,System Service Discovery,T1024,Custom Cryptographic Protocol,A2_W0::2018->2019,0.0118702608832472,0.0046656719860541,7.806255641895632e-18,0.0072045888971931,0.9999999998611974,2,2,82,CO_DOCUMENT_RELATIONAL_EXCESS_NOT_EXECUTION_OR_CAUSAL
T1027,Obfuscated Files or Information,T1140,Deobfuscate/Decode Files or Information,A2_W0::2018->2019,0.0169622259684815,0.0183849065680049,0.0071864217324499,0.0,-0.9999999998608486,6,7,83,CO_DOCUMENT_RELATIONAL_EXCESS_NOT_EXECUTION_OR_CAUSAL
T1050,New Service,T1087,Account Discovery,A2_W0::2018->2019,0.0152829608871808,0.0081011233233472,0.0,0.0071818375638336,0.9999999998607598,2,5,84,CO_DOCUMENT_RELATIONAL_EXCESS_NOT_EXECUTION_OR_CAUSAL
T1059.005,Visual Basic,T1555.004,Windows Credential Manager,A2_W0::2018->2019,0.0,0.0,0.0071579203431428,0.0,-0.9999999998602944,2,0,85,CO_DOCUMENT_RELATIONAL_EXCESS_NOT_EXECUTION_OR_CAUSAL
T1056.001,Keylogging,T1070.004,File Deletion,A2_W0::2018->2019,0.0,0.0,0.0071524915070843,0.0,-0.9999999998601884,2,0,86,CO_DOCUMENT_RELATIONAL_EXCESS_NOT_EXECUTION_OR_CAUSAL
T1071.001,Web Protocols,T1562,Impair Defenses,A2_W0::2018->2019,0.0,0.0004044681486143,0.0071490984845477,0.0,-0.999999999860122,2,0,87,CO_DOCUMENT_RELATIONAL_EXCESS_NOT_EXECUTION_OR_CAUSAL
T1049,System Network Connections Discovery,T1069,Permission Groups Discovery,A2_W0::2018->2019,0.013766205329877,0.0066203907105294,0.0,0.0071458146193476,0.9999999998600578,2,4,88,CO_DOCUMENT_RELATIONAL_EXCESS_NOT_EXECUTION_OR_CAUSAL
T1024,Custom Cryptographic Protocol,T1050,New Service,A2_W0::2018->2019,0.0118702608832472,0.0047415097639193,7.806255641895632e-18,0.0071287511193279,0.9999999998597208,2,2,89,CO_DOCUMENT_RELATIONAL_EXCESS_NOT_EXECUTION_OR_CAUSAL
T1059,Command and Scripting Interpreter,T1071,Application Layer Protocol,A2_W0::2018->2019,0.0162690090134612,0.0091651760211461,0.0,0.0071038329923151,0.9999999998592308,1,7,90,CO_DOCUMENT_RELATIONAL_EXCESS_NOT_EXECUTION_OR_CAUSAL
T1012,Query Registry,T1219,Remote Access Tools,A2_W0::2018->2019,0.0222469106815325,0.0151552520138143,0.0,0.0070916586677182,0.9999999998589892,7,8,91,CO_DOCUMENT_RELATIONAL_EXCESS_NOT_EXECUTION_OR_CAUSAL
T1055,Process Injection,T1081,Credentials in Files,A2_W0::2018->2019,0.0075837777865191,0.0004929455561237,2.1684043449710093e-18,0.0070908322303953,0.999999999858972,2,1,92,CO_DOCUMENT_RELATIONAL_EXCESS_NOT_EXECUTION_OR_CAUSAL
T1070,Indicator Removal,T1562,Impair Defenses,A2_W0::2018->2019,0.0003791888893259,0.0018912045855132,0.0070761485000115,0.0,-0.9999999998586802,3,1,93,CO_DOCUMENT_RELATIONAL_EXCESS_NOT_EXECUTION_OR_CAUSAL
T1056,Input Capture,T1192,Spearphishing Link,A2_W0::2018->2019,0.0103415151634351,0.0032782603068089,0.0,0.0070632548566262,0.999999999858422,1,2,94,CO_DOCUMENT_RELATIONAL_EXCESS_NOT_EXECUTION_OR_CAUSAL
T1059.005,Visual Basic,T1218.002,Control Panel,A2_W0::2018->2019,0.0006661426434104,0.0020068462163843,0.0070602012940897,0.0,-0.999999999858361,3,1,95,CO_DOCUMENT_RELATIONAL_EXCESS_NOT_EXECUTION_OR_CAUSAL
T1070.004,File Deletion,T1547.001,Registry Run Keys / Startup Folder,A2_W0::2018->2019,0.0,0.0,0.0070574868760604,0.0,-0.9999999998583065,2,0,96,CO_DOCUMENT_RELATIONAL_EXCESS_NOT_EXECUTION_OR_CAUSAL
T1056,Input Capture,T1219,Remote Access Tools,A2_W0::2018->2019,0.0199717773455768,0.0129175514271894,0.0,0.0070542259183873,0.999999999858241,8,6,97,CO_DOCUMENT_RELATIONAL_EXCESS_NOT_EXECUTION_OR_CAUSAL
T1113,Screen Capture,T1214,Credentials in Registry,A2_W0::2018->2019,0.0075837777865191,0.0005308644450563,0.0,0.0070529133414627,0.9999999998582144,0,1,98,CO_DOCUMENT_RELATIONAL_EXCESS_NOT_EXECUTION_OR_CAUSAL
T1071,Application Layer Protocol,T1124,System Time Discovery,A2_W0::2018->2019,0.014145394219203,0.0071019605999733,0.0,0.0070434336192296,0.9999999998580236,3,4,99,CO_DOCUMENT_RELATIONAL_EXCESS_NOT_EXECUTION_OR_CAUSAL
T1085,Rundll32,T1204,User Execution,A2_W0::2018->2019,0.0,0.0,0.0070322815657887,0.0,-0.9999999998577984,3,0,100,CO_DOCUMENT_RELATIONAL_EXCESS_NOT_EXECUTION_OR_CAUSAL
T1070.004,File Deletion,T1087,Account Discovery,A2_W0::2019->2020,0.0296718362958212,0.0091439229410154,0.0,0.0205279133548058,0.999999999951286,1,6,1,CO_DOCUMENT_RELATIONAL_EXCESS_NOT_EXECUTION_OR_CAUSAL
T1016,System Network Configuration Discovery,T1047,Windows Management Instrumentation,A2_W0::2019->2020,0.03340063709996,0.0136085852852906,0.0,0.0197920518146694,0.9999999999494747,4,8,2,CO_DOCUMENT_RELATIONAL_EXCESS_NOT_EXECUTION_OR_CAUSAL
T1204,User Execution,T1204.002,Malicious File,A2_W0::2019->2020,0.0392723582612191,0.0197818139479976,0.0,0.0194905443132214,0.9999999999486932,1,11,3,CO_DOCUMENT_RELATIONAL_EXCESS_NOT_EXECUTION_OR_CAUSAL
T1059.003,Windows Command Shell,T1087,Account Discovery,A2_W0::2019->2020,0.0292970341531371,0.0099797317192008,0.0,0.0193173024339363,0.999999999948233,1,6,4,CO_DOCUMENT_RELATIONAL_EXCESS_NOT_EXECUTION_OR_CAUSAL
T1016,System Network Configuration Discovery,T1124,System Time Discovery,A2_W0::2019->2020,0.0284224958202077,0.009552457276541,0.0,0.0188700385436666,0.999999999947006,2,5,5,CO_DOCUMENT_RELATIONAL_EXCESS_NOT_EXECUTION_OR_CAUSAL
T1033,System Owner/User Discovery,T1124,System Time Discovery,A2_W0::2019->2020,0.0295631979935939,0.0110004972069282,0.0,0.0185627007866657,0.9999999999461286,3,6,6,CO_DOCUMENT_RELATIONAL_EXCESS_NOT_EXECUTION_OR_CAUSAL
T1060,Registry Run Keys / Startup Folder,T1221,Template Injection,A2_W0::2019->2020,0.0218634583232367,0.0033232456651319,0.0,0.0185402126581047,0.9999999999460631,0,3,7,CO_DOCUMENT_RELATIONAL_EXCESS_NOT_EXECUTION_OR_CAUSAL
T1071,Application Layer Protocol,T1082,System Information Discovery,A2_W0::2019->2020,0.0397036781873237,0.0212391547396999,0.0,0.0184645234476238,0.9999999999458422,6,10,8,CO_DOCUMENT_RELATIONAL_EXCESS_NOT_EXECUTION_OR_CAUSAL
T1070.004,File Deletion,T1083,File and Directory Discovery,A2_W0::2019->2020,0.0279227596299623,0.0101696314714941,0.0,0.0177531281584682,0.999999999943672,1,5,9,CO_DOCUMENT_RELATIONAL_EXCESS_NOT_EXECUTION_OR_CAUSAL
T1047,Windows Management Instrumentation,T1070.004,File Deletion,A2_W0::2019->2020,0.0284224958202077,0.0107810795226006,0.0,0.0176414162976071,0.9999999999433152,1,5,10,CO_DOCUMENT_RELATIONAL_EXCESS_NOT_EXECUTION_OR_CAUSAL
T1083,File and Directory Discovery,T1124,System Time Discovery,A2_W0::2019->2020,0.027814121327735,0.0101921739192062,0.0,0.0176219474085287,0.9999999999432526,2,5,11,CO_DOCUMENT_RELATIONAL_EXCESS_NOT_EXECUTION_OR_CAUSAL
T1071,Application Layer Protocol,T1132,Data Encoding,A2_W0::2019->2020,0.0390373632669965,0.0217711655588987,0.0,0.0172661977080978,0.9999999999420834,3,9,12,CO_DOCUMENT_RELATIONAL_EXCESS_NOT_EXECUTION_OR_CAUSAL
T1047,Windows Management Instrumentation,T1059.001,PowerShell,A2_W0::2019->2020,0.0266958432141674,0.010001635220488,0.0,0.0166942079936794,0.999999999940099,2,7,13,CO_DOCUMENT_RELATIONAL_EXCESS_NOT_EXECUTION_OR_CAUSAL
T1039,Data from Network Shared Drive,T1572,Protocol Tunneling,A2_W0::2019->2020,0.0205516508238425,0.004087009142557,0.0,0.0164646416812854,0.999999999939264,1,4,14,CO_DOCUMENT_RELATIONAL_EXCESS_NOT_EXECUTION_OR_CAUSAL
T1059.001,PowerShell,T1572,Protocol Tunneling,A2_W0::2019->2020,0.0208431636014856,0.0045483281131773,9.75781955236954e-19,0.0162948354883083,0.999999999938631,1,4,15,CO_DOCUMENT_RELATIONAL_EXCESS_NOT_EXECUTION_OR_CAUSAL
T1057,Process Discovery,T1071.001,Web Protocols,A2_W0::2019->2020,0.0313584459378995,0.0152783928996904,0.0,0.016080053038209,0.9999999999378112,2,7,16,CO_DOCUMENT_RELATIONAL_EXCESS_NOT_EXECUTION_OR_CAUSAL
T1059.001,PowerShell,T1059.003,Windows Command Shell,A2_W0::2019->2020,0.0243413169332035,0.0084891644200876,9.75781955236954e-19,0.0158521525131159,0.9999999999369172,1,6,17,CO_DOCUMENT_RELATIONAL_EXCESS_NOT_EXECUTION_OR_CAUSAL
T1021.002,SMB/Windows Admin Shares,T1069,Permission Groups Discovery,A2_W0::2019->2020,0.0188025741579835,0.0030346480152652,0.0,0.0157679261427183,0.9999999999365802,1,4,18,CO_DOCUMENT_RELATIONAL_EXCESS_NOT_EXECUTION_OR_CAUSAL
T1107,File Deletion,T1140,Deobfuscate/Decode Files or Information,A2_W0::2019->2020,0.0217385242756753,0.0060742933924329,0.0,0.0156642308832423,0.9999999999361604,3,4,19,CO_DOCUMENT_RELATIONAL_EXCESS_NOT_EXECUTION_OR_CAUSAL
T1061,Graphical User Interface,T1069,Permission Groups Discovery,A2_W0::2019->2020,0.0186314688319756,0.0029772326725381,1.734723475976807e-18,0.0156542361594374,0.9999999999361197,1,3,20,CO_DOCUMENT_RELATIONAL_EXCESS_NOT_EXECUTION_OR_CAUSAL
T1018,Remote System Discovery,T1059.001,PowerShell,A2_W0::2019->2020,0.019677112490913,0.004053485173128,9.75781955236954e-19,0.0156236273177849,0.999999999935994,1,4,21,CO_DOCUMENT_RELATIONAL_EXCESS_NOT_EXECUTION_OR_CAUSAL
T1021.001,Remote Desktop Protocol,T1069,Permission Groups Discovery,A2_W0::2019->2020,0.0174907666585893,0.0018802574157983,0.0,0.015610509242791,0.9999999999359406,0,2,22,CO_DOCUMENT_RELATIONAL_EXCESS_NOT_EXECUTION_OR_CAUSAL
T1021.001,Remote Desktop Protocol,T1021.002,SMB/Windows Admin Shares,A2_W0::2019->2020,0.0174907666585893,0.0020551650823842,0.0,0.0154356015762051,0.9999999999352148,0,2,23,CO_DOCUMENT_RELATIONAL_EXCESS_NOT_EXECUTION_OR_CAUSAL
T1059.001,PowerShell,T1087,Account Discovery,A2_W0::2019->2020,0.0220316387718769,0.0067403360206052,0.0,0.0152913027512717,0.9999999999346032,2,5,24,CO_DOCUMENT_RELATIONAL_EXCESS_NOT_EXECUTION_OR_CAUSAL
T1061,Graphical User Interface,T1572,Protocol Tunneling,A2_W0::2019->2020,0.0174907666585893,0.0022300727489701,0.0,0.0152606939096192,0.9999999999344722,0,2,25,CO_DOCUMENT_RELATIONAL_EXCESS_NOT_EXECUTION_OR_CAUSAL
T1021.002,SMB/Windows Admin Shares,T1061,Graphical User Interface,A2_W0::2019->2020,0.0174907666585893,0.0022737996656166,0.0,0.0152169669929727,0.999999999934284,0,2,26,CO_DOCUMENT_RELATIONAL_EXCESS_NOT_EXECUTION_OR_CAUSAL
T1061,Graphical User Interface,T1087.003,Email Account,A2_W0::2019->2020,0.021060310874628,0.0059307977149482,0.0,0.0151295131596798,0.999999999933904,0,3,27,CO_DOCUMENT_RELATIONAL_EXCESS_NOT_EXECUTION_OR_CAUSAL
T1018,Remote System Discovery,T1021.001,Remote Desktop Protocol,A2_W0::2019->2020,0.0174907666585893,0.0024487073322025,0.0,0.0150420593263868,0.9999999999335196,0,2,28,CO_DOCUMENT_RELATIONAL_EXCESS_NOT_EXECUTION_OR_CAUSAL
T1021.002,SMB/Windows Admin Shares,T1087.003,Email Account,A2_W0::2019->2020,0.0174907666585893,0.0024924342488489,0.0,0.0149983324097403,0.999999999933326,0,2,29,CO_DOCUMENT_RELATIONAL_EXCESS_NOT_EXECUTION_OR_CAUSAL
T1039,Data from Network Shared Drive,T1061,Graphical User Interface,A2_W0::2019->2020,0.0186314688319756,0.0038517710054676,1.734723475976807e-18,0.014779697826508,0.9999999999323392,1,3,30,CO_DOCUMENT_RELATIONAL_EXCESS_NOT_EXECUTION_OR_CAUSAL
T1021.001,Remote Desktop Protocol,T1039,Data from Network Shared Drive,A2_W0::2019->2020,0.0174907666585893,0.0027547957487278,0.0,0.0147359709098615,0.9999999999321388,0,2,31,CO_DOCUMENT_RELATIONAL_EXCESS_NOT_EXECUTION_OR_CAUSAL
T1021.001,Remote Desktop Protocol,T1570,Lateral Tool Transfer,A2_W0::2019->2020,0.0174907666585893,0.0027547957487278,0.0,0.0147359709098615,0.9999999999321388,0,2,32,CO_DOCUMENT_RELATIONAL_EXCESS_NOT_EXECUTION_OR_CAUSAL
T1069,Permission Groups Discovery,T1570,Lateral Tool Transfer,A2_W0::2019->2020,0.0179280358250541,0.0031920649151925,9.75781955236954e-19,0.0147359709098615,0.9999999999321386,1,3,33,CO_DOCUMENT_RELATIONAL_EXCESS_NOT_EXECUTION_OR_CAUSAL
T1033,System Owner/User Discovery,T1070.004,File Deletion,A2_W0::2019->2020,0.0279227596299623,0.0131996985716821,0.0,0.0147230610582801,0.9999999999320792,1,5,34,CO_DOCUMENT_RELATIONAL_EXCESS_NOT_EXECUTION_OR_CAUSAL
T1021.001,Remote Desktop Protocol,T1061,Graphical User Interface,A2_W0::2019->2020,0.0174907666585893,0.0027985226653743,0.0,0.014692243993215,0.9999999999319368,0,2,35,CO_DOCUMENT_RELATIONAL_EXCESS_NOT_EXECUTION_OR_CAUSAL
T1059.001,PowerShell,T1061,Graphical User Interface,A2_W0::2019->2020,0.0174907666585893,0.0027985226653743,0.0,0.014692243993215,0.9999999999319368,0,2,36,CO_DOCUMENT_RELATIONAL_EXCESS_NOT_EXECUTION_OR_CAUSAL
T1059.001,PowerShell,T1570,Lateral Tool Transfer,A2_W0::2019->2020,0.0179280358250541,0.003235791831839,9.75781955236954e-19,0.014692243993215,0.9999999999319368,1,3,37,CO_DOCUMENT_RELATIONAL_EXCESS_NOT_EXECUTION_OR_CAUSAL
T1059.001,PowerShell,T1069,Permission Groups Discovery,A2_W0::2019->2020,0.0179280358250541,0.0032620279818269,9.75781955236954e-19,0.0146660078432271,0.9999999999318148,1,3,38,CO_DOCUMENT_RELATIONAL_EXCESS_NOT_EXECUTION_OR_CAUSAL
T1039,Data from Network Shared Drive,T1087.003,Email Account,A2_W0::2019->2020,0.0174907666585893,0.002864113040344,0.0,0.0146266536182453,0.9999999999316316,0,2,39,CO_DOCUMENT_RELATIONAL_EXCESS_NOT_EXECUTION_OR_CAUSAL
T1061,Graphical User Interface,T1570,Lateral Tool Transfer,A2_W0::2019->2020,0.0174907666585893,0.0028859764986672,0.0,0.0146047901599221,0.9999999999315292,0,2,40,CO_DOCUMENT_RELATIONAL_EXCESS_NOT_EXECUTION_OR_CAUSAL
T1018,Remote System Discovery,T1570,Lateral Tool Transfer,A2_W0::2019->2020,0.0179280358250541,0.0033232456651319,9.75781955236954e-19,0.0146047901599221,0.999999999931529,1,3,41,CO_DOCUMENT_RELATIONAL_EXCESS_NOT_EXECUTION_OR_CAUSAL
T1021.002,SMB/Windows Admin Shares,T1059.001,PowerShell,A2_W0::2019->2020,0.0179280358250541,0.0033523969428962,9.75781955236954e-19,0.0145756388821578,0.999999999931392,1,3,42,CO_DOCUMENT_RELATIONAL_EXCESS_NOT_EXECUTION_OR_CAUSAL
T1021.001,Remote Desktop Protocol,T1572,Protocol Tunneling,A2_W0::2019->2020,0.0174907666585893,0.0029297034153137,0.0,0.0145610632432756,0.9999999999313236,0,2,43,CO_DOCUMENT_RELATIONAL_EXCESS_NOT_EXECUTION_OR_CAUSAL
T1069,Permission Groups Discovery,T1087.003,Email Account,A2_W0::2019->2020,0.0174907666585893,0.0029559395653016,0.0,0.0145348270932877,0.9999999999311996,0,2,44,CO_DOCUMENT_RELATIONAL_EXCESS_NOT_EXECUTION_OR_CAUSAL
T1039,Data from Network Shared Drive,T1069,Permission Groups Discovery,A2_W0::2019->2020,0.0195060071649051,0.0049799254549466,0.0,0.0145260817099584,0.9999999999311584,2,4,45,CO_DOCUMENT_RELATIONAL_EXCESS_NOT_EXECUTION_OR_CAUSAL
T1053.005,Scheduled Task,T1124,System Time Discovery,A2_W0::2019->2020,0.0327906608889289,0.018275510908132,0.0,0.0145151499807968,0.9999999999311064,4,8,46,CO_DOCUMENT_RELATIONAL_EXCESS_NOT_EXECUTION_OR_CAUSAL
T1047,Windows Management Instrumentation,T1589.002,Email Addresses,A2_W0::2019->2020,0.0233210222114524,0.0088306508167553,0.0,0.0144903713946971,0.9999999999309886,0,3,47,CO_DOCUMENT_RELATIONAL_EXCESS_NOT_EXECUTION_OR_CAUSAL
T1039,Data from Network Shared Drive,T1570,Lateral Tool Transfer,A2_W0::2019->2020,0.0174907666585893,0.0030463085263709,0.0,0.0144444581322183,0.9999999999307692,0,2,48,CO_DOCUMENT_RELATIONAL_EXCESS_NOT_EXECUTION_OR_CAUSAL
T1069,Permission Groups Discovery,T1124,System Time Discovery,A2_W0::2019->2020,0.0197975199425482,0.0053749252686531,0.0,0.0144225946738951,0.9999999999306644,3,5,49,CO_DOCUMENT_RELATIONAL_EXCESS_NOT_EXECUTION_OR_CAUSAL
T1047,Windows Management Instrumentation,T1061,Graphical User Interface,A2_W0::2019->2020,0.0186314688319756,0.0042453132552858,1.734723475976807e-18,0.0143861555766897,0.9999999999304884,1,3,50,CO_DOCUMENT_RELATIONAL_EXCESS_NOT_EXECUTION_OR_CAUSAL
T1087.003,Email Account,T1570,Lateral Tool Transfer,A2_W0::2019->2020,0.0174907666585893,0.003148337998546,0.0,0.0143424286600432,0.9999999999302768,0,2,51,CO_DOCUMENT_RELATIONAL_EXCESS_NOT_EXECUTION_OR_CAUSAL
T1018,Remote System Discovery,T1061,Graphical User Interface,A2_W0::2019->2020,0.0186314688319756,0.0042890401719323,1.734723475976807e-18,0.0143424286600432,0.9999999999302766,1,3,52,CO_DOCUMENT_RELATIONAL_EXCESS_NOT_EXECUTION_OR_CAUSAL
T1059.001,PowerShell,T1124,System Time Discovery,A2_W0::2019->2020,0.019677112490913,0.0053471772356258,9.75781955236954e-19,0.0143299352552871,0.9999999999302156,1,4,53,CO_DOCUMENT_RELATIONAL_EXCESS_NOT_EXECUTION_OR_CAUSAL
T1021.001,Remote Desktop Protocol,T1087.003,Email Account,A2_W0::2019->2020,0.0198452929395533,0.0056340450294494,0.0,0.0142112479101038,0.9999999999296332,1,3,54,CO_DOCUMENT_RELATIONAL_EXCESS_NOT_EXECUTION_OR_CAUSAL
T1018,Remote System Discovery,T1087.003,Email Account,A2_W0::2019->2020,0.0174907666585893,0.0032817050943178,0.0,0.0142090615642715,0.9999999999296224,0,2,55,CO_DOCUMENT_RELATIONAL_EXCESS_NOT_EXECUTION_OR_CAUSAL
T1021.002,SMB/Windows Admin Shares,T1589.002,Email Addresses,A2_W0::2019->2020,0.0174907666585893,0.0033232456651319,0.0,0.0141675209934573,0.999999999929416,0,2,56,CO_DOCUMENT_RELATIONAL_EXCESS_NOT_EXECUTION_OR_CAUSAL
T1107,File Deletion,T1221,Template Injection,A2_W0::2019->2020,0.0174907666585893,0.0033669725817784,0.0,0.0141237940768109,0.9999999999291974,0,2,57,CO_DOCUMENT_RELATIONAL_EXCESS_NOT_EXECUTION_OR_CAUSAL
T1016,System Network Configuration Discovery,T1082,System Information Discovery,A2_W0::2019->2020,0.0313584459378995,0.0173961291175616,0.0,0.0139623168203378,0.9999999999283786,4,8,58,CO_DOCUMENT_RELATIONAL_EXCESS_NOT_EXECUTION_OR_CAUSAL
T1039,Data from Network Shared Drive,T1059.001,PowerShell,A2_W0::2019->2020,0.0174907666585893,0.003607470623334,0.0,0.0138832960352553,0.999999999927971,0,2,59,CO_DOCUMENT_RELATIONAL_EXCESS_NOT_EXECUTION_OR_CAUSAL
T1021.002,SMB/Windows Admin Shares,T1087,Account Discovery,A2_W0::2019->2020,0.0188025741579835,0.0049367688893868,0.0,0.0138658052685967,0.99999999992788,1,4,60,CO_DOCUMENT_RELATIONAL_EXCESS_NOT_EXECUTION_OR_CAUSAL
T1069,Permission Groups Discovery,T1589.002,Email Addresses,A2_W0::2019->2020,0.0174907666585893,0.0036293340816572,0.0,0.013861432576932,0.9999999999278574,0,2,61,CO_DOCUMENT_RELATIONAL_EXCESS_NOT_EXECUTION_OR_CAUSAL
T1140,Deobfuscate/Decode Files or Information,T1204,User Execution,A2_W0::2019->2020,0.02550284144785,0.0116544228342055,0.0,0.0138484186136444,0.9999999999277897,3,7,62,CO_DOCUMENT_RELATIONAL_EXCESS_NOT_EXECUTION_OR_CAUSAL
T1124,System Time Discovery,T1570,Lateral Tool Transfer,A2_W0::2019->2020,0.0179280358250541,0.0041103301647684,9.75781955236954e-19,0.0138177056602856,0.9999999999276288,1,3,63,CO_DOCUMENT_RELATIONAL_EXCESS_NOT_EXECUTION_OR_CAUSAL
T1061,Graphical User Interface,T1589.002,Email Addresses,A2_W0::2019->2020,0.0174907666585893,0.0038479686648896,0.0,0.0136427979936997,0.9999999999267012,0,2,64,CO_DOCUMENT_RELATIONAL_EXCESS_NOT_EXECUTION_OR_CAUSAL
T1087.003,Email Account,T1124,System Time Discovery,A2_W0::2019->2020,0.0174907666585893,0.0038479686648896,0.0,0.0136427979936997,0.9999999999267012,0,2,65,CO_DOCUMENT_RELATIONAL_EXCESS_NOT_EXECUTION_OR_CAUSAL
T1061,Graphical User Interface,T1124,System Time Discovery,A2_W0::2019->2020,0.0186314688319756,0.0049886708382759,1.734723475976807e-18,0.0136427979936997,0.999999999926701,1,3,66,CO_DOCUMENT_RELATIONAL_EXCESS_NOT_EXECUTION_OR_CAUSAL
T1570,Lateral Tool Transfer,T1589.002,Email Addresses,A2_W0::2019->2020,0.0174907666585893,0.0038916955815361,0.0,0.0135990710770532,0.9999999999264656,0,2,67,CO_DOCUMENT_RELATIONAL_EXCESS_NOT_EXECUTION_OR_CAUSAL
T1087.003,Email Account,T1572,Protocol Tunneling,A2_W0::2019->2020,0.0174907666585893,0.0039223044231886,0.0,0.0135684622354007,0.9999999999262996,0,2,68,CO_DOCUMENT_RELATIONAL_EXCESS_NOT_EXECUTION_OR_CAUSAL
T1012,Query Registry,T1071.001,Web Protocols,A2_W0::2019->2020,0.0271106883208135,0.0135671087832187,0.0,0.0135435795375947,0.9999999999261644,1,5,69,CO_DOCUMENT_RELATIONAL_EXCESS_NOT_EXECUTION_OR_CAUSAL
T1021.001,Remote Desktop Protocol,T1589.002,Email Addresses,A2_W0::2019->2020,0.0174907666585893,0.004066603248122,0.0,0.0134241634104673,0.9999999999255076,0,2,70,CO_DOCUMENT_RELATIONAL_EXCESS_NOT_EXECUTION_OR_CAUSAL
T1059.003,Windows Command Shell,T1572,Protocol Tunneling,A2_W0::2019->2020,0.0217177019344151,0.0082964536517242,0.0,0.0134212482826909,0.9999999999254912,1,5,71,CO_DOCUMENT_RELATIONAL_EXCESS_NOT_EXECUTION_OR_CAUSAL
T1087,Account Discovery,T1087.003,Email Account,A2_W0::2019->2020,0.0198452929395533,0.0064386202957445,0.0,0.0134066726438087,0.9999999999254102,1,3,72,CO_DOCUMENT_RELATIONAL_EXCESS_NOT_EXECUTION_OR_CAUSAL
T1087,Account Discovery,T1572,Protocol Tunneling,A2_W0::2019->2020,0.0188025741579835,0.0054133922808334,0.0,0.0133891818771501,0.9999999999253129,1,4,73,CO_DOCUMENT_RELATIONAL_EXCESS_NOT_EXECUTION_OR_CAUSAL
T1059.003,Windows Command Shell,T1589.002,Email Addresses,A2_W0::2019->2020,0.0233210222114524,0.0100078418799021,0.0,0.0133131803315503,0.9999999999248864,0,3,74,CO_DOCUMENT_RELATIONAL_EXCESS_NOT_EXECUTION_OR_CAUSAL
T1059.003,Windows Command Shell,T1061,Graphical User Interface,A2_W0::2019->2020,0.0174907666585893,0.0041977839980614,0.0,0.0132929826605279,0.9999999999247724,0,2,75,CO_DOCUMENT_RELATIONAL_EXCESS_NOT_EXECUTION_OR_CAUSAL
T1061,Graphical User Interface,T1087,Account Discovery,A2_W0::2019->2020,0.0186314688319756,0.0053822130880941,1.734723475976807e-18,0.0132492557438814,0.9999999999245238,1,3,76,CO_DOCUMENT_RELATIONAL_EXCESS_NOT_EXECUTION_OR_CAUSAL
T1039,Data from Network Shared Drive,T1053.005,Scheduled Task,A2_W0::2019->2020,0.0289801724383076,0.0157826602124579,0.0,0.0131975122258497,0.999999999924228,5,7,77,CO_DOCUMENT_RELATIONAL_EXCESS_NOT_EXECUTION_OR_CAUSAL
T1106,Native API,T1132.001,Standard Encoding,A2_W0::2019->2020,0.0148671516598009,0.0016747409075599,0.0,0.013192410752241,0.9999999999241987,0,3,78,CO_DOCUMENT_RELATIONAL_EXCESS_NOT_EXECUTION_OR_CAUSAL
T1018,Remote System Discovery,T1070.004,File Deletion,A2_W0::2019->2020,0.019677112490913,0.0064978198136659,0.0,0.013179292677247,0.9999999999241234,1,4,79,CO_DOCUMENT_RELATIONAL_EXCESS_NOT_EXECUTION_OR_CAUSAL
T1061,Graphical User Interface,T1083,File and Directory Discovery,A2_W0::2019->2020,0.0186314688319756,0.00555712075468,1.734723475976807e-18,0.0130743480772955,0.999999999923514,1,3,80,CO_DOCUMENT_RELATIONAL_EXCESS_NOT_EXECUTION_OR_CAUSAL
T1572,Protocol Tunneling,T1589.002,Email Addresses,A2_W0::2019->2020,0.0174907666585893,0.0044273503104554,0.0,0.0130634163481339,0.9999999999234503,0,2,81,CO_DOCUMENT_RELATIONAL_EXCESS_NOT_EXECUTION_OR_CAUSAL
T1021.002,SMB/Windows Admin Shares,T1070.004,File Deletion,A2_W0::2019->2020,0.0179280358250541,0.0048828390255228,0.0,0.0130451967995312,0.9999999999233434,1,3,82,CO_DOCUMENT_RELATIONAL_EXCESS_NOT_EXECUTION_OR_CAUSAL
T1059.001,PowerShell,T1589.002,Email Addresses,A2_W0::2019->2020,0.0174907666585893,0.0044754499187665,0.0,0.0130153167398228,0.9999999999231676,0,2,83,CO_DOCUMENT_RELATIONAL_EXCESS_NOT_EXECUTION_OR_CAUSAL
T1039,Data from Network Shared Drive,T1589.002,Email Addresses,A2_W0::2019->2020,0.0174907666585893,0.0045475993312332,0.0,0.0129431673273561,0.9999999999227392,0,2,84,CO_DOCUMENT_RELATIONAL_EXCESS_NOT_EXECUTION_OR_CAUSAL
T1018,Remote System Discovery,T1589.002,Email Addresses,A2_W0::2019->2020,0.0174907666585893,0.0045650900978918,0.0,0.0129256765606975,0.9999999999226346,0,2,85,CO_DOCUMENT_RELATIONAL_EXCESS_NOT_EXECUTION_OR_CAUSAL
T1043,Commonly Used Port,T1057,Process Discovery,A2_W0::2019->2020,0.0065545109010448,0.0106365226816994,0.0129068675281044,0.0,-0.999999999922522,7,3,86,CO_DOCUMENT_RELATIONAL_EXCESS_NOT_EXECUTION_OR_CAUSAL
T1087,Account Discovery,T1570,Lateral Tool Transfer,A2_W0::2019->2020,0.0179280358250541,0.0050285954143444,0.0,0.0128994404107096,0.9999999999224772,1,3,87,CO_DOCUMENT_RELATIONAL_EXCESS_NOT_EXECUTION_OR_CAUSAL
T1059.001,PowerShell,T1083,File and Directory Discovery,A2_W0::2019->2020,0.0185110613803404,0.0056480600668361,9.75781955236954e-19,0.0128630013135042,0.9999999999222572,1,4,88,CO_DOCUMENT_RELATIONAL_EXCESS_NOT_EXECUTION_OR_CAUSAL
T1033,System Owner/User Discovery,T1061,Graphical User Interface,A2_W0::2019->2020,0.0186314688319756,0.0058194822545589,1.734723475976807e-18,0.0128119865774167,0.9999999999219478,1,3,89,CO_DOCUMENT_RELATIONAL_EXCESS_NOT_EXECUTION_OR_CAUSAL
T1140,Deobfuscate/Decode Files or Information,T1221,Template Injection,A2_W0::2019->2020,0.0218634583232367,0.009058759565261,0.0,0.0128046987579756,0.9999999999219036,0,3,90,CO_DOCUMENT_RELATIONAL_EXCESS_NOT_EXECUTION_OR_CAUSAL
T1083,File and Directory Discovery,T1087.003,Email Account,A2_W0::2019->2020,0.0174907666585893,0.0046875254645019,0.0,0.0128032411940874,0.9999999999218948,0,2,91,CO_DOCUMENT_RELATIONAL_EXCESS_NOT_EXECUTION_OR_CAUSAL
T1124,System Time Discovery,T1572,Protocol Tunneling,A2_W0::2019->2020,0.0179280358250541,0.0051335400142959,9.75781955236954e-19,0.0127944958107581,0.9999999999218412,1,3,92,CO_DOCUMENT_RELATIONAL_EXCESS_NOT_EXECUTION_OR_CAUSAL
T1071,Application Layer Protocol,T1132.001,Standard Encoding,A2_W0::2019->2020,0.0201143816573777,0.0073504946882721,0.0,0.0127638869691055,0.999999999921654,0,5,93,CO_DOCUMENT_RELATIONAL_EXCESS_NOT_EXECUTION_OR_CAUSAL
T1061,Graphical User Interface,T1070.004,File Deletion,A2_W0::2019->2020,0.0174907666585893,0.0047662339144655,0.0,0.0127245327441237,0.9999999999214116,0,2,94,CO_DOCUMENT_RELATIONAL_EXCESS_NOT_EXECUTION_OR_CAUSAL
T1033,System Owner/User Discovery,T1087.003,Email Account,A2_W0::2019->2020,0.0174907666585893,0.0048274515977706,0.0,0.0126633150608187,0.9999999999210316,0,2,95,CO_DOCUMENT_RELATIONAL_EXCESS_NOT_EXECUTION_OR_CAUSAL
T1018,Remote System Discovery,T1124,System Time Discovery,A2_W0::2019->2020,0.0190687379984403,0.0064666406209267,0.0,0.0126020973775136,0.999999999920648,3,4,96,CO_DOCUMENT_RELATIONAL_EXCESS_NOT_EXECUTION_OR_CAUSAL
T1033,System Owner/User Discovery,T1053.005,Scheduled Task,A2_W0::2019->2020,0.0490320870719047,0.0364363405084754,0.0,0.0125957465634293,0.999999999920608,7,13,97,CO_DOCUMENT_RELATIONAL_EXCESS_NOT_EXECUTION_OR_CAUSAL
T1016,System Network Configuration Discovery,T1135,Network Share Discovery,A2_W0::2019->2020,0.019677112490913,0.0071499755419362,0.0,0.0125271369489768,0.9999999999201732,2,4,98,CO_DOCUMENT_RELATIONAL_EXCESS_NOT_EXECUTION_OR_CAUSAL
T1059.001,PowerShell,T1070.004,File Deletion,A2_W0::2019->2020,0.019677112490913,0.0072512762321672,9.75781955236954e-19,0.0124258362587458,0.9999999999195222,1,4,99,CO_DOCUMENT_RELATIONAL_EXCESS_NOT_EXECUTION_OR_CAUSAL
T1070.004,File Deletion,T1570,Lateral Tool Transfer,A2_W0::2019->2020,0.0179280358250541,0.0055678940529842,9.75781955236954e-19,0.0123601417720698,0.9999999999190944,1,3,100,CO_DOCUMENT_RELATIONAL_EXCESS_NOT_EXECUTION_OR_CAUSAL
T1047,Windows Management Instrumentation,T1059.003,Windows Command Shell,A2_W0::2020->2021,0.0183554470503676,0.0190975597483179,0.0235202920173128,0.0,-0.9999999999574836,9,4,1,CO_DOCUMENT_RELATIONAL_EXCESS_NOT_EXECUTION_OR_CAUSAL
T1053,Scheduled Task/Job,T1134,Access Token Manipulation,A2_W0::2020->2021,0.036268437383463,0.0138384194371681,0.0,0.0224300179462948,0.999999999955417,5,6,2,CO_DOCUMENT_RELATIONAL_EXCESS_NOT_EXECUTION_OR_CAUSAL
T1047,Windows Management Instrumentation,T1087,Account Discovery,A2_W0::2020->2021,0.0121610530085562,0.013597909508843,0.0222861518508193,0.0,-0.9999999999551292,10,4,3,CO_DOCUMENT_RELATIONAL_EXCESS_NOT_EXECUTION_OR_CAUSAL
T1078,Valid Accounts,T1112,Modify Registry,A2_W0::2020->2021,0.0598753468195925,0.0377530857159317,0.0,0.0221222611036608,0.9999999999547968,7,9,4,CO_DOCUMENT_RELATIONAL_EXCESS_NOT_EXECUTION_OR_CAUSAL
T1082,System Information Discovery,T1190,Exploit Public-Facing Application,A2_W0::2020->2021,0.0402917570429729,0.0181806332689356,0.0,0.0221111237740373,0.999999999954774,4,6,5,CO_DOCUMENT_RELATIONAL_EXCESS_NOT_EXECUTION_OR_CAUSAL
T1078,Valid Accounts,T1082,System Information Discovery,A2_W0::2020->2021,0.0444083396379862,0.0238028700459606,0.0,0.0206054695920256,0.9999999999514692,3,5,6,CO_DOCUMENT_RELATIONAL_EXCESS_NOT_EXECUTION_OR_CAUSAL
T1033,System Owner/User Discovery,T1053,Scheduled Task/Job,A2_W0::2020->2021,0.0325661157345232,0.0125705206735259,0.0,0.0199955950609973,0.999999999949989,6,5,7,CO_DOCUMENT_RELATIONAL_EXCESS_NOT_EXECUTION_OR_CAUSAL
T1012,Query Registry,T1071,Application Layer Protocol,A2_W0::2020->2021,0.015789631871284,0.0214235698933564,0.0198427542156381,0.0,-0.999999999949604,12,3,8,CO_DOCUMENT_RELATIONAL_EXCESS_NOT_EXECUTION_OR_CAUSAL
T1057,Process Discovery,T1587.003,Digital Certificates,A2_W0::2020->2021,0.023684447806926,0.0043816228442813,0.0,0.0193028249626446,0.9999999999481942,0,2,9,CO_DOCUMENT_RELATIONAL_EXCESS_NOT_EXECUTION_OR_CAUSAL
T1060,Registry Run Keys / Startup Folder,T1140,Deobfuscate/Decode Files or Information,A2_W0::2020->2021,0.0,0.0,0.019289192273235,0.0,-0.9999999999481576,5,0,10,CO_DOCUMENT_RELATIONAL_EXCESS_NOT_EXECUTION_OR_CAUSAL
T1060,Registry Run Keys / Startup Folder,T1107,File Deletion,A2_W0::2020->2021,0.0,0.0,0.0187388577937272,0.0,-0.999999999946635,4,0,11,CO_DOCUMENT_RELATIONAL_EXCESS_NOT_EXECUTION_OR_CAUSAL
T1053,Scheduled Task/Job,T1134.001,Token Impersonation/Theft,A2_W0::2020->2021,0.0270679403507725,0.0083614559489808,0.0,0.0187064844017917,0.9999999999465428,1,3,12,CO_DOCUMENT_RELATIONAL_EXCESS_NOT_EXECUTION_OR_CAUSAL
T1608.002,Upload Tool,T1608.005,Link Target,A2_W0::2020->2021,0.023684447806926,0.0050329451589717,0.0,0.0186515026479542,0.9999999999463852,0,2,13,CO_DOCUMENT_RELATIONAL_EXCESS_NOT_EXECUTION_OR_CAUSAL
T1010,Application Window Discovery,T1136.001,Local Account,A2_W0::2020->2021,0.023684447806926,0.005092156278489,0.0,0.0185922915284369,0.9999999999462144,0,2,14,CO_DOCUMENT_RELATIONAL_EXCESS_NOT_EXECUTION_OR_CAUSAL
T1060,Registry Run Keys / Startup Folder,T1221,Template Injection,A2_W0::2020->2021,0.0,0.0,0.0185402126581047,0.0,-0.9999999999460631,3,0,15,CO_DOCUMENT_RELATIONAL_EXCESS_NOT_EXECUTION_OR_CAUSAL
T1010,Application Window Discovery,T1083,File and Directory Discovery,A2_W0::2020->2021,0.023684447806926,0.0052105785175237,0.0,0.0184738692894022,0.9999999999458696,1,2,16,CO_DOCUMENT_RELATIONAL_EXCESS_NOT_EXECUTION_OR_CAUSAL
T1010,Application Window Discovery,T1587.003,Digital Certificates,A2_W0::2020->2021,0.023684447806926,0.0052105785175237,0.0,0.0184738692894022,0.9999999999458696,0,2,17,CO_DOCUMENT_RELATIONAL_EXCESS_NOT_EXECUTION_OR_CAUSAL
T1134.001,Token Impersonation/Theft,T1588.003,Code Signing Certificates,A2_W0::2020->2021,0.023684447806926,0.0052105785175237,0.0,0.0184738692894022,0.9999999999458696,0,2,18,CO_DOCUMENT_RELATIONAL_EXCESS_NOT_EXECUTION_OR_CAUSAL
T1112,Modify Registry,T1136,Create Account,A2_W0::2020->2021,0.0368323528074375,0.0183930233377536,0.0,0.0184393294696838,0.9999999999457682,7,7,19,CO_DOCUMENT_RELATIONAL_EXCESS_NOT_EXECUTION_OR_CAUSAL
T1134,Access Token Manipulation,T1486,Data Encrypted for Impact,A2_W0::2020->2021,0.0328849448396164,0.0145294977892488,0.0,0.0183554470503676,0.9999999999455204,3,4,20,CO_DOCUMENT_RELATIONAL_EXCESS_NOT_EXECUTION_OR_CAUSAL
T1053,Scheduled Task/Job,T1608.001,Upload Malware,A2_W0::2020->2021,0.027631855774747,0.0093158828040575,0.0,0.0183159729706894,0.9999999999454028,1,3,21,CO_DOCUMENT_RELATIONAL_EXCESS_NOT_EXECUTION_OR_CAUSAL
T1588.003,Code Signing Certificates,T1608.001,Upload Malware,A2_W0::2020->2021,0.023684447806926,0.0053882118760756,0.0,0.0182962359308503,0.999999999945344,0,2,22,CO_DOCUMENT_RELATIONAL_EXCESS_NOT_EXECUTION_OR_CAUSAL
T1022,Data Encrypted,T1134,Access Token Manipulation,A2_W0::2020->2021,0.0328849448396164,0.0146479200282834,0.0,0.018237024811333,0.9999999999451664,5,4,23,CO_DOCUMENT_RELATIONAL_EXCESS_NOT_EXECUTION_OR_CAUSAL
T1078.002,Domain Accounts,T1110,Brute Force,A2_W0::2020->2021,0.0260528925876186,0.0078395522240925,0.0,0.018213340363526,0.9999999999450953,0,3,24,CO_DOCUMENT_RELATIONAL_EXCESS_NOT_EXECUTION_OR_CAUSAL
T1555.003,Credentials from Web Browsers,T1608.005,Link Target,A2_W0::2020->2021,0.023684447806926,0.0055658452346276,0.0,0.0181186025722983,0.999999999944808,0,2,25,CO_DOCUMENT_RELATIONAL_EXCESS_NOT_EXECUTION_OR_CAUSAL
T1083,File and Directory Discovery,T1134,Access Token Manipulation,A2_W0::2020->2021,0.0343424493200427,0.0163777956584893,0.0,0.0179646536615533,0.9999999999443352,2,4,26,CO_DOCUMENT_RELATIONAL_EXCESS_NOT_EXECUTION_OR_CAUSAL
T1010,Application Window Discovery,T1555.003,Credentials from Web Browsers,A2_W0::2020->2021,0.023684447806926,0.0057434785931795,0.0,0.0179409692137464,0.9999999999442616,0,2,27,CO_DOCUMENT_RELATIONAL_EXCESS_NOT_EXECUTION_OR_CAUSAL
T1134.001,Token Impersonation/Theft,T1587.003,Digital Certificates,A2_W0::2020->2021,0.023684447806926,0.0058026897126968,0.0,0.0178817580942291,0.9999999999440772,0,2,28,CO_DOCUMENT_RELATIONAL_EXCESS_NOT_EXECUTION_OR_CAUSAL
T1027,Obfuscated Files or Information,T1569,System Services,A2_W0::2020->2021,0.007424163447171,0.0095064211501965,0.0178561987477063,0.0,-0.9999999999439972,8,4,29,CO_DOCUMENT_RELATIONAL_EXCESS_NOT_EXECUTION_OR_CAUSAL
T1555.003,Credentials from Web Browsers,T1608.003,Install Digital Certificate,A2_W0::2020->2021,0.023684447806926,0.0058619008322141,0.0,0.0178225469747118,0.9999999999438912,0,2,30,CO_DOCUMENT_RELATIONAL_EXCESS_NOT_EXECUTION_OR_CAUSAL
T1010,Application Window Discovery,T1053,Scheduled Task/Job,A2_W0::2020->2021,0.023684447806926,0.0059211119517315,0.0,0.0177633358551945,0.9999999999437044,0,2,31,CO_DOCUMENT_RELATIONAL_EXCESS_NOT_EXECUTION_OR_CAUSAL
T1083,File and Directory Discovery,T1587.003,Digital Certificates,A2_W0::2020->2021,0.023684447806926,0.0059211119517315,0.0,0.0177633358551945,0.9999999999437044,0,2,32,CO_DOCUMENT_RELATIONAL_EXCESS_NOT_EXECUTION_OR_CAUSAL
T1486,Data Encrypted for Impact,T1555.003,Credentials from Web Browsers,A2_W0::2020->2021,0.0242765590020991,0.0065132231469046,0.0,0.0177633358551945,0.9999999999437044,1,3,33,CO_DOCUMENT_RELATIONAL_EXCESS_NOT_EXECUTION_OR_CAUSAL
T1608.001,Upload Malware,T1608.005,Link Target,A2_W0::2020->2021,0.023684447806926,0.0059211119517315,0.0,0.0177633358551945,0.9999999999437044,0,2,34,CO_DOCUMENT_RELATIONAL_EXCESS_NOT_EXECUTION_OR_CAUSAL
T1134,Access Token Manipulation,T1608.005,Link Target,A2_W0::2020->2021,0.023684447806926,0.0059803230712488,0.0,0.0177041247356771,0.999999999943516,0,2,35,CO_DOCUMENT_RELATIONAL_EXCESS_NOT_EXECUTION_OR_CAUSAL
T1555.003,Credentials from Web Browsers,T1587.003,Digital Certificates,A2_W0::2020->2021,0.023684447806926,0.0059803230712488,0.0,0.0177041247356771,0.999999999943516,0,2,36,CO_DOCUMENT_RELATIONAL_EXCESS_NOT_EXECUTION_OR_CAUSAL
T1543,Create or Modify System Process,T1569,System Services,A2_W0::2020->2021,0.0103847194230367,0.0126653343764453,0.0176900364644497,0.0,-0.9999999999434712,9,4,37,CO_DOCUMENT_RELATIONAL_EXCESS_NOT_EXECUTION_OR_CAUSAL
T1012,Query Registry,T1608.002,Upload Tool,A2_W0::2020->2021,0.023684447806926,0.0060395341907661,0.0,0.0176449136161598,0.9999999999433266,0,2,38,CO_DOCUMENT_RELATIONAL_EXCESS_NOT_EXECUTION_OR_CAUSAL
T1204.002,Malicious File,T1608.005,Link Target,A2_W0::2020->2021,0.023684447806926,0.0060395341907661,0.0,0.0176449136161598,0.9999999999433266,0,2,39,CO_DOCUMENT_RELATIONAL_EXCESS_NOT_EXECUTION_OR_CAUSAL
T1047,Windows Management Instrumentation,T1070.004,File Deletion,A2_W0::2020->2021,0.0029605559758657,0.0062122332893583,0.0176414162976071,0.0,-0.9999999999433152,5,2,40,CO_DOCUMENT_RELATIONAL_EXCESS_NOT_EXECUTION_OR_CAUSAL
T1083,File and Directory Discovery,T1124,System Time Discovery,A2_W0::2020->2021,0.0005921111951731,0.0005921111951731,0.0176219474085287,1.6263032587282568e-18,-0.9999999999432526,5,1,41,CO_DOCUMENT_RELATIONAL_EXCESS_NOT_EXECUTION_OR_CAUSAL
T1012,Query Registry,T1587.003,Digital Certificates,A2_W0::2020->2021,0.023684447806926,0.0060987453102834,0.0,0.0175857024966425,0.9999999999431356,0,2,42,CO_DOCUMENT_RELATIONAL_EXCESS_NOT_EXECUTION_OR_CAUSAL
T1486,Data Encrypted for Impact,T1608.002,Upload Tool,A2_W0::2020->2021,0.023684447806926,0.0060987453102834,0.0,0.0175857024966425,0.9999999999431356,0,2,43,CO_DOCUMENT_RELATIONAL_EXCESS_NOT_EXECUTION_OR_CAUSAL
T1033,System Owner/User Discovery,T1078,Valid Accounts,A2_W0::2020->2021,0.0444083396379862,0.0268759271489092,0.0,0.0175324124890769,0.9999999999429628,3,5,44,CO_DOCUMENT_RELATIONAL_EXCESS_NOT_EXECUTION_OR_CAUSAL
T1083,File and Directory Discovery,T1555.003,Credentials from Web Browsers,A2_W0::2020->2021,0.0242765590020991,0.0067500676249739,0.0,0.0175264913771252,0.9999999999429436,1,3,45,CO_DOCUMENT_RELATIONAL_EXCESS_NOT_EXECUTION_OR_CAUSAL
T1134,Access Token Manipulation,T1608.002,Upload Tool,A2_W0::2020->2021,0.023684447806926,0.0061579564298007,0.0,0.0175264913771252,0.9999999999429436,0,2,46,CO_DOCUMENT_RELATIONAL_EXCESS_NOT_EXECUTION_OR_CAUSAL
T1486,Data Encrypted for Impact,T1608.003,Install Digital Certificate,A2_W0::2020->2021,0.023684447806926,0.0061579564298007,0.0,0.0175264913771252,0.9999999999429436,0,2,47,CO_DOCUMENT_RELATIONAL_EXCESS_NOT_EXECUTION_OR_CAUSAL
T1136,Create Account,T1608.002,Upload Tool,A2_W0::2020->2021,0.023684447806926,0.006217167549318,0.0,0.0174672802576079,0.99999999994275,0,2,48,CO_DOCUMENT_RELATIONAL_EXCESS_NOT_EXECUTION_OR_CAUSAL
T1136.001,Local Account,T1588.003,Code Signing Certificates,A2_W0::2020->2021,0.023684447806926,0.006217167549318,0.0,0.0174672802576079,0.99999999994275,0,2,49,CO_DOCUMENT_RELATIONAL_EXCESS_NOT_EXECUTION_OR_CAUSAL
T1136.001,Local Account,T1608.003,Install Digital Certificate,A2_W0::2020->2021,0.023684447806926,0.006217167549318,0.0,0.0174672802576079,0.99999999994275,0,2,50,CO_DOCUMENT_RELATIONAL_EXCESS_NOT_EXECUTION_OR_CAUSAL
T1134.001,Token Impersonation/Theft,T1608.002,Upload Tool,A2_W0::2020->2021,0.023684447806926,0.0062763786688353,0.0,0.0174080691380906,0.9999999999425554,0,2,51,CO_DOCUMENT_RELATIONAL_EXCESS_NOT_EXECUTION_OR_CAUSAL
T1555.003,Credentials from Web Browsers,T1608.002,Upload Tool,A2_W0::2020->2021,0.023684447806926,0.0062763786688353,0.0,0.0174080691380906,0.9999999999425554,0,2,52,CO_DOCUMENT_RELATIONAL_EXCESS_NOT_EXECUTION_OR_CAUSAL
T1486,Data Encrypted for Impact,T1588.003,Code Signing Certificates,A2_W0::2020->2021,0.023684447806926,0.00639480090787,0.0,0.0172896468990559,0.999999999942162,0,2,53,CO_DOCUMENT_RELATIONAL_EXCESS_NOT_EXECUTION_OR_CAUSAL
T1012,Query Registry,T1486,Data Encrypted for Impact,A2_W0::2020->2021,0.0334770560347896,0.0162466202552509,0.0,0.0172304357795386,0.9999999999419632,5,5,54,CO_DOCUMENT_RELATIONAL_EXCESS_NOT_EXECUTION_OR_CAUSAL
T1022,Data Encrypted,T1608.002,Upload Tool,A2_W0::2020->2021,0.023684447806926,0.0064540120273873,0.0,0.0172304357795386,0.9999999999419632,0,2,55,CO_DOCUMENT_RELATIONAL_EXCESS_NOT_EXECUTION_OR_CAUSAL
T1134,Access Token Manipulation,T1608.001,Upload Malware,A2_W0::2020->2021,0.023684447806926,0.0064540120273873,0.0,0.0172304357795386,0.9999999999419632,0,2,56,CO_DOCUMENT_RELATIONAL_EXCESS_NOT_EXECUTION_OR_CAUSAL
T1134.001,Token Impersonation/Theft,T1608.001,Upload Malware,A2_W0::2020->2021,0.023684447806926,0.0064540120273873,0.0,0.0172304357795386,0.9999999999419632,0,2,57,CO_DOCUMENT_RELATIONAL_EXCESS_NOT_EXECUTION_OR_CAUSAL
T1136,Create Account,T1555.003,Credentials from Web Browsers,A2_W0::2020->2021,0.0242765590020991,0.0070461232225605,0.0,0.0172304357795386,0.9999999999419632,1,3,58,CO_DOCUMENT_RELATIONAL_EXCESS_NOT_EXECUTION_OR_CAUSAL
T1136.001,Local Account,T1608.005,Link Target,A2_W0::2020->2021,0.023684447806926,0.0064540120273873,0.0,0.0172304357795386,0.9999999999419632,0,2,59,CO_DOCUMENT_RELATIONAL_EXCESS_NOT_EXECUTION_OR_CAUSAL
T1587.003,Digital Certificates,T1608.002,Upload Tool,A2_W0::2020->2021,0.023684447806926,0.0064540120273873,0.0,0.0172304357795386,0.9999999999419632,0,2,60,CO_DOCUMENT_RELATIONAL_EXCESS_NOT_EXECUTION_OR_CAUSAL
T1587.003,Digital Certificates,T1608.003,Install Digital Certificate,A2_W0::2020->2021,0.023684447806926,0.0064540120273873,0.0,0.0172304357795386,0.9999999999419632,0,2,61,CO_DOCUMENT_RELATIONAL_EXCESS_NOT_EXECUTION_OR_CAUSAL
T1053,Scheduled Task/Job,T1608.003,Install Digital Certificate,A2_W0::2020->2021,0.0260528925876186,0.008863904591742,0.0,0.0171889879958765,0.9999999999418232,1,3,62,CO_DOCUMENT_RELATIONAL_EXCESS_NOT_EXECUTION_OR_CAUSAL
T1010,Application Window Discovery,T1608.002,Upload Tool,A2_W0::2020->2021,0.023684447806926,0.0065132231469046,0.0,0.0171712246600213,0.9999999999417633,0,2,63,CO_DOCUMENT_RELATIONAL_EXCESS_NOT_EXECUTION_OR_CAUSAL
T1083,File and Directory Discovery,T1608.001,Upload Malware,A2_W0::2020->2021,0.023684447806926,0.0065132231469046,0.0,0.0171712246600213,0.9999999999417633,0,2,64,CO_DOCUMENT_RELATIONAL_EXCESS_NOT_EXECUTION_OR_CAUSAL
T1136,Create Account,T1587.003,Digital Certificates,A2_W0::2020->2021,0.023684447806926,0.0065132231469046,0.0,0.0171712246600213,0.9999999999417633,0,2,65,CO_DOCUMENT_RELATIONAL_EXCESS_NOT_EXECUTION_OR_CAUSAL
T1486,Data Encrypted for Impact,T1587.003,Digital Certificates,A2_W0::2020->2021,0.023684447806926,0.0065132231469046,0.0,0.0171712246600213,0.9999999999417633,0,2,66,CO_DOCUMENT_RELATIONAL_EXCESS_NOT_EXECUTION_OR_CAUSAL
T1588.003,Code Signing Certificates,T1608.002,Upload Tool,A2_W0::2020->2021,0.023684447806926,0.0065132231469046,0.0,0.0171712246600213,0.9999999999417633,0,2,67,CO_DOCUMENT_RELATIONAL_EXCESS_NOT_EXECUTION_OR_CAUSAL
T1486,Data Encrypted for Impact,T1608.001,Upload Malware,A2_W0::2020->2021,0.023684447806926,0.0065724342664219,0.0,0.017112013540504,0.9999999999415616,0,2,68,CO_DOCUMENT_RELATIONAL_EXCESS_NOT_EXECUTION_OR_CAUSAL
T1588.003,Code Signing Certificates,T1608.005,Link Target,A2_W0::2020->2021,0.023684447806926,0.0065724342664219,0.0,0.017112013540504,0.9999999999415616,0,2,69,CO_DOCUMENT_RELATIONAL_EXCESS_NOT_EXECUTION_OR_CAUSAL
T1010,Application Window Discovery,T1608.001,Upload Malware,A2_W0::2020->2021,0.023684447806926,0.0066316453859392,0.0,0.0170528024209867,0.9999999999413588,0,2,70,CO_DOCUMENT_RELATIONAL_EXCESS_NOT_EXECUTION_OR_CAUSAL
T1083,File and Directory Discovery,T1608.005,Link Target,A2_W0::2020->2021,0.023684447806926,0.0066316453859392,0.0,0.0170528024209867,0.9999999999413588,0,2,71,CO_DOCUMENT_RELATIONAL_EXCESS_NOT_EXECUTION_OR_CAUSAL
T1136.001,Local Account,T1555.003,Credentials from Web Browsers,A2_W0::2020->2021,0.023684447806926,0.0066316453859392,0.0,0.0170528024209867,0.9999999999413588,0,2,72,CO_DOCUMENT_RELATIONAL_EXCESS_NOT_EXECUTION_OR_CAUSAL
T1016,System Network Configuration Discovery,T1070.004,File Deletion,A2_W0::2020->2021,0.0039756037390197,0.004718280352394,0.0170097705754781,0.0,-0.9999999999412104,5,2,73,CO_DOCUMENT_RELATIONAL_EXCESS_NOT_EXECUTION_OR_CAUSAL
T1608.001,Upload Malware,T1608.003,Install Digital Certificate,A2_W0::2020->2021,0.023684447806926,0.0066908565054566,0.0,0.0169935913014694,0.9999999999411544,0,2,74,CO_DOCUMENT_RELATIONAL_EXCESS_NOT_EXECUTION_OR_CAUSAL
T1022,Data Encrypted,T1134.001,Token Impersonation/Theft,A2_W0::2020->2021,0.023684447806926,0.0067500676249739,0.0,0.016934380181952,0.9999999999409486,0,2,75,CO_DOCUMENT_RELATIONAL_EXCESS_NOT_EXECUTION_OR_CAUSAL
T1022,Data Encrypted,T1555.003,Credentials from Web Browsers,A2_W0::2020->2021,0.0242765590020991,0.007342178820147,0.0,0.016934380181952,0.9999999999409486,1,3,76,CO_DOCUMENT_RELATIONAL_EXCESS_NOT_EXECUTION_OR_CAUSAL
T1022,Data Encrypted,T1608.005,Link Target,A2_W0::2020->2021,0.023684447806926,0.0068092787444912,0.0,0.0168751690624347,0.9999999999407414,0,2,77,CO_DOCUMENT_RELATIONAL_EXCESS_NOT_EXECUTION_OR_CAUSAL
T1053,Scheduled Task/Job,T1608.005,Link Target,A2_W0::2020->2021,0.023684447806926,0.0068684898640085,0.0,0.0168159579429174,0.9999999999405328,0,2,78,CO_DOCUMENT_RELATIONAL_EXCESS_NOT_EXECUTION_OR_CAUSAL
T1555.003,Credentials from Web Browsers,T1588.003,Code Signing Certificates,A2_W0::2020->2021,0.023684447806926,0.0068684898640085,0.0,0.0168159579429174,0.9999999999405328,0,2,79,CO_DOCUMENT_RELATIONAL_EXCESS_NOT_EXECUTION_OR_CAUSAL
T1134,Access Token Manipulation,T1555.003,Credentials from Web Browsers,A2_W0::2020->2021,0.023684447806926,0.0069277009835258,0.0,0.0167567468234001,0.9999999999403226,0,2,80,CO_DOCUMENT_RELATIONAL_EXCESS_NOT_EXECUTION_OR_CAUSAL
T1057,Process Discovery,T1608.002,Upload Tool,A2_W0::2020->2021,0.023684447806926,0.0069869121030431,0.0,0.0166975357038828,0.999999999940111,0,2,81,CO_DOCUMENT_RELATIONAL_EXCESS_NOT_EXECUTION_OR_CAUSAL
T1083,File and Directory Discovery,T1608.002,Upload Tool,A2_W0::2020->2021,0.023684447806926,0.0069869121030431,0.0,0.0166975357038828,0.999999999940111,0,2,82,CO_DOCUMENT_RELATIONAL_EXCESS_NOT_EXECUTION_OR_CAUSAL
T1136,Create Account,T1588.003,Code Signing Certificates,A2_W0::2020->2021,0.023684447806926,0.0069869121030431,0.0,0.0166975357038828,0.999999999940111,0,2,83,CO_DOCUMENT_RELATIONAL_EXCESS_NOT_EXECUTION_OR_CAUSAL
T1136.001,Local Account,T1204.002,Malicious File,A2_W0::2020->2021,0.023684447806926,0.0069869121030431,0.0,0.0166975357038828,0.999999999940111,0,2,84,CO_DOCUMENT_RELATIONAL_EXCESS_NOT_EXECUTION_OR_CAUSAL
T1010,Application Window Discovery,T1204.002,Malicious File,A2_W0::2020->2021,0.023684447806926,0.0070461232225604,0.0,0.0166383245843655,0.999999999939898,1,2,85,CO_DOCUMENT_RELATIONAL_EXCESS_NOT_EXECUTION_OR_CAUSAL
T1136.001,Local Account,T1608.001,Upload Malware,A2_W0::2020->2021,0.023684447806926,0.0070461232225604,0.0,0.0166383245843655,0.999999999939898,0,2,86,CO_DOCUMENT_RELATIONAL_EXCESS_NOT_EXECUTION_OR_CAUSAL
T1608.002,Upload Tool,T1608.003,Install Digital Certificate,A2_W0::2020->2021,0.023684447806926,0.0070461232225604,0.0,0.0166383245843655,0.999999999939898,0,2,87,CO_DOCUMENT_RELATIONAL_EXCESS_NOT_EXECUTION_OR_CAUSAL
T1012,Query Registry,T1608.005,Link Target,A2_W0::2020->2021,0.023684447806926,0.0071053343420778,0.0,0.0165791134648482,0.9999999999396832,0,2,88,CO_DOCUMENT_RELATIONAL_EXCESS_NOT_EXECUTION_OR_CAUSAL
T1053,Scheduled Task/Job,T1555.003,Credentials from Web Browsers,A2_W0::2020->2021,0.0242765590020991,0.0076974455372509,0.0,0.0165791134648481,0.9999999999396832,1,3,89,CO_DOCUMENT_RELATIONAL_EXCESS_NOT_EXECUTION_OR_CAUSAL
T1134.001,Token Impersonation/Theft,T1608.005,Link Target,A2_W0::2020->2021,0.023684447806926,0.0071053343420778,0.0,0.0165791134648482,0.9999999999396832,0,2,90,CO_DOCUMENT_RELATIONAL_EXCESS_NOT_EXECUTION_OR_CAUSAL
T1587.003,Digital Certificates,T1608.005,Link Target,A2_W0::2020->2021,0.023684447806926,0.0071053343420778,0.0,0.0165791134648482,0.9999999999396832,0,2,91,CO_DOCUMENT_RELATIONAL_EXCESS_NOT_EXECUTION_OR_CAUSAL
T1033,System Owner/User Discovery,T1059.001,PowerShell,A2_W0::2020->2021,0.0076974455372509,0.0079461322392236,0.0165610491213202,0.0,-0.9999999999396174,6,2,92,CO_DOCUMENT_RELATIONAL_EXCESS_NOT_EXECUTION_OR_CAUSAL
T1057,Process Discovery,T1486,Data Encrypted for Impact,A2_W0::2020->2021,0.0333555973280874,0.0168199053508853,0.0,0.0165356919772021,0.9999999999395248,4,5,93,CO_DOCUMENT_RELATIONAL_EXCESS_NOT_EXECUTION_OR_CAUSAL
T1010,Application Window Discovery,T1486,Data Encrypted for Impact,A2_W0::2020->2021,0.023684447806926,0.0071645454615951,0.0,0.0165199023453308,0.9999999999394672,1,2,94,CO_DOCUMENT_RELATIONAL_EXCESS_NOT_EXECUTION_OR_CAUSAL
T1134,Access Token Manipulation,T1587.003,Digital Certificates,A2_W0::2020->2021,0.023684447806926,0.0071645454615951,0.0,0.0165199023453308,0.9999999999394672,0,2,95,CO_DOCUMENT_RELATIONAL_EXCESS_NOT_EXECUTION_OR_CAUSAL
T1608.003,Install Digital Certificate,T1608.005,Link Target,A2_W0::2020->2021,0.023684447806926,0.0071645454615951,0.0,0.0165199023453308,0.9999999999394672,0,2,96,CO_DOCUMENT_RELATIONAL_EXCESS_NOT_EXECUTION_OR_CAUSAL
T1012,Query Registry,T1555.003,Credentials from Web Browsers,A2_W0::2020->2021,0.0242765590020991,0.0078158677762856,0.0,0.0164606912258135,0.9999999999392492,1,3,97,CO_DOCUMENT_RELATIONAL_EXCESS_NOT_EXECUTION_OR_CAUSAL
T1012,Query Registry,T1608.001,Upload Malware,A2_W0::2020->2021,0.023684447806926,0.0072237565811124,0.0,0.0164606912258135,0.9999999999392492,0,2,98,CO_DOCUMENT_RELATIONAL_EXCESS_NOT_EXECUTION_OR_CAUSAL
T1022,Data Encrypted,T1587.003,Digital Certificates,A2_W0::2020->2021,0.023684447806926,0.0072237565811124,0.0,0.0164606912258135,0.9999999999392492,0,2,99,CO_DOCUMENT_RELATIONAL_EXCESS_NOT_EXECUTION_OR_CAUSAL
T1053,Scheduled Task/Job,T1608.002,Upload Tool,A2_W0::2020->2021,0.023684447806926,0.0072237565811124,0.0,0.0164606912258135,0.9999999999392492,0,2,100,CO_DOCUMENT_RELATIONAL_EXCESS_NOT_EXECUTION_OR_CAUSAL
T1221,Template Injection,T1546,Event Triggered Execution,A2_W0::2021->2022,0.0432588980373862,0.006272540215421,0.0,0.0369863578219652,0.9999999999729632,0,2,1,CO_DOCUMENT_RELATIONAL_EXCESS_NOT_EXECUTION_OR_CAUSAL
T1546,Event Triggered Execution,T1589.002,Email Addresses,A2_W0::2021->2022,0.0432588980373862,0.0070295709310752,0.0,0.0362293271063109,0.999999999972398,0,2,2,CO_DOCUMENT_RELATIONAL_EXCESS_NOT_EXECUTION_OR_CAUSAL
T1221,Template Injection,T1589.002,Email Addresses,A2_W0::2021->2022,0.0432588980373862,0.0100576937936922,0.0,0.0332012042436939,0.9999999999698806,0,2,3,CO_DOCUMENT_RELATIONAL_EXCESS_NOT_EXECUTION_OR_CAUSAL
T1082,System Information Discovery,T1134,Access Token Manipulation,A2_W0::2021->2022,0.0,0.0,0.0276769690086649,0.0,-0.9999999999638688,6,0,4,CO_DOCUMENT_RELATIONAL_EXCESS_NOT_EXECUTION_OR_CAUSAL
T1033,System Owner/User Discovery,T1082,System Information Discovery,A2_W0::2021->2022,0.0010814724509346,0.0010814724509346,0.0266686882305987,3.469446951953614e-18,-0.9999999999625028,7,1,5,CO_DOCUMENT_RELATIONAL_EXCESS_NOT_EXECUTION_OR_CAUSAL
T1204,User Execution,T1573,Encrypted Channel,A2_W0::2021->2022,0.0324441735280396,0.0083994360355925,0.0,0.0240447374924471,0.9999999999584108,3,3,6,CO_DOCUMENT_RELATIONAL_EXCESS_NOT_EXECUTION_OR_CAUSAL
T1082,System Information Discovery,T1087,Account Discovery,A2_W0::2021->2022,0.0010814724509346,0.0010814724509346,0.0236252366874086,3.469446951953614e-18,-0.9999999999576722,5,1,7,CO_DOCUMENT_RELATIONAL_EXCESS_NOT_EXECUTION_OR_CAUSAL
T1003,OS Credential Dumping,T1136,Create Account,A2_W0::2021->2022,0.031362701077105,0.008457114566309,0.0,0.022905586510796,0.9999999999563426,6,3,8,CO_DOCUMENT_RELATIONAL_EXCESS_NOT_EXECUTION_OR_CAUSAL
T1033,System Owner/User Discovery,T1190,Exploit Public-Facing Application,A2_W0::2021->2022,0.0010814724509346,0.0010814724509346,0.022713385446842,3.469446951953614e-18,-0.9999999999559728,5,1,9,CO_DOCUMENT_RELATIONAL_EXCESS_NOT_EXECUTION_OR_CAUSAL
T1078,Valid Accounts,T1190,Exploit Public-Facing Application,A2_W0::2021->2022,0.0010814724509346,0.0010814724509346,0.0226936484070029,3.469446951953614e-18,-0.9999999999559346,6,1,10,CO_DOCUMENT_RELATIONAL_EXCESS_NOT_EXECUTION_OR_CAUSAL
T1059.007,JavaScript,T1593.001,Social Media,A2_W0::2021->2022,0.0360490816978218,0.0135184056366832,0.0,0.0225306760611386,0.9999999999556162,0,2,11,CO_DOCUMENT_RELATIONAL_EXCESS_NOT_EXECUTION_OR_CAUSAL
T1134,Access Token Manipulation,T1190,Exploit Public-Facing Application,A2_W0::2021->2022,0.0,0.0,0.0224520106478298,0.0,-0.9999999999554606,5,0,12,CO_DOCUMENT_RELATIONAL_EXCESS_NOT_EXECUTION_OR_CAUSAL
T1016,System Network Configuration Discovery,T1082,System Information Discovery,A2_W0::2021->2022,0.0010814724509346,0.0010814724509346,0.0224004123865362,3.469446951953614e-18,-0.9999999999553576,7,1,13,CO_DOCUMENT_RELATIONAL_EXCESS_NOT_EXECUTION_OR_CAUSAL
T1082,System Information Discovery,T1190,Exploit Public-Facing Application,A2_W0::2021->2022,0.0025234357188475,0.0025234357188475,0.0221111237740373,0.0,-0.999999999954774,6,2,14,CO_DOCUMENT_RELATIONAL_EXCESS_NOT_EXECUTION_OR_CAUSAL
T1016,System Network Configuration Discovery,T1190,Exploit Public-Facing Application,A2_W0::2021->2022,0.0010814724509346,0.0010814724509346,0.021412432563733,3.469446951953614e-18,-0.999999999953298,6,1,15,CO_DOCUMENT_RELATIONAL_EXCESS_NOT_EXECUTION_OR_CAUSAL
T1134,Access Token Manipulation,T1134.001,Token Impersonation/Theft,A2_W0::2021->2022,0.0,0.0,0.021125681570642,0.0,-0.9999999999526644,4,0,16,CO_DOCUMENT_RELATIONAL_EXCESS_NOT_EXECUTION_OR_CAUSAL
T1078,Valid Accounts,T1082,System Information Discovery,A2_W0::2021->2022,0.0010814724509346,0.0010814724509346,0.0206054695920256,3.469446951953614e-18,-0.9999999999514688,5,1,17,CO_DOCUMENT_RELATIONAL_EXCESS_NOT_EXECUTION_OR_CAUSAL
T1033,System Owner/User Discovery,T1087,Account Discovery,A2_W0::2021->2022,0.0010814724509346,0.0010814724509346,0.0205107318007979,3.469446951953614e-18,-0.9999999999512448,5,1,18,CO_DOCUMENT_RELATIONAL_EXCESS_NOT_EXECUTION_OR_CAUSAL
T1016,System Network Configuration Discovery,T1033,System Owner/User Discovery,A2_W0::2021->2022,0.0010814724509346,0.0010814724509346,0.0204752051290875,3.469446951953614e-18,-0.9999999999511602,7,1,19,CO_DOCUMENT_RELATIONAL_EXCESS_NOT_EXECUTION_OR_CAUSAL
T1087,Account Discovery,T1190,Exploit Public-Facing Application,A2_W0::2021->2022,0.0010814724509346,0.0010814724509346,0.0204278362334736,3.469446951953614e-18,-0.9999999999510468,4,1,20,CO_DOCUMENT_RELATIONAL_EXCESS_NOT_EXECUTION_OR_CAUSAL
T1053,Scheduled Task/Job,T1068,Exploitation for Privilege Escalation,A2_W0::2021->2022,0.0216294490186931,0.0012977669411215,0.0,0.0203316820775715,0.9999999999508158,0,1,21,CO_DOCUMENT_RELATIONAL_EXCESS_NOT_EXECUTION_OR_CAUSAL
T1053,Scheduled Task/Job,T1082,System Information Discovery,A2_W0::2021->2022,0.0010814724509346,0.0010814724509346,0.0201740742926851,3.469446951953614e-18,-0.9999999999504312,5,1,22,CO_DOCUMENT_RELATIONAL_EXCESS_NOT_EXECUTION_OR_CAUSAL
T1033,System Owner/User Discovery,T1053,Scheduled Task/Job,A2_W0::2021->2022,0.0010814724509346,0.0010814724509346,0.0199955950609973,3.469446951953614e-18,-0.9999999999499888,5,1,23,CO_DOCUMENT_RELATIONAL_EXCESS_NOT_EXECUTION_OR_CAUSAL
T1047,Windows Management Instrumentation,T1568.001,Fast Flux DNS,A2_W0::2021->2022,0.0216294490186931,0.0018385031665889,0.0,0.0197909458521042,0.999999999949472,0,1,24,CO_DOCUMENT_RELATIONAL_EXCESS_NOT_EXECUTION_OR_CAUSAL
T1068,Exploitation for Privilege Escalation,T1134,Access Token Manipulation,A2_W0::2021->2022,0.0216294490186931,0.0018385031665889,0.0,0.0197909458521042,0.999999999949472,0,1,25,CO_DOCUMENT_RELATIONAL_EXCESS_NOT_EXECUTION_OR_CAUSAL
T1068,Exploitation for Privilege Escalation,T1136,Create Account,A2_W0::2021->2022,0.0216294490186931,0.0019466504116823,0.0,0.0196827986070107,0.9999999999491944,0,1,26,CO_DOCUMENT_RELATIONAL_EXCESS_NOT_EXECUTION_OR_CAUSAL
T1082,System Information Discovery,T1134.001,Token Impersonation/Theft,A2_W0::2021->2022,0.0,0.0,0.0195312107093543,0.0,-0.9999999999488,4,0,27,CO_DOCUMENT_RELATIONAL_EXCESS_NOT_EXECUTION_OR_CAUSAL
T1012,Query Registry,T1134,Access Token Manipulation,A2_W0::2021->2022,0.0,0.0,0.0194330894255827,0.0,-0.9999999999485416,6,0,28,CO_DOCUMENT_RELATIONAL_EXCESS_NOT_EXECUTION_OR_CAUSAL
T1057,Process Discovery,T1587.003,Digital Certificates,A2_W0::2021->2022,0.0,0.0,0.0193028249626446,0.0,-0.9999999999481942,2,0,29,CO_DOCUMENT_RELATIONAL_EXCESS_NOT_EXECUTION_OR_CAUSAL
T1021,Remote Services,T1110,Brute Force,A2_W0::2021->2022,0.0,0.0057101745409349,0.01905315140868,0.0,-0.9999999999475152,4,0,30,CO_DOCUMENT_RELATIONAL_EXCESS_NOT_EXECUTION_OR_CAUSAL
T1033,System Owner/User Discovery,T1134,Access Token Manipulation,A2_W0::2021->2022,0.0,0.0,0.019030453812865,0.0,-0.9999999999474528,5,0,31,CO_DOCUMENT_RELATIONAL_EXCESS_NOT_EXECUTION_OR_CAUSAL
T1012,Query Registry,T1136,Create Account,A2_W0::2021->2022,0.0010814724509346,0.0010814724509346,0.0190067693650581,3.469446951953614e-18,-0.9999999999473868,6,1,32,CO_DOCUMENT_RELATIONAL_EXCESS_NOT_EXECUTION_OR_CAUSAL
T1003,OS Credential Dumping,T1068,Exploitation for Privilege Escalation,A2_W0::2021->2022,0.0216294490186931,0.0027036811273366,0.0,0.0189257678913564,0.999999999947162,0,1,33,CO_DOCUMENT_RELATIONAL_EXCESS_NOT_EXECUTION_OR_CAUSAL
T1132,Data Encoding,T1204,User Execution,A2_W0::2021->2022,0.0252343571884753,0.0063266138379677,0.0,0.0189077433505075,0.9999999999471116,1,2,34,CO_DOCUMENT_RELATIONAL_EXCESS_NOT_EXECUTION_OR_CAUSAL
T1132.001,Standard Encoding,T1204,User Execution,A2_W0::2021->2022,0.0252343571884753,0.0063446383788166,0.0,0.0188897188096586,0.9999999999470612,1,2,35,CO_DOCUMENT_RELATIONAL_EXCESS_NOT_EXECUTION_OR_CAUSAL
T1012,Query Registry,T1083,File and Directory Discovery,A2_W0::2021->2022,0.0010814724509346,0.0010814724509346,0.0188054515586992,3.469446951953614e-18,-0.9999999999468236,5,1,36,CO_DOCUMENT_RELATIONAL_EXCESS_NOT_EXECUTION_OR_CAUSAL
T1053,Scheduled Task/Job,T1134.001,Token Impersonation/Theft,A2_W0::2021->2022,0.0,0.0,0.0187064844017917,0.0,-0.9999999999465428,3,0,37,CO_DOCUMENT_RELATIONAL_EXCESS_NOT_EXECUTION_OR_CAUSAL
T1010,Application Window Discovery,T1134,Access Token Manipulation,A2_W0::2021->2022,0.0,0.0,0.0186515026479542,0.0,-0.9999999999463852,2,0,38,CO_DOCUMENT_RELATIONAL_EXCESS_NOT_EXECUTION_OR_CAUSAL
T1608.002,Upload Tool,T1608.005,Link Target,A2_W0::2021->2022,0.0,0.0,0.0186515026479542,0.0,-0.9999999999463852,2,0,39,CO_DOCUMENT_RELATIONAL_EXCESS_NOT_EXECUTION_OR_CAUSAL
T1010,Application Window Discovery,T1136.001,Local Account,A2_W0::2021->2022,0.0,0.0,0.0185922915284369,0.0,-0.9999999999462144,2,0,40,CO_DOCUMENT_RELATIONAL_EXCESS_NOT_EXECUTION_OR_CAUSAL
T1010,Application Window Discovery,T1083,File and Directory Discovery,A2_W0::2021->2022,0.0,0.0,0.0184738692894022,0.0,-0.9999999999458696,2,0,41,CO_DOCUMENT_RELATIONAL_EXCESS_NOT_EXECUTION_OR_CAUSAL
T1010,Application Window Discovery,T1587.003,Digital Certificates,A2_W0::2021->2022,0.0,0.0,0.0184738692894022,0.0,-0.9999999999458696,2,0,42,CO_DOCUMENT_RELATIONAL_EXCESS_NOT_EXECUTION_OR_CAUSAL
T1134.001,Token Impersonation/Theft,T1588.003,Code Signing Certificates,A2_W0::2021->2022,0.0,0.0,0.0184738692894022,0.0,-0.9999999999458696,2,0,43,CO_DOCUMENT_RELATIONAL_EXCESS_NOT_EXECUTION_OR_CAUSAL
T1134,Access Token Manipulation,T1486,Data Encrypted for Impact,A2_W0::2021->2022,0.0,0.0,0.0183554470503676,0.0,-0.9999999999455204,4,0,44,CO_DOCUMENT_RELATIONAL_EXCESS_NOT_EXECUTION_OR_CAUSAL
T1588.003,Code Signing Certificates,T1608.001,Upload Malware,A2_W0::2021->2022,0.0,0.0,0.0182962359308503,0.0,-0.999999999945344,2,0,45,CO_DOCUMENT_RELATIONAL_EXCESS_NOT_EXECUTION_OR_CAUSAL
T1022,Data Encrypted,T1134,Access Token Manipulation,A2_W0::2021->2022,0.0,0.0,0.018237024811333,0.0,-0.9999999999451664,4,0,46,CO_DOCUMENT_RELATIONAL_EXCESS_NOT_EXECUTION_OR_CAUSAL
T1555.003,Credentials from Web Browsers,T1608.005,Link Target,A2_W0::2021->2022,0.0,0.0,0.0181186025722983,0.0,-0.999999999944808,2,0,47,CO_DOCUMENT_RELATIONAL_EXCESS_NOT_EXECUTION_OR_CAUSAL
T1113,Screen Capture,T1556.006,Multi-Factor Authentication,A2_W0::2021->2022,0.0216294490186931,0.0035688590880843,0.0,0.0180605899306087,0.9999999999446308,1,1,48,CO_DOCUMENT_RELATIONAL_EXCESS_NOT_EXECUTION_OR_CAUSAL
T1010,Application Window Discovery,T1588.003,Code Signing Certificates,A2_W0::2021->2022,0.0,0.0,0.0180001803332637,0.0,-0.9999999999444452,2,0,49,CO_DOCUMENT_RELATIONAL_EXCESS_NOT_EXECUTION_OR_CAUSAL
T1083,File and Directory Discovery,T1134,Access Token Manipulation,A2_W0::2021->2022,0.0,0.0,0.0179646536615533,0.0,-0.9999999999443352,4,0,50,CO_DOCUMENT_RELATIONAL_EXCESS_NOT_EXECUTION_OR_CAUSAL
T1010,Application Window Discovery,T1555.003,Credentials from Web Browsers,A2_W0::2021->2022,0.0,0.0,0.0179409692137464,0.0,-0.9999999999442616,2,0,51,CO_DOCUMENT_RELATIONAL_EXCESS_NOT_EXECUTION_OR_CAUSAL
T1134.001,Token Impersonation/Theft,T1587.003,Digital Certificates,A2_W0::2021->2022,0.0,0.0,0.0178817580942291,0.0,-0.9999999999440772,2,0,52,CO_DOCUMENT_RELATIONAL_EXCESS_NOT_EXECUTION_OR_CAUSAL
T1556.006,Multi-Factor Authentication,T1590.005,IP Addresses,A2_W0::2021->2022,0.0223883770544367,0.0045440816140149,0.0,0.0178442954404218,0.9999999999439596,3,2,53,CO_DOCUMENT_RELATIONAL_EXCESS_NOT_EXECUTION_OR_CAUSAL
T1555.003,Credentials from Web Browsers,T1608.003,Install Digital Certificate,A2_W0::2021->2022,0.0,0.0,0.0178225469747118,0.0,-0.9999999999438912,2,0,54,CO_DOCUMENT_RELATIONAL_EXCESS_NOT_EXECUTION_OR_CAUSAL
T1010,Application Window Discovery,T1053,Scheduled Task/Job,A2_W0::2021->2022,0.0,0.0,0.0177633358551945,0.0,-0.9999999999437044,2,0,55,CO_DOCUMENT_RELATIONAL_EXCESS_NOT_EXECUTION_OR_CAUSAL
T1083,File and Directory Discovery,T1587.003,Digital Certificates,A2_W0::2021->2022,0.0,0.0,0.0177633358551945,0.0,-0.9999999999437044,2,0,56,CO_DOCUMENT_RELATIONAL_EXCESS_NOT_EXECUTION_OR_CAUSAL
T1608.001,Upload Malware,T1608.005,Link Target,A2_W0::2021->2022,0.0,0.0,0.0177633358551945,0.0,-0.9999999999437044,2,0,57,CO_DOCUMENT_RELATIONAL_EXCESS_NOT_EXECUTION_OR_CAUSAL
T1486,Data Encrypted for Impact,T1555.003,Credentials from Web Browsers,A2_W0::2021->2022,0.0010814724509346,0.0010814724509346,0.0177633358551945,3.469446951953614e-18,-0.999999999943704,3,1,58,CO_DOCUMENT_RELATIONAL_EXCESS_NOT_EXECUTION_OR_CAUSAL
T1134,Access Token Manipulation,T1608.005,Link Target,A2_W0::2021->2022,0.0,0.0,0.0177041247356771,0.0,-0.999999999943516,2,0,59,CO_DOCUMENT_RELATIONAL_EXCESS_NOT_EXECUTION_OR_CAUSAL
T1555.003,Credentials from Web Browsers,T1587.003,Digital Certificates,A2_W0::2021->2022,0.0,0.0,0.0177041247356771,0.0,-0.999999999943516,2,0,60,CO_DOCUMENT_RELATIONAL_EXCESS_NOT_EXECUTION_OR_CAUSAL
T1588.003,Code Signing Certificates,T1608.003,Install Digital Certificate,A2_W0::2021->2022,0.0,0.0,0.0177041247356771,0.0,-0.999999999943516,2,0,61,CO_DOCUMENT_RELATIONAL_EXCESS_NOT_EXECUTION_OR_CAUSAL
T1012,Query Registry,T1022,Data Encrypted,A2_W0::2021->2022,0.0010814724509346,0.0010814724509346,0.0177041247356771,3.469446951953614e-18,-0.9999999999435156,5,1,62,CO_DOCUMENT_RELATIONAL_EXCESS_NOT_EXECUTION_OR_CAUSAL
T1053,Scheduled Task/Job,T1486,Data Encrypted for Impact,A2_W0::2021->2022,0.0010814724509346,0.0010814724509346,0.0177041247356772,3.469446951953614e-18,-0.9999999999435156,4,1,63,CO_DOCUMENT_RELATIONAL_EXCESS_NOT_EXECUTION_OR_CAUSAL
T1012,Query Registry,T1608.002,Upload Tool,A2_W0::2021->2022,0.0,0.005245141387033,0.0176449136161598,0.0,-0.9999999999433266,2,0,64,CO_DOCUMENT_RELATIONAL_EXCESS_NOT_EXECUTION_OR_CAUSAL
T1204.002,Malicious File,T1608.005,Link Target,A2_W0::2021->2022,0.0,0.0,0.0176449136161598,0.0,-0.9999999999433266,2,0,65,CO_DOCUMENT_RELATIONAL_EXCESS_NOT_EXECUTION_OR_CAUSAL
T1010,Application Window Discovery,T1012,Query Registry,A2_W0::2021->2022,0.0,0.0,0.0175857024966425,0.0,-0.9999999999431356,2,0,66,CO_DOCUMENT_RELATIONAL_EXCESS_NOT_EXECUTION_OR_CAUSAL
T1012,Query Registry,T1587.003,Digital Certificates,A2_W0::2021->2022,0.0,0.0,0.0175857024966425,0.0,-0.9999999999431356,2,0,67,CO_DOCUMENT_RELATIONAL_EXCESS_NOT_EXECUTION_OR_CAUSAL
T1486,Data Encrypted for Impact,T1608.002,Upload Tool,A2_W0::2021->2022,0.0,0.0,0.0175857024966425,0.0,-0.9999999999431356,2,0,68,CO_DOCUMENT_RELATIONAL_EXCESS_NOT_EXECUTION_OR_CAUSAL
T1033,System Owner/User Discovery,T1078,Valid Accounts,A2_W0::2021->2022,0.0010814724509346,0.0010814724509346,0.0175324124890769,3.469446951953614e-18,-0.9999999999429624,5,1,69,CO_DOCUMENT_RELATIONAL_EXCESS_NOT_EXECUTION_OR_CAUSAL
T1134,Access Token Manipulation,T1608.002,Upload Tool,A2_W0::2021->2022,0.0,0.0,0.0175264913771252,0.0,-0.9999999999429436,2,0,70,CO_DOCUMENT_RELATIONAL_EXCESS_NOT_EXECUTION_OR_CAUSAL
T1486,Data Encrypted for Impact,T1608.003,Install Digital Certificate,A2_W0::2021->2022,0.0,0.0,0.0175264913771252,0.0,-0.9999999999429436,2,0,71,CO_DOCUMENT_RELATIONAL_EXCESS_NOT_EXECUTION_OR_CAUSAL
T1083,File and Directory Discovery,T1555.003,Credentials from Web Browsers,A2_W0::2021->2022,0.0010814724509346,0.0010814724509346,0.0175264913771252,3.469446951953614e-18,-0.9999999999429432,3,1,72,CO_DOCUMENT_RELATIONAL_EXCESS_NOT_EXECUTION_OR_CAUSAL
T1053.005,Scheduled Task,T1568.001,Fast Flux DNS,A2_W0::2021->2022,0.0216294490186931,0.0041095953135516,0.0,0.0175198537051414,0.999999999942922,0,1,73,CO_DOCUMENT_RELATIONAL_EXCESS_NOT_EXECUTION_OR_CAUSAL
T1136,Create Account,T1608.003,Install Digital Certificate,A2_W0::2021->2022,0.0,0.0,0.0175146491532217,0.0,-0.999999999942905,3,0,74,CO_DOCUMENT_RELATIONAL_EXCESS_NOT_EXECUTION_OR_CAUSAL
T1136,Create Account,T1608.002,Upload Tool,A2_W0::2021->2022,0.0,0.0,0.0174672802576079,0.0,-0.99999999994275,2,0,75,CO_DOCUMENT_RELATIONAL_EXCESS_NOT_EXECUTION_OR_CAUSAL
T1136.001,Local Account,T1588.003,Code Signing Certificates,A2_W0::2021->2022,0.0,0.0,0.0174672802576079,0.0,-0.99999999994275,2,0,76,CO_DOCUMENT_RELATIONAL_EXCESS_NOT_EXECUTION_OR_CAUSAL
T1136.001,Local Account,T1608.003,Install Digital Certificate,A2_W0::2021->2022,0.0,0.0,0.0174672802576079,0.0,-0.99999999994275,2,0,77,CO_DOCUMENT_RELATIONAL_EXCESS_NOT_EXECUTION_OR_CAUSAL
T1136,Create Account,T1486,Data Encrypted for Impact,A2_W0::2021->2022,0.0010814724509346,0.0010814724509346,0.0174672802576079,3.469446951953614e-18,-0.9999999999427498,4,1,78,CO_DOCUMENT_RELATIONAL_EXCESS_NOT_EXECUTION_OR_CAUSAL
T1134.001,Token Impersonation/Theft,T1608.002,Upload Tool,A2_W0::2021->2022,0.0,0.0,0.0174080691380906,0.0,-0.9999999999425554,2,0,79,CO_DOCUMENT_RELATIONAL_EXCESS_NOT_EXECUTION_OR_CAUSAL
T1555.003,Credentials from Web Browsers,T1608.002,Upload Tool,A2_W0::2021->2022,0.0,0.0,0.0174080691380906,0.0,-0.9999999999425554,2,0,80,CO_DOCUMENT_RELATIONAL_EXCESS_NOT_EXECUTION_OR_CAUSAL
T1012,Query Registry,T1134.001,Token Impersonation/Theft,A2_W0::2021->2022,0.0,0.0,0.0173784635783319,0.0,-0.9999999999424576,2,0,81,CO_DOCUMENT_RELATIONAL_EXCESS_NOT_EXECUTION_OR_CAUSAL
T1012,Query Registry,T1588.003,Code Signing Certificates,A2_W0::2021->2022,0.0,0.0,0.0173488580185732,0.0,-0.9999999999423594,2,0,82,CO_DOCUMENT_RELATIONAL_EXCESS_NOT_EXECUTION_OR_CAUSAL
T1134,Access Token Manipulation,T1588.003,Code Signing Certificates,A2_W0::2021->2022,0.0,0.0,0.0173488580185732,0.0,-0.9999999999423594,2,0,83,CO_DOCUMENT_RELATIONAL_EXCESS_NOT_EXECUTION_OR_CAUSAL
T1486,Data Encrypted for Impact,T1588.003,Code Signing Certificates,A2_W0::2021->2022,0.0,0.0,0.0172896468990559,0.0,-0.999999999942162,2,0,84,CO_DOCUMENT_RELATIONAL_EXCESS_NOT_EXECUTION_OR_CAUSAL
T1022,Data Encrypted,T1608.002,Upload Tool,A2_W0::2021->2022,0.0,0.0,0.0172304357795386,0.0,-0.9999999999419632,2,0,85,CO_DOCUMENT_RELATIONAL_EXCESS_NOT_EXECUTION_OR_CAUSAL
T1134,Access Token Manipulation,T1608.001,Upload Malware,A2_W0::2021->2022,0.0,0.0027397302090344,0.0172304357795386,0.0,-0.9999999999419632,2,0,86,CO_DOCUMENT_RELATIONAL_EXCESS_NOT_EXECUTION_OR_CAUSAL
T1134.001,Token Impersonation/Theft,T1608.001,Upload Malware,A2_W0::2021->2022,0.0,0.0,0.0172304357795386,0.0,-0.9999999999419632,2,0,87,CO_DOCUMENT_RELATIONAL_EXCESS_NOT_EXECUTION_OR_CAUSAL
T1136.001,Local Account,T1608.005,Link Target,A2_W0::2021->2022,0.0,0.0,0.0172304357795386,0.0,-0.9999999999419632,2,0,88,CO_DOCUMENT_RELATIONAL_EXCESS_NOT_EXECUTION_OR_CAUSAL
T1587.003,Digital Certificates,T1608.002,Upload Tool,A2_W0::2021->2022,0.0,0.0,0.0172304357795386,0.0,-0.9999999999419632,2,0,89,CO_DOCUMENT_RELATIONAL_EXCESS_NOT_EXECUTION_OR_CAUSAL
T1587.003,Digital Certificates,T1608.003,Install Digital Certificate,A2_W0::2021->2022,0.0,0.0,0.0172304357795386,0.0,-0.9999999999419632,2,0,90,CO_DOCUMENT_RELATIONAL_EXCESS_NOT_EXECUTION_OR_CAUSAL
T1012,Query Registry,T1486,Data Encrypted for Impact,A2_W0::2021->2022,0.0010814724509346,0.0010814724509346,0.0172304357795386,3.469446951953614e-18,-0.9999999999419628,5,1,91,CO_DOCUMENT_RELATIONAL_EXCESS_NOT_EXECUTION_OR_CAUSAL
T1136,Create Account,T1555.003,Credentials from Web Browsers,A2_W0::2021->2022,0.0010814724509346,0.0010814724509346,0.0172304357795386,3.469446951953614e-18,-0.9999999999419628,3,1,92,CO_DOCUMENT_RELATIONAL_EXCESS_NOT_EXECUTION_OR_CAUSAL
T1204.002,Malicious File,T1555.003,Credentials from Web Browsers,A2_W0::2021->2022,0.0010814724509346,0.0010814724509346,0.0172304357795386,3.469446951953614e-18,-0.9999999999419628,3,1,93,CO_DOCUMENT_RELATIONAL_EXCESS_NOT_EXECUTION_OR_CAUSAL
T1053,Scheduled Task/Job,T1608.003,Install Digital Certificate,A2_W0::2021->2022,0.0,0.0,0.0171889879958765,0.0,-0.9999999999418232,3,0,94,CO_DOCUMENT_RELATIONAL_EXCESS_NOT_EXECUTION_OR_CAUSAL
T1010,Application Window Discovery,T1608.002,Upload Tool,A2_W0::2021->2022,0.0,0.0,0.0171712246600213,0.0,-0.9999999999417633,2,0,95,CO_DOCUMENT_RELATIONAL_EXCESS_NOT_EXECUTION_OR_CAUSAL
T1083,File and Directory Discovery,T1608.001,Upload Malware,A2_W0::2021->2022,0.0,0.0,0.0171712246600213,0.0,-0.9999999999417633,2,0,96,CO_DOCUMENT_RELATIONAL_EXCESS_NOT_EXECUTION_OR_CAUSAL
T1136,Create Account,T1587.003,Digital Certificates,A2_W0::2021->2022,0.0,0.0,0.0171712246600213,0.0,-0.9999999999417633,2,0,97,CO_DOCUMENT_RELATIONAL_EXCESS_NOT_EXECUTION_OR_CAUSAL
T1486,Data Encrypted for Impact,T1587.003,Digital Certificates,A2_W0::2021->2022,0.0,0.0,0.0171712246600213,0.0,-0.9999999999417633,2,0,98,CO_DOCUMENT_RELATIONAL_EXCESS_NOT_EXECUTION_OR_CAUSAL
T1588.003,Code Signing Certificates,T1608.002,Upload Tool,A2_W0::2021->2022,0.0,0.0,0.0171712246600213,0.0,-0.9999999999417633,2,0,99,CO_DOCUMENT_RELATIONAL_EXCESS_NOT_EXECUTION_OR_CAUSAL
T1486,Data Encrypted for Impact,T1608.001,Upload Malware,A2_W0::2021->2022,0.0,0.0,0.017112013540504,0.0,-0.9999999999415616,2,0,100,CO_DOCUMENT_RELATIONAL_EXCESS_NOT_EXECUTION_OR_CAUSAL
T1221,Template Injection,T1546,Event Triggered Execution,A2_W0::2022->2023,0.0,0.0,0.0369863578219652,0.0,-0.9999999999729632,2,0,1,CO_DOCUMENT_RELATIONAL_EXCESS_NOT_EXECUTION_OR_CAUSAL
T1027.007,Dynamic API Resolution,T1038,DLL Search Order Hijacking,A2_W0::2022->2023,0.0475477971737323,0.0106982543640897,0.0,0.0368495428096425,0.9999999999728628,0,1,2,CO_DOCUMENT_RELATIONAL_EXCESS_NOT_EXECUTION_OR_CAUSAL
T1546,Event Triggered Execution,T1589.002,Email Addresses,A2_W0::2022->2023,0.0,0.0,0.0362293271063109,0.0,-0.999999999972398,2,0,3,CO_DOCUMENT_RELATIONAL_EXCESS_NOT_EXECUTION_OR_CAUSAL
T1038,DLL Search Order Hijacking,T1547,Boot or Logon Autostart Execution,A2_W0::2022->2023,0.0475477971737323,0.0123624272651704,0.0,0.0351853699085619,0.9999999999715792,0,1,4,CO_DOCUMENT_RELATIONAL_EXCESS_NOT_EXECUTION_OR_CAUSAL
T1038,DLL Search Order Hijacking,T1547.001,Registry Run Keys / Startup Folder,A2_W0::2022->2023,0.0475477971737323,0.0135511221945137,0.0,0.0339966749792186,0.9999999999705854,0,1,5,CO_DOCUMENT_RELATIONAL_EXCESS_NOT_EXECUTION_OR_CAUSAL
T1027.007,Dynamic API Resolution,T1547,Boot or Logon Autostart Execution,A2_W0::2022->2023,0.0475477971737323,0.0137888611803823,0.0,0.0337589359933499,0.9999999999703784,0,1,6,CO_DOCUMENT_RELATIONAL_EXCESS_NOT_EXECUTION_OR_CAUSAL
T1547,Boot or Logon Autostart Execution,T1547.001,Registry Run Keys / Startup Folder,A2_W0::2022->2023,0.0475477971737323,0.014026600166251,0.0,0.0335211970074812,0.9999999999701682,0,1,7,CO_DOCUMENT_RELATIONAL_EXCESS_NOT_EXECUTION_OR_CAUSAL
T1027.006,HTML Smuggling,T1027.007,Dynamic API Resolution,A2_W0::2022->2023,0.0475477971737323,0.0142643391521196,0.0,0.0332834580216126,0.999999999969955,0,1,8,CO_DOCUMENT_RELATIONAL_EXCESS_NOT_EXECUTION_OR_CAUSAL
T1027.006,HTML Smuggling,T1547,Boot or Logon Autostart Execution,A2_W0::2022->2023,0.0475477971737323,0.0142643391521196,0.0,0.0332834580216126,0.999999999969955,0,1,9,CO_DOCUMENT_RELATIONAL_EXCESS_NOT_EXECUTION_OR_CAUSAL
T1221,Template Injection,T1589.002,Email Addresses,A2_W0::2022->2023,0.0,0.0,0.0332012042436939,0.0,-0.9999999999698806,2,0,10,CO_DOCUMENT_RELATIONAL_EXCESS_NOT_EXECUTION_OR_CAUSAL
T1027.006,HTML Smuggling,T1038,DLL Search Order Hijacking,A2_W0::2022->2023,0.0475477971737323,0.014739817123857,0.0,0.0328079800498753,0.9999999999695196,0,1,11,CO_DOCUMENT_RELATIONAL_EXCESS_NOT_EXECUTION_OR_CAUSAL
T1027.006,HTML Smuggling,T1547.001,Registry Run Keys / Startup Folder,A2_W0::2022->2023,0.0475477971737323,0.0164039900249376,0.0,0.0311438071487946,0.9999999999678908,0,1,12,CO_DOCUMENT_RELATIONAL_EXCESS_NOT_EXECUTION_OR_CAUSAL
T1027.007,Dynamic API Resolution,T1547.001,Registry Run Keys / Startup Folder,A2_W0::2022->2023,0.0475477971737323,0.0185436408977555,0.0,0.0290041562759767,0.9999999999655222,0,1,13,CO_DOCUMENT_RELATIONAL_EXCESS_NOT_EXECUTION_OR_CAUSAL
T1057,Process Discovery,T1083,File and Directory Discovery,A2_W0::2022->2023,0.1118505323991608,0.0836297826861419,0.0,0.0282207497130188,0.9999999999645652,2,4,14,CO_DOCUMENT_RELATIONAL_EXCESS_NOT_EXECUTION_OR_CAUSAL
T1083,File and Directory Discovery,T1620,Reflective Code Loading,A2_W0::2022->2023,0.0452836163559355,0.0194266714166963,0.0,0.0258569449392391,0.9999999999613256,0,2,15,CO_DOCUMENT_RELATIONAL_EXCESS_NOT_EXECUTION_OR_CAUSAL
T1057,Process Discovery,T1620,Reflective Code Loading,A2_W0::2022->2023,0.0452836163559355,0.0206040454419506,0.0,0.0246795709139848,0.9999999999594807,0,2,16,CO_DOCUMENT_RELATIONAL_EXCESS_NOT_EXECUTION_OR_CAUSAL
T1204,User Execution,T1573,Encrypted Channel,A2_W0::2022->2023,0.0,0.0,0.0240447374924471,0.0,-0.9999999999584108,3,0,17,CO_DOCUMENT_RELATIONAL_EXCESS_NOT_EXECUTION_OR_CAUSAL
T1082,System Information Discovery,T1083,File and Directory Discovery,A2_W0::2022->2023,0.1118505323991608,0.087918141155049,0.0,0.0239323912441117,0.9999999999582156,2,4,18,CO_DOCUMENT_RELATIONAL_EXCESS_NOT_EXECUTION_OR_CAUSAL
T1003.001,LSASS Memory,T1057,Process Discovery,A2_W0::2022->2023,0.0855860349127181,0.0616694929343307,3.469446951953614e-18,0.0239165419783874,0.9999999999581876,1,3,19,CO_DOCUMENT_RELATIONAL_EXCESS_NOT_EXECUTION_OR_CAUSAL
T1059.007,JavaScript,T1106,Native API,A2_W0::2022->2023,0.0611328820805129,0.0376986106163163,0.0,0.0234342714641966,0.9999999999573276,0,2,20,CO_DOCUMENT_RELATIONAL_EXCESS_NOT_EXECUTION_OR_CAUSAL
T1132.001,Standard Encoding,T1573,Encrypted Channel,A2_W0::2022->2023,0.0,0.0,0.0231543251745109,0.0,-0.9999999999568115,3,0,21,CO_DOCUMENT_RELATIONAL_EXCESS_NOT_EXECUTION_OR_CAUSAL
T1027.001,Binary Padding,T1057,Process Discovery,A2_W0::2022->2023,0.0475477971737323,0.0245663618730949,0.0,0.0229814353006373,0.9999999999564868,0,2,22,CO_DOCUMENT_RELATIONAL_EXCESS_NOT_EXECUTION_OR_CAUSAL
T1057,Process Discovery,T1082,System Information Discovery,A2_W0::2022->2023,0.1118505323991608,0.0890457032023118,0.0,0.0228048291968489,0.9999999999561496,2,4,23,CO_DOCUMENT_RELATIONAL_EXCESS_NOT_EXECUTION_OR_CAUSAL
T1132,Data Encoding,T1573,Encrypted Channel,A2_W0::2022->2023,0.0,0.0,0.0227758098166838,0.0,-0.9999999999560938,3,0,24,CO_DOCUMENT_RELATIONAL_EXCESS_NOT_EXECUTION_OR_CAUSAL
T1003.001,LSASS Memory,T1574.002,DLL Side-Loading,A2_W0::2022->2023,0.0855860349127181,0.0629057356608478,3.469446951953614e-18,0.0226802992518703,0.9999999999559086,1,3,25,CO_DOCUMENT_RELATIONAL_EXCESS_NOT_EXECUTION_OR_CAUSAL
T1059.007,JavaScript,T1593.001,Social Media,A2_W0::2022->2023,0.0,0.0,0.0225306760611386,0.0,-0.9999999999556162,2,0,26,CO_DOCUMENT_RELATIONAL_EXCESS_NOT_EXECUTION_OR_CAUSAL
T1027.001,Binary Padding,T1574.002,DLL Side-Loading,A2_W0::2022->2023,0.0475477971737323,0.0250418398448322,0.0,0.0225059573289,0.9999999999555674,0,2,27,CO_DOCUMENT_RELATIONAL_EXCESS_NOT_EXECUTION_OR_CAUSAL
T1082,System Information Discovery,T1620,Reflective Code Loading,A2_W0::2022->2023,0.0452836163559355,0.0228682262597474,0.0,0.0224153900961881,0.9999999999553878,0,2,28,CO_DOCUMENT_RELATIONAL_EXCESS_NOT_EXECUTION_OR_CAUSAL
T1057,Process Discovery,T1189,Drive-by Compromise,A2_W0::2022->2023,0.0316985314491548,0.0093510667775006,0.0,0.0223474646716541,0.9999999999552522,0,1,29,CO_DOCUMENT_RELATIONAL_EXCESS_NOT_EXECUTION_OR_CAUSAL
T1132.001,Standard Encoding,T1573.001,Symmetric Cryptography,A2_W0::2022->2023,0.0,0.0,0.0222350735912165,0.0,-0.999999999955026,3,0,30,CO_DOCUMENT_RELATIONAL_EXCESS_NOT_EXECUTION_OR_CAUSAL
T1132,Data Encoding,T1573.001,Symmetric Cryptography,A2_W0::2022->2023,0.0,0.0,0.0222242588667071,0.0,-0.9999999999550042,3,0,31,CO_DOCUMENT_RELATIONAL_EXCESS_NOT_EXECUTION_OR_CAUSAL
T1083,File and Directory Discovery,T1140,Deobfuscate/Decode Files or Information,A2_W0::2022->2023,0.0697367691881407,0.0475794957051815,3.469446951953614e-18,0.0221572734829591,0.999999999954868,1,2,32,CO_DOCUMENT_RELATIONAL_EXCESS_NOT_EXECUTION_OR_CAUSAL
T1204,User Execution,T1573.001,Symmetric Cryptography,A2_W0::2022->2023,0.0,0.0,0.0219538907539735,0.0,-0.99999999995445,3,0,33,CO_DOCUMENT_RELATIONAL_EXCESS_NOT_EXECUTION_OR_CAUSAL
T1132,Data Encoding,T1132.001,Standard Encoding,A2_W0::2022->2023,0.0,0.0,0.0215753753961463,0.0,-0.999999999953651,3,0,34,CO_DOCUMENT_RELATIONAL_EXCESS_NOT_EXECUTION_OR_CAUSAL
T1027.002,Software Packing,T1083,File and Directory Discovery,A2_W0::2022->2023,0.0316985314491548,0.0103020227209753,0.0,0.0213965087281795,0.9999999999532636,0,1,35,CO_DOCUMENT_RELATIONAL_EXCESS_NOT_EXECUTION_OR_CAUSAL
T1027.001,Binary Padding,T1083,File and Directory Discovery,A2_W0::2022->2023,0.0316985314491548,0.0104605153782211,0.0,0.0212380160709337,0.9999999999529148,0,1,36,CO_DOCUMENT_RELATIONAL_EXCESS_NOT_EXECUTION_OR_CAUSAL
T1083,File and Directory Discovery,T1189,Drive-by Compromise,A2_W0::2022->2023,0.0316985314491548,0.0106190080354668,0.0,0.0210795234136879,0.9999999999525606,0,1,37,CO_DOCUMENT_RELATIONAL_EXCESS_NOT_EXECUTION_OR_CAUSAL
T1003.001,LSASS Memory,T1083,File and Directory Discovery,A2_W0::2022->2023,0.0697367691881407,0.048688944305902,3.469446951953614e-18,0.0210478248822387,0.9999999999524888,1,2,38,CO_DOCUMENT_RELATIONAL_EXCESS_NOT_EXECUTION_OR_CAUSAL
T1189,Drive-by Compromise,T1547.012,Print Processors,A2_W0::2022->2023,0.0316985314491548,0.0107775006927126,0.0,0.0209210307564422,0.9999999999522012,0,1,39,CO_DOCUMENT_RELATIONAL_EXCESS_NOT_EXECUTION_OR_CAUSAL
T1189,Drive-by Compromise,T1574.002,DLL Side-Loading,A2_W0::2022->2023,0.0316985314491548,0.0107775006927126,0.0,0.0209210307564422,0.9999999999522012,0,1,40,CO_DOCUMENT_RELATIONAL_EXCESS_NOT_EXECUTION_OR_CAUSAL
T1047,Windows Management Instrumentation,T1053.005,Scheduled Task,A2_W0::2022->2023,0.0538875034635632,0.0600121125757034,0.0208806580931412,0.0,-0.9999999999521088,4,2,41,CO_DOCUMENT_RELATIONAL_EXCESS_NOT_EXECUTION_OR_CAUSAL
T1027.002,Software Packing,T1057,Process Discovery,A2_W0::2022->2023,0.0316985314491548,0.0109359933499584,0.0,0.0207625380991964,0.9999999999518364,0,1,42,CO_DOCUMENT_RELATIONAL_EXCESS_NOT_EXECUTION_OR_CAUSAL
T1053.005,Scheduled Task,T1136,Create Account,A2_W0::2022->2023,0.0380382377389858,0.038038237738986,0.0204830882207023,0.0,-0.9999999999511792,3,1,43,CO_DOCUMENT_RELATIONAL_EXCESS_NOT_EXECUTION_OR_CAUSAL
T1027.002,Software Packing,T1189,Drive-by Compromise,A2_W0::2022->2023,0.0316985314491548,0.0112529786644499,0.0,0.0204455527847048,0.9999999999510896,0,1,44,CO_DOCUMENT_RELATIONAL_EXCESS_NOT_EXECUTION_OR_CAUSAL
T1057,Process Discovery,T1547.012,Print Processors,A2_W0::2022->2023,0.0316985314491548,0.0112529786644499,0.0,0.0204455527847048,0.9999999999510896,0,1,45,CO_DOCUMENT_RELATIONAL_EXCESS_NOT_EXECUTION_OR_CAUSAL
T1140,Deobfuscate/Decode Files or Information,T1189,Drive-by Compromise,A2_W0::2022->2023,0.0316985314491548,0.0112529786644499,0.0,0.0204455527847048,0.9999999999510896,0,1,46,CO_DOCUMENT_RELATIONAL_EXCESS_NOT_EXECUTION_OR_CAUSAL
T1053,Scheduled Task/Job,T1068,Exploitation for Privilege Escalation,A2_W0::2022->2023,0.0,0.0,0.0203316820775715,0.0,-0.9999999999508158,1,0,47,CO_DOCUMENT_RELATIONAL_EXCESS_NOT_EXECUTION_OR_CAUSAL
T1189,Drive-by Compromise,T1620,Reflective Code Loading,A2_W0::2022->2023,0.0316985314491548,0.0114114713216957,0.0,0.0202870601274591,0.9999999999507077,0,1,48,CO_DOCUMENT_RELATIONAL_EXCESS_NOT_EXECUTION_OR_CAUSAL
T1057,Process Discovery,T1140,Deobfuscate/Decode Files or Information,A2_W0::2022->2023,0.0697367691881407,0.0495448046550291,0.0,0.0201919645331115,0.9999999999504754,1,2,49,CO_DOCUMENT_RELATIONAL_EXCESS_NOT_EXECUTION_OR_CAUSAL
T1083,File and Directory Discovery,T1547.012,Print Processors,A2_W0::2022->2023,0.0316985314491548,0.0115699639789415,0.0,0.0201285674702133,0.9999999999503194,0,1,50,CO_DOCUMENT_RELATIONAL_EXCESS_NOT_EXECUTION_OR_CAUSAL
T1134,Access Token Manipulation,T1136,Create Account,A2_W0::2022->2023,0.0,0.0,0.0201153875873846,0.0,-0.9999999999502868,1,0,51,CO_DOCUMENT_RELATIONAL_EXCESS_NOT_EXECUTION_OR_CAUSAL
T1547.012,Print Processors,T1574.002,DLL Side-Loading,A2_W0::2022->2023,0.0316985314491548,0.0117284566361873,0.0,0.0199700748129675,0.9999999999499252,0,1,52,CO_DOCUMENT_RELATIONAL_EXCESS_NOT_EXECUTION_OR_CAUSAL
T1027.002,Software Packing,T1574.002,DLL Side-Loading,A2_W0::2022->2023,0.0316985314491548,0.011886949293433,0.0,0.0198115821557217,0.9999999999495244,0,1,53,CO_DOCUMENT_RELATIONAL_EXCESS_NOT_EXECUTION_OR_CAUSAL
T1047,Windows Management Instrumentation,T1568.001,Fast Flux DNS,A2_W0::2022->2023,0.0,0.0,0.0197909458521042,0.0,-0.999999999949472,1,0,54,CO_DOCUMENT_RELATIONAL_EXCESS_NOT_EXECUTION_OR_CAUSAL
T1068,Exploitation for Privilege Escalation,T1134,Access Token Manipulation,A2_W0::2022->2023,0.0,0.0,0.0197909458521042,0.0,-0.999999999949472,1,0,55,CO_DOCUMENT_RELATIONAL_EXCESS_NOT_EXECUTION_OR_CAUSAL
T1140,Deobfuscate/Decode Files or Information,T1574.002,DLL Side-Loading,A2_W0::2022->2023,0.0697367691881407,0.0499885840953173,0.0,0.0197481850928233,0.9999999999493624,1,2,56,CO_DOCUMENT_RELATIONAL_EXCESS_NOT_EXECUTION_OR_CAUSAL
T1003.001,LSASS Memory,T1027.001,Binary Padding,A2_W0::2022->2023,0.0475477971737323,0.0278154613466333,0.0,0.0197323358270989,0.999999999949322,0,2,57,CO_DOCUMENT_RELATIONAL_EXCESS_NOT_EXECUTION_OR_CAUSAL
T1068,Exploitation for Privilege Escalation,T1136,Create Account,A2_W0::2022->2023,0.0,0.0,0.0196827986070107,0.0,-0.9999999999491944,1,0,58,CO_DOCUMENT_RELATIONAL_EXCESS_NOT_EXECUTION_OR_CAUSAL
T1003.001,LSASS Memory,T1189,Drive-by Compromise,A2_W0::2022->2023,0.0316985314491548,0.0120454419506788,0.0,0.019653089498476,0.9999999999491176,0,1,59,CO_DOCUMENT_RELATIONAL_EXCESS_NOT_EXECUTION_OR_CAUSAL
T1547.012,Print Processors,T1620,Reflective Code Loading,A2_W0::2022->2023,0.0316985314491548,0.0123624272651704,0.0,0.0193361041839844,0.9999999999482834,0,1,60,CO_DOCUMENT_RELATIONAL_EXCESS_NOT_EXECUTION_OR_CAUSAL
T1003.001,LSASS Memory,T1620,Reflective Code Loading,A2_W0::2022->2023,0.0316985314491548,0.0125209199224161,0.0,0.0191776115267386,0.999999999947856,0,1,61,CO_DOCUMENT_RELATIONAL_EXCESS_NOT_EXECUTION_OR_CAUSAL
T1027.001,Binary Padding,T1027.002,Software Packing,A2_W0::2022->2023,0.0316985314491548,0.0125209199224161,0.0,0.0191776115267386,0.999999999947856,0,1,62,CO_DOCUMENT_RELATIONAL_EXCESS_NOT_EXECUTION_OR_CAUSAL
T1027.002,Software Packing,T1082,System Information Discovery,A2_W0::2022->2023,0.0316985314491548,0.0125209199224161,0.0,0.0191776115267386,0.999999999947856,0,1,63,CO_DOCUMENT_RELATIONAL_EXCESS_NOT_EXECUTION_OR_CAUSAL
T1082,System Information Discovery,T1189,Drive-by Compromise,A2_W0::2022->2023,0.0316985314491548,0.0125209199224161,0.0,0.0191776115267386,0.999999999947856,0,1,64,CO_DOCUMENT_RELATIONAL_EXCESS_NOT_EXECUTION_OR_CAUSAL
T1140,Deobfuscate/Decode Files or Information,T1620,Reflective Code Loading,A2_W0::2022->2023,0.0316985314491548,0.0125209199224161,0.0,0.0191776115267386,0.999999999947856,0,1,65,CO_DOCUMENT_RELATIONAL_EXCESS_NOT_EXECUTION_OR_CAUSAL
T1027.001,Binary Padding,T1189,Drive-by Compromise,A2_W0::2022->2023,0.0316985314491548,0.0126794125796619,0.0,0.0190191188694929,0.9999999999474214,0,1,66,CO_DOCUMENT_RELATIONAL_EXCESS_NOT_EXECUTION_OR_CAUSAL
T1132,Data Encoding,T1204,User Execution,A2_W0::2022->2023,0.0,0.0,0.0189077433505075,0.0,-0.9999999999471116,2,0,67,CO_DOCUMENT_RELATIONAL_EXCESS_NOT_EXECUTION_OR_CAUSAL
T1132.001,Standard Encoding,T1204,User Execution,A2_W0::2022->2023,0.0,0.0,0.0188897188096586,0.0,-0.9999999999470612,2,0,68,CO_DOCUMENT_RELATIONAL_EXCESS_NOT_EXECUTION_OR_CAUSAL
T1027.002,Software Packing,T1620,Reflective Code Loading,A2_W0::2022->2023,0.0316985314491548,0.0129963978941535,0.0,0.0187021335550013,0.9999999999465302,0,1,69,CO_DOCUMENT_RELATIONAL_EXCESS_NOT_EXECUTION_OR_CAUSAL
T1027.001,Binary Padding,T1620,Reflective Code Loading,A2_W0::2022->2023,0.0316985314491548,0.0131548905513992,0.0,0.0185436408977556,0.9999999999460732,0,1,70,CO_DOCUMENT_RELATIONAL_EXCESS_NOT_EXECUTION_OR_CAUSAL
T1027.001,Binary Padding,T1140,Deobfuscate/Decode Files or Information,A2_W0::2022->2023,0.0316985314491548,0.013313383208645,0.0,0.0183851482405098,0.9999999999456084,0,1,71,CO_DOCUMENT_RELATIONAL_EXCESS_NOT_EXECUTION_OR_CAUSAL
T1027.002,Software Packing,T1547.012,Print Processors,A2_W0::2022->2023,0.0316985314491548,0.0134718758658908,0.0,0.018226655583264,0.9999999999451352,0,1,72,CO_DOCUMENT_RELATIONAL_EXCESS_NOT_EXECUTION_OR_CAUSAL
T1140,Deobfuscate/Decode Files or Information,T1573,Encrypted Channel,A2_W0::2022->2023,0.0,0.0,0.0181038488286461,0.0,-0.9999999999447632,3,0,73,CO_DOCUMENT_RELATIONAL_EXCESS_NOT_EXECUTION_OR_CAUSAL
T1556.006,Multi-Factor Authentication,T1590.005,IP Addresses,A2_W0::2022->2023,0.0,0.0,0.0178442954404218,0.0,-0.9999999999439596,2,0,74,CO_DOCUMENT_RELATIONAL_EXCESS_NOT_EXECUTION_OR_CAUSAL
T1082,System Information Discovery,T1140,Deobfuscate/Decode Files or Information,A2_W0::2022->2023,0.0697367691881407,0.0519538930451649,3.469446951953614e-18,0.0177828761429757,0.9999999999437658,1,2,75,CO_DOCUMENT_RELATIONAL_EXCESS_NOT_EXECUTION_OR_CAUSAL
T1027.001,Binary Padding,T1082,System Information Discovery,A2_W0::2022->2023,0.0316985314491548,0.0141058464948739,0.0,0.0175926849542809,0.9999999999431582,0,1,76,CO_DOCUMENT_RELATIONAL_EXCESS_NOT_EXECUTION_OR_CAUSAL
T1140,Deobfuscate/Decode Files or Information,T1204,User Execution,A2_W0::2022->2023,0.0,0.0,0.0175559027868392,0.0,-0.9999999999430392,2,0,77,CO_DOCUMENT_RELATIONAL_EXCESS_NOT_EXECUTION_OR_CAUSAL
T1053.005,Scheduled Task,T1568.001,Fast Flux DNS,A2_W0::2022->2023,0.0,0.0,0.0175198537051414,0.0,-0.999999999942922,1,0,78,CO_DOCUMENT_RELATIONAL_EXCESS_NOT_EXECUTION_OR_CAUSAL
T1140,Deobfuscate/Decode Files or Information,T1573.001,Symmetric Cryptography,A2_W0::2022->2023,0.0,0.0,0.0175198537051414,0.0,-0.999999999942922,3,0,79,CO_DOCUMENT_RELATIONAL_EXCESS_NOT_EXECUTION_OR_CAUSAL
T1003.001,LSASS Memory,T1027.002,Software Packing,A2_W0::2022->2023,0.0316985314491548,0.0144228318093654,0.0,0.0172756996397894,0.9999999999421152,0,1,80,CO_DOCUMENT_RELATIONAL_EXCESS_NOT_EXECUTION_OR_CAUSAL
T1003.001,LSASS Memory,T1547.012,Print Processors,A2_W0::2022->2023,0.0316985314491548,0.0144228318093654,0.0,0.0172756996397894,0.9999999999421152,0,1,81,CO_DOCUMENT_RELATIONAL_EXCESS_NOT_EXECUTION_OR_CAUSAL
T1027.001,Binary Padding,T1547.012,Print Processors,A2_W0::2022->2023,0.0316985314491548,0.0144228318093654,0.0,0.0172756996397894,0.9999999999421152,0,1,82,CO_DOCUMENT_RELATIONAL_EXCESS_NOT_EXECUTION_OR_CAUSAL
T1082,System Information Discovery,T1547.012,Print Processors,A2_W0::2022->2023,0.0316985314491548,0.0144228318093654,0.0,0.0172756996397894,0.9999999999421152,0,1,83,CO_DOCUMENT_RELATIONAL_EXCESS_NOT_EXECUTION_OR_CAUSAL
T1140,Deobfuscate/Decode Files or Information,T1547.012,Print Processors,A2_W0::2022->2023,0.0316985314491548,0.0144228318093654,0.0,0.0172756996397894,0.9999999999421152,0,1,84,CO_DOCUMENT_RELATIONAL_EXCESS_NOT_EXECUTION_OR_CAUSAL
T1057,Process Discovery,T1559.001,Component Object Model,A2_W0::2022->2023,0.061812136325852,0.0445998337489609,3.469446951953614e-18,0.017212302576891,0.9999999999419016,1,2,85,CO_DOCUMENT_RELATIONAL_EXCESS_NOT_EXECUTION_OR_CAUSAL
T1057,Process Discovery,T1113,Screen Capture,A2_W0::2022->2023,0.0237738985868661,0.0068944305901911,0.0,0.0168794679966749,0.9999999999407564,0,1,86,CO_DOCUMENT_RELATIONAL_EXCESS_NOT_EXECUTION_OR_CAUSAL
T1003.001,LSASS Memory,T1082,System Information Discovery,A2_W0::2022->2023,0.0697367691881407,0.0529048489886395,3.469446951953614e-18,0.0168319201995011,0.9999999999405887,1,2,87,CO_DOCUMENT_RELATIONAL_EXCESS_NOT_EXECUTION_OR_CAUSAL
T1027.002,Software Packing,T1140,Deobfuscate/Decode Files or Information,A2_W0::2022->2023,0.0316985314491548,0.0148983097811028,0.0,0.016800221668052,0.9999999999404772,0,1,88,CO_DOCUMENT_RELATIONAL_EXCESS_NOT_EXECUTION_OR_CAUSAL
T1003.001,LSASS Memory,T1140,Deobfuscate/Decode Files or Information,A2_W0::2022->2023,0.0697367691881407,0.0529365475200887,3.469446951953614e-18,0.0168002216680519,0.9999999999404766,1,2,89,CO_DOCUMENT_RELATIONAL_EXCESS_NOT_EXECUTION_OR_CAUSAL
T1003,OS Credential Dumping,T1134,Access Token Manipulation,A2_W0::2022->2023,0.0,0.0,0.0161139395189263,0.0,-0.999999999937942,1,0,90,CO_DOCUMENT_RELATIONAL_EXCESS_NOT_EXECUTION_OR_CAUSAL
T1070.004,File Deletion,T1070.006,Timestomp,A2_W0::2022->2023,0.0,0.0,0.0160923100699076,0.0,-0.9999999999378586,2,0,91,CO_DOCUMENT_RELATIONAL_EXCESS_NOT_EXECUTION_OR_CAUSAL
T1059.007,JavaScript,T1568.001,Fast Flux DNS,A2_W0::2022->2023,0.0,0.0,0.0160057922738329,0.0,-0.9999999999375228,1,0,92,CO_DOCUMENT_RELATIONAL_EXCESS_NOT_EXECUTION_OR_CAUSAL
T1070,Indicator Removal,T1070.006,Timestomp,A2_W0::2022->2023,0.0,0.0,0.0159769530084746,0.0,-0.99999999993741,2,0,93,CO_DOCUMENT_RELATIONAL_EXCESS_NOT_EXECUTION_OR_CAUSAL
T1056.001,Keylogging,T1559.001,Component Object Model,A2_W0::2022->2023,0.0237738985868661,0.0078453865336658,0.0,0.0159285120532003,0.9999999999372196,0,1,94,CO_DOCUMENT_RELATIONAL_EXCESS_NOT_EXECUTION_OR_CAUSAL
T1132.001,Standard Encoding,T1140,Deobfuscate/Decode Files or Information,A2_W0::2022->2023,0.0,0.0,0.0155299443954216,0.0,-0.9999999999356084,2,0,95,CO_DOCUMENT_RELATIONAL_EXCESS_NOT_EXECUTION_OR_CAUSAL
T1059,Command and Scripting Interpreter,T1070.006,Timestomp,A2_W0::2022->2023,0.0,0.0,0.0155155247627425,0.0,-0.9999999999355484,2,0,96,CO_DOCUMENT_RELATIONAL_EXCESS_NOT_EXECUTION_OR_CAUSAL
T1113,Screen Capture,T1559.001,Component Object Model,A2_W0::2022->2023,0.0237738985868661,0.0083208645054031,0.0,0.015453034081463,0.9999999999352878,0,1,97,CO_DOCUMENT_RELATIONAL_EXCESS_NOT_EXECUTION_OR_CAUSAL
T1056.001,Keylogging,T1113,Screen Capture,A2_W0::2022->2023,0.0237738985868661,0.0084397339983374,0.0,0.0153341645885286,0.9999999999347862,1,1,98,CO_DOCUMENT_RELATIONAL_EXCESS_NOT_EXECUTION_OR_CAUSAL
T1056.001,Keylogging,T1057,Process Discovery,A2_W0::2022->2023,0.0237738985868661,0.0085586034912718,0.0,0.0152152950955943,0.9999999999342768,0,1,99,CO_DOCUMENT_RELATIONAL_EXCESS_NOT_EXECUTION_OR_CAUSAL
T1132,Data Encoding,T1140,Deobfuscate/Decode Files or Information,A2_W0::2022->2023,0.0,0.0,0.0151982928438017,0.0,-0.9999999999342032,2,0,100,CO_DOCUMENT_RELATIONAL_EXCESS_NOT_EXECUTION_OR_CAUSAL
