dataset_id,provenance,dataset_family,scenario,replicate_id,level,model,comparison,left_condition,right_condition,common_score_scale,left_rmse,right_rmse,delta_rmse_left_minus_right,direction_tolerance,percent_change,percent_change_defined,direction_status,source_row_key
BASELINE_STAGE15_S0,BASELINE,BASELINE,S0_FULL,,BASELINE_STORED,R0,PREPROCESSING_FOLDLOCAL_MINUS_LEGACY,FOLD_LOCAL_LOTO,LEGACY_GLOBAL_LOTO,H0_COMMON,1.382813736339297,1.382813736339297,0.0,1.3928137363392971e-08,0.0,True,EQUAL_WITHIN_TOLERANCE,"[""BASELINE_STAGE15_S0"", ""R0"", ""PREPROCESSING_FOLDLOCAL_MINUS_LEGACY"", ""H0_COMMON""]"
BASELINE_STAGE15_S0,BASELINE,BASELINE,S0_FULL,,BASELINE_STORED,R0,ADJACENCY_GAP1_MINUS_H0,FOLD_LOCAL_GAP1,FOLD_LOCAL_LOTO,GAP1_COMMON,1.4937919236501784,1.436126301063372,0.0576656225868064,1.5037919236501786e-08,4.015358714906081,True,INCREASE,"[""BASELINE_STAGE15_S0"", ""R0"", ""ADJACENCY_GAP1_MINUS_H0"", ""GAP1_COMMON""]"
BASELINE_STAGE15_S0,BASELINE,BASELINE,S0_FULL,,BASELINE_STORED,R1,PREPROCESSING_FOLDLOCAL_MINUS_LEGACY,FOLD_LOCAL_LOTO,LEGACY_GLOBAL_LOTO,H0_COMMON,1.21825364864203,1.21825364864203,0.0,1.2282536486420298e-08,0.0,True,EQUAL_WITHIN_TOLERANCE,"[""BASELINE_STAGE15_S0"", ""R1"", ""PREPROCESSING_FOLDLOCAL_MINUS_LEGACY"", ""H0_COMMON""]"
BASELINE_STAGE15_S0,BASELINE,BASELINE,S0_FULL,,BASELINE_STORED,R1,ADJACENCY_GAP1_MINUS_H0,FOLD_LOCAL_GAP1,FOLD_LOCAL_LOTO,GAP1_COMMON,1.365586989366269,1.2651714959121914,0.1004154934540777,1.375586989366269e-08,7.936907666551396,True,INCREASE,"[""BASELINE_STAGE15_S0"", ""R1"", ""ADJACENCY_GAP1_MINUS_H0"", ""GAP1_COMMON""]"
BASELINE_STAGE15_S0,BASELINE,BASELINE,S0_FULL,,BASELINE_STORED,R2,PREPROCESSING_FOLDLOCAL_MINUS_LEGACY,FOLD_LOCAL_LOTO,LEGACY_GLOBAL_LOTO,H0_COMMON,1.254758620541399,1.254758620541399,0.0,1.2647586205413989e-08,0.0,True,EQUAL_WITHIN_TOLERANCE,"[""BASELINE_STAGE15_S0"", ""R2"", ""PREPROCESSING_FOLDLOCAL_MINUS_LEGACY"", ""H0_COMMON""]"
BASELINE_STAGE15_S0,BASELINE,BASELINE,S0_FULL,,BASELINE_STORED,R2,ADJACENCY_GAP1_MINUS_H0,FOLD_LOCAL_GAP1,FOLD_LOCAL_LOTO,GAP1_COMMON,1.3911816077050212,1.285802405249716,0.1053792024553053,1.401181607705021e-08,8.195598485821742,True,INCREASE,"[""BASELINE_STAGE15_S0"", ""R2"", ""ADJACENCY_GAP1_MINUS_H0"", ""GAP1_COMMON""]"
BASELINE_V06_S0_FULL,BASELINE,BASELINE,S0_FULL,,BASELINE_STORED,R0,PREPROCESSING_FOLDLOCAL_MINUS_LEGACY,FOLD_LOCAL_LOTO,LEGACY_GLOBAL_LOTO,H0_COMMON,1.629469866218802,1.629469866218802,0.0,1.6394698662188023e-08,0.0,True,EQUAL_WITHIN_TOLERANCE,"[""BASELINE_V06_S0_FULL"", ""R0"", ""PREPROCESSING_FOLDLOCAL_MINUS_LEGACY"", ""H0_COMMON""]"
BASELINE_V06_S0_FULL,BASELINE,BASELINE,S0_FULL,,BASELINE_STORED,R0,ADJACENCY_GAP1_MINUS_H0,FOLD_LOCAL_GAP1,FOLD_LOCAL_LOTO,GAP1_COMMON,1.7240116478164529,1.6604310509747362,0.0635805968417166,1.734011647816453e-08,3.829162120546492,True,INCREASE,"[""BASELINE_V06_S0_FULL"", ""R0"", ""ADJACENCY_GAP1_MINUS_H0"", ""GAP1_COMMON""]"
BASELINE_V06_S0_FULL,BASELINE,BASELINE,S0_FULL,,BASELINE_STORED,R1,PREPROCESSING_FOLDLOCAL_MINUS_LEGACY,FOLD_LOCAL_LOTO,LEGACY_GLOBAL_LOTO,H0_COMMON,1.4816181170627152,1.481618117062715,2.220446049250313e-16,1.491618117062715e-08,2.220446049250313e-14,True,EQUAL_WITHIN_TOLERANCE,"[""BASELINE_V06_S0_FULL"", ""R1"", ""PREPROCESSING_FOLDLOCAL_MINUS_LEGACY"", ""H0_COMMON""]"
BASELINE_V06_S0_FULL,BASELINE,BASELINE,S0_FULL,,BASELINE_STORED,R1,ADJACENCY_GAP1_MINUS_H0,FOLD_LOCAL_GAP1,FOLD_LOCAL_LOTO,GAP1_COMMON,1.6065023996498995,1.4901210925853887,0.1163813070645107,1.6165023996498995e-08,7.810191241745801,True,INCREASE,"[""BASELINE_V06_S0_FULL"", ""R1"", ""ADJACENCY_GAP1_MINUS_H0"", ""GAP1_COMMON""]"
BASELINE_V06_S0_FULL,BASELINE,BASELINE,S0_FULL,,BASELINE_STORED,R2,PREPROCESSING_FOLDLOCAL_MINUS_LEGACY,FOLD_LOCAL_LOTO,LEGACY_GLOBAL_LOTO,H0_COMMON,1.4755052081545357,1.4755052081545357,0.0,1.4855052081545355e-08,0.0,True,EQUAL_WITHIN_TOLERANCE,"[""BASELINE_V06_S0_FULL"", ""R2"", ""PREPROCESSING_FOLDLOCAL_MINUS_LEGACY"", ""H0_COMMON""]"
BASELINE_V06_S0_FULL,BASELINE,BASELINE,S0_FULL,,BASELINE_STORED,R2,ADJACENCY_GAP1_MINUS_H0,FOLD_LOCAL_GAP1,FOLD_LOCAL_LOTO,GAP1_COMMON,1.5574800732905454,1.4815556769560962,0.0759243963344491,1.5674800732905454e-08,5.124640100629785,True,INCREASE,"[""BASELINE_V06_S0_FULL"", ""R2"", ""ADJACENCY_GAP1_MINUS_H0"", ""GAP1_COMMON""]"
BASELINE_V06_S1_DROP_TOP1,BASELINE,BASELINE,S1_DROP_TOP1,,BASELINE_STORED,R0,PREPROCESSING_FOLDLOCAL_MINUS_LEGACY,FOLD_LOCAL_LOTO,LEGACY_GLOBAL_LOTO,H0_COMMON,1.6651361514391427,1.6651361514391427,0.0,1.6751361514391427e-08,0.0,True,EQUAL_WITHIN_TOLERANCE,"[""BASELINE_V06_S1_DROP_TOP1"", ""R0"", ""PREPROCESSING_FOLDLOCAL_MINUS_LEGACY"", ""H0_COMMON""]"
BASELINE_V06_S1_DROP_TOP1,BASELINE,BASELINE,S1_DROP_TOP1,,BASELINE_STORED,R0,ADJACENCY_GAP1_MINUS_H0,FOLD_LOCAL_GAP1,FOLD_LOCAL_LOTO,GAP1_COMMON,2.0405052494109417,1.9292272823591827,0.1112779670517589,2.0505052494109418e-08,5.768007122296193,True,INCREASE,"[""BASELINE_V06_S1_DROP_TOP1"", ""R0"", ""ADJACENCY_GAP1_MINUS_H0"", ""GAP1_COMMON""]"
BASELINE_V06_S1_DROP_TOP1,BASELINE,BASELINE,S1_DROP_TOP1,,BASELINE_STORED,R1,PREPROCESSING_FOLDLOCAL_MINUS_LEGACY,FOLD_LOCAL_LOTO,LEGACY_GLOBAL_LOTO,H0_COMMON,1.4795416112167528,1.4795416112167528,0.0,1.4895416112167526e-08,0.0,True,EQUAL_WITHIN_TOLERANCE,"[""BASELINE_V06_S1_DROP_TOP1"", ""R1"", ""PREPROCESSING_FOLDLOCAL_MINUS_LEGACY"", ""H0_COMMON""]"
BASELINE_V06_S1_DROP_TOP1,BASELINE,BASELINE,S1_DROP_TOP1,,BASELINE_STORED,R1,ADJACENCY_GAP1_MINUS_H0,FOLD_LOCAL_GAP1,FOLD_LOCAL_LOTO,GAP1_COMMON,1.8406869972061743,1.6419153067794046,0.1987716904267698,1.8506869972061743e-08,12.106086690711091,True,INCREASE,"[""BASELINE_V06_S1_DROP_TOP1"", ""R1"", ""ADJACENCY_GAP1_MINUS_H0"", ""GAP1_COMMON""]"
BASELINE_V06_S1_DROP_TOP1,BASELINE,BASELINE,S1_DROP_TOP1,,BASELINE_STORED,R2,PREPROCESSING_FOLDLOCAL_MINUS_LEGACY,FOLD_LOCAL_LOTO,LEGACY_GLOBAL_LOTO,H0_COMMON,1.6217960000098302,1.7681085206217912,-0.1463125206119611,1.7781085206217913e-08,-8.275087128730496,True,DECREASE,"[""BASELINE_V06_S1_DROP_TOP1"", ""R2"", ""PREPROCESSING_FOLDLOCAL_MINUS_LEGACY"", ""H0_COMMON""]"
BASELINE_V06_S1_DROP_TOP1,BASELINE,BASELINE,S1_DROP_TOP1,,BASELINE_STORED,R2,ADJACENCY_GAP1_MINUS_H0,FOLD_LOCAL_GAP1,FOLD_LOCAL_LOTO,GAP1_COMMON,2.058062496857388,1.8183519429050656,0.2397105539523225,2.0680624968573884e-08,13.18284696687222,True,INCREASE,"[""BASELINE_V06_S1_DROP_TOP1"", ""R2"", ""ADJACENCY_GAP1_MINUS_H0"", ""GAP1_COMMON""]"
BASELINE_V06_S2_DROP_TOP5,BASELINE,BASELINE,S2_DROP_TOP5,,BASELINE_STORED,R0,PREPROCESSING_FOLDLOCAL_MINUS_LEGACY,FOLD_LOCAL_LOTO,LEGACY_GLOBAL_LOTO,H0_COMMON,1.8763523871143093,1.8763523871143093,0.0,1.886352387114309e-08,0.0,True,EQUAL_WITHIN_TOLERANCE,"[""BASELINE_V06_S2_DROP_TOP5"", ""R0"", ""PREPROCESSING_FOLDLOCAL_MINUS_LEGACY"", ""H0_COMMON""]"
BASELINE_V06_S2_DROP_TOP5,BASELINE,BASELINE,S2_DROP_TOP5,,BASELINE_STORED,R0,ADJACENCY_GAP1_MINUS_H0,FOLD_LOCAL_GAP1,FOLD_LOCAL_LOTO,GAP1_COMMON,1.966799350080549,1.9272317856514545,0.0395675644290944,1.976799350080549e-08,2.053077617527954,True,INCREASE,"[""BASELINE_V06_S2_DROP_TOP5"", ""R0"", ""ADJACENCY_GAP1_MINUS_H0"", ""GAP1_COMMON""]"
BASELINE_V06_S2_DROP_TOP5,BASELINE,BASELINE,S2_DROP_TOP5,,BASELINE_STORED,R1,PREPROCESSING_FOLDLOCAL_MINUS_LEGACY,FOLD_LOCAL_LOTO,LEGACY_GLOBAL_LOTO,H0_COMMON,1.947426274745082,1.947426274745082,0.0,1.9574262747450825e-08,0.0,True,EQUAL_WITHIN_TOLERANCE,"[""BASELINE_V06_S2_DROP_TOP5"", ""R1"", ""PREPROCESSING_FOLDLOCAL_MINUS_LEGACY"", ""H0_COMMON""]"
BASELINE_V06_S2_DROP_TOP5,BASELINE,BASELINE,S2_DROP_TOP5,,BASELINE_STORED,R1,ADJACENCY_GAP1_MINUS_H0,FOLD_LOCAL_GAP1,FOLD_LOCAL_LOTO,GAP1_COMMON,2.2583218679928727,2.0189647111488727,0.239357156844,2.2683218679928728e-08,11.855440341391413,True,INCREASE,"[""BASELINE_V06_S2_DROP_TOP5"", ""R1"", ""ADJACENCY_GAP1_MINUS_H0"", ""GAP1_COMMON""]"
BASELINE_V06_S2_DROP_TOP5,BASELINE,BASELINE,S2_DROP_TOP5,,BASELINE_STORED,R2,PREPROCESSING_FOLDLOCAL_MINUS_LEGACY,FOLD_LOCAL_LOTO,LEGACY_GLOBAL_LOTO,H0_COMMON,2.051293808784053,2.0581077579737648,-0.0068139491897118,2.0681077579737652e-08,-0.3310783491929703,True,DECREASE,"[""BASELINE_V06_S2_DROP_TOP5"", ""R2"", ""PREPROCESSING_FOLDLOCAL_MINUS_LEGACY"", ""H0_COMMON""]"
BASELINE_V06_S2_DROP_TOP5,BASELINE,BASELINE,S2_DROP_TOP5,,BASELINE_STORED,R2,ADJACENCY_GAP1_MINUS_H0,FOLD_LOCAL_GAP1,FOLD_LOCAL_LOTO,GAP1_COMMON,2.4904698917263595,2.112190143392908,0.3782797483334517,2.50046989172636e-08,17.90936055244552,True,INCREASE,"[""BASELINE_V06_S2_DROP_TOP5"", ""R2"", ""ADJACENCY_GAP1_MINUS_H0"", ""GAP1_COMMON""]"
MC_S0_FULL_R0_L0_STAGE15_MATCHED,NEW_MC,NEW_MC,S0_FULL,0.0,L0_STAGE15_MATCHED,R0,PREPROCESSING_FOLDLOCAL_MINUS_LEGACY,FOLD_LOCAL_LOTO,LEGACY_GLOBAL_LOTO,H0_COMMON,1.6633126454883431,1.6633126454883431,0.0,1.6733126454883433e-08,0.0,True,EQUAL_WITHIN_TOLERANCE,"[""MC_S0_FULL_R0_L0_STAGE15_MATCHED"", ""R0"", ""PREPROCESSING_FOLDLOCAL_MINUS_LEGACY"", ""H0_COMMON""]"
MC_S0_FULL_R0_L0_STAGE15_MATCHED,NEW_MC,NEW_MC,S0_FULL,0.0,L0_STAGE15_MATCHED,R0,ADJACENCY_GAP1_MINUS_H0,FOLD_LOCAL_GAP1,FOLD_LOCAL_LOTO,GAP1_COMMON,1.944950293182707,1.8517165290270008,0.0932337641557061,1.9549502931827073e-08,5.034991192993044,True,INCREASE,"[""MC_S0_FULL_R0_L0_STAGE15_MATCHED"", ""R0"", ""ADJACENCY_GAP1_MINUS_H0"", ""GAP1_COMMON""]"
MC_S0_FULL_R0_L0_STAGE15_MATCHED,NEW_MC,NEW_MC,S0_FULL,0.0,L0_STAGE15_MATCHED,R1,PREPROCESSING_FOLDLOCAL_MINUS_LEGACY,FOLD_LOCAL_LOTO,LEGACY_GLOBAL_LOTO,H0_COMMON,1.4514818915072345,1.4514818915072345,0.0,1.4614818915072345e-08,0.0,True,EQUAL_WITHIN_TOLERANCE,"[""MC_S0_FULL_R0_L0_STAGE15_MATCHED"", ""R1"", ""PREPROCESSING_FOLDLOCAL_MINUS_LEGACY"", ""H0_COMMON""]"
MC_S0_FULL_R0_L0_STAGE15_MATCHED,NEW_MC,NEW_MC,S0_FULL,0.0,L0_STAGE15_MATCHED,R1,ADJACENCY_GAP1_MINUS_H0,FOLD_LOCAL_GAP1,FOLD_LOCAL_LOTO,GAP1_COMMON,1.7590835635513713,1.5632769373040742,0.195806626247297,1.7690835635513716e-08,12.525395953513671,True,INCREASE,"[""MC_S0_FULL_R0_L0_STAGE15_MATCHED"", ""R1"", ""ADJACENCY_GAP1_MINUS_H0"", ""GAP1_COMMON""]"
MC_S0_FULL_R0_L0_STAGE15_MATCHED,NEW_MC,NEW_MC,S0_FULL,0.0,L0_STAGE15_MATCHED,R2,PREPROCESSING_FOLDLOCAL_MINUS_LEGACY,FOLD_LOCAL_LOTO,LEGACY_GLOBAL_LOTO,H0_COMMON,1.4553061652405026,1.4553061652405026,0.0,1.4653061652405026e-08,0.0,True,EQUAL_WITHIN_TOLERANCE,"[""MC_S0_FULL_R0_L0_STAGE15_MATCHED"", ""R2"", ""PREPROCESSING_FOLDLOCAL_MINUS_LEGACY"", ""H0_COMMON""]"
MC_S0_FULL_R0_L0_STAGE15_MATCHED,NEW_MC,NEW_MC,S0_FULL,0.0,L0_STAGE15_MATCHED,R2,ADJACENCY_GAP1_MINUS_H0,FOLD_LOCAL_GAP1,FOLD_LOCAL_LOTO,GAP1_COMMON,1.768193951095576,1.528991097138971,0.2392028539566049,1.778193951095576e-08,15.64448965099916,True,INCREASE,"[""MC_S0_FULL_R0_L0_STAGE15_MATCHED"", ""R2"", ""ADJACENCY_GAP1_MINUS_H0"", ""GAP1_COMMON""]"
MC_S0_FULL_R0_L1_EXTENDED,NEW_MC,NEW_MC,S0_FULL,0.0,L1_EXTENDED,R0,PREPROCESSING_FOLDLOCAL_MINUS_LEGACY,FOLD_LOCAL_LOTO,LEGACY_GLOBAL_LOTO,H0_COMMON,1.618992810361676,1.618992810361676,0.0,1.6289928103616762e-08,0.0,True,EQUAL_WITHIN_TOLERANCE,"[""MC_S0_FULL_R0_L1_EXTENDED"", ""R0"", ""PREPROCESSING_FOLDLOCAL_MINUS_LEGACY"", ""H0_COMMON""]"
MC_S0_FULL_R0_L1_EXTENDED,NEW_MC,NEW_MC,S0_FULL,0.0,L1_EXTENDED,R0,ADJACENCY_GAP1_MINUS_H0,FOLD_LOCAL_GAP1,FOLD_LOCAL_LOTO,GAP1_COMMON,1.6995558797506412,1.6390009500422638,0.0605549297083773,1.7095558797506412e-08,3.6946244422137786,True,INCREASE,"[""MC_S0_FULL_R0_L1_EXTENDED"", ""R0"", ""ADJACENCY_GAP1_MINUS_H0"", ""GAP1_COMMON""]"
MC_S0_FULL_R0_L1_EXTENDED,NEW_MC,NEW_MC,S0_FULL,0.0,L1_EXTENDED,R1,PREPROCESSING_FOLDLOCAL_MINUS_LEGACY,FOLD_LOCAL_LOTO,LEGACY_GLOBAL_LOTO,H0_COMMON,1.465714647502977,1.465714647502977,0.0,1.4757146475029771e-08,0.0,True,EQUAL_WITHIN_TOLERANCE,"[""MC_S0_FULL_R0_L1_EXTENDED"", ""R1"", ""PREPROCESSING_FOLDLOCAL_MINUS_LEGACY"", ""H0_COMMON""]"
MC_S0_FULL_R0_L1_EXTENDED,NEW_MC,NEW_MC,S0_FULL,0.0,L1_EXTENDED,R1,ADJACENCY_GAP1_MINUS_H0,FOLD_LOCAL_GAP1,FOLD_LOCAL_LOTO,GAP1_COMMON,1.588277837272707,1.47897318120765,0.109304656065057,1.598277837272707e-08,7.390577290644629,True,INCREASE,"[""MC_S0_FULL_R0_L1_EXTENDED"", ""R1"", ""ADJACENCY_GAP1_MINUS_H0"", ""GAP1_COMMON""]"
MC_S0_FULL_R0_L1_EXTENDED,NEW_MC,NEW_MC,S0_FULL,0.0,L1_EXTENDED,R2,PREPROCESSING_FOLDLOCAL_MINUS_LEGACY,FOLD_LOCAL_LOTO,LEGACY_GLOBAL_LOTO,H0_COMMON,1.4539597779280662,1.4539597779280662,0.0,1.463959777928066e-08,0.0,True,EQUAL_WITHIN_TOLERANCE,"[""MC_S0_FULL_R0_L1_EXTENDED"", ""R2"", ""PREPROCESSING_FOLDLOCAL_MINUS_LEGACY"", ""H0_COMMON""]"
MC_S0_FULL_R0_L1_EXTENDED,NEW_MC,NEW_MC,S0_FULL,0.0,L1_EXTENDED,R2,ADJACENCY_GAP1_MINUS_H0,FOLD_LOCAL_GAP1,FOLD_LOCAL_LOTO,GAP1_COMMON,1.5508038213014206,1.483045374681404,0.0677584466200165,1.5608038213014207e-08,4.568872117926448,True,INCREASE,"[""MC_S0_FULL_R0_L1_EXTENDED"", ""R2"", ""ADJACENCY_GAP1_MINUS_H0"", ""GAP1_COMMON""]"
MC_S0_FULL_R0_L2_HIGH,NEW_MC,NEW_MC,S0_FULL,0.0,L2_HIGH,R0,PREPROCESSING_FOLDLOCAL_MINUS_LEGACY,FOLD_LOCAL_LOTO,LEGACY_GLOBAL_LOTO,H0_COMMON,1.4259867218071176,1.4259867218071176,0.0,1.4359867218071177e-08,0.0,True,EQUAL_WITHIN_TOLERANCE,"[""MC_S0_FULL_R0_L2_HIGH"", ""R0"", ""PREPROCESSING_FOLDLOCAL_MINUS_LEGACY"", ""H0_COMMON""]"
MC_S0_FULL_R0_L2_HIGH,NEW_MC,NEW_MC,S0_FULL,0.0,L2_HIGH,R0,ADJACENCY_GAP1_MINUS_H0,FOLD_LOCAL_GAP1,FOLD_LOCAL_LOTO,GAP1_COMMON,1.598452133898082,1.521550374297879,0.0769017596002028,1.6084521338980823e-08,5.05417112040667,True,INCREASE,"[""MC_S0_FULL_R0_L2_HIGH"", ""R0"", ""ADJACENCY_GAP1_MINUS_H0"", ""GAP1_COMMON""]"
MC_S0_FULL_R0_L2_HIGH,NEW_MC,NEW_MC,S0_FULL,0.0,L2_HIGH,R1,PREPROCESSING_FOLDLOCAL_MINUS_LEGACY,FOLD_LOCAL_LOTO,LEGACY_GLOBAL_LOTO,H0_COMMON,1.2866900508905412,1.2866900508905412,0.0,1.2966900508905413e-08,0.0,True,EQUAL_WITHIN_TOLERANCE,"[""MC_S0_FULL_R0_L2_HIGH"", ""R1"", ""PREPROCESSING_FOLDLOCAL_MINUS_LEGACY"", ""H0_COMMON""]"
MC_S0_FULL_R0_L2_HIGH,NEW_MC,NEW_MC,S0_FULL,0.0,L2_HIGH,R1,ADJACENCY_GAP1_MINUS_H0,FOLD_LOCAL_GAP1,FOLD_LOCAL_LOTO,GAP1_COMMON,1.5083644459298402,1.3505499831939685,0.1578144627358717,1.5183644459298402e-08,11.685199711205808,True,INCREASE,"[""MC_S0_FULL_R0_L2_HIGH"", ""R1"", ""ADJACENCY_GAP1_MINUS_H0"", ""GAP1_COMMON""]"
MC_S0_FULL_R0_L2_HIGH,NEW_MC,NEW_MC,S0_FULL,0.0,L2_HIGH,R2,PREPROCESSING_FOLDLOCAL_MINUS_LEGACY,FOLD_LOCAL_LOTO,LEGACY_GLOBAL_LOTO,H0_COMMON,1.267960285073361,1.267960285073361,0.0,1.2779602850733611e-08,0.0,True,EQUAL_WITHIN_TOLERANCE,"[""MC_S0_FULL_R0_L2_HIGH"", ""R2"", ""PREPROCESSING_FOLDLOCAL_MINUS_LEGACY"", ""H0_COMMON""]"
MC_S0_FULL_R0_L2_HIGH,NEW_MC,NEW_MC,S0_FULL,0.0,L2_HIGH,R2,ADJACENCY_GAP1_MINUS_H0,FOLD_LOCAL_GAP1,FOLD_LOCAL_LOTO,GAP1_COMMON,1.5100423480911889,1.3292103314314474,0.1808320166597414,1.5200423480911892e-08,13.604469690286011,True,INCREASE,"[""MC_S0_FULL_R0_L2_HIGH"", ""R2"", ""ADJACENCY_GAP1_MINUS_H0"", ""GAP1_COMMON""]"
MC_S0_FULL_R1_L0_STAGE15_MATCHED,NEW_MC,NEW_MC,S0_FULL,1.0,L0_STAGE15_MATCHED,R0,PREPROCESSING_FOLDLOCAL_MINUS_LEGACY,FOLD_LOCAL_LOTO,LEGACY_GLOBAL_LOTO,H0_COMMON,1.6067464121857875,1.606746412185788,-4.440892098500626e-16,1.6167464121857883e-08,-2.220446049250313e-14,True,EQUAL_WITHIN_TOLERANCE,"[""MC_S0_FULL_R1_L0_STAGE15_MATCHED"", ""R0"", ""PREPROCESSING_FOLDLOCAL_MINUS_LEGACY"", ""H0_COMMON""]"
MC_S0_FULL_R1_L0_STAGE15_MATCHED,NEW_MC,NEW_MC,S0_FULL,1.0,L0_STAGE15_MATCHED,R0,ADJACENCY_GAP1_MINUS_H0,FOLD_LOCAL_GAP1,FOLD_LOCAL_LOTO,GAP1_COMMON,1.7859825849032631,1.7077045819363008,0.0782780029669623,1.7959825849032634e-08,4.583814073872539,True,INCREASE,"[""MC_S0_FULL_R1_L0_STAGE15_MATCHED"", ""R0"", ""ADJACENCY_GAP1_MINUS_H0"", ""GAP1_COMMON""]"
MC_S0_FULL_R1_L0_STAGE15_MATCHED,NEW_MC,NEW_MC,S0_FULL,1.0,L0_STAGE15_MATCHED,R1,PREPROCESSING_FOLDLOCAL_MINUS_LEGACY,FOLD_LOCAL_LOTO,LEGACY_GLOBAL_LOTO,H0_COMMON,1.405178579030903,1.4051785790309026,4.440892098500626e-16,1.4151785790309031e-08,2.220446049250313e-14,True,EQUAL_WITHIN_TOLERANCE,"[""MC_S0_FULL_R1_L0_STAGE15_MATCHED"", ""R1"", ""PREPROCESSING_FOLDLOCAL_MINUS_LEGACY"", ""H0_COMMON""]"
MC_S0_FULL_R1_L0_STAGE15_MATCHED,NEW_MC,NEW_MC,S0_FULL,1.0,L0_STAGE15_MATCHED,R1,ADJACENCY_GAP1_MINUS_H0,FOLD_LOCAL_GAP1,FOLD_LOCAL_LOTO,GAP1_COMMON,1.6353630631413094,1.4868901728635369,0.1484728902777725,1.6453630631413095e-08,9.985464494114924,True,INCREASE,"[""MC_S0_FULL_R1_L0_STAGE15_MATCHED"", ""R1"", ""ADJACENCY_GAP1_MINUS_H0"", ""GAP1_COMMON""]"
MC_S0_FULL_R1_L0_STAGE15_MATCHED,NEW_MC,NEW_MC,S0_FULL,1.0,L0_STAGE15_MATCHED,R2,PREPROCESSING_FOLDLOCAL_MINUS_LEGACY,FOLD_LOCAL_LOTO,LEGACY_GLOBAL_LOTO,H0_COMMON,1.432557910882728,1.432557910882728,0.0,1.442557910882728e-08,0.0,True,EQUAL_WITHIN_TOLERANCE,"[""MC_S0_FULL_R1_L0_STAGE15_MATCHED"", ""R2"", ""PREPROCESSING_FOLDLOCAL_MINUS_LEGACY"", ""H0_COMMON""]"
MC_S0_FULL_R1_L0_STAGE15_MATCHED,NEW_MC,NEW_MC,S0_FULL,1.0,L0_STAGE15_MATCHED,R2,ADJACENCY_GAP1_MINUS_H0,FOLD_LOCAL_GAP1,FOLD_LOCAL_LOTO,GAP1_COMMON,1.6718365598887626,1.5112394614912732,0.1605970983974893,1.6818365598887627e-08,10.62684653820607,True,INCREASE,"[""MC_S0_FULL_R1_L0_STAGE15_MATCHED"", ""R2"", ""ADJACENCY_GAP1_MINUS_H0"", ""GAP1_COMMON""]"
MC_S0_FULL_R1_L1_EXTENDED,NEW_MC,NEW_MC,S0_FULL,1.0,L1_EXTENDED,R0,PREPROCESSING_FOLDLOCAL_MINUS_LEGACY,FOLD_LOCAL_LOTO,LEGACY_GLOBAL_LOTO,H0_COMMON,1.599436839827281,1.599436839827281,0.0,1.609436839827281e-08,0.0,True,EQUAL_WITHIN_TOLERANCE,"[""MC_S0_FULL_R1_L1_EXTENDED"", ""R0"", ""PREPROCESSING_FOLDLOCAL_MINUS_LEGACY"", ""H0_COMMON""]"
MC_S0_FULL_R1_L1_EXTENDED,NEW_MC,NEW_MC,S0_FULL,1.0,L1_EXTENDED,R0,ADJACENCY_GAP1_MINUS_H0,FOLD_LOCAL_GAP1,FOLD_LOCAL_LOTO,GAP1_COMMON,1.715101737535477,1.6520534197788908,0.0630483177565861,1.725101737535477e-08,3.816360718228129,True,INCREASE,"[""MC_S0_FULL_R1_L1_EXTENDED"", ""R0"", ""ADJACENCY_GAP1_MINUS_H0"", ""GAP1_COMMON""]"
MC_S0_FULL_R1_L1_EXTENDED,NEW_MC,NEW_MC,S0_FULL,1.0,L1_EXTENDED,R1,PREPROCESSING_FOLDLOCAL_MINUS_LEGACY,FOLD_LOCAL_LOTO,LEGACY_GLOBAL_LOTO,H0_COMMON,1.4450207640098005,1.4450207640098005,0.0,1.4550207640098005e-08,0.0,True,EQUAL_WITHIN_TOLERANCE,"[""MC_S0_FULL_R1_L1_EXTENDED"", ""R1"", ""PREPROCESSING_FOLDLOCAL_MINUS_LEGACY"", ""H0_COMMON""]"
MC_S0_FULL_R1_L1_EXTENDED,NEW_MC,NEW_MC,S0_FULL,1.0,L1_EXTENDED,R1,ADJACENCY_GAP1_MINUS_H0,FOLD_LOCAL_GAP1,FOLD_LOCAL_LOTO,GAP1_COMMON,1.6036318128613491,1.4900030093230356,0.1136288035383135,1.613631812861349e-08,7.626078794964264,True,INCREASE,"[""MC_S0_FULL_R1_L1_EXTENDED"", ""R1"", ""ADJACENCY_GAP1_MINUS_H0"", ""GAP1_COMMON""]"
MC_S0_FULL_R1_L1_EXTENDED,NEW_MC,NEW_MC,S0_FULL,1.0,L1_EXTENDED,R2,PREPROCESSING_FOLDLOCAL_MINUS_LEGACY,FOLD_LOCAL_LOTO,LEGACY_GLOBAL_LOTO,H0_COMMON,1.4411094293576068,1.432632529106365,0.0084769002512417,1.4511094293576068e-08,0.5917009476623658,True,INCREASE,"[""MC_S0_FULL_R1_L1_EXTENDED"", ""R2"", ""PREPROCESSING_FOLDLOCAL_MINUS_LEGACY"", ""H0_COMMON""]"
MC_S0_FULL_R1_L1_EXTENDED,NEW_MC,NEW_MC,S0_FULL,1.0,L1_EXTENDED,R2,ADJACENCY_GAP1_MINUS_H0,FOLD_LOCAL_GAP1,FOLD_LOCAL_LOTO,GAP1_COMMON,1.568003994421312,1.5056636541905324,0.0623403402307796,1.5780039944213122e-08,4.140389525726751,True,INCREASE,"[""MC_S0_FULL_R1_L1_EXTENDED"", ""R2"", ""ADJACENCY_GAP1_MINUS_H0"", ""GAP1_COMMON""]"
MC_S0_FULL_R1_L2_HIGH,NEW_MC,NEW_MC,S0_FULL,1.0,L2_HIGH,R0,PREPROCESSING_FOLDLOCAL_MINUS_LEGACY,FOLD_LOCAL_LOTO,LEGACY_GLOBAL_LOTO,H0_COMMON,1.4245556058596798,1.4245556058596798,0.0,1.4345556058596797e-08,0.0,True,EQUAL_WITHIN_TOLERANCE,"[""MC_S0_FULL_R1_L2_HIGH"", ""R0"", ""PREPROCESSING_FOLDLOCAL_MINUS_LEGACY"", ""H0_COMMON""]"
MC_S0_FULL_R1_L2_HIGH,NEW_MC,NEW_MC,S0_FULL,1.0,L2_HIGH,R0,ADJACENCY_GAP1_MINUS_H0,FOLD_LOCAL_GAP1,FOLD_LOCAL_LOTO,GAP1_COMMON,1.6029085114271595,1.5256708667997172,0.0772376446274423,1.6129085114271596e-08,5.062536508248194,True,INCREASE,"[""MC_S0_FULL_R1_L2_HIGH"", ""R0"", ""ADJACENCY_GAP1_MINUS_H0"", ""GAP1_COMMON""]"
MC_S0_FULL_R1_L2_HIGH,NEW_MC,NEW_MC,S0_FULL,1.0,L2_HIGH,R1,PREPROCESSING_FOLDLOCAL_MINUS_LEGACY,FOLD_LOCAL_LOTO,LEGACY_GLOBAL_LOTO,H0_COMMON,1.2813309776865391,1.2813309776865391,0.0,1.2913309776865392e-08,0.0,True,EQUAL_WITHIN_TOLERANCE,"[""MC_S0_FULL_R1_L2_HIGH"", ""R1"", ""PREPROCESSING_FOLDLOCAL_MINUS_LEGACY"", ""H0_COMMON""]"
MC_S0_FULL_R1_L2_HIGH,NEW_MC,NEW_MC,S0_FULL,1.0,L2_HIGH,R1,ADJACENCY_GAP1_MINUS_H0,FOLD_LOCAL_GAP1,FOLD_LOCAL_LOTO,GAP1_COMMON,1.509174972927866,1.3526418823004978,0.1565330906273683,1.5191749729278666e-08,11.572397149284308,True,INCREASE,"[""MC_S0_FULL_R1_L2_HIGH"", ""R1"", ""ADJACENCY_GAP1_MINUS_H0"", ""GAP1_COMMON""]"
MC_S0_FULL_R1_L2_HIGH,NEW_MC,NEW_MC,S0_FULL,1.0,L2_HIGH,R2,PREPROCESSING_FOLDLOCAL_MINUS_LEGACY,FOLD_LOCAL_LOTO,LEGACY_GLOBAL_LOTO,H0_COMMON,1.2599799227762132,1.2599799227762132,0.0,1.2699799227762132e-08,0.0,True,EQUAL_WITHIN_TOLERANCE,"[""MC_S0_FULL_R1_L2_HIGH"", ""R2"", ""PREPROCESSING_FOLDLOCAL_MINUS_LEGACY"", ""H0_COMMON""]"
MC_S0_FULL_R1_L2_HIGH,NEW_MC,NEW_MC,S0_FULL,1.0,L2_HIGH,R2,ADJACENCY_GAP1_MINUS_H0,FOLD_LOCAL_GAP1,FOLD_LOCAL_LOTO,GAP1_COMMON,1.5133301293158283,1.3342842270480624,0.1790459022677659,1.5233301293158283e-08,13.41887272878004,True,INCREASE,"[""MC_S0_FULL_R1_L2_HIGH"", ""R2"", ""ADJACENCY_GAP1_MINUS_H0"", ""GAP1_COMMON""]"
MC_S0_FULL_R2_L0_STAGE15_MATCHED,NEW_MC,NEW_MC,S0_FULL,2.0,L0_STAGE15_MATCHED,R0,PREPROCESSING_FOLDLOCAL_MINUS_LEGACY,FOLD_LOCAL_LOTO,LEGACY_GLOBAL_LOTO,H0_COMMON,1.459321115499172,1.459321115499172,0.0,1.469321115499172e-08,0.0,True,EQUAL_WITHIN_TOLERANCE,"[""MC_S0_FULL_R2_L0_STAGE15_MATCHED"", ""R0"", ""PREPROCESSING_FOLDLOCAL_MINUS_LEGACY"", ""H0_COMMON""]"
MC_S0_FULL_R2_L0_STAGE15_MATCHED,NEW_MC,NEW_MC,S0_FULL,2.0,L0_STAGE15_MATCHED,R0,ADJACENCY_GAP1_MINUS_H0,FOLD_LOCAL_GAP1,FOLD_LOCAL_LOTO,GAP1_COMMON,1.7157288384010527,1.6450947515556835,0.0706340868453692,1.7257288384010532e-08,4.293618150478817,True,INCREASE,"[""MC_S0_FULL_R2_L0_STAGE15_MATCHED"", ""R0"", ""ADJACENCY_GAP1_MINUS_H0"", ""GAP1_COMMON""]"
MC_S0_FULL_R2_L0_STAGE15_MATCHED,NEW_MC,NEW_MC,S0_FULL,2.0,L0_STAGE15_MATCHED,R1,PREPROCESSING_FOLDLOCAL_MINUS_LEGACY,FOLD_LOCAL_LOTO,LEGACY_GLOBAL_LOTO,H0_COMMON,1.2850085490856824,1.2850085490856824,0.0,1.2950085490856825e-08,0.0,True,EQUAL_WITHIN_TOLERANCE,"[""MC_S0_FULL_R2_L0_STAGE15_MATCHED"", ""R1"", ""PREPROCESSING_FOLDLOCAL_MINUS_LEGACY"", ""H0_COMMON""]"
MC_S0_FULL_R2_L0_STAGE15_MATCHED,NEW_MC,NEW_MC,S0_FULL,2.0,L0_STAGE15_MATCHED,R1,ADJACENCY_GAP1_MINUS_H0,FOLD_LOCAL_GAP1,FOLD_LOCAL_LOTO,GAP1_COMMON,1.5760992617687004,1.4423191751349027,0.1337800866337977,1.5860992617687004e-08,9.275345494958495,True,INCREASE,"[""MC_S0_FULL_R2_L0_STAGE15_MATCHED"", ""R1"", ""ADJACENCY_GAP1_MINUS_H0"", ""GAP1_COMMON""]"
MC_S0_FULL_R2_L0_STAGE15_MATCHED,NEW_MC,NEW_MC,S0_FULL,2.0,L0_STAGE15_MATCHED,R2,PREPROCESSING_FOLDLOCAL_MINUS_LEGACY,FOLD_LOCAL_LOTO,LEGACY_GLOBAL_LOTO,H0_COMMON,1.320572947177452,1.320572947177452,0.0,1.330572947177452e-08,0.0,True,EQUAL_WITHIN_TOLERANCE,"[""MC_S0_FULL_R2_L0_STAGE15_MATCHED"", ""R2"", ""PREPROCESSING_FOLDLOCAL_MINUS_LEGACY"", ""H0_COMMON""]"
MC_S0_FULL_R2_L0_STAGE15_MATCHED,NEW_MC,NEW_MC,S0_FULL,2.0,L0_STAGE15_MATCHED,R2,ADJACENCY_GAP1_MINUS_H0,FOLD_LOCAL_GAP1,FOLD_LOCAL_LOTO,GAP1_COMMON,1.629069851637405,1.4808223611461455,0.1482474904912594,1.6390698516374053e-08,10.011159635414812,True,INCREASE,"[""MC_S0_FULL_R2_L0_STAGE15_MATCHED"", ""R2"", ""ADJACENCY_GAP1_MINUS_H0"", ""GAP1_COMMON""]"
MC_S0_FULL_R2_L1_EXTENDED,NEW_MC,NEW_MC,S0_FULL,2.0,L1_EXTENDED,R0,PREPROCESSING_FOLDLOCAL_MINUS_LEGACY,FOLD_LOCAL_LOTO,LEGACY_GLOBAL_LOTO,H0_COMMON,1.563551717567601,1.563551717567601,0.0,1.573551717567601e-08,0.0,True,EQUAL_WITHIN_TOLERANCE,"[""MC_S0_FULL_R2_L1_EXTENDED"", ""R0"", ""PREPROCESSING_FOLDLOCAL_MINUS_LEGACY"", ""H0_COMMON""]"
MC_S0_FULL_R2_L1_EXTENDED,NEW_MC,NEW_MC,S0_FULL,2.0,L1_EXTENDED,R0,ADJACENCY_GAP1_MINUS_H0,FOLD_LOCAL_GAP1,FOLD_LOCAL_LOTO,GAP1_COMMON,1.6714874408371152,1.6125834453055214,0.0589039955315937,1.6814874408371152e-08,3.652771935807242,True,INCREASE,"[""MC_S0_FULL_R2_L1_EXTENDED"", ""R0"", ""ADJACENCY_GAP1_MINUS_H0"", ""GAP1_COMMON""]"
MC_S0_FULL_R2_L1_EXTENDED,NEW_MC,NEW_MC,S0_FULL,2.0,L1_EXTENDED,R1,PREPROCESSING_FOLDLOCAL_MINUS_LEGACY,FOLD_LOCAL_LOTO,LEGACY_GLOBAL_LOTO,H0_COMMON,1.4209886206088154,1.4209886206088154,0.0,1.4309886206088152e-08,0.0,True,EQUAL_WITHIN_TOLERANCE,"[""MC_S0_FULL_R2_L1_EXTENDED"", ""R1"", ""PREPROCESSING_FOLDLOCAL_MINUS_LEGACY"", ""H0_COMMON""]"
MC_S0_FULL_R2_L1_EXTENDED,NEW_MC,NEW_MC,S0_FULL,2.0,L1_EXTENDED,R1,ADJACENCY_GAP1_MINUS_H0,FOLD_LOCAL_GAP1,FOLD_LOCAL_LOTO,GAP1_COMMON,1.565753913602775,1.461115378138865,0.1046385354639098,1.575753913602775e-08,7.161551854802606,True,INCREASE,"[""MC_S0_FULL_R2_L1_EXTENDED"", ""R1"", ""ADJACENCY_GAP1_MINUS_H0"", ""GAP1_COMMON""]"
MC_S0_FULL_R2_L1_EXTENDED,NEW_MC,NEW_MC,S0_FULL,2.0,L1_EXTENDED,R2,PREPROCESSING_FOLDLOCAL_MINUS_LEGACY,FOLD_LOCAL_LOTO,LEGACY_GLOBAL_LOTO,H0_COMMON,1.4287041409758718,1.4087778913909206,0.0199262495849512,1.4387041409758718e-08,1.4144351431635285,True,INCREASE,"[""MC_S0_FULL_R2_L1_EXTENDED"", ""R2"", ""PREPROCESSING_FOLDLOCAL_MINUS_LEGACY"", ""H0_COMMON""]"
MC_S0_FULL_R2_L1_EXTENDED,NEW_MC,NEW_MC,S0_FULL,2.0,L1_EXTENDED,R2,ADJACENCY_GAP1_MINUS_H0,FOLD_LOCAL_GAP1,FOLD_LOCAL_LOTO,GAP1_COMMON,1.535747546574737,1.4878374407372916,0.0479101058374453,1.5457475465747372e-08,3.220116964774311,True,INCREASE,"[""MC_S0_FULL_R2_L1_EXTENDED"", ""R2"", ""ADJACENCY_GAP1_MINUS_H0"", ""GAP1_COMMON""]"
MC_S0_FULL_R2_L2_HIGH,NEW_MC,NEW_MC,S0_FULL,2.0,L2_HIGH,R0,PREPROCESSING_FOLDLOCAL_MINUS_LEGACY,FOLD_LOCAL_LOTO,LEGACY_GLOBAL_LOTO,H0_COMMON,1.427341626671195,1.427341626671195,0.0,1.4373416266711949e-08,0.0,True,EQUAL_WITHIN_TOLERANCE,"[""MC_S0_FULL_R2_L2_HIGH"", ""R0"", ""PREPROCESSING_FOLDLOCAL_MINUS_LEGACY"", ""H0_COMMON""]"
MC_S0_FULL_R2_L2_HIGH,NEW_MC,NEW_MC,S0_FULL,2.0,L2_HIGH,R0,ADJACENCY_GAP1_MINUS_H0,FOLD_LOCAL_GAP1,FOLD_LOCAL_LOTO,GAP1_COMMON,1.6149376572227423,1.5361660203200886,0.0787716369026536,1.6249376572227424e-08,5.127807532563455,True,INCREASE,"[""MC_S0_FULL_R2_L2_HIGH"", ""R0"", ""ADJACENCY_GAP1_MINUS_H0"", ""GAP1_COMMON""]"
MC_S0_FULL_R2_L2_HIGH,NEW_MC,NEW_MC,S0_FULL,2.0,L2_HIGH,R1,PREPROCESSING_FOLDLOCAL_MINUS_LEGACY,FOLD_LOCAL_LOTO,LEGACY_GLOBAL_LOTO,H0_COMMON,1.289623940881373,1.2896239408813732,-2.220446049250313e-16,1.2996239408813731e-08,-2.220446049250313e-14,True,EQUAL_WITHIN_TOLERANCE,"[""MC_S0_FULL_R2_L2_HIGH"", ""R1"", ""PREPROCESSING_FOLDLOCAL_MINUS_LEGACY"", ""H0_COMMON""]"
MC_S0_FULL_R2_L2_HIGH,NEW_MC,NEW_MC,S0_FULL,2.0,L2_HIGH,R1,ADJACENCY_GAP1_MINUS_H0,FOLD_LOCAL_GAP1,FOLD_LOCAL_LOTO,GAP1_COMMON,1.510766246222212,1.350920094738998,0.1598461514832139,1.520766246222212e-08,11.832391279522469,True,INCREASE,"[""MC_S0_FULL_R2_L2_HIGH"", ""R1"", ""ADJACENCY_GAP1_MINUS_H0"", ""GAP1_COMMON""]"
MC_S0_FULL_R2_L2_HIGH,NEW_MC,NEW_MC,S0_FULL,2.0,L2_HIGH,R2,PREPROCESSING_FOLDLOCAL_MINUS_LEGACY,FOLD_LOCAL_LOTO,LEGACY_GLOBAL_LOTO,H0_COMMON,1.2740594295297003,1.2740594295297003,0.0,1.2840594295297002e-08,0.0,True,EQUAL_WITHIN_TOLERANCE,"[""MC_S0_FULL_R2_L2_HIGH"", ""R2"", ""PREPROCESSING_FOLDLOCAL_MINUS_LEGACY"", ""H0_COMMON""]"
MC_S0_FULL_R2_L2_HIGH,NEW_MC,NEW_MC,S0_FULL,2.0,L2_HIGH,R2,ADJACENCY_GAP1_MINUS_H0,FOLD_LOCAL_GAP1,FOLD_LOCAL_LOTO,GAP1_COMMON,1.501945904777797,1.3156857122012298,0.1862601925765672,1.511945904777797e-08,14.15689103022495,True,INCREASE,"[""MC_S0_FULL_R2_L2_HIGH"", ""R2"", ""ADJACENCY_GAP1_MINUS_H0"", ""GAP1_COMMON""]"
MC_S0_FULL_R3_L0_STAGE15_MATCHED,NEW_MC,NEW_MC,S0_FULL,3.0,L0_STAGE15_MATCHED,R0,PREPROCESSING_FOLDLOCAL_MINUS_LEGACY,FOLD_LOCAL_LOTO,LEGACY_GLOBAL_LOTO,H0_COMMON,1.5235796997632547,1.523579699763255,-2.220446049250313e-16,1.533579699763255e-08,-1.1102230246251564e-14,True,EQUAL_WITHIN_TOLERANCE,"[""MC_S0_FULL_R3_L0_STAGE15_MATCHED"", ""R0"", ""PREPROCESSING_FOLDLOCAL_MINUS_LEGACY"", ""H0_COMMON""]"
MC_S0_FULL_R3_L0_STAGE15_MATCHED,NEW_MC,NEW_MC,S0_FULL,3.0,L0_STAGE15_MATCHED,R0,ADJACENCY_GAP1_MINUS_H0,FOLD_LOCAL_GAP1,FOLD_LOCAL_LOTO,GAP1_COMMON,1.6863146002955265,1.61570996477974,0.0706046355157865,1.6963146002955266e-08,4.369883026958465,True,INCREASE,"[""MC_S0_FULL_R3_L0_STAGE15_MATCHED"", ""R0"", ""ADJACENCY_GAP1_MINUS_H0"", ""GAP1_COMMON""]"
MC_S0_FULL_R3_L0_STAGE15_MATCHED,NEW_MC,NEW_MC,S0_FULL,3.0,L0_STAGE15_MATCHED,R1,PREPROCESSING_FOLDLOCAL_MINUS_LEGACY,FOLD_LOCAL_LOTO,LEGACY_GLOBAL_LOTO,H0_COMMON,1.3297165006170877,1.3297165006170877,0.0,1.3397165006170877e-08,0.0,True,EQUAL_WITHIN_TOLERANCE,"[""MC_S0_FULL_R3_L0_STAGE15_MATCHED"", ""R1"", ""PREPROCESSING_FOLDLOCAL_MINUS_LEGACY"", ""H0_COMMON""]"
MC_S0_FULL_R3_L0_STAGE15_MATCHED,NEW_MC,NEW_MC,S0_FULL,3.0,L0_STAGE15_MATCHED,R1,ADJACENCY_GAP1_MINUS_H0,FOLD_LOCAL_GAP1,FOLD_LOCAL_LOTO,GAP1_COMMON,1.5341284593759947,1.4028431771304586,0.1312852822455361,1.5441284593759952e-08,9.358514507236835,True,INCREASE,"[""MC_S0_FULL_R3_L0_STAGE15_MATCHED"", ""R1"", ""ADJACENCY_GAP1_MINUS_H0"", ""GAP1_COMMON""]"
MC_S0_FULL_R3_L0_STAGE15_MATCHED,NEW_MC,NEW_MC,S0_FULL,3.0,L0_STAGE15_MATCHED,R2,PREPROCESSING_FOLDLOCAL_MINUS_LEGACY,FOLD_LOCAL_LOTO,LEGACY_GLOBAL_LOTO,H0_COMMON,1.3604526509256876,1.3604526509256876,0.0,1.3704526509256876e-08,0.0,True,EQUAL_WITHIN_TOLERANCE,"[""MC_S0_FULL_R3_L0_STAGE15_MATCHED"", ""R2"", ""PREPROCESSING_FOLDLOCAL_MINUS_LEGACY"", ""H0_COMMON""]"
MC_S0_FULL_R3_L0_STAGE15_MATCHED,NEW_MC,NEW_MC,S0_FULL,3.0,L0_STAGE15_MATCHED,R2,ADJACENCY_GAP1_MINUS_H0,FOLD_LOCAL_GAP1,FOLD_LOCAL_LOTO,GAP1_COMMON,1.5771594098294837,1.4374778865869673,0.1396815232425163,1.5871594098294843e-08,9.71712501081774,True,INCREASE,"[""MC_S0_FULL_R3_L0_STAGE15_MATCHED"", ""R2"", ""ADJACENCY_GAP1_MINUS_H0"", ""GAP1_COMMON""]"
MC_S0_FULL_R3_L1_EXTENDED,NEW_MC,NEW_MC,S0_FULL,3.0,L1_EXTENDED,R0,PREPROCESSING_FOLDLOCAL_MINUS_LEGACY,FOLD_LOCAL_LOTO,LEGACY_GLOBAL_LOTO,H0_COMMON,1.5843505007692682,1.584350500769268,2.220446049250313e-16,1.5943505007692682e-08,2.220446049250313e-14,True,EQUAL_WITHIN_TOLERANCE,"[""MC_S0_FULL_R3_L1_EXTENDED"", ""R0"", ""PREPROCESSING_FOLDLOCAL_MINUS_LEGACY"", ""H0_COMMON""]"
MC_S0_FULL_R3_L1_EXTENDED,NEW_MC,NEW_MC,S0_FULL,3.0,L1_EXTENDED,R0,ADJACENCY_GAP1_MINUS_H0,FOLD_LOCAL_GAP1,FOLD_LOCAL_LOTO,GAP1_COMMON,1.672894800027256,1.6140668822272588,0.0588279177999973,1.682894800027256e-08,3.644701371904757,True,INCREASE,"[""MC_S0_FULL_R3_L1_EXTENDED"", ""R0"", ""ADJACENCY_GAP1_MINUS_H0"", ""GAP1_COMMON""]"
MC_S0_FULL_R3_L1_EXTENDED,NEW_MC,NEW_MC,S0_FULL,3.0,L1_EXTENDED,R1,PREPROCESSING_FOLDLOCAL_MINUS_LEGACY,FOLD_LOCAL_LOTO,LEGACY_GLOBAL_LOTO,H0_COMMON,1.4419023170432617,1.4419023170432617,0.0,1.4519023170432616e-08,0.0,True,EQUAL_WITHIN_TOLERANCE,"[""MC_S0_FULL_R3_L1_EXTENDED"", ""R1"", ""PREPROCESSING_FOLDLOCAL_MINUS_LEGACY"", ""H0_COMMON""]"
MC_S0_FULL_R3_L1_EXTENDED,NEW_MC,NEW_MC,S0_FULL,3.0,L1_EXTENDED,R1,ADJACENCY_GAP1_MINUS_H0,FOLD_LOCAL_GAP1,FOLD_LOCAL_LOTO,GAP1_COMMON,1.571603276432236,1.467316889245354,0.1042863871868819,1.581603276432236e-08,7.107284592118113,True,INCREASE,"[""MC_S0_FULL_R3_L1_EXTENDED"", ""R1"", ""ADJACENCY_GAP1_MINUS_H0"", ""GAP1_COMMON""]"
MC_S0_FULL_R3_L1_EXTENDED,NEW_MC,NEW_MC,S0_FULL,3.0,L1_EXTENDED,R2,PREPROCESSING_FOLDLOCAL_MINUS_LEGACY,FOLD_LOCAL_LOTO,LEGACY_GLOBAL_LOTO,H0_COMMON,1.4397320827405051,1.432001127042984,0.0077309556975211,1.4497320827405052e-08,0.5398707830269078,True,INCREASE,"[""MC_S0_FULL_R3_L1_EXTENDED"", ""R2"", ""PREPROCESSING_FOLDLOCAL_MINUS_LEGACY"", ""H0_COMMON""]"
MC_S0_FULL_R3_L1_EXTENDED,NEW_MC,NEW_MC,S0_FULL,3.0,L1_EXTENDED,R2,ADJACENCY_GAP1_MINUS_H0,FOLD_LOCAL_GAP1,FOLD_LOCAL_LOTO,GAP1_COMMON,1.5300063367903656,1.4757380391596828,0.0542682976306827,1.5400063367903658e-08,3.677366591538456,True,INCREASE,"[""MC_S0_FULL_R3_L1_EXTENDED"", ""R2"", ""ADJACENCY_GAP1_MINUS_H0"", ""GAP1_COMMON""]"
MC_S0_FULL_R3_L2_HIGH,NEW_MC,NEW_MC,S0_FULL,3.0,L2_HIGH,R0,PREPROCESSING_FOLDLOCAL_MINUS_LEGACY,FOLD_LOCAL_LOTO,LEGACY_GLOBAL_LOTO,H0_COMMON,1.436653803268062,1.436653803268062,0.0,1.4466538032680622e-08,0.0,True,EQUAL_WITHIN_TOLERANCE,"[""MC_S0_FULL_R3_L2_HIGH"", ""R0"", ""PREPROCESSING_FOLDLOCAL_MINUS_LEGACY"", ""H0_COMMON""]"
MC_S0_FULL_R3_L2_HIGH,NEW_MC,NEW_MC,S0_FULL,3.0,L2_HIGH,R0,ADJACENCY_GAP1_MINUS_H0,FOLD_LOCAL_GAP1,FOLD_LOCAL_LOTO,GAP1_COMMON,1.6240245412769343,1.5448225370371378,0.0792020042397965,1.6340245412769344e-08,5.126932210071233,True,INCREASE,"[""MC_S0_FULL_R3_L2_HIGH"", ""R0"", ""ADJACENCY_GAP1_MINUS_H0"", ""GAP1_COMMON""]"
MC_S0_FULL_R3_L2_HIGH,NEW_MC,NEW_MC,S0_FULL,3.0,L2_HIGH,R1,PREPROCESSING_FOLDLOCAL_MINUS_LEGACY,FOLD_LOCAL_LOTO,LEGACY_GLOBAL_LOTO,H0_COMMON,1.2976799976414932,1.2976799976414932,0.0,1.3076799976414933e-08,0.0,True,EQUAL_WITHIN_TOLERANCE,"[""MC_S0_FULL_R3_L2_HIGH"", ""R1"", ""PREPROCESSING_FOLDLOCAL_MINUS_LEGACY"", ""H0_COMMON""]"
MC_S0_FULL_R3_L2_HIGH,NEW_MC,NEW_MC,S0_FULL,3.0,L2_HIGH,R1,ADJACENCY_GAP1_MINUS_H0,FOLD_LOCAL_GAP1,FOLD_LOCAL_LOTO,GAP1_COMMON,1.5276792539206656,1.365787727132865,0.1618915267878007,1.5376792539206658e-08,11.853344672209952,True,INCREASE,"[""MC_S0_FULL_R3_L2_HIGH"", ""R1"", ""ADJACENCY_GAP1_MINUS_H0"", ""GAP1_COMMON""]"
MC_S0_FULL_R3_L2_HIGH,NEW_MC,NEW_MC,S0_FULL,3.0,L2_HIGH,R2,PREPROCESSING_FOLDLOCAL_MINUS_LEGACY,FOLD_LOCAL_LOTO,LEGACY_GLOBAL_LOTO,H0_COMMON,1.2802801635053342,1.280280163505334,2.220446049250313e-16,1.290280163505334e-08,2.220446049250313e-14,True,EQUAL_WITHIN_TOLERANCE,"[""MC_S0_FULL_R3_L2_HIGH"", ""R2"", ""PREPROCESSING_FOLDLOCAL_MINUS_LEGACY"", ""H0_COMMON""]"
MC_S0_FULL_R3_L2_HIGH,NEW_MC,NEW_MC,S0_FULL,3.0,L2_HIGH,R2,ADJACENCY_GAP1_MINUS_H0,FOLD_LOCAL_GAP1,FOLD_LOCAL_LOTO,GAP1_COMMON,1.5200931621672815,1.3347094207807737,0.1853837413865078,1.5300931621672817e-08,13.889445784990606,True,INCREASE,"[""MC_S0_FULL_R3_L2_HIGH"", ""R2"", ""ADJACENCY_GAP1_MINUS_H0"", ""GAP1_COMMON""]"
MC_S0_FULL_R4_L0_STAGE15_MATCHED,NEW_MC,NEW_MC,S0_FULL,4.0,L0_STAGE15_MATCHED,R0,PREPROCESSING_FOLDLOCAL_MINUS_LEGACY,FOLD_LOCAL_LOTO,LEGACY_GLOBAL_LOTO,H0_COMMON,1.5270916139932589,1.5270916139932589,0.0,1.537091613993259e-08,0.0,True,EQUAL_WITHIN_TOLERANCE,"[""MC_S0_FULL_R4_L0_STAGE15_MATCHED"", ""R0"", ""PREPROCESSING_FOLDLOCAL_MINUS_LEGACY"", ""H0_COMMON""]"
MC_S0_FULL_R4_L0_STAGE15_MATCHED,NEW_MC,NEW_MC,S0_FULL,4.0,L0_STAGE15_MATCHED,R0,ADJACENCY_GAP1_MINUS_H0,FOLD_LOCAL_GAP1,FOLD_LOCAL_LOTO,GAP1_COMMON,1.7336022671742084,1.660362661321233,0.0732396058529754,1.7436022671742085e-08,4.411060761550423,True,INCREASE,"[""MC_S0_FULL_R4_L0_STAGE15_MATCHED"", ""R0"", ""ADJACENCY_GAP1_MINUS_H0"", ""GAP1_COMMON""]"
MC_S0_FULL_R4_L0_STAGE15_MATCHED,NEW_MC,NEW_MC,S0_FULL,4.0,L0_STAGE15_MATCHED,R1,PREPROCESSING_FOLDLOCAL_MINUS_LEGACY,FOLD_LOCAL_LOTO,LEGACY_GLOBAL_LOTO,H0_COMMON,1.340670696981896,1.340670696981896,0.0,1.3506706969818961e-08,0.0,True,EQUAL_WITHIN_TOLERANCE,"[""MC_S0_FULL_R4_L0_STAGE15_MATCHED"", ""R1"", ""PREPROCESSING_FOLDLOCAL_MINUS_LEGACY"", ""H0_COMMON""]"
MC_S0_FULL_R4_L0_STAGE15_MATCHED,NEW_MC,NEW_MC,S0_FULL,4.0,L0_STAGE15_MATCHED,R1,ADJACENCY_GAP1_MINUS_H0,FOLD_LOCAL_GAP1,FOLD_LOCAL_LOTO,GAP1_COMMON,1.5848494998498517,1.445927351121126,0.1389221487287257,1.5948494998498522e-08,9.607823561882968,True,INCREASE,"[""MC_S0_FULL_R4_L0_STAGE15_MATCHED"", ""R1"", ""ADJACENCY_GAP1_MINUS_H0"", ""GAP1_COMMON""]"
MC_S0_FULL_R4_L0_STAGE15_MATCHED,NEW_MC,NEW_MC,S0_FULL,4.0,L0_STAGE15_MATCHED,R2,PREPROCESSING_FOLDLOCAL_MINUS_LEGACY,FOLD_LOCAL_LOTO,LEGACY_GLOBAL_LOTO,H0_COMMON,1.3666812151982448,1.3666812151982446,2.220446049250313e-16,1.3766812151982448e-08,2.220446049250313e-14,True,EQUAL_WITHIN_TOLERANCE,"[""MC_S0_FULL_R4_L0_STAGE15_MATCHED"", ""R2"", ""PREPROCESSING_FOLDLOCAL_MINUS_LEGACY"", ""H0_COMMON""]"
MC_S0_FULL_R4_L0_STAGE15_MATCHED,NEW_MC,NEW_MC,S0_FULL,4.0,L0_STAGE15_MATCHED,R2,ADJACENCY_GAP1_MINUS_H0,FOLD_LOCAL_GAP1,FOLD_LOCAL_LOTO,GAP1_COMMON,1.6266441096568869,1.4754958276254622,0.1511482820314247,1.636644109656887e-08,10.24389762420881,True,INCREASE,"[""MC_S0_FULL_R4_L0_STAGE15_MATCHED"", ""R2"", ""ADJACENCY_GAP1_MINUS_H0"", ""GAP1_COMMON""]"
MC_S0_FULL_R4_L1_EXTENDED,NEW_MC,NEW_MC,S0_FULL,4.0,L1_EXTENDED,R0,PREPROCESSING_FOLDLOCAL_MINUS_LEGACY,FOLD_LOCAL_LOTO,LEGACY_GLOBAL_LOTO,H0_COMMON,1.5784991020764547,1.5784991020764547,0.0,1.5884991020764553e-08,0.0,True,EQUAL_WITHIN_TOLERANCE,"[""MC_S0_FULL_R4_L1_EXTENDED"", ""R0"", ""PREPROCESSING_FOLDLOCAL_MINUS_LEGACY"", ""H0_COMMON""]"
MC_S0_FULL_R4_L1_EXTENDED,NEW_MC,NEW_MC,S0_FULL,4.0,L1_EXTENDED,R0,ADJACENCY_GAP1_MINUS_H0,FOLD_LOCAL_GAP1,FOLD_LOCAL_LOTO,GAP1_COMMON,1.6613511143474984,1.6031282567539988,0.0582228575934995,1.6713511143474986e-08,3.631827793453568,True,INCREASE,"[""MC_S0_FULL_R4_L1_EXTENDED"", ""R0"", ""ADJACENCY_GAP1_MINUS_H0"", ""GAP1_COMMON""]"
MC_S0_FULL_R4_L1_EXTENDED,NEW_MC,NEW_MC,S0_FULL,4.0,L1_EXTENDED,R1,PREPROCESSING_FOLDLOCAL_MINUS_LEGACY,FOLD_LOCAL_LOTO,LEGACY_GLOBAL_LOTO,H0_COMMON,1.430663864528752,1.4306638645287515,4.440892098500626e-16,1.4406638645287518e-08,2.220446049250313e-14,True,EQUAL_WITHIN_TOLERANCE,"[""MC_S0_FULL_R4_L1_EXTENDED"", ""R1"", ""PREPROCESSING_FOLDLOCAL_MINUS_LEGACY"", ""H0_COMMON""]"
MC_S0_FULL_R4_L1_EXTENDED,NEW_MC,NEW_MC,S0_FULL,4.0,L1_EXTENDED,R1,ADJACENCY_GAP1_MINUS_H0,FOLD_LOCAL_GAP1,FOLD_LOCAL_LOTO,GAP1_COMMON,1.549035372223449,1.4483342497700933,0.1007011224533556,1.559035372223449e-08,6.952892432761337,True,INCREASE,"[""MC_S0_FULL_R4_L1_EXTENDED"", ""R1"", ""ADJACENCY_GAP1_MINUS_H0"", ""GAP1_COMMON""]"
MC_S0_FULL_R4_L1_EXTENDED,NEW_MC,NEW_MC,S0_FULL,4.0,L1_EXTENDED,R2,PREPROCESSING_FOLDLOCAL_MINUS_LEGACY,FOLD_LOCAL_LOTO,LEGACY_GLOBAL_LOTO,H0_COMMON,1.4283187579158985,1.4203429152281966,0.0079758426877019,1.4383187579158985e-08,0.5615434556112353,True,INCREASE,"[""MC_S0_FULL_R4_L1_EXTENDED"", ""R2"", ""PREPROCESSING_FOLDLOCAL_MINUS_LEGACY"", ""H0_COMMON""]"
MC_S0_FULL_R4_L1_EXTENDED,NEW_MC,NEW_MC,S0_FULL,4.0,L1_EXTENDED,R2,ADJACENCY_GAP1_MINUS_H0,FOLD_LOCAL_GAP1,FOLD_LOCAL_LOTO,GAP1_COMMON,1.521443699616092,1.462254071662818,0.0591896279532739,1.531443699616092e-08,4.0478347162997474,True,INCREASE,"[""MC_S0_FULL_R4_L1_EXTENDED"", ""R2"", ""ADJACENCY_GAP1_MINUS_H0"", ""GAP1_COMMON""]"
MC_S0_FULL_R4_L2_HIGH,NEW_MC,NEW_MC,S0_FULL,4.0,L2_HIGH,R0,PREPROCESSING_FOLDLOCAL_MINUS_LEGACY,FOLD_LOCAL_LOTO,LEGACY_GLOBAL_LOTO,H0_COMMON,1.4177321576284114,1.4177321576284114,0.0,1.4277321576284114e-08,0.0,True,EQUAL_WITHIN_TOLERANCE,"[""MC_S0_FULL_R4_L2_HIGH"", ""R0"", ""PREPROCESSING_FOLDLOCAL_MINUS_LEGACY"", ""H0_COMMON""]"
MC_S0_FULL_R4_L2_HIGH,NEW_MC,NEW_MC,S0_FULL,4.0,L2_HIGH,R0,ADJACENCY_GAP1_MINUS_H0,FOLD_LOCAL_GAP1,FOLD_LOCAL_LOTO,GAP1_COMMON,1.591151327077036,1.5145663300963426,0.0765849969806935,1.6011513270770362e-08,5.05656275719677,True,INCREASE,"[""MC_S0_FULL_R4_L2_HIGH"", ""R0"", ""ADJACENCY_GAP1_MINUS_H0"", ""GAP1_COMMON""]"
MC_S0_FULL_R4_L2_HIGH,NEW_MC,NEW_MC,S0_FULL,4.0,L2_HIGH,R1,PREPROCESSING_FOLDLOCAL_MINUS_LEGACY,FOLD_LOCAL_LOTO,LEGACY_GLOBAL_LOTO,H0_COMMON,1.2784220654524256,1.2784220654524256,0.0,1.2884220654524256e-08,0.0,True,EQUAL_WITHIN_TOLERANCE,"[""MC_S0_FULL_R4_L2_HIGH"", ""R1"", ""PREPROCESSING_FOLDLOCAL_MINUS_LEGACY"", ""H0_COMMON""]"
MC_S0_FULL_R4_L2_HIGH,NEW_MC,NEW_MC,S0_FULL,4.0,L2_HIGH,R1,ADJACENCY_GAP1_MINUS_H0,FOLD_LOCAL_GAP1,FOLD_LOCAL_LOTO,GAP1_COMMON,1.4970244248096003,1.3406529312384774,0.1563714935711229,1.5070244248096003e-08,11.663831102556044,True,INCREASE,"[""MC_S0_FULL_R4_L2_HIGH"", ""R1"", ""ADJACENCY_GAP1_MINUS_H0"", ""GAP1_COMMON""]"
MC_S0_FULL_R4_L2_HIGH,NEW_MC,NEW_MC,S0_FULL,4.0,L2_HIGH,R2,PREPROCESSING_FOLDLOCAL_MINUS_LEGACY,FOLD_LOCAL_LOTO,LEGACY_GLOBAL_LOTO,H0_COMMON,1.2586655849446318,1.2586655849446318,0.0,1.2686655849446317e-08,0.0,True,EQUAL_WITHIN_TOLERANCE,"[""MC_S0_FULL_R4_L2_HIGH"", ""R2"", ""PREPROCESSING_FOLDLOCAL_MINUS_LEGACY"", ""H0_COMMON""]"
MC_S0_FULL_R4_L2_HIGH,NEW_MC,NEW_MC,S0_FULL,4.0,L2_HIGH,R2,ADJACENCY_GAP1_MINUS_H0,FOLD_LOCAL_GAP1,FOLD_LOCAL_LOTO,GAP1_COMMON,1.4985245050549676,1.3176640738898937,0.1808604311650739,1.5085245050549677e-08,13.725837620445503,True,INCREASE,"[""MC_S0_FULL_R4_L2_HIGH"", ""R2"", ""ADJACENCY_GAP1_MINUS_H0"", ""GAP1_COMMON""]"
MC_S1_DROP_TOP1_R0_L0_STAGE15_MATCHED,NEW_MC,NEW_MC,S1_DROP_TOP1,0.0,L0_STAGE15_MATCHED,R0,PREPROCESSING_FOLDLOCAL_MINUS_LEGACY,FOLD_LOCAL_LOTO,LEGACY_GLOBAL_LOTO,H0_COMMON,1.6125590809358905,1.6125590809358905,0.0,1.6225590809358908e-08,0.0,True,EQUAL_WITHIN_TOLERANCE,"[""MC_S1_DROP_TOP1_R0_L0_STAGE15_MATCHED"", ""R0"", ""PREPROCESSING_FOLDLOCAL_MINUS_LEGACY"", ""H0_COMMON""]"
MC_S1_DROP_TOP1_R0_L0_STAGE15_MATCHED,NEW_MC,NEW_MC,S1_DROP_TOP1,0.0,L0_STAGE15_MATCHED,R0,ADJACENCY_GAP1_MINUS_H0,FOLD_LOCAL_GAP1,FOLD_LOCAL_LOTO,GAP1_COMMON,2.012865760723204,1.892198236713264,0.1206675240099404,2.022865760723204e-08,6.377107940843407,True,INCREASE,"[""MC_S1_DROP_TOP1_R0_L0_STAGE15_MATCHED"", ""R0"", ""ADJACENCY_GAP1_MINUS_H0"", ""GAP1_COMMON""]"
MC_S1_DROP_TOP1_R0_L0_STAGE15_MATCHED,NEW_MC,NEW_MC,S1_DROP_TOP1,0.0,L0_STAGE15_MATCHED,R1,PREPROCESSING_FOLDLOCAL_MINUS_LEGACY,FOLD_LOCAL_LOTO,LEGACY_GLOBAL_LOTO,H0_COMMON,1.391808276054352,1.391808276054352,0.0,1.4018082760543521e-08,0.0,True,EQUAL_WITHIN_TOLERANCE,"[""MC_S1_DROP_TOP1_R0_L0_STAGE15_MATCHED"", ""R1"", ""PREPROCESSING_FOLDLOCAL_MINUS_LEGACY"", ""H0_COMMON""]"
MC_S1_DROP_TOP1_R0_L0_STAGE15_MATCHED,NEW_MC,NEW_MC,S1_DROP_TOP1,0.0,L0_STAGE15_MATCHED,R1,ADJACENCY_GAP1_MINUS_H0,FOLD_LOCAL_GAP1,FOLD_LOCAL_LOTO,GAP1_COMMON,1.79320369502582,1.5655605846531546,0.2276431103726655,1.8032036950258203e-08,14.540677160896909,True,INCREASE,"[""MC_S1_DROP_TOP1_R0_L0_STAGE15_MATCHED"", ""R1"", ""ADJACENCY_GAP1_MINUS_H0"", ""GAP1_COMMON""]"
MC_S1_DROP_TOP1_R0_L0_STAGE15_MATCHED,NEW_MC,NEW_MC,S1_DROP_TOP1,0.0,L0_STAGE15_MATCHED,R2,PREPROCESSING_FOLDLOCAL_MINUS_LEGACY,FOLD_LOCAL_LOTO,LEGACY_GLOBAL_LOTO,H0_COMMON,1.5185537320644504,1.5905737783842486,-0.0720200463197981,1.6005737783842486e-08,-4.527928681997906,True,DECREASE,"[""MC_S1_DROP_TOP1_R0_L0_STAGE15_MATCHED"", ""R2"", ""PREPROCESSING_FOLDLOCAL_MINUS_LEGACY"", ""H0_COMMON""]"
MC_S1_DROP_TOP1_R0_L0_STAGE15_MATCHED,NEW_MC,NEW_MC,S1_DROP_TOP1,0.0,L0_STAGE15_MATCHED,R2,ADJACENCY_GAP1_MINUS_H0,FOLD_LOCAL_GAP1,FOLD_LOCAL_LOTO,GAP1_COMMON,2.003044091438348,1.7124972237041671,0.2905468677341809,2.0130440914383482e-08,16.966267957253798,True,INCREASE,"[""MC_S1_DROP_TOP1_R0_L0_STAGE15_MATCHED"", ""R2"", ""ADJACENCY_GAP1_MINUS_H0"", ""GAP1_COMMON""]"
MC_S1_DROP_TOP1_R0_L1_EXTENDED,NEW_MC,NEW_MC,S1_DROP_TOP1,0.0,L1_EXTENDED,R0,PREPROCESSING_FOLDLOCAL_MINUS_LEGACY,FOLD_LOCAL_LOTO,LEGACY_GLOBAL_LOTO,H0_COMMON,1.6403932944611643,1.6403932944611643,0.0,1.6503932944611644e-08,0.0,True,EQUAL_WITHIN_TOLERANCE,"[""MC_S1_DROP_TOP1_R0_L1_EXTENDED"", ""R0"", ""PREPROCESSING_FOLDLOCAL_MINUS_LEGACY"", ""H0_COMMON""]"
MC_S1_DROP_TOP1_R0_L1_EXTENDED,NEW_MC,NEW_MC,S1_DROP_TOP1,0.0,L1_EXTENDED,R0,ADJACENCY_GAP1_MINUS_H0,FOLD_LOCAL_GAP1,FOLD_LOCAL_LOTO,GAP1_COMMON,1.9876973185292304,1.881383162400106,0.1063141561291243,1.9976973185292304e-08,5.650850834313714,True,INCREASE,"[""MC_S1_DROP_TOP1_R0_L1_EXTENDED"", ""R0"", ""ADJACENCY_GAP1_MINUS_H0"", ""GAP1_COMMON""]"
MC_S1_DROP_TOP1_R0_L1_EXTENDED,NEW_MC,NEW_MC,S1_DROP_TOP1,0.0,L1_EXTENDED,R1,PREPROCESSING_FOLDLOCAL_MINUS_LEGACY,FOLD_LOCAL_LOTO,LEGACY_GLOBAL_LOTO,H0_COMMON,1.4670857962613686,1.4670857962613688,-2.220446049250313e-16,1.4770857962613688e-08,-1.1102230246251564e-14,True,EQUAL_WITHIN_TOLERANCE,"[""MC_S1_DROP_TOP1_R0_L1_EXTENDED"", ""R1"", ""PREPROCESSING_FOLDLOCAL_MINUS_LEGACY"", ""H0_COMMON""]"
MC_S1_DROP_TOP1_R0_L1_EXTENDED,NEW_MC,NEW_MC,S1_DROP_TOP1,0.0,L1_EXTENDED,R1,ADJACENCY_GAP1_MINUS_H0,FOLD_LOCAL_GAP1,FOLD_LOCAL_LOTO,GAP1_COMMON,1.7974408310011394,1.6107225975370036,0.1867182334641357,1.80744083100114e-08,11.59220301184396,True,INCREASE,"[""MC_S1_DROP_TOP1_R0_L1_EXTENDED"", ""R1"", ""ADJACENCY_GAP1_MINUS_H0"", ""GAP1_COMMON""]"
MC_S1_DROP_TOP1_R0_L1_EXTENDED,NEW_MC,NEW_MC,S1_DROP_TOP1,0.0,L1_EXTENDED,R2,PREPROCESSING_FOLDLOCAL_MINUS_LEGACY,FOLD_LOCAL_LOTO,LEGACY_GLOBAL_LOTO,H0_COMMON,1.6173512099070315,1.754691480215337,-0.1373402703083055,1.764691480215337e-08,-7.827032379016908,True,DECREASE,"[""MC_S1_DROP_TOP1_R0_L1_EXTENDED"", ""R2"", ""PREPROCESSING_FOLDLOCAL_MINUS_LEGACY"", ""H0_COMMON""]"
MC_S1_DROP_TOP1_R0_L1_EXTENDED,NEW_MC,NEW_MC,S1_DROP_TOP1,0.0,L1_EXTENDED,R2,ADJACENCY_GAP1_MINUS_H0,FOLD_LOCAL_GAP1,FOLD_LOCAL_LOTO,GAP1_COMMON,2.0059223993675,1.798823170582695,0.207099228784805,2.0159223993675e-08,11.51303986804435,True,INCREASE,"[""MC_S1_DROP_TOP1_R0_L1_EXTENDED"", ""R2"", ""ADJACENCY_GAP1_MINUS_H0"", ""GAP1_COMMON""]"
MC_S1_DROP_TOP1_R0_L2_HIGH,NEW_MC,NEW_MC,S1_DROP_TOP1,0.0,L2_HIGH,R0,PREPROCESSING_FOLDLOCAL_MINUS_LEGACY,FOLD_LOCAL_LOTO,LEGACY_GLOBAL_LOTO,H0_COMMON,1.6642771534832594,1.6642771534832594,0.0,1.6742771534832597e-08,0.0,True,EQUAL_WITHIN_TOLERANCE,"[""MC_S1_DROP_TOP1_R0_L2_HIGH"", ""R0"", ""PREPROCESSING_FOLDLOCAL_MINUS_LEGACY"", ""H0_COMMON""]"
MC_S1_DROP_TOP1_R0_L2_HIGH,NEW_MC,NEW_MC,S1_DROP_TOP1,0.0,L2_HIGH,R0,ADJACENCY_GAP1_MINUS_H0,FOLD_LOCAL_GAP1,FOLD_LOCAL_LOTO,GAP1_COMMON,2.0259836239681754,1.90943993499094,0.1165436889772355,2.035983623968176e-08,6.10355355209371,True,INCREASE,"[""MC_S1_DROP_TOP1_R0_L2_HIGH"", ""R0"", ""ADJACENCY_GAP1_MINUS_H0"", ""GAP1_COMMON""]"
MC_S1_DROP_TOP1_R0_L2_HIGH,NEW_MC,NEW_MC,S1_DROP_TOP1,0.0,L2_HIGH,R1,PREPROCESSING_FOLDLOCAL_MINUS_LEGACY,FOLD_LOCAL_LOTO,LEGACY_GLOBAL_LOTO,H0_COMMON,1.43195204084547,1.43195204084547,0.0,1.44195204084547e-08,0.0,True,EQUAL_WITHIN_TOLERANCE,"[""MC_S1_DROP_TOP1_R0_L2_HIGH"", ""R1"", ""PREPROCESSING_FOLDLOCAL_MINUS_LEGACY"", ""H0_COMMON""]"
MC_S1_DROP_TOP1_R0_L2_HIGH,NEW_MC,NEW_MC,S1_DROP_TOP1,0.0,L2_HIGH,R1,ADJACENCY_GAP1_MINUS_H0,FOLD_LOCAL_GAP1,FOLD_LOCAL_LOTO,GAP1_COMMON,1.7961669834389098,1.6013997960800188,0.1947671873588909,1.8061669834389095e-08,12.16230873986941,True,INCREASE,"[""MC_S1_DROP_TOP1_R0_L2_HIGH"", ""R1"", ""ADJACENCY_GAP1_MINUS_H0"", ""GAP1_COMMON""]"
MC_S1_DROP_TOP1_R0_L2_HIGH,NEW_MC,NEW_MC,S1_DROP_TOP1,0.0,L2_HIGH,R2,PREPROCESSING_FOLDLOCAL_MINUS_LEGACY,FOLD_LOCAL_LOTO,LEGACY_GLOBAL_LOTO,H0_COMMON,1.6113652248490142,1.5685730707032906,0.0427921541457236,1.6213652248490145e-08,2.7280944028024834,True,INCREASE,"[""MC_S1_DROP_TOP1_R0_L2_HIGH"", ""R2"", ""PREPROCESSING_FOLDLOCAL_MINUS_LEGACY"", ""H0_COMMON""]"
MC_S1_DROP_TOP1_R0_L2_HIGH,NEW_MC,NEW_MC,S1_DROP_TOP1,0.0,L2_HIGH,R2,ADJACENCY_GAP1_MINUS_H0,FOLD_LOCAL_GAP1,FOLD_LOCAL_LOTO,GAP1_COMMON,1.9561847024076129,1.8143684288834585,0.1418162735241543,1.9661847024076132e-08,7.816288647142433,True,INCREASE,"[""MC_S1_DROP_TOP1_R0_L2_HIGH"", ""R2"", ""ADJACENCY_GAP1_MINUS_H0"", ""GAP1_COMMON""]"
MC_S1_DROP_TOP1_R1_L0_STAGE15_MATCHED,NEW_MC,NEW_MC,S1_DROP_TOP1,1.0,L0_STAGE15_MATCHED,R0,PREPROCESSING_FOLDLOCAL_MINUS_LEGACY,FOLD_LOCAL_LOTO,LEGACY_GLOBAL_LOTO,H0_COMMON,1.6002368677894492,1.6002368677894492,0.0,1.6102368677894492e-08,0.0,True,EQUAL_WITHIN_TOLERANCE,"[""MC_S1_DROP_TOP1_R1_L0_STAGE15_MATCHED"", ""R0"", ""PREPROCESSING_FOLDLOCAL_MINUS_LEGACY"", ""H0_COMMON""]"
MC_S1_DROP_TOP1_R1_L0_STAGE15_MATCHED,NEW_MC,NEW_MC,S1_DROP_TOP1,1.0,L0_STAGE15_MATCHED,R0,ADJACENCY_GAP1_MINUS_H0,FOLD_LOCAL_GAP1,FOLD_LOCAL_LOTO,GAP1_COMMON,1.8714931120939384,1.764679412349058,0.1068136997448805,1.8814931120939385e-08,6.052867109878912,True,INCREASE,"[""MC_S1_DROP_TOP1_R1_L0_STAGE15_MATCHED"", ""R0"", ""ADJACENCY_GAP1_MINUS_H0"", ""GAP1_COMMON""]"
MC_S1_DROP_TOP1_R1_L0_STAGE15_MATCHED,NEW_MC,NEW_MC,S1_DROP_TOP1,1.0,L0_STAGE15_MATCHED,R1,PREPROCESSING_FOLDLOCAL_MINUS_LEGACY,FOLD_LOCAL_LOTO,LEGACY_GLOBAL_LOTO,H0_COMMON,1.3946581998480665,1.3946581998480665,0.0,1.4046581998480664e-08,0.0,True,EQUAL_WITHIN_TOLERANCE,"[""MC_S1_DROP_TOP1_R1_L0_STAGE15_MATCHED"", ""R1"", ""PREPROCESSING_FOLDLOCAL_MINUS_LEGACY"", ""H0_COMMON""]"
MC_S1_DROP_TOP1_R1_L0_STAGE15_MATCHED,NEW_MC,NEW_MC,S1_DROP_TOP1,1.0,L0_STAGE15_MATCHED,R1,ADJACENCY_GAP1_MINUS_H0,FOLD_LOCAL_GAP1,FOLD_LOCAL_LOTO,GAP1_COMMON,1.687508971034395,1.5018606708370643,0.1856483001973305,1.6975089710343952e-08,12.361219905562828,True,INCREASE,"[""MC_S1_DROP_TOP1_R1_L0_STAGE15_MATCHED"", ""R1"", ""ADJACENCY_GAP1_MINUS_H0"", ""GAP1_COMMON""]"
MC_S1_DROP_TOP1_R1_L0_STAGE15_MATCHED,NEW_MC,NEW_MC,S1_DROP_TOP1,1.0,L0_STAGE15_MATCHED,R2,PREPROCESSING_FOLDLOCAL_MINUS_LEGACY,FOLD_LOCAL_LOTO,LEGACY_GLOBAL_LOTO,H0_COMMON,1.5507512483898442,1.6337598130004494,-0.0830085646106051,1.6437598130004495e-08,-5.080830361358768,True,DECREASE,"[""MC_S1_DROP_TOP1_R1_L0_STAGE15_MATCHED"", ""R2"", ""PREPROCESSING_FOLDLOCAL_MINUS_LEGACY"", ""H0_COMMON""]"
MC_S1_DROP_TOP1_R1_L0_STAGE15_MATCHED,NEW_MC,NEW_MC,S1_DROP_TOP1,1.0,L0_STAGE15_MATCHED,R2,ADJACENCY_GAP1_MINUS_H0,FOLD_LOCAL_GAP1,FOLD_LOCAL_LOTO,GAP1_COMMON,1.8990440583190225,1.671939455685564,0.2271046026334584,1.909044058319023e-08,13.583303023394231,True,INCREASE,"[""MC_S1_DROP_TOP1_R1_L0_STAGE15_MATCHED"", ""R2"", ""ADJACENCY_GAP1_MINUS_H0"", ""GAP1_COMMON""]"
MC_S1_DROP_TOP1_R1_L1_EXTENDED,NEW_MC,NEW_MC,S1_DROP_TOP1,1.0,L1_EXTENDED,R0,PREPROCESSING_FOLDLOCAL_MINUS_LEGACY,FOLD_LOCAL_LOTO,LEGACY_GLOBAL_LOTO,H0_COMMON,1.6497388285314958,1.6497388285314958,0.0,1.6597388285314963e-08,0.0,True,EQUAL_WITHIN_TOLERANCE,"[""MC_S1_DROP_TOP1_R1_L1_EXTENDED"", ""R0"", ""PREPROCESSING_FOLDLOCAL_MINUS_LEGACY"", ""H0_COMMON""]"
MC_S1_DROP_TOP1_R1_L1_EXTENDED,NEW_MC,NEW_MC,S1_DROP_TOP1,1.0,L1_EXTENDED,R0,ADJACENCY_GAP1_MINUS_H0,FOLD_LOCAL_GAP1,FOLD_LOCAL_LOTO,GAP1_COMMON,2.007891609056748,1.8978606527803568,0.1100309562763908,2.017891609056748e-08,5.797630933293019,True,INCREASE,"[""MC_S1_DROP_TOP1_R1_L1_EXTENDED"", ""R0"", ""ADJACENCY_GAP1_MINUS_H0"", ""GAP1_COMMON""]"
MC_S1_DROP_TOP1_R1_L1_EXTENDED,NEW_MC,NEW_MC,S1_DROP_TOP1,1.0,L1_EXTENDED,R1,PREPROCESSING_FOLDLOCAL_MINUS_LEGACY,FOLD_LOCAL_LOTO,LEGACY_GLOBAL_LOTO,H0_COMMON,1.4735074196070312,1.4735074196070317,-4.440892098500626e-16,1.4835074196070317e-08,-3.3306690738754696e-14,True,EQUAL_WITHIN_TOLERANCE,"[""MC_S1_DROP_TOP1_R1_L1_EXTENDED"", ""R1"", ""PREPROCESSING_FOLDLOCAL_MINUS_LEGACY"", ""H0_COMMON""]"
MC_S1_DROP_TOP1_R1_L1_EXTENDED,NEW_MC,NEW_MC,S1_DROP_TOP1,1.0,L1_EXTENDED,R1,ADJACENCY_GAP1_MINUS_H0,FOLD_LOCAL_GAP1,FOLD_LOCAL_LOTO,GAP1_COMMON,1.8127234804590773,1.6167476905064688,0.1959757899526084,1.8227234804590773e-08,12.121606302787802,True,INCREASE,"[""MC_S1_DROP_TOP1_R1_L1_EXTENDED"", ""R1"", ""ADJACENCY_GAP1_MINUS_H0"", ""GAP1_COMMON""]"
MC_S1_DROP_TOP1_R1_L1_EXTENDED,NEW_MC,NEW_MC,S1_DROP_TOP1,1.0,L1_EXTENDED,R2,PREPROCESSING_FOLDLOCAL_MINUS_LEGACY,FOLD_LOCAL_LOTO,LEGACY_GLOBAL_LOTO,H0_COMMON,1.6336566518853115,1.754413977915838,-0.1207573260305265,1.764413977915838e-08,-6.88305767912204,True,DECREASE,"[""MC_S1_DROP_TOP1_R1_L1_EXTENDED"", ""R2"", ""PREPROCESSING_FOLDLOCAL_MINUS_LEGACY"", ""H0_COMMON""]"
MC_S1_DROP_TOP1_R1_L1_EXTENDED,NEW_MC,NEW_MC,S1_DROP_TOP1,1.0,L1_EXTENDED,R2,ADJACENCY_GAP1_MINUS_H0,FOLD_LOCAL_GAP1,FOLD_LOCAL_LOTO,GAP1_COMMON,2.0202982830956624,1.8097582091767312,0.2105400739189311,2.030298283095663e-08,11.633602370269514,True,INCREASE,"[""MC_S1_DROP_TOP1_R1_L1_EXTENDED"", ""R2"", ""ADJACENCY_GAP1_MINUS_H0"", ""GAP1_COMMON""]"
MC_S1_DROP_TOP1_R1_L2_HIGH,NEW_MC,NEW_MC,S1_DROP_TOP1,1.0,L2_HIGH,R0,PREPROCESSING_FOLDLOCAL_MINUS_LEGACY,FOLD_LOCAL_LOTO,LEGACY_GLOBAL_LOTO,H0_COMMON,1.6579395032024742,1.6579395032024742,0.0,1.6679395032024744e-08,0.0,True,EQUAL_WITHIN_TOLERANCE,"[""MC_S1_DROP_TOP1_R1_L2_HIGH"", ""R0"", ""PREPROCESSING_FOLDLOCAL_MINUS_LEGACY"", ""H0_COMMON""]"
MC_S1_DROP_TOP1_R1_L2_HIGH,NEW_MC,NEW_MC,S1_DROP_TOP1,1.0,L2_HIGH,R0,ADJACENCY_GAP1_MINUS_H0,FOLD_LOCAL_GAP1,FOLD_LOCAL_LOTO,GAP1_COMMON,2.008931810396386,1.893360509769934,0.115571300626452,2.0189318103963863e-08,6.104030375097214,True,INCREASE,"[""MC_S1_DROP_TOP1_R1_L2_HIGH"", ""R0"", ""ADJACENCY_GAP1_MINUS_H0"", ""GAP1_COMMON""]"
MC_S1_DROP_TOP1_R1_L2_HIGH,NEW_MC,NEW_MC,S1_DROP_TOP1,1.0,L2_HIGH,R1,PREPROCESSING_FOLDLOCAL_MINUS_LEGACY,FOLD_LOCAL_LOTO,LEGACY_GLOBAL_LOTO,H0_COMMON,1.4207574661168316,1.4207574661168316,0.0,1.4307574661168317e-08,0.0,True,EQUAL_WITHIN_TOLERANCE,"[""MC_S1_DROP_TOP1_R1_L2_HIGH"", ""R1"", ""PREPROCESSING_FOLDLOCAL_MINUS_LEGACY"", ""H0_COMMON""]"
MC_S1_DROP_TOP1_R1_L2_HIGH,NEW_MC,NEW_MC,S1_DROP_TOP1,1.0,L2_HIGH,R1,ADJACENCY_GAP1_MINUS_H0,FOLD_LOCAL_GAP1,FOLD_LOCAL_LOTO,GAP1_COMMON,1.7790067452642462,1.5860916291958649,0.1929151160683813,1.7890067452642464e-08,12.16292378809083,True,INCREASE,"[""MC_S1_DROP_TOP1_R1_L2_HIGH"", ""R1"", ""ADJACENCY_GAP1_MINUS_H0"", ""GAP1_COMMON""]"
MC_S1_DROP_TOP1_R1_L2_HIGH,NEW_MC,NEW_MC,S1_DROP_TOP1,1.0,L2_HIGH,R2,PREPROCESSING_FOLDLOCAL_MINUS_LEGACY,FOLD_LOCAL_LOTO,LEGACY_GLOBAL_LOTO,H0_COMMON,1.6025846453341062,1.5770945155089815,0.0254901298251246,1.6125846453341062e-08,1.6162715407642023,True,INCREASE,"[""MC_S1_DROP_TOP1_R1_L2_HIGH"", ""R2"", ""PREPROCESSING_FOLDLOCAL_MINUS_LEGACY"", ""H0_COMMON""]"
MC_S1_DROP_TOP1_R1_L2_HIGH,NEW_MC,NEW_MC,S1_DROP_TOP1,1.0,L2_HIGH,R2,ADJACENCY_GAP1_MINUS_H0,FOLD_LOCAL_GAP1,FOLD_LOCAL_LOTO,GAP1_COMMON,1.953686244842236,1.7964699845417595,0.1572162603004765,1.963686244842236e-08,8.751399224773525,True,INCREASE,"[""MC_S1_DROP_TOP1_R1_L2_HIGH"", ""R2"", ""ADJACENCY_GAP1_MINUS_H0"", ""GAP1_COMMON""]"
MC_S1_DROP_TOP1_R2_L0_STAGE15_MATCHED,NEW_MC,NEW_MC,S1_DROP_TOP1,2.0,L0_STAGE15_MATCHED,R0,PREPROCESSING_FOLDLOCAL_MINUS_LEGACY,FOLD_LOCAL_LOTO,LEGACY_GLOBAL_LOTO,H0_COMMON,1.6174448464707043,1.6174448464707043,0.0,1.6274448464707045e-08,0.0,True,EQUAL_WITHIN_TOLERANCE,"[""MC_S1_DROP_TOP1_R2_L0_STAGE15_MATCHED"", ""R0"", ""PREPROCESSING_FOLDLOCAL_MINUS_LEGACY"", ""H0_COMMON""]"
MC_S1_DROP_TOP1_R2_L0_STAGE15_MATCHED,NEW_MC,NEW_MC,S1_DROP_TOP1,2.0,L0_STAGE15_MATCHED,R0,ADJACENCY_GAP1_MINUS_H0,FOLD_LOCAL_GAP1,FOLD_LOCAL_LOTO,GAP1_COMMON,1.9157801485282708,1.805112554688864,0.1106675938394072,1.925780148528271e-08,6.130786335286587,True,INCREASE,"[""MC_S1_DROP_TOP1_R2_L0_STAGE15_MATCHED"", ""R0"", ""ADJACENCY_GAP1_MINUS_H0"", ""GAP1_COMMON""]"
MC_S1_DROP_TOP1_R2_L0_STAGE15_MATCHED,NEW_MC,NEW_MC,S1_DROP_TOP1,2.0,L0_STAGE15_MATCHED,R1,PREPROCESSING_FOLDLOCAL_MINUS_LEGACY,FOLD_LOCAL_LOTO,LEGACY_GLOBAL_LOTO,H0_COMMON,1.3934428780120132,1.3934428780120132,0.0,1.4034428780120133e-08,0.0,True,EQUAL_WITHIN_TOLERANCE,"[""MC_S1_DROP_TOP1_R2_L0_STAGE15_MATCHED"", ""R1"", ""PREPROCESSING_FOLDLOCAL_MINUS_LEGACY"", ""H0_COMMON""]"
MC_S1_DROP_TOP1_R2_L0_STAGE15_MATCHED,NEW_MC,NEW_MC,S1_DROP_TOP1,2.0,L0_STAGE15_MATCHED,R1,ADJACENCY_GAP1_MINUS_H0,FOLD_LOCAL_GAP1,FOLD_LOCAL_LOTO,GAP1_COMMON,1.7287549442865684,1.5314215424767386,0.1973334018098298,1.7387549442865686e-08,12.885635753215684,True,INCREASE,"[""MC_S1_DROP_TOP1_R2_L0_STAGE15_MATCHED"", ""R1"", ""ADJACENCY_GAP1_MINUS_H0"", ""GAP1_COMMON""]"
MC_S1_DROP_TOP1_R2_L0_STAGE15_MATCHED,NEW_MC,NEW_MC,S1_DROP_TOP1,2.0,L0_STAGE15_MATCHED,R2,PREPROCESSING_FOLDLOCAL_MINUS_LEGACY,FOLD_LOCAL_LOTO,LEGACY_GLOBAL_LOTO,H0_COMMON,1.5967717186470416,1.637883433044116,-0.0411117143970745,1.6478834330441163e-08,-2.510051299601068,True,DECREASE,"[""MC_S1_DROP_TOP1_R2_L0_STAGE15_MATCHED"", ""R2"", ""PREPROCESSING_FOLDLOCAL_MINUS_LEGACY"", ""H0_COMMON""]"
MC_S1_DROP_TOP1_R2_L0_STAGE15_MATCHED,NEW_MC,NEW_MC,S1_DROP_TOP1,2.0,L0_STAGE15_MATCHED,R2,ADJACENCY_GAP1_MINUS_H0,FOLD_LOCAL_GAP1,FOLD_LOCAL_LOTO,GAP1_COMMON,1.9578004992428648,1.766869853706325,0.1909306455365398,1.9678004992428648e-08,10.806152198252118,True,INCREASE,"[""MC_S1_DROP_TOP1_R2_L0_STAGE15_MATCHED"", ""R2"", ""ADJACENCY_GAP1_MINUS_H0"", ""GAP1_COMMON""]"
MC_S1_DROP_TOP1_R2_L1_EXTENDED,NEW_MC,NEW_MC,S1_DROP_TOP1,2.0,L1_EXTENDED,R0,PREPROCESSING_FOLDLOCAL_MINUS_LEGACY,FOLD_LOCAL_LOTO,LEGACY_GLOBAL_LOTO,H0_COMMON,1.6663397859022564,1.6663397859022564,0.0,1.6763397859022566e-08,0.0,True,EQUAL_WITHIN_TOLERANCE,"[""MC_S1_DROP_TOP1_R2_L1_EXTENDED"", ""R0"", ""PREPROCESSING_FOLDLOCAL_MINUS_LEGACY"", ""H0_COMMON""]"
MC_S1_DROP_TOP1_R2_L1_EXTENDED,NEW_MC,NEW_MC,S1_DROP_TOP1,2.0,L1_EXTENDED,R0,ADJACENCY_GAP1_MINUS_H0,FOLD_LOCAL_GAP1,FOLD_LOCAL_LOTO,GAP1_COMMON,2.007671423293137,1.8986249235759671,0.10904649971717,2.017671423293137e-08,5.743446131097141,True,INCREASE,"[""MC_S1_DROP_TOP1_R2_L1_EXTENDED"", ""R0"", ""ADJACENCY_GAP1_MINUS_H0"", ""GAP1_COMMON""]"
MC_S1_DROP_TOP1_R2_L1_EXTENDED,NEW_MC,NEW_MC,S1_DROP_TOP1,2.0,L1_EXTENDED,R1,PREPROCESSING_FOLDLOCAL_MINUS_LEGACY,FOLD_LOCAL_LOTO,LEGACY_GLOBAL_LOTO,H0_COMMON,1.4919371990022496,1.4919371990022496,0.0,1.5019371990022498e-08,0.0,True,EQUAL_WITHIN_TOLERANCE,"[""MC_S1_DROP_TOP1_R2_L1_EXTENDED"", ""R1"", ""PREPROCESSING_FOLDLOCAL_MINUS_LEGACY"", ""H0_COMMON""]"
MC_S1_DROP_TOP1_R2_L1_EXTENDED,NEW_MC,NEW_MC,S1_DROP_TOP1,2.0,L1_EXTENDED,R1,ADJACENCY_GAP1_MINUS_H0,FOLD_LOCAL_GAP1,FOLD_LOCAL_LOTO,GAP1_COMMON,1.8147818156852684,1.6213174664954395,0.1934643491898289,1.8247818156852685e-08,11.93253962828218,True,INCREASE,"[""MC_S1_DROP_TOP1_R2_L1_EXTENDED"", ""R1"", ""ADJACENCY_GAP1_MINUS_H0"", ""GAP1_COMMON""]"
MC_S1_DROP_TOP1_R2_L1_EXTENDED,NEW_MC,NEW_MC,S1_DROP_TOP1,2.0,L1_EXTENDED,R2,PREPROCESSING_FOLDLOCAL_MINUS_LEGACY,FOLD_LOCAL_LOTO,LEGACY_GLOBAL_LOTO,H0_COMMON,1.616108585692295,1.7423655315887587,-0.1262569458964637,1.7523655315887588e-08,-7.246294971258848,True,DECREASE,"[""MC_S1_DROP_TOP1_R2_L1_EXTENDED"", ""R2"", ""PREPROCESSING_FOLDLOCAL_MINUS_LEGACY"", ""H0_COMMON""]"
MC_S1_DROP_TOP1_R2_L1_EXTENDED,NEW_MC,NEW_MC,S1_DROP_TOP1,2.0,L1_EXTENDED,R2,ADJACENCY_GAP1_MINUS_H0,FOLD_LOCAL_GAP1,FOLD_LOCAL_LOTO,GAP1_COMMON,2.014636781851687,1.748901047622362,0.2657357342293247,2.024636781851687e-08,15.194440794154328,True,INCREASE,"[""MC_S1_DROP_TOP1_R2_L1_EXTENDED"", ""R2"", ""ADJACENCY_GAP1_MINUS_H0"", ""GAP1_COMMON""]"
MC_S1_DROP_TOP1_R2_L2_HIGH,NEW_MC,NEW_MC,S1_DROP_TOP1,2.0,L2_HIGH,R0,PREPROCESSING_FOLDLOCAL_MINUS_LEGACY,FOLD_LOCAL_LOTO,LEGACY_GLOBAL_LOTO,H0_COMMON,1.6700380567917976,1.6700380567917976,0.0,1.6800380567917982e-08,0.0,True,EQUAL_WITHIN_TOLERANCE,"[""MC_S1_DROP_TOP1_R2_L2_HIGH"", ""R0"", ""PREPROCESSING_FOLDLOCAL_MINUS_LEGACY"", ""H0_COMMON""]"
MC_S1_DROP_TOP1_R2_L2_HIGH,NEW_MC,NEW_MC,S1_DROP_TOP1,2.0,L2_HIGH,R0,ADJACENCY_GAP1_MINUS_H0,FOLD_LOCAL_GAP1,FOLD_LOCAL_LOTO,GAP1_COMMON,2.0139575438702915,1.896396920478816,0.1175606233914754,2.023957543870292e-08,6.199157049980486,True,INCREASE,"[""MC_S1_DROP_TOP1_R2_L2_HIGH"", ""R0"", ""ADJACENCY_GAP1_MINUS_H0"", ""GAP1_COMMON""]"
MC_S1_DROP_TOP1_R2_L2_HIGH,NEW_MC,NEW_MC,S1_DROP_TOP1,2.0,L2_HIGH,R1,PREPROCESSING_FOLDLOCAL_MINUS_LEGACY,FOLD_LOCAL_LOTO,LEGACY_GLOBAL_LOTO,H0_COMMON,1.4312704928249516,1.4312704928249518,-2.220446049250313e-16,1.4412704928249517e-08,-1.1102230246251564e-14,True,EQUAL_WITHIN_TOLERANCE,"[""MC_S1_DROP_TOP1_R2_L2_HIGH"", ""R1"", ""PREPROCESSING_FOLDLOCAL_MINUS_LEGACY"", ""H0_COMMON""]"
MC_S1_DROP_TOP1_R2_L2_HIGH,NEW_MC,NEW_MC,S1_DROP_TOP1,2.0,L2_HIGH,R1,ADJACENCY_GAP1_MINUS_H0,FOLD_LOCAL_GAP1,FOLD_LOCAL_LOTO,GAP1_COMMON,1.7868582669358009,1.590529506123712,0.1963287608120889,1.7968582669358012e-08,12.343610103189029,True,INCREASE,"[""MC_S1_DROP_TOP1_R2_L2_HIGH"", ""R1"", ""ADJACENCY_GAP1_MINUS_H0"", ""GAP1_COMMON""]"
MC_S1_DROP_TOP1_R2_L2_HIGH,NEW_MC,NEW_MC,S1_DROP_TOP1,2.0,L2_HIGH,R2,PREPROCESSING_FOLDLOCAL_MINUS_LEGACY,FOLD_LOCAL_LOTO,LEGACY_GLOBAL_LOTO,H0_COMMON,1.618088610222314,1.5927025112071702,0.0253860990151437,1.628088610222314e-08,1.5939008594833437,True,INCREASE,"[""MC_S1_DROP_TOP1_R2_L2_HIGH"", ""R2"", ""PREPROCESSING_FOLDLOCAL_MINUS_LEGACY"", ""H0_COMMON""]"
MC_S1_DROP_TOP1_R2_L2_HIGH,NEW_MC,NEW_MC,S1_DROP_TOP1,2.0,L2_HIGH,R2,ADJACENCY_GAP1_MINUS_H0,FOLD_LOCAL_GAP1,FOLD_LOCAL_LOTO,GAP1_COMMON,1.961234424214412,1.791452608407049,0.1697818158073629,1.9712344242144123e-08,9.47732666834722,True,INCREASE,"[""MC_S1_DROP_TOP1_R2_L2_HIGH"", ""R2"", ""ADJACENCY_GAP1_MINUS_H0"", ""GAP1_COMMON""]"
MC_S1_DROP_TOP1_R3_L0_STAGE15_MATCHED,NEW_MC,NEW_MC,S1_DROP_TOP1,3.0,L0_STAGE15_MATCHED,R0,PREPROCESSING_FOLDLOCAL_MINUS_LEGACY,FOLD_LOCAL_LOTO,LEGACY_GLOBAL_LOTO,H0_COMMON,1.5904997789372606,1.5904997789372606,0.0,1.6004997789372608e-08,0.0,True,EQUAL_WITHIN_TOLERANCE,"[""MC_S1_DROP_TOP1_R3_L0_STAGE15_MATCHED"", ""R0"", ""PREPROCESSING_FOLDLOCAL_MINUS_LEGACY"", ""H0_COMMON""]"
MC_S1_DROP_TOP1_R3_L0_STAGE15_MATCHED,NEW_MC,NEW_MC,S1_DROP_TOP1,3.0,L0_STAGE15_MATCHED,R0,ADJACENCY_GAP1_MINUS_H0,FOLD_LOCAL_GAP1,FOLD_LOCAL_LOTO,GAP1_COMMON,1.8864349335067032,1.7767612936592012,0.109673639847502,1.8964349335067032e-08,6.172671604165325,True,INCREASE,"[""MC_S1_DROP_TOP1_R3_L0_STAGE15_MATCHED"", ""R0"", ""ADJACENCY_GAP1_MINUS_H0"", ""GAP1_COMMON""]"
MC_S1_DROP_TOP1_R3_L0_STAGE15_MATCHED,NEW_MC,NEW_MC,S1_DROP_TOP1,3.0,L0_STAGE15_MATCHED,R1,PREPROCESSING_FOLDLOCAL_MINUS_LEGACY,FOLD_LOCAL_LOTO,LEGACY_GLOBAL_LOTO,H0_COMMON,1.3760424423485118,1.3760424423485114,4.440892098500626e-16,1.3860424423485118e-08,2.220446049250313e-14,True,EQUAL_WITHIN_TOLERANCE,"[""MC_S1_DROP_TOP1_R3_L0_STAGE15_MATCHED"", ""R1"", ""PREPROCESSING_FOLDLOCAL_MINUS_LEGACY"", ""H0_COMMON""]"
MC_S1_DROP_TOP1_R3_L0_STAGE15_MATCHED,NEW_MC,NEW_MC,S1_DROP_TOP1,3.0,L0_STAGE15_MATCHED,R1,ADJACENCY_GAP1_MINUS_H0,FOLD_LOCAL_GAP1,FOLD_LOCAL_LOTO,GAP1_COMMON,1.6970070324622315,1.5009517582563063,0.1960552742059251,1.7070070324622316e-08,13.062063662438272,True,INCREASE,"[""MC_S1_DROP_TOP1_R3_L0_STAGE15_MATCHED"", ""R1"", ""ADJACENCY_GAP1_MINUS_H0"", ""GAP1_COMMON""]"
MC_S1_DROP_TOP1_R3_L0_STAGE15_MATCHED,NEW_MC,NEW_MC,S1_DROP_TOP1,3.0,L0_STAGE15_MATCHED,R2,PREPROCESSING_FOLDLOCAL_MINUS_LEGACY,FOLD_LOCAL_LOTO,LEGACY_GLOBAL_LOTO,H0_COMMON,1.5155238325831235,1.6273527904711158,-0.1118289578879923,1.6373527904711162e-08,-6.871832496481478,True,DECREASE,"[""MC_S1_DROP_TOP1_R3_L0_STAGE15_MATCHED"", ""R2"", ""PREPROCESSING_FOLDLOCAL_MINUS_LEGACY"", ""H0_COMMON""]"
MC_S1_DROP_TOP1_R3_L0_STAGE15_MATCHED,NEW_MC,NEW_MC,S1_DROP_TOP1,3.0,L0_STAGE15_MATCHED,R2,ADJACENCY_GAP1_MINUS_H0,FOLD_LOCAL_GAP1,FOLD_LOCAL_LOTO,GAP1_COMMON,1.906509796753164,1.674046586012732,0.2324632107404316,1.916509796753164e-08,13.886304758944368,True,INCREASE,"[""MC_S1_DROP_TOP1_R3_L0_STAGE15_MATCHED"", ""R2"", ""ADJACENCY_GAP1_MINUS_H0"", ""GAP1_COMMON""]"
MC_S1_DROP_TOP1_R3_L1_EXTENDED,NEW_MC,NEW_MC,S1_DROP_TOP1,3.0,L1_EXTENDED,R0,PREPROCESSING_FOLDLOCAL_MINUS_LEGACY,FOLD_LOCAL_LOTO,LEGACY_GLOBAL_LOTO,H0_COMMON,1.676658687409609,1.676658687409609,0.0,1.6866586874096092e-08,0.0,True,EQUAL_WITHIN_TOLERANCE,"[""MC_S1_DROP_TOP1_R3_L1_EXTENDED"", ""R0"", ""PREPROCESSING_FOLDLOCAL_MINUS_LEGACY"", ""H0_COMMON""]"
MC_S1_DROP_TOP1_R3_L1_EXTENDED,NEW_MC,NEW_MC,S1_DROP_TOP1,3.0,L1_EXTENDED,R0,ADJACENCY_GAP1_MINUS_H0,FOLD_LOCAL_GAP1,FOLD_LOCAL_LOTO,GAP1_COMMON,2.00690703970159,1.9010627048450008,0.1058443348565891,2.0169070397015906e-08,5.567640382762606,True,INCREASE,"[""MC_S1_DROP_TOP1_R3_L1_EXTENDED"", ""R0"", ""ADJACENCY_GAP1_MINUS_H0"", ""GAP1_COMMON""]"
MC_S1_DROP_TOP1_R3_L1_EXTENDED,NEW_MC,NEW_MC,S1_DROP_TOP1,3.0,L1_EXTENDED,R1,PREPROCESSING_FOLDLOCAL_MINUS_LEGACY,FOLD_LOCAL_LOTO,LEGACY_GLOBAL_LOTO,H0_COMMON,1.495168381934729,1.4951683819347292,-2.220446049250313e-16,1.5051683819347294e-08,-1.1102230246251564e-14,True,EQUAL_WITHIN_TOLERANCE,"[""MC_S1_DROP_TOP1_R3_L1_EXTENDED"", ""R1"", ""PREPROCESSING_FOLDLOCAL_MINUS_LEGACY"", ""H0_COMMON""]"
MC_S1_DROP_TOP1_R3_L1_EXTENDED,NEW_MC,NEW_MC,S1_DROP_TOP1,3.0,L1_EXTENDED,R1,ADJACENCY_GAP1_MINUS_H0,FOLD_LOCAL_GAP1,FOLD_LOCAL_LOTO,GAP1_COMMON,1.820746835263864,1.6331054901897848,0.1876413450740788,1.830746835263864e-08,11.48984840240006,True,INCREASE,"[""MC_S1_DROP_TOP1_R3_L1_EXTENDED"", ""R1"", ""ADJACENCY_GAP1_MINUS_H0"", ""GAP1_COMMON""]"
MC_S1_DROP_TOP1_R3_L1_EXTENDED,NEW_MC,NEW_MC,S1_DROP_TOP1,3.0,L1_EXTENDED,R2,PREPROCESSING_FOLDLOCAL_MINUS_LEGACY,FOLD_LOCAL_LOTO,LEGACY_GLOBAL_LOTO,H0_COMMON,1.649168919500065,1.716022842435376,-0.0668539229353111,1.7260228424353763e-08,-3.89586439539652,True,DECREASE,"[""MC_S1_DROP_TOP1_R3_L1_EXTENDED"", ""R2"", ""PREPROCESSING_FOLDLOCAL_MINUS_LEGACY"", ""H0_COMMON""]"
MC_S1_DROP_TOP1_R3_L1_EXTENDED,NEW_MC,NEW_MC,S1_DROP_TOP1,3.0,L1_EXTENDED,R2,ADJACENCY_GAP1_MINUS_H0,FOLD_LOCAL_GAP1,FOLD_LOCAL_LOTO,GAP1_COMMON,2.0313310561632267,1.829599038760884,0.2017320174023427,2.0413310561632268e-08,11.026023359684745,True,INCREASE,"[""MC_S1_DROP_TOP1_R3_L1_EXTENDED"", ""R2"", ""ADJACENCY_GAP1_MINUS_H0"", ""GAP1_COMMON""]"
MC_S1_DROP_TOP1_R3_L2_HIGH,NEW_MC,NEW_MC,S1_DROP_TOP1,3.0,L2_HIGH,R0,PREPROCESSING_FOLDLOCAL_MINUS_LEGACY,FOLD_LOCAL_LOTO,LEGACY_GLOBAL_LOTO,H0_COMMON,1.6841953149714988,1.6841953149714983,4.440892098500626e-16,1.6941953149714988e-08,2.220446049250313e-14,True,EQUAL_WITHIN_TOLERANCE,"[""MC_S1_DROP_TOP1_R3_L2_HIGH"", ""R0"", ""PREPROCESSING_FOLDLOCAL_MINUS_LEGACY"", ""H0_COMMON""]"
MC_S1_DROP_TOP1_R3_L2_HIGH,NEW_MC,NEW_MC,S1_DROP_TOP1,3.0,L2_HIGH,R0,ADJACENCY_GAP1_MINUS_H0,FOLD_LOCAL_GAP1,FOLD_LOCAL_LOTO,GAP1_COMMON,2.028828511834577,1.9116063192004915,0.1172221926340852,2.0388285118345768e-08,6.132130421242388,True,INCREASE,"[""MC_S1_DROP_TOP1_R3_L2_HIGH"", ""R0"", ""ADJACENCY_GAP1_MINUS_H0"", ""GAP1_COMMON""]"
MC_S1_DROP_TOP1_R3_L2_HIGH,NEW_MC,NEW_MC,S1_DROP_TOP1,3.0,L2_HIGH,R1,PREPROCESSING_FOLDLOCAL_MINUS_LEGACY,FOLD_LOCAL_LOTO,LEGACY_GLOBAL_LOTO,H0_COMMON,1.4431862994318163,1.4431862994318163,0.0,1.4531862994318164e-08,0.0,True,EQUAL_WITHIN_TOLERANCE,"[""MC_S1_DROP_TOP1_R3_L2_HIGH"", ""R1"", ""PREPROCESSING_FOLDLOCAL_MINUS_LEGACY"", ""H0_COMMON""]"
MC_S1_DROP_TOP1_R3_L2_HIGH,NEW_MC,NEW_MC,S1_DROP_TOP1,3.0,L2_HIGH,R1,ADJACENCY_GAP1_MINUS_H0,FOLD_LOCAL_GAP1,FOLD_LOCAL_LOTO,GAP1_COMMON,1.80214448482264,1.605818833503274,0.196325651319366,1.81214448482264e-08,12.22589044438218,True,INCREASE,"[""MC_S1_DROP_TOP1_R3_L2_HIGH"", ""R1"", ""ADJACENCY_GAP1_MINUS_H0"", ""GAP1_COMMON""]"
MC_S1_DROP_TOP1_R3_L2_HIGH,NEW_MC,NEW_MC,S1_DROP_TOP1,3.0,L2_HIGH,R2,PREPROCESSING_FOLDLOCAL_MINUS_LEGACY,FOLD_LOCAL_LOTO,LEGACY_GLOBAL_LOTO,H0_COMMON,1.6219336302733394,1.5972961069694749,0.0246375233038644,1.6319336302733394e-08,1.542451846990911,True,INCREASE,"[""MC_S1_DROP_TOP1_R3_L2_HIGH"", ""R2"", ""PREPROCESSING_FOLDLOCAL_MINUS_LEGACY"", ""H0_COMMON""]"
MC_S1_DROP_TOP1_R3_L2_HIGH,NEW_MC,NEW_MC,S1_DROP_TOP1,3.0,L2_HIGH,R2,ADJACENCY_GAP1_MINUS_H0,FOLD_LOCAL_GAP1,FOLD_LOCAL_LOTO,GAP1_COMMON,1.9786162004060464,1.8069732788438904,0.171642921562156,1.9886162004060463e-08,9.498918637688655,True,INCREASE,"[""MC_S1_DROP_TOP1_R3_L2_HIGH"", ""R2"", ""ADJACENCY_GAP1_MINUS_H0"", ""GAP1_COMMON""]"
MC_S1_DROP_TOP1_R4_L0_STAGE15_MATCHED,NEW_MC,NEW_MC,S1_DROP_TOP1,4.0,L0_STAGE15_MATCHED,R0,PREPROCESSING_FOLDLOCAL_MINUS_LEGACY,FOLD_LOCAL_LOTO,LEGACY_GLOBAL_LOTO,H0_COMMON,1.569535428306575,1.5695354283065752,-2.220446049250313e-16,1.5795354283065752e-08,-1.1102230246251564e-14,True,EQUAL_WITHIN_TOLERANCE,"[""MC_S1_DROP_TOP1_R4_L0_STAGE15_MATCHED"", ""R0"", ""PREPROCESSING_FOLDLOCAL_MINUS_LEGACY"", ""H0_COMMON""]"
MC_S1_DROP_TOP1_R4_L0_STAGE15_MATCHED,NEW_MC,NEW_MC,S1_DROP_TOP1,4.0,L0_STAGE15_MATCHED,R0,ADJACENCY_GAP1_MINUS_H0,FOLD_LOCAL_GAP1,FOLD_LOCAL_LOTO,GAP1_COMMON,1.9075902790486767,1.795042796951586,0.112547482097091,1.917590279048677e-08,6.269905223887906,True,INCREASE,"[""MC_S1_DROP_TOP1_R4_L0_STAGE15_MATCHED"", ""R0"", ""ADJACENCY_GAP1_MINUS_H0"", ""GAP1_COMMON""]"
MC_S1_DROP_TOP1_R4_L0_STAGE15_MATCHED,NEW_MC,NEW_MC,S1_DROP_TOP1,4.0,L0_STAGE15_MATCHED,R1,PREPROCESSING_FOLDLOCAL_MINUS_LEGACY,FOLD_LOCAL_LOTO,LEGACY_GLOBAL_LOTO,H0_COMMON,1.358919583734027,1.358919583734027,0.0,1.3689195837340272e-08,0.0,True,EQUAL_WITHIN_TOLERANCE,"[""MC_S1_DROP_TOP1_R4_L0_STAGE15_MATCHED"", ""R1"", ""PREPROCESSING_FOLDLOCAL_MINUS_LEGACY"", ""H0_COMMON""]"
MC_S1_DROP_TOP1_R4_L0_STAGE15_MATCHED,NEW_MC,NEW_MC,S1_DROP_TOP1,4.0,L0_STAGE15_MATCHED,R1,ADJACENCY_GAP1_MINUS_H0,FOLD_LOCAL_GAP1,FOLD_LOCAL_LOTO,GAP1_COMMON,1.7099297076015954,1.5051147826190074,0.2048149249825879,1.7199297076015955e-08,13.607927272244002,True,INCREASE,"[""MC_S1_DROP_TOP1_R4_L0_STAGE15_MATCHED"", ""R1"", ""ADJACENCY_GAP1_MINUS_H0"", ""GAP1_COMMON""]"
MC_S1_DROP_TOP1_R4_L0_STAGE15_MATCHED,NEW_MC,NEW_MC,S1_DROP_TOP1,4.0,L0_STAGE15_MATCHED,R2,PREPROCESSING_FOLDLOCAL_MINUS_LEGACY,FOLD_LOCAL_LOTO,LEGACY_GLOBAL_LOTO,H0_COMMON,1.544180993768185,1.5694755128639175,-0.0252945190957325,1.5794755128639176e-08,-1.6116542684744497,True,DECREASE,"[""MC_S1_DROP_TOP1_R4_L0_STAGE15_MATCHED"", ""R2"", ""PREPROCESSING_FOLDLOCAL_MINUS_LEGACY"", ""H0_COMMON""]"
MC_S1_DROP_TOP1_R4_L0_STAGE15_MATCHED,NEW_MC,NEW_MC,S1_DROP_TOP1,4.0,L0_STAGE15_MATCHED,R2,ADJACENCY_GAP1_MINUS_H0,FOLD_LOCAL_GAP1,FOLD_LOCAL_LOTO,GAP1_COMMON,1.938048565622709,1.7226546690657167,0.2153938965569923,1.948048565622709e-08,12.503602748995046,True,INCREASE,"[""MC_S1_DROP_TOP1_R4_L0_STAGE15_MATCHED"", ""R2"", ""ADJACENCY_GAP1_MINUS_H0"", ""GAP1_COMMON""]"
MC_S1_DROP_TOP1_R4_L1_EXTENDED,NEW_MC,NEW_MC,S1_DROP_TOP1,4.0,L1_EXTENDED,R0,PREPROCESSING_FOLDLOCAL_MINUS_LEGACY,FOLD_LOCAL_LOTO,LEGACY_GLOBAL_LOTO,H0_COMMON,1.6412136905024246,1.6412136905024246,0.0,1.6512136905024247e-08,0.0,True,EQUAL_WITHIN_TOLERANCE,"[""MC_S1_DROP_TOP1_R4_L1_EXTENDED"", ""R0"", ""PREPROCESSING_FOLDLOCAL_MINUS_LEGACY"", ""H0_COMMON""]"
MC_S1_DROP_TOP1_R4_L1_EXTENDED,NEW_MC,NEW_MC,S1_DROP_TOP1,4.0,L1_EXTENDED,R0,ADJACENCY_GAP1_MINUS_H0,FOLD_LOCAL_GAP1,FOLD_LOCAL_LOTO,GAP1_COMMON,1.944597068051588,1.840917527253063,0.1036795407985251,1.954597068051588e-08,5.631949246158308,True,INCREASE,"[""MC_S1_DROP_TOP1_R4_L1_EXTENDED"", ""R0"", ""ADJACENCY_GAP1_MINUS_H0"", ""GAP1_COMMON""]"
MC_S1_DROP_TOP1_R4_L1_EXTENDED,NEW_MC,NEW_MC,S1_DROP_TOP1,4.0,L1_EXTENDED,R1,PREPROCESSING_FOLDLOCAL_MINUS_LEGACY,FOLD_LOCAL_LOTO,LEGACY_GLOBAL_LOTO,H0_COMMON,1.463277012401067,1.4632770124010668,2.220446049250313e-16,1.4732770124010669e-08,2.220446049250313e-14,True,EQUAL_WITHIN_TOLERANCE,"[""MC_S1_DROP_TOP1_R4_L1_EXTENDED"", ""R1"", ""PREPROCESSING_FOLDLOCAL_MINUS_LEGACY"", ""H0_COMMON""]"
MC_S1_DROP_TOP1_R4_L1_EXTENDED,NEW_MC,NEW_MC,S1_DROP_TOP1,4.0,L1_EXTENDED,R1,ADJACENCY_GAP1_MINUS_H0,FOLD_LOCAL_GAP1,FOLD_LOCAL_LOTO,GAP1_COMMON,1.760491805801701,1.5851595697327874,0.1753322360689135,1.770491805801701e-08,11.06085717909584,True,INCREASE,"[""MC_S1_DROP_TOP1_R4_L1_EXTENDED"", ""R1"", ""ADJACENCY_GAP1_MINUS_H0"", ""GAP1_COMMON""]"
MC_S1_DROP_TOP1_R4_L1_EXTENDED,NEW_MC,NEW_MC,S1_DROP_TOP1,4.0,L1_EXTENDED,R2,PREPROCESSING_FOLDLOCAL_MINUS_LEGACY,FOLD_LOCAL_LOTO,LEGACY_GLOBAL_LOTO,H0_COMMON,1.5891989616525528,1.7381381305568449,-0.148939168904292,1.748138130556845e-08,-8.568891406609701,True,DECREASE,"[""MC_S1_DROP_TOP1_R4_L1_EXTENDED"", ""R2"", ""PREPROCESSING_FOLDLOCAL_MINUS_LEGACY"", ""H0_COMMON""]"
MC_S1_DROP_TOP1_R4_L1_EXTENDED,NEW_MC,NEW_MC,S1_DROP_TOP1,4.0,L1_EXTENDED,R2,ADJACENCY_GAP1_MINUS_H0,FOLD_LOCAL_GAP1,FOLD_LOCAL_LOTO,GAP1_COMMON,1.931564701327904,1.723752096927817,0.2078126044000869,1.941564701327904e-08,12.055828954201942,True,INCREASE,"[""MC_S1_DROP_TOP1_R4_L1_EXTENDED"", ""R2"", ""ADJACENCY_GAP1_MINUS_H0"", ""GAP1_COMMON""]"
MC_S1_DROP_TOP1_R4_L2_HIGH,NEW_MC,NEW_MC,S1_DROP_TOP1,4.0,L2_HIGH,R0,PREPROCESSING_FOLDLOCAL_MINUS_LEGACY,FOLD_LOCAL_LOTO,LEGACY_GLOBAL_LOTO,H0_COMMON,1.6985421873615203,1.6985421873615203,0.0,1.7085421873615206e-08,0.0,True,EQUAL_WITHIN_TOLERANCE,"[""MC_S1_DROP_TOP1_R4_L2_HIGH"", ""R0"", ""PREPROCESSING_FOLDLOCAL_MINUS_LEGACY"", ""H0_COMMON""]"
MC_S1_DROP_TOP1_R4_L2_HIGH,NEW_MC,NEW_MC,S1_DROP_TOP1,4.0,L2_HIGH,R0,ADJACENCY_GAP1_MINUS_H0,FOLD_LOCAL_GAP1,FOLD_LOCAL_LOTO,GAP1_COMMON,2.040716898860269,1.9228817968023333,0.1178351020579357,2.050716898860269e-08,6.12804709337258,True,INCREASE,"[""MC_S1_DROP_TOP1_R4_L2_HIGH"", ""R0"", ""ADJACENCY_GAP1_MINUS_H0"", ""GAP1_COMMON""]"
MC_S1_DROP_TOP1_R4_L2_HIGH,NEW_MC,NEW_MC,S1_DROP_TOP1,4.0,L2_HIGH,R1,PREPROCESSING_FOLDLOCAL_MINUS_LEGACY,FOLD_LOCAL_LOTO,LEGACY_GLOBAL_LOTO,H0_COMMON,1.4487856865751123,1.4487856865751123,0.0,1.4587856865751125e-08,0.0,True,EQUAL_WITHIN_TOLERANCE,"[""MC_S1_DROP_TOP1_R4_L2_HIGH"", ""R1"", ""PREPROCESSING_FOLDLOCAL_MINUS_LEGACY"", ""H0_COMMON""]"
MC_S1_DROP_TOP1_R4_L2_HIGH,NEW_MC,NEW_MC,S1_DROP_TOP1,4.0,L2_HIGH,R1,ADJACENCY_GAP1_MINUS_H0,FOLD_LOCAL_GAP1,FOLD_LOCAL_LOTO,GAP1_COMMON,1.8208648902457287,1.6268366093945834,0.1940282808511453,1.8308648902457293e-08,11.926722064814598,True,INCREASE,"[""MC_S1_DROP_TOP1_R4_L2_HIGH"", ""R1"", ""ADJACENCY_GAP1_MINUS_H0"", ""GAP1_COMMON""]"
MC_S1_DROP_TOP1_R4_L2_HIGH,NEW_MC,NEW_MC,S1_DROP_TOP1,4.0,L2_HIGH,R2,PREPROCESSING_FOLDLOCAL_MINUS_LEGACY,FOLD_LOCAL_LOTO,LEGACY_GLOBAL_LOTO,H0_COMMON,1.6033976688703226,1.6051349813615745,-0.0017373124912518,1.6151349813615746e-08,-0.1082346663318079,True,DECREASE,"[""MC_S1_DROP_TOP1_R4_L2_HIGH"", ""R2"", ""PREPROCESSING_FOLDLOCAL_MINUS_LEGACY"", ""H0_COMMON""]"
MC_S1_DROP_TOP1_R4_L2_HIGH,NEW_MC,NEW_MC,S1_DROP_TOP1,4.0,L2_HIGH,R2,ADJACENCY_GAP1_MINUS_H0,FOLD_LOCAL_GAP1,FOLD_LOCAL_LOTO,GAP1_COMMON,1.972157452134921,1.817672748483381,0.15448470365154,1.9821574521349213e-08,8.499038332419184,True,INCREASE,"[""MC_S1_DROP_TOP1_R4_L2_HIGH"", ""R2"", ""ADJACENCY_GAP1_MINUS_H0"", ""GAP1_COMMON""]"
MC_S2_DROP_TOP5_R0_L0_STAGE15_MATCHED,NEW_MC,NEW_MC,S2_DROP_TOP5,0.0,L0_STAGE15_MATCHED,R0,PREPROCESSING_FOLDLOCAL_MINUS_LEGACY,FOLD_LOCAL_LOTO,LEGACY_GLOBAL_LOTO,H0_COMMON,1.5029979326251934,1.5029979326251934,0.0,1.5129979326251935e-08,0.0,True,EQUAL_WITHIN_TOLERANCE,"[""MC_S2_DROP_TOP5_R0_L0_STAGE15_MATCHED"", ""R0"", ""PREPROCESSING_FOLDLOCAL_MINUS_LEGACY"", ""H0_COMMON""]"
MC_S2_DROP_TOP5_R0_L0_STAGE15_MATCHED,NEW_MC,NEW_MC,S2_DROP_TOP5,0.0,L0_STAGE15_MATCHED,R0,ADJACENCY_GAP1_MINUS_H0,FOLD_LOCAL_GAP1,FOLD_LOCAL_LOTO,GAP1_COMMON,1.7880173171867029,1.7280354537818845,0.0599818634048183,1.798017317186703e-08,3.471101433338375,True,INCREASE,"[""MC_S2_DROP_TOP5_R0_L0_STAGE15_MATCHED"", ""R0"", ""ADJACENCY_GAP1_MINUS_H0"", ""GAP1_COMMON""]"
MC_S2_DROP_TOP5_R0_L0_STAGE15_MATCHED,NEW_MC,NEW_MC,S2_DROP_TOP5,0.0,L0_STAGE15_MATCHED,R1,PREPROCESSING_FOLDLOCAL_MINUS_LEGACY,FOLD_LOCAL_LOTO,LEGACY_GLOBAL_LOTO,H0_COMMON,1.5313175877217116,1.5313175877217111,4.440892098500626e-16,1.5413175877217115e-08,2.220446049250313e-14,True,EQUAL_WITHIN_TOLERANCE,"[""MC_S2_DROP_TOP5_R0_L0_STAGE15_MATCHED"", ""R1"", ""PREPROCESSING_FOLDLOCAL_MINUS_LEGACY"", ""H0_COMMON""]"
MC_S2_DROP_TOP5_R0_L0_STAGE15_MATCHED,NEW_MC,NEW_MC,S2_DROP_TOP5,0.0,L0_STAGE15_MATCHED,R1,ADJACENCY_GAP1_MINUS_H0,FOLD_LOCAL_GAP1,FOLD_LOCAL_LOTO,GAP1_COMMON,1.9143127549933088,1.7317451348810038,0.1825676201123049,1.924312754993309e-08,10.542406987899522,True,INCREASE,"[""MC_S2_DROP_TOP5_R0_L0_STAGE15_MATCHED"", ""R1"", ""ADJACENCY_GAP1_MINUS_H0"", ""GAP1_COMMON""]"
MC_S2_DROP_TOP5_R0_L0_STAGE15_MATCHED,NEW_MC,NEW_MC,S2_DROP_TOP5,0.0,L0_STAGE15_MATCHED,R2,PREPROCESSING_FOLDLOCAL_MINUS_LEGACY,FOLD_LOCAL_LOTO,LEGACY_GLOBAL_LOTO,H0_COMMON,1.5167082180404237,1.5165232316286583,0.0001849864117653,1.5267082180404237e-08,0.0121980598718929,True,INCREASE,"[""MC_S2_DROP_TOP5_R0_L0_STAGE15_MATCHED"", ""R2"", ""PREPROCESSING_FOLDLOCAL_MINUS_LEGACY"", ""H0_COMMON""]"
MC_S2_DROP_TOP5_R0_L0_STAGE15_MATCHED,NEW_MC,NEW_MC,S2_DROP_TOP5,0.0,L0_STAGE15_MATCHED,R2,ADJACENCY_GAP1_MINUS_H0,FOLD_LOCAL_GAP1,FOLD_LOCAL_LOTO,GAP1_COMMON,1.9872528787818584,1.7325804619359373,0.2546724168459211,1.9972528787818586e-08,14.699023938048873,True,INCREASE,"[""MC_S2_DROP_TOP5_R0_L0_STAGE15_MATCHED"", ""R2"", ""ADJACENCY_GAP1_MINUS_H0"", ""GAP1_COMMON""]"
MC_S2_DROP_TOP5_R0_L1_EXTENDED,NEW_MC,NEW_MC,S2_DROP_TOP5,0.0,L1_EXTENDED,R0,PREPROCESSING_FOLDLOCAL_MINUS_LEGACY,FOLD_LOCAL_LOTO,LEGACY_GLOBAL_LOTO,H0_COMMON,1.9481005245474,1.9481005245474,-2.220446049250313e-16,1.9581005245474e-08,-1.1102230246251564e-14,True,EQUAL_WITHIN_TOLERANCE,"[""MC_S2_DROP_TOP5_R0_L1_EXTENDED"", ""R0"", ""PREPROCESSING_FOLDLOCAL_MINUS_LEGACY"", ""H0_COMMON""]"
MC_S2_DROP_TOP5_R0_L1_EXTENDED,NEW_MC,NEW_MC,S2_DROP_TOP5,0.0,L1_EXTENDED,R0,ADJACENCY_GAP1_MINUS_H0,FOLD_LOCAL_GAP1,FOLD_LOCAL_LOTO,GAP1_COMMON,2.0402568795235614,2.006327114801532,0.0339297647220293,2.050256879523561e-08,1.691138223259547,True,INCREASE,"[""MC_S2_DROP_TOP5_R0_L1_EXTENDED"", ""R0"", ""ADJACENCY_GAP1_MINUS_H0"", ""GAP1_COMMON""]"
MC_S2_DROP_TOP5_R0_L1_EXTENDED,NEW_MC,NEW_MC,S2_DROP_TOP5,0.0,L1_EXTENDED,R1,PREPROCESSING_FOLDLOCAL_MINUS_LEGACY,FOLD_LOCAL_LOTO,LEGACY_GLOBAL_LOTO,H0_COMMON,2.037867622705825,2.037867622705825,0.0,2.0478676227058253e-08,0.0,True,EQUAL_WITHIN_TOLERANCE,"[""MC_S2_DROP_TOP5_R0_L1_EXTENDED"", ""R1"", ""PREPROCESSING_FOLDLOCAL_MINUS_LEGACY"", ""H0_COMMON""]"
MC_S2_DROP_TOP5_R0_L1_EXTENDED,NEW_MC,NEW_MC,S2_DROP_TOP5,0.0,L1_EXTENDED,R1,ADJACENCY_GAP1_MINUS_H0,FOLD_LOCAL_GAP1,FOLD_LOCAL_LOTO,GAP1_COMMON,2.2934389254854124,2.0922531555519703,0.201185769933442,2.303438925485413e-08,9.615746995031582,True,INCREASE,"[""MC_S2_DROP_TOP5_R0_L1_EXTENDED"", ""R1"", ""ADJACENCY_GAP1_MINUS_H0"", ""GAP1_COMMON""]"
MC_S2_DROP_TOP5_R0_L1_EXTENDED,NEW_MC,NEW_MC,S2_DROP_TOP5,0.0,L1_EXTENDED,R2,PREPROCESSING_FOLDLOCAL_MINUS_LEGACY,FOLD_LOCAL_LOTO,LEGACY_GLOBAL_LOTO,H0_COMMON,2.175954756254788,2.132459672860432,0.0434950833943563,2.185954756254788e-08,2.0396673357022,True,INCREASE,"[""MC_S2_DROP_TOP5_R0_L1_EXTENDED"", ""R2"", ""PREPROCESSING_FOLDLOCAL_MINUS_LEGACY"", ""H0_COMMON""]"
MC_S2_DROP_TOP5_R0_L1_EXTENDED,NEW_MC,NEW_MC,S2_DROP_TOP5,0.0,L1_EXTENDED,R2,ADJACENCY_GAP1_MINUS_H0,FOLD_LOCAL_GAP1,FOLD_LOCAL_LOTO,GAP1_COMMON,2.6014698322441228,2.225101423535254,0.3763684087088688,2.6114698322441232e-08,16.91466306784759,True,INCREASE,"[""MC_S2_DROP_TOP5_R0_L1_EXTENDED"", ""R2"", ""ADJACENCY_GAP1_MINUS_H0"", ""GAP1_COMMON""]"
MC_S2_DROP_TOP5_R0_L2_HIGH,NEW_MC,NEW_MC,S2_DROP_TOP5,0.0,L2_HIGH,R0,PREPROCESSING_FOLDLOCAL_MINUS_LEGACY,FOLD_LOCAL_LOTO,LEGACY_GLOBAL_LOTO,H0_COMMON,1.6873083395414226,1.6873083395414226,0.0,1.6973083395414226e-08,0.0,True,EQUAL_WITHIN_TOLERANCE,"[""MC_S2_DROP_TOP5_R0_L2_HIGH"", ""R0"", ""PREPROCESSING_FOLDLOCAL_MINUS_LEGACY"", ""H0_COMMON""]"
MC_S2_DROP_TOP5_R0_L2_HIGH,NEW_MC,NEW_MC,S2_DROP_TOP5,0.0,L2_HIGH,R0,ADJACENCY_GAP1_MINUS_H0,FOLD_LOCAL_GAP1,FOLD_LOCAL_LOTO,GAP1_COMMON,1.9317138807493688,1.852055036049844,0.0796588446995247,1.9417138807493693e-08,4.30110569874993,True,INCREASE,"[""MC_S2_DROP_TOP5_R0_L2_HIGH"", ""R0"", ""ADJACENCY_GAP1_MINUS_H0"", ""GAP1_COMMON""]"
MC_S2_DROP_TOP5_R0_L2_HIGH,NEW_MC,NEW_MC,S2_DROP_TOP5,0.0,L2_HIGH,R1,PREPROCESSING_FOLDLOCAL_MINUS_LEGACY,FOLD_LOCAL_LOTO,LEGACY_GLOBAL_LOTO,H0_COMMON,1.6697734682329826,1.6697734682329826,0.0,1.6797734682329826e-08,0.0,True,EQUAL_WITHIN_TOLERANCE,"[""MC_S2_DROP_TOP5_R0_L2_HIGH"", ""R1"", ""PREPROCESSING_FOLDLOCAL_MINUS_LEGACY"", ""H0_COMMON""]"
MC_S2_DROP_TOP5_R0_L2_HIGH,NEW_MC,NEW_MC,S2_DROP_TOP5,0.0,L2_HIGH,R1,ADJACENCY_GAP1_MINUS_H0,FOLD_LOCAL_GAP1,FOLD_LOCAL_LOTO,GAP1_COMMON,2.064655419039692,1.81168608440366,0.252969334636032,2.0746554190396923e-08,13.963199078128374,True,INCREASE,"[""MC_S2_DROP_TOP5_R0_L2_HIGH"", ""R1"", ""ADJACENCY_GAP1_MINUS_H0"", ""GAP1_COMMON""]"
MC_S2_DROP_TOP5_R0_L2_HIGH,NEW_MC,NEW_MC,S2_DROP_TOP5,0.0,L2_HIGH,R2,PREPROCESSING_FOLDLOCAL_MINUS_LEGACY,FOLD_LOCAL_LOTO,LEGACY_GLOBAL_LOTO,H0_COMMON,1.6161908418639352,1.6161908418639352,0.0,1.6261908418639355e-08,0.0,True,EQUAL_WITHIN_TOLERANCE,"[""MC_S2_DROP_TOP5_R0_L2_HIGH"", ""R2"", ""PREPROCESSING_FOLDLOCAL_MINUS_LEGACY"", ""H0_COMMON""]"
MC_S2_DROP_TOP5_R0_L2_HIGH,NEW_MC,NEW_MC,S2_DROP_TOP5,0.0,L2_HIGH,R2,ADJACENCY_GAP1_MINUS_H0,FOLD_LOCAL_GAP1,FOLD_LOCAL_LOTO,GAP1_COMMON,1.9959350699763976,1.7508976710697273,0.2450373989066703,2.0059350699763978e-08,13.994958297989069,True,INCREASE,"[""MC_S2_DROP_TOP5_R0_L2_HIGH"", ""R2"", ""ADJACENCY_GAP1_MINUS_H0"", ""GAP1_COMMON""]"
MC_S2_DROP_TOP5_R1_L0_STAGE15_MATCHED,NEW_MC,NEW_MC,S2_DROP_TOP5,1.0,L0_STAGE15_MATCHED,R0,PREPROCESSING_FOLDLOCAL_MINUS_LEGACY,FOLD_LOCAL_LOTO,LEGACY_GLOBAL_LOTO,H0_COMMON,1.733354349945473,1.7333543499454729,2.220446049250313e-16,1.7433543499454733e-08,2.220446049250313e-14,True,EQUAL_WITHIN_TOLERANCE,"[""MC_S2_DROP_TOP5_R1_L0_STAGE15_MATCHED"", ""R0"", ""PREPROCESSING_FOLDLOCAL_MINUS_LEGACY"", ""H0_COMMON""]"
MC_S2_DROP_TOP5_R1_L0_STAGE15_MATCHED,NEW_MC,NEW_MC,S2_DROP_TOP5,1.0,L0_STAGE15_MATCHED,R0,ADJACENCY_GAP1_MINUS_H0,FOLD_LOCAL_GAP1,FOLD_LOCAL_LOTO,GAP1_COMMON,1.9850327718739813,1.923525352476389,0.0615074193975924,1.9950327718739813e-08,3.1976401724264525,True,INCREASE,"[""MC_S2_DROP_TOP5_R1_L0_STAGE15_MATCHED"", ""R0"", ""ADJACENCY_GAP1_MINUS_H0"", ""GAP1_COMMON""]"
MC_S2_DROP_TOP5_R1_L0_STAGE15_MATCHED,NEW_MC,NEW_MC,S2_DROP_TOP5,1.0,L0_STAGE15_MATCHED,R1,PREPROCESSING_FOLDLOCAL_MINUS_LEGACY,FOLD_LOCAL_LOTO,LEGACY_GLOBAL_LOTO,H0_COMMON,1.79152867009363,1.79152867009363,0.0,1.80152867009363e-08,0.0,True,EQUAL_WITHIN_TOLERANCE,"[""MC_S2_DROP_TOP5_R1_L0_STAGE15_MATCHED"", ""R1"", ""PREPROCESSING_FOLDLOCAL_MINUS_LEGACY"", ""H0_COMMON""]"
MC_S2_DROP_TOP5_R1_L0_STAGE15_MATCHED,NEW_MC,NEW_MC,S2_DROP_TOP5,1.0,L0_STAGE15_MATCHED,R1,ADJACENCY_GAP1_MINUS_H0,FOLD_LOCAL_GAP1,FOLD_LOCAL_LOTO,GAP1_COMMON,2.178853958866419,1.9642407627438203,0.2146131961225985,2.1888539588664188e-08,10.92601274717506,True,INCREASE,"[""MC_S2_DROP_TOP5_R1_L0_STAGE15_MATCHED"", ""R1"", ""ADJACENCY_GAP1_MINUS_H0"", ""GAP1_COMMON""]"
MC_S2_DROP_TOP5_R1_L0_STAGE15_MATCHED,NEW_MC,NEW_MC,S2_DROP_TOP5,1.0,L0_STAGE15_MATCHED,R2,PREPROCESSING_FOLDLOCAL_MINUS_LEGACY,FOLD_LOCAL_LOTO,LEGACY_GLOBAL_LOTO,H0_COMMON,1.7701589562092472,1.7701589562092472,0.0,1.7801589562092474e-08,0.0,True,EQUAL_WITHIN_TOLERANCE,"[""MC_S2_DROP_TOP5_R1_L0_STAGE15_MATCHED"", ""R2"", ""PREPROCESSING_FOLDLOCAL_MINUS_LEGACY"", ""H0_COMMON""]"
MC_S2_DROP_TOP5_R1_L0_STAGE15_MATCHED,NEW_MC,NEW_MC,S2_DROP_TOP5,1.0,L0_STAGE15_MATCHED,R2,ADJACENCY_GAP1_MINUS_H0,FOLD_LOCAL_GAP1,FOLD_LOCAL_LOTO,GAP1_COMMON,2.256211663607923,1.974161006731316,0.2820506568766072,2.2662116636079228e-08,14.287115180316937,True,INCREASE,"[""MC_S2_DROP_TOP5_R1_L0_STAGE15_MATCHED"", ""R2"", ""ADJACENCY_GAP1_MINUS_H0"", ""GAP1_COMMON""]"
MC_S2_DROP_TOP5_R1_L1_EXTENDED,NEW_MC,NEW_MC,S2_DROP_TOP5,1.0,L1_EXTENDED,R0,PREPROCESSING_FOLDLOCAL_MINUS_LEGACY,FOLD_LOCAL_LOTO,LEGACY_GLOBAL_LOTO,H0_COMMON,1.865049362782856,1.865049362782856,0.0,1.875049362782856e-08,0.0,True,EQUAL_WITHIN_TOLERANCE,"[""MC_S2_DROP_TOP5_R1_L1_EXTENDED"", ""R0"", ""PREPROCESSING_FOLDLOCAL_MINUS_LEGACY"", ""H0_COMMON""]"
MC_S2_DROP_TOP5_R1_L1_EXTENDED,NEW_MC,NEW_MC,S2_DROP_TOP5,1.0,L1_EXTENDED,R0,ADJACENCY_GAP1_MINUS_H0,FOLD_LOCAL_GAP1,FOLD_LOCAL_LOTO,GAP1_COMMON,2.037167822183465,1.9956086278163607,0.0415591943671043,2.0471678221834653e-08,2.082532305574336,True,INCREASE,"[""MC_S2_DROP_TOP5_R1_L1_EXTENDED"", ""R0"", ""ADJACENCY_GAP1_MINUS_H0"", ""GAP1_COMMON""]"
MC_S2_DROP_TOP5_R1_L1_EXTENDED,NEW_MC,NEW_MC,S2_DROP_TOP5,1.0,L1_EXTENDED,R1,PREPROCESSING_FOLDLOCAL_MINUS_LEGACY,FOLD_LOCAL_LOTO,LEGACY_GLOBAL_LOTO,H0_COMMON,1.9471563165958712,1.9471563165958707,4.440892098500626e-16,1.9571563165958717e-08,2.220446049250313e-14,True,EQUAL_WITHIN_TOLERANCE,"[""MC_S2_DROP_TOP5_R1_L1_EXTENDED"", ""R1"", ""PREPROCESSING_FOLDLOCAL_MINUS_LEGACY"", ""H0_COMMON""]"
MC_S2_DROP_TOP5_R1_L1_EXTENDED,NEW_MC,NEW_MC,S2_DROP_TOP5,1.0,L1_EXTENDED,R1,ADJACENCY_GAP1_MINUS_H0,FOLD_LOCAL_GAP1,FOLD_LOCAL_LOTO,GAP1_COMMON,2.369315332415653,2.1096010149033426,0.2597143175123104,2.3793153324156534e-08,12.311063356414342,True,INCREASE,"[""MC_S2_DROP_TOP5_R1_L1_EXTENDED"", ""R1"", ""ADJACENCY_GAP1_MINUS_H0"", ""GAP1_COMMON""]"
MC_S2_DROP_TOP5_R1_L1_EXTENDED,NEW_MC,NEW_MC,S2_DROP_TOP5,1.0,L1_EXTENDED,R2,PREPROCESSING_FOLDLOCAL_MINUS_LEGACY,FOLD_LOCAL_LOTO,LEGACY_GLOBAL_LOTO,H0_COMMON,2.073699152068197,2.074381465283264,-0.000682313215067,2.0843814652832643e-08,-0.0328923694357219,True,DECREASE,"[""MC_S2_DROP_TOP5_R1_L1_EXTENDED"", ""R2"", ""PREPROCESSING_FOLDLOCAL_MINUS_LEGACY"", ""H0_COMMON""]"
MC_S2_DROP_TOP5_R1_L1_EXTENDED,NEW_MC,NEW_MC,S2_DROP_TOP5,1.0,L1_EXTENDED,R2,ADJACENCY_GAP1_MINUS_H0,FOLD_LOCAL_GAP1,FOLD_LOCAL_LOTO,GAP1_COMMON,2.689172986583663,2.213554386975058,0.4756185996086048,2.6991729865836633e-08,21.4866462015674,True,INCREASE,"[""MC_S2_DROP_TOP5_R1_L1_EXTENDED"", ""R2"", ""ADJACENCY_GAP1_MINUS_H0"", ""GAP1_COMMON""]"
MC_S2_DROP_TOP5_R1_L2_HIGH,NEW_MC,NEW_MC,S2_DROP_TOP5,1.0,L2_HIGH,R0,PREPROCESSING_FOLDLOCAL_MINUS_LEGACY,FOLD_LOCAL_LOTO,LEGACY_GLOBAL_LOTO,H0_COMMON,1.669337545531287,1.6693375455312875,-4.440892098500626e-16,1.6793375455312877e-08,-2.220446049250313e-14,True,EQUAL_WITHIN_TOLERANCE,"[""MC_S2_DROP_TOP5_R1_L2_HIGH"", ""R0"", ""PREPROCESSING_FOLDLOCAL_MINUS_LEGACY"", ""H0_COMMON""]"
MC_S2_DROP_TOP5_R1_L2_HIGH,NEW_MC,NEW_MC,S2_DROP_TOP5,1.0,L2_HIGH,R0,ADJACENCY_GAP1_MINUS_H0,FOLD_LOCAL_GAP1,FOLD_LOCAL_LOTO,GAP1_COMMON,1.9038365104626456,1.826721846101808,0.0771146643608375,1.9138365104626456e-08,4.221478191953465,True,INCREASE,"[""MC_S2_DROP_TOP5_R1_L2_HIGH"", ""R0"", ""ADJACENCY_GAP1_MINUS_H0"", ""GAP1_COMMON""]"
MC_S2_DROP_TOP5_R1_L2_HIGH,NEW_MC,NEW_MC,S2_DROP_TOP5,1.0,L2_HIGH,R1,PREPROCESSING_FOLDLOCAL_MINUS_LEGACY,FOLD_LOCAL_LOTO,LEGACY_GLOBAL_LOTO,H0_COMMON,1.6484881229594266,1.6484881229594264,2.220446049250313e-16,1.6584881229594267e-08,2.220446049250313e-14,True,EQUAL_WITHIN_TOLERANCE,"[""MC_S2_DROP_TOP5_R1_L2_HIGH"", ""R1"", ""PREPROCESSING_FOLDLOCAL_MINUS_LEGACY"", ""H0_COMMON""]"
MC_S2_DROP_TOP5_R1_L2_HIGH,NEW_MC,NEW_MC,S2_DROP_TOP5,1.0,L2_HIGH,R1,ADJACENCY_GAP1_MINUS_H0,FOLD_LOCAL_GAP1,FOLD_LOCAL_LOTO,GAP1_COMMON,2.0138797891570666,1.7817572534613684,0.2321225356956981,2.0238797891570666e-08,13.027730643147972,True,INCREASE,"[""MC_S2_DROP_TOP5_R1_L2_HIGH"", ""R1"", ""ADJACENCY_GAP1_MINUS_H0"", ""GAP1_COMMON""]"
MC_S2_DROP_TOP5_R1_L2_HIGH,NEW_MC,NEW_MC,S2_DROP_TOP5,1.0,L2_HIGH,R2,PREPROCESSING_FOLDLOCAL_MINUS_LEGACY,FOLD_LOCAL_LOTO,LEGACY_GLOBAL_LOTO,H0_COMMON,1.6114738694481576,1.6114738694481578,-2.220446049250313e-16,1.6214738694481578e-08,-1.1102230246251564e-14,True,EQUAL_WITHIN_TOLERANCE,"[""MC_S2_DROP_TOP5_R1_L2_HIGH"", ""R2"", ""PREPROCESSING_FOLDLOCAL_MINUS_LEGACY"", ""H0_COMMON""]"
MC_S2_DROP_TOP5_R1_L2_HIGH,NEW_MC,NEW_MC,S2_DROP_TOP5,1.0,L2_HIGH,R2,ADJACENCY_GAP1_MINUS_H0,FOLD_LOCAL_GAP1,FOLD_LOCAL_LOTO,GAP1_COMMON,1.9751117186888028,1.732492944364332,0.2426187743244707,1.985111718688803e-08,14.004026689614602,True,INCREASE,"[""MC_S2_DROP_TOP5_R1_L2_HIGH"", ""R2"", ""ADJACENCY_GAP1_MINUS_H0"", ""GAP1_COMMON""]"
MC_S2_DROP_TOP5_R2_L0_STAGE15_MATCHED,NEW_MC,NEW_MC,S2_DROP_TOP5,2.0,L0_STAGE15_MATCHED,R0,PREPROCESSING_FOLDLOCAL_MINUS_LEGACY,FOLD_LOCAL_LOTO,LEGACY_GLOBAL_LOTO,H0_COMMON,1.5769038048881312,1.5769038048881314,-2.220446049250313e-16,1.5869038048881315e-08,-1.1102230246251564e-14,True,EQUAL_WITHIN_TOLERANCE,"[""MC_S2_DROP_TOP5_R2_L0_STAGE15_MATCHED"", ""R0"", ""PREPROCESSING_FOLDLOCAL_MINUS_LEGACY"", ""H0_COMMON""]"
MC_S2_DROP_TOP5_R2_L0_STAGE15_MATCHED,NEW_MC,NEW_MC,S2_DROP_TOP5,2.0,L0_STAGE15_MATCHED,R0,ADJACENCY_GAP1_MINUS_H0,FOLD_LOCAL_GAP1,FOLD_LOCAL_LOTO,GAP1_COMMON,1.8802939604400408,1.821041584559656,0.0592523758803849,1.890293960440041e-08,3.253762922427317,True,INCREASE,"[""MC_S2_DROP_TOP5_R2_L0_STAGE15_MATCHED"", ""R0"", ""ADJACENCY_GAP1_MINUS_H0"", ""GAP1_COMMON""]"
MC_S2_DROP_TOP5_R2_L0_STAGE15_MATCHED,NEW_MC,NEW_MC,S2_DROP_TOP5,2.0,L0_STAGE15_MATCHED,R1,PREPROCESSING_FOLDLOCAL_MINUS_LEGACY,FOLD_LOCAL_LOTO,LEGACY_GLOBAL_LOTO,H0_COMMON,1.6166750186751149,1.6166750186751149,0.0,1.626675018675115e-08,0.0,True,EQUAL_WITHIN_TOLERANCE,"[""MC_S2_DROP_TOP5_R2_L0_STAGE15_MATCHED"", ""R1"", ""PREPROCESSING_FOLDLOCAL_MINUS_LEGACY"", ""H0_COMMON""]"
MC_S2_DROP_TOP5_R2_L0_STAGE15_MATCHED,NEW_MC,NEW_MC,S2_DROP_TOP5,2.0,L0_STAGE15_MATCHED,R1,ADJACENCY_GAP1_MINUS_H0,FOLD_LOCAL_GAP1,FOLD_LOCAL_LOTO,GAP1_COMMON,2.0558715349836305,1.854319076037588,0.2015524589460424,2.0658715349836305e-08,10.869351534512116,True,INCREASE,"[""MC_S2_DROP_TOP5_R2_L0_STAGE15_MATCHED"", ""R1"", ""ADJACENCY_GAP1_MINUS_H0"", ""GAP1_COMMON""]"
MC_S2_DROP_TOP5_R2_L0_STAGE15_MATCHED,NEW_MC,NEW_MC,S2_DROP_TOP5,2.0,L0_STAGE15_MATCHED,R2,PREPROCESSING_FOLDLOCAL_MINUS_LEGACY,FOLD_LOCAL_LOTO,LEGACY_GLOBAL_LOTO,H0_COMMON,1.595223698613323,1.5959884701955702,-0.0007647715822471,1.6059884701955704e-08,-0.0479183651090786,True,DECREASE,"[""MC_S2_DROP_TOP5_R2_L0_STAGE15_MATCHED"", ""R2"", ""PREPROCESSING_FOLDLOCAL_MINUS_LEGACY"", ""H0_COMMON""]"
MC_S2_DROP_TOP5_R2_L0_STAGE15_MATCHED,NEW_MC,NEW_MC,S2_DROP_TOP5,2.0,L0_STAGE15_MATCHED,R2,ADJACENCY_GAP1_MINUS_H0,FOLD_LOCAL_GAP1,FOLD_LOCAL_LOTO,GAP1_COMMON,2.114161827217474,1.8493880088647856,0.2647738183526882,2.124161827217474e-08,14.316834384322362,True,INCREASE,"[""MC_S2_DROP_TOP5_R2_L0_STAGE15_MATCHED"", ""R2"", ""ADJACENCY_GAP1_MINUS_H0"", ""GAP1_COMMON""]"
MC_S2_DROP_TOP5_R2_L1_EXTENDED,NEW_MC,NEW_MC,S2_DROP_TOP5,2.0,L1_EXTENDED,R0,PREPROCESSING_FOLDLOCAL_MINUS_LEGACY,FOLD_LOCAL_LOTO,LEGACY_GLOBAL_LOTO,H0_COMMON,1.8483984233306496,1.8483984233306496,0.0,1.8583984233306498e-08,0.0,True,EQUAL_WITHIN_TOLERANCE,"[""MC_S2_DROP_TOP5_R2_L1_EXTENDED"", ""R0"", ""PREPROCESSING_FOLDLOCAL_MINUS_LEGACY"", ""H0_COMMON""]"
MC_S2_DROP_TOP5_R2_L1_EXTENDED,NEW_MC,NEW_MC,S2_DROP_TOP5,2.0,L1_EXTENDED,R0,ADJACENCY_GAP1_MINUS_H0,FOLD_LOCAL_GAP1,FOLD_LOCAL_LOTO,GAP1_COMMON,1.9956267873101727,1.9605616477322336,0.0350651395779391,2.0056267873101733e-08,1.7885252227849424,True,INCREASE,"[""MC_S2_DROP_TOP5_R2_L1_EXTENDED"", ""R0"", ""ADJACENCY_GAP1_MINUS_H0"", ""GAP1_COMMON""]"
MC_S2_DROP_TOP5_R2_L1_EXTENDED,NEW_MC,NEW_MC,S2_DROP_TOP5,2.0,L1_EXTENDED,R1,PREPROCESSING_FOLDLOCAL_MINUS_LEGACY,FOLD_LOCAL_LOTO,LEGACY_GLOBAL_LOTO,H0_COMMON,1.9300857252580244,1.9300857252580244,0.0,1.9400857252580245e-08,0.0,True,EQUAL_WITHIN_TOLERANCE,"[""MC_S2_DROP_TOP5_R2_L1_EXTENDED"", ""R1"", ""PREPROCESSING_FOLDLOCAL_MINUS_LEGACY"", ""H0_COMMON""]"
MC_S2_DROP_TOP5_R2_L1_EXTENDED,NEW_MC,NEW_MC,S2_DROP_TOP5,2.0,L1_EXTENDED,R1,ADJACENCY_GAP1_MINUS_H0,FOLD_LOCAL_GAP1,FOLD_LOCAL_LOTO,GAP1_COMMON,2.257837650243358,2.048939711969506,0.2088979382738522,2.2678376502433584e-08,10.19541653927205,True,INCREASE,"[""MC_S2_DROP_TOP5_R2_L1_EXTENDED"", ""R1"", ""ADJACENCY_GAP1_MINUS_H0"", ""GAP1_COMMON""]"
MC_S2_DROP_TOP5_R2_L1_EXTENDED,NEW_MC,NEW_MC,S2_DROP_TOP5,2.0,L1_EXTENDED,R2,PREPROCESSING_FOLDLOCAL_MINUS_LEGACY,FOLD_LOCAL_LOTO,LEGACY_GLOBAL_LOTO,H0_COMMON,2.029365220529982,2.060174811431003,-0.0308095909010206,2.0701748114310032e-08,-1.4954843021122155,True,DECREASE,"[""MC_S2_DROP_TOP5_R2_L1_EXTENDED"", ""R2"", ""PREPROCESSING_FOLDLOCAL_MINUS_LEGACY"", ""H0_COMMON""]"
MC_S2_DROP_TOP5_R2_L1_EXTENDED,NEW_MC,NEW_MC,S2_DROP_TOP5,2.0,L1_EXTENDED,R2,ADJACENCY_GAP1_MINUS_H0,FOLD_LOCAL_GAP1,FOLD_LOCAL_LOTO,GAP1_COMMON,2.5500559636085387,2.1502533355937983,0.3998026280147404,2.5600559636085388e-08,18.593280214786123,True,INCREASE,"[""MC_S2_DROP_TOP5_R2_L1_EXTENDED"", ""R2"", ""ADJACENCY_GAP1_MINUS_H0"", ""GAP1_COMMON""]"
MC_S2_DROP_TOP5_R2_L2_HIGH,NEW_MC,NEW_MC,S2_DROP_TOP5,2.0,L2_HIGH,R0,PREPROCESSING_FOLDLOCAL_MINUS_LEGACY,FOLD_LOCAL_LOTO,LEGACY_GLOBAL_LOTO,H0_COMMON,1.678135388740412,1.678135388740412,0.0,1.688135388740412e-08,0.0,True,EQUAL_WITHIN_TOLERANCE,"[""MC_S2_DROP_TOP5_R2_L2_HIGH"", ""R0"", ""PREPROCESSING_FOLDLOCAL_MINUS_LEGACY"", ""H0_COMMON""]"
MC_S2_DROP_TOP5_R2_L2_HIGH,NEW_MC,NEW_MC,S2_DROP_TOP5,2.0,L2_HIGH,R0,ADJACENCY_GAP1_MINUS_H0,FOLD_LOCAL_GAP1,FOLD_LOCAL_LOTO,GAP1_COMMON,1.8920366323967288,1.815031876676564,0.0770047557201647,1.902036632396729e-08,4.24261175297731,True,INCREASE,"[""MC_S2_DROP_TOP5_R2_L2_HIGH"", ""R0"", ""ADJACENCY_GAP1_MINUS_H0"", ""GAP1_COMMON""]"
MC_S2_DROP_TOP5_R2_L2_HIGH,NEW_MC,NEW_MC,S2_DROP_TOP5,2.0,L2_HIGH,R1,PREPROCESSING_FOLDLOCAL_MINUS_LEGACY,FOLD_LOCAL_LOTO,LEGACY_GLOBAL_LOTO,H0_COMMON,1.6550806019089417,1.6550806019089417,0.0,1.6650806019089422e-08,0.0,True,EQUAL_WITHIN_TOLERANCE,"[""MC_S2_DROP_TOP5_R2_L2_HIGH"", ""R1"", ""PREPROCESSING_FOLDLOCAL_MINUS_LEGACY"", ""H0_COMMON""]"
MC_S2_DROP_TOP5_R2_L2_HIGH,NEW_MC,NEW_MC,S2_DROP_TOP5,2.0,L2_HIGH,R1,ADJACENCY_GAP1_MINUS_H0,FOLD_LOCAL_GAP1,FOLD_LOCAL_LOTO,GAP1_COMMON,1.9901099258667625,1.7609656497865664,0.229144276080196,2.0001099258667623e-08,13.01242168511174,True,INCREASE,"[""MC_S2_DROP_TOP5_R2_L2_HIGH"", ""R1"", ""ADJACENCY_GAP1_MINUS_H0"", ""GAP1_COMMON""]"
MC_S2_DROP_TOP5_R2_L2_HIGH,NEW_MC,NEW_MC,S2_DROP_TOP5,2.0,L2_HIGH,R2,PREPROCESSING_FOLDLOCAL_MINUS_LEGACY,FOLD_LOCAL_LOTO,LEGACY_GLOBAL_LOTO,H0_COMMON,1.617300964781749,1.617300964781749,0.0,1.627300964781749e-08,0.0,True,EQUAL_WITHIN_TOLERANCE,"[""MC_S2_DROP_TOP5_R2_L2_HIGH"", ""R2"", ""PREPROCESSING_FOLDLOCAL_MINUS_LEGACY"", ""H0_COMMON""]"
MC_S2_DROP_TOP5_R2_L2_HIGH,NEW_MC,NEW_MC,S2_DROP_TOP5,2.0,L2_HIGH,R2,ADJACENCY_GAP1_MINUS_H0,FOLD_LOCAL_GAP1,FOLD_LOCAL_LOTO,GAP1_COMMON,1.9490094800839253,1.7126230758850975,0.2363864041988277,1.9590094800839253e-08,13.802593666248564,True,INCREASE,"[""MC_S2_DROP_TOP5_R2_L2_HIGH"", ""R2"", ""ADJACENCY_GAP1_MINUS_H0"", ""GAP1_COMMON""]"
MC_S2_DROP_TOP5_R3_L0_STAGE15_MATCHED,NEW_MC,NEW_MC,S2_DROP_TOP5,3.0,L0_STAGE15_MATCHED,R0,PREPROCESSING_FOLDLOCAL_MINUS_LEGACY,FOLD_LOCAL_LOTO,LEGACY_GLOBAL_LOTO,H0_COMMON,1.5968682934493348,1.5968682934493348,0.0,1.6068682934493352e-08,0.0,True,EQUAL_WITHIN_TOLERANCE,"[""MC_S2_DROP_TOP5_R3_L0_STAGE15_MATCHED"", ""R0"", ""PREPROCESSING_FOLDLOCAL_MINUS_LEGACY"", ""H0_COMMON""]"
MC_S2_DROP_TOP5_R3_L0_STAGE15_MATCHED,NEW_MC,NEW_MC,S2_DROP_TOP5,3.0,L0_STAGE15_MATCHED,R0,ADJACENCY_GAP1_MINUS_H0,FOLD_LOCAL_GAP1,FOLD_LOCAL_LOTO,GAP1_COMMON,1.886363041591763,1.824178922259632,0.0621841193321308,1.896363041591763e-08,3.4088826799458127,True,INCREASE,"[""MC_S2_DROP_TOP5_R3_L0_STAGE15_MATCHED"", ""R0"", ""ADJACENCY_GAP1_MINUS_H0"", ""GAP1_COMMON""]"
MC_S2_DROP_TOP5_R3_L0_STAGE15_MATCHED,NEW_MC,NEW_MC,S2_DROP_TOP5,3.0,L0_STAGE15_MATCHED,R1,PREPROCESSING_FOLDLOCAL_MINUS_LEGACY,FOLD_LOCAL_LOTO,LEGACY_GLOBAL_LOTO,H0_COMMON,1.6424858344011724,1.6424858344011724,0.0,1.6524858344011726e-08,0.0,True,EQUAL_WITHIN_TOLERANCE,"[""MC_S2_DROP_TOP5_R3_L0_STAGE15_MATCHED"", ""R1"", ""PREPROCESSING_FOLDLOCAL_MINUS_LEGACY"", ""H0_COMMON""]"
MC_S2_DROP_TOP5_R3_L0_STAGE15_MATCHED,NEW_MC,NEW_MC,S2_DROP_TOP5,3.0,L0_STAGE15_MATCHED,R1,ADJACENCY_GAP1_MINUS_H0,FOLD_LOCAL_GAP1,FOLD_LOCAL_LOTO,GAP1_COMMON,2.0467636006188448,1.841340206981552,0.2054233936372926,2.0567636006188448e-08,11.156189000729878,True,INCREASE,"[""MC_S2_DROP_TOP5_R3_L0_STAGE15_MATCHED"", ""R1"", ""ADJACENCY_GAP1_MINUS_H0"", ""GAP1_COMMON""]"
MC_S2_DROP_TOP5_R3_L0_STAGE15_MATCHED,NEW_MC,NEW_MC,S2_DROP_TOP5,3.0,L0_STAGE15_MATCHED,R2,PREPROCESSING_FOLDLOCAL_MINUS_LEGACY,FOLD_LOCAL_LOTO,LEGACY_GLOBAL_LOTO,H0_COMMON,1.618985070996259,1.6223617380471131,-0.0033766670508541,1.6323617380471134e-08,-0.2081328085879796,True,DECREASE,"[""MC_S2_DROP_TOP5_R3_L0_STAGE15_MATCHED"", ""R2"", ""PREPROCESSING_FOLDLOCAL_MINUS_LEGACY"", ""H0_COMMON""]"
MC_S2_DROP_TOP5_R3_L0_STAGE15_MATCHED,NEW_MC,NEW_MC,S2_DROP_TOP5,3.0,L0_STAGE15_MATCHED,R2,ADJACENCY_GAP1_MINUS_H0,FOLD_LOCAL_GAP1,FOLD_LOCAL_LOTO,GAP1_COMMON,2.098866213274131,1.831605617985256,0.2672605952888749,2.1088662132741312e-08,14.591601634355024,True,INCREASE,"[""MC_S2_DROP_TOP5_R3_L0_STAGE15_MATCHED"", ""R2"", ""ADJACENCY_GAP1_MINUS_H0"", ""GAP1_COMMON""]"
MC_S2_DROP_TOP5_R3_L1_EXTENDED,NEW_MC,NEW_MC,S2_DROP_TOP5,3.0,L1_EXTENDED,R0,PREPROCESSING_FOLDLOCAL_MINUS_LEGACY,FOLD_LOCAL_LOTO,LEGACY_GLOBAL_LOTO,H0_COMMON,1.954285802275695,1.954285802275695,0.0,1.9642858022756957e-08,0.0,True,EQUAL_WITHIN_TOLERANCE,"[""MC_S2_DROP_TOP5_R3_L1_EXTENDED"", ""R0"", ""PREPROCESSING_FOLDLOCAL_MINUS_LEGACY"", ""H0_COMMON""]"
MC_S2_DROP_TOP5_R3_L1_EXTENDED,NEW_MC,NEW_MC,S2_DROP_TOP5,3.0,L1_EXTENDED,R0,ADJACENCY_GAP1_MINUS_H0,FOLD_LOCAL_GAP1,FOLD_LOCAL_LOTO,GAP1_COMMON,2.127387258360542,2.080160765389516,0.0472264929710259,2.137387258360542e-08,2.270328993643078,True,INCREASE,"[""MC_S2_DROP_TOP5_R3_L1_EXTENDED"", ""R0"", ""ADJACENCY_GAP1_MINUS_H0"", ""GAP1_COMMON""]"
MC_S2_DROP_TOP5_R3_L1_EXTENDED,NEW_MC,NEW_MC,S2_DROP_TOP5,3.0,L1_EXTENDED,R1,PREPROCESSING_FOLDLOCAL_MINUS_LEGACY,FOLD_LOCAL_LOTO,LEGACY_GLOBAL_LOTO,H0_COMMON,2.050057819165712,2.050057819165712,0.0,2.060057819165712e-08,0.0,True,EQUAL_WITHIN_TOLERANCE,"[""MC_S2_DROP_TOP5_R3_L1_EXTENDED"", ""R1"", ""PREPROCESSING_FOLDLOCAL_MINUS_LEGACY"", ""H0_COMMON""]"
MC_S2_DROP_TOP5_R3_L1_EXTENDED,NEW_MC,NEW_MC,S2_DROP_TOP5,3.0,L1_EXTENDED,R1,ADJACENCY_GAP1_MINUS_H0,FOLD_LOCAL_GAP1,FOLD_LOCAL_LOTO,GAP1_COMMON,2.4772510399746497,2.193915494883421,0.2833355450912287,2.48725103997465e-08,12.914606134648963,True,INCREASE,"[""MC_S2_DROP_TOP5_R3_L1_EXTENDED"", ""R1"", ""ADJACENCY_GAP1_MINUS_H0"", ""GAP1_COMMON""]"
MC_S2_DROP_TOP5_R3_L1_EXTENDED,NEW_MC,NEW_MC,S2_DROP_TOP5,3.0,L1_EXTENDED,R2,PREPROCESSING_FOLDLOCAL_MINUS_LEGACY,FOLD_LOCAL_LOTO,LEGACY_GLOBAL_LOTO,H0_COMMON,2.158521593790456,2.150919634184477,0.0076019596059788,2.1685215937904562e-08,0.3534283422384154,True,INCREASE,"[""MC_S2_DROP_TOP5_R3_L1_EXTENDED"", ""R2"", ""PREPROCESSING_FOLDLOCAL_MINUS_LEGACY"", ""H0_COMMON""]"
MC_S2_DROP_TOP5_R3_L1_EXTENDED,NEW_MC,NEW_MC,S2_DROP_TOP5,3.0,L1_EXTENDED,R2,ADJACENCY_GAP1_MINUS_H0,FOLD_LOCAL_GAP1,FOLD_LOCAL_LOTO,GAP1_COMMON,2.7791493183441363,2.290595727251691,0.4885535910924452,2.7891493183441366e-08,21.328669449611827,True,INCREASE,"[""MC_S2_DROP_TOP5_R3_L1_EXTENDED"", ""R2"", ""ADJACENCY_GAP1_MINUS_H0"", ""GAP1_COMMON""]"
MC_S2_DROP_TOP5_R3_L2_HIGH,NEW_MC,NEW_MC,S2_DROP_TOP5,3.0,L2_HIGH,R0,PREPROCESSING_FOLDLOCAL_MINUS_LEGACY,FOLD_LOCAL_LOTO,LEGACY_GLOBAL_LOTO,H0_COMMON,1.6964588866909258,1.6964588866909258,0.0,1.7064588866909262e-08,0.0,True,EQUAL_WITHIN_TOLERANCE,"[""MC_S2_DROP_TOP5_R3_L2_HIGH"", ""R0"", ""PREPROCESSING_FOLDLOCAL_MINUS_LEGACY"", ""H0_COMMON""]"
MC_S2_DROP_TOP5_R3_L2_HIGH,NEW_MC,NEW_MC,S2_DROP_TOP5,3.0,L2_HIGH,R0,ADJACENCY_GAP1_MINUS_H0,FOLD_LOCAL_GAP1,FOLD_LOCAL_LOTO,GAP1_COMMON,1.9350858096402543,1.853233403310534,0.0818524063297203,1.9450858096402545e-08,4.416734890678242,True,INCREASE,"[""MC_S2_DROP_TOP5_R3_L2_HIGH"", ""R0"", ""ADJACENCY_GAP1_MINUS_H0"", ""GAP1_COMMON""]"
MC_S2_DROP_TOP5_R3_L2_HIGH,NEW_MC,NEW_MC,S2_DROP_TOP5,3.0,L2_HIGH,R1,PREPROCESSING_FOLDLOCAL_MINUS_LEGACY,FOLD_LOCAL_LOTO,LEGACY_GLOBAL_LOTO,H0_COMMON,1.6780846439125845,1.6780846439125845,0.0,1.6880846439125846e-08,0.0,True,EQUAL_WITHIN_TOLERANCE,"[""MC_S2_DROP_TOP5_R3_L2_HIGH"", ""R1"", ""PREPROCESSING_FOLDLOCAL_MINUS_LEGACY"", ""H0_COMMON""]"
MC_S2_DROP_TOP5_R3_L2_HIGH,NEW_MC,NEW_MC,S2_DROP_TOP5,3.0,L2_HIGH,R1,ADJACENCY_GAP1_MINUS_H0,FOLD_LOCAL_GAP1,FOLD_LOCAL_LOTO,GAP1_COMMON,2.063413158792322,1.8042930344365449,0.2591201243557772,2.0734131587923224e-08,14.36131046400102,True,INCREASE,"[""MC_S2_DROP_TOP5_R3_L2_HIGH"", ""R1"", ""ADJACENCY_GAP1_MINUS_H0"", ""GAP1_COMMON""]"
MC_S2_DROP_TOP5_R3_L2_HIGH,NEW_MC,NEW_MC,S2_DROP_TOP5,3.0,L2_HIGH,R2,PREPROCESSING_FOLDLOCAL_MINUS_LEGACY,FOLD_LOCAL_LOTO,LEGACY_GLOBAL_LOTO,H0_COMMON,1.6258840119440072,1.6258840119440072,0.0,1.6358840119440073e-08,0.0,True,EQUAL_WITHIN_TOLERANCE,"[""MC_S2_DROP_TOP5_R3_L2_HIGH"", ""R2"", ""PREPROCESSING_FOLDLOCAL_MINUS_LEGACY"", ""H0_COMMON""]"
MC_S2_DROP_TOP5_R3_L2_HIGH,NEW_MC,NEW_MC,S2_DROP_TOP5,3.0,L2_HIGH,R2,ADJACENCY_GAP1_MINUS_H0,FOLD_LOCAL_GAP1,FOLD_LOCAL_LOTO,GAP1_COMMON,1.97363778521051,1.7347617651440643,0.2388760200664457,1.98363778521051e-08,13.76996109011015,True,INCREASE,"[""MC_S2_DROP_TOP5_R3_L2_HIGH"", ""R2"", ""ADJACENCY_GAP1_MINUS_H0"", ""GAP1_COMMON""]"
MC_S2_DROP_TOP5_R4_L0_STAGE15_MATCHED,NEW_MC,NEW_MC,S2_DROP_TOP5,4.0,L0_STAGE15_MATCHED,R0,PREPROCESSING_FOLDLOCAL_MINUS_LEGACY,FOLD_LOCAL_LOTO,LEGACY_GLOBAL_LOTO,H0_COMMON,1.5681637200619734,1.5681637200619734,0.0,1.5781637200619736e-08,0.0,True,EQUAL_WITHIN_TOLERANCE,"[""MC_S2_DROP_TOP5_R4_L0_STAGE15_MATCHED"", ""R0"", ""PREPROCESSING_FOLDLOCAL_MINUS_LEGACY"", ""H0_COMMON""]"
MC_S2_DROP_TOP5_R4_L0_STAGE15_MATCHED,NEW_MC,NEW_MC,S2_DROP_TOP5,4.0,L0_STAGE15_MATCHED,R0,ADJACENCY_GAP1_MINUS_H0,FOLD_LOCAL_GAP1,FOLD_LOCAL_LOTO,GAP1_COMMON,1.878042527841297,1.8118162803598925,0.066226247481405,1.8880425278412977e-08,3.655240776854596,True,INCREASE,"[""MC_S2_DROP_TOP5_R4_L0_STAGE15_MATCHED"", ""R0"", ""ADJACENCY_GAP1_MINUS_H0"", ""GAP1_COMMON""]"
MC_S2_DROP_TOP5_R4_L0_STAGE15_MATCHED,NEW_MC,NEW_MC,S2_DROP_TOP5,4.0,L0_STAGE15_MATCHED,R1,PREPROCESSING_FOLDLOCAL_MINUS_LEGACY,FOLD_LOCAL_LOTO,LEGACY_GLOBAL_LOTO,H0_COMMON,1.6090295635087155,1.6090295635087155,0.0,1.6190295635087155e-08,0.0,True,EQUAL_WITHIN_TOLERANCE,"[""MC_S2_DROP_TOP5_R4_L0_STAGE15_MATCHED"", ""R1"", ""PREPROCESSING_FOLDLOCAL_MINUS_LEGACY"", ""H0_COMMON""]"
MC_S2_DROP_TOP5_R4_L0_STAGE15_MATCHED,NEW_MC,NEW_MC,S2_DROP_TOP5,4.0,L0_STAGE15_MATCHED,R1,ADJACENCY_GAP1_MINUS_H0,FOLD_LOCAL_GAP1,FOLD_LOCAL_LOTO,GAP1_COMMON,2.0450820260651947,1.829669695526452,0.2154123305387427,2.0550820260651952e-08,11.773290614444054,True,INCREASE,"[""MC_S2_DROP_TOP5_R4_L0_STAGE15_MATCHED"", ""R1"", ""ADJACENCY_GAP1_MINUS_H0"", ""GAP1_COMMON""]"
MC_S2_DROP_TOP5_R4_L0_STAGE15_MATCHED,NEW_MC,NEW_MC,S2_DROP_TOP5,4.0,L0_STAGE15_MATCHED,R2,PREPROCESSING_FOLDLOCAL_MINUS_LEGACY,FOLD_LOCAL_LOTO,LEGACY_GLOBAL_LOTO,H0_COMMON,1.5738990712511296,1.5738990712511296,0.0,1.5838990712511298e-08,0.0,True,EQUAL_WITHIN_TOLERANCE,"[""MC_S2_DROP_TOP5_R4_L0_STAGE15_MATCHED"", ""R2"", ""PREPROCESSING_FOLDLOCAL_MINUS_LEGACY"", ""H0_COMMON""]"
MC_S2_DROP_TOP5_R4_L0_STAGE15_MATCHED,NEW_MC,NEW_MC,S2_DROP_TOP5,4.0,L0_STAGE15_MATCHED,R2,ADJACENCY_GAP1_MINUS_H0,FOLD_LOCAL_GAP1,FOLD_LOCAL_LOTO,GAP1_COMMON,2.0812809628857947,1.8122680006055605,0.2690129622802342,2.0912809628857948e-08,14.843994496969804,True,INCREASE,"[""MC_S2_DROP_TOP5_R4_L0_STAGE15_MATCHED"", ""R2"", ""ADJACENCY_GAP1_MINUS_H0"", ""GAP1_COMMON""]"
MC_S2_DROP_TOP5_R4_L1_EXTENDED,NEW_MC,NEW_MC,S2_DROP_TOP5,4.0,L1_EXTENDED,R0,PREPROCESSING_FOLDLOCAL_MINUS_LEGACY,FOLD_LOCAL_LOTO,LEGACY_GLOBAL_LOTO,H0_COMMON,1.9948925998392384,1.9948925998392384,0.0,2.0048925998392384e-08,0.0,True,EQUAL_WITHIN_TOLERANCE,"[""MC_S2_DROP_TOP5_R4_L1_EXTENDED"", ""R0"", ""PREPROCESSING_FOLDLOCAL_MINUS_LEGACY"", ""H0_COMMON""]"
MC_S2_DROP_TOP5_R4_L1_EXTENDED,NEW_MC,NEW_MC,S2_DROP_TOP5,4.0,L1_EXTENDED,R0,ADJACENCY_GAP1_MINUS_H0,FOLD_LOCAL_GAP1,FOLD_LOCAL_LOTO,GAP1_COMMON,2.1987075745186,2.1537750090842067,0.0449325654343932,2.2087075745186e-08,2.086223734831938,True,INCREASE,"[""MC_S2_DROP_TOP5_R4_L1_EXTENDED"", ""R0"", ""ADJACENCY_GAP1_MINUS_H0"", ""GAP1_COMMON""]"
MC_S2_DROP_TOP5_R4_L1_EXTENDED,NEW_MC,NEW_MC,S2_DROP_TOP5,4.0,L1_EXTENDED,R1,PREPROCESSING_FOLDLOCAL_MINUS_LEGACY,FOLD_LOCAL_LOTO,LEGACY_GLOBAL_LOTO,H0_COMMON,2.089449097762744,2.089449097762744,0.0,2.099449097762744e-08,0.0,True,EQUAL_WITHIN_TOLERANCE,"[""MC_S2_DROP_TOP5_R4_L1_EXTENDED"", ""R1"", ""PREPROCESSING_FOLDLOCAL_MINUS_LEGACY"", ""H0_COMMON""]"
MC_S2_DROP_TOP5_R4_L1_EXTENDED,NEW_MC,NEW_MC,S2_DROP_TOP5,4.0,L1_EXTENDED,R1,ADJACENCY_GAP1_MINUS_H0,FOLD_LOCAL_GAP1,FOLD_LOCAL_LOTO,GAP1_COMMON,2.5454551911417806,2.267899315094894,0.2775558760468866,2.5554551911417813e-08,12.23845671628827,True,INCREASE,"[""MC_S2_DROP_TOP5_R4_L1_EXTENDED"", ""R1"", ""ADJACENCY_GAP1_MINUS_H0"", ""GAP1_COMMON""]"
MC_S2_DROP_TOP5_R4_L1_EXTENDED,NEW_MC,NEW_MC,S2_DROP_TOP5,4.0,L1_EXTENDED,R2,PREPROCESSING_FOLDLOCAL_MINUS_LEGACY,FOLD_LOCAL_LOTO,LEGACY_GLOBAL_LOTO,H0_COMMON,2.204247505622677,2.2186411348317527,-0.0143936292090756,2.2286411348317528e-08,-0.648758782260972,True,DECREASE,"[""MC_S2_DROP_TOP5_R4_L1_EXTENDED"", ""R2"", ""PREPROCESSING_FOLDLOCAL_MINUS_LEGACY"", ""H0_COMMON""]"
MC_S2_DROP_TOP5_R4_L1_EXTENDED,NEW_MC,NEW_MC,S2_DROP_TOP5,4.0,L1_EXTENDED,R2,ADJACENCY_GAP1_MINUS_H0,FOLD_LOCAL_GAP1,FOLD_LOCAL_LOTO,GAP1_COMMON,2.811456988473785,2.373022838397244,0.4384341500765409,2.8214569884737848e-08,18.475766140230764,True,INCREASE,"[""MC_S2_DROP_TOP5_R4_L1_EXTENDED"", ""R2"", ""ADJACENCY_GAP1_MINUS_H0"", ""GAP1_COMMON""]"
MC_S2_DROP_TOP5_R4_L2_HIGH,NEW_MC,NEW_MC,S2_DROP_TOP5,4.0,L2_HIGH,R0,PREPROCESSING_FOLDLOCAL_MINUS_LEGACY,FOLD_LOCAL_LOTO,LEGACY_GLOBAL_LOTO,H0_COMMON,1.6830047226604126,1.6830047226604126,0.0,1.6930047226604126e-08,0.0,True,EQUAL_WITHIN_TOLERANCE,"[""MC_S2_DROP_TOP5_R4_L2_HIGH"", ""R0"", ""PREPROCESSING_FOLDLOCAL_MINUS_LEGACY"", ""H0_COMMON""]"
MC_S2_DROP_TOP5_R4_L2_HIGH,NEW_MC,NEW_MC,S2_DROP_TOP5,4.0,L2_HIGH,R0,ADJACENCY_GAP1_MINUS_H0,FOLD_LOCAL_GAP1,FOLD_LOCAL_LOTO,GAP1_COMMON,1.909888156757206,1.8322661222486023,0.0776220345086036,1.9198881567572062e-08,4.236395224801948,True,INCREASE,"[""MC_S2_DROP_TOP5_R4_L2_HIGH"", ""R0"", ""ADJACENCY_GAP1_MINUS_H0"", ""GAP1_COMMON""]"
MC_S2_DROP_TOP5_R4_L2_HIGH,NEW_MC,NEW_MC,S2_DROP_TOP5,4.0,L2_HIGH,R1,PREPROCESSING_FOLDLOCAL_MINUS_LEGACY,FOLD_LOCAL_LOTO,LEGACY_GLOBAL_LOTO,H0_COMMON,1.6644482509433234,1.6644482509433234,0.0,1.6744482509433235e-08,0.0,True,EQUAL_WITHIN_TOLERANCE,"[""MC_S2_DROP_TOP5_R4_L2_HIGH"", ""R1"", ""PREPROCESSING_FOLDLOCAL_MINUS_LEGACY"", ""H0_COMMON""]"
MC_S2_DROP_TOP5_R4_L2_HIGH,NEW_MC,NEW_MC,S2_DROP_TOP5,4.0,L2_HIGH,R1,ADJACENCY_GAP1_MINUS_H0,FOLD_LOCAL_GAP1,FOLD_LOCAL_LOTO,GAP1_COMMON,2.015591792536509,1.78234870055826,0.2332430919782491,2.025591792536509e-08,13.086277219782726,True,INCREASE,"[""MC_S2_DROP_TOP5_R4_L2_HIGH"", ""R1"", ""ADJACENCY_GAP1_MINUS_H0"", ""GAP1_COMMON""]"
MC_S2_DROP_TOP5_R4_L2_HIGH,NEW_MC,NEW_MC,S2_DROP_TOP5,4.0,L2_HIGH,R2,PREPROCESSING_FOLDLOCAL_MINUS_LEGACY,FOLD_LOCAL_LOTO,LEGACY_GLOBAL_LOTO,H0_COMMON,1.6303630803556612,1.6303630803556617,-4.440892098500626e-16,1.6403630803556622e-08,-2.220446049250313e-14,True,EQUAL_WITHIN_TOLERANCE,"[""MC_S2_DROP_TOP5_R4_L2_HIGH"", ""R2"", ""PREPROCESSING_FOLDLOCAL_MINUS_LEGACY"", ""H0_COMMON""]"
MC_S2_DROP_TOP5_R4_L2_HIGH,NEW_MC,NEW_MC,S2_DROP_TOP5,4.0,L2_HIGH,R2,ADJACENCY_GAP1_MINUS_H0,FOLD_LOCAL_GAP1,FOLD_LOCAL_LOTO,GAP1_COMMON,1.983318632146532,1.7378801477709214,0.2454384843756105,1.9933186321465322e-08,14.12286599225041,True,INCREASE,"[""MC_S2_DROP_TOP5_R4_L2_HIGH"", ""R2"", ""ADJACENCY_GAP1_MINUS_H0"", ""GAP1_COMMON""]"
