scenario,replicate_id,level,scope,density_multiplier,transition_id,transition_index,component_share_birth,component_share_death,component_share_increase,support_share_low,support_share_medium,rms_low,rms_medium,rms_high,persistent_relation_rms
S0_FULL,0,L0_STAGE15_MATCHED,B0_REFERENCE,1.0,A2_W0::2002->2003,0,0.7786885245901639,0.1721311475409836,0.0327868852459016,0.9590163934426228,0.040983606557377,0.9678353020476564,0.9574839406752544,0.0,0.9290122517871204
S0_FULL,0,L0_STAGE15_MATCHED,B0_REFERENCE,1.0,A2_W0::2003->2004,1,0.5976095617529881,0.3147410358565737,0.0637450199203187,0.9760956175298804,0.0239043824701195,0.850418239218493,0.7170436666823407,0.0,0.7468615553101737
S0_FULL,0,L0_STAGE15_MATCHED,B0_REFERENCE,1.0,A2_W0::2004->2005,2,0.9396702911259208,0.0484040687478077,0.0028060329708874,0.9978954752718344,0.0021045247281655,0.9765107988970734,0.5272186866897507,0.0,0.4400506675375336
S0_FULL,0,L0_STAGE15_MATCHED,B0_REFERENCE,1.0,A2_W0::2005->2006,3,0.0369712051190899,0.9587628865979382,0.0003554923569143,0.9971560611446854,0.0028439388553146,0.9732344169176244,0.8660254037388908,0.0,0.8590002666230547
S0_FULL,0,L0_STAGE15_MATCHED,B0_REFERENCE,1.0,A2_W0::2006->2007,4,0.8734177215189873,0.0675105485232067,0.0453586497890295,0.9841772151898734,0.0137130801687763,0.6637126399009631,0.9999999989929588,0.9999999995312462,0.8864052568001115
S0_FULL,0,L0_STAGE15_MATCHED,B0_REFERENCE,1.0,A2_W0::2007->2008,5,0.6188012074169901,0.2423458387235877,0.0935748167313497,0.977576541612764,0.0211297973264338,0.6868654113954591,0.8227774245027251,0.6754192438978732,0.813462590445272
S0_FULL,0,L0_STAGE15_MATCHED,B0_REFERENCE,1.0,A2_W0::2008->2009,6,0.6949123111651329,0.2097586386525438,0.0619899288070845,0.917346761590554,0.0817850321236325,0.7907912392430084,0.9707575678695266,0.8965844741657164,0.8721599114663757
S0_FULL,0,L0_STAGE15_MATCHED,B0_REFERENCE,1.0,A2_W0::2009->2010,7,0.1922257720979765,0.6986155484558041,0.0759673411430599,0.9192403265885694,0.0793397231096911,0.8254037120322326,0.8853283537969291,0.8485304282790023,0.6607818274705676
S0_FULL,0,L0_STAGE15_MATCHED,B0_REFERENCE,1.0,A2_W0::2010->2011,8,0.8266993263931415,0.0727699530516431,0.0268422126964686,0.9218207797509697,0.0740967544396815,0.6540498639499706,0.9209061521944094,0.6820557386910016,0.8198214934203136
S0_FULL,0,L0_STAGE15_MATCHED,B0_REFERENCE,1.0,A2_W0::2011->2012,9,0.3327212633125229,0.5549761292691884,0.0860080793242746,0.9131839882482556,0.0821887623944179,0.7665678339423279,0.8821823571356593,0.7550334487609235,0.80941526017562
S0_FULL,0,L0_STAGE15_MATCHED,B0_REFERENCE,1.0,A2_W0::2012->2013,10,0.2008704827222368,0.2323925085729359,0.2062780269058296,0.8550514376154049,0.1369031917699815,0.7350767482671908,0.6466707738807354,0.7029578690254547,0.4222757508536692
S0_FULL,0,L0_STAGE15_MATCHED,B0_REFERENCE,1.0,A2_W0::2013->2014,11,0.5158069883527454,0.2660565723793677,0.1534109816971713,0.8928452579034942,0.1009983361064891,0.9105183739399848,0.6760971988891844,0.6559971043014955,0.4933076891570222
S0_FULL,0,L0_STAGE15_MATCHED,B0_REFERENCE,1.0,A2_W0::2014->2015,12,0.1674216685541714,0.3811815779539448,0.0541713854284635,0.8831634579086448,0.110324650811627,0.8673235025854279,0.6894493435819474,0.7750737207825736,0.6932487156489359
S0_FULL,0,L0_STAGE15_MATCHED,B0_REFERENCE,1.0,A2_W0::2015->2016,13,0.3734352603917821,0.1168657429526994,0.4489249880554228,0.7225035833731486,0.2559006211180124,0.8335269753756831,0.7161279501494657,0.7248023990950577,0.5742971548445772
S0_FULL,0,L0_STAGE15_MATCHED,B0_REFERENCE,1.0,A2_W0::2016->2017,14,0.3589067702552719,0.1916620421753607,0.2672724750277469,0.7429245283018868,0.2172586015538291,0.8405899480569534,0.6538532499984665,0.6453603145542699,0.4513130645815587
S0_FULL,0,L0_STAGE15_MATCHED,B0_REFERENCE,1.0,A2_W0::2017->2018,15,0.3370313477840359,0.4054730613870398,0.1550321442794561,0.7702110712863401,0.1900779427661148,0.8448133856099121,0.8689018601509128,0.7216951041908204,0.6666033599672648
S0_FULL,0,L0_STAGE15_MATCHED,B0_REFERENCE,1.0,A2_W0::2018->2019,16,0.3789742675462055,0.2725381826825934,0.0948475664111249,0.7710227610388066,0.190229987520057,0.762319702233951,0.6614406210093129,0.7249213711098761,0.4196488051447483
S0_FULL,0,L0_STAGE15_MATCHED,B0_REFERENCE,1.0,A2_W0::2019->2020,17,0.3529100808796321,0.169582914838505,0.3196595654702119,0.816567108949622,0.1476449754189353,0.7560879954430554,0.804436292459879,0.7310979981820978,0.5831532119837282
S0_FULL,0,L0_STAGE15_MATCHED,B0_REFERENCE,1.0,A2_W0::2020->2021,18,0.2304036841073878,0.5146972369194591,0.0920536939055457,0.858416617675877,0.1127278071722516,0.6255020619730653,0.8160235006179721,0.7197628793737529,0.4729653737087791
S0_FULL,0,L0_STAGE15_MATCHED,B0_REFERENCE,1.0,A2_W0::2021->2022,19,0.1380090497737556,0.3716498433693004,0.3694744169857292,0.8800904977375565,0.1032022276366167,0.5503118704734695,0.8371672580876013,0.79282018802998,0.4604782955393207
S0_FULL,0,L0_STAGE15_MATCHED,B0_REFERENCE,1.0,A2_W0::2022->2023,20,0.1289505428226779,0.1657418576598311,0.6583835946924005,0.9833534378769602,0.0164053075995174,0.9685758388429432,0.8180908925392063,0.86316574551542,0.9755188414409292
S0_FULL,0,L0_STAGE15_MATCHED,B2_COMMON_NODE_EQUAL_DENSITY,1.0,A2_W0::2002->2003,0,0.5,0.5,0.0,0.7857142857142857,0.2142857142857142,0.999999999922304,0.9999999999609878,0.0,0.0
S0_FULL,0,L0_STAGE15_MATCHED,B2_COMMON_NODE_EQUAL_DENSITY,1.0,A2_W0::2003->2004,1,0.5,0.5,0.0,0.8888888888888888,0.1111111111111111,0.9999999999349328,0.9999999999713092,0.0,0.0
S0_FULL,0,L0_STAGE15_MATCHED,B2_COMMON_NODE_EQUAL_DENSITY,1.0,A2_W0::2004->2005,2,0.4166666666666667,0.4166666666666667,0.0,0.875,0.125,0.9310398535224912,0.8248731274517564,0.0,0.2473794742495439
S0_FULL,0,L0_STAGE15_MATCHED,B2_COMMON_NODE_EQUAL_DENSITY,1.0,A2_W0::2005->2006,3,0.5,0.5,0.0,0.875,0.125,0.7559289460086325,0.8164965810050914,0.0,0.0
S0_FULL,0,L0_STAGE15_MATCHED,B2_COMMON_NODE_EQUAL_DENSITY,1.0,A2_W0::2006->2007,4,0.5,0.5,0.0,0.8269230769230769,0.1538461538461538,0.6988362417965355,0.9354143465021784,0.9999999999060676,0.0
S0_FULL,0,L0_STAGE15_MATCHED,B2_COMMON_NODE_EQUAL_DENSITY,1.0,A2_W0::2007->2008,5,0.4470046082949309,0.4470046082949309,0.0552995391705069,0.8617511520737328,0.1244239631336405,0.955398467646834,0.954961060980332,0.6754192438978732,0.3414970857728259
S0_FULL,0,L0_STAGE15_MATCHED,B2_COMMON_NODE_EQUAL_DENSITY,1.0,A2_W0::2008->2009,6,0.4883116883116883,0.4883116883116883,0.0077922077922077,0.8285714285714286,0.1584415584415584,0.994387205359568,0.9745342847931237,0.8965844741657164,0.3917406976686571
S0_FULL,0,L0_STAGE15_MATCHED,B2_COMMON_NODE_EQUAL_DENSITY,1.0,A2_W0::2009->2010,7,0.4654654654654654,0.4654654654654654,0.027027027027027,0.7957957957957958,0.1801801801801801,0.9706979134909248,0.975957870691104,0.918621015919704,0.3955166761566565
S0_FULL,0,L0_STAGE15_MATCHED,B2_COMMON_NODE_EQUAL_DENSITY,1.0,A2_W0::2010->2011,8,0.4618736383442265,0.4618736383442265,0.0261437908496732,0.5969498910675382,0.3333333333333333,0.972070057807246,0.9584374382841028,0.94185449928779,0.3312817800891779
S0_FULL,0,L0_STAGE15_MATCHED,B2_COMMON_NODE_EQUAL_DENSITY,1.0,A2_W0::2011->2012,9,0.4457392571012382,0.4457392571012382,0.0750182083029861,0.6016023306627822,0.3576110706482155,0.973450240633926,0.9229313102851228,0.8714115197941993,0.3615864576403913
S0_FULL,0,L0_STAGE15_MATCHED,B2_COMMON_NODE_EQUAL_DENSITY,1.0,A2_W0::2012->2013,10,0.4491587417702999,0.4491587417702999,0.0431602048280907,0.6371616678858815,0.3204096561814191,0.980091810921122,0.9210266588450512,0.7966029614272289,0.3499397228356301
S0_FULL,0,L0_STAGE15_MATCHED,B2_COMMON_NODE_EQUAL_DENSITY,1.0,A2_W0::2013->2014,11,0.450190114068441,0.450190114068441,0.067680608365019,0.5551330798479087,0.3961977186311787,0.9788233339968756,0.931025838710692,0.8148141580944026,0.2694070524912189
S0_FULL,0,L0_STAGE15_MATCHED,B2_COMMON_NODE_EQUAL_DENSITY,1.0,A2_W0::2014->2015,12,0.4564285714285714,0.4564285714285714,0.0142857142857142,0.6821428571428572,0.28,0.989620912107594,0.9115212696544626,0.8690880464519464,0.4343065635168768
S0_FULL,0,L0_STAGE15_MATCHED,B2_COMMON_NODE_EQUAL_DENSITY,1.0,A2_W0::2015->2016,13,0.4403730846102598,0.4403730846102598,0.0926049300466355,0.5089940039973351,0.3790806129247168,0.95072343518,0.961420760892588,0.8836772497055383,0.378861886298027
S0_FULL,0,L0_STAGE15_MATCHED,B2_COMMON_NODE_EQUAL_DENSITY,1.0,A2_W0::2016->2017,14,0.3905349794238683,0.3905349794238683,0.1362139917695473,0.4102880658436214,0.3925925925925926,0.9397001990302832,0.898375460358958,0.7639880036227177,0.2449559550545042
S0_FULL,0,L0_STAGE15_MATCHED,B2_COMMON_NODE_EQUAL_DENSITY,1.0,A2_W0::2017->2018,15,0.4488599348534202,0.4488599348534202,0.0918566775244299,0.511400651465798,0.3156351791530944,0.9889205044665188,0.951582111741229,0.8772963456356815,0.456811219625366
S0_FULL,0,L0_STAGE15_MATCHED,B2_COMMON_NODE_EQUAL_DENSITY,1.0,A2_W0::2018->2019,16,0.4413746630727763,0.4413746630727763,0.0643530997304582,0.501010781671159,0.3470350404312669,0.988673176629392,0.930452647056355,0.8172998373954845,0.2758359207452922
S0_FULL,0,L0_STAGE15_MATCHED,B2_COMMON_NODE_EQUAL_DENSITY,1.0,A2_W0::2019->2020,17,0.4196554645580344,0.4196554645580344,0.1248234961875176,0.4272804292572719,0.4080768144591923,0.9691529380629376,0.9266496427907424,0.8038486581740082,0.3421402266006901
S0_FULL,0,L0_STAGE15_MATCHED,B2_COMMON_NODE_EQUAL_DENSITY,1.0,A2_W0::2020->2021,18,0.4148584038249356,0.4148584038249356,0.0875321809488782,0.460463405663847,0.3670467083486576,0.9633643301252844,0.9185290802558012,0.7883162168145531,0.2917493073076967
S0_FULL,0,L0_STAGE15_MATCHED,B2_COMMON_NODE_EQUAL_DENSITY,1.0,A2_W0::2021->2022,19,0.453697056712132,0.453697056712132,0.0272792534099066,0.5477386934673367,0.3359655419956927,0.9774765686555652,0.954138408102365,0.8732761692383196,0.336618281365931
S0_FULL,0,L0_STAGE15_MATCHED,B2_COMMON_NODE_EQUAL_DENSITY,1.0,A2_W0::2022->2023,20,0.471578947368421,0.471578947368421,0.0221052631578947,0.8821052631578947,0.1157894736842105,0.9787731758785588,0.9504092379574438,0.9999999999665236,0.3887772085067253
S0_FULL,0,L0_STAGE15_MATCHED,B2_COMMON_NODE_EQUAL_DENSITY,0.75,A2_W0::2002->2003,0,0.5,0.5,0.0,0.7,0.3,0.9999999999554762,0.9999999999609878,0.0,0.0
S0_FULL,0,L0_STAGE15_MATCHED,B2_COMMON_NODE_EQUAL_DENSITY,0.75,A2_W0::2003->2004,1,0.5,0.5,0.0,0.8571428571428571,0.1428571428571428,0.9999999999434586,0.9999999999713092,0.0,0.0
S0_FULL,0,L0_STAGE15_MATCHED,B2_COMMON_NODE_EQUAL_DENSITY,0.75,A2_W0::2004->2005,2,0.4210526315789473,0.4210526315789473,0.0,0.8947368421052632,0.1052631578947368,0.9441200164682416,0.7215424551905394,0.0,0.2545658554803598
S0_FULL,0,L0_STAGE15_MATCHED,B2_COMMON_NODE_EQUAL_DENSITY,0.75,A2_W0::2005->2006,3,0.5,0.5,0.0,0.8333333333333334,0.1666666666666666,0.7745966692488585,0.8164965810050914,0.0,0.0
S0_FULL,0,L0_STAGE15_MATCHED,B2_COMMON_NODE_EQUAL_DENSITY,0.75,A2_W0::2006->2007,4,0.5,0.5,0.0,0.7894736842105263,0.1842105263157894,0.7071067811097499,0.9258200996251544,0.9999999999060676,0.0
S0_FULL,0,L0_STAGE15_MATCHED,B2_COMMON_NODE_EQUAL_DENSITY,0.75,A2_W0::2007->2008,5,0.4512195121951219,0.4512195121951219,0.0548780487804878,0.8536585365853658,0.1341463414634146,0.953147503321623,0.966109620945502,0.8190631390431581,0.2579296611161372
S0_FULL,0,L0_STAGE15_MATCHED,B2_COMMON_NODE_EQUAL_DENSITY,0.75,A2_W0::2008->2009,6,0.4913494809688581,0.4913494809688581,0.0034602076124567,0.8650519031141869,0.1245674740484429,0.996259129913577,0.9777844009354432,0.8204304975670823,0.3378243016742437
S0_FULL,0,L0_STAGE15_MATCHED,B2_COMMON_NODE_EQUAL_DENSITY,0.75,A2_W0::2009->2010,7,0.4615384615384615,0.4615384615384615,0.0242914979757085,0.8097165991902834,0.1619433198380566,0.9657604714643304,0.9747010617218408,0.932294970136466,0.3716649262941434
S0_FULL,0,L0_STAGE15_MATCHED,B2_COMMON_NODE_EQUAL_DENSITY,0.75,A2_W0::2010->2011,8,0.4590643274853801,0.4590643274853801,0.0204678362573099,0.5935672514619883,0.3216374269005848,0.968438426211486,0.9542011329354968,0.9532101265111432,0.3214293591733055
S0_FULL,0,L0_STAGE15_MATCHED,B2_COMMON_NODE_EQUAL_DENSITY,0.75,A2_W0::2011->2012,9,0.4488416988416988,0.4488416988416988,0.0656370656370656,0.5482625482625483,0.3996138996138996,0.9718524912515986,0.93884651871165,0.8828084576400037,0.3565103734763673
S0_FULL,0,L0_STAGE15_MATCHED,B2_COMMON_NODE_EQUAL_DENSITY,0.75,A2_W0::2012->2013,10,0.4509232264334305,0.4509232264334305,0.0417881438289601,0.577259475218659,0.3663751214771623,0.9794040025670192,0.9315317693435944,0.8442062404909426,0.3187522388107893
S0_FULL,0,L0_STAGE15_MATCHED,B2_COMMON_NODE_EQUAL_DENSITY,0.75,A2_W0::2013->2014,11,0.4623015873015873,0.4623015873015873,0.0486111111111111,0.4990079365079365,0.4404761904761904,0.984117054366098,0.9563373403285222,0.8413712276681453,0.2407471531638772
S0_FULL,0,L0_STAGE15_MATCHED,B2_COMMON_NODE_EQUAL_DENSITY,0.75,A2_W0::2014->2015,12,0.4628410159924741,0.4628410159924741,0.0122295390404515,0.6237064910630291,0.3264346190028222,0.9925921505478652,0.9349939821165734,0.8931935872127638,0.4335439683117313
S0_FULL,0,L0_STAGE15_MATCHED,B2_COMMON_NODE_EQUAL_DENSITY,0.75,A2_W0::2015->2016,13,0.4573643410852713,0.4573643410852713,0.0723514211886304,0.4961240310077519,0.3712316968130921,0.9760734842051804,0.967478744822456,0.9024943562434252,0.397229214465573
S0_FULL,0,L0_STAGE15_MATCHED,B2_COMMON_NODE_EQUAL_DENSITY,0.75,A2_W0::2016->2017,14,0.4204486176317162,0.4204486176317162,0.090245174752217,0.3974960876369327,0.378716744913928,0.9774851974478388,0.916364590251692,0.8277348108160416,0.2537621953848323
S0_FULL,0,L0_STAGE15_MATCHED,B2_COMMON_NODE_EQUAL_DENSITY,0.75,A2_W0::2017->2018,15,0.44874022589053,0.44874022589053,0.0929626411815812,0.4839270199826238,0.317984361424848,0.9893696232696372,0.9558124246231158,0.8836656554214795,0.4568429604182715
S0_FULL,0,L0_STAGE15_MATCHED,B2_COMMON_NODE_EQUAL_DENSITY,0.75,A2_W0::2018->2019,16,0.4562554680664917,0.4562554680664917,0.0507436570428696,0.4676290463692038,0.3569553805774278,0.9972332571559732,0.959272931995008,0.8409598204646287,0.2405450937101711
S0_FULL,0,L0_STAGE15_MATCHED,B2_COMMON_NODE_EQUAL_DENSITY,0.75,A2_W0::2019->2020,17,0.4355311355311355,0.4355311355311355,0.1058608058608058,0.3523809523809524,0.445054945054945,0.984934450563481,0.9521853886629216,0.831762397119036,0.3345696236202328
S0_FULL,0,L0_STAGE15_MATCHED,B2_COMMON_NODE_EQUAL_DENSITY,0.75,A2_W0::2020->2021,18,0.4335232668566002,0.4335232668566002,0.0698005698005698,0.4040835707502374,0.3884140550807217,0.9841397425587464,0.947566885557971,0.8129930932803526,0.277274689928467
S0_FULL,0,L0_STAGE15_MATCHED,B2_COMMON_NODE_EQUAL_DENSITY,0.75,A2_W0::2021->2022,19,0.4663551401869159,0.4663551401869159,0.022429906542056,0.5037383177570094,0.3579439252336449,0.9907347536634118,0.961904197973082,0.908994987613655,0.3274699768784328
S0_FULL,0,L0_STAGE15_MATCHED,B2_COMMON_NODE_EQUAL_DENSITY,0.75,A2_W0::2022->2023,20,0.4785615491009682,0.4785615491009682,0.0124481327800829,0.8506224066390041,0.1466113416320885,0.986358532988557,0.9578401497727604,0.9999999999665236,0.424490690751035
S0_FULL,0,L0_STAGE15_MATCHED,B2_COMMON_NODE_EQUAL_DENSITY,0.5,A2_W0::2002->2003,0,0.5,0.5,0.0,0.6666666666666666,0.3333333333333333,0.9999999999627563,0.9999999999627168,0.0,0.0
S0_FULL,0,L0_STAGE15_MATCHED,B2_COMMON_NODE_EQUAL_DENSITY,0.5,A2_W0::2003->2004,1,0.5,0.5,0.0,0.75,0.25,0.9999999999712516,0.9999999999713092,0.0,0.0
S0_FULL,0,L0_STAGE15_MATCHED,B2_COMMON_NODE_EQUAL_DENSITY,0.5,A2_W0::2004->2005,2,0.4615384615384615,0.4615384615384615,0.0,0.8461538461538461,0.1538461538461538,0.9583607040258988,0.999999999923877,0.0,0.3209480176021151
S0_FULL,0,L0_STAGE15_MATCHED,B2_COMMON_NODE_EQUAL_DENSITY,0.5,A2_W0::2005->2006,3,0.5,0.5,0.0,0.75,0.25,0.8164965809577973,0.8164965810050914,0.0,0.0
S0_FULL,0,L0_STAGE15_MATCHED,B2_COMMON_NODE_EQUAL_DENSITY,0.5,A2_W0::2006->2007,4,0.5,0.5,0.0,0.7692307692307693,0.1923076923076923,0.7416198486564511,0.8944271909359286,0.9999999999060676,0.0
S0_FULL,0,L0_STAGE15_MATCHED,B2_COMMON_NODE_EQUAL_DENSITY,0.5,A2_W0::2007->2008,5,0.4871794871794871,0.4871794871794871,0.0,0.8205128205128205,0.1623931623931624,0.9948824814787248,0.9840071530553972,0.8190631390431581,0.5029284106321251
S0_FULL,0,L0_STAGE15_MATCHED,B2_COMMON_NODE_EQUAL_DENSITY,0.5,A2_W0::2008->2009,6,0.4922279792746113,0.4922279792746113,0.0,0.8549222797927462,0.1347150259067357,0.9943265226554526,0.9835359529138884,0.9999999997111008,0.3076691229799911
S0_FULL,0,L0_STAGE15_MATCHED,B2_COMMON_NODE_EQUAL_DENSITY,0.5,A2_W0::2009->2010,7,0.4702380952380952,0.4702380952380952,0.0059523809523809,0.8095238095238095,0.1666666666666666,0.9717979014637246,0.9841017370270444,0.8780970022387652,0.2526241842065296
S0_FULL,0,L0_STAGE15_MATCHED,B2_COMMON_NODE_EQUAL_DENSITY,0.5,A2_W0::2010->2011,8,0.4581497797356828,0.4581497797356828,0.0176211453744493,0.6167400881057269,0.2951541850220264,0.9612709786282094,0.9620657248317896,0.9575493944830118,0.3006224193934334
S0_FULL,0,L0_STAGE15_MATCHED,B2_COMMON_NODE_EQUAL_DENSITY,0.5,A2_W0::2011->2012,9,0.4555873925501432,0.4555873925501432,0.0587392550143266,0.5229226361031518,0.4097421203438395,0.9760980271430516,0.945547413348788,0.9205218028929824,0.3428335276008472
S0_FULL,0,L0_STAGE15_MATCHED,B2_COMMON_NODE_EQUAL_DENSITY,0.5,A2_W0::2012->2013,10,0.447870778267254,0.447870778267254,0.0411160058737151,0.5051395007342144,0.4199706314243759,0.9739893880247305,0.9346774349898912,0.8757744535026958,0.2734578871501766
S0_FULL,0,L0_STAGE15_MATCHED,B2_COMMON_NODE_EQUAL_DENSITY,0.5,A2_W0::2013->2014,11,0.4698972099853157,0.4698972099853157,0.0381791483113069,0.4258443465491923,0.4948604992657856,0.9868356359307592,0.970905256692986,0.8763357973611332,0.19508725449729
S0_FULL,0,L0_STAGE15_MATCHED,B2_COMMON_NODE_EQUAL_DENSITY,0.5,A2_W0::2014->2015,12,0.4829931972789115,0.4829931972789115,0.0095238095238095,0.6095238095238096,0.3265306122448979,0.9939737869830424,0.9786390351887532,0.9244321852516708,0.324841404922656
S0_FULL,0,L0_STAGE15_MATCHED,B2_COMMON_NODE_EQUAL_DENSITY,0.5,A2_W0::2015->2016,13,0.4690265486725664,0.4690265486725664,0.0480404551201011,0.5195954487989887,0.3173198482932996,0.9813881652402542,0.975963251961815,0.9374747222465606,0.3584207724324401
S0_FULL,0,L0_STAGE15_MATCHED,B2_COMMON_NODE_EQUAL_DENSITY,0.5,A2_W0::2016->2017,14,0.4122319301032565,0.4122319301032565,0.0984908657664813,0.2915011914217633,0.4082605242255758,0.9770898961369304,0.917932745413238,0.8420739693491001,0.2472359642903824
S0_FULL,0,L0_STAGE15_MATCHED,B2_COMMON_NODE_EQUAL_DENSITY,0.5,A2_W0::2017->2018,15,0.4485006518904824,0.4485006518904824,0.0938722294654498,0.4100391134289439,0.3318122555410691,0.9891829776145836,0.9648745683930752,0.8964021887814708,0.4467654754756485
S0_FULL,0,L0_STAGE15_MATCHED,B2_COMMON_NODE_EQUAL_DENSITY,0.5,A2_W0::2018->2019,16,0.464470284237726,0.464470284237726,0.0400516795865633,0.4263565891472868,0.3649870801033592,0.998532671926702,0.982889824240325,0.8613142958926897,0.2239518287374731
S0_FULL,0,L0_STAGE15_MATCHED,B2_COMMON_NODE_EQUAL_DENSITY,0.5,A2_W0::2019->2020,17,0.4513888888888889,0.4513888888888889,0.0758547008547008,0.2761752136752137,0.4700854700854701,0.992456533139359,0.975552536734125,0.8689678847502408,0.2909142426329015
S0_FULL,0,L0_STAGE15_MATCHED,B2_COMMON_NODE_EQUAL_DENSITY,0.5,A2_W0::2020->2021,18,0.4524793388429752,0.4524793388429752,0.0516528925619834,0.3340220385674931,0.4084022038567493,0.9981830825039508,0.9791703943148792,0.851550731386264,0.2552977776971655
S0_FULL,0,L0_STAGE15_MATCHED,B2_COMMON_NODE_EQUAL_DENSITY,0.5,A2_W0::2021->2022,19,0.4765840220385675,0.4765840220385675,0.0165289256198347,0.4738292011019284,0.359504132231405,0.9920090069343004,0.985942837683056,0.9224350237346272,0.3065534387854931
S0_FULL,0,L0_STAGE15_MATCHED,B2_COMMON_NODE_EQUAL_DENSITY,0.5,A2_W0::2022->2023,20,0.485655737704918,0.485655737704918,0.0040983606557377,0.8012295081967213,0.1946721311475409,0.9901780967830895,0.9799046817345723,0.9999999999665236,0.4290557849830733
S0_FULL,0,L1_EXTENDED,B0_REFERENCE,1.0,A2_W0::2002->2003,0,0.8009049773755657,0.1809954751131221,0.0090497737556561,0.9773755656108596,0.0226244343891402,0.7121870161341038,0.9529392705122244,0.0,0.8800422074299139
S0_FULL,0,L1_EXTENDED,B0_REFERENCE,1.0,A2_W0::2003->2004,1,0.3465703971119133,0.5379061371841155,0.0830324909747292,0.9783393501805054,0.0216606498194945,0.8063608952783489,0.7588460683631624,0.0,0.7429698103746356
S0_FULL,0,L1_EXTENDED,B0_REFERENCE,1.0,A2_W0::2004->2005,2,0.954561590344338,0.0319488817891373,0.0021299254526091,0.997515086971956,0.002484913028044,0.9824041963466168,0.5171204473416329,0.0,0.3924784262632178
S0_FULL,0,L1_EXTENDED,B0_REFERENCE,1.0,A2_W0::2005->2006,3,0.0058330295297119,0.989792198323004,0.0003645643456069,0.996718920889537,0.0032810791104629,0.9857900800463726,0.8164966041514354,0.0,0.8089199186970185
S0_FULL,0,L1_EXTENDED,B0_REFERENCE,1.0,A2_W0::2006->2007,4,0.9628647214854112,0.0185676392572944,0.0092838196286472,0.9774535809018567,0.019893899204244,0.7476784508249439,0.9660917932132984,0.9999999996422057,0.7071067959789246
S0_FULL,0,L1_EXTENDED,B0_REFERENCE,1.0,A2_W0::2007->2008,5,0.6953478797859202,0.2317826265953067,0.0312885961300946,0.9790037052284892,0.0197612186084808,0.6710717360565245,0.845447930667299,0.6625772897900729,0.666081437309269
S0_FULL,0,L1_EXTENDED,B0_REFERENCE,1.0,A2_W0::2008->2009,6,0.6835142469470827,0.2164179104477611,0.0620759837177747,0.9184192672998645,0.0809023066485753,0.781322502984358,0.9648372764119824,0.8662282569446337,0.861328451908903
S0_FULL,0,L1_EXTENDED,B0_REFERENCE,1.0,A2_W0::2009->2010,7,0.1690647482014388,0.7287769784172662,0.0809352517985611,0.9176258992805756,0.0809352517985611,0.831889400313033,0.8753467857312566,0.8495666335920169,0.6835162951484667
S0_FULL,0,L1_EXTENDED,B0_REFERENCE,1.0,A2_W0::2010->2011,8,0.7370990237099023,0.1633542538354253,0.0317294281729428,0.8671548117154811,0.125697350069735,0.8829788903177984,0.9236316369801842,0.6793485160018294,0.7332384835459694
S0_FULL,0,L1_EXTENDED,B0_REFERENCE,1.0,A2_W0::2011->2012,9,0.457985091484075,0.3284391235599729,0.1713349898351027,0.8661621865823357,0.126722385362548,0.9767674348266328,0.8802922140119349,0.738302599108429,0.8448034236599168
S0_FULL,0,L1_EXTENDED,B0_REFERENCE,1.0,A2_W0::2012->2013,10,0.2128673550436854,0.2439767010855176,0.1278792692613185,0.8551760656605771,0.1367487423881387,0.7329771720234257,0.638258949201848,0.6975258650853923,0.3598032476900615
S0_FULL,0,L1_EXTENDED,B0_REFERENCE,1.0,A2_W0::2013->2014,11,0.5351619729773727,0.0921373921536708,0.1603451082532964,0.8954908025394758,0.098648868630962,0.9257607778382624,0.6799824930559724,0.6515620625550422,0.7484487311392151
S0_FULL,0,L1_EXTENDED,B0_REFERENCE,1.0,A2_W0::2014->2015,12,0.1235955056179775,0.49116052486839,0.0352007543018779,0.902412194547026,0.0923234069301485,0.8085927084163931,0.704505981713978,0.7867973624986954,0.7201550784386284
S0_FULL,0,L1_EXTENDED,B0_REFERENCE,1.0,A2_W0::2015->2016,13,0.5130094751090389,0.0912167243194465,0.3503534366070086,0.7815460971574673,0.2013836667167995,0.7076651238532139,0.7223816659036184,0.7420639791627687,0.567198964726961
S0_FULL,0,L1_EXTENDED,B0_REFERENCE,1.0,A2_W0::2016->2017,14,0.2915762940383375,0.1891083885339117,0.2268011020575649,0.7829884518436017,0.1835394806260624,0.751292162875078,0.6499481867770769,0.6447809895847478,0.4093182659004394
S0_FULL,0,L1_EXTENDED,B0_REFERENCE,1.0,A2_W0::2017->2018,15,0.2164382009742834,0.3978701710660473,0.2714399003058796,0.7743287640194857,0.1856802990823609,0.8399223259686214,0.8772592920692946,0.7303487607598267,0.5873602920624319
S0_FULL,0,L1_EXTENDED,B0_REFERENCE,1.0,A2_W0::2018->2019,16,0.4642407136737059,0.2226198276296557,0.0810947028879592,0.838516203820372,0.1285721485812207,0.6727657488972099,0.7388357316685307,0.7250012490119665,0.4563525469561246
S0_FULL,0,L1_EXTENDED,B0_REFERENCE,1.0,A2_W0::2019->2020,17,0.2906548933038999,0.2306383370125092,0.2960816777041942,0.8399558498896247,0.1287711552612215,0.6949114057203506,0.8011002612829375,0.7309593462430386,0.4794736950913145
S0_FULL,0,L1_EXTENDED,B0_REFERENCE,1.0,A2_W0::2020->2021,18,0.0698359744231303,0.7293855991103697,0.1060328051153739,0.842535446205171,0.1244370308590492,0.67249510966388,0.8232121474960378,0.73003091904675,0.4829272016739422
S0_FULL,0,L1_EXTENDED,B0_REFERENCE,1.0,A2_W0::2021->2022,19,0.5102636345341115,0.2621251760917689,0.0930770778828738,0.8616421815254578,0.1191386596900784,0.5970877004776362,0.8351285047004802,0.7999415810050431,0.7489508330493923
S0_FULL,0,L1_EXTENDED,B0_REFERENCE,1.0,A2_W0::2022->2023,20,0.1286834600760456,0.1461501901140684,0.6737167300380228,0.9834838403041825,0.0162785171102661,0.9682236822940008,0.8171017689195003,0.8591405434159278,0.9667821756233208
S0_FULL,0,L1_EXTENDED,B2_COMMON_NODE_EQUAL_DENSITY,1.0,A2_W0::2002->2003,0,0.5,0.5,0.0,0.7857142857142857,0.2142857142857142,0.9999999999242414,0.9999999999581952,0.0,0.0
S0_FULL,0,L1_EXTENDED,B2_COMMON_NODE_EQUAL_DENSITY,1.0,A2_W0::2003->2004,1,0.5,0.5,0.0,0.8888888888888888,0.1111111111111111,0.9999999999335542,0.9999999999708924,0.0,0.0
S0_FULL,0,L1_EXTENDED,B2_COMMON_NODE_EQUAL_DENSITY,1.0,A2_W0::2004->2005,2,0.3636363636363636,0.3636363636363636,0.0,0.8636363636363636,0.1363636363636363,0.8699355415379693,0.8219336710418125,0.0,0.2600301144774975
S0_FULL,0,L1_EXTENDED,B2_COMMON_NODE_EQUAL_DENSITY,1.0,A2_W0::2005->2006,3,0.4782608695652174,0.4782608695652174,0.0,0.782608695652174,0.217391304347826,0.7817359722499072,0.7745967132716964,0.0,0.9999999999712722
S0_FULL,0,L1_EXTENDED,B2_COMMON_NODE_EQUAL_DENSITY,1.0,A2_W0::2006->2007,4,0.48,0.48,0.04,0.76,0.22,0.7433919514127948,0.7977240546073586,0.9999999999002488,0.9999999998395906
S0_FULL,0,L1_EXTENDED,B2_COMMON_NODE_EQUAL_DENSITY,1.0,A2_W0::2007->2008,5,0.4366197183098591,0.4366197183098591,0.0704225352112676,0.863849765258216,0.1220657276995305,0.94894746927588,0.9348404169835168,0.6625772897900729,0.3717504635623033
S0_FULL,0,L1_EXTENDED,B2_COMMON_NODE_EQUAL_DENSITY,1.0,A2_W0::2008->2009,6,0.4802110817941952,0.4802110817941952,0.0131926121372031,0.8284960422163589,0.1609498680738786,0.9875276478590108,0.9671511431832578,0.8662282569446337,0.3895190045964985
S0_FULL,0,L1_EXTENDED,B2_COMMON_NODE_EQUAL_DENSITY,1.0,A2_W0::2009->2010,7,0.4622356495468278,0.4622356495468278,0.0332326283987915,0.797583081570997,0.1782477341389728,0.970160431950558,0.9731170274247138,0.8495666335920169,0.4061689198171741
S0_FULL,0,L1_EXTENDED,B2_COMMON_NODE_EQUAL_DENSITY,1.0,A2_W0::2010->2011,8,0.4642082429501085,0.4642082429501085,0.0238611713665943,0.5726681127982647,0.3405639913232104,0.970751111212126,0.9729218606636528,0.919805789037084,0.3131814625237994
S0_FULL,0,L1_EXTENDED,B2_COMMON_NODE_EQUAL_DENSITY,1.0,A2_W0::2011->2012,9,0.4493487698986975,0.4493487698986975,0.0658465991316932,0.5926193921852387,0.3661360347322721,0.9748037254070078,0.9315202560093044,0.8645778489180027,0.3578410307434104
S0_FULL,0,L1_EXTENDED,B2_COMMON_NODE_EQUAL_DENSITY,1.0,A2_W0::2012->2013,10,0.4519650655021834,0.4519650655021834,0.0378457059679767,0.6433770014556041,0.314410480349345,0.9808420929487356,0.9276381039954794,0.7859502323509705,0.3483976541568039
S0_FULL,0,L1_EXTENDED,B2_COMMON_NODE_EQUAL_DENSITY,1.0,A2_W0::2013->2014,11,0.448512585812357,0.448512585812357,0.0663615560640732,0.4508009153318077,0.4996186117467582,0.9773021086153508,0.9389646934959528,0.8153658618266488,0.2606657561729258
S0_FULL,0,L1_EXTENDED,B2_COMMON_NODE_EQUAL_DENSITY,1.0,A2_W0::2014->2015,12,0.424357034795764,0.424357034795764,0.0226928895612708,0.5158850226928896,0.4409984871406959,0.9771205989721028,0.8926424659699835,0.8325997957602248,0.4074539523927633
S0_FULL,0,L1_EXTENDED,B2_COMMON_NODE_EQUAL_DENSITY,1.0,A2_W0::2015->2016,13,0.4392523364485981,0.4392523364485981,0.0927903871829105,0.5006675567423231,0.3878504672897196,0.9486404864057368,0.9586919588220716,0.8936845571652848,0.3802021449033449
S0_FULL,0,L1_EXTENDED,B2_COMMON_NODE_EQUAL_DENSITY,1.0,A2_W0::2016->2017,14,0.3824020016680567,0.3824020016680567,0.1392827356130108,0.3982485404503753,0.4003336113427856,0.935867601805465,0.8893905060098652,0.7500356446662969,0.2437996416426817
S0_FULL,0,L1_EXTENDED,B2_COMMON_NODE_EQUAL_DENSITY,1.0,A2_W0::2017->2018,15,0.4490394008466297,0.4490394008466297,0.0941061543471182,0.5109084988603061,0.3142298925431455,0.9881070105307548,0.951403347628093,0.8825706222308712,0.4580660114211379
S0_FULL,0,L1_EXTENDED,B2_COMMON_NODE_EQUAL_DENSITY,1.0,A2_W0::2018->2019,16,0.4443699731903485,0.4443699731903485,0.0586461126005361,0.5030160857908847,0.3458445040214477,0.9925134757134229,0.9316790256481364,0.8175315139662142,0.2679775514008997
S0_FULL,0,L1_EXTENDED,B2_COMMON_NODE_EQUAL_DENSITY,1.0,A2_W0::2019->2020,17,0.4191633691351046,0.4191633691351046,0.1235161107970604,0.43159977388355,0.4019219898247597,0.9666905895854428,0.9251510801222906,0.8112435780440461,0.3388945715398059
S0_FULL,0,L1_EXTENDED,B2_COMMON_NODE_EQUAL_DENSITY,1.0,A2_W0::2020->2021,18,0.4135643199410247,0.4135643199410247,0.0910431256911168,0.4566900110578695,0.3693328418724659,0.9630917347067908,0.9196406177429004,0.7812631008551819,0.2947842732490815
S0_FULL,0,L1_EXTENDED,B2_COMMON_NODE_EQUAL_DENSITY,1.0,A2_W0::2021->2022,19,0.4568165596002855,0.4568165596002855,0.0249821556031406,0.5574589578872234,0.3283369022127052,0.9809841950717736,0.9534243939468736,0.8838355713581952,0.3487224454471881
S0_FULL,0,L1_EXTENDED,B2_COMMON_NODE_EQUAL_DENSITY,1.0,A2_W0::2022->2023,20,0.4699049630411827,0.4699049630411827,0.0211193241816261,0.883843717001056,0.1140443505807814,0.9784344037648544,0.941684244145518,0.9999999999668931,0.398671815580488
S0_FULL,0,L1_EXTENDED,B2_COMMON_NODE_EQUAL_DENSITY,0.75,A2_W0::2002->2003,0,0.5,0.5,0.0,0.8,0.2,0.9999999999541144,0.9999999999708924,0.0,0.0
S0_FULL,0,L1_EXTENDED,B2_COMMON_NODE_EQUAL_DENSITY,0.75,A2_W0::2003->2004,1,0.5,0.5,0.0,0.8571428571428571,0.1428571428571428,0.9999999999412346,0.9999999999708924,0.0,0.0
S0_FULL,0,L1_EXTENDED,B2_COMMON_NODE_EQUAL_DENSITY,0.75,A2_W0::2004->2005,2,0.45,0.45,0.0,0.9,0.1,0.948460176287759,0.9999999999281886,0.0,0.3101456993668164
S0_FULL,0,L1_EXTENDED,B2_COMMON_NODE_EQUAL_DENSITY,0.75,A2_W0::2005->2006,3,0.4705882352941176,0.4705882352941176,0.0,0.7647058823529411,0.2352941176470588,0.8320503101439396,0.7071068415081829,0.0,0.9999999999712722
S0_FULL,0,L1_EXTENDED,B2_COMMON_NODE_EQUAL_DENSITY,0.75,A2_W0::2006->2007,4,0.4864864864864865,0.4864864864864865,0.027027027027027,0.7027027027027027,0.2702702702702703,0.7595545393646129,0.7745966912613119,0.9999999999002488,0.9999999999002488
S0_FULL,0,L1_EXTENDED,B2_COMMON_NODE_EQUAL_DENSITY,0.75,A2_W0::2007->2008,5,0.4409937888198758,0.4409937888198758,0.062111801242236,0.8385093167701864,0.1428571428571428,0.948172873527652,0.9583971933254398,0.6625772897900729,0.3088516902424126
S0_FULL,0,L1_EXTENDED,B2_COMMON_NODE_EQUAL_DENSITY,0.75,A2_W0::2008->2009,6,0.4895833333333333,0.4895833333333333,0.0034722222222222,0.8541666666666666,0.1354166666666666,0.9961623352130046,0.9664330936012924,0.8167834420163254,0.3007273725875996
S0_FULL,0,L1_EXTENDED,B2_COMMON_NODE_EQUAL_DENSITY,0.75,A2_W0::2009->2010,7,0.4615384615384615,0.4615384615384615,0.0242914979757085,0.8097165991902834,0.1619433198380566,0.96509853471195,0.974826626733681,0.9299533572755536,0.3515534899323055
S0_FULL,0,L1_EXTENDED,B2_COMMON_NODE_EQUAL_DENSITY,0.75,A2_W0::2010->2011,8,0.4622093023255814,0.4622093023255814,0.0232558139534883,0.5523255813953488,0.3313953488372093,0.9661783920183954,0.9670480418265366,0.9587955792533036,0.32506965532127
S0_FULL,0,L1_EXTENDED,B2_COMMON_NODE_EQUAL_DENSITY,0.75,A2_W0::2011->2012,9,0.4551526717557252,0.4551526717557252,0.058206106870229,0.549618320610687,0.3988549618320611,0.9709817694131084,0.956928967314162,0.8718729471534721,0.3700611020281636
S0_FULL,0,L1_EXTENDED,B2_COMMON_NODE_EQUAL_DENSITY,0.75,A2_W0::2012->2013,10,0.4503891050583657,0.4503891050583657,0.036964980544747,0.5778210116731517,0.3667315175097276,0.9778802949423824,0.9328305084271472,0.8448307460866568,0.3246517954437618
S0_FULL,0,L1_EXTENDED,B2_COMMON_NODE_EQUAL_DENSITY,0.75,A2_W0::2013->2014,11,0.4525252525252525,0.4525252525252525,0.0575757575757575,0.3848484848484848,0.5494949494949495,0.987898698583926,0.94472726820682,0.8236455820237913,0.2409050937520841
S0_FULL,0,L1_EXTENDED,B2_COMMON_NODE_EQUAL_DENSITY,0.75,A2_W0::2014->2015,12,0.4340931615460852,0.4340931615460852,0.0237859266600594,0.4578790882061447,0.4866204162537165,0.9864100487284668,0.910650734607899,0.8433386427885323,0.3929391139760521
S0_FULL,0,L1_EXTENDED,B2_COMMON_NODE_EQUAL_DENSITY,0.75,A2_W0::2015->2016,13,0.4601542416452442,0.4601542416452442,0.0676949443016281,0.4875749785775493,0.3821765209940017,0.9783825852242494,0.9675904745469724,0.9138600836245172,0.4038227854040374
S0_FULL,0,L1_EXTENDED,B2_COMMON_NODE_EQUAL_DENSITY,0.75,A2_W0::2016->2017,14,0.4186289900575615,0.4186289900575615,0.0910518053375196,0.3950811093668236,0.3767660910518053,0.976051344563484,0.9120062267126052,0.8311506572052534,0.2492960374409764
S0_FULL,0,L1_EXTENDED,B2_COMMON_NODE_EQUAL_DENSITY,0.75,A2_W0::2017->2018,15,0.4527813712807244,0.4527813712807244,0.086244070720138,0.4864165588615782,0.3104786545924967,0.9895776253872532,0.958724302063122,0.8962405136927641,0.4519297334820465
S0_FULL,0,L1_EXTENDED,B2_COMMON_NODE_EQUAL_DENSITY,0.75,A2_W0::2018->2019,16,0.4569681083442551,0.4569681083442551,0.0489296636085626,0.4740061162079511,0.3521188291830494,0.9977447817936792,0.9602185162462334,0.8374096529560912,0.2293109673055349
S0_FULL,0,L1_EXTENDED,B2_COMMON_NODE_EQUAL_DENSITY,0.75,A2_W0::2019->2020,17,0.4330389992641648,0.4330389992641648,0.1066961000735835,0.3425312729948491,0.4499632082413539,0.9833785541847015,0.9501121237125036,0.8321227743491306,0.3350237959329906
S0_FULL,0,L1_EXTENDED,B2_COMMON_NODE_EQUAL_DENSITY,0.75,A2_W0::2020->2021,18,0.4343290659080133,0.4343290659080133,0.0734945471787577,0.4025604551920341,0.3930772878141299,0.984147957809472,0.9483223845624918,0.8139874164807088,0.2779439951379091
S0_FULL,0,L1_EXTENDED,B2_COMMON_NODE_EQUAL_DENSITY,0.75,A2_W0::2021->2022,19,0.4673507462686567,0.4673507462686567,0.0242537313432835,0.4990671641791044,0.3619402985074627,0.9915335803832056,0.964811550222943,0.90558814618342,0.3239680087953187
S0_FULL,0,L1_EXTENDED,B2_COMMON_NODE_EQUAL_DENSITY,0.75,A2_W0::2022->2023,20,0.48,0.48,0.0124137931034482,0.8593103448275862,0.1379310344827586,0.985855444190056,0.9768475315563452,0.9999999999668931,0.4886164983472893
S0_FULL,0,L1_EXTENDED,B2_COMMON_NODE_EQUAL_DENSITY,0.5,A2_W0::2002->2003,0,0.5,0.5,0.0,0.8333333333333334,0.1666666666666666,0.9999999999565574,0.9999999999859006,0.0,0.0
S0_FULL,0,L1_EXTENDED,B2_COMMON_NODE_EQUAL_DENSITY,0.5,A2_W0::2003->2004,1,0.5,0.5,0.0,0.75,0.25,0.9999999999704554,0.9999999999708924,0.0,0.0
S0_FULL,0,L1_EXTENDED,B2_COMMON_NODE_EQUAL_DENSITY,0.5,A2_W0::2004->2005,2,0.5,0.5,0.0,0.8571428571428571,0.1428571428571428,0.9999999999569318,0.9999999999281886,0.0,0.0
S0_FULL,0,L1_EXTENDED,B2_COMMON_NODE_EQUAL_DENSITY,0.5,A2_W0::2005->2006,3,0.4545454545454545,0.4545454545454545,0.0,0.6363636363636364,0.3636363636363636,0.9258201258860884,0.7071068415081829,0.0,0.9999999999712722
S0_FULL,0,L1_EXTENDED,B2_COMMON_NODE_EQUAL_DENSITY,0.5,A2_W0::2006->2007,4,0.5,0.5,0.0,0.7307692307692307,0.2307692307692307,0.7608859293907705,0.816496615659231,0.9999999999002548,0.0
S0_FULL,0,L1_EXTENDED,B2_COMMON_NODE_EQUAL_DENSITY,0.5,A2_W0::2007->2008,5,0.4827586206896552,0.4827586206896552,0.0,0.8362068965517241,0.1551724137931034,0.9846661364715364,0.9999999997795078,0.5380708477008808,0.2904987568185431
S0_FULL,0,L1_EXTENDED,B2_COMMON_NODE_EQUAL_DENSITY,0.5,A2_W0::2008->2009,6,0.4922279792746113,0.4922279792746113,0.0,0.8808290155440415,0.1088082901554404,0.9944418830666344,0.9788523408734048,0.9999999997297088,0.280880808015403
S0_FULL,0,L1_EXTENDED,B2_COMMON_NODE_EQUAL_DENSITY,0.5,A2_W0::2009->2010,7,0.4733727810650887,0.4733727810650887,0.0059171597633136,0.8106508875739645,0.165680473372781,0.9751980371339252,0.9841857893658952,0.8737409125218317,0.2269692806376787
S0_FULL,0,L1_EXTENDED,B2_COMMON_NODE_EQUAL_DENSITY,0.5,A2_W0::2010->2011,8,0.4557522123893805,0.4557522123893805,0.0265486725663716,0.6061946902654868,0.2876106194690265,0.9640500784990216,0.9507462085627688,0.9423424428959096,0.2639787562399185
S0_FULL,0,L1_EXTENDED,B2_COMMON_NODE_EQUAL_DENSITY,0.5,A2_W0::2011->2012,9,0.4555873925501432,0.4555873925501432,0.0558739255014326,0.5071633237822349,0.4197707736389685,0.9762106339842098,0.9562705727607184,0.8855790195163161,0.3870708641399329
S0_FULL,0,L1_EXTENDED,B2_COMMON_NODE_EQUAL_DENSITY,0.5,A2_W0::2012->2013,10,0.4518950437317784,0.4518950437317784,0.0349854227405247,0.5014577259475219,0.4183673469387755,0.978157466799788,0.9420130488075312,0.8650455508081213,0.2745158714452019
S0_FULL,0,L1_EXTENDED,B2_COMMON_NODE_EQUAL_DENSITY,0.5,A2_W0::2013->2014,11,0.462797619047619,0.462797619047619,0.0357142857142857,0.3407738095238095,0.5625,0.991492403670142,0.9642652915603896,0.8591935796731781,0.2267701702294145
S0_FULL,0,L1_EXTENDED,B2_COMMON_NODE_EQUAL_DENSITY,0.5,A2_W0::2014->2015,12,0.4655414908579465,0.4655414908579465,0.0267229254571026,0.4556962025316455,0.469760900140647,0.9942154975825614,0.9564806354106916,0.871737596177798,0.2892715797427836
S0_FULL,0,L1_EXTENDED,B2_COMMON_NODE_EQUAL_DENSITY,0.5,A2_W0::2015->2016,13,0.4696969696969697,0.4696969696969697,0.0479797979797979,0.5202020202020202,0.3131313131313131,0.9803500091560022,0.9758700247321184,0.947298892838779,0.3707241722542528
S0_FULL,0,L1_EXTENDED,B2_COMMON_NODE_EQUAL_DENSITY,0.5,A2_W0::2016->2017,14,0.4089456869009584,0.4089456869009584,0.103035143769968,0.2915335463258786,0.4089456869009584,0.9782203051273164,0.914586170043661,0.8324101287164527,0.2422979567372723
S0_FULL,0,L1_EXTENDED,B2_COMMON_NODE_EQUAL_DENSITY,0.5,A2_W0::2017->2018,15,0.4495770982433311,0.4495770982433311,0.0917371502927781,0.4183474300585556,0.3253090435914118,0.9874892336415134,0.9659244099165392,0.9008953643128148,0.449315525142301
S0_FULL,0,L1_EXTENDED,B2_COMMON_NODE_EQUAL_DENSITY,0.5,A2_W0::2018->2019,16,0.4627349319507453,0.4627349319507453,0.0434219053791315,0.4270900842514582,0.3635774465327284,0.9978004497157796,0.9800044649936112,0.8588826689653638,0.2119054315955235
S0_FULL,0,L1_EXTENDED,B2_COMMON_NODE_EQUAL_DENSITY,0.5,A2_W0::2019->2020,17,0.4528502930207778,0.4528502930207778,0.0740543420351625,0.2770378263185935,0.4720298348428343,0.9934182785731946,0.9775144510130926,0.8703691295724415,0.3060924266165069
S0_FULL,0,L1_EXTENDED,B2_COMMON_NODE_EQUAL_DENSITY,0.5,A2_W0::2020->2021,18,0.4521019986216402,0.4521019986216402,0.0544452101998621,0.3349414197105445,0.4093728463128877,0.9981740317519342,0.9791497662601112,0.8485608517797366,0.2524061253236159
S0_FULL,0,L1_EXTENDED,B2_COMMON_NODE_EQUAL_DENSITY,0.5,A2_W0::2021->2022,19,0.4744121715076071,0.4744121715076071,0.0193637621023513,0.4716459197786998,0.3609958506224066,0.9918256524377836,0.982457966972728,0.9181600789002916,0.3020839664727738
S0_FULL,0,L1_EXTENDED,B2_COMMON_NODE_EQUAL_DENSITY,0.5,A2_W0::2022->2023,20,0.4887983706720977,0.4887983706720977,0.0061099796334012,0.8105906313645621,0.185336048879837,0.9913744558345088,0.9901931953711652,0.9999999999668931,0.4658903063679867
S0_FULL,0,L2_HIGH,B0_REFERENCE,1.0,A2_W0::2002->2003,0,0.8505747126436781,0.0919540229885057,0.0229885057471264,0.971264367816092,0.028735632183908,0.8050781741450113,0.952827528767528,0.0,0.8412429616405357
S0_FULL,0,L2_HIGH,B0_REFERENCE,1.0,A2_W0::2003->2004,1,0.4785478547854785,0.4257425742574257,0.0693069306930693,0.9801980198019802,0.0198019801980198,0.7735425656142346,0.7849624081484636,0.0,0.7748703400668777
S0_FULL,0,L2_HIGH,B0_REFERENCE,1.0,A2_W0::2004->2005,2,0.942,0.045,0.0036666666666666,0.9976666666666668,0.0023333333333333,0.9522018066714844,0.539454097953639,0.0,0.500130307946335
S0_FULL,0,L2_HIGH,B0_REFERENCE,1.0,A2_W0::2005->2006,3,0.0201778385772913,0.9719562243502052,0.0034199726402188,0.9972640218878248,0.0027359781121751,0.9547061176968522,0.8660254146723718,0.0,0.7171305766534455
S0_FULL,0,L2_HIGH,B0_REFERENCE,1.0,A2_W0::2006->2007,4,0.8401559454191033,0.1091617933723196,0.0467836257309941,0.9649122807017544,0.0311890838206627,0.9123175078654135,0.9354143480879398,0.9999999996540084,0.8548504153509691
S0_FULL,0,L2_HIGH,B0_REFERENCE,1.0,A2_W0::2007->2008,5,0.7976085031000886,0.1355181576616475,0.0168290522586359,0.9774136403897254,0.0212577502214348,0.696554972875265,0.8337300934946327,0.6581586081527775,0.6635063554602311
S0_FULL,0,L2_HIGH,B0_REFERENCE,1.0,A2_W0::2008->2009,6,0.5903462749213012,0.2919202518363064,0.0694648478488982,0.9001049317943337,0.0990556138509968,0.8782047213831321,0.9710909384029957,0.8662181046282008,0.8559003416175158
S0_FULL,0,L2_HIGH,B0_REFERENCE,1.0,A2_W0::2009->2010,7,0.2500555679039786,0.6310291175816848,0.0906868192931762,0.8995332296065792,0.0986885974661035,0.9340820989665252,0.8797554077855582,0.8478058053285364,0.633102634120827
S0_FULL,0,L2_HIGH,B0_REFERENCE,1.0,A2_W0::2010->2011,8,0.6608784473953013,0.2126659856996935,0.0486210418794688,0.8429009193054137,0.1487231869254341,0.9695589326436652,0.918951004796856,0.6779940240516668,0.7554277608467701
S0_FULL,0,L2_HIGH,B0_REFERENCE,1.0,A2_W0::2011->2012,9,0.7084058409623969,0.1150790648407354,0.0466066429598244,0.9107967012181282,0.0844367102973443,0.7799418703358484,0.8852079468003765,0.7417030365763202,0.8825049625759265
S0_FULL,0,L2_HIGH,B0_REFERENCE,1.0,A2_W0::2012->2013,10,0.101344602381867,0.5544371878601614,0.091817134076066,0.9160968113714943,0.079216288897426,0.5391817556351338,0.6374421662533002,0.6991395689543316,0.4551206151251998
S0_FULL,0,L2_HIGH,B0_REFERENCE,1.0,A2_W0::2013->2014,11,0.5265349444807316,0.2589810581319399,0.1609242325277596,0.8953298497713913,0.098791639451339,0.9274835207930568,0.6792630110709834,0.651637325537855,0.4803327384734412
S0_FULL,0,L2_HIGH,B0_REFERENCE,1.0,A2_W0::2014->2015,12,0.1424792139077853,0.4362244897959184,0.0384542705971277,0.8831254724111867,0.1105442176870748,0.897521389520606,0.7055112724021768,0.7848987511129852,0.6892089931597221
S0_FULL,0,L2_HIGH,B0_REFERENCE,1.0,A2_W0::2015->2016,13,0.4250891222661143,0.1187975720204258,0.4038924751902881,0.7229983620772714,0.2551305520763079,0.83322485346261,0.7245359121838308,0.7417399559192327,0.4943104085818652
S0_FULL,0,L2_HIGH,B0_REFERENCE,1.0,A2_W0::2016->2017,14,0.4534807290110547,0.1012847325963549,0.2078876605915745,0.7790259934269496,0.1867941440095608,0.7597500232761851,0.6495994640787054,0.645173970188104,0.5523732663760399
S0_FULL,0,L2_HIGH,B0_REFERENCE,1.0,A2_W0::2017->2018,15,0.1927432773334764,0.4352960120229724,0.2614996511191025,0.7856261070259245,0.1764800601148623,0.8121152945516761,0.8766887892696447,0.7310244264770125,0.5956728070698377
S0_FULL,0,L2_HIGH,B0_REFERENCE,1.0,A2_W0::2018->2019,16,0.3538659952097279,0.4187803230362955,0.0977706810784253,0.7650924276853159,0.1945587422465147,0.7774761179233738,0.6631403962315762,0.7220737032832198,0.5166525179545329
S0_FULL,0,L2_HIGH,B0_REFERENCE,1.0,A2_W0::2019->2020,17,0.5398901259176431,0.183382760464777,0.1551363702659341,0.8315426126695513,0.1353006952209635,0.7180107269107993,0.8041268110024837,0.7328461149449342,0.5775439563927083
S0_FULL,0,L2_HIGH,B0_REFERENCE,1.0,A2_W0::2020->2021,18,0.2043484439391786,0.4428496992089432,0.1897115247974989,0.8597887357301881,0.1119321680640424,0.6145260494159958,0.8032914396373463,0.7298623894181578,0.5697102892207122
S0_FULL,0,L2_HIGH,B0_REFERENCE,1.0,A2_W0::2021->2022,19,0.0328098018255077,0.8594687936847298,0.0766384343392813,0.8974590905353178,0.0869171943096784,0.5288750020426047,0.8838983316386241,0.8049290218113394,0.5001170712604273
S0_FULL,0,L2_HIGH,B0_REFERENCE,1.0,A2_W0::2022->2023,20,0.7942451240067421,0.1508548037563207,0.0058993498675656,0.9832651095593546,0.0164941006501324,0.9747100419962014,0.8153938842159822,0.8571841999917497,0.5824435311336669
S0_FULL,0,L2_HIGH,B2_COMMON_NODE_EQUAL_DENSITY,1.0,A2_W0::2002->2003,0,0.5,0.5,0.0,0.7857142857142857,0.2142857142857142,0.9999999999235992,0.9999999999589668,0.0,0.0
S0_FULL,0,L2_HIGH,B2_COMMON_NODE_EQUAL_DENSITY,1.0,A2_W0::2003->2004,1,0.5,0.5,0.0,0.8888888888888888,0.1111111111111111,0.9999999999331712,0.9999999999705832,0.0,0.0
S0_FULL,0,L2_HIGH,B2_COMMON_NODE_EQUAL_DENSITY,1.0,A2_W0::2004->2005,2,0.4166666666666667,0.4166666666666667,0.0,0.9166666666666666,0.0833333333333333,0.9339224361392244,0.7155156015830059,0.0,0.2305264205752795
S0_FULL,0,L2_HIGH,B2_COMMON_NODE_EQUAL_DENSITY,1.0,A2_W0::2005->2006,3,0.4285714285714285,0.4285714285714285,0.0,0.7619047619047619,0.238095238095238,0.8291562533339542,0.7745966888252234,0.0,0.9999999999324012
S0_FULL,0,L2_HIGH,B2_COMMON_NODE_EQUAL_DENSITY,1.0,A2_W0::2006->2007,4,0.3809523809523809,0.3809523809523809,0.238095238095238,0.8095238095238095,0.1666666666666666,0.7859053352917234,0.9999999997573588,0.9999999998978748,0.9999999996505252
S0_FULL,0,L2_HIGH,B2_COMMON_NODE_EQUAL_DENSITY,1.0,A2_W0::2007->2008,5,0.4366197183098591,0.4366197183098591,0.0704225352112676,0.8685446009389671,0.1173708920187793,0.9491737985229732,0.9324215356637174,0.6581586081527775,0.3705342936483354
S0_FULL,0,L2_HIGH,B2_COMMON_NODE_EQUAL_DENSITY,1.0,A2_W0::2008->2009,6,0.4829396325459317,0.4829396325459317,0.0078740157480314,0.8293963254593176,0.1601049868766404,0.99024840558845,0.9668530451901344,0.8662181046282008,0.3814416916080265
S0_FULL,0,L2_HIGH,B2_COMMON_NODE_EQUAL_DENSITY,1.0,A2_W0::2009->2010,7,0.4606060606060606,0.4606060606060606,0.0363636363636363,0.7878787878787878,0.1878787878787878,0.9697405916269044,0.9675638185220472,0.8478058053285364,0.406510179926897
S0_FULL,0,L2_HIGH,B2_COMMON_NODE_EQUAL_DENSITY,1.0,A2_W0::2010->2011,8,0.4618736383442265,0.4618736383442265,0.0305010893246187,0.5577342047930284,0.355119825708061,0.9677720350742508,0.9720487400145172,0.9194968408588412,0.3206862736402986
S0_FULL,0,L2_HIGH,B2_COMMON_NODE_EQUAL_DENSITY,1.0,A2_W0::2011->2012,9,0.4505415162454874,0.4505415162454874,0.0649819494584837,0.5949458483754513,0.3631768953068592,0.9750876894319276,0.934880301222788,0.8674068648699094,0.3696258781460219
S0_FULL,0,L2_HIGH,B2_COMMON_NODE_EQUAL_DENSITY,1.0,A2_W0::2012->2013,10,0.4515659140568099,0.4515659140568099,0.0393299344501092,0.6467589220684632,0.3109978150036416,0.9805854138513592,0.9268413581727036,0.7858943236284001,0.3520599336158389
S0_FULL,0,L2_HIGH,B2_COMMON_NODE_EQUAL_DENSITY,1.0,A2_W0::2013->2014,11,0.4472477064220183,0.4472477064220183,0.0642201834862385,0.4487767584097859,0.5007645259938838,0.9770055611286248,0.9371645865203696,0.8100519100665727,0.253879908689867
S0_FULL,0,L2_HIGH,B2_COMMON_NODE_EQUAL_DENSITY,1.0,A2_W0::2014->2015,12,0.4199695121951219,0.4199695121951219,0.0182926829268292,0.5152439024390244,0.4405487804878049,0.9718618622708892,0.8894023874189478,0.83574891639118,0.4036927579768444
S0_FULL,0,L2_HIGH,B2_COMMON_NODE_EQUAL_DENSITY,1.0,A2_W0::2015->2016,13,0.4392523364485981,0.4392523364485981,0.0854472630173564,0.5033377837116155,0.3858477970627503,0.947259381984228,0.9602316119759828,0.8947076474581447,0.3807858801153473
S0_FULL,0,L2_HIGH,B2_COMMON_NODE_EQUAL_DENSITY,1.0,A2_W0::2016->2017,14,0.383173677634319,0.383173677634319,0.1382757184506455,0.4014993752603082,0.3973344439816743,0.9364811716127144,0.8896902558342087,0.7507377321808849,0.2417437195102934
S0_FULL,0,L2_HIGH,B2_COMMON_NODE_EQUAL_DENSITY,1.0,A2_W0::2017->2018,15,0.4495770982433311,0.4495770982433311,0.0930383864671437,0.5084580351333767,0.3148991541964867,0.988127213755348,0.9522699959233224,0.8848902769283412,0.4582283137298948
S0_FULL,0,L2_HIGH,B2_COMMON_NODE_EQUAL_DENSITY,1.0,A2_W0::2018->2019,16,0.443063486731609,0.443063486731609,0.0584481021162243,0.4984884111521666,0.3493449781659388,0.9916125924173658,0.9309050378250798,0.8172228630974903,0.2715390054035623
S0_FULL,0,L2_HIGH,B2_COMMON_NODE_EQUAL_DENSITY,1.0,A2_W0::2019->2020,17,0.4193274936422718,0.4193274936422718,0.1246114721672788,0.4337383441650184,0.3998304605820853,0.965894741269904,0.9258875291933204,0.8104317842005735,0.3347141134332322
S0_FULL,0,L2_HIGH,B2_COMMON_NODE_EQUAL_DENSITY,1.0,A2_W0::2020->2021,18,0.4135643199410247,0.4135643199410247,0.0910431256911168,0.4563214154072982,0.3689642462218945,0.963439082816142,0.92010032540738,0.7796250550491831,0.2944606434419113
S0_FULL,0,L2_HIGH,B2_COMMON_NODE_EQUAL_DENSITY,1.0,A2_W0::2021->2022,19,0.4575908766928011,0.4575908766928011,0.0256593014967925,0.556664290805417,0.3292943692088382,0.9796192104851608,0.955195218899643,0.8854316426684671,0.3235273032308455
S0_FULL,0,L2_HIGH,B2_COMMON_NODE_EQUAL_DENSITY,1.0,A2_W0::2022->2023,20,0.4710221285563751,0.4710221285563751,0.0189673340358271,0.8851422550052687,0.1127502634351949,0.9798451577279804,0.9430462426505176,0.9999999999669577,0.4186572331540295
S0_FULL,0,L2_HIGH,B2_COMMON_NODE_EQUAL_DENSITY,0.75,A2_W0::2002->2003,0,0.5,0.5,0.0,0.7,0.3,0.999999999956604,0.9999999999589668,0.0,0.0
S0_FULL,0,L2_HIGH,B2_COMMON_NODE_EQUAL_DENSITY,0.75,A2_W0::2003->2004,1,0.5,0.5,0.0,0.8571428571428571,0.1428571428571428,0.9999999999407164,0.9999999999705832,0.0,0.0
S0_FULL,0,L2_HIGH,B2_COMMON_NODE_EQUAL_DENSITY,0.75,A2_W0::2004->2005,2,0.45,0.45,0.0,0.9,0.1,0.9736146975491612,0.7155156015830059,0.0,0.208069196699513
S0_FULL,0,L2_HIGH,B2_COMMON_NODE_EQUAL_DENSITY,0.75,A2_W0::2005->2006,3,0.4705882352941176,0.4705882352941176,0.0,0.7647058823529411,0.2352941176470588,0.8320503592098744,0.7071069252399423,0.0,0.9999999999132716
S0_FULL,0,L2_HIGH,B2_COMMON_NODE_EQUAL_DENSITY,0.75,A2_W0::2006->2007,4,0.4411764705882353,0.4411764705882353,0.1176470588235294,0.7941176470588235,0.1764705882352941,0.7453561255825678,0.9999999997862532,0.9999999998978748,0.9999999997010134
S0_FULL,0,L2_HIGH,B2_COMMON_NODE_EQUAL_DENSITY,0.75,A2_W0::2007->2008,5,0.4375,0.4375,0.06875,0.83125,0.15,0.9433201592623248,0.9602277473964784,0.6581586081527775,0.2982325376080766
S0_FULL,0,L2_HIGH,B2_COMMON_NODE_EQUAL_DENSITY,0.75,A2_W0::2008->2009,6,0.4878048780487805,0.4878048780487805,0.0069686411149825,0.8501742160278746,0.1358885017421602,0.9961649040649184,0.9567253778803876,0.8662181046282008,0.3445518420295864
S0_FULL,0,L2_HIGH,B2_COMMON_NODE_EQUAL_DENSITY,0.75,A2_W0::2009->2010,7,0.4637096774193548,0.4637096774193548,0.0241935483870967,0.8064516129032258,0.1612903225806451,0.9673504941104886,0.9743424189617942,0.9390284645287608,0.348115357602365
S0_FULL,0,L2_HIGH,B2_COMMON_NODE_EQUAL_DENSITY,0.75,A2_W0::2010->2011,8,0.4606413994169096,0.4606413994169096,0.0291545189504373,0.5539358600583091,0.3294460641399417,0.9660996648281464,0.966529606950962,0.945648367648239,0.3143801600415334
S0_FULL,0,L2_HIGH,B2_COMMON_NODE_EQUAL_DENSITY,0.75,A2_W0::2011->2012,9,0.4514889529298751,0.4514889529298751,0.063400576368876,0.5379442843419788,0.4082612872238232,0.97136872085186,0.9487712300112834,0.8724876584798987,0.3668447556282805
S0_FULL,0,L2_HIGH,B2_COMMON_NODE_EQUAL_DENSITY,0.75,A2_W0::2012->2013,10,0.4509232264334305,0.4509232264334305,0.0398445092322643,0.577259475218659,0.3673469387755102,0.9792858076624836,0.9331098450928538,0.8411864816817549,0.3315376110153182
S0_FULL,0,L2_HIGH,B2_COMMON_NODE_EQUAL_DENSITY,0.75,A2_W0::2013->2014,11,0.4508611955420466,0.4508611955420466,0.0547112462006079,0.3799392097264438,0.5552178318135765,0.9867139792393748,0.9431875039754822,0.8201645453748073,0.2414478226927103
S0_FULL,0,L2_HIGH,B2_COMMON_NODE_EQUAL_DENSITY,0.75,A2_W0::2014->2015,12,0.4278557114228457,0.4278557114228457,0.0210420841683366,0.4458917835671342,0.4989979959919839,0.9884695099527788,0.900974159860203,0.8346793241548898,0.4028428905120545
S0_FULL,0,L2_HIGH,B2_COMMON_NODE_EQUAL_DENSITY,0.75,A2_W0::2015->2016,13,0.4587628865979381,0.4587628865979381,0.0695876288659793,0.4802405498281787,0.3883161512027491,0.9758127917103444,0.9703542822132668,0.9064897511666888,0.4032029373521255
S0_FULL,0,L2_HIGH,B2_COMMON_NODE_EQUAL_DENSITY,0.75,A2_W0::2016->2017,14,0.4174095437860514,0.4174095437860514,0.0922915574200314,0.3980073413738856,0.3744100681699003,0.9748556551072576,0.9091782068528552,0.8314626478104409,0.2490872993926144
S0_FULL,0,L2_HIGH,B2_COMMON_NODE_EQUAL_DENSITY,0.75,A2_W0::2017->2018,15,0.4518358531317494,0.4518358531317494,0.0876889848812095,0.4872570194384449,0.3114470842332613,0.9892953006406248,0.9565677299564416,0.8959665639166698,0.4531629092612677
S0_FULL,0,L2_HIGH,B2_COMMON_NODE_EQUAL_DENSITY,0.75,A2_W0::2018->2019,16,0.4560175054704595,0.4560175054704595,0.049015317286652,0.4704595185995623,0.3536105032822757,0.9977197614631584,0.958991409604013,0.8372633090099574,0.2339151078466939
S0_FULL,0,L2_HIGH,B2_COMMON_NODE_EQUAL_DENSITY,0.75,A2_W0::2019->2020,17,0.4324125230202578,0.4324125230202578,0.1086556169429097,0.3421731123388582,0.4504604051565377,0.9822835520363014,0.9493636247317772,0.8326625687675181,0.3342271296555126
S0_FULL,0,L2_HIGH,B2_COMMON_NODE_EQUAL_DENSITY,0.75,A2_W0::2020->2021,18,0.4356669820245979,0.4356669820245979,0.0704824976348155,0.4030274361400189,0.39120151371807,0.9853818383214844,0.9494675097102824,0.8176045571695782,0.2817444161804913
S0_FULL,0,L2_HIGH,B2_COMMON_NODE_EQUAL_DENSITY,0.75,A2_W0::2021->2022,19,0.4668534080298786,0.4668534080298786,0.0242763772175536,0.5032679738562091,0.357609710550887,0.9916057553480494,0.9630922585296252,0.9072558167924608,0.333213635846682
S0_FULL,0,L2_HIGH,B2_COMMON_NODE_EQUAL_DENSITY,0.75,A2_W0::2022->2023,20,0.4763888888888888,0.4763888888888888,0.0125,0.8569444444444444,0.1402777777777777,0.9850901978042336,0.9577206037396824,0.9999999999669577,0.4658505526690795
S0_FULL,0,L2_HIGH,B2_COMMON_NODE_EQUAL_DENSITY,0.5,A2_W0::2002->2003,0,0.5,0.5,0.0,0.6666666666666666,0.3333333333333333,0.9999999999611254,0.9999999999608596,0.0,0.0
S0_FULL,0,L2_HIGH,B2_COMMON_NODE_EQUAL_DENSITY,0.5,A2_W0::2003->2004,1,0.5,0.5,0.0,0.75,0.25,0.9999999999703946,0.9999999999705832,0.0,0.0
S0_FULL,0,L2_HIGH,B2_COMMON_NODE_EQUAL_DENSITY,0.5,A2_W0::2004->2005,2,0.5,0.5,0.0,0.8571428571428571,0.1428571428571428,0.9999999999567007,0.9999999999289364,0.0,0.0
S0_FULL,0,L2_HIGH,B2_COMMON_NODE_EQUAL_DENSITY,0.5,A2_W0::2005->2006,3,0.5,0.5,0.0,0.75,0.25,0.8164966910449433,0.8164967317456225,0.0,0.0
S0_FULL,0,L2_HIGH,B2_COMMON_NODE_EQUAL_DENSITY,0.5,A2_W0::2006->2007,4,0.5,0.5,0.0,0.7692307692307693,0.1923076923076923,0.7416199872947138,0.8944272734991937,0.9999999998978748,0.0
S0_FULL,0,L2_HIGH,B2_COMMON_NODE_EQUAL_DENSITY,0.5,A2_W0::2007->2008,5,0.4827586206896552,0.4827586206896552,0.0,0.8275862068965517,0.1637931034482758,0.9845424756828997,0.9999999997710024,0.5286185558887176,0.2891931520305844
S0_FULL,0,L2_HIGH,B2_COMMON_NODE_EQUAL_DENSITY,0.5,A2_W0::2008->2009,6,0.4922279792746113,0.4922279792746113,0.0,0.8860103626943006,0.1036269430051813,0.9945231952557354,0.9776966407328574,0.9999999997280682,0.288603819994882
S0_FULL,0,L2_HIGH,B2_COMMON_NODE_EQUAL_DENSITY,0.5,A2_W0::2009->2010,7,0.4733727810650887,0.4733727810650887,0.0059171597633136,0.8165680473372781,0.1597633136094674,0.9755130623604048,0.9836070966228384,0.8738128604315486,0.2358403380207565
S0_FULL,0,L2_HIGH,B2_COMMON_NODE_EQUAL_DENSITY,0.5,A2_W0::2010->2011,8,0.4557522123893805,0.4557522123893805,0.0309734513274336,0.6017699115044248,0.3008849557522124,0.963667552185453,0.9528592782137006,0.9366176402498052,0.2585181477774818
S0_FULL,0,L2_HIGH,B2_COMMON_NODE_EQUAL_DENSITY,0.5,A2_W0::2011->2012,9,0.45480631276901,0.45480631276901,0.0530846484935437,0.4677187948350071,0.4576757532281205,0.976938819464052,0.9553593607996224,0.8833336490421327,0.3751598220312016
S0_FULL,0,L2_HIGH,B2_COMMON_NODE_EQUAL_DENSITY,0.5,A2_W0::2012->2013,10,0.4518950437317784,0.4518950437317784,0.0379008746355685,0.5043731778425656,0.4169096209912536,0.9767622022278828,0.941823134772322,0.8722438887206022,0.2719403930320341
S0_FULL,0,L2_HIGH,B2_COMMON_NODE_EQUAL_DENSITY,0.5,A2_W0::2013->2014,11,0.460388639760837,0.460388639760837,0.0358744394618834,0.3408071748878923,0.5650224215246636,0.9877460662498424,0.9629076960228028,0.854277724815401,0.2339781234561847
S0_FULL,0,L2_HIGH,B2_COMMON_NODE_EQUAL_DENSITY,0.5,A2_W0::2014->2015,12,0.4685314685314685,0.4685314685314685,0.0265734265734265,0.4503496503496503,0.4769230769230769,0.9928646770103692,0.9600050366971276,0.8962348113751616,0.2772267367765169
S0_FULL,0,L2_HIGH,B2_COMMON_NODE_EQUAL_DENSITY,0.5,A2_W0::2015->2016,13,0.4696969696969697,0.4696969696969697,0.0467171717171717,0.5277777777777778,0.3055555555555556,0.9794226993294668,0.9762705115275632,0.9488550481362982,0.3670996511118082
S0_FULL,0,L2_HIGH,B2_COMMON_NODE_EQUAL_DENSITY,0.5,A2_W0::2016->2017,14,0.4084732214228617,0.4084732214228617,0.1039168665067945,0.2869704236610711,0.4116706634692246,0.9778433277350695,0.915008997210945,0.8317711428888732,0.2407412470090288
S0_FULL,0,L2_HIGH,B2_COMMON_NODE_EQUAL_DENSITY,0.5,A2_W0::2017->2018,15,0.4502923976608187,0.4502923976608187,0.0903183885640026,0.4113060428849902,0.3307342430149447,0.9871798496803814,0.9674237701262168,0.9032017611463292,0.4509491130686723
S0_FULL,0,L2_HIGH,B2_COMMON_NODE_EQUAL_DENSITY,0.5,A2_W0::2018->2019,16,0.4634304207119741,0.4634304207119741,0.0394822006472491,0.4297734627831715,0.3618122977346278,0.9985489280304184,0.9800389038665314,0.8599774764914443,0.2128468291749288
S0_FULL,0,L2_HIGH,B2_COMMON_NODE_EQUAL_DENSITY,0.5,A2_W0::2019->2020,17,0.4528502930207778,0.4528502930207778,0.0740543420351625,0.2791688865210442,0.4688332445391582,0.9925205566808402,0.9773448335584132,0.8721018047746545,0.30545924796262
S0_FULL,0,L2_HIGH,B2_COMMON_NODE_EQUAL_DENSITY,0.5,A2_W0::2020->2021,18,0.4521019986216402,0.4521019986216402,0.0551343900758097,0.3383873190902826,0.4045485871812543,0.9981947078553854,0.9788914752915392,0.8496409663458313,0.2540864568471249
S0_FULL,0,L2_HIGH,B2_COMMON_NODE_EQUAL_DENSITY,0.5,A2_W0::2021->2022,19,0.4751381215469613,0.4751381215469613,0.0193370165745856,0.4668508287292817,0.3632596685082873,0.9917767108206148,0.984361421665402,0.9196120811681971,0.3037618861287155
S0_FULL,0,L2_HIGH,B2_COMMON_NODE_EQUAL_DENSITY,0.5,A2_W0::2022->2023,20,0.4877551020408163,0.4877551020408163,0.0061224489795918,0.8081632653061225,0.1877551020408163,0.9912999450425652,0.9878074667247166,0.9999999999669577,0.4924243307829327
S0_FULL,1,L0_STAGE15_MATCHED,B0_REFERENCE,1.0,A2_W0::2002->2003,0,0.7786885245901639,0.1721311475409836,0.0327868852459016,0.9590163934426228,0.040983606557377,0.9671149097751622,0.9474599161786724,0.0,0.905521723764626
S0_FULL,1,L0_STAGE15_MATCHED,B0_REFERENCE,1.0,A2_W0::2003->2004,1,0.5976095617529881,0.3147410358565737,0.0637450199203187,0.9760956175298804,0.0239043824701195,0.8498493022428867,0.8387085404990772,0.0,0.7737256635257477
S0_FULL,1,L0_STAGE15_MATCHED,B0_REFERENCE,1.0,A2_W0::2004->2005,2,0.9396702911259208,0.0480533146264468,0.0028060329708874,0.9978954752718344,0.0021045247281655,0.9765655028643312,0.6115256176548848,0.0,0.4917578759873046
S0_FULL,1,L0_STAGE15_MATCHED,B0_REFERENCE,1.0,A2_W0::2005->2006,3,0.036958066808813,0.9587775408670932,0.0003553660270078,0.9971570717839374,0.0028429282160625,0.9732395424434676,0.866025403743556,0.0,0.8577955134222989
S0_FULL,1,L0_STAGE15_MATCHED,B0_REFERENCE,1.0,A2_W0::2006->2007,4,0.8736842105263158,0.0673684210526315,0.0452631578947368,0.983157894736842,0.0147368421052631,0.6641637518409165,0.9999999949958168,0.9999999996624038,0.8864052567290566
S0_FULL,1,L0_STAGE15_MATCHED,B0_REFERENCE,1.0,A2_W0::2007->2008,5,0.618103448275862,0.2418103448275862,0.0961206896551724,0.9775862068965516,0.0211206896551724,0.6876320182053312,0.8544672288126121,0.6591397174889125,0.8180184466600036
S0_FULL,1,L0_STAGE15_MATCHED,B0_REFERENCE,1.0,A2_W0::2008->2009,6,0.69467106405138,0.2098593994098246,0.0609269224093039,0.9172018746745356,0.0819302204478389,0.7913998497394884,0.9714860445636204,0.8964756008713194,0.877938362411869
S0_FULL,1,L0_STAGE15_MATCHED,B0_REFERENCE,1.0,A2_W0::2009->2010,7,0.1921916592724046,0.6983141082519965,0.076486246672582,0.9192546583850932,0.0793256433007985,0.8268598368021258,0.8852171684324999,0.8110411684516814,0.6761594323529045
S0_FULL,1,L0_STAGE15_MATCHED,B0_REFERENCE,1.0,A2_W0::2010->2011,8,0.8267780721418382,0.0727532097004279,0.025881393927043,0.9218463419604648,0.0738740574689219,0.6550716533497075,0.9215022986160426,0.6745332473383813,0.8218578999655755
S0_FULL,1,L0_STAGE15_MATCHED,B0_REFERENCE,1.0,A2_W0::2011->2012,9,0.3325509755024204,0.5555229573126008,0.0850080680651313,0.9133049728619628,0.0820742261992078,0.7672697230993795,0.8821778725114491,0.7431438627567162,0.8120038568645396
S0_FULL,1,L0_STAGE15_MATCHED,B0_REFERENCE,1.0,A2_W0::2012->2013,10,0.1996830427892234,0.2319070258848388,0.1966455361859482,0.8553882725832013,0.1365557316428948,0.7347186160293071,0.6384663955424179,0.7006190319674136,0.4215392432575677
S0_FULL,1,L0_STAGE15_MATCHED,B0_REFERENCE,1.0,A2_W0::2013->2014,11,0.5160995091105749,0.2650802895415592,0.1579166319993344,0.8936683584324819,0.1003411265496297,0.9232286202120892,0.6807818885892326,0.6607162163190305,0.492325887999519
S0_FULL,1,L0_STAGE15_MATCHED,B0_REFERENCE,1.0,A2_W0::2014->2015,12,0.1681107553211527,0.3802034281408928,0.0467131286494631,0.8826521002071953,0.110943680542475,0.8822696536293358,0.7083104507068536,0.7808510609624113,0.7049850691439524
S0_FULL,1,L0_STAGE15_MATCHED,B0_REFERENCE,1.0,A2_W0::2015->2016,13,0.3714422158548233,0.1180515759312321,0.4472779369627507,0.7217765042979942,0.2565425023877746,0.8311173326981595,0.7172022401189765,0.7314289658996006,0.5713961148791841
S0_FULL,1,L0_STAGE15_MATCHED,B0_REFERENCE,1.0,A2_W0::2016->2017,14,0.3605263157894737,0.19196675900277,0.2590720221606648,0.742797783933518,0.2173130193905817,0.8412452406377577,0.6563056397686429,0.6434786772145057,0.4509139125768609
S0_FULL,1,L0_STAGE15_MATCHED,B0_REFERENCE,1.0,A2_W0::2017->2018,15,0.337309024819674,0.4054637360140853,0.1558471062645538,0.770659396830806,0.1892429147498154,0.8441982315866825,0.871504893118073,0.7251815655812023,0.6652309879258624
S0_FULL,1,L0_STAGE15_MATCHED,B0_REFERENCE,1.0,A2_W0::2018->2019,16,0.3780893536121673,0.2737048479087453,0.0955917300380228,0.7713284220532319,0.1900546577946768,0.7619367893663815,0.6597490451376736,0.7245018170918547,0.4163240998303735
S0_FULL,1,L0_STAGE15_MATCHED,B0_REFERENCE,1.0,A2_W0::2019->2020,17,0.3537217170649185,0.1693804186931698,0.3191478113766124,0.8169274688094734,0.1471769930217805,0.7556922581058332,0.8044334682945022,0.7306811819609085,0.5816385328543834
S0_FULL,1,L0_STAGE15_MATCHED,B0_REFERENCE,1.0,A2_W0::2020->2021,18,0.2302567117381932,0.51440329218107,0.0924946110131295,0.8587105624142661,0.1120909269057417,0.6255084046720517,0.8145273171908972,0.7208529962978935,0.4719089156315908
S0_FULL,1,L0_STAGE15_MATCHED,B0_REFERENCE,1.0,A2_W0::2021->2022,19,0.1371115173674588,0.3717245581962218,0.3698093496996605,0.8800383041699312,0.1031600940193262,0.549604725908304,0.833295429651974,0.8000683933826915,0.4598293549019174
S0_FULL,1,L0_STAGE15_MATCHED,B0_REFERENCE,1.0,A2_W0::2022->2023,20,0.1294330518697225,0.1689987937273823,0.6554885404101327,0.9832328106151992,0.0165259348612786,0.968189681679165,0.833395209736075,0.8781753586321395,0.9768091143064452
S0_FULL,1,L0_STAGE15_MATCHED,B2_COMMON_NODE_EQUAL_DENSITY,1.0,A2_W0::2002->2003,0,0.5,0.5,0.0,0.7857142857142857,0.2142857142857142,0.9999999999231716,0.9999999999578396,0.0,0.0
S0_FULL,1,L0_STAGE15_MATCHED,B2_COMMON_NODE_EQUAL_DENSITY,1.0,A2_W0::2003->2004,1,0.5,0.5,0.0,0.8888888888888888,0.1111111111111111,0.999999999936154,0.9999999999708482,0.0,0.0
S0_FULL,1,L0_STAGE15_MATCHED,B2_COMMON_NODE_EQUAL_DENSITY,1.0,A2_W0::2004->2005,2,0.391304347826087,0.391304347826087,0.0,0.8695652173913043,0.1304347826086956,0.9005203726140094,0.8258728161796307,0.0,0.2301897292176023
S0_FULL,1,L0_STAGE15_MATCHED,B2_COMMON_NODE_EQUAL_DENSITY,1.0,A2_W0::2005->2006,3,0.5,0.5,0.0,0.875,0.125,0.7559289460080825,0.8164965810071546,0.0,0.0
S0_FULL,1,L0_STAGE15_MATCHED,B2_COMMON_NODE_EQUAL_DENSITY,1.0,A2_W0::2006->2007,4,0.5,0.5,0.0,0.8269230769230769,0.1538461538461538,0.6988362417900922,0.9354143464721506,0.9999999998951122,0.0
S0_FULL,1,L0_STAGE15_MATCHED,B2_COMMON_NODE_EQUAL_DENSITY,1.0,A2_W0::2007->2008,5,0.4470046082949309,0.4470046082949309,0.0506912442396313,0.8663594470046083,0.1198156682027649,0.95262592297378,0.9831841620368414,0.6591397174889125,0.3638920175506467
S0_FULL,1,L0_STAGE15_MATCHED,B2_COMMON_NODE_EQUAL_DENSITY,1.0,A2_W0::2008->2009,6,0.4829396325459317,0.4829396325459317,0.0078740157480314,0.8188976377952756,0.1679790026246719,0.9900673034658668,0.9742533875152436,0.8964756008713194,0.4470398432865831
S0_FULL,1,L0_STAGE15_MATCHED,B2_COMMON_NODE_EQUAL_DENSITY,1.0,A2_W0::2009->2010,7,0.458966565349544,0.458966565349544,0.0364741641337386,0.7963525835866262,0.1793313069908814,0.9638723537916264,0.9756205544962124,0.8484948123625925,0.351131393311969
S0_FULL,1,L0_STAGE15_MATCHED,B2_COMMON_NODE_EQUAL_DENSITY,1.0,A2_W0::2010->2011,8,0.4606986899563319,0.4606986899563319,0.0283842794759825,0.6026200873362445,0.334061135371179,0.9715839314150528,0.962965002481278,0.8883059326885554,0.3026674346060489
S0_FULL,1,L0_STAGE15_MATCHED,B2_COMMON_NODE_EQUAL_DENSITY,1.0,A2_W0::2011->2012,9,0.4509379509379509,0.4509379509379509,0.0656565656565656,0.5930735930735931,0.365079365079365,0.973382490713794,0.9358915217017992,0.8863002398967745,0.3595918368555794
S0_FULL,1,L0_STAGE15_MATCHED,B2_COMMON_NODE_EQUAL_DENSITY,1.0,A2_W0::2012->2013,10,0.4487554904831625,0.4487554904831625,0.0475841874084919,0.6361639824304539,0.322108345534407,0.9792245255405024,0.9229333602735982,0.7812268433867335,0.3469244074503634
S0_FULL,1,L0_STAGE15_MATCHED,B2_COMMON_NODE_EQUAL_DENSITY,1.0,A2_W0::2013->2014,11,0.4360374414976599,0.4360374414976599,0.0772230889235569,0.4742589703588143,0.4726989079563182,0.9615969898926482,0.9290117582139268,0.8181879727835757,0.2786733070540375
S0_FULL,1,L0_STAGE15_MATCHED,B2_COMMON_NODE_EQUAL_DENSITY,1.0,A2_W0::2014->2015,12,0.4428989751098097,0.4428989751098097,0.0168374816983894,0.5717423133235725,0.3850658857979502,0.989153117923628,0.9056898695728788,0.8379549774584019,0.4163424541917636
S0_FULL,1,L0_STAGE15_MATCHED,B2_COMMON_NODE_EQUAL_DENSITY,1.0,A2_W0::2015->2016,13,0.4396264176117411,0.4396264176117411,0.0940627084723148,0.494996664442962,0.3902601734489659,0.9505265538963392,0.9634337680141272,0.8789611831653235,0.3952743251893443
S0_FULL,1,L0_STAGE15_MATCHED,B2_COMMON_NODE_EQUAL_DENSITY,1.0,A2_W0::2016->2017,14,0.3872569300786098,0.3872569300786098,0.137360364087712,0.4038063715349607,0.3967728589160116,0.9404198976514035,0.8924172309351839,0.7574568259027119,0.2402715890747286
S0_FULL,1,L0_STAGE15_MATCHED,B2_COMMON_NODE_EQUAL_DENSITY,1.0,A2_W0::2017->2018,15,0.4485006518904824,0.4485006518904824,0.0925684485006518,0.5045632333767927,0.3220338983050847,0.9879220780425938,0.9529823868246152,0.875646019859456,0.4501197573922645
S0_FULL,1,L0_STAGE15_MATCHED,B2_COMMON_NODE_EQUAL_DENSITY,1.0,A2_W0::2018->2019,16,0.4411863835524098,0.4411863835524098,0.0643747893495113,0.5018537243006403,0.3454668014829794,0.9905723476672668,0.9283533624536487,0.8119075691620135,0.2679520005637673
S0_FULL,1,L0_STAGE15_MATCHED,B2_COMMON_NODE_EQUAL_DENSITY,1.0,A2_W0::2019->2020,17,0.4217782779966235,0.4217782779966235,0.1215531795160382,0.4251547552054023,0.4071468767585818,0.9707751980527348,0.927772110680376,0.8129617035290682,0.3429529167739873
S0_FULL,1,L0_STAGE15_MATCHED,B2_COMMON_NODE_EQUAL_DENSITY,1.0,A2_W0::2020->2021,18,0.4137803979366249,0.4137803979366249,0.0887988209285187,0.4602063375092114,0.3662490788504053,0.9636108763879848,0.9187303055511576,0.7803723191367283,0.2908316577521112
S0_FULL,1,L0_STAGE15_MATCHED,B2_COMMON_NODE_EQUAL_DENSITY,1.0,A2_W0::2021->2022,19,0.4552612741589119,0.4552612741589119,0.0272011453113815,0.5540443808160344,0.3307086614173228,0.9797150265193252,0.9552480303957416,0.8695042119554995,0.3372102253983117
S0_FULL,1,L0_STAGE15_MATCHED,B2_COMMON_NODE_EQUAL_DENSITY,1.0,A2_W0::2022->2023,20,0.4743455497382199,0.4743455497382199,0.0146596858638743,0.8858638743455497,0.1120418848167539,0.9831676517495072,0.9413135007700056,0.9999999999694796,0.4181829269450057
S0_FULL,1,L0_STAGE15_MATCHED,B2_COMMON_NODE_EQUAL_DENSITY,0.75,A2_W0::2002->2003,0,0.5,0.5,0.0,0.8,0.2,0.9999999999553478,0.9999999999708482,0.0,0.0
S0_FULL,1,L0_STAGE15_MATCHED,B2_COMMON_NODE_EQUAL_DENSITY,0.75,A2_W0::2003->2004,1,0.5,0.5,0.0,0.8571428571428571,0.1428571428571428,0.9999999999440464,0.9999999999708482,0.0,0.0
S0_FULL,1,L0_STAGE15_MATCHED,B2_COMMON_NODE_EQUAL_DENSITY,0.75,A2_W0::2004->2005,2,0.45,0.45,0.0,0.85,0.15,0.9424360692935838,0.9999999999280744,0.0,0.2226630429246922
S0_FULL,1,L0_STAGE15_MATCHED,B2_COMMON_NODE_EQUAL_DENSITY,0.75,A2_W0::2005->2006,3,0.5,0.5,0.0,0.8333333333333334,0.1666666666666666,0.7745966692478206,0.8164965810071546,0.0,0.0
S0_FULL,1,L0_STAGE15_MATCHED,B2_COMMON_NODE_EQUAL_DENSITY,0.75,A2_W0::2006->2007,4,0.5,0.5,0.0,0.8421052631578947,0.131578947368421,0.7288689867500066,0.8944271909094565,0.9999999998951122,0.0
S0_FULL,1,L0_STAGE15_MATCHED,B2_COMMON_NODE_EQUAL_DENSITY,0.75,A2_W0::2007->2008,5,0.4545454545454545,0.4545454545454545,0.0363636363636363,0.8484848484848485,0.1333333333333333,0.9548175305861256,0.9878712507897488,0.8762316120756439,0.3063363423635782
S0_FULL,1,L0_STAGE15_MATCHED,B2_COMMON_NODE_EQUAL_DENSITY,0.75,A2_W0::2008->2009,6,0.4878048780487805,0.4878048780487805,0.0104529616724738,0.8571428571428571,0.1324041811846689,0.9924177790672424,0.9785480775570614,0.8202321864765963,0.3137727690035014
S0_FULL,1,L0_STAGE15_MATCHED,B2_COMMON_NODE_EQUAL_DENSITY,0.75,A2_W0::2009->2010,7,0.4593495934959349,0.4593495934959349,0.024390243902439,0.8089430894308943,0.1626016260162601,0.9649032884456342,0.9745136220038556,0.8545460180916106,0.3446336622407067
S0_FULL,1,L0_STAGE15_MATCHED,B2_COMMON_NODE_EQUAL_DENSITY,0.75,A2_W0::2010->2011,8,0.463768115942029,0.463768115942029,0.0202898550724637,0.5971014492753624,0.336231884057971,0.9687218494853704,0.9707779587236344,0.9171926928762684,0.2816419558885599
S0_FULL,1,L0_STAGE15_MATCHED,B2_COMMON_NODE_EQUAL_DENSITY,0.75,A2_W0::2011->2012,9,0.4567078972407231,0.4567078972407231,0.055185537583254,0.5528068506184586,0.3939105613701237,0.9721932470987584,0.9529556302349282,0.9139488848179982,0.3612896838991114
S0_FULL,1,L0_STAGE15_MATCHED,B2_COMMON_NODE_EQUAL_DENSITY,0.75,A2_W0::2012->2013,10,0.4514563106796116,0.4514563106796116,0.0485436893203883,0.5893203883495146,0.3563106796116504,0.9778693571872408,0.93463659699618,0.8292737196002183,0.3087527529135813
S0_FULL,1,L0_STAGE15_MATCHED,B2_COMMON_NODE_EQUAL_DENSITY,0.75,A2_W0::2013->2014,11,0.4412371134020618,0.4412371134020618,0.0639175257731958,0.4195876288659794,0.511340206185567,0.970752194964281,0.933877332210548,0.8298867045554204,0.2343164303328172
S0_FULL,1,L0_STAGE15_MATCHED,B2_COMMON_NODE_EQUAL_DENSITY,0.75,A2_W0::2014->2015,12,0.4514889529298751,0.4514889529298751,0.0163304514889529,0.5273775216138329,0.4169068203650336,0.9902585380951848,0.929809823877471,0.8549049168438043,0.3975057393317324
S0_FULL,1,L0_STAGE15_MATCHED,B2_COMMON_NODE_EQUAL_DENSITY,0.75,A2_W0::2015->2016,13,0.46199829205807,0.46199829205807,0.0623398804440649,0.4867634500426985,0.3817250213492741,0.9792768825803384,0.9712534136799296,0.9107727134930522,0.3971024035249831
S0_FULL,1,L0_STAGE15_MATCHED,B2_COMMON_NODE_EQUAL_DENSITY,0.75,A2_W0::2016->2017,14,0.4177148846960167,0.4177148846960167,0.0959119496855346,0.3915094339622642,0.3820754716981132,0.9731100391798664,0.9135017515834736,0.8290524980372801,0.2435939910168213
S0_FULL,1,L0_STAGE15_MATCHED,B2_COMMON_NODE_EQUAL_DENSITY,0.75,A2_W0::2017->2018,15,0.4485006518904824,0.4485006518904824,0.0930030421555845,0.4771838331160365,0.3202955236853542,0.9885014807629422,0.9516939114416636,0.8926711415549039,0.4488551252183981
S0_FULL,1,L0_STAGE15_MATCHED,B2_COMMON_NODE_EQUAL_DENSITY,0.75,A2_W0::2018->2019,16,0.4531456225252969,0.4531456225252969,0.0549934007919049,0.4566652001759789,0.3620765508139023,0.9963113316821284,0.9555533401942898,0.8370794185757988,0.2221564446581317
S0_FULL,1,L0_STAGE15_MATCHED,B2_COMMON_NODE_EQUAL_DENSITY,0.75,A2_W0::2019->2020,17,0.4338721528288023,0.4338721528288023,0.1072740631888317,0.3468038207200588,0.4463629684055841,0.98300154271784,0.9507269585199848,0.8350998175727309,0.3375875857190326
S0_FULL,1,L0_STAGE15_MATCHED,B2_COMMON_NODE_EQUAL_DENSITY,0.75,A2_W0::2020->2021,18,0.4345971563981042,0.4345971563981042,0.0696682464454976,0.404739336492891,0.3886255924170616,0.9854333561636924,0.947031295549633,0.8165769578870031,0.2788255820621425
S0_FULL,1,L0_STAGE15_MATCHED,B2_COMMON_NODE_EQUAL_DENSITY,0.75,A2_W0::2021->2022,19,0.4628410159924741,0.4628410159924741,0.0263405456255879,0.504233301975541,0.3555973659454374,0.9904716988964136,0.9598635507829426,0.892098879838573,0.3314777629306196
S0_FULL,1,L0_STAGE15_MATCHED,B2_COMMON_NODE_EQUAL_DENSITY,0.75,A2_W0::2022->2023,20,0.48,0.48,0.0096551724137931,0.8551724137931035,0.1420689655172413,0.987991728805769,0.9612681657769668,0.9999999999694796,0.4688542615067775
S0_FULL,1,L0_STAGE15_MATCHED,B2_COMMON_NODE_EQUAL_DENSITY,0.5,A2_W0::2002->2003,0,0.5,0.5,0.0,0.8333333333333334,0.1666666666666666,0.9999999999583862,0.9999999999863896,0.0,0.0
S0_FULL,1,L0_STAGE15_MATCHED,B2_COMMON_NODE_EQUAL_DENSITY,0.5,A2_W0::2003->2004,1,0.5,0.5,0.0,0.75,0.25,0.9999999999702344,0.9999999999708482,0.0,0.0
S0_FULL,1,L0_STAGE15_MATCHED,B2_COMMON_NODE_EQUAL_DENSITY,0.5,A2_W0::2004->2005,2,0.5,0.5,0.0,0.8571428571428571,0.1428571428571428,0.9999999999579988,0.9999999999327496,0.0,0.0
S0_FULL,1,L0_STAGE15_MATCHED,B2_COMMON_NODE_EQUAL_DENSITY,0.5,A2_W0::2005->2006,3,0.5,0.5,0.0,0.75,0.25,0.8164965809558431,0.8164965810071546,0.0,0.0
S0_FULL,1,L0_STAGE15_MATCHED,B2_COMMON_NODE_EQUAL_DENSITY,0.5,A2_W0::2006->2007,4,0.5,0.5,0.0,0.8076923076923077,0.1538461538461538,0.755928945946215,0.8660254037670244,0.9999999998951122,0.0
S0_FULL,1,L0_STAGE15_MATCHED,B2_COMMON_NODE_EQUAL_DENSITY,0.5,A2_W0::2007->2008,5,0.4782608695652174,0.4782608695652174,0.0,0.8347826086956521,0.1565217391304348,0.9796968490903448,0.999999999789308,0.550768114563392,0.2982326285949495
S0_FULL,1,L0_STAGE15_MATCHED,B2_COMMON_NODE_EQUAL_DENSITY,0.5,A2_W0::2008->2009,6,0.4922279792746113,0.4922279792746113,0.0,0.8704663212435233,0.1191709844559585,0.9944629557636536,0.9795219632469944,0.9999999997188248,0.2660571751550768
S0_FULL,1,L0_STAGE15_MATCHED,B2_COMMON_NODE_EQUAL_DENSITY,0.5,A2_W0::2009->2010,7,0.4733727810650887,0.4733727810650887,0.0059171597633136,0.8106508875739645,0.165680473372781,0.9753655479459636,0.9851161301615938,0.8795082216096061,0.2582299719516008
S0_FULL,1,L0_STAGE15_MATCHED,B2_COMMON_NODE_EQUAL_DENSITY,0.5,A2_W0::2010->2011,8,0.4508928571428571,0.4508928571428571,0.0267857142857142,0.6071428571428571,0.3214285714285714,0.9560743418683806,0.9547084012381576,0.91316393311721,0.2414188647539313
S0_FULL,1,L0_STAGE15_MATCHED,B2_COMMON_NODE_EQUAL_DENSITY,0.5,A2_W0::2011->2012,9,0.4571428571428571,0.4571428571428571,0.0542857142857142,0.5157142857142857,0.42,0.9763514289254324,0.9505381205524452,0.9323982527304095,0.384811537902454
S0_FULL,1,L0_STAGE15_MATCHED,B2_COMMON_NODE_EQUAL_DENSITY,0.5,A2_W0::2012->2013,10,0.4502923976608187,0.4502923976608187,0.0497076023391812,0.5,0.4225146198830409,0.9761333478217654,0.9372197326666788,0.8790833674828665,0.2623373307597356
S0_FULL,1,L0_STAGE15_MATCHED,B2_COMMON_NODE_EQUAL_DENSITY,0.5,A2_W0::2013->2014,11,0.4571428571428571,0.4571428571428571,0.037593984962406,0.3458646616541353,0.562406015037594,0.9873556902507578,0.9577921425917632,0.837594419096037,0.1924278832110684
S0_FULL,1,L0_STAGE15_MATCHED,B2_COMMON_NODE_EQUAL_DENSITY,0.5,A2_W0::2014->2015,12,0.4707520891364902,0.4707520891364902,0.0167130919220055,0.4763231197771588,0.4526462395543175,0.9932022046225716,0.962176033119204,0.9036267583513958,0.3042986997490294
S0_FULL,1,L0_STAGE15_MATCHED,B2_COMMON_NODE_EQUAL_DENSITY,0.5,A2_W0::2015->2016,13,0.4696969696969697,0.4696969696969697,0.0454545454545454,0.5151515151515151,0.3232323232323232,0.9793294610903044,0.978028058273232,0.944377033622108,0.3633657293198691
S0_FULL,1,L0_STAGE15_MATCHED,B2_COMMON_NODE_EQUAL_DENSITY,0.5,A2_W0::2016->2017,14,0.411296738265712,0.411296738265712,0.1050119331742243,0.2927605409705648,0.4097056483691328,0.978453973439405,0.9163125861366151,0.836538908752694,0.2362447147011139
S0_FULL,1,L0_STAGE15_MATCHED,B2_COMMON_NODE_EQUAL_DENSITY,0.5,A2_W0::2017->2018,15,0.4495770982433311,0.4495770982433311,0.088484059856864,0.4118412491867274,0.3344176968119713,0.9879378291319608,0.969811927579548,0.89206431696205,0.4370737167461198
S0_FULL,1,L0_STAGE15_MATCHED,B2_COMMON_NODE_EQUAL_DENSITY,0.5,A2_W0::2018->2019,16,0.4616883116883117,0.4616883116883117,0.0474025974025974,0.4168831168831168,0.3714285714285714,0.9984541797387324,0.9812642844091244,0.8513779615220146,0.2075505967664098
S0_FULL,1,L0_STAGE15_MATCHED,B2_COMMON_NODE_EQUAL_DENSITY,0.5,A2_W0::2019->2020,17,0.4502141327623126,0.4502141327623126,0.0776231263383297,0.278372591006424,0.4668094218415418,0.9925478245157684,0.9759245282744476,0.8649607218834809,0.3016013303895181
S0_FULL,1,L0_STAGE15_MATCHED,B2_COMMON_NODE_EQUAL_DENSITY,0.5,A2_W0::2020->2021,18,0.4509668508287293,0.4509668508287293,0.0566298342541436,0.3370165745856354,0.4040055248618784,0.9981924069490488,0.978206186266067,0.8483880079885033,0.264406178466943
S0_FULL,1,L0_STAGE15_MATCHED,B2_COMMON_NODE_EQUAL_DENSITY,0.5,A2_W0::2021->2022,19,0.4758620689655172,0.4758620689655172,0.0206896551724137,0.4593103448275862,0.3710344827586206,0.9916393399549484,0.987742645189946,0.9155872597405372,0.2933520357374151
S0_FULL,1,L0_STAGE15_MATCHED,B2_COMMON_NODE_EQUAL_DENSITY,0.5,A2_W0::2022->2023,20,0.4835390946502058,0.4835390946502058,0.0061728395061728,0.8065843621399177,0.1893004115226337,0.9879601447037368,0.98191003239407,0.9999999999694796,0.4554619815156213
S0_FULL,1,L1_EXTENDED,B0_REFERENCE,1.0,A2_W0::2002->2003,0,0.8009049773755657,0.1809954751131221,0.0090497737556561,0.9773755656108596,0.0226244343891402,0.7120253861340224,0.949386677168204,0.0,0.8680990694910501
S0_FULL,1,L1_EXTENDED,B0_REFERENCE,1.0,A2_W0::2003->2004,1,0.3489208633093525,0.5323741007194245,0.0863309352517985,0.9784172661870504,0.0215827338129496,0.8087598688617206,0.8295835432306137,0.0,0.7596334695460968
S0_FULL,1,L1_EXTENDED,B0_REFERENCE,1.0,A2_W0::2004->2005,2,0.9538843561546648,0.0322809506917346,0.0021284143313231,0.9975168499467896,0.0024831500532103,0.982390272016628,0.5651254845383484,0.0,0.4257864781148825
S0_FULL,1,L1_EXTENDED,B0_REFERENCE,1.0,A2_W0::2005->2006,3,0.0058309037900874,0.9897959183673468,0.0003644314868804,0.9967201166180758,0.0032798833819241,0.985791173741087,0.8164966041537376,0.0,0.8077694001303067
S0_FULL,1,L1_EXTENDED,B0_REFERENCE,1.0,A2_W0::2006->2007,4,0.9628647214854112,0.0185676392572944,0.0092838196286472,0.9774535809018567,0.019893899204244,0.7476784508829695,0.9660917930140188,0.9999999996501786,0.7071067960239734
S0_FULL,1,L1_EXTENDED,B0_REFERENCE,1.0,A2_W0::2007->2008,5,0.6952224052718287,0.2318780889621087,0.0317133443163097,0.9794069192751236,0.0193574958813838,0.6710814551157399,0.8435834364550517,0.6610051928588194,0.6667680558729253
S0_FULL,1,L1_EXTENDED,B0_REFERENCE,1.0,A2_W0::2008->2009,6,0.6837374936408344,0.216381210785145,0.06206545701204,0.9184331015770733,0.0808885874173308,0.7814882988588303,0.9663868536834744,0.8665948662575277,0.8634798982657699
S0_FULL,1,L1_EXTENDED,B0_REFERENCE,1.0,A2_W0::2009->2010,7,0.1691837468536497,0.7286947141316074,0.0809061488673139,0.9176555195972672,0.0809061488673139,0.8319536804297418,0.8756691725196796,0.8491054779106478,0.6837451416710901
S0_FULL,1,L1_EXTENDED,B0_REFERENCE,1.0,A2_W0::2010->2011,8,0.7368788142981691,0.1633827375762859,0.0317349607672188,0.8673060156931125,0.1255448997384481,0.8831540273148286,0.9247730074222376,0.678255435722983,0.737524762582183
S0_FULL,1,L1_EXTENDED,B0_REFERENCE,1.0,A2_W0::2011->2012,9,0.4582204155374887,0.3284778681120144,0.171070460704607,0.8661924119241192,0.1266937669376693,0.977357754134576,0.8843858138175968,0.7393385558345892,0.8492988594733752
S0_FULL,1,L1_EXTENDED,B0_REFERENCE,1.0,A2_W0::2012->2013,10,0.2131516274146599,0.2438475787245303,0.1270177295580841,0.854988092087854,0.1369409896798094,0.733202602097273,0.6406616339513821,0.6948323204391798,0.3607660573679989
S0_FULL,1,L1_EXTENDED,B0_REFERENCE,1.0,A2_W0::2013->2014,11,0.5347985347985348,0.0923890923890923,0.1602767602767602,0.8958078958078958,0.0983312983312983,0.9258154852766508,0.6738721757864106,0.651547732096933,0.7476141775627859
S0_FULL,1,L1_EXTENDED,B0_REFERENCE,1.0,A2_W0::2014->2015,12,0.1239097980671014,0.4895890626227704,0.034650742515911,0.902883633220712,0.0918519682564626,0.8087321065136881,0.6998366295553629,0.7781594412955898,0.7206723864552229
S0_FULL,1,L1_EXTENDED,B0_REFERENCE,1.0,A2_W0::2015->2016,13,0.5115422212196405,0.090608316414768,0.3522069328520941,0.7817881043687496,0.2010677494548462,0.7077125344355986,0.7193853858983806,0.743290908376392,0.5686998275567177
S0_FULL,1,L1_EXTENDED,B0_REFERENCE,1.0,A2_W0::2016->2017,14,0.2912979783181951,0.1891004980955171,0.2271901552886024,0.7830061529446235,0.1834749487254614,0.7511335240379752,0.6514419740476214,0.6417079795220362,0.4099429859271524
S0_FULL,1,L1_EXTENDED,B0_REFERENCE,1.0,A2_W0::2017->2018,15,0.2171748599875544,0.3974656333088193,0.2712564349154268,0.7742829665667251,0.1857215590880805,0.8405220389430446,0.8772103851430377,0.7294239812720533,0.5879718999102529
S0_FULL,1,L1_EXTENDED,B0_REFERENCE,1.0,A2_W0::2018->2019,16,0.4636148461499723,0.2235483708515888,0.0812811602961172,0.8382434406002921,0.1287707105806516,0.6729219674645917,0.7385748048297801,0.7245053047595977,0.4555048493310797
S0_FULL,1,L1_EXTENDED,B0_REFERENCE,1.0,A2_W0::2019->2020,17,0.2909960452497011,0.2307550813942794,0.2970201416352432,0.8397406419571416,0.1288972684631656,0.6949925613462067,0.8010412851535227,0.7306303995420145,0.4789802423522046
S0_FULL,1,L1_EXTENDED,B0_REFERENCE,1.0,A2_W0::2020->2021,18,0.0697364030697364,0.7296741185630075,0.105883661439217,0.8425647870092314,0.1244577911244577,0.6724021180012217,0.8228944634103439,0.7297173622613179,0.4815355798610486
S0_FULL,1,L1_EXTENDED,B0_REFERENCE,1.0,A2_W0::2021->2022,19,0.5109165912063588,0.2624006439279606,0.0928664855619277,0.8616561022235637,0.1190260589596538,0.5970667577499216,0.8349687212393765,0.7997595111372099,0.7476938533219313
S0_FULL,1,L1_EXTENDED,B0_REFERENCE,1.0,A2_W0::2022->2023,20,0.1287140480152127,0.1459472308057998,0.6737580223437128,0.9834799144283336,0.0162823864986926,0.9683771230353247,0.8165630715947395,0.8638680092803962,0.9669922918343102
S0_FULL,1,L1_EXTENDED,B2_COMMON_NODE_EQUAL_DENSITY,1.0,A2_W0::2002->2003,0,0.5,0.5,0.0,0.7857142857142857,0.2142857142857142,0.9999999999233508,0.9999999999586194,0.0,0.0
S0_FULL,1,L1_EXTENDED,B2_COMMON_NODE_EQUAL_DENSITY,1.0,A2_W0::2003->2004,1,0.5,0.5,0.0,0.8333333333333334,0.1666666666666666,0.9999999999326832,0.9999999999631842,0.0,0.0
S0_FULL,1,L1_EXTENDED,B2_COMMON_NODE_EQUAL_DENSITY,1.0,A2_W0::2004->2005,2,0.4166666666666667,0.4166666666666667,0.0,0.875,0.125,0.9542786289290628,0.6000135845505038,0.0,0.2256383396871539
S0_FULL,1,L1_EXTENDED,B2_COMMON_NODE_EQUAL_DENSITY,1.0,A2_W0::2005->2006,3,0.4782608695652174,0.4782608695652174,0.0,0.8260869565217391,0.1739130434782608,0.794719425676553,0.7071068415089763,0.0,0.9999999999709084
S0_FULL,1,L1_EXTENDED,B2_COMMON_NODE_EQUAL_DENSITY,1.0,A2_W0::2006->2007,4,0.48,0.48,0.04,0.76,0.22,0.7433919514124556,0.7977240546021632,0.9999999998980152,0.9999999998437322
S0_FULL,1,L1_EXTENDED,B2_COMMON_NODE_EQUAL_DENSITY,1.0,A2_W0::2007->2008,5,0.4418604651162791,0.4418604651162791,0.0604651162790697,0.8744186046511628,0.1116279069767441,0.9557271620634232,0.9104955535209464,0.6610051928588194,0.3422714828579723
S0_FULL,1,L1_EXTENDED,B2_COMMON_NODE_EQUAL_DENSITY,1.0,A2_W0::2008->2009,6,0.4829396325459317,0.4829396325459317,0.0157480314960629,0.8241469816272966,0.1653543307086614,0.9915947384704128,0.9632568769431674,0.8665948662575277,0.4116614037485528
S0_FULL,1,L1_EXTENDED,B2_COMMON_NODE_EQUAL_DENSITY,1.0,A2_W0::2009->2010,7,0.4654654654654654,0.4654654654654654,0.027027027027027,0.8108108108108109,0.1651651651651651,0.9707004616321536,0.9812272778979706,0.8491054779106478,0.3690327444792449
S0_FULL,1,L1_EXTENDED,B2_COMMON_NODE_EQUAL_DENSITY,1.0,A2_W0::2010->2011,8,0.4606986899563319,0.4606986899563319,0.0283842794759825,0.5786026200873362,0.334061135371179,0.9672204332280638,0.9700128489540666,0.9196087568214756,0.3206026012474938
S0_FULL,1,L1_EXTENDED,B2_COMMON_NODE_EQUAL_DENSITY,1.0,A2_W0::2011->2012,9,0.4473493100944081,0.4473493100944081,0.0689905591866376,0.5867828612926652,0.3710965867828613,0.9732689558365584,0.9295942015579958,0.8677416663266397,0.3584532242921199
S0_FULL,1,L1_EXTENDED,B2_COMMON_NODE_EQUAL_DENSITY,1.0,A2_W0::2012->2013,10,0.4507658643326039,0.4507658643326039,0.0437636761487965,0.6404084609773888,0.3172866520787746,0.979895535767056,0.9282922091680402,0.7857468229808615,0.3622105376466711
S0_FULL,1,L1_EXTENDED,B2_COMMON_NODE_EQUAL_DENSITY,1.0,A2_W0::2013->2014,11,0.4442736356648731,0.4442736356648731,0.0661029976940814,0.4573405073020753,0.4911606456571867,0.9749791915618669,0.9343552776496464,0.7970097980326655,0.2628415745287489
S0_FULL,1,L1_EXTENDED,B2_COMMON_NODE_EQUAL_DENSITY,1.0,A2_W0::2014->2015,12,0.4256603773584905,0.4256603773584905,0.0233962264150943,0.5366037735849056,0.4181132075471698,0.9794010464278298,0.884720166297579,0.8394441794785877,0.3897302527039211
S0_FULL,1,L1_EXTENDED,B2_COMMON_NODE_EQUAL_DENSITY,1.0,A2_W0::2015->2016,13,0.4369973190348525,0.4369973190348525,0.0878016085790884,0.4979892761394102,0.3900804289544236,0.9424255511422498,0.9602891293207526,0.8939337680206662,0.3722719902707108
S0_FULL,1,L1_EXTENDED,B2_COMMON_NODE_EQUAL_DENSITY,1.0,A2_W0::2016->2017,14,0.3821443471005423,0.3821443471005423,0.1439299123904881,0.3967459324155194,0.3996662494785148,0.9350427130932638,0.887333051649975,0.7565518571396069,0.2419378754707646
S0_FULL,1,L1_EXTENDED,B2_COMMON_NODE_EQUAL_DENSITY,1.0,A2_W0::2017->2018,15,0.4490394008466297,0.4490394008466297,0.0941061543471182,0.5083034842070987,0.3148811462064474,0.9883616092735826,0.9520838537703016,0.882168360056611,0.4592004531998839
S0_FULL,1,L1_EXTENDED,B2_COMMON_NODE_EQUAL_DENSITY,1.0,A2_W0::2018->2019,16,0.4438108017443811,0.4438108017443811,0.0576987588057698,0.5005031868500504,0.3471989265347199,0.9916836368795492,0.932545757436512,0.8177883022105099,0.27313157859647
S0_FULL,1,L1_EXTENDED,B2_COMMON_NODE_EQUAL_DENSITY,1.0,A2_W0::2019->2020,17,0.4194915254237288,0.4194915254237288,0.1245762711864406,0.4305084745762711,0.4031073446327683,0.9666091461216914,0.9264076349631508,0.8093525770329543,0.3362461471373905
S0_FULL,1,L1_EXTENDED,B2_COMMON_NODE_EQUAL_DENSITY,1.0,A2_W0::2020->2021,18,0.4133480825958702,0.4133480825958702,0.090339233038348,0.459070796460177,0.3676253687315634,0.9642266310806844,0.918997105942934,0.7770071276282235,0.2964234699232408
S0_FULL,1,L1_EXTENDED,B2_COMMON_NODE_EQUAL_DENSITY,1.0,A2_W0::2021->2022,19,0.4575908766928011,0.4575908766928011,0.0256593014967925,0.5473984319315752,0.33856022808268,0.9786365105087278,0.9573487822007176,0.8857634331524561,0.3229839915520669
S0_FULL,1,L1_EXTENDED,B2_COMMON_NODE_EQUAL_DENSITY,1.0,A2_W0::2022->2023,20,0.4726890756302521,0.4726890756302521,0.01890756302521,0.8855042016806722,0.1123949579831932,0.9809609763733108,0.946339668813002,0.9999999999677718,0.4167310795554859
S0_FULL,1,L1_EXTENDED,B2_COMMON_NODE_EQUAL_DENSITY,0.75,A2_W0::2002->2003,0,0.5,0.5,0.0,0.7,0.3,0.9999999999563536,0.9999999999586194,0.0,0.0
S0_FULL,1,L1_EXTENDED,B2_COMMON_NODE_EQUAL_DENSITY,0.75,A2_W0::2003->2004,1,0.5,0.5,0.0,0.8571428571428571,0.1428571428571428,0.9999999999413944,0.9999999999706334,0.0,0.0
S0_FULL,1,L1_EXTENDED,B2_COMMON_NODE_EQUAL_DENSITY,0.75,A2_W0::2004->2005,2,0.45,0.45,0.0,0.85,0.15,0.972022828923011,0.827942622779477,0.0,0.2434639817426848
S0_FULL,1,L1_EXTENDED,B2_COMMON_NODE_EQUAL_DENSITY,0.75,A2_W0::2005->2006,3,0.4705882352941176,0.4705882352941176,0.0,0.7647058823529411,0.2352941176470588,0.8320503101441163,0.7071068415089763,0.0,0.9999999999709084
S0_FULL,1,L1_EXTENDED,B2_COMMON_NODE_EQUAL_DENSITY,0.75,A2_W0::2006->2007,4,0.4864864864864865,0.4864864864864865,0.027027027027027,0.7027027027027027,0.2702702702702703,0.7595545393638766,0.7745966912539722,0.9999999998980152,0.9999999998980152
S0_FULL,1,L1_EXTENDED,B2_COMMON_NODE_EQUAL_DENSITY,0.75,A2_W0::2007->2008,5,0.4339622641509434,0.4339622641509434,0.0754716981132075,0.8427672955974843,0.1383647798742138,0.9440833515210222,0.9388272785506668,0.6610051928588194,0.318838843532588
S0_FULL,1,L1_EXTENDED,B2_COMMON_NODE_EQUAL_DENSITY,0.75,A2_W0::2008->2009,6,0.4842105263157895,0.4842105263157895,0.0175438596491228,0.8526315789473684,0.1333333333333333,0.992810274364498,0.9608166235446068,0.8665948662575277,0.4219936197973096
S0_FULL,1,L1_EXTENDED,B2_COMMON_NODE_EQUAL_DENSITY,0.75,A2_W0::2009->2010,7,0.4615384615384615,0.4615384615384615,0.0242914979757085,0.8016194331983806,0.1659919028340081,0.964545969997859,0.9747342781239972,0.9401220038128778,0.3429060322786774
S0_FULL,1,L1_EXTENDED,B2_COMMON_NODE_EQUAL_DENSITY,0.75,A2_W0::2010->2011,8,0.4606413994169096,0.4606413994169096,0.0233236151603498,0.5626822157434402,0.3265306122448979,0.9667154627637192,0.9613993740392408,0.956490803767587,0.3133784638108998
S0_FULL,1,L1_EXTENDED,B2_COMMON_NODE_EQUAL_DENSITY,0.75,A2_W0::2011->2012,9,0.4525407478427612,0.4525407478427612,0.0642377756471716,0.5551294343240653,0.3911792905081496,0.9750246778441224,0.9469612025298568,0.8727971893910109,0.3888240123591837
S0_FULL,1,L1_EXTENDED,B2_COMMON_NODE_EQUAL_DENSITY,0.75,A2_W0::2012->2013,10,0.4514563106796116,0.4514563106796116,0.0398058252427184,0.5776699029126213,0.3679611650485437,0.9784511040512228,0.9351662924017295,0.8331466735332143,0.31549512016682
S0_FULL,1,L1_EXTENDED,B2_COMMON_NODE_EQUAL_DENSITY,0.75,A2_W0::2013->2014,11,0.4519716885743174,0.4519716885743174,0.0535894843276036,0.4034378159757331,0.5308392315470172,0.9863879167639684,0.9445429494208204,0.8164383307663384,0.2497022547371461
S0_FULL,1,L1_EXTENDED,B2_COMMON_NODE_EQUAL_DENSITY,0.75,A2_W0::2014->2015,12,0.4312749003984064,0.4312749003984064,0.0268924302788844,0.4950199203187251,0.449203187250996,0.9873079493921906,0.898113904653576,0.8267836976877867,0.3856542312041914
S0_FULL,1,L1_EXTENDED,B2_COMMON_NODE_EQUAL_DENSITY,0.75,A2_W0::2015->2016,13,0.4606164383561644,0.4606164383561644,0.0659246575342465,0.4854452054794521,0.3835616438356164,0.9770073526837916,0.9700905840351288,0.9164186153996337,0.4080834551972502
S0_FULL,1,L1_EXTENDED,B2_COMMON_NODE_EQUAL_DENSITY,0.75,A2_W0::2016->2017,14,0.4180199057097957,0.4180199057097957,0.0916710319539025,0.394447354635935,0.3776846516500786,0.9746708386011728,0.9110487407649492,0.831729069781115,0.2443993605963106
S0_FULL,1,L1_EXTENDED,B2_COMMON_NODE_EQUAL_DENSITY,0.75,A2_W0::2017->2018,15,0.4518358531317494,0.4518358531317494,0.088120950323974,0.4863930885529157,0.3118790496760259,0.9895122666994072,0.9561889598390436,0.8946389964876116,0.4462354249536756
S0_FULL,1,L1_EXTENDED,B2_COMMON_NODE_EQUAL_DENSITY,0.75,A2_W0::2018->2019,16,0.4569681083442551,0.4569681083442551,0.0484927916120576,0.473569244211446,0.3512450851900393,0.9972744059741716,0.960041748907976,0.8402879256885691,0.2283178094062891
S0_FULL,1,L1_EXTENDED,B2_COMMON_NODE_EQUAL_DENSITY,0.75,A2_W0::2019->2020,17,0.4336640940830576,0.4336640940830576,0.1069459757442116,0.3417861080485115,0.450202131569276,0.9833130509673206,0.9505762976818554,0.8345680312925559,0.3343105036869895
S0_FULL,1,L1_EXTENDED,B2_COMMON_NODE_EQUAL_DENSITY,0.75,A2_W0::2020->2021,18,0.4340607210626186,0.4340607210626186,0.0711574952561669,0.4032258064516129,0.3908918406072106,0.985353754740482,0.94621983790092,0.8150569195522064,0.2771332532441516
S0_FULL,1,L1_EXTENDED,B2_COMMON_NODE_EQUAL_DENSITY,0.75,A2_W0::2021->2022,19,0.4698235840297121,0.4698235840297121,0.0232126276694521,0.4986072423398329,0.3630454967502321,0.9915372139976876,0.9686079746780716,0.9129693626973624,0.3276870848731915
S0_FULL,1,L1_EXTENDED,B2_COMMON_NODE_EQUAL_DENSITY,0.75,A2_W0::2022->2023,20,0.4807162534435262,0.4807162534435262,0.0082644628099173,0.8608815426997245,0.1363636363636363,0.9880343915837452,0.9625791339942628,0.9999999999677718,0.4575468346848839
S0_FULL,1,L1_EXTENDED,B2_COMMON_NODE_EQUAL_DENSITY,0.5,A2_W0::2002->2003,0,0.5,0.5,0.0,0.8333333333333334,0.1666666666666666,0.9999999999559585,0.9999999999857352,0.0,0.0
S0_FULL,1,L1_EXTENDED,B2_COMMON_NODE_EQUAL_DENSITY,0.5,A2_W0::2003->2004,1,0.5,0.5,0.0,0.75,0.25,0.9999999999706092,0.9999999999706334,0.0,0.0
S0_FULL,1,L1_EXTENDED,B2_COMMON_NODE_EQUAL_DENSITY,0.5,A2_W0::2004->2005,2,0.5,0.5,0.0,0.7857142857142857,0.2142857142857142,0.9999999999608042,0.9999999999253156,0.0,0.0
S0_FULL,1,L1_EXTENDED,B2_COMMON_NODE_EQUAL_DENSITY,0.5,A2_W0::2005->2006,3,0.4545454545454545,0.4545454545454545,0.0,0.6363636363636364,0.3636363636363636,0.9258201258861803,0.7071068415089763,0.0,0.9999999999709084
S0_FULL,1,L1_EXTENDED,B2_COMMON_NODE_EQUAL_DENSITY,0.5,A2_W0::2006->2007,4,0.5,0.5,0.0,0.7307692307692307,0.2307692307692307,0.7608859293894726,0.8164966156539352,0.9999999998980212,0.0
S0_FULL,1,L1_EXTENDED,B2_COMMON_NODE_EQUAL_DENSITY,0.5,A2_W0::2007->2008,5,0.4827586206896552,0.4827586206896552,0.0,0.8275862068965517,0.1637931034482758,0.9844753313068152,0.999999999776017,0.5427321277188965,0.2902409725155861
S0_FULL,1,L1_EXTENDED,B2_COMMON_NODE_EQUAL_DENSITY,0.5,A2_W0::2008->2009,6,0.4922279792746113,0.4922279792746113,0.0,0.8808290155440415,0.1088082901554404,0.9944967741109744,0.978843874363994,0.9999999997225976,0.2914868492084051
S0_FULL,1,L1_EXTENDED,B2_COMMON_NODE_EQUAL_DENSITY,0.5,A2_W0::2009->2010,7,0.4702380952380952,0.4702380952380952,0.0059523809523809,0.8154761904761905,0.1607142857142857,0.971672571533567,0.983444270217194,0.8761613805621482,0.2307044691768966
S0_FULL,1,L1_EXTENDED,B2_COMMON_NODE_EQUAL_DENSITY,0.5,A2_W0::2010->2011,8,0.4508928571428571,0.4508928571428571,0.0267857142857142,0.5848214285714286,0.3169642857142857,0.9545628617071336,0.9546238226762688,0.9365502853407728,0.2491327725930689
S0_FULL,1,L1_EXTENDED,B2_COMMON_NODE_EQUAL_DENSITY,0.5,A2_W0::2011->2012,9,0.4508670520231214,0.4508670520231214,0.0635838150289017,0.5043352601156069,0.4176300578034682,0.9798553315568176,0.9441723084691794,0.8831383811867684,0.3990684398514508
S0_FULL,1,L1_EXTENDED,B2_COMMON_NODE_EQUAL_DENSITY,0.5,A2_W0::2012->2013,10,0.4526928675400291,0.4526928675400291,0.0393013100436681,0.50509461426492,0.4163027656477438,0.9782573931324514,0.9418361772117548,0.8724036799320594,0.2737566058160748
S0_FULL,1,L1_EXTENDED,B2_COMMON_NODE_EQUAL_DENSITY,0.5,A2_W0::2013->2014,11,0.4619970193740685,0.4619970193740685,0.03725782414307,0.3412816691505216,0.5618479880774963,0.9915676744915954,0.9629405478592108,0.8591635109079894,0.2305045718232699
S0_FULL,1,L1_EXTENDED,B2_COMMON_NODE_EQUAL_DENSITY,0.5,A2_W0::2014->2015,12,0.464033850493653,0.464033850493653,0.0282087447108603,0.4724964739069111,0.4513399153737659,0.9917007977826218,0.9509946394215965,0.8893480010286784,0.2648869216333352
S0_FULL,1,L1_EXTENDED,B2_COMMON_NODE_EQUAL_DENSITY,0.5,A2_W0::2015->2016,13,0.4703656998738966,0.4703656998738966,0.0453972257250945,0.5245901639344263,0.3102143757881462,0.9793637937947502,0.9786194982185114,0.9469937586429324,0.3597134983076098
S0_FULL,1,L1_EXTENDED,B2_COMMON_NODE_EQUAL_DENSITY,0.5,A2_W0::2016->2017,14,0.4089456869009584,0.4089456869009584,0.1038338658146964,0.2939297124600639,0.4073482428115016,0.9783521671014308,0.9140737642619292,0.8313174115317987,0.2371942535920551
S0_FULL,1,L1_EXTENDED,B2_COMMON_NODE_EQUAL_DENSITY,0.5,A2_W0::2017->2018,15,0.4520725388601036,0.4520725388601036,0.0874352331606217,0.4209844559585492,0.3238341968911917,0.9881673267924568,0.9684148317040744,0.9044643265683776,0.4497456468016253
S0_FULL,1,L1_EXTENDED,B2_COMMON_NODE_EQUAL_DENSITY,0.5,A2_W0::2018->2019,16,0.4620376378974691,0.4620376378974691,0.0428293316028552,0.4282933160285528,0.3627514600908501,0.9977946377946776,0.9793215772217604,0.8571053830024585,0.2219460523529005
S0_FULL,1,L1_EXTENDED,B2_COMMON_NODE_EQUAL_DENSITY,0.5,A2_W0::2019->2020,17,0.451974386339381,0.451974386339381,0.0757737459978655,0.2780149413020277,0.467982924226254,0.9924967359893508,0.9767438193485188,0.8706120388642065,0.3044613561775901
S0_FULL,1,L1_EXTENDED,B2_COMMON_NODE_EQUAL_DENSITY,0.5,A2_W0::2020->2021,18,0.452856159669649,0.452856159669649,0.0543702684101858,0.3372333103922918,0.4060564349621473,0.99902669051262,0.9798807946001876,0.8498745717273325,0.25570501149697
S0_FULL,1,L1_EXTENDED,B2_COMMON_NODE_EQUAL_DENSITY,0.5,A2_W0::2021->2022,19,0.4758620689655172,0.4758620689655172,0.0193103448275862,0.4703448275862069,0.3613793103448275,0.9917988250544858,0.9859801493548036,0.9190177675926056,0.3012002848332938
S0_FULL,1,L1_EXTENDED,B2_COMMON_NODE_EQUAL_DENSITY,0.5,A2_W0::2022->2023,20,0.4877551020408163,0.4877551020408163,0.0061224489795918,0.8081632653061225,0.1877551020408163,0.9903333092608276,0.990404306528742,0.9999999999677718,0.4676046049216836
S0_FULL,1,L2_HIGH,B0_REFERENCE,1.0,A2_W0::2002->2003,0,0.8505747126436781,0.0919540229885057,0.0229885057471264,0.971264367816092,0.028735632183908,0.8050494595977515,0.9516058598005908,0.0,0.8400863472738875
S0_FULL,1,L2_HIGH,B0_REFERENCE,1.0,A2_W0::2003->2004,1,0.4785478547854785,0.4257425742574257,0.0693069306930693,0.9801980198019802,0.0198019801980198,0.7736331090248455,0.8107490882894199,0.0,0.7812631591675623
S0_FULL,1,L2_HIGH,B0_REFERENCE,1.0,A2_W0::2004->2005,2,0.942,0.045,0.0036666666666666,0.9976666666666668,0.0023333333333333,0.9522227276338876,0.5542681859582824,0.0,0.506059397848105
S0_FULL,1,L2_HIGH,B0_REFERENCE,1.0,A2_W0::2005->2006,3,0.0201778385772913,0.9719562243502052,0.0034199726402188,0.9972640218878248,0.0027359781121751,0.9547068047243172,0.8660254146733503,0.0,0.7172465273434415
S0_FULL,1,L2_HIGH,B0_REFERENCE,1.0,A2_W0::2006->2007,4,0.8401559454191033,0.1091617933723196,0.0467836257309941,0.9649122807017544,0.0311890838206627,0.9123175078665692,0.935414348129214,0.9999999996439082,0.8548504153643112
S0_FULL,1,L2_HIGH,B0_REFERENCE,1.0,A2_W0::2007->2008,5,0.7976980965028774,0.1354581673306772,0.0168216024789729,0.9769809650287736,0.0216910137228862,0.6965587559553754,0.8380456131772515,0.6580775349340373,0.6638053798190274
S0_FULL,1,L2_HIGH,B0_REFERENCE,1.0,A2_W0::2008->2009,6,0.5902224087284935,0.2918590012589173,0.0698699118757868,0.899916072177927,0.0992446496013428,0.8780654021024973,0.9703886336740672,0.8662611746085951,0.8543567720859477
S0_FULL,1,L2_HIGH,B0_REFERENCE,1.0,A2_W0::2009->2010,7,0.249833296288064,0.6308068459657702,0.0909090909090909,0.8995332296065792,0.0986885974661035,0.9340965188977404,0.8785285286267217,0.8471678511490965,0.6336038475885922
S0_FULL,1,L2_HIGH,B0_REFERENCE,1.0,A2_W0::2010->2011,8,0.6608127424954053,0.2127833367367776,0.0483969777414743,0.8429650806616296,0.1486624463957525,0.969762194389301,0.9192214177963411,0.6764285040035967,0.7573310455929507
S0_FULL,1,L2_HIGH,B0_REFERENCE,1.0,A2_W0::2011->2012,9,0.7083522469359964,0.1149947041912543,0.0467544257830231,0.9107277954304736,0.0845059766984415,0.7800127025502266,0.8854467601850375,0.7394414592598786,0.882945829385412
S0_FULL,1,L2_HIGH,B0_REFERENCE,1.0,A2_W0::2012->2013,10,0.1016050994547269,0.5544889025420474,0.0913140311804008,0.9159050764150218,0.0794101835496505,0.5395195099150961,0.6388533332333837,0.6963100308551535,0.4554815892918936
S0_FULL,1,L2_HIGH,B0_REFERENCE,1.0,A2_W0::2013->2014,11,0.5259459017733105,0.2593772983574405,0.1606602925553648,0.8956443572771104,0.0984718476750837,0.9276691699686108,0.6751538313285561,0.6478010970804235,0.4804282138735675
S0_FULL,1,L2_HIGH,B0_REFERENCE,1.0,A2_W0::2014->2015,12,0.1437883797827114,0.4343882853094001,0.038261691072272,0.8834199338686821,0.1102503542749173,0.8978462164308065,0.7009288826611648,0.7831652607711072,0.6894736163252307
S0_FULL,1,L2_HIGH,B0_REFERENCE,1.0,A2_W0::2015->2016,13,0.4233843783107002,0.1187518058364634,0.4062409708176827,0.7230087643263026,0.2551285755561976,0.8332860323586535,0.7230749429644424,0.7420712382998351,0.496220680455551
S0_FULL,1,L2_HIGH,B0_REFERENCE,1.0,A2_W0::2016->2017,14,0.453274378585086,0.1017566921606118,0.2084130019120459,0.7788001912045889,0.1870219885277246,0.7597437062947721,0.651340535142428,0.6451390869265229,0.5527518150820876
S0_FULL,1,L2_HIGH,B0_REFERENCE,1.0,A2_W0::2017->2018,15,0.1929023945023086,0.4351981101685815,0.2614087834210243,0.7857296252550199,0.1763126811983249,0.8121732816003528,0.8764298206715452,0.7302794347632457,0.5954695949435148
S0_FULL,1,L2_HIGH,B0_REFERENCE,1.0,A2_W0::2018->2019,16,0.3539670842544829,0.4196757553426676,0.0973962171456644,0.7649226234340457,0.1946696143453697,0.7775801377079857,0.6634858002113181,0.7216375244542386,0.5141564124178134
S0_FULL,1,L2_HIGH,B0_REFERENCE,1.0,A2_W0::2019->2020,17,0.5404590546586268,0.1829896907216494,0.1546391752577319,0.8315016533748298,0.1352849640147831,0.7179598143833235,0.8041194200282731,0.7315048807158642,0.5771413084352213
S0_FULL,1,L2_HIGH,B0_REFERENCE,1.0,A2_W0::2020->2021,18,0.2039327173655531,0.44288083392561,0.1901918976545842,0.8599384032219853,0.1117744610281923,0.6144862233255852,0.8026798287010609,0.7287997321426783,0.5698969226783988
S0_FULL,1,L2_HIGH,B0_REFERENCE,1.0,A2_W0::2021->2022,19,0.0332182206873869,0.8598092419010032,0.0758098996875513,0.8974675217891794,0.0869100476895247,0.5288622571048601,0.8835961666186416,0.8038995585434872,0.4935453746987349
S0_FULL,1,L2_HIGH,B0_REFERENCE,1.0,A2_W0::2022->2023,20,0.7946525352282308,0.1505479947007106,0.0057810429965072,0.983259062989281,0.0165000602191978,0.9747928461797992,0.8163271293558593,0.8553661103631557,0.5843447550928688
S0_FULL,1,L2_HIGH,B2_COMMON_NODE_EQUAL_DENSITY,1.0,A2_W0::2002->2003,0,0.5,0.5,0.0,0.7857142857142857,0.2142857142857142,0.9999999999236394,0.9999999999588756,0.0,0.0
S0_FULL,1,L2_HIGH,B2_COMMON_NODE_EQUAL_DENSITY,1.0,A2_W0::2003->2004,1,0.5,0.5,0.0,0.8333333333333334,0.1666666666666666,0.9999999999326444,0.9999999999634244,0.0,0.0
S0_FULL,1,L2_HIGH,B2_COMMON_NODE_EQUAL_DENSITY,1.0,A2_W0::2004->2005,2,0.44,0.44,0.0,0.88,0.12,0.9784395892845444,0.6019785910189746,0.0,0.2226382206893521
S0_FULL,1,L2_HIGH,B2_COMMON_NODE_EQUAL_DENSITY,1.0,A2_W0::2005->2006,3,0.4782608695652174,0.4782608695652174,0.0,0.782608695652174,0.217391304347826,0.8164966453901631,0.6324556729016829,0.0,0.9999999999712326
S0_FULL,1,L2_HIGH,B2_COMMON_NODE_EQUAL_DENSITY,1.0,A2_W0::2006->2007,4,0.3809523809523809,0.3809523809523809,0.238095238095238,0.8095238095238095,0.1666666666666666,0.7859053352901619,0.9999999997588516,0.9999999998974722,0.99999999964675
S0_FULL,1,L2_HIGH,B2_COMMON_NODE_EQUAL_DENSITY,1.0,A2_W0::2007->2008,5,0.4366197183098591,0.4366197183098591,0.0657276995305164,0.8685446009389671,0.1173708920187793,0.9505837267984086,0.914272073613684,0.6580775349340373,0.3529912870577401
S0_FULL,1,L2_HIGH,B2_COMMON_NODE_EQUAL_DENSITY,1.0,A2_W0::2008->2009,6,0.481578947368421,0.481578947368421,0.0131578947368421,0.8236842105263158,0.1657894736842105,0.990459695805798,0.9619135780511838,0.8662611746085951,0.409737646151027
S0_FULL,1,L2_HIGH,B2_COMMON_NODE_EQUAL_DENSITY,1.0,A2_W0::2009->2010,7,0.463855421686747,0.463855421686747,0.0301204819277108,0.7981927710843374,0.1777108433734939,0.9701676113955096,0.9758901711801874,0.8471678511490965,0.3739184182349841
S0_FULL,1,L2_HIGH,B2_COMMON_NODE_EQUAL_DENSITY,1.0,A2_W0::2010->2011,8,0.4595185995623632,0.4595185995623632,0.0350109409190372,0.5645514223194749,0.3479212253829322,0.9680049685936148,0.9682014039941956,0.9064749440594028,0.3150017838874507
S0_FULL,1,L2_HIGH,B2_COMMON_NODE_EQUAL_DENSITY,1.0,A2_W0::2011->2012,9,0.4465454545454545,0.4465454545454545,0.0698181818181818,0.5847272727272728,0.3738181818181818,0.9718622345554148,0.9304851654815642,0.8657154392694205,0.3607719539793976
S0_FULL,1,L2_HIGH,B2_COMMON_NODE_EQUAL_DENSITY,1.0,A2_W0::2012->2013,10,0.4511661807580175,0.4511661807580175,0.0408163265306122,0.6399416909620991,0.3177842565597668,0.980355374879787,0.927732127634436,0.78501612493778,0.3545532927869393
S0_FULL,1,L2_HIGH,B2_COMMON_NODE_EQUAL_DENSITY,1.0,A2_W0::2013->2014,11,0.4464012251148545,0.4464012251148545,0.0627871362940275,0.4571209800918836,0.4931087289433384,0.9767469309018192,0.935404933986958,0.8073776787949669,0.2593689305193019
S0_FULL,1,L2_HIGH,B2_COMMON_NODE_EQUAL_DENSITY,1.0,A2_W0::2014->2015,12,0.4181957186544342,0.4181957186544342,0.0214067278287461,0.5198776758409785,0.437308868501529,0.9710205280016252,0.8851167272409851,0.8270478191719896,0.3961634403116549
S0_FULL,1,L2_HIGH,B2_COMMON_NODE_EQUAL_DENSITY,1.0,A2_W0::2015->2016,13,0.4377510040160642,0.4377510040160642,0.0896921017402945,0.5020080321285141,0.3868808567603748,0.9442241276903156,0.9602142462339112,0.8933405733483218,0.3743777499268623
S0_FULL,1,L2_HIGH,B2_COMMON_NODE_EQUAL_DENSITY,1.0,A2_W0::2016->2017,14,0.383173677634319,0.383173677634319,0.1395251978342357,0.3990004164931278,0.3994169096209912,0.9365863143173676,0.8896540144448175,0.7514329909717749,0.2413440448199716
S0_FULL,1,L2_HIGH,B2_COMMON_NODE_EQUAL_DENSITY,1.0,A2_W0::2017->2018,15,0.4490394008466297,0.4490394008466297,0.0941061543471182,0.5089547378704006,0.3142298925431455,0.9880803872212988,0.9511842061546664,0.8845978848741421,0.4590281469428309
S0_FULL,1,L2_HIGH,B2_COMMON_NODE_EQUAL_DENSITY,1.0,A2_W0::2018->2019,16,0.4445561139028475,0.4445561139028475,0.0569514237855946,0.4994974874371859,0.348073701842546,0.992341306846752,0.9333045761480092,0.8191775440827239,0.2726533869384959
S0_FULL,1,L2_HIGH,B2_COMMON_NODE_EQUAL_DENSITY,1.0,A2_W0::2019->2020,17,0.4191633691351046,0.4191633691351046,0.1246466930469191,0.434143583945732,0.3996608253250424,0.9656470179597348,0.9262032784477974,0.8090610783960985,0.3349582716837838
S0_FULL,1,L2_HIGH,B2_COMMON_NODE_EQUAL_DENSITY,1.0,A2_W0::2020->2021,18,0.4131316857248248,0.4131316857248248,0.0911102914053854,0.4573957949096274,0.3692364441165621,0.9635207020037456,0.9200520607303428,0.7754367628197407,0.2955284949459414
S0_FULL,1,L2_HIGH,B2_COMMON_NODE_EQUAL_DENSITY,1.0,A2_W0::2021->2022,19,0.4552612741589119,0.4552612741589119,0.0264853256979241,0.5390121689334287,0.3443092340730136,0.9783076869612122,0.9572600711050177,0.8754593313197001,0.3391338552553344
S0_FULL,1,L2_HIGH,B2_COMMON_NODE_EQUAL_DENSITY,1.0,A2_W0::2022->2023,20,0.4699049630411827,0.4699049630411827,0.0211193241816261,0.8827877507919747,0.1151003167898627,0.9786941510672252,0.9425500127287578,0.999999999967468,0.410215424038911
S0_FULL,1,L2_HIGH,B2_COMMON_NODE_EQUAL_DENSITY,0.75,A2_W0::2002->2003,0,0.5,0.5,0.0,0.8,0.2,0.999999999953737,0.9999999999709864,0.0,0.0
S0_FULL,1,L2_HIGH,B2_COMMON_NODE_EQUAL_DENSITY,0.75,A2_W0::2003->2004,1,0.5,0.5,0.0,0.8571428571428571,0.1428571428571428,0.9999999999410858,0.9999999999709864,0.0,0.0
S0_FULL,1,L2_HIGH,B2_COMMON_NODE_EQUAL_DENSITY,0.75,A2_W0::2004->2005,2,0.45,0.45,0.0,0.85,0.15,0.9999999999481995,0.6019785910189746,0.0,0.2087278997592832
S0_FULL,1,L2_HIGH,B2_COMMON_NODE_EQUAL_DENSITY,0.75,A2_W0::2005->2006,3,0.5,0.5,0.0,0.7777777777777778,0.2222222222222222,0.8017838067747403,0.7071069252405026,0.0,0.0
S0_FULL,1,L2_HIGH,B2_COMMON_NODE_EQUAL_DENSITY,0.75,A2_W0::2006->2007,4,0.4411764705882353,0.4411764705882353,0.1176470588235294,0.7941176470588235,0.1764705882352941,0.7453561255812944,0.9999999997863854,0.9999999998974722,0.9999999996956516
S0_FULL,1,L2_HIGH,B2_COMMON_NODE_EQUAL_DENSITY,0.75,A2_W0::2007->2008,5,0.4267515923566879,0.4267515923566879,0.0764331210191082,0.8343949044585988,0.1464968152866242,0.9425527730852468,0.9064343813676348,0.6580775349340373,0.3347734118845535
S0_FULL,1,L2_HIGH,B2_COMMON_NODE_EQUAL_DENSITY,0.75,A2_W0::2008->2009,6,0.4842105263157895,0.4842105263157895,0.0140350877192982,0.8421052631578947,0.143859649122807,0.9928055264930342,0.9591634284061497,0.8662611746085951,0.3771947404173958
S0_FULL,1,L2_HIGH,B2_COMMON_NODE_EQUAL_DENSITY,0.75,A2_W0::2009->2010,7,0.4637096774193548,0.4637096774193548,0.0241935483870967,0.8024193548387096,0.1653225806451612,0.966983308787104,0.9750099472996668,0.939772893825326,0.3430332278282056
S0_FULL,1,L2_HIGH,B2_COMMON_NODE_EQUAL_DENSITY,0.75,A2_W0::2010->2011,8,0.4606413994169096,0.4606413994169096,0.0291545189504373,0.5597667638483965,0.3236151603498542,0.966463768571131,0.9658595948478595,0.9456801370581,0.313916161205349
S0_FULL,1,L2_HIGH,B2_COMMON_NODE_EQUAL_DENSITY,0.75,A2_W0::2011->2012,9,0.4530651340996168,0.4530651340996168,0.0641762452107279,0.5469348659003831,0.4013409961685824,0.9724474547493028,0.9519644862941508,0.8729199627374302,0.3889930707456617
S0_FULL,1,L2_HIGH,B2_COMMON_NODE_EQUAL_DENSITY,0.75,A2_W0::2012->2013,10,0.451988360814743,0.451988360814743,0.0368574199806013,0.5790494665373423,0.3666343355965082,0.9793514193500764,0.9349698782264474,0.8376703764157981,0.3230321353366205
S0_FULL,1,L2_HIGH,B2_COMMON_NODE_EQUAL_DENSITY,0.75,A2_W0::2013->2014,11,0.449746192893401,0.449746192893401,0.0548223350253807,0.3939086294416243,0.5401015228426396,0.986140548383154,0.940613329708258,0.8254307457829273,0.2521675260500048
S0_FULL,1,L2_HIGH,B2_COMMON_NODE_EQUAL_DENSITY,0.75,A2_W0::2014->2015,12,0.4272818455366098,0.4272818455366098,0.0230692076228686,0.4623871614844533,0.4814443329989969,0.9879555836455964,0.8979787078070282,0.8270478191719896,0.4010498599017742
S0_FULL,1,L2_HIGH,B2_COMMON_NODE_EQUAL_DENSITY,0.75,A2_W0::2015->2016,13,0.4606164383561644,0.4606164383561644,0.0659246575342465,0.4828767123287671,0.386986301369863,0.9773459364063836,0.9713651651601846,0.910775183995567,0.4078860256755132
S0_FULL,1,L2_HIGH,B2_COMMON_NODE_EQUAL_DENSITY,0.75,A2_W0::2016->2017,14,0.4180199057097957,0.4180199057097957,0.0932425353588266,0.3981141959140911,0.3729701414353064,0.9749082461290396,0.909906561018674,0.8325644193027102,0.2446723588834893
S0_FULL,1,L2_HIGH,B2_COMMON_NODE_EQUAL_DENSITY,0.75,A2_W0::2017->2018,15,0.4513618677042801,0.4513618677042801,0.088629485516645,0.4872460008646779,0.311284046692607,0.9892267020377872,0.9556262254669966,0.8948992415946824,0.4499919401498296
S0_FULL,1,L2_HIGH,B2_COMMON_NODE_EQUAL_DENSITY,0.75,A2_W0::2018->2019,16,0.4564932225623087,0.4564932225623087,0.0489724529951902,0.4678618277219064,0.3572365544381286,0.9977169365926392,0.9600476045642324,0.8375927447877914,0.2325988330469575
S0_FULL,1,L2_HIGH,B2_COMMON_NODE_EQUAL_DENSITY,0.75,A2_W0::2019->2020,17,0.4324125230202578,0.4324125230202578,0.1079189686924493,0.341804788213628,0.4504604051565377,0.9817822584182154,0.948977481843832,0.8351102184291496,0.3351250756671578
S0_FULL,1,L2_HIGH,B2_COMMON_NODE_EQUAL_DENSITY,0.75,A2_W0::2020->2021,18,0.4343290659080133,0.4343290659080133,0.072072072072072,0.4016121384542437,0.3916548127074443,0.9852927449551452,0.9474920109093946,0.8153112919784881,0.2794182206450784
S0_FULL,1,L2_HIGH,B2_COMMON_NODE_EQUAL_DENSITY,0.75,A2_W0::2021->2022,19,0.4678471575023299,0.4678471575023299,0.0242311276794035,0.5013979496738118,0.3597390493942218,0.9915671803450804,0.9658049943841156,0.9062449858528902,0.3272207482913894
S0_FULL,1,L2_HIGH,B2_COMMON_NODE_EQUAL_DENSITY,0.75,A2_W0::2022->2023,20,0.4792817679558011,0.4792817679558011,0.0151933701657458,0.8591160220994475,0.1381215469613259,0.9843869339063516,0.9790021443475144,0.999999999967468,0.4680986193426666
S0_FULL,1,L2_HIGH,B2_COMMON_NODE_EQUAL_DENSITY,0.5,A2_W0::2002->2003,0,0.5,0.5,0.0,0.8333333333333334,0.1666666666666666,0.9999999999558196,0.9999999999859068,0.0,0.0
S0_FULL,1,L2_HIGH,B2_COMMON_NODE_EQUAL_DENSITY,0.5,A2_W0::2003->2004,1,0.5,0.5,0.0,0.75,0.25,0.9999999999704816,0.9999999999709864,0.0,0.0
S0_FULL,1,L2_HIGH,B2_COMMON_NODE_EQUAL_DENSITY,0.5,A2_W0::2004->2005,2,0.4615384615384615,0.4615384615384615,0.0,0.8461538461538461,0.1538461538461538,0.9999999999575097,0.71576276086106,0.0,0.1569479525548753
S0_FULL,1,L2_HIGH,B2_COMMON_NODE_EQUAL_DENSITY,0.5,A2_W0::2005->2006,3,0.5,0.5,0.0,0.75,0.25,0.8164966910443547,0.8164967317462695,0.0,0.0
S0_FULL,1,L2_HIGH,B2_COMMON_NODE_EQUAL_DENSITY,0.5,A2_W0::2006->2007,4,0.5,0.5,0.0,0.7692307692307693,0.1923076923076923,0.7416199872934968,0.8944272734987475,0.9999999998974722,0.0
S0_FULL,1,L2_HIGH,B2_COMMON_NODE_EQUAL_DENSITY,0.5,A2_W0::2007->2008,5,0.4827586206896552,0.4827586206896552,0.0,0.8189655172413793,0.1724137931034483,0.984325405689188,0.999999999768025,0.530478550484622,0.2857338977454444
S0_FULL,1,L2_HIGH,B2_COMMON_NODE_EQUAL_DENSITY,0.5,A2_W0::2008->2009,6,0.4922279792746113,0.4922279792746113,0.0,0.8860103626943006,0.1036269430051813,0.9945538637878948,0.9776765790354012,0.9999999997269996,0.2941220197667415
S0_FULL,1,L2_HIGH,B2_COMMON_NODE_EQUAL_DENSITY,0.5,A2_W0::2009->2010,7,0.467065868263473,0.467065868263473,0.0059880239520958,0.8203592814371258,0.155688622754491,0.968075066705236,0.9829472711733104,0.8754120084829115,0.229307742779917
S0_FULL,1,L2_HIGH,B2_COMMON_NODE_EQUAL_DENSITY,0.5,A2_W0::2010->2011,8,0.4533333333333333,0.4533333333333333,0.0266666666666666,0.6088888888888889,0.2755555555555555,0.956488983752366,0.9480169970103688,0.9668107134487672,0.2546514094174389
S0_FULL,1,L2_HIGH,B2_COMMON_NODE_EQUAL_DENSITY,0.5,A2_W0::2011->2012,9,0.4524495677233429,0.4524495677233429,0.0619596541786743,0.4971181556195965,0.4250720461095101,0.9770691663823976,0.9488082885921924,0.8932891262440604,0.3896236359787406
S0_FULL,1,L2_HIGH,B2_COMMON_NODE_EQUAL_DENSITY,0.5,A2_W0::2012->2013,10,0.4518950437317784,0.4518950437317784,0.0364431486880466,0.5043731778425656,0.4169096209912536,0.9767635234815306,0.9418706894088056,0.8719033488807055,0.2717854321756283
S0_FULL,1,L2_HIGH,B2_COMMON_NODE_EQUAL_DENSITY,0.5,A2_W0::2013->2014,11,0.4611940298507462,0.4611940298507462,0.0373134328358208,0.3492537313432836,0.5582089552238806,0.9917303834698938,0.9610565018052208,0.851874096028021,0.2225741076107571
S0_FULL,1,L2_HIGH,B2_COMMON_NODE_EQUAL_DENSITY,0.5,A2_W0::2014->2015,12,0.4647887323943662,0.4647887323943662,0.0295774647887323,0.4746478873239436,0.452112676056338,0.993179034178044,0.9515309774989196,0.8848064570899413,0.2744169359730746
S0_FULL,1,L2_HIGH,B2_COMMON_NODE_EQUAL_DENSITY,0.5,A2_W0::2015->2016,13,0.4690265486725664,0.4690265486725664,0.0467762326169405,0.5259165613147914,0.3072060682680151,0.9792968374207152,0.9771833912619012,0.9443160141965868,0.3697663417704763
S0_FULL,1,L2_HIGH,B2_COMMON_NODE_EQUAL_DENSITY,0.5,A2_W0::2016->2017,14,0.4117647058823529,0.4117647058823529,0.1041335453100159,0.2917329093799682,0.410174880763116,0.978328250794005,0.920412437483971,0.8335183673394335,0.2413522552389362
S0_FULL,1,L2_HIGH,B2_COMMON_NODE_EQUAL_DENSITY,0.5,A2_W0::2017->2018,15,0.4524271844660194,0.4524271844660194,0.0867313915857605,0.4213592233009708,0.3229773462783171,0.9889000006640078,0.967671567755315,0.9056528770754468,0.4507557721456575
S0_FULL,1,L2_HIGH,B2_COMMON_NODE_EQUAL_DENSITY,0.5,A2_W0::2018->2019,16,0.4623865110246433,0.4623865110246433,0.0421530479896238,0.427367055771725,0.3631647211413748,0.9985516111934284,0.9793348106912496,0.8570854646435729,0.2169714551420193
S0_FULL,1,L2_HIGH,B2_COMMON_NODE_EQUAL_DENSITY,0.5,A2_W0::2019->2020,17,0.4522666666666666,0.4522666666666666,0.0746666666666666,0.2773333333333333,0.4709333333333333,0.9924791781318532,0.9774322943148338,0.8694787325859902,0.3048190693951998
S0_FULL,1,L2_HIGH,B2_COMMON_NODE_EQUAL_DENSITY,0.5,A2_W0::2020->2021,18,0.4521019986216402,0.4521019986216402,0.0544452101998621,0.3370089593383873,0.4059269469331495,0.9981894396837936,0.9789508397107368,0.8496726116515385,0.2541861616775666
S0_FULL,1,L2_HIGH,B2_COMMON_NODE_EQUAL_DENSITY,0.5,A2_W0::2021->2022,19,0.4751381215469613,0.4751381215469613,0.0193370165745856,0.468232044198895,0.361878453038674,0.991768757369098,0.9845451731630936,0.919545815121346,0.3078090206813562
S0_FULL,1,L2_HIGH,B2_COMMON_NODE_EQUAL_DENSITY,0.5,A2_W0::2022->2023,20,0.4845995893223819,0.4845995893223819,0.0061601642710472,0.811088295687885,0.1848049281314168,0.9875602732661372,0.9902254857664508,0.999999999967468,0.4818663140162556
S0_FULL,2,L0_STAGE15_MATCHED,B0_REFERENCE,1.0,A2_W0::2002->2003,0,0.7786885245901639,0.1721311475409836,0.0327868852459016,0.9590163934426228,0.040983606557377,0.9675114879357344,0.9633956531598998,0.0,0.927526997788081
S0_FULL,2,L0_STAGE15_MATCHED,B0_REFERENCE,1.0,A2_W0::2003->2004,1,0.5992063492063492,0.3095238095238095,0.0634920634920634,0.9761904761904762,0.0238095238095238,0.850827080877861,0.7327404295044384,0.0,0.7605062252265583
S0_FULL,2,L0_STAGE15_MATCHED,B0_REFERENCE,1.0,A2_W0::2004->2005,2,0.9389901823281908,0.0487377279102384,0.002805049088359,0.9978962131837308,0.0021037868162692,0.9765190299045782,0.531559572743213,0.0,0.4663173869189941
S0_FULL,2,L0_STAGE15_MATCHED,B0_REFERENCE,1.0,A2_W0::2005->2006,3,0.0369712051190899,0.9587628865979382,0.0003554923569143,0.9971560611446854,0.0028439388553146,0.973231587430192,0.8660254037476366,0.0,0.8582506161790595
S0_FULL,2,L0_STAGE15_MATCHED,B0_REFERENCE,1.0,A2_W0::2006->2007,4,0.8735511064278187,0.0674394099051633,0.0453108535300316,0.9831401475237092,0.0147523709167544,0.6637126399007847,0.9999999988586412,0.9999999996057688,0.8864052566352633
S0_FULL,2,L0_STAGE15_MATCHED,B0_REFERENCE,1.0,A2_W0::2007->2008,5,0.6185344827586207,0.2418103448275862,0.096551724137931,0.9775862068965516,0.0211206896551724,0.6876293151207624,0.843737357683098,0.6331046250339811,0.8173898755140936
S0_FULL,2,L0_STAGE15_MATCHED,B0_REFERENCE,1.0,A2_W0::2008->2009,6,0.6946180555555556,0.2098958333333333,0.0612847222222222,0.9173611111111112,0.0817708333333333,0.7910811094048357,0.9721816670544032,0.8950330902596965,0.8748418379986519
S0_FULL,2,L0_STAGE15_MATCHED,B0_REFERENCE,1.0,A2_W0::2009->2010,7,0.1922257720979765,0.6979055733049343,0.0766773162939297,0.9192403265885694,0.0793397231096911,0.8252713610532416,0.880411893799355,0.8356084689267468,0.6571872120987332
S0_FULL,2,L0_STAGE15_MATCHED,B0_REFERENCE,1.0,A2_W0::2010->2011,8,0.8265919510952624,0.0727457972491085,0.0267957208354559,0.9217524197656648,0.0739684156902699,0.6545091828398014,0.9210282329799114,0.6710635646901253,0.8175386501850149
S0_FULL,2,L0_STAGE15_MATCHED,B0_REFERENCE,1.0,A2_W0::2011->2012,9,0.3320366972477064,0.5558165137614679,0.084697247706422,0.9131743119266056,0.0822018348623853,0.7670360247572048,0.8833646509781826,0.7462087210752094,0.8119013173476334
S0_FULL,2,L0_STAGE15_MATCHED,B0_REFERENCE,1.0,A2_W0::2012->2013,10,0.2013723937714436,0.2315914489311163,0.1897598310899973,0.8555027711797308,0.1364476115069939,0.7356753569960498,0.6370033165843434,0.7025595292893186,0.42121877151573
S0_FULL,2,L0_STAGE15_MATCHED,B0_REFERENCE,1.0,A2_W0::2013->2014,11,0.518163011998345,0.264294580057923,0.1535788167149358,0.8946628051303268,0.0993793959453868,0.9162053365016452,0.6784749948621203,0.6339802155576841,0.5017029145594896
S0_FULL,2,L0_STAGE15_MATCHED,B0_REFERENCE,1.0,A2_W0::2014->2015,12,0.1667291471415182,0.3850984067478913,0.0521087160262418,0.8833177132146204,0.1103092783505154,0.8777732249467123,0.7013714687071143,0.7702439375664906,0.700445566888465
S0_FULL,2,L0_STAGE15_MATCHED,B0_REFERENCE,1.0,A2_W0::2015->2016,13,0.3732925780876874,0.1182538924443595,0.4486579424968956,0.7220364886808673,0.2562804470341007,0.8306053874747069,0.7209997808170399,0.7354693360135904,0.5701766242791562
S0_FULL,2,L0_STAGE15_MATCHED,B0_REFERENCE,1.0,A2_W0::2016->2017,14,0.3598474341192788,0.1911927877947295,0.2796809986130374,0.7434119278779473,0.2172676837725381,0.8402963253838567,0.6497720125846113,0.6401874213247598,0.4462996345947254
S0_FULL,2,L0_STAGE15_MATCHED,B0_REFERENCE,1.0,A2_W0::2017->2018,15,0.337517750639023,0.4055666003976143,0.1573416642999148,0.7701789264413519,0.1898324339676228,0.8446902640659777,0.8703485500932394,0.7282550403786618,0.6661862732422272
S0_FULL,2,L0_STAGE15_MATCHED,B0_REFERENCE,1.0,A2_W0::2018->2019,16,0.3778610070744902,0.2738838356815885,0.0970810296652993,0.7715355805243446,0.1897627965043695,0.7621104608877542,0.6606661147900694,0.7243430252264432,0.418419383238469
S0_FULL,2,L0_STAGE15_MATCHED,B0_REFERENCE,1.0,A2_W0::2019->2020,17,0.3536540191564798,0.16849235328359,0.3185690850399534,0.8172725829496745,0.1469545430491612,0.756166336693418,0.8061231368307836,0.7282436381463295,0.5847627901185546
S0_FULL,2,L0_STAGE15_MATCHED,B0_REFERENCE,1.0,A2_W0::2020->2021,18,0.2302454318326556,0.5142311272228481,0.0931759173075981,0.8584235536177925,0.1123793660902366,0.625434232928063,0.8168479283349599,0.7225921872414702,0.4750850491344822
S0_FULL,2,L0_STAGE15_MATCHED,B0_REFERENCE,1.0,A2_W0::2021->2022,19,0.1378141031214677,0.3719676549865229,0.3706634205721241,0.8800104338753152,0.1032084166594209,0.5501753512676659,0.8359253235027252,0.7977220395501861,0.4595781991847771
S0_FULL,2,L0_STAGE15_MATCHED,B0_REFERENCE,1.0,A2_W0::2022->2023,20,0.1284990347490347,0.1788127413127413,0.6469594594594594,0.9833494208494208,0.0164092664092664,0.9618247952495954,0.8344476606069132,0.858310223937849,0.97511200826921
S0_FULL,2,L0_STAGE15_MATCHED,B2_COMMON_NODE_EQUAL_DENSITY,1.0,A2_W0::2002->2003,0,0.5,0.5,0.0,0.7857142857142857,0.2142857142857142,0.9999999999228468,0.9999999999585666,0.0,0.0
S0_FULL,2,L0_STAGE15_MATCHED,B2_COMMON_NODE_EQUAL_DENSITY,1.0,A2_W0::2003->2004,1,0.5,0.5,0.0,0.8333333333333334,0.1666666666666666,0.9999999999330458,0.99999999996405,0.0,0.0
S0_FULL,2,L0_STAGE15_MATCHED,B2_COMMON_NODE_EQUAL_DENSITY,1.0,A2_W0::2004->2005,2,0.3636363636363636,0.3636363636363636,0.0,0.8636363636363636,0.1363636363636363,0.8675005891512987,0.8228772331840027,0.0,0.234509770826794
S0_FULL,2,L0_STAGE15_MATCHED,B2_COMMON_NODE_EQUAL_DENSITY,1.0,A2_W0::2005->2006,3,0.5,0.5,0.0,0.8333333333333334,0.1666666666666666,0.7416198487008375,0.8660254038161207,0.0,0.0
S0_FULL,2,L0_STAGE15_MATCHED,B2_COMMON_NODE_EQUAL_DENSITY,1.0,A2_W0::2006->2007,4,0.5,0.5,0.0,0.8269230769230769,0.1538461538461538,0.698836241793278,0.935414346508627,0.9999999998863984,0.0
S0_FULL,2,L0_STAGE15_MATCHED,B2_COMMON_NODE_EQUAL_DENSITY,1.0,A2_W0::2007->2008,5,0.4392523364485981,0.4392523364485981,0.0654205607476635,0.8644859813084113,0.1214953271028037,0.9485691204214584,0.9515951248293214,0.6331046250339811,0.3511658866829021
S0_FULL,2,L0_STAGE15_MATCHED,B2_COMMON_NODE_EQUAL_DENSITY,1.0,A2_W0::2008->2009,6,0.4829396325459317,0.4829396325459317,0.0052493438320209,0.8320209973753281,0.1548556430446194,0.990374507495046,0.968484311114778,0.8950330902596965,0.4180521800720169
S0_FULL,2,L0_STAGE15_MATCHED,B2_COMMON_NODE_EQUAL_DENSITY,1.0,A2_W0::2009->2010,7,0.4622356495468278,0.4622356495468278,0.039274924471299,0.7915407854984894,0.1842900302114803,0.9697501664425676,0.9670637634163316,0.9186593539656208,0.4093049198310185
S0_FULL,2,L0_STAGE15_MATCHED,B2_COMMON_NODE_EQUAL_DENSITY,1.0,A2_W0::2010->2011,8,0.4630434782608695,0.4630434782608695,0.0195652173913043,0.5673913043478261,0.3456521739130435,0.9686469531478326,0.9713228641745336,0.9236324075653792,0.2983078938506425
S0_FULL,2,L0_STAGE15_MATCHED,B2_COMMON_NODE_EQUAL_DENSITY,1.0,A2_W0::2011->2012,9,0.4461426491994177,0.4461426491994177,0.0698689956331877,0.5749636098981077,0.383551673944687,0.9693633684735152,0.9350568994337008,0.8611584789706495,0.3618563698543381
S0_FULL,2,L0_STAGE15_MATCHED,B2_COMMON_NODE_EQUAL_DENSITY,1.0,A2_W0::2012->2013,10,0.4471365638766519,0.4471365638766519,0.0418502202643171,0.6336270190895742,0.3237885462555066,0.9816447801030854,0.9148203594891496,0.7858526226736781,0.3584267782041834
S0_FULL,2,L0_STAGE15_MATCHED,B2_COMMON_NODE_EQUAL_DENSITY,1.0,A2_W0::2013->2014,11,0.4539274924471299,0.4539274924471299,0.0589123867069486,0.5279456193353474,0.4229607250755287,0.9807386379953046,0.9415052989498351,0.8090549878377612,0.2758153653101234
S0_FULL,2,L0_STAGE15_MATCHED,B2_COMMON_NODE_EQUAL_DENSITY,1.0,A2_W0::2014->2015,12,0.4428989751098097,0.4428989751098097,0.0153733528550512,0.6449487554904831,0.3169838945827233,0.984243200092659,0.8975567873720641,0.8220388364750534,0.4192674094928894
S0_FULL,2,L0_STAGE15_MATCHED,B2_COMMON_NODE_EQUAL_DENSITY,1.0,A2_W0::2015->2016,13,0.4381270903010033,0.4381270903010033,0.0963210702341137,0.4996655518394648,0.3859531772575251,0.9508622057704732,0.9594259033375512,0.8773841413138677,0.3901175866869026
S0_FULL,2,L0_STAGE15_MATCHED,B2_COMMON_NODE_EQUAL_DENSITY,1.0,A2_W0::2016->2017,14,0.3885218827415359,0.3885218827415359,0.1370767960363336,0.4141205615194054,0.393476465730801,0.943433269316045,0.892107768484955,0.7518477009466561,0.2457252873206624
S0_FULL,2,L0_STAGE15_MATCHED,B2_COMMON_NODE_EQUAL_DENSITY,1.0,A2_W0::2017->2018,15,0.4497560975609756,0.4497560975609756,0.0917073170731707,0.5115447154471545,0.3170731707317073,0.9876974145876156,0.954682229779116,0.8784885692274623,0.4546593575216861
S0_FULL,2,L0_STAGE15_MATCHED,B2_COMMON_NODE_EQUAL_DENSITY,1.0,A2_W0::2018->2019,16,0.4411863835524098,0.4411863835524098,0.0633636670037074,0.5045500505561172,0.344118638355241,0.9887523467556598,0.930613028248846,0.813017383431874,0.2757077168365031
S0_FULL,2,L0_STAGE15_MATCHED,B2_COMMON_NODE_EQUAL_DENSITY,1.0,A2_W0::2019->2020,17,0.4178470254957507,0.4178470254957507,0.1266288951841359,0.4311614730878187,0.4039660056657224,0.9683084855586088,0.9241409716896674,0.7983977664343463,0.3370901072052402
S0_FULL,2,L0_STAGE15_MATCHED,B2_COMMON_NODE_EQUAL_DENSITY,1.0,A2_W0::2020->2021,18,0.4144276775855723,0.4144276775855723,0.0894368789105631,0.4611704085388295,0.3658446816341553,0.9640440926732672,0.9214421564624294,0.780122569412636,0.3023691343327719
S0_FULL,2,L0_STAGE15_MATCHED,B2_COMMON_NODE_EQUAL_DENSITY,1.0,A2_W0::2021->2022,19,0.4544802867383513,0.4544802867383513,0.0315412186379928,0.546236559139785,0.3390681003584229,0.9767147263250878,0.9544638027024512,0.8808118434880141,0.3315754282269759
S0_FULL,2,L0_STAGE15_MATCHED,B2_COMMON_NODE_EQUAL_DENSITY,1.0,A2_W0::2022->2023,20,0.471578947368421,0.471578947368421,0.0231578947368421,0.8842105263157894,0.1136842105263157,0.9793059835959108,0.9515670498514576,0.9999999999665352,0.416902160991201
S0_FULL,2,L0_STAGE15_MATCHED,B2_COMMON_NODE_EQUAL_DENSITY,0.75,A2_W0::2002->2003,0,0.5,0.5,0.0,0.7,0.3,0.9999999999577276,0.9999999999585666,0.0,0.0
S0_FULL,2,L0_STAGE15_MATCHED,B2_COMMON_NODE_EQUAL_DENSITY,0.75,A2_W0::2003->2004,1,0.5,0.5,0.0,0.7857142857142857,0.2142857142857142,0.9999999999413974,0.99999999996405,0.0,0.0
S0_FULL,2,L0_STAGE15_MATCHED,B2_COMMON_NODE_EQUAL_DENSITY,0.75,A2_W0::2004->2005,2,0.3888888888888889,0.3888888888888889,0.0,0.8333333333333334,0.1666666666666666,0.9008882787189938,0.8228772331840027,0.0,0.2265922466772714
S0_FULL,2,L0_STAGE15_MATCHED,B2_COMMON_NODE_EQUAL_DENSITY,0.75,A2_W0::2005->2006,3,0.5,0.5,0.0,0.8333333333333334,0.1666666666666666,0.7745966692429088,0.8164965810083566,0.0,0.0
S0_FULL,2,L0_STAGE15_MATCHED,B2_COMMON_NODE_EQUAL_DENSITY,0.75,A2_W0::2006->2007,4,0.5,0.5,0.0,0.8157894736842105,0.1578947368421052,0.7184212080125206,0.9128709290645488,0.9999999998863984,0.0
S0_FULL,2,L0_STAGE15_MATCHED,B2_COMMON_NODE_EQUAL_DENSITY,0.75,A2_W0::2007->2008,5,0.4545454545454545,0.4545454545454545,0.0484848484848484,0.8545454545454545,0.1272727272727272,0.9575086842716888,0.9860146039433418,0.6331046250339811,0.2437500649169299
S0_FULL,2,L0_STAGE15_MATCHED,B2_COMMON_NODE_EQUAL_DENSITY,0.75,A2_W0::2008->2009,6,0.4878048780487805,0.4878048780487805,0.0,0.8606271777003485,0.1289198606271777,0.992504160529128,0.9777719124787244,0.817602424014809,0.3139057493171572
S0_FULL,2,L0_STAGE15_MATCHED,B2_COMMON_NODE_EQUAL_DENSITY,0.75,A2_W0::2009->2010,7,0.4637096774193548,0.4637096774193548,0.0282258064516129,0.8064516129032258,0.1612903225806451,0.9671418117290862,0.9752396324617062,0.9413154762766108,0.3499959642383897
S0_FULL,2,L0_STAGE15_MATCHED,B2_COMMON_NODE_EQUAL_DENSITY,0.75,A2_W0::2010->2011,8,0.4590643274853801,0.4590643274853801,0.0175438596491228,0.5789473684210527,0.3333333333333333,0.9627402501504996,0.968701524302602,0.9247330156573071,0.2770750514261174
S0_FULL,2,L0_STAGE15_MATCHED,B2_COMMON_NODE_EQUAL_DENSITY,0.75,A2_W0::2011->2012,9,0.4556720686367969,0.4556720686367969,0.0581506196377502,0.5271687321258341,0.4223069590085796,0.97136362269036,0.9576479508984737,0.8709607027990792,0.3630321520474431
S0_FULL,2,L0_STAGE15_MATCHED,B2_COMMON_NODE_EQUAL_DENSITY,0.75,A2_W0::2012->2013,10,0.451988360814743,0.451988360814743,0.0397672162948593,0.5829291949563531,0.3627546071774976,0.9803355502059588,0.933857734997502,0.8290301054752993,0.3217029382066078
S0_FULL,2,L0_STAGE15_MATCHED,B2_COMMON_NODE_EQUAL_DENSITY,0.75,A2_W0::2013->2014,11,0.4601593625498008,0.4601593625498008,0.045816733067729,0.4830677290836653,0.4571713147410358,0.9875994763751236,0.9529376721205972,0.8172176237601482,0.2722626589875228
S0_FULL,2,L0_STAGE15_MATCHED,B2_COMMON_NODE_EQUAL_DENSITY,0.75,A2_W0::2014->2015,12,0.4477756286266924,0.4477756286266924,0.0154738878143133,0.5967117988394585,0.3539651837524178,0.9845753355291584,0.9176956272787078,0.8507150881129107,0.3997079140727488
S0_FULL,2,L0_STAGE15_MATCHED,B2_COMMON_NODE_EQUAL_DENSITY,0.75,A2_W0::2015->2016,13,0.4592274678111588,0.4592274678111588,0.0686695278969957,0.4935622317596566,0.375107296137339,0.977046812178819,0.9670616711247793,0.919971261540466,0.4240642917603027
S0_FULL,2,L0_STAGE15_MATCHED,B2_COMMON_NODE_EQUAL_DENSITY,0.75,A2_W0::2016->2017,14,0.4143384290985767,0.4143384290985767,0.0996309963099631,0.3863995782814971,0.385872430152873,0.9747573720296704,0.9063838032404836,0.8252299379569129,0.2481712977995884
S0_FULL,2,L0_STAGE15_MATCHED,B2_COMMON_NODE_EQUAL_DENSITY,0.75,A2_W0::2017->2018,15,0.4499349804941482,0.4499349804941482,0.0927611616818378,0.4729085392284352,0.3246640658864326,0.9883519828927202,0.957242622885823,0.8930269385242781,0.4581251497963259
S0_FULL,2,L0_STAGE15_MATCHED,B2_COMMON_NODE_EQUAL_DENSITY,0.75,A2_W0::2018->2019,16,0.4555409548839246,0.4555409548839246,0.0499342969776609,0.4660534384581691,0.3587385019710907,0.9972380289532567,0.9595735655325512,0.8359432267250732,0.2408018606731515
S0_FULL,2,L0_STAGE15_MATCHED,B2_COMMON_NODE_EQUAL_DENSITY,0.75,A2_W0::2019->2020,17,0.4334558823529412,0.4334558823529412,0.1073529411764705,0.3514705882352941,0.4459558823529412,0.9833466259204692,0.949283805213864,0.8313745384828849,0.3338564484233533
S0_FULL,2,L0_STAGE15_MATCHED,B2_COMMON_NODE_EQUAL_DENSITY,0.75,A2_W0::2020->2021,18,0.4337921214997627,0.4337921214997627,0.0697674418604651,0.4091124822021832,0.3853820598006645,0.9861148674711556,0.9481490831353236,0.8072128524654298,0.2830010790823261
S0_FULL,2,L0_STAGE15_MATCHED,B2_COMMON_NODE_EQUAL_DENSITY,0.75,A2_W0::2021->2022,19,0.46485473289597,0.46485473289597,0.0243673851921274,0.4985941893158388,0.3636363636363636,0.991500029895334,0.9623853839043576,0.8950139604276208,0.3288128256192772
S0_FULL,2,L0_STAGE15_MATCHED,B2_COMMON_NODE_EQUAL_DENSITY,0.75,A2_W0::2022->2023,20,0.4814305364511692,0.4814305364511692,0.0165061898211829,0.859697386519945,0.1375515818431912,0.988301266869734,0.9576415999892414,0.9999999999665352,0.3929878421786218
S0_FULL,2,L0_STAGE15_MATCHED,B2_COMMON_NODE_EQUAL_DENSITY,0.5,A2_W0::2002->2003,0,0.5,0.5,0.0,0.8333333333333334,0.1666666666666666,0.9999999999574882,0.9999999999857184,0.0,0.0
S0_FULL,2,L0_STAGE15_MATCHED,B2_COMMON_NODE_EQUAL_DENSITY,0.5,A2_W0::2003->2004,1,0.5,0.5,0.0,0.75,0.25,0.999999999969434,0.9999999999703888,0.0,0.0
S0_FULL,2,L0_STAGE15_MATCHED,B2_COMMON_NODE_EQUAL_DENSITY,0.5,A2_W0::2004->2005,2,0.4615384615384615,0.4615384615384615,0.0,0.7692307692307693,0.2307692307692307,0.9999999999579404,0.8228772331840027,0.0,0.1771463319173492
S0_FULL,2,L0_STAGE15_MATCHED,B2_COMMON_NODE_EQUAL_DENSITY,0.5,A2_W0::2005->2006,3,0.5,0.5,0.0,0.75,0.25,0.8164965809485388,0.8164965810083566,0.0,0.0
S0_FULL,2,L0_STAGE15_MATCHED,B2_COMMON_NODE_EQUAL_DENSITY,0.5,A2_W0::2006->2007,4,0.5,0.5,0.0,0.7692307692307693,0.1923076923076923,0.7416198486492793,0.894427190940253,0.9999999998863984,0.0
S0_FULL,2,L0_STAGE15_MATCHED,B2_COMMON_NODE_EQUAL_DENSITY,0.5,A2_W0::2007->2008,5,0.4871794871794871,0.4871794871794871,0.0,0.8461538461538461,0.1452991452991453,0.994970189725486,0.9826949974476332,0.447868897487564,0.4560371157374117
S0_FULL,2,L0_STAGE15_MATCHED,B2_COMMON_NODE_EQUAL_DENSITY,0.5,A2_W0::2008->2009,6,0.4922279792746113,0.4922279792746113,0.0,0.8704663212435233,0.1191709844559585,0.9944952250582522,0.9800863382400696,0.999999999742186,0.2878534480839622
S0_FULL,2,L0_STAGE15_MATCHED,B2_COMMON_NODE_EQUAL_DENSITY,0.5,A2_W0::2009->2010,7,0.4733727810650887,0.4733727810650887,0.0059171597633136,0.8047337278106509,0.1715976331360946,0.974923527650148,0.9848891450526356,0.8787204631939421,0.231783235078226
S0_FULL,2,L0_STAGE15_MATCHED,B2_COMMON_NODE_EQUAL_DENSITY,0.5,A2_W0::2010->2011,8,0.4533333333333333,0.4533333333333333,0.0177777777777777,0.5955555555555555,0.3244444444444444,0.9599167762459644,0.9571224158364346,0.932425566566712,0.3083431448331271
S0_FULL,2,L0_STAGE15_MATCHED,B2_COMMON_NODE_EQUAL_DENSITY,0.5,A2_W0::2011->2012,9,0.4586894586894587,0.4586894586894587,0.0527065527065527,0.4729344729344729,0.452991452991453,0.976776575928845,0.9593656857315858,0.9003965340273244,0.3619265627825161
S0_FULL,2,L0_STAGE15_MATCHED,B2_COMMON_NODE_EQUAL_DENSITY,0.5,A2_W0::2012->2013,10,0.4534883720930232,0.4534883720930232,0.0377906976744186,0.498546511627907,0.4273255813953488,0.980539517276544,0.9404497827797522,0.874283757379739,0.2735771958369714
S0_FULL,2,L0_STAGE15_MATCHED,B2_COMMON_NODE_EQUAL_DENSITY,0.5,A2_W0::2013->2014,11,0.4714494875549048,0.4714494875549048,0.0292825768667642,0.4099560761346998,0.5095168374816984,0.9896177564484974,0.9750570160628328,0.8608319498754473,0.2165616084629988
S0_FULL,2,L0_STAGE15_MATCHED,B2_COMMON_NODE_EQUAL_DENSITY,0.5,A2_W0::2014->2015,12,0.464033850493653,0.464033850493653,0.0141043723554301,0.5486600846262342,0.385049365303244,0.9909225454387768,0.9442173140061444,0.9057000153417007,0.3405788843450402
S0_FULL,2,L0_STAGE15_MATCHED,B2_COMMON_NODE_EQUAL_DENSITY,0.5,A2_W0::2015->2016,13,0.4710327455919395,0.4710327455919395,0.0465994962216624,0.5100755667506297,0.3224181360201511,0.9803304698186118,0.9739815369000384,0.9579368026267144,0.3648325653322442
S0_FULL,2,L0_STAGE15_MATCHED,B2_COMMON_NODE_EQUAL_DENSITY,0.5,A2_W0::2016->2017,14,0.4089456869009584,0.4089456869009584,0.1038338658146964,0.2915335463258786,0.4105431309904153,0.974320189721563,0.9166556276417288,0.8340967925771907,0.2468168180812824
S0_FULL,2,L0_STAGE15_MATCHED,B2_COMMON_NODE_EQUAL_DENSITY,0.5,A2_W0::2017->2018,15,0.4485006518904824,0.4485006518904824,0.0958279009126466,0.4028683181225554,0.3402868318122555,0.9874726763215416,0.9647682555768065,0.9002510745145537,0.4486075902536114
S0_FULL,2,L0_STAGE15_MATCHED,B2_COMMON_NODE_EQUAL_DENSITY,0.5,A2_W0::2018->2019,16,0.4606376057254391,0.4606376057254391,0.0455432661027976,0.4235523747560182,0.3695510735198438,0.9985349592231676,0.9777923395113448,0.849388215521279,0.2145633094552134
S0_FULL,2,L0_STAGE15_MATCHED,B2_COMMON_NODE_EQUAL_DENSITY,0.5,A2_W0::2019->2020,17,0.4531416400425985,0.4531416400425985,0.0761448349307774,0.2768903088391906,0.4728434504792332,0.9934290030670194,0.9768420833787512,0.8716964686704162,0.2983677743127507
S0_FULL,2,L0_STAGE15_MATCHED,B2_COMMON_NODE_EQUAL_DENSITY,0.5,A2_W0::2020->2021,18,0.452856159669649,0.452856159669649,0.0523055746730901,0.3351686166551961,0.4088093599449415,0.9981675354156612,0.9808025509052712,0.8501602201481997,0.2633375387175477
S0_FULL,2,L0_STAGE15_MATCHED,B2_COMMON_NODE_EQUAL_DENSITY,0.5,A2_W0::2021->2022,19,0.4751381215469613,0.4751381215469613,0.0193370165745856,0.4613259668508287,0.3715469613259669,0.9933360397873996,0.9843283407033382,0.9132827799261666,0.2945032930431868
S0_FULL,2,L0_STAGE15_MATCHED,B2_COMMON_NODE_EQUAL_DENSITY,0.5,A2_W0::2022->2023,20,0.4887983706720977,0.4887983706720977,0.0061099796334012,0.814663951120163,0.1812627291242362,0.9956661417733972,0.9632870976625638,0.9999999999665352,0.3198703432758179
S0_FULL,2,L1_EXTENDED,B0_REFERENCE,1.0,A2_W0::2002->2003,0,0.8009049773755657,0.1809954751131221,0.0090497737556561,0.9773755656108596,0.0226244343891402,0.7121953421796274,0.9554102952975052,0.0,0.8837472332089105
S0_FULL,2,L1_EXTENDED,B0_REFERENCE,1.0,A2_W0::2003->2004,1,0.3489208633093525,0.5323741007194245,0.0863309352517985,0.9784172661870504,0.0215827338129496,0.8098483757582481,0.8106983080069671,0.0,0.7654625110630476
S0_FULL,2,L1_EXTENDED,B0_REFERENCE,1.0,A2_W0::2004->2005,2,0.9538843561546648,0.0322809506917346,0.0021284143313231,0.9975168499467896,0.0024831500532103,0.98242824485628,0.5552233064857334,0.0,0.429746979882534
S0_FULL,2,L1_EXTENDED,B0_REFERENCE,1.0,A2_W0::2005->2006,3,0.0058309037900874,0.9897959183673468,0.0003644314868804,0.9967201166180758,0.0032798833819241,0.9857973794130168,0.8164966041527542,0.0,0.8094936505258122
S0_FULL,2,L1_EXTENDED,B0_REFERENCE,1.0,A2_W0::2006->2007,4,0.9628647214854112,0.0185676392572944,0.0092838196286472,0.9774535809018567,0.019893899204244,0.7476784508864864,0.9660917932386848,0.9999999996533904,0.7071067961170425
S0_FULL,2,L1_EXTENDED,B0_REFERENCE,1.0,A2_W0::2007->2008,5,0.6954732510288066,0.2316872427983539,0.0316872427983539,0.9790123456790124,0.019753086419753,0.6711598251056027,0.8474021536969478,0.6550711755077556,0.6654905855353833
S0_FULL,2,L1_EXTENDED,B0_REFERENCE,1.0,A2_W0::2008->2009,6,0.6835593220338984,0.2164406779661017,0.0622033898305084,0.918135593220339,0.0810169491525423,0.7815945219774411,0.965259700531816,0.8946212177510506,0.8631417280955604
S0_FULL,2,L1_EXTENDED,B0_REFERENCE,1.0,A2_W0::2009->2010,7,0.1686746987951807,0.728825750764251,0.0812803452616435,0.91764071210214,0.080920697716238,0.831850596809096,0.8724433513215524,0.8458361209782648,0.6810658846831633
S0_FULL,2,L1_EXTENDED,B0_REFERENCE,1.0,A2_W0::2010->2011,8,0.7370990237099023,0.1633542538354253,0.0320781032078103,0.8673291492329149,0.1253486750348675,0.8831781883409318,0.9250458712719664,0.6855070938947309,0.7374289645528574
S0_FULL,2,L1_EXTENDED,B0_REFERENCE,1.0,A2_W0::2011->2012,9,0.4576175406871609,0.3292269439421338,0.170999095840868,0.8665235081374322,0.1263562386980108,0.9769660010421584,0.884573322642955,0.7403754167961122,0.8486155941546486
S0_FULL,2,L1_EXTENDED,B0_REFERENCE,1.0,A2_W0::2012->2013,10,0.2142195154243347,0.2432146167085926,0.1284257910763935,0.8556864821925063,0.1362372567191844,0.7332953982946151,0.6379817759487837,0.6990681902728796,0.3596040105781987
S0_FULL,2,L1_EXTENDED,B0_REFERENCE,1.0,A2_W0::2013->2014,11,0.534944268163697,0.0922626311935562,0.1615816451061752,0.8960214791310716,0.0981205760312423,0.9257911071589664,0.6798930522390875,0.6420683767088287,0.748821894555707
S0_FULL,2,L1_EXTENDED,B0_REFERENCE,1.0,A2_W0::2014->2015,12,0.1245978815221655,0.4896822283248332,0.0343664182032169,0.902785406041585,0.0919576304433111,0.8086414735532866,0.7051677025002977,0.7821065704010132,0.7207207388506212
S0_FULL,2,L1_EXTENDED,B0_REFERENCE,1.0,A2_W0::2015->2016,13,0.5107199277815392,0.0910253516888588,0.3539456856992402,0.7818400662002558,0.2012337320394192,0.7079024806568737,0.7206415970326382,0.7394278317296386,0.5705619801438407
S0_FULL,2,L1_EXTENDED,B0_REFERENCE,1.0,A2_W0::2016->2017,14,0.2919010782934833,0.1891115799343647,0.227262072198781,0.7830520393811533,0.1834857008907642,0.7511395910862187,0.6509380399676056,0.6436841125966564,0.408695245015084
S0_FULL,2,L1_EXTENDED,B0_REFERENCE,1.0,A2_W0::2017->2018,15,0.2170099592575826,0.3978044363965595,0.2713331824354911,0.7743322770484382,0.1857741059302852,0.8407578495436766,0.8780912607416631,0.7302240182848576,0.5888294840291629
S0_FULL,2,L1_EXTENDED,B0_REFERENCE,1.0,A2_W0::2018->2019,16,0.4637710369847828,0.2229164567167187,0.0817293157311297,0.8383049481003729,0.1287413080721555,0.6726639907404339,0.738621894195518,0.7242332866933205,0.4559744340663206
S0_FULL,2,L1_EXTENDED,B0_REFERENCE,1.0,A2_W0::2019->2020,17,0.2907142528629904,0.2298210918456514,0.2965092213585982,0.8398565055420135,0.1288690613070873,0.6950089359979577,0.8009129135279492,0.7274169047640456,0.4806005007618456
S0_FULL,2,L1_EXTENDED,B0_REFERENCE,1.0,A2_W0::2020->2021,18,0.0699250208275479,0.7295195778950292,0.1066370452652041,0.8417661760622049,0.1250763676756456,0.6724958402172839,0.8238270407864124,0.7272652141177982,0.4807237361965706
S0_FULL,2,L1_EXTENDED,B0_REFERENCE,1.0,A2_W0::2021->2022,19,0.5104051472805871,0.2624912033779029,0.0930933949934653,0.8613652357494722,0.1192319292248919,0.5972211792174612,0.8339371989791154,0.8021463157933895,0.748013245080217
S0_FULL,2,L1_EXTENDED,B0_REFERENCE,1.0,A2_W0::2022->2023,20,0.1282234105763517,0.1460487225193107,0.6742721330956625,0.9834818775995248,0.0162804515745692,0.9681577370394367,0.813326049725645,0.8569595029110053,0.9666480403654264
S0_FULL,2,L1_EXTENDED,B2_COMMON_NODE_EQUAL_DENSITY,1.0,A2_W0::2002->2003,0,0.5,0.5,0.0,0.7857142857142857,0.2142857142857142,0.9999999999251212,0.9999999999604532,0.0,0.0
S0_FULL,2,L1_EXTENDED,B2_COMMON_NODE_EQUAL_DENSITY,1.0,A2_W0::2003->2004,1,0.5,0.5,0.0,0.8888888888888888,0.1111111111111111,0.9999999999330116,0.9999999999711776,0.0,0.0
S0_FULL,2,L1_EXTENDED,B2_COMMON_NODE_EQUAL_DENSITY,1.0,A2_W0::2004->2005,2,0.391304347826087,0.391304347826087,0.0,0.8695652173913043,0.1304347826086956,0.9270314389941676,0.6004448718250008,0.0,0.2320982170876491
S0_FULL,2,L1_EXTENDED,B2_COMMON_NODE_EQUAL_DENSITY,1.0,A2_W0::2005->2006,3,0.4545454545454545,0.4545454545454545,0.0,0.8181818181818182,0.1818181818181818,0.8164965926327052,0.7071068415084357,0.0,0.9999999999421332
S0_FULL,2,L1_EXTENDED,B2_COMMON_NODE_EQUAL_DENSITY,1.0,A2_W0::2006->2007,4,0.48,0.48,0.04,0.76,0.22,0.7433919514141696,0.797724054607403,0.9999999998957452,0.9999999998398298
S0_FULL,2,L1_EXTENDED,B2_COMMON_NODE_EQUAL_DENSITY,1.0,A2_W0::2007->2008,5,0.4285714285714285,0.4285714285714285,0.0714285714285714,0.8666666666666667,0.119047619047619,0.9423417283480388,0.9137586119390316,0.6550711755077556,0.3549022739418043
S0_FULL,2,L1_EXTENDED,B2_COMMON_NODE_EQUAL_DENSITY,1.0,A2_W0::2008->2009,6,0.4829396325459317,0.4829396325459317,0.0131233595800524,0.821522309711286,0.1679790026246719,0.9927894327656904,0.9579269412661144,0.8662758893954081,0.4143699655842276
S0_FULL,2,L1_EXTENDED,B2_COMMON_NODE_EQUAL_DENSITY,1.0,A2_W0::2009->2010,7,0.4622356495468278,0.4622356495468278,0.0332326283987915,0.8066465256797583,0.1691842900302115,0.9704381912052776,0.9714784562236431,0.848917921861133,0.4031754351469676
S0_FULL,2,L1_EXTENDED,B2_COMMON_NODE_EQUAL_DENSITY,1.0,A2_W0::2010->2011,8,0.4618736383442265,0.4618736383442265,0.0217864923747276,0.5708061002178649,0.3420479302832244,0.9685279368195316,0.9699477253105274,0.919822411022621,0.3078244957902066
S0_FULL,2,L1_EXTENDED,B2_COMMON_NODE_EQUAL_DENSITY,1.0,A2_W0::2011->2012,9,0.4469476744186046,0.4469476744186046,0.0697674418604651,0.5893895348837209,0.3684593023255814,0.97325872111341,0.9293657249095904,0.8573144252468111,0.3582803825041146
S0_FULL,2,L1_EXTENDED,B2_COMMON_NODE_EQUAL_DENSITY,1.0,A2_W0::2012->2013,10,0.4507658643326039,0.4507658643326039,0.0408460977388767,0.6477024070021882,0.3099927060539752,0.9799354193996248,0.9253573545929138,0.7861889791586285,0.3495378302025052
S0_FULL,2,L1_EXTENDED,B2_COMMON_NODE_EQUAL_DENSITY,1.0,A2_W0::2013->2014,11,0.4489329268292683,0.4489329268292683,0.0571646341463414,0.4489329268292683,0.5015243902439024,0.9830300847502296,0.937292401246082,0.7894693007826571,0.2698160183793536
S0_FULL,2,L1_EXTENDED,B2_COMMON_NODE_EQUAL_DENSITY,1.0,A2_W0::2014->2015,12,0.4239212717638153,0.4239212717638153,0.0196820590461771,0.5124905374716124,0.4443603330809992,0.9762485742000634,0.8925252190139511,0.8302549747267363,0.3997440740054306
S0_FULL,2,L1_EXTENDED,B2_COMMON_NODE_EQUAL_DENSITY,1.0,A2_W0::2015->2016,13,0.4377510040160642,0.4377510040160642,0.0943775100401606,0.5,0.3882195448460508,0.946283108782314,0.9584489343303982,0.8916978446824841,0.3773880935556157
S0_FULL,2,L1_EXTENDED,B2_COMMON_NODE_EQUAL_DENSITY,1.0,A2_W0::2016->2017,14,0.3824020016680567,0.3824020016680567,0.1430358632193494,0.3999165971643036,0.3982485404503753,0.9361824132721174,0.8880090245672194,0.7515236621655561,0.2416539654125163
S0_FULL,2,L1_EXTENDED,B2_COMMON_NODE_EQUAL_DENSITY,1.0,A2_W0::2017->2018,15,0.4490394008466297,0.4490394008466297,0.0937805275154672,0.5079778573754478,0.3142298925431455,0.9881370681499188,0.9514309152602968,0.8847209166776707,0.4596026638375232
S0_FULL,2,L1_EXTENDED,B2_COMMON_NODE_EQUAL_DENSITY,1.0,A2_W0::2018->2019,16,0.4423141607803565,0.4423141607803565,0.0612176252943155,0.5005045408678103,0.3474604776320215,0.9922299941613932,0.9300881889619406,0.8109033730909474,0.2742416331256267
S0_FULL,2,L1_EXTENDED,B2_COMMON_NODE_EQUAL_DENSITY,1.0,A2_W0::2019->2020,17,0.4188348416289593,0.4188348416289593,0.1258484162895927,0.4304298642533937,0.4024321266968326,0.965590399555164,0.926606925948459,0.8069606085899093,0.3331253258553979
S0_FULL,2,L1_EXTENDED,B2_COMMON_NODE_EQUAL_DENSITY,1.0,A2_W0::2020->2021,18,0.4133480825958702,0.4133480825958702,0.0910766961651917,0.4575958702064897,0.368362831858407,0.963117300147904,0.919305621462474,0.7803334797161326,0.2947534737731916
S0_FULL,2,L1_EXTENDED,B2_COMMON_NODE_EQUAL_DENSITY,1.0,A2_W0::2021->2022,19,0.4572039942938659,0.4572039942938659,0.0256776034236804,0.5492154065620543,0.3373751783166904,0.97945834424266,0.956662384497353,0.8854488353129087,0.3444907157996136
S0_FULL,2,L1_EXTENDED,B2_COMMON_NODE_EQUAL_DENSITY,1.0,A2_W0::2022->2023,20,0.4682203389830508,0.4682203389830508,0.0233050847457627,0.8834745762711864,0.1144067796610169,0.9774122372620894,0.9391573165595368,0.999999999966968,0.4083891746239259
S0_FULL,2,L1_EXTENDED,B2_COMMON_NODE_EQUAL_DENSITY,0.75,A2_W0::2002->2003,0,0.5,0.5,0.0,0.7,0.3,0.9999999999575676,0.9999999999604532,0.0,0.0
S0_FULL,2,L1_EXTENDED,B2_COMMON_NODE_EQUAL_DENSITY,0.75,A2_W0::2003->2004,1,0.5,0.5,0.0,0.8571428571428571,0.1428571428571428,0.9999999999407212,0.9999999999711776,0.0,0.0
S0_FULL,2,L1_EXTENDED,B2_COMMON_NODE_EQUAL_DENSITY,0.75,A2_W0::2004->2005,2,0.4210526315789473,0.4210526315789473,0.0,0.8421052631578947,0.1578947368421052,0.9394946687846658,0.8220405714096606,0.0,0.2233501194286513
S0_FULL,2,L1_EXTENDED,B2_COMMON_NODE_EQUAL_DENSITY,0.75,A2_W0::2005->2006,3,0.4375,0.4375,0.0,0.75,0.25,0.8660254201714356,0.7071068415084357,0.0,0.9999999999421332
S0_FULL,2,L1_EXTENDED,B2_COMMON_NODE_EQUAL_DENSITY,0.75,A2_W0::2006->2007,4,0.4864864864864865,0.4864864864864865,0.027027027027027,0.7027027027027027,0.2702702702702703,0.7595545393646758,0.7745966912616439,0.9999999998957452,0.9999999998957452
S0_FULL,2,L1_EXTENDED,B2_COMMON_NODE_EQUAL_DENSITY,0.75,A2_W0::2007->2008,5,0.4339622641509434,0.4339622641509434,0.0691823899371069,0.8364779874213837,0.1446540880503144,0.939830545122053,0.9562500332367778,0.6550711755077556,0.2923886060187006
S0_FULL,2,L1_EXTENDED,B2_COMMON_NODE_EQUAL_DENSITY,0.75,A2_W0::2008->2009,6,0.4878048780487805,0.4878048780487805,0.0069686411149825,0.8536585365853658,0.1324041811846689,0.992431829680412,0.9787115819384206,0.8662758893954081,0.3177301156257283
S0_FULL,2,L1_EXTENDED,B2_COMMON_NODE_EQUAL_DENSITY,0.75,A2_W0::2009->2010,7,0.4615384615384615,0.4615384615384615,0.0242914979757085,0.805668016194332,0.1619433198380566,0.964831082619672,0.9745092295444736,0.9395369647689086,0.3477349184323989
S0_FULL,2,L1_EXTENDED,B2_COMMON_NODE_EQUAL_DENSITY,0.75,A2_W0::2010->2011,8,0.4606413994169096,0.4606413994169096,0.0204081632653061,0.5597667638483965,0.3236151603498542,0.9665130790332715,0.965993476615787,0.9458249916074938,0.3173174621583318
S0_FULL,2,L1_EXTENDED,B2_COMMON_NODE_EQUAL_DENSITY,0.75,A2_W0::2011->2012,9,0.4551526717557252,0.4551526717557252,0.0610687022900763,0.5248091603053435,0.4227099236641221,0.9713537843196662,0.9585459401997342,0.8696292552570204,0.3799145464740357
S0_FULL,2,L1_EXTENDED,B2_COMMON_NODE_EQUAL_DENSITY,0.75,A2_W0::2012->2013,10,0.4525193798449612,0.4525193798449612,0.0377906976744186,0.5784883720930233,0.3653100775193798,0.98017877939833,0.9343836003241278,0.8446889858197318,0.3210219015426459
S0_FULL,2,L1_EXTENDED,B2_COMMON_NODE_EQUAL_DENSITY,0.75,A2_W0::2013->2014,11,0.4541792547834843,0.4541792547834843,0.0483383685800604,0.37865055387714,0.5558912386706949,0.9893853231920576,0.9474443880172656,0.8231645795661823,0.2482333804922579
S0_FULL,2,L1_EXTENDED,B2_COMMON_NODE_EQUAL_DENSITY,0.75,A2_W0::2014->2015,12,0.4318407960199005,0.4318407960199005,0.0208955223880597,0.4517412935323383,0.4925373134328358,0.9886190338563056,0.9052062451878587,0.841443788211441,0.3912978465967149
S0_FULL,2,L1_EXTENDED,B2_COMMON_NODE_EQUAL_DENSITY,0.75,A2_W0::2015->2016,13,0.4601542416452442,0.4601542416452442,0.065981148243359,0.4824335904027421,0.3873179091688089,0.978291189863746,0.966772606322246,0.9189266175373446,0.4100281955316335
S0_FULL,2,L1_EXTENDED,B2_COMMON_NODE_EQUAL_DENSITY,0.75,A2_W0::2016->2017,14,0.4177148846960167,0.4177148846960167,0.0948637316561844,0.3941299790356394,0.3794549266247379,0.976658311287291,0.9107859280758894,0.8264160628224657,0.2454976904201893
S0_FULL,2,L1_EXTENDED,B2_COMMON_NODE_EQUAL_DENSITY,0.75,A2_W0::2017->2018,15,0.4523090202848511,0.4523090202848511,0.0871817004747518,0.4846784635304272,0.3150625809236081,0.989251927053754,0.9586326396372102,0.895356813029592,0.4553077936553808
S0_FULL,2,L1_EXTENDED,B2_COMMON_NODE_EQUAL_DENSITY,0.75,A2_W0::2018->2019,16,0.4574421649934526,0.4574421649934526,0.0480139676996944,0.471846355303361,0.3526844172850283,0.9972733839712152,0.9607758420323352,0.841914589460028,0.2254988895566948
S0_FULL,2,L1_EXTENDED,B2_COMMON_NODE_EQUAL_DENSITY,0.75,A2_W0::2019->2020,17,0.4315750645518258,0.4315750645518258,0.1099225378089266,0.3412025082995205,0.4514939136849871,0.9827052885179456,0.9495261067779636,0.8287047343194772,0.3396288254878047
S0_FULL,2,L1_EXTENDED,B2_COMMON_NODE_EQUAL_DENSITY,0.75,A2_W0::2020->2021,18,0.4351325757575757,0.4351325757575757,0.0700757575757575,0.4053030303030303,0.3896780303030303,0.9842898309544228,0.9482591462823656,0.8178744722226728,0.276810942721346
S0_FULL,2,L1_EXTENDED,B2_COMMON_NODE_EQUAL_DENSITY,0.75,A2_W0::2021->2022,19,0.4678471575023299,0.4678471575023299,0.0232991612301957,0.5004659832246039,0.3625349487418453,0.9932211426178326,0.9636330891069596,0.9046032188160676,0.3242902363080193
S0_FULL,2,L1_EXTENDED,B2_COMMON_NODE_EQUAL_DENSITY,0.75,A2_W0::2022->2023,20,0.4828532235939643,0.4828532235939643,0.0109739368998628,0.8559670781893004,0.1412894375857339,0.987892306847358,0.9721092122296442,0.999999999966968,0.4154850801602517
S0_FULL,2,L1_EXTENDED,B2_COMMON_NODE_EQUAL_DENSITY,0.5,A2_W0::2002->2003,0,0.5,0.5,0.0,0.6666666666666666,0.3333333333333333,0.9999999999625862,0.9999999999624564,0.0,0.0
S0_FULL,2,L1_EXTENDED,B2_COMMON_NODE_EQUAL_DENSITY,0.5,A2_W0::2003->2004,1,0.5,0.5,0.0,0.75,0.25,0.9999999999702068,0.9999999999711776,0.0,0.0
S0_FULL,2,L1_EXTENDED,B2_COMMON_NODE_EQUAL_DENSITY,0.5,A2_W0::2004->2005,2,0.4615384615384615,0.4615384615384615,0.0,0.7692307692307693,0.2307692307692307,0.9999999999617312,0.8220405714096606,0.0,0.165082111205123
S0_FULL,2,L1_EXTENDED,B2_COMMON_NODE_EQUAL_DENSITY,0.5,A2_W0::2005->2006,3,0.4545454545454545,0.4545454545454545,0.0,0.6363636363636364,0.3636363636363636,0.9258201258852232,0.7071068415084357,0.0,0.9999999999708764
S0_FULL,2,L1_EXTENDED,B2_COMMON_NODE_EQUAL_DENSITY,0.5,A2_W0::2006->2007,4,0.5,0.5,0.0,0.7307692307692307,0.2307692307692307,0.7608859293892807,0.8164966156557018,0.9999999998957514,0.0
S0_FULL,2,L1_EXTENDED,B2_COMMON_NODE_EQUAL_DENSITY,0.5,A2_W0::2007->2008,5,0.4827586206896552,0.4827586206896552,0.0,0.8189655172413793,0.1724137931034483,0.9844331694651772,0.9999999997672668,0.5181244139019046,0.2888668112188809
S0_FULL,2,L1_EXTENDED,B2_COMMON_NODE_EQUAL_DENSITY,0.5,A2_W0::2008->2009,6,0.4922279792746113,0.4922279792746113,0.0,0.8756476683937824,0.1139896373056994,0.9944464751115104,0.9796100514362892,0.9999999997297928,0.2829073270531489
S0_FULL,2,L1_EXTENDED,B2_COMMON_NODE_EQUAL_DENSITY,0.5,A2_W0::2009->2010,7,0.467065868263473,0.467065868263473,0.0059880239520958,0.8143712574850299,0.1616766467065868,0.9677311421544748,0.9837854248183474,0.8749053760122864,0.2251936419138957
S0_FULL,2,L1_EXTENDED,B2_COMMON_NODE_EQUAL_DENSITY,0.5,A2_W0::2010->2011,8,0.4581497797356828,0.4581497797356828,0.0176211453744493,0.5947136563876652,0.3348017621145374,0.9634342067217168,0.964738288656982,0.9123291099706948,0.2675391302939331
S0_FULL,2,L1_EXTENDED,B2_COMMON_NODE_EQUAL_DENSITY,0.5,A2_W0::2011->2012,9,0.4571428571428571,0.4571428571428571,0.0557142857142857,0.4714285714285714,0.4542857142857143,0.98330478497337,0.9567428203476096,0.8725782622825485,0.4030929721440724
S0_FULL,2,L1_EXTENDED,B2_COMMON_NODE_EQUAL_DENSITY,0.5,A2_W0::2012->2013,10,0.4510948905109489,0.4510948905109489,0.037956204379562,0.5021897810218978,0.418978102189781,0.9766286942640188,0.9406015829813944,0.8728094626082583,0.2776053880176138
S0_FULL,2,L1_EXTENDED,B2_COMMON_NODE_EQUAL_DENSITY,0.5,A2_W0::2013->2014,11,0.4619970193740685,0.4619970193740685,0.0357675111773472,0.3368107302533532,0.5663189269746647,0.9915227354431528,0.9630890360410508,0.8586724059519036,0.2247261694147115
S0_FULL,2,L1_EXTENDED,B2_COMMON_NODE_EQUAL_DENSITY,0.5,A2_W0::2014->2015,12,0.4647887323943662,0.4647887323943662,0.0267605633802816,0.4549295774647887,0.4704225352112676,0.9928686750127168,0.9535806619574266,0.8868740020590323,0.275973652415179
S0_FULL,2,L1_EXTENDED,B2_COMMON_NODE_EQUAL_DENSITY,0.5,A2_W0::2015->2016,13,0.4723618090452261,0.4723618090452261,0.0439698492462311,0.5263819095477387,0.3115577889447236,0.9818003929646968,0.9761149531000588,0.95285141580849,0.3472111022759411
S0_FULL,2,L1_EXTENDED,B2_COMMON_NODE_EQUAL_DENSITY,0.5,A2_W0::2016->2017,14,0.4122319301032565,0.4122319301032565,0.1016679904686258,0.2962668784749801,0.4066719618745035,0.9773336349954052,0.9208389218649377,0.8347871860084584,0.2430878488900119
S0_FULL,2,L1_EXTENDED,B2_COMMON_NODE_EQUAL_DENSITY,0.5,A2_W0::2017->2018,15,0.4506493506493506,0.4506493506493506,0.0902597402597402,0.4162337662337662,0.3279220779220779,0.988297083214393,0.9664064878227252,0.902835454336415,0.4507244251706568
S0_FULL,2,L1_EXTENDED,B2_COMMON_NODE_EQUAL_DENSITY,0.5,A2_W0::2018->2019,16,0.4595827900912647,0.4595827900912647,0.0488917861799217,0.4224250325945241,0.3670143415906128,0.9977622644906428,0.9776467618586524,0.848718174075001,0.2177392411177121
S0_FULL,2,L1_EXTENDED,B2_COMMON_NODE_EQUAL_DENSITY,0.5,A2_W0::2019->2020,17,0.4531416400425985,0.4531416400425985,0.0745473908413205,0.2774227902023429,0.4701810436634718,0.9934228200976192,0.9778894900882422,0.8707568999413747,0.3010282129361131
S0_FULL,2,L1_EXTENDED,B2_COMMON_NODE_EQUAL_DENSITY,0.5,A2_W0::2020->2021,18,0.4517241379310345,0.4517241379310345,0.0558620689655172,0.3351724137931035,0.4068965517241379,0.9981714698738712,0.9782503448089088,0.8509188981518069,0.2623839893611605
S0_FULL,2,L1_EXTENDED,B2_COMMON_NODE_EQUAL_DENSITY,0.5,A2_W0::2021->2022,19,0.4722222222222222,0.4722222222222222,0.0194444444444444,0.4652777777777778,0.3638888888888889,0.9916876001663448,0.9793099651434198,0.91563307225902,0.3100661216812203
S0_FULL,2,L1_EXTENDED,B2_COMMON_NODE_EQUAL_DENSITY,0.5,A2_W0::2022->2023,20,0.4939516129032258,0.4939516129032258,0.0060483870967741,0.8145161290322581,0.1814516129032258,0.9960390724553886,0.9902477288596336,0.999999999966968,0.4201309025264132
S0_FULL,2,L2_HIGH,B0_REFERENCE,1.0,A2_W0::2002->2003,0,0.8505747126436781,0.0919540229885057,0.0229885057471264,0.971264367816092,0.028735632183908,0.8050718524484147,0.9525332961242644,0.0,0.8409740708017037
S0_FULL,2,L2_HIGH,B0_REFERENCE,1.0,A2_W0::2003->2004,1,0.4785478547854785,0.4257425742574257,0.0693069306930693,0.9801980198019802,0.0198019801980198,0.7743427877395007,0.8250285372551105,0.0,0.7914895074951945
S0_FULL,2,L2_HIGH,B0_REFERENCE,1.0,A2_W0::2004->2005,2,0.942,0.045,0.0036666666666666,0.9976666666666668,0.0023333333333333,0.952230136782861,0.5615646733625451,0.0,0.5085669260373656
S0_FULL,2,L2_HIGH,B0_REFERENCE,1.0,A2_W0::2005->2006,3,0.0201778385772913,0.9719562243502052,0.0034199726402188,0.9972640218878248,0.0027359781121751,0.9547083673964116,0.8660254146734692,0.0,0.7175101901095525
S0_FULL,2,L2_HIGH,B0_REFERENCE,1.0,A2_W0::2006->2007,4,0.8401559454191033,0.1091617933723196,0.0467836257309941,0.9649122807017544,0.0311890838206627,0.9123175078711692,0.9354143481684902,0.9999999996471112,0.8548504153697172
S0_FULL,2,L2_HIGH,B0_REFERENCE,1.0,A2_W0::2007->2008,5,0.7976980965028774,0.1354581673306772,0.0168216024789729,0.9769809650287736,0.0216910137228862,0.6965048230308766,0.8378759022322612,0.6605823465796578,0.6629576080772316
S0_FULL,2,L2_HIGH,B0_REFERENCE,1.0,A2_W0::2008->2009,6,0.5901364113326338,0.2919202518363064,0.0696747114375655,0.9001049317943337,0.0990556138509968,0.8780959564490557,0.9709952786875612,0.866233678866761,0.8552353997688381
S0_FULL,2,L2_HIGH,B0_REFERENCE,1.0,A2_W0::2009->2010,7,0.2500555679039786,0.6308068459657702,0.0906868192931762,0.8995332296065792,0.0986885974661035,0.9339378896540448,0.8775495314011771,0.8495505865941935,0.6298698380099748
S0_FULL,2,L2_HIGH,B0_REFERENCE,1.0,A2_W0::2010->2011,8,0.6606741573033708,0.2130745658835546,0.0482124616956077,0.8429009193054137,0.1487231869254341,0.9697122605595284,0.9194308606075724,0.675175631141804,0.756800987780794
S0_FULL,2,L2_HIGH,B0_REFERENCE,1.0,A2_W0::2011->2012,9,0.708557161231747,0.1153060452447605,0.0465309828251494,0.9107967012181282,0.0844367102973443,0.7800494650594184,0.8874484723976969,0.7371541564375995,0.8837023170261762
S0_FULL,2,L2_HIGH,B0_REFERENCE,1.0,A2_W0::2012->2013,10,0.10157510564733,0.5544371878601614,0.0913561275451402,0.9160968113714943,0.079216288897426,0.5392415685519244,0.6378569035841204,0.699031204373338,0.4548571251092443
S0_FULL,2,L2_HIGH,B0_REFERENCE,1.0,A2_W0::2013->2014,11,0.5268439947780679,0.2585672323759791,0.1599216710182767,0.8958061357702349,0.0983191906005221,0.9276986317607382,0.6754523350693205,0.6469607419214024,0.480691689921369
S0_FULL,2,L2_HIGH,B0_REFERENCE,1.0,A2_W0::2014->2015,12,0.1424931584410682,0.4357837123714259,0.037746532037369,0.8833632160045296,0.1103142398792111,0.8972175385352578,0.7017281527148891,0.7839804603602746,0.6878448393771968
S0_FULL,2,L2_HIGH,B0_REFERENCE,1.0,A2_W0::2015->2016,13,0.4237663839629915,0.118639167309175,0.4063222821896685,0.7230146491904395,0.2552043176561295,0.8329188890554542,0.7241249822564959,0.7423504569566812,0.4956814454251659
S0_FULL,2,L2_HIGH,B0_REFERENCE,1.0,A2_W0::2016->2017,14,0.4539646524958204,0.1015643658944351,0.2078457129209457,0.7788392643897779,0.1870671124910437,0.7598050005120133,0.6504236032895758,0.6447286979025056,0.5515010036615963
S0_FULL,2,L2_HIGH,B0_REFERENCE,1.0,A2_W0::2017->2018,15,0.1926275688147234,0.4359070665879702,0.26152277727102,0.7857487793099748,0.1764232440843483,0.8124091711799099,0.8768494235074709,0.7307152355209799,0.5958140216497083
S0_FULL,2,L2_HIGH,B0_REFERENCE,1.0,A2_W0::2018->2019,16,0.3542779927522879,0.4189546096677108,0.097475585037774,0.764940728456483,0.1947054849210736,0.7775636202513938,0.6636423125047075,0.7213324706121427,0.5159268745075656
S0_FULL,2,L2_HIGH,B0_REFERENCE,1.0,A2_W0::2019->2020,17,0.5399503963429461,0.1829499586636191,0.1543549093031172,0.8313961970529592,0.1354374361717648,0.7179741964427445,0.8040202641461891,0.7302774539162706,0.5781863579139508
S0_FULL,2,L2_HIGH,B0_REFERENCE,1.0,A2_W0::2020->2021,18,0.2043850925794383,0.4426765165506464,0.1897523322441634,0.8596865085002604,0.1120424302694511,0.6146356526524142,0.8034895647958163,0.7262538843979391,0.5696523423299187
S0_FULL,2,L2_HIGH,B0_REFERENCE,1.0,A2_W0::2021->2022,19,0.0327909270216962,0.8597961867192636,0.0761834319526627,0.8972715318869166,0.0870315581854043,0.5290470638375695,0.8838430949993111,0.8073768738735768,0.4975997978733479
S0_FULL,2,L2_HIGH,B0_REFERENCE,1.0,A2_W0::2022->2023,20,0.7945568400770713,0.150650289017341,0.0059007707129094,0.9832610789980732,0.0164980732177263,0.9747874245297246,0.8177755026902218,0.8542116702095227,0.5846910923595318
S0_FULL,2,L2_HIGH,B2_COMMON_NODE_EQUAL_DENSITY,1.0,A2_W0::2002->2003,0,0.5,0.5,0.0,0.7857142857142857,0.2142857142857142,0.9999999999237053,0.999999999959246,0.0,0.0
S0_FULL,2,L2_HIGH,B2_COMMON_NODE_EQUAL_DENSITY,1.0,A2_W0::2003->2004,1,0.5,0.5,0.0,0.8333333333333334,0.1666666666666666,0.999999999932194,0.9999999999633808,0.0,0.0
S0_FULL,2,L2_HIGH,B2_COMMON_NODE_EQUAL_DENSITY,1.0,A2_W0::2004->2005,2,0.391304347826087,0.391304347826087,0.0,0.8695652173913043,0.1304347826086956,0.9270398898354624,0.6011812883928134,0.0,0.233373508938299
S0_FULL,2,L2_HIGH,B2_COMMON_NODE_EQUAL_DENSITY,1.0,A2_W0::2005->2006,3,0.4782608695652174,0.4782608695652174,0.0,0.782608695652174,0.217391304347826,0.8164966453901594,0.6324556729014449,0.0,0.999999999970868
S0_FULL,2,L2_HIGH,B2_COMMON_NODE_EQUAL_DENSITY,1.0,A2_W0::2006->2007,4,0.3809523809523809,0.3809523809523809,0.238095238095238,0.8095238095238095,0.1666666666666666,0.7859053352916597,0.9999999997628904,0.9999999998976324,0.999999999651398
S0_FULL,2,L2_HIGH,B2_COMMON_NODE_EQUAL_DENSITY,1.0,A2_W0::2007->2008,5,0.4285714285714285,0.4285714285714285,0.0666666666666666,0.861904761904762,0.1238095238095238,0.9403204555524796,0.9350624424508892,0.6605823465796578,0.3689018176021739
S0_FULL,2,L2_HIGH,B2_COMMON_NODE_EQUAL_DENSITY,1.0,A2_W0::2008->2009,6,0.4869791666666667,0.4869791666666667,0.0104166666666666,0.8229166666666666,0.1666666666666666,0.9945051337060428,0.9686481609190776,0.866233678866761,0.3985099468227219
S0_FULL,2,L2_HIGH,B2_COMMON_NODE_EQUAL_DENSITY,1.0,A2_W0::2009->2010,7,0.4606060606060606,0.4606060606060606,0.0363636363636363,0.806060606060606,0.1696969696969697,0.9703858530931496,0.9639263979563316,0.8495505865941935,0.4059686757516963
S0_FULL,2,L2_HIGH,B2_COMMON_NODE_EQUAL_DENSITY,1.0,A2_W0::2010->2011,8,0.4630434782608695,0.4630434782608695,0.0260869565217391,0.5543478260869565,0.358695652173913,0.9675951193031648,0.9740637080849388,0.9197166521040708,0.3033367016630069
S0_FULL,2,L2_HIGH,B2_COMMON_NODE_EQUAL_DENSITY,1.0,A2_W0::2011->2012,9,0.4493487698986975,0.4493487698986975,0.0680173661360347,0.5890014471780028,0.3697539797395079,0.9728041396771792,0.9349391245683638,0.8652952936887419,0.3553262355383649
S0_FULL,2,L2_HIGH,B2_COMMON_NODE_EQUAL_DENSITY,1.0,A2_W0::2012->2013,10,0.4507658643326039,0.4507658643326039,0.0386579139314369,0.6491611962071481,0.3085339168490153,0.9796721342200304,0.925517469319055,0.7858063132927118,0.3478304467834657
S0_FULL,2,L2_HIGH,B2_COMMON_NODE_EQUAL_DENSITY,1.0,A2_W0::2013->2014,11,0.4459770114942529,0.4459770114942529,0.0613026819923371,0.4651340996168582,0.4850574712643678,0.977081922409969,0.9343826904151143,0.7973357920388073,0.2592078659186794
S0_FULL,2,L2_HIGH,B2_COMMON_NODE_EQUAL_DENSITY,1.0,A2_W0::2014->2015,12,0.4181957186544342,0.4181957186544342,0.0198776758409785,0.5191131498470948,0.4380733944954128,0.9698732770390928,0.8875854542382327,0.8263657380855677,0.4006970151882376
S0_FULL,2,L2_HIGH,B2_COMMON_NODE_EQUAL_DENSITY,1.0,A2_W0::2015->2016,13,0.4366197183098591,0.4366197183098591,0.0918846411804158,0.5010060362173038,0.3883299798792756,0.9448909222714263,0.9585596413851304,0.8895885869981435,0.3815712855590162
S0_FULL,2,L2_HIGH,B2_COMMON_NODE_EQUAL_DENSITY,1.0,A2_W0::2016->2017,14,0.3826594414339308,0.3826594414339308,0.1392246769487286,0.4018340975406419,0.3964151729887453,0.935900500065529,0.8885434490952048,0.751411783194926,0.2401761283264378
S0_FULL,2,L2_HIGH,B2_COMMON_NODE_EQUAL_DENSITY,1.0,A2_W0::2017->2018,15,0.44921875,0.44921875,0.0934244791666666,0.5104166666666666,0.3131510416666667,0.9881423789390228,0.9512122102132736,0.8852682824173901,0.4607074521661797
S0_FULL,2,L2_HIGH,B2_COMMON_NODE_EQUAL_DENSITY,1.0,A2_W0::2018->2019,16,0.443063486731609,0.443063486731609,0.0594558280147799,0.4984884111521666,0.3493449781659388,0.9912853752611204,0.9317300942997878,0.8172299769732999,0.2749967810372593
S0_FULL,2,L2_HIGH,B2_COMMON_NODE_EQUAL_DENSITY,1.0,A2_W0::2019->2020,17,0.4191633691351046,0.4191633691351046,0.1252119841718485,0.4321650650084793,0.4010740531373657,0.9654804476721628,0.9269315716520612,0.8084599458707291,0.3347512812153131
S0_FULL,2,L2_HIGH,B2_COMMON_NODE_EQUAL_DENSITY,1.0,A2_W0::2020->2021,18,0.4135643199410247,0.4135643199410247,0.0903059343899742,0.4570586067084408,0.3689642462218945,0.9642970037919844,0.9200027540614438,0.776158743491972,0.2943390780764728
S0_FULL,2,L2_HIGH,B2_COMMON_NODE_EQUAL_DENSITY,1.0,A2_W0::2021->2022,19,0.4587482219061166,0.4587482219061166,0.0256045519203413,0.5469416785206259,0.3399715504978663,0.978255660613136,0.9585822343091512,0.8936454985634714,0.3232800164936623
S0_FULL,2,L2_HIGH,B2_COMMON_NODE_EQUAL_DENSITY,1.0,A2_W0::2022->2023,20,0.4676564156945917,0.4676564156945917,0.0212089077412513,0.8854718981972428,0.112407211028632,0.9774290847177995,0.9378939622376732,0.9031837850275758,0.416972309791572
S0_FULL,2,L2_HIGH,B2_COMMON_NODE_EQUAL_DENSITY,0.75,A2_W0::2002->2003,0,0.5,0.5,0.0,0.7,0.3,0.9999999999564544,0.999999999959246,0.0,0.0
S0_FULL,2,L2_HIGH,B2_COMMON_NODE_EQUAL_DENSITY,0.75,A2_W0::2003->2004,1,0.5,0.5,0.0,0.7857142857142857,0.2142857142857142,0.999999999940124,0.9999999999633808,0.0,0.0
S0_FULL,2,L2_HIGH,B2_COMMON_NODE_EQUAL_DENSITY,0.75,A2_W0::2004->2005,2,0.4210526315789473,0.4210526315789473,0.0,0.8421052631578947,0.1578947368421052,0.9702506666061446,0.6011812883928134,0.0,0.2209362826437497
S0_FULL,2,L2_HIGH,B2_COMMON_NODE_EQUAL_DENSITY,0.75,A2_W0::2005->2006,3,0.5,0.5,0.0,0.7777777777777778,0.2222222222222222,0.8017838067748531,0.7071069252402364,0.0,0.0
S0_FULL,2,L2_HIGH,B2_COMMON_NODE_EQUAL_DENSITY,0.75,A2_W0::2006->2007,4,0.4411764705882353,0.4411764705882353,0.1176470588235294,0.7941176470588235,0.1764705882352941,0.7453561255827761,0.9999999997912676,0.9999999998976324,0.9999999997033552
S0_FULL,2,L2_HIGH,B2_COMMON_NODE_EQUAL_DENSITY,0.75,A2_W0::2007->2008,5,0.4230769230769231,0.4230769230769231,0.0705128205128205,0.8269230769230769,0.1538461538461538,0.928352901251998,0.9599017747177828,0.6605823465796578,0.3291546174387653
S0_FULL,2,L2_HIGH,B2_COMMON_NODE_EQUAL_DENSITY,0.75,A2_W0::2008->2009,6,0.4842105263157895,0.4842105263157895,0.0140350877192982,0.8491228070175438,0.1368421052631579,0.9928188140264536,0.9568963003095344,0.866233678866761,0.3724692002441709
S0_FULL,2,L2_HIGH,B2_COMMON_NODE_EQUAL_DENSITY,0.75,A2_W0::2009->2010,7,0.4637096774193548,0.4637096774193548,0.0241935483870967,0.8104838709677419,0.157258064516129,0.9674416147662336,0.9737332933150472,0.939759522814128,0.3470420410433091
S0_FULL,2,L2_HIGH,B2_COMMON_NODE_EQUAL_DENSITY,0.75,A2_W0::2010->2011,8,0.4606413994169096,0.4606413994169096,0.0233236151603498,0.5539358600583091,0.3294460641399417,0.9660966400256848,0.9664826164070612,0.9457258711851606,0.3140553620947964
S0_FULL,2,L2_HIGH,B2_COMMON_NODE_EQUAL_DENSITY,0.75,A2_W0::2011->2012,9,0.4520153550863723,0.4520153550863723,0.0662188099808061,0.5201535508637236,0.4270633397312859,0.9674013544208662,0.9563221482536528,0.8703714510142062,0.372555441410286
S0_FULL,2,L2_HIGH,B2_COMMON_NODE_EQUAL_DENSITY,0.75,A2_W0::2012->2013,10,0.4503891050583657,0.4503891050583657,0.0379377431906614,0.5758754863813229,0.3686770428015564,0.9794459564370708,0.9321571228510668,0.8412037420738407,0.3367691579463014
S0_FULL,2,L2_HIGH,B2_COMMON_NODE_EQUAL_DENSITY,0.75,A2_W0::2013->2014,11,0.4508611955420466,0.4508611955420466,0.0496453900709219,0.387031408308004,0.547112462006079,0.987250418983326,0.9425289138897522,0.8227755622180655,0.2495066954982514
S0_FULL,2,L2_HIGH,B2_COMMON_NODE_EQUAL_DENSITY,0.75,A2_W0::2014->2015,12,0.4255533199195171,0.4255533199195171,0.0221327967806841,0.4496981891348088,0.4939637826961771,0.98548611520596,0.8985197594368824,0.8323866141931445,0.396966264198182
S0_FULL,2,L2_HIGH,B2_COMMON_NODE_EQUAL_DENSITY,0.75,A2_W0::2015->2016,13,0.4615384615384615,0.4615384615384615,0.0649572649572649,0.476068376068376,0.3923076923076923,0.978263682038272,0.97182886726468,0.9132663751416994,0.4082022750090012
S0_FULL,2,L2_HIGH,B2_COMMON_NODE_EQUAL_DENSITY,0.75,A2_W0::2016->2017,14,0.4174095437860514,0.4174095437860514,0.091767173571054,0.3985317252228631,0.3744100681699003,0.9748773020537288,0.910128500108438,0.8282506204036173,0.2440477201090887
S0_FULL,2,L2_HIGH,B2_COMMON_NODE_EQUAL_DENSITY,0.75,A2_W0::2017->2018,15,0.4520725388601036,0.4520725388601036,0.0876511226252158,0.4861830742659758,0.3134715025906736,0.9892625958260228,0.956775080225259,0.8968333571167105,0.453926459085039
S0_FULL,2,L2_HIGH,B2_COMMON_NODE_EQUAL_DENSITY,0.75,A2_W0::2018->2019,16,0.4564932225623087,0.4564932225623087,0.0494097070397901,0.4682990817665063,0.3567993003935286,0.9972389727308016,0.9605767815919416,0.836951849514523,0.2266085009192839
S0_FULL,2,L2_HIGH,B2_COMMON_NODE_EQUAL_DENSITY,0.75,A2_W0::2019->2020,17,0.4317846607669616,0.4317846607669616,0.1091445427728613,0.3421828908554572,0.4505899705014749,0.982262900898118,0.9487503883445696,0.8320700496761224,0.3386094659084701
S0_FULL,2,L2_HIGH,B2_COMMON_NODE_EQUAL_DENSITY,0.75,A2_W0::2020->2021,18,0.4345971563981042,0.4345971563981042,0.071563981042654,0.4014218009478673,0.3928909952606635,0.9847163979454376,0.947706636837803,0.8170489450890531,0.2797316822908479
S0_FULL,2,L2_HIGH,B2_COMMON_NODE_EQUAL_DENSITY,0.75,A2_W0::2021->2022,19,0.4663551401869159,0.4663551401869159,0.0242990654205607,0.5009345794392523,0.3598130841121495,0.9915370444057467,0.9633851859466526,0.9036818767958096,0.3326731304062416
S0_FULL,2,L2_HIGH,B2_COMMON_NODE_EQUAL_DENSITY,0.75,A2_W0::2022->2023,20,0.4778393351800554,0.4778393351800554,0.0166204986149584,0.8545706371191135,0.1426592797783933,0.982527525523756,0.9795477727890206,0.9999999999670296,0.4492095321599303
S0_FULL,2,L2_HIGH,B2_COMMON_NODE_EQUAL_DENSITY,0.5,A2_W0::2002->2003,0,0.5,0.5,0.0,0.6666666666666666,0.3333333333333333,0.9999999999611252,0.9999999999608596,0.0,0.0
S0_FULL,2,L2_HIGH,B2_COMMON_NODE_EQUAL_DENSITY,0.5,A2_W0::2003->2004,1,0.5,0.5,0.0,0.75,0.25,0.9999999999704297,0.9999999999709422,0.0,0.0
S0_FULL,2,L2_HIGH,B2_COMMON_NODE_EQUAL_DENSITY,0.5,A2_W0::2004->2005,2,0.4615384615384615,0.4615384615384615,0.0,0.7692307692307693,0.2307692307692307,0.9999999999617806,0.8214573774399266,0.0,0.1561302954691793
S0_FULL,2,L2_HIGH,B2_COMMON_NODE_EQUAL_DENSITY,0.5,A2_W0::2005->2006,3,0.5,0.5,0.0,0.75,0.25,0.8164966910446266,0.8164967317459623,0.0,0.0
S0_FULL,2,L2_HIGH,B2_COMMON_NODE_EQUAL_DENSITY,0.5,A2_W0::2006->2007,4,0.5,0.5,0.0,0.7692307692307693,0.1923076923076923,0.7416199872949187,0.8944272734991181,0.9999999998976324,0.0
S0_FULL,2,L2_HIGH,B2_COMMON_NODE_EQUAL_DENSITY,0.5,A2_W0::2007->2008,5,0.4827586206896552,0.4827586206896552,0.0,0.8189655172413793,0.1724137931034483,0.9843479196374404,0.9999999997663108,0.5327827955275148,0.2886330298656349
S0_FULL,2,L2_HIGH,B2_COMMON_NODE_EQUAL_DENSITY,0.5,A2_W0::2008->2009,6,0.4922279792746113,0.4922279792746113,0.0,0.8860103626943006,0.1036269430051813,0.9945069181241014,0.977704904036171,0.9999999997266028,0.285577432940242
S0_FULL,2,L2_HIGH,B2_COMMON_NODE_EQUAL_DENSITY,0.5,A2_W0::2009->2010,7,0.4733727810650887,0.4733727810650887,0.0059171597633136,0.8402366863905325,0.136094674556213,0.97614015321842,0.9807811309269092,0.8753833001078052,0.2343440458187936
S0_FULL,2,L2_HIGH,B2_COMMON_NODE_EQUAL_DENSITY,0.5,A2_W0::2010->2011,8,0.4557522123893805,0.4557522123893805,0.0176991150442477,0.588495575221239,0.3141592920353982,0.9589933122458304,0.9619022599134944,0.9368093177637856,0.2565635864015508
S0_FULL,2,L2_HIGH,B2_COMMON_NODE_EQUAL_DENSITY,0.5,A2_W0::2011->2012,9,0.4586894586894587,0.4586894586894587,0.0498575498575498,0.4472934472934473,0.4772079772079772,0.9798540881729414,0.9616679120584172,0.8807965634885901,0.3806319024260663
S0_FULL,2,L2_HIGH,B2_COMMON_NODE_EQUAL_DENSITY,0.5,A2_W0::2012->2013,10,0.4502923976608187,0.4502923976608187,0.0350877192982456,0.5043859649122807,0.4152046783625731,0.976785348631187,0.938232339674854,0.8747380209125435,0.27789862360299
S0_FULL,2,L2_HIGH,B2_COMMON_NODE_EQUAL_DENSITY,0.5,A2_W0::2013->2014,11,0.4619970193740685,0.4619970193740685,0.0327868852459016,0.3472429210134128,0.5588673621460507,0.9917402751976906,0.9626140217125828,0.853790785241287,0.2247404229712733
S0_FULL,2,L2_HIGH,B2_COMMON_NODE_EQUAL_DENSITY,0.5,A2_W0::2014->2015,12,0.4632768361581921,0.4632768361581921,0.0296610169491525,0.4661016949152542,0.461864406779661,0.9930255681213856,0.9493640608363212,0.8819838224134492,0.2706160942069717
S0_FULL,2,L2_HIGH,B2_COMMON_NODE_EQUAL_DENSITY,0.5,A2_W0::2015->2016,13,0.4703656998738966,0.4703656998738966,0.0453972257250945,0.5296343001261034,0.3026481715006305,0.9795292410297008,0.9760876934015074,0.9512652807700076,0.3570666232141229
S0_FULL,2,L2_HIGH,B2_COMMON_NODE_EQUAL_DENSITY,0.5,A2_W0::2016->2017,14,0.4098883572567783,0.4098883572567783,0.0996810207336523,0.2910685805422647,0.4082934609250399,0.9754507869579202,0.91763800714383,0.8347621623414865,0.2411038788861209
S0_FULL,2,L2_HIGH,B2_COMMON_NODE_EQUAL_DENSITY,0.5,A2_W0::2017->2018,15,0.4510058403634004,0.4510058403634004,0.0895522388059701,0.4192083062946138,0.3251135626216742,0.9888227266756312,0.9661203436765092,0.903751615477973,0.4536351217833871
S0_FULL,2,L2_HIGH,B2_COMMON_NODE_EQUAL_DENSITY,0.5,A2_W0::2018->2019,16,0.4627349319507453,0.4627349319507453,0.0427738172391445,0.4329228775113415,0.3603370058327932,0.9985505389838016,0.9800236574636328,0.8551452323117548,0.215675074045353
S0_FULL,2,L2_HIGH,B2_COMMON_NODE_EQUAL_DENSITY,0.5,A2_W0::2019->2020,17,0.4525586353944563,0.4525586353944563,0.0746268656716417,0.2761194029850746,0.4733475479744136,0.9933800722051056,0.9775548964115416,0.8688287653542943,0.3047850596513771
S0_FULL,2,L2_HIGH,B2_COMMON_NODE_EQUAL_DENSITY,0.5,A2_W0::2020->2021,18,0.4521019986216402,0.4521019986216402,0.0551343900758097,0.335630599586492,0.4066161268090972,0.9990121797266808,0.978251478867468,0.8500652859763301,0.2531906177312055
S0_FULL,2,L2_HIGH,B2_COMMON_NODE_EQUAL_DENSITY,0.5,A2_W0::2021->2022,19,0.4736842105263157,0.4736842105263157,0.0193905817174515,0.46398891966759,0.3642659279778393,0.991669570467272,0.9844427131756144,0.9131918065569992,0.3132331823725879
S0_FULL,2,L2_HIGH,B2_COMMON_NODE_EQUAL_DENSITY,0.5,A2_W0::2022->2023,20,0.4929292929292929,0.4929292929292929,0.006060606060606,0.8101010101010101,0.1858585858585858,0.9952823349449968,0.9905020614984272,0.9999999999670296,0.4607503676076691
S0_FULL,3,L0_STAGE15_MATCHED,B0_REFERENCE,1.0,A2_W0::2002->2003,0,0.7786885245901639,0.1721311475409836,0.0327868852459016,0.9590163934426228,0.040983606557377,0.967344998888514,0.9465234224119624,0.0,0.909489373289474
S0_FULL,3,L0_STAGE15_MATCHED,B0_REFERENCE,1.0,A2_W0::2003->2004,1,0.5992063492063492,0.3055555555555556,0.0634920634920634,0.9761904761904762,0.0238095238095238,0.8481051395799113,0.7296266911114534,0.0,0.7398643483489027
S0_FULL,3,L0_STAGE15_MATCHED,B0_REFERENCE,1.0,A2_W0::2004->2005,2,0.9386395511921458,0.0487377279102384,0.0038569424964936,0.9978962131837308,0.0021037868162692,0.9764720769455516,0.5245251831272142,0.0,0.4803143690234113
S0_FULL,3,L0_STAGE15_MATCHED,B0_REFERENCE,1.0,A2_W0::2005->2006,3,0.0369712051190899,0.9587628865979382,0.0003554923569143,0.9971560611446854,0.0028439388553146,0.9732384927914622,0.866025403745195,0.0,0.8600790238505883
S0_FULL,3,L0_STAGE15_MATCHED,B0_REFERENCE,1.0,A2_W0::2006->2007,4,0.8736842105263158,0.0673684210526315,0.0452631578947368,0.983157894736842,0.0147368421052631,0.6641637517975267,0.9999999988092142,0.999999999668392,0.886405256788798
S0_FULL,3,L0_STAGE15_MATCHED,B0_REFERENCE,1.0,A2_W0::2007->2008,5,0.6182679879362344,0.2421370099095217,0.0947867298578199,0.977595863851788,0.0211115898319689,0.6876164154844298,0.8385617851053406,0.6533839263351946,0.8156590615306004
S0_FULL,3,L0_STAGE15_MATCHED,B0_REFERENCE,1.0,A2_W0::2008->2009,6,0.69467106405138,0.2098593994098246,0.0614476653358791,0.9172018746745356,0.0819302204478389,0.7907802521812779,0.9707616196112298,0.8945015209069631,0.8708041209347785
S0_FULL,3,L0_STAGE15_MATCHED,B0_REFERENCE,1.0,A2_W0::2009->2010,7,0.1920482783102591,0.6980830670926518,0.0764998225062122,0.9192403265885694,0.0793397231096911,0.8263467517894881,0.8831609171796622,0.796186173566572,0.6715955194277025
S0_FULL,3,L0_STAGE15_MATCHED,B0_REFERENCE,1.0,A2_W0::2010->2011,8,0.8264108582508419,0.0723543218695785,0.0280640881722624,0.9213185018879476,0.0743953464639248,0.6538206063443991,0.9178088836912796,0.6752708500941864,0.8178599711362441
S0_FULL,3,L0_STAGE15_MATCHED,B0_REFERENCE,1.0,A2_W0::2011->2012,9,0.332452081956378,0.5549680546375854,0.0859220092531394,0.9127561136814276,0.0826173165895571,0.7665573658342432,0.8828101941657847,0.7276186674503958,0.8086834879074575
S0_FULL,3,L0_STAGE15_MATCHED,B0_REFERENCE,1.0,A2_W0::2012->2013,10,0.2,0.2324752475247525,0.2058085808580858,0.8554455445544554,0.1365016501650165,0.7358151540145667,0.6387272759834407,0.6897542299689917,0.4224707657458412
S0_FULL,3,L0_STAGE15_MATCHED,B0_REFERENCE,1.0,A2_W0::2013->2014,11,0.5184295535492421,0.2654684005632403,0.1538971258179408,0.894558104862089,0.0994781744388304,0.9204788090525444,0.6830696524680934,0.6495028727882687,0.50157992045449
S0_FULL,3,L0_STAGE15_MATCHED,B0_REFERENCE,1.0,A2_W0::2014->2015,12,0.168417104276069,0.38615903975994,0.0521380345086271,0.8841897974493623,0.1095273818454613,0.8789047043395212,0.703719517333582,0.7929250506659444,0.6954280377112444
S0_FULL,3,L0_STAGE15_MATCHED,B0_REFERENCE,1.0,A2_W0::2015->2016,13,0.3744266055045872,0.1172591743119266,0.4438073394495412,0.722381498470948,0.2559250764525994,0.8301203387711342,0.7220331243957417,0.7486007110321309,0.5708405185925629
S0_FULL,3,L0_STAGE15_MATCHED,B0_REFERENCE,1.0,A2_W0::2016->2017,14,0.3594313453536754,0.191123439667129,0.2636615811373093,0.7425797503467406,0.2176837725381414,0.841268387294625,0.6539588900287931,0.6467342781501888,0.4529212965830219
S0_FULL,3,L0_STAGE15_MATCHED,B0_REFERENCE,1.0,A2_W0::2017->2018,15,0.3373480286331098,0.40535166458357,0.155834564254062,0.770651062379275,0.1892966708328599,0.8445873518785799,0.870015956319471,0.7258171701809696,0.6661510484915243
S0_FULL,3,L0_STAGE15_MATCHED,B0_REFERENCE,1.0,A2_W0::2018->2019,16,0.3781118174796506,0.2731269680945873,0.0955974095419167,0.7717307349533599,0.1895312221496048,0.7620970047341294,0.6605910130466699,0.7232939494588517,0.4191041779409339
S0_FULL,3,L0_STAGE15_MATCHED,B0_REFERENCE,1.0,A2_W0::2019->2020,17,0.3538607795500158,0.169219393683321,0.3193197422625964,0.8166789901764022,0.1474595964930812,0.7558910119514745,0.8053192369285065,0.7297895993883757,0.5825503277124214
S0_FULL,3,L0_STAGE15_MATCHED,B0_REFERENCE,1.0,A2_W0::2020->2021,18,0.2301668868986443,0.514510840307346,0.0923016688689864,0.8582195468115303,0.1125630108158371,0.6262139057225573,0.8156035350211657,0.7280990471289142,0.4760111242358429
S0_FULL,3,L0_STAGE15_MATCHED,B0_REFERENCE,1.0,A2_W0::2021->2022,19,0.1367156905404229,0.3721173091985031,0.3711600382908363,0.8801670872857018,0.1032112087720825,0.5502936510785407,0.8379442819357009,0.8025972551260254,0.4621649874326607
S0_FULL,3,L0_STAGE15_MATCHED,B0_REFERENCE,1.0,A2_W0::2022->2023,20,0.1288336150688239,0.1633663366336633,0.6609514609997585,0.9833373581260564,0.016421154310553,0.9689004925871554,0.8237914766514077,0.8773243773040075,0.9747023040268472
S0_FULL,3,L0_STAGE15_MATCHED,B2_COMMON_NODE_EQUAL_DENSITY,1.0,A2_W0::2002->2003,0,0.5,0.5,0.0,0.7857142857142857,0.2142857142857142,0.9999999999250544,0.999999999960961,0.0,0.0
S0_FULL,3,L0_STAGE15_MATCHED,B2_COMMON_NODE_EQUAL_DENSITY,1.0,A2_W0::2003->2004,1,0.5,0.5,0.0,0.8888888888888888,0.1111111111111111,0.999999999935006,0.999999999971689,0.0,0.0
S0_FULL,3,L0_STAGE15_MATCHED,B2_COMMON_NODE_EQUAL_DENSITY,1.0,A2_W0::2004->2005,2,0.391304347826087,0.391304347826087,0.0,0.9130434782608696,0.0869565217391304,0.9074318764376684,0.7130909555410437,0.0,0.2486291380831676
S0_FULL,3,L0_STAGE15_MATCHED,B2_COMMON_NODE_EQUAL_DENSITY,1.0,A2_W0::2005->2006,3,0.5,0.5,0.0,0.8333333333333334,0.1666666666666666,0.7416198487046441,0.8660254038168738,0.0,0.0
S0_FULL,3,L0_STAGE15_MATCHED,B2_COMMON_NODE_EQUAL_DENSITY,1.0,A2_W0::2006->2007,4,0.5,0.5,0.0,0.8269230769230769,0.1538461538461538,0.6988362417985424,0.9354143465090782,0.9999999998991678,0.0
S0_FULL,3,L0_STAGE15_MATCHED,B2_COMMON_NODE_EQUAL_DENSITY,1.0,A2_W0::2007->2008,5,0.4470046082949309,0.4470046082949309,0.0552995391705069,0.8617511520737328,0.1244239631336405,0.9537739633216116,0.9617766650109056,0.6533839263351946,0.3208122803926107
S0_FULL,3,L0_STAGE15_MATCHED,B2_COMMON_NODE_EQUAL_DENSITY,1.0,A2_W0::2008->2009,6,0.4869791666666667,0.4869791666666667,0.0078125,0.8333333333333334,0.1536458333333333,0.9930664683180932,0.9732604977455686,0.8945015209069631,0.3828201082433341
S0_FULL,3,L0_STAGE15_MATCHED,B2_COMMON_NODE_EQUAL_DENSITY,1.0,A2_W0::2009->2010,7,0.4606060606060606,0.4606060606060606,0.0363636363636363,0.8151515151515152,0.1606060606060606,0.9686830205096958,0.9735305958135902,0.796186173566572,0.3781515662905839
S0_FULL,3,L0_STAGE15_MATCHED,B2_COMMON_NODE_EQUAL_DENSITY,1.0,A2_W0::2010->2011,8,0.4559471365638766,0.4559471365638766,0.0308370044052863,0.5947136563876652,0.3392070484581498,0.9634342885825092,0.9664001117104684,0.8912467051138784,0.326735131522216
S0_FULL,3,L0_STAGE15_MATCHED,B2_COMMON_NODE_EQUAL_DENSITY,1.0,A2_W0::2011->2012,9,0.4457392571012382,0.4457392571012382,0.0757465404224326,0.5899490167516388,0.3678077203204661,0.9714635872070454,0.9262170271240356,0.8789964704527249,0.3520964680734634
S0_FULL,3,L0_STAGE15_MATCHED,B2_COMMON_NODE_EQUAL_DENSITY,1.0,A2_W0::2012->2013,10,0.4487554904831625,0.4487554904831625,0.0439238653001464,0.6244509516837482,0.3330893118594436,0.9797278126144546,0.9231494198901457,0.7935382195167039,0.3488980208188107
S0_FULL,3,L0_STAGE15_MATCHED,B2_COMMON_NODE_EQUAL_DENSITY,1.0,A2_W0::2013->2014,11,0.455162019593067,0.455162019593067,0.0565184626978146,0.5267520723436323,0.4257724189902034,0.9808926663234226,0.9439520012672772,0.8024780442249192,0.2681082285290658
S0_FULL,3,L0_STAGE15_MATCHED,B2_COMMON_NODE_EQUAL_DENSITY,1.0,A2_W0::2014->2015,12,0.4509379509379509,0.4509379509379509,0.0079365079365079,0.6681096681096681,0.2922077922077922,0.9892468904643504,0.9054955207223844,0.8651348006707466,0.4651532314716458
S0_FULL,3,L0_STAGE15_MATCHED,B2_COMMON_NODE_EQUAL_DENSITY,1.0,A2_W0::2015->2016,13,0.4377510040160642,0.4377510040160642,0.0937081659973226,0.5033467202141901,0.3842034805890227,0.9463438881714726,0.9597917124119668,0.8882908438888278,0.3795672529122211
S0_FULL,3,L0_STAGE15_MATCHED,B2_COMMON_NODE_EQUAL_DENSITY,1.0,A2_W0::2016->2017,14,0.3885218827415359,0.3885218827415359,0.1374896779521057,0.3988439306358382,0.4021469859620148,0.9402670881928606,0.8956851069377832,0.7630478343624231,0.2512068338602957
S0_FULL,3,L0_STAGE15_MATCHED,B2_COMMON_NODE_EQUAL_DENSITY,1.0,A2_W0::2017->2018,15,0.4479608482871126,0.4479608482871126,0.0942903752039151,0.5027732463295269,0.3207177814029364,0.9872553060423752,0.9515562459977152,0.8788618606286941,0.4475816156194701
S0_FULL,3,L0_STAGE15_MATCHED,B2_COMMON_NODE_EQUAL_DENSITY,1.0,A2_W0::2018->2019,16,0.4413746630727763,0.4413746630727763,0.0636792452830188,0.503032345013477,0.3446765498652291,0.9902856482190362,0.9291041892602838,0.8117916306333993,0.2685282580656296
S0_FULL,3,L0_STAGE15_MATCHED,B2_COMMON_NODE_EQUAL_DENSITY,1.0,A2_W0::2019->2020,17,0.4181766704416761,0.4181766704416761,0.1299546998867497,0.427519818799547,0.4048697621744054,0.9646116037064512,0.9252654745311596,0.8111545089101448,0.3347866361184207
S0_FULL,3,L0_STAGE15_MATCHED,B2_COMMON_NODE_EQUAL_DENSITY,1.0,A2_W0::2020->2021,18,0.4139963167587477,0.4139963167587477,0.0865561694290976,0.456353591160221,0.3675874769797422,0.9645634899707444,0.9186159269298866,0.7833118600707712,0.2934026184421801
S0_FULL,3,L0_STAGE15_MATCHED,B2_COMMON_NODE_EQUAL_DENSITY,1.0,A2_W0::2021->2022,19,0.4583629893238434,0.4583629893238434,0.0277580071174377,0.5380782918149466,0.3480427046263345,0.980608952148685,0.9612315657755944,0.8808745503157167,0.3572787894935734
S0_FULL,3,L0_STAGE15_MATCHED,B2_COMMON_NODE_EQUAL_DENSITY,1.0,A2_W0::2022->2023,20,0.4726890756302521,0.4726890756302521,0.0147058823529411,0.8855042016806722,0.1123949579831932,0.9816596222817896,0.943488394083162,0.9999999999672052,0.4298906495486667
S0_FULL,3,L0_STAGE15_MATCHED,B2_COMMON_NODE_EQUAL_DENSITY,0.75,A2_W0::2002->2003,0,0.5,0.5,0.0,0.7,0.3,0.9999999999545388,0.999999999960961,0.0,0.0
S0_FULL,3,L0_STAGE15_MATCHED,B2_COMMON_NODE_EQUAL_DENSITY,0.75,A2_W0::2003->2004,1,0.5,0.5,0.0,0.8571428571428571,0.1428571428571428,0.9999999999435404,0.999999999971689,0.0,0.0
S0_FULL,3,L0_STAGE15_MATCHED,B2_COMMON_NODE_EQUAL_DENSITY,0.75,A2_W0::2004->2005,2,0.4210526315789473,0.4210526315789473,0.0,0.8947368421052632,0.1052631578947368,0.94475378977893,0.7130909555410437,0.0,0.2520004758504816
S0_FULL,3,L0_STAGE15_MATCHED,B2_COMMON_NODE_EQUAL_DENSITY,0.75,A2_W0::2005->2006,3,0.5,0.5,0.0,0.7777777777777778,0.2222222222222222,0.755928946034075,0.8660254038168738,0.0,0.0
S0_FULL,3,L0_STAGE15_MATCHED,B2_COMMON_NODE_EQUAL_DENSITY,0.75,A2_W0::2006->2007,4,0.5,0.5,0.0,0.8157894736842105,0.1578947368421052,0.7184212080190823,0.9128709290643005,0.9999999998991678,0.0
S0_FULL,3,L0_STAGE15_MATCHED,B2_COMMON_NODE_EQUAL_DENSITY,0.75,A2_W0::2007->2008,5,0.4545454545454545,0.4545454545454545,0.0424242424242424,0.8484848484848485,0.1333333333333333,0.958160715671718,0.9638035402905272,0.8710924857969548,0.2878263648892578
S0_FULL,3,L0_STAGE15_MATCHED,B2_COMMON_NODE_EQUAL_DENSITY,0.75,A2_W0::2008->2009,6,0.486013986013986,0.486013986013986,0.0069930069930069,0.8741258741258742,0.1153846153846153,0.9927834932334684,0.9628726343742248,0.8166322830938658,0.3536441625605995
S0_FULL,3,L0_STAGE15_MATCHED,B2_COMMON_NODE_EQUAL_DENSITY,0.75,A2_W0::2009->2010,7,0.4615384615384615,0.4615384615384615,0.0242914979757085,0.8016194331983806,0.1659919028340081,0.9645691649775282,0.9752568120395968,0.9398772753394166,0.3464908095077036
S0_FULL,3,L0_STAGE15_MATCHED,B2_COMMON_NODE_EQUAL_DENSITY,0.75,A2_W0::2010->2011,8,0.4590643274853801,0.4590643274853801,0.0263157894736842,0.5789473684210527,0.3450292397660818,0.9678168627059122,0.9642598829911484,0.9145371842614276,0.3230685703804269
S0_FULL,3,L0_STAGE15_MATCHED,B2_COMMON_NODE_EQUAL_DENSITY,0.75,A2_W0::2011->2012,9,0.445092322643343,0.445092322643343,0.0816326530612244,0.5481049562682215,0.4023323615160349,0.9672095683225186,0.9365789386981638,0.8714950577552864,0.345720541480974
S0_FULL,3,L0_STAGE15_MATCHED,B2_COMMON_NODE_EQUAL_DENSITY,0.75,A2_W0::2012->2013,10,0.448780487804878,0.448780487804878,0.0468292682926829,0.5746341463414634,0.3707317073170731,0.9784134005232186,0.9335724877031026,0.8096888695694782,0.3345318475071645
S0_FULL,3,L0_STAGE15_MATCHED,B2_COMMON_NODE_EQUAL_DENSITY,0.75,A2_W0::2013->2014,11,0.4633663366336634,0.4633663366336634,0.0425742574257425,0.4910891089108911,0.4475247524752475,0.9878932980340696,0.956216247528797,0.8354885720625441,0.2500644047298683
S0_FULL,3,L0_STAGE15_MATCHED,B2_COMMON_NODE_EQUAL_DENSITY,0.75,A2_W0::2014->2015,12,0.4561904761904762,0.4561904761904762,0.0104761904761904,0.6228571428571429,0.3266666666666666,0.9914485639934304,0.9230297888235582,0.8782371364531026,0.4419814785383029
S0_FULL,3,L0_STAGE15_MATCHED,B2_COMMON_NODE_EQUAL_DENSITY,0.75,A2_W0::2015->2016,13,0.4587628865979381,0.4587628865979381,0.0670103092783505,0.4991408934707904,0.3711340206185567,0.9755887539694196,0.9688515330064996,0.9097460280574876,0.4013068808286823
S0_FULL,3,L0_STAGE15_MATCHED,B2_COMMON_NODE_EQUAL_DENSITY,0.75,A2_W0::2016->2017,14,0.4174095437860514,0.4174095437860514,0.0928159412690089,0.3927635028841111,0.377556371263765,0.9744975751551496,0.9146942633074036,0.8249363437085503,0.2504058639337662
S0_FULL,3,L0_STAGE15_MATCHED,B2_COMMON_NODE_EQUAL_DENSITY,0.75,A2_W0::2017->2018,15,0.4494577006507592,0.4494577006507592,0.0928416485900217,0.4780911062906725,0.3162689804772234,0.989538134157154,0.9548133147721068,0.8893201609822475,0.4469784155872898
S0_FULL,3,L0_STAGE15_MATCHED,B2_COMMON_NODE_EQUAL_DENSITY,0.75,A2_W0::2018->2019,16,0.4531456225252969,0.4531456225252969,0.0519137703475582,0.4663440387153542,0.355917289925209,0.9976791338140264,0.953749416674424,0.8326654480009413,0.2281647736532309
S0_FULL,3,L0_STAGE15_MATCHED,B2_COMMON_NODE_EQUAL_DENSITY,0.75,A2_W0::2019->2020,17,0.4336640940830576,0.4336640940830576,0.1084160235207644,0.3498713708195516,0.4406468210216832,0.9822859906812604,0.9505012935565188,0.8365675710198147,0.3358656543234426
S0_FULL,3,L0_STAGE15_MATCHED,B2_COMMON_NODE_EQUAL_DENSITY,0.75,A2_W0::2020->2021,18,0.4340607210626186,0.4340607210626186,0.0697343453510436,0.4032258064516129,0.3899430740037951,0.9852446982936044,0.9470965830591068,0.8138157757213913,0.2760820986615712
S0_FULL,3,L0_STAGE15_MATCHED,B2_COMMON_NODE_EQUAL_DENSITY,0.75,A2_W0::2021->2022,19,0.4668534080298786,0.4668534080298786,0.0224089635854341,0.5023342670401494,0.3585434173669468,0.9924043786047616,0.962951653179858,0.903590161537393,0.3268908788824959
S0_FULL,3,L0_STAGE15_MATCHED,B2_COMMON_NODE_EQUAL_DENSITY,0.75,A2_W0::2022->2023,20,0.4814305364511692,0.4814305364511692,0.0082530949105914,0.8569463548830811,0.140302613480055,0.989067594058964,0.9610260731403544,0.9999999999672052,0.4577293166311912
S0_FULL,3,L0_STAGE15_MATCHED,B2_COMMON_NODE_EQUAL_DENSITY,0.5,A2_W0::2002->2003,0,0.5,0.5,0.0,0.6666666666666666,0.3333333333333333,0.9999999999627412,0.9999999999629012,0.0,0.0
S0_FULL,3,L0_STAGE15_MATCHED,B2_COMMON_NODE_EQUAL_DENSITY,0.5,A2_W0::2003->2004,1,0.5,0.5,0.0,0.75,0.25,0.999999999970596,0.999999999971689,0.0,0.0
S0_FULL,3,L0_STAGE15_MATCHED,B2_COMMON_NODE_EQUAL_DENSITY,0.5,A2_W0::2004->2005,2,0.4615384615384615,0.4615384615384615,0.0,0.8461538461538461,0.1538461538461538,0.9561828227480986,0.999999999932098,0.0,0.2390428757811922
S0_FULL,3,L0_STAGE15_MATCHED,B2_COMMON_NODE_EQUAL_DENSITY,0.5,A2_W0::2005->2006,3,0.5,0.5,0.0,0.75,0.25,0.8164965809573324,0.8164965810076921,0.0,0.0
S0_FULL,3,L0_STAGE15_MATCHED,B2_COMMON_NODE_EQUAL_DENSITY,0.5,A2_W0::2006->2007,4,0.5,0.5,0.0,0.7692307692307693,0.1923076923076923,0.7416198486549384,0.8944271909372015,0.9999999998991678,0.0
S0_FULL,3,L0_STAGE15_MATCHED,B2_COMMON_NODE_EQUAL_DENSITY,0.5,A2_W0::2007->2008,5,0.4736842105263157,0.4736842105263157,0.0,0.8421052631578947,0.1491228070175438,0.9806201446194692,0.9815062048193538,0.5257436241349385,0.4017783485447364
S0_FULL,3,L0_STAGE15_MATCHED,B2_COMMON_NODE_EQUAL_DENSITY,0.5,A2_W0::2008->2009,6,0.4922279792746113,0.4922279792746113,0.0,0.8860103626943006,0.1036269430051813,0.9948309110864954,0.978282438919445,0.9999999997350376,0.3547164624973691
S0_FULL,3,L0_STAGE15_MATCHED,B2_COMMON_NODE_EQUAL_DENSITY,0.5,A2_W0::2009->2010,7,0.4733727810650887,0.4733727810650887,0.0118343195266272,0.8047337278106509,0.1715976331360946,0.9751430257502206,0.984459418687024,0.8756361037008441,0.2346481248233865
S0_FULL,3,L0_STAGE15_MATCHED,B2_COMMON_NODE_EQUAL_DENSITY,0.5,A2_W0::2010->2011,8,0.4533333333333333,0.4533333333333333,0.0266666666666666,0.6,0.3377777777777778,0.9563038084245284,0.9585348951944932,0.93648555570359,0.273063694492497
S0_FULL,3,L0_STAGE15_MATCHED,B2_COMMON_NODE_EQUAL_DENSITY,0.5,A2_W0::2011->2012,9,0.4532374100719424,0.4532374100719424,0.0633093525179856,0.5280575539568345,0.4100719424460431,0.9728085357441282,0.9525064694151364,0.8773812558352185,0.3718078232183588
S0_FULL,3,L0_STAGE15_MATCHED,B2_COMMON_NODE_EQUAL_DENSITY,0.5,A2_W0::2012->2013,10,0.4542815674891146,0.4542815674891146,0.0406386066763425,0.4992743105950653,0.420899854862119,0.977896463667607,0.9447813762014744,0.8822215406786769,0.2709649709256638
S0_FULL,3,L0_STAGE15_MATCHED,B2_COMMON_NODE_EQUAL_DENSITY,0.5,A2_W0::2013->2014,11,0.4714494875549048,0.4714494875549048,0.0307467057101024,0.4421669106881405,0.4787701317715959,0.9950591454443176,0.9689333361312008,0.8598761020995456,0.2234916246321364
S0_FULL,3,L0_STAGE15_MATCHED,B2_COMMON_NODE_EQUAL_DENSITY,0.5,A2_W0::2014->2015,12,0.4751381215469613,0.4751381215469613,0.011049723756906,0.6229281767955801,0.3162983425414364,0.9959732117417754,0.94688874973273,0.9305259976182566,0.2786286961749869
S0_FULL,3,L0_STAGE15_MATCHED,B2_COMMON_NODE_EQUAL_DENSITY,0.5,A2_W0::2015->2016,13,0.4710327455919395,0.4710327455919395,0.0465994962216624,0.5264483627204031,0.3136020151133501,0.9817244368288304,0.9782558436843004,0.9421633428907852,0.3576704207534349
S0_FULL,3,L0_STAGE15_MATCHED,B2_COMMON_NODE_EQUAL_DENSITY,0.5,A2_W0::2016->2017,14,0.4117647058823529,0.4117647058823529,0.1017488076311605,0.2933227344992051,0.4054054054054054,0.978477340491895,0.9178521218943893,0.8397120900442574,0.2527070171395819
S0_FULL,3,L0_STAGE15_MATCHED,B2_COMMON_NODE_EQUAL_DENSITY,0.5,A2_W0::2017->2018,15,0.4513618677042801,0.4513618677042801,0.0881971465629053,0.4027237354085603,0.3346303501945525,0.9887383615178592,0.967167549177638,0.9050689863870512,0.4436263033085578
S0_FULL,3,L0_STAGE15_MATCHED,B2_COMMON_NODE_EQUAL_DENSITY,0.5,A2_W0::2018->2019,16,0.4627349319507453,0.4627349319507453,0.0466623460790667,0.4225534672715489,0.3661697990926766,0.9977583763237816,0.9803489184672638,0.8605022558046256,0.2183727902524425
S0_FULL,3,L0_STAGE15_MATCHED,B2_COMMON_NODE_EQUAL_DENSITY,0.5,A2_W0::2019->2020,17,0.4531416400425985,0.4531416400425985,0.0761448349307774,0.2795527156549521,0.4691160809371672,0.992536371086738,0.9758122688409276,0.8776754082052574,0.3169218511277777
S0_FULL,3,L0_STAGE15_MATCHED,B2_COMMON_NODE_EQUAL_DENSITY,0.5,A2_W0::2020->2021,18,0.4509668508287293,0.4509668508287293,0.0538674033149171,0.3342541436464088,0.4074585635359116,0.9981122056965634,0.9765585214261636,0.8508845438829564,0.2602177838938885
S0_FULL,3,L0_STAGE15_MATCHED,B2_COMMON_NODE_EQUAL_DENSITY,0.5,A2_W0::2021->2022,19,0.4758620689655172,0.4758620689655172,0.0179310344827586,0.48,0.353103448275862,0.992091711550232,0.9872109633377036,0.9155795434655768,0.3136911155914098
S0_FULL,3,L0_STAGE15_MATCHED,B2_COMMON_NODE_EQUAL_DENSITY,0.5,A2_W0::2022->2023,20,0.4929292929292929,0.4929292929292929,0.006060606060606,0.8181818181818182,0.1777777777777777,0.9959024430531324,0.9843479305361024,0.9999999999672052,0.3692799229639598
S0_FULL,3,L1_EXTENDED,B0_REFERENCE,1.0,A2_W0::2002->2003,0,0.8009049773755657,0.1809954751131221,0.0090497737556561,0.9773755656108596,0.0226244343891402,0.7121196289046829,0.9528871354068176,0.0,0.8770217568764644
S0_FULL,3,L1_EXTENDED,B0_REFERENCE,1.0,A2_W0::2003->2004,1,0.3489208633093525,0.5359712230215827,0.0827338129496402,0.9784172661870504,0.0215827338129496,0.8059031746549655,0.808344357029368,0.0,0.7411785994771372
S0_FULL,3,L1_EXTENDED,B0_REFERENCE,1.0,A2_W0::2004->2005,2,0.9542066027689032,0.0315938942137025,0.002484913028044,0.997515086971956,0.002484913028044,0.9823519007831616,0.5512373593325466,0.0,0.4421514301886528
S0_FULL,3,L1_EXTENDED,B0_REFERENCE,1.0,A2_W0::2005->2006,3,0.0058309037900874,0.9897959183673468,0.0003644314868804,0.9967201166180758,0.0032798833819241,0.98578921568958,0.8164966041520958,0.0,0.8072245889909875
S0_FULL,3,L1_EXTENDED,B0_REFERENCE,1.0,A2_W0::2006->2007,4,0.9628647214854112,0.0185676392572944,0.0092838196286472,0.9774535809018567,0.019893899204244,0.7476784508780635,0.966091793046554,0.9999999996433476,0.707106795978085
S0_FULL,3,L1_EXTENDED,B0_REFERENCE,1.0,A2_W0::2007->2008,5,0.6953478797859202,0.2317826265953067,0.031700288184438,0.9790037052284892,0.0197612186084808,0.6710910476837864,0.847255172620667,0.6585713992609812,0.6668977430180463
S0_FULL,3,L1_EXTENDED,B0_REFERENCE,1.0,A2_W0::2008->2009,6,0.6836215666327569,0.2163445235673109,0.0623940318752119,0.9182773821634452,0.0808748728382502,0.781326774306378,0.9649273163801744,0.8950508717905227,0.8610663717873569
S0_FULL,3,L1_EXTENDED,B0_REFERENCE,1.0,A2_W0::2009->2010,7,0.1688545225678834,0.728825750764251,0.080920697716238,0.91764071210214,0.080920697716238,0.8317137089370613,0.8731849680919413,0.8387163690227367,0.679500840988259
S0_FULL,3,L1_EXTENDED,B0_REFERENCE,1.0,A2_W0::2010->2011,8,0.7371448492243333,0.1635000871535646,0.0320725117657312,0.8673522747080356,0.1255011329963395,0.8829767665730941,0.9239651729985722,0.6741837989516116,0.7324991041136085
S0_FULL,3,L1_EXTENDED,B0_REFERENCE,1.0,A2_W0::2011->2012,9,0.457985091484075,0.3282132369550485,0.1718997063474136,0.8662751298847978,0.1266094420600858,0.9770643720355782,0.8807500904100539,0.7400469642942659,0.8455122312326299
S0_FULL,3,L1_EXTENDED,B0_REFERENCE,1.0,A2_W0::2012->2013,10,0.2120810703404424,0.2440058285865677,0.1279639687375811,0.8554775466949265,0.1364419128361372,0.7329210692132051,0.6368046216663177,0.6921202617317399,0.3602820464142651
S0_FULL,3,L1_EXTENDED,B0_REFERENCE,1.0,A2_W0::2013->2014,11,0.5354875468012372,0.0921373921536708,0.1615660100927885,0.8958977698193066,0.0982419013511313,0.9256857052919092,0.6749355478768022,0.6546859375007286,0.747239306990172
S0_FULL,3,L1_EXTENDED,B0_REFERENCE,1.0,A2_W0::2014->2015,12,0.1234577603143418,0.4900589390962672,0.0343418467583497,0.9027111984282908,0.0920235756385068,0.8081596820072269,0.6985194593475388,0.7818252962175443,0.7198928565478467
S0_FULL,3,L1_EXTENDED,B0_REFERENCE,1.0,A2_W0::2015->2016,13,0.5119951868842596,0.0913739941340151,0.3529367526509739,0.7815296683462435,0.2013988117620516,0.7078926599231368,0.7201648231048996,0.7433650112151255,0.567897575610467
S0_FULL,3,L1_EXTENDED,B0_REFERENCE,1.0,A2_W0::2016->2017,14,0.2917936694021102,0.1888042203985932,0.2276084407971864,0.7828253223915592,0.1837045720984759,0.7508746388823617,0.6515139447916881,0.6437697726212896,0.4090520580701982
S0_FULL,3,L1_EXTENDED,B0_REFERENCE,1.0,A2_W0::2017->2018,15,0.2170739986422267,0.3976578411405295,0.270988911518443,0.7744964924190993,0.1855057705363204,0.8405467549591316,0.8777525189156908,0.7311171414973707,0.5881179504919037
S0_FULL,3,L1_EXTENDED,B0_REFERENCE,1.0,A2_W0::2018->2019,16,0.4636001813693385,0.2231850471056476,0.0814650612121517,0.8382286261272608,0.1287218499672527,0.6726906730216778,0.7380529657430125,0.7259288725377869,0.4555814991503948
S0_FULL,3,L1_EXTENDED,B0_REFERENCE,1.0,A2_W0::2019->2020,17,0.2909500597811091,0.2300193138968086,0.2959624758576289,0.8396486710199577,0.1288972684631656,0.6948442317022592,0.8015638431896318,0.7309749271673136,0.4798941991263996
S0_FULL,3,L1_EXTENDED,B0_REFERENCE,1.0,A2_W0::2020->2021,18,0.06988112431952,0.7294189534496167,0.1063770692145317,0.8422397511387624,0.1247639151205421,0.6726739076007533,0.824242881691936,0.7285987114867556,0.4829973744046552
S0_FULL,3,L1_EXTENDED,B0_REFERENCE,1.0,A2_W0::2021->2022,19,0.510255379046853,0.2628192238085662,0.0927005831490046,0.8614518399356526,0.1191433742207922,0.5972865760830128,0.8345430130715719,0.8037679248777906,0.747952023753367
S0_FULL,3,L1_EXTENDED,B0_REFERENCE,1.0,A2_W0::2022->2023,20,0.128698752228164,0.1460487225193107,0.6736779560308972,0.9834818775995248,0.0162804515745692,0.9683830674506536,0.8217251910401574,0.8551966735608304,0.9670907215833796
S0_FULL,3,L1_EXTENDED,B2_COMMON_NODE_EQUAL_DENSITY,1.0,A2_W0::2002->2003,0,0.5,0.5,0.0,0.7857142857142857,0.2142857142857142,0.9999999999242888,0.9999999999598282,0.0,0.0
S0_FULL,3,L1_EXTENDED,B2_COMMON_NODE_EQUAL_DENSITY,1.0,A2_W0::2003->2004,1,0.5,0.5,0.0,0.8888888888888888,0.1111111111111111,0.9999999999341228,0.9999999999713632,0.0,0.0
S0_FULL,3,L1_EXTENDED,B2_COMMON_NODE_EQUAL_DENSITY,1.0,A2_W0::2004->2005,2,0.4166666666666667,0.4166666666666667,0.0,0.875,0.125,0.9065070950930358,0.9999999999354388,0.0,0.2534054973241331
S0_FULL,3,L1_EXTENDED,B2_COMMON_NODE_EQUAL_DENSITY,1.0,A2_W0::2005->2006,3,0.4545454545454545,0.4545454545454545,0.0,0.7727272727272727,0.2272727272727272,0.8043996791258341,0.7745967132720258,0.0,0.9999999999422036
S0_FULL,3,L1_EXTENDED,B2_COMMON_NODE_EQUAL_DENSITY,1.0,A2_W0::2006->2007,4,0.48,0.48,0.04,0.76,0.22,0.743391951413458,0.7977240546050642,0.9999999998948254,0.9999999998368408
S0_FULL,3,L1_EXTENDED,B2_COMMON_NODE_EQUAL_DENSITY,1.0,A2_W0::2007->2008,5,0.4366197183098591,0.4366197183098591,0.0704225352112676,0.8591549295774648,0.1267605633802817,0.947877151926162,0.9411127366013384,0.6585713992609812,0.3669229095074218
S0_FULL,3,L1_EXTENDED,B2_COMMON_NODE_EQUAL_DENSITY,1.0,A2_W0::2008->2009,6,0.4842931937172774,0.4842931937172774,0.0104712041884816,0.824607329842932,0.1649214659685864,0.9915576883072104,0.9712884398481588,0.8668304812201698,0.4226555813003604
S0_FULL,3,L1_EXTENDED,B2_COMMON_NODE_EQUAL_DENSITY,1.0,A2_W0::2009->2010,7,0.4622356495468278,0.4622356495468278,0.0332326283987915,0.8096676737160121,0.1661631419939577,0.9706777268986254,0.9700964359765004,0.8477612232419363,0.4011518452750086
S0_FULL,3,L1_EXTENDED,B2_COMMON_NODE_EQUAL_DENSITY,1.0,A2_W0::2010->2011,8,0.4618736383442265,0.4618736383442265,0.0283224400871459,0.5904139433551199,0.3224400871459695,0.967861126961376,0.971084057637216,0.9196116110160816,0.3048511692380334
S0_FULL,3,L1_EXTENDED,B2_COMMON_NODE_EQUAL_DENSITY,1.0,A2_W0::2011->2012,9,0.4437134502923976,0.4437134502923976,0.0752923976608187,0.5818713450292398,0.3757309941520468,0.9712527310770548,0.924236469103478,0.8685099521241443,0.3577312136550129
S0_FULL,3,L1_EXTENDED,B2_COMMON_NODE_EQUAL_DENSITY,1.0,A2_W0::2012->2013,10,0.4515659140568099,0.4515659140568099,0.0415149308084486,0.6416605972323379,0.3160961398397669,0.9807558825016796,0.926554485731544,0.7948370066387911,0.3538291953095996
S0_FULL,3,L1_EXTENDED,B2_COMMON_NODE_EQUAL_DENSITY,1.0,A2_W0::2013->2014,11,0.4455521472392638,0.4455521472392638,0.0651840490797546,0.4654907975460122,0.4854294478527607,0.9778993125574336,0.9308460602085538,0.813241759321144,0.2555264619361844
S0_FULL,3,L1_EXTENDED,B2_COMMON_NODE_EQUAL_DENSITY,1.0,A2_W0::2014->2015,12,0.426525998492841,0.426525998492841,0.0226073850791258,0.5440844009042954,0.4144687264506405,0.9790153104327218,0.8891587917330082,0.8231109056686026,0.4057979172968786
S0_FULL,3,L1_EXTENDED,B2_COMMON_NODE_EQUAL_DENSITY,1.0,A2_W0::2015->2016,13,0.4377510040160642,0.4377510040160642,0.0950468540829986,0.501338688085676,0.3888888888888889,0.9426110778446052,0.960308590461282,0.8966775583774472,0.3677389448935712
S0_FULL,3,L1_EXTENDED,B2_COMMON_NODE_EQUAL_DENSITY,1.0,A2_W0::2016->2017,14,0.3816283924843424,0.3816283924843424,0.1427974947807933,0.3987473903966597,0.3995824634655532,0.9341896167245056,0.8889655296253717,0.7491971777177081,0.2406010754606612
S0_FULL,3,L1_EXTENDED,B2_COMMON_NODE_EQUAL_DENSITY,1.0,A2_W0::2017->2018,15,0.4493979824275952,0.4493979824275952,0.0937194923527497,0.5056947608200456,0.316628701594533,0.987979637849532,0.951855941912232,0.8869395646056959,0.4604957570696605
S0_FULL,3,L1_EXTENDED,B2_COMMON_NODE_EQUAL_DENSITY,1.0,A2_W0::2018->2019,16,0.4436241610738255,0.4436241610738255,0.0573825503355704,0.5003355704697987,0.347986577181208,0.9925321943579644,0.9311904301817876,0.815891065775599,0.272224144244333
S0_FULL,3,L1_EXTENDED,B2_COMMON_NODE_EQUAL_DENSITY,1.0,A2_W0::2019->2020,17,0.4193274936422718,0.4193274936422718,0.1263068663464255,0.4320429499858717,0.4020909861542808,0.9652096211692704,0.9270911818172716,0.8095388600591831,0.3353637921375966
S0_FULL,3,L1_EXTENDED,B2_COMMON_NODE_EQUAL_DENSITY,1.0,A2_W0::2020->2021,18,0.4133480825958702,0.4133480825958702,0.0888643067846607,0.456858407079646,0.3687315634218289,0.9634507814764448,0.9194291247634284,0.7797449433338276,0.2954300679661919
S0_FULL,3,L1_EXTENDED,B2_COMMON_NODE_EQUAL_DENSITY,1.0,A2_W0::2021->2022,19,0.4544802867383513,0.4544802867383513,0.0279569892473118,0.5369175627240144,0.3483870967741935,0.9788599927152148,0.9563380877568046,0.8690782850289298,0.3436905027253839
S0_FULL,3,L1_EXTENDED,B2_COMMON_NODE_EQUAL_DENSITY,1.0,A2_W0::2022->2023,20,0.4704641350210971,0.4704641350210971,0.020042194092827,0.8871308016877637,0.110759493670886,0.979834057837014,0.940560943051988,0.9022729808332364,0.4213042551019251
S0_FULL,3,L1_EXTENDED,B2_COMMON_NODE_EQUAL_DENSITY,0.75,A2_W0::2002->2003,0,0.5,0.5,0.0,0.7,0.3,0.9999999999563052,0.9999999999598282,0.0,0.0
S0_FULL,3,L1_EXTENDED,B2_COMMON_NODE_EQUAL_DENSITY,0.75,A2_W0::2003->2004,1,0.5,0.5,0.0,0.8571428571428571,0.1428571428571428,0.9999999999418006,0.9999999999713632,0.0,0.0
S0_FULL,3,L1_EXTENDED,B2_COMMON_NODE_EQUAL_DENSITY,0.75,A2_W0::2004->2005,2,0.45,0.45,0.0,0.9,0.1,0.9465510729886788,0.999999999929186,0.0,0.2522506784477195
S0_FULL,3,L1_EXTENDED,B2_COMMON_NODE_EQUAL_DENSITY,0.75,A2_W0::2005->2006,3,0.4375,0.4375,0.0,0.75,0.25,0.8660254201711446,0.7071068415084689,0.0,0.9999999999422036
S0_FULL,3,L1_EXTENDED,B2_COMMON_NODE_EQUAL_DENSITY,0.75,A2_W0::2006->2007,4,0.4864864864864865,0.4864864864864865,0.027027027027027,0.7027027027027027,0.2702702702702703,0.7595545393634711,0.7745966912575253,0.9999999998948254,0.9999999998948254
S0_FULL,3,L1_EXTENDED,B2_COMMON_NODE_EQUAL_DENSITY,0.75,A2_W0::2007->2008,5,0.4478527607361963,0.4478527607361963,0.0613496932515337,0.8404907975460123,0.1411042944785276,0.952448292518633,0.9677738338075006,0.6585713992609812,0.2570469328929887
S0_FULL,3,L1_EXTENDED,B2_COMMON_NODE_EQUAL_DENSITY,0.75,A2_W0::2008->2009,6,0.4878048780487805,0.4878048780487805,0.0104529616724738,0.8536585365853658,0.1324041811846689,0.9962149286590866,0.96039919472353,0.8668304812201698,0.4147868461337382
S0_FULL,3,L1_EXTENDED,B2_COMMON_NODE_EQUAL_DENSITY,0.75,A2_W0::2009->2010,7,0.4615384615384615,0.4615384615384615,0.0242914979757085,0.8097165991902834,0.1578947368421052,0.9651980538610024,0.9734296247835174,0.9393497380653052,0.3506028142354466
S0_FULL,3,L1_EXTENDED,B2_COMMON_NODE_EQUAL_DENSITY,0.75,A2_W0::2010->2011,8,0.4590643274853801,0.4590643274853801,0.0292397660818713,0.5730994152046783,0.3099415204678362,0.9671442910410374,0.9593857538851916,0.945548795214864,0.308178605208985
S0_FULL,3,L1_EXTENDED,B2_COMMON_NODE_EQUAL_DENSITY,0.75,A2_W0::2011->2012,9,0.4525407478427612,0.4525407478427612,0.0661553211888782,0.538830297219559,0.4084372003835091,0.9709241331989656,0.9511937607410516,0.875609809818416,0.3678187378264294
S0_FULL,3,L1_EXTENDED,B2_COMMON_NODE_EQUAL_DENSITY,0.75,A2_W0::2012->2013,10,0.4509232264334305,0.4509232264334305,0.0369290573372206,0.5782312925170068,0.3673469387755102,0.9776590464783248,0.9350689739571127,0.8367484179582368,0.3212804139194265
S0_FULL,3,L1_EXTENDED,B2_COMMON_NODE_EQUAL_DENSITY,0.75,A2_W0::2013->2014,11,0.4536290322580645,0.4536290322580645,0.0473790322580645,0.4143145161290322,0.5211693548387096,0.9890185721947008,0.9434344736178188,0.8202658810761849,0.2388789744207889
S0_FULL,3,L1_EXTENDED,B2_COMMON_NODE_EQUAL_DENSITY,0.75,A2_W0::2014->2015,12,0.4318407960199005,0.4318407960199005,0.0248756218905472,0.4925373134328358,0.4537313432835821,0.986196727301388,0.9008246192146442,0.8346295877642749,0.3922886698765854
S0_FULL,3,L1_EXTENDED,B2_COMMON_NODE_EQUAL_DENSITY,0.75,A2_W0::2015->2016,13,0.4606164383561644,0.4606164383561644,0.0667808219178082,0.4871575342465753,0.3809931506849315,0.978225099350568,0.9697642057825072,0.912673009020572,0.4073323697875455
S0_FULL,3,L1_EXTENDED,B2_COMMON_NODE_EQUAL_DENSITY,0.75,A2_W0::2016->2017,14,0.4164915966386555,0.4164915966386555,0.0903361344537815,0.3975840336134453,0.375,0.974730611283074,0.908486035931484,0.8280829328137717,0.2472524241848449
S0_FULL,3,L1_EXTENDED,B2_COMMON_NODE_EQUAL_DENSITY,0.75,A2_W0::2017->2018,15,0.4518358531317494,0.4518358531317494,0.0889848812095032,0.4846652267818574,0.3144708423326134,0.989177909681364,0.9568604060850664,0.8961708248039482,0.4533977981204249
S0_FULL,3,L1_EXTENDED,B2_COMMON_NODE_EQUAL_DENSITY,0.75,A2_W0::2018->2019,16,0.4555409548839246,0.4555409548839246,0.0477441962330267,0.4682435392028033,0.3565484012264564,0.9972464712243716,0.9587119860507062,0.8362399638071137,0.2328947359335506
S0_FULL,3,L1_EXTENDED,B2_COMMON_NODE_EQUAL_DENSITY,0.75,A2_W0::2019->2020,17,0.4322033898305085,0.4322033898305085,0.1094325718496683,0.3426676492262343,0.4491525423728814,0.9823001019640576,0.949036445598399,0.8333497204151674,0.336474015649516
S0_FULL,3,L1_EXTENDED,B2_COMMON_NODE_EQUAL_DENSITY,0.75,A2_W0::2020->2021,18,0.4345971563981042,0.4345971563981042,0.0701421800947867,0.4028436018957346,0.390521327014218,0.9829632370861184,0.947661786566294,0.8205866152151687,0.275010003941828
S0_FULL,3,L1_EXTENDED,B2_COMMON_NODE_EQUAL_DENSITY,0.75,A2_W0::2021->2022,19,0.4673507462686567,0.4673507462686567,0.023320895522388,0.5027985074626866,0.3591417910447761,0.991610269766985,0.9645590326077742,0.9063434160553324,0.3330313245668458
S0_FULL,3,L1_EXTENDED,B2_COMMON_NODE_EQUAL_DENSITY,0.75,A2_W0::2022->2023,20,0.48,0.48,0.0068965517241379,0.8593103448275862,0.1379310344827586,0.9873228308370694,0.9636462770146444,0.9999999999668387,0.4611000694629119
S0_FULL,3,L1_EXTENDED,B2_COMMON_NODE_EQUAL_DENSITY,0.5,A2_W0::2002->2003,0,0.5,0.5,0.0,0.6666666666666666,0.3333333333333333,0.9999999999620224,0.9999999999615434,0.0,0.0
S0_FULL,3,L1_EXTENDED,B2_COMMON_NODE_EQUAL_DENSITY,0.5,A2_W0::2003->2004,1,0.5,0.5,0.0,0.75,0.25,0.9999999999705164,0.9999999999713632,0.0,0.0
S0_FULL,3,L1_EXTENDED,B2_COMMON_NODE_EQUAL_DENSITY,0.5,A2_W0::2004->2005,2,0.5,0.5,0.0,0.8571428571428571,0.1428571428571428,0.999999999956751,0.999999999929186,0.0,0.0
S0_FULL,3,L1_EXTENDED,B2_COMMON_NODE_EQUAL_DENSITY,0.5,A2_W0::2005->2006,3,0.4545454545454545,0.4545454545454545,0.0,0.6363636363636364,0.3636363636363636,0.9258201258849128,0.7071068415084689,0.0,0.9999999999704532
S0_FULL,3,L1_EXTENDED,B2_COMMON_NODE_EQUAL_DENSITY,0.5,A2_W0::2006->2007,4,0.5,0.5,0.0,0.7307692307692307,0.2307692307692307,0.7608859293882236,0.8164966156537679,0.9999999998948316,0.0
S0_FULL,3,L1_EXTENDED,B2_COMMON_NODE_EQUAL_DENSITY,0.5,A2_W0::2007->2008,5,0.4827586206896552,0.4827586206896552,0.0,0.8275862068965517,0.1637931034482758,0.9845270841380416,0.9999999997732144,0.5367666681878376,0.2916770992320362
S0_FULL,3,L1_EXTENDED,B2_COMMON_NODE_EQUAL_DENSITY,0.5,A2_W0::2008->2009,6,0.4922279792746113,0.4922279792746113,0.0,0.8704663212435233,0.1191709844559585,0.9944752898753316,0.9807004837259534,0.9999999997188006,0.2997856659419246
S0_FULL,3,L1_EXTENDED,B2_COMMON_NODE_EQUAL_DENSITY,0.5,A2_W0::2009->2010,7,0.47953216374269,0.47953216374269,0.0058479532163742,0.8245614035087719,0.1520467836257309,0.9828269925210223,0.9828919952688432,0.8745032083703502,0.231705340344209
S0_FULL,3,L1_EXTENDED,B2_COMMON_NODE_EQUAL_DENSITY,0.5,A2_W0::2010->2011,8,0.4581497797356828,0.4581497797356828,0.026431718061674,0.6035242290748899,0.3039647577092511,0.9639472794197776,0.9535962336481972,0.9584423479045392,0.2651049575854682
S0_FULL,3,L1_EXTENDED,B2_COMMON_NODE_EQUAL_DENSITY,0.5,A2_W0::2011->2012,9,0.45480631276901,0.45480631276901,0.0616929698708751,0.5078909612625538,0.4160688665710186,0.9774619704679044,0.9521780045123178,0.9011517361675112,0.4021627375076185
S0_FULL,3,L1_EXTENDED,B2_COMMON_NODE_EQUAL_DENSITY,0.5,A2_W0::2012->2013,10,0.4510948905109489,0.4510948905109489,0.0335766423357664,0.5021897810218978,0.4175182481751824,0.9778996720045368,0.940227867395622,0.8646763351366624,0.2708943568430756
S0_FULL,3,L1_EXTENDED,B2_COMMON_NODE_EQUAL_DENSITY,0.5,A2_W0::2013->2014,11,0.4635958395245171,0.4635958395245171,0.0312035661218424,0.3491827637444279,0.5586924219910847,0.9936509592846772,0.9639344814071238,0.8521250528706972,0.2218882859796046
S0_FULL,3,L1_EXTENDED,B2_COMMON_NODE_EQUAL_DENSITY,0.5,A2_W0::2014->2015,12,0.4625176803394625,0.4625176803394625,0.0282885431400282,0.4695898161244696,0.4582743988684583,0.9943524460254022,0.949168127753758,0.8654832963300858,0.2868457545097393
S0_FULL,3,L1_EXTENDED,B2_COMMON_NODE_EQUAL_DENSITY,0.5,A2_W0::2015->2016,13,0.4690265486725664,0.4690265486725664,0.0480404551201011,0.5233881163084703,0.3109987357774968,0.9792396235795212,0.9768216544350318,0.943931023296522,0.362502950428309
S0_FULL,3,L1_EXTENDED,B2_COMMON_NODE_EQUAL_DENSITY,0.5,A2_W0::2016->2017,14,0.4089456869009584,0.4089456869009584,0.1014376996805111,0.2939297124600639,0.4057507987220447,0.975686210106923,0.9182684273857652,0.8291247543159704,0.2402226762445394
S0_FULL,3,L1_EXTENDED,B2_COMMON_NODE_EQUAL_DENSITY,0.5,A2_W0::2017->2018,15,0.4502923976608187,0.4502923976608187,0.0903183885640026,0.4165042235217673,0.3235867446393762,0.9872498235551628,0.9679937303721652,0.9018419229656248,0.4480745233121531
S0_FULL,3,L1_EXTENDED,B2_COMMON_NODE_EQUAL_DENSITY,0.5,A2_W0::2018->2019,16,0.4606376057254391,0.4606376057254391,0.044242029928432,0.4196486662329213,0.3715029277813923,0.998505495634126,0.9797080697082732,0.8484081582154056,0.2261775035452999
S0_FULL,3,L1_EXTENDED,B2_COMMON_NODE_EQUAL_DENSITY,0.5,A2_W0::2019->2020,17,0.4531416400425985,0.4531416400425985,0.0750798722044728,0.2790202342917998,0.4701810436634718,0.9934831619558848,0.9774368495692088,0.8709454801039896,0.3021776629866087
S0_FULL,3,L1_EXTENDED,B2_COMMON_NODE_EQUAL_DENSITY,0.5,A2_W0::2020->2021,18,0.4513457556935817,0.4513457556935817,0.0545203588681849,0.336783988957902,0.4064872325741891,0.9981690127202754,0.978225060673476,0.8477189729042953,0.2550539003100648
S0_FULL,3,L1_EXTENDED,B2_COMMON_NODE_EQUAL_DENSITY,0.5,A2_W0::2021->2022,19,0.4751381215469613,0.4751381215469613,0.0193370165745856,0.462707182320442,0.3701657458563536,0.991679178026215,0.9857471467598242,0.9158055964735397,0.3048607820528721
S0_FULL,3,L1_EXTENDED,B2_COMMON_NODE_EQUAL_DENSITY,0.5,A2_W0::2022->2023,20,0.4929292929292929,0.4929292929292929,0.006060606060606,0.8141414141414142,0.1818181818181818,0.9950720084841256,0.9902007123426316,0.9999999999668387,0.4280514767703927
S0_FULL,3,L2_HIGH,B0_REFERENCE,1.0,A2_W0::2002->2003,0,0.8505747126436781,0.0919540229885057,0.0229885057471264,0.971264367816092,0.028735632183908,0.8050452414049714,0.9539339086894836,0.0,0.8413372606627398
S0_FULL,3,L2_HIGH,B0_REFERENCE,1.0,A2_W0::2003->2004,1,0.4768211920529801,0.4271523178807947,0.0695364238410596,0.9801324503311258,0.0198675496688741,0.7725335352951739,0.8227062034799094,0.0,0.7816039014844014
S0_FULL,3,L2_HIGH,B0_REFERENCE,1.0,A2_W0::2004->2005,2,0.9423141047015672,0.0446815605201733,0.0036678892964321,0.9976658886295432,0.0023341113704568,0.9522026268967336,0.5602182875878384,0.0,0.5066963041297676
S0_FULL,3,L2_HIGH,B0_REFERENCE,1.0,A2_W0::2005->2006,3,0.0201778385772913,0.9719562243502052,0.0034199726402188,0.9972640218878248,0.0027359781121751,0.954707270687833,0.8660254146738081,0.0,0.7173251568896347
S0_FULL,3,L2_HIGH,B0_REFERENCE,1.0,A2_W0::2006->2007,4,0.8401559454191033,0.1091617933723196,0.0467836257309941,0.9649122807017544,0.0311890838206627,0.9123175078636896,0.9354143480908766,0.9999999996418748,0.8548504153428881
S0_FULL,3,L2_HIGH,B0_REFERENCE,1.0,A2_W0::2007->2008,5,0.7976085031000886,0.1355181576616475,0.0168290522586359,0.9774136403897254,0.0212577502214348,0.6965465318631089,0.8346464006684647,0.6603797104261724,0.6637868300724262
S0_FULL,3,L2_HIGH,B0_REFERENCE,1.0,A2_W0::2008->2009,6,0.5903462749213012,0.2919202518363064,0.0694648478488982,0.9001049317943337,0.0990556138509968,0.8780790631280042,0.9710189899582786,0.8663103733330233,0.8548460228485629
S0_FULL,3,L2_HIGH,B0_REFERENCE,1.0,A2_W0::2009->2010,7,0.2500555679039786,0.6310291175816848,0.0906868192931762,0.8995332296065792,0.0986885974661035,0.9342070899943388,0.8796001791722532,0.8487304270244563,0.63433603605541
S0_FULL,3,L2_HIGH,B0_REFERENCE,1.0,A2_W0::2010->2011,8,0.6607398324136522,0.2127529123237277,0.0488452891886368,0.8428367054976497,0.1487839771101573,0.9695926829448224,0.9192020892616086,0.6766135279840096,0.7561215431465128
S0_FULL,3,L2_HIGH,B0_REFERENCE,1.0,A2_W0::2011->2012,9,0.708557161231747,0.1150790648407354,0.0464553226904743,0.9109480214874782,0.0842853900279942,0.779956628235857,0.8845628221330509,0.7385980719759694,0.8819999343163326
S0_FULL,3,L2_HIGH,B0_REFERENCE,1.0,A2_W0::2012->2013,10,0.1012064858218704,0.5546760931376316,0.0919849381387842,0.9163144547759932,0.0789979251517713,0.5393373540650521,0.6357905848969828,0.6963525890036257,0.4553874749138883
S0_FULL,3,L2_HIGH,B0_REFERENCE,1.0,A2_W0::2013->2014,11,0.5267456104532462,0.2587995100040833,0.160228664761127,0.8957125357288689,0.0984075132707227,0.927701128266976,0.6770702297154627,0.6516480809271208,0.4813184248580673
S0_FULL,3,L2_HIGH,B0_REFERENCE,1.0,A2_W0::2014->2015,12,0.1424792139077853,0.4351851851851852,0.0387377173091458,0.8833144368858654,0.110355253212396,0.8975243134555144,0.7011027978496186,0.7807664170654176,0.6890082492281042
S0_FULL,3,L2_HIGH,B0_REFERENCE,1.0,A2_W0::2015->2016,13,0.4240292899123229,0.118893920416225,0.4058194431062722,0.7229983620772714,0.2551305520763079,0.8331660401128206,0.7229536458812851,0.7407457276932865,0.4944003351753067
S0_FULL,3,L2_HIGH,B0_REFERENCE,1.0,A2_W0::2016->2017,14,0.4538668259181845,0.1015228426395939,0.2084204240071663,0.7790385189608838,0.1868617497760525,0.7597927936825987,0.6504429003413474,0.6436572826472579,0.5518210947288492
S0_FULL,3,L2_HIGH,B0_REFERENCE,1.0,A2_W0::2017->2018,15,0.1928648068669528,0.4357296137339055,0.2611051502145923,0.7858905579399141,0.1762875536480686,0.8123153482601343,0.8767439037584326,0.7303692488997074,0.5951548217746163
S0_FULL,3,L2_HIGH,B0_REFERENCE,1.0,A2_W0::2018->2019,16,0.3539312039312039,0.4196560196560197,0.0973587223587223,0.7651105651105651,0.1944717444717444,0.7773479708629296,0.6631016203323449,0.7230060259220348,0.5137419910227162
S0_FULL,3,L2_HIGH,B0_REFERENCE,1.0,A2_W0::2019->2020,17,0.5404445741524393,0.1829369132739919,0.1536066929325356,0.8315579551534608,0.1353178656549443,0.7179232048777154,0.8040889220372823,0.7312230514048793,0.5771515963375932
S0_FULL,3,L2_HIGH,B0_REFERENCE,1.0,A2_W0::2020->2021,18,0.2043764505281106,0.442713020413963,0.1897409179178705,0.8597546535309999,0.1120162932790224,0.6144845227245324,0.8031687564908729,0.7274560319348715,0.5693190023366309
S0_FULL,3,L2_HIGH,B0_REFERENCE,1.0,A2_W0::2021->2022,19,0.0331963845521774,0.8599013968775678,0.0760065735414954,0.8972884141331142,0.0870172555464256,0.5291999044613837,0.8838081647955026,0.8054006648636008,0.4938299866173488
S0_FULL,3,L2_HIGH,B0_REFERENCE,1.0,A2_W0::2022->2023,20,0.7946525352282308,0.1505479947007106,0.0057810429965072,0.983259062989281,0.0165000602191978,0.9748007473500324,0.8168468781584104,0.856999931630536,0.5848102840022564
S0_FULL,3,L2_HIGH,B2_COMMON_NODE_EQUAL_DENSITY,1.0,A2_W0::2002->2003,0,0.5,0.5,0.0,0.7857142857142857,0.2142857142857142,0.999999999924096,0.9999999999598326,0.0,0.0
S0_FULL,3,L2_HIGH,B2_COMMON_NODE_EQUAL_DENSITY,1.0,A2_W0::2003->2004,1,0.5,0.5,0.0,0.8888888888888888,0.1111111111111111,0.9999999999339344,0.9999999999709012,0.0,0.0
S0_FULL,3,L2_HIGH,B2_COMMON_NODE_EQUAL_DENSITY,1.0,A2_W0::2004->2005,2,0.4166666666666667,0.4166666666666667,0.0,0.875,0.125,0.9085583838681208,0.9999999999353708,0.0,0.2894153920528346
S0_FULL,3,L2_HIGH,B2_COMMON_NODE_EQUAL_DENSITY,1.0,A2_W0::2005->2006,3,0.4545454545454545,0.4545454545454545,0.0,0.7727272727272727,0.2272727272727272,0.8043997358267183,0.7745966888256824,0.0,0.9999999999422284
S0_FULL,3,L2_HIGH,B2_COMMON_NODE_EQUAL_DENSITY,1.0,A2_W0::2006->2007,4,0.3809523809523809,0.3809523809523809,0.238095238095238,0.8095238095238095,0.1666666666666666,0.7859053352909349,0.9999999997605734,0.9999999998968676,0.9999999996506334
S0_FULL,3,L2_HIGH,B2_COMMON_NODE_EQUAL_DENSITY,1.0,A2_W0::2007->2008,5,0.4418604651162791,0.4418604651162791,0.0604651162790697,0.8604651162790697,0.1255813953488372,0.9538356666784756,0.9376852224120776,0.6603797104261724,0.366693847322159
S0_FULL,3,L2_HIGH,B2_COMMON_NODE_EQUAL_DENSITY,1.0,A2_W0::2008->2009,6,0.481578947368421,0.481578947368421,0.0157894736842105,0.8184210526315789,0.1710526315789473,0.9888169692120996,0.9689559519712796,0.8663103733330233,0.3883978032759592
S0_FULL,3,L2_HIGH,B2_COMMON_NODE_EQUAL_DENSITY,1.0,A2_W0::2009->2010,7,0.4622356495468278,0.4622356495468278,0.0332326283987915,0.7885196374622356,0.1873111782477341,0.9697956090355584,0.9742262702736844,0.8487304270244563,0.4039509734713808
S0_FULL,3,L2_HIGH,B2_COMMON_NODE_EQUAL_DENSITY,1.0,A2_W0::2010->2011,8,0.4630434782608695,0.4630434782608695,0.0282608695652173,0.5673913043478261,0.3456521739130435,0.968352638984544,0.9731568675097306,0.9195822675160058,0.3041476875596701
S0_FULL,3,L2_HIGH,B2_COMMON_NODE_EQUAL_DENSITY,1.0,A2_W0::2011->2012,9,0.4457392571012382,0.4457392571012382,0.0706482155863073,0.5870356882738529,0.370721048798252,0.9734804247205192,0.9247602572482576,0.8674892502629789,0.3547555895650288
S0_FULL,3,L2_HIGH,B2_COMMON_NODE_EQUAL_DENSITY,1.0,A2_W0::2012->2013,10,0.4519650655021834,0.4519650655021834,0.0429403202328966,0.6455604075691412,0.3122270742358078,0.980089405543661,0.9294568242312228,0.7855491750409547,0.3528039444884323
S0_FULL,3,L2_HIGH,B2_COMMON_NODE_EQUAL_DENSITY,1.0,A2_W0::2013->2014,11,0.450190114068441,0.450190114068441,0.0570342205323193,0.4593155893536121,0.491254752851711,0.980053578115656,0.93836289136066,0.8162975835674352,0.2513526776497566
S0_FULL,3,L2_HIGH,B2_COMMON_NODE_EQUAL_DENSITY,1.0,A2_W0::2014->2015,12,0.4217325227963526,0.4217325227963526,0.0182370820668693,0.5235562310030395,0.4346504559270516,0.9719155098165768,0.8917729604028966,0.8218195647583557,0.3994989419328996
S0_FULL,3,L2_HIGH,B2_COMMON_NODE_EQUAL_DENSITY,1.0,A2_W0::2015->2016,13,0.4366197183098591,0.4366197183098591,0.0918846411804158,0.5030181086519114,0.3856472166331321,0.9434092582910494,0.9597931499558184,0.8886222071920271,0.3729564470438893
S0_FULL,3,L2_HIGH,B2_COMMON_NODE_EQUAL_DENSITY,1.0,A2_W0::2016->2017,14,0.3826594414339308,0.3826594414339308,0.141725719049604,0.401417257190496,0.3964151729887453,0.9358385437103748,0.8891622231344999,0.7506027863654359,0.2403010674325054
S0_FULL,3,L2_HIGH,B2_COMMON_NODE_EQUAL_DENSITY,1.0,A2_W0::2017->2018,15,0.4497560975609756,0.4497560975609756,0.0930081300813008,0.5092682926829268,0.3134959349593496,0.9883976692338676,0.952193750881242,0.8857522627377369,0.4603664831775842
S0_FULL,3,L2_HIGH,B2_COMMON_NODE_EQUAL_DENSITY,1.0,A2_W0::2018->2019,16,0.443063486731609,0.443063486731609,0.0584481021162243,0.4968088679879073,0.3510245213301982,0.9919526748946632,0.9308104398335264,0.8170408212983064,0.2720563286972692
S0_FULL,3,L2_HIGH,B2_COMMON_NODE_EQUAL_DENSITY,1.0,A2_W0::2019->2020,17,0.4189991518235793,0.4189991518235793,0.126095561210065,0.4328527000282725,0.4003392705682782,0.9649520500732808,0.9265841943607036,0.8096300323957037,0.3342772966070522
S0_FULL,3,L2_HIGH,B2_COMMON_NODE_EQUAL_DENSITY,1.0,A2_W0::2020->2021,18,0.4126984126984127,0.4126984126984127,0.0904392764857881,0.4558877814691768,0.3687707641196013,0.9629689235300918,0.9191833189867228,0.7781549188214267,0.2940721102696642
S0_FULL,3,L2_HIGH,B2_COMMON_NODE_EQUAL_DENSITY,1.0,A2_W0::2021->2022,19,0.4548710601719197,0.4548710601719197,0.0257879656160458,0.5386819484240688,0.3445558739255014,0.9788971212925592,0.9555303488353426,0.8758839395761899,0.3429181877244155
S0_FULL,3,L2_HIGH,B2_COMMON_NODE_EQUAL_DENSITY,1.0,A2_W0::2022->2023,20,0.4726890756302521,0.4726890756302521,0.01890756302521,0.8865546218487395,0.111344537815126,0.980841123051872,0.9456739570009584,0.999999999967148,0.4105656426101768
S0_FULL,3,L2_HIGH,B2_COMMON_NODE_EQUAL_DENSITY,0.75,A2_W0::2002->2003,0,0.5,0.5,0.0,0.7,0.3,0.9999999999565792,0.9999999999598326,0.0,0.0
S0_FULL,3,L2_HIGH,B2_COMMON_NODE_EQUAL_DENSITY,0.75,A2_W0::2003->2004,1,0.5,0.5,0.0,0.8571428571428571,0.1428571428571428,0.9999999999414392,0.9999999999709012,0.0,0.0
S0_FULL,3,L2_HIGH,B2_COMMON_NODE_EQUAL_DENSITY,0.75,A2_W0::2004->2005,2,0.45,0.45,0.0,0.9,0.1,0.948762170328334,0.9999999999290232,0.0,0.318350284156508
S0_FULL,3,L2_HIGH,B2_COMMON_NODE_EQUAL_DENSITY,0.75,A2_W0::2005->2006,3,0.4705882352941176,0.4705882352941176,0.0,0.7647058823529411,0.2352941176470588,0.7844646297589105,0.8660254147054899,0.0,0.9999999999133894
S0_FULL,3,L2_HIGH,B2_COMMON_NODE_EQUAL_DENSITY,0.75,A2_W0::2006->2007,4,0.4411764705882353,0.4411764705882353,0.1176470588235294,0.7941176470588235,0.1764705882352941,0.7453561255816018,0.999999999788736,0.9999999998968676,0.9999999997004004
S0_FULL,3,L2_HIGH,B2_COMMON_NODE_EQUAL_DENSITY,0.75,A2_W0::2007->2008,5,0.4339622641509434,0.4339622641509434,0.0691823899371069,0.8364779874213837,0.1446540880503144,0.9433816020188784,0.9356185397230636,0.6603797104261724,0.2934156822559899
S0_FULL,3,L2_HIGH,B2_COMMON_NODE_EQUAL_DENSITY,0.75,A2_W0::2008->2009,6,0.4878048780487805,0.4878048780487805,0.0104529616724738,0.8501742160278746,0.1358885017421602,0.9945456504249864,0.9694231606570736,0.8663103733330233,0.377771759100583
S0_FULL,3,L2_HIGH,B2_COMMON_NODE_EQUAL_DENSITY,0.75,A2_W0::2009->2010,7,0.4615384615384615,0.4615384615384615,0.0242914979757085,0.8137651821862348,0.1578947368421052,0.965253139277796,0.973446390550234,0.9307404231589678,0.3475250537550607
S0_FULL,3,L2_HIGH,B2_COMMON_NODE_EQUAL_DENSITY,0.75,A2_W0::2010->2011,8,0.4606413994169096,0.4606413994169096,0.0262390670553935,0.5597667638483965,0.3236151603498542,0.9664182964314816,0.9613169082975918,0.9587565242922184,0.3143579774458439
S0_FULL,3,L2_HIGH,B2_COMMON_NODE_EQUAL_DENSITY,0.75,A2_W0::2011->2012,9,0.4493731918997107,0.4493731918997107,0.0703953712632594,0.5168756027000965,0.4300867888138862,0.96849657313931,0.9487558494032758,0.8747461876442194,0.3691255505140996
S0_FULL,3,L2_HIGH,B2_COMMON_NODE_EQUAL_DENSITY,0.75,A2_W0::2012->2013,10,0.4498539435248296,0.4498539435248296,0.0399221032132424,0.5754625121713729,0.3690360272638753,0.9782929475207488,0.9322087767363668,0.8408757738998321,0.330927700705971
S0_FULL,3,L2_HIGH,B2_COMMON_NODE_EQUAL_DENSITY,0.75,A2_W0::2013->2014,11,0.4508611955420466,0.4508611955420466,0.0526849037487335,0.3910840932117528,0.5440729483282675,0.9870308021018488,0.9408986290778516,0.8292117040569357,0.2372403658408149
S0_FULL,3,L2_HIGH,B2_COMMON_NODE_EQUAL_DENSITY,0.75,A2_W0::2014->2015,12,0.4267068273092369,0.4267068273092369,0.0220883534136546,0.463855421686747,0.4819277108433735,0.9851519702910312,0.8972728615352418,0.8335296641776236,0.3912332990484337
S0_FULL,3,L2_HIGH,B2_COMMON_NODE_EQUAL_DENSITY,0.75,A2_W0::2015->2016,13,0.4615384615384615,0.4615384615384615,0.0649572649572649,0.4803418803418803,0.388034188034188,0.9785013083006152,0.971544005608462,0.9126982681628864,0.4070162079489705
S0_FULL,3,L2_HIGH,B2_COMMON_NODE_EQUAL_DENSITY,0.75,A2_W0::2016->2017,14,0.4171038824763903,0.4171038824763903,0.0928646379853095,0.3987408184679958,0.372507869884575,0.9741711685374396,0.9082849019437754,0.8320216467298877,0.2439742389530222
S0_FULL,3,L2_HIGH,B2_COMMON_NODE_EQUAL_DENSITY,0.75,A2_W0::2017->2018,15,0.4518358531317494,0.4518358531317494,0.088120950323974,0.4863930885529157,0.3123110151187905,0.9892393390950296,0.9566899658369928,0.8959692150867536,0.452763255726749
S0_FULL,3,L2_HIGH,B2_COMMON_NODE_EQUAL_DENSITY,0.75,A2_W0::2018->2019,16,0.4562554680664917,0.4562554680664917,0.0481189851268591,0.468503937007874,0.3560804899387577,0.9972408946636568,0.9604885976194724,0.8363963803537183,0.2298639289375141
S0_FULL,3,L2_HIGH,B2_COMMON_NODE_EQUAL_DENSITY,0.75,A2_W0::2019->2020,17,0.4313653136531365,0.4313653136531365,0.1099630996309963,0.3424354243542435,0.4490774907749078,0.9817701887897868,0.9483745121804942,0.8318597687279241,0.3361535320005461
S0_FULL,3,L2_HIGH,B2_COMMON_NODE_EQUAL_DENSITY,0.75,A2_W0::2020->2021,18,0.4356669820245979,0.4356669820245979,0.0695364238410596,0.4025543992431409,0.391674550614948,0.983606111738828,0.950104053798371,0.8198869377725002,0.2790040750261501
S0_FULL,3,L2_HIGH,B2_COMMON_NODE_EQUAL_DENSITY,0.75,A2_W0::2021->2022,19,0.4678471575023299,0.4678471575023299,0.0242311276794035,0.5041938490214353,0.3569431500465983,0.9916366700095012,0.9657695457712284,0.9071663788984572,0.3370080415125909
S0_FULL,3,L2_HIGH,B2_COMMON_NODE_EQUAL_DENSITY,0.75,A2_W0::2022->2023,20,0.4785615491009682,0.4785615491009682,0.0096818810511756,0.8561549100968188,0.1410788381742738,0.9864594085471516,0.9609584378363611,0.999999999967148,0.4593555937893768
S0_FULL,3,L2_HIGH,B2_COMMON_NODE_EQUAL_DENSITY,0.5,A2_W0::2002->2003,0,0.5,0.5,0.0,0.6666666666666666,0.3333333333333333,0.9999999999613663,0.9999999999618944,0.0,0.0
S0_FULL,3,L2_HIGH,B2_COMMON_NODE_EQUAL_DENSITY,0.5,A2_W0::2003->2004,1,0.5,0.5,0.0,0.75,0.25,0.999999999970384,0.9999999999709012,0.0,0.0
S0_FULL,3,L2_HIGH,B2_COMMON_NODE_EQUAL_DENSITY,0.5,A2_W0::2004->2005,2,0.5,0.5,0.0,0.8571428571428571,0.1428571428571428,0.9999999999567396,0.9999999999290232,0.0,0.0
S0_FULL,3,L2_HIGH,B2_COMMON_NODE_EQUAL_DENSITY,0.5,A2_W0::2005->2006,3,0.4545454545454545,0.4545454545454545,0.0,0.7272727272727273,0.2727272727272727,0.7905695429996946,0.9999999999379952,0.0,0.9999999999133894
S0_FULL,3,L2_HIGH,B2_COMMON_NODE_EQUAL_DENSITY,0.5,A2_W0::2006->2007,4,0.5,0.5,0.0,0.7692307692307693,0.1923076923076923,0.7416199872934989,0.8944272734984484,0.9999999998968676,0.0
S0_FULL,3,L2_HIGH,B2_COMMON_NODE_EQUAL_DENSITY,0.5,A2_W0::2007->2008,5,0.4782608695652174,0.4782608695652174,0.0,0.8347826086956521,0.1565217391304348,0.9844992331174812,0.9829684201292762,0.5356139731203394,0.3810212299917707
S0_FULL,3,L2_HIGH,B2_COMMON_NODE_EQUAL_DENSITY,0.5,A2_W0::2008->2009,6,0.4922279792746113,0.4922279792746113,0.0,0.8808290155440415,0.1088082901554404,0.9945315281077368,0.9787743560037256,0.9999999997219166,0.296528462260226
S0_FULL,3,L2_HIGH,B2_COMMON_NODE_EQUAL_DENSITY,0.5,A2_W0::2009->2010,7,0.47953216374269,0.47953216374269,0.0058479532163742,0.8128654970760234,0.1637426900584795,0.9825880096785083,0.9840894788355417,0.875206282682163,0.233498678654201
S0_FULL,3,L2_HIGH,B2_COMMON_NODE_EQUAL_DENSITY,0.5,A2_W0::2010->2011,8,0.4557522123893805,0.4557522123893805,0.0309734513274336,0.5973451327433629,0.2920353982300885,0.9633304586922647,0.9515531722506534,0.9443093594438708,0.2582328032694771
S0_FULL,3,L2_HIGH,B2_COMMON_NODE_EQUAL_DENSITY,0.5,A2_W0::2011->2012,9,0.4508670520231214,0.4508670520231214,0.0664739884393063,0.4826589595375722,0.4393063583815029,0.9736658242211214,0.951921119122001,0.8828002014547962,0.3872093106393243
S0_FULL,3,L2_HIGH,B2_COMMON_NODE_EQUAL_DENSITY,0.5,A2_W0::2012->2013,10,0.4502923976608187,0.4502923976608187,0.0365497076023391,0.5073099415204678,0.4122807017543859,0.9768279202124636,0.9391128073704388,0.8654424231796795,0.2712836399373109
S0_FULL,3,L2_HIGH,B2_COMMON_NODE_EQUAL_DENSITY,0.5,A2_W0::2013->2014,11,0.4611940298507462,0.4611940298507462,0.0328358208955223,0.3492537313432836,0.5582089552238806,0.9917677196641304,0.9611235187401742,0.8516115930523881,0.2242004135571754
S0_FULL,3,L2_HIGH,B2_COMMON_NODE_EQUAL_DENSITY,0.5,A2_W0::2014->2015,12,0.4655414908579465,0.4655414908579465,0.0281293952180028,0.4683544303797468,0.4613220815752461,0.9931021572708816,0.9551659408374744,0.8708264897402451,0.2705620805235806
S0_FULL,3,L2_HIGH,B2_COMMON_NODE_EQUAL_DENSITY,0.5,A2_W0::2015->2016,13,0.4696969696969697,0.4696969696969697,0.0454545454545454,0.5252525252525253,0.308080808080808,0.9793653631885754,0.9765686458421928,0.946871508791202,0.3551771666942321
S0_FULL,3,L2_HIGH,B2_COMMON_NODE_EQUAL_DENSITY,0.5,A2_W0::2016->2017,14,0.4103585657370518,0.4103585657370518,0.100398406374502,0.2932270916334661,0.4063745019920319,0.9770429052304656,0.918506144078482,0.8331309394924936,0.2425716810472787
S0_FULL,3,L2_HIGH,B2_COMMON_NODE_EQUAL_DENSITY,0.5,A2_W0::2017->2018,15,0.4520725388601036,0.4520725388601036,0.0880829015544041,0.4255181347150259,0.3186528497409326,0.9889838508470616,0.9683265043399978,0.9038507157993207,0.4548914877609398
S0_FULL,3,L2_HIGH,B2_COMMON_NODE_EQUAL_DENSITY,0.5,A2_W0::2018->2019,16,0.4616883116883117,0.4616883116883117,0.0428571428571428,0.4246753246753246,0.3668831168831168,0.9985180633005594,0.9802658618173248,0.8511149290348353,0.2161848455573535
S0_FULL,3,L2_HIGH,B2_COMMON_NODE_EQUAL_DENSITY,0.5,A2_W0::2019->2020,17,0.4522666666666666,0.4522666666666666,0.0752,0.2773333333333333,0.4698666666666666,0.9934072194229926,0.9773581801815588,0.8691443610564852,0.306248890805805
S0_FULL,3,L2_HIGH,B2_COMMON_NODE_EQUAL_DENSITY,0.5,A2_W0::2020->2021,18,0.4521019986216402,0.4521019986216402,0.0537560303239145,0.3370089593383873,0.4066161268090972,0.9981904115170448,0.979039893869494,0.8492897542905938,0.2555728428773374
S0_FULL,3,L2_HIGH,B2_COMMON_NODE_EQUAL_DENSITY,0.5,A2_W0::2021->2022,19,0.4758620689655172,0.4758620689655172,0.0193103448275862,0.4662068965517241,0.3641379310344828,0.9917764279470116,0.9858919962635432,0.919557597005472,0.2963753560481729
S0_FULL,3,L2_HIGH,B2_COMMON_NODE_EQUAL_DENSITY,0.5,A2_W0::2022->2023,20,0.4877551020408163,0.4877551020408163,0.0061224489795918,0.8061224489795918,0.1897959183673469,0.990163485056186,0.9905402923369268,0.999999999967148,0.4579109232752477
S0_FULL,4,L0_STAGE15_MATCHED,B0_REFERENCE,1.0,A2_W0::2002->2003,0,0.7786885245901639,0.1721311475409836,0.0327868852459016,0.9590163934426228,0.040983606557377,0.9672343531732458,0.9507339552691016,0.0,0.9108534140850518
S0_FULL,4,L0_STAGE15_MATCHED,B0_REFERENCE,1.0,A2_W0::2003->2004,1,0.5992063492063492,0.3134920634920635,0.0634920634920634,0.9761904761904762,0.0238095238095238,0.8504018951086113,0.7660154713127905,0.0,0.751477009802158
S0_FULL,4,L0_STAGE15_MATCHED,B0_REFERENCE,1.0,A2_W0::2004->2005,2,0.9393195370045598,0.0480533146264468,0.0028060329708874,0.9978954752718344,0.0021045247281655,0.9764767525231952,0.5659909689745495,0.0,0.4901548307987126
S0_FULL,4,L0_STAGE15_MATCHED,B0_REFERENCE,1.0,A2_W0::2005->2006,3,0.036958066808813,0.9587775408670932,0.0003553660270078,0.9971570717839374,0.0028429282160625,0.9732586512201548,0.8660254037424246,0.0,0.8628502692652872
S0_FULL,4,L0_STAGE15_MATCHED,B0_REFERENCE,1.0,A2_W0::2006->2007,4,0.8736842105263158,0.0673684210526315,0.0452631578947368,0.983157894736842,0.0147368421052631,0.6641637518383903,0.999999998634606,0.999999999552712,0.8864052567446743
S0_FULL,4,L0_STAGE15_MATCHED,B0_REFERENCE,1.0,A2_W0::2007->2008,5,0.618103448275862,0.2426724137931034,0.0948275862068965,0.9775862068965516,0.0211206896551724,0.6873336765031032,0.8372425566988665,0.6383871945048354,0.8159329665879557
S0_FULL,4,L0_STAGE15_MATCHED,B0_REFERENCE,1.0,A2_W0::2008->2009,6,0.6949652777777777,0.2097222222222222,0.0602430555555555,0.9173611111111112,0.0819444444444444,0.7911988610041725,0.9714190696142638,0.8660914077996169,0.8758723036386533
S0_FULL,4,L0_STAGE15_MATCHED,B0_REFERENCE,1.0,A2_W0::2009->2010,7,0.1916178298703605,0.6984549813532233,0.0760078138874089,0.9193748890072811,0.079204404191085,0.8249365233420382,0.8790120507333166,0.8608192553582708,0.6537933028202925
S0_FULL,4,L0_STAGE15_MATCHED,B0_REFERENCE,1.0,A2_W0::2010->2011,8,0.826575426412011,0.0725155755285466,0.0268614033295883,0.9216627515064856,0.0740475947298539,0.6532592763259978,0.918887314014758,0.698518373031798,0.8164681599990855
S0_FULL,4,L0_STAGE15_MATCHED,B0_REFERENCE,1.0,A2_W0::2011->2012,9,0.3328190434207626,0.5552861656013518,0.085666005436779,0.9127911248255088,0.0825802659613547,0.76628860499567,0.8860098224577044,0.7280645334560966,0.811967680120618
S0_FULL,4,L0_STAGE15_MATCHED,B0_REFERENCE,1.0,A2_W0::2012->2013,10,0.200607501320655,0.23256735340729,0.1987585842577918,0.8556524035921818,0.1362916006339144,0.7347114359140571,0.6341759316119248,0.6985239028709895,0.417237769821035
S0_FULL,4,L0_STAGE15_MATCHED,B0_REFERENCE,1.0,A2_W0::2013->2014,11,0.5202278731836195,0.2623018494055482,0.1533190224570673,0.8946499339498019,0.0994055482166446,0.9162031650893154,0.6757015742522321,0.6620086126304082,0.4926615338531033
S0_FULL,4,L0_STAGE15_MATCHED,B0_REFERENCE,1.0,A2_W0::2014->2015,12,0.1636244500608443,0.3851914256295048,0.0484882523635682,0.8837405223251895,0.1099878311335767,0.8771201331451197,0.6965142897001535,0.7883094255772822,0.7029874972988073
S0_FULL,4,L0_STAGE15_MATCHED,B0_REFERENCE,1.0,A2_W0::2015->2016,13,0.3719039877593956,0.1181027063211246,0.443817538490963,0.7226738070192216,0.2558095055943387,0.8299741246238826,0.7165760350967407,0.7422079966317922,0.5689314561553759
S0_FULL,4,L0_STAGE15_MATCHED,B0_REFERENCE,1.0,A2_W0::2016->2017,14,0.3603384892834848,0.1911632100991884,0.2666990358604425,0.7430117222723174,0.2174516196157314,0.8404675955176821,0.6527220706821515,0.6451189688377231,0.4483327977540369
S0_FULL,4,L0_STAGE15_MATCHED,B0_REFERENCE,1.0,A2_W0::2017->2018,15,0.3371418826739427,0.4054683947248749,0.1560368349249659,0.7699522510231923,0.1899158708503865,0.8442647026117794,0.8693671977769991,0.7259888176282088,0.6650795839971968
S0_FULL,4,L0_STAGE15_MATCHED,B0_REFERENCE,1.0,A2_W0::2018->2019,16,0.3779958370502527,0.2727921498661909,0.0950936663693131,0.7712161760333036,0.1897710377639012,0.7619817641380113,0.6601162974308735,0.7248902164551252,0.4195548258041697
S0_FULL,4,L0_STAGE15_MATCHED,B0_REFERENCE,1.0,A2_W0::2019->2020,17,0.3536314620995877,0.1688339147901469,0.3185854741516016,0.8170525425520668,0.1470557141346865,0.7563421441859074,0.8040384980605825,0.7297922301654818,0.5833613521721098
S0_FULL,4,L0_STAGE15_MATCHED,B0_REFERENCE,1.0,A2_W0::2020->2021,18,0.2300083247637236,0.5143724597228343,0.0934821996963909,0.8580872631115029,0.112629156260712,0.6258154578897663,0.8152108691344212,0.726949258028882,0.4763204143325716
S0_FULL,4,L0_STAGE15_MATCHED,B0_REFERENCE,1.0,A2_W0::2021->2022,19,0.1378021213701964,0.3720222569987828,0.369848721961398,0.8793253347243958,0.1038080333854981,0.5499369263718558,0.835519452176134,0.8049995639311581,0.4605822444462608
S0_FULL,4,L0_STAGE15_MATCHED,B0_REFERENCE,1.0,A2_W0::2022->2023,20,0.1289194404245055,0.1661842739990352,0.6585865894838399,0.9831162566328993,0.016642547033285,0.968728321258638,0.8272582469854038,0.8520837348044895,0.9758426674871165
S0_FULL,4,L0_STAGE15_MATCHED,B2_COMMON_NODE_EQUAL_DENSITY,1.0,A2_W0::2002->2003,0,0.5,0.5,0.0,0.7857142857142857,0.2142857142857142,0.9999999999233492,0.9999999999604336,0.0,0.0
S0_FULL,4,L0_STAGE15_MATCHED,B2_COMMON_NODE_EQUAL_DENSITY,1.0,A2_W0::2003->2004,1,0.5,0.5,0.0,0.8888888888888888,0.1111111111111111,0.9999999999323984,0.99999999997133,0.0,0.0
S0_FULL,4,L0_STAGE15_MATCHED,B2_COMMON_NODE_EQUAL_DENSITY,1.0,A2_W0::2004->2005,2,0.4615384615384615,0.4615384615384615,0.0,0.9230769230769232,0.0769230769230769,0.9811817513570228,0.7222029855850914,0.0,0.2723760343777774
S0_FULL,4,L0_STAGE15_MATCHED,B2_COMMON_NODE_EQUAL_DENSITY,1.0,A2_W0::2005->2006,3,0.5,0.5,0.0,0.8333333333333334,0.1666666666666666,0.7416198487056426,0.8660254038154456,0.0,0.0
S0_FULL,4,L0_STAGE15_MATCHED,B2_COMMON_NODE_EQUAL_DENSITY,1.0,A2_W0::2006->2007,4,0.5,0.5,0.0,0.8269230769230769,0.1538461538461538,0.6988362418055722,0.9354143465150456,0.9999999998841091,0.0
S0_FULL,4,L0_STAGE15_MATCHED,B2_COMMON_NODE_EQUAL_DENSITY,1.0,A2_W0::2007->2008,5,0.4418604651162791,0.4418604651162791,0.055813953488372,0.8744186046511628,0.1116279069767441,0.9538235752180416,0.9137132130679712,0.6383871945048354,0.303187626794426
S0_FULL,4,L0_STAGE15_MATCHED,B2_COMMON_NODE_EQUAL_DENSITY,1.0,A2_W0::2008->2009,6,0.4842931937172774,0.4842931937172774,0.0078534031413612,0.8324607329842932,0.1596858638743455,0.9914731843438828,0.9688741689692584,0.8165899231227293,0.3939405674883517
S0_FULL,4,L0_STAGE15_MATCHED,B2_COMMON_NODE_EQUAL_DENSITY,1.0,A2_W0::2009->2010,7,0.4606060606060606,0.4606060606060606,0.0333333333333333,0.8272727272727273,0.1484848484848485,0.9674221303886126,0.9657882936571146,0.9206002607748264,0.3915878051527081
S0_FULL,4,L0_STAGE15_MATCHED,B2_COMMON_NODE_EQUAL_DENSITY,1.0,A2_W0::2010->2011,8,0.4571428571428571,0.4571428571428571,0.0307692307692307,0.6175824175824176,0.3032967032967033,0.960035414655166,0.9657061401839412,0.9391150127913322,0.2968048703197482
S0_FULL,4,L0_STAGE15_MATCHED,B2_COMMON_NODE_EQUAL_DENSITY,1.0,A2_W0::2011->2012,9,0.4493487698986975,0.4493487698986975,0.0709117221418234,0.58972503617945,0.3690303907380607,0.9715354185668292,0.935902774128601,0.8742189113074809,0.3539770069605304
S0_FULL,4,L0_STAGE15_MATCHED,B2_COMMON_NODE_EQUAL_DENSITY,1.0,A2_W0::2012->2013,10,0.4507658643326039,0.4507658643326039,0.0408460977388767,0.6418672501823487,0.3158278628738147,0.979244509788791,0.927614578529096,0.8012650127434051,0.3617848086359395
S0_FULL,4,L0_STAGE15_MATCHED,B2_COMMON_NODE_EQUAL_DENSITY,1.0,A2_W0::2013->2014,11,0.4526873580620741,0.4526873580620741,0.0499621498864496,0.5352006056018168,0.4133232399697199,0.9791687161829554,0.9402501697524722,0.8104194715341813,0.271511511265512
S0_FULL,4,L0_STAGE15_MATCHED,B2_COMMON_NODE_EQUAL_DENSITY,1.0,A2_W0::2014->2015,12,0.4521238300935925,0.4521238300935925,0.0086393088552915,0.646508279337653,0.312455003599712,0.987921759671775,0.9153468386722428,0.8479131061834136,0.4339899047163499
S0_FULL,4,L0_STAGE15_MATCHED,B2_COMMON_NODE_EQUAL_DENSITY,1.0,A2_W0::2015->2016,13,0.438877755511022,0.438877755511022,0.0935203740814963,0.5056780227120908,0.3800935203740815,0.9441860635559028,0.9618676608250863,0.9003726668881452,0.3763021315440045
S0_FULL,4,L0_STAGE15_MATCHED,B2_COMMON_NODE_EQUAL_DENSITY,1.0,A2_W0::2016->2017,14,0.394026186579378,0.394026186579378,0.1284779050736497,0.4185761047463175,0.3846153846153846,0.9373240702353351,0.9009794073183132,0.7818977863299541,0.2402857334780998
S0_FULL,4,L0_STAGE15_MATCHED,B2_COMMON_NODE_EQUAL_DENSITY,1.0,A2_W0::2017->2018,15,0.4497560975609756,0.4497560975609756,0.0930081300813008,0.5144715447154472,0.3108943089430894,0.9886205587607294,0.9507836143180888,0.8853141905515506,0.459719780301338
S0_FULL,4,L0_STAGE15_MATCHED,B2_COMMON_NODE_EQUAL_DENSITY,1.0,A2_W0::2018->2019,16,0.4421265141318977,0.4421265141318977,0.0629205921938088,0.5006729475100942,0.3462314939434724,0.9904035411622196,0.9321669786624176,0.8117769351059574,0.2725263347042048
S0_FULL,4,L0_STAGE15_MATCHED,B2_COMMON_NODE_EQUAL_DENSITY,1.0,A2_W0::2019->2020,17,0.4183413529578262,0.4183413529578262,0.1262383243702236,0.4273988112086045,0.4061703934333427,0.9662067312089604,0.9270152244146834,0.8053760612619941,0.3439024180331597
S0_FULL,4,L0_STAGE15_MATCHED,B2_COMMON_NODE_EQUAL_DENSITY,1.0,A2_W0::2020->2021,18,0.4150735294117647,0.4150735294117647,0.0860294117647058,0.4595588235294117,0.3669117647058823,0.966401355541154,0.9194836467594928,0.7796416559658954,0.2945197752059283
S0_FULL,4,L0_STAGE15_MATCHED,B2_COMMON_NODE_EQUAL_DENSITY,1.0,A2_W0::2021->2022,19,0.4568165596002855,0.4568165596002855,0.0285510349750178,0.5546038543897216,0.3297644539614561,0.9793143451841598,0.955488129877264,0.881317888390739,0.3252742214858461
S0_FULL,4,L0_STAGE15_MATCHED,B2_COMMON_NODE_EQUAL_DENSITY,1.0,A2_W0::2022->2023,20,0.4693446088794926,0.4693446088794926,0.0179704016913319,0.8858350951374208,0.1120507399577167,0.9782259847120894,0.946651462140606,0.9029766626265152,0.4260196656462525
S0_FULL,4,L0_STAGE15_MATCHED,B2_COMMON_NODE_EQUAL_DENSITY,0.75,A2_W0::2002->2003,0,0.5,0.5,0.0,0.7,0.3,0.999999999954693,0.9999999999604336,0.0,0.0
S0_FULL,4,L0_STAGE15_MATCHED,B2_COMMON_NODE_EQUAL_DENSITY,0.75,A2_W0::2003->2004,1,0.5,0.5,0.0,0.8571428571428571,0.1428571428571428,0.9999999999410956,0.99999999997133,0.0,0.0
S0_FULL,4,L0_STAGE15_MATCHED,B2_COMMON_NODE_EQUAL_DENSITY,0.75,A2_W0::2004->2005,2,0.45,0.45,0.0,0.9,0.1,0.9748282783686444,0.7222029855850914,0.0,0.2723760343777774
S0_FULL,4,L0_STAGE15_MATCHED,B2_COMMON_NODE_EQUAL_DENSITY,0.75,A2_W0::2005->2006,3,0.5,0.5,0.0,0.7777777777777778,0.2222222222222222,0.7559289460344703,0.8660254038154456,0.0,0.0
S0_FULL,4,L0_STAGE15_MATCHED,B2_COMMON_NODE_EQUAL_DENSITY,0.75,A2_W0::2006->2007,4,0.5,0.5,0.0,0.8157894736842105,0.1578947368421052,0.7184212080243635,0.9128709290646112,0.9999999998841091,0.0
S0_FULL,4,L0_STAGE15_MATCHED,B2_COMMON_NODE_EQUAL_DENSITY,0.75,A2_W0::2007->2008,5,0.4478527607361963,0.4478527607361963,0.0429447852760736,0.8588957055214724,0.1288343558282208,0.9505049987383908,0.9575332248906658,0.7756762155396247,0.2353945431337942
S0_FULL,4,L0_STAGE15_MATCHED,B2_COMMON_NODE_EQUAL_DENSITY,0.75,A2_W0::2008->2009,6,0.4878048780487805,0.4878048780487805,0.0034843205574912,0.8745644599303136,0.1149825783972125,0.9922699451004412,0.9750826967585188,0.8165899231227293,0.2701626101581364
S0_FULL,4,L0_STAGE15_MATCHED,B2_COMMON_NODE_EQUAL_DENSITY,0.75,A2_W0::2009->2010,7,0.4637096774193548,0.4637096774193548,0.0241935483870967,0.8104838709677419,0.157258064516129,0.96745374333381,0.9733122390337556,0.9380054303862472,0.3427244868633373
S0_FULL,4,L0_STAGE15_MATCHED,B2_COMMON_NODE_EQUAL_DENSITY,0.75,A2_W0::2010->2011,8,0.4622093023255814,0.4622093023255814,0.0203488372093023,0.6308139534883721,0.2848837209302325,0.9727355272274156,0.9581270630015954,0.9238176464454372,0.2803151085857541
S0_FULL,4,L0_STAGE15_MATCHED,B2_COMMON_NODE_EQUAL_DENSITY,0.75,A2_W0::2011->2012,9,0.4467054263565891,0.4467054263565891,0.0726744186046511,0.5494186046511628,0.3972868217054263,0.968476638079478,0.9405361307014828,0.8693021880975532,0.3576191836901539
S0_FULL,4,L0_STAGE15_MATCHED,B2_COMMON_NODE_EQUAL_DENSITY,0.75,A2_W0::2012->2013,10,0.4525193798449612,0.4525193798449612,0.0397286821705426,0.5852713178294574,0.3594961240310077,0.979232657740246,0.936084943943902,0.8378378232645864,0.3238255985943813
S0_FULL,4,L0_STAGE15_MATCHED,B2_COMMON_NODE_EQUAL_DENSITY,0.75,A2_W0::2013->2014,11,0.4563691073219659,0.4563691073219659,0.0441323971915747,0.4804413239719157,0.4553660982948846,0.9804227452148948,0.952224695714436,0.8228051848865932,0.2494449434785008
S0_FULL,4,L0_STAGE15_MATCHED,B2_COMMON_NODE_EQUAL_DENSITY,0.75,A2_W0::2014->2015,12,0.4582542694497153,0.4582542694497153,0.0104364326375711,0.6072106261859582,0.340607210626186,0.9879255318687884,0.9355874698354092,0.8767409176194098,0.4150079329284976
S0_FULL,4,L0_STAGE15_MATCHED,B2_COMMON_NODE_EQUAL_DENSITY,0.75,A2_W0::2015->2016,13,0.4610778443113772,0.4610778443113772,0.0615911035072711,0.4978614200171086,0.3772455089820359,0.9781703547790264,0.968579284683844,0.9152620319214744,0.4045730070735338
S0_FULL,4,L0_STAGE15_MATCHED,B2_COMMON_NODE_EQUAL_DENSITY,0.75,A2_W0::2016->2017,14,0.4177148846960167,0.4177148846960167,0.0938155136268343,0.3962264150943396,0.3789308176100629,0.9742723953144348,0.9130038563906622,0.8255894008025184,0.2439146438394727
S0_FULL,4,L0_STAGE15_MATCHED,B2_COMMON_NODE_EQUAL_DENSITY,0.75,A2_W0::2017->2018,15,0.4508870618779749,0.4508870618779749,0.0904370402423193,0.4807442665512765,0.314582431847685,0.988384453371748,0.9572253968840676,0.8938445109461004,0.4471307823090328
S0_FULL,4,L0_STAGE15_MATCHED,B2_COMMON_NODE_EQUAL_DENSITY,0.75,A2_W0::2018->2019,16,0.4538664323374341,0.4538664323374341,0.0544815465729349,0.4608963093145869,0.3576449912126537,0.9976773058193472,0.9577353649834484,0.8334778193475851,0.2358862557440346
S0_FULL,4,L0_STAGE15_MATCHED,B2_COMMON_NODE_EQUAL_DENSITY,0.75,A2_W0::2019->2020,17,0.4347028613352898,0.4347028613352898,0.1038151137197358,0.3499633162142333,0.4453411592076302,0.9837590413732524,0.9497817379318364,0.8374411883952,0.3340474595121658
S0_FULL,4,L0_STAGE15_MATCHED,B2_COMMON_NODE_EQUAL_DENSITY,0.75,A2_W0::2020->2021,18,0.4337921214997627,0.4337921214997627,0.0707166587565258,0.4034171808258187,0.3910773611770289,0.9870266960188468,0.9429498580884034,0.8164158713188417,0.2767016403779285
S0_FULL,4,L0_STAGE15_MATCHED,B2_COMMON_NODE_EQUAL_DENSITY,0.75,A2_W0::2021->2022,19,0.4668534080298786,0.4668534080298786,0.0233426704014939,0.4985994397759103,0.361344537815126,0.9932261527820756,0.964351693508863,0.8961618766487383,0.3174715570863001
S0_FULL,4,L0_STAGE15_MATCHED,B2_COMMON_NODE_EQUAL_DENSITY,0.75,A2_W0::2022->2023,20,0.4763888888888888,0.4763888888888888,0.0111111111111111,0.8583333333333333,0.1388888888888889,0.9857065114086438,0.9529770645700404,0.9999999999665664,0.4626025070092945
S0_FULL,4,L0_STAGE15_MATCHED,B2_COMMON_NODE_EQUAL_DENSITY,0.5,A2_W0::2002->2003,0,0.5,0.5,0.0,0.6666666666666666,0.3333333333333333,0.9999999999619408,0.9999999999625152,0.0,0.0
S0_FULL,4,L0_STAGE15_MATCHED,B2_COMMON_NODE_EQUAL_DENSITY,0.5,A2_W0::2003->2004,1,0.5,0.5,0.0,0.75,0.25,0.9999999999702612,0.99999999997133,0.0,0.0
S0_FULL,4,L0_STAGE15_MATCHED,B2_COMMON_NODE_EQUAL_DENSITY,0.5,A2_W0::2004->2005,2,0.4166666666666667,0.4166666666666667,0.0,0.8333333333333334,0.1666666666666666,0.9542129271079874,0.7222029855850914,0.0,0.2723760343777774
S0_FULL,4,L0_STAGE15_MATCHED,B2_COMMON_NODE_EQUAL_DENSITY,0.5,A2_W0::2005->2006,3,0.5,0.5,0.0,0.6666666666666666,0.3333333333333333,0.7905694150891798,0.8660254038154456,0.0,0.0
S0_FULL,4,L0_STAGE15_MATCHED,B2_COMMON_NODE_EQUAL_DENSITY,0.5,A2_W0::2006->2007,4,0.5,0.5,0.0,0.7692307692307693,0.1923076923076923,0.7416198486605247,0.8944271909431104,0.9999999998841091,0.0
S0_FULL,4,L0_STAGE15_MATCHED,B2_COMMON_NODE_EQUAL_DENSITY,0.5,A2_W0::2007->2008,5,0.4782608695652174,0.4782608695652174,0.0,0.8434782608695652,0.1478260869565217,0.9848316230329668,0.9708482412370526,0.4509403324703208,0.2475023451576733
S0_FULL,4,L0_STAGE15_MATCHED,B2_COMMON_NODE_EQUAL_DENSITY,0.5,A2_W0::2008->2009,6,0.4922279792746113,0.4922279792746113,0.0,0.8911917098445595,0.0984455958549222,0.9943372620497738,0.9759145134601028,0.9999999997414142,0.226058466877968
S0_FULL,4,L0_STAGE15_MATCHED,B2_COMMON_NODE_EQUAL_DENSITY,0.5,A2_W0::2009->2010,7,0.47953216374269,0.47953216374269,0.0058479532163742,0.8128654970760234,0.1637426900584795,0.9828546056203792,0.9840050324361216,0.8716125145679665,0.2463215987526247
S0_FULL,4,L0_STAGE15_MATCHED,B2_COMMON_NODE_EQUAL_DENSITY,0.5,A2_W0::2010->2011,8,0.4581497797356828,0.4581497797356828,0.0176211453744493,0.6211453744493393,0.2907488986784141,0.964901989800498,0.952260609835166,0.956306180398134,0.272927881130261
S0_FULL,4,L0_STAGE15_MATCHED,B2_COMMON_NODE_EQUAL_DENSITY,0.5,A2_W0::2011->2012,9,0.4500723589001447,0.4500723589001447,0.0680173661360347,0.5267727930535456,0.4008683068017366,0.9725973039590508,0.9448216774708244,0.8787159795422872,0.3448552214429727
S0_FULL,4,L0_STAGE15_MATCHED,B2_COMMON_NODE_EQUAL_DENSITY,0.5,A2_W0::2012->2013,10,0.4510948905109489,0.4510948905109489,0.037956204379562,0.5051094890510949,0.4160583941605839,0.9784711396828076,0.9370227845393796,0.8812727904620914,0.2847985638364211
S0_FULL,4,L0_STAGE15_MATCHED,B2_COMMON_NODE_EQUAL_DENSITY,0.5,A2_W0::2013->2014,11,0.4635958395245171,0.4635958395245171,0.0326894502228826,0.4234769687964339,0.487369985141159,0.9848336391801632,0.9657408881840256,0.8555817173579954,0.2144250235100158
S0_FULL,4,L0_STAGE15_MATCHED,B2_COMMON_NODE_EQUAL_DENSITY,0.5,A2_W0::2014->2015,12,0.4744121715076071,0.4744121715076071,0.0096818810511756,0.5975103734439834,0.3360995850622407,0.9903849829137936,0.9608197449094809,0.939793740204015,0.3471185005888116
S0_FULL,4,L0_STAGE15_MATCHED,B2_COMMON_NODE_EQUAL_DENSITY,0.5,A2_W0::2015->2016,13,0.4716981132075472,0.4716981132075472,0.040251572327044,0.5220125786163522,0.320754716981132,0.9814209530983536,0.9764146366345388,0.9480831149746838,0.3397271617242678
S0_FULL,4,L0_STAGE15_MATCHED,B2_COMMON_NODE_EQUAL_DENSITY,0.5,A2_W0::2016->2017,14,0.416403785488959,0.416403785488959,0.0922712933753943,0.3004731861198738,0.4029968454258675,0.977876905112295,0.9261782800470356,0.8407168003496451,0.2421038801834314
S0_FULL,4,L0_STAGE15_MATCHED,B2_COMMON_NODE_EQUAL_DENSITY,0.5,A2_W0::2017->2018,15,0.44921875,0.44921875,0.09375,0.4205729166666667,0.3248697916666667,0.9878906022441094,0.9656919944186276,0.8986064192987139,0.4495531765695701
S0_FULL,4,L0_STAGE15_MATCHED,B2_COMMON_NODE_EQUAL_DENSITY,0.5,A2_W0::2018->2019,16,0.4630829015544041,0.4630829015544041,0.0459844559585492,0.4209844559585492,0.3672279792746113,0.9992390329029286,0.9827193866717427,0.8546819137422833,0.2186795558856616
S0_FULL,4,L0_STAGE15_MATCHED,B2_COMMON_NODE_EQUAL_DENSITY,0.5,A2_W0::2019->2020,17,0.4525586353944563,0.4525586353944563,0.0730277185501066,0.2766524520255863,0.4658848614072494,0.9934038375099162,0.9737852329208672,0.8779205564952185,0.292438149049891
S0_FULL,4,L0_STAGE15_MATCHED,B2_COMMON_NODE_EQUAL_DENSITY,0.5,A2_W0::2020->2021,18,0.4509668508287293,0.4509668508287293,0.0552486187845303,0.3349447513812155,0.4095303867403315,0.9981463997902322,0.980130341017504,0.8425701993243943,0.2592575720501596
S0_FULL,4,L0_STAGE15_MATCHED,B2_COMMON_NODE_EQUAL_DENSITY,0.5,A2_W0::2021->2022,19,0.4765840220385675,0.4765840220385675,0.0165289256198347,0.4641873278236915,0.3636363636363636,0.9932065616756526,0.9874685494545538,0.9170137142380828,0.2958485549437922
S0_FULL,4,L0_STAGE15_MATCHED,B2_COMMON_NODE_EQUAL_DENSITY,0.5,A2_W0::2022->2023,20,0.4845995893223819,0.4845995893223819,0.0041067761806981,0.8090349075975359,0.1868583162217659,0.9886247643971836,0.9822712610900062,0.9999999999665664,0.4388825269228215
S0_FULL,4,L1_EXTENDED,B0_REFERENCE,1.0,A2_W0::2002->2003,0,0.8009049773755657,0.1809954751131221,0.0090497737556561,0.9773755656108596,0.0226244343891402,0.7120864011790488,0.9534930576844955,0.0,0.8763878199578057
S0_FULL,4,L1_EXTENDED,B0_REFERENCE,1.0,A2_W0::2003->2004,1,0.3489208633093525,0.5323741007194245,0.0863309352517985,0.9784172661870504,0.0215827338129496,0.8097139653499762,0.8142817077652197,0.0,0.7649819041104327
S0_FULL,4,L1_EXTENDED,B0_REFERENCE,1.0,A2_W0::2004->2005,2,0.9538843561546648,0.0322809506917346,0.0021284143313231,0.9975168499467896,0.0024831500532103,0.9824077297081414,0.55787098596974,0.0,0.4269719678662221
S0_FULL,4,L1_EXTENDED,B0_REFERENCE,1.0,A2_W0::2005->2006,3,0.0058309037900874,0.9897959183673468,0.0003644314868804,0.9967201166180758,0.0032798833819241,0.9858001744691948,0.8164966041533807,0.0,0.8102690628764112
S0_FULL,4,L1_EXTENDED,B0_REFERENCE,1.0,A2_W0::2006->2007,4,0.9628647214854112,0.0185676392572944,0.0092838196286472,0.9774535809018567,0.019893899204244,0.7476784508847155,0.9660917928304208,0.999999999634132,0.7071067960399168
S0_FULL,4,L1_EXTENDED,B0_REFERENCE,1.0,A2_W0::2007->2008,5,0.6953478797859202,0.2317826265953067,0.0312885961300946,0.9790037052284892,0.0197612186084808,0.671008571170942,0.8457913335061054,0.6581583562361647,0.6652699762531633
S0_FULL,4,L1_EXTENDED,B0_REFERENCE,1.0,A2_W0::2008->2009,6,0.6835679158894353,0.216381210785145,0.062235034763439,0.9184331015770733,0.0808885874173308,0.7814726975033381,0.9655198050661756,0.866123730744731,0.862812326041112
S0_FULL,4,L1_EXTENDED,B0_REFERENCE,1.0,A2_W0::2009->2010,7,0.1690343463405862,0.7286459269915483,0.080920697716238,0.91764071210214,0.080920697716238,0.8317146049120108,0.8740401064728495,0.8510221876104338,0.6805944117432916
S0_FULL,4,L1_EXTENDED,B0_REFERENCE,1.0,A2_W0::2010->2011,8,0.7369246861924686,0.1635285913528591,0.0317294281729428,0.8673291492329149,0.1255230125523012,0.8830823685413742,0.9233249960810668,0.6795131286437355,0.7337603271664387
S0_FULL,4,L1_EXTENDED,B0_REFERENCE,1.0,A2_W0::2011->2012,9,0.4580368236755902,0.328928046989721,0.1704506946797695,0.8661470687902406,0.1267366994239241,0.9769336853944308,0.8818636008178669,0.7347684364797982,0.8463346575560894
S0_FULL,4,L1_EXTENDED,B0_REFERENCE,1.0,A2_W0::2012->2013,10,0.2135292560232989,0.2441090812814403,0.1297325920042361,0.8553084458564999,0.136616362192216,0.7330358003010651,0.6366686278436176,0.6967875536301925,0.3571842567094436
S0_FULL,4,L1_EXTENDED,B0_REFERENCE,1.0,A2_W0::2013->2014,11,0.5351298542701295,0.0919156557844174,0.1611984042986241,0.8956281038834161,0.0985915492957746,0.9257538986721926,0.6761228976409365,0.6422131043096043,0.7476897978803043
S0_FULL,4,L1_EXTENDED,B0_REFERENCE,1.0,A2_W0::2014->2015,12,0.1240084818974318,0.4895154323411607,0.0338490536401476,0.90261525170816,0.0921228304405874,0.8079777447741712,0.7006822081369534,0.7875866333025825,0.7187792448839723
S0_FULL,4,L1_EXTENDED,B0_REFERENCE,1.0,A2_W0::2015->2016,13,0.5110576199789378,0.0910937264931548,0.3530916202798255,0.7817060327967504,0.2013690386640589,0.7077956437550341,0.7205710062571034,0.7383448007003544,0.5695605041566298
S0_FULL,4,L1_EXTENDED,B0_REFERENCE,1.0,A2_W0::2016->2017,14,0.2918180752549525,0.1889579181807525,0.2266440042199038,0.7832610479427968,0.1833313796741296,0.7513759580341761,0.6501403419151189,0.6471029132164282,0.4095170588675788
S0_FULL,4,L1_EXTENDED,B0_REFERENCE,1.0,A2_W0::2017->2018,15,0.2167317597781174,0.398313239372842,0.2709005490462444,0.7746080262636554,0.1856568743985962,0.8405569453339083,0.8778074222219369,0.73019884705909,0.5879037368907909
S0_FULL,4,L1_EXTENDED,B0_REFERENCE,1.0,A2_W0::2018->2019,16,0.4641867029588185,0.2229447048742376,0.0818589646655577,0.8382478955592519,0.128837138968698,0.6726654471590695,0.7393119757340123,0.7249983412727349,0.4558868364858338
S0_FULL,4,L1_EXTENDED,B0_REFERENCE,1.0,A2_W0::2019->2020,17,0.2908597451584709,0.2302313813882883,0.2975297851787111,0.8395050370302222,0.1291687750126501,0.6948908571247749,0.8008071224654756,0.7302298561214432,0.480062530540738
S0_FULL,4,L1_EXTENDED,B0_REFERENCE,1.0,A2_W0::2020->2021,18,0.0697131420947298,0.7294307315988436,0.1059595285746052,0.8422281521014009,0.1248610184567489,0.6725747150555526,0.8235519184408626,0.7266076860183727,0.4833451896028396
S0_FULL,4,L1_EXTENDED,B0_REFERENCE,1.0,A2_W0::2021->2022,19,0.5105591311343524,0.2621681415929203,0.0929203539823008,0.8614239742558326,0.119167337087691,0.5967393338457413,0.8337260100721804,0.8015412408600302,0.7469770401790322
S0_FULL,4,L1_EXTENDED,B0_REFERENCE,1.0,A2_W0::2022->2023,20,0.1283117500297018,0.1462516335986693,0.6737554948318878,0.9834858025424736,0.0162765831056195,0.9684785485645522,0.8163857353406208,0.857633793085229,0.9671254946391914
S0_FULL,4,L1_EXTENDED,B2_COMMON_NODE_EQUAL_DENSITY,1.0,A2_W0::2002->2003,0,0.5,0.5,0.0,0.7857142857142857,0.2142857142857142,0.9999999999229672,0.9999999999595304,0.0,0.0
S0_FULL,4,L1_EXTENDED,B2_COMMON_NODE_EQUAL_DENSITY,1.0,A2_W0::2003->2004,1,0.5,0.5,0.0,0.8333333333333334,0.1666666666666666,0.999999999932931,0.999999999963504,0.0,0.0
S0_FULL,4,L1_EXTENDED,B2_COMMON_NODE_EQUAL_DENSITY,1.0,A2_W0::2004->2005,2,0.4166666666666667,0.4166666666666667,0.0,0.875,0.125,0.956264732979744,0.6017515299510341,0.0,0.2690732911059651
S0_FULL,4,L1_EXTENDED,B2_COMMON_NODE_EQUAL_DENSITY,1.0,A2_W0::2005->2006,3,0.4782608695652174,0.4782608695652174,0.0,0.782608695652174,0.217391304347826,0.7817359722500036,0.7745967132726398,0.0,0.9999999999708764
S0_FULL,4,L1_EXTENDED,B2_COMMON_NODE_EQUAL_DENSITY,1.0,A2_W0::2006->2007,4,0.48,0.48,0.04,0.76,0.22,0.7433919514136363,0.7977240546049696,0.9999999998984792,0.9999999998377064
S0_FULL,4,L1_EXTENDED,B2_COMMON_NODE_EQUAL_DENSITY,1.0,A2_W0::2007->2008,5,0.4312796208530806,0.4312796208530806,0.0663507109004739,0.8625592417061612,0.1232227488151658,0.9442417785837884,0.917907057751268,0.6581583562361647,0.3461983980760527
S0_FULL,4,L1_EXTENDED,B2_COMMON_NODE_EQUAL_DENSITY,1.0,A2_W0::2008->2009,6,0.4829396325459317,0.4829396325459317,0.0078740157480314,0.8267716535433071,0.1627296587926509,0.9901757078400988,0.9674440123404936,0.866123730744731,0.379326443881009
S0_FULL,4,L1_EXTENDED,B2_COMMON_NODE_EQUAL_DENSITY,1.0,A2_W0::2009->2010,7,0.4606060606060606,0.4606060606060606,0.0333333333333333,0.7848484848484848,0.1909090909090909,0.969649287191958,0.96705957518468,0.8510221876104338,0.4032888370034246
S0_FULL,4,L1_EXTENDED,B2_COMMON_NODE_EQUAL_DENSITY,1.0,A2_W0::2010->2011,8,0.4583333333333333,0.4583333333333333,0.0307017543859649,0.5833333333333334,0.3289473684210526,0.9662665745834306,0.9684177190173217,0.9069982345906576,0.3218889508978649
S0_FULL,4,L1_EXTENDED,B2_COMMON_NODE_EQUAL_DENSITY,1.0,A2_W0::2011->2012,9,0.4449307075127644,0.4449307075127644,0.0714806710430342,0.5886214442013129,0.3690736688548505,0.9722210144309766,0.926329622562461,0.8573733139744406,0.3604120583977008
S0_FULL,4,L1_EXTENDED,B2_COMMON_NODE_EQUAL_DENSITY,1.0,A2_W0::2012->2013,10,0.4515659140568099,0.4515659140568099,0.0393299344501092,0.6445739257101238,0.313182811361981,0.980087442338956,0.9271532658497232,0.7972152877408407,0.3533021562089138
S0_FULL,4,L1_EXTENDED,B2_COMMON_NODE_EQUAL_DENSITY,1.0,A2_W0::2013->2014,11,0.4447004608294931,0.4447004608294931,0.0637480798771121,0.4531490015360983,0.4953917050691244,0.97563711173999,0.933281560719578,0.8134898806528876,0.2601365785104673
S0_FULL,4,L1_EXTENDED,B2_COMMON_NODE_EQUAL_DENSITY,1.0,A2_W0::2014->2015,12,0.4260935143288084,0.4260935143288084,0.0173453996983408,0.5294117647058824,0.4253393665158371,0.9801612184755568,0.8884551001057396,0.8407479767628933,0.4042432053682698
S0_FULL,4,L1_EXTENDED,B2_COMMON_NODE_EQUAL_DENSITY,1.0,A2_W0::2015->2016,13,0.4351042367182246,0.4351042367182246,0.0954942837928715,0.4969737726967048,0.386684599865501,0.9411049879378924,0.9589247903419628,0.8903330282513745,0.3697498907026966
S0_FULL,4,L1_EXTENDED,B2_COMMON_NODE_EQUAL_DENSITY,1.0,A2_W0::2016->2017,14,0.3826594414339308,0.3826594414339308,0.1413088786994581,0.4001667361400584,0.3984993747394748,0.9318516984591684,0.8905078032647195,0.7573707220090846,0.2412941737535786
S0_FULL,4,L1_EXTENDED,B2_COMMON_NODE_EQUAL_DENSITY,1.0,A2_W0::2017->2018,15,0.44921875,0.44921875,0.0940755208333333,0.5078125,0.3157552083333333,0.9881219524361484,0.951114460800137,0.8857016301510834,0.4593127049061751
S0_FULL,4,L1_EXTENDED,B2_COMMON_NODE_EQUAL_DENSITY,1.0,A2_W0::2018->2019,16,0.4425016812373907,0.4425016812373907,0.0608607935440484,0.4966375252185608,0.3510423671822461,0.9912193484074168,0.9315043084025868,0.8141841659030155,0.2722375584576151
S0_FULL,4,L1_EXTENDED,B2_COMMON_NODE_EQUAL_DENSITY,1.0,A2_W0::2019->2020,17,0.4191633691351046,0.4191633691351046,0.1252119841718485,0.4318824194460147,0.4019219898247597,0.9654739104132332,0.9269421303854234,0.8078381181634315,0.3341130298306264
S0_FULL,4,L1_EXTENDED,B2_COMMON_NODE_EQUAL_DENSITY,1.0,A2_W0::2020->2021,18,0.4137803979366249,0.4137803979366249,0.0906411201179071,0.4579955784819454,0.3695652173913043,0.9636961598724108,0.9191046623427792,0.7808722931638021,0.2961394403509532
S0_FULL,4,L1_EXTENDED,B2_COMMON_NODE_EQUAL_DENSITY,1.0,A2_W0::2021->2022,19,0.453697056712132,0.453697056712132,0.0258435032304379,0.5477386934673367,0.3374012921751615,0.9769406269451216,0.9549465922786372,0.8728871147888264,0.3379145384634609
S0_FULL,4,L1_EXTENDED,B2_COMMON_NODE_EQUAL_DENSITY,1.0,A2_W0::2022->2023,20,0.4693446088794926,0.4693446088794926,0.0211416490486257,0.8847780126849895,0.113107822410148,0.9782697495623356,0.9429786873877668,0.9999999999670952,0.4186212565778777
S0_FULL,4,L1_EXTENDED,B2_COMMON_NODE_EQUAL_DENSITY,0.75,A2_W0::2002->2003,0,0.5,0.5,0.0,0.7,0.3,0.9999999999561024,0.9999999999595304,0.0,0.0
S0_FULL,4,L1_EXTENDED,B2_COMMON_NODE_EQUAL_DENSITY,0.75,A2_W0::2003->2004,1,0.5,0.5,0.0,0.7857142857142857,0.2142857142857142,0.999999999940986,0.999999999963504,0.0,0.0
S0_FULL,4,L1_EXTENDED,B2_COMMON_NODE_EQUAL_DENSITY,0.75,A2_W0::2004->2005,2,0.4761904761904761,0.4761904761904761,0.0,0.8571428571428571,0.1428571428571428,0.999999999948415,0.8290722647242641,0.0,0.249163521982903
S0_FULL,4,L1_EXTENDED,B2_COMMON_NODE_EQUAL_DENSITY,0.75,A2_W0::2005->2006,3,0.4705882352941176,0.4705882352941176,0.0,0.7058823529411765,0.2941176470588235,0.8164965983860872,0.7745967132726398,0.0,0.9999999999708764
S0_FULL,4,L1_EXTENDED,B2_COMMON_NODE_EQUAL_DENSITY,0.75,A2_W0::2006->2007,4,0.4864864864864865,0.4864864864864865,0.027027027027027,0.7027027027027027,0.2702702702702703,0.7595545393650546,0.7745966912567128,0.9999999998984792,0.9999999998984792
S0_FULL,4,L1_EXTENDED,B2_COMMON_NODE_EQUAL_DENSITY,0.75,A2_W0::2007->2008,5,0.4267515923566879,0.4267515923566879,0.0700636942675159,0.8343949044585988,0.1464968152866242,0.9353238044159884,0.9364743289982416,0.6581583562361647,0.300214729749001
S0_FULL,4,L1_EXTENDED,B2_COMMON_NODE_EQUAL_DENSITY,0.75,A2_W0::2008->2009,6,0.4878048780487805,0.4878048780487805,0.0069686411149825,0.8571428571428571,0.1289198606271777,0.996173924061392,0.9545074331544432,0.866123730744731,0.3447519815471562
S0_FULL,4,L1_EXTENDED,B2_COMMON_NODE_EQUAL_DENSITY,0.75,A2_W0::2009->2010,7,0.4637096774193548,0.4637096774193548,0.0241935483870967,0.8145161290322581,0.1532258064516129,0.9676733504670108,0.9727507651731496,0.9391678645349708,0.3467860650212767
S0_FULL,4,L1_EXTENDED,B2_COMMON_NODE_EQUAL_DENSITY,0.75,A2_W0::2010->2011,8,0.4590643274853801,0.4590643274853801,0.023391812865497,0.5760233918128655,0.3070175438596491,0.9661291735046532,0.9642965687285894,0.946072401881534,0.3442977167060128
S0_FULL,4,L1_EXTENDED,B2_COMMON_NODE_EQUAL_DENSITY,0.75,A2_W0::2011->2012,9,0.4472410454985479,0.4472410454985479,0.0706679574056147,0.5353339787028074,0.4114230396902226,0.9709061463764456,0.9403766482575868,0.8697218807271223,0.3675380236909066
S0_FULL,4,L1_EXTENDED,B2_COMMON_NODE_EQUAL_DENSITY,0.75,A2_W0::2012->2013,10,0.4509232264334305,0.4509232264334305,0.0379008746355685,0.5782312925170068,0.3663751214771623,0.978501321803014,0.932950058524496,0.8461121164202324,0.3245320392554477
S0_FULL,4,L1_EXTENDED,B2_COMMON_NODE_EQUAL_DENSITY,0.75,A2_W0::2013->2014,11,0.4486266531027467,0.4486266531027467,0.0590030518819938,0.3936927772126144,0.5401831129196337,0.9820881400964884,0.9429898364786792,0.8070678901931657,0.2392176316717656
S0_FULL,4,L1_EXTENDED,B2_COMMON_NODE_EQUAL_DENSITY,0.75,A2_W0::2014->2015,12,0.4340931615460852,0.4340931615460852,0.020812685827552,0.4747274529236868,0.4677898909811694,0.9884070873646812,0.9083068754414356,0.8347147936277345,0.4046709174472845
S0_FULL,4,L1_EXTENDED,B2_COMMON_NODE_EQUAL_DENSITY,0.75,A2_W0::2015->2016,13,0.4610778443113772,0.4610778443113772,0.0658682634730539,0.4816082121471343,0.3857998289136014,0.9788641229409564,0.9701418942948448,0.9121557016543264,0.4044656230855731
S0_FULL,4,L1_EXTENDED,B2_COMMON_NODE_EQUAL_DENSITY,0.75,A2_W0::2016->2017,14,0.4180199057097957,0.4180199057097957,0.0900995285489785,0.394971189104243,0.3776846516500786,0.9745742286340034,0.9111881861318948,0.8305838876164505,0.2409317675960941
S0_FULL,4,L1_EXTENDED,B2_COMMON_NODE_EQUAL_DENSITY,0.75,A2_W0::2017->2018,15,0.4513618677042801,0.4513618677042801,0.0894941634241245,0.4850843060959792,0.3130134025075659,0.9892908668061772,0.955717175404576,0.8957514375031002,0.4526597105875278
S0_FULL,4,L1_EXTENDED,B2_COMMON_NODE_EQUAL_DENSITY,0.75,A2_W0::2018->2019,16,0.4569681083442551,0.4569681083442551,0.0484927916120576,0.4678899082568807,0.3564875491480996,0.9977126109495696,0.9590088939388974,0.8439957092198219,0.2356090872162998
S0_FULL,4,L1_EXTENDED,B2_COMMON_NODE_EQUAL_DENSITY,0.75,A2_W0::2019->2020,17,0.4313653136531365,0.4313653136531365,0.1103321033210332,0.344280442804428,0.4494464944649446,0.9828764345796964,0.9470091267284588,0.8311607249075721,0.3353234339947822
S0_FULL,4,L1_EXTENDED,B2_COMMON_NODE_EQUAL_DENSITY,0.75,A2_W0::2020->2021,18,0.4340607210626186,0.4340607210626186,0.0711574952561669,0.4018026565464895,0.392314990512334,0.984693541617744,0.9476410200079168,0.8144590297609816,0.2801966316417478
S0_FULL,4,L1_EXTENDED,B2_COMMON_NODE_EQUAL_DENSITY,0.75,A2_W0::2021->2022,19,0.4658559401309635,0.4658559401309635,0.0243217960710944,0.4976613657623948,0.3638914873713751,0.9914944968672282,0.9626489434316976,0.903141218134912,0.33496033352574
S0_FULL,4,L1_EXTENDED,B2_COMMON_NODE_EQUAL_DENSITY,0.75,A2_W0::2022->2023,20,0.4807162534435262,0.4807162534435262,0.0096418732782369,0.859504132231405,0.1377410468319559,0.9883692904612972,0.9609354085974188,0.9999999999670952,0.4593851223554486
S0_FULL,4,L1_EXTENDED,B2_COMMON_NODE_EQUAL_DENSITY,0.5,A2_W0::2002->2003,0,0.5,0.5,0.0,0.6666666666666666,0.3333333333333333,0.9999999999607686,0.9999999999614892,0.0,0.0
S0_FULL,4,L1_EXTENDED,B2_COMMON_NODE_EQUAL_DENSITY,0.5,A2_W0::2003->2004,1,0.5,0.5,0.0,0.75,0.25,0.9999999999703808,0.9999999999709164,0.0,0.0
S0_FULL,4,L1_EXTENDED,B2_COMMON_NODE_EQUAL_DENSITY,0.5,A2_W0::2004->2005,2,0.5,0.5,0.0,0.7857142857142857,0.2142857142857142,0.9999999999575684,0.9999999999359158,0.0,0.0
S0_FULL,4,L1_EXTENDED,B2_COMMON_NODE_EQUAL_DENSITY,0.5,A2_W0::2005->2006,3,0.4545454545454545,0.4545454545454545,0.0,0.6363636363636364,0.3636363636363636,0.9258201258863084,0.7071068415091464,0.0,0.9999999999708764
S0_FULL,4,L1_EXTENDED,B2_COMMON_NODE_EQUAL_DENSITY,0.5,A2_W0::2006->2007,4,0.5,0.5,0.0,0.7307692307692307,0.2307692307692307,0.7608859293904251,0.8164966156580047,0.9999999998984852,0.0
S0_FULL,4,L1_EXTENDED,B2_COMMON_NODE_EQUAL_DENSITY,0.5,A2_W0::2007->2008,5,0.4782608695652174,0.4782608695652174,0.0,0.8260869565217391,0.1652173913043478,0.9843577916535678,0.9846196774800646,0.5302109207581406,0.387915154565026
S0_FULL,4,L1_EXTENDED,B2_COMMON_NODE_EQUAL_DENSITY,0.5,A2_W0::2008->2009,6,0.4922279792746113,0.4922279792746113,0.0,0.8860103626943006,0.1036269430051813,0.994491176905794,0.9776058776716776,0.999999999729658,0.2801410251637082
S0_FULL,4,L1_EXTENDED,B2_COMMON_NODE_EQUAL_DENSITY,0.5,A2_W0::2009->2010,7,0.4702380952380952,0.4702380952380952,0.0059523809523809,0.8154761904761905,0.1607142857142857,0.9716939074962224,0.9836777977202634,0.8741124391296434,0.2315133649223412
S0_FULL,4,L1_EXTENDED,B2_COMMON_NODE_EQUAL_DENSITY,0.5,A2_W0::2010->2011,8,0.4557522123893805,0.4557522123893805,0.0221238938053097,0.6106194690265486,0.2876106194690265,0.9642141270258714,0.951167664051115,0.939672086122675,0.2660117068911104
S0_FULL,4,L1_EXTENDED,B2_COMMON_NODE_EQUAL_DENSITY,0.5,A2_W0::2011->2012,9,0.4524495677233429,0.4524495677233429,0.0605187319884726,0.4956772334293948,0.4293948126801152,0.9801261845793724,0.947172939463123,0.8829446858474855,0.3959670434730764
S0_FULL,4,L1_EXTENDED,B2_COMMON_NODE_EQUAL_DENSITY,0.5,A2_W0::2012->2013,10,0.4526928675400291,0.4526928675400291,0.0349344978165938,0.5065502183406113,0.4148471615720524,0.9784418655959476,0.941657894916745,0.8726972526145816,0.2773163463872956
S0_FULL,4,L1_EXTENDED,B2_COMMON_NODE_EQUAL_DENSITY,0.5,A2_W0::2013->2014,11,0.4595808383233533,0.4595808383233533,0.0389221556886227,0.3458083832335329,0.5583832335329342,0.9875130166581352,0.9609017550606264,0.8572648624526442,0.2237612742719433
S0_FULL,4,L1_EXTENDED,B2_COMMON_NODE_EQUAL_DENSITY,0.5,A2_W0::2014->2015,12,0.4670406732117812,0.4670406732117812,0.0238429172510518,0.4782608695652174,0.4474053295932679,0.993269433551412,0.9551567697668618,0.8974261612618544,0.2968454679868587
S0_FULL,4,L1_EXTENDED,B2_COMMON_NODE_EQUAL_DENSITY,0.5,A2_W0::2015->2016,13,0.4696969696969697,0.4696969696969697,0.0479797979797979,0.5290404040404041,0.3042929292929293,0.9806605286976148,0.974205069366132,0.9466143623788136,0.3523679127787963
S0_FULL,4,L1_EXTENDED,B2_COMMON_NODE_EQUAL_DENSITY,0.5,A2_W0::2016->2017,14,0.410828025477707,0.410828025477707,0.1019108280254777,0.2937898089171974,0.411624203821656,0.9770627738522212,0.9197740853803248,0.8313600068499795,0.2443046252103383
S0_FULL,4,L1_EXTENDED,B2_COMMON_NODE_EQUAL_DENSITY,0.5,A2_W0::2017->2018,15,0.44921875,0.44921875,0.0930989583333333,0.4134114583333333,0.3307291666666667,0.9860917111521252,0.966044323993942,0.9020249874851596,0.4480023147937259
S0_FULL,4,L1_EXTENDED,B2_COMMON_NODE_EQUAL_DENSITY,0.5,A2_W0::2018->2019,16,0.4609882964889467,0.4609882964889467,0.0468140442132639,0.4258777633289987,0.3641092327698309,0.9992406992957452,0.9792349435553136,0.8494634505667585,0.2247826683472862
S0_FULL,4,L1_EXTENDED,B2_COMMON_NODE_EQUAL_DENSITY,0.5,A2_W0::2019->2020,17,0.451974386339381,0.451974386339381,0.0763073639274279,0.2785485592315901,0.4695837780149413,0.9925041288565428,0.9768159196841504,0.8688894989929452,0.3001667231889782
S0_FULL,4,L1_EXTENDED,B2_COMMON_NODE_EQUAL_DENSITY,0.5,A2_W0::2020->2021,18,0.4521019986216402,0.4521019986216402,0.0537560303239145,0.3363197794624397,0.4073053066850448,0.9981942100698316,0.9790986964839428,0.849192629741064,0.2551857599708182
S0_FULL,4,L1_EXTENDED,B2_COMMON_NODE_EQUAL_DENSITY,0.5,A2_W0::2021->2022,19,0.4729542302357836,0.4729542302357836,0.0194174757281553,0.4646324549237171,0.3647711511789182,0.9917333014687548,0.9809879870642214,0.9159794687671514,0.3112510478122811
S0_FULL,4,L1_EXTENDED,B2_COMMON_NODE_EQUAL_DENSITY,0.5,A2_W0::2022->2023,20,0.4929292929292929,0.4929292929292929,0.006060606060606,0.8101010101010101,0.1858585858585858,0.9951106135120787,0.9903983152543862,0.9999999999670952,0.4359014065717089
S0_FULL,4,L2_HIGH,B0_REFERENCE,1.0,A2_W0::2002->2003,0,0.8505747126436781,0.0919540229885057,0.0229885057471264,0.971264367816092,0.028735632183908,0.8050881557482003,0.9525209089136194,0.0,0.8412307823543576
S0_FULL,4,L2_HIGH,B0_REFERENCE,1.0,A2_W0::2003->2004,1,0.4785478547854785,0.4257425742574257,0.0693069306930693,0.9801980198019802,0.0198019801980198,0.773638026301722,0.7863105620451588,0.0,0.7761281571574061
S0_FULL,4,L2_HIGH,B0_REFERENCE,1.0,A2_W0::2004->2005,2,0.942,0.045,0.0036666666666666,0.9976666666666668,0.0023333333333333,0.952213281588351,0.540595220523654,0.0,0.5020245165705559
S0_FULL,4,L2_HIGH,B0_REFERENCE,1.0,A2_W0::2005->2006,3,0.0201778385772913,0.9719562243502052,0.0034199726402188,0.9972640218878248,0.0027359781121751,0.9547090302726724,0.8660254146728956,0.0,0.7176220052434569
S0_FULL,4,L2_HIGH,B0_REFERENCE,1.0,A2_W0::2006->2007,4,0.8401559454191033,0.1091617933723196,0.0467836257309941,0.9649122807017544,0.0311890838206627,0.9123175078631198,0.9354143481770922,0.9999999996420292,0.854850415357984
S0_FULL,4,L2_HIGH,B0_REFERENCE,1.0,A2_W0::2007->2008,5,0.7976980965028774,0.1354581673306772,0.0168216024789729,0.9769809650287736,0.0216910137228862,0.6965089985221391,0.8381738120765464,0.6580395939059669,0.6630936697709368
S0_FULL,4,L2_HIGH,B0_REFERENCE,1.0,A2_W0::2008->2009,6,0.5901364113326338,0.2919202518363064,0.0694648478488982,0.9001049317943337,0.0990556138509968,0.878198653955628,0.9702827223317247,0.8662118756877623,0.8553607848628665
S0_FULL,4,L2_HIGH,B0_REFERENCE,1.0,A2_W0::2009->2010,7,0.2500555679039786,0.6301400311180262,0.0906868192931762,0.8995332296065792,0.0986885974661035,0.9342063799215332,0.88134241927294,0.8479341708522825,0.6397768752232574
S0_FULL,4,L2_HIGH,B0_REFERENCE,1.0,A2_W0::2010->2011,8,0.6601307189542484,0.2130310457516339,0.0490196078431372,0.8427287581699346,0.1488970588235294,0.9696276329473108,0.9193825503743336,0.6781418518437875,0.7573856550592735
S0_FULL,4,L2_HIGH,B0_REFERENCE,1.0,A2_W0::2011->2012,9,0.7083932490728828,0.1150382199349125,0.0468478014077045,0.9109210625898736,0.0843109059259819,0.7799064435284867,0.8849576114729465,0.737393491686073,0.8826642211071402
S0_FULL,4,L2_HIGH,B0_REFERENCE,1.0,A2_W0::2012->2013,10,0.10157510564733,0.5546676911256243,0.0912792931233192,0.9161736457933154,0.079139454475605,0.5394603500326455,0.6370274344841428,0.6966543638416405,0.4548637863893317
S0_FULL,4,L2_HIGH,B0_REFERENCE,1.0,A2_W0::2013->2014,11,0.526625285854296,0.2586573015354459,0.1608951323097027,0.8953773276706959,0.0987422410976805,0.9276969798029552,0.6768302344640059,0.6466201291885796,0.4812743094797658
S0_FULL,4,L2_HIGH,B0_REFERENCE,1.0,A2_W0::2014->2015,12,0.1434368217420024,0.4345569500802114,0.0379352646975559,0.8828913843540624,0.1107860715296782,0.897446375152922,0.7032016388121012,0.7849839563056975,0.6888836932845106
S0_FULL,4,L2_HIGH,B0_REFERENCE,1.0,A2_W0::2015->2016,13,0.4229028219204468,0.1189444283925647,0.4068188384859867,0.7229124530482519,0.2552248868342482,0.8334312913076133,0.7233949675361492,0.7432188754268397,0.4973886755231201
S0_FULL,4,L2_HIGH,B0_REFERENCE,1.0,A2_W0::2016->2017,14,0.4537855266300454,0.1017434917602101,0.2075471698113207,0.7788989730117029,0.1870074038691187,0.7599882283877281,0.6510845657827732,0.6450383283203163,0.5523175259804876
S0_FULL,4,L2_HIGH,B0_REFERENCE,1.0,A2_W0::2017->2018,15,0.1928318489108273,0.4356690632042064,0.2614550917480416,0.7859212361841399,0.1762528168258396,0.8124170964094466,0.8768061185402952,0.7307508880161272,0.5958084871779095
S0_FULL,4,L2_HIGH,B0_REFERENCE,1.0,A2_W0::2018->2019,16,0.3539708863091947,0.4192002948221853,0.0978441127694859,0.7651249923223389,0.1945826423438363,0.7775160289096227,0.6635570606049933,0.7219352948742589,0.5160414978013319
S0_FULL,4,L2_HIGH,B0_REFERENCE,1.0,A2_W0::2019->2020,17,0.5402120003889915,0.1833122629582806,0.1546727608674511,0.831469415540212,0.135369055723038,0.717952611911487,0.8043923217960118,0.7327785053816618,0.5772820446678917
S0_FULL,4,L2_HIGH,B0_REFERENCE,1.0,A2_W0::2020->2021,18,0.2042073344072775,0.4427177106036198,0.1900407467070975,0.8598028996493888,0.1119113048422249,0.6144293147278148,0.803186605068506,0.7280996149382848,0.5696462632313414
S0_FULL,4,L2_HIGH,B0_REFERENCE,1.0,A2_W0::2021->2022,19,0.0334456405620839,0.8593146519845509,0.0758484674172076,0.8971977976826362,0.087106582299285,0.5290486903427827,0.8837280841952136,0.8055845394570516,0.4956923818347751
S0_FULL,4,L2_HIGH,B0_REFERENCE,1.0,A2_W0::2022->2023,20,0.7938839393209728,0.1508548037563207,0.0062605345533349,0.9832651095593546,0.0164941006501324,0.974823358635398,0.8163550409441847,0.8544241484353952,0.5898621959486477
S0_FULL,4,L2_HIGH,B2_COMMON_NODE_EQUAL_DENSITY,1.0,A2_W0::2002->2003,0,0.5,0.5,0.0,0.7857142857142857,0.2142857142857142,0.9999999999237094,0.9999999999592984,0.0,0.0
S0_FULL,4,L2_HIGH,B2_COMMON_NODE_EQUAL_DENSITY,1.0,A2_W0::2003->2004,1,0.5,0.5,0.0,0.8333333333333334,0.1666666666666666,0.9999999999327296,0.9999999999631572,0.0,0.0
S0_FULL,4,L2_HIGH,B2_COMMON_NODE_EQUAL_DENSITY,1.0,A2_W0::2004->2005,2,0.391304347826087,0.391304347826087,0.0,0.8695652173913043,0.1304347826086956,0.9036943288800316,0.821728389049947,0.0,0.2679482931622015
S0_FULL,4,L2_HIGH,B2_COMMON_NODE_EQUAL_DENSITY,1.0,A2_W0::2005->2006,3,0.4285714285714285,0.4285714285714285,0.0,0.7619047619047619,0.238095238095238,0.8291562533337581,0.7745966888256647,0.0,0.9999999999325822
S0_FULL,4,L2_HIGH,B2_COMMON_NODE_EQUAL_DENSITY,1.0,A2_W0::2006->2007,4,0.3809523809523809,0.3809523809523809,0.238095238095238,0.8095238095238095,0.1666666666666666,0.7859053352916586,0.9999999997589007,0.99999999989679,0.9999999996495514
S0_FULL,4,L2_HIGH,B2_COMMON_NODE_EQUAL_DENSITY,1.0,A2_W0::2007->2008,5,0.4230769230769231,0.4230769230769231,0.0721153846153846,0.8605769230769231,0.125,0.9384058735095436,0.9006073988500491,0.6580395939059669,0.3542546654517803
S0_FULL,4,L2_HIGH,B2_COMMON_NODE_EQUAL_DENSITY,1.0,A2_W0::2008->2009,6,0.4842931937172774,0.4842931937172774,0.0078534031413612,0.8272251308900523,0.1623036649214659,0.9929709270139933,0.9612018175197232,0.8662118756877623,0.3933705908086077
S0_FULL,4,L2_HIGH,B2_COMMON_NODE_EQUAL_DENSITY,1.0,A2_W0::2009->2010,7,0.463855421686747,0.463855421686747,0.0301204819277108,0.7951807228915663,0.180722891566265,0.9701917995064292,0.9757258381804516,0.8479341708522825,0.3747352143636663
S0_FULL,4,L2_HIGH,B2_COMMON_NODE_EQUAL_DENSITY,1.0,A2_W0::2010->2011,8,0.4595185995623632,0.4595185995623632,0.0328227571115973,0.5536105032822757,0.3588621444201313,0.96456560854005,0.9723787166468556,0.9195650939549882,0.3400001226201339
S0_FULL,4,L2_HIGH,B2_COMMON_NODE_EQUAL_DENSITY,1.0,A2_W0::2011->2012,9,0.4485507246376811,0.4485507246376811,0.0710144927536231,0.586231884057971,0.372463768115942,0.973291203812369,0.9339403476040288,0.8553663594606494,0.3599699697008018
S0_FULL,4,L2_HIGH,B2_COMMON_NODE_EQUAL_DENSITY,1.0,A2_W0::2012->2013,10,0.4511661807580175,0.4511661807580175,0.0415451895043731,0.6465014577259475,0.3112244897959184,0.9806029038778226,0.9253582375136226,0.7857437656734929,0.3494880408811188
S0_FULL,4,L2_HIGH,B2_COMMON_NODE_EQUAL_DENSITY,1.0,A2_W0::2013->2014,11,0.4447004608294931,0.4447004608294931,0.0637480798771121,0.4554531490015361,0.4938556067588325,0.9764753124943696,0.9319420514661524,0.8100643015781696,0.2526683960220433
S0_FULL,4,L2_HIGH,B2_COMMON_NODE_EQUAL_DENSITY,1.0,A2_W0::2014->2015,12,0.4199695121951219,0.4199695121951219,0.0182926829268292,0.5167682926829268,0.4390243902439024,0.970993497586983,0.8892110026905815,0.8336985846205569,0.3963629091437834
S0_FULL,4,L2_HIGH,B2_COMMON_NODE_EQUAL_DENSITY,1.0,A2_W0::2015->2016,13,0.4354838709677419,0.4354838709677419,0.0927419354838709,0.5,0.3884408602150537,0.9424029888164912,0.9602177244315734,0.8835495174284198,0.3769378711906191
S0_FULL,4,L2_HIGH,B2_COMMON_NODE_EQUAL_DENSITY,1.0,A2_W0::2016->2017,14,0.3834304746044962,0.3834304746044962,0.1378018318068276,0.400083263946711,0.3980016652789342,0.936227988350263,0.8900861163994802,0.7530089009606378,0.2417882552448083
S0_FULL,4,L2_HIGH,B2_COMMON_NODE_EQUAL_DENSITY,1.0,A2_W0::2017->2018,15,0.44921875,0.44921875,0.09375,0.5091145833333334,0.3141276041666667,0.9881005319572662,0.9520953630381064,0.8837509173507625,0.4594102482041253
S0_FULL,4,L2_HIGH,B2_COMMON_NODE_EQUAL_DENSITY,1.0,A2_W0::2018->2019,16,0.4434373950990265,0.4434373950990265,0.0597515944947969,0.4988251090970124,0.3494461228600201,0.9921763569118676,0.9314339204971892,0.815722814754743,0.270953102826367
S0_FULL,4,L2_HIGH,B2_COMMON_NODE_EQUAL_DENSITY,1.0,A2_W0::2019->2020,17,0.4188348416289593,0.4188348416289593,0.1252828054298642,0.4332579185520362,0.4007352941176471,0.9652208603088068,0.9257967715314456,0.809613824652972,0.3353805538670352
S0_FULL,4,L2_HIGH,B2_COMMON_NODE_EQUAL_DENSITY,1.0,A2_W0::2020->2021,18,0.4137803979366249,0.4137803979366249,0.0902726602800294,0.4572586588061901,0.368828297715549,0.9647239462872748,0.9198870681152,0.7764527341635101,0.294487685761053
S0_FULL,4,L2_HIGH,B2_COMMON_NODE_EQUAL_DENSITY,1.0,A2_W0::2021->2022,19,0.451729106628242,0.451729106628242,0.0259365994236311,0.5497118155619597,0.3357348703170029,0.976226378362693,0.9539953401498952,0.8660623857839261,0.3511472427497623
S0_FULL,4,L2_HIGH,B2_COMMON_NODE_EQUAL_DENSITY,1.0,A2_W0::2022->2023,20,0.4693446088794926,0.4693446088794926,0.022198731501057,0.8868921775898521,0.1109936575052854,0.978615233923215,0.9420890257069648,0.9029368017145076,0.421848685399235
S0_FULL,4,L2_HIGH,B2_COMMON_NODE_EQUAL_DENSITY,0.75,A2_W0::2002->2003,0,0.5,0.5,0.0,0.7,0.3,0.9999999999565012,0.9999999999592984,0.0,0.0
S0_FULL,4,L2_HIGH,B2_COMMON_NODE_EQUAL_DENSITY,0.75,A2_W0::2003->2004,1,0.5,0.5,0.0,0.7857142857142857,0.2142857142857142,0.9999999999405228,0.9999999999631572,0.0,0.0
S0_FULL,4,L2_HIGH,B2_COMMON_NODE_EQUAL_DENSITY,0.75,A2_W0::2004->2005,2,0.4210526315789473,0.4210526315789473,0.0,0.8421052631578947,0.1578947368421052,0.9422729612916204,0.821728389049947,0.0,0.2779484215132283
S0_FULL,4,L2_HIGH,B2_COMMON_NODE_EQUAL_DENSITY,0.75,A2_W0::2005->2006,3,0.4375,0.4375,0.0,0.75,0.25,0.8164966525532349,0.86602541470547,0.0,0.9999999999134072
S0_FULL,4,L2_HIGH,B2_COMMON_NODE_EQUAL_DENSITY,0.75,A2_W0::2006->2007,4,0.4411764705882353,0.4411764705882353,0.1176470588235294,0.7941176470588235,0.1764705882352941,0.7453561255824928,0.9999999997869709,0.99999999989679,0.9999999996998328
S0_FULL,4,L2_HIGH,B2_COMMON_NODE_EQUAL_DENSITY,0.75,A2_W0::2007->2008,5,0.4230769230769231,0.4230769230769231,0.0705128205128205,0.8269230769230769,0.1538461538461538,0.9306720310629572,0.9389700824231372,0.6580395939059669,0.3022422709014046
S0_FULL,4,L2_HIGH,B2_COMMON_NODE_EQUAL_DENSITY,0.75,A2_W0::2008->2009,6,0.4842105263157895,0.4842105263157895,0.0105263157894736,0.8491228070175438,0.1368421052631579,0.992385495785996,0.956988506000533,0.8662118756877623,0.3411022197299383
S0_FULL,4,L2_HIGH,B2_COMMON_NODE_EQUAL_DENSITY,0.75,A2_W0::2009->2010,7,0.4637096774193548,0.4637096774193548,0.0241935483870967,0.8104838709677419,0.157258064516129,0.9674680569256244,0.9736620331599094,0.939620689363925,0.3472648323532936
S0_FULL,4,L2_HIGH,B2_COMMON_NODE_EQUAL_DENSITY,0.75,A2_W0::2010->2011,8,0.4606413994169096,0.4606413994169096,0.0291545189504373,0.5568513119533528,0.3265306122448979,0.966211365203636,0.9664566993678256,0.9456878326494352,0.3160015216479173
S0_FULL,4,L2_HIGH,B2_COMMON_NODE_EQUAL_DENSITY,0.75,A2_W0::2011->2012,9,0.4472410454985479,0.4472410454985479,0.0745401742497579,0.5237173281703775,0.4249757986447241,0.9686762426234896,0.9430262306233644,0.8651086840531668,0.3546083610040227
S0_FULL,4,L2_HIGH,B2_COMMON_NODE_EQUAL_DENSITY,0.75,A2_W0::2012->2013,10,0.4514563106796116,0.4514563106796116,0.0398058252427184,0.5776699029126213,0.3669902912621359,0.9801629242497578,0.9330584188072854,0.8412739094293744,0.3324958637975777
S0_FULL,4,L2_HIGH,B2_COMMON_NODE_EQUAL_DENSITY,0.75,A2_W0::2013->2014,11,0.446938775510204,0.446938775510204,0.0581632653061224,0.3826530612244898,0.5510204081632653,0.9844544322364904,0.9396634279624853,0.8067930379836012,0.2508312701500984
S0_FULL,4,L2_HIGH,B2_COMMON_NODE_EQUAL_DENSITY,0.75,A2_W0::2014->2015,12,0.4272818455366098,0.4272818455366098,0.0210631895687061,0.4493480441323972,0.4934804413239719,0.987577372155012,0.8994817307326983,0.8347764403816008,0.395841859744481
S0_FULL,4,L2_HIGH,B2_COMMON_NODE_EQUAL_DENSITY,0.75,A2_W0::2015->2016,13,0.4606164383561644,0.4606164383561644,0.0676369863013698,0.4803082191780822,0.3878424657534247,0.9786059690448434,0.9714635443081072,0.9071412330345808,0.4103939874077367
S0_FULL,4,L2_HIGH,B2_COMMON_NODE_EQUAL_DENSITY,0.75,A2_W0::2016->2017,14,0.4180199057097957,0.4180199057097957,0.0895756940806705,0.3996856993190152,0.3740178103719225,0.9756163912278636,0.9094939126658284,0.8296906783342951,0.2413567724102123
S0_FULL,4,L2_HIGH,B2_COMMON_NODE_EQUAL_DENSITY,0.75,A2_W0::2017->2018,15,0.4511245674740484,0.4511245674740484,0.0891003460207612,0.4870242214532872,0.3114186851211072,0.9892694457370808,0.9551315457926646,0.894868383847825,0.4510127863054938
S0_FULL,4,L2_HIGH,B2_COMMON_NODE_EQUAL_DENSITY,0.75,A2_W0::2018->2019,16,0.4553023663453111,0.4553023663453111,0.0517090271691498,0.4666958808063102,0.3584574934268186,0.997696989244919,0.958967212045864,0.8327615835258232,0.2327489584611678
S0_FULL,4,L2_HIGH,B2_COMMON_NODE_EQUAL_DENSITY,0.75,A2_W0::2019->2020,17,0.4326215022091311,0.4326215022091311,0.1078792341678939,0.3416789396170839,0.4513991163475699,0.9822636931302128,0.9494264332168174,0.8337856900112494,0.3355294307571221
S0_FULL,4,L2_HIGH,B2_COMMON_NODE_EQUAL_DENSITY,0.75,A2_W0::2020->2021,18,0.4343290659080133,0.4343290659080133,0.0711237553342816,0.4006638217164533,0.3930772878141299,0.9852507922684104,0.9477410550216148,0.8147389776489299,0.2794344003644052
S0_FULL,4,L2_HIGH,B2_COMMON_NODE_EQUAL_DENSITY,0.75,A2_W0::2021->2022,19,0.4673507462686567,0.4673507462686567,0.0242537313432835,0.498134328358209,0.3628731343283582,0.9915414744266996,0.9639449622593592,0.9090867915774704,0.3294746593439043
S0_FULL,4,L2_HIGH,B2_COMMON_NODE_EQUAL_DENSITY,0.75,A2_W0::2022->2023,20,0.4807162534435262,0.4807162534435262,0.0110192837465564,0.8581267217630854,0.1391184573002754,0.9857946501748543,0.9809337498260108,0.9999999999669268,0.4859153357529462
S0_FULL,4,L2_HIGH,B2_COMMON_NODE_EQUAL_DENSITY,0.5,A2_W0::2002->2003,0,0.5,0.5,0.0,0.6666666666666666,0.3333333333333333,0.9999999999611228,0.999999999961462,0.0,0.0
S0_FULL,4,L2_HIGH,B2_COMMON_NODE_EQUAL_DENSITY,0.5,A2_W0::2003->2004,1,0.5,0.5,0.0,0.75,0.25,0.9999999999705153,0.9999999999705296,0.0,0.0
S0_FULL,4,L2_HIGH,B2_COMMON_NODE_EQUAL_DENSITY,0.5,A2_W0::2004->2005,2,0.4615384615384615,0.4615384615384615,0.0,0.7692307692307693,0.2307692307692307,0.999999999958428,0.821728389049947,0.0,0.1603516022880985
S0_FULL,4,L2_HIGH,B2_COMMON_NODE_EQUAL_DENSITY,0.5,A2_W0::2005->2006,3,0.4545454545454545,0.4545454545454545,0.0,0.7272727272727273,0.2727272727272727,0.7905695430003562,0.9999999999379724,0.0,0.9999999999136334
S0_FULL,4,L2_HIGH,B2_COMMON_NODE_EQUAL_DENSITY,0.5,A2_W0::2006->2007,4,0.5,0.5,0.0,0.7692307692307693,0.1923076923076923,0.7416199872944031,0.8944272734977762,0.99999999989679,0.0
S0_FULL,4,L2_HIGH,B2_COMMON_NODE_EQUAL_DENSITY,0.5,A2_W0::2007->2008,5,0.4782608695652174,0.4782608695652174,0.0,0.8260869565217391,0.1652173913043478,0.984334204353391,0.9846588795219932,0.5267321295147326,0.3862044314244385
S0_FULL,4,L2_HIGH,B2_COMMON_NODE_EQUAL_DENSITY,0.5,A2_W0::2008->2009,6,0.4922279792746113,0.4922279792746113,0.0,0.8911917098445595,0.0984455958549222,0.9945494411286824,0.9764148801702648,0.999999999724378,0.2854540545308871
S0_FULL,4,L2_HIGH,B2_COMMON_NODE_EQUAL_DENSITY,0.5,A2_W0::2009->2010,7,0.4764705882352941,0.4764705882352941,0.0058823529411764,0.8117647058823529,0.1647058823529411,0.9787528243284568,0.9842618987676812,0.8750851846667326,0.2198796695569364
S0_FULL,4,L2_HIGH,B2_COMMON_NODE_EQUAL_DENSITY,0.5,A2_W0::2010->2011,8,0.4557522123893805,0.4557522123893805,0.0309734513274336,0.5973451327433629,0.3097345132743362,0.9632888201783764,0.9546233161101688,0.9336355566278738,0.2613907257738403
S0_FULL,4,L2_HIGH,B2_COMMON_NODE_EQUAL_DENSITY,0.5,A2_W0::2011->2012,9,0.4540229885057471,0.4540229885057471,0.0603448275862069,0.4597701149425287,0.4655172413793103,0.9768839232021098,0.9546792522979252,0.8836212642829355,0.3806911125940063
S0_FULL,4,L2_HIGH,B2_COMMON_NODE_EQUAL_DENSITY,0.5,A2_W0::2012->2013,10,0.4518950437317784,0.4518950437317784,0.0364431486880466,0.5087463556851312,0.412536443148688,0.9769927979506736,0.941145994109222,0.8727343896581433,0.2731556166348433
S0_FULL,4,L2_HIGH,B2_COMMON_NODE_EQUAL_DENSITY,0.5,A2_W0::2013->2014,11,0.4619970193740685,0.4619970193740685,0.0357675111773472,0.3427719821162444,0.563338301043219,0.9915812406337094,0.9629001942560902,0.8544447873395691,0.2262775614513812
S0_FULL,4,L2_HIGH,B2_COMMON_NODE_EQUAL_DENSITY,0.5,A2_W0::2014->2015,12,0.4670406732117812,0.4670406732117812,0.0280504908835904,0.4586255259467041,0.4684431977559607,0.9942692653614372,0.9564434061338432,0.8852200863155381,0.2747784817707961
S0_FULL,4,L2_HIGH,B2_COMMON_NODE_EQUAL_DENSITY,0.5,A2_W0::2015->2016,13,0.4696969696969697,0.4696969696969697,0.0479797979797979,0.5265151515151515,0.308080808080808,0.980600079376807,0.9765176345765632,0.9442191404570416,0.3664463990676122
S0_FULL,4,L2_HIGH,B2_COMMON_NODE_EQUAL_DENSITY,0.5,A2_W0::2016->2017,14,0.4122319301032565,0.4122319301032565,0.0976965845909452,0.2922954725972994,0.4098490865766481,0.9769948418565088,0.91955739955889,0.8379219458821371,0.2413919643610989
S0_FULL,4,L2_HIGH,B2_COMMON_NODE_EQUAL_DENSITY,0.5,A2_W0::2017->2018,15,0.4495770982433311,0.4495770982433311,0.0923877683799609,0.4157449577098243,0.3272608978529603,0.9861219492151898,0.9660779366415184,0.9041602946018212,0.4526263099567318
S0_FULL,4,L2_HIGH,B2_COMMON_NODE_EQUAL_DENSITY,0.5,A2_W0::2018->2019,16,0.4620376378974691,0.4620376378974691,0.044776119402985,0.4308890330953926,0.3601557430240104,0.9985453141729724,0.9789370935522528,0.8551807545588161,0.2153424591964412
S0_FULL,4,L2_HIGH,B2_COMMON_NODE_EQUAL_DENSITY,0.5,A2_W0::2019->2020,17,0.451974386339381,0.451974386339381,0.075240128068303,0.2774813233724653,0.4701173959445037,0.992459058763766,0.976823022062465,0.8696531073192786,0.3032294956573182
S0_FULL,4,L2_HIGH,B2_COMMON_NODE_EQUAL_DENSITY,0.5,A2_W0::2020->2021,18,0.4517241379310345,0.4517241379310345,0.0544827586206896,0.3351724137931035,0.4075862068965517,0.9981777473660592,0.9782988097786666,0.8496024539637655,0.2549282704669499
S0_FULL,4,L2_HIGH,B2_COMMON_NODE_EQUAL_DENSITY,0.5,A2_W0::2021->2022,19,0.4729542302357836,0.4729542302357836,0.0194174757281553,0.4604715672676838,0.3675450762829403,0.9916474271931832,0.9799641297753012,0.920355861076684,0.3202255714880616
S0_FULL,4,L2_HIGH,B2_COMMON_NODE_EQUAL_DENSITY,0.5,A2_W0::2022->2023,20,0.4908722109533469,0.4908722109533469,0.0060851926977687,0.8113590263691683,0.1845841784989858,0.9934840821731388,0.9903940264058756,0.9999999999669268,0.4789291974744042
S1_DROP_TOP1,0,L0_STAGE15_MATCHED,B0_REFERENCE,1.0,A2_W0::2002->2003,0,0.7786885245901639,0.1721311475409836,0.0327868852459016,0.9590163934426228,0.040983606557377,0.9674781542404318,0.9545488517347815,0.0,0.9191892331061574
S1_DROP_TOP1,0,L0_STAGE15_MATCHED,B0_REFERENCE,1.0,A2_W0::2003->2004,1,0.5976095617529881,0.3147410358565737,0.0637450199203187,0.9760956175298804,0.0239043824701195,0.8511004638301288,0.8064783420508106,0.0,0.7796730837693487
S1_DROP_TOP1,0,L0_STAGE15_MATCHED,B0_REFERENCE,1.0,A2_W0::2004->2005,2,0.3558052434456928,0.5318352059925093,0.0187265917602996,0.9775280898876404,0.0224719101123595,0.8090251040486538,0.5795400116518385,0.0,0.3580196064822136
S1_DROP_TOP1,0,L0_STAGE15_MATCHED,B0_REFERENCE,1.0,A2_W0::2005->2006,3,0.4725738396624472,0.4936708860759494,0.0084388185654008,0.9662447257383966,0.0337552742616033,0.7055611905614848,0.8660254037334646,0.0,0.8660254036292893
S1_DROP_TOP1,0,L0_STAGE15_MATCHED,B0_REFERENCE,1.0,A2_W0::2006->2007,4,0.8735511064278187,0.0674394099051633,0.0453108535300316,0.9841938883034772,0.0136986301369863,0.6641637518267993,0.999999998815089,0.999999999619458,0.8864052566883923
S1_DROP_TOP1,0,L0_STAGE15_MATCHED,B0_REFERENCE,1.0,A2_W0::2007->2008,5,0.413129973474801,0.383289124668435,0.1412466843501326,0.9774535809018567,0.0205570291777188,0.8590526130993912,0.7794991283372893,0.6502435151204712,0.7547341764527172
S1_DROP_TOP1,0,L0_STAGE15_MATCHED,B0_REFERENCE,1.0,A2_W0::2008->2009,6,0.4276923076923077,0.5206153846153846,0.0116923076923076,0.9766153846153848,0.0215384615384615,0.9108590817453666,0.8495714315996775,0.8165763053006887,0.5970123092622244
S1_DROP_TOP1,0,L0_STAGE15_MATCHED,B0_REFERENCE,1.0,A2_W0::2009->2010,7,0.4255162241887905,0.4469026548672566,0.0309734513274336,0.9778761061946902,0.0162241887905604,0.8458140469625445,0.8480890479486729,0.8479486365385829,0.5800040177287364
S1_DROP_TOP1,0,L0_STAGE15_MATCHED,B0_REFERENCE,1.0,A2_W0::2010->2011,8,0.4181536074476338,0.4243599689681924,0.0457719162141194,0.9728471683475562,0.0209464701318851,0.8450325336394161,0.7590322812313821,0.640285384615629,0.5539448135811061
S1_DROP_TOP1,0,L0_STAGE15_MATCHED,B0_REFERENCE,1.0,A2_W0::2011->2012,9,0.6634920634920635,0.2444444444444444,0.0603174603174603,0.9709750566893424,0.0240362811791383,0.9495521392437282,0.8863052211067716,0.8080854301337955,0.6006874819521236
S1_DROP_TOP1,0,L0_STAGE15_MATCHED,B0_REFERENCE,1.0,A2_W0::2012->2013,10,0.4239280774550484,0.4481327800829875,0.0459889349930843,0.9636929460580912,0.0325034578146611,0.94721587127536,0.87944865682072,0.8261320114796358,0.6950717806404443
S1_DROP_TOP1,0,L0_STAGE15_MATCHED,B0_REFERENCE,1.0,A2_W0::2013->2014,11,0.4952561669829222,0.3241619228336496,0.1110056925996205,0.9576217583807716,0.0373181530676786,0.9274777878260748,0.801677861610086,0.8889782946625617,0.6335798868572227
S1_DROP_TOP1,0,L0_STAGE15_MATCHED,B0_REFERENCE,1.0,A2_W0::2014->2015,12,0.2765741367637102,0.3293838862559242,0.0653351387948544,0.953960731211916,0.0389302640487474,0.7969818813975381,0.7415528881767691,0.8490792954597326,0.4477087645443009
S1_DROP_TOP1,0,L0_STAGE15_MATCHED,B0_REFERENCE,1.0,A2_W0::2015->2016,13,0.4722962173681406,0.3311134789557805,0.0996270644645711,0.949920085242408,0.043953116675546,0.914292507145519,0.8062427026840038,0.8068405989317888,0.5572344093160236
S1_DROP_TOP1,0,L0_STAGE15_MATCHED,B0_REFERENCE,1.0,A2_W0::2016->2017,14,0.41995841995842,0.2656502656502656,0.1349041349041349,0.9350889350889352,0.0582120582120582,0.8588856357108584,0.7405972108590427,0.7782904892291244,0.4647227349888532
S1_DROP_TOP1,0,L0_STAGE15_MATCHED,B0_REFERENCE,1.0,A2_W0::2017->2018,15,0.4593537414965986,0.2244897959183673,0.2430272108843537,0.9217687074829932,0.0700680272108843,0.8627707780107485,0.7695114363581885,0.7611966415596954,0.4605356341778018
S1_DROP_TOP1,0,L0_STAGE15_MATCHED,B0_REFERENCE,1.0,A2_W0::2018->2019,16,0.3622377622377622,0.346013986013986,0.1474125874125874,0.9132867132867132,0.0779020979020979,0.885891072645069,0.7372322377719968,0.668910277513904,0.4775336977856723
S1_DROP_TOP1,0,L0_STAGE15_MATCHED,B0_REFERENCE,1.0,A2_W0::2019->2020,17,0.4818836565096953,0.2037673130193905,0.2,0.8722437673130193,0.1098060941828254,0.8740650094769901,0.7660521651742043,0.7195663042924741,0.4531488240507186
S1_DROP_TOP1,0,L0_STAGE15_MATCHED,B0_REFERENCE,1.0,A2_W0::2020->2021,18,0.1486790664613197,0.4834735220945386,0.2090984480511787,0.8759625636772894,0.1074517237294159,0.8445251635185896,0.7493488608290376,0.6315416206055473,0.4413087409306211
S1_DROP_TOP1,0,L0_STAGE15_MATCHED,B0_REFERENCE,1.0,A2_W0::2021->2022,19,0.0914773911231506,0.6192956866013752,0.1962908939362367,0.899562408835174,0.0927276515940821,0.8682235664921083,0.838911270885105,0.7482883230592833,0.5368974470026431
S1_DROP_TOP1,0,L0_STAGE15_MATCHED,B0_REFERENCE,1.0,A2_W0::2022->2023,20,0.3495906016375934,0.590245639017444,0.0217159131363474,0.9843360626557494,0.0153079387682449,0.945095500542126,0.8862296242146279,0.9100591496725688,0.6675653823992046
S1_DROP_TOP1,0,L0_STAGE15_MATCHED,B2_COMMON_NODE_EQUAL_DENSITY,1.0,A2_W0::2002->2003,0,0.5,0.5,0.0,0.7857142857142857,0.2142857142857142,0.9999999999278918,0.9999999999606348,0.0,0.0
S1_DROP_TOP1,0,L0_STAGE15_MATCHED,B2_COMMON_NODE_EQUAL_DENSITY,1.0,A2_W0::2003->2004,1,0.5,0.5,0.0,0.8888888888888888,0.1111111111111111,0.9999999999358784,0.999999999971632,0.0,0.0
S1_DROP_TOP1,0,L0_STAGE15_MATCHED,B2_COMMON_NODE_EQUAL_DENSITY,1.0,A2_W0::2004->2005,2,0.4705882352941176,0.4705882352941176,0.0,0.8823529411764706,0.1176470588235294,0.9999999999519836,0.7169967888721211,0.0,0.1678356060312386
S1_DROP_TOP1,0,L0_STAGE15_MATCHED,B2_COMMON_NODE_EQUAL_DENSITY,1.0,A2_W0::2005->2006,3,0.5,0.5,0.0,0.8333333333333334,0.1666666666666666,0.7745966692369043,0.8164965810052435,0.0,0.0
S1_DROP_TOP1,0,L0_STAGE15_MATCHED,B2_COMMON_NODE_EQUAL_DENSITY,1.0,A2_W0::2006->2007,4,0.5,0.5,0.0,0.8269230769230769,0.1538461538461538,0.6988362417977977,0.9354143465211004,0.9999999999027132,0.0
S1_DROP_TOP1,0,L0_STAGE15_MATCHED,B2_COMMON_NODE_EQUAL_DENSITY,1.0,A2_W0::2007->2008,5,0.4519230769230769,0.4519230769230769,0.0576923076923076,0.8942307692307693,0.0913461538461538,0.9577502602529404,0.9654664263413588,0.8666344664197979,0.3590726526375559
S1_DROP_TOP1,0,L0_STAGE15_MATCHED,B2_COMMON_NODE_EQUAL_DENSITY,1.0,A2_W0::2008->2009,6,0.4861111111111111,0.4861111111111111,0.0092592592592592,0.9305555555555556,0.0601851851851851,0.9940360939820344,0.9042020362967697,0.9999999997043464,0.4542789667165078
S1_DROP_TOP1,0,L0_STAGE15_MATCHED,B2_COMMON_NODE_EQUAL_DENSITY,1.0,A2_W0::2009->2010,7,0.4473684210526316,0.4473684210526316,0.0473684210526315,0.8842105263157894,0.0736842105263157,0.9581277744697428,0.9240752706621224,0.8677485671948779,0.3319786121885255
S1_DROP_TOP1,0,L0_STAGE15_MATCHED,B2_COMMON_NODE_EQUAL_DENSITY,1.0,A2_W0::2010->2011,8,0.418848167539267,0.418848167539267,0.0575916230366492,0.8691099476439791,0.0890052356020942,0.9370017690591702,0.8878062951783141,0.6504585006385969,0.2855427661993534
S1_DROP_TOP1,0,L0_STAGE15_MATCHED,B2_COMMON_NODE_EQUAL_DENSITY,1.0,A2_W0::2011->2012,9,0.4382978723404255,0.4382978723404255,0.051063829787234,0.8382978723404255,0.1276595744680851,0.9540909408631132,0.9027891180843944,0.8283526039358154,0.335653058085083
S1_DROP_TOP1,0,L0_STAGE15_MATCHED,B2_COMMON_NODE_EQUAL_DENSITY,1.0,A2_W0::2012->2013,10,0.4428571428571428,0.4428571428571428,0.0428571428571428,0.8428571428571429,0.1404761904761904,0.953798726904591,0.9142544474570892,0.776558326643482,0.2731850185848189
S1_DROP_TOP1,0,L0_STAGE15_MATCHED,B2_COMMON_NODE_EQUAL_DENSITY,1.0,A2_W0::2013->2014,11,0.4442148760330578,0.4442148760330578,0.0351239669421487,0.7665289256198347,0.2024793388429752,0.965545073461968,0.8895396851333122,0.9320859206438764,0.3456652321005876
S1_DROP_TOP1,0,L0_STAGE15_MATCHED,B2_COMMON_NODE_EQUAL_DENSITY,1.0,A2_W0::2014->2015,12,0.4436519258202567,0.4436519258202567,0.0385164051355206,0.8359486447931527,0.1355206847360913,0.9671415435857532,0.84043281443537,0.8900547595251962,0.338792081102962
S1_DROP_TOP1,0,L0_STAGE15_MATCHED,B2_COMMON_NODE_EQUAL_DENSITY,1.0,A2_W0::2015->2016,13,0.4641025641025641,0.4641025641025641,0.0538461538461538,0.8243589743589743,0.1525641025641025,0.9753484753796684,0.9396251054932482,0.8896536116450308,0.3535569013983389
S1_DROP_TOP1,0,L0_STAGE15_MATCHED,B2_COMMON_NODE_EQUAL_DENSITY,1.0,A2_W0::2016->2017,14,0.4317757009345794,0.4317757009345794,0.0766355140186915,0.797196261682243,0.1813084112149532,0.9585923138891774,0.8387896665316417,0.7911218321421705,0.2708225412689498
S1_DROP_TOP1,0,L0_STAGE15_MATCHED,B2_COMMON_NODE_EQUAL_DENSITY,1.0,A2_W0::2017->2018,15,0.4312688821752266,0.4312688821752266,0.1163141993957704,0.7371601208459214,0.229607250755287,0.9679801343025026,0.875373280594945,0.7706842915289023,0.4165564234932616
S1_DROP_TOP1,0,L0_STAGE15_MATCHED,B2_COMMON_NODE_EQUAL_DENSITY,1.0,A2_W0::2018->2019,16,0.4243759177679883,0.4243759177679883,0.1218795888399412,0.6718061674008811,0.2870778267254038,0.9713749023531438,0.847256161571982,0.7024998121312753,0.2758813665544861
S1_DROP_TOP1,0,L0_STAGE15_MATCHED,B2_COMMON_NODE_EQUAL_DENSITY,1.0,A2_W0::2019->2020,17,0.4422196796338672,0.4422196796338672,0.0909610983981693,0.5520594965675057,0.3718535469107552,0.982919877024944,0.9233549712982808,0.7737029475754127,0.3155437439134685
S1_DROP_TOP1,0,L0_STAGE15_MATCHED,B2_COMMON_NODE_EQUAL_DENSITY,1.0,A2_W0::2020->2021,18,0.4364406779661017,0.4364406779661017,0.0671912832929782,0.5550847457627118,0.3746973365617433,0.9884819131125426,0.9047359379755534,0.7003828770003111,0.2893370582946181
S1_DROP_TOP1,0,L0_STAGE15_MATCHED,B2_COMMON_NODE_EQUAL_DENSITY,1.0,A2_W0::2021->2022,19,0.4623513870541612,0.4623513870541612,0.0303830911492734,0.6155878467635403,0.3434610303830911,0.9838585458227108,0.941544929104705,0.8680783374190619,0.2940856025869781
S1_DROP_TOP1,0,L0_STAGE15_MATCHED,B2_COMMON_NODE_EQUAL_DENSITY,1.0,A2_W0::2022->2023,20,0.4613003095975232,0.4613003095975232,0.0061919504643962,0.8947368421052632,0.1021671826625387,0.9717629649512116,0.938159383703726,0.999999999971006,0.4451580492260136
S1_DROP_TOP1,0,L0_STAGE15_MATCHED,B2_COMMON_NODE_EQUAL_DENSITY,0.75,A2_W0::2002->2003,0,0.5,0.5,0.0,0.7,0.3,0.9999999999591928,0.9999999999606348,0.0,0.0
S1_DROP_TOP1,0,L0_STAGE15_MATCHED,B2_COMMON_NODE_EQUAL_DENSITY,0.75,A2_W0::2003->2004,1,0.5,0.5,0.0,0.8571428571428571,0.1428571428571428,0.9999999999435392,0.999999999971632,0.0,0.0
S1_DROP_TOP1,0,L0_STAGE15_MATCHED,B2_COMMON_NODE_EQUAL_DENSITY,0.75,A2_W0::2004->2005,2,0.4615384615384615,0.4615384615384615,0.0,0.8461538461538461,0.1538461538461538,0.9999999999582376,0.7169967888721211,0.0,0.1678356060312386
S1_DROP_TOP1,0,L0_STAGE15_MATCHED,B2_COMMON_NODE_EQUAL_DENSITY,0.75,A2_W0::2005->2006,3,0.5,0.5,0.0,0.75,0.25,0.8164965809495505,0.8164965810052435,0.0,0.0
S1_DROP_TOP1,0,L0_STAGE15_MATCHED,B2_COMMON_NODE_EQUAL_DENSITY,0.75,A2_W0::2006->2007,4,0.5,0.5,0.0,0.8157894736842105,0.1578947368421052,0.7184212080140947,0.9128709290817176,0.9999999999027132,0.0
S1_DROP_TOP1,0,L0_STAGE15_MATCHED,B2_COMMON_NODE_EQUAL_DENSITY,0.75,A2_W0::2007->2008,5,0.4585987261146497,0.4585987261146497,0.0445859872611464,0.8726114649681529,0.10828025477707,0.9608123302226744,0.9883196644325986,0.8666344664197979,0.3200143782962001
S1_DROP_TOP1,0,L0_STAGE15_MATCHED,B2_COMMON_NODE_EQUAL_DENSITY,0.75,A2_W0::2008->2009,6,0.4907975460122699,0.4907975460122699,0.0,0.9202453987730062,0.0736196319018405,0.9940583509879828,0.9623569212131486,0.9999999997056682,0.3348487062133699
S1_DROP_TOP1,0,L0_STAGE15_MATCHED,B2_COMMON_NODE_EQUAL_DENSITY,0.75,A2_W0::2009->2010,7,0.4513888888888889,0.4513888888888889,0.0208333333333333,0.8680555555555556,0.0902777777777777,0.9576935651340625,0.9400473034030038,0.9150409247117004,0.2877096906188937
S1_DROP_TOP1,0,L0_STAGE15_MATCHED,B2_COMMON_NODE_EQUAL_DENSITY,0.75,A2_W0::2010->2011,8,0.4154929577464789,0.4154929577464789,0.056338028169014,0.8380281690140845,0.1056338028169014,0.9332270847047404,0.8717568584604952,0.7094659728616506,0.2106298386144096
S1_DROP_TOP1,0,L0_STAGE15_MATCHED,B2_COMMON_NODE_EQUAL_DENSITY,0.75,A2_W0::2011->2012,9,0.4619565217391304,0.4619565217391304,0.0271739130434782,0.8152173913043478,0.1467391304347826,0.9765770862650558,0.946156062038895,0.8008338772591067,0.3500479683657552
S1_DROP_TOP1,0,L0_STAGE15_MATCHED,B2_COMMON_NODE_EQUAL_DENSITY,0.75,A2_W0::2012->2013,10,0.4565217391304347,0.4565217391304347,0.031055900621118,0.8322981366459627,0.1490683229813664,0.9630812325998708,0.9372851939898684,0.8318254894292829,0.1789448368508912
S1_DROP_TOP1,0,L0_STAGE15_MATCHED,B2_COMMON_NODE_EQUAL_DENSITY,0.75,A2_W0::2013->2014,11,0.4555256064690027,0.4555256064690027,0.0377358490566037,0.7196765498652291,0.2425876010781671,0.9829546746763984,0.8892844470642638,0.9270445532786936,0.3105004995611058
S1_DROP_TOP1,0,L0_STAGE15_MATCHED,B2_COMMON_NODE_EQUAL_DENSITY,0.75,A2_W0::2014->2015,12,0.4613970588235294,0.4613970588235294,0.0477941176470588,0.7977941176470589,0.1672794117647058,0.9802023549523876,0.9049541081904884,0.8838894162032546,0.3219514705870531
S1_DROP_TOP1,0,L0_STAGE15_MATCHED,B2_COMMON_NODE_EQUAL_DENSITY,0.75,A2_W0::2015->2016,13,0.4641638225255973,0.4641638225255973,0.0511945392491467,0.7935153583617748,0.1757679180887372,0.9749030191281414,0.9493314875440791,0.8896536116450308,0.3459326443989102
S1_DROP_TOP1,0,L0_STAGE15_MATCHED,B2_COMMON_NODE_EQUAL_DENSITY,0.75,A2_W0::2016->2017,14,0.4292866082603254,0.4292866082603254,0.0801001251564455,0.7509386733416771,0.2215269086357947,0.9592875140022276,0.8509693016869825,0.780299951860234,0.2611910580202592
S1_DROP_TOP1,0,L0_STAGE15_MATCHED,B2_COMMON_NODE_EQUAL_DENSITY,0.75,A2_W0::2017->2018,15,0.43158953722334,0.43158953722334,0.1187122736418511,0.6891348088531187,0.2706237424547283,0.9696913659430592,0.8880609786177788,0.7874488426711663,0.4117476956462131
S1_DROP_TOP1,0,L0_STAGE15_MATCHED,B2_COMMON_NODE_EQUAL_DENSITY,0.75,A2_W0::2018->2019,16,0.4468485418626529,0.4468485418626529,0.0856067732831608,0.6444026340545626,0.3123236124176858,0.9886271779023438,0.8925835142445,0.7000260950648387,0.2408628076081623
S1_DROP_TOP1,0,L0_STAGE15_MATCHED,B2_COMMON_NODE_EQUAL_DENSITY,0.75,A2_W0::2019->2020,17,0.4556962025316455,0.4556962025316455,0.0744601638123603,0.5152643335815339,0.3931496649292628,0.9852179724361508,0.9525540240077104,0.8246321702684869,0.2959213446087391
S1_DROP_TOP1,0,L0_STAGE15_MATCHED,B2_COMMON_NODE_EQUAL_DENSITY,0.75,A2_W0::2020->2021,18,0.4495268138801261,0.4495268138801261,0.0552050473186119,0.5070977917981072,0.4053627760252365,0.9957725427993142,0.9365097623552764,0.7346746683319608,0.2545040974171991
S1_DROP_TOP1,0,L0_STAGE15_MATCHED,B2_COMMON_NODE_EQUAL_DENSITY,0.75,A2_W0::2021->2022,19,0.4704861111111111,0.4704861111111111,0.0260416666666666,0.5729166666666666,0.3802083333333333,0.9884814253697892,0.9608768729365614,0.8629092713594311,0.2841569291721169
S1_DROP_TOP1,0,L0_STAGE15_MATCHED,B2_COMMON_NODE_EQUAL_DENSITY,0.75,A2_W0::2022->2023,20,0.4672131147540984,0.4672131147540984,0.0081967213114754,0.860655737704918,0.1352459016393442,0.9750053979709158,0.96062967063589,0.999999999971006,0.4391874284053821
S1_DROP_TOP1,0,L0_STAGE15_MATCHED,B2_COMMON_NODE_EQUAL_DENSITY,0.5,A2_W0::2002->2003,0,0.5,0.5,0.0,0.6666666666666666,0.3333333333333333,0.9999999999643208,0.9999999999624692,0.0,0.0
S1_DROP_TOP1,0,L0_STAGE15_MATCHED,B2_COMMON_NODE_EQUAL_DENSITY,0.5,A2_W0::2003->2004,1,0.5,0.5,0.0,0.75,0.25,0.9999999999701354,0.999999999971632,0.0,0.0
S1_DROP_TOP1,0,L0_STAGE15_MATCHED,B2_COMMON_NODE_EQUAL_DENSITY,0.5,A2_W0::2004->2005,2,0.5,0.5,0.0,1.0,0.0,0.9999999999645568,0.0,0.0,0.0
S1_DROP_TOP1,0,L0_STAGE15_MATCHED,B2_COMMON_NODE_EQUAL_DENSITY,0.5,A2_W0::2005->2006,3,0.5,0.5,0.0,0.75,0.25,0.9128709291630126,0.7071067813724328,0.0,0.0
S1_DROP_TOP1,0,L0_STAGE15_MATCHED,B2_COMMON_NODE_EQUAL_DENSITY,0.5,A2_W0::2006->2007,4,0.5,0.5,0.0,0.7692307692307693,0.1923076923076923,0.7416198486534388,0.8944271909512664,0.9999999999027132,0.0
S1_DROP_TOP1,0,L0_STAGE15_MATCHED,B2_COMMON_NODE_EQUAL_DENSITY,0.5,A2_W0::2007->2008,5,0.495575221238938,0.495575221238938,0.0,0.8761061946902655,0.1150442477876106,0.9999999997742112,0.9999999998369006,0.5031559373008473,0.5031559373008473
S1_DROP_TOP1,0,L0_STAGE15_MATCHED,B2_COMMON_NODE_EQUAL_DENSITY,0.5,A2_W0::2008->2009,6,0.4907407407407407,0.4907407407407407,0.0,0.8981481481481481,0.0925925925925925,0.9949930961990684,0.9546502043615304,0.9999999997056682,0.2689447213555537
S1_DROP_TOP1,0,L0_STAGE15_MATCHED,B2_COMMON_NODE_EQUAL_DENSITY,0.5,A2_W0::2009->2010,7,0.4747474747474747,0.4747474747474747,0.0101010101010101,0.8585858585858586,0.101010101010101,0.982783691608614,0.9548095210204908,0.8694537602076209,0.2185558463821772
S1_DROP_TOP1,0,L0_STAGE15_MATCHED,B2_COMMON_NODE_EQUAL_DENSITY,0.5,A2_W0::2010->2011,8,0.4148936170212766,0.4148936170212766,0.0425531914893617,0.8297872340425532,0.0957446808510638,0.9225784819412696,0.8403267878441464,0.9258374223338828,0.2158339729578703
S1_DROP_TOP1,0,L0_STAGE15_MATCHED,B2_COMMON_NODE_EQUAL_DENSITY,0.5,A2_W0::2011->2012,9,0.4590163934426229,0.4590163934426229,0.040983606557377,0.7786885245901639,0.1721311475409836,0.9759006421417488,0.9534471371195682,0.7625990966811959,0.3249508674835443
S1_DROP_TOP1,0,L0_STAGE15_MATCHED,B2_COMMON_NODE_EQUAL_DENSITY,0.5,A2_W0::2012->2013,10,0.4608294930875576,0.4608294930875576,0.0276497695852534,0.8064516129032258,0.1751152073732718,0.9663257323248484,0.9598935536589316,0.733416980723686,0.1842448394585897
S1_DROP_TOP1,0,L0_STAGE15_MATCHED,B2_COMMON_NODE_EQUAL_DENSITY,0.5,A2_W0::2013->2014,11,0.4703557312252964,0.4703557312252964,0.0355731225296442,0.6758893280632411,0.2766798418972332,0.9883211991297784,0.9303108414852642,0.9575189550538612,0.2024454823974071
S1_DROP_TOP1,0,L0_STAGE15_MATCHED,B2_COMMON_NODE_EQUAL_DENSITY,0.5,A2_W0::2014->2015,12,0.4491525423728814,0.4491525423728814,0.059322033898305,0.692090395480226,0.2542372881355932,0.9756947679637464,0.903841900835252,0.8838894162032546,0.3163522485484695
S1_DROP_TOP1,0,L0_STAGE15_MATCHED,B2_COMMON_NODE_EQUAL_DENSITY,0.5,A2_W0::2015->2016,13,0.4571428571428571,0.4571428571428571,0.0649350649350649,0.7220779220779221,0.2311688311688311,0.965669346120037,0.9619542765505223,0.8896536116450308,0.3412630899420823
S1_DROP_TOP1,0,L0_STAGE15_MATCHED,B2_COMMON_NODE_EQUAL_DENSITY,0.5,A2_W0::2016->2017,14,0.4242424242424242,0.4242424242424242,0.0833333333333333,0.6609848484848485,0.2992424242424242,0.9551709636682092,0.8795880443418028,0.7682725312720011,0.2511589319245642
S1_DROP_TOP1,0,L0_STAGE15_MATCHED,B2_COMMON_NODE_EQUAL_DENSITY,0.5,A2_W0::2017->2018,15,0.4404761904761904,0.4404761904761904,0.0997023809523809,0.6130952380952381,0.3333333333333333,0.97584923759866,0.920163021453444,0.7857740508217146,0.3909722298596947
S1_DROP_TOP1,0,L0_STAGE15_MATCHED,B2_COMMON_NODE_EQUAL_DENSITY,0.5,A2_W0::2018->2019,16,0.449438202247191,0.449438202247191,0.0786516853932584,0.5800561797752809,0.3609550561797753,0.9928447765979088,0.9116897017249396,0.73638209504409,0.2204340967409032
S1_DROP_TOP1,0,L0_STAGE15_MATCHED,B2_COMMON_NODE_EQUAL_DENSITY,0.5,A2_W0::2019->2020,17,0.4624724061810154,0.4624724061810154,0.0640176600441501,0.4701986754966887,0.4150110375275938,0.9897140148866082,0.9576330266598188,0.8864548286116516,0.2925491024940793
S1_DROP_TOP1,0,L0_STAGE15_MATCHED,B2_COMMON_NODE_EQUAL_DENSITY,0.5,A2_W0::2020->2021,18,0.4642857142857143,0.4642857142857143,0.0437788018433179,0.4746543778801843,0.4205069124423963,0.9976090005216334,0.9640454874487392,0.8085737829361138,0.2106922264721554
S1_DROP_TOP1,0,L0_STAGE15_MATCHED,B2_COMMON_NODE_EQUAL_DENSITY,0.5,A2_W0::2021->2022,19,0.4821428571428571,0.4821428571428571,0.0127551020408163,0.5586734693877551,0.3801020408163265,0.9980152321421852,0.9704885658550716,0.916528129336314,0.211705040801639
S1_DROP_TOP1,0,L0_STAGE15_MATCHED,B2_COMMON_NODE_EQUAL_DENSITY,0.5,A2_W0::2022->2023,20,0.4695121951219512,0.4695121951219512,0.0060975609756097,0.8536585365853658,0.1402439024390244,0.9770008123396904,0.9582152821633168,0.999999999971006,0.4186098874655686
S1_DROP_TOP1,0,L1_EXTENDED,B0_REFERENCE,1.0,A2_W0::2002->2003,0,0.8009049773755657,0.1809954751131221,0.0090497737556561,0.9773755656108596,0.0226244343891402,0.7120892256139613,0.9519554716123722,0.0,0.8744201430679979
S1_DROP_TOP1,0,L1_EXTENDED,B0_REFERENCE,1.0,A2_W0::2003->2004,1,0.3489208633093525,0.5323741007194245,0.0863309352517985,0.9784172661870504,0.0215827338129496,0.8092558485683435,0.7639795388505831,0.0,0.7514316710680965
S1_DROP_TOP1,0,L1_EXTENDED,B0_REFERENCE,1.0,A2_W0::2004->2005,2,0.4861660079051383,0.3675889328063241,0.0237154150197628,0.9723320158102768,0.0276679841897233,0.8355255959299737,0.5129220593820142,0.0,0.3881684549765113
S1_DROP_TOP1,0,L1_EXTENDED,B0_REFERENCE,1.0,A2_W0::2005->2006,3,0.0643274853801169,0.8362573099415205,0.0409356725146198,0.9473684210526316,0.0526315789473684,0.842541718071778,0.8164966036998786,0.0,0.5940885265459452
S1_DROP_TOP1,0,L1_EXTENDED,B0_REFERENCE,1.0,A2_W0::2006->2007,4,0.9628647214854112,0.0185676392572944,0.0092838196286472,0.9774535809018567,0.019893899204244,0.7476784508818892,0.9660917919546156,0.9999999996409812,0.7071067960251062
S1_DROP_TOP1,0,L1_EXTENDED,B0_REFERENCE,1.0,A2_W0::2007->2008,5,0.5451751690227412,0.3435771358328211,0.0467117393976644,0.979717271051014,0.018438844499078,0.8253101820948847,0.783077371263612,0.661462487129423,0.5433735303958768
S1_DROP_TOP1,0,L1_EXTENDED,B0_REFERENCE,1.0,A2_W0::2008->2009,6,0.3427692307692307,0.571076923076923,0.0455384615384615,0.9753846153846154,0.0227692307692307,0.911125010355394,0.8576049325098609,0.8171967977265492,0.4781082280537133
S1_DROP_TOP1,0,L1_EXTENDED,B0_REFERENCE,1.0,A2_W0::2009->2010,7,0.4575875486381323,0.3712062256809338,0.0287937743190661,0.9758754863813228,0.0178988326848249,0.8674971025438752,0.8778666662733369,0.846742358201836,0.5052450485152028
S1_DROP_TOP1,0,L1_EXTENDED,B0_REFERENCE,1.0,A2_W0::2010->2011,8,0.3525641025641026,0.4407051282051282,0.0352564102564102,0.9719551282051282,0.0216346153846153,0.8590661187343901,0.8027246772823698,0.6397370850135514,0.5277547306330213
S1_DROP_TOP1,0,L1_EXTENDED,B0_REFERENCE,1.0,A2_W0::2011->2012,9,0.6798165137614679,0.210091743119266,0.0573394495412844,0.9706422018348624,0.0243119266055045,0.9549514936392725,0.8885484272208152,0.807550314117169,0.6603876865003719
S1_DROP_TOP1,0,L1_EXTENDED,B0_REFERENCE,1.0,A2_W0::2012->2013,10,0.3987430167597765,0.486731843575419,0.0590083798882681,0.9629888268156424,0.0331703910614525,0.951833410805329,0.8794493516990701,0.8204663153336331,0.5910730701270798
S1_DROP_TOP1,0,L1_EXTENDED,B0_REFERENCE,1.0,A2_W0::2013->2014,11,0.5264175257731959,0.3099226804123711,0.0834407216494845,0.9568298969072164,0.0380154639175257,0.9363583603630686,0.8021818964888348,0.9206614420640435,0.5333232801164118
S1_DROP_TOP1,0,L1_EXTENDED,B0_REFERENCE,1.0,A2_W0::2014->2015,12,0.2577962577962578,0.3537768537768537,0.0568260568260568,0.9525294525294524,0.0401940401940401,0.8070428650036986,0.7401093281265909,0.8559508324195054,0.4363089896718883
S1_DROP_TOP1,0,L1_EXTENDED,B0_REFERENCE,1.0,A2_W0::2015->2016,13,0.4954004329004329,0.3054653679653679,0.0887445887445887,0.948051948051948,0.0457251082251082,0.9213034996830316,0.8111547864791399,0.8092251278507883,0.5821792228814214
S1_DROP_TOP1,0,L1_EXTENDED,B0_REFERENCE,1.0,A2_W0::2016->2017,14,0.4245684824030486,0.2595830531271015,0.1221699170589553,0.9365613091235148,0.0567137413136068,0.8452635319335245,0.7455221526021205,0.775160073776272,0.4967616437187247
S1_DROP_TOP1,0,L1_EXTENDED,B0_REFERENCE,1.0,A2_W0::2017->2018,15,0.4438457652803502,0.2229331537295841,0.2547566930459673,0.9227142616602122,0.0692035696245159,0.8583873668623876,0.7666181110623849,0.7648662318845335,0.4728341615632552
S1_DROP_TOP1,0,L1_EXTENDED,B0_REFERENCE,1.0,A2_W0::2018->2019,16,0.3564356435643564,0.3550411379166086,0.1492121043090224,0.9131222981453077,0.0780923162738809,0.8863333615837724,0.7431859339578447,0.6589893097336389,0.479992939506602
S1_DROP_TOP1,0,L1_EXTENDED,B0_REFERENCE,1.0,A2_W0::2019->2020,17,0.4840473003123605,0.1980142793395805,0.2068273092369477,0.8715975011155734,0.110441767068273,0.876845347174027,0.7669569017701616,0.7181281551557208,0.4532360728818864
S1_DROP_TOP1,0,L1_EXTENDED,B0_REFERENCE,1.0,A2_W0::2020->2021,18,0.1442685394595881,0.4836329008451375,0.2168789429829782,0.8756100464230449,0.1078443042494941,0.8470408537025073,0.7475386277885923,0.630095249695457,0.449012912955826
S1_DROP_TOP1,0,L1_EXTENDED,B0_REFERENCE,1.0,A2_W0::2021->2022,19,0.0791763956697091,0.6576098492888983,0.1995330078539588,0.8983230736573976,0.0936106983655274,0.8772954430581031,0.8389552025711591,0.7196740894665398,0.4518998769760081
S1_DROP_TOP1,0,L1_EXTENDED,B0_REFERENCE,1.0,A2_W0::2022->2023,20,0.4322421682506159,0.4702569517775431,0.0154875043998592,0.9841605068637804,0.0154875043998592,0.9389220624566356,0.8876723664525193,0.9044693699945304,0.8114058131421404
S1_DROP_TOP1,0,L1_EXTENDED,B2_COMMON_NODE_EQUAL_DENSITY,1.0,A2_W0::2002->2003,0,0.5,0.5,0.0,0.7857142857142857,0.2142857142857142,0.9999999999238844,0.9999999999581564,0.0,0.0
S1_DROP_TOP1,0,L1_EXTENDED,B2_COMMON_NODE_EQUAL_DENSITY,1.0,A2_W0::2003->2004,1,0.5,0.5,0.0,0.8333333333333334,0.1666666666666666,0.9999999999330847,0.999999999963252,0.0,0.0
S1_DROP_TOP1,0,L1_EXTENDED,B2_COMMON_NODE_EQUAL_DENSITY,1.0,A2_W0::2004->2005,2,0.4705882352941176,0.4705882352941176,0.0,0.8235294117647058,0.1764705882352941,0.9999999999532508,0.8212503137284154,0.0,0.1528274638438915
S1_DROP_TOP1,0,L1_EXTENDED,B2_COMMON_NODE_EQUAL_DENSITY,1.0,A2_W0::2005->2006,3,0.4375,0.4375,0.0,0.6875,0.3125,0.852802865570106,0.7745967132730529,0.0,0.9999999999426208
S1_DROP_TOP1,0,L1_EXTENDED,B2_COMMON_NODE_EQUAL_DENSITY,1.0,A2_W0::2006->2007,4,0.48,0.48,0.04,0.76,0.22,0.7433919514143399,0.7977240546044237,0.9999999998970202,0.999999999838716
S1_DROP_TOP1,0,L1_EXTENDED,B2_COMMON_NODE_EQUAL_DENSITY,1.0,A2_W0::2007->2008,5,0.4356435643564356,0.4356435643564356,0.0742574257425742,0.8960396039603961,0.0891089108910891,0.944410153790088,0.9507318065101868,0.661462487129423,0.3407256360806531
S1_DROP_TOP1,0,L1_EXTENDED,B2_COMMON_NODE_EQUAL_DENSITY,1.0,A2_W0::2008->2009,6,0.488479262672811,0.488479262672811,0.0046082949308755,0.9262672811059908,0.0599078341013824,0.9953720774521708,0.9050896655971936,0.9999999996406446,0.3983252763324681
S1_DROP_TOP1,0,L1_EXTENDED,B2_COMMON_NODE_EQUAL_DENSITY,1.0,A2_W0::2009->2010,7,0.450261780104712,0.450261780104712,0.031413612565445,0.8848167539267016,0.0732984293193717,0.9615170476807772,0.9246430265443932,0.8684229833514542,0.3438033900398907
S1_DROP_TOP1,0,L1_EXTENDED,B2_COMMON_NODE_EQUAL_DENSITY,1.0,A2_W0::2010->2011,8,0.4307692307692308,0.4307692307692308,0.0358974358974358,0.882051282051282,0.0769230769230769,0.9508366828895805,0.8734814205851681,0.6475029297319694,0.2920030255950676
S1_DROP_TOP1,0,L1_EXTENDED,B2_COMMON_NODE_EQUAL_DENSITY,1.0,A2_W0::2011->2012,9,0.4406779661016949,0.4406779661016949,0.0466101694915254,0.8432203389830508,0.1228813559322034,0.9541561379834682,0.9186910923397332,0.8236183816174353,0.3313908783080732
S1_DROP_TOP1,0,L1_EXTENDED,B2_COMMON_NODE_EQUAL_DENSITY,1.0,A2_W0::2012->2013,10,0.4454976303317535,0.4454976303317535,0.0331753554502369,0.8388625592417062,0.1445497630331753,0.9558863705590176,0.914452488568275,0.7708245758472255,0.2388949745679749
S1_DROP_TOP1,0,L1_EXTENDED,B2_COMMON_NODE_EQUAL_DENSITY,1.0,A2_W0::2013->2014,11,0.4498977505112474,0.4498977505112474,0.0306748466257668,0.7627811860940695,0.2044989775051124,0.9725120756115526,0.8928553534898298,0.935539095142219,0.3641777143116613
S1_DROP_TOP1,0,L1_EXTENDED,B2_COMMON_NODE_EQUAL_DENSITY,1.0,A2_W0::2014->2015,12,0.4436519258202567,0.4436519258202567,0.042796005706134,0.8345221112696148,0.1369472182596291,0.9681868015358454,0.8408255514163797,0.8627637621330185,0.3399304064176522
S1_DROP_TOP1,0,L1_EXTENDED,B2_COMMON_NODE_EQUAL_DENSITY,1.0,A2_W0::2015->2016,13,0.4647887323943662,0.4647887323943662,0.0512163892445582,0.8169014084507042,0.1600512163892445,0.9759618452674966,0.9460301580564632,0.8704737374963563,0.3619805825727071
S1_DROP_TOP1,0,L1_EXTENDED,B2_COMMON_NODE_EQUAL_DENSITY,1.0,A2_W0::2016->2017,14,0.4301780693533271,0.4301780693533271,0.0740393626991565,0.7966260543580131,0.1818181818181818,0.9571705245872014,0.8358734242884949,0.76305844063664,0.2549616420684665
S1_DROP_TOP1,0,L1_EXTENDED,B2_COMMON_NODE_EQUAL_DENSITY,1.0,A2_W0::2017->2018,15,0.4334085778781038,0.4334085778781038,0.1136192626034612,0.7336343115124153,0.2340105342362678,0.9701200693897128,0.877774820384114,0.7676856027731943,0.4155743611976541
S1_DROP_TOP1,0,L1_EXTENDED,B2_COMMON_NODE_EQUAL_DENSITY,1.0,A2_W0::2018->2019,16,0.4247982391782832,0.4247982391782832,0.1225238444607483,0.6749816581071166,0.2853998532648569,0.9701636922523638,0.8506285355109862,0.712542420713732,0.2863154422943392
S1_DROP_TOP1,0,L1_EXTENDED,B2_COMMON_NODE_EQUAL_DENSITY,1.0,A2_W0::2019->2020,17,0.4457077885162024,0.4457077885162024,0.0864127345082433,0.5554292211483798,0.3678226264923251,0.9835992997656988,0.9292616087065644,0.7795544977823204,0.3066291190058649
S1_DROP_TOP1,0,L1_EXTENDED,B2_COMMON_NODE_EQUAL_DENSITY,1.0,A2_W0::2020->2021,18,0.4381412190706095,0.4381412190706095,0.0669885334942667,0.5552202776101388,0.3729631864815932,0.988820607109058,0.9060412254985633,0.7199596676080857,0.2841366971418468
S1_DROP_TOP1,0,L1_EXTENDED,B2_COMMON_NODE_EQUAL_DENSITY,1.0,A2_W0::2021->2022,19,0.4573333333333333,0.4573333333333333,0.0346666666666666,0.6093333333333333,0.3506666666666667,0.9827916503751374,0.9317956406930712,0.8621923938016781,0.30761456228436
S1_DROP_TOP1,0,L1_EXTENDED,B2_COMMON_NODE_EQUAL_DENSITY,1.0,A2_W0::2022->2023,20,0.4646153846153846,0.4646153846153846,0.0061538461538461,0.8984615384615384,0.0984615384615384,0.97316674713537,0.970352830395466,0.9999999999700364,0.496524222284344
S1_DROP_TOP1,0,L1_EXTENDED,B2_COMMON_NODE_EQUAL_DENSITY,0.75,A2_W0::2002->2003,0,0.5,0.5,0.0,0.8,0.2,0.999999999954131,0.9999999999708344,0.0,0.0
S1_DROP_TOP1,0,L1_EXTENDED,B2_COMMON_NODE_EQUAL_DENSITY,0.75,A2_W0::2003->2004,1,0.5,0.5,0.0,0.8571428571428571,0.1428571428571428,0.999999999941487,0.9999999999708344,0.0,0.0
S1_DROP_TOP1,0,L1_EXTENDED,B2_COMMON_NODE_EQUAL_DENSITY,0.75,A2_W0::2004->2005,2,0.4615384615384615,0.4615384615384615,0.0,0.8461538461538461,0.1538461538461538,0.9999999999576388,0.715316794702913,0.0,0.1528274638438915
S1_DROP_TOP1,0,L1_EXTENDED,B2_COMMON_NODE_EQUAL_DENSITY,0.75,A2_W0::2005->2006,3,0.4545454545454545,0.4545454545454545,0.0,0.6363636363636364,0.3636363636363636,0.9258200998079914,0.7071068415095276,0.0,0.9999999999711754
S1_DROP_TOP1,0,L1_EXTENDED,B2_COMMON_NODE_EQUAL_DENSITY,0.75,A2_W0::2006->2007,4,0.4864864864864865,0.4864864864864865,0.027027027027027,0.7027027027027027,0.2702702702702703,0.7595545393638735,0.7745966912564888,0.9999999998970202,0.9999999998970202
S1_DROP_TOP1,0,L1_EXTENDED,B2_COMMON_NODE_EQUAL_DENSITY,0.75,A2_W0::2007->2008,5,0.4407894736842105,0.4407894736842105,0.0789473684210526,0.868421052631579,0.1118421052631579,0.9466822564843916,0.9477539213787348,0.8733658504668024,0.321256572438869
S1_DROP_TOP1,0,L1_EXTENDED,B2_COMMON_NODE_EQUAL_DENSITY,0.75,A2_W0::2008->2009,6,0.4907975460122699,0.4907975460122699,0.0,0.9263803680981596,0.0674846625766871,0.9938349034831878,0.9590704579157948,0.9999999996582212,0.2954419106109299
S1_DROP_TOP1,0,L1_EXTENDED,B2_COMMON_NODE_EQUAL_DENSITY,0.75,A2_W0::2009->2010,7,0.4625850340136054,0.4625850340136054,0.0136054421768707,0.8707482993197279,0.0884353741496598,0.9664675248549308,0.965392193131116,0.9159027589077726,0.2538158539350919
S1_DROP_TOP1,0,L1_EXTENDED,B2_COMMON_NODE_EQUAL_DENSITY,0.75,A2_W0::2010->2011,8,0.4195804195804196,0.4195804195804196,0.0489510489510489,0.8461538461538461,0.0979020979020979,0.9381324995078216,0.8637355284110161,0.7078238170194,0.2025775608914155
S1_DROP_TOP1,0,L1_EXTENDED,B2_COMMON_NODE_EQUAL_DENSITY,0.75,A2_W0::2011->2012,9,0.4619565217391304,0.4619565217391304,0.0217391304347826,0.8206521739130435,0.1413043478260869,0.9749733947498774,0.9451121107202562,0.7952338299005726,0.2912385660328289
S1_DROP_TOP1,0,L1_EXTENDED,B2_COMMON_NODE_EQUAL_DENSITY,0.75,A2_W0::2012->2013,10,0.454828660436137,0.454828660436137,0.0218068535825545,0.8411214953271028,0.1433021806853582,0.9615575195266304,0.9369965500278072,0.7935804189802531,0.2013060165884527
S1_DROP_TOP1,0,L1_EXTENDED,B2_COMMON_NODE_EQUAL_DENSITY,0.75,A2_W0::2013->2014,11,0.4613333333333333,0.4613333333333333,0.0293333333333333,0.72,0.24,0.9845554602247002,0.9016210074182904,0.9662205103331596,0.3157325204051397
S1_DROP_TOP1,0,L1_EXTENDED,B2_COMMON_NODE_EQUAL_DENSITY,0.75,A2_W0::2014->2015,12,0.4613970588235294,0.4613970588235294,0.0514705882352941,0.7959558823529411,0.1672794117647058,0.9802868115894096,0.9054279146343034,0.8878063750052453,0.3259573515613268
S1_DROP_TOP1,0,L1_EXTENDED,B2_COMMON_NODE_EQUAL_DENSITY,0.75,A2_W0::2015->2016,13,0.4641638225255973,0.4641638225255973,0.0477815699658703,0.7901023890784983,0.1791808873720136,0.974260677247276,0.9510574041937092,0.8889198768160392,0.3334136034399028
S1_DROP_TOP1,0,L1_EXTENDED,B2_COMMON_NODE_EQUAL_DENSITY,0.75,A2_W0::2016->2017,14,0.4256926952141058,0.4256926952141058,0.0869017632241813,0.7481108312342569,0.2241813602015113,0.953736383680383,0.8561193903445248,0.7801088357220756,0.2630026168817391
S1_DROP_TOP1,0,L1_EXTENDED,B2_COMMON_NODE_EQUAL_DENSITY,0.75,A2_W0::2017->2018,15,0.4355644355644356,0.4355644355644356,0.1128871128871128,0.6943056943056943,0.2677322677322677,0.9701389679788752,0.8962581752671736,0.7786493232588376,0.3979675287939091
S1_DROP_TOP1,0,L1_EXTENDED,B2_COMMON_NODE_EQUAL_DENSITY,0.75,A2_W0::2018->2019,16,0.4463276836158192,0.4463276836158192,0.0828625235404896,0.6450094161958568,0.3135593220338983,0.9885180473991626,0.8929606501747412,0.6702801829965915,0.2416186308450992
S1_DROP_TOP1,0,L1_EXTENDED,B2_COMMON_NODE_EQUAL_DENSITY,0.75,A2_W0::2019->2020,17,0.4569093610698365,0.4569093610698365,0.0728083209509658,0.5185735512630015,0.3900445765230312,0.9839079281806046,0.9543649861743828,0.8368049314450101,0.2939420215068574
S1_DROP_TOP1,0,L1_EXTENDED,B2_COMMON_NODE_EQUAL_DENSITY,0.75,A2_W0::2020->2021,18,0.4499605988967691,0.4499605988967691,0.053585500394011,0.5051221434200157,0.408983451536643,0.9950674464045848,0.9389838226851888,0.7281731248043839,0.252315706301605
S1_DROP_TOP1,0,L1_EXTENDED,B2_COMMON_NODE_EQUAL_DENSITY,0.75,A2_W0::2021->2022,19,0.4649122807017544,0.4649122807017544,0.0280701754385964,0.5736842105263158,0.3807017543859649,0.9843022374248764,0.95451439113131,0.8564054600741577,0.2996513229482307
S1_DROP_TOP1,0,L1_EXTENDED,B2_COMMON_NODE_EQUAL_DENSITY,0.75,A2_W0::2022->2023,20,0.4650205761316872,0.4650205761316872,0.0082304526748971,0.8724279835390947,0.1234567901234567,0.9731863588658688,0.9752825353508128,0.9999999999700364,0.5040260768919315
S1_DROP_TOP1,0,L1_EXTENDED,B2_COMMON_NODE_EQUAL_DENSITY,0.5,A2_W0::2002->2003,0,0.5,0.5,0.0,0.8333333333333334,0.1666666666666666,0.9999999999568068,0.999999999985925,0.0,0.0
S1_DROP_TOP1,0,L1_EXTENDED,B2_COMMON_NODE_EQUAL_DENSITY,0.5,A2_W0::2003->2004,1,0.5,0.5,0.0,0.75,0.25,0.9999999999703528,0.9999999999708344,0.0,0.0
S1_DROP_TOP1,0,L1_EXTENDED,B2_COMMON_NODE_EQUAL_DENSITY,0.5,A2_W0::2004->2005,2,0.5,0.5,0.0,1.0,0.0,0.9999999999651482,0.0,0.0,0.0
S1_DROP_TOP1,0,L1_EXTENDED,B2_COMMON_NODE_EQUAL_DENSITY,0.5,A2_W0::2005->2006,3,0.4285714285714285,0.4285714285714285,0.0,0.7142857142857143,0.2857142857142857,0.9999999999301789,0.7071068983025289,0.0,0.9999999999711754
S1_DROP_TOP1,0,L1_EXTENDED,B2_COMMON_NODE_EQUAL_DENSITY,0.5,A2_W0::2006->2007,4,0.5,0.5,0.0,0.7307692307692307,0.2307692307692307,0.7608859293887954,0.8164966156537016,0.9999999998970264,0.0
S1_DROP_TOP1,0,L1_EXTENDED,B2_COMMON_NODE_EQUAL_DENSITY,0.5,A2_W0::2007->2008,5,0.4770642201834862,0.4770642201834862,0.0091743119266055,0.8532110091743119,0.128440366972477,0.9784854697913156,0.9999999998168024,0.8025907199547346,0.256767803726158
S1_DROP_TOP1,0,L1_EXTENDED,B2_COMMON_NODE_EQUAL_DENSITY,0.5,A2_W0::2008->2009,6,0.4859813084112149,0.4859813084112149,0.0,0.897196261682243,0.0934579439252336,0.9902855236183848,0.9548810175163488,0.9999999996582212,0.2954419106109299
S1_DROP_TOP1,0,L1_EXTENDED,B2_COMMON_NODE_EQUAL_DENSITY,0.5,A2_W0::2009->2010,7,0.48,0.48,0.01,0.85,0.1,0.988738272712127,0.9547652657562132,0.8981388738116275,0.2476494267576712
S1_DROP_TOP1,0,L1_EXTENDED,B2_COMMON_NODE_EQUAL_DENSITY,0.5,A2_W0::2010->2011,8,0.4021739130434782,0.4021739130434782,0.0434782608695652,0.8369565217391305,0.0978260869565217,0.914775151925557,0.8431683806270713,0.8166244963332274,0.215289887809003
S1_DROP_TOP1,0,L1_EXTENDED,B2_COMMON_NODE_EQUAL_DENSITY,0.5,A2_W0::2011->2012,9,0.4677419354838709,0.4677419354838709,0.032258064516129,0.782258064516129,0.1693548387096774,0.9814620259331576,0.9797171033442558,0.755731203349579,0.357159509305622
S1_DROP_TOP1,0,L1_EXTENDED,B2_COMMON_NODE_EQUAL_DENSITY,0.5,A2_W0::2012->2013,10,0.4681818181818182,0.4681818181818182,0.009090909090909,0.8045454545454546,0.1772727272727272,0.9715014794392371,0.974595637256866,0.7329477142958297,0.1330295717673218
S1_DROP_TOP1,0,L1_EXTENDED,B2_COMMON_NODE_EQUAL_DENSITY,0.5,A2_W0::2013->2014,11,0.4785992217898833,0.4785992217898833,0.0155642023346303,0.6770428015564203,0.2723735408560311,0.994245167034901,0.9451534264023196,0.9609182755889436,0.221331077090892
S1_DROP_TOP1,0,L1_EXTENDED,B2_COMMON_NODE_EQUAL_DENSITY,0.5,A2_W0::2014->2015,12,0.4460227272727273,0.4460227272727273,0.0710227272727272,0.6903409090909091,0.2528409090909091,0.9717082107337472,0.903188941411882,0.8878063750052453,0.3166631433123432
S1_DROP_TOP1,0,L1_EXTENDED,B2_COMMON_NODE_EQUAL_DENSITY,0.5,A2_W0::2015->2016,13,0.4599483204134367,0.4599483204134367,0.0594315245478036,0.7209302325581395,0.2325581395348837,0.969374096176188,0.9631684065820192,0.8889198768160392,0.3541482698734003
S1_DROP_TOP1,0,L1_EXTENDED,B2_COMMON_NODE_EQUAL_DENSITY,0.5,A2_W0::2016->2017,14,0.4176245210727969,0.4176245210727969,0.0900383141762452,0.657088122605364,0.3026819923371647,0.947841276671679,0.8733543115758163,0.7680691779287591,0.2424424965028553
S1_DROP_TOP1,0,L1_EXTENDED,B2_COMMON_NODE_EQUAL_DENSITY,0.5,A2_W0::2017->2018,15,0.4362818590704648,0.4362818590704648,0.1124437781109445,0.6221889055472264,0.3238380809595202,0.974266154881183,0.9123660402542052,0.7891931442938027,0.4078409593670173
S1_DROP_TOP1,0,L1_EXTENDED,B2_COMMON_NODE_EQUAL_DENSITY,0.5,A2_W0::2018->2019,16,0.4509803921568627,0.4509803921568627,0.0756302521008403,0.592436974789916,0.3501400560224089,0.9918430382470588,0.9176925502330864,0.7133797686241645,0.2246456880987584
S1_DROP_TOP1,0,L1_EXTENDED,B2_COMMON_NODE_EQUAL_DENSITY,0.5,A2_W0::2019->2020,17,0.4630650496141124,0.4630650496141124,0.0661521499448732,0.4796030871003308,0.4101433296582139,0.9922084117050228,0.958477011438998,0.8694558629297808,0.2888825614533563
S1_DROP_TOP1,0,L1_EXTENDED,B2_COMMON_NODE_EQUAL_DENSITY,0.5,A2_W0::2020->2021,18,0.4630484988452656,0.4630484988452656,0.0450346420323325,0.476905311778291,0.4203233256351039,0.9976310196306049,0.9652166449089492,0.7827268114471223,0.2050345573616149
S1_DROP_TOP1,0,L1_EXTENDED,B2_COMMON_NODE_EQUAL_DENSITY,0.5,A2_W0::2021->2022,19,0.4808184143222506,0.4808184143222506,0.0127877237851662,0.5703324808184144,0.3708439897698209,0.9961957130606276,0.9732348476867794,0.8912650857200872,0.2474705182698095
S1_DROP_TOP1,0,L1_EXTENDED,B2_COMMON_NODE_EQUAL_DENSITY,0.5,A2_W0::2022->2023,20,0.4662576687116564,0.4662576687116564,0.0061349693251533,0.852760736196319,0.1411042944785276,0.9756550154162298,0.9676345140719264,0.9999999999700364,0.5089880617422187
S1_DROP_TOP1,0,L2_HIGH,B0_REFERENCE,1.0,A2_W0::2002->2003,0,0.8505747126436781,0.0919540229885057,0.0229885057471264,0.971264367816092,0.028735632183908,0.8050755910652287,0.953314795563064,0.0,0.8414771718285343
S1_DROP_TOP1,0,L2_HIGH,B0_REFERENCE,1.0,A2_W0::2003->2004,1,0.4785478547854785,0.4257425742574257,0.0693069306930693,0.9801980198019802,0.0198019801980198,0.7745439811824103,0.7761907969946628,0.0,0.7832418672016181
S1_DROP_TOP1,0,L2_HIGH,B0_REFERENCE,1.0,A2_W0::2004->2005,2,0.3458646616541353,0.5225563909774437,0.0300751879699248,0.9736842105263158,0.0263157894736842,0.8141045999374009,0.5296647838139886,0.0,0.4007229863910613
S1_DROP_TOP1,0,L2_HIGH,B0_REFERENCE,1.0,A2_W0::2005->2006,3,0.3487179487179487,0.5794871794871795,0.0307692307692307,0.958974358974359,0.041025641025641,0.7842023379372889,0.8660254146708364,0.0,0.6546536714063796
S1_DROP_TOP1,0,L2_HIGH,B0_REFERENCE,1.0,A2_W0::2006->2007,4,0.8401559454191033,0.1091617933723196,0.0467836257309941,0.9649122807017544,0.0311890838206627,0.9123175078670158,0.9354143481257294,0.9999999996433708,0.8548504153520973
S1_DROP_TOP1,0,L2_HIGH,B0_REFERENCE,1.0,A2_W0::2007->2008,5,0.6749644381223329,0.2432432432432432,0.0305832147937411,0.9758179231863442,0.0220483641536273,0.8895617392567895,0.769662240405727,0.6587982054716108,0.5052505589108353
S1_DROP_TOP1,0,L2_HIGH,B0_REFERENCE,1.0,A2_W0::2008->2009,6,0.4118297401879491,0.5163073521282476,0.01934770591487,0.9778883360972912,0.0204532891100055,0.8624279210406862,0.8577942735808666,0.8169614488416577,0.6383723239888706
S1_DROP_TOP1,0,L2_HIGH,B0_REFERENCE,1.0,A2_W0::2009->2010,7,0.3450598802395209,0.4902694610778443,0.0329341317365269,0.9767964071856288,0.0172155688622754,0.8504277715220573,0.8793449307537409,0.8478093241308822,0.5149875921032719
S1_DROP_TOP1,0,L2_HIGH,B0_REFERENCE,1.0,A2_W0::2010->2011,8,0.4047202797202797,0.3802447552447552,0.0314685314685314,0.9685314685314684,0.0244755244755244,0.8988425944226724,0.7868474515732714,0.6392985789048697,0.4718859861235042
S1_DROP_TOP1,0,L2_HIGH,B0_REFERENCE,1.0,A2_W0::2011->2012,9,0.6732718894009216,0.2341013824884792,0.0368663594470046,0.9705069124423964,0.0244239631336405,0.9570149624164878,0.8943715938194213,0.8078319313605049,0.6997211972976516
S1_DROP_TOP1,0,L2_HIGH,B0_REFERENCE,1.0,A2_W0::2012->2013,10,0.4180672268907563,0.4786414565826331,0.0423669467787114,0.9628851540616248,0.0332633053221288,0.952545355587544,0.8778551790999752,0.822114624074992,0.5961365084527571
S1_DROP_TOP1,0,L2_HIGH,B0_REFERENCE,1.0,A2_W0::2013->2014,11,0.5210678674815054,0.3181087166291412,0.085558057253136,0.9568993245416532,0.0379543261498874,0.9351890708480176,0.8012576466649177,0.921324300310748,0.5517433953561349
S1_DROP_TOP1,0,L2_HIGH,B0_REFERENCE,1.0,A2_W0::2014->2015,12,0.2876344086021505,0.3279569892473118,0.0601478494623655,0.9539650537634408,0.0389784946236559,0.7941075818065034,0.7333860217545634,0.8553628021423191,0.4385774506446642
S1_DROP_TOP1,0,L2_HIGH,B0_REFERENCE,1.0,A2_W0::2015->2016,13,0.468367889420521,0.3508771929824561,0.0962254120148857,0.9494949494949496,0.0443912812333864,0.9120912471835666,0.8085870319275017,0.806184317869426,0.5211967975442826
S1_DROP_TOP1,0,L2_HIGH,B0_REFERENCE,1.0,A2_W0::2016->2017,14,0.4353757225433526,0.2538728323699422,0.1174566473988439,0.9341040462427744,0.0589595375722543,0.8599670927230946,0.7466321109848107,0.7738878561551886,0.4611987815816302
S1_DROP_TOP1,0,L2_HIGH,B0_REFERENCE,1.0,A2_W0::2017->2018,15,0.4536990011850347,0.2265109192483494,0.2483494159471813,0.9222955815134586,0.0694091755544269,0.861327399255642,0.7678704190819473,0.7742010704847782,0.4566461774005954
S1_DROP_TOP1,0,L2_HIGH,B0_REFERENCE,1.0,A2_W0::2018->2019,16,0.3604423292273236,0.3513437849944009,0.1431970884658454,0.9123740201567748,0.0788073908174692,0.8876492391184041,0.745327348081494,0.6567738890810895,0.4765502178359835
S1_DROP_TOP1,0,L2_HIGH,B0_REFERENCE,1.0,A2_W0::2019->2020,17,0.4852826835499278,0.1991558369432411,0.2037098744862823,0.8719315783627679,0.1102965678107297,0.8747616825273641,0.7675923179731736,0.7186996981607219,0.451678049584199
S1_DROP_TOP1,0,L2_HIGH,B0_REFERENCE,1.0,A2_W0::2020->2021,18,0.1447212336892052,0.4817319098457888,0.2154211150652431,0.8762752075919336,0.1072360616844602,0.8451185942408272,0.7495619254914393,0.6326364777018652,0.448886735203605
S1_DROP_TOP1,0,L2_HIGH,B0_REFERENCE,1.0,A2_W0::2021->2022,19,0.0778809624314056,0.6606162937948501,0.1977627691008864,0.8986914309835373,0.0932883073026593,0.8737609389972029,0.8395936024127687,0.7230044632967608,0.4476126041426886
S1_DROP_TOP1,0,L2_HIGH,B0_REFERENCE,1.0,A2_W0::2022->2023,20,0.4295849592053919,0.5161404753458674,0.0152536360411493,0.9840368925150764,0.0156083717630365,0.941384819419608,0.8882255715467702,0.9052367281442574,0.6202818570942654
S1_DROP_TOP1,0,L2_HIGH,B2_COMMON_NODE_EQUAL_DENSITY,1.0,A2_W0::2002->2003,0,0.5,0.5,0.0,0.7857142857142857,0.2142857142857142,0.9999999999238576,0.9999999999589684,0.0,0.0
S1_DROP_TOP1,0,L2_HIGH,B2_COMMON_NODE_EQUAL_DENSITY,1.0,A2_W0::2003->2004,1,0.5,0.5,0.0,0.8333333333333334,0.1666666666666666,0.9999999999329552,0.9999999999633976,0.0,0.0
S1_DROP_TOP1,0,L2_HIGH,B2_COMMON_NODE_EQUAL_DENSITY,1.0,A2_W0::2004->2005,2,0.4705882352941176,0.4705882352941176,0.0,0.8235294117647058,0.1764705882352941,0.9659020107621642,0.9999999999362348,0.0,0.2480599176207422
S1_DROP_TOP1,0,L2_HIGH,B2_COMMON_NODE_EQUAL_DENSITY,1.0,A2_W0::2005->2006,3,0.5,0.5,0.0,0.7777777777777778,0.2222222222222222,0.8017837750857749,0.707106925240826,0.0,0.0
S1_DROP_TOP1,0,L2_HIGH,B2_COMMON_NODE_EQUAL_DENSITY,1.0,A2_W0::2006->2007,4,0.3809523809523809,0.3809523809523809,0.238095238095238,0.8095238095238095,0.1666666666666666,0.7859053352915868,0.9999999997586392,0.9999999998981236,0.9999999996491012
S1_DROP_TOP1,0,L2_HIGH,B2_COMMON_NODE_EQUAL_DENSITY,1.0,A2_W0::2007->2008,5,0.43,0.43,0.07,0.895,0.09,0.9434681246396068,0.904008817557737,0.6587982054716108,0.3456808317822559
S1_DROP_TOP1,0,L2_HIGH,B2_COMMON_NODE_EQUAL_DENSITY,1.0,A2_W0::2008->2009,6,0.4861111111111111,0.4861111111111111,0.0092592592592592,0.9212962962962964,0.0648148148148148,0.9931379690367528,0.9125076331514628,0.9999999996465034,0.3948976062207024
S1_DROP_TOP1,0,L2_HIGH,B2_COMMON_NODE_EQUAL_DENSITY,1.0,A2_W0::2009->2010,7,0.4473684210526316,0.4473684210526316,0.0368421052631578,0.8842105263157894,0.0736842105263157,0.9586628953911916,0.9244529425985358,0.8688279224287949,0.3465028894418641
S1_DROP_TOP1,0,L2_HIGH,B2_COMMON_NODE_EQUAL_DENSITY,1.0,A2_W0::2010->2011,8,0.4307692307692308,0.4307692307692308,0.0307692307692307,0.8769230769230769,0.082051282051282,0.9504679580269836,0.8824599591625132,0.6469056218435327,0.2910543699791778
S1_DROP_TOP1,0,L2_HIGH,B2_COMMON_NODE_EQUAL_DENSITY,1.0,A2_W0::2011->2012,9,0.4430379746835443,0.4430379746835443,0.0379746835443038,0.8438818565400844,0.1223628691983122,0.9570365892006976,0.919138043451827,0.823015377259501,0.3389673191706955
S1_DROP_TOP1,0,L2_HIGH,B2_COMMON_NODE_EQUAL_DENSITY,1.0,A2_W0::2012->2013,10,0.4428571428571428,0.4428571428571428,0.0309523809523809,0.8380952380952381,0.1452380952380952,0.9514879138728324,0.9232652884230684,0.7730912823928725,0.2439746223981226
S1_DROP_TOP1,0,L2_HIGH,B2_COMMON_NODE_EQUAL_DENSITY,1.0,A2_W0::2013->2014,11,0.445360824742268,0.445360824742268,0.0350515463917525,0.7670103092783506,0.2,0.9688311011522702,0.883471097518844,0.935600126225256,0.3604989662535823
S1_DROP_TOP1,0,L2_HIGH,B2_COMMON_NODE_EQUAL_DENSITY,1.0,A2_W0::2014->2015,12,0.4436519258202567,0.4436519258202567,0.0413694721825962,0.833095577746077,0.1369472182596291,0.9681323952093016,0.8410095970879377,0.8688239712101976,0.3398473032120466
S1_DROP_TOP1,0,L2_HIGH,B2_COMMON_NODE_EQUAL_DENSITY,1.0,A2_W0::2015->2016,13,0.4641025641025641,0.4641025641025641,0.0538461538461538,0.8141025641025641,0.1615384615384615,0.9758355473853972,0.9424954032996836,0.8747008945827315,0.3571805000035732
S1_DROP_TOP1,0,L2_HIGH,B2_COMMON_NODE_EQUAL_DENSITY,1.0,A2_W0::2016->2017,14,0.4301780693533271,0.4301780693533271,0.0731021555763823,0.795688847235239,0.1827553889409559,0.9577172695231264,0.8335309910600744,0.7635980392670885,0.2540093268590234
S1_DROP_TOP1,0,L2_HIGH,B2_COMMON_NODE_EQUAL_DENSITY,1.0,A2_W0::2017->2018,15,0.4325546345139412,0.4325546345139412,0.1137905048982667,0.73172569706104,0.2366239638281838,0.9688431602173518,0.8782238198444627,0.7765635056772545,0.4157859513142335
S1_DROP_TOP1,0,L2_HIGH,B2_COMMON_NODE_EQUAL_DENSITY,1.0,A2_W0::2018->2019,16,0.422680412371134,0.422680412371134,0.1244477172312223,0.6767304860088366,0.284241531664212,0.9681401140958752,0.8495682909679979,0.6935706193142611,0.2884381469923882
S1_DROP_TOP1,0,L2_HIGH,B2_COMMON_NODE_EQUAL_DENSITY,1.0,A2_W0::2019->2020,17,0.4450768355150825,0.4450768355150825,0.0899260102447353,0.5543540125213432,0.3688104723961297,0.9830689236188028,0.9282786967178424,0.7842302802363957,0.3113338536479235
S1_DROP_TOP1,0,L2_HIGH,B2_COMMON_NODE_EQUAL_DENSITY,1.0,A2_W0::2020->2021,18,0.4378019323671497,0.4378019323671497,0.0658212560386473,0.5519323671497585,0.376207729468599,0.9892987684578772,0.9046338751266372,0.7242106289087574,0.2855404122400551
S1_DROP_TOP1,0,L2_HIGH,B2_COMMON_NODE_EQUAL_DENSITY,1.0,A2_W0::2021->2022,19,0.4609271523178808,0.4609271523178808,0.0357615894039735,0.6132450331125828,0.3470198675496688,0.9831260962271162,0.9401971869302718,0.8630452981215643,0.3039945028923372
S1_DROP_TOP1,0,L2_HIGH,B2_COMMON_NODE_EQUAL_DENSITY,1.0,A2_W0::2022->2023,20,0.4646153846153846,0.4646153846153846,0.0092307692307692,0.8984615384615384,0.0984615384615384,0.9729746303102954,0.9767387017362904,0.999999999970276,0.5090077367814029
S1_DROP_TOP1,0,L2_HIGH,B2_COMMON_NODE_EQUAL_DENSITY,0.75,A2_W0::2002->2003,0,0.5,0.5,0.0,0.7,0.3,0.9999999999567764,0.9999999999589684,0.0,0.0
S1_DROP_TOP1,0,L2_HIGH,B2_COMMON_NODE_EQUAL_DENSITY,0.75,A2_W0::2003->2004,1,0.5,0.5,0.0,0.7857142857142857,0.2142857142857142,0.9999999999406644,0.9999999999633976,0.0,0.0
S1_DROP_TOP1,0,L2_HIGH,B2_COMMON_NODE_EQUAL_DENSITY,0.75,A2_W0::2004->2005,2,0.5,0.5,0.0,0.7857142857142857,0.2142857142857142,0.9999999999575624,0.9999999999362348,0.0,0.0
S1_DROP_TOP1,0,L2_HIGH,B2_COMMON_NODE_EQUAL_DENSITY,0.75,A2_W0::2005->2006,3,0.5,0.5,0.0,0.75,0.25,0.8164966443176417,0.816496731746643,0.0,0.0
S1_DROP_TOP1,0,L2_HIGH,B2_COMMON_NODE_EQUAL_DENSITY,0.75,A2_W0::2006->2007,4,0.4411764705882353,0.4411764705882353,0.1176470588235294,0.7941176470588235,0.1764705882352941,0.7453561255822011,0.9999999997864508,0.9999999998981236,0.9999999996966016
S1_DROP_TOP1,0,L2_HIGH,B2_COMMON_NODE_EQUAL_DENSITY,0.75,A2_W0::2007->2008,5,0.4217687074829932,0.4217687074829932,0.0816326530612244,0.8571428571428571,0.1224489795918367,0.93250646620238,0.9339634025882678,0.6587982054716108,0.3341979218177302
S1_DROP_TOP1,0,L2_HIGH,B2_COMMON_NODE_EQUAL_DENSITY,0.75,A2_W0::2008->2009,6,0.4907975460122699,0.4907975460122699,0.0,0.9202453987730062,0.0736196319018405,0.9937674940940084,0.962455087722577,0.9999999996647096,0.2897771947906984
S1_DROP_TOP1,0,L2_HIGH,B2_COMMON_NODE_EQUAL_DENSITY,0.75,A2_W0::2009->2010,7,0.4697986577181208,0.4697986577181208,0.0067114093959731,0.8657718120805369,0.087248322147651,0.9736309102551988,0.9656098967894556,0.9287733257231324,0.2226216788724726
S1_DROP_TOP1,0,L2_HIGH,B2_COMMON_NODE_EQUAL_DENSITY,0.75,A2_W0::2010->2011,8,0.4236111111111111,0.4236111111111111,0.0347222222222222,0.8472222222222222,0.0972222222222222,0.9358908606209552,0.9028210139327412,0.7908954922459799,0.2406538653615337
S1_DROP_TOP1,0,L2_HIGH,B2_COMMON_NODE_EQUAL_DENSITY,0.75,A2_W0::2011->2012,9,0.4677419354838709,0.4677419354838709,0.021505376344086,0.8279569892473119,0.1344086021505376,0.9819018650085416,0.942959024815227,0.7945200249981701,0.3060968807955699
S1_DROP_TOP1,0,L2_HIGH,B2_COMMON_NODE_EQUAL_DENSITY,0.75,A2_W0::2012->2013,10,0.4582043343653251,0.4582043343653251,0.0154798761609907,0.8421052631578947,0.1424148606811145,0.9633556063002842,0.9447335853547388,0.794650807119448,0.1544446955457476
S1_DROP_TOP1,0,L2_HIGH,B2_COMMON_NODE_EQUAL_DENSITY,0.75,A2_W0::2013->2014,11,0.4613333333333333,0.4613333333333333,0.032,0.72,0.24,0.9845272080742032,0.9017001227070696,0.9662815915853176,0.315710163146414
S1_DROP_TOP1,0,L2_HIGH,B2_COMMON_NODE_EQUAL_DENSITY,0.75,A2_W0::2014->2015,12,0.4613970588235294,0.4613970588235294,0.0459558823529411,0.7959558823529411,0.1672794117647058,0.9809914853506996,0.9051660471640804,0.8617411721136122,0.3126562153426857
S1_DROP_TOP1,0,L2_HIGH,B2_COMMON_NODE_EQUAL_DENSITY,0.75,A2_W0::2015->2016,13,0.4641638225255973,0.4641638225255973,0.0477815699658703,0.7901023890784983,0.1791808873720136,0.9741958413036108,0.9509704678090782,0.8878557064697609,0.3294666371297463
S1_DROP_TOP1,0,L2_HIGH,B2_COMMON_NODE_EQUAL_DENSITY,0.75,A2_W0::2016->2017,14,0.424968474148802,0.424968474148802,0.0895334174022698,0.7465321563682219,0.2257250945775536,0.9535852698282052,0.8578368745409333,0.7510866434013151,0.2665443586696905
S1_DROP_TOP1,0,L2_HIGH,B2_COMMON_NODE_EQUAL_DENSITY,0.75,A2_W0::2017->2018,15,0.4344344344344344,0.4344344344344344,0.1141141141141141,0.6956956956956957,0.2662662662662662,0.9695506177704803,0.8940189842051575,0.7785491315322277,0.3999887074129801
S1_DROP_TOP1,0,L2_HIGH,B2_COMMON_NODE_EQUAL_DENSITY,0.75,A2_W0::2018->2019,16,0.4458058435438266,0.4458058435438266,0.0819981149858623,0.648444863336475,0.3110273327049953,0.9885720995144868,0.8903524279493646,0.6597266495854233,0.2410196631583065
S1_DROP_TOP1,0,L2_HIGH,B2_COMMON_NODE_EQUAL_DENSITY,0.75,A2_W0::2019->2020,17,0.4556962025316455,0.4556962025316455,0.0752047654504839,0.5189873417721519,0.3901712583767684,0.9838935338395248,0.95232887590628,0.8305964430940705,0.2917133817640792
S1_DROP_TOP1,0,L2_HIGH,B2_COMMON_NODE_EQUAL_DENSITY,0.75,A2_W0::2020->2021,18,0.4490923441199684,0.4490923441199684,0.053670086819258,0.5059194948697711,0.4080505130228887,0.9950738056208882,0.9372649799116908,0.727853591092782,0.2583779803786338
S1_DROP_TOP1,0,L2_HIGH,B2_COMMON_NODE_EQUAL_DENSITY,0.75,A2_W0::2021->2022,19,0.4667832167832167,0.4667832167832167,0.0279720279720279,0.5769230769230769,0.3776223776223776,0.9844462176329226,0.9582229059532404,0.8572190893274244,0.292406612747266
S1_DROP_TOP1,0,L2_HIGH,B2_COMMON_NODE_EQUAL_DENSITY,0.75,A2_W0::2022->2023,20,0.4715447154471545,0.4715447154471545,0.008130081300813,0.8699186991869918,0.1260162601626016,0.979266923224714,0.9759791068535169,0.999999999970276,0.5173300326555199
S1_DROP_TOP1,0,L2_HIGH,B2_COMMON_NODE_EQUAL_DENSITY,0.5,A2_W0::2002->2003,0,0.5,0.5,0.0,0.8333333333333334,0.1666666666666666,0.9999999999562524,0.9999999999857956,0.0,0.0
S1_DROP_TOP1,0,L2_HIGH,B2_COMMON_NODE_EQUAL_DENSITY,0.5,A2_W0::2003->2004,1,0.5,0.5,0.0,0.75,0.25,0.999999999970376,0.9999999999707672,0.0,0.0
S1_DROP_TOP1,0,L2_HIGH,B2_COMMON_NODE_EQUAL_DENSITY,0.5,A2_W0::2004->2005,2,0.5,0.5,0.0,1.0,0.0,0.9999999999651874,0.0,0.0,0.0
S1_DROP_TOP1,0,L2_HIGH,B2_COMMON_NODE_EQUAL_DENSITY,0.5,A2_W0::2005->2006,3,0.5,0.5,0.0,0.75,0.25,0.9128709670774492,0.7071070424616602,0.0,0.0
S1_DROP_TOP1,0,L2_HIGH,B2_COMMON_NODE_EQUAL_DENSITY,0.5,A2_W0::2006->2007,4,0.5,0.5,0.0,0.7692307692307693,0.1923076923076923,0.7416199872946377,0.8944272734993893,0.9999999998981236,0.0
S1_DROP_TOP1,0,L2_HIGH,B2_COMMON_NODE_EQUAL_DENSITY,0.5,A2_W0::2007->2008,5,0.4818181818181818,0.4818181818181818,0.0,0.8545454545454545,0.1272727272727272,0.984145074079767,0.9999999998134844,0.8015842998611106,0.2863469678910799
S1_DROP_TOP1,0,L2_HIGH,B2_COMMON_NODE_EQUAL_DENSITY,0.5,A2_W0::2008->2009,6,0.4859813084112149,0.4859813084112149,0.0,0.897196261682243,0.0934579439252336,0.9902444714986508,0.954768953826774,0.9999999996647096,0.2897771947906984
S1_DROP_TOP1,0,L2_HIGH,B2_COMMON_NODE_EQUAL_DENSITY,0.5,A2_W0::2009->2010,7,0.4851485148514851,0.4851485148514851,0.0099009900990099,0.8514851485148515,0.099009900990099,0.9942785964728738,0.9550514199666168,0.8987034254933232,0.2437930618215215
S1_DROP_TOP1,0,L2_HIGH,B2_COMMON_NODE_EQUAL_DENSITY,0.5,A2_W0::2010->2011,8,0.3956043956043956,0.3956043956043956,0.0549450549450549,0.8351648351648352,0.0989010989010989,0.9135098416005644,0.8440116487047579,0.7075928017624935,0.2099303094899998
S1_DROP_TOP1,0,L2_HIGH,B2_COMMON_NODE_EQUAL_DENSITY,0.5,A2_W0::2011->2012,9,0.4677419354838709,0.4677419354838709,0.032258064516129,0.782258064516129,0.1693548387096774,0.9814606262934288,0.9796875590778628,0.7548547864354042,0.3555062820822507
S1_DROP_TOP1,0,L2_HIGH,B2_COMMON_NODE_EQUAL_DENSITY,0.5,A2_W0::2012->2013,10,0.4657534246575342,0.4657534246575342,0.0091324200913242,0.8082191780821918,0.1735159817351598,0.968685961222426,0.9739158835631192,0.7343959298130487,0.1388529783206219
S1_DROP_TOP1,0,L2_HIGH,B2_COMMON_NODE_EQUAL_DENSITY,0.5,A2_W0::2013->2014,11,0.4765625,0.4765625,0.02734375,0.67578125,0.2734375,0.994226187688094,0.9370756054844792,0.9609891424816904,0.2002661585887412
S1_DROP_TOP1,0,L2_HIGH,B2_COMMON_NODE_EQUAL_DENSITY,0.5,A2_W0::2014->2015,12,0.4460227272727273,0.4460227272727273,0.0681818181818181,0.6903409090909091,0.2528409090909091,0.9716017077266754,0.9029205244615336,0.8884422406160798,0.3137053685839345
S1_DROP_TOP1,0,L2_HIGH,B2_COMMON_NODE_EQUAL_DENSITY,0.5,A2_W0::2015->2016,13,0.4599483204134367,0.4599483204134367,0.0594315245478036,0.7157622739018088,0.2377260981912144,0.9690032874645804,0.9638885385064796,0.8878557064697609,0.3482029561272711
S1_DROP_TOP1,0,L2_HIGH,B2_COMMON_NODE_EQUAL_DENSITY,0.5,A2_W0::2016->2017,14,0.4153846153846154,0.4153846153846154,0.0923076923076923,0.6519230769230769,0.3076923076923077,0.943071709878392,0.8764557020163748,0.7687508369486818,0.2340292211561017
S1_DROP_TOP1,0,L2_HIGH,B2_COMMON_NODE_EQUAL_DENSITY,0.5,A2_W0::2017->2018,15,0.4354354354354354,0.4354354354354354,0.1126126126126126,0.6186186186186187,0.3258258258258258,0.9722405727886108,0.9152807596313106,0.7952733115505125,0.4125087018920434
S1_DROP_TOP1,0,L2_HIGH,B2_COMMON_NODE_EQUAL_DENSITY,0.5,A2_W0::2018->2019,16,0.4509803921568627,0.4509803921568627,0.072829131652661,0.5882352941176471,0.3543417366946779,0.9917703373476038,0.9209794239592808,0.6979139397878874,0.2293267092353967
S1_DROP_TOP1,0,L2_HIGH,B2_COMMON_NODE_EQUAL_DENSITY,0.5,A2_W0::2019->2020,17,0.4636563876651982,0.4636563876651982,0.0649779735682819,0.4834801762114537,0.4074889867841409,0.99248268731261,0.958316102947168,0.8726648809784885,0.2916585716494256
S1_DROP_TOP1,0,L2_HIGH,B2_COMMON_NODE_EQUAL_DENSITY,0.5,A2_W0::2020->2021,18,0.4630484988452656,0.4630484988452656,0.0438799076212471,0.4745958429561201,0.4226327944572748,0.997617282864838,0.9654321241679727,0.7825172973714783,0.2044454310010496
S1_DROP_TOP1,0,L2_HIGH,B2_COMMON_NODE_EQUAL_DENSITY,0.5,A2_W0::2021->2022,19,0.4821428571428571,0.4821428571428571,0.0127551020408163,0.5739795918367347,0.3673469387755102,0.9962349990929096,0.9761808462708566,0.8915719926308193,0.2410447081496558
S1_DROP_TOP1,0,L2_HIGH,B2_COMMON_NODE_EQUAL_DENSITY,0.5,A2_W0::2022->2023,20,0.4727272727272727,0.4727272727272727,0.006060606060606,0.8545454545454545,0.1393939393939394,0.9790658867840132,0.9781769052437548,0.999999999970276,0.4905170598541485
S1_DROP_TOP1,1,L0_STAGE15_MATCHED,B0_REFERENCE,1.0,A2_W0::2002->2003,0,0.7786885245901639,0.1721311475409836,0.0327868852459016,0.9590163934426228,0.040983606557377,0.9675627941129566,0.9630680262591368,0.0,0.9282867813363532
S1_DROP_TOP1,1,L0_STAGE15_MATCHED,B0_REFERENCE,1.0,A2_W0::2003->2004,1,0.5976095617529881,0.3227091633466135,0.0637450199203187,0.9760956175298804,0.0239043824701195,0.8493760153414955,0.8465282364644521,0.0,0.743382973937223
S1_DROP_TOP1,1,L0_STAGE15_MATCHED,B0_REFERENCE,1.0,A2_W0::2004->2005,2,0.3609022556390977,0.5300751879699248,0.018796992481203,0.981203007518797,0.018796992481203,0.809140327589683,0.5148794562039355,0.0,0.3324055127572055
S1_DROP_TOP1,1,L0_STAGE15_MATCHED,B0_REFERENCE,1.0,A2_W0::2005->2006,3,0.4725738396624472,0.4936708860759494,0.0084388185654008,0.9662447257383966,0.0337552742616033,0.7055611905659466,0.8660254037260025,0.0,0.8660254036275159
S1_DROP_TOP1,1,L0_STAGE15_MATCHED,B0_REFERENCE,1.0,A2_W0::2006->2007,4,0.8736842105263158,0.0673684210526315,0.0452631578947368,0.983157894736842,0.0147368421052631,0.664163751783047,0.9999999974360076,0.9999999996601264,0.8864052567605171
S1_DROP_TOP1,1,L0_STAGE15_MATCHED,B0_REFERENCE,1.0,A2_W0::2007->2008,5,0.4132450331125827,0.3827814569536424,0.143046357615894,0.97682119205298,0.0211920529801324,0.8589556133811211,0.7686355770850214,0.6585087186693137,0.7526328753711065
S1_DROP_TOP1,1,L0_STAGE15_MATCHED,B0_REFERENCE,1.0,A2_W0::2008->2009,6,0.4275184275184275,0.5208845208845209,0.0153562653562653,0.9754299754299754,0.0227272727272727,0.9111397883363694,0.8580245670403505,0.8175726329082537,0.6032051168184418
S1_DROP_TOP1,1,L0_STAGE15_MATCHED,B0_REFERENCE,1.0,A2_W0::2009->2010,7,0.4239290989660266,0.44903988183161,0.0302806499261447,0.9763663220088626,0.017725258493353,0.8441171882055336,0.882228551226992,0.8480335672769459,0.5675470565768701
S1_DROP_TOP1,1,L0_STAGE15_MATCHED,B0_REFERENCE,1.0,A2_W0::2010->2011,8,0.4217054263565891,0.4248062015503876,0.0457364341085271,0.9713178294573644,0.0224806201550387,0.8457548502633777,0.8008432427606341,0.6543049713303496,0.5518406241174202
S1_DROP_TOP1,1,L0_STAGE15_MATCHED,B0_REFERENCE,1.0,A2_W0::2011->2012,9,0.6639492753623188,0.2427536231884058,0.0584239130434782,0.9705615942028986,0.024909420289855,0.9496180823742872,0.880681430410621,0.7805703019740452,0.6044079830400783
S1_DROP_TOP1,1,L0_STAGE15_MATCHED,B0_REFERENCE,1.0,A2_W0::2012->2013,10,0.4218533886583679,0.4491701244813278,0.0484094052558782,0.9636929460580912,0.0325034578146611,0.9475607471142654,0.8700104467064287,0.8301107514100389,0.6929320437813565
S1_DROP_TOP1,1,L0_STAGE15_MATCHED,B0_REFERENCE,1.0,A2_W0::2013->2014,11,0.4976348155156102,0.3232418795332702,0.108167770419426,0.957742037212236,0.0372122358877325,0.9276007951832212,0.8061076105954383,0.9209051940038306,0.6355278057592484
S1_DROP_TOP1,1,L0_STAGE15_MATCHED,B0_REFERENCE,1.0,A2_W0::2014->2015,12,0.2752448497129348,0.3302938196555218,0.0675447483958122,0.9540695710908476,0.038838230327592,0.796329163785651,0.7367903788265077,0.8765427431982804,0.4466481676306222
S1_DROP_TOP1,1,L0_STAGE15_MATCHED,B0_REFERENCE,1.0,A2_W0::2015->2016,13,0.4709178228388473,0.3311099252934898,0.0987193169690501,0.94957310565635,0.0440234791889007,0.9145194126660184,0.8132417574063614,0.8327827336678068,0.5619612929275485
S1_DROP_TOP1,1,L0_STAGE15_MATCHED,B0_REFERENCE,1.0,A2_W0::2016->2017,14,0.4210161662817552,0.264203233256351,0.1330254041570439,0.9346420323325636,0.0586605080831408,0.8591095809423152,0.7471089665930883,0.7671265844594224,0.4674339601019747
S1_DROP_TOP1,1,L0_STAGE15_MATCHED,B0_REFERENCE,1.0,A2_W0::2017->2018,15,0.4594502884289108,0.2241262300644723,0.2419409569053274,0.9222938581608416,0.0697319307770614,0.8633725530529698,0.7699325431688837,0.7649437361899609,0.4649663605902246
S1_DROP_TOP1,1,L0_STAGE15_MATCHED,B0_REFERENCE,1.0,A2_W0::2018->2019,16,0.360509019717522,0.3473640050342609,0.1445951615158719,0.9134386799049083,0.0778912040274087,0.886577787752715,0.7438726527124607,0.6638451442578966,0.4857079466479048
S1_DROP_TOP1,1,L0_STAGE15_MATCHED,B0_REFERENCE,1.0,A2_W0::2019->2020,17,0.482536866614924,0.2017962080053221,0.2017962080053221,0.8719370218427763,0.1101008981040026,0.8733695235122517,0.7701253480516006,0.7220167300857838,0.4555595096668115
S1_DROP_TOP1,1,L0_STAGE15_MATCHED,B0_REFERENCE,1.0,A2_W0::2020->2021,18,0.1479465025446798,0.483370813113978,0.207006746360516,0.8761983666706119,0.1074683394484554,0.8455146637985806,0.7524522193964608,0.6304463366635933,0.4494738362796781
S1_DROP_TOP1,1,L0_STAGE15_MATCHED,B0_REFERENCE,1.0,A2_W0::2021->2022,19,0.092704219496986,0.6202452712533777,0.1985034296404074,0.8993972147162752,0.0924963625025982,0.8689133279135859,0.8390512129502451,0.7272354209439831,0.5353803478874789
S1_DROP_TOP1,1,L0_STAGE15_MATCHED,B0_REFERENCE,1.0,A2_W0::2022->2023,20,0.3500533617929562,0.5901814300960512,0.0220562077552472,0.983279971540377,0.0163642831732479,0.945001382789796,0.8941157390043404,0.9038925993137936,0.6633237158495443
S1_DROP_TOP1,1,L0_STAGE15_MATCHED,B2_COMMON_NODE_EQUAL_DENSITY,1.0,A2_W0::2002->2003,0,0.5,0.5,0.0,0.7857142857142857,0.2142857142857142,0.9999999999251727,0.999999999959114,0.0,0.0
S1_DROP_TOP1,1,L0_STAGE15_MATCHED,B2_COMMON_NODE_EQUAL_DENSITY,1.0,A2_W0::2003->2004,1,0.5,0.5,0.0,0.8888888888888888,0.1111111111111111,0.9999999999341896,0.9999999999707244,0.0,0.0
S1_DROP_TOP1,1,L0_STAGE15_MATCHED,B2_COMMON_NODE_EQUAL_DENSITY,1.0,A2_W0::2004->2005,2,0.4375,0.4375,0.0,0.875,0.125,0.9662119466406986,0.7258561450977357,0.0,0.2486479938503183
S1_DROP_TOP1,1,L0_STAGE15_MATCHED,B2_COMMON_NODE_EQUAL_DENSITY,1.0,A2_W0::2005->2006,3,0.5,0.5,0.0,0.8333333333333334,0.1666666666666666,0.7745966692352603,0.816496581007942,0.0,0.0
S1_DROP_TOP1,1,L0_STAGE15_MATCHED,B2_COMMON_NODE_EQUAL_DENSITY,1.0,A2_W0::2006->2007,4,0.5,0.5,0.0,0.8269230769230769,0.1538461538461538,0.6988362417881279,0.9354143464978176,0.9999999998987048,0.0
S1_DROP_TOP1,1,L0_STAGE15_MATCHED,B2_COMMON_NODE_EQUAL_DENSITY,1.0,A2_W0::2007->2008,5,0.4545454545454545,0.4545454545454545,0.0382775119617224,0.8947368421052632,0.0909090909090909,0.9667664763259748,0.9076314565512577,0.8747298576000426,0.3786928342807596
S1_DROP_TOP1,1,L0_STAGE15_MATCHED,B2_COMMON_NODE_EQUAL_DENSITY,1.0,A2_W0::2008->2009,6,0.4837209302325581,0.4837209302325581,0.013953488372093,0.9348837209302324,0.0604651162790697,0.9931922052413116,0.901107636515578,0.0726294866818477,0.3451276895376838
S1_DROP_TOP1,1,L0_STAGE15_MATCHED,B2_COMMON_NODE_EQUAL_DENSITY,1.0,A2_W0::2009->2010,7,0.450261780104712,0.450261780104712,0.0366492146596858,0.8900523560209425,0.0732984293193717,0.9615060010791244,0.9315421759440418,0.8496653225892922,0.3529018114098508
S1_DROP_TOP1,1,L0_STAGE15_MATCHED,B2_COMMON_NODE_EQUAL_DENSITY,1.0,A2_W0::2010->2011,8,0.4307692307692308,0.4307692307692308,0.0307692307692307,0.8769230769230769,0.082051282051282,0.9500889984309142,0.8824803110930537,0.6543049713303496,0.2881409761971579
S1_DROP_TOP1,1,L0_STAGE15_MATCHED,B2_COMMON_NODE_EQUAL_DENSITY,1.0,A2_W0::2011->2012,9,0.4430379746835443,0.4430379746835443,0.0337552742616033,0.8396624472573839,0.1308016877637131,0.9568586626867044,0.9426359533087632,0.7049446226027173,0.3455638923982541
S1_DROP_TOP1,1,L0_STAGE15_MATCHED,B2_COMMON_NODE_EQUAL_DENSITY,1.0,A2_W0::2012->2013,10,0.4454976303317535,0.4454976303317535,0.0426540284360189,0.8293838862559242,0.1540284360189573,0.9546885967462708,0.927681463225356,0.7733211961760976,0.2606567423963017
S1_DROP_TOP1,1,L0_STAGE15_MATCHED,B2_COMMON_NODE_EQUAL_DENSITY,1.0,A2_W0::2013->2014,11,0.4442148760330578,0.4442148760330578,0.0371900826446281,0.762396694214876,0.2045454545454545,0.9692597396180916,0.8764917006119707,0.936151819813026,0.35329129430064
S1_DROP_TOP1,1,L0_STAGE15_MATCHED,B2_COMMON_NODE_EQUAL_DENSITY,1.0,A2_W0::2014->2015,12,0.4428571428571428,0.4428571428571428,0.0414285714285714,0.8328571428571429,0.1371428571428571,0.9670185273842236,0.8352349399105099,0.8913656049702842,0.3323069828719177
S1_DROP_TOP1,1,L0_STAGE15_MATCHED,B2_COMMON_NODE_EQUAL_DENSITY,1.0,A2_W0::2015->2016,13,0.4647887323943662,0.4647887323943662,0.0550576184379001,0.8169014084507042,0.1587708066581306,0.9776899811145224,0.936363933571149,0.9032079274848398,0.3830565872025573
S1_DROP_TOP1,1,L0_STAGE15_MATCHED,B2_COMMON_NODE_EQUAL_DENSITY,1.0,A2_W0::2016->2017,14,0.4307116104868914,0.4307116104868914,0.0674157303370786,0.7930711610486891,0.1853932584269663,0.9588308199496328,0.8337635599518106,0.7666154937674305,0.2580342418366408
S1_DROP_TOP1,1,L0_STAGE15_MATCHED,B2_COMMON_NODE_EQUAL_DENSITY,1.0,A2_W0::2017->2018,15,0.4355322338830584,0.4355322338830584,0.1124437781109445,0.7361319340329835,0.2338830584707646,0.9705143322454586,0.8825326578996409,0.7616061137123161,0.4116839645114514
S1_DROP_TOP1,1,L0_STAGE15_MATCHED,B2_COMMON_NODE_EQUAL_DENSITY,1.0,A2_W0::2018->2019,16,0.4214022140221402,0.4214022140221402,0.1291512915129151,0.6671586715867158,0.2937269372693727,0.9670254123545194,0.850789395141716,0.6973484459601123,0.2843976130409775
S1_DROP_TOP1,1,L0_STAGE15_MATCHED,B2_COMMON_NODE_EQUAL_DENSITY,1.0,A2_W0::2019->2020,17,0.4453924914675768,0.4453924914675768,0.0875995449374289,0.552901023890785,0.3714448236632537,0.982112085439027,0.9316143967407952,0.7766862591677387,0.3104956902832894
S1_DROP_TOP1,1,L0_STAGE15_MATCHED,B2_COMMON_NODE_EQUAL_DENSITY,1.0,A2_W0::2020->2021,18,0.4381412190706095,0.4381412190706095,0.0675920337960169,0.5582377791188896,0.3735666867833433,0.9887351755965254,0.9055191883766848,0.7012935656841199,0.2741783360045804
S1_DROP_TOP1,1,L0_STAGE15_MATCHED,B2_COMMON_NODE_EQUAL_DENSITY,1.0,A2_W0::2021->2022,19,0.4623513870541612,0.4623513870541612,0.0330250990752972,0.6142668428005285,0.3474240422721268,0.984097814635282,0.9442169321886562,0.8480647684337739,0.3151790132070068
S1_DROP_TOP1,1,L0_STAGE15_MATCHED,B2_COMMON_NODE_EQUAL_DENSITY,1.0,A2_W0::2022->2023,20,0.4678899082568807,0.4678899082568807,0.0091743119266055,0.8960244648318043,0.1009174311926605,0.976158358015899,0.9630404509739258,0.9999999999695792,0.478145930061611
S1_DROP_TOP1,1,L0_STAGE15_MATCHED,B2_COMMON_NODE_EQUAL_DENSITY,0.75,A2_W0::2002->2003,0,0.5,0.5,0.0,0.7,0.3,0.9999999999592354,0.999999999959114,0.0,0.0
S1_DROP_TOP1,1,L0_STAGE15_MATCHED,B2_COMMON_NODE_EQUAL_DENSITY,0.75,A2_W0::2003->2004,1,0.5,0.5,0.0,0.8571428571428571,0.1428571428571428,0.9999999999424396,0.9999999999707244,0.0,0.0
S1_DROP_TOP1,1,L0_STAGE15_MATCHED,B2_COMMON_NODE_EQUAL_DENSITY,0.75,A2_W0::2004->2005,2,0.4615384615384615,0.4615384615384615,0.0,0.8461538461538461,0.1538461538461538,0.9999999999591408,0.7258561450977357,0.0,0.2318065721455462
S1_DROP_TOP1,1,L0_STAGE15_MATCHED,B2_COMMON_NODE_EQUAL_DENSITY,0.75,A2_W0::2005->2006,3,0.5,0.5,0.0,0.75,0.25,0.8164965809481485,0.816496581007942,0.0,0.0
S1_DROP_TOP1,1,L0_STAGE15_MATCHED,B2_COMMON_NODE_EQUAL_DENSITY,0.75,A2_W0::2006->2007,4,0.5,0.5,0.0,0.8157894736842105,0.1578947368421052,0.7184212080059563,0.9128709290603092,0.9999999998987048,0.0
S1_DROP_TOP1,1,L0_STAGE15_MATCHED,B2_COMMON_NODE_EQUAL_DENSITY,0.75,A2_W0::2007->2008,5,0.4620253164556962,0.4620253164556962,0.0379746835443038,0.8734177215189873,0.1075949367088607,0.9676933840240964,0.9676881218607996,0.8747298576000426,0.3466517435352367
S1_DROP_TOP1,1,L0_STAGE15_MATCHED,B2_COMMON_NODE_EQUAL_DENSITY,0.75,A2_W0::2008->2009,6,0.4907975460122699,0.4907975460122699,0.0,0.9202453987730062,0.0736196319018405,0.9936571657380492,0.9623094975143768,0.9999999996574468,0.2681164851985886
S1_DROP_TOP1,1,L0_STAGE15_MATCHED,B2_COMMON_NODE_EQUAL_DENSITY,0.75,A2_W0::2009->2010,7,0.4697986577181208,0.4697986577181208,0.0201342281879194,0.8657718120805369,0.0939597315436241,0.977694639710456,0.9495134556721598,0.9144140190200494,0.3246155982207925
S1_DROP_TOP1,1,L0_STAGE15_MATCHED,B2_COMMON_NODE_EQUAL_DENSITY,0.75,A2_W0::2010->2011,8,0.4236111111111111,0.4236111111111111,0.0416666666666666,0.8472222222222222,0.0972222222222222,0.9443195814264648,0.8643884705923437,0.7095992420451142,0.2412852226544234
S1_DROP_TOP1,1,L0_STAGE15_MATCHED,B2_COMMON_NODE_EQUAL_DENSITY,0.75,A2_W0::2011->2012,9,0.4619565217391304,0.4619565217391304,0.0217391304347826,0.8152173913043478,0.1467391304347826,0.9751257066078172,0.9479837722136668,0.7895208521023512,0.2997738604200782
S1_DROP_TOP1,1,L0_STAGE15_MATCHED,B2_COMMON_NODE_EQUAL_DENSITY,0.75,A2_W0::2012->2013,10,0.4582043343653251,0.4582043343653251,0.0309597523219814,0.8421052631578947,0.1393188854489164,0.9669838710606116,0.922098372556261,0.8327750491483251,0.1676363686000808
S1_DROP_TOP1,1,L0_STAGE15_MATCHED,B2_COMMON_NODE_EQUAL_DENSITY,0.75,A2_W0::2013->2014,11,0.4613333333333333,0.4613333333333333,0.032,0.7226666666666667,0.2373333333333333,0.9846330385160904,0.9024926857824722,0.9662234239308618,0.3336733303350478
S1_DROP_TOP1,1,L0_STAGE15_MATCHED,B2_COMMON_NODE_EQUAL_DENSITY,0.75,A2_W0::2014->2015,12,0.4643510054844607,0.4643510054844607,0.0457038391224862,0.7952468007312614,0.1681901279707495,0.980844141389948,0.9172647079720114,0.8855841427584099,0.3032164806073348
S1_DROP_TOP1,1,L0_STAGE15_MATCHED,B2_COMMON_NODE_EQUAL_DENSITY,0.75,A2_W0::2015->2016,13,0.466893039049236,0.466893039049236,0.0475382003395585,0.7894736842105263,0.1799660441426146,0.9763769482115072,0.953941097138145,0.8975245786500109,0.3301260457211631
S1_DROP_TOP1,1,L0_STAGE15_MATCHED,B2_COMMON_NODE_EQUAL_DENSITY,0.75,A2_W0::2016->2017,14,0.4321295143212951,0.4321295143212951,0.0684931506849315,0.7546699875466999,0.2191780821917808,0.9604807126694166,0.8580188193437194,0.7720125154771138,0.2558611492078938
S1_DROP_TOP1,1,L0_STAGE15_MATCHED,B2_COMMON_NODE_EQUAL_DENSITY,0.75,A2_W0::2017->2018,15,0.4321608040201005,0.4321608040201005,0.1185929648241206,0.6914572864321608,0.2703517587939698,0.9694921924927614,0.8916467753384588,0.7610103308350077,0.4085469386561848
S1_DROP_TOP1,1,L0_STAGE15_MATCHED,B2_COMMON_NODE_EQUAL_DENSITY,0.75,A2_W0::2018->2019,16,0.4458058435438266,0.4458058435438266,0.0857681432610744,0.6399622997172478,0.3166823751178134,0.989307257819654,0.8893949706083618,0.7039558340962181,0.2491067927637632
S1_DROP_TOP1,1,L0_STAGE15_MATCHED,B2_COMMON_NODE_EQUAL_DENSITY,0.75,A2_W0::2019->2020,17,0.4556962025316455,0.4556962025316455,0.0737155621742367,0.5182427401340283,0.3931496649292628,0.9838736964689327,0.9533739994099084,0.8225152119726843,0.292069038418671
S1_DROP_TOP1,1,L0_STAGE15_MATCHED,B2_COMMON_NODE_EQUAL_DENSITY,0.75,A2_W0::2020->2021,18,0.4490923441199684,0.4490923441199684,0.0513022888713496,0.5090765588003157,0.4056827150749802,0.9950394651044934,0.9351459412151925,0.7307710806755184,0.2456373867586042
S1_DROP_TOP1,1,L0_STAGE15_MATCHED,B2_COMMON_NODE_EQUAL_DENSITY,0.75,A2_W0::2021->2022,19,0.4677137870855148,0.4677137870855148,0.0279232111692844,0.5741710296684118,0.3804537521815008,0.985739531455692,0.958308099895087,0.8568590404042045,0.2835190386198767
S1_DROP_TOP1,1,L0_STAGE15_MATCHED,B2_COMMON_NODE_EQUAL_DENSITY,0.75,A2_W0::2022->2023,20,0.4736842105263157,0.4736842105263157,0.0040485829959514,0.8663967611336032,0.1295546558704453,0.9778341543200108,0.9845418462208224,0.9999999999695792,0.4503405812459737
S1_DROP_TOP1,1,L0_STAGE15_MATCHED,B2_COMMON_NODE_EQUAL_DENSITY,0.5,A2_W0::2002->2003,0,0.5,0.5,0.0,0.8333333333333334,0.1666666666666666,0.9999999999605768,0.9999999999863896,0.0,0.0
S1_DROP_TOP1,1,L0_STAGE15_MATCHED,B2_COMMON_NODE_EQUAL_DENSITY,0.5,A2_W0::2003->2004,1,0.5,0.5,0.0,0.75,0.25,0.999999999970637,0.9999999999707244,0.0,0.0
S1_DROP_TOP1,1,L0_STAGE15_MATCHED,B2_COMMON_NODE_EQUAL_DENSITY,0.5,A2_W0::2004->2005,2,0.5,0.5,0.0,1.0,0.0,0.999999999965702,0.0,0.0,0.0
S1_DROP_TOP1,1,L0_STAGE15_MATCHED,B2_COMMON_NODE_EQUAL_DENSITY,0.5,A2_W0::2005->2006,3,0.5,0.5,0.0,0.75,0.25,0.912870929161889,0.7071067813741267,0.0,0.0
S1_DROP_TOP1,1,L0_STAGE15_MATCHED,B2_COMMON_NODE_EQUAL_DENSITY,0.5,A2_W0::2006->2007,4,0.5,0.5,0.0,0.7692307692307693,0.1923076923076923,0.7416198486447012,0.8944271909368102,0.9999999998987048,0.0
S1_DROP_TOP1,1,L0_STAGE15_MATCHED,B2_COMMON_NODE_EQUAL_DENSITY,0.5,A2_W0::2007->2008,5,0.4722222222222222,0.4722222222222222,0.0,0.8611111111111112,0.1203703703703703,0.9785034580594272,0.9755673961421398,0.8048158088929006,0.344622574962344
S1_DROP_TOP1,1,L0_STAGE15_MATCHED,B2_COMMON_NODE_EQUAL_DENSITY,0.5,A2_W0::2008->2009,6,0.4859813084112149,0.4859813084112149,0.0,0.9065420560747663,0.0841121495327102,0.9901743285244494,0.9494135517193604,0.9999999996574468,0.2681164851985886
S1_DROP_TOP1,1,L0_STAGE15_MATCHED,B2_COMMON_NODE_EQUAL_DENSITY,0.5,A2_W0::2009->2010,7,0.4851485148514851,0.4851485148514851,0.0099009900990099,0.8316831683168316,0.1089108910891089,0.9940437436626196,0.9621457176112032,0.9144140190200494,0.2596248730119492
S1_DROP_TOP1,1,L0_STAGE15_MATCHED,B2_COMMON_NODE_EQUAL_DENSITY,0.5,A2_W0::2010->2011,8,0.4086021505376344,0.4086021505376344,0.032258064516129,0.8387096774193549,0.0967741935483871,0.9226859378972502,0.843786139103639,0.8175473608087497,0.2200703233335586
S1_DROP_TOP1,1,L0_STAGE15_MATCHED,B2_COMMON_NODE_EQUAL_DENSITY,0.5,A2_W0::2011->2012,9,0.4677419354838709,0.4677419354838709,0.032258064516129,0.7741935483870968,0.1854838709677419,0.9851574224488516,0.9610425643321544,0.6875175972755998,0.3117773707713118
S1_DROP_TOP1,1,L0_STAGE15_MATCHED,B2_COMMON_NODE_EQUAL_DENSITY,0.5,A2_W0::2012->2013,10,0.4753363228699551,0.4753363228699551,0.0224215246636771,0.8071748878923767,0.1748878923766816,0.9861849147361172,0.9503845131291384,0.7350315803165851,0.201811674305468
S1_DROP_TOP1,1,L0_STAGE15_MATCHED,B2_COMMON_NODE_EQUAL_DENSITY,0.5,A2_W0::2013->2014,11,0.4765625,0.4765625,0.02734375,0.671875,0.27734375,0.9941747117658808,0.93752901895993,0.9609216559954789,0.185283604460971
S1_DROP_TOP1,1,L0_STAGE15_MATCHED,B2_COMMON_NODE_EQUAL_DENSITY,0.5,A2_W0::2014->2015,12,0.4475920679886686,0.4475920679886686,0.0679886685552408,0.6968838526912181,0.2464589235127478,0.96969896220074,0.9122818309597844,0.8855841427584099,0.3035554584638107
S1_DROP_TOP1,1,L0_STAGE15_MATCHED,B2_COMMON_NODE_EQUAL_DENSITY,0.5,A2_W0::2015->2016,13,0.4557291666666667,0.4557291666666667,0.0625,0.7239583333333334,0.2291666666666666,0.9637790659942268,0.9616429587597004,0.8975245786500109,0.3474454370901343
S1_DROP_TOP1,1,L0_STAGE15_MATCHED,B2_COMMON_NODE_EQUAL_DENSITY,0.5,A2_W0::2016->2017,14,0.4242424242424242,0.4242424242424242,0.0700757575757575,0.6628787878787878,0.2973484848484848,0.9538142326873946,0.8814974921717222,0.7720125154771138,0.2481825417269894
S1_DROP_TOP1,1,L0_STAGE15_MATCHED,B2_COMMON_NODE_EQUAL_DENSITY,0.5,A2_W0::2017->2018,15,0.4388059701492537,0.4388059701492537,0.1074626865671641,0.6194029850746269,0.3283582089552239,0.97594427602142,0.9182514954929334,0.7650502805683416,0.4021337347874562
S1_DROP_TOP1,1,L0_STAGE15_MATCHED,B2_COMMON_NODE_EQUAL_DENSITY,0.5,A2_W0::2018->2019,16,0.4540389972144846,0.4540389972144846,0.075208913649025,0.5919220055710307,0.3523676880222841,0.993088621777776,0.9249266896585476,0.7091891005222349,0.236848322219491
S1_DROP_TOP1,1,L0_STAGE15_MATCHED,B2_COMMON_NODE_EQUAL_DENSITY,0.5,A2_W0::2019->2020,17,0.4606866002214839,0.4606866002214839,0.0708748615725359,0.4739756367663344,0.4119601328903654,0.9875857726404388,0.9584012619402532,0.8725630056208654,0.2796972353049367
S1_DROP_TOP1,1,L0_STAGE15_MATCHED,B2_COMMON_NODE_EQUAL_DENSITY,0.5,A2_W0::2020->2021,18,0.4624277456647399,0.4624277456647399,0.0450867052023121,0.4716763005780346,0.423121387283237,0.997606032061866,0.9643358864134464,0.7902049599043319,0.2229462993384807
S1_DROP_TOP1,1,L0_STAGE15_MATCHED,B2_COMMON_NODE_EQUAL_DENSITY,0.5,A2_W0::2021->2022,19,0.4847715736040609,0.4847715736040609,0.0126903553299492,0.565989847715736,0.3756345177664975,0.9999999999178664,0.9768163645379818,0.8917079820216223,0.205240303420183
S1_DROP_TOP1,1,L0_STAGE15_MATCHED,B2_COMMON_NODE_EQUAL_DENSITY,0.5,A2_W0::2022->2023,20,0.4759036144578313,0.4759036144578313,0.0060240963855421,0.8493975903614458,0.144578313253012,0.979724388547283,0.979334908351406,0.9999999999695792,0.4120933557280615
S1_DROP_TOP1,1,L1_EXTENDED,B0_REFERENCE,1.0,A2_W0::2002->2003,0,0.8009049773755657,0.1809954751131221,0.0090497737556561,0.9773755656108596,0.0226244343891402,0.7120978370528604,0.9542960782514892,0.0,0.8779806888981213
S1_DROP_TOP1,1,L1_EXTENDED,B0_REFERENCE,1.0,A2_W0::2003->2004,1,0.3489208633093525,0.5287769784172662,0.0863309352517985,0.9784172661870504,0.0215827338129496,0.8095150772833439,0.7661356431260533,0.0,0.7624914610843951
S1_DROP_TOP1,1,L1_EXTENDED,B0_REFERENCE,1.0,A2_W0::2004->2005,2,0.4822134387351778,0.3675889328063241,0.0276679841897233,0.9723320158102768,0.0276679841897233,0.8352886321808677,0.5210561656414101,0.0,0.4147428575821707
S1_DROP_TOP1,1,L1_EXTENDED,B0_REFERENCE,1.0,A2_W0::2005->2006,3,0.0643274853801169,0.8362573099415205,0.0409356725146198,0.9473684210526316,0.0526315789473684,0.8425417180824393,0.8164966037016274,0.0,0.5940885265469849
S1_DROP_TOP1,1,L1_EXTENDED,B0_REFERENCE,1.0,A2_W0::2006->2007,4,0.9628647214854112,0.0185676392572944,0.0092838196286472,0.9774535809018567,0.019893899204244,0.7476784508857408,0.966091792847988,0.9999999996646408,0.7071067958463825
S1_DROP_TOP1,1,L1_EXTENDED,B0_REFERENCE,1.0,A2_W0::2007->2008,5,0.5454545454545454,0.3433660933660933,0.0466830466830466,0.9797297297297296,0.0184275184275184,0.8254729237929181,0.7828996181694563,0.6566721405383097,0.5437919835455431
S1_DROP_TOP1,1,L1_EXTENDED,B0_REFERENCE,1.0,A2_W0::2008->2009,6,0.3425584255842558,0.5713407134071341,0.045510455104551,0.97539975399754,0.0227552275522755,0.9112540995196242,0.8579173197160334,0.8174857878779443,0.4797822944678735
S1_DROP_TOP1,1,L1_EXTENDED,B0_REFERENCE,1.0,A2_W0::2009->2010,7,0.4575875486381323,0.3712062256809338,0.0264591439688715,0.9758754863813228,0.0178988326848249,0.867583409865003,0.8771537627537658,0.8471874574812108,0.5059869055541011
S1_DROP_TOP1,1,L1_EXTENDED,B0_REFERENCE,1.0,A2_W0::2010->2011,8,0.3525641025641026,0.4399038461538461,0.0376602564102564,0.9719551282051282,0.0216346153846153,0.8588416851908621,0.7923342137652892,0.641080189687017,0.5270961649134879
S1_DROP_TOP1,1,L1_EXTENDED,B0_REFERENCE,1.0,A2_W0::2011->2012,9,0.6793577981651376,0.2105504587155963,0.0568807339449541,0.9706422018348624,0.0238532110091743,0.95435211827096,0.8879410873029565,0.8314885901749586,0.6535883978937898
S1_DROP_TOP1,1,L1_EXTENDED,B0_REFERENCE,1.0,A2_W0::2012->2013,10,0.3984620761971338,0.4865431667249213,0.0583711988815099,0.963299545613422,0.0328556448794127,0.9517600450412166,0.8732109117435053,0.8236784820804545,0.5903285876571825
S1_DROP_TOP1,1,L1_EXTENDED,B0_REFERENCE,1.0,A2_W0::2013->2014,11,0.5270444301352222,0.3097231165486155,0.0840309079201545,0.9568576947842884,0.0379909851899549,0.9366318404276428,0.7994413293726921,0.9216726093141748,0.5334566915927219
S1_DROP_TOP1,1,L1_EXTENDED,B0_REFERENCE,1.0,A2_W0::2014->2015,12,0.2563302115851543,0.3548387096774194,0.057925771765522,0.9524800554977454,0.0402358654179673,0.8065765046029372,0.7400451788628404,0.8538721846711587,0.4351768273543623
S1_DROP_TOP1,1,L1_EXTENDED,B0_REFERENCE,1.0,A2_W0::2015->2016,13,0.4953879544221378,0.3049376017362995,0.0895279435702658,0.9484536082474226,0.0453065653825284,0.9210867262792936,0.8076652874258592,0.8047837702750428,0.5814660161042908
S1_DROP_TOP1,1,L1_EXTENDED,B0_REFERENCE,1.0,A2_W0::2016->2017,14,0.4255605381165919,0.2587443946188341,0.1233183856502242,0.9367713004484304,0.0567264573991031,0.8454464864294176,0.7436770867293828,0.7594692227043951,0.4964361186952284
S1_DROP_TOP1,1,L1_EXTENDED,B0_REFERENCE,1.0,A2_W0::2017->2018,15,0.4431531076301162,0.2238504295098534,0.2526528549772612,0.922351355903655,0.069395317500421,0.8585476948875836,0.7683048193220949,0.7683343859990497,0.4736396186721012
S1_DROP_TOP1,1,L1_EXTENDED,B0_REFERENCE,1.0,A2_W0::2018->2019,16,0.3573221757322176,0.3542538354253835,0.1483960948396094,0.912831241283124,0.0783821478382147,0.8859191891961925,0.7448398104806101,0.6597262880779389,0.478286567010826
S1_DROP_TOP1,1,L1_EXTENDED,B0_REFERENCE,1.0,A2_W0::2019->2020,17,0.4834318866450965,0.1984826508981368,0.2078545129978802,0.8712484659154301,0.1109003681802967,0.8769532029420986,0.7683508294679657,0.7196149785476049,0.4549750528514369
S1_DROP_TOP1,1,L1_EXTENDED,B0_REFERENCE,1.0,A2_W0::2020->2021,18,0.1446600785807834,0.483033694487439,0.2141921657340159,0.8754613644481486,0.1079890463150375,0.8472497083017944,0.7485896115697748,0.6340963633456314,0.4504123653716425
S1_DROP_TOP1,1,L1_EXTENDED,B0_REFERENCE,1.0,A2_W0::2021->2022,19,0.0779358674877893,0.657889148439159,0.2013166277341261,0.8982798895731577,0.0936504565725207,0.8770432564860136,0.838848889945006,0.7136834383109286,0.4531145001840766
S1_DROP_TOP1,1,L1_EXTENDED,B0_REFERENCE,1.0,A2_W0::2022->2023,20,0.432546671363156,0.4698837618879887,0.0154984149348362,0.9841493483620992,0.0154984149348362,0.9389869875008408,0.8876719912776808,0.9031276227856382,0.8126840624956627
S1_DROP_TOP1,1,L1_EXTENDED,B2_COMMON_NODE_EQUAL_DENSITY,1.0,A2_W0::2002->2003,0,0.5,0.5,0.0,0.7857142857142857,0.2142857142857142,0.9999999999237934,0.9999999999590488,0.0,0.0
S1_DROP_TOP1,1,L1_EXTENDED,B2_COMMON_NODE_EQUAL_DENSITY,1.0,A2_W0::2003->2004,1,0.5,0.5,0.0,0.8888888888888888,0.1111111111111111,0.9999999999343228,0.9999999999704284,0.0,0.0
S1_DROP_TOP1,1,L1_EXTENDED,B2_COMMON_NODE_EQUAL_DENSITY,1.0,A2_W0::2004->2005,2,0.4375,0.4375,0.0,0.875,0.125,0.9331335552948422,0.999999999929143,0.0,0.3084925033896106
S1_DROP_TOP1,1,L1_EXTENDED,B2_COMMON_NODE_EQUAL_DENSITY,1.0,A2_W0::2005->2006,3,0.4705882352941176,0.4705882352941176,0.0,0.7058823529411765,0.2941176470588235,0.8164965811366669,0.774596713272875,0.0,0.9999999999717366
S1_DROP_TOP1,1,L1_EXTENDED,B2_COMMON_NODE_EQUAL_DENSITY,1.0,A2_W0::2006->2007,4,0.48,0.48,0.04,0.76,0.22,0.7433919514112383,0.7977240546047323,0.9999999998949346,0.9999999998409398
S1_DROP_TOP1,1,L1_EXTENDED,B2_COMMON_NODE_EQUAL_DENSITY,1.0,A2_W0::2007->2008,5,0.438423645320197,0.438423645320197,0.0738916256157635,0.896551724137931,0.0886699507389162,0.9472607690824864,0.958902314528611,0.6566721405383097,0.3551720885110511
S1_DROP_TOP1,1,L1_EXTENDED,B2_COMMON_NODE_EQUAL_DENSITY,1.0,A2_W0::2008->2009,6,0.4861111111111111,0.4861111111111111,0.0092592592592592,0.925925925925926,0.0601851851851851,0.99329149442995,0.9042779883651696,0.9999999996365784,0.399153590061342
S1_DROP_TOP1,1,L1_EXTENDED,B2_COMMON_NODE_EQUAL_DENSITY,1.0,A2_W0::2009->2010,7,0.450261780104712,0.450261780104712,0.0366492146596858,0.8848167539267016,0.0732984293193717,0.9615267247467126,0.9258641199135148,0.8686728909811275,0.3467190230076995
S1_DROP_TOP1,1,L1_EXTENDED,B2_COMMON_NODE_EQUAL_DENSITY,1.0,A2_W0::2010->2011,8,0.4278350515463917,0.4278350515463917,0.0412371134020618,0.8814432989690721,0.0773195876288659,0.947399093237248,0.8752313117360733,0.6463145797552423,0.2875916177529169
S1_DROP_TOP1,1,L1_EXTENDED,B2_COMMON_NODE_EQUAL_DENSITY,1.0,A2_W0::2011->2012,9,0.4406779661016949,0.4406779661016949,0.0381355932203389,0.8432203389830508,0.1228813559322034,0.9543489405418268,0.9190940508812256,0.8278367267873873,0.3394001963464598
S1_DROP_TOP1,1,L1_EXTENDED,B2_COMMON_NODE_EQUAL_DENSITY,1.0,A2_W0::2012->2013,10,0.4454976303317535,0.4454976303317535,0.0331753554502369,0.8364928909952607,0.1445497630331753,0.9542009324826168,0.9234845039966412,0.8039641744213398,0.2377157533178436
S1_DROP_TOP1,1,L1_EXTENDED,B2_COMMON_NODE_EQUAL_DENSITY,1.0,A2_W0::2013->2014,11,0.4465020576131687,0.4465020576131687,0.037037037037037,0.7633744855967078,0.2037037037037037,0.9697134611388696,0.88579277274134,0.9355822704087988,0.3549371316877012
S1_DROP_TOP1,1,L1_EXTENDED,B2_COMMON_NODE_EQUAL_DENSITY,1.0,A2_W0::2014->2015,12,0.4444444444444444,0.4444444444444444,0.0427350427350427,0.8333333333333334,0.1367521367521367,0.9687737071844508,0.8404107853384922,0.8683657110382298,0.3334890868836661
S1_DROP_TOP1,1,L1_EXTENDED,B2_COMMON_NODE_EQUAL_DENSITY,1.0,A2_W0::2015->2016,13,0.462033462033462,0.462033462033462,0.0566280566280566,0.8172458172458172,0.157014157014157,0.9737733580325676,0.9410230977447565,0.8815689612376639,0.36140507294831
S1_DROP_TOP1,1,L1_EXTENDED,B2_COMMON_NODE_EQUAL_DENSITY,1.0,A2_W0::2016->2017,14,0.4301780693533271,0.4301780693533271,0.0702905342080599,0.795688847235239,0.1827553889409559,0.957158307718197,0.8365905231592558,0.7635711516926529,0.2551527251584913
S1_DROP_TOP1,1,L1_EXTENDED,B2_COMMON_NODE_EQUAL_DENSITY,1.0,A2_W0::2017->2018,15,0.4329819277108434,0.4329819277108434,0.1152108433734939,0.7341867469879518,0.233433734939759,0.9685826759870066,0.878134200821947,0.7928846848078479,0.415826871025096
S1_DROP_TOP1,1,L1_EXTENDED,B2_COMMON_NODE_EQUAL_DENSITY,1.0,A2_W0::2018->2019,16,0.422680412371134,0.422680412371134,0.1244477172312223,0.6730486008836525,0.2886597938144329,0.969017196546473,0.8491725462973668,0.6860862368878322,0.2877400751179215
S1_DROP_TOP1,1,L1_EXTENDED,B2_COMMON_NODE_EQUAL_DENSITY,1.0,A2_W0::2019->2020,17,0.4450768355150825,0.4450768355150825,0.089356858281161,0.5532157085941947,0.3705179282868526,0.9815449654134126,0.930634812303707,0.7825487426033176,0.3082001564241435
S1_DROP_TOP1,1,L1_EXTENDED,B2_COMMON_NODE_EQUAL_DENSITY,1.0,A2_W0::2020->2021,18,0.4378019323671497,0.4378019323671497,0.0664251207729468,0.552536231884058,0.3743961352657005,0.9898516214835666,0.904113262355452,0.7254925580039107,0.2873604968069883
S1_DROP_TOP1,1,L1_EXTENDED,B2_COMMON_NODE_EQUAL_DENSITY,1.0,A2_W0::2021->2022,19,0.4602122015915119,0.4602122015915119,0.0371352785145888,0.6140583554376657,0.3461538461538461,0.9819567860564852,0.9390096538326504,0.8770674290207779,0.3069757967935999
S1_DROP_TOP1,1,L1_EXTENDED,B2_COMMON_NODE_EQUAL_DENSITY,1.0,A2_W0::2022->2023,20,0.4678899082568807,0.4678899082568807,0.0091743119266055,0.8990825688073395,0.0978593272171253,0.9753163794324952,0.976794223772749,0.9999999999701707,0.4974804347491191
S1_DROP_TOP1,1,L1_EXTENDED,B2_COMMON_NODE_EQUAL_DENSITY,0.75,A2_W0::2002->2003,0,0.5,0.5,0.0,0.7,0.3,0.9999999999563632,0.9999999999590488,0.0,0.0
S1_DROP_TOP1,1,L1_EXTENDED,B2_COMMON_NODE_EQUAL_DENSITY,0.75,A2_W0::2003->2004,1,0.5,0.5,0.0,0.8571428571428571,0.1428571428571428,0.9999999999418848,0.9999999999704284,0.0,0.0
S1_DROP_TOP1,1,L1_EXTENDED,B2_COMMON_NODE_EQUAL_DENSITY,0.75,A2_W0::2004->2005,2,0.5,0.5,0.0,0.8571428571428571,0.1428571428571428,0.9999999999571548,0.999999999929143,0.0,0.0
S1_DROP_TOP1,1,L1_EXTENDED,B2_COMMON_NODE_EQUAL_DENSITY,0.75,A2_W0::2005->2006,3,0.4545454545454545,0.4545454545454545,0.0,0.5454545454545454,0.4545454545454545,0.9128709292323612,0.774596713272875,0.0,0.9999999999717366
S1_DROP_TOP1,1,L1_EXTENDED,B2_COMMON_NODE_EQUAL_DENSITY,0.75,A2_W0::2006->2007,4,0.4864864864864865,0.4864864864864865,0.027027027027027,0.7027027027027027,0.2702702702702703,0.7595545393637645,0.7745966912550061,0.9999999998949346,0.9999999998949346
S1_DROP_TOP1,1,L1_EXTENDED,B2_COMMON_NODE_EQUAL_DENSITY,0.75,A2_W0::2007->2008,5,0.4295302013422818,0.4295302013422818,0.0805369127516778,0.8590604026845637,0.1208053691275167,0.9373998259883348,0.958902314528611,0.6566721405383097,0.3324154154708407
S1_DROP_TOP1,1,L1_EXTENDED,B2_COMMON_NODE_EQUAL_DENSITY,0.75,A2_W0::2008->2009,6,0.484472049689441,0.484472049689441,0.0124223602484472,0.9192546583850932,0.0683229813664596,0.990923670322508,0.9227602746156892,0.9999999996001592,0.3720081867116799
S1_DROP_TOP1,1,L1_EXTENDED,B2_COMMON_NODE_EQUAL_DENSITY,0.75,A2_W0::2009->2010,7,0.4662162162162162,0.4662162162162162,0.0067567567567567,0.8716216216216216,0.0878378378378378,0.970213026716742,0.9662392486209866,0.9161683321985078,0.2454877111293043
S1_DROP_TOP1,1,L1_EXTENDED,B2_COMMON_NODE_EQUAL_DENSITY,0.75,A2_W0::2010->2011,8,0.4315068493150685,0.4315068493150685,0.0410958904109589,0.8493150684931506,0.0958904109589041,0.947947962203222,0.9039188448239476,0.7074915945300901,0.2086129003914874
S1_DROP_TOP1,1,L1_EXTENDED,B2_COMMON_NODE_EQUAL_DENSITY,0.75,A2_W0::2011->2012,9,0.4677419354838709,0.4677419354838709,0.021505376344086,0.8225806451612904,0.1397849462365591,0.9784665710856532,0.9649988222653816,0.8002240017587012,0.3130515479667189
S1_DROP_TOP1,1,L1_EXTENDED,B2_COMMON_NODE_EQUAL_DENSITY,0.75,A2_W0::2012->2013,10,0.4565217391304347,0.4565217391304347,0.0217391304347826,0.8416149068322981,0.1428571428571428,0.9632318377688148,0.9368448256971836,0.7947834883013363,0.1860897378313701
S1_DROP_TOP1,1,L1_EXTENDED,B2_COMMON_NODE_EQUAL_DENSITY,0.75,A2_W0::2013->2014,11,0.4627659574468085,0.4627659574468085,0.0292553191489361,0.7207446808510638,0.2393617021276596,0.9862553041424248,0.9016530055954154,0.9662650394993664,0.3147916677109552
S1_DROP_TOP1,1,L1_EXTENDED,B2_COMMON_NODE_EQUAL_DENSITY,0.75,A2_W0::2014->2015,12,0.4613970588235294,0.4613970588235294,0.0514705882352941,0.7941176470588235,0.1691176470588235,0.98002319428928,0.9060613307758776,0.8877359448070601,0.3162683656922145
S1_DROP_TOP1,1,L1_EXTENDED,B2_COMMON_NODE_EQUAL_DENSITY,0.75,A2_W0::2015->2016,13,0.4659863945578231,0.4659863945578231,0.0459183673469387,0.7908163265306123,0.1785714285714285,0.975318920602112,0.956370850837178,0.8884176405346393,0.3381843751548745
S1_DROP_TOP1,1,L1_EXTENDED,B2_COMMON_NODE_EQUAL_DENSITY,0.75,A2_W0::2016->2017,14,0.4256926952141058,0.4256926952141058,0.0843828715365239,0.7518891687657431,0.2204030226700251,0.9540404274910544,0.8567108769268271,0.751058065379403,0.2642083083061012
S1_DROP_TOP1,1,L1_EXTENDED,B2_COMMON_NODE_EQUAL_DENSITY,0.75,A2_W0::2017->2018,15,0.4344344344344344,0.4344344344344344,0.1141141141141141,0.6966966966966966,0.2642642642642642,0.9690164021279962,0.8949649739776001,0.7842009873243556,0.4001612801017004
S1_DROP_TOP1,1,L1_EXTENDED,B2_COMMON_NODE_EQUAL_DENSITY,0.75,A2_W0::2018->2019,16,0.4458058435438266,0.4458058435438266,0.0838831291234684,0.6437323279924599,0.3157398680490104,0.9884854861529384,0.8921336466519617,0.6594793533226214,0.241198234459528
S1_DROP_TOP1,1,L1_EXTENDED,B2_COMMON_NODE_EQUAL_DENSITY,0.75,A2_W0::2019->2020,17,0.455290611028316,0.455290611028316,0.0760059612518628,0.518628912071535,0.3912071535022354,0.9838785352452628,0.9505549146592832,0.8324407619926563,0.2880085975439208
S1_DROP_TOP1,1,L1_EXTENDED,B2_COMMON_NODE_EQUAL_DENSITY,0.75,A2_W0::2020->2021,18,0.4486571879936809,0.4486571879936809,0.0560821484992101,0.504739336492891,0.4091627172195892,0.9950426687926374,0.9364569779827128,0.7279229296353847,0.2586536984061617
S1_DROP_TOP1,1,L1_EXTENDED,B2_COMMON_NODE_EQUAL_DENSITY,0.75,A2_W0::2021->2022,19,0.4686411149825784,0.4686411149825784,0.0278745644599303,0.5766550522648084,0.3763066202090592,0.9844842685524052,0.9625166398626366,0.862327132486914,0.2884998221455735
S1_DROP_TOP1,1,L1_EXTENDED,B2_COMMON_NODE_EQUAL_DENSITY,0.75,A2_W0::2022->2023,20,0.4693877551020408,0.4693877551020408,0.0040816326530612,0.8693877551020408,0.1265306122448979,0.9765560622263336,0.9760364644747908,0.9999999999701707,0.4940994391092931
S1_DROP_TOP1,1,L1_EXTENDED,B2_COMMON_NODE_EQUAL_DENSITY,0.5,A2_W0::2002->2003,0,0.5,0.5,0.0,0.6666666666666666,0.3333333333333333,0.999999999961382,0.9999999999610746,0.0,0.0
S1_DROP_TOP1,1,L1_EXTENDED,B2_COMMON_NODE_EQUAL_DENSITY,0.5,A2_W0::2003->2004,1,0.5,0.5,0.0,0.75,0.25,0.9999999999703906,0.9999999999704284,0.0,0.0
S1_DROP_TOP1,1,L1_EXTENDED,B2_COMMON_NODE_EQUAL_DENSITY,0.5,A2_W0::2004->2005,2,0.5,0.5,0.0,1.0,0.0,0.9999999999652872,0.0,0.0,0.0
S1_DROP_TOP1,1,L1_EXTENDED,B2_COMMON_NODE_EQUAL_DENSITY,0.5,A2_W0::2005->2006,3,0.4285714285714285,0.4285714285714285,0.0,0.7142857142857143,0.2857142857142857,0.9999999999298336,0.7071068983025625,0.0,0.9999999999717366
S1_DROP_TOP1,1,L1_EXTENDED,B2_COMMON_NODE_EQUAL_DENSITY,0.5,A2_W0::2006->2007,4,0.5,0.5,0.0,0.7307692307692307,0.2307692307692307,0.7608859293892752,0.8164966156574472,0.9999999998949408,0.0
S1_DROP_TOP1,1,L1_EXTENDED,B2_COMMON_NODE_EQUAL_DENSITY,0.5,A2_W0::2007->2008,5,0.4818181818181818,0.4818181818181818,0.0,0.8545454545454545,0.1272727272727272,0.9841917221264196,0.9999999998107304,0.8013432457758711,0.2897570327068405
S1_DROP_TOP1,1,L1_EXTENDED,B2_COMMON_NODE_EQUAL_DENSITY,0.5,A2_W0::2008->2009,6,0.4859813084112149,0.4859813084112149,0.0,0.9065420560747663,0.0841121495327102,0.9902691174174296,0.9491540768565436,0.9999999996549344,0.2765471067983834
S1_DROP_TOP1,1,L1_EXTENDED,B2_COMMON_NODE_EQUAL_DENSITY,0.5,A2_W0::2009->2010,7,0.48,0.48,0.01,0.85,0.1,0.9884839183377072,0.955878533820109,0.8984638532477286,0.2380982210672084
S1_DROP_TOP1,1,L1_EXTENDED,B2_COMMON_NODE_EQUAL_DENSITY,0.5,A2_W0::2010->2011,8,0.3956043956043956,0.3956043956043956,0.0549450549450549,0.8351648351648352,0.0989010989010989,0.9135461708366348,0.8458375136810119,0.7075942517863891,0.2140056250829622
S1_DROP_TOP1,1,L1_EXTENDED,B2_COMMON_NODE_EQUAL_DENSITY,0.5,A2_W0::2011->2012,9,0.4677419354838709,0.4677419354838709,0.032258064516129,0.782258064516129,0.1693548387096774,0.9814820366261722,0.9795099149099752,0.7618518197649622,0.3659781783536968
S1_DROP_TOP1,1,L1_EXTENDED,B2_COMMON_NODE_EQUAL_DENSITY,0.5,A2_W0::2012->2013,10,0.4776785714285714,0.4776785714285714,0.0089285714285714,0.8125,0.1696428571428571,0.9835113580987788,0.9740047326586796,0.734575381937274,0.1600181396690849
S1_DROP_TOP1,1,L1_EXTENDED,B2_COMMON_NODE_EQUAL_DENSITY,0.5,A2_W0::2013->2014,11,0.4724409448818897,0.4724409448818897,0.0354330708661417,0.6732283464566929,0.2755905511811024,0.9941446178242812,0.9221991730299898,0.9609699387155596,0.1963844969942174
S1_DROP_TOP1,1,L1_EXTENDED,B2_COMMON_NODE_EQUAL_DENSITY,0.5,A2_W0::2014->2015,12,0.4460227272727273,0.4460227272727273,0.0710227272727272,0.6903409090909091,0.2528409090909091,0.971688640341528,0.9027245678263244,0.8877359448070601,0.3130533267961044
S1_DROP_TOP1,1,L1_EXTENDED,B2_COMMON_NODE_EQUAL_DENSITY,0.5,A2_W0::2015->2016,13,0.4599483204134367,0.4599483204134367,0.0620155038759689,0.7157622739018088,0.2377260981912144,0.9689541016885174,0.965468774858773,0.8884176405346393,0.3605846792848925
S1_DROP_TOP1,1,L1_EXTENDED,B2_COMMON_NODE_EQUAL_DENSITY,0.5,A2_W0::2016->2017,14,0.4220532319391635,0.4220532319391635,0.0798479087452471,0.6615969581749049,0.2984790874524715,0.9516862919164688,0.8781408154535149,0.7686645069689086,0.2384228294089692
S1_DROP_TOP1,1,L1_EXTENDED,B2_COMMON_NODE_EQUAL_DENSITY,0.5,A2_W0::2017->2018,15,0.437125748502994,0.437125748502994,0.1107784431137724,0.6212574850299402,0.3263473053892216,0.9733845493462912,0.9178953431577288,0.7816147246030964,0.4119835270287402
S1_DROP_TOP1,1,L1_EXTENDED,B2_COMMON_NODE_EQUAL_DENSITY,0.5,A2_W0::2018->2019,16,0.4540389972144846,0.4540389972144846,0.0696378830083565,0.596100278551532,0.3481894150417827,0.9919071882779208,0.9239530115610602,0.7233799962545971,0.2287655043966999
S1_DROP_TOP1,1,L1_EXTENDED,B2_COMMON_NODE_EQUAL_DENSITY,0.5,A2_W0::2019->2020,17,0.4630650496141124,0.4630650496141124,0.0661521499448732,0.4785005512679162,0.4101433296582139,0.9912385692824508,0.9585434909030872,0.875115508517376,0.2883982510192501
S1_DROP_TOP1,1,L1_EXTENDED,B2_COMMON_NODE_EQUAL_DENSITY,0.5,A2_W0::2020->2021,18,0.4624277456647399,0.4624277456647399,0.0462427745664739,0.4716763005780346,0.4254335260115607,0.997598804915556,0.9670120895243572,0.7706973278242468,0.2158365731670484
S1_DROP_TOP1,1,L1_EXTENDED,B2_COMMON_NODE_EQUAL_DENSITY,0.5,A2_W0::2021->2022,19,0.4834605597964376,0.4834605597964376,0.0127226463104325,0.5750636132315522,0.3689567430025445,0.9981441027521486,0.9763540202729272,0.8862745423369552,0.226387926829775
S1_DROP_TOP1,1,L1_EXTENDED,B2_COMMON_NODE_EQUAL_DENSITY,0.5,A2_W0::2022->2023,20,0.4727272727272727,0.4727272727272727,0.006060606060606,0.8545454545454545,0.1393939393939394,0.978239266521391,0.9781256540949828,0.9999999999701707,0.4636840576920123
S1_DROP_TOP1,1,L2_HIGH,B0_REFERENCE,1.0,A2_W0::2002->2003,0,0.8505747126436781,0.0919540229885057,0.0229885057471264,0.971264367816092,0.028735632183908,0.8050622518668578,0.9523122657044196,0.0,0.8406935406946973
S1_DROP_TOP1,1,L2_HIGH,B0_REFERENCE,1.0,A2_W0::2003->2004,1,0.4785478547854785,0.429042904290429,0.0693069306930693,0.9801980198019802,0.0198019801980198,0.7742141904514231,0.8071050253970379,0.0,0.7776463467335515
S1_DROP_TOP1,1,L2_HIGH,B0_REFERENCE,1.0,A2_W0::2004->2005,2,0.3471698113207547,0.5207547169811321,0.030188679245283,0.9735849056603774,0.0264150943396226,0.8131187828305132,0.5511536949724068,0.0,0.4037752404564221
S1_DROP_TOP1,1,L2_HIGH,B0_REFERENCE,1.0,A2_W0::2005->2006,3,0.3487179487179487,0.5794871794871795,0.0307692307692307,0.958974358974359,0.041025641025641,0.7842023379414511,0.8660254146711384,0.0,0.654653671405859
S1_DROP_TOP1,1,L2_HIGH,B0_REFERENCE,1.0,A2_W0::2006->2007,4,0.8401559454191033,0.1091617933723196,0.0467836257309941,0.9649122807017544,0.0311890838206627,0.9123175078669716,0.9354143480175484,0.9999999996553688,0.8548504153500815
S1_DROP_TOP1,1,L2_HIGH,B0_REFERENCE,1.0,A2_W0::2007->2008,5,0.6749644381223329,0.2432432432432432,0.0305832147937411,0.9758179231863442,0.0220483641536273,0.8896196597649192,0.7700802753679029,0.6597197507752643,0.5066683128342353
S1_DROP_TOP1,1,L2_HIGH,B0_REFERENCE,1.0,A2_W0::2008->2009,6,0.4118297401879491,0.5163073521282476,0.01934770591487,0.9778883360972912,0.0204532891100055,0.8624841791115939,0.8577353949167478,0.8171399320684827,0.6393885358123519
S1_DROP_TOP1,1,L2_HIGH,B0_REFERENCE,1.0,A2_W0::2009->2010,7,0.3450598802395209,0.4895209580838323,0.0329341317365269,0.9767964071856288,0.0172155688622754,0.8501265646732493,0.8775490223662499,0.8468380822283368,0.5149023792922272
S1_DROP_TOP1,1,L2_HIGH,B0_REFERENCE,1.0,A2_W0::2010->2011,8,0.4043668122270742,0.3799126637554585,0.0331877729257641,0.9685589519650656,0.0244541484716157,0.8988482314182495,0.773223698075876,0.6397304219268445,0.4719108025311281
S1_DROP_TOP1,1,L2_HIGH,B0_REFERENCE,1.0,A2_W0::2011->2012,9,0.672961768770152,0.2339935513588208,0.0363887609396591,0.9700598802395208,0.0244127130354675,0.956742366458844,0.8903748255345045,0.8279329728011698,0.6964620501796743
S1_DROP_TOP1,1,L2_HIGH,B0_REFERENCE,1.0,A2_W0::2012->2013,10,0.4175131348511383,0.4788091068301225,0.0430823117338003,0.9628721541155868,0.0332749562171628,0.9524739947812808,0.8774050189970952,0.8232583630630652,0.5970120199961677
S1_DROP_TOP1,1,L2_HIGH,B0_REFERENCE,1.0,A2_W0::2013->2014,11,0.5212355212355212,0.3185328185328185,0.0859073359073359,0.9568854568854568,0.0379665379665379,0.9352089224362088,0.8009009578706008,0.922269720916302,0.5495647903659632
S1_DROP_TOP1,1,L2_HIGH,B0_REFERENCE,1.0,A2_W0::2014->2015,12,0.2868686868686869,0.3279461279461279,0.0612794612794612,0.953872053872054,0.039057239057239,0.7936149934994023,0.7348331491838382,0.853512979286209,0.4387575549539366
S1_DROP_TOP1,1,L2_HIGH,B0_REFERENCE,1.0,A2_W0::2015->2016,13,0.4685835995740149,0.3498402555910543,0.0977103301384451,0.9496805111821086,0.04419595314164,0.9120213643812916,0.8056131104208213,0.8021903978605313,0.5229437465695671
S1_DROP_TOP1,1,L2_HIGH,B0_REFERENCE,1.0,A2_W0::2016->2017,14,0.4352451433857539,0.2548566142460685,0.1197964847363552,0.9340888066604996,0.058973172987974,0.8600925974496381,0.7462567883676274,0.7754395047553571,0.4595067264788533
S1_DROP_TOP1,1,L2_HIGH,B0_REFERENCE,1.0,A2_W0::2017->2018,15,0.4541758427918008,0.2264950025410808,0.2491953244113162,0.922242927325089,0.0696256140945282,0.8612860988919518,0.7701109985553588,0.765647822368384,0.4556306107804179
S1_DROP_TOP1,1,L2_HIGH,B0_REFERENCE,1.0,A2_W0::2018->2019,16,0.3605937543761378,0.3510712785324184,0.1436773561125892,0.912617280492928,0.0785604257106847,0.8873780745230803,0.7441181766203976,0.657703582540367,0.4750348328073266
S1_DROP_TOP1,1,L2_HIGH,B0_REFERENCE,1.0,A2_W0::2019->2020,17,0.4851683146317075,0.198644595044995,0.2043106321519831,0.8720142206421508,0.1103210754360626,0.8747877585853322,0.7672398294271402,0.7154619092139252,0.4531462159591009
S1_DROP_TOP1,1,L2_HIGH,B0_REFERENCE,1.0,A2_W0::2020->2021,18,0.144872554831061,0.4821576763485477,0.2150563129816242,0.8763485477178423,0.1071724955542382,0.8452394881384901,0.7485923782462716,0.634660402193126,0.4477273387101236
S1_DROP_TOP1,1,L2_HIGH,B0_REFERENCE,1.0,A2_W0::2021->2022,19,0.0777027027027027,0.6600506756756757,0.1984797297297297,0.8988597972972973,0.093116554054054,0.87359876310869,0.8393902577910173,0.7206026689326173,0.4489075434440421
S1_DROP_TOP1,1,L2_HIGH,B0_REFERENCE,1.0,A2_W0::2022->2023,20,0.4290780141843971,0.5163120567375886,0.0156028368794326,0.9840425531914894,0.0156028368794326,0.941380409012447,0.8885385036300671,0.9067055354394692,0.6229223851008862
S1_DROP_TOP1,1,L2_HIGH,B2_COMMON_NODE_EQUAL_DENSITY,1.0,A2_W0::2002->2003,0,0.5,0.5,0.0,0.7857142857142857,0.2142857142857142,0.999999999924228,0.9999999999588414,0.0,0.0
S1_DROP_TOP1,1,L2_HIGH,B2_COMMON_NODE_EQUAL_DENSITY,1.0,A2_W0::2003->2004,1,0.5,0.5,0.0,0.8888888888888888,0.1111111111111111,0.9999999999335236,0.9999999999706476,0.0,0.0
S1_DROP_TOP1,1,L2_HIGH,B2_COMMON_NODE_EQUAL_DENSITY,1.0,A2_W0::2004->2005,2,0.4375,0.4375,0.0,0.875,0.125,0.9303712935066948,0.999999999930188,0.0,0.2431773159363772
S1_DROP_TOP1,1,L2_HIGH,B2_COMMON_NODE_EQUAL_DENSITY,1.0,A2_W0::2005->2006,3,0.4705882352941176,0.4705882352941176,0.0,0.7647058823529411,0.2352941176470588,0.8320503263243817,0.7071069252409466,0.0,0.9999999999141156
S1_DROP_TOP1,1,L2_HIGH,B2_COMMON_NODE_EQUAL_DENSITY,1.0,A2_W0::2006->2007,4,0.3809523809523809,0.3809523809523809,0.238095238095238,0.8095238095238095,0.1666666666666666,0.7859053352913524,0.9999999997601554,0.9999999998958016,0.99999999964902
S1_DROP_TOP1,1,L2_HIGH,B2_COMMON_NODE_EQUAL_DENSITY,1.0,A2_W0::2007->2008,5,0.43,0.43,0.075,0.895,0.09,0.9466967954899396,0.8787178518539568,0.6597197507752643,0.360076132551894
S1_DROP_TOP1,1,L2_HIGH,B2_COMMON_NODE_EQUAL_DENSITY,1.0,A2_W0::2008->2009,6,0.4861111111111111,0.4861111111111111,0.0092592592592592,0.9212962962962964,0.0694444444444444,0.9933202979538585,0.9177880204476137,0.9999999995967316,0.4052531133846753
S1_DROP_TOP1,1,L2_HIGH,B2_COMMON_NODE_EQUAL_DENSITY,1.0,A2_W0::2009->2010,7,0.450261780104712,0.450261780104712,0.0366492146596858,0.8848167539267016,0.0732984293193717,0.961633989837732,0.9244595641660908,0.8684822287316329,0.3464022739805878
S1_DROP_TOP1,1,L2_HIGH,B2_COMMON_NODE_EQUAL_DENSITY,1.0,A2_W0::2010->2011,8,0.4307692307692308,0.4307692307692308,0.041025641025641,0.8769230769230769,0.082051282051282,0.94869392190641,0.8832478107937237,0.6472381956632781,0.2536264682518374
S1_DROP_TOP1,1,L2_HIGH,B2_COMMON_NODE_EQUAL_DENSITY,1.0,A2_W0::2011->2012,9,0.4430379746835443,0.4430379746835443,0.0337552742616033,0.8438818565400844,0.1223628691983122,0.9571159995949512,0.9191376913748924,0.824195344472939,0.3414674196243857
S1_DROP_TOP1,1,L2_HIGH,B2_COMMON_NODE_EQUAL_DENSITY,1.0,A2_W0::2012->2013,10,0.4454976303317535,0.4454976303317535,0.0331753554502369,0.8388625592417062,0.1445497630331753,0.954267510871396,0.9233366436530446,0.7732518424155664,0.2355745913412092
S1_DROP_TOP1,1,L2_HIGH,B2_COMMON_NODE_EQUAL_DENSITY,1.0,A2_W0::2013->2014,11,0.4430641821946169,0.4430641821946169,0.0351966873706004,0.7619047619047619,0.2049689440993788,0.9663506057209696,0.8859911648080923,0.9356364035188652,0.3660707235673622
S1_DROP_TOP1,1,L2_HIGH,B2_COMMON_NODE_EQUAL_DENSITY,1.0,A2_W0::2014->2015,12,0.4436519258202567,0.4436519258202567,0.042796005706134,0.833095577746077,0.1369472182596291,0.9678609388479242,0.8409775844153276,0.8687484529235782,0.3339324620814045
S1_DROP_TOP1,1,L2_HIGH,B2_COMMON_NODE_EQUAL_DENSITY,1.0,A2_W0::2015->2016,13,0.4641025641025641,0.4641025641025641,0.0538461538461538,0.8179487179487179,0.1576923076923077,0.9754681706185192,0.9454622478463396,0.8751068021594627,0.3679413825663857
S1_DROP_TOP1,1,L2_HIGH,B2_COMMON_NODE_EQUAL_DENSITY,1.0,A2_W0::2016->2017,14,0.431244153414406,0.431244153414406,0.0729653882132834,0.7970065481758652,0.1814780168381665,0.9578971109046404,0.8378184992391177,0.763248196326249,0.2520920182609237
S1_DROP_TOP1,1,L2_HIGH,B2_COMMON_NODE_EQUAL_DENSITY,1.0,A2_W0::2017->2018,15,0.4321266968325792,0.4321266968325792,0.1176470588235294,0.7330316742081447,0.2345399698340874,0.9678917350505049,0.879457985364765,0.7825681191460493,0.4180588441825262
S1_DROP_TOP1,1,L2_HIGH,B2_COMMON_NODE_EQUAL_DENSITY,1.0,A2_W0::2018->2019,16,0.4239529757531227,0.4239529757531227,0.1219691403379867,0.674504041146216,0.2858192505510654,0.9686447080134046,0.8516291552796863,0.7130404434183475,0.2859018558214344
S1_DROP_TOP1,1,L2_HIGH,B2_COMMON_NODE_EQUAL_DENSITY,1.0,A2_W0::2019->2020,17,0.4450768355150825,0.4450768355150825,0.0899260102447353,0.556061468412066,0.3671030165054069,0.982607678381129,0.9271184163054564,0.7928392241518206,0.3102727714883942
S1_DROP_TOP1,1,L2_HIGH,B2_COMMON_NODE_EQUAL_DENSITY,1.0,A2_W0::2020->2021,18,0.4374622356495468,0.4374622356495468,0.0676737160120845,0.5540785498489426,0.3734138972809667,0.9893170532498236,0.903747737862354,0.7228178392952328,0.2862861325993191
S1_DROP_TOP1,1,L2_HIGH,B2_COMMON_NODE_EQUAL_DENSITY,1.0,A2_W0::2021->2022,19,0.4580559254327563,0.4580559254327563,0.0359520639147802,0.6138482023968043,0.3462050599201065,0.9809125218907369,0.9343591955709504,0.8773444346955164,0.299426639421899
S1_DROP_TOP1,1,L2_HIGH,B2_COMMON_NODE_EQUAL_DENSITY,1.0,A2_W0::2022->2023,20,0.4646153846153846,0.4646153846153846,0.0061538461538461,0.8984615384615384,0.0984615384615384,0.97212595885146,0.9767848856842916,0.9999999999702494,0.4881158023779831
S1_DROP_TOP1,1,L2_HIGH,B2_COMMON_NODE_EQUAL_DENSITY,0.75,A2_W0::2002->2003,0,0.5,0.5,0.0,0.7,0.3,0.9999999999562776,0.9999999999588414,0.0,0.0
S1_DROP_TOP1,1,L2_HIGH,B2_COMMON_NODE_EQUAL_DENSITY,0.75,A2_W0::2003->2004,1,0.5,0.5,0.0,0.8571428571428571,0.1428571428571428,0.9999999999411044,0.9999999999706476,0.0,0.0
S1_DROP_TOP1,1,L2_HIGH,B2_COMMON_NODE_EQUAL_DENSITY,0.75,A2_W0::2004->2005,2,0.4615384615384615,0.4615384615384615,0.0,0.8461538461538461,0.1538461538461538,0.9562900168925238,0.999999999930188,0.0,0.2437140973602966
S1_DROP_TOP1,1,L2_HIGH,B2_COMMON_NODE_EQUAL_DENSITY,0.75,A2_W0::2005->2006,3,0.5,0.5,0.0,0.75,0.25,0.816496644317613,0.8164967317467823,0.0,0.0
S1_DROP_TOP1,1,L2_HIGH,B2_COMMON_NODE_EQUAL_DENSITY,0.75,A2_W0::2006->2007,4,0.4411764705882353,0.4411764705882353,0.1176470588235294,0.7941176470588235,0.1764705882352941,0.7453561255823626,0.9999999997891028,0.9999999998958016,0.9999999997008572
S1_DROP_TOP1,1,L2_HIGH,B2_COMMON_NODE_EQUAL_DENSITY,0.75,A2_W0::2007->2008,5,0.4295302013422818,0.4295302013422818,0.0805369127516778,0.8590604026845637,0.1208053691275167,0.9410793495429504,0.935649721325976,0.6597197507752643,0.3397689367262672
S1_DROP_TOP1,1,L2_HIGH,B2_COMMON_NODE_EQUAL_DENSITY,0.75,A2_W0::2008->2009,6,0.4876543209876543,0.4876543209876543,0.0061728395061728,0.925925925925926,0.0617283950617283,0.9937516843547468,0.9154173298790284,0.9999999995967316,0.3575089054205426
S1_DROP_TOP1,1,L2_HIGH,B2_COMMON_NODE_EQUAL_DENSITY,0.75,A2_W0::2009->2010,7,0.4625850340136054,0.4625850340136054,0.0136054421768707,0.8707482993197279,0.0884353741496598,0.9665414477336712,0.9655654230987064,0.9159479875651944,0.2579258796407665
S1_DROP_TOP1,1,L2_HIGH,B2_COMMON_NODE_EQUAL_DENSITY,0.75,A2_W0::2010->2011,8,0.4236111111111111,0.4236111111111111,0.0486111111111111,0.8472222222222222,0.0972222222222222,0.9428282636073622,0.8652838975389658,0.7074848497659383,0.2061742547840815
S1_DROP_TOP1,1,L2_HIGH,B2_COMMON_NODE_EQUAL_DENSITY,0.75,A2_W0::2011->2012,9,0.4677419354838709,0.4677419354838709,0.021505376344086,0.8225806451612904,0.1397849462365591,0.9785003655901422,0.9649650810902988,0.7959166977251088,0.3077221867350483
S1_DROP_TOP1,1,L2_HIGH,B2_COMMON_NODE_EQUAL_DENSITY,0.75,A2_W0::2012->2013,10,0.4582043343653251,0.4582043343653251,0.0216718266253869,0.8452012383900929,0.1393188854489164,0.9653424023830408,0.9354419608271352,0.7945652455483978,0.1864741055370781
S1_DROP_TOP1,1,L2_HIGH,B2_COMMON_NODE_EQUAL_DENSITY,0.75,A2_W0::2013->2014,11,0.4627659574468085,0.4627659574468085,0.0292553191489361,0.7207446808510638,0.2393617021276596,0.9845160716907174,0.9073985519432046,0.9663057881521274,0.3152311474316647
S1_DROP_TOP1,1,L2_HIGH,B2_COMMON_NODE_EQUAL_DENSITY,0.75,A2_W0::2014->2015,12,0.4613970588235294,0.4613970588235294,0.0477941176470588,0.7959558823529411,0.1672794117647058,0.9811358796692976,0.9050362977496748,0.86166122594463,0.3163863202279415
S1_DROP_TOP1,1,L2_HIGH,B2_COMMON_NODE_EQUAL_DENSITY,0.75,A2_W0::2015->2016,13,0.4632478632478632,0.4632478632478632,0.0495726495726495,0.7897435897435897,0.1794871794871795,0.9741298825914222,0.9512069510156964,0.867641323416053,0.3395988626481416
S1_DROP_TOP1,1,L2_HIGH,B2_COMMON_NODE_EQUAL_DENSITY,0.75,A2_W0::2016->2017,14,0.4235145385587863,0.4235145385587863,0.0897597977243995,0.7458912768647282,0.2262958280657395,0.9525578311622772,0.8539711641601941,0.7507147991648869,0.2616466795587077
S1_DROP_TOP1,1,L2_HIGH,B2_COMMON_NODE_EQUAL_DENSITY,0.75,A2_W0::2017->2018,15,0.4355644355644356,0.4355644355644356,0.1138861138861138,0.6953046953046953,0.2677322677322677,0.9708581500722836,0.8957708438192388,0.7715687638634198,0.4044045233700275
S1_DROP_TOP1,1,L2_HIGH,B2_COMMON_NODE_EQUAL_DENSITY,0.75,A2_W0::2018->2019,16,0.4463276836158192,0.4463276836158192,0.0819209039548022,0.6506591337099812,0.3088512241054614,0.988625225609322,0.8910852948041218,0.6593658459701889,0.2389141204994078
S1_DROP_TOP1,1,L2_HIGH,B2_COMMON_NODE_EQUAL_DENSITY,0.75,A2_W0::2019->2020,17,0.4561011904761904,0.4561011904761904,0.0744047619047619,0.5178571428571429,0.3913690476190476,0.9845951935287962,0.9524850810919951,0.829292009498655,0.2885673774645227
S1_DROP_TOP1,1,L2_HIGH,B2_COMMON_NODE_EQUAL_DENSITY,0.75,A2_W0::2020->2021,18,0.4495268138801261,0.4495268138801261,0.0552050473186119,0.5078864353312302,0.4061514195583596,0.9950772936306068,0.9376996029326556,0.7279222639848627,0.2540386445226041
S1_DROP_TOP1,1,L2_HIGH,B2_COMMON_NODE_EQUAL_DENSITY,0.75,A2_W0::2021->2022,19,0.4667832167832167,0.4667832167832167,0.0279720279720279,0.5734265734265734,0.3793706293706294,0.9843637494692212,0.958506790148992,0.8626401703316157,0.2938117836796906
S1_DROP_TOP1,1,L2_HIGH,B2_COMMON_NODE_EQUAL_DENSITY,0.75,A2_W0::2022->2023,20,0.4693877551020408,0.4693877551020408,0.0040816326530612,0.8693877551020408,0.1265306122448979,0.976913998591623,0.9760268176722848,0.9999999999702494,0.5040081678169527
S1_DROP_TOP1,1,L2_HIGH,B2_COMMON_NODE_EQUAL_DENSITY,0.5,A2_W0::2002->2003,0,0.5,0.5,0.0,0.6666666666666666,0.3333333333333333,0.9999999999608116,0.9999999999605828,0.0,0.0
S1_DROP_TOP1,1,L2_HIGH,B2_COMMON_NODE_EQUAL_DENSITY,0.5,A2_W0::2003->2004,1,0.5,0.5,0.0,0.75,0.25,0.9999999999704678,0.9999999999706476,0.0,0.0
S1_DROP_TOP1,1,L2_HIGH,B2_COMMON_NODE_EQUAL_DENSITY,0.5,A2_W0::2004->2005,2,0.5,0.5,0.0,1.0,0.0,0.999999999965286,0.0,0.0,0.0
S1_DROP_TOP1,1,L2_HIGH,B2_COMMON_NODE_EQUAL_DENSITY,0.5,A2_W0::2005->2006,3,0.5,0.5,0.0,0.75,0.25,0.9128709670773376,0.7071070424616964,0.0,0.0
S1_DROP_TOP1,1,L2_HIGH,B2_COMMON_NODE_EQUAL_DENSITY,0.5,A2_W0::2006->2007,4,0.5,0.5,0.0,0.7692307692307693,0.1923076923076923,0.7416199872944855,0.8944272734989869,0.9999999998958016,0.0
S1_DROP_TOP1,1,L2_HIGH,B2_COMMON_NODE_EQUAL_DENSITY,0.5,A2_W0::2007->2008,5,0.4770642201834862,0.4770642201834862,0.0091743119266055,0.8623853211009175,0.1192660550458715,0.9787997335810384,0.999999999826969,0.8009253361080869,0.2605997560811898
S1_DROP_TOP1,1,L2_HIGH,B2_COMMON_NODE_EQUAL_DENSITY,0.5,A2_W0::2008->2009,6,0.4859813084112149,0.4859813084112149,0.0,0.9065420560747663,0.0841121495327102,0.9903210015607168,0.9494461585512703,0.999999999658961,0.2854199612028656
S1_DROP_TOP1,1,L2_HIGH,B2_COMMON_NODE_EQUAL_DENSITY,0.5,A2_W0::2009->2010,7,0.4747474747474747,0.4747474747474747,0.0101010101010101,0.8484848484848485,0.101010101010101,0.9833534770494056,0.9549929645486388,0.8981942213106292,0.275877167670422
S1_DROP_TOP1,1,L2_HIGH,B2_COMMON_NODE_EQUAL_DENSITY,0.5,A2_W0::2010->2011,8,0.3956043956043956,0.3956043956043956,0.0549450549450549,0.8351648351648352,0.0989010989010989,0.9135754850549296,0.8455087269372977,0.7076089342707995,0.2139060535055429
S1_DROP_TOP1,1,L2_HIGH,B2_COMMON_NODE_EQUAL_DENSITY,0.5,A2_W0::2011->2012,9,0.4677419354838709,0.4677419354838709,0.032258064516129,0.7903225806451613,0.1612903225806451,0.9817258529862314,0.9784515069518174,0.7565694205622722,0.3592917590941711
S1_DROP_TOP1,1,L2_HIGH,B2_COMMON_NODE_EQUAL_DENSITY,0.5,A2_W0::2012->2013,10,0.4729729729729729,0.4729729729729729,0.009009009009009,0.8153153153153153,0.1666666666666666,0.9778016542802664,0.9732293985389424,0.7342801998872293,0.1459313309491991
S1_DROP_TOP1,1,L2_HIGH,B2_COMMON_NODE_EQUAL_DENSITY,0.5,A2_W0::2013->2014,11,0.4765625,0.4765625,0.0234375,0.6796875,0.2734375,0.99425162608065,0.9378250467458208,0.957697027005136,0.2193980529439408
S1_DROP_TOP1,1,L2_HIGH,B2_COMMON_NODE_EQUAL_DENSITY,0.5,A2_W0::2014->2015,12,0.4460227272727273,0.4460227272727273,0.0710227272727272,0.6903409090909091,0.2528409090909091,0.9715941380161384,0.902787529134214,0.8886141871834037,0.3129142972451552
S1_DROP_TOP1,1,L2_HIGH,B2_COMMON_NODE_EQUAL_DENSITY,0.5,A2_W0::2015->2016,13,0.4599483204134367,0.4599483204134367,0.0620155038759689,0.7157622739018088,0.2377260981912144,0.9689890639459894,0.9654846722715696,0.888779743252627,0.3620655964871808
S1_DROP_TOP1,1,L2_HIGH,B2_COMMON_NODE_EQUAL_DENSITY,0.5,A2_W0::2016->2017,14,0.4176245210727969,0.4176245210727969,0.0881226053639846,0.6551724137931034,0.3045977011494253,0.9461350606491944,0.8756798403520327,0.7683796970458284,0.2280055092722609
S1_DROP_TOP1,1,L2_HIGH,B2_COMMON_NODE_EQUAL_DENSITY,0.5,A2_W0::2017->2018,15,0.4354354354354354,0.4354354354354354,0.1141141141141141,0.6171171171171171,0.3303303303303303,0.9721266298081076,0.9166323711934448,0.7821140572327036,0.4129343228017991
S1_DROP_TOP1,1,L2_HIGH,B2_COMMON_NODE_EQUAL_DENSITY,0.5,A2_W0::2018->2019,16,0.4517482517482517,0.4517482517482517,0.0727272727272727,0.586013986013986,0.3566433566433566,0.9917553541690304,0.9194334385980872,0.7295329880118862,0.2254359074957858
S1_DROP_TOP1,1,L2_HIGH,B2_COMMON_NODE_EQUAL_DENSITY,0.5,A2_W0::2019->2020,17,0.4630650496141124,0.4630650496141124,0.0661521499448732,0.4818081587651598,0.4079382579933848,0.991277616327833,0.9582583287420834,0.8740131407352258,0.2879578106522614
S1_DROP_TOP1,1,L2_HIGH,B2_COMMON_NODE_EQUAL_DENSITY,0.5,A2_W0::2020->2021,18,0.4624277456647399,0.4624277456647399,0.0473988439306358,0.4751445086705202,0.4219653179190751,0.997617334114852,0.9666858497002664,0.7706753842730603,0.2144850726043785
S1_DROP_TOP1,1,L2_HIGH,B2_COMMON_NODE_EQUAL_DENSITY,0.5,A2_W0::2021->2022,19,0.4834605597964376,0.4834605597964376,0.0127226463104325,0.5750636132315522,0.3689567430025445,0.9981364333909428,0.9763394646829884,0.886216662757447,0.2247102457912502
S1_DROP_TOP1,1,L2_HIGH,B2_COMMON_NODE_EQUAL_DENSITY,0.5,A2_W0::2022->2023,20,0.4596273291925465,0.4596273291925465,0.0062111801242236,0.8509316770186336,0.1428571428571428,0.9666355818051324,0.9781998029472508,0.9999999999702494,0.4818855087153809
S1_DROP_TOP1,2,L0_STAGE15_MATCHED,B0_REFERENCE,1.0,A2_W0::2002->2003,0,0.7786885245901639,0.1721311475409836,0.0327868852459016,0.9590163934426228,0.040983606557377,0.9675491376829108,0.9593115172088278,0.0,0.9247611388971504
S1_DROP_TOP1,2,L0_STAGE15_MATCHED,B0_REFERENCE,1.0,A2_W0::2003->2004,1,0.5976095617529881,0.3147410358565737,0.0637450199203187,0.9760956175298804,0.0239043824701195,0.8503766009433941,0.77577929945613,0.0,0.7621855230500083
S1_DROP_TOP1,2,L0_STAGE15_MATCHED,B0_REFERENCE,1.0,A2_W0::2004->2005,2,0.3558052434456928,0.5280898876404494,0.0149812734082397,0.9775280898876404,0.0224719101123595,0.8089948718800013,0.5645793318382818,0.0,0.3906104897984395
S1_DROP_TOP1,2,L0_STAGE15_MATCHED,B0_REFERENCE,1.0,A2_W0::2005->2006,3,0.4705882352941176,0.4957983193277311,0.0084033613445378,0.9663865546218487,0.0336134453781512,0.7071067809767145,0.8660254037392028,0.0,0.866025403625864
S1_DROP_TOP1,2,L0_STAGE15_MATCHED,B0_REFERENCE,1.0,A2_W0::2006->2007,4,0.8735511064278187,0.0674394099051633,0.0453108535300316,0.9841938883034772,0.0136986301369863,0.6641637518261247,0.9999999989965276,0.9999999995836996,0.8864052566905775
S1_DROP_TOP1,2,L0_STAGE15_MATCHED,B0_REFERENCE,1.0,A2_W0::2007->2008,5,0.4139072847682119,0.3821192052980132,0.13841059602649,0.97682119205298,0.0211920529801324,0.8587357652799962,0.7618166659170179,0.6710636579632635,0.7508169645380319
S1_DROP_TOP1,2,L0_STAGE15_MATCHED,B0_REFERENCE,1.0,A2_W0::2008->2009,6,0.427255985267035,0.5211786372007366,0.0153468385512584,0.974831184775936,0.0233271945979128,0.9112104812142566,0.8609579282797146,0.8164994494268696,0.6044583614656791
S1_DROP_TOP1,2,L0_STAGE15_MATCHED,B0_REFERENCE,1.0,A2_W0::2009->2010,7,0.4252026529108327,0.4480471628592483,0.0272660280029476,0.976418570375829,0.0176860722181282,0.8436049791884441,0.8648099250657568,0.8549093501812473,0.5538363736490093
S1_DROP_TOP1,2,L0_STAGE15_MATCHED,B0_REFERENCE,1.0,A2_W0::2010->2011,8,0.4189294026377037,0.4243599689681924,0.0418929402637703,0.9720713731574864,0.021722265321955,0.8454245892587499,0.7760082398571182,0.6347673189685399,0.5569425686557339
S1_DROP_TOP1,2,L0_STAGE15_MATCHED,B0_REFERENCE,1.0,A2_W0::2011->2012,9,0.6630336058128974,0.2438692098092643,0.0603996366939146,0.9713896457765668,0.0240690281562216,0.9494512313269045,0.885294756012087,0.7929575978737726,0.6050369892899824
S1_DROP_TOP1,2,L0_STAGE15_MATCHED,B0_REFERENCE,1.0,A2_W0::2012->2013,10,0.4236760124610592,0.448251990308065,0.0467289719626168,0.9643475250951886,0.0325372101073035,0.947798494037245,0.8770934431793134,0.7742503538013316,0.6963879095460856
S1_DROP_TOP1,2,L0_STAGE15_MATCHED,B0_REFERENCE,1.0,A2_W0::2013->2014,11,0.4960480556433765,0.3240594372431236,0.1097059753398672,0.9576351564969964,0.0373063547265254,0.9273146713375168,0.7998796907924701,0.9229765125474826,0.6313464125826592
S1_DROP_TOP1,2,L0_STAGE15_MATCHED,B0_REFERENCE,1.0,A2_W0::2014->2015,12,0.2757452574525745,0.3275745257452574,0.0680894308943089,0.9539295392953928,0.0389566395663956,0.795701448639506,0.7347209494613473,0.8642519895702333,0.4476800062769656
S1_DROP_TOP1,2,L0_STAGE15_MATCHED,B0_REFERENCE,1.0,A2_W0::2015->2016,13,0.4717935071846727,0.3302288451303885,0.1008515167642363,0.94944119212347,0.0441724321447578,0.915001162455108,0.8119497758774734,0.8482396433806584,0.5643201967029005
S1_DROP_TOP1,2,L0_STAGE15_MATCHED,B0_REFERENCE,1.0,A2_W0::2016->2017,14,0.4204466958323739,0.2670964770895694,0.1349297720469721,0.9346074142297952,0.0584849182592677,0.8592268803829795,0.7593713001826916,0.7697365915323889,0.466950413886343
S1_DROP_TOP1,2,L0_STAGE15_MATCHED,B0_REFERENCE,1.0,A2_W0::2017->2018,15,0.4582127659574468,0.2257021276595744,0.2474893617021276,0.9223829787234042,0.0694468085106383,0.8628531610249712,0.7670522985712226,0.7739264031972151,0.4602303015660227
S1_DROP_TOP1,2,L0_STAGE15_MATCHED,B0_REFERENCE,1.0,A2_W0::2018->2019,16,0.3643096702068194,0.3471212968138625,0.1436556735606484,0.9126607043040804,0.0785354946897708,0.8866115076921517,0.7419821921390058,0.6671715456289593,0.4752126122227355
S1_DROP_TOP1,2,L0_STAGE15_MATCHED,B0_REFERENCE,1.0,A2_W0::2019->2020,17,0.4820973284558253,0.2014189114288881,0.2021948786165613,0.8717437091231571,0.1102981931049772,0.8734905261038975,0.7668045252337212,0.7193223767376895,0.4561283765663055
S1_DROP_TOP1,2,L0_STAGE15_MATCHED,B0_REFERENCE,1.0,A2_W0::2020->2021,18,0.1459395376407824,0.4825133372851215,0.2093657379964434,0.8762299940723177,0.1074096028452874,0.8452066763550062,0.7459131021119878,0.6286174404364472,0.4506815231255301
S1_DROP_TOP1,2,L0_STAGE15_MATCHED,B0_REFERENCE,1.0,A2_W0::2021->2022,19,0.0919492406906594,0.6213854795090493,0.1970043686290825,0.9003536509257333,0.0917412107343457,0.8688901887652184,0.8394593737118062,0.7124156825395358,0.5351006174532255
S1_DROP_TOP1,2,L0_STAGE15_MATCHED,B0_REFERENCE,1.0,A2_W0::2022->2023,20,0.3511586452762923,0.5893048128342246,0.0206773618538324,0.9836007130124778,0.0160427807486631,0.9447002585633024,0.8957924904522447,0.9134647590417518,0.6576934221814801
S1_DROP_TOP1,2,L0_STAGE15_MATCHED,B2_COMMON_NODE_EQUAL_DENSITY,1.0,A2_W0::2002->2003,0,0.5,0.5,0.0,0.7857142857142857,0.2142857142857142,0.9999999999264813,0.9999999999590724,0.0,0.0
S1_DROP_TOP1,2,L0_STAGE15_MATCHED,B2_COMMON_NODE_EQUAL_DENSITY,1.0,A2_W0::2003->2004,1,0.5,0.5,0.0,0.8333333333333334,0.1666666666666666,0.9999999999321002,0.9999999999630512,0.0,0.0
S1_DROP_TOP1,2,L0_STAGE15_MATCHED,B2_COMMON_NODE_EQUAL_DENSITY,1.0,A2_W0::2004->2005,2,0.4375,0.4375,0.0,0.875,0.125,0.9683289858362542,0.7137052042237964,0.0,0.2701893648367877
S1_DROP_TOP1,2,L0_STAGE15_MATCHED,B2_COMMON_NODE_EQUAL_DENSITY,1.0,A2_W0::2005->2006,3,0.5,0.5,0.0,0.7777777777777778,0.2222222222222222,0.7559289460228571,0.8660254038181947,0.0,0.0
S1_DROP_TOP1,2,L0_STAGE15_MATCHED,B2_COMMON_NODE_EQUAL_DENSITY,1.0,A2_W0::2006->2007,4,0.5,0.5,0.0,0.8269230769230769,0.1538461538461538,0.6988362418008044,0.9354143465085104,0.9999999999036102,0.0
S1_DROP_TOP1,2,L0_STAGE15_MATCHED,B2_COMMON_NODE_EQUAL_DENSITY,1.0,A2_W0::2007->2008,5,0.4213197969543147,0.4213197969543147,0.0710659898477157,0.8934010152284264,0.0913705583756345,0.9336305921785838,0.9250769860989428,0.6710636579632635,0.3666774856925369
S1_DROP_TOP1,2,L0_STAGE15_MATCHED,B2_COMMON_NODE_EQUAL_DENSITY,1.0,A2_W0::2008->2009,6,0.4908256880733945,0.4908256880733945,0.0045871559633027,0.9220183486238532,0.0642201834862385,0.9953045420453376,0.9373885110518164,0.99999999968262,0.3235037113589188
S1_DROP_TOP1,2,L0_STAGE15_MATCHED,B2_COMMON_NODE_EQUAL_DENSITY,1.0,A2_W0::2009->2010,7,0.450261780104712,0.450261780104712,0.0366492146596858,0.8795811518324608,0.0785340314136125,0.9618702282028886,0.9330451963813982,0.8722012453338797,0.368291123879238
S1_DROP_TOP1,2,L0_STAGE15_MATCHED,B2_COMMON_NODE_EQUAL_DENSITY,1.0,A2_W0::2010->2011,8,0.4307692307692308,0.4307692307692308,0.041025641025641,0.8717948717948718,0.0871794871794871,0.948012676986508,0.895553348877541,0.6574525021223426,0.2635923569059157
S1_DROP_TOP1,2,L0_STAGE15_MATCHED,B2_COMMON_NODE_EQUAL_DENSITY,1.0,A2_W0::2011->2012,9,0.4382978723404255,0.4382978723404255,0.0425531914893617,0.851063829787234,0.1191489361702127,0.9527575796119888,0.9182302110770988,0.7980370791839363,0.3530923322011025
S1_DROP_TOP1,2,L0_STAGE15_MATCHED,B2_COMMON_NODE_EQUAL_DENSITY,1.0,A2_W0::2012->2013,10,0.4388489208633093,0.4388489208633093,0.0407673860911271,0.8345323741007195,0.1486810551558753,0.948152998489285,0.92419800515429,0.7724692394353546,0.2794852460266591
S1_DROP_TOP1,2,L0_STAGE15_MATCHED,B2_COMMON_NODE_EQUAL_DENSITY,1.0,A2_W0::2013->2014,11,0.4465020576131687,0.4465020576131687,0.0329218106995884,0.7654320987654321,0.2016460905349794,0.969708251341998,0.8794794808042263,0.9356355077809528,0.3285267558314035
S1_DROP_TOP1,2,L0_STAGE15_MATCHED,B2_COMMON_NODE_EQUAL_DENSITY,1.0,A2_W0::2014->2015,12,0.4436519258202567,0.4436519258202567,0.0442225392296719,0.8359486447931527,0.1369472182596291,0.969166489547578,0.8379707107407901,0.8513781749968004,0.3486502489169684
S1_DROP_TOP1,2,L0_STAGE15_MATCHED,B2_COMMON_NODE_EQUAL_DENSITY,1.0,A2_W0::2015->2016,13,0.4641025641025641,0.4641025641025641,0.0525641025641025,0.8192307692307692,0.1564102564102564,0.9753796031282804,0.9407284849340444,0.8886637448873327,0.3508551864310111
S1_DROP_TOP1,2,L0_STAGE15_MATCHED,B2_COMMON_NODE_EQUAL_DENSITY,1.0,A2_W0::2016->2017,14,0.4296435272045028,0.4296435272045028,0.0694183864915572,0.799249530956848,0.1772983114446529,0.957161980423862,0.8289972327681709,0.7850972454086319,0.2564454632444363
S1_DROP_TOP1,2,L0_STAGE15_MATCHED,B2_COMMON_NODE_EQUAL_DENSITY,1.0,A2_W0::2017->2018,15,0.4338345864661654,0.4338345864661654,0.1165413533834586,0.7406015037593985,0.2278195488721804,0.9691822889785576,0.8796093881989568,0.7698123906444042,0.4166233533465729
S1_DROP_TOP1,2,L0_STAGE15_MATCHED,B2_COMMON_NODE_EQUAL_DENSITY,1.0,A2_W0::2018->2019,16,0.4231052244297277,0.4231052244297277,0.1272994849153789,0.6703458425312729,0.2899190581309787,0.9680212648555128,0.850185559900046,0.715001000734146,0.277220470099593
S1_DROP_TOP1,2,L0_STAGE15_MATCHED,B2_COMMON_NODE_EQUAL_DENSITY,1.0,A2_W0::2019->2020,17,0.4444444444444444,0.4444444444444444,0.0871794871794871,0.5555555555555556,0.3669515669515669,0.9815293484804524,0.9292864651603584,0.778302394207105,0.3024576351855723
S1_DROP_TOP1,2,L0_STAGE15_MATCHED,B2_COMMON_NODE_EQUAL_DENSITY,1.0,A2_W0::2020->2021,18,0.4378019323671497,0.4378019323671497,0.0712560386473429,0.5579710144927537,0.3701690821256038,0.9908458958966894,0.9021604251217216,0.7121102378578705,0.2823474512075324
S1_DROP_TOP1,2,L0_STAGE15_MATCHED,B2_COMMON_NODE_EQUAL_DENSITY,1.0,A2_W0::2021->2022,19,0.4630606860158311,0.4630606860158311,0.0329815303430079,0.6240105540897097,0.3403693931398417,0.9832122742246416,0.94345214179802,0.8624900832682412,0.2983114534240779
S1_DROP_TOP1,2,L0_STAGE15_MATCHED,B2_COMMON_NODE_EQUAL_DENSITY,1.0,A2_W0::2022->2023,20,0.4678899082568807,0.4678899082568807,0.0091743119266055,0.9021406727828746,0.0948012232415902,0.975632945105856,0.9765774163969336,0.9999999999702108,0.5053712410081892
S1_DROP_TOP1,2,L0_STAGE15_MATCHED,B2_COMMON_NODE_EQUAL_DENSITY,0.75,A2_W0::2002->2003,0,0.5,0.5,0.0,0.7,0.3,0.999999999957348,0.9999999999590724,0.0,0.0
S1_DROP_TOP1,2,L0_STAGE15_MATCHED,B2_COMMON_NODE_EQUAL_DENSITY,0.75,A2_W0::2003->2004,1,0.5,0.5,0.0,0.8571428571428571,0.1428571428571428,0.9999999999416952,0.9999999999706622,0.0,0.0
S1_DROP_TOP1,2,L0_STAGE15_MATCHED,B2_COMMON_NODE_EQUAL_DENSITY,0.75,A2_W0::2004->2005,2,0.4615384615384615,0.4615384615384615,0.0,0.8461538461538461,0.1538461538461538,0.9999999999591954,0.7137052042237964,0.0,0.136931505542659
S1_DROP_TOP1,2,L0_STAGE15_MATCHED,B2_COMMON_NODE_EQUAL_DENSITY,0.75,A2_W0::2005->2006,3,0.5,0.5,0.0,0.75,0.25,0.816496580952547,0.8164965810087143,0.0,0.0
S1_DROP_TOP1,2,L0_STAGE15_MATCHED,B2_COMMON_NODE_EQUAL_DENSITY,0.75,A2_W0::2006->2007,4,0.5,0.5,0.0,0.8157894736842105,0.1578947368421052,0.7184212080223413,0.9128709290679567,0.9999999999036102,0.0
S1_DROP_TOP1,2,L0_STAGE15_MATCHED,B2_COMMON_NODE_EQUAL_DENSITY,0.75,A2_W0::2007->2008,5,0.4407894736842105,0.4407894736842105,0.0460526315789473,0.868421052631579,0.1118421052631579,0.9495118086396817,0.9356543861400126,0.8831683246795317,0.3519933103141212
S1_DROP_TOP1,2,L0_STAGE15_MATCHED,B2_COMMON_NODE_EQUAL_DENSITY,0.75,A2_W0::2008->2009,6,0.4907975460122699,0.4907975460122699,0.0,0.9202453987730062,0.0674846625766871,0.9937030322605016,0.957194706094546,0.9999999997282484,0.2551445821797764
S1_DROP_TOP1,2,L0_STAGE15_MATCHED,B2_COMMON_NODE_EQUAL_DENSITY,0.75,A2_W0::2009->2010,7,0.4733333333333333,0.4733333333333333,0.0066666666666666,0.8666666666666667,0.0866666666666666,0.9782896852677307,0.9691873239064368,0.9291622526515876,0.2896555001591732
S1_DROP_TOP1,2,L0_STAGE15_MATCHED,B2_COMMON_NODE_EQUAL_DENSITY,0.75,A2_W0::2010->2011,8,0.4195804195804196,0.4195804195804196,0.0489510489510489,0.8531468531468531,0.0909090909090909,0.9395725046792844,0.8608702491511852,0.7081482385167164,0.2420233605769448
S1_DROP_TOP1,2,L0_STAGE15_MATCHED,B2_COMMON_NODE_EQUAL_DENSITY,0.75,A2_W0::2011->2012,9,0.4619565217391304,0.4619565217391304,0.0217391304347826,0.8260869565217391,0.1358695652173913,0.975230573580774,0.9439042611948962,0.7980370791839363,0.3041702752918083
S1_DROP_TOP1,2,L0_STAGE15_MATCHED,B2_COMMON_NODE_EQUAL_DENSITY,0.75,A2_W0::2012->2013,10,0.4565217391304347,0.4565217391304347,0.0279503105590062,0.8385093167701864,0.1459627329192546,0.9648364518817468,0.9271089994752874,0.7953008178674255,0.1798820000082333
S1_DROP_TOP1,2,L0_STAGE15_MATCHED,B2_COMMON_NODE_EQUAL_DENSITY,0.75,A2_W0::2013->2014,11,0.4641909814323607,0.4641909814323607,0.026525198938992,0.7294429708222812,0.2307692307692307,0.9863727883517708,0.9038164780466396,0.966259406457684,0.3120949441179368
S1_DROP_TOP1,2,L0_STAGE15_MATCHED,B2_COMMON_NODE_EQUAL_DENSITY,0.75,A2_W0::2014->2015,12,0.4613970588235294,0.4613970588235294,0.0496323529411764,0.7977941176470589,0.1691176470588235,0.9828438213758832,0.8965347967257611,0.8423528932671195,0.3068851545462963
S1_DROP_TOP1,2,L0_STAGE15_MATCHED,B2_COMMON_NODE_EQUAL_DENSITY,0.75,A2_W0::2015->2016,13,0.4641638225255973,0.4641638225255973,0.0477815699658703,0.7935153583617748,0.1774744027303754,0.9743314168219336,0.9485527917411444,0.8746341010179783,0.3091303809814568
S1_DROP_TOP1,2,L0_STAGE15_MATCHED,B2_COMMON_NODE_EQUAL_DENSITY,0.75,A2_W0::2016->2017,14,0.4314214463840399,0.4314214463840399,0.0748129675810473,0.7543640897755611,0.2169576059850374,0.9577108349801468,0.8658702334711329,0.7913278495842053,0.2657392946573293
S1_DROP_TOP1,2,L0_STAGE15_MATCHED,B2_COMMON_NODE_EQUAL_DENSITY,0.75,A2_W0::2017->2018,15,0.439484126984127,0.439484126984127,0.1091269841269841,0.6984126984126984,0.2628968253968254,0.972326399389921,0.905837727957856,0.7881482028155592,0.4172928678668633
S1_DROP_TOP1,2,L0_STAGE15_MATCHED,B2_COMMON_NODE_EQUAL_DENSITY,0.75,A2_W0::2018->2019,16,0.442654028436019,0.442654028436019,0.0909952606635071,0.6464454976303318,0.309952606635071,0.9856132256225906,0.8850635771953133,0.7012391658671571,0.2454351348156541
S1_DROP_TOP1,2,L0_STAGE15_MATCHED,B2_COMMON_NODE_EQUAL_DENSITY,0.75,A2_W0::2019->2020,17,0.4540702016430172,0.4540702016430172,0.0769230769230769,0.515309932785661,0.3928304705003734,0.9837086085246808,0.9493187534268464,0.8273703948714544,0.2841912882403212
S1_DROP_TOP1,2,L0_STAGE15_MATCHED,B2_COMMON_NODE_EQUAL_DENSITY,0.75,A2_W0::2020->2021,18,0.4490923441199684,0.4490923441199684,0.0568271507498026,0.5122336227308603,0.4017363851617995,0.9950527737868856,0.9367028126056718,0.724650740119196,0.2557116791255275
S1_DROP_TOP1,2,L0_STAGE15_MATCHED,B2_COMMON_NODE_EQUAL_DENSITY,0.75,A2_W0::2021->2022,19,0.4667832167832167,0.4667832167832167,0.0332167832167832,0.5786713286713286,0.3758741258741259,0.9857685451490036,0.955602596637515,0.8567606002839842,0.2839445882868074
S1_DROP_TOP1,2,L0_STAGE15_MATCHED,B2_COMMON_NODE_EQUAL_DENSITY,0.75,A2_W0::2022->2023,20,0.4693877551020408,0.4693877551020408,0.0040816326530612,0.8734693877551021,0.1224489795918367,0.9752157684970264,0.9832050521440864,0.9999999999702108,0.4847381052248328
S1_DROP_TOP1,2,L0_STAGE15_MATCHED,B2_COMMON_NODE_EQUAL_DENSITY,0.5,A2_W0::2002->2003,0,0.5,0.5,0.0,0.6666666666666666,0.3333333333333333,0.9999999999629174,0.9999999999606518,0.0,0.0
S1_DROP_TOP1,2,L0_STAGE15_MATCHED,B2_COMMON_NODE_EQUAL_DENSITY,0.5,A2_W0::2003->2004,1,0.5,0.5,0.0,0.75,0.25,0.9999999999708622,0.9999999999706622,0.0,0.0
S1_DROP_TOP1,2,L0_STAGE15_MATCHED,B2_COMMON_NODE_EQUAL_DENSITY,0.5,A2_W0::2004->2005,2,0.5,0.5,0.0,1.0,0.0,0.99999999996554,0.0,0.0,0.0
S1_DROP_TOP1,2,L0_STAGE15_MATCHED,B2_COMMON_NODE_EQUAL_DENSITY,0.5,A2_W0::2005->2006,3,0.5,0.5,0.0,0.75,0.25,0.9128709291673076,0.7071067813755847,0.0,0.0
S1_DROP_TOP1,2,L0_STAGE15_MATCHED,B2_COMMON_NODE_EQUAL_DENSITY,0.5,A2_W0::2006->2007,4,0.5,0.5,0.0,0.7692307692307693,0.1923076923076923,0.7416198486601736,0.8944271909408483,0.9999999999036102,0.0
S1_DROP_TOP1,2,L0_STAGE15_MATCHED,B2_COMMON_NODE_EQUAL_DENSITY,0.5,A2_W0::2007->2008,5,0.4770642201834862,0.4770642201834862,0.0,0.8532110091743119,0.128440366972477,0.9853463670675916,0.9365402122342604,0.9999999997863092,0.338791994751524
S1_DROP_TOP1,2,L0_STAGE15_MATCHED,B2_COMMON_NODE_EQUAL_DENSITY,0.5,A2_W0::2008->2009,6,0.4859813084112149,0.4859813084112149,0.0,0.897196261682243,0.0934579439252336,0.9901433896542102,0.9528084151360242,0.9999999998224745,0.2551445821797764
S1_DROP_TOP1,2,L0_STAGE15_MATCHED,B2_COMMON_NODE_EQUAL_DENSITY,0.5,A2_W0::2009->2010,7,0.4851485148514851,0.4851485148514851,0.0,0.8415841584158416,0.099009900990099,0.9943947939502802,0.9597506392972168,0.916823996439026,0.3185361828400961
S1_DROP_TOP1,2,L0_STAGE15_MATCHED,B2_COMMON_NODE_EQUAL_DENSITY,0.5,A2_W0::2010->2011,8,0.4021739130434782,0.4021739130434782,0.0652173913043478,0.8369565217391305,0.0978260869565217,0.9137972352933998,0.854577141141461,0.8167377294242292,0.2201056264511387
S1_DROP_TOP1,2,L0_STAGE15_MATCHED,B2_COMMON_NODE_EQUAL_DENSITY,0.5,A2_W0::2011->2012,9,0.4634146341463415,0.4634146341463415,0.032520325203252,0.7804878048780488,0.1707317073170731,0.9762093726689896,0.9774070183502792,0.7591708480399734,0.3343968606745344
S1_DROP_TOP1,2,L0_STAGE15_MATCHED,B2_COMMON_NODE_EQUAL_DENSITY,0.5,A2_W0::2012->2013,10,0.4681818181818182,0.4681818181818182,0.0136363636363636,0.7909090909090909,0.1909090909090909,0.977288926895406,0.9518758265960264,0.7352749409488927,0.1698003678467804
S1_DROP_TOP1,2,L0_STAGE15_MATCHED,B2_COMMON_NODE_EQUAL_DENSITY,0.5,A2_W0::2013->2014,11,0.4745098039215686,0.4745098039215686,0.0274509803921568,0.6666666666666666,0.2862745098039215,0.9941027330095642,0.9328938816288416,0.9576385283461176,0.203232111649509
S1_DROP_TOP1,2,L0_STAGE15_MATCHED,B2_COMMON_NODE_EQUAL_DENSITY,0.5,A2_W0::2014->2015,12,0.4507042253521127,0.4507042253521127,0.0676056338028169,0.7014084507042253,0.2478873239436619,0.971967969825488,0.924370289165673,0.8423528932671195,0.3023848674801189
S1_DROP_TOP1,2,L0_STAGE15_MATCHED,B2_COMMON_NODE_EQUAL_DENSITY,0.5,A2_W0::2015->2016,13,0.461340206185567,0.461340206185567,0.0592783505154639,0.7216494845360825,0.2345360824742268,0.9713488595422086,0.9630365229430188,0.8746341010179783,0.345780873773819
S1_DROP_TOP1,2,L0_STAGE15_MATCHED,B2_COMMON_NODE_EQUAL_DENSITY,0.5,A2_W0::2016->2017,14,0.4220532319391635,0.4220532319391635,0.0779467680608365,0.6596958174904943,0.2984790874524715,0.946781453749779,0.8873943563306339,0.780518318706041,0.2231781181844469
S1_DROP_TOP1,2,L0_STAGE15_MATCHED,B2_COMMON_NODE_EQUAL_DENSITY,0.5,A2_W0::2017->2018,15,0.4388059701492537,0.4388059701492537,0.1104477611940298,0.6208955223880597,0.3238805970149254,0.9751363011086204,0.9152534215139002,0.8088402906764264,0.4065813371393624
S1_DROP_TOP1,2,L0_STAGE15_MATCHED,B2_COMMON_NODE_EQUAL_DENSITY,0.5,A2_W0::2018->2019,16,0.4540389972144846,0.4540389972144846,0.0738161559888579,0.5947075208913649,0.3481894150417827,0.9918412121997272,0.9223762807657824,0.7460761490325648,0.2328067964729804
S1_DROP_TOP1,2,L0_STAGE15_MATCHED,B2_COMMON_NODE_EQUAL_DENSITY,0.5,A2_W0::2019->2020,17,0.4636563876651982,0.4636563876651982,0.066079295154185,0.4757709251101321,0.4096916299559471,0.9920417110459556,0.9572422944681674,0.885241761830035,0.2891909830730169
S1_DROP_TOP1,2,L0_STAGE15_MATCHED,B2_COMMON_NODE_EQUAL_DENSITY,0.5,A2_W0::2020->2021,18,0.4611819235225955,0.4611819235225955,0.0463499420625724,0.4727694090382387,0.421784472769409,0.9976247960611248,0.962684752477822,0.7822199002345922,0.2145966177328038
S1_DROP_TOP1,2,L0_STAGE15_MATCHED,B2_COMMON_NODE_EQUAL_DENSITY,0.5,A2_W0::2021->2022,19,0.4847715736040609,0.4847715736040609,0.015228426395939,0.5786802030456852,0.365482233502538,0.9999999999163488,0.9762878016209288,0.8862989515679699,0.2108359996100437
S1_DROP_TOP1,2,L0_STAGE15_MATCHED,B2_COMMON_NODE_EQUAL_DENSITY,0.5,A2_W0::2022->2023,20,0.4759036144578313,0.4759036144578313,0.0060240963855421,0.8674698795180723,0.1265060240963855,0.9806300711922928,0.975918742703166,0.9999999999702108,0.4295715504829047
S1_DROP_TOP1,2,L1_EXTENDED,B0_REFERENCE,1.0,A2_W0::2002->2003,0,0.8009049773755657,0.1809954751131221,0.0090497737556561,0.9773755656108596,0.0226244343891402,0.7121646635805879,0.9535028606576882,0.0,0.8798284522675934
S1_DROP_TOP1,2,L1_EXTENDED,B0_REFERENCE,1.0,A2_W0::2003->2004,1,0.3489208633093525,0.5323741007194245,0.0863309352517985,0.9784172661870504,0.0215827338129496,0.8091840643337784,0.8004649254706282,0.0,0.7576740920753893
S1_DROP_TOP1,2,L1_EXTENDED,B0_REFERENCE,1.0,A2_W0::2004->2005,2,0.4861660079051383,0.3675889328063241,0.0237154150197628,0.9723320158102768,0.0276679841897233,0.8351959166089005,0.5464592092812098,0.0,0.3920896462484332
S1_DROP_TOP1,2,L1_EXTENDED,B0_REFERENCE,1.0,A2_W0::2005->2006,3,0.0643274853801169,0.8362573099415205,0.0409356725146198,0.9473684210526316,0.0526315789473684,0.8425417180863968,0.8164966036989562,0.0,0.5940885265451702
S1_DROP_TOP1,2,L1_EXTENDED,B0_REFERENCE,1.0,A2_W0::2006->2007,4,0.9628647214854112,0.0185676392572944,0.0092838196286472,0.9774535809018567,0.019893899204244,0.7476784508854399,0.9660917925980445,0.9999999996377334,0.7071067960391236
S1_DROP_TOP1,2,L1_EXTENDED,B0_REFERENCE,1.0,A2_W0::2007->2008,5,0.5457335788827502,0.3431553100061387,0.0466543891958256,0.9791282995702886,0.0190300798035604,0.8254483645412105,0.7905498740005744,0.653818349226815,0.5433356064717343
S1_DROP_TOP1,2,L1_EXTENDED,B0_REFERENCE,1.0,A2_W0::2008->2009,6,0.3419434194341943,0.5713407134071341,0.0461254612546125,0.97539975399754,0.0227552275522755,0.9112371143299512,0.842249949962886,0.8166184038273493,0.4777891266559755
S1_DROP_TOP1,2,L1_EXTENDED,B0_REFERENCE,1.0,A2_W0::2009->2010,7,0.4571651090342679,0.3714953271028037,0.02803738317757,0.9766355140186916,0.0171339563862928,0.8671898668784576,0.8719780073510199,0.8489726751813073,0.5023786453156331
S1_DROP_TOP1,2,L1_EXTENDED,B0_REFERENCE,1.0,A2_W0::2010->2011,8,0.3528468323977546,0.4394546912590216,0.0360866078588612,0.9727345629510826,0.0208500400962309,0.8589801073991207,0.7728911699298552,0.6451635647786582,0.5267715856531344
S1_DROP_TOP1,2,L1_EXTENDED,B0_REFERENCE,1.0,A2_W0::2011->2012,9,0.6792106470858191,0.2111060119320789,0.0569068379990821,0.9706287287746672,0.0243230839834786,0.9546607335227916,0.8917829130437495,0.8100197204588834,0.6562532471706748
S1_DROP_TOP1,2,L1_EXTENDED,B0_REFERENCE,1.0,A2_W0::2012->2013,10,0.3991611324711639,0.4865431667249213,0.059419783292555,0.963299545613422,0.0332051730164278,0.9519298980331607,0.8772511417929287,0.8052557332543567,0.5904424010587089
S1_DROP_TOP1,2,L1_EXTENDED,B0_REFERENCE,1.0,A2_W0::2013->2014,11,0.5273487773487774,0.3098455598455598,0.0823680823680823,0.9568854568854568,0.0379665379665379,0.936364919570964,0.8010832326392895,0.9214489392849906,0.5294700190581016
S1_DROP_TOP1,2,L1_EXTENDED,B0_REFERENCE,1.0,A2_W0::2014->2015,12,0.2567567567567567,0.3548163548163548,0.0571725571725571,0.9521829521829522,0.0405405405405405,0.806755644379017,0.7421801561096654,0.8556153568719285,0.4352545413824629
S1_DROP_TOP1,2,L1_EXTENDED,B0_REFERENCE,1.0,A2_W0::2015->2016,13,0.4956663055254605,0.3055254604550379,0.0896533044420368,0.948266522210184,0.0455037919826652,0.9212556979757436,0.8085221602699624,0.8032846379561128,0.5801026630103729
S1_DROP_TOP1,2,L1_EXTENDED,B0_REFERENCE,1.0,A2_W0::2016->2017,14,0.425369789332138,0.2595248767368893,0.1223666517256835,0.9365755266696548,0.0569251456745853,0.8451596148641397,0.749727950532687,0.7572805229245156,0.4949531885684727
S1_DROP_TOP1,2,L1_EXTENDED,B0_REFERENCE,1.0,A2_W0::2017->2018,15,0.44395826321104,0.2250084146751935,0.2531134298216089,0.9227532817233256,0.0690003365870077,0.8593355715807754,0.7645668078668882,0.7707741408261546,0.4717458358699725
S1_DROP_TOP1,2,L1_EXTENDED,B0_REFERENCE,1.0,A2_W0::2018->2019,16,0.357112941504956,0.354600027921262,0.1477034761971241,0.9124668435013262,0.0787379589557448,0.8862980598309789,0.7445833309768795,0.6617427942595131,0.4793349334373881
S1_DROP_TOP1,2,L1_EXTENDED,B0_REFERENCE,1.0,A2_W0::2019->2020,17,0.4838097364895042,0.1983028137561411,0.207905314872711,0.8715944618133095,0.1105404198302813,0.8770456627782922,0.7678593868337228,0.7164408977477585,0.4545690385358428
S1_DROP_TOP1,2,L1_EXTENDED,B0_REFERENCE,1.0,A2_W0::2020->2021,18,0.1455432583601094,0.4826847554444841,0.2140902058788528,0.8756396525050577,0.1078186362013566,0.8470715324848613,0.7483280969018804,0.6329885397155338,0.4485844369732628
S1_DROP_TOP1,2,L1_EXTENDED,B0_REFERENCE,1.0,A2_W0::2021->2022,19,0.0772659732540861,0.6582466567607727,0.2022925068987476,0.8978985353428147,0.0940352366801103,0.8770321008420927,0.8403486018948606,0.7169480803174502,0.4550648632419615
S1_DROP_TOP1,2,L1_EXTENDED,B0_REFERENCE,1.0,A2_W0::2022->2023,20,0.4328989080662205,0.4698837618879887,0.0151461782317717,0.9837971116590348,0.0158506516379006,0.9389583140290582,0.8920836669778162,0.9042038261553224,0.8121747576373269
S1_DROP_TOP1,2,L1_EXTENDED,B2_COMMON_NODE_EQUAL_DENSITY,1.0,A2_W0::2002->2003,0,0.5,0.5,0.0,0.7857142857142857,0.2142857142857142,0.9999999999256336,0.9999999999591314,0.0,0.0
S1_DROP_TOP1,2,L1_EXTENDED,B2_COMMON_NODE_EQUAL_DENSITY,1.0,A2_W0::2003->2004,1,0.5,0.5,0.0,0.8333333333333334,0.1666666666666666,0.9999999999325327,0.9999999999635242,0.0,0.0
S1_DROP_TOP1,2,L1_EXTENDED,B2_COMMON_NODE_EQUAL_DENSITY,1.0,A2_W0::2004->2005,2,0.5,0.5,0.0,0.8333333333333334,0.1666666666666666,0.9999999999508988,0.9999999999368188,0.0,0.0
S1_DROP_TOP1,2,L1_EXTENDED,B2_COMMON_NODE_EQUAL_DENSITY,1.0,A2_W0::2005->2006,3,0.4705882352941176,0.4705882352941176,0.0,0.7058823529411765,0.2941176470588235,0.8164965811373252,0.7745967132730394,0.0,0.9999999999713493
S1_DROP_TOP1,2,L1_EXTENDED,B2_COMMON_NODE_EQUAL_DENSITY,1.0,A2_W0::2006->2007,4,0.48,0.48,0.04,0.76,0.22,0.7433919514146032,0.7977240546016308,0.9999999998976128,0.999999999837194
S1_DROP_TOP1,2,L1_EXTENDED,B2_COMMON_NODE_EQUAL_DENSITY,1.0,A2_W0::2007->2008,5,0.4328358208955223,0.4328358208955223,0.0746268656716417,0.8955223880597015,0.0895522388059701,0.9476478333515056,0.905492251115458,0.653818349226815,0.3695584080145639
S1_DROP_TOP1,2,L1_EXTENDED,B2_COMMON_NODE_EQUAL_DENSITY,1.0,A2_W0::2008->2009,6,0.488479262672811,0.488479262672811,0.0092165898617511,0.9262672811059908,0.0599078341013824,0.993862708543242,0.9359593001825212,0.9999999996653584,0.4309611181438817
S1_DROP_TOP1,2,L1_EXTENDED,B2_COMMON_NODE_EQUAL_DENSITY,1.0,A2_W0::2009->2010,7,0.4473684210526316,0.4473684210526316,0.031578947368421,0.8842105263157894,0.0736842105263157,0.9588356286043164,0.9249378792762012,0.8683455790033345,0.3509117903961904
S1_DROP_TOP1,2,L1_EXTENDED,B2_COMMON_NODE_EQUAL_DENSITY,1.0,A2_W0::2010->2011,8,0.4336734693877551,0.4336734693877551,0.0357142857142857,0.8775510204081632,0.0816326530612244,0.9518588987794904,0.8823431412046734,0.6497028507841025,0.253548935157149
S1_DROP_TOP1,2,L1_EXTENDED,B2_COMMON_NODE_EQUAL_DENSITY,1.0,A2_W0::2011->2012,9,0.4406779661016949,0.4406779661016949,0.0423728813559322,0.8432203389830508,0.1228813559322034,0.9542342129206614,0.918870486295873,0.8229091861846288,0.3329964707991372
S1_DROP_TOP1,2,L1_EXTENDED,B2_COMMON_NODE_EQUAL_DENSITY,1.0,A2_W0::2012->2013,10,0.441527446300716,0.441527446300716,0.0310262529832935,0.837708830548926,0.1455847255369928,0.9505057078771924,0.9163224304572364,0.8588945801817083,0.2671543334809758
S1_DROP_TOP1,2,L1_EXTENDED,B2_COMMON_NODE_EQUAL_DENSITY,1.0,A2_W0::2013->2014,11,0.4442148760330578,0.4442148760330578,0.0330578512396694,0.7644628099173554,0.2024793388429752,0.9672751846916212,0.8851496187005908,0.9356359491784364,0.359230509457901
S1_DROP_TOP1,2,L1_EXTENDED,B2_COMMON_NODE_EQUAL_DENSITY,1.0,A2_W0::2014->2015,12,0.4428571428571428,0.4428571428571428,0.0428571428571428,0.8357142857142857,0.1357142857142857,0.9670574261528856,0.8387830942216288,0.8603750654382509,0.3304327993703192
S1_DROP_TOP1,2,L1_EXTENDED,B2_COMMON_NODE_EQUAL_DENSITY,1.0,A2_W0::2015->2016,13,0.4634146341463415,0.4634146341463415,0.0539152759948652,0.8189987163029525,0.1566110397946084,0.9754222261783084,0.941082059030376,0.8712500705677748,0.3625963183312224
S1_DROP_TOP1,2,L1_EXTENDED,B2_COMMON_NODE_EQUAL_DENSITY,1.0,A2_W0::2016->2017,14,0.4296435272045028,0.4296435272045028,0.075046904315197,0.797373358348968,0.1810506566604127,0.956031956053179,0.8377157770405464,0.764245724833865,0.2552430547215185
S1_DROP_TOP1,2,L1_EXTENDED,B2_COMMON_NODE_EQUAL_DENSITY,1.0,A2_W0::2017->2018,15,0.4338345864661654,0.4338345864661654,0.1142857142857142,0.7353383458646616,0.2323308270676691,0.9691692030366243,0.8812566657056495,0.7696004249673113,0.4133177044777874
S1_DROP_TOP1,2,L1_EXTENDED,B2_COMMON_NODE_EQUAL_DENSITY,1.0,A2_W0::2018->2019,16,0.4243759177679883,0.4243759177679883,0.1211453744493392,0.6725403817914831,0.2885462555066079,0.9685109116632076,0.8537524978610695,0.7175827003437842,0.2869860219227933
S1_DROP_TOP1,2,L1_EXTENDED,B2_COMMON_NODE_EQUAL_DENSITY,1.0,A2_W0::2019->2020,17,0.4438106103822019,0.4438106103822019,0.0912721049629207,0.5533371363377068,0.3702224757558471,0.9815021963515111,0.9268702331252592,0.786953486292641,0.3103967609289483
S1_DROP_TOP1,2,L1_EXTENDED,B2_COMMON_NODE_EQUAL_DENSITY,1.0,A2_W0::2020->2021,18,0.436099333737129,0.436099333737129,0.0696547546941247,0.5536038764385222,0.3749242883101151,0.988737660313944,0.9015839130610788,0.7170299900683621,0.2867723730361042
S1_DROP_TOP1,2,L1_EXTENDED,B2_COMMON_NODE_EQUAL_DENSITY,1.0,A2_W0::2021->2022,19,0.4623513870541612,0.4623513870541612,0.035667107001321,0.6169088507265522,0.344782034346103,0.9851537159788,0.9419290108886176,0.8486077696355773,0.3158814147535862
S1_DROP_TOP1,2,L1_EXTENDED,B2_COMMON_NODE_EQUAL_DENSITY,1.0,A2_W0::2022->2023,20,0.4662576687116564,0.4662576687116564,0.0061349693251533,0.8957055214723927,0.1012269938650306,0.9743118858750748,0.97750896290503,0.9999999999702108,0.5100405811907639
S1_DROP_TOP1,2,L1_EXTENDED,B2_COMMON_NODE_EQUAL_DENSITY,0.75,A2_W0::2002->2003,0,0.5,0.5,0.0,0.7,0.3,0.999999999957636,0.9999999999591314,0.0,0.0
S1_DROP_TOP1,2,L1_EXTENDED,B2_COMMON_NODE_EQUAL_DENSITY,0.75,A2_W0::2003->2004,1,0.5,0.5,0.0,0.7857142857142857,0.2142857142857142,0.9999999999403756,0.9999999999635242,0.0,0.0
S1_DROP_TOP1,2,L1_EXTENDED,B2_COMMON_NODE_EQUAL_DENSITY,0.75,A2_W0::2004->2005,2,0.5,0.5,0.0,0.7857142857142857,0.2142857142857142,0.9999999999577605,0.9999999999368188,0.0,0.0
S1_DROP_TOP1,2,L1_EXTENDED,B2_COMMON_NODE_EQUAL_DENSITY,0.75,A2_W0::2005->2006,3,0.4545454545454545,0.4545454545454545,0.0,0.6363636363636364,0.3636363636363636,0.925820099808435,0.7071068415094013,0.0,0.9999999999713493
S1_DROP_TOP1,2,L1_EXTENDED,B2_COMMON_NODE_EQUAL_DENSITY,0.75,A2_W0::2006->2007,4,0.4864864864864865,0.4864864864864865,0.027027027027027,0.7027027027027027,0.2702702702702703,0.7595545393660869,0.7745966912556289,0.9999999998976128,0.9999999998976128
S1_DROP_TOP1,2,L1_EXTENDED,B2_COMMON_NODE_EQUAL_DENSITY,0.75,A2_W0::2007->2008,5,0.4370860927152318,0.4370860927152318,0.0662251655629139,0.8609271523178808,0.119205298013245,0.9500267384433368,0.9286464819710398,0.653818349226815,0.3353675958626245
S1_DROP_TOP1,2,L1_EXTENDED,B2_COMMON_NODE_EQUAL_DENSITY,0.75,A2_W0::2008->2009,6,0.4907975460122699,0.4907975460122699,0.0,0.9202453987730062,0.0674846625766871,0.9938050747732708,0.959123046599558,0.9999999996179164,0.2979744222803744
S1_DROP_TOP1,2,L1_EXTENDED,B2_COMMON_NODE_EQUAL_DENSITY,0.75,A2_W0::2009->2010,7,0.4662162162162162,0.4662162162162162,0.0067567567567567,0.8716216216216216,0.0878378378378378,0.9702551624604258,0.9657055085553808,0.9157607133477842,0.2439885641055977
S1_DROP_TOP1,2,L1_EXTENDED,B2_COMMON_NODE_EQUAL_DENSITY,0.75,A2_W0::2010->2011,8,0.4195804195804196,0.4195804195804196,0.0419580419580419,0.8461538461538461,0.0979020979020979,0.935187821362556,0.8642284215108499,0.7909922189435467,0.236417822033801
S1_DROP_TOP1,2,L1_EXTENDED,B2_COMMON_NODE_EQUAL_DENSITY,0.75,A2_W0::2011->2012,9,0.4677419354838709,0.4677419354838709,0.021505376344086,0.8387096774193549,0.1236559139784946,0.9788070777105586,0.9600902102478952,0.7943943093338599,0.2994570456962644
S1_DROP_TOP1,2,L1_EXTENDED,B2_COMMON_NODE_EQUAL_DENSITY,0.75,A2_W0::2012->2013,10,0.4582043343653251,0.4582043343653251,0.0154798761609907,0.8421052631578947,0.1424148606811145,0.9634671201660884,0.9448797137014636,0.7954746131235411,0.1634954916871269
S1_DROP_TOP1,2,L1_EXTENDED,B2_COMMON_NODE_EQUAL_DENSITY,0.75,A2_W0::2013->2014,11,0.4627659574468085,0.4627659574468085,0.0292553191489361,0.7207446808510638,0.2393617021276596,0.9863161183931888,0.9019428569519838,0.9662714288802084,0.3192832629522502
S1_DROP_TOP1,2,L1_EXTENDED,B2_COMMON_NODE_EQUAL_DENSITY,0.75,A2_W0::2014->2015,12,0.4594095940959409,0.4594095940959409,0.051660516605166,0.7952029520295203,0.1678966789667896,0.97896311115702,0.9052348271538212,0.8603750654382509,0.3173686292862974
S1_DROP_TOP1,2,L1_EXTENDED,B2_COMMON_NODE_EQUAL_DENSITY,0.75,A2_W0::2015->2016,13,0.4632478632478632,0.4632478632478632,0.0478632478632478,0.7897435897435897,0.1794871794871795,0.9740722352672518,0.9515389648195764,0.8635346298507678,0.3356893007497449
S1_DROP_TOP1,2,L1_EXTENDED,B2_COMMON_NODE_EQUAL_DENSITY,0.75,A2_W0::2016->2017,14,0.4242424242424242,0.4242424242424242,0.0921717171717171,0.7474747474747475,0.2247474747474747,0.9526978732388912,0.8563227401137853,0.7517750250967413,0.2626451910458988
S1_DROP_TOP1,2,L1_EXTENDED,B2_COMMON_NODE_EQUAL_DENSITY,0.75,A2_W0::2017->2018,15,0.4366899302093718,0.4366899302093718,0.1116650049850448,0.6939182452642074,0.2662013958125623,0.971460233976828,0.8957407181208973,0.7921904799553469,0.3985210274570165
S1_DROP_TOP1,2,L1_EXTENDED,B2_COMMON_NODE_EQUAL_DENSITY,0.75,A2_W0::2018->2019,16,0.4458058435438266,0.4458058435438266,0.0829406220546654,0.646559849198869,0.3119698397737983,0.9886022165513174,0.8906039425303158,0.6687534422014714,0.2408424034054798
S1_DROP_TOP1,2,L1_EXTENDED,B2_COMMON_NODE_EQUAL_DENSITY,0.75,A2_W0::2019->2020,17,0.4561011904761904,0.4561011904761904,0.0751488095238095,0.5186011904761905,0.390625,0.9846142092584628,0.953440377440148,0.826521224604377,0.2955954779589217
S1_DROP_TOP1,2,L1_EXTENDED,B2_COMMON_NODE_EQUAL_DENSITY,0.75,A2_W0::2020->2021,18,0.4486571879936809,0.4486571879936809,0.0545023696682464,0.5063191153238547,0.4083728278041074,0.9950514826387832,0.9367509707070332,0.7213876026838689,0.2563596728293932
S1_DROP_TOP1,2,L1_EXTENDED,B2_COMMON_NODE_EQUAL_DENSITY,0.75,A2_W0::2021->2022,19,0.4667832167832167,0.4667832167832167,0.0314685314685314,0.5734265734265734,0.3811188811188811,0.9843875087569944,0.9604485580305364,0.8451733676117724,0.3037925484978218
S1_DROP_TOP1,2,L1_EXTENDED,B2_COMMON_NODE_EQUAL_DENSITY,0.75,A2_W0::2022->2023,20,0.4758064516129032,0.4758064516129032,0.0040322580645161,0.8709677419354839,0.125,0.9820906178528364,0.9760401316342148,0.9999999999702108,0.4885959992588262
S1_DROP_TOP1,2,L1_EXTENDED,B2_COMMON_NODE_EQUAL_DENSITY,0.5,A2_W0::2002->2003,0,0.5,0.5,0.0,0.8333333333333334,0.1666666666666666,0.9999999999576098,0.999999999986102,0.0,0.0
S1_DROP_TOP1,2,L1_EXTENDED,B2_COMMON_NODE_EQUAL_DENSITY,0.5,A2_W0::2003->2004,1,0.5,0.5,0.0,0.75,0.25,0.9999999999703628,0.9999999999710728,0.0,0.0
S1_DROP_TOP1,2,L1_EXTENDED,B2_COMMON_NODE_EQUAL_DENSITY,0.5,A2_W0::2004->2005,2,0.5,0.5,0.0,1.0,0.0,0.999999999965044,0.0,0.0,0.0
S1_DROP_TOP1,2,L1_EXTENDED,B2_COMMON_NODE_EQUAL_DENSITY,0.5,A2_W0::2005->2006,3,0.4285714285714285,0.4285714285714285,0.0,0.7142857142857143,0.2857142857142857,0.9999999999302688,0.7071068983025177,0.0,0.9999999999713493
S1_DROP_TOP1,2,L1_EXTENDED,B2_COMMON_NODE_EQUAL_DENSITY,0.5,A2_W0::2006->2007,4,0.5,0.5,0.0,0.7307692307692307,0.2307692307692307,0.7608859293921384,0.8164966156529239,0.9999999998976188,0.0
S1_DROP_TOP1,2,L1_EXTENDED,B2_COMMON_NODE_EQUAL_DENSITY,0.5,A2_W0::2007->2008,5,0.4722222222222222,0.4722222222222222,0.0092592592592592,0.8611111111111112,0.1203703703703703,0.9785489230247963,0.9752014695953184,0.7957349028379622,0.337271999559939
S1_DROP_TOP1,2,L1_EXTENDED,B2_COMMON_NODE_EQUAL_DENSITY,0.5,A2_W0::2008->2009,6,0.4859813084112149,0.4859813084112149,0.0,0.9065420560747663,0.0841121495327102,0.990403848838298,0.9498004003717512,0.9999999996792064,0.2979744222803744
S1_DROP_TOP1,2,L1_EXTENDED,B2_COMMON_NODE_EQUAL_DENSITY,0.5,A2_W0::2009->2010,7,0.4851485148514851,0.4851485148514851,0.0099009900990099,0.8613861386138614,0.099009900990099,0.994350013097906,0.9551770873502616,0.870589757804319,0.2415356029991466
S1_DROP_TOP1,2,L1_EXTENDED,B2_COMMON_NODE_EQUAL_DENSITY,0.5,A2_W0::2010->2011,8,0.4021739130434782,0.4021739130434782,0.0434782608695652,0.8369565217391305,0.0978260869565217,0.9145641598748844,0.8436578663183625,0.8170052955995958,0.2128821654072528
S1_DROP_TOP1,2,L1_EXTENDED,B2_COMMON_NODE_EQUAL_DENSITY,0.5,A2_W0::2011->2012,9,0.4677419354838709,0.4677419354838709,0.032258064516129,0.7983870967741935,0.1532258064516129,0.9817957962875624,0.9771304941477872,0.7547004076344891,0.3511957968119283
S1_DROP_TOP1,2,L1_EXTENDED,B2_COMMON_NODE_EQUAL_DENSITY,0.5,A2_W0::2012->2013,10,0.4729729729729729,0.4729729729729729,0.009009009009009,0.8018018018018018,0.1801801801801801,0.9775367151587548,0.9753566451716336,0.7355099083725732,0.1606269113981988
S1_DROP_TOP1,2,L1_EXTENDED,B2_COMMON_NODE_EQUAL_DENSITY,0.5,A2_W0::2013->2014,11,0.4826254826254826,0.4826254826254826,0.0193050193050193,0.6756756756756757,0.2741312741312741,0.9971389114689329,0.951972534222133,0.9609773516963174,0.1969573885580091
S1_DROP_TOP1,2,L1_EXTENDED,B2_COMMON_NODE_EQUAL_DENSITY,0.5,A2_W0::2014->2015,12,0.4444444444444444,0.4444444444444444,0.0683760683760683,0.6894586894586895,0.2535612535612536,0.9715361934070262,0.902991024890888,0.8603750654382509,0.3119190784018227
S1_DROP_TOP1,2,L1_EXTENDED,B2_COMMON_NODE_EQUAL_DENSITY,0.5,A2_W0::2015->2016,13,0.461340206185567,0.461340206185567,0.0592783505154639,0.7190721649484536,0.2345360824742268,0.969183745782548,0.9721303051072692,0.8635346298507678,0.3410930716629287
S1_DROP_TOP1,2,L1_EXTENDED,B2_COMMON_NODE_EQUAL_DENSITY,0.5,A2_W0::2016->2017,14,0.4176245210727969,0.4176245210727969,0.0919540229885057,0.6532567049808429,0.3065134099616858,0.9445832765836616,0.8797185170201296,0.7694214247176966,0.2290006968732226
S1_DROP_TOP1,2,L1_EXTENDED,B2_COMMON_NODE_EQUAL_DENSITY,0.5,A2_W0::2017->2018,15,0.437125748502994,0.437125748502994,0.1107784431137724,0.6167664670658682,0.3278443113772455,0.9740956011122456,0.9149160994423474,0.7964247793624534,0.4041262599893054
S1_DROP_TOP1,2,L1_EXTENDED,B2_COMMON_NODE_EQUAL_DENSITY,0.5,A2_W0::2018->2019,16,0.4517482517482517,0.4517482517482517,0.0713286713286713,0.593006993006993,0.3482517482517482,0.993031802589188,0.9153321127900084,0.7347121406309495,0.222098809477693
S1_DROP_TOP1,2,L1_EXTENDED,B2_COMMON_NODE_EQUAL_DENSITY,0.5,A2_W0::2019->2020,17,0.4636563876651982,0.4636563876651982,0.0649779735682819,0.4856828193832599,0.4052863436123348,0.9924815081762666,0.9581848029121908,0.8728613461265667,0.2935646140276594
S1_DROP_TOP1,2,L1_EXTENDED,B2_COMMON_NODE_EQUAL_DENSITY,0.5,A2_W0::2020->2021,18,0.4636678200692041,0.4636678200692041,0.0438292964244521,0.4786620530565167,0.4186851211072664,0.9976429772831726,0.9664797759309774,0.7824205697259283,0.2032418333121187
S1_DROP_TOP1,2,L1_EXTENDED,B2_COMMON_NODE_EQUAL_DENSITY,0.5,A2_W0::2021->2022,19,0.4834605597964376,0.4834605597964376,0.0127226463104325,0.5725190839694656,0.3689567430025445,0.9962593610793484,0.9798839443489504,0.8915361031499807,0.252086996707353
S1_DROP_TOP1,2,L1_EXTENDED,B2_COMMON_NODE_EQUAL_DENSITY,0.5,A2_W0::2022->2023,20,0.4852071005917159,0.4852071005917159,0.0059171597633136,0.8579881656804734,0.136094674556213,0.9887381066294424,0.9781121741540212,0.9999999999702108,0.3890038887404861
S1_DROP_TOP1,2,L2_HIGH,B0_REFERENCE,1.0,A2_W0::2002->2003,0,0.8505747126436781,0.0919540229885057,0.0229885057471264,0.971264367816092,0.028735632183908,0.8050779766199166,0.953008256844782,0.0,0.8413421209881065
S1_DROP_TOP1,2,L2_HIGH,B0_REFERENCE,1.0,A2_W0::2003->2004,1,0.4785478547854785,0.4257425742574257,0.0693069306930693,0.9801980198019802,0.0198019801980198,0.7741488806427484,0.8090679049997489,0.0,0.7861198477363427
S1_DROP_TOP1,2,L2_HIGH,B0_REFERENCE,1.0,A2_W0::2004->2005,2,0.3458646616541353,0.5225563909774437,0.0300751879699248,0.9736842105263158,0.0263157894736842,0.8138446211798276,0.5513868048222231,0.0,0.4026704787578815
S1_DROP_TOP1,2,L2_HIGH,B0_REFERENCE,1.0,A2_W0::2005->2006,3,0.3487179487179487,0.5794871794871795,0.0307692307692307,0.958974358974359,0.041025641025641,0.7842023379522686,0.8660254146712816,0.0,0.6546536714067489
S1_DROP_TOP1,2,L2_HIGH,B0_REFERENCE,1.0,A2_W0::2006->2007,4,0.8401559454191033,0.1091617933723196,0.0467836257309941,0.9649122807017544,0.0311890838206627,0.9123175078664388,0.935414347872618,0.9999999996405572,0.8548504153520035
S1_DROP_TOP1,2,L2_HIGH,B0_REFERENCE,1.0,A2_W0::2007->2008,5,0.6751954513148543,0.2430703624733475,0.0305614783226723,0.9751243781094528,0.0227434257285003,0.8895358414152189,0.7782785587618991,0.6592385160352153,0.5048864932348539
S1_DROP_TOP1,2,L2_HIGH,B0_REFERENCE,1.0,A2_W0::2008->2009,6,0.4112769485903814,0.5163073521282476,0.0199004975124378,0.9778883360972912,0.0204532891100055,0.8624277953791637,0.8438518880092403,0.8168561029273438,0.6366585845935556
S1_DROP_TOP1,2,L2_HIGH,B0_REFERENCE,1.0,A2_W0::2009->2010,7,0.3450598802395209,0.4902694610778443,0.0321856287425149,0.9767964071856288,0.0172155688622754,0.850467543484341,0.8796983647908159,0.8481905175596443,0.5154628997379114
S1_DROP_TOP1,2,L2_HIGH,B0_REFERENCE,1.0,A2_W0::2010->2011,8,0.4047202797202797,0.3793706293706294,0.0323426573426573,0.9685314685314684,0.0244755244755244,0.8988937431290812,0.7816513640110538,0.6423293517171693,0.474802944546682
S1_DROP_TOP1,2,L2_HIGH,B0_REFERENCE,1.0,A2_W0::2011->2012,9,0.6728110599078341,0.2345622119815668,0.036405529953917,0.9705069124423964,0.0244239631336405,0.9569346559963796,0.8946336704921088,0.8077560763997975,0.6986531626261626
S1_DROP_TOP1,2,L2_HIGH,B0_REFERENCE,1.0,A2_W0::2012->2013,10,0.4182136602451838,0.4784588441330998,0.0430823117338003,0.9632224168126094,0.0332749562171628,0.9525601695822844,0.8776549364246441,0.8038910918648424,0.5963412617320162
S1_DROP_TOP1,2,L2_HIGH,B0_REFERENCE,1.0,A2_W0::2013->2014,11,0.5212218649517685,0.3180064308681672,0.0861736334405144,0.9569131832797428,0.0379421221864951,0.9351787474049404,0.8014266913879633,0.9215913975465416,0.5514840843527241
S1_DROP_TOP1,2,L2_HIGH,B0_REFERENCE,1.0,A2_W0::2014->2015,12,0.2868190988567585,0.3288500336247478,0.0611970410221923,0.95359784801614,0.0393409549428379,0.7937257442944236,0.737149998281836,0.8538142591939175,0.4372898400770511
S1_DROP_TOP1,2,L2_HIGH,B0_REFERENCE,1.0,A2_W0::2015->2016,13,0.4688664183076104,0.3499201703033529,0.099521021820117,0.9497072911122938,0.0441724321447578,0.9121002327675152,0.8060669690394786,0.8016418956098492,0.5223139306639415
S1_DROP_TOP1,2,L2_HIGH,B0_REFERENCE,1.0,A2_W0::2016->2017,14,0.4350138760407031,0.2546253469010175,0.1191026827012025,0.9343200740055504,0.058973172987974,0.8600161258758239,0.7469891784562241,0.7613590035634916,0.460184149515991
S1_DROP_TOP1,2,L2_HIGH,B0_REFERENCE,1.0,A2_W0::2017->2018,15,0.4543761638733706,0.2258337565600135,0.2481801252750973,0.9222955815134586,0.0694091755544269,0.8614779085541509,0.7695104393777394,0.771698065539001,0.4579524441724601
S1_DROP_TOP1,2,L2_HIGH,B0_REFERENCE,1.0,A2_W0::2018->2019,16,0.3597031643797255,0.3508821058527023,0.1444973396807617,0.9123494819378324,0.0788294595351442,0.8873884286985039,0.744839237181452,0.6590979989938457,0.4782597607851604
S1_DROP_TOP1,2,L2_HIGH,B0_REFERENCE,1.0,A2_W0::2019->2020,17,0.4852320675105485,0.1987563846324672,0.203419942260715,0.8718632023095714,0.1103708638685321,0.8748567962534737,0.7684398681963417,0.7177791214324143,0.4538079095010616
S1_DROP_TOP1,2,L2_HIGH,B0_REFERENCE,1.0,A2_W0::2020->2021,18,0.1444154612283614,0.4822148446763101,0.2155560825231207,0.8764524543514347,0.1070666350486127,0.8451349864587396,0.7490415625323447,0.6353618080255453,0.4481752817104922
S1_DROP_TOP1,2,L2_HIGH,B0_REFERENCE,1.0,A2_W0::2021->2022,19,0.0783030814689742,0.6608273533136344,0.1979738286196707,0.8989024905023216,0.093077247783875,0.8737980152641447,0.8392107342785764,0.71976032809975,0.4453241008204995
S1_DROP_TOP1,2,L2_HIGH,B0_REFERENCE,1.0,A2_W0::2022->2023,20,0.4297374024130589,0.5159687721788503,0.0152590489709013,0.9840312278211496,0.0156139105748757,0.9413683502097826,0.8879166788795785,0.9041686511345612,0.6202910119354573
S1_DROP_TOP1,2,L2_HIGH,B2_COMMON_NODE_EQUAL_DENSITY,1.0,A2_W0::2002->2003,0,0.5,0.5,0.0,0.7857142857142857,0.2142857142857142,0.9999999999241798,0.999999999959082,0.0,0.0
S1_DROP_TOP1,2,L2_HIGH,B2_COMMON_NODE_EQUAL_DENSITY,1.0,A2_W0::2003->2004,1,0.5,0.5,0.0,0.8333333333333334,0.1666666666666666,0.9999999999325084,0.9999999999633752,0.0,0.0
S1_DROP_TOP1,2,L2_HIGH,B2_COMMON_NODE_EQUAL_DENSITY,1.0,A2_W0::2004->2005,2,0.5,0.5,0.0,0.8333333333333334,0.1666666666666666,0.9999999999507424,0.999999999936669,0.0,0.0
S1_DROP_TOP1,2,L2_HIGH,B2_COMMON_NODE_EQUAL_DENSITY,1.0,A2_W0::2005->2006,3,0.4705882352941176,0.4705882352941176,0.0,0.7647058823529411,0.2352941176470588,0.7844645948791472,0.8660254147063785,0.0,0.9999999999144108
S1_DROP_TOP1,2,L2_HIGH,B2_COMMON_NODE_EQUAL_DENSITY,1.0,A2_W0::2006->2007,4,0.3809523809523809,0.3809523809523809,0.238095238095238,0.8095238095238095,0.1666666666666666,0.7859053352920201,0.9999999997613762,0.9999999998981252,0.9999999996504644
S1_DROP_TOP1,2,L2_HIGH,B2_COMMON_NODE_EQUAL_DENSITY,1.0,A2_W0::2007->2008,5,0.4242424242424242,0.4242424242424242,0.0757575757575757,0.8939393939393939,0.0909090909090909,0.9428038146401854,0.8773764249816935,0.6592385160352153,0.3869360105651267
S1_DROP_TOP1,2,L2_HIGH,B2_COMMON_NODE_EQUAL_DENSITY,1.0,A2_W0::2008->2009,6,0.4837209302325581,0.4837209302325581,0.013953488372093,0.9209302325581395,0.0651162790697674,0.991838585783329,0.9116057957064256,0.9999999996491956,0.4497015469291014
S1_DROP_TOP1,2,L2_HIGH,B2_COMMON_NODE_EQUAL_DENSITY,1.0,A2_W0::2009->2010,7,0.450261780104712,0.450261780104712,0.031413612565445,0.8848167539267016,0.0732984293193717,0.9616745291477884,0.9250696750585968,0.8688494616940777,0.3489815958201171
S1_DROP_TOP1,2,L2_HIGH,B2_COMMON_NODE_EQUAL_DENSITY,1.0,A2_W0::2010->2011,8,0.4336734693877551,0.4336734693877551,0.0357142857142857,0.8775510204081632,0.0816326530612244,0.9519642099432708,0.8822962726179744,0.6474359749612416,0.2542788931877199
S1_DROP_TOP1,2,L2_HIGH,B2_COMMON_NODE_EQUAL_DENSITY,1.0,A2_W0::2011->2012,9,0.4406779661016949,0.4406779661016949,0.0381355932203389,0.8432203389830508,0.1228813559322034,0.9541370464722224,0.9188362570881804,0.8231525809329066,0.3310862336148215
S1_DROP_TOP1,2,L2_HIGH,B2_COMMON_NODE_EQUAL_DENSITY,1.0,A2_W0::2012->2013,10,0.4454976303317535,0.4454976303317535,0.0284360189573459,0.8388625592417062,0.1445497630331753,0.9522302387095652,0.93206161923645,0.8585736168137934,0.2612649304821592
S1_DROP_TOP1,2,L2_HIGH,B2_COMMON_NODE_EQUAL_DENSITY,1.0,A2_W0::2013->2014,11,0.4498977505112474,0.4498977505112474,0.0347648261758691,0.7689161554192229,0.1983640081799591,0.9736232975713452,0.8835722581848661,0.9355877905214282,0.354544858086688
S1_DROP_TOP1,2,L2_HIGH,B2_COMMON_NODE_EQUAL_DENSITY,1.0,A2_W0::2014->2015,12,0.4412607449856733,0.4412607449856733,0.0472779369627507,0.832378223495702,0.1375358166189111,0.9654714111189476,0.8408961161836103,0.8683365762919086,0.3365325656922687
S1_DROP_TOP1,2,L2_HIGH,B2_COMMON_NODE_EQUAL_DENSITY,1.0,A2_W0::2015->2016,13,0.4634146341463415,0.4634146341463415,0.0539152759948652,0.8177150192554558,0.1578947368421052,0.975410459502168,0.9414274082998464,0.8738932368940018,0.364699067872043
S1_DROP_TOP1,2,L2_HIGH,B2_COMMON_NODE_EQUAL_DENSITY,1.0,A2_W0::2016->2017,14,0.4307116104868914,0.4307116104868914,0.0739700374531835,0.797752808988764,0.1807116104868913,0.9572879475597414,0.8376929718427659,0.7639653565343644,0.2550910108115548
S1_DROP_TOP1,2,L2_HIGH,B2_COMMON_NODE_EQUAL_DENSITY,1.0,A2_W0::2017->2018,15,0.4334085778781038,0.4334085778781038,0.1143717080511663,0.7328818660647103,0.2347629796839729,0.9693210860718416,0.879349033599644,0.7806237489059207,0.4158765343374168
S1_DROP_TOP1,2,L2_HIGH,B2_COMMON_NODE_EQUAL_DENSITY,1.0,A2_W0::2018->2019,16,0.4239529757531227,0.4239529757531227,0.1227038941954445,0.6722997795738428,0.2880235121234386,0.968472651603352,0.8522688817449862,0.7240987740757772,0.2887727444510953
S1_DROP_TOP1,2,L2_HIGH,B2_COMMON_NODE_EQUAL_DENSITY,1.0,A2_W0::2019->2020,17,0.4444444444444444,0.4444444444444444,0.0911680911680911,0.554985754985755,0.3680911680911681,0.9820645082489484,0.9280915481295005,0.7841788370997871,0.3107149300940847
S1_DROP_TOP1,2,L2_HIGH,B2_COMMON_NODE_EQUAL_DENSITY,1.0,A2_W0::2020->2021,18,0.4371221281741233,0.4371221281741233,0.0683192261185006,0.5532043530834341,0.3748488512696493,0.9892944147353911,0.9027564486197832,0.7240586275166555,0.2874088580799546
S1_DROP_TOP1,2,L2_HIGH,B2_COMMON_NODE_EQUAL_DENSITY,1.0,A2_W0::2021->2022,19,0.4623513870541612,0.4623513870541612,0.035667107001321,0.618229854689564,0.3421400264200792,0.9853525583780772,0.9418911389954387,0.8547633684212642,0.3266839030244241
S1_DROP_TOP1,2,L2_HIGH,B2_COMMON_NODE_EQUAL_DENSITY,1.0,A2_W0::2022->2023,20,0.4646153846153846,0.4646153846153846,0.0092307692307692,0.8984615384615384,0.0984615384615384,0.9752377885580624,0.9566872343802086,0.9999999999703544,0.5110061805884347
S1_DROP_TOP1,2,L2_HIGH,B2_COMMON_NODE_EQUAL_DENSITY,0.75,A2_W0::2002->2003,0,0.5,0.5,0.0,0.7,0.3,0.9999999999565424,0.999999999959082,0.0,0.0
S1_DROP_TOP1,2,L2_HIGH,B2_COMMON_NODE_EQUAL_DENSITY,0.75,A2_W0::2003->2004,1,0.5,0.5,0.0,0.7857142857142857,0.2142857142857142,0.9999999999402936,0.9999999999633752,0.0,0.0
S1_DROP_TOP1,2,L2_HIGH,B2_COMMON_NODE_EQUAL_DENSITY,0.75,A2_W0::2004->2005,2,0.5,0.5,0.0,0.8571428571428571,0.1428571428571428,0.999999999956918,0.9999999999308888,0.0,0.0
S1_DROP_TOP1,2,L2_HIGH,B2_COMMON_NODE_EQUAL_DENSITY,0.75,A2_W0::2005->2006,3,0.5,0.5,0.0,0.75,0.25,0.8164966443176336,0.8164967317469657,0.0,0.0
S1_DROP_TOP1,2,L2_HIGH,B2_COMMON_NODE_EQUAL_DENSITY,0.75,A2_W0::2006->2007,4,0.4411764705882353,0.4411764705882353,0.1176470588235294,0.7941176470588235,0.1764705882352941,0.7453561255834685,0.9999999997889928,0.9999999998981252,0.9999999997014442
S1_DROP_TOP1,2,L2_HIGH,B2_COMMON_NODE_EQUAL_DENSITY,0.75,A2_W0::2007->2008,5,0.4178082191780822,0.4178082191780822,0.0821917808219178,0.8561643835616438,0.1232876712328767,0.9297464685791128,0.9342812831073072,0.6592385160352153,0.3576087016037875
S1_DROP_TOP1,2,L2_HIGH,B2_COMMON_NODE_EQUAL_DENSITY,0.75,A2_W0::2008->2009,6,0.4876543209876543,0.4876543209876543,0.0061728395061728,0.9197530864197532,0.0679012345679012,0.9937343039096964,0.9233606493269496,0.9999999996042668,0.3595886510759994
S1_DROP_TOP1,2,L2_HIGH,B2_COMMON_NODE_EQUAL_DENSITY,0.75,A2_W0::2009->2010,7,0.4662162162162162,0.4662162162162162,0.0067567567567567,0.8716216216216216,0.0878378378378378,0.9704420691989204,0.9655659596794776,0.9164412230237332,0.2541797955299888
S1_DROP_TOP1,2,L2_HIGH,B2_COMMON_NODE_EQUAL_DENSITY,0.75,A2_W0::2010->2011,8,0.4154929577464789,0.4154929577464789,0.0492957746478873,0.8450704225352113,0.0985915492957746,0.9347567348943592,0.8641737344025953,0.7077769220835147,0.2340896590226104
S1_DROP_TOP1,2,L2_HIGH,B2_COMMON_NODE_EQUAL_DENSITY,0.75,A2_W0::2011->2012,9,0.4677419354838709,0.4677419354838709,0.021505376344086,0.8279569892473119,0.1344086021505376,0.9785421660250668,0.963314936771622,0.7946824498967698,0.3002676348276086
S1_DROP_TOP1,2,L2_HIGH,B2_COMMON_NODE_EQUAL_DENSITY,0.75,A2_W0::2012->2013,10,0.4582043343653251,0.4582043343653251,0.0154798761609907,0.8452012383900929,0.1393188854489164,0.9634855380979854,0.9434573739929342,0.7949893823218092,0.1542207172361182
S1_DROP_TOP1,2,L2_HIGH,B2_COMMON_NODE_EQUAL_DENSITY,0.75,A2_W0::2013->2014,11,0.4627659574468085,0.4627659574468085,0.0319148936170212,0.7207446808510638,0.2393617021276596,0.986293796203831,0.901554906417399,0.9662425270630852,0.3150186848525961
S1_DROP_TOP1,2,L2_HIGH,B2_COMMON_NODE_EQUAL_DENSITY,0.75,A2_W0::2014->2015,12,0.4604051565377532,0.4604051565377532,0.0497237569060773,0.7955801104972375,0.1675874769797421,0.9799704194040472,0.9052187921603714,0.8612251914205454,0.3150949562560256
S1_DROP_TOP1,2,L2_HIGH,B2_COMMON_NODE_EQUAL_DENSITY,0.75,A2_W0::2015->2016,13,0.4632478632478632,0.4632478632478632,0.0478632478632478,0.788034188034188,0.1811965811965812,0.9740666732364296,0.9518226666725238,0.8663492496153796,0.3390152865604786
S1_DROP_TOP1,2,L2_HIGH,B2_COMMON_NODE_EQUAL_DENSITY,0.75,A2_W0::2016->2017,14,0.4235145385587863,0.4235145385587863,0.0922882427307206,0.7471554993678887,0.225031605562579,0.951785386384037,0.8570016793028475,0.7514770461364317,0.2656726960230964
S1_DROP_TOP1,2,L2_HIGH,B2_COMMON_NODE_EQUAL_DENSITY,0.75,A2_W0::2017->2018,15,0.436127744510978,0.436127744510978,0.1117764471057884,0.6946107784431138,0.2674650698602794,0.9707198699825628,0.8970365619447263,0.7792971577673401,0.4008692106531825
S1_DROP_TOP1,2,L2_HIGH,B2_COMMON_NODE_EQUAL_DENSITY,0.75,A2_W0::2018->2019,16,0.4463276836158192,0.4463276836158192,0.0809792843691148,0.6468926553672316,0.3126177024482109,0.9886113846011668,0.8925208008726427,0.6592557615627428,0.2405901021654454
S1_DROP_TOP1,2,L2_HIGH,B2_COMMON_NODE_EQUAL_DENSITY,0.75,A2_W0::2019->2020,17,0.4556962025316455,0.4556962025316455,0.0752047654504839,0.5204765450483991,0.3886820551005212,0.9846551448988136,0.9521785260566475,0.8262187005568824,0.2936638709715786
S1_DROP_TOP1,2,L2_HIGH,B2_COMMON_NODE_EQUAL_DENSITY,0.75,A2_W0::2020->2021,18,0.4495268138801261,0.4495268138801261,0.0536277602523659,0.5078864353312302,0.4061514195583596,0.9950784665262712,0.937547148792066,0.7276448149329174,0.2511040026895914
S1_DROP_TOP1,2,L2_HIGH,B2_COMMON_NODE_EQUAL_DENSITY,0.75,A2_W0::2021->2022,19,0.4677137870855148,0.4677137870855148,0.0279232111692844,0.5759162303664922,0.3769633507853403,0.9844795073669264,0.960535069549,0.8629476906394998,0.2954546876819048
S1_DROP_TOP1,2,L2_HIGH,B2_COMMON_NODE_EQUAL_DENSITY,0.75,A2_W0::2022->2023,20,0.4758064516129032,0.4758064516129032,0.0040322580645161,0.8709677419354839,0.125,0.9829539838681144,0.9758945653436624,0.9999999999703544,0.5181987861116322
S1_DROP_TOP1,2,L2_HIGH,B2_COMMON_NODE_EQUAL_DENSITY,0.5,A2_W0::2002->2003,0,0.5,0.5,0.0,0.8333333333333334,0.1666666666666666,0.9999999999560912,0.9999999999859716,0.0,0.0
S1_DROP_TOP1,2,L2_HIGH,B2_COMMON_NODE_EQUAL_DENSITY,0.5,A2_W0::2003->2004,1,0.5,0.5,0.0,0.75,0.25,0.999999999970525,0.999999999970948,0.0,0.0
S1_DROP_TOP1,2,L2_HIGH,B2_COMMON_NODE_EQUAL_DENSITY,0.5,A2_W0::2004->2005,2,0.5,0.5,0.0,1.0,0.0,0.9999999999653542,0.0,0.0,0.0
S1_DROP_TOP1,2,L2_HIGH,B2_COMMON_NODE_EQUAL_DENSITY,0.5,A2_W0::2005->2006,3,0.5,0.5,0.0,0.75,0.25,0.9128709670773832,0.7071070424618587,0.0,0.0
S1_DROP_TOP1,2,L2_HIGH,B2_COMMON_NODE_EQUAL_DENSITY,0.5,A2_W0::2006->2007,4,0.5,0.5,0.0,0.7692307692307693,0.1923076923076923,0.7416199872960653,0.8944272734994116,0.9999999998981252,0.0
S1_DROP_TOP1,2,L2_HIGH,B2_COMMON_NODE_EQUAL_DENSITY,0.5,A2_W0::2007->2008,5,0.4770642201834862,0.4770642201834862,0.0091743119266055,0.8532110091743119,0.128440366972477,0.9785535681131822,0.9999999998122644,0.8009466574092463,0.2595265318565862
S1_DROP_TOP1,2,L2_HIGH,B2_COMMON_NODE_EQUAL_DENSITY,0.5,A2_W0::2008->2009,6,0.4859813084112149,0.4859813084112149,0.0,0.9065420560747663,0.0841121495327102,0.9903590527629276,0.949322797636996,0.9999999996665064,0.2884418959795564
S1_DROP_TOP1,2,L2_HIGH,B2_COMMON_NODE_EQUAL_DENSITY,0.5,A2_W0::2009->2010,7,0.4747474747474747,0.4747474747474747,0.0101010101010101,0.8585858585858586,0.101010101010101,0.9836112392482136,0.9549936698261569,0.8716632223208226,0.2814452572884191
S1_DROP_TOP1,2,L2_HIGH,B2_COMMON_NODE_EQUAL_DENSITY,0.5,A2_W0::2010->2011,8,0.4021739130434782,0.4021739130434782,0.0434782608695652,0.8369565217391305,0.0978260869565217,0.914725125879582,0.8437615691555147,0.8166609882668707,0.215588550671133
S1_DROP_TOP1,2,L2_HIGH,B2_COMMON_NODE_EQUAL_DENSITY,0.5,A2_W0::2011->2012,9,0.4677419354838709,0.4677419354838709,0.032258064516129,0.7983870967741935,0.1532258064516129,0.9817677242165233,0.9770363244806904,0.7550542335921421,0.3501713142550898
S1_DROP_TOP1,2,L2_HIGH,B2_COMMON_NODE_EQUAL_DENSITY,0.5,A2_W0::2012->2013,10,0.4705882352941176,0.4705882352941176,0.0090497737556561,0.8099547511312217,0.171945701357466,0.974739849255288,0.9738725009790188,0.7348538274117319,0.144481250559926
S1_DROP_TOP1,2,L2_HIGH,B2_COMMON_NODE_EQUAL_DENSITY,0.5,A2_W0::2013->2014,11,0.4765625,0.4765625,0.0234375,0.6796875,0.2734375,0.9942366301920528,0.9376115650256716,0.9576172391101986,0.2126377413111227
S1_DROP_TOP1,2,L2_HIGH,B2_COMMON_NODE_EQUAL_DENSITY,0.5,A2_W0::2014->2015,12,0.4460227272727273,0.4460227272727273,0.0681818181818181,0.6903409090909091,0.2528409090909091,0.97162127740454,0.9029745888162516,0.8883204601965382,0.3142754011403406
S1_DROP_TOP1,2,L2_HIGH,B2_COMMON_NODE_EQUAL_DENSITY,0.5,A2_W0::2015->2016,13,0.4627249357326478,0.4627249357326478,0.0565552699228791,0.7172236503856041,0.2365038560411311,0.9692125550897888,0.9725357913328078,0.8877160422015036,0.3366035418387565
S1_DROP_TOP1,2,L2_HIGH,B2_COMMON_NODE_EQUAL_DENSITY,0.5,A2_W0::2016->2017,14,0.4198473282442748,0.4198473282442748,0.0877862595419847,0.6564885496183206,0.3034351145038167,0.94645790062662,0.8822848557432335,0.7691410715012427,0.2273596378890587
S1_DROP_TOP1,2,L2_HIGH,B2_COMMON_NODE_EQUAL_DENSITY,0.5,A2_W0::2017->2018,15,0.4354354354354354,0.4354354354354354,0.1156156156156156,0.6171171171171171,0.3273273273273273,0.972157289100082,0.9157711554970998,0.7958432410748495,0.4132864535625648
S1_DROP_TOP1,2,L2_HIGH,B2_COMMON_NODE_EQUAL_DENSITY,0.5,A2_W0::2018->2019,16,0.449438202247191,0.449438202247191,0.074438202247191,0.5870786516853933,0.3553370786516854,0.991729538343205,0.9146087510040108,0.7145918756878602,0.2263112577425861
S1_DROP_TOP1,2,L2_HIGH,B2_COMMON_NODE_EQUAL_DENSITY,0.5,A2_W0::2019->2020,17,0.4630650496141124,0.4630650496141124,0.0661521499448732,0.4840132304299889,0.4057331863285556,0.9913018806109324,0.958118557356,0.8740671207166874,0.289527371483711
S1_DROP_TOP1,2,L2_HIGH,B2_COMMON_NODE_EQUAL_DENSITY,0.5,A2_W0::2020->2021,18,0.4630484988452656,0.4630484988452656,0.0450346420323325,0.476905311778291,0.4203233256351039,0.997628302141852,0.9665666750525506,0.7772970595568376,0.2122678425908737
S1_DROP_TOP1,2,L2_HIGH,B2_COMMON_NODE_EQUAL_DENSITY,0.5,A2_W0::2021->2022,19,0.4821428571428571,0.4821428571428571,0.0127551020408163,0.5739795918367347,0.3673469387755102,0.996264701987308,0.9762021813214814,0.8916816154896166,0.2445471415364895
S1_DROP_TOP1,2,L2_HIGH,B2_COMMON_NODE_EQUAL_DENSITY,0.5,A2_W0::2022->2023,20,0.4821428571428571,0.4821428571428571,0.0059523809523809,0.8630952380952381,0.1309523809523809,0.989685970283272,0.9658598685671484,0.9999999999703544,0.5079095543421289
S1_DROP_TOP1,3,L0_STAGE15_MATCHED,B0_REFERENCE,1.0,A2_W0::2002->2003,0,0.7786885245901639,0.1721311475409836,0.0327868852459016,0.9590163934426228,0.040983606557377,0.9676636249624456,0.9550392514754762,0.0,0.9234110772370856
S1_DROP_TOP1,3,L0_STAGE15_MATCHED,B0_REFERENCE,1.0,A2_W0::2003->2004,1,0.5976095617529881,0.3147410358565737,0.0637450199203187,0.9760956175298804,0.0239043824701195,0.8492375422380795,0.8541344203065754,0.0,0.7708422555281265
S1_DROP_TOP1,3,L0_STAGE15_MATCHED,B0_REFERENCE,1.0,A2_W0::2004->2005,2,0.3558052434456928,0.5280898876404494,0.0112359550561797,0.9775280898876404,0.0224719101123595,0.8079372903893205,0.6104748694622533,0.0,0.3855089585317614
S1_DROP_TOP1,3,L0_STAGE15_MATCHED,B0_REFERENCE,1.0,A2_W0::2005->2006,3,0.4705882352941176,0.4957983193277311,0.0084033613445378,0.9663865546218487,0.0336134453781512,0.7071067810047856,0.8660254037338988,0.0,0.8660254036121224
S1_DROP_TOP1,3,L0_STAGE15_MATCHED,B0_REFERENCE,1.0,A2_W0::2006->2007,4,0.8735511064278187,0.0674394099051633,0.0453108535300316,0.9841938883034772,0.0136986301369863,0.6641637518508451,0.9999999988023556,0.999999999570792,0.8864052567637581
S1_DROP_TOP1,3,L0_STAGE15_MATCHED,B0_REFERENCE,1.0,A2_W0::2007->2008,5,0.413129973474801,0.3826259946949602,0.1425729442970822,0.9774535809018567,0.0205570291777188,0.8585342699851948,0.7615683549254525,0.6804105058997253,0.7512456854549275
S1_DROP_TOP1,3,L0_STAGE15_MATCHED,B0_REFERENCE,1.0,A2_W0::2008->2009,6,0.4277811923786109,0.5199754148740012,0.0141364474492931,0.97480024585126,0.0227412415488629,0.9106912451178464,0.8436526005129131,0.8661878312022288,0.59109586533715
S1_DROP_TOP1,3,L0_STAGE15_MATCHED,B0_REFERENCE,1.0,A2_W0::2009->2010,7,0.4236162361623616,0.4494464944649446,0.0302583025830258,0.9771217712177122,0.0169741697416974,0.8448996566071746,0.8533294959842525,0.838518607218896,0.5681336112470224
S1_DROP_TOP1,3,L0_STAGE15_MATCHED,B0_REFERENCE,1.0,A2_W0::2010->2011,8,0.4203574203574203,0.425019425019425,0.052059052059052,0.9728049728049728,0.0209790209790209,0.8464082521808918,0.7779998530469953,0.6518806402066871,0.5612429233885662
S1_DROP_TOP1,3,L0_STAGE15_MATCHED,B0_REFERENCE,1.0,A2_W0::2011->2012,9,0.6634834015461574,0.2423829013187812,0.0600272851296043,0.971350613915416,0.024556616643929,0.9486335302086596,0.8734766141941611,0.7572721546218146,0.5920544018350938
S1_DROP_TOP1,3,L0_STAGE15_MATCHED,B0_REFERENCE,1.0,A2_W0::2012->2013,10,0.4233298719280027,0.4479058497750086,0.0449982692973347,0.9629629629629628,0.0335756317064728,0.9468285425062184,0.8751986821115542,0.8023862766025014,0.6893133798165126
S1_DROP_TOP1,3,L0_STAGE15_MATCHED,B0_REFERENCE,1.0,A2_W0::2013->2014,11,0.4960505529225908,0.3263823064770932,0.1083728278041074,0.9570300157977883,0.0379146919431279,0.9272852176589412,0.8029804162485458,0.9155767174909633,0.6289222996885253
S1_DROP_TOP1,3,L0_STAGE15_MATCHED,B0_REFERENCE,1.0,A2_W0::2014->2015,12,0.2785109983079526,0.327580372250423,0.0622673434856176,0.9529610829103214,0.0395939086294416,0.7962220703382429,0.731388645688611,0.8620855748972024,0.4447047248303719
S1_DROP_TOP1,3,L0_STAGE15_MATCHED,B0_REFERENCE,1.0,A2_W0::2015->2016,13,0.4705568878230748,0.3312017053024247,0.1025845989874766,0.949107380762057,0.0444977351452171,0.9141956529235992,0.807876477401144,0.8069193212463862,0.557905632168589
S1_DROP_TOP1,3,L0_STAGE15_MATCHED,B0_REFERENCE,1.0,A2_W0::2016->2017,14,0.420457169244978,0.2659893788963288,0.1399214961902563,0.935118910182406,0.0579542830755021,0.8585029020531805,0.7504524680941642,0.7728932266579216,0.4623044810633829
S1_DROP_TOP1,3,L0_STAGE15_MATCHED,B0_REFERENCE,1.0,A2_W0::2017->2018,15,0.4591697856413746,0.2243960530792786,0.2439605307927866,0.9227628445049336,0.0690711126233412,0.8629187261765288,0.7687469914786903,0.7670574197661493,0.4626030528652334
S1_DROP_TOP1,3,L0_STAGE15_MATCHED,B0_REFERENCE,1.0,A2_W0::2018->2019,16,0.3639787946428571,0.3477957589285714,0.1429966517857142,0.9125279017857144,0.0785435267857142,0.8869461923478547,0.7456514088371128,0.6735644525895624,0.4778205364410333
S1_DROP_TOP1,3,L0_STAGE15_MATCHED,B0_REFERENCE,1.0,A2_W0::2019->2020,17,0.4829111823913284,0.2007521291892489,0.2026324521623714,0.8720274305939608,0.1102754120119455,0.8731094817487864,0.7684914778369184,0.7140506816946793,0.4555479943367484
S1_DROP_TOP1,3,L0_STAGE15_MATCHED,B0_REFERENCE,1.0,A2_W0::2020->2021,18,0.1447508580897147,0.4849094567404426,0.2099656764114096,0.8761983666706119,0.1075866966504911,0.8451444109082245,0.7495887009781,0.6297399529519412,0.4500687940319839
S1_DROP_TOP1,3,L0_STAGE15_MATCHED,B0_REFERENCE,1.0,A2_W0::2021->2022,19,0.0921985815602836,0.6184814351272424,0.1956612432206925,0.899874843554443,0.0921985815602836,0.8680948484494411,0.8375637126851777,0.7378418191325521,0.5361736882152336
S1_DROP_TOP1,3,L0_STAGE15_MATCHED,B0_REFERENCE,1.0,A2_W0::2022->2023,20,0.3495732574679943,0.5906827880512091,0.0202702702702702,0.9836415362731152,0.0160028449502133,0.9450805083088264,0.892875180664761,0.9263988446411509,0.6648551374281018
S1_DROP_TOP1,3,L0_STAGE15_MATCHED,B2_COMMON_NODE_EQUAL_DENSITY,1.0,A2_W0::2002->2003,0,0.5,0.5,0.0,0.7857142857142857,0.2142857142857142,0.9999999999231542,0.9999999999605212,0.0,0.0
S1_DROP_TOP1,3,L0_STAGE15_MATCHED,B2_COMMON_NODE_EQUAL_DENSITY,1.0,A2_W0::2003->2004,1,0.5,0.5,0.0,0.8333333333333334,0.1666666666666666,0.9999999999316704,0.9999999999636346,0.0,0.0
S1_DROP_TOP1,3,L0_STAGE15_MATCHED,B2_COMMON_NODE_EQUAL_DENSITY,1.0,A2_W0::2004->2005,2,0.4375,0.4375,0.0,0.8125,0.1875,0.9624709049449722,0.826786539266071,0.0,0.2159642367169169
S1_DROP_TOP1,3,L0_STAGE15_MATCHED,B2_COMMON_NODE_EQUAL_DENSITY,1.0,A2_W0::2005->2006,3,0.5,0.5,0.0,0.8333333333333334,0.1666666666666666,0.7745966692369363,0.8164965810061818,0.0,0.0
S1_DROP_TOP1,3,L0_STAGE15_MATCHED,B2_COMMON_NODE_EQUAL_DENSITY,1.0,A2_W0::2006->2007,4,0.5,0.5,0.0,0.8269230769230769,0.1538461538461538,0.6988362417993983,0.9354143465155346,0.9999999999055768,0.0
S1_DROP_TOP1,3,L0_STAGE15_MATCHED,B2_COMMON_NODE_EQUAL_DENSITY,1.0,A2_W0::2007->2008,5,0.438423645320197,0.438423645320197,0.0541871921182266,0.9064039408866996,0.0788177339901477,0.9499379667881273,0.9367531510358912,0.6804105058997253,0.3724133662714896
S1_DROP_TOP1,3,L0_STAGE15_MATCHED,B2_COMMON_NODE_EQUAL_DENSITY,1.0,A2_W0::2008->2009,6,0.488479262672811,0.488479262672811,0.0046082949308755,0.935483870967742,0.0552995391705069,0.9931288744847788,0.930789854632285,0.9999999997005022,0.3510966525117508
S1_DROP_TOP1,3,L0_STAGE15_MATCHED,B2_COMMON_NODE_EQUAL_DENSITY,1.0,A2_W0::2009->2010,7,0.453125,0.453125,0.0364583333333333,0.8854166666666666,0.0729166666666666,0.9649247189218764,0.9241072635909692,0.8699107590152286,0.356927352894493
S1_DROP_TOP1,3,L0_STAGE15_MATCHED,B2_COMMON_NODE_EQUAL_DENSITY,1.0,A2_W0::2010->2011,8,0.4307692307692308,0.4307692307692308,0.0512820512820512,0.882051282051282,0.0769230769230769,0.949094862813543,0.8760628924035306,0.6518806402066871,0.261493007197613
S1_DROP_TOP1,3,L0_STAGE15_MATCHED,B2_COMMON_NODE_EQUAL_DENSITY,1.0,A2_W0::2011->2012,9,0.4382978723404255,0.4382978723404255,0.051063829787234,0.8382978723404255,0.1319148936170212,0.9516059711497148,0.9241897250925628,0.7872416348745144,0.3327158386141587
S1_DROP_TOP1,3,L0_STAGE15_MATCHED,B2_COMMON_NODE_EQUAL_DENSITY,1.0,A2_W0::2012->2013,10,0.441527446300716,0.441527446300716,0.035799522673031,0.8329355608591885,0.1479713603818615,0.951830064268237,0.908414165838464,0.8757556047224209,0.2667329977846036
S1_DROP_TOP1,3,L0_STAGE15_MATCHED,B2_COMMON_NODE_EQUAL_DENSITY,1.0,A2_W0::2013->2014,11,0.4442148760330578,0.4442148760330578,0.03099173553719,0.7582644628099173,0.2086776859504132,0.9689508324495352,0.8809111420651043,0.9357834988836198,0.3587844346936926
S1_DROP_TOP1,3,L0_STAGE15_MATCHED,B2_COMMON_NODE_EQUAL_DENSITY,1.0,A2_W0::2014->2015,12,0.4460227272727273,0.4460227272727273,0.0383522727272727,0.8352272727272727,0.1363636363636363,0.971229054081361,0.8280677676970275,0.8888554980964938,0.3300760578677333
S1_DROP_TOP1,3,L0_STAGE15_MATCHED,B2_COMMON_NODE_EQUAL_DENSITY,1.0,A2_W0::2015->2016,13,0.4641025641025641,0.4641025641025641,0.0512820512820512,0.8217948717948718,0.1538461538461538,0.97508748685925,0.9423571664892348,0.8589820859124581,0.3285135013368064
S1_DROP_TOP1,3,L0_STAGE15_MATCHED,B2_COMMON_NODE_EQUAL_DENSITY,1.0,A2_W0::2016->2017,14,0.431244153414406,0.431244153414406,0.0748362956033676,0.7988774555659495,0.1777362020579981,0.9587130513809272,0.833636000081649,0.7840390130701531,0.2652923838885037
S1_DROP_TOP1,3,L0_STAGE15_MATCHED,B2_COMMON_NODE_EQUAL_DENSITY,1.0,A2_W0::2017->2018,15,0.4338345864661654,0.4338345864661654,0.1172932330827067,0.7360902255639098,0.2323308270676691,0.9698598070986436,0.8770838385106634,0.7932374133758133,0.419744476142668
S1_DROP_TOP1,3,L0_STAGE15_MATCHED,B2_COMMON_NODE_EQUAL_DENSITY,1.0,A2_W0::2018->2019,16,0.4231052244297277,0.4231052244297277,0.1236203090507726,0.6666666666666666,0.2921265636497424,0.9683908658471144,0.8509060808502766,0.7275254960670801,0.2827939484036633
S1_DROP_TOP1,3,L0_STAGE15_MATCHED,B2_COMMON_NODE_EQUAL_DENSITY,1.0,A2_W0::2019->2020,17,0.4460227272727273,0.4460227272727273,0.0869318181818181,0.5579545454545455,0.3653409090909091,0.983141295078818,0.92805353349928,0.7958516548918598,0.3118711433002267
S1_DROP_TOP1,3,L0_STAGE15_MATCHED,B2_COMMON_NODE_EQUAL_DENSITY,1.0,A2_W0::2020->2021,18,0.4388185654008439,0.4388185654008439,0.0669077757685352,0.5599758890898131,0.3701024713682941,0.9885400045090094,0.9089468376482984,0.7053127720288994,0.2877858161359273
S1_DROP_TOP1,3,L0_STAGE15_MATCHED,B2_COMMON_NODE_EQUAL_DENSITY,1.0,A2_W0::2021->2022,19,0.4573333333333333,0.4573333333333333,0.0373333333333333,0.6146666666666667,0.3453333333333333,0.9859839093973026,0.927946844510244,0.8316991035575431,0.3046651616070761
S1_DROP_TOP1,3,L0_STAGE15_MATCHED,B2_COMMON_NODE_EQUAL_DENSITY,1.0,A2_W0::2022->2023,20,0.4678899082568807,0.4678899082568807,0.0061162079510703,0.8929663608562691,0.1039755351681957,0.9735644362418482,0.978445919401276,0.999999999971522,0.4533373625316662
S1_DROP_TOP1,3,L0_STAGE15_MATCHED,B2_COMMON_NODE_EQUAL_DENSITY,0.75,A2_W0::2002->2003,0,0.5,0.5,0.0,0.7,0.3,0.9999999999555494,0.9999999999605212,0.0,0.0
S1_DROP_TOP1,3,L0_STAGE15_MATCHED,B2_COMMON_NODE_EQUAL_DENSITY,0.75,A2_W0::2003->2004,1,0.5,0.5,0.0,0.7857142857142857,0.2142857142857142,0.9999999999408504,0.9999999999636346,0.0,0.0
S1_DROP_TOP1,3,L0_STAGE15_MATCHED,B2_COMMON_NODE_EQUAL_DENSITY,0.75,A2_W0::2004->2005,2,0.5,0.5,0.0,0.7857142857142857,0.2142857142857142,0.999999999958834,0.9999999999359188,0.0,0.0
S1_DROP_TOP1,3,L0_STAGE15_MATCHED,B2_COMMON_NODE_EQUAL_DENSITY,0.75,A2_W0::2005->2006,3,0.5,0.5,0.0,0.75,0.25,0.8164965809501827,0.8164965810061818,0.0,0.0
S1_DROP_TOP1,3,L0_STAGE15_MATCHED,B2_COMMON_NODE_EQUAL_DENSITY,0.75,A2_W0::2006->2007,4,0.5,0.5,0.0,0.7894736842105263,0.1842105263157894,0.7071067811095063,0.9258200996342538,0.9999999999055768,0.0
S1_DROP_TOP1,3,L0_STAGE15_MATCHED,B2_COMMON_NODE_EQUAL_DENSITY,0.75,A2_W0::2007->2008,5,0.4407894736842105,0.4407894736842105,0.0460526315789473,0.875,0.1052631578947368,0.9468515073694884,0.9637121240273252,0.882567001383786,0.3677880494467906
S1_DROP_TOP1,3,L0_STAGE15_MATCHED,B2_COMMON_NODE_EQUAL_DENSITY,0.75,A2_W0::2008->2009,6,0.4907975460122699,0.4907975460122699,0.0,0.9263803680981596,0.0674846625766871,0.99392216183055,0.9618499110603068,0.999999999644444,0.3399895409792128
S1_DROP_TOP1,3,L0_STAGE15_MATCHED,B2_COMMON_NODE_EQUAL_DENSITY,0.75,A2_W0::2009->2010,7,0.4589041095890411,0.4589041095890411,0.0136986301369863,0.863013698630137,0.0890410958904109,0.9623697679157326,0.9657130282824502,0.9287976315899944,0.2674070970418916
S1_DROP_TOP1,3,L0_STAGE15_MATCHED,B2_COMMON_NODE_EQUAL_DENSITY,0.75,A2_W0::2010->2011,8,0.4275862068965517,0.4275862068965517,0.0551724137931034,0.8413793103448276,0.1034482758620689,0.9443723534432374,0.9112429404199398,0.7074220896900659,0.2452791340671632
S1_DROP_TOP1,3,L0_STAGE15_MATCHED,B2_COMMON_NODE_EQUAL_DENSITY,0.75,A2_W0::2011->2012,9,0.4590163934426229,0.4590163934426229,0.0218579234972677,0.819672131147541,0.1420765027322404,0.9726738222537696,0.9442144799915394,0.7872416348745144,0.3090270854122998
S1_DROP_TOP1,3,L0_STAGE15_MATCHED,B2_COMMON_NODE_EQUAL_DENSITY,0.75,A2_W0::2012->2013,10,0.4631901840490797,0.4631901840490797,0.0122699386503067,0.8343558282208589,0.1441717791411043,0.9692831491307072,0.947024889671054,0.856536466966727,0.1864686914742823
S1_DROP_TOP1,3,L0_STAGE15_MATCHED,B2_COMMON_NODE_EQUAL_DENSITY,0.75,A2_W0::2013->2014,11,0.4584450402144772,0.4584450402144772,0.0294906166219839,0.7184986595174263,0.2412868632707774,0.981261048122019,0.90640642467937,0.931344981203974,0.3112211382415412
S1_DROP_TOP1,3,L0_STAGE15_MATCHED,B2_COMMON_NODE_EQUAL_DENSITY,0.75,A2_W0::2014->2015,12,0.4604051565377532,0.4604051565377532,0.0497237569060773,0.7918968692449355,0.1712707182320442,0.9798297362282288,0.902779242498531,0.8888554980964938,0.3208187294558282
S1_DROP_TOP1,3,L0_STAGE15_MATCHED,B2_COMMON_NODE_EQUAL_DENSITY,0.75,A2_W0::2015->2016,13,0.4632478632478632,0.4632478632478632,0.0495726495726495,0.7948717948717948,0.1726495726495726,0.974273642852654,0.942676248856132,0.889090420975691,0.3108087667245109
S1_DROP_TOP1,3,L0_STAGE15_MATCHED,B2_COMMON_NODE_EQUAL_DENSITY,0.75,A2_W0::2016->2017,14,0.4285714285714285,0.4285714285714285,0.0789473684210526,0.7568922305764411,0.213032581453634,0.959393175404298,0.840818857246501,0.7997991956355518,0.2561724066972374
S1_DROP_TOP1,3,L0_STAGE15_MATCHED,B2_COMMON_NODE_EQUAL_DENSITY,0.75,A2_W0::2017->2018,15,0.4332998996990972,0.4332998996990972,0.1203610832497492,0.6890672016048145,0.2728184553660983,0.9698428528075234,0.8939200982136215,0.7830056901968849,0.4144017354302559
S1_DROP_TOP1,3,L0_STAGE15_MATCHED,B2_COMMON_NODE_EQUAL_DENSITY,0.75,A2_W0::2018->2019,16,0.4447592067988669,0.4447592067988669,0.0859301227573182,0.6430594900849859,0.3135033050047214,0.98857619901014,0.8890824684364227,0.6917659871438625,0.2611244500582919
S1_DROP_TOP1,3,L0_STAGE15_MATCHED,B2_COMMON_NODE_EQUAL_DENSITY,0.75,A2_W0::2019->2020,17,0.4561011904761904,0.4561011904761904,0.072172619047619,0.5163690476190477,0.3928571428571428,0.9837894736043068,0.9552605855782582,0.8239450520306524,0.295706791789836
S1_DROP_TOP1,3,L0_STAGE15_MATCHED,B2_COMMON_NODE_EQUAL_DENSITY,0.75,A2_W0::2020->2021,18,0.4490923441199684,0.4490923441199684,0.0528808208366219,0.5090765588003157,0.4041041831097079,0.9950307587815408,0.9363995922204535,0.7330422026001779,0.2590745394129524
S1_DROP_TOP1,3,L0_STAGE15_MATCHED,B2_COMMON_NODE_EQUAL_DENSITY,0.75,A2_W0::2021->2022,19,0.4677137870855148,0.4677137870855148,0.0279232111692844,0.5828970331588132,0.3717277486910995,0.984648232339072,0.9638795793282704,0.8194186261150305,0.292794227494018
S1_DROP_TOP1,3,L0_STAGE15_MATCHED,B2_COMMON_NODE_EQUAL_DENSITY,0.75,A2_W0::2022->2023,20,0.4715447154471545,0.4715447154471545,0.0040650406504065,0.8617886178861789,0.1341463414634146,0.9750637823830628,0.9847874190595058,0.999999999971522,0.4278246612030327
S1_DROP_TOP1,3,L0_STAGE15_MATCHED,B2_COMMON_NODE_EQUAL_DENSITY,0.5,A2_W0::2002->2003,0,0.5,0.5,0.0,0.6666666666666666,0.3333333333333333,0.9999999999616124,0.9999999999622414,0.0,0.0
S1_DROP_TOP1,3,L0_STAGE15_MATCHED,B2_COMMON_NODE_EQUAL_DENSITY,0.5,A2_W0::2003->2004,1,0.5,0.5,0.0,0.75,0.25,0.9999999999710236,0.9999999999710292,0.0,0.0
S1_DROP_TOP1,3,L0_STAGE15_MATCHED,B2_COMMON_NODE_EQUAL_DENSITY,0.5,A2_W0::2004->2005,2,0.5,0.5,0.0,1.0,0.0,0.999999999965712,0.0,0.0,0.0
S1_DROP_TOP1,3,L0_STAGE15_MATCHED,B2_COMMON_NODE_EQUAL_DENSITY,0.5,A2_W0::2005->2006,3,0.5,0.5,0.0,0.75,0.25,0.9128709291646184,0.7071067813739833,0.0,0.0
S1_DROP_TOP1,3,L0_STAGE15_MATCHED,B2_COMMON_NODE_EQUAL_DENSITY,0.5,A2_W0::2006->2007,4,0.5,0.5,0.0,0.7692307692307693,0.1923076923076923,0.7416198486543019,0.8944271909365177,0.9999999999055768,0.0
S1_DROP_TOP1,3,L0_STAGE15_MATCHED,B2_COMMON_NODE_EQUAL_DENSITY,0.5,A2_W0::2007->2008,5,0.4770642201834862,0.4770642201834862,0.0,0.8623853211009175,0.1192660550458715,0.9862658066238738,0.9733484776863296,0.8175492454044212,0.4666413257724585
S1_DROP_TOP1,3,L0_STAGE15_MATCHED,B2_COMMON_NODE_EQUAL_DENSITY,0.5,A2_W0::2008->2009,6,0.4907407407407407,0.4907407407407407,0.0,0.9074074074074074,0.0833333333333333,0.9950660738308096,0.9531647733479266,0.999999999644444,0.3256101568893346
S1_DROP_TOP1,3,L0_STAGE15_MATCHED,B2_COMMON_NODE_EQUAL_DENSITY,0.5,A2_W0::2009->2010,7,0.4747474747474747,0.4747474747474747,0.0101010101010101,0.8484848484848485,0.101010101010101,0.9833004104176408,0.9551869707351176,0.8987385920342519,0.2758156491685823
S1_DROP_TOP1,3,L0_STAGE15_MATCHED,B2_COMMON_NODE_EQUAL_DENSITY,0.5,A2_W0::2010->2011,8,0.3956043956043956,0.3956043956043956,0.0769230769230769,0.8351648351648352,0.0989010989010989,0.9133074505687844,0.8469196112640169,0.7074519569538847,0.2117972025258505
S1_DROP_TOP1,3,L0_STAGE15_MATCHED,B2_COMMON_NODE_EQUAL_DENSITY,0.5,A2_W0::2011->2012,9,0.4545454545454545,0.4545454545454545,0.0330578512396694,0.768595041322314,0.1735537190082644,0.9745477676637514,0.9304393635399232,0.7872416348745144,0.277069578509102
S1_DROP_TOP1,3,L0_STAGE15_MATCHED,B2_COMMON_NODE_EQUAL_DENSITY,0.5,A2_W0::2012->2013,10,0.4729729729729729,0.4729729729729729,0.009009009009009,0.7882882882882883,0.1936936936936936,0.9799550331721062,0.9648532795508838,0.7306817085224759,0.1356034224741919
S1_DROP_TOP1,3,L0_STAGE15_MATCHED,B2_COMMON_NODE_EQUAL_DENSITY,0.5,A2_W0::2013->2014,11,0.4703557312252964,0.4703557312252964,0.0355731225296442,0.6679841897233202,0.2845849802371542,0.991090042651717,0.924323258027482,0.9578915276576394,0.18751286296302
S1_DROP_TOP1,3,L0_STAGE15_MATCHED,B2_COMMON_NODE_EQUAL_DENSITY,0.5,A2_W0::2014->2015,12,0.4460227272727273,0.4460227272727273,0.0681818181818181,0.6960227272727273,0.2471590909090909,0.9718024448436278,0.9011729834325248,0.8888554980964938,0.3176015850074092
S1_DROP_TOP1,3,L0_STAGE15_MATCHED,B2_COMMON_NODE_EQUAL_DENSITY,0.5,A2_W0::2015->2016,13,0.4627249357326478,0.4627249357326478,0.0565552699228791,0.7172236503856041,0.2339331619537275,0.970515783720999,0.966242070567708,0.889090420975691,0.3090174435259969
S1_DROP_TOP1,3,L0_STAGE15_MATCHED,B2_COMMON_NODE_EQUAL_DENSITY,0.5,A2_W0::2016->2017,14,0.4253308128544423,0.4253308128544423,0.0793950850661625,0.665406427221172,0.2911153119092627,0.9506452849282,0.8881907269923294,0.7899446893521804,0.2236619780487167
S1_DROP_TOP1,3,L0_STAGE15_MATCHED,B2_COMMON_NODE_EQUAL_DENSITY,0.5,A2_W0::2017->2018,15,0.4345864661654135,0.4345864661654135,0.1218045112781954,0.6240601503759399,0.3233082706766917,0.9693089892905032,0.9200561927520184,0.7705884281048401,0.4110377208774486
S1_DROP_TOP1,3,L0_STAGE15_MATCHED,B2_COMMON_NODE_EQUAL_DENSITY,0.5,A2_W0::2018->2019,16,0.4540389972144846,0.4540389972144846,0.0710306406685236,0.5891364902506964,0.3551532033426184,0.9918241280078652,0.9280272477058504,0.7064564026427492,0.2364359683432925
S1_DROP_TOP1,3,L0_STAGE15_MATCHED,B2_COMMON_NODE_EQUAL_DENSITY,0.5,A2_W0::2019->2020,17,0.4642464246424642,0.4642464246424642,0.0627062706270627,0.4642464246424642,0.4235423542354235,0.9932408281906966,0.9617930552140116,0.8726204918299794,0.3070151184087704
S1_DROP_TOP1,3,L0_STAGE15_MATCHED,B2_COMMON_NODE_EQUAL_DENSITY,0.5,A2_W0::2020->2021,18,0.4624277456647399,0.4624277456647399,0.0427745664739884,0.4682080924855491,0.4277456647398844,0.9975693441465144,0.964417620612132,0.785135528170813,0.2019315125299824
S1_DROP_TOP1,3,L0_STAGE15_MATCHED,B2_COMMON_NODE_EQUAL_DENSITY,0.5,A2_W0::2021->2022,19,0.4847715736040609,0.4847715736040609,0.0126903553299492,0.5583756345177665,0.383248730964467,0.9999999999189676,0.9776824322001824,0.8922078757120857,0.2316797801235797
S1_DROP_TOP1,3,L0_STAGE15_MATCHED,B2_COMMON_NODE_EQUAL_DENSITY,0.5,A2_W0::2022->2023,20,0.4759036144578313,0.4759036144578313,0.0060240963855421,0.8433734939759037,0.1506024096385542,0.9795523237340048,0.9798695138990274,0.999999999971522,0.4087774965816425
S1_DROP_TOP1,3,L1_EXTENDED,B0_REFERENCE,1.0,A2_W0::2002->2003,0,0.8009049773755657,0.1809954751131221,0.0090497737556561,0.9773755656108596,0.0226244343891402,0.7121151612900221,0.9521327928944736,0.0,0.8758009287657039
S1_DROP_TOP1,3,L1_EXTENDED,B0_REFERENCE,1.0,A2_W0::2003->2004,1,0.3465703971119133,0.5342960288808665,0.0866425992779783,0.9783393501805054,0.0216606498194945,0.8071113558360536,0.8334691690913694,0.0,0.7528775720151343
S1_DROP_TOP1,3,L1_EXTENDED,B0_REFERENCE,1.0,A2_W0::2004->2005,2,0.4880952380952381,0.365079365079365,0.0238095238095238,0.9722222222222222,0.0277777777777777,0.8340247434290535,0.5655042785217721,0.0,0.3911140219314012
S1_DROP_TOP1,3,L1_EXTENDED,B0_REFERENCE,1.0,A2_W0::2005->2006,3,0.0643274853801169,0.8362573099415205,0.0409356725146198,0.9473684210526316,0.0526315789473684,0.8425417180868895,0.8164966036995114,0.0,0.5940885265454455
S1_DROP_TOP1,3,L1_EXTENDED,B0_REFERENCE,1.0,A2_W0::2006->2007,4,0.9628647214854112,0.0185676392572944,0.0092838196286472,0.9774535809018567,0.019893899204244,0.7476784508816986,0.9660917932031424,0.9999999996424928,0.7071067959833838
S1_DROP_TOP1,3,L1_EXTENDED,B0_REFERENCE,1.0,A2_W0::2007->2008,5,0.5454545454545454,0.3433660933660933,0.0466830466830466,0.9791154791154792,0.019041769041769,0.8252057994267545,0.7870768085442015,0.6720021534503674,0.5412107340388023
S1_DROP_TOP1,3,L1_EXTENDED,B0_REFERENCE,1.0,A2_W0::2008->2009,6,0.3421538461538461,0.571076923076923,0.0461538461538461,0.9753846153846154,0.0227692307692307,0.9110472914678236,0.8425202014507094,0.8183274330532567,0.4751590382504225
S1_DROP_TOP1,3,L1_EXTENDED,B0_REFERENCE,1.0,A2_W0::2009->2010,7,0.4575875486381323,0.3727626459143969,0.0287937743190661,0.9758754863813228,0.0178988326848249,0.8674198923347424,0.8775476304941661,0.8477919929227529,0.4976704183597732
S1_DROP_TOP1,3,L1_EXTENDED,B0_REFERENCE,1.0,A2_W0::2010->2011,8,0.3536487570168404,0.4394546912590216,0.032878909382518,0.9719326383319968,0.0216519647153167,0.8591064746278181,0.7871797014907593,0.6430832331584195,0.5267000627777393
S1_DROP_TOP1,3,L1_EXTENDED,B0_REFERENCE,1.0,A2_W0::2011->2012,9,0.6795048143053645,0.2109124254928931,0.056854653828519,0.9701971572673086,0.0243007794589637,0.95458430880436,0.88753510299126,0.8262185986638308,0.653621910787886
S1_DROP_TOP1,3,L1_EXTENDED,B0_REFERENCE,1.0,A2_W0::2012->2013,10,0.3982517482517482,0.4870629370629371,0.058041958041958,0.9629370629370628,0.0332167832167832,0.9515206799755848,0.8764086754239914,0.823128047212629,0.5866143550285194
S1_DROP_TOP1,3,L1_EXTENDED,B0_REFERENCE,1.0,A2_W0::2013->2014,11,0.5273840206185567,0.3089561855670103,0.0837628865979381,0.9568298969072164,0.0380154639175257,0.9363628239447684,0.8008277612476858,0.9191044107392082,0.532811543101719
S1_DROP_TOP1,3,L1_EXTENDED,B0_REFERENCE,1.0,A2_W0::2014->2015,12,0.2572714681440443,0.3549168975069252,0.0560941828254847,0.952562326869806,0.0401662049861495,0.8072844851139439,0.7413423721873372,0.8533083239849513,0.4359846048377589
S1_DROP_TOP1,3,L1_EXTENDED,B0_REFERENCE,1.0,A2_W0::2015->2016,13,0.4953954496208017,0.3055254604550379,0.0872156013001083,0.948537378114843,0.0452329360780065,0.9211075721234416,0.8087742151464061,0.8071589189965916,0.5802367625420146
S1_DROP_TOP1,3,L1_EXTENDED,B0_REFERENCE,1.0,A2_W0::2016->2017,14,0.4254985435805512,0.2596907909477929,0.122787362760475,0.9363656733139144,0.0569123907685413,0.8453502741117046,0.7467122847369981,0.7740304034939071,0.4948011815769024
S1_DROP_TOP1,3,L1_EXTENDED,B0_REFERENCE,1.0,A2_W0::2017->2018,15,0.4436773867654487,0.2239434248189931,0.2555985856204748,0.9227142616602122,0.0692035696245159,0.8583615872838743,0.7688890559555898,0.7644752923855204,0.4713747310239947
S1_DROP_TOP1,3,L1_EXTENDED,B0_REFERENCE,1.0,A2_W0::2018->2019,16,0.3570033482142857,0.3543526785714285,0.1478794642857142,0.9128069196428572,0.0784040178571428,0.8856066262030872,0.7428234585349468,0.6545090483702654,0.4754795569205693
S1_DROP_TOP1,3,L1_EXTENDED,B0_REFERENCE,1.0,A2_W0::2019->2020,17,0.4834244893403281,0.1980131711128474,0.2083937939502176,0.8713026007366894,0.1109498827994195,0.87674547345717,0.7694613943167755,0.7146755535630658,0.4554682254265473
S1_DROP_TOP1,3,L1_EXTENDED,B0_REFERENCE,1.0,A2_W0::2020->2021,18,0.1446428571428571,0.4827380952380952,0.2147619047619047,0.8755952380952381,0.1078571428571428,0.8471453772093736,0.748330114440308,0.639071980705341,0.4512964034282021
S1_DROP_TOP1,3,L1_EXTENDED,B0_REFERENCE,1.0,A2_W0::2021->2022,19,0.0774946921443736,0.6577494692144373,0.2002123142250531,0.8983014861995754,0.0938428874734607,0.876835030341135,0.839557434231239,0.7127393639773071,0.4542441849274777
S1_DROP_TOP1,3,L1_EXTENDED,B0_REFERENCE,1.0,A2_W0::2022->2023,20,0.4321944346600916,0.4698837618879887,0.0158506516379006,0.9845015850651638,0.0151461782317717,0.9390107287282524,0.8848176035400067,0.9061399627091572,0.8134489843041689
S1_DROP_TOP1,3,L1_EXTENDED,B2_COMMON_NODE_EQUAL_DENSITY,1.0,A2_W0::2002->2003,0,0.5,0.5,0.0,0.7857142857142857,0.2142857142857142,0.999999999924298,0.999999999960082,0.0,0.0
S1_DROP_TOP1,3,L1_EXTENDED,B2_COMMON_NODE_EQUAL_DENSITY,1.0,A2_W0::2003->2004,1,0.5,0.5,0.0,0.8333333333333334,0.1666666666666666,0.99999999993186,0.9999999999635812,0.0,0.0
S1_DROP_TOP1,3,L1_EXTENDED,B2_COMMON_NODE_EQUAL_DENSITY,1.0,A2_W0::2004->2005,2,0.4375,0.4375,0.0,0.8125,0.1875,0.9629300533021566,0.82842549705209,0.0,0.2376048736717928
S1_DROP_TOP1,3,L1_EXTENDED,B2_COMMON_NODE_EQUAL_DENSITY,1.0,A2_W0::2005->2006,3,0.4705882352941176,0.4705882352941176,0.0,0.7647058823529411,0.2352941176470588,0.8320502945195486,0.7071068415092148,0.0,0.999999999971302
S1_DROP_TOP1,3,L1_EXTENDED,B2_COMMON_NODE_EQUAL_DENSITY,1.0,A2_W0::2006->2007,4,0.48,0.48,0.04,0.76,0.22,0.7433919514127842,0.7977240546060049,0.9999999999008232,0.999999999845195
S1_DROP_TOP1,3,L1_EXTENDED,B2_COMMON_NODE_EQUAL_DENSITY,1.0,A2_W0::2007->2008,5,0.4242424242424242,0.4242424242424242,0.0656565656565656,0.8939393939393939,0.0909090909090909,0.9419832028713224,0.8753443682569314,0.6720021534503674,0.3743744706392145
S1_DROP_TOP1,3,L1_EXTENDED,B2_COMMON_NODE_EQUAL_DENSITY,1.0,A2_W0::2008->2009,6,0.4861111111111111,0.4861111111111111,0.0092592592592592,0.9212962962962964,0.0694444444444444,0.9933786576844822,0.9175222959127616,0.999999999585284,0.4084804992206529
S1_DROP_TOP1,3,L1_EXTENDED,B2_COMMON_NODE_EQUAL_DENSITY,1.0,A2_W0::2009->2010,7,0.4473684210526316,0.4473684210526316,0.0368421052631578,0.8894736842105263,0.0684210526315789,0.9589251524296905,0.9179929585934076,0.8686694585349893,0.3459599504314092
S1_DROP_TOP1,3,L1_EXTENDED,B2_COMMON_NODE_EQUAL_DENSITY,1.0,A2_W0::2010->2011,8,0.4307692307692308,0.4307692307692308,0.0307692307692307,0.882051282051282,0.0769230769230769,0.9505819291485238,0.8750800924179826,0.6495532083550546,0.2907248462354411
S1_DROP_TOP1,3,L1_EXTENDED,B2_COMMON_NODE_EQUAL_DENSITY,1.0,A2_W0::2011->2012,9,0.4430379746835443,0.4430379746835443,0.0379746835443038,0.8438818565400844,0.1223628691983122,0.9569787476523428,0.9179758194690518,0.8247317930804473,0.3355941999568151
S1_DROP_TOP1,3,L1_EXTENDED,B2_COMMON_NODE_EQUAL_DENSITY,1.0,A2_W0::2012->2013,10,0.4454976303317535,0.4454976303317535,0.0331753554502369,0.8364928909952607,0.1445497630331753,0.954439641885819,0.9234616090044911,0.8058560476099373,0.2459241450041692
S1_DROP_TOP1,3,L1_EXTENDED,B2_COMMON_NODE_EQUAL_DENSITY,1.0,A2_W0::2013->2014,11,0.4442148760330578,0.4442148760330578,0.0351239669421487,0.762396694214876,0.2045454545454545,0.9669192733540436,0.8857827297678843,0.9357914849973832,0.3516631958578189
S1_DROP_TOP1,3,L1_EXTENDED,B2_COMMON_NODE_EQUAL_DENSITY,1.0,A2_W0::2014->2015,12,0.4428571428571428,0.4428571428571428,0.0414285714285714,0.8342857142857143,0.1357142857142857,0.9673638822560444,0.8395517619960703,0.8679714902187429,0.3406682440109182
S1_DROP_TOP1,3,L1_EXTENDED,B2_COMMON_NODE_EQUAL_DENSITY,1.0,A2_W0::2015->2016,13,0.4647887323943662,0.4647887323943662,0.0499359795134443,0.8169014084507042,0.1574903969270166,0.9766758705732164,0.941266225066992,0.8817962721920399,0.3596105399534984
S1_DROP_TOP1,3,L1_EXTENDED,B2_COMMON_NODE_EQUAL_DENSITY,1.0,A2_W0::2016->2017,14,0.4301780693533271,0.4301780693533271,0.0749765698219306,0.795688847235239,0.1827553889409559,0.9571353895707304,0.8364805966632732,0.7634489097001098,0.2541326869553177
S1_DROP_TOP1,3,L1_EXTENDED,B2_COMMON_NODE_EQUAL_DENSITY,1.0,A2_W0::2017->2018,15,0.4312688821752266,0.4312688821752266,0.1185800604229607,0.7333836858006042,0.2341389728096676,0.9679025069188852,0.87705045575001,0.7799555643685012,0.4211619599795114
S1_DROP_TOP1,3,L1_EXTENDED,B2_COMMON_NODE_EQUAL_DENSITY,1.0,A2_W0::2018->2019,16,0.4239529757531227,0.4239529757531227,0.1234386480529022,0.6737692872887583,0.2872887582659809,0.9690080062396246,0.8501507774142165,0.7151742190105822,0.2844379754964481
S1_DROP_TOP1,3,L1_EXTENDED,B2_COMMON_NODE_EQUAL_DENSITY,1.0,A2_W0::2019->2020,17,0.444127708095781,0.444127708095781,0.0906499429874572,0.556442417331813,0.3665906499429874,0.9830573799899148,0.9276653832954864,0.7728654633928597,0.3128910405781868
S1_DROP_TOP1,3,L1_EXTENDED,B2_COMMON_NODE_EQUAL_DENSITY,1.0,A2_W0::2020->2021,18,0.4384800965018094,0.4384800965018094,0.0651387213510253,0.5542822677925211,0.3739445114595898,0.9892815634846758,0.9056895276501152,0.7243409905610352,0.2836249127309373
S1_DROP_TOP1,3,L1_EXTENDED,B2_COMMON_NODE_EQUAL_DENSITY,1.0,A2_W0::2021->2022,19,0.463768115942029,0.463768115942029,0.0329380764163372,0.6152832674571805,0.3451910408432148,0.9881817142460378,0.9389923439293094,0.8627041607949847,0.3122305985815934
S1_DROP_TOP1,3,L1_EXTENDED,B2_COMMON_NODE_EQUAL_DENSITY,1.0,A2_W0::2022->2023,20,0.4695121951219512,0.4695121951219512,0.0060975609756097,0.8963414634146342,0.1006097560975609,0.976823578450284,0.977838736253206,0.999999999970378,0.5041700564573437
S1_DROP_TOP1,3,L1_EXTENDED,B2_COMMON_NODE_EQUAL_DENSITY,0.75,A2_W0::2002->2003,0,0.5,0.5,0.0,0.7,0.3,0.9999999999566764,0.999999999960082,0.0,0.0
S1_DROP_TOP1,3,L1_EXTENDED,B2_COMMON_NODE_EQUAL_DENSITY,0.75,A2_W0::2003->2004,1,0.5,0.5,0.0,0.7857142857142857,0.2142857142857142,0.9999999999399444,0.9999999999635812,0.0,0.0
S1_DROP_TOP1,3,L1_EXTENDED,B2_COMMON_NODE_EQUAL_DENSITY,0.75,A2_W0::2004->2005,2,0.5,0.5,0.0,0.8571428571428571,0.1428571428571428,0.9999999999571972,0.9999999999306288,0.0,0.0
S1_DROP_TOP1,3,L1_EXTENDED,B2_COMMON_NODE_EQUAL_DENSITY,0.75,A2_W0::2005->2006,3,0.4545454545454545,0.4545454545454545,0.0,0.6363636363636364,0.3636363636363636,0.9258200998081568,0.7071068415092148,0.0,0.999999999971302
S1_DROP_TOP1,3,L1_EXTENDED,B2_COMMON_NODE_EQUAL_DENSITY,0.75,A2_W0::2006->2007,4,0.4864864864864865,0.4864864864864865,0.027027027027027,0.7027027027027027,0.2702702702702703,0.7595545393644099,0.7745966912596851,0.9999999999008232,0.9999999999008232
S1_DROP_TOP1,3,L1_EXTENDED,B2_COMMON_NODE_EQUAL_DENSITY,0.75,A2_W0::2007->2008,5,0.4178082191780822,0.4178082191780822,0.0821917808219178,0.8561643835616438,0.1232876712328767,0.9297095877295668,0.9321738353928044,0.6720021534503674,0.3559503426181916
S1_DROP_TOP1,3,L1_EXTENDED,B2_COMMON_NODE_EQUAL_DENSITY,0.75,A2_W0::2008->2009,6,0.4876543209876543,0.4876543209876543,0.0061728395061728,0.9320987654320988,0.0617283950617283,0.9938687207412332,0.915591515640349,0.999999999631392,0.3664384147786685
S1_DROP_TOP1,3,L1_EXTENDED,B2_COMMON_NODE_EQUAL_DENSITY,0.75,A2_W0::2009->2010,7,0.4589041095890411,0.4589041095890411,0.0136986301369863,0.8698630136986302,0.0890410958904109,0.962389907952506,0.9656232688231818,0.916006159296,0.2553840498598904
S1_DROP_TOP1,3,L1_EXTENDED,B2_COMMON_NODE_EQUAL_DENSITY,0.75,A2_W0::2010->2011,8,0.4195804195804196,0.4195804195804196,0.0419580419580419,0.8461538461538461,0.0979020979020979,0.9395828031156528,0.8654675665777306,0.70746399509984,0.2387683184171219
S1_DROP_TOP1,3,L1_EXTENDED,B2_COMMON_NODE_EQUAL_DENSITY,0.75,A2_W0::2011->2012,9,0.4648648648648649,0.4648648648648649,0.0216216216216216,0.827027027027027,0.1351351351351351,0.9783608332040103,0.9423853523677084,0.7965515179676322,0.2900625783396925
S1_DROP_TOP1,3,L1_EXTENDED,B2_COMMON_NODE_EQUAL_DENSITY,0.75,A2_W0::2012->2013,10,0.4582043343653251,0.4582043343653251,0.0154798761609907,0.8390092879256966,0.1424148606811145,0.9635482996479888,0.9447643216701206,0.8326510673978803,0.1744592606188764
S1_DROP_TOP1,3,L1_EXTENDED,B2_COMMON_NODE_EQUAL_DENSITY,0.75,A2_W0::2013->2014,11,0.4627659574468085,0.4627659574468085,0.0292553191489361,0.7207446808510638,0.2393617021276596,0.9844871550947564,0.907223874929706,0.9664026665944369,0.3128914723947294
S1_DROP_TOP1,3,L1_EXTENDED,B2_COMMON_NODE_EQUAL_DENSITY,0.75,A2_W0::2014->2015,12,0.4604051565377532,0.4604051565377532,0.0460405156537753,0.7937384898710865,0.1694290976058932,0.9797192275137928,0.9063536969057636,0.8608386802001065,0.30848467275348
S1_DROP_TOP1,3,L1_EXTENDED,B2_COMMON_NODE_EQUAL_DENSITY,0.75,A2_W0::2015->2016,13,0.4632478632478632,0.4632478632478632,0.0478632478632478,0.7897435897435897,0.1794871794871795,0.9741433970116812,0.9513314185241774,0.8676690778679065,0.3408939476549559
S1_DROP_TOP1,3,L1_EXTENDED,B2_COMMON_NODE_EQUAL_DENSITY,0.75,A2_W0::2016->2017,14,0.4271356783919598,0.4271356783919598,0.0854271356783919,0.7487437185929648,0.2236180904522613,0.956475182032974,0.8559642164222171,0.7509281368943858,0.2637468257676025
S1_DROP_TOP1,3,L1_EXTENDED,B2_COMMON_NODE_EQUAL_DENSITY,0.75,A2_W0::2017->2018,15,0.4344344344344344,0.4344344344344344,0.1161161161161161,0.6956956956956957,0.2662662662662662,0.9702790229943288,0.8921630623541399,0.7793386658249771,0.4013886724384359
S1_DROP_TOP1,3,L1_EXTENDED,B2_COMMON_NODE_EQUAL_DENSITY,0.75,A2_W0::2018->2019,16,0.4447592067988669,0.4447592067988669,0.0849858356940509,0.6449480642115203,0.3144475920679886,0.9885152990286366,0.8898097716719618,0.6485024873831181,0.2470756656545611
S1_DROP_TOP1,3,L1_EXTENDED,B2_COMMON_NODE_EQUAL_DENSITY,0.75,A2_W0::2019->2020,17,0.4556962025316455,0.4556962025316455,0.0759493670886076,0.5189873417721519,0.390915860014892,0.9838727546519548,0.953349466029016,0.8241578753170032,0.2905654386135003
S1_DROP_TOP1,3,L1_EXTENDED,B2_COMMON_NODE_EQUAL_DENSITY,0.75,A2_W0::2020->2021,18,0.4495268138801261,0.4495268138801261,0.0536277602523659,0.5094637223974764,0.4045741324921135,0.9957551596347493,0.9376076983768828,0.7227475459330499,0.2568968783951202
S1_DROP_TOP1,3,L1_EXTENDED,B2_COMMON_NODE_EQUAL_DENSITY,0.75,A2_W0::2021->2022,19,0.4667832167832167,0.4667832167832167,0.0279720279720279,0.5751748251748252,0.3776223776223776,0.9844869184042448,0.958194061091325,0.8624664243872591,0.2934736882735843
S1_DROP_TOP1,3,L1_EXTENDED,B2_COMMON_NODE_EQUAL_DENSITY,0.75,A2_W0::2022->2023,20,0.4672131147540984,0.4672131147540984,0.0040983606557377,0.8729508196721312,0.1229508196721311,0.9733727541980568,0.9833038562744404,0.999999999970378,0.4882626562727511
S1_DROP_TOP1,3,L1_EXTENDED,B2_COMMON_NODE_EQUAL_DENSITY,0.5,A2_W0::2002->2003,0,0.5,0.5,0.0,0.6666666666666666,0.3333333333333333,0.9999999999617812,0.999999999961978,0.0,0.0
S1_DROP_TOP1,3,L1_EXTENDED,B2_COMMON_NODE_EQUAL_DENSITY,0.5,A2_W0::2003->2004,1,0.5,0.5,0.0,0.75,0.25,0.9999999999703908,0.9999999999711722,0.0,0.0
S1_DROP_TOP1,3,L1_EXTENDED,B2_COMMON_NODE_EQUAL_DENSITY,0.5,A2_W0::2004->2005,2,0.5,0.5,0.0,1.0,0.0,0.9999999999653204,0.0,0.0,0.0
S1_DROP_TOP1,3,L1_EXTENDED,B2_COMMON_NODE_EQUAL_DENSITY,0.5,A2_W0::2005->2006,3,0.4285714285714285,0.4285714285714285,0.0,0.7142857142857143,0.2857142857142857,0.9999999999303832,0.70710689830254,0.0,0.999999999971302
S1_DROP_TOP1,3,L1_EXTENDED,B2_COMMON_NODE_EQUAL_DENSITY,0.5,A2_W0::2006->2007,4,0.5,0.5,0.0,0.7307692307692307,0.2307692307692307,0.7608859293905451,0.8164966156538646,0.9999999999008292,0.0
S1_DROP_TOP1,3,L1_EXTENDED,B2_COMMON_NODE_EQUAL_DENSITY,0.5,A2_W0::2007->2008,5,0.4722222222222222,0.4722222222222222,0.0092592592592592,0.8518518518518519,0.1296296296296296,0.9782303199252178,0.977222444820343,0.8160169544424475,0.351007760991906
S1_DROP_TOP1,3,L1_EXTENDED,B2_COMMON_NODE_EQUAL_DENSITY,0.5,A2_W0::2008->2009,6,0.4907407407407407,0.4907407407407407,0.0,0.8981481481481481,0.0925925925925925,0.995062146713407,0.9553980279950876,0.999999999631392,0.2934923424321917
S1_DROP_TOP1,3,L1_EXTENDED,B2_COMMON_NODE_EQUAL_DENSITY,0.5,A2_W0::2009->2010,7,0.4747474747474747,0.4747474747474747,0.0101010101010101,0.8484848484848485,0.101010101010101,0.9831215334710278,0.9550689957526424,0.898265406618844,0.2624192690493836
S1_DROP_TOP1,3,L1_EXTENDED,B2_COMMON_NODE_EQUAL_DENSITY,0.5,A2_W0::2010->2011,8,0.3956043956043956,0.3956043956043956,0.0549450549450549,0.8351648351648352,0.0989010989010989,0.9133399522314486,0.8456802909233725,0.7072661739400393,0.2098068097079745
S1_DROP_TOP1,3,L1_EXTENDED,B2_COMMON_NODE_EQUAL_DENSITY,0.5,A2_W0::2011->2012,9,0.4677419354838709,0.4677419354838709,0.032258064516129,0.782258064516129,0.1693548387096774,0.9813289630748968,0.9794120853047192,0.7573484717751577,0.3530762590206256
S1_DROP_TOP1,3,L1_EXTENDED,B2_COMMON_NODE_EQUAL_DENSITY,0.5,A2_W0::2012->2013,10,0.463302752293578,0.463302752293578,0.0137614678899082,0.8027522935779816,0.1788990825688073,0.9683558798316794,0.9613557072619596,0.7348208627966516,0.1377561669616614
S1_DROP_TOP1,3,L1_EXTENDED,B2_COMMON_NODE_EQUAL_DENSITY,0.5,A2_W0::2013->2014,11,0.4745098039215686,0.4745098039215686,0.0274509803921568,0.6745098039215687,0.2745098039215686,0.9970891895999988,0.922786513295744,0.9611296123270602,0.2177855048212396
S1_DROP_TOP1,3,L1_EXTENDED,B2_COMMON_NODE_EQUAL_DENSITY,0.5,A2_W0::2014->2015,12,0.4460227272727273,0.4460227272727273,0.065340909090909,0.6903409090909091,0.2528409090909091,0.9716084951137663,0.9030279040786228,0.8876010808750323,0.313310236317004
S1_DROP_TOP1,3,L1_EXTENDED,B2_COMMON_NODE_EQUAL_DENSITY,0.5,A2_W0::2015->2016,13,0.4627249357326478,0.4627249357326478,0.0565552699228791,0.7172236503856041,0.2365038560411311,0.9692212266973772,0.9726679287000108,0.8884236043151552,0.3392036543261125
S1_DROP_TOP1,3,L1_EXTENDED,B2_COMMON_NODE_EQUAL_DENSITY,0.5,A2_W0::2016->2017,14,0.4231499051233396,0.4231499051233396,0.0777988614800759,0.6584440227703985,0.2998102466793169,0.9529927498792004,0.877949742253035,0.7805497578478107,0.2312908245247661
S1_DROP_TOP1,3,L1_EXTENDED,B2_COMMON_NODE_EQUAL_DENSITY,0.5,A2_W0::2017->2018,15,0.4388059701492537,0.4388059701492537,0.1104477611940298,0.6238805970149254,0.3223880597014925,0.9755656762830516,0.9184031078113828,0.7737425417589613,0.4066990792972608
S1_DROP_TOP1,3,L1_EXTENDED,B2_COMMON_NODE_EQUAL_DENSITY,0.5,A2_W0::2018->2019,16,0.4532775453277545,0.4532775453277545,0.0697350069735007,0.5913528591352859,0.3514644351464435,0.9918538297959668,0.9247804432694238,0.7137694446524071,0.2293234366428017
S1_DROP_TOP1,3,L1_EXTENDED,B2_COMMON_NODE_EQUAL_DENSITY,0.5,A2_W0::2019->2020,17,0.4636563876651982,0.4636563876651982,0.066079295154185,0.4768722466960352,0.4129955947136564,0.992339470837902,0.9602199698133044,0.8692510440817947,0.2941223764176783
S1_DROP_TOP1,3,L1_EXTENDED,B2_COMMON_NODE_EQUAL_DENSITY,0.5,A2_W0::2020->2021,18,0.4624277456647399,0.4624277456647399,0.0439306358381502,0.4739884393063583,0.423121387283237,0.9976093751815834,0.9654181893928532,0.7755415728333378,0.2036666460571523
S1_DROP_TOP1,3,L1_EXTENDED,B2_COMMON_NODE_EQUAL_DENSITY,0.5,A2_W0::2021->2022,19,0.4847715736040609,0.4847715736040609,0.0126903553299492,0.5736040609137056,0.3705583756345177,0.99999999991626,0.9764885654310868,0.8864285433940712,0.2045300479793079
S1_DROP_TOP1,3,L1_EXTENDED,B2_COMMON_NODE_EQUAL_DENSITY,0.5,A2_W0::2022->2023,20,0.4821428571428571,0.4821428571428571,0.0059523809523809,0.8630952380952381,0.1309523809523809,0.9861464201561544,0.97716180421034,0.999999999970378,0.4116804468598423
S1_DROP_TOP1,3,L2_HIGH,B0_REFERENCE,1.0,A2_W0::2002->2003,0,0.8505747126436781,0.0919540229885057,0.0229885057471264,0.971264367816092,0.028735632183908,0.8050434528338586,0.9523467607144714,0.0,0.8404087954816503
S1_DROP_TOP1,3,L2_HIGH,B0_REFERENCE,1.0,A2_W0::2003->2004,1,0.4785478547854785,0.4257425742574257,0.0693069306930693,0.9801980198019802,0.0198019801980198,0.7733719292781297,0.7912579778932866,0.0,0.7744506493483463
S1_DROP_TOP1,3,L2_HIGH,B0_REFERENCE,1.0,A2_W0::2004->2005,2,0.3458646616541353,0.5225563909774437,0.0300751879699248,0.9736842105263158,0.0263157894736842,0.8137725262829619,0.5410520900437416,0.0,0.398769567573967
S1_DROP_TOP1,3,L2_HIGH,B0_REFERENCE,1.0,A2_W0::2005->2006,3,0.3487179487179487,0.5794871794871795,0.0307692307692307,0.958974358974359,0.041025641025641,0.784202337948189,0.8660254146696974,0.0,0.6546536714060683
S1_DROP_TOP1,3,L2_HIGH,B0_REFERENCE,1.0,A2_W0::2006->2007,4,0.8401559454191033,0.1091617933723196,0.0467836257309941,0.9649122807017544,0.0311890838206627,0.9123175078662124,0.9354143480764864,0.999999999651891,0.8548504153338655
S1_DROP_TOP1,3,L2_HIGH,B0_REFERENCE,1.0,A2_W0::2007->2008,5,0.6751954513148543,0.2430703624733475,0.0305614783226723,0.9751243781094528,0.0227434257285003,0.8896057536185782,0.7775041460500816,0.6629146073718363,0.5061480793503796
S1_DROP_TOP1,3,L2_HIGH,B0_REFERENCE,1.0,A2_W0::2008->2009,6,0.4112769485903814,0.5163073521282476,0.0199004975124378,0.9778883360972912,0.0204532891100055,0.8624614205988581,0.8573047285273828,0.8169954392795532,0.6423288856133474
S1_DROP_TOP1,3,L2_HIGH,B0_REFERENCE,1.0,A2_W0::2009->2010,7,0.3450598802395209,0.4910179640718562,0.0329341317365269,0.9767964071856288,0.0172155688622754,0.8503209240309806,0.8799617793820611,0.8486798417199926,0.5108249108845491
S1_DROP_TOP1,3,L2_HIGH,B0_REFERENCE,1.0,A2_W0::2010->2011,8,0.4055944055944055,0.3793706293706294,0.0305944055944055,0.9685314685314684,0.0244755244755244,0.8989894988424293,0.7746380128112311,0.6404686859368143,0.4708977186369003
S1_DROP_TOP1,3,L2_HIGH,B0_REFERENCE,1.0,A2_W0::2011->2012,9,0.672961768770152,0.2344541685859051,0.0363887609396591,0.9700598802395208,0.0244127130354675,0.9569034527948592,0.8893400360585857,0.8254709022630633,0.6964184858282976
S1_DROP_TOP1,3,L2_HIGH,B0_REFERENCE,1.0,A2_W0::2012->2013,10,0.4176594253679047,0.4789768745620182,0.0427470217238962,0.9628591450595656,0.0332866152768044,0.9524473319136846,0.8773056599626581,0.8231568734676913,0.5949964574863827
S1_DROP_TOP1,3,L2_HIGH,B0_REFERENCE,1.0,A2_W0::2013->2014,11,0.5215572715572716,0.3175675675675675,0.0862290862290862,0.9568854568854568,0.0379665379665379,0.9352703917150352,0.8008976770330379,0.9201133532995136,0.5526019225750399
S1_DROP_TOP1,3,L2_HIGH,B0_REFERENCE,1.0,A2_W0::2014->2015,12,0.2868190988567585,0.3285137861466039,0.0615332885003362,0.95359784801614,0.0393409549428379,0.793749660558742,0.7363891520298153,0.8544856130661579,0.4380980393787881
S1_DROP_TOP1,3,L2_HIGH,B0_REFERENCE,1.0,A2_W0::2015->2016,13,0.4690241956926349,0.3504387131082159,0.096516883807498,0.9494815208721084,0.0444030842860941,0.9121366376725908,0.807675223287128,0.8055486764148512,0.5204414344933225
S1_DROP_TOP1,3,L2_HIGH,B0_REFERENCE,1.0,A2_W0::2016->2017,14,0.4352750809061488,0.2542764678687009,0.1188164586222838,0.934350439204808,0.0589459084604715,0.8601886653610407,0.7472236045481494,0.7668371814399229,0.461637509219668
S1_DROP_TOP1,3,L2_HIGH,B0_REFERENCE,1.0,A2_W0::2017->2018,15,0.4537758211987809,0.2263799525905858,0.2507619370132069,0.9221131053166272,0.0695902472062309,0.8609732133926226,0.770610184010432,0.7728274148052245,0.4557247725679096
S1_DROP_TOP1,3,L2_HIGH,B0_REFERENCE,1.0,A2_W0::2018->2019,16,0.3601736451477384,0.3513513513513513,0.1439574289315222,0.9123372076739952,0.0788404985296177,0.8872717031296543,0.744036469835014,0.6568731344085925,0.4744928203263504
S1_DROP_TOP1,3,L2_HIGH,B0_REFERENCE,1.0,A2_W0::2019->2020,17,0.4857904085257549,0.1984902309058614,0.2037078152753108,0.8716696269982238,0.1104573712255772,0.8747729266125411,0.7684735110078077,0.7192091394455234,0.4525461792801876
S1_DROP_TOP1,3,L2_HIGH,B0_REFERENCE,1.0,A2_W0::2020->2021,18,0.1446511076886625,0.4822888283378747,0.2147849780831655,0.876436441179955,0.1070963156024167,0.8454491511437675,0.7487241303546561,0.6354187505069422,0.4486554616982293
S1_DROP_TOP1,3,L2_HIGH,B0_REFERENCE,1.0,A2_W0::2021->2022,19,0.0772804054054054,0.660472972972973,0.1984797297297297,0.8986486486486487,0.0933277027027027,0.873559442620729,0.8394122291515893,0.7235297489973168,0.4487514307462082
S1_DROP_TOP1,3,L2_HIGH,B0_REFERENCE,1.0,A2_W0::2022->2023,20,0.4295849592053919,0.5161404753458674,0.0152536360411493,0.9840368925150764,0.0156083717630365,0.9414036384000256,0.8880652558328551,0.9064157211892652,0.6207447593921124
S1_DROP_TOP1,3,L2_HIGH,B2_COMMON_NODE_EQUAL_DENSITY,1.0,A2_W0::2002->2003,0,0.5,0.5,0.0,0.7857142857142857,0.2142857142857142,0.999999999923622,0.999999999959086,0.0,0.0
S1_DROP_TOP1,3,L2_HIGH,B2_COMMON_NODE_EQUAL_DENSITY,1.0,A2_W0::2003->2004,1,0.5,0.5,0.0,0.8333333333333334,0.1666666666666666,0.9999999999322352,0.9999999999634048,0.0,0.0
S1_DROP_TOP1,3,L2_HIGH,B2_COMMON_NODE_EQUAL_DENSITY,1.0,A2_W0::2004->2005,2,0.5,0.5,0.0,0.8333333333333334,0.1666666666666666,0.999999999950722,0.9999999999359694,0.0,0.0
S1_DROP_TOP1,3,L2_HIGH,B2_COMMON_NODE_EQUAL_DENSITY,1.0,A2_W0::2005->2006,3,0.4705882352941176,0.4705882352941176,0.0,0.7647058823529411,0.2352941176470588,0.7844645948792149,0.8660254147058983,0.0,0.9999999999137312
S1_DROP_TOP1,3,L2_HIGH,B2_COMMON_NODE_EQUAL_DENSITY,1.0,A2_W0::2006->2007,4,0.3809523809523809,0.3809523809523809,0.238095238095238,0.8095238095238095,0.1666666666666666,0.7859053352914517,0.999999999760478,0.9999999998994252,0.9999999996491508
S1_DROP_TOP1,3,L2_HIGH,B2_COMMON_NODE_EQUAL_DENSITY,1.0,A2_W0::2007->2008,5,0.43,0.43,0.065,0.895,0.09,0.9468251346096938,0.8770166580532136,0.6629146073718363,0.3601957797416668
S1_DROP_TOP1,3,L2_HIGH,B2_COMMON_NODE_EQUAL_DENSITY,1.0,A2_W0::2008->2009,6,0.4861111111111111,0.4861111111111111,0.0092592592592592,0.9212962962962964,0.0648148148148148,0.9938898434484932,0.911813835821872,0.999999999632148,0.4500462687790741
S1_DROP_TOP1,3,L2_HIGH,B2_COMMON_NODE_EQUAL_DENSITY,1.0,A2_W0::2009->2010,7,0.450261780104712,0.450261780104712,0.0366492146596858,0.8900523560209425,0.0680628272251308,0.9618222714973724,0.9188340904645445,0.8690111432639023,0.3467234650480079
S1_DROP_TOP1,3,L2_HIGH,B2_COMMON_NODE_EQUAL_DENSITY,1.0,A2_W0::2010->2011,8,0.4278350515463917,0.4278350515463917,0.0360824742268041,0.8762886597938144,0.0824742268041237,0.9470672610294534,0.8825912428173486,0.6480276606315722,0.2867417451354365
S1_DROP_TOP1,3,L2_HIGH,B2_COMMON_NODE_EQUAL_DENSITY,1.0,A2_W0::2011->2012,9,0.4430379746835443,0.4430379746835443,0.0337552742616033,0.8438818565400844,0.1223628691983122,0.9570920711816168,0.9186293115147048,0.8236324337951735,0.3390905212651806
S1_DROP_TOP1,3,L2_HIGH,B2_COMMON_NODE_EQUAL_DENSITY,1.0,A2_W0::2012->2013,10,0.441527446300716,0.441527446300716,0.0334128878281622,0.837708830548926,0.1455847255369928,0.9492333399668362,0.9318799616178144,0.7747250147724314,0.2649693446008824
S1_DROP_TOP1,3,L2_HIGH,B2_COMMON_NODE_EQUAL_DENSITY,1.0,A2_W0::2013->2014,11,0.4476386036960985,0.4476386036960985,0.0349075975359342,0.7679671457905544,0.1991786447638603,0.9711889064857384,0.8833245980523743,0.9356762584722365,0.3557108461759634
S1_DROP_TOP1,3,L2_HIGH,B2_COMMON_NODE_EQUAL_DENSITY,1.0,A2_W0::2014->2015,12,0.4428571428571428,0.4428571428571428,0.0428571428571428,0.8342857142857143,0.1357142857142857,0.9672862197393384,0.8386614346130358,0.8681492146429687,0.3365482277597246
S1_DROP_TOP1,3,L2_HIGH,B2_COMMON_NODE_EQUAL_DENSITY,1.0,A2_W0::2015->2016,13,0.4641025641025641,0.4641025641025641,0.0512820512820512,0.8153846153846154,0.1589743589743589,0.975068411872244,0.94579852912245,0.8813119129253768,0.3570435241417406
S1_DROP_TOP1,3,L2_HIGH,B2_COMMON_NODE_EQUAL_DENSITY,1.0,A2_W0::2016->2017,14,0.4307116104868914,0.4307116104868914,0.0730337078651685,0.797752808988764,0.1807116104868913,0.957879857835246,0.8344944255419116,0.7626826713473102,0.2536103061331693
S1_DROP_TOP1,3,L2_HIGH,B2_COMMON_NODE_EQUAL_DENSITY,1.0,A2_W0::2017->2018,15,0.4321266968325792,0.4321266968325792,0.1191553544494721,0.7315233785822021,0.2360482654600301,0.9679220574786592,0.8787066340718886,0.7940666726834684,0.4186980618515216
S1_DROP_TOP1,3,L2_HIGH,B2_COMMON_NODE_EQUAL_DENSITY,1.0,A2_W0::2018->2019,16,0.422680412371134,0.422680412371134,0.1244477172312223,0.6723122238586157,0.2879234167893961,0.9678941542431672,0.8516371997952737,0.6996699890779403,0.2873332638847464
S1_DROP_TOP1,3,L2_HIGH,B2_COMMON_NODE_EQUAL_DENSITY,1.0,A2_W0::2019->2020,17,0.4444444444444444,0.4444444444444444,0.0923076923076923,0.5572649572649573,0.3658119658119658,0.9821415484364108,0.927557455640642,0.7841406716070093,0.310021143916823
S1_DROP_TOP1,3,L2_HIGH,B2_COMMON_NODE_EQUAL_DENSITY,1.0,A2_W0::2020->2021,18,0.4378019323671497,0.4378019323671497,0.0670289855072463,0.553743961352657,0.3743961352657005,0.9887975604107454,0.9047107218969728,0.7243725642849534,0.2828589015568667
S1_DROP_TOP1,3,L2_HIGH,B2_COMMON_NODE_EQUAL_DENSITY,1.0,A2_W0::2021->2022,19,0.4658792650918635,0.4658792650918635,0.0354330708661417,0.6207349081364829,0.3398950131233595,0.9865087557846988,0.9451707438527314,0.877119958540977,0.3032079013849955
S1_DROP_TOP1,3,L2_HIGH,B2_COMMON_NODE_EQUAL_DENSITY,1.0,A2_W0::2022->2023,20,0.4662576687116564,0.4662576687116564,0.00920245398773,0.8987730061349694,0.0981595092024539,0.9760409867430432,0.9666151342433298,0.999999999970325,0.5234172922176509
S1_DROP_TOP1,3,L2_HIGH,B2_COMMON_NODE_EQUAL_DENSITY,0.75,A2_W0::2002->2003,0,0.5,0.5,0.0,0.7,0.3,0.9999999999565894,0.999999999959086,0.0,0.0
S1_DROP_TOP1,3,L2_HIGH,B2_COMMON_NODE_EQUAL_DENSITY,0.75,A2_W0::2003->2004,1,0.5,0.5,0.0,0.7857142857142857,0.2142857142857142,0.9999999999400248,0.9999999999634048,0.0,0.0
S1_DROP_TOP1,3,L2_HIGH,B2_COMMON_NODE_EQUAL_DENSITY,0.75,A2_W0::2004->2005,2,0.5,0.5,0.0,0.7857142857142857,0.2142857142857142,0.999999999957688,0.9999999999359694,0.0,0.0
S1_DROP_TOP1,3,L2_HIGH,B2_COMMON_NODE_EQUAL_DENSITY,0.75,A2_W0::2005->2006,3,0.5,0.5,0.0,0.75,0.25,0.8164966443180018,0.8164967317465641,0.0,0.0
S1_DROP_TOP1,3,L2_HIGH,B2_COMMON_NODE_EQUAL_DENSITY,0.75,A2_W0::2006->2007,4,0.4411764705882353,0.4411764705882353,0.1176470588235294,0.7941176470588235,0.1764705882352941,0.7453561255825067,0.999999999789626,0.9999999998994252,0.9999999996971668
S1_DROP_TOP1,3,L2_HIGH,B2_COMMON_NODE_EQUAL_DENSITY,0.75,A2_W0::2007->2008,5,0.4217687074829932,0.4217687074829932,0.0816326530612244,0.8571428571428571,0.1224489795918367,0.9327281232967805,0.9335923530798368,0.6629146073718363,0.3378173178988028
S1_DROP_TOP1,3,L2_HIGH,B2_COMMON_NODE_EQUAL_DENSITY,0.75,A2_W0::2008->2009,6,0.4876543209876543,0.4876543209876543,0.0061728395061728,0.9197530864197532,0.074074074074074,0.993766983609229,0.9303036593309236,0.9999999996615234,0.36535212130036
S1_DROP_TOP1,3,L2_HIGH,B2_COMMON_NODE_EQUAL_DENSITY,0.75,A2_W0::2009->2010,7,0.4589041095890411,0.4589041095890411,0.0068493150684931,0.8698630136986302,0.0890410958904109,0.9619606803051608,0.9657478275080732,0.916589239010674,0.2393203604515011
S1_DROP_TOP1,3,L2_HIGH,B2_COMMON_NODE_EQUAL_DENSITY,0.75,A2_W0::2010->2011,8,0.4195804195804196,0.4195804195804196,0.0419580419580419,0.8461538461538461,0.0979020979020979,0.9397148034928032,0.8645179016901353,0.7076146870060579,0.2395610652001369
S1_DROP_TOP1,3,L2_HIGH,B2_COMMON_NODE_EQUAL_DENSITY,0.75,A2_W0::2011->2012,9,0.4677419354838709,0.4677419354838709,0.021505376344086,0.8279569892473119,0.1344086021505376,0.9785407492718408,0.9632786400095672,0.7952504627247482,0.3008424728932729
S1_DROP_TOP1,3,L2_HIGH,B2_COMMON_NODE_EQUAL_DENSITY,0.75,A2_W0::2012->2013,10,0.4582043343653251,0.4582043343653251,0.0185758513931888,0.8421052631578947,0.1424148606811145,0.9652629488472708,0.9367970779582282,0.7959677043481463,0.1893617656676709
S1_DROP_TOP1,3,L2_HIGH,B2_COMMON_NODE_EQUAL_DENSITY,0.75,A2_W0::2013->2014,11,0.4627659574468085,0.4627659574468085,0.0319148936170212,0.7207446808510638,0.2393617021276596,0.9862422744614554,0.9015244686952222,0.9663156439335244,0.3132929073058466
S1_DROP_TOP1,3,L2_HIGH,B2_COMMON_NODE_EQUAL_DENSITY,0.75,A2_W0::2014->2015,12,0.4604051565377532,0.4604051565377532,0.0478821362799263,0.7937384898710865,0.1694290976058932,0.9799229112440624,0.9060774820112336,0.8610268357816256,0.3134376186309274
S1_DROP_TOP1,3,L2_HIGH,B2_COMMON_NODE_EQUAL_DENSITY,0.75,A2_W0::2015->2016,13,0.4632478632478632,0.4632478632478632,0.0478632478632478,0.788034188034188,0.1811965811965812,0.9740828450701218,0.9516202040387411,0.8671221162451477,0.338939455643408
S1_DROP_TOP1,3,L2_HIGH,B2_COMMON_NODE_EQUAL_DENSITY,0.75,A2_W0::2016->2017,14,0.4242424242424242,0.4242424242424242,0.0896464646464646,0.7462121212121212,0.226010101010101,0.9551977918948834,0.8475387080661211,0.7501136797625279,0.2612220191273171
S1_DROP_TOP1,3,L2_HIGH,B2_COMMON_NODE_EQUAL_DENSITY,0.75,A2_W0::2017->2018,15,0.435,0.435,0.115,0.694,0.268,0.9693697781811478,0.8968366046924185,0.7788892176519218,0.3994845767870305
S1_DROP_TOP1,3,L2_HIGH,B2_COMMON_NODE_EQUAL_DENSITY,0.75,A2_W0::2018->2019,16,0.4458058435438266,0.4458058435438266,0.0829406220546654,0.648444863336475,0.3110273327049953,0.9885615243969916,0.8919859167229804,0.6494758029488382,0.2475921107585485
S1_DROP_TOP1,3,L2_HIGH,B2_COMMON_NODE_EQUAL_DENSITY,0.75,A2_W0::2019->2020,17,0.455290611028316,0.455290611028316,0.0767511177347242,0.5193740685543964,0.390461997019374,0.9846225825783368,0.951605639330432,0.824579466003884,0.295949161814556
S1_DROP_TOP1,3,L2_HIGH,B2_COMMON_NODE_EQUAL_DENSITY,0.75,A2_W0::2020->2021,18,0.4503937007874016,0.4503937007874016,0.0543307086614173,0.5078740157480315,0.4062992125984252,0.995768547762244,0.9388017969563524,0.7279896582529541,0.253477065287851
S1_DROP_TOP1,3,L2_HIGH,B2_COMMON_NODE_EQUAL_DENSITY,0.75,A2_W0::2021->2022,19,0.4677137870855148,0.4677137870855148,0.0279232111692844,0.5741710296684118,0.3787085514834206,0.9844536052854538,0.9607149661855218,0.8623864960437139,0.2947910670038201
S1_DROP_TOP1,3,L2_HIGH,B2_COMMON_NODE_EQUAL_DENSITY,0.75,A2_W0::2022->2023,20,0.4715447154471545,0.4715447154471545,0.0040650406504065,0.8739837398373984,0.1219512195121951,0.9772754825417008,0.9832778557017172,0.999999999970325,0.4887699283869111
S1_DROP_TOP1,3,L2_HIGH,B2_COMMON_NODE_EQUAL_DENSITY,0.5,A2_W0::2002->2003,0,0.5,0.5,0.0,0.6666666666666666,0.3333333333333333,0.9999999999613044,0.9999999999607307,0.0,0.0
S1_DROP_TOP1,3,L2_HIGH,B2_COMMON_NODE_EQUAL_DENSITY,0.5,A2_W0::2003->2004,1,0.5,0.5,0.0,0.75,0.25,0.9999999999702666,0.9999999999708832,0.0,0.0
S1_DROP_TOP1,3,L2_HIGH,B2_COMMON_NODE_EQUAL_DENSITY,0.5,A2_W0::2004->2005,2,0.5,0.5,0.0,1.0,0.0,0.9999999999652384,0.0,0.0,0.0
S1_DROP_TOP1,3,L2_HIGH,B2_COMMON_NODE_EQUAL_DENSITY,0.5,A2_W0::2005->2006,3,0.5,0.5,0.0,0.75,0.25,0.912870967078016,0.7071070424618067,0.0,0.0
S1_DROP_TOP1,3,L2_HIGH,B2_COMMON_NODE_EQUAL_DENSITY,0.5,A2_W0::2006->2007,4,0.5,0.5,0.0,0.7692307692307693,0.1923076923076923,0.7416199872956647,0.8944272734993325,0.9999999998994252,0.0
S1_DROP_TOP1,3,L2_HIGH,B2_COMMON_NODE_EQUAL_DENSITY,0.5,A2_W0::2007->2008,5,0.4722222222222222,0.4722222222222222,0.0092592592592592,0.8518518518518519,0.1296296296296296,0.9782578462915572,0.9778081858872916,0.8042405275304408,0.3469062426129351
S1_DROP_TOP1,3,L2_HIGH,B2_COMMON_NODE_EQUAL_DENSITY,0.5,A2_W0::2008->2009,6,0.4907407407407407,0.4907407407407407,0.0,0.8981481481481481,0.0925925925925925,0.995111115456612,0.9550470262590968,0.9999999996615234,0.295823490014271
S1_DROP_TOP1,3,L2_HIGH,B2_COMMON_NODE_EQUAL_DENSITY,0.5,A2_W0::2009->2010,7,0.48,0.48,0.01,0.85,0.1,0.98928970333341,0.9552327079854436,0.8989788650283438,0.2977038162285216
S1_DROP_TOP1,3,L2_HIGH,B2_COMMON_NODE_EQUAL_DENSITY,0.5,A2_W0::2010->2011,8,0.3956043956043956,0.3956043956043956,0.0549450549450549,0.8351648351648352,0.0989010989010989,0.9136248465919312,0.8442860843074366,0.7076298339326327,0.212478881416973
S1_DROP_TOP1,3,L2_HIGH,B2_COMMON_NODE_EQUAL_DENSITY,0.5,A2_W0::2011->2012,9,0.4677419354838709,0.4677419354838709,0.032258064516129,0.7983870967741935,0.1532258064516129,0.9817592457815396,0.977057050018722,0.7557516225599559,0.3511414756960956
S1_DROP_TOP1,3,L2_HIGH,B2_COMMON_NODE_EQUAL_DENSITY,0.5,A2_W0::2012->2013,10,0.4729729729729729,0.4729729729729729,0.009009009009009,0.8063063063063063,0.1756756756756756,0.9775818676199356,0.9745388555695303,0.7361764279796811,0.1503898828262396
S1_DROP_TOP1,3,L2_HIGH,B2_COMMON_NODE_EQUAL_DENSITY,0.5,A2_W0::2013->2014,11,0.4745098039215686,0.4745098039215686,0.0274509803921568,0.6784313725490196,0.2745098039215686,0.9971167447930522,0.9229444172941098,0.9577094574524142,0.2215624056360184
S1_DROP_TOP1,3,L2_HIGH,B2_COMMON_NODE_EQUAL_DENSITY,0.5,A2_W0::2014->2015,12,0.4460227272727273,0.4460227272727273,0.0681818181818181,0.6903409090909091,0.2528409090909091,0.9715808257878789,0.902741325192522,0.8880714885752657,0.3115237997734182
S1_DROP_TOP1,3,L2_HIGH,B2_COMMON_NODE_EQUAL_DENSITY,0.5,A2_W0::2015->2016,13,0.461340206185567,0.461340206185567,0.056701030927835,0.7190721649484536,0.2345360824742268,0.9692283703278066,0.9672624646657916,0.8880794470292656,0.3380948341672871
S1_DROP_TOP1,3,L2_HIGH,B2_COMMON_NODE_EQUAL_DENSITY,0.5,A2_W0::2016->2017,14,0.4165067178502879,0.4165067178502879,0.0902111324376199,0.6564299424184261,0.3032629558541266,0.944573784968299,0.8758160895123901,0.7677492890592988,0.2327209851034067
S1_DROP_TOP1,3,L2_HIGH,B2_COMMON_NODE_EQUAL_DENSITY,0.5,A2_W0::2017->2018,15,0.4354354354354354,0.4354354354354354,0.1156156156156156,0.6171171171171171,0.3288288288288288,0.972143458832179,0.9159803843858888,0.7894345744550049,0.4120524118884635
S1_DROP_TOP1,3,L2_HIGH,B2_COMMON_NODE_EQUAL_DENSITY,0.5,A2_W0::2018->2019,16,0.4509803921568627,0.4509803921568627,0.072829131652661,0.5854341736694678,0.3571428571428571,0.9917276636315828,0.9195543946918502,0.7143960841080795,0.2286836987427668
S1_DROP_TOP1,3,L2_HIGH,B2_COMMON_NODE_EQUAL_DENSITY,0.5,A2_W0::2019->2020,17,0.4630650496141124,0.4630650496141124,0.0661521499448732,0.4818081587651598,0.4090407938257993,0.9912811704781472,0.9597491195785058,0.8679919610191561,0.2925817571556801
S1_DROP_TOP1,3,L2_HIGH,B2_COMMON_NODE_EQUAL_DENSITY,0.5,A2_W0::2020->2021,18,0.4636678200692041,0.4636678200692041,0.0449826989619377,0.4775086505190311,0.419838523644752,0.9976355629903612,0.9665670330887622,0.7823641393281474,0.202702426574123
S1_DROP_TOP1,3,L2_HIGH,B2_COMMON_NODE_EQUAL_DENSITY,0.5,A2_W0::2021->2022,19,0.4847715736040609,0.4847715736040609,0.0126903553299492,0.5761421319796954,0.365482233502538,0.9999999999156832,0.9761893202927536,0.8915468282875834,0.2053141954874054
S1_DROP_TOP1,3,L2_HIGH,B2_COMMON_NODE_EQUAL_DENSITY,0.5,A2_W0::2022->2023,20,0.4759036144578313,0.4759036144578313,0.0060240963855421,0.8554216867469879,0.1385542168674698,0.9810239979107804,0.9781317650981548,0.999999999970325,0.4564822396826954
S1_DROP_TOP1,4,L0_STAGE15_MATCHED,B0_REFERENCE,1.0,A2_W0::2002->2003,0,0.7786885245901639,0.1721311475409836,0.0327868852459016,0.9590163934426228,0.040983606557377,0.9676578622603844,0.9493598415696468,0.0,0.9183993254779496
S1_DROP_TOP1,4,L0_STAGE15_MATCHED,B0_REFERENCE,1.0,A2_W0::2003->2004,1,0.596,0.316,0.064,0.976,0.024,0.8496229153961432,0.8201733734105217,0.0,0.7737078664420501
S1_DROP_TOP1,4,L0_STAGE15_MATCHED,B0_REFERENCE,1.0,A2_W0::2004->2005,2,0.3571428571428571,0.5263157894736842,0.0150375939849624,0.9774436090225564,0.0225563909774436,0.8078024350522292,0.6085366685903909,0.0,0.3969050171954734
S1_DROP_TOP1,4,L0_STAGE15_MATCHED,B0_REFERENCE,1.0,A2_W0::2005->2006,3,0.4705882352941176,0.4957983193277311,0.0084033613445378,0.9663865546218487,0.0336134453781512,0.7071067809916383,0.8660254037401534,0.0,0.8660254036408835
S1_DROP_TOP1,4,L0_STAGE15_MATCHED,B0_REFERENCE,1.0,A2_W0::2006->2007,4,0.8736842105263158,0.0673684210526315,0.0452631578947368,0.983157894736842,0.0147368421052631,0.6641637518404867,0.9999999987732046,0.999999999677688,0.8864052568601171
S1_DROP_TOP1,4,L0_STAGE15_MATCHED,B0_REFERENCE,1.0,A2_W0::2007->2008,5,0.4132450331125827,0.3821192052980132,0.1397350993377483,0.97682119205298,0.0211920529801324,0.8586703314509287,0.7824014044316385,0.655197753904696,0.7513008247303737
S1_DROP_TOP1,4,L0_STAGE15_MATCHED,B0_REFERENCE,1.0,A2_W0::2008->2009,6,0.4269041769041769,0.5214987714987716,0.0147420147420147,0.9748157248157248,0.0227272727272727,0.9108715977592032,0.8581494652320123,0.8668025481035002,0.5972787857683497
S1_DROP_TOP1,4,L0_STAGE15_MATCHED,B0_REFERENCE,1.0,A2_W0::2009->2010,7,0.4238165680473373,0.4474852071005917,0.0281065088757396,0.9763313609467456,0.0177514792899408,0.8428278342919148,0.8587945693095133,0.8619347649825699,0.5587223164755702
S1_DROP_TOP1,4,L0_STAGE15_MATCHED,B0_REFERENCE,1.0,A2_W0::2010->2011,8,0.4204809930178433,0.4228083785880527,0.0457719162141194,0.9720713731574864,0.021722265321955,0.8458364239541699,0.7626787913878101,0.6351039471849861,0.558282633067148
S1_DROP_TOP1,4,L0_STAGE15_MATCHED,B0_REFERENCE,1.0,A2_W0::2011->2012,9,0.6630434782608695,0.2427536231884058,0.061141304347826,0.9705615942028986,0.0240036231884057,0.94999493057409,0.8655052109712953,0.8334014096621851,0.6087259139574597
S1_DROP_TOP1,4,L0_STAGE15_MATCHED,B0_REFERENCE,1.0,A2_W0::2012->2013,10,0.4234482758620689,0.4479310344827586,0.0493103448275862,0.9634482758620688,0.0327586206896551,0.9473148195754084,0.8790785165005043,0.82315439077621,0.6950958621094033
S1_DROP_TOP1,4,L0_STAGE15_MATCHED,B0_REFERENCE,1.0,A2_W0::2013->2014,11,0.4951119520655944,0.325764742983286,0.1065909807631662,0.957426679280984,0.0375275938189845,0.9267029404894142,0.8112034938174109,0.9279635088030384,0.6284580309631607
S1_DROP_TOP1,4,L0_STAGE15_MATCHED,B0_REFERENCE,1.0,A2_W0::2014->2015,12,0.2764805414551607,0.3279187817258883,0.065989847715736,0.9532994923857868,0.0395939086294416,0.7956931700022233,0.7436446989792805,0.8579539506664479,0.4461413047390279
S1_DROP_TOP1,4,L0_STAGE15_MATCHED,B0_REFERENCE,1.0,A2_W0::2015->2016,13,0.4711051930758988,0.3294274300932091,0.1033288948069241,0.948335552596538,0.0455392809587217,0.9147577914351503,0.8079984015945373,0.8105555275423783,0.5631429679374307
S1_DROP_TOP1,4,L0_STAGE15_MATCHED,B0_REFERENCE,1.0,A2_W0::2016->2017,14,0.4188783752596353,0.2672513270251558,0.1419339949226863,0.9351488576044312,0.0583891068543734,0.8597654078833188,0.7445065812733658,0.7826065594887966,0.4693621226669253
S1_DROP_TOP1,4,L0_STAGE15_MATCHED,B0_REFERENCE,1.0,A2_W0::2017->2018,15,0.4604927782497875,0.2237892948173322,0.2450297366185216,0.9218351741716228,0.0700084961767204,0.8625833971468854,0.7708450244804053,0.763206240994159,0.4588810067950939
S1_DROP_TOP1,4,L0_STAGE15_MATCHED,B0_REFERENCE,1.0,A2_W0::2018->2019,16,0.3624563852058618,0.3473831123517097,0.1459874389392882,0.9129099790648988,0.0782972784368457,0.8869841094815921,0.7443928670509701,0.6558769371715799,0.4815171583161722
S1_DROP_TOP1,4,L0_STAGE15_MATCHED,B0_REFERENCE,1.0,A2_W0::2019->2020,17,0.4814239769324609,0.2029499833647554,0.204280802927803,0.8721304203171787,0.110014417211933,0.874284260300899,0.7680319580655197,0.7278735364293919,0.4593377725177659
S1_DROP_TOP1,4,L0_STAGE15_MATCHED,B0_REFERENCE,1.0,A2_W0::2020->2021,18,0.1485605970856533,0.4819334202108755,0.2115863049401729,0.8759625636772894,0.1075701931050823,0.8452407852495816,0.751524365153223,0.6311000400811184,0.4503927019353576
S1_DROP_TOP1,4,L0_STAGE15_MATCHED,B0_REFERENCE,1.0,A2_W0::2021->2022,19,0.0912302576891105,0.6209476309226932,0.1970074812967581,0.9002493765586035,0.0920615128844555,0.8695821827361698,0.8425970984681099,0.7075621015784731,0.5399442907335859
S1_DROP_TOP1,4,L0_STAGE15_MATCHED,B0_REFERENCE,1.0,A2_W0::2022->2023,20,0.3506585973656105,0.5898896404414382,0.021003915984336,0.9843360626557494,0.0153079387682449,0.9450146401444014,0.8853718981279171,0.9026246634649584,0.660304557531511
S1_DROP_TOP1,4,L0_STAGE15_MATCHED,B2_COMMON_NODE_EQUAL_DENSITY,1.0,A2_W0::2002->2003,0,0.5,0.5,0.0,0.7857142857142857,0.2142857142857142,0.9999999999291038,0.9999999999590172,0.0,0.0
S1_DROP_TOP1,4,L0_STAGE15_MATCHED,B2_COMMON_NODE_EQUAL_DENSITY,1.0,A2_W0::2003->2004,1,0.5,0.5,0.0,0.8333333333333334,0.1666666666666666,0.9999999999354848,0.9999999999654732,0.0,0.0
S1_DROP_TOP1,4,L0_STAGE15_MATCHED,B2_COMMON_NODE_EQUAL_DENSITY,1.0,A2_W0::2004->2005,2,0.4705882352941176,0.4705882352941176,0.0,0.8235294117647058,0.1764705882352941,0.999999999951632,0.8221039924175549,0.0,0.1660268751779461
S1_DROP_TOP1,4,L0_STAGE15_MATCHED,B2_COMMON_NODE_EQUAL_DENSITY,1.0,A2_W0::2005->2006,3,0.5,0.5,0.0,0.7777777777777778,0.2222222222222222,0.7559289460195009,0.8660254038159972,0.0,0.0
S1_DROP_TOP1,4,L0_STAGE15_MATCHED,B2_COMMON_NODE_EQUAL_DENSITY,1.0,A2_W0::2006->2007,4,0.5,0.5,0.0,0.8269230769230769,0.1538461538461538,0.6988362418005972,0.935414346489558,0.9999999998952644,0.0
S1_DROP_TOP1,4,L0_STAGE15_MATCHED,B2_COMMON_NODE_EQUAL_DENSITY,1.0,A2_W0::2007->2008,5,0.4328358208955223,0.4328358208955223,0.0497512437810945,0.8955223880597015,0.0895522388059701,0.944302530687825,0.896757300945198,0.8697662666216424,0.3470465098304736
S1_DROP_TOP1,4,L0_STAGE15_MATCHED,B2_COMMON_NODE_EQUAL_DENSITY,1.0,A2_W0::2008->2009,6,0.4837209302325581,0.4837209302325581,0.013953488372093,0.9348837209302324,0.055813953488372,0.9913631366122524,0.9280497059480296,0.7090086978753963,0.3553019729151885
S1_DROP_TOP1,4,L0_STAGE15_MATCHED,B2_COMMON_NODE_EQUAL_DENSITY,1.0,A2_W0::2009->2010,7,0.450261780104712,0.450261780104712,0.031413612565445,0.8848167539267016,0.0732984293193717,0.9622588439255156,0.9290533958755196,0.8700383836731271,0.3716187451130139
S1_DROP_TOP1,4,L0_STAGE15_MATCHED,B2_COMMON_NODE_EQUAL_DENSITY,1.0,A2_W0::2010->2011,8,0.4336734693877551,0.4336734693877551,0.0357142857142857,0.8826530612244898,0.0765306122448979,0.9525574221196684,0.8725475036326503,0.6386117275608331,0.2524451913833275
S1_DROP_TOP1,4,L0_STAGE15_MATCHED,B2_COMMON_NODE_EQUAL_DENSITY,1.0,A2_W0::2011->2012,9,0.4430379746835443,0.4430379746835443,0.050632911392405,0.8354430379746836,0.1265822784810126,0.9559817829730792,0.9197423313289018,0.8512633812919851,0.3250102243523891
S1_DROP_TOP1,4,L0_STAGE15_MATCHED,B2_COMMON_NODE_EQUAL_DENSITY,1.0,A2_W0::2012->2013,10,0.4507042253521127,0.4507042253521127,0.0422535211267605,0.8356807511737089,0.1455399061032863,0.956005262317134,0.9400219592725684,0.8783704046487306,0.2351713811697313
S1_DROP_TOP1,4,L0_STAGE15_MATCHED,B2_COMMON_NODE_EQUAL_DENSITY,1.0,A2_W0::2013->2014,11,0.4465020576131687,0.4465020576131687,0.0349794238683127,0.7654320987654321,0.2016460905349794,0.9702001746664588,0.8815944614732235,0.9359483499970594,0.3492224391355929
S1_DROP_TOP1,4,L0_STAGE15_MATCHED,B2_COMMON_NODE_EQUAL_DENSITY,1.0,A2_W0::2014->2015,12,0.4428571428571428,0.4428571428571428,0.0428571428571428,0.8371428571428572,0.1328571428571428,0.9678635971992232,0.8296060106993324,0.8672959574060372,0.3306143063955337
S1_DROP_TOP1,4,L0_STAGE15_MATCHED,B2_COMMON_NODE_EQUAL_DENSITY,1.0,A2_W0::2015->2016,13,0.462033462033462,0.462033462033462,0.0579150579150579,0.8223938223938224,0.1531531531531531,0.9747160173320402,0.939571038054429,0.8505805125383852,0.3657887297990575
S1_DROP_TOP1,4,L0_STAGE15_MATCHED,B2_COMMON_NODE_EQUAL_DENSITY,1.0,A2_W0::2016->2017,14,0.4296435272045028,0.4296435272045028,0.0722326454033771,0.799249530956848,0.1801125703564728,0.9553348584153908,0.8422443781985245,0.7546906537926477,0.2623065348976459
S1_DROP_TOP1,4,L0_STAGE15_MATCHED,B2_COMMON_NODE_EQUAL_DENSITY,1.0,A2_W0::2017->2018,15,0.4321266968325792,0.4321266968325792,0.1184012066365007,0.7368024132730016,0.2322775263951734,0.9690487420687434,0.8762938193020585,0.7796948769853834,0.4274761988768247
S1_DROP_TOP1,4,L0_STAGE15_MATCHED,B2_COMMON_NODE_EQUAL_DENSITY,1.0,A2_W0::2018->2019,16,0.4256410256410256,0.4256410256410256,0.1172161172161172,0.6717948717948717,0.2879120879120879,0.9711723400991494,0.8501947622607533,0.7302551613735502,0.2833191642229844
S1_DROP_TOP1,4,L0_STAGE15_MATCHED,B2_COMMON_NODE_EQUAL_DENSITY,1.0,A2_W0::2019->2020,17,0.4444444444444444,0.4444444444444444,0.0877492877492877,0.5538461538461539,0.3692307692307692,0.9820497426983597,0.9257364204530152,0.7985121034310614,0.3107061899888633
S1_DROP_TOP1,4,L0_STAGE15_MATCHED,B2_COMMON_NODE_EQUAL_DENSITY,1.0,A2_W0::2020->2021,18,0.4381412190706095,0.4381412190706095,0.0663850331925166,0.5540132770066385,0.3753771876885938,0.9893573726792024,0.906405185499984,0.7099938517447432,0.2842152826248991
S1_DROP_TOP1,4,L0_STAGE15_MATCHED,B2_COMMON_NODE_EQUAL_DENSITY,1.0,A2_W0::2021->2022,19,0.4609271523178808,0.4609271523178808,0.0317880794701986,0.6185430463576159,0.343046357615894,0.984056944179151,0.9376633949521486,0.8601696241792185,0.3025547882920873
S1_DROP_TOP1,4,L0_STAGE15_MATCHED,B2_COMMON_NODE_EQUAL_DENSITY,1.0,A2_W0::2022->2023,20,0.4695121951219512,0.4695121951219512,0.0060975609756097,0.902439024390244,0.0945121951219512,0.9765484698253748,0.976038479045007,0.999999999970416,0.4904931759547624
S1_DROP_TOP1,4,L0_STAGE15_MATCHED,B2_COMMON_NODE_EQUAL_DENSITY,0.75,A2_W0::2002->2003,0,0.5,0.5,0.0,0.8,0.2,0.9999999999566273,0.999999999972082,0.0,0.0
S1_DROP_TOP1,4,L0_STAGE15_MATCHED,B2_COMMON_NODE_EQUAL_DENSITY,0.75,A2_W0::2003->2004,1,0.5,0.5,0.0,0.7857142857142857,0.2142857142857142,0.9999999999440456,0.9999999999654732,0.0,0.0
S1_DROP_TOP1,4,L0_STAGE15_MATCHED,B2_COMMON_NODE_EQUAL_DENSITY,0.75,A2_W0::2004->2005,2,0.5,0.5,0.0,0.7857142857142857,0.2142857142857142,0.9999999999578398,0.9999999999373476,0.0,0.0
S1_DROP_TOP1,4,L0_STAGE15_MATCHED,B2_COMMON_NODE_EQUAL_DENSITY,0.75,A2_W0::2005->2006,3,0.5,0.5,0.0,0.75,0.25,0.8164965809482677,0.8164965810072694,0.0,0.0
S1_DROP_TOP1,4,L0_STAGE15_MATCHED,B2_COMMON_NODE_EQUAL_DENSITY,0.75,A2_W0::2006->2007,4,0.5,0.5,0.0,0.7894736842105263,0.1842105263157894,0.7071067811089556,0.925820099607278,0.9999999998952644,0.0
S1_DROP_TOP1,4,L0_STAGE15_MATCHED,B2_COMMON_NODE_EQUAL_DENSITY,0.75,A2_W0::2007->2008,5,0.4444444444444444,0.4444444444444444,0.0457516339869281,0.869281045751634,0.1111111111111111,0.947679733675663,0.9666241679583636,0.8697662666216424,0.3068361966083278
S1_DROP_TOP1,4,L0_STAGE15_MATCHED,B2_COMMON_NODE_EQUAL_DENSITY,0.75,A2_W0::2008->2009,6,0.484472049689441,0.484472049689441,0.0124223602484472,0.9254658385093169,0.0683229813664596,0.9883311628465372,0.9581634920568796,0.9999999996691412,0.3582805458786824
S1_DROP_TOP1,4,L0_STAGE15_MATCHED,B2_COMMON_NODE_EQUAL_DENSITY,0.75,A2_W0::2009->2010,7,0.4662162162162162,0.4662162162162162,0.0067567567567567,0.8716216216216216,0.0878378378378378,0.970712942854236,0.9660079046187732,0.9169513008834684,0.2702982356018472
S1_DROP_TOP1,4,L0_STAGE15_MATCHED,B2_COMMON_NODE_EQUAL_DENSITY,0.75,A2_W0::2010->2011,8,0.4353741496598639,0.4353741496598639,0.0272108843537414,0.8503401360544217,0.0952380952380952,0.9463151632814708,0.9010138958611384,0.8662601979515024,0.2623644515357938
S1_DROP_TOP1,4,L0_STAGE15_MATCHED,B2_COMMON_NODE_EQUAL_DENSITY,0.75,A2_W0::2011->2012,9,0.4648648648648649,0.4648648648648649,0.0324324324324324,0.8162162162162162,0.1459459459459459,0.9782608728979252,0.9472173139520564,0.8037273969883788,0.3104520417304577
S1_DROP_TOP1,4,L0_STAGE15_MATCHED,B2_COMMON_NODE_EQUAL_DENSITY,0.75,A2_W0::2012->2013,10,0.454828660436137,0.454828660436137,0.0373831775700934,0.8286604361370716,0.1495327102803738,0.9629128613347738,0.930117772105572,0.8595909777199824,0.2144363529105214
S1_DROP_TOP1,4,L0_STAGE15_MATCHED,B2_COMMON_NODE_EQUAL_DENSITY,0.75,A2_W0::2013->2014,11,0.4613333333333333,0.4613333333333333,0.0293333333333333,0.712,0.2453333333333333,0.9860533542364752,0.8998344744358963,0.9686872376363478,0.327513948718501
S1_DROP_TOP1,4,L0_STAGE15_MATCHED,B2_COMMON_NODE_EQUAL_DENSITY,0.75,A2_W0::2014->2015,12,0.4584103512014787,0.4584103512014787,0.0499075785582255,0.7948243992606284,0.1682070240295748,0.9797107273770956,0.8953476889951882,0.8601234746968447,0.3153272210218451
S1_DROP_TOP1,4,L0_STAGE15_MATCHED,B2_COMMON_NODE_EQUAL_DENSITY,0.75,A2_W0::2015->2016,13,0.4632478632478632,0.4632478632478632,0.0495726495726495,0.788034188034188,0.1811965811965812,0.972905576213064,0.954742871316498,0.8620130303217921,0.3182495963159634
S1_DROP_TOP1,4,L0_STAGE15_MATCHED,B2_COMMON_NODE_EQUAL_DENSITY,0.75,A2_W0::2016->2017,14,0.4307116104868914,0.4307116104868914,0.0749063670411985,0.7515605493133583,0.2209737827715356,0.9550502094817824,0.8678683485366105,0.8057563083957885,0.2456052155727453
S1_DROP_TOP1,4,L0_STAGE15_MATCHED,B2_COMMON_NODE_EQUAL_DENSITY,0.75,A2_W0::2017->2018,15,0.4332998996990972,0.4332998996990972,0.115346038114343,0.6920762286860582,0.2708124373119358,0.9691613348259308,0.8963711609546196,0.7690811416734008,0.4151615604970242
S1_DROP_TOP1,4,L0_STAGE15_MATCHED,B2_COMMON_NODE_EQUAL_DENSITY,0.75,A2_W0::2018->2019,16,0.4452830188679245,0.4452830188679245,0.0830188679245283,0.6415094339622641,0.3150943396226415,0.9886514300023462,0.8878477146828077,0.7187939146249047,0.2576998511235754
S1_DROP_TOP1,4,L0_STAGE15_MATCHED,B2_COMMON_NODE_EQUAL_DENSITY,0.75,A2_W0::2019->2020,17,0.4565055762081784,0.4565055762081784,0.0713754646840148,0.5144981412639406,0.395539033457249,0.9847823208817184,0.952764212628452,0.8338930705520378,0.2947954724851526
S1_DROP_TOP1,4,L0_STAGE15_MATCHED,B2_COMMON_NODE_EQUAL_DENSITY,0.75,A2_W0::2020->2021,18,0.4503937007874016,0.4503937007874016,0.0496062992125984,0.5047244094488189,0.4102362204724409,0.9957421732200838,0.939302529192502,0.7263583569718347,0.2552029970170786
S1_DROP_TOP1,4,L0_STAGE15_MATCHED,B2_COMMON_NODE_EQUAL_DENSITY,0.75,A2_W0::2021->2022,19,0.4695652173913043,0.4695652173913043,0.0260869565217391,0.5756521739130435,0.3791304347826087,0.9859183038435534,0.962990444385154,0.8554580743135073,0.2894824929767894
S1_DROP_TOP1,4,L0_STAGE15_MATCHED,B2_COMMON_NODE_EQUAL_DENSITY,0.75,A2_W0::2022->2023,20,0.4736842105263157,0.4736842105263157,0.0040485829959514,0.8744939271255061,0.1214574898785425,0.980205607709749,0.975229622367012,0.999999999970416,0.4856114122808309
S1_DROP_TOP1,4,L0_STAGE15_MATCHED,B2_COMMON_NODE_EQUAL_DENSITY,0.5,A2_W0::2002->2003,0,0.5,0.5,0.0,0.8333333333333334,0.1666666666666666,0.9999999999600244,0.9999999999867454,0.0,0.0
S1_DROP_TOP1,4,L0_STAGE15_MATCHED,B2_COMMON_NODE_EQUAL_DENSITY,0.5,A2_W0::2003->2004,1,0.5,0.5,0.0,0.75,0.25,0.9999999999699966,0.999999999972082,0.0,0.0
S1_DROP_TOP1,4,L0_STAGE15_MATCHED,B2_COMMON_NODE_EQUAL_DENSITY,0.5,A2_W0::2004->2005,2,0.5,0.5,0.0,1.0,0.0,0.9999999999642626,0.0,0.0,0.0
S1_DROP_TOP1,4,L0_STAGE15_MATCHED,B2_COMMON_NODE_EQUAL_DENSITY,0.5,A2_W0::2005->2006,3,0.5,0.5,0.0,0.75,0.25,0.9128709291616603,0.7071067813735409,0.0,0.0
S1_DROP_TOP1,4,L0_STAGE15_MATCHED,B2_COMMON_NODE_EQUAL_DENSITY,0.5,A2_W0::2006->2007,4,0.5,0.5,0.0,0.7692307692307693,0.1923076923076923,0.7416198486533322,0.8944271909207507,0.9999999998952644,0.0
S1_DROP_TOP1,4,L0_STAGE15_MATCHED,B2_COMMON_NODE_EQUAL_DENSITY,0.5,A2_W0::2007->2008,5,0.4722222222222222,0.4722222222222222,0.0,0.8518518518518519,0.1388888888888889,0.978745372224676,0.977116108333226,0.5191147056754751,0.3467777376697683
S1_DROP_TOP1,4,L0_STAGE15_MATCHED,B2_COMMON_NODE_EQUAL_DENSITY,0.5,A2_W0::2008->2009,6,0.4811320754716981,0.4811320754716981,0.0094339622641509,0.9056603773584906,0.0849056603773584,0.986484286693265,0.948615954007172,0.9999999996691412,0.3610297374566801
S1_DROP_TOP1,4,L0_STAGE15_MATCHED,B2_COMMON_NODE_EQUAL_DENSITY,0.5,A2_W0::2009->2010,7,0.48,0.48,0.01,0.86,0.1,0.9887440133388647,0.9555745148817965,0.8724674965318701,0.2504450791090073
S1_DROP_TOP1,4,L0_STAGE15_MATCHED,B2_COMMON_NODE_EQUAL_DENSITY,0.5,A2_W0::2010->2011,8,0.4021739130434782,0.4021739130434782,0.0434782608695652,0.8369565217391305,0.0978260869565217,0.9153679326045452,0.8410023497699038,0.8168286076629713,0.221985891217239
S1_DROP_TOP1,4,L0_STAGE15_MATCHED,B2_COMMON_NODE_EQUAL_DENSITY,0.5,A2_W0::2011->2012,9,0.4634146341463415,0.4634146341463415,0.040650406504065,0.7723577235772358,0.1788617886178861,0.975565839895173,0.9808292123674484,0.7661422954656723,0.3497049814063318
S1_DROP_TOP1,4,L0_STAGE15_MATCHED,B2_COMMON_NODE_EQUAL_DENSITY,0.5,A2_W0::2012->2013,10,0.4681818181818182,0.4681818181818182,0.0136363636363636,0.7954545454545454,0.1863636363636363,0.976986980392292,0.950767283632446,0.736932246703157,0.1395644101130876
S1_DROP_TOP1,4,L0_STAGE15_MATCHED,B2_COMMON_NODE_EQUAL_DENSITY,0.5,A2_W0::2013->2014,11,0.4682539682539682,0.4682539682539682,0.0357142857142857,0.6587301587301587,0.2936507936507936,0.9909578944709052,0.919089622524171,0.958022243731242,0.182855300275751
S1_DROP_TOP1,4,L0_STAGE15_MATCHED,B2_COMMON_NODE_EQUAL_DENSITY,0.5,A2_W0::2014->2015,12,0.4491525423728814,0.4491525423728814,0.0649717514124293,0.6892655367231638,0.2542372881355932,0.9733457832352256,0.9097682378112772,0.8885670007994744,0.3094870376632578
S1_DROP_TOP1,4,L0_STAGE15_MATCHED,B2_COMMON_NODE_EQUAL_DENSITY,0.5,A2_W0::2015->2016,13,0.4627249357326478,0.4627249357326478,0.0565552699228791,0.7172236503856041,0.2365038560411311,0.9708912012189672,0.9684568000689906,0.8847805050655646,0.3410096574040676
S1_DROP_TOP1,4,L0_STAGE15_MATCHED,B2_COMMON_NODE_EQUAL_DENSITY,0.5,A2_W0::2016->2017,14,0.4220532319391635,0.4220532319391635,0.085551330798479,0.6577946768060836,0.3003802281368821,0.9468771250248388,0.8850447389763307,0.8057563083957885,0.2279497614360586
S1_DROP_TOP1,4,L0_STAGE15_MATCHED,B2_COMMON_NODE_EQUAL_DENSITY,0.5,A2_W0::2017->2018,15,0.437125748502994,0.437125748502994,0.1107784431137724,0.6182634730538922,0.3278443113772455,0.9736583027718176,0.9179411662501508,0.7858778538434997,0.4125267325514767
S1_DROP_TOP1,4,L0_STAGE15_MATCHED,B2_COMMON_NODE_EQUAL_DENSITY,0.5,A2_W0::2018->2019,16,0.4540389972144846,0.4540389972144846,0.0682451253481894,0.5779944289693594,0.362116991643454,0.9905818925577556,0.922929894443861,0.7832173114846425,0.2155028515122552
S1_DROP_TOP1,4,L0_STAGE15_MATCHED,B2_COMMON_NODE_EQUAL_DENSITY,0.5,A2_W0::2019->2020,17,0.4665936473165389,0.4665936473165389,0.0591456736035049,0.4644030668127054,0.4216867469879518,0.9965052346469772,0.9614519527380118,0.8798139678404744,0.2985007632651215
S1_DROP_TOP1,4,L0_STAGE15_MATCHED,B2_COMMON_NODE_EQUAL_DENSITY,0.5,A2_W0::2020->2021,18,0.4624277456647399,0.4624277456647399,0.0416184971098265,0.461271676300578,0.4335260115606936,0.9975465654364806,0.9660587627795766,0.7824008000871427,0.2048030231574611
S1_DROP_TOP1,4,L0_STAGE15_MATCHED,B2_COMMON_NODE_EQUAL_DENSITY,0.5,A2_W0::2021->2022,19,0.4834605597964376,0.4834605597964376,0.010178117048346,0.5699745547073791,0.371501272264631,0.9980880243405336,0.9765721448922396,0.8911484373163209,0.2234005883974478
S1_DROP_TOP1,4,L0_STAGE15_MATCHED,B2_COMMON_NODE_EQUAL_DENSITY,0.5,A2_W0::2022->2023,20,0.4852071005917159,0.4852071005917159,0.0059171597633136,0.8579881656804734,0.136094674556213,0.989902434964374,0.9780693259514056,0.999999999970416,0.466635070043596
S1_DROP_TOP1,4,L1_EXTENDED,B0_REFERENCE,1.0,A2_W0::2002->2003,0,0.8009049773755657,0.1809954751131221,0.0090497737556561,0.9773755656108596,0.0226244343891402,0.712138981762189,0.9525698323210574,0.0,0.8774393600058098
S1_DROP_TOP1,4,L1_EXTENDED,B0_REFERENCE,1.0,A2_W0::2003->2004,1,0.3489208633093525,0.5359712230215827,0.0863309352517985,0.9784172661870504,0.0215827338129496,0.8100261210757975,0.8248057603310031,0.0,0.7614241723164953
S1_DROP_TOP1,4,L1_EXTENDED,B0_REFERENCE,1.0,A2_W0::2004->2005,2,0.4901185770750988,0.3675889328063241,0.0197628458498023,0.9723320158102768,0.0276679841897233,0.8355311118867137,0.5602926274191713,0.0,0.3701765634063643
S1_DROP_TOP1,4,L1_EXTENDED,B0_REFERENCE,1.0,A2_W0::2005->2006,3,0.0643274853801169,0.8362573099415205,0.0409356725146198,0.9473684210526316,0.0526315789473684,0.8425417180840382,0.8164966036992214,0.0,0.5940885265460971
S1_DROP_TOP1,4,L1_EXTENDED,B0_REFERENCE,1.0,A2_W0::2006->2007,4,0.9628647214854112,0.0185676392572944,0.0092838196286472,0.9774535809018567,0.019893899204244,0.7476784508841958,0.9660917931201164,0.9999999996615015,0.7071067959794044
S1_DROP_TOP1,4,L1_EXTENDED,B0_REFERENCE,1.0,A2_W0::2007->2008,5,0.5454545454545454,0.3433660933660933,0.0466830466830466,0.9791154791154792,0.019041769041769,0.8251675497434507,0.7894521546865028,0.6619660425039646,0.541084656831788
S1_DROP_TOP1,4,L1_EXTENDED,B0_REFERENCE,1.0,A2_W0::2008->2009,6,0.3425584255842558,0.5707257072570726,0.045510455104551,0.9747847478474784,0.0227552275522755,0.9110919144122174,0.8423751485915443,0.8664325333547621,0.4760066307572775
S1_DROP_TOP1,4,L1_EXTENDED,B0_REFERENCE,1.0,A2_W0::2009->2010,7,0.4568093385214007,0.3712062256809338,0.0303501945525291,0.9758754863813228,0.0178988326848249,0.8671562067170259,0.883018237490669,0.8389058264049787,0.5057201795641876
S1_DROP_TOP1,4,L1_EXTENDED,B0_REFERENCE,1.0,A2_W0::2010->2011,8,0.3525641025641026,0.4407051282051282,0.0352564102564102,0.9719551282051282,0.0216346153846153,0.8591599933071389,0.8010334354624727,0.6403648484290274,0.5282276711877267
S1_DROP_TOP1,4,L1_EXTENDED,B0_REFERENCE,1.0,A2_W0::2011->2012,9,0.679669573198715,0.2101881597062873,0.0564479118861863,0.9710876548875632,0.0243230839834786,0.9546033402811346,0.892403725235695,0.7857324284554775,0.6570903206878805
S1_DROP_TOP1,4,L1_EXTENDED,B0_REFERENCE,1.0,A2_W0::2012->2013,10,0.3982517482517482,0.4867132867132867,0.0587412587412587,0.9632867132867132,0.0332167832167832,0.9519358219025514,0.8783189515615484,0.8038171645963023,0.5919400614044333
S1_DROP_TOP1,4,L1_EXTENDED,B0_REFERENCE,1.0,A2_W0::2013->2014,11,0.5270618556701031,0.3092783505154639,0.0821520618556701,0.9568298969072164,0.0380154639175257,0.9366127219049648,0.8014074605372522,0.9198897161221622,0.5337764676215401
S1_DROP_TOP1,4,L1_EXTENDED,B0_REFERENCE,1.0,A2_W0::2014->2015,12,0.257360581918947,0.3533079321094561,0.0578455143747835,0.9525458953931416,0.0398337374437132,0.8067914122538745,0.7371749292010147,0.860103934233758,0.4371314292872592
S1_DROP_TOP1,4,L1_EXTENDED,B0_REFERENCE,1.0,A2_W0::2015->2016,13,0.4948593073593073,0.3062770562770562,0.0873917748917749,0.9485930735930737,0.0451839826839826,0.921575711130993,0.8077534705072763,0.8002451289924843,0.5824448696143505
S1_DROP_TOP1,4,L1_EXTENDED,B0_REFERENCE,1.0,A2_W0::2016->2017,14,0.4261414503133393,0.2602954341987466,0.1210832587287377,0.9366606982990152,0.0566248880931065,0.8456096989432988,0.7462783168826381,0.7680432650069396,0.4927082362013647
S1_DROP_TOP1,4,L1_EXTENDED,B0_REFERENCE,1.0,A2_W0::2017->2018,15,0.4437899697071693,0.2245035341635813,0.2524402558061259,0.9227532817233256,0.0690003365870077,0.8590052580819809,0.7671303331504957,0.7708405455655236,0.4726122165152533
S1_DROP_TOP1,4,L1_EXTENDED,B0_REFERENCE,1.0,A2_W0::2018->2019,16,0.3566941225743403,0.3555772720926985,0.148261901437945,0.9127460561217366,0.0784587463353343,0.8860989780624525,0.7433722215411173,0.6574101317936432,0.476645719199337
S1_DROP_TOP1,4,L1_EXTENDED,B0_REFERENCE,1.0,A2_W0::2019->2020,17,0.4846488779725355,0.1970525845707268,0.2071005917159763,0.8714971530646421,0.1106397231215808,0.8767549228652324,0.7674685366008887,0.7180126611779418,0.4540088254475805
S1_DROP_TOP1,4,L1_EXTENDED,B0_REFERENCE,1.0,A2_W0::2020->2021,18,0.1449292593032933,0.4832956842230412,0.2154321721555106,0.8757579360361432,0.1077160860777553,0.8472024146326668,0.7484442271046465,0.633499856117309,0.449658721146995
S1_DROP_TOP1,4,L1_EXTENDED,B0_REFERENCE,1.0,A2_W0::2021->2022,19,0.0780653372931692,0.6588884174798473,0.2002545608824777,0.8981756470089096,0.0937632583792957,0.8770194264514334,0.8399866423633395,0.7173094346546527,0.4499587725495437
S1_DROP_TOP1,4,L1_EXTENDED,B0_REFERENCE,1.0,A2_W0::2022->2023,20,0.4332040888262249,0.4695100458230525,0.015156855833627,0.9841381741275996,0.0155093408530137,0.93899849092593,0.8879817774170848,0.9045563051421126,0.8126487608382951
S1_DROP_TOP1,4,L1_EXTENDED,B2_COMMON_NODE_EQUAL_DENSITY,1.0,A2_W0::2002->2003,0,0.5,0.5,0.0,0.7857142857142857,0.2142857142857142,0.9999999999239442,0.9999999999592988,0.0,0.0
S1_DROP_TOP1,4,L1_EXTENDED,B2_COMMON_NODE_EQUAL_DENSITY,1.0,A2_W0::2003->2004,1,0.5,0.5,0.0,0.8333333333333334,0.1666666666666666,0.99999999993275,0.9999999999633628,0.0,0.0
S1_DROP_TOP1,4,L1_EXTENDED,B2_COMMON_NODE_EQUAL_DENSITY,1.0,A2_W0::2004->2005,2,0.4705882352941176,0.4705882352941176,0.0,0.8235294117647058,0.1764705882352941,0.9682209766586252,0.999999999936053,0.0,0.3525989736347742
S1_DROP_TOP1,4,L1_EXTENDED,B2_COMMON_NODE_EQUAL_DENSITY,1.0,A2_W0::2005->2006,3,0.4375,0.4375,0.0,0.75,0.25,0.8660254039101309,0.7071068415089768,0.0,0.9999999999434764
S1_DROP_TOP1,4,L1_EXTENDED,B2_COMMON_NODE_EQUAL_DENSITY,1.0,A2_W0::2006->2007,4,0.48,0.48,0.04,0.76,0.22,0.7433919514159961,0.7977240546009017,0.9999999999007628,0.9999999998412512
S1_DROP_TOP1,4,L1_EXTENDED,B2_COMMON_NODE_EQUAL_DENSITY,1.0,A2_W0::2007->2008,5,0.4356435643564356,0.4356435643564356,0.0693069306930693,0.8960396039603961,0.0891089108910891,0.9462392838324932,0.9457505900767776,0.6619660425039646,0.3656575791921354
S1_DROP_TOP1,4,L1_EXTENDED,B2_COMMON_NODE_EQUAL_DENSITY,1.0,A2_W0::2008->2009,6,0.4837209302325581,0.4837209302325581,0.013953488372093,0.9302325581395348,0.055813953488372,0.9912415818371404,0.8968887519755754,0.999999999644527,0.4079369728420347
S1_DROP_TOP1,4,L1_EXTENDED,B2_COMMON_NODE_EQUAL_DENSITY,1.0,A2_W0::2009->2010,7,0.450261780104712,0.450261780104712,0.0366492146596858,0.8848167539267016,0.0732984293193717,0.9616288108049574,0.9247845756426424,0.8693821529495475,0.3478610394365656
S1_DROP_TOP1,4,L1_EXTENDED,B2_COMMON_NODE_EQUAL_DENSITY,1.0,A2_W0::2010->2011,8,0.4307692307692308,0.4307692307692308,0.0307692307692307,0.882051282051282,0.0769230769230769,0.9508014719089348,0.8731058234079695,0.6467002602392347,0.2901154368204905
S1_DROP_TOP1,4,L1_EXTENDED,B2_COMMON_NODE_EQUAL_DENSITY,1.0,A2_W0::2011->2012,9,0.4406779661016949,0.4406779661016949,0.0381355932203389,0.8432203389830508,0.1228813559322034,0.9541706709534676,0.9182647347011058,0.8220595459738212,0.3293522354154487
S1_DROP_TOP1,4,L1_EXTENDED,B2_COMMON_NODE_EQUAL_DENSITY,1.0,A2_W0::2012->2013,10,0.4468085106382978,0.4468085106382978,0.0283687943262411,0.8392434988179669,0.1442080378250591,0.954644168217842,0.932583240845238,0.7729734584221757,0.2477662776133926
S1_DROP_TOP1,4,L1_EXTENDED,B2_COMMON_NODE_EQUAL_DENSITY,1.0,A2_W0::2013->2014,11,0.4407484407484408,0.4407484407484408,0.0332640332640332,0.7650727650727651,0.2016632016632016,0.963316402033912,0.883583695148581,0.9356710185580835,0.3562382191702408
S1_DROP_TOP1,4,L1_EXTENDED,B2_COMMON_NODE_EQUAL_DENSITY,1.0,A2_W0::2014->2015,12,0.4444444444444444,0.4444444444444444,0.0427350427350427,0.8347578347578347,0.1353276353276353,0.9688109635929152,0.8388971440882677,0.8684584954726938,0.3341888059102527
S1_DROP_TOP1,4,L1_EXTENDED,B2_COMMON_NODE_EQUAL_DENSITY,1.0,A2_W0::2015->2016,13,0.462033462033462,0.462033462033462,0.0566280566280566,0.8211068211068211,0.1544401544401544,0.9739573581830158,0.9397082285193432,0.8731163525577771,0.3601504268971682
S1_DROP_TOP1,4,L1_EXTENDED,B2_COMMON_NODE_EQUAL_DENSITY,1.0,A2_W0::2016->2017,14,0.4307116104868914,0.4307116104868914,0.0730337078651685,0.797752808988764,0.1807116104868913,0.958456683611094,0.8344564371976915,0.7630939132947925,0.2658881256252882
S1_DROP_TOP1,4,L1_EXTENDED,B2_COMMON_NODE_EQUAL_DENSITY,1.0,A2_W0::2017->2018,15,0.4334085778781038,0.4334085778781038,0.1121143717080511,0.7366440933032355,0.2317531978931527,0.9698043634563293,0.8757705857171576,0.7749533638248004,0.4132058517746412
S1_DROP_TOP1,4,L1_EXTENDED,B2_COMMON_NODE_EQUAL_DENSITY,1.0,A2_W0::2018->2019,16,0.4239529757531227,0.4239529757531227,0.1234386480529022,0.674504041146216,0.2858192505510654,0.9691456649516712,0.850284724351749,0.7113985841813546,0.2848419934105549
S1_DROP_TOP1,4,L1_EXTENDED,B2_COMMON_NODE_EQUAL_DENSITY,1.0,A2_W0::2019->2020,17,0.4434931506849315,0.4434931506849315,0.0918949771689497,0.553082191780822,0.3698630136986301,0.9824870068259256,0.9260898872759812,0.7801764698134247,0.3120517972171012
S1_DROP_TOP1,4,L1_EXTENDED,B2_COMMON_NODE_EQUAL_DENSITY,1.0,A2_W0::2020->2021,18,0.4374622356495468,0.4374622356495468,0.0670694864048338,0.5540785498489426,0.3734138972809667,0.9884294519945382,0.904224556174005,0.7272216943953624,0.2836526238341317
S1_DROP_TOP1,4,L1_EXTENDED,B2_COMMON_NODE_EQUAL_DENSITY,1.0,A2_W0::2021->2022,19,0.4587765957446808,0.4587765957446808,0.0359042553191489,0.6210106382978723,0.3417553191489361,0.9812095410855022,0.9374342245439355,0.8576425029658692,0.312565629320274
S1_DROP_TOP1,4,L1_EXTENDED,B2_COMMON_NODE_EQUAL_DENSITY,1.0,A2_W0::2022->2023,20,0.4695121951219512,0.4695121951219512,0.0060975609756097,0.899390243902439,0.0975609756097561,0.9766537761002124,0.9765687505339612,0.9999999999705312,0.495201242416485
S1_DROP_TOP1,4,L1_EXTENDED,B2_COMMON_NODE_EQUAL_DENSITY,0.75,A2_W0::2002->2003,0,0.5,0.5,0.0,0.7,0.3,0.9999999999566728,0.9999999999592988,0.0,0.0
S1_DROP_TOP1,4,L1_EXTENDED,B2_COMMON_NODE_EQUAL_DENSITY,0.75,A2_W0::2003->2004,1,0.5,0.5,0.0,0.7857142857142857,0.2142857142857142,0.9999999999407744,0.9999999999633628,0.0,0.0
S1_DROP_TOP1,4,L1_EXTENDED,B2_COMMON_NODE_EQUAL_DENSITY,0.75,A2_W0::2004->2005,2,0.4615384615384615,0.4615384615384615,0.0,0.8461538461538461,0.1538461538461538,0.9593712920177307,0.9999999999296428,0.0,0.3525989736347742
S1_DROP_TOP1,4,L1_EXTENDED,B2_COMMON_NODE_EQUAL_DENSITY,0.75,A2_W0::2005->2006,3,0.4545454545454545,0.4545454545454545,0.0,0.6363636363636364,0.3636363636363636,0.9258200998085718,0.7071068415089768,0.0,0.999999999971521
S1_DROP_TOP1,4,L1_EXTENDED,B2_COMMON_NODE_EQUAL_DENSITY,0.75,A2_W0::2006->2007,4,0.4864864864864865,0.4864864864864865,0.027027027027027,0.7027027027027027,0.2702702702702703,0.759554539365762,0.7745966912546112,0.9999999999007628,0.9999999999007628
S1_DROP_TOP1,4,L1_EXTENDED,B2_COMMON_NODE_EQUAL_DENSITY,0.75,A2_W0::2007->2008,5,0.4444444444444444,0.4444444444444444,0.0588235294117647,0.869281045751634,0.1111111111111111,0.9506810549637597,0.9698378043608168,0.876459635078144,0.3834180696541072
S1_DROP_TOP1,4,L1_EXTENDED,B2_COMMON_NODE_EQUAL_DENSITY,0.75,A2_W0::2008->2009,6,0.4876543209876543,0.4876543209876543,0.0061728395061728,0.925925925925926,0.0679012345679012,0.9915205552560056,0.959199805579822,0.9999999996563768,0.38329451130579
S1_DROP_TOP1,4,L1_EXTENDED,B2_COMMON_NODE_EQUAL_DENSITY,0.75,A2_W0::2009->2010,7,0.4662162162162162,0.4662162162162162,0.0067567567567567,0.8648648648648649,0.0878378378378378,0.9698870322461955,0.965015823264658,0.929372076452052,0.2365583940130203
S1_DROP_TOP1,4,L1_EXTENDED,B2_COMMON_NODE_EQUAL_DENSITY,0.75,A2_W0::2010->2011,8,0.4195804195804196,0.4195804195804196,0.0419580419580419,0.8461538461538461,0.0979020979020979,0.9381297865947206,0.8633285537457699,0.7077894227190069,0.2014103264514287
S1_DROP_TOP1,4,L1_EXTENDED,B2_COMMON_NODE_EQUAL_DENSITY,0.75,A2_W0::2011->2012,9,0.4677419354838709,0.4677419354838709,0.021505376344086,0.8279569892473119,0.1344086021505376,0.9818018166424802,0.9421316756802004,0.7933883194630413,0.2947481870509861
S1_DROP_TOP1,4,L1_EXTENDED,B2_COMMON_NODE_EQUAL_DENSITY,0.75,A2_W0::2012->2013,10,0.4582043343653251,0.4582043343653251,0.0123839009287925,0.8390092879256966,0.1455108359133126,0.9632482343237092,0.9460043591627972,0.7944593205320001,0.1568023587015473
S1_DROP_TOP1,4,L1_EXTENDED,B2_COMMON_NODE_EQUAL_DENSITY,0.75,A2_W0::2013->2014,11,0.4627659574468085,0.4627659574468085,0.026595744680851,0.7207446808510638,0.2393617021276596,0.9845366278389188,0.9075704730284904,0.9663194100777104,0.3174578539332584
S1_DROP_TOP1,4,L1_EXTENDED,B2_COMMON_NODE_EQUAL_DENSITY,0.75,A2_W0::2014->2015,12,0.4613970588235294,0.4613970588235294,0.0514705882352941,0.7959558823529411,0.1672794117647058,0.9799538273970004,0.9053863645217076,0.8882908776117504,0.3158569653373835
S1_DROP_TOP1,4,L1_EXTENDED,B2_COMMON_NODE_EQUAL_DENSITY,0.75,A2_W0::2015->2016,13,0.4641638225255973,0.4641638225255973,0.0477815699658703,0.7918088737201365,0.1774744027303754,0.974264589899728,0.9507770710670578,0.8862420575489166,0.3300834754539494
S1_DROP_TOP1,4,L1_EXTENDED,B2_COMMON_NODE_EQUAL_DENSITY,0.75,A2_W0::2016->2017,14,0.4264150943396226,0.4264150943396226,0.0842767295597484,0.7509433962264151,0.2213836477987421,0.9547808811313472,0.8564148831775876,0.7505508090519295,0.2566859565399922
S1_DROP_TOP1,4,L1_EXTENDED,B2_COMMON_NODE_EQUAL_DENSITY,0.75,A2_W0::2017->2018,15,0.4338677354709419,0.4338677354709419,0.1142284569138276,0.6943887775551102,0.2665330661322645,0.9688772122502164,0.8934592050662443,0.784099244371898,0.3974576088994962
S1_DROP_TOP1,4,L1_EXTENDED,B2_COMMON_NODE_EQUAL_DENSITY,0.75,A2_W0::2018->2019,16,0.4458058435438266,0.4458058435438266,0.0838831291234684,0.6437323279924599,0.3138548539114043,0.9899133456647332,0.8898787840547084,0.6699827315263529,0.2500092770978058
S1_DROP_TOP1,4,L1_EXTENDED,B2_COMMON_NODE_EQUAL_DENSITY,0.75,A2_W0::2019->2020,17,0.4569093610698365,0.4569093610698365,0.0735512630014858,0.5163447251114414,0.3937592867756315,0.9845811651360874,0.9545630115782472,0.8292956955934432,0.2918362021148216
S1_DROP_TOP1,4,L1_EXTENDED,B2_COMMON_NODE_EQUAL_DENSITY,0.75,A2_W0::2020->2021,18,0.4490923441199684,0.4490923441199684,0.053670086819258,0.5074980268350434,0.4064719810576164,0.9950738180815902,0.9368123919400831,0.7279370867882775,0.2553580358960592
S1_DROP_TOP1,4,L1_EXTENDED,B2_COMMON_NODE_EQUAL_DENSITY,0.75,A2_W0::2021->2022,19,0.4677137870855148,0.4677137870855148,0.0279232111692844,0.581151832460733,0.3734729493891797,0.9846483859513652,0.9597453003219248,0.8573030231980852,0.2885774585072309
S1_DROP_TOP1,4,L1_EXTENDED,B2_COMMON_NODE_EQUAL_DENSITY,0.75,A2_W0::2022->2023,20,0.4820717131474104,0.4820717131474104,0.0039840637450199,0.8764940239043825,0.1195219123505976,0.9882043158126314,0.9749866458162628,0.9999999999705312,0.5119112564913717
S1_DROP_TOP1,4,L1_EXTENDED,B2_COMMON_NODE_EQUAL_DENSITY,0.5,A2_W0::2002->2003,0,0.5,0.5,0.0,0.6666666666666666,0.3333333333333333,0.9999999999611602,0.9999999999613152,0.0,0.0
S1_DROP_TOP1,4,L1_EXTENDED,B2_COMMON_NODE_EQUAL_DENSITY,0.5,A2_W0::2003->2004,1,0.5,0.5,0.0,0.75,0.25,0.9999999999703522,0.9999999999706076,0.0,0.0
S1_DROP_TOP1,4,L1_EXTENDED,B2_COMMON_NODE_EQUAL_DENSITY,0.5,A2_W0::2004->2005,2,0.5,0.5,0.0,1.0,0.0,0.9999999999651672,0.0,0.0,0.0
S1_DROP_TOP1,4,L1_EXTENDED,B2_COMMON_NODE_EQUAL_DENSITY,0.5,A2_W0::2005->2006,3,0.4285714285714285,0.4285714285714285,0.0,0.7142857142857143,0.2857142857142857,0.999999999930656,0.7071068983027393,0.0,0.999999999971521
S1_DROP_TOP1,4,L1_EXTENDED,B2_COMMON_NODE_EQUAL_DENSITY,0.5,A2_W0::2006->2007,4,0.5,0.5,0.0,0.7307692307692307,0.2307692307692307,0.760885929391662,0.8164966156577271,0.9999999999007684,0.0
S1_DROP_TOP1,4,L1_EXTENDED,B2_COMMON_NODE_EQUAL_DENSITY,0.5,A2_W0::2007->2008,5,0.4770642201834862,0.4770642201834862,0.0,0.8623853211009175,0.1192660550458715,0.9842108859425164,0.9763633846547888,0.8076337279111921,0.3879009878492104
S1_DROP_TOP1,4,L1_EXTENDED,B2_COMMON_NODE_EQUAL_DENSITY,0.5,A2_W0::2008->2009,6,0.4859813084112149,0.4859813084112149,0.0,0.9065420560747663,0.0841121495327102,0.9902793210397934,0.9498951368174208,0.9999999996563768,0.2852256074442032
S1_DROP_TOP1,4,L1_EXTENDED,B2_COMMON_NODE_EQUAL_DENSITY,0.5,A2_W0::2009->2010,7,0.48,0.48,0.01,0.85,0.1,0.9886797028894544,0.9542705072798084,0.8995695855640707,0.2443825915380243
S1_DROP_TOP1,4,L1_EXTENDED,B2_COMMON_NODE_EQUAL_DENSITY,0.5,A2_W0::2010->2011,8,0.3956043956043956,0.3956043956043956,0.0549450549450549,0.8351648351648352,0.0989010989010989,0.9136985448055184,0.842101265591824,0.7079445056247332,0.2099556059417045
S1_DROP_TOP1,4,L1_EXTENDED,B2_COMMON_NODE_EQUAL_DENSITY,0.5,A2_W0::2011->2012,9,0.4634146341463415,0.4634146341463415,0.032520325203252,0.7804878048780488,0.1707317073170731,0.9757858776289586,0.9789566099575792,0.7534647944650686,0.3229908381772701
S1_DROP_TOP1,4,L1_EXTENDED,B2_COMMON_NODE_EQUAL_DENSITY,0.5,A2_W0::2012->2013,10,0.4776785714285714,0.4776785714285714,0.0133928571428571,0.7946428571428571,0.1875,0.9859920137654696,0.9642676419136468,0.7341369185160697,0.1600063916297312
S1_DROP_TOP1,4,L1_EXTENDED,B2_COMMON_NODE_EQUAL_DENSITY,0.5,A2_W0::2013->2014,11,0.4745098039215686,0.4745098039215686,0.0274509803921568,0.6705882352941176,0.2823529411764706,0.9970825247052624,0.9243969525510408,0.957714207442246,0.20285982026593
S1_DROP_TOP1,4,L1_EXTENDED,B2_COMMON_NODE_EQUAL_DENSITY,0.5,A2_W0::2014->2015,12,0.4460227272727273,0.4460227272727273,0.0710227272727272,0.6903409090909091,0.2528409090909091,0.971577478736723,0.9031463522454016,0.8882908776117504,0.3145213732335031
S1_DROP_TOP1,4,L1_EXTENDED,B2_COMMON_NODE_EQUAL_DENSITY,0.5,A2_W0::2015->2016,13,0.4599483204134367,0.4599483204134367,0.0594315245478036,0.7183462532299741,0.2351421188630491,0.9691456593920772,0.963765163268712,0.8862420575489166,0.3488242625730224
S1_DROP_TOP1,4,L1_EXTENDED,B2_COMMON_NODE_EQUAL_DENSITY,0.5,A2_W0::2016->2017,14,0.4165067178502879,0.4165067178502879,0.0882917466410748,0.6583493282149712,0.3013435700575815,0.9447540139592392,0.8739529976286543,0.7681710488293082,0.2263042881307193
S1_DROP_TOP1,4,L1_EXTENDED,B2_COMMON_NODE_EQUAL_DENSITY,0.5,A2_W0::2017->2018,15,0.4354354354354354,0.4354354354354354,0.1126126126126126,0.6156156156156156,0.3288288288288288,0.9722672704378632,0.915391631102836,0.794571797098437,0.4098141672593892
S1_DROP_TOP1,4,L1_EXTENDED,B2_COMMON_NODE_EQUAL_DENSITY,0.5,A2_W0::2018->2019,16,0.4509803921568627,0.4509803921568627,0.072829131652661,0.5896358543417367,0.3529411764705882,0.9917868398493715,0.9204132669435406,0.6976350027371149,0.225257423449426
S1_DROP_TOP1,4,L1_EXTENDED,B2_COMMON_NODE_EQUAL_DENSITY,0.5,A2_W0::2019->2020,17,0.4636563876651982,0.4636563876651982,0.0649779735682819,0.4768722466960352,0.4118942731277533,0.9923401638376128,0.9587177937433012,0.8756998959434399,0.2913437215268237
S1_DROP_TOP1,4,L1_EXTENDED,B2_COMMON_NODE_EQUAL_DENSITY,0.5,A2_W0::2020->2021,18,0.4624277456647399,0.4624277456647399,0.0450867052023121,0.4728323699421965,0.4242774566473988,0.9976122441645462,0.9668732773428714,0.7706750482356005,0.2147461590120464
S1_DROP_TOP1,4,L1_EXTENDED,B2_COMMON_NODE_EQUAL_DENSITY,0.5,A2_W0::2021->2022,19,0.4834605597964376,0.4834605597964376,0.0127226463104325,0.5750636132315522,0.366412213740458,0.9981406864648564,0.97617930438696,0.8916049277961331,0.2263057091326862
S1_DROP_TOP1,4,L1_EXTENDED,B2_COMMON_NODE_EQUAL_DENSITY,0.5,A2_W0::2022->2023,20,0.4912280701754385,0.4912280701754385,0.0058479532163742,0.8654970760233918,0.1286549707602339,0.9949010233679964,0.9772177101000512,0.9999999999705312,0.4096945437069372
S1_DROP_TOP1,4,L2_HIGH,B0_REFERENCE,1.0,A2_W0::2002->2003,0,0.8505747126436781,0.0919540229885057,0.0229885057471264,0.971264367816092,0.028735632183908,0.8050930804502326,0.952662758828186,0.0,0.8413907329884264
S1_DROP_TOP1,4,L2_HIGH,B0_REFERENCE,1.0,A2_W0::2003->2004,1,0.4785478547854785,0.429042904290429,0.066006600660066,0.9801980198019802,0.0198019801980198,0.7728896147104363,0.7878040962031635,0.0,0.7823777650209143
S1_DROP_TOP1,4,L2_HIGH,B0_REFERENCE,1.0,A2_W0::2004->2005,2,0.3471698113207547,0.5207547169811321,0.030188679245283,0.9735849056603774,0.0264150943396226,0.8133445278233823,0.535595361865042,0.0,0.4029384291397141
S1_DROP_TOP1,4,L2_HIGH,B0_REFERENCE,1.0,A2_W0::2005->2006,3,0.3487179487179487,0.5794871794871795,0.0307692307692307,0.958974358974359,0.041025641025641,0.7842023379511746,0.8660254146709844,0.0,0.6546536714061326
S1_DROP_TOP1,4,L2_HIGH,B0_REFERENCE,1.0,A2_W0::2006->2007,4,0.8401559454191033,0.1091617933723196,0.0467836257309941,0.9649122807017544,0.0311890838206627,0.9123175078698202,0.9354143479740232,0.9999999996562586,0.8548504153639362
S1_DROP_TOP1,4,L2_HIGH,B0_REFERENCE,1.0,A2_W0::2007->2008,5,0.6751954513148543,0.2430703624733475,0.0298507462686567,0.9751243781094528,0.0227434257285003,0.8894759756176478,0.7779971799174783,0.6613319859979616,0.503577227771671
S1_DROP_TOP1,4,L2_HIGH,B0_REFERENCE,1.0,A2_W0::2008->2009,6,0.4112769485903814,0.5163073521282476,0.0204532891100055,0.9778883360972912,0.0204532891100055,0.8623911208034452,0.844172251388606,0.816849609025096,0.6361072544305341
S1_DROP_TOP1,4,L2_HIGH,B0_REFERENCE,1.0,A2_W0::2009->2010,7,0.3450598802395209,0.4902694610778443,0.0329341317365269,0.9767964071856288,0.0172155688622754,0.8503876631841362,0.8834802681966483,0.8486889979634304,0.5153871953726868
S1_DROP_TOP1,4,L2_HIGH,B0_REFERENCE,1.0,A2_W0::2010->2011,8,0.4047202797202797,0.3793706293706294,0.0314685314685314,0.9685314685314684,0.0244755244755244,0.8988745466058576,0.7800134063595119,0.6410935684389149,0.4742801786004395
S1_DROP_TOP1,4,L2_HIGH,B0_REFERENCE,1.0,A2_W0::2011->2012,9,0.6728110599078341,0.2345622119815668,0.036405529953917,0.9705069124423964,0.0244239631336405,0.9568461944575226,0.8895028592036412,0.80947636468612,0.6957592392778686
S1_DROP_TOP1,4,L2_HIGH,B0_REFERENCE,1.0,A2_W0::2012->2013,10,0.4178058184367332,0.4787942516649141,0.0427620049071153,0.9631966351209252,0.0332982825096389,0.952513515222747,0.8785344471334252,0.80307251232541,0.5965532425508563
S1_DROP_TOP1,4,L2_HIGH,B0_REFERENCE,1.0,A2_W0::2013->2014,11,0.5217111611450628,0.3177870697973625,0.0862013509166934,0.9568993245416532,0.0379543261498874,0.9352269832719148,0.801450070039804,0.9206497968196798,0.550892631892176
S1_DROP_TOP1,4,L2_HIGH,B0_REFERENCE,1.0,A2_W0::2014->2015,12,0.2872983870967742,0.3282930107526882,0.0611559139784946,0.9539650537634408,0.0389784946236559,0.7939853090734079,0.7352793339048562,0.8543995064346043,0.438314970048266
S1_DROP_TOP1,4,L2_HIGH,B0_REFERENCE,1.0,A2_W0::2015->2016,13,0.4680681213411389,0.3504523682810005,0.0963278339542309,0.9497072911122938,0.0441724321447578,0.9120886927117356,0.8063170214024535,0.8044265853986237,0.5234662368983082
S1_DROP_TOP1,4,L2_HIGH,B0_REFERENCE,1.0,A2_W0::2016->2017,14,0.4353458246588018,0.2542216053666435,0.1182049502660189,0.9340735600277584,0.0589868147120055,0.8600599838274693,0.7454880522451633,0.7745307609549101,0.4605407699406414
S1_DROP_TOP1,4,L2_HIGH,B0_REFERENCE,1.0,A2_W0::2017->2018,15,0.4542068732012866,0.2258337565600135,0.2485187066192652,0.9222955815134586,0.0695784662265109,0.861250179063009,0.7688545465074919,0.7660587008406683,0.4566905616651139
S1_DROP_TOP1,4,L2_HIGH,B0_REFERENCE,1.0,A2_W0::2018->2019,16,0.3597928041439171,0.3512529749405012,0.1443371132577348,0.9125017499650008,0.0786784264314713,0.8874933531389231,0.7444343418367956,0.6579383614518007,0.4774917969330919
S1_DROP_TOP1,4,L2_HIGH,B0_REFERENCE,1.0,A2_W0::2019->2020,17,0.4852255054432348,0.1988447011775161,0.2041768495889802,0.8718062652743834,0.1104199066874028,0.8747895567578342,0.7670720319612228,0.7187914731680819,0.4524779524132335
S1_DROP_TOP1,4,L2_HIGH,B0_REFERENCE,1.0,A2_W0::2020->2021,18,0.1449911084765856,0.4818020154119739,0.2152934202726734,0.8762299940723177,0.1072910491997628,0.8452070352939403,0.7495557766582314,0.6342746295215562,0.4485346334420055
S1_DROP_TOP1,4,L2_HIGH,B0_REFERENCE,1.0,A2_W0::2021->2022,19,0.0776535133994513,0.6608989238235915,0.1985650981219666,0.8987128086094113,0.0932686220721671,0.8736076935618838,0.8400792388643608,0.7214066337278074,0.4466160246406917
S1_DROP_TOP1,4,L2_HIGH,B0_REFERENCE,1.0,A2_W0::2022->2023,20,0.4297374024130589,0.5159687721788503,0.0152590489709013,0.9840312278211496,0.0156139105748757,0.9413773392702444,0.8884773810837022,0.9058868070441124,0.6207853423148227
S1_DROP_TOP1,4,L2_HIGH,B2_COMMON_NODE_EQUAL_DENSITY,1.0,A2_W0::2002->2003,0,0.5,0.5,0.0,0.7857142857142857,0.2142857142857142,0.9999999999240362,0.999999999959282,0.0,0.0
S1_DROP_TOP1,4,L2_HIGH,B2_COMMON_NODE_EQUAL_DENSITY,1.0,A2_W0::2003->2004,1,0.5,0.5,0.0,0.8888888888888888,0.1111111111111111,0.9999999999334486,0.9999999999705732,0.0,0.0
S1_DROP_TOP1,4,L2_HIGH,B2_COMMON_NODE_EQUAL_DENSITY,1.0,A2_W0::2004->2005,2,0.5,0.5,0.0,0.8888888888888888,0.1111111111111111,0.9999999999506204,0.9999999999305906,0.0,0.0
S1_DROP_TOP1,4,L2_HIGH,B2_COMMON_NODE_EQUAL_DENSITY,1.0,A2_W0::2005->2006,3,0.4705882352941176,0.4705882352941176,0.0,0.7647058823529411,0.2352941176470588,0.8320503263246509,0.7071069252408287,0.0,0.9999999999144732
S1_DROP_TOP1,4,L2_HIGH,B2_COMMON_NODE_EQUAL_DENSITY,1.0,A2_W0::2006->2007,4,0.3809523809523809,0.3809523809523809,0.238095238095238,0.8095238095238095,0.1666666666666666,0.7859053352931069,0.9999999997598192,0.999999999900413,0.9999999996517296
S1_DROP_TOP1,4,L2_HIGH,B2_COMMON_NODE_EQUAL_DENSITY,1.0,A2_W0::2007->2008,5,0.43,0.43,0.07,0.895,0.09,0.9482929948097256,0.876652146278344,0.6613319859979616,0.3832609615607275
S1_DROP_TOP1,4,L2_HIGH,B2_COMMON_NODE_EQUAL_DENSITY,1.0,A2_W0::2008->2009,6,0.4837209302325581,0.4837209302325581,0.013953488372093,0.9209302325581395,0.0651162790697674,0.9916620902255904,0.9118805221027888,0.9999999996378964,0.4396943991540693
S1_DROP_TOP1,4,L2_HIGH,B2_COMMON_NODE_EQUAL_DENSITY,1.0,A2_W0::2009->2010,7,0.450261780104712,0.450261780104712,0.0366492146596858,0.8900523560209425,0.0680628272251308,0.9617356257333822,0.918328026596584,0.8689215431022174,0.3435465454009369
S1_DROP_TOP1,4,L2_HIGH,B2_COMMON_NODE_EQUAL_DENSITY,1.0,A2_W0::2010->2011,8,0.4307692307692308,0.4307692307692308,0.0307692307692307,0.8769230769230769,0.082051282051282,0.9504159219423036,0.881811496778185,0.6474212561331455,0.2891469725300503
S1_DROP_TOP1,4,L2_HIGH,B2_COMMON_NODE_EQUAL_DENSITY,1.0,A2_W0::2011->2012,9,0.4430379746835443,0.4430379746835443,0.0337552742616033,0.8438818565400844,0.1223628691983122,0.9570038540101046,0.9191659525138952,0.8230026007289326,0.3383542461640463
S1_DROP_TOP1,4,L2_HIGH,B2_COMMON_NODE_EQUAL_DENSITY,1.0,A2_W0::2012->2013,10,0.4441805225653206,0.4441805225653206,0.0356294536817102,0.838479809976247,0.1448931116389548,0.9529016237272226,0.9234818705280434,0.773938467424571,0.2417313986790397
S1_DROP_TOP1,4,L2_HIGH,B2_COMMON_NODE_EQUAL_DENSITY,1.0,A2_W0::2013->2014,11,0.4430641821946169,0.4430641821946169,0.0351966873706004,0.7660455486542443,0.2008281573498964,0.9661076508647316,0.8837444089065506,0.935626305604045,0.3595054338462513
S1_DROP_TOP1,4,L2_HIGH,B2_COMMON_NODE_EQUAL_DENSITY,1.0,A2_W0::2014->2015,12,0.4444444444444444,0.4444444444444444,0.0427350427350427,0.8347578347578347,0.1353276353276353,0.9687914852470658,0.8390444552757379,0.8690526131449957,0.3346305271038521
S1_DROP_TOP1,4,L2_HIGH,B2_COMMON_NODE_EQUAL_DENSITY,1.0,A2_W0::2015->2016,13,0.4647887323943662,0.4647887323943662,0.0512163892445582,0.8169014084507042,0.1587708066581306,0.9759538657408744,0.9460125113264388,0.875187911674456,0.3621069343789472
S1_DROP_TOP1,4,L2_HIGH,B2_COMMON_NODE_EQUAL_DENSITY,1.0,A2_W0::2016->2017,14,0.4301780693533271,0.4301780693533271,0.0740393626991565,0.795688847235239,0.1827553889409559,0.9571195315080064,0.8361777134362289,0.7633639441189549,0.2524428670280943
S1_DROP_TOP1,4,L2_HIGH,B2_COMMON_NODE_EQUAL_DENSITY,1.0,A2_W0::2017->2018,15,0.4325546345139412,0.4325546345139412,0.1160512434061793,0.7339864355689525,0.2336096458176337,0.9697856793365488,0.8753662880075539,0.7822828871112653,0.4220774436283592
S1_DROP_TOP1,4,L2_HIGH,B2_COMMON_NODE_EQUAL_DENSITY,1.0,A2_W0::2018->2019,16,0.4235294117647059,0.4235294117647059,0.1227941176470588,0.6735294117647059,0.2875,0.9679812059798486,0.8531107350465719,0.7064433621884452,0.2883969535790635
S1_DROP_TOP1,4,L2_HIGH,B2_COMMON_NODE_EQUAL_DENSITY,1.0,A2_W0::2019->2020,17,0.4444444444444444,0.4444444444444444,0.0905982905982906,0.5527065527065527,0.3698005698005698,0.9825035973033704,0.9283868964452316,0.7817319823138146,0.3108196934824249
S1_DROP_TOP1,4,L2_HIGH,B2_COMMON_NODE_EQUAL_DENSITY,1.0,A2_W0::2020->2021,18,0.4378019323671497,0.4378019323671497,0.0670289855072463,0.553743961352657,0.3737922705314009,0.9893206589823684,0.9039143144663608,0.7270778479883802,0.2848653942648202
S1_DROP_TOP1,4,L2_HIGH,B2_COMMON_NODE_EQUAL_DENSITY,1.0,A2_W0::2021->2022,19,0.4616402116402116,0.4616402116402116,0.0357142857142857,0.6137566137566137,0.3465608465608465,0.982156667649872,0.9417678032951924,0.877595653622863,0.295632287691727
S1_DROP_TOP1,4,L2_HIGH,B2_COMMON_NODE_EQUAL_DENSITY,1.0,A2_W0::2022->2023,20,0.4711246200607902,0.4711246200607902,0.0060790273556231,0.8996960486322189,0.0972644376899696,0.978330108522623,0.9765925764005572,0.9999999999703728,0.504186640681972
S1_DROP_TOP1,4,L2_HIGH,B2_COMMON_NODE_EQUAL_DENSITY,0.75,A2_W0::2002->2003,0,0.5,0.5,0.0,0.7,0.3,0.9999999999564444,0.999999999959282,0.0,0.0
S1_DROP_TOP1,4,L2_HIGH,B2_COMMON_NODE_EQUAL_DENSITY,0.75,A2_W0::2003->2004,1,0.5,0.5,0.0,0.8571428571428571,0.1428571428571428,0.9999999999409476,0.9999999999705732,0.0,0.0
S1_DROP_TOP1,4,L2_HIGH,B2_COMMON_NODE_EQUAL_DENSITY,0.75,A2_W0::2004->2005,2,0.5,0.5,0.0,0.8571428571428571,0.1428571428571428,0.9999999999569372,0.9999999999305906,0.0,0.0
S1_DROP_TOP1,4,L2_HIGH,B2_COMMON_NODE_EQUAL_DENSITY,0.75,A2_W0::2005->2006,3,0.5,0.5,0.0,0.75,0.25,0.8164966443179017,0.816496731746646,0.0,0.0
S1_DROP_TOP1,4,L2_HIGH,B2_COMMON_NODE_EQUAL_DENSITY,0.75,A2_W0::2006->2007,4,0.4411764705882353,0.4411764705882353,0.1176470588235294,0.7941176470588235,0.1764705882352941,0.7453561255831271,0.9999999997892576,0.999999999900413,0.9999999996983278
S1_DROP_TOP1,4,L2_HIGH,B2_COMMON_NODE_EQUAL_DENSITY,0.75,A2_W0::2007->2008,5,0.4217687074829932,0.4217687074829932,0.0816326530612244,0.8571428571428571,0.1224489795918367,0.9355212647680964,0.9341391898882886,0.6613319859979616,0.3784621727164372
S1_DROP_TOP1,4,L2_HIGH,B2_COMMON_NODE_EQUAL_DENSITY,0.75,A2_W0::2008->2009,6,0.4876543209876543,0.4876543209876543,0.0061728395061728,0.925925925925926,0.0679012345679012,0.9937656971327136,0.9235421668545544,0.9999999996653016,0.3597814133346678
S1_DROP_TOP1,4,L2_HIGH,B2_COMMON_NODE_EQUAL_DENSITY,0.75,A2_W0::2009->2010,7,0.4589041095890411,0.4589041095890411,0.0068493150684931,0.8698630136986302,0.0890410958904109,0.9613419905028628,0.9652667446698436,0.9164681955263472,0.2087187108559107
S1_DROP_TOP1,4,L2_HIGH,B2_COMMON_NODE_EQUAL_DENSITY,0.75,A2_W0::2010->2011,8,0.4195804195804196,0.4195804195804196,0.0419580419580419,0.8461538461538461,0.0979020979020979,0.93808828741367,0.8636080566022089,0.7075563552413999,0.2008371729843629
S1_DROP_TOP1,4,L2_HIGH,B2_COMMON_NODE_EQUAL_DENSITY,0.75,A2_W0::2011->2012,9,0.4677419354838709,0.4677419354838709,0.021505376344086,0.8279569892473119,0.1344086021505376,0.9818329184097164,0.94274124584847,0.7945048995356144,0.3018081922425404
S1_DROP_TOP1,4,L2_HIGH,B2_COMMON_NODE_EQUAL_DENSITY,0.75,A2_W0::2012->2013,10,0.4582043343653251,0.4582043343653251,0.0185758513931888,0.8421052631578947,0.1424148606811145,0.9633440510864932,0.9447554688332892,0.7952689469360803,0.1545358371332527
S1_DROP_TOP1,4,L2_HIGH,B2_COMMON_NODE_EQUAL_DENSITY,0.75,A2_W0::2013->2014,11,0.4641909814323607,0.4641909814323607,0.0291777188328912,0.7214854111405835,0.2387267904509283,0.9863321963976274,0.907740871741089,0.96628729860222,0.320913532401048
S1_DROP_TOP1,4,L2_HIGH,B2_COMMON_NODE_EQUAL_DENSITY,0.75,A2_W0::2014->2015,12,0.4623853211009174,0.4623853211009174,0.0495412844036697,0.7944954128440367,0.1688073394495413,0.9809022139925424,0.9061835388592064,0.8881910981659027,0.310170070164955
S1_DROP_TOP1,4,L2_HIGH,B2_COMMON_NODE_EQUAL_DENSITY,0.75,A2_W0::2015->2016,13,0.4641638225255973,0.4641638225255973,0.0477815699658703,0.7849829351535836,0.1843003412969283,0.9739992245941852,0.9527143421270008,0.8873126868340848,0.3305793234947761
S1_DROP_TOP1,4,L2_HIGH,B2_COMMON_NODE_EQUAL_DENSITY,0.75,A2_W0::2016->2017,14,0.4242424242424242,0.4242424242424242,0.0896464646464646,0.7512626262626263,0.2209595959595959,0.9554859526945494,0.8445790570317868,0.7508378277502028,0.2652020139252231
S1_DROP_TOP1,4,L2_HIGH,B2_COMMON_NODE_EQUAL_DENSITY,0.75,A2_W0::2017->2018,15,0.4327309236947791,0.4327309236947791,0.1184738955823293,0.6947791164658634,0.2670682730923694,0.9675930227765396,0.8942414293479453,0.7783828308144565,0.4015877237595137
S1_DROP_TOP1,4,L2_HIGH,B2_COMMON_NODE_EQUAL_DENSITY,0.75,A2_W0::2018->2019,16,0.4458058435438266,0.4458058435438266,0.0819981149858623,0.646559849198869,0.3129123468426013,0.9885646970031048,0.8909920773752392,0.6589484349609627,0.2402070801084022
S1_DROP_TOP1,4,L2_HIGH,B2_COMMON_NODE_EQUAL_DENSITY,0.75,A2_W0::2019->2020,17,0.455290611028316,0.455290611028316,0.0760059612518628,0.5171385991058122,0.3919523099850969,0.9845482481546324,0.9508473073422706,0.8307709521628246,0.2955622922213294
S1_DROP_TOP1,4,L2_HIGH,B2_COMMON_NODE_EQUAL_DENSITY,0.75,A2_W0::2020->2021,18,0.4490923441199684,0.4490923441199684,0.0544593528018942,0.5082872928176796,0.4056827150749802,0.995087891844776,0.93688218291208,0.7279820871846207,0.258450129662741
S1_DROP_TOP1,4,L2_HIGH,B2_COMMON_NODE_EQUAL_DENSITY,0.75,A2_W0::2021->2022,19,0.4677137870855148,0.4677137870855148,0.0279232111692844,0.5759162303664922,0.3787085514834206,0.984499110030976,0.960654565560488,0.8572142703849355,0.2947256827370232
S1_DROP_TOP1,4,L2_HIGH,B2_COMMON_NODE_EQUAL_DENSITY,0.75,A2_W0::2022->2023,20,0.4758064516129032,0.4758064516129032,0.0080645161290322,0.875,0.1209677419354838,0.9826233685007056,0.9750121012911256,0.9999999999703728,0.5036138151663192
S1_DROP_TOP1,4,L2_HIGH,B2_COMMON_NODE_EQUAL_DENSITY,0.5,A2_W0::2002->2003,0,0.5,0.5,0.0,0.6666666666666666,0.3333333333333333,0.9999999999612622,0.9999999999612634,0.0,0.0
S1_DROP_TOP1,4,L2_HIGH,B2_COMMON_NODE_EQUAL_DENSITY,0.5,A2_W0::2003->2004,1,0.5,0.5,0.0,0.75,0.25,0.9999999999704304,0.9999999999705732,0.0,0.0
S1_DROP_TOP1,4,L2_HIGH,B2_COMMON_NODE_EQUAL_DENSITY,0.5,A2_W0::2004->2005,2,0.5,0.5,0.0,1.0,0.0,0.9999999999653136,0.0,0.0,0.0
S1_DROP_TOP1,4,L2_HIGH,B2_COMMON_NODE_EQUAL_DENSITY,0.5,A2_W0::2005->2006,3,0.5,0.5,0.0,0.75,0.25,0.9128709670778004,0.7071070424617517,0.0,0.0
S1_DROP_TOP1,4,L2_HIGH,B2_COMMON_NODE_EQUAL_DENSITY,0.5,A2_W0::2006->2007,4,0.5,0.5,0.0,0.7692307692307693,0.1923076923076923,0.7416199872956245,0.8944272735016824,0.999999999900413,0.0
S1_DROP_TOP1,4,L2_HIGH,B2_COMMON_NODE_EQUAL_DENSITY,0.5,A2_W0::2007->2008,5,0.4770642201834862,0.4770642201834862,0.0091743119266055,0.8532110091743119,0.128440366972477,0.9785592284283374,0.9999999998156304,0.804079359651154,0.2637637136479088
S1_DROP_TOP1,4,L2_HIGH,B2_COMMON_NODE_EQUAL_DENSITY,0.5,A2_W0::2008->2009,6,0.4859813084112149,0.4859813084112149,0.0,0.897196261682243,0.0934579439252336,0.99024165375513,0.95495088043172,0.9999999996653016,0.2914624208039644
S1_DROP_TOP1,4,L2_HIGH,B2_COMMON_NODE_EQUAL_DENSITY,0.5,A2_W0::2009->2010,7,0.4851485148514851,0.4851485148514851,0.0099009900990099,0.8514851485148515,0.099009900990099,0.9942857770633536,0.954600364048776,0.8988307650376354,0.2394883846348661
S1_DROP_TOP1,4,L2_HIGH,B2_COMMON_NODE_EQUAL_DENSITY,0.5,A2_W0::2010->2011,8,0.3956043956043956,0.3956043956043956,0.0549450549450549,0.8351648351648352,0.0989010989010989,0.9136474374492114,0.8427919478489874,0.7076826030657078,0.2100998590670119
S1_DROP_TOP1,4,L2_HIGH,B2_COMMON_NODE_EQUAL_DENSITY,0.5,A2_W0::2011->2012,9,0.4677419354838709,0.4677419354838709,0.032258064516129,0.7903225806451613,0.1612903225806451,0.981550047385778,0.9785409917835974,0.7548362127487529,0.3511915979153333
S1_DROP_TOP1,4,L2_HIGH,B2_COMMON_NODE_EQUAL_DENSITY,0.5,A2_W0::2012->2013,10,0.4776785714285714,0.4776785714285714,0.0089285714285714,0.7991071428571429,0.1830357142857142,0.983228341810443,0.9758724395364092,0.7352318495600279,0.1593010826025979
S1_DROP_TOP1,4,L2_HIGH,B2_COMMON_NODE_EQUAL_DENSITY,0.5,A2_W0::2013->2014,11,0.4785992217898833,0.4785992217898833,0.0194552529182879,0.6653696498054474,0.2879377431906614,0.9941352411895664,0.948221738459724,0.957673707255814,0.2217721657668216
S1_DROP_TOP1,4,L2_HIGH,B2_COMMON_NODE_EQUAL_DENSITY,0.5,A2_W0::2014->2015,12,0.4460227272727273,0.4460227272727273,0.0710227272727272,0.6903409090909091,0.2528409090909091,0.9715765987754575,0.9028513618774108,0.8881910981659027,0.312364700156146
S1_DROP_TOP1,4,L2_HIGH,B2_COMMON_NODE_EQUAL_DENSITY,0.5,A2_W0::2015->2016,13,0.461340206185567,0.461340206185567,0.0618556701030927,0.7164948453608248,0.2371134020618556,0.9690822732496917,0.969214209742741,0.8873126868340848,0.3497581781417471
S1_DROP_TOP1,4,L2_HIGH,B2_COMMON_NODE_EQUAL_DENSITY,0.5,A2_W0::2016->2017,14,0.4165067178502879,0.4165067178502879,0.092130518234165,0.654510556621881,0.3051823416506717,0.9443961290404264,0.876768953689363,0.7684964558971698,0.2339532237222878
S1_DROP_TOP1,4,L2_HIGH,B2_COMMON_NODE_EQUAL_DENSITY,0.5,A2_W0::2017->2018,15,0.4337349397590361,0.4337349397590361,0.1189759036144578,0.6144578313253012,0.3298192771084337,0.9711388358989002,0.913694709954485,0.7950895621230096,0.412983355231242
S1_DROP_TOP1,4,L2_HIGH,B2_COMMON_NODE_EQUAL_DENSITY,0.5,A2_W0::2018->2019,16,0.4509803921568627,0.4509803921568627,0.072829131652661,0.5854341736694678,0.3571428571428571,0.991725590776514,0.9195090265345848,0.7143367487276634,0.2278554103052932
S1_DROP_TOP1,4,L2_HIGH,B2_COMMON_NODE_EQUAL_DENSITY,0.5,A2_W0::2019->2020,17,0.4636563876651982,0.4636563876651982,0.0649779735682819,0.4801762114537445,0.4096916299559471,0.9923875088218372,0.9585074352303968,0.8742400836252757,0.2909421933801002
S1_DROP_TOP1,4,L2_HIGH,B2_COMMON_NODE_EQUAL_DENSITY,0.5,A2_W0::2020->2021,18,0.4624277456647399,0.4624277456647399,0.0450867052023121,0.476300578034682,0.4208092485549133,0.9976273958331914,0.9666150107679308,0.7707904478719858,0.2157354048126099
S1_DROP_TOP1,4,L2_HIGH,B2_COMMON_NODE_EQUAL_DENSITY,0.5,A2_W0::2021->2022,19,0.4821428571428571,0.4821428571428571,0.0127551020408163,0.5739795918367347,0.3673469387755102,0.9962780301276892,0.976194081907728,0.8916152883438195,0.2446898896215618
S1_DROP_TOP1,4,L2_HIGH,B2_COMMON_NODE_EQUAL_DENSITY,0.5,A2_W0::2022->2023,20,0.4821428571428571,0.4821428571428571,0.0059523809523809,0.8630952380952381,0.1309523809523809,0.9896613896010116,0.965765309631755,0.9999999999703728,0.5060895097654226
S2_DROP_TOP5,0,L0_STAGE15_MATCHED,B0_REFERENCE,1.0,A2_W0::2002->2003,0,0.7786885245901639,0.1721311475409836,0.0327868852459016,0.9590163934426228,0.040983606557377,0.9674249274509352,0.9481777511913024,0.0,0.9125779500183278
S2_DROP_TOP5,0,L0_STAGE15_MATCHED,B0_REFERENCE,1.0,A2_W0::2003->2004,1,0.5976095617529881,0.3107569721115538,0.0637450199203187,0.9760956175298804,0.0239043824701195,0.8479678749933977,0.8372894714267307,0.0,0.7625316081144187
S2_DROP_TOP5,0,L0_STAGE15_MATCHED,B0_REFERENCE,1.0,A2_W0::2004->2005,2,0.0597826086956521,0.7663043478260869,0.0163043478260869,0.967391304347826,0.0326086956521739,0.7096093376753984,0.587581395473757,0.0,0.3833484677926841
S2_DROP_TOP5,0,L0_STAGE15_MATCHED,B0_REFERENCE,1.0,A2_W0::2005->2006,3,0.7278481012658228,0.240506329113924,0.0063291139240506,0.9493670886075948,0.050632911392405,0.4830458914409191,0.7905694150328224,0.0,0.9999999999010784
S2_DROP_TOP5,0,L0_STAGE15_MATCHED,B0_REFERENCE,1.0,A2_W0::2006->2007,4,0.679144385026738,0.195187165775401,0.1256684491978609,0.962566844919786,0.03475935828877,0.745355991249651,0.960768921146566,0.9999999999111976,0.9453131830195726
S2_DROP_TOP5,0,L0_STAGE15_MATCHED,B0_REFERENCE,1.0,A2_W0::2007->2008,5,0.3882113821138211,0.3089430894308943,0.1585365853658536,0.959349593495935,0.0386178861788617,0.7809676500683065,0.7853374175875075,0.3998493464074786,0.4616570993678176
S2_DROP_TOP5,0,L0_STAGE15_MATCHED,B0_REFERENCE,1.0,A2_W0::2008->2009,6,0.4407894736842105,0.3371710526315789,0.125,0.9572368421052632,0.0394736842105263,0.8083656833814536,0.8964164305968216,0.7157428118850833,0.435642813471753
S2_DROP_TOP5,0,L0_STAGE15_MATCHED,B0_REFERENCE,1.0,A2_W0::2009->2010,7,0.2619047619047619,0.6336996336996337,0.0659340659340659,0.9432234432234432,0.0421245421245421,0.8475669210071873,0.923266912131018,0.8505358320097416,0.6262304323156058
S2_DROP_TOP5,0,L0_STAGE15_MATCHED,B0_REFERENCE,1.0,A2_W0::2010->2011,8,0.6047430830039525,0.2608695652173913,0.0553359683794466,0.9288537549407114,0.0533596837944664,0.8933514440657295,0.8044299718934713,0.7111119953812188,0.5703343334899388
S2_DROP_TOP5,0,L0_STAGE15_MATCHED,B0_REFERENCE,1.0,A2_W0::2011->2012,9,0.41287284144427,0.3893249607535322,0.1287284144427001,0.9277864992150706,0.0502354788069073,0.875230423645446,0.8051117687858155,0.7673943081742064,0.3853446098187994
S2_DROP_TOP5,0,L0_STAGE15_MATCHED,B0_REFERENCE,1.0,A2_W0::2012->2013,10,0.3406779661016949,0.4135593220338983,0.0830508474576271,0.911864406779661,0.0661016949152542,0.8846250615682899,0.8456438415485448,0.7547546418894874,0.7012944888952439
S2_DROP_TOP5,0,L0_STAGE15_MATCHED,B0_REFERENCE,1.0,A2_W0::2013->2014,11,0.5140449438202247,0.3132022471910112,0.0828651685393258,0.9213483146067416,0.0561797752808988,0.877275054434557,0.8483076771200968,0.8750744566480927,0.4847451898562446
S2_DROP_TOP5,0,L0_STAGE15_MATCHED,B0_REFERENCE,1.0,A2_W0::2014->2015,12,0.43006993006993,0.3263403263403263,0.0804195804195804,0.9289044289044288,0.0477855477855477,0.8337787059550238,0.8567918645381333,0.8464423530642462,0.4963554419633489
S2_DROP_TOP5,0,L0_STAGE15_MATCHED,B0_REFERENCE,1.0,A2_W0::2015->2016,13,0.3744588744588744,0.2586580086580086,0.2023809523809523,0.9264069264069263,0.053030303030303,0.7623296317495137,0.8335870502146691,0.7028962163335345,0.3343512982163262
S2_DROP_TOP5,0,L0_STAGE15_MATCHED,B0_REFERENCE,1.0,A2_W0::2016->2017,14,0.3883928571428571,0.2830357142857143,0.0991071428571428,0.9258928571428572,0.0580357142857142,0.7940875036057319,0.8450508226979089,0.7048089976828742,0.3139209055589352
S2_DROP_TOP5,0,L0_STAGE15_MATCHED,B0_REFERENCE,1.0,A2_W0::2017->2018,15,0.3799227799227799,0.3536679536679536,0.1552123552123552,0.9451737451737452,0.044015444015444,0.8533132343317565,0.8011387619234482,0.8993981356764975,0.3998419400548983
S2_DROP_TOP5,0,L0_STAGE15_MATCHED,B0_REFERENCE,1.0,A2_W0::2018->2019,16,0.4235537190082644,0.3477961432506887,0.1170798898071625,0.943526170798898,0.0482093663911845,0.8862059089353311,0.841771528819553,0.8891054822731835,0.4322507204395776
S2_DROP_TOP5,0,L0_STAGE15_MATCHED,B0_REFERENCE,1.0,A2_W0::2019->2020,17,0.4281400966183575,0.267512077294686,0.2264492753623188,0.9510869565217392,0.0440821256038647,0.8828500364555637,0.7256227786958397,0.6894727639771383,0.517228288768897
S2_DROP_TOP5,0,L0_STAGE15_MATCHED,B0_REFERENCE,1.0,A2_W0::2020->2021,18,0.2461155997513983,0.5021752641392169,0.1758856432566811,0.9540087010565568,0.0435052827843381,0.8980161708808075,0.8061144651871291,0.8876244278191989,0.578447621329191
S2_DROP_TOP5,0,L0_STAGE15_MATCHED,B0_REFERENCE,1.0,A2_W0::2021->2022,19,0.1673596673596673,0.5187110187110187,0.1455301455301455,0.9563409563409564,0.0436590436590436,0.8589707701412004,0.7991841448730367,0.0,0.6025044988397988
S2_DROP_TOP5,0,L0_STAGE15_MATCHED,B0_REFERENCE,1.0,A2_W0::2022->2023,20,0.162748643761302,0.6781193490054249,0.0108499095840868,0.9819168173598554,0.0180831826401446,0.903428525014733,0.8328083689742473,0.0,0.8334152162401907
S2_DROP_TOP5,0,L0_STAGE15_MATCHED,B2_COMMON_NODE_EQUAL_DENSITY,1.0,A2_W0::2002->2003,0,0.5,0.5,0.0,0.7857142857142857,0.2142857142857142,0.9999999999252078,0.999999999956228,0.0,0.0
S2_DROP_TOP5,0,L0_STAGE15_MATCHED,B2_COMMON_NODE_EQUAL_DENSITY,1.0,A2_W0::2003->2004,1,0.5,0.5,0.0,0.8333333333333334,0.1666666666666666,0.9999999999319618,0.9999999999620448,0.0,0.0
S2_DROP_TOP5,0,L0_STAGE15_MATCHED,B2_COMMON_NODE_EQUAL_DENSITY,1.0,A2_W0::2004->2005,2,0.4705882352941176,0.4705882352941176,0.0,0.9411764705882352,0.0588235294117647,0.9699906894565504,0.9999999999224328,0.0,0.2326177197182991
S2_DROP_TOP5,0,L0_STAGE15_MATCHED,B2_COMMON_NODE_EQUAL_DENSITY,1.0,A2_W0::2005->2006,3,0.5,0.5,0.0,0.8125,0.1875,0.7844645405548192,0.8164965810050088,0.0,0.0
S2_DROP_TOP5,0,L0_STAGE15_MATCHED,B2_COMMON_NODE_EQUAL_DENSITY,1.0,A2_W0::2006->2007,4,0.4888888888888889,0.4888888888888889,0.0222222222222222,0.8222222222222222,0.1555555555555555,0.7352146219534268,0.8451542546417864,0.999999999911198,0.9999999997767984
S2_DROP_TOP5,0,L0_STAGE15_MATCHED,B2_COMMON_NODE_EQUAL_DENSITY,1.0,A2_W0::2007->2008,5,0.3977272727272727,0.3977272727272727,0.0795454545454545,0.8409090909090909,0.1477272727272727,0.910488788707478,0.8697237690844668,0.3998493464074786,0.2727004791222445
S2_DROP_TOP5,0,L0_STAGE15_MATCHED,B2_COMMON_NODE_EQUAL_DENSITY,1.0,A2_W0::2008->2009,6,0.46875,0.46875,0.0104166666666666,0.8541666666666666,0.125,0.9884909435592882,0.8907567144864226,0.7157428118850833,0.3339965594731618
S2_DROP_TOP5,0,L0_STAGE15_MATCHED,B2_COMMON_NODE_EQUAL_DENSITY,1.0,A2_W0::2009->2010,7,0.4269662921348314,0.4269662921348314,0.1123595505617977,0.7865168539325843,0.146067415730337,0.9471878729882968,0.9151803044748734,0.8165238842683961,0.3605575900317211
S2_DROP_TOP5,0,L0_STAGE15_MATCHED,B2_COMMON_NODE_EQUAL_DENSITY,1.0,A2_W0::2010->2011,8,0.3861386138613861,0.3861386138613861,0.0594059405940594,0.7524752475247525,0.1683168316831683,0.8938235763663274,0.8835829597284284,0.7970348478739746,0.2159208107276486
S2_DROP_TOP5,0,L0_STAGE15_MATCHED,B2_COMMON_NODE_EQUAL_DENSITY,1.0,A2_W0::2011->2012,9,0.381294964028777,0.381294964028777,0.079136690647482,0.7913669064748201,0.1294964028776978,0.8972882644886925,0.8602820474573283,0.8264708599433805,0.3209367845824045
S2_DROP_TOP5,0,L0_STAGE15_MATCHED,B2_COMMON_NODE_EQUAL_DENSITY,1.0,A2_W0::2012->2013,10,0.4,0.4,0.04,0.7828571428571428,0.1542857142857142,0.9106509423238616,0.9064131084062886,0.7874213725048805,0.2733500241683583
S2_DROP_TOP5,0,L0_STAGE15_MATCHED,B2_COMMON_NODE_EQUAL_DENSITY,1.0,A2_W0::2013->2014,11,0.4166666666666667,0.4166666666666667,0.0833333333333333,0.7277777777777777,0.1888888888888888,0.9248306419206144,0.90978416281455,0.8765399768928133,0.2389362198719419
S2_DROP_TOP5,0,L0_STAGE15_MATCHED,B2_COMMON_NODE_EQUAL_DENSITY,1.0,A2_W0::2014->2015,12,0.4136546184738955,0.4136546184738955,0.0963855421686747,0.7951807228915663,0.1244979919678714,0.931734164848389,0.8913385160501593,0.8767649459031833,0.3701917847988334
S2_DROP_TOP5,0,L0_STAGE15_MATCHED,B2_COMMON_NODE_EQUAL_DENSITY,1.0,A2_W0::2015->2016,13,0.3275261324041811,0.3275261324041811,0.2334494773519163,0.818815331010453,0.1219512195121951,0.8076632309502186,0.9053795155998762,0.7723204843626433,0.2041300735177181
S2_DROP_TOP5,0,L0_STAGE15_MATCHED,B2_COMMON_NODE_EQUAL_DENSITY,1.0,A2_W0::2016->2017,14,0.3617647058823529,0.3617647058823529,0.0941176470588235,0.8235294117647058,0.1323529411764706,0.8666415108963815,0.8683624036064399,0.7249343656400692,0.2550395670092774
S2_DROP_TOP5,0,L0_STAGE15_MATCHED,B2_COMMON_NODE_EQUAL_DENSITY,1.0,A2_W0::2017->2018,15,0.3838862559241706,0.3838862559241706,0.1255924170616113,0.8601895734597157,0.1113744075829383,0.8931435983152313,0.8223593052481072,0.9326993926723174,0.2819601009293515
S2_DROP_TOP5,0,L0_STAGE15_MATCHED,B2_COMMON_NODE_EQUAL_DENSITY,1.0,A2_W0::2018->2019,16,0.4206349206349206,0.4206349206349206,0.1091269841269841,0.871031746031746,0.1130952380952381,0.9344922017524796,0.8730611958986071,0.950318171902968,0.3542651236168842
S2_DROP_TOP5,0,L0_STAGE15_MATCHED,B2_COMMON_NODE_EQUAL_DENSITY,1.0,A2_W0::2019->2020,17,0.4411764705882353,0.4411764705882353,0.1045751633986928,0.9003267973856209,0.0931372549019607,0.9581659134258504,0.8379758963500284,0.5223256736110581,0.3113598902706546
S2_DROP_TOP5,0,L0_STAGE15_MATCHED,B2_COMMON_NODE_EQUAL_DENSITY,1.0,A2_W0::2020->2021,18,0.453781512605042,0.453781512605042,0.065126050420168,0.8970588235294118,0.0966386554621848,0.9666603634606512,0.8623519053779078,0.8468586068515657,0.276422770889734
S2_DROP_TOP5,0,L0_STAGE15_MATCHED,B2_COMMON_NODE_EQUAL_DENSITY,1.0,A2_W0::2021->2022,19,0.4421052631578947,0.4421052631578947,0.0701754385964912,0.8842105263157894,0.1157894736842105,0.9544520445006812,0.8795578436533957,0.0,0.3063054425977539
S2_DROP_TOP5,0,L0_STAGE15_MATCHED,B2_COMMON_NODE_EQUAL_DENSITY,1.0,A2_W0::2022->2023,20,0.4594594594594595,0.4594594594594595,0.009009009009009,0.972972972972973,0.027027027027027,0.9921199591273756,0.7476927859489415,0.0,0.8152539471774605
S2_DROP_TOP5,0,L0_STAGE15_MATCHED,B2_COMMON_NODE_EQUAL_DENSITY,0.75,A2_W0::2002->2003,0,0.5,0.5,0.0,0.8,0.2,0.9999999999557068,0.9999999999689806,0.0,0.0
S2_DROP_TOP5,0,L0_STAGE15_MATCHED,B2_COMMON_NODE_EQUAL_DENSITY,0.75,A2_W0::2003->2004,1,0.5,0.5,0.0,0.8571428571428571,0.1428571428571428,0.9999999999431328,0.9999999999689806,0.0,0.0
S2_DROP_TOP5,0,L0_STAGE15_MATCHED,B2_COMMON_NODE_EQUAL_DENSITY,0.75,A2_W0::2004->2005,2,0.4545454545454545,0.4545454545454545,0.0,0.9090909090909092,0.0909090909090909,0.9515309245054,0.9999999999224328,0.0,0.2326177197182991
S2_DROP_TOP5,0,L0_STAGE15_MATCHED,B2_COMMON_NODE_EQUAL_DENSITY,0.75,A2_W0::2005->2006,3,0.5,0.5,0.0,0.75,0.25,0.8164965809512961,0.8164965810050088,0.0,0.0
S2_DROP_TOP5,0,L0_STAGE15_MATCHED,B2_COMMON_NODE_EQUAL_DENSITY,0.75,A2_W0::2006->2007,4,0.5,0.5,0.0,0.8235294117647058,0.1470588235294117,0.73192505461482,0.8944271909578908,0.999999999911198,0.0
S2_DROP_TOP5,0,L0_STAGE15_MATCHED,B2_COMMON_NODE_EQUAL_DENSITY,0.75,A2_W0::2007->2008,5,0.4594594594594595,0.4594594594594595,0.0,0.8243243243243243,0.1621621621621621,0.96724594249171,0.9764664352802002,0.3998493464074786,0.3344566308581415
S2_DROP_TOP5,0,L0_STAGE15_MATCHED,B2_COMMON_NODE_EQUAL_DENSITY,0.75,A2_W0::2008->2009,6,0.4722222222222222,0.4722222222222222,0.0138888888888888,0.8333333333333334,0.1388888888888889,0.9842372372031042,0.9081090689729128,0.9999999998016584,0.304136968370899
S2_DROP_TOP5,0,L0_STAGE15_MATCHED,B2_COMMON_NODE_EQUAL_DENSITY,0.75,A2_W0::2009->2010,7,0.4722222222222222,0.4722222222222222,0.0416666666666666,0.7777777777777778,0.1527777777777778,0.9842865122590088,0.9547164854568496,0.8944292839686903,0.2646953546749537
S2_DROP_TOP5,0,L0_STAGE15_MATCHED,B2_COMMON_NODE_EQUAL_DENSITY,0.75,A2_W0::2010->2011,8,0.4102564102564102,0.4102564102564102,0.0256410256410256,0.8076923076923077,0.1282051282051282,0.9189696253560162,0.8509288139830645,0.903403039231333,0.1937062565607031
S2_DROP_TOP5,0,L0_STAGE15_MATCHED,B2_COMMON_NODE_EQUAL_DENSITY,0.75,A2_W0::2011->2012,9,0.3904761904761905,0.3904761904761905,0.0571428571428571,0.7523809523809524,0.1523809523809524,0.9103476852451482,0.9031904622835936,0.8070684547724233,0.3632906884941141
S2_DROP_TOP5,0,L0_STAGE15_MATCHED,B2_COMMON_NODE_EQUAL_DENSITY,0.75,A2_W0::2012->2013,10,0.4191176470588235,0.4191176470588235,0.0441176470588235,0.7352941176470589,0.1911764705882352,0.9262182805888524,0.9223116220475184,0.8476141373336235,0.2225528129485746
S2_DROP_TOP5,0,L0_STAGE15_MATCHED,B2_COMMON_NODE_EQUAL_DENSITY,0.75,A2_W0::2013->2014,11,0.4148148148148148,0.4148148148148148,0.0814814814814814,0.6592592592592592,0.2296296296296296,0.90981661500094,0.9169438318751428,0.939301264960904,0.2053488106973015
S2_DROP_TOP5,0,L0_STAGE15_MATCHED,B2_COMMON_NODE_EQUAL_DENSITY,0.75,A2_W0::2014->2015,12,0.4438775510204081,0.4438775510204081,0.0561224489795918,0.7602040816326531,0.1479591836734693,0.9639334348256084,0.8987269407921921,0.8928654462193667,0.3176141526599946
S2_DROP_TOP5,0,L0_STAGE15_MATCHED,B2_COMMON_NODE_EQUAL_DENSITY,0.75,A2_W0::2015->2016,13,0.3846153846153846,0.3846153846153846,0.1623931623931624,0.7948717948717948,0.1367521367521367,0.8918610537851627,0.8959966929202413,0.7787767090077184,0.2487455576339772
S2_DROP_TOP5,0,L0_STAGE15_MATCHED,B2_COMMON_NODE_EQUAL_DENSITY,0.75,A2_W0::2016->2017,14,0.3596837944664031,0.3596837944664031,0.1185770750988142,0.782608695652174,0.1581027667984189,0.8642270751616647,0.8754698020536555,0.7582894855028014,0.2697638476572296
S2_DROP_TOP5,0,L0_STAGE15_MATCHED,B2_COMMON_NODE_EQUAL_DENSITY,0.75,A2_W0::2017->2018,15,0.4,0.4,0.0984615384615384,0.8338461538461538,0.1292307692307692,0.9095152305832204,0.8322991998608508,0.9667311750217926,0.262684897287258
S2_DROP_TOP5,0,L0_STAGE15_MATCHED,B2_COMMON_NODE_EQUAL_DENSITY,0.75,A2_W0::2018->2019,16,0.4538653366583541,0.4538653366583541,0.0623441396508728,0.8528678304239401,0.1296758104738154,0.9629473433333988,0.931471330996748,0.9430071219094132,0.347484059077274
S2_DROP_TOP5,0,L0_STAGE15_MATCHED,B2_COMMON_NODE_EQUAL_DENSITY,0.75,A2_W0::2019->2020,17,0.4520255863539446,0.4520255863539446,0.0810234541577825,0.8805970149253731,0.1108742004264392,0.9704643908114736,0.8563274223224573,0.5223256736110581,0.3050169713037802
S2_DROP_TOP5,0,L0_STAGE15_MATCHED,B2_COMMON_NODE_EQUAL_DENSITY,0.75,A2_W0::2020->2021,18,0.4786096256684492,0.4786096256684492,0.0240641711229946,0.8689839572192514,0.1229946524064171,0.993944289893186,0.8826947739052904,0.8468586068515657,0.2583745154124363
S2_DROP_TOP5,0,L0_STAGE15_MATCHED,B2_COMMON_NODE_EQUAL_DENSITY,0.75,A2_W0::2021->2022,19,0.4541284403669725,0.4541284403669725,0.073394495412844,0.8761467889908257,0.1238532110091743,0.9614547658752112,0.9182789326344112,0.0,0.257572645360634
S2_DROP_TOP5,0,L0_STAGE15_MATCHED,B2_COMMON_NODE_EQUAL_DENSITY,0.75,A2_W0::2022->2023,20,0.4827586206896552,0.4827586206896552,0.0,0.9655172413793104,0.0344827586206896,0.994292667060698,0.7476927859489415,0.0,0.4902508834777133
S2_DROP_TOP5,0,L0_STAGE15_MATCHED,B2_COMMON_NODE_EQUAL_DENSITY,0.5,A2_W0::2002->2003,0,0.5,0.5,0.0,0.8333333333333334,0.1666666666666666,0.99999999996014,0.9999999999858185,0.0,0.0
S2_DROP_TOP5,0,L0_STAGE15_MATCHED,B2_COMMON_NODE_EQUAL_DENSITY,0.5,A2_W0::2003->2004,1,0.5,0.5,0.0,0.75,0.25,0.9999999999714764,0.9999999999689806,0.0,0.0
S2_DROP_TOP5,0,L0_STAGE15_MATCHED,B2_COMMON_NODE_EQUAL_DENSITY,0.5,A2_W0::2004->2005,2,0.5,0.5,0.0,1.0,0.0,0.9999999999669956,0.0,0.0,0.0
S2_DROP_TOP5,0,L0_STAGE15_MATCHED,B2_COMMON_NODE_EQUAL_DENSITY,0.5,A2_W0::2005->2006,3,0.5,0.5,0.0,0.75,0.25,0.9128709291657876,0.7071067813752535,0.0,0.0
S2_DROP_TOP5,0,L0_STAGE15_MATCHED,B2_COMMON_NODE_EQUAL_DENSITY,0.5,A2_W0::2006->2007,4,0.5,0.5,0.0,0.7272727272727273,0.2272727272727272,0.7499999999597705,0.8944271909578908,0.999999999911198,0.0
S2_DROP_TOP5,0,L0_STAGE15_MATCHED,B2_COMMON_NODE_EQUAL_DENSITY,0.5,A2_W0::2007->2008,5,0.4901960784313725,0.4901960784313725,0.0,0.7843137254901961,0.196078431372549,0.9999999998385192,0.9999999998622814,0.3998493464074786,0.3998493464074786
S2_DROP_TOP5,0,L0_STAGE15_MATCHED,B2_COMMON_NODE_EQUAL_DENSITY,0.5,A2_W0::2008->2009,6,0.4791666666666667,0.4791666666666667,0.0,0.7916666666666666,0.1875,0.9871472969978498,0.9470031056413326,0.9999999997928696,0.2245059220466425
S2_DROP_TOP5,0,L0_STAGE15_MATCHED,B2_COMMON_NODE_EQUAL_DENSITY,0.5,A2_W0::2009->2010,7,0.4680851063829787,0.4680851063829787,0.0425531914893617,0.7659574468085106,0.1702127659574468,0.9869748061666376,0.9371712253360164,0.8165004022928565,0.1776059529478575
S2_DROP_TOP5,0,L0_STAGE15_MATCHED,B2_COMMON_NODE_EQUAL_DENSITY,0.5,A2_W0::2010->2011,8,0.4363636363636363,0.4363636363636363,0.0181818181818181,0.8181818181818182,0.1454545454545454,0.9444442541920214,0.8761382578064296,0.9999999999129328,0.1999352399462562
S2_DROP_TOP5,0,L0_STAGE15_MATCHED,B2_COMMON_NODE_EQUAL_DENSITY,0.5,A2_W0::2011->2012,9,0.4266666666666667,0.4266666666666667,0.04,0.8,0.1333333333333333,0.9379574562631038,0.9506224886816323,0.7914159651499474,0.2945533935413237
S2_DROP_TOP5,0,L0_STAGE15_MATCHED,B2_COMMON_NODE_EQUAL_DENSITY,0.5,A2_W0::2012->2013,10,0.4157303370786517,0.4157303370786517,0.0337078651685393,0.7191011235955056,0.1797752808988764,0.9390060366366226,0.8702415951147163,0.8289549819571597,0.2209817183876644
S2_DROP_TOP5,0,L0_STAGE15_MATCHED,B2_COMMON_NODE_EQUAL_DENSITY,0.5,A2_W0::2013->2014,11,0.4347826086956521,0.4347826086956521,0.0434782608695652,0.5978260869565217,0.2608695652173913,0.9271171673144972,0.9580805819170498,0.9296112916916932,0.2120117886174356
S2_DROP_TOP5,0,L0_STAGE15_MATCHED,B2_COMMON_NODE_EQUAL_DENSITY,0.5,A2_W0::2014->2015,12,0.4552238805970149,0.4552238805970149,0.0373134328358208,0.7164179104477612,0.1567164179104477,0.97581006382973,0.9337766468415812,0.8861601466009507,0.2989117854925257
S2_DROP_TOP5,0,L0_STAGE15_MATCHED,B2_COMMON_NODE_EQUAL_DENSITY,0.5,A2_W0::2015->2016,13,0.4037267080745341,0.4037267080745341,0.1180124223602484,0.7329192546583851,0.1801242236024844,0.9192549072983028,0.8970013594828203,0.8252838886691959,0.2886303452475193
S2_DROP_TOP5,0,L0_STAGE15_MATCHED,B2_COMMON_NODE_EQUAL_DENSITY,0.5,A2_W0::2016->2017,14,0.4065934065934066,0.4065934065934066,0.0659340659340659,0.7472527472527473,0.1868131868131868,0.9078706277612044,0.9488866047725384,0.7780094791354965,0.2408231187246288
S2_DROP_TOP5,0,L0_STAGE15_MATCHED,B2_COMMON_NODE_EQUAL_DENSITY,0.5,A2_W0::2017->2018,15,0.4347826086956521,0.4347826086956521,0.0434782608695652,0.7956521739130434,0.1608695652173913,0.9534755138802432,0.8489830402511049,0.9599390594729128,0.2739554857304587
S2_DROP_TOP5,0,L0_STAGE15_MATCHED,B2_COMMON_NODE_EQUAL_DENSITY,0.5,A2_W0::2018->2019,16,0.4729241877256318,0.4729241877256318,0.0433212996389891,0.8158844765342961,0.1588447653429603,0.9806006797394904,0.9513637717738948,0.9430071219094132,0.3017160832490027
S2_DROP_TOP5,0,L0_STAGE15_MATCHED,B2_COMMON_NODE_EQUAL_DENSITY,0.5,A2_W0::2019->2020,17,0.468944099378882,0.468944099378882,0.0590062111801242,0.8509316770186336,0.1366459627329192,0.9828210639138962,0.9183359664120992,0.7228520058266529,0.305275827668752
S2_DROP_TOP5,0,L0_STAGE15_MATCHED,B2_COMMON_NODE_EQUAL_DENSITY,0.5,A2_W0::2020->2021,18,0.4820717131474104,0.4820717131474104,0.0199203187250996,0.8326693227091634,0.1553784860557769,0.9953610122642076,0.9208982370201672,0.8468586068515657,0.1798142123487057
S2_DROP_TOP5,0,L0_STAGE15_MATCHED,B2_COMMON_NODE_EQUAL_DENSITY,0.5,A2_W0::2021->2022,19,0.4475524475524475,0.4475524475524475,0.0979020979020979,0.8251748251748252,0.1748251748251748,0.9495962939576033,0.9472796154863544,0.0,0.2363577946213731
S2_DROP_TOP5,0,L0_STAGE15_MATCHED,B2_COMMON_NODE_EQUAL_DENSITY,0.5,A2_W0::2022->2023,20,0.4827586206896552,0.4827586206896552,0.0,0.9655172413793104,0.0344827586206896,0.9914266800740192,0.9157320406086346,0.0,0.6004309365971783
S2_DROP_TOP5,0,L1_EXTENDED,B0_REFERENCE,1.0,A2_W0::2002->2003,0,0.8009049773755657,0.1809954751131221,0.0090497737556561,0.9773755656108596,0.0226244343891402,0.7121200859483848,0.9534409876391368,0.0,0.8777938783867865
S2_DROP_TOP5,0,L1_EXTENDED,B0_REFERENCE,1.0,A2_W0::2003->2004,1,0.3489208633093525,0.5359712230215827,0.0863309352517985,0.9784172661870504,0.0215827338129496,0.809862773407001,0.843290601798524,0.0,0.7637402011624683
S2_DROP_TOP5,0,L1_EXTENDED,B0_REFERENCE,1.0,A2_W0::2004->2005,2,0.0785714285714285,0.6428571428571429,0.0142857142857142,0.9642857142857144,0.0357142857142857,0.8201440410326455,0.6439871972300353,0.0,0.3537161783598355
S2_DROP_TOP5,0,L1_EXTENDED,B0_REFERENCE,1.0,A2_W0::2005->2006,3,0.2537313432835821,0.582089552238806,0.0298507462686567,0.8805970149253731,0.1194029850746268,0.7702079903323898,0.7905694417921232,0.0,0.7385489464806656
S2_DROP_TOP5,0,L1_EXTENDED,B0_REFERENCE,1.0,A2_W0::2006->2007,4,0.9066666666666666,0.05,0.0366666666666666,0.95,0.0466666666666666,0.8397994742537371,0.9258201077182444,0.9999999999001664,0.6793662231155985
S2_DROP_TOP5,0,L1_EXTENDED,B0_REFERENCE,1.0,A2_W0::2007->2008,5,0.3777292576419214,0.4213973799126637,0.0589519650655021,0.9497816593886464,0.0480349344978165,0.8147044453099996,0.7551601589929952,0.3747146859659699,0.5458801503851437
S2_DROP_TOP5,0,L1_EXTENDED,B0_REFERENCE,1.0,A2_W0::2008->2009,6,0.5575959933222037,0.3188647746243739,0.015025041736227,0.9515859766277128,0.0450751252086811,0.8177155203734294,0.8454515999195249,0.7146640503714885,0.5865176639567995
S2_DROP_TOP5,0,L1_EXTENDED,B0_REFERENCE,1.0,A2_W0::2009->2010,7,0.2581818181818182,0.6290909090909091,0.0763636363636363,0.9436363636363636,0.0418181818181818,0.8482942759599577,0.9225727630429472,0.8457891375235129,0.6571340062420791
S2_DROP_TOP5,0,L1_EXTENDED,B0_REFERENCE,1.0,A2_W0::2010->2011,8,0.6143667296786389,0.2665406427221172,0.052930056710775,0.9338374291115312,0.0491493383742911,0.8747918808766072,0.827881690840139,0.7069848961432031,0.5248944353919855
S2_DROP_TOP5,0,L1_EXTENDED,B0_REFERENCE,1.0,A2_W0::2011->2012,9,0.4268833087149187,0.3530280649926144,0.0709010339734121,0.9335302806499262,0.0457902511078286,0.8444439552941247,0.7985917716360699,0.7943428935857664,0.6719401880249698
S2_DROP_TOP5,0,L1_EXTENDED,B0_REFERENCE,1.0,A2_W0::2012->2013,10,0.3282208588957055,0.357361963190184,0.1901840490797546,0.9217791411042944,0.058282208588957,0.8364685057803292,0.8322044685753038,0.745666128198878,0.6365037655329157
S2_DROP_TOP5,0,L1_EXTENDED,B0_REFERENCE,1.0,A2_W0::2013->2014,11,0.414804469273743,0.3254189944134078,0.1550279329608938,0.920391061452514,0.0572625698324022,0.8751018122514932,0.8566489803884829,0.8842902878267924,0.6770570157065178
S2_DROP_TOP5,0,L1_EXTENDED,B0_REFERENCE,1.0,A2_W0::2014->2015,12,0.4370629370629371,0.296037296037296,0.0979020979020979,0.9289044289044288,0.0477855477855477,0.8320202433293907,0.8641885148798929,0.8519370377305231,0.5155444179728413
S2_DROP_TOP5,0,L1_EXTENDED,B0_REFERENCE,1.0,A2_W0::2015->2016,13,0.361522198731501,0.2758985200845666,0.2367864693446088,0.9281183932346724,0.0517970401691331,0.751499303785222,0.8333171154786922,0.7161050874824041,0.3525059606948458
S2_DROP_TOP5,0,L1_EXTENDED,B0_REFERENCE,1.0,A2_W0::2016->2017,14,0.3980667838312829,0.2372583479789103,0.0905096660808435,0.9279437609841829,0.0562390158172231,0.7870182369931754,0.8400702017402264,0.7125765033849727,0.4318347366987459
S2_DROP_TOP5,0,L1_EXTENDED,B0_REFERENCE,1.0,A2_W0::2017->2018,15,0.330763299922899,0.3523515805705474,0.2313030069390902,0.9452582883577486,0.0447185813415574,0.8533269209501128,0.8084747460698941,0.9104816878929382,0.5088507981773078
S2_DROP_TOP5,0,L1_EXTENDED,B0_REFERENCE,1.0,A2_W0::2018->2019,16,0.4293478260869565,0.3199728260869565,0.109375,0.9449728260869564,0.0482336956521739,0.8788217806324269,0.8427685768177179,0.8489574495339769,0.5151986271630326
S2_DROP_TOP5,0,L1_EXTENDED,B0_REFERENCE,1.0,A2_W0::2019->2020,17,0.4293044469783352,0.2816419612314709,0.2109464082098061,0.9532497149372862,0.0421892816419612,0.8574460505876332,0.732604805204767,0.6867548841148845,0.523165418307706
S2_DROP_TOP5,0,L1_EXTENDED,B0_REFERENCE,1.0,A2_W0::2020->2021,18,0.2335766423357664,0.5152068126520681,0.1757907542579075,0.9531630170316302,0.0444038929440389,0.8898430128001478,0.8117306000810114,0.8896777843484991,0.5823246964180261
S2_DROP_TOP5,0,L1_EXTENDED,B0_REFERENCE,1.0,A2_W0::2021->2022,19,0.1475935828877005,0.5422459893048128,0.1754010695187166,0.9572192513368984,0.0427807486631016,0.8710092922062137,0.7847198321735095,0.0,0.5861316544914166
S2_DROP_TOP5,0,L1_EXTENDED,B0_REFERENCE,1.0,A2_W0::2022->2023,20,0.1591355599214145,0.6895874263261297,0.0098231827111984,0.9803536345776032,0.0196463654223968,0.9403089277481542,0.8345224717654487,0.0,0.807196018672343
S2_DROP_TOP5,0,L1_EXTENDED,B2_COMMON_NODE_EQUAL_DENSITY,1.0,A2_W0::2002->2003,0,0.5,0.5,0.0,0.7857142857142857,0.2142857142857142,0.9999999999244548,0.9999999999591528,0.0,0.0
S2_DROP_TOP5,0,L1_EXTENDED,B2_COMMON_NODE_EQUAL_DENSITY,1.0,A2_W0::2003->2004,1,0.5,0.5,0.0,0.8333333333333334,0.1666666666666666,0.9999999999323936,0.9999999999635504,0.0,0.0
S2_DROP_TOP5,0,L1_EXTENDED,B2_COMMON_NODE_EQUAL_DENSITY,1.0,A2_W0::2004->2005,2,0.5,0.5,0.0,0.9444444444444444,0.0555555555555555,0.9999999999474886,0.9999999999488458,0.0,0.0
S2_DROP_TOP5,0,L1_EXTENDED,B2_COMMON_NODE_EQUAL_DENSITY,1.0,A2_W0::2005->2006,3,0.4666666666666667,0.4666666666666667,0.0,0.8,0.2,0.8660254039102706,0.5773503677364762,0.0,0.9999999999721944
S2_DROP_TOP5,0,L1_EXTENDED,B2_COMMON_NODE_EQUAL_DENSITY,1.0,A2_W0::2006->2007,4,0.4772727272727273,0.4772727272727273,0.0454545454545454,0.7272727272727273,0.25,0.7500000115152189,0.7977240546092843,0.9999999999001664,0.9999999998309618
S2_DROP_TOP5,0,L1_EXTENDED,B2_COMMON_NODE_EQUAL_DENSITY,1.0,A2_W0::2007->2008,5,0.4044943820224719,0.4044943820224719,0.0786516853932584,0.8314606741573034,0.1573033707865168,0.9178893149839108,0.8762445412149009,0.3747146859659699,0.269663501716239
S2_DROP_TOP5,0,L1_EXTENDED,B2_COMMON_NODE_EQUAL_DENSITY,1.0,A2_W0::2008->2009,6,0.4742268041237113,0.4742268041237113,0.0,0.865979381443299,0.1134020618556701,0.9887849355926702,0.9211869705032488,0.7146640503714885,0.3106006234394548
S2_DROP_TOP5,0,L1_EXTENDED,B2_COMMON_NODE_EQUAL_DENSITY,1.0,A2_W0::2009->2010,7,0.4456521739130434,0.4456521739130434,0.0652173913043478,0.782608695652174,0.1413043478260869,0.9542481277281812,0.9381573974770956,0.9259443984877678,0.3171538098654749
S2_DROP_TOP5,0,L1_EXTENDED,B2_COMMON_NODE_EQUAL_DENSITY,1.0,A2_W0::2010->2011,8,0.3861386138613861,0.3861386138613861,0.0693069306930693,0.7623762376237624,0.1683168316831683,0.8880580293171738,0.914805257208032,0.7604557079208821,0.2085812626669318
S2_DROP_TOP5,0,L1_EXTENDED,B2_COMMON_NODE_EQUAL_DENSITY,1.0,A2_W0::2011->2012,9,0.3768115942028985,0.3768115942028985,0.0652173913043478,0.7971014492753623,0.1304347826086956,0.8916131887070735,0.8565719798380271,0.8162323049072716,0.3123149076191008
S2_DROP_TOP5,0,L1_EXTENDED,B2_COMMON_NODE_EQUAL_DENSITY,1.0,A2_W0::2012->2013,10,0.4,0.4,0.0457142857142857,0.7885714285714286,0.1485714285714285,0.909553715445165,0.9067158661111716,0.8436761118163508,0.3103406968676297
S2_DROP_TOP5,0,L1_EXTENDED,B2_COMMON_NODE_EQUAL_DENSITY,1.0,A2_W0::2013->2014,11,0.4166666666666667,0.4166666666666667,0.0888888888888888,0.7333333333333333,0.1833333333333333,0.9250706971874804,0.9068178910387504,0.8765363294913332,0.2324522027974156
S2_DROP_TOP5,0,L1_EXTENDED,B2_COMMON_NODE_EQUAL_DENSITY,1.0,A2_W0::2014->2015,12,0.4089068825910931,0.4089068825910931,0.1052631578947368,0.7975708502024291,0.1214574898785425,0.9267032406048492,0.8724082594860438,0.8770116636714071,0.3462599236683095
S2_DROP_TOP5,0,L1_EXTENDED,B2_COMMON_NODE_EQUAL_DENSITY,1.0,A2_W0::2015->2016,13,0.3131672597864768,0.3131672597864768,0.3060498220640569,0.8185053380782918,0.1209964412811387,0.7835266428564213,0.901160137728709,0.799220068092632,0.1869571524573921
S2_DROP_TOP5,0,L1_EXTENDED,B2_COMMON_NODE_EQUAL_DENSITY,1.0,A2_W0::2016->2017,14,0.359882005899705,0.359882005899705,0.0855457227138643,0.8141592920353983,0.1386430678466076,0.8605287101175663,0.8708320833111004,0.7771365130566801,0.2446502451060271
S2_DROP_TOP5,0,L1_EXTENDED,B2_COMMON_NODE_EQUAL_DENSITY,1.0,A2_W0::2017->2018,15,0.3867924528301887,0.3867924528301887,0.1273584905660377,0.8608490566037735,0.1084905660377358,0.8938117106402569,0.8396031391663357,0.93900825308199,0.279280774973933
S2_DROP_TOP5,0,L1_EXTENDED,B2_COMMON_NODE_EQUAL_DENSITY,1.0,A2_W0::2018->2019,16,0.416,0.416,0.12,0.874,0.112,0.933378722841959,0.8514993467511836,0.8668649362454826,0.3548244011375948
S2_DROP_TOP5,0,L1_EXTENDED,B2_COMMON_NODE_EQUAL_DENSITY,1.0,A2_W0::2019->2020,17,0.4411764705882353,0.4411764705882353,0.1045751633986928,0.8986928104575164,0.0915032679738562,0.958519941511342,0.8344511089174134,0.7198509029111497,0.3210369438086984
S2_DROP_TOP5,0,L1_EXTENDED,B2_COMMON_NODE_EQUAL_DENSITY,1.0,A2_W0::2020->2021,18,0.453781512605042,0.453781512605042,0.0609243697478991,0.8886554621848739,0.1029411764705882,0.9670919503117108,0.8605092705536117,0.8896777843484991,0.2640296934421383
S2_DROP_TOP5,0,L1_EXTENDED,B2_COMMON_NODE_EQUAL_DENSITY,1.0,A2_W0::2021->2022,19,0.4421052631578947,0.4421052631578947,0.0807017543859649,0.8807017543859649,0.119298245614035,0.9581469712993502,0.8542839366219936,0.0,0.3134696275025942
S2_DROP_TOP5,0,L1_EXTENDED,B2_COMMON_NODE_EQUAL_DENSITY,1.0,A2_W0::2022->2023,20,0.4871794871794871,0.4871794871794871,0.0085470085470085,0.9658119658119658,0.0341880341880341,0.9778700392285752,0.8251720959154861,0.0,0.5091184923095583
S2_DROP_TOP5,0,L1_EXTENDED,B2_COMMON_NODE_EQUAL_DENSITY,0.75,A2_W0::2002->2003,0,0.5,0.5,0.0,0.7,0.3,0.9999999999568818,0.9999999999591528,0.0,0.0
S2_DROP_TOP5,0,L1_EXTENDED,B2_COMMON_NODE_EQUAL_DENSITY,0.75,A2_W0::2003->2004,1,0.5,0.5,0.0,0.7857142857142857,0.2142857142857142,0.9999999999404536,0.9999999999635504,0.0,0.0
S2_DROP_TOP5,0,L1_EXTENDED,B2_COMMON_NODE_EQUAL_DENSITY,0.75,A2_W0::2004->2005,2,0.5,0.5,0.0,0.9166666666666666,0.0833333333333333,0.999999999955906,0.9999999999488458,0.0,0.0
S2_DROP_TOP5,0,L1_EXTENDED,B2_COMMON_NODE_EQUAL_DENSITY,0.75,A2_W0::2005->2006,3,0.4545454545454545,0.4545454545454545,0.0,0.7272727272727273,0.2727272727272727,0.935414346713704,0.5773503677364762,0.0,0.9999999999721944
S2_DROP_TOP5,0,L1_EXTENDED,B2_COMMON_NODE_EQUAL_DENSITY,0.75,A2_W0::2006->2007,4,0.5,0.5,0.0,0.7647058823529411,0.2058823529411764,0.7595545393676689,0.7559289783062539,0.9999999999001722,0.0
S2_DROP_TOP5,0,L1_EXTENDED,B2_COMMON_NODE_EQUAL_DENSITY,0.75,A2_W0::2007->2008,5,0.4736842105263157,0.4736842105263157,0.0,0.8552631578947368,0.131578947368421,0.9772045744618988,0.9999999998506351,0.3747146859659699,0.2295549201359046
S2_DROP_TOP5,0,L1_EXTENDED,B2_COMMON_NODE_EQUAL_DENSITY,0.75,A2_W0::2008->2009,6,0.4794520547945205,0.4794520547945205,0.0,0.821917808219178,0.1506849315068493,0.9842631297905676,0.9582568378383132,0.999999999804908,0.2752286234496423
S2_DROP_TOP5,0,L1_EXTENDED,B2_COMMON_NODE_EQUAL_DENSITY,0.75,A2_W0::2009->2010,7,0.4647887323943662,0.4647887323943662,0.0422535211267605,0.7746478873239436,0.1549295774647887,0.9843553905267332,0.9264698853283804,0.8946073110452899,0.3836604158602132
S2_DROP_TOP5,0,L1_EXTENDED,B2_COMMON_NODE_EQUAL_DENSITY,0.75,A2_W0::2010->2011,8,0.4102564102564102,0.4102564102564102,0.0256410256410256,0.8205128205128205,0.1282051282051282,0.9214419489690742,0.8501039466089452,0.872712238713509,0.2092180686931982
S2_DROP_TOP5,0,L1_EXTENDED,B2_COMMON_NODE_EQUAL_DENSITY,0.75,A2_W0::2011->2012,9,0.3846153846153846,0.3846153846153846,0.0673076923076923,0.7692307692307693,0.1538461538461538,0.9105306639313672,0.8712582985106511,0.7634094377902969,0.361311001578299
S2_DROP_TOP5,0,L1_EXTENDED,B2_COMMON_NODE_EQUAL_DENSITY,0.75,A2_W0::2012->2013,10,0.4148148148148148,0.4148148148148148,0.0518518518518518,0.7481481481481481,0.1851851851851851,0.9220145797776076,0.919043914026011,0.8293330149016603,0.2252903093086891
S2_DROP_TOP5,0,L1_EXTENDED,B2_COMMON_NODE_EQUAL_DENSITY,0.75,A2_W0::2013->2014,11,0.4148148148148148,0.4148148148148148,0.0814814814814814,0.6592592592592592,0.2296296296296296,0.9095530424130376,0.9163626934246568,0.9402293505944332,0.2000354652718198
S2_DROP_TOP5,0,L1_EXTENDED,B2_COMMON_NODE_EQUAL_DENSITY,0.75,A2_W0::2014->2015,12,0.4467005076142132,0.4467005076142132,0.0507614213197969,0.7563451776649747,0.1472081218274111,0.9669155164609624,0.917442985441122,0.8700571416750573,0.3159455507965663
S2_DROP_TOP5,0,L1_EXTENDED,B2_COMMON_NODE_EQUAL_DENSITY,0.75,A2_W0::2015->2016,13,0.3924050632911392,0.3924050632911392,0.1476793248945147,0.7848101265822784,0.1434599156118143,0.9012063720783012,0.901160137728709,0.799220068092632,0.2632380057154153
S2_DROP_TOP5,0,L1_EXTENDED,B2_COMMON_NODE_EQUAL_DENSITY,0.75,A2_W0::2016->2017,14,0.3622047244094488,0.3622047244094488,0.0944881889763779,0.7755905511811023,0.1653543307086614,0.8636627700077587,0.8789902265249898,0.7910654381022486,0.2613674025646854
S2_DROP_TOP5,0,L1_EXTENDED,B2_COMMON_NODE_EQUAL_DENSITY,0.75,A2_W0::2017->2018,15,0.4036697247706422,0.4036697247706422,0.0948012232415902,0.8348623853211009,0.128440366972477,0.9131943485412236,0.8312261358416773,0.9683147023822294,0.2498310389533606
S2_DROP_TOP5,0,L1_EXTENDED,B2_COMMON_NODE_EQUAL_DENSITY,0.75,A2_W0::2018->2019,16,0.4552238805970149,0.4552238805970149,0.0597014925373134,0.8532338308457711,0.1293532338308457,0.9679001729851732,0.9048933959991272,0.9412117589428336,0.3380240674296682
S2_DROP_TOP5,0,L1_EXTENDED,B2_COMMON_NODE_EQUAL_DENSITY,0.75,A2_W0::2019->2020,17,0.4531914893617021,0.4531914893617021,0.0787234042553191,0.8808510638297873,0.1106382978723404,0.9705306214812114,0.8671176804519529,0.5265719171969493,0.30772044307982
S2_DROP_TOP5,0,L1_EXTENDED,B2_COMMON_NODE_EQUAL_DENSITY,0.75,A2_W0::2020->2021,18,0.4772117962466488,0.4772117962466488,0.0268096514745308,0.868632707774799,0.1206434316353887,0.9910338698820346,0.8886691551901055,0.8896777843484991,0.2326421000404735
S2_DROP_TOP5,0,L1_EXTENDED,B2_COMMON_NODE_EQUAL_DENSITY,0.75,A2_W0::2021->2022,19,0.45662100456621,0.45662100456621,0.0730593607305936,0.8767123287671232,0.1232876712328767,0.9643300121007056,0.919285664549678,0.0,0.2679690774253484
S2_DROP_TOP5,0,L1_EXTENDED,B2_COMMON_NODE_EQUAL_DENSITY,0.75,A2_W0::2022->2023,20,0.4827586206896552,0.4827586206896552,0.0114942528735632,0.9655172413793104,0.0344827586206896,0.9943529179624956,0.7579876762088315,0.0,0.5091184923095583
S2_DROP_TOP5,0,L1_EXTENDED,B2_COMMON_NODE_EQUAL_DENSITY,0.5,A2_W0::2002->2003,0,0.5,0.5,0.0,0.8333333333333334,0.1666666666666666,0.999999999956366,0.999999999986102,0.0,0.0
S2_DROP_TOP5,0,L1_EXTENDED,B2_COMMON_NODE_EQUAL_DENSITY,0.5,A2_W0::2003->2004,1,0.5,0.5,0.0,0.75,0.25,0.999999999970536,0.9999999999709028,0.0,0.0
S2_DROP_TOP5,0,L1_EXTENDED,B2_COMMON_NODE_EQUAL_DENSITY,0.5,A2_W0::2004->2005,2,0.5,0.5,0.0,1.0,0.0,0.9999999999665888,0.0,0.0,0.0
S2_DROP_TOP5,0,L1_EXTENDED,B2_COMMON_NODE_EQUAL_DENSITY,0.5,A2_W0::2005->2006,3,0.4285714285714285,0.4285714285714285,0.0,0.7142857142857143,0.2857142857142857,0.9999999999310616,0.707106898302937,0.0,0.9999999999721944
S2_DROP_TOP5,0,L1_EXTENDED,B2_COMMON_NODE_EQUAL_DENSITY,0.5,A2_W0::2006->2007,4,0.5,0.5,0.0,0.7272727272727273,0.2272727272727272,0.7905694368324166,0.7745967132452154,0.9999999999001722,0.0
S2_DROP_TOP5,0,L1_EXTENDED,B2_COMMON_NODE_EQUAL_DENSITY,0.5,A2_W0::2007->2008,5,0.4901960784313725,0.4901960784313725,0.0,0.8235294117647058,0.1568627450980392,0.999999999836788,0.99999999987254,0.3747146859659699,0.3747146859659699
S2_DROP_TOP5,0,L1_EXTENDED,B2_COMMON_NODE_EQUAL_DENSITY,0.5,A2_W0::2008->2009,6,0.4791666666666667,0.4791666666666667,0.0,0.7916666666666666,0.1875,0.9874371540139516,0.9487311901653568,0.9999999997805246,0.2757162596151359
S2_DROP_TOP5,0,L1_EXTENDED,B2_COMMON_NODE_EQUAL_DENSITY,0.5,A2_W0::2009->2010,7,0.4680851063829787,0.4680851063829787,0.0212765957446808,0.7446808510638298,0.1702127659574468,0.9872663922996002,0.9370757748326468,0.8662579299994253,0.2166577983448218
S2_DROP_TOP5,0,L1_EXTENDED,B2_COMMON_NODE_EQUAL_DENSITY,0.5,A2_W0::2010->2011,8,0.4363636363636363,0.4363636363636363,0.0181818181818181,0.8181818181818182,0.1454545454545454,0.9447992151693936,0.8770928833422086,0.9999999999102016,0.2149370279952363
S2_DROP_TOP5,0,L1_EXTENDED,B2_COMMON_NODE_EQUAL_DENSITY,0.5,A2_W0::2011->2012,9,0.4342105263157895,0.4342105263157895,0.0263157894736842,0.7894736842105263,0.131578947368421,0.9402056943936088,0.9511132063187636,0.9139396509421244,0.331222329528976
S2_DROP_TOP5,0,L1_EXTENDED,B2_COMMON_NODE_EQUAL_DENSITY,0.5,A2_W0::2012->2013,10,0.4222222222222222,0.4222222222222222,0.0222222222222222,0.7222222222222222,0.1777777777777777,0.9400152895452883,0.8702026669887188,0.8881595201867012,0.2156977620765013
S2_DROP_TOP5,0,L1_EXTENDED,B2_COMMON_NODE_EQUAL_DENSITY,0.5,A2_W0::2013->2014,11,0.4347826086956521,0.4347826086956521,0.0543478260869565,0.5869565217391305,0.2717391304347826,0.925352005231571,0.9595808614624892,0.9306932270767924,0.2080216890814592
S2_DROP_TOP5,0,L1_EXTENDED,B2_COMMON_NODE_EQUAL_DENSITY,0.5,A2_W0::2014->2015,12,0.4511278195488721,0.4511278195488721,0.037593984962406,0.7142857142857143,0.1578947368421052,0.97028800201056,0.9339064656278884,0.8870527336587273,0.2949650740920266
S2_DROP_TOP5,0,L1_EXTENDED,B2_COMMON_NODE_EQUAL_DENSITY,0.5,A2_W0::2015->2016,13,0.4074074074074074,0.4074074074074074,0.1111111111111111,0.7283950617283951,0.1851851851851851,0.923520861035028,0.8999980058443169,0.8229642679611424,0.284182286133822
S2_DROP_TOP5,0,L1_EXTENDED,B2_COMMON_NODE_EQUAL_DENSITY,0.5,A2_W0::2016->2017,14,0.4065934065934066,0.4065934065934066,0.0549450549450549,0.7417582417582418,0.1813186813186813,0.9110671478683162,0.9261966159716734,0.8126075055978533,0.2175539909988867
S2_DROP_TOP5,0,L1_EXTENDED,B2_COMMON_NODE_EQUAL_DENSITY,0.5,A2_W0::2017->2018,15,0.4298245614035088,0.4298245614035088,0.043859649122807,0.793859649122807,0.1666666666666666,0.9466788144532752,0.8526310040837671,0.9575199653740812,0.2555121774653582
S2_DROP_TOP5,0,L1_EXTENDED,B2_COMMON_NODE_EQUAL_DENSITY,0.5,A2_W0::2018->2019,16,0.4710144927536231,0.4710144927536231,0.0471014492753623,0.822463768115942,0.1557971014492753,0.978920953452306,0.95028346391428,0.931052901017382,0.3125294487168814
S2_DROP_TOP5,0,L1_EXTENDED,B2_COMMON_NODE_EQUAL_DENSITY,0.5,A2_W0::2019->2020,17,0.468944099378882,0.468944099378882,0.062111801242236,0.8540372670807453,0.1335403726708074,0.9829588130808554,0.9117356190419232,0.7257639776317111,0.2791415705774926
S2_DROP_TOP5,0,L1_EXTENDED,B2_COMMON_NODE_EQUAL_DENSITY,0.5,A2_W0::2020->2021,18,0.4820717131474104,0.4820717131474104,0.0199203187250996,0.8366533864541833,0.1513944223107569,0.9953853719392626,0.9186744085610072,0.8497266698303994,0.1834895803937141
S2_DROP_TOP5,0,L1_EXTENDED,B2_COMMON_NODE_EQUAL_DENSITY,0.5,A2_W0::2021->2022,19,0.4475524475524475,0.4475524475524475,0.0979020979020979,0.8321678321678322,0.1678321678321678,0.950381216520688,0.9459720898702528,0.0,0.2530384748262164
S2_DROP_TOP5,0,L1_EXTENDED,B2_COMMON_NODE_EQUAL_DENSITY,0.5,A2_W0::2022->2023,20,0.4915254237288136,0.4915254237288136,0.0,0.9661016949152542,0.0338983050847457,0.9916667606235772,0.9999999999357854,0.0,0.2323122138198328
S2_DROP_TOP5,0,L2_HIGH,B0_REFERENCE,1.0,A2_W0::2002->2003,0,0.8505747126436781,0.0919540229885057,0.0229885057471264,0.971264367816092,0.028735632183908,0.8050433020862956,0.9532146087619268,0.0,0.8408981570092277
S2_DROP_TOP5,0,L2_HIGH,B0_REFERENCE,1.0,A2_W0::2003->2004,1,0.4785478547854785,0.4257425742574257,0.0693069306930693,0.9801980198019802,0.0198019801980198,0.7741765492515066,0.7891085375973407,0.0,0.7821914392127471
S2_DROP_TOP5,0,L2_HIGH,B0_REFERENCE,1.0,A2_W0::2004->2005,2,0.2926829268292683,0.5772357723577236,0.016260162601626,0.975609756097561,0.024390243902439,0.6145135557951455,0.5704695091704685,0.0,0.4176963465730673
S2_DROP_TOP5,0,L2_HIGH,B0_REFERENCE,1.0,A2_W0::2005->2006,3,0.4157303370786517,0.5393258426966292,0.0168539325842696,0.9606741573033708,0.0393258426966292,0.4524139845821344,0.8451542596349261,0.0,0.8660254080624491
S2_DROP_TOP5,0,L2_HIGH,B0_REFERENCE,1.0,A2_W0::2006->2007,4,0.7050359712230215,0.0863309352517985,0.0719424460431654,0.9424460431654677,0.0539568345323741,0.8758855958035141,0.9309493287907392,0.9999999998998734,0.5872202211740141
S2_DROP_TOP5,0,L2_HIGH,B0_REFERENCE,1.0,A2_W0::2007->2008,5,0.3981042654028436,0.4170616113744075,0.0450236966824644,0.943127962085308,0.0545023696682464,0.8517393053083817,0.7671336794175883,0.3719664071314659,0.498802939638269
S2_DROP_TOP5,0,L2_HIGH,B0_REFERENCE,1.0,A2_W0::2008->2009,6,0.5676625659050967,0.2987697715289982,0.015817223198594,0.9490333919156416,0.0456942003514938,0.8400708651260104,0.8620639410504461,0.8219313517103627,0.6008438726901391
S2_DROP_TOP5,0,L2_HIGH,B0_REFERENCE,1.0,A2_W0::2009->2010,7,0.2784810126582278,0.6166365280289331,0.0705244122965642,0.9403254972875226,0.0452079566003616,0.8463054274517395,0.8845556029402059,0.8442581900833724,0.6392915926756967
S2_DROP_TOP5,0,L2_HIGH,B0_REFERENCE,1.0,A2_W0::2010->2011,8,0.5851272015655578,0.2661448140900195,0.0587084148727984,0.9315068493150684,0.0508806262230919,0.8908567365758754,0.8272504067670575,0.7032857317329844,0.6070882555854603
S2_DROP_TOP5,0,L2_HIGH,B0_REFERENCE,1.0,A2_W0::2011->2012,9,0.4343891402714932,0.3122171945701357,0.0784313725490196,0.9306184012066364,0.0482654600301659,0.8546154905722692,0.8011672961858051,0.7671930941810456,0.6918610369643521
S2_DROP_TOP5,0,L2_HIGH,B0_REFERENCE,1.0,A2_W0::2012->2013,10,0.2818897637795275,0.4551181102362204,0.1590551181102362,0.9165354330708662,0.0629921259842519,0.8493352048324367,0.8397915730397331,0.7406030317371176,0.6052560298475528
S2_DROP_TOP5,0,L2_HIGH,B0_REFERENCE,1.0,A2_W0::2013->2014,11,0.4948905109489051,0.3138686131386861,0.0817518248175182,0.9167883211678832,0.0598540145985401,0.8955991434842913,0.8553990505688158,0.8838350194373744,0.547137414491302
S2_DROP_TOP5,0,L2_HIGH,B0_REFERENCE,1.0,A2_W0::2014->2015,12,0.4080604534005038,0.3198992443324937,0.1032745591939546,0.9231738035264484,0.0516372795969773,0.8683063373521833,0.8700612282525849,0.8499850797585542,0.4621629673414538
S2_DROP_TOP5,0,L2_HIGH,B0_REFERENCE,1.0,A2_W0::2015->2016,13,0.4026548672566372,0.2411504424778761,0.2201327433628318,0.922566371681416,0.0553097345132743,0.7717352521650882,0.8268628716894382,0.7349947466879196,0.3555210435860752
S2_DROP_TOP5,0,L2_HIGH,B0_REFERENCE,1.0,A2_W0::2016->2017,14,0.4131736526946107,0.2335329341317365,0.097519247219846,0.9289991445680068,0.0547476475620188,0.776229600382669,0.8426584974532478,0.7210972059295198,0.4419703748851361
S2_DROP_TOP5,0,L2_HIGH,B0_REFERENCE,1.0,A2_W0::2017->2018,15,0.3155080213903743,0.3712757830404889,0.2177234530175706,0.9457601222307104,0.0443086325439266,0.8484645922541446,0.812262324771539,0.9099280982858264,0.5347823005672642
S2_DROP_TOP5,0,L2_HIGH,B0_REFERENCE,1.0,A2_W0::2018->2019,16,0.4220505617977528,0.3314606741573033,0.1264044943820224,0.94311797752809,0.0498595505617977,0.8942316702714552,0.8425245304637956,0.8482763193167748,0.4607847749816064
S2_DROP_TOP5,0,L2_HIGH,B0_REFERENCE,1.0,A2_W0::2019->2020,17,0.4419695193434935,0.2590855803048065,0.2157092614302461,0.9519343493552168,0.0433763188745603,0.8687873748170996,0.731326169492641,0.688398002925205,0.5147825494468347
S2_DROP_TOP5,0,L2_HIGH,B0_REFERENCE,1.0,A2_W0::2020->2021,18,0.2516281823564239,0.5026642984014209,0.1746595618709295,0.9544108940201302,0.0432208407341622,0.876913105200682,0.8104589166563412,0.8902217284781696,0.5234497174770939
S2_DROP_TOP5,0,L2_HIGH,B0_REFERENCE,1.0,A2_W0::2021->2022,19,0.1366906474820144,0.5107913669064749,0.171634121274409,0.9578622816032888,0.0421377183967112,0.8531483795159366,0.7895154848906306,0.0,0.6295082387346045
S2_DROP_TOP5,0,L2_HIGH,B0_REFERENCE,1.0,A2_W0::2022->2023,20,0.1454219030520646,0.7755834829443446,0.0107719928186714,0.9820466786355476,0.0179533213644524,0.8971849435074647,0.8352190414883236,0.0,0.6266530414414244
S2_DROP_TOP5,0,L2_HIGH,B2_COMMON_NODE_EQUAL_DENSITY,1.0,A2_W0::2002->2003,0,0.5,0.5,0.0,0.7857142857142857,0.2142857142857142,0.9999999999239716,0.9999999999593154,0.0,0.0
S2_DROP_TOP5,0,L2_HIGH,B2_COMMON_NODE_EQUAL_DENSITY,1.0,A2_W0::2003->2004,1,0.5,0.5,0.0,0.8333333333333334,0.1666666666666666,0.999999999932246,0.9999999999634632,0.0,0.0
S2_DROP_TOP5,0,L2_HIGH,B2_COMMON_NODE_EQUAL_DENSITY,1.0,A2_W0::2004->2005,2,0.5,0.5,0.0,0.9444444444444444,0.0555555555555555,0.9999999999471596,0.9999999999485744,0.0,0.0
S2_DROP_TOP5,0,L2_HIGH,B2_COMMON_NODE_EQUAL_DENSITY,1.0,A2_W0::2005->2006,3,0.5,0.5,0.0,0.875,0.125,0.801783775086846,0.70710704246189,0.0,0.0
S2_DROP_TOP5,0,L2_HIGH,B2_COMMON_NODE_EQUAL_DENSITY,1.0,A2_W0::2006->2007,4,0.3783783783783784,0.3783783783783784,0.2432432432432432,0.8108108108108109,0.1621621621621621,0.795822523663738,0.9999999997901324,0.9999999998998734,0.999999999658175
S2_DROP_TOP5,0,L2_HIGH,B2_COMMON_NODE_EQUAL_DENSITY,1.0,A2_W0::2007->2008,5,0.4044943820224719,0.4044943820224719,0.0786516853932584,0.8314606741573034,0.1573033707865168,0.9179826473923148,0.8772856729002059,0.3719664071314659,0.2735818616161618
S2_DROP_TOP5,0,L2_HIGH,B2_COMMON_NODE_EQUAL_DENSITY,1.0,A2_W0::2008->2009,6,0.4795918367346938,0.4795918367346938,0.0,0.8673469387755102,0.1122448979591836,0.9889401336536124,0.9216097969158316,0.999999999806634,0.3439588686964515
S2_DROP_TOP5,0,L2_HIGH,B2_COMMON_NODE_EQUAL_DENSITY,1.0,A2_W0::2009->2010,7,0.4456521739130434,0.4456521739130434,0.0652173913043478,0.782608695652174,0.1413043478260869,0.954151156706456,0.9377343837235848,0.9259529720161048,0.3134224607437845
S2_DROP_TOP5,0,L2_HIGH,B2_COMMON_NODE_EQUAL_DENSITY,1.0,A2_W0::2010->2011,8,0.392156862745098,0.392156862745098,0.0686274509803921,0.7549019607843137,0.1666666666666666,0.8947460151822189,0.9153750531946648,0.7943359390176954,0.2062848025211905
S2_DROP_TOP5,0,L2_HIGH,B2_COMMON_NODE_EQUAL_DENSITY,1.0,A2_W0::2011->2012,9,0.381294964028777,0.381294964028777,0.0647482014388489,0.7985611510791367,0.1294964028776978,0.8976536085216286,0.8566427640253476,0.8173315507637309,0.3177178879582087
S2_DROP_TOP5,0,L2_HIGH,B2_COMMON_NODE_EQUAL_DENSITY,1.0,A2_W0::2012->2013,10,0.4067796610169492,0.4067796610169492,0.03954802259887,0.7853107344632768,0.1525423728813559,0.9134056667581611,0.9250666926124524,0.8431217072411322,0.2961204026560969
S2_DROP_TOP5,0,L2_HIGH,B2_COMMON_NODE_EQUAL_DENSITY,1.0,A2_W0::2013->2014,11,0.4166666666666667,0.4166666666666667,0.0888888888888888,0.7388888888888889,0.1777777777777777,0.925730346474788,0.9036476521952836,0.8755428589385648,0.2314489030655633
S2_DROP_TOP5,0,L2_HIGH,B2_COMMON_NODE_EQUAL_DENSITY,1.0,A2_W0::2014->2015,12,0.4065040650406504,0.4065040650406504,0.1056910569105691,0.7926829268292683,0.1260162601626016,0.9216245039354612,0.8912506236158274,0.876946505999318,0.3500387625044512
S2_DROP_TOP5,0,L2_HIGH,B2_COMMON_NODE_EQUAL_DENSITY,1.0,A2_W0::2015->2016,13,0.3180212014134275,0.3180212014134275,0.2897526501766784,0.8197879858657244,0.1201413427561837,0.7913359934740397,0.9012755881554484,0.8010358655568515,0.1922693080224254
S2_DROP_TOP5,0,L2_HIGH,B2_COMMON_NODE_EQUAL_DENSITY,1.0,A2_W0::2016->2017,14,0.3617647058823529,0.3617647058823529,0.088235294117647,0.8147058823529412,0.138235294117647,0.8636151042218982,0.871239636622371,0.7761777718152366,0.2507474199194077
S2_DROP_TOP5,0,L2_HIGH,B2_COMMON_NODE_EQUAL_DENSITY,1.0,A2_W0::2017->2018,15,0.3853427895981087,0.3853427895981087,0.1276595744680851,0.8628841607565012,0.1063829787234042,0.8939457327675402,0.8267802486440983,0.939116646587889,0.2855885135769531
S2_DROP_TOP5,0,L2_HIGH,B2_COMMON_NODE_EQUAL_DENSITY,1.0,A2_W0::2018->2019,16,0.4171656686626746,0.4171656686626746,0.1197604790419161,0.872255489021956,0.1117764471057884,0.9344840171903778,0.8513468693721525,0.8860209196072063,0.3553951428137516
S2_DROP_TOP5,0,L2_HIGH,B2_COMMON_NODE_EQUAL_DENSITY,1.0,A2_W0::2019->2020,17,0.4402618657937807,0.4402618657937807,0.1063829787234042,0.900163666121113,0.0916530278232405,0.9586046568199224,0.834683097194748,0.5879304702488655,0.3341492720514452
S2_DROP_TOP5,0,L2_HIGH,B2_COMMON_NODE_EQUAL_DENSITY,1.0,A2_W0::2020->2021,18,0.4549266247379455,0.4549266247379455,0.060796645702306,0.8888888888888888,0.1027253668763102,0.9671302615672004,0.8719776241461558,0.8902217284781696,0.2646385282173316
S2_DROP_TOP5,0,L2_HIGH,B2_COMMON_NODE_EQUAL_DENSITY,1.0,A2_W0::2021->2022,19,0.4421052631578947,0.4421052631578947,0.0807017543859649,0.8842105263157894,0.1157894736842105,0.9603012986392672,0.8329010253738196,0.0,0.3153593030287481
S2_DROP_TOP5,0,L2_HIGH,B2_COMMON_NODE_EQUAL_DENSITY,1.0,A2_W0::2022->2023,20,0.4871794871794871,0.4871794871794871,0.0085470085470085,0.9658119658119658,0.0341880341880341,0.977899583635046,0.8261354370878515,0.0,0.5133212249330227
S2_DROP_TOP5,0,L2_HIGH,B2_COMMON_NODE_EQUAL_DENSITY,0.75,A2_W0::2002->2003,0,0.5,0.5,0.0,0.7,0.3,0.9999999999564332,0.9999999999593154,0.0,0.0
S2_DROP_TOP5,0,L2_HIGH,B2_COMMON_NODE_EQUAL_DENSITY,0.75,A2_W0::2003->2004,1,0.5,0.5,0.0,0.7857142857142857,0.2142857142857142,0.9999999999400984,0.9999999999634632,0.0,0.0
S2_DROP_TOP5,0,L2_HIGH,B2_COMMON_NODE_EQUAL_DENSITY,0.75,A2_W0::2004->2005,2,0.5,0.5,0.0,0.9166666666666666,0.0833333333333333,0.9999999999555332,0.9999999999485744,0.0,0.0
S2_DROP_TOP5,0,L2_HIGH,B2_COMMON_NODE_EQUAL_DENSITY,0.75,A2_W0::2005->2006,3,0.5,0.5,0.0,0.8333333333333334,0.1666666666666666,0.8366600822010168,0.70710704246189,0.0,0.0
S2_DROP_TOP5,0,L2_HIGH,B2_COMMON_NODE_EQUAL_DENSITY,0.75,A2_W0::2006->2007,4,0.4516129032258064,0.4516129032258064,0.0967741935483871,0.8064516129032258,0.1612903225806451,0.7745967860711587,0.8944272735090146,0.9999999998998734,0.9999999997319848
S2_DROP_TOP5,0,L2_HIGH,B2_COMMON_NODE_EQUAL_DENSITY,0.75,A2_W0::2007->2008,5,0.4736842105263157,0.4736842105263157,0.0,0.8552631578947368,0.131578947368421,0.9771850204415315,0.9999999998524242,0.3719664071314659,0.2270714128486466
S2_DROP_TOP5,0,L2_HIGH,B2_COMMON_NODE_EQUAL_DENSITY,0.75,A2_W0::2008->2009,6,0.4794520547945205,0.4794520547945205,0.0,0.821917808219178,0.1506849315068493,0.984295179239496,0.958577951556452,0.999999999806634,0.2815484561251526
S2_DROP_TOP5,0,L2_HIGH,B2_COMMON_NODE_EQUAL_DENSITY,0.75,A2_W0::2009->2010,7,0.4647887323943662,0.4647887323943662,0.0422535211267605,0.7746478873239436,0.1549295774647887,0.9842967765232286,0.9259636291850464,0.8946197344038298,0.3793218601783166
S2_DROP_TOP5,0,L2_HIGH,B2_COMMON_NODE_EQUAL_DENSITY,0.75,A2_W0::2010->2011,8,0.4102564102564102,0.4102564102564102,0.0256410256410256,0.8076923076923077,0.1282051282051282,0.9201713577852692,0.8511460098110065,0.8992155405071799,0.2122168537870556
S2_DROP_TOP5,0,L2_HIGH,B2_COMMON_NODE_EQUAL_DENSITY,0.75,A2_W0::2011->2012,9,0.3904761904761905,0.3904761904761905,0.0666666666666666,0.7619047619047619,0.1523809523809524,0.9174196739560478,0.8714162906426155,0.794446602631899,0.3708321405621522
S2_DROP_TOP5,0,L2_HIGH,B2_COMMON_NODE_EQUAL_DENSITY,0.75,A2_W0::2012->2013,10,0.4148148148148148,0.4148148148148148,0.0518518518518518,0.7481481481481481,0.1851851851851851,0.922005674434876,0.9188080630712854,0.8291884680552224,0.2238719519424121
S2_DROP_TOP5,0,L2_HIGH,B2_COMMON_NODE_EQUAL_DENSITY,0.75,A2_W0::2013->2014,11,0.4148148148148148,0.4148148148148148,0.0814814814814814,0.6592592592592592,0.2296296296296296,0.9096388832905874,0.9163217669256818,0.939727034469686,0.1997535970236042
S2_DROP_TOP5,0,L2_HIGH,B2_COMMON_NODE_EQUAL_DENSITY,0.75,A2_W0::2014->2015,12,0.4494949494949495,0.4494949494949495,0.0454545454545454,0.7575757575757576,0.1464646464646464,0.9672558801612332,0.9347307483407707,0.8699880062462263,0.3206415354163467
S2_DROP_TOP5,0,L2_HIGH,B2_COMMON_NODE_EQUAL_DENSITY,0.75,A2_W0::2015->2016,13,0.3949579831932773,0.3949579831932773,0.1386554621848739,0.7857142857142857,0.1428571428571428,0.904589650091734,0.9012755881554484,0.8010358655568515,0.2662754454725079
S2_DROP_TOP5,0,L2_HIGH,B2_COMMON_NODE_EQUAL_DENSITY,0.75,A2_W0::2016->2017,14,0.3596837944664031,0.3596837944664031,0.0988142292490118,0.7747035573122529,0.1660079051383399,0.8599096368852559,0.8793175519650366,0.7902851531977669,0.259299459210668
S2_DROP_TOP5,0,L2_HIGH,B2_COMMON_NODE_EQUAL_DENSITY,0.75,A2_W0::2017->2018,15,0.4054878048780488,0.4054878048780488,0.0884146341463414,0.8414634146341463,0.125,0.9177950026822628,0.8269091875831227,0.9276177204962835,0.253622408594234
S2_DROP_TOP5,0,L2_HIGH,B2_COMMON_NODE_EQUAL_DENSITY,0.75,A2_W0::2018->2019,16,0.4592592592592592,0.4592592592592592,0.0518518518518518,0.8567901234567902,0.1259259259259259,0.9709172934384872,0.914013815757876,0.9419349860155724,0.3449756432575629
S2_DROP_TOP5,0,L2_HIGH,B2_COMMON_NODE_EQUAL_DENSITY,0.75,A2_W0::2019->2020,17,0.4520255863539446,0.4520255863539446,0.0788912579957356,0.8805970149253731,0.1108742004264392,0.9695027196110616,0.8670634888590769,0.5256312747728006,0.3124127292657059
S2_DROP_TOP5,0,L2_HIGH,B2_COMMON_NODE_EQUAL_DENSITY,0.75,A2_W0::2020->2021,18,0.4743935309973046,0.4743935309973046,0.0296495956873315,0.8679245283018868,0.1212938005390835,0.9894119640751357,0.8807097072631827,0.8902217284781696,0.2607291029977542
S2_DROP_TOP5,0,L2_HIGH,B2_COMMON_NODE_EQUAL_DENSITY,0.75,A2_W0::2021->2022,19,0.45662100456621,0.45662100456621,0.0776255707762557,0.8767123287671232,0.1232876712328767,0.9643067288690294,0.9191882857533734,0.0,0.2666444109907657
S2_DROP_TOP5,0,L2_HIGH,B2_COMMON_NODE_EQUAL_DENSITY,0.75,A2_W0::2022->2023,20,0.4827586206896552,0.4827586206896552,0.0114942528735632,0.9655172413793104,0.0344827586206896,0.994391995204489,0.7593855064000928,0.0,0.5133212249330227
S2_DROP_TOP5,0,L2_HIGH,B2_COMMON_NODE_EQUAL_DENSITY,0.5,A2_W0::2002->2003,0,0.5,0.5,0.0,0.6666666666666666,0.3333333333333333,0.999999999960987,0.9999999999610988,0.0,0.0
S2_DROP_TOP5,0,L2_HIGH,B2_COMMON_NODE_EQUAL_DENSITY,0.5,A2_W0::2003->2004,1,0.5,0.5,0.0,0.75,0.25,0.9999999999703362,0.9999999999709076,0.0,0.0
S2_DROP_TOP5,0,L2_HIGH,B2_COMMON_NODE_EQUAL_DENSITY,0.5,A2_W0::2004->2005,2,0.5,0.5,0.0,1.0,0.0,0.9999999999663582,0.0,0.0,0.0
S2_DROP_TOP5,0,L2_HIGH,B2_COMMON_NODE_EQUAL_DENSITY,0.5,A2_W0::2005->2006,3,0.5,0.5,0.0,0.75,0.25,0.9128709670788888,0.70710704246189,0.0,0.0
S2_DROP_TOP5,0,L2_HIGH,B2_COMMON_NODE_EQUAL_DENSITY,0.5,A2_W0::2006->2007,4,0.5,0.5,0.0,0.7727272727272727,0.1818181818181818,0.7669651146241906,0.8660255103737521,0.9999999998998734,0.0
S2_DROP_TOP5,0,L2_HIGH,B2_COMMON_NODE_EQUAL_DENSITY,0.5,A2_W0::2007->2008,5,0.4901960784313725,0.4901960784313725,0.0,0.803921568627451,0.1764705882352941,0.99999999983857,0.9999999998631726,0.3719664071314659,0.3719664071314659
S2_DROP_TOP5,0,L2_HIGH,B2_COMMON_NODE_EQUAL_DENSITY,0.5,A2_W0::2008->2009,6,0.4791666666666667,0.4791666666666667,0.0,0.7708333333333334,0.1875,0.9871235425167336,0.9491275866791457,0.999999999806634,0.2836066438455387
S2_DROP_TOP5,0,L2_HIGH,B2_COMMON_NODE_EQUAL_DENSITY,0.5,A2_W0::2009->2010,7,0.4791666666666667,0.4791666666666667,0.0208333333333333,0.75,0.1666666666666666,0.9876830408177684,0.9999999999006324,0.866273967373911,0.2453189382348987
S2_DROP_TOP5,0,L2_HIGH,B2_COMMON_NODE_EQUAL_DENSITY,0.5,A2_W0::2010->2011,8,0.4363636363636363,0.4363636363636363,0.0,0.8181818181818182,0.1454545454545454,0.9330505698261512,0.937480346824348,0.9999999999087952,0.1720492779496079
S2_DROP_TOP5,0,L2_HIGH,B2_COMMON_NODE_EQUAL_DENSITY,0.5,A2_W0::2011->2012,9,0.4342105263157895,0.4342105263157895,0.0263157894736842,0.7894736842105263,0.131578947368421,0.9402460358184972,0.950916317940734,0.9141098013727113,0.3316255881744934
S2_DROP_TOP5,0,L2_HIGH,B2_COMMON_NODE_EQUAL_DENSITY,0.5,A2_W0::2012->2013,10,0.4222222222222222,0.4222222222222222,0.0222222222222222,0.7222222222222222,0.1777777777777777,0.9401257145303848,0.8698134292628371,0.8877986110100581,0.2151821777083235
S2_DROP_TOP5,0,L2_HIGH,B2_COMMON_NODE_EQUAL_DENSITY,0.5,A2_W0::2013->2014,11,0.4347826086956521,0.4347826086956521,0.0543478260869565,0.5869565217391305,0.2717391304347826,0.9254602158033176,0.959535093364656,0.9301076650679329,0.2069078733313372
S2_DROP_TOP5,0,L2_HIGH,B2_COMMON_NODE_EQUAL_DENSITY,0.5,A2_W0::2014->2015,12,0.4511278195488721,0.4511278195488721,0.037593984962406,0.7218045112781954,0.1578947368421052,0.9707269261307282,0.9343776945520424,0.8794587451324636,0.3001655538455
S2_DROP_TOP5,0,L2_HIGH,B2_COMMON_NODE_EQUAL_DENSITY,0.5,A2_W0::2015->2016,13,0.4037267080745341,0.4037267080745341,0.1118012422360248,0.7204968944099379,0.186335403726708,0.9176935650516476,0.899911468790572,0.8384230111255595,0.2856937471716733
S2_DROP_TOP5,0,L2_HIGH,B2_COMMON_NODE_EQUAL_DENSITY,0.5,A2_W0::2016->2017,14,0.4065934065934066,0.4065934065934066,0.0494505494505494,0.7417582417582418,0.1813186813186813,0.9070208304913852,0.9264544976905814,0.8553033902006806,0.2188756476091993
S2_DROP_TOP5,0,L2_HIGH,B2_COMMON_NODE_EQUAL_DENSITY,0.5,A2_W0::2017->2018,15,0.4323144104803493,0.4323144104803493,0.0436681222707423,0.7991266375545851,0.1659388646288209,0.9500038784043228,0.85269808424606,0.9521621179698756,0.2566108565611996
S2_DROP_TOP5,0,L2_HIGH,B2_COMMON_NODE_EQUAL_DENSITY,0.5,A2_W0::2018->2019,16,0.4671532846715328,0.4671532846715328,0.0510948905109489,0.8211678832116789,0.156934306569343,0.9766657797530732,0.9379670654778592,0.9319058094455304,0.3039952678736595
S2_DROP_TOP5,0,L2_HIGH,B2_COMMON_NODE_EQUAL_DENSITY,0.5,A2_W0::2019->2020,17,0.4672897196261682,0.4672897196261682,0.0623052959501557,0.8535825545171339,0.1339563862928348,0.9827702626442476,0.9040688676272688,0.7249880739270542,0.2998029343124566
S2_DROP_TOP5,0,L2_HIGH,B2_COMMON_NODE_EQUAL_DENSITY,0.5,A2_W0::2020->2021,18,0.4820717131474104,0.4820717131474104,0.0199203187250996,0.8366533864541833,0.1513944223107569,0.9953750026895736,0.9187237536108828,0.8504859206812209,0.1843905458386195
S2_DROP_TOP5,0,L2_HIGH,B2_COMMON_NODE_EQUAL_DENSITY,0.5,A2_W0::2021->2022,19,0.4513888888888889,0.4513888888888889,0.0902777777777777,0.8333333333333334,0.1666666666666666,0.9550681856623232,0.9458724612428364,0.0,0.2578512644446705
S2_DROP_TOP5,0,L2_HIGH,B2_COMMON_NODE_EQUAL_DENSITY,0.5,A2_W0::2022->2023,20,0.4827586206896552,0.4827586206896552,0.0,0.9655172413793104,0.0344827586206896,0.9915760992014792,0.9268692572798842,0.0,0.6239672415898511
S2_DROP_TOP5,1,L0_STAGE15_MATCHED,B0_REFERENCE,1.0,A2_W0::2002->2003,0,0.7786885245901639,0.1721311475409836,0.0327868852459016,0.9590163934426228,0.040983606557377,0.967259810160175,0.9377044298570636,0.0,0.9000609423629224
S2_DROP_TOP5,1,L0_STAGE15_MATCHED,B0_REFERENCE,1.0,A2_W0::2003->2004,1,0.5992063492063492,0.3134920634920635,0.0674603174603174,0.9761904761904762,0.0238095238095238,0.8493901280749,0.8384429859036358,0.0,0.7597236851111573
S2_DROP_TOP5,1,L0_STAGE15_MATCHED,B0_REFERENCE,1.0,A2_W0::2004->2005,2,0.0648648648648648,0.7675675675675676,0.0162162162162162,0.9675675675675676,0.0324324324324324,0.7093679181096024,0.5924333548299673,0.0,0.3202404045309609
S2_DROP_TOP5,1,L0_STAGE15_MATCHED,B0_REFERENCE,1.0,A2_W0::2005->2006,3,0.7278481012658228,0.240506329113924,0.0063291139240506,0.9493670886075948,0.050632911392405,0.483045891542651,0.7905694150335869,0.0,0.9999999998999644
S2_DROP_TOP5,1,L0_STAGE15_MATCHED,B0_REFERENCE,1.0,A2_W0::2006->2007,4,0.6808510638297872,0.1941489361702127,0.125,0.9601063829787234,0.0372340425531914,0.7461814134038254,0.9636241099774148,0.9999999999099568,0.9453131828400072
S2_DROP_TOP5,1,L0_STAGE15_MATCHED,B0_REFERENCE,1.0,A2_W0::2007->2008,5,0.3878787878787879,0.3090909090909091,0.1595959595959596,0.9535353535353536,0.0444444444444444,0.7821039965356458,0.8122951531340035,0.4868548273695,0.4652543921940172
S2_DROP_TOP5,1,L0_STAGE15_MATCHED,B0_REFERENCE,1.0,A2_W0::2008->2009,6,0.4375,0.3388157894736842,0.1167763157894736,0.9588815789473684,0.037828947368421,0.8087368757547659,0.8931509901649584,0.7080535796095301,0.4427892019708833
S2_DROP_TOP5,1,L0_STAGE15_MATCHED,B0_REFERENCE,1.0,A2_W0::2009->2010,7,0.2717391304347826,0.6286231884057971,0.0706521739130434,0.9402173913043478,0.0452898550724637,0.8491431412098354,0.9431508121057146,0.8517172863520244,0.6069834586111073
S2_DROP_TOP5,1,L0_STAGE15_MATCHED,B0_REFERENCE,1.0,A2_W0::2010->2011,8,0.6011673151750972,0.2743190661478599,0.0486381322957198,0.926070038910506,0.056420233463035,0.8951531068587731,0.834565942388276,0.6948830738982789,0.5443263735479167
S2_DROP_TOP5,1,L0_STAGE15_MATCHED,B0_REFERENCE,1.0,A2_W0::2011->2012,9,0.4125984251968504,0.3874015748031496,0.1291338582677165,0.9291338582677166,0.0503937007874015,0.8754452756998937,0.7973766911534923,0.7816785523205043,0.4014520933387227
S2_DROP_TOP5,1,L0_STAGE15_MATCHED,B0_REFERENCE,1.0,A2_W0::2012->2013,10,0.3406779661016949,0.4101694915254237,0.0915254237288135,0.9101694915254236,0.0677966101694915,0.885084863548075,0.8506364327439709,0.7459823517866672,0.7039739075565375
S2_DROP_TOP5,1,L0_STAGE15_MATCHED,B0_REFERENCE,1.0,A2_W0::2013->2014,11,0.5146443514644351,0.309623430962343,0.0794979079497908,0.9177126917712692,0.0599721059972106,0.8769951911057369,0.8422335013598725,0.8654089986414314,0.4844127585193182
S2_DROP_TOP5,1,L0_STAGE15_MATCHED,B0_REFERENCE,1.0,A2_W0::2014->2015,12,0.425754060324826,0.32830626450116,0.0823665893271461,0.9269141531322506,0.0498839907192575,0.8332561702341971,0.8639541486658294,0.8412581610830626,0.5000405136174962
S2_DROP_TOP5,1,L0_STAGE15_MATCHED,B0_REFERENCE,1.0,A2_W0::2015->2016,13,0.3747300215982721,0.2580993520518359,0.2019438444924406,0.92548596112311,0.0539956803455723,0.7625930136629108,0.8353607748149062,0.735626814542007,0.3411050282416669
S2_DROP_TOP5,1,L0_STAGE15_MATCHED,B0_REFERENCE,1.0,A2_W0::2016->2017,14,0.3882457702582368,0.2822796081923419,0.0988423864648263,0.92520035618878,0.0587711487088156,0.7946471427954401,0.8343512767654634,0.7365613663127322,0.3196364786262258
S2_DROP_TOP5,1,L0_STAGE15_MATCHED,B0_REFERENCE,1.0,A2_W0::2017->2018,15,0.3809523809523809,0.3579109062980031,0.1574500768049155,0.9431643625192012,0.0460829493087557,0.8550230031326995,0.8258904440530255,0.9182092103551616,0.4002801331337856
S2_DROP_TOP5,1,L0_STAGE15_MATCHED,B0_REFERENCE,1.0,A2_W0::2018->2019,16,0.4258241758241758,0.3482142857142857,0.1160714285714285,0.9443681318681318,0.048076923076923,0.8865623836063157,0.8420955551307232,0.8667847474490615,0.4221935905152349
S2_DROP_TOP5,1,L0_STAGE15_MATCHED,B0_REFERENCE,1.0,A2_W0::2019->2020,17,0.4244996967859308,0.268041237113402,0.2249848392965433,0.9508793208004852,0.0442692540933899,0.8826574207881922,0.7239169700111873,0.6956123125481264,0.521208937775283
S2_DROP_TOP5,1,L0_STAGE15_MATCHED,B0_REFERENCE,1.0,A2_W0::2020->2021,18,0.2517048977061376,0.5009299442033478,0.1704897706137631,0.95350278983261,0.0440173589584624,0.8977068233188445,0.8178135575426958,0.891696867362127,0.5710349885511327
S2_DROP_TOP5,1,L0_STAGE15_MATCHED,B0_REFERENCE,1.0,A2_W0::2021->2022,19,0.1623309053069719,0.5192507804370448,0.1477627471383975,0.9583766909469302,0.0416233090530697,0.8576517324848856,0.7867392965160293,0.0,0.605570790587526
S2_DROP_TOP5,1,L0_STAGE15_MATCHED,B0_REFERENCE,1.0,A2_W0::2022->2023,20,0.1645569620253164,0.6763110307414105,0.0108499095840868,0.9819168173598554,0.0180831826401446,0.9038079393898508,0.8328713245387966,0.0,0.8359568571011524
S2_DROP_TOP5,1,L0_STAGE15_MATCHED,B2_COMMON_NODE_EQUAL_DENSITY,1.0,A2_W0::2002->2003,0,0.5,0.5,0.0,0.7857142857142857,0.2142857142857142,0.9999999999244952,0.9999999999576036,0.0,0.0
S2_DROP_TOP5,1,L0_STAGE15_MATCHED,B2_COMMON_NODE_EQUAL_DENSITY,1.0,A2_W0::2003->2004,1,0.5,0.5,0.0,0.8333333333333334,0.1666666666666666,0.9999999999322396,0.9999999999651598,0.0,0.0
S2_DROP_TOP5,1,L0_STAGE15_MATCHED,B2_COMMON_NODE_EQUAL_DENSITY,1.0,A2_W0::2004->2005,2,0.5,0.5,0.0,0.9444444444444444,0.0555555555555555,0.999999999948488,0.999999999952256,0.0,0.0
S2_DROP_TOP5,1,L0_STAGE15_MATCHED,B2_COMMON_NODE_EQUAL_DENSITY,1.0,A2_W0::2005->2006,3,0.5,0.5,0.0,0.75,0.25,0.7637626158364642,0.8660254038128474,0.0,0.0
S2_DROP_TOP5,1,L0_STAGE15_MATCHED,B2_COMMON_NODE_EQUAL_DENSITY,1.0,A2_W0::2006->2007,4,0.4888888888888889,0.4888888888888889,0.0222222222222222,0.8,0.1777777777777777,0.7264831571335415,0.8660254036389201,0.999999999909957,0.9999999997434283
S2_DROP_TOP5,1,L0_STAGE15_MATCHED,B2_COMMON_NODE_EQUAL_DENSITY,1.0,A2_W0::2007->2008,5,0.4044943820224719,0.4044943820224719,0.0674157303370786,0.8314606741573034,0.1573033707865168,0.918794828197256,0.8772352916134277,0.4868548273695,0.2950796043630229
S2_DROP_TOP5,1,L0_STAGE15_MATCHED,B2_COMMON_NODE_EQUAL_DENSITY,1.0,A2_W0::2008->2009,6,0.4742268041237113,0.4742268041237113,0.0,0.8556701030927835,0.1237113402061855,0.9882244001515036,0.9289904378739388,0.7080535796095301,0.2883463846700594
S2_DROP_TOP5,1,L0_STAGE15_MATCHED,B2_COMMON_NODE_EQUAL_DENSITY,1.0,A2_W0::2009->2010,7,0.4395604395604395,0.4395604395604395,0.0879120879120879,0.7582417582417582,0.1538461538461538,0.9473247631183288,0.9420185007649512,0.9355719922955726,0.3500927020918376
S2_DROP_TOP5,1,L0_STAGE15_MATCHED,B2_COMMON_NODE_EQUAL_DENSITY,1.0,A2_W0::2010->2011,8,0.392156862745098,0.392156862745098,0.0784313725490196,0.7450980392156863,0.1764705882352941,0.8866833367294785,0.9209686375089554,0.8686874947243274,0.2190889928524321
S2_DROP_TOP5,1,L0_STAGE15_MATCHED,B2_COMMON_NODE_EQUAL_DENSITY,1.0,A2_W0::2011->2012,9,0.3722627737226277,0.3722627737226277,0.0802919708029197,0.7956204379562044,0.1313868613138686,0.8958650107056076,0.8071418834088858,0.8235433018461046,0.3376142736119666
S2_DROP_TOP5,1,L0_STAGE15_MATCHED,B2_COMMON_NODE_EQUAL_DENSITY,1.0,A2_W0::2012->2013,10,0.4067796610169492,0.4067796610169492,0.03954802259887,0.7909604519774012,0.1525423728813559,0.9195433478652526,0.8870997142499384,0.8260943567247975,0.2724887528269986
S2_DROP_TOP5,1,L0_STAGE15_MATCHED,B2_COMMON_NODE_EQUAL_DENSITY,1.0,A2_W0::2013->2014,11,0.4198895027624309,0.4198895027624309,0.0773480662983425,0.7348066298342542,0.1823204419889502,0.933748763628838,0.8912871787678872,0.873012671366526,0.2354869346433252
S2_DROP_TOP5,1,L0_STAGE15_MATCHED,B2_COMMON_NODE_EQUAL_DENSITY,1.0,A2_W0::2014->2015,12,0.416,0.416,0.096,0.796,0.124,0.9339375443875476,0.8926497816796204,0.8807653130030947,0.3713588819446609
S2_DROP_TOP5,1,L0_STAGE15_MATCHED,B2_COMMON_NODE_EQUAL_DENSITY,1.0,A2_W0::2015->2016,13,0.3228070175438596,0.3228070175438596,0.2491228070175438,0.8175438596491228,0.1228070175438596,0.7947988757851588,0.9058601828730942,0.814066594446358,0.1772644929281916
S2_DROP_TOP5,1,L0_STAGE15_MATCHED,B2_COMMON_NODE_EQUAL_DENSITY,1.0,A2_W0::2016->2017,14,0.3654970760233918,0.3654970760233918,0.0789473684210526,0.8216374269005848,0.1345029239766081,0.8690172562085307,0.867621699794525,0.7641727783043342,0.2466155794385159
S2_DROP_TOP5,1,L0_STAGE15_MATCHED,B2_COMMON_NODE_EQUAL_DENSITY,1.0,A2_W0::2017->2018,15,0.3867924528301887,0.3867924528301887,0.1226415094339622,0.8679245283018868,0.1061320754716981,0.8962103179933112,0.8224301251704025,0.9268711837903744,0.2788107386163584
S2_DROP_TOP5,1,L0_STAGE15_MATCHED,B2_COMMON_NODE_EQUAL_DENSITY,1.0,A2_W0::2018->2019,16,0.4194831013916501,0.4194831013916501,0.1153081510934393,0.8747514910536779,0.1113320079522862,0.9351514009074752,0.8697950394007155,0.868569652070485,0.3588546026324539
S2_DROP_TOP5,1,L0_STAGE15_MATCHED,B2_COMMON_NODE_EQUAL_DENSITY,1.0,A2_W0::2019->2020,17,0.4402618657937807,0.4402618657937807,0.1063829787234042,0.8985270049099836,0.0916530278232405,0.9575145642036972,0.8445380696729815,0.6698060140902924,0.330534620695225
S2_DROP_TOP5,1,L0_STAGE15_MATCHED,B2_COMMON_NODE_EQUAL_DENSITY,1.0,A2_W0::2020->2021,18,0.4514767932489451,0.4514767932489451,0.0632911392405063,0.890295358649789,0.1012658227848101,0.964786390009464,0.8572203070253558,0.891696867362127,0.2660159049674164
S2_DROP_TOP5,1,L0_STAGE15_MATCHED,B2_COMMON_NODE_EQUAL_DENSITY,1.0,A2_W0::2021->2022,19,0.4536082474226804,0.4536082474226804,0.0687285223367697,0.8900343642611683,0.1099656357388316,0.9633674034606692,0.9026838717070612,0.0,0.3010291531100639
S2_DROP_TOP5,1,L0_STAGE15_MATCHED,B2_COMMON_NODE_EQUAL_DENSITY,1.0,A2_W0::2022->2023,20,0.4642857142857143,0.4642857142857143,0.0089285714285714,0.9732142857142856,0.0267857142857142,0.9957861045136882,0.5587922794628212,0.0,0.7921531389896435
S2_DROP_TOP5,1,L0_STAGE15_MATCHED,B2_COMMON_NODE_EQUAL_DENSITY,0.75,A2_W0::2002->2003,0,0.5,0.5,0.0,0.8,0.2,0.9999999999554005,0.9999999999716116,0.0,0.0
S2_DROP_TOP5,1,L0_STAGE15_MATCHED,B2_COMMON_NODE_EQUAL_DENSITY,0.75,A2_W0::2003->2004,1,0.5,0.5,0.0,0.7857142857142857,0.2142857142857142,0.9999999999404766,0.9999999999651598,0.0,0.0
S2_DROP_TOP5,1,L0_STAGE15_MATCHED,B2_COMMON_NODE_EQUAL_DENSITY,0.75,A2_W0::2004->2005,2,0.5,0.5,0.0,0.9166666666666666,0.0833333333333333,0.999999999956254,0.999999999952256,0.0,0.0
S2_DROP_TOP5,1,L0_STAGE15_MATCHED,B2_COMMON_NODE_EQUAL_DENSITY,0.75,A2_W0::2005->2006,3,0.5,0.5,0.0,0.8333333333333334,0.1666666666666666,0.8366600265433198,0.7071067813769049,0.0,0.0
S2_DROP_TOP5,1,L0_STAGE15_MATCHED,B2_COMMON_NODE_EQUAL_DENSITY,0.75,A2_W0::2006->2007,4,0.5,0.5,0.0,0.8235294117647058,0.1470588235294117,0.7319250546278443,0.8944271909406142,0.999999999909957,0.0
S2_DROP_TOP5,1,L0_STAGE15_MATCHED,B2_COMMON_NODE_EQUAL_DENSITY,0.75,A2_W0::2007->2008,5,0.4736842105263157,0.4736842105263157,0.0,0.8552631578947368,0.131578947368421,0.9774648042309916,0.9999999998505732,0.4868548273695,0.2917453844428841
S2_DROP_TOP5,1,L0_STAGE15_MATCHED,B2_COMMON_NODE_EQUAL_DENSITY,0.75,A2_W0::2008->2009,6,0.4794520547945205,0.4794520547945205,0.0,0.8356164383561644,0.1506849315068493,0.9839428846408232,0.959834935861144,0.9999999997390978,0.2522391622401826
S2_DROP_TOP5,1,L0_STAGE15_MATCHED,B2_COMMON_NODE_EQUAL_DENSITY,0.75,A2_W0::2009->2010,7,0.4722222222222222,0.4722222222222222,0.0416666666666666,0.75,0.1666666666666666,0.9839102788784336,0.958249602477221,0.9130863069141436,0.2727438550742836
S2_DROP_TOP5,1,L0_STAGE15_MATCHED,B2_COMMON_NODE_EQUAL_DENSITY,0.75,A2_W0::2010->2011,8,0.4102564102564102,0.4102564102564102,0.0384615384615384,0.8205128205128205,0.1282051282051282,0.9211088976723236,0.8524844964798178,0.8713114955228717,0.207759400734392
S2_DROP_TOP5,1,L0_STAGE15_MATCHED,B2_COMMON_NODE_EQUAL_DENSITY,0.75,A2_W0::2011->2012,9,0.3904761904761905,0.3904761904761905,0.0571428571428571,0.7714285714285715,0.1428571428571428,0.9120408033491724,0.874260802191891,0.8598885022245603,0.3899245191627935
S2_DROP_TOP5,1,L0_STAGE15_MATCHED,B2_COMMON_NODE_EQUAL_DENSITY,0.75,A2_W0::2012->2013,10,0.4104477611940298,0.4104477611940298,0.044776119402985,0.746268656716418,0.1865671641791045,0.9230029811739467,0.897107023546729,0.8306842701880924,0.2519757680913655
S2_DROP_TOP5,1,L0_STAGE15_MATCHED,B2_COMMON_NODE_EQUAL_DENSITY,0.75,A2_W0::2013->2014,11,0.4148148148148148,0.4148148148148148,0.0814814814814814,0.6666666666666666,0.2222222222222222,0.9104805275203408,0.9311593491843784,0.910288399609044,0.2135454167735327
S2_DROP_TOP5,1,L0_STAGE15_MATCHED,B2_COMMON_NODE_EQUAL_DENSITY,0.75,A2_W0::2014->2015,12,0.4522613065326633,0.4522613065326633,0.0452261306532663,0.7537688442211056,0.1557788944723618,0.9693020983454278,0.9389568104584576,0.8665048161501211,0.3058870810192202
S2_DROP_TOP5,1,L0_STAGE15_MATCHED,B2_COMMON_NODE_EQUAL_DENSITY,0.75,A2_W0::2015->2016,13,0.3872340425531915,0.3872340425531915,0.1574468085106383,0.7872340425531915,0.1446808510638297,0.8912669983273407,0.9029427948079084,0.8010140114640479,0.2356199502106914
S2_DROP_TOP5,1,L0_STAGE15_MATCHED,B2_COMMON_NODE_EQUAL_DENSITY,0.75,A2_W0::2016->2017,14,0.3596837944664031,0.3596837944664031,0.0869565217391304,0.782608695652174,0.1581027667984189,0.861532561907631,0.872516303387932,0.794876263073305,0.262490953937154
S2_DROP_TOP5,1,L0_STAGE15_MATCHED,B2_COMMON_NODE_EQUAL_DENSITY,0.75,A2_W0::2017->2018,15,0.4,0.4,0.0892307692307692,0.8430769230769231,0.123076923076923,0.9102932434941,0.8348929602415417,0.9268711837903744,0.2595113958802512
S2_DROP_TOP5,1,L0_STAGE15_MATCHED,B2_COMMON_NODE_EQUAL_DENSITY,0.75,A2_W0::2018->2019,16,0.4511278195488721,0.4511278195488721,0.0651629072681704,0.8571428571428571,0.1278195488721804,0.9649492739899108,0.8943588051030125,0.9332757011960952,0.3383690651734508
S2_DROP_TOP5,1,L0_STAGE15_MATCHED,B2_COMMON_NODE_EQUAL_DENSITY,0.75,A2_W0::2019->2020,17,0.4520255863539446,0.4520255863539446,0.0810234541577825,0.8805970149253731,0.1108742004264392,0.969376572004955,0.8577587387344391,0.7265685785744559,0.3149239091296906
S2_DROP_TOP5,1,L0_STAGE15_MATCHED,B2_COMMON_NODE_EQUAL_DENSITY,0.75,A2_W0::2020->2021,18,0.4715447154471545,0.4715447154471545,0.035230352303523,0.8726287262872628,0.1192411924119241,0.9862836212603562,0.8781055915169138,0.8525438822506601,0.2521130778399451
S2_DROP_TOP5,1,L0_STAGE15_MATCHED,B2_COMMON_NODE_EQUAL_DENSITY,0.75,A2_W0::2021->2022,19,0.4590909090909091,0.4590909090909091,0.0727272727272727,0.8681818181818182,0.1318181818181818,0.966767067254196,0.9248967988414728,0.0,0.2711655923257707
S2_DROP_TOP5,1,L0_STAGE15_MATCHED,B2_COMMON_NODE_EQUAL_DENSITY,0.75,A2_W0::2022->2023,20,0.4886363636363636,0.4886363636363636,0.0,0.9659090909090908,0.034090909090909,0.994593066682771,0.9491895896831544,0.0,0.6269724728687491
S2_DROP_TOP5,1,L0_STAGE15_MATCHED,B2_COMMON_NODE_EQUAL_DENSITY,0.5,A2_W0::2002->2003,0,0.5,0.5,0.0,0.8333333333333334,0.1666666666666666,0.9999999999595248,0.9999999999859168,0.0,0.0
S2_DROP_TOP5,1,L0_STAGE15_MATCHED,B2_COMMON_NODE_EQUAL_DENSITY,0.5,A2_W0::2003->2004,1,0.5,0.5,0.0,0.75,0.25,0.9999999999691194,0.9999999999716116,0.0,0.0
S2_DROP_TOP5,1,L0_STAGE15_MATCHED,B2_COMMON_NODE_EQUAL_DENSITY,0.5,A2_W0::2004->2005,2,0.5,0.5,0.0,1.0,0.0,0.9999999999653628,0.0,0.0,0.0
S2_DROP_TOP5,1,L0_STAGE15_MATCHED,B2_COMMON_NODE_EQUAL_DENSITY,0.5,A2_W0::2005->2006,3,0.5,0.5,0.0,0.75,0.25,0.912870929163831,0.7071067813769049,0.0,0.0
S2_DROP_TOP5,1,L0_STAGE15_MATCHED,B2_COMMON_NODE_EQUAL_DENSITY,0.5,A2_W0::2006->2007,4,0.5,0.5,0.0,0.7727272727272727,0.1818181818181818,0.7669649887982495,0.8660254037819458,0.999999999909957,0.0
S2_DROP_TOP5,1,L0_STAGE15_MATCHED,B2_COMMON_NODE_EQUAL_DENSITY,0.5,A2_W0::2007->2008,5,0.4901960784313725,0.4901960784313725,0.0,0.803921568627451,0.1764705882352941,0.9999999998466824,0.999999999862478,0.4868548273695,0.4868548273695
S2_DROP_TOP5,1,L0_STAGE15_MATCHED,B2_COMMON_NODE_EQUAL_DENSITY,0.5,A2_W0::2008->2009,6,0.4680851063829787,0.4680851063829787,0.0,0.7872340425531915,0.1914893617021276,0.9733858381650102,0.9506789472016298,0.9999999997390978,0.2522391622401826
S2_DROP_TOP5,1,L0_STAGE15_MATCHED,B2_COMMON_NODE_EQUAL_DENSITY,0.5,A2_W0::2009->2010,7,0.4680851063829787,0.4680851063829787,0.0425531914893617,0.7446808510638298,0.1914893617021276,0.9869193805479416,0.9439225255901112,0.8169780952879697,0.1928837927345875
S2_DROP_TOP5,1,L0_STAGE15_MATCHED,B2_COMMON_NODE_EQUAL_DENSITY,0.5,A2_W0::2010->2011,8,0.4259259259259259,0.4259259259259259,0.0185185185185185,0.8333333333333334,0.1296296296296296,0.9338709936133311,0.8619290992245617,0.9999999999149316,0.2360161238091261
S2_DROP_TOP5,1,L0_STAGE15_MATCHED,B2_COMMON_NODE_EQUAL_DENSITY,0.5,A2_W0::2011->2012,9,0.4342105263157895,0.4342105263157895,0.0131578947368421,0.7763157894736842,0.1447368421052631,0.9405380346455146,0.9556120136044362,0.9153032958902562,0.3555157060330859
S2_DROP_TOP5,1,L0_STAGE15_MATCHED,B2_COMMON_NODE_EQUAL_DENSITY,0.5,A2_W0::2012->2013,10,0.4157303370786517,0.4157303370786517,0.0337078651685393,0.7191011235955056,0.1797752808988764,0.9311260334574668,0.8696420033209875,0.8859238593724106,0.2084721236931367
S2_DROP_TOP5,1,L0_STAGE15_MATCHED,B2_COMMON_NODE_EQUAL_DENSITY,0.5,A2_W0::2013->2014,11,0.4347826086956521,0.4347826086956521,0.0434782608695652,0.5978260869565217,0.2608695652173913,0.9272702290318808,0.957630392169774,0.927723884761418,0.2018102304898772
S2_DROP_TOP5,1,L0_STAGE15_MATCHED,B2_COMMON_NODE_EQUAL_DENSITY,0.5,A2_W0::2014->2015,12,0.4592592592592592,0.4592592592592592,0.0296296296296296,0.7111111111111111,0.1703703703703703,0.9758120308355104,0.9558367804443492,0.8809367729280114,0.2767046325981493
S2_DROP_TOP5,1,L0_STAGE15_MATCHED,B2_COMMON_NODE_EQUAL_DENSITY,0.5,A2_W0::2015->2016,13,0.4037267080745341,0.4037267080745341,0.1118012422360248,0.7204968944099379,0.1925465838509316,0.9174162417063828,0.904516956692053,0.8134861524152166,0.269946940686245
S2_DROP_TOP5,1,L0_STAGE15_MATCHED,B2_COMMON_NODE_EQUAL_DENSITY,0.5,A2_W0::2016->2017,14,0.4130434782608695,0.4130434782608695,0.0489130434782608,0.7336956521739131,0.1902173913043478,0.9187625995553814,0.9180175004126452,0.8591355645453425,0.2363059436044451
S2_DROP_TOP5,1,L0_STAGE15_MATCHED,B2_COMMON_NODE_EQUAL_DENSITY,0.5,A2_W0::2017->2018,15,0.4273127753303964,0.4273127753303964,0.0440528634361233,0.7973568281938326,0.1629955947136563,0.9436391934501552,0.8475455896761237,0.9575358667139824,0.2463402958612466
S2_DROP_TOP5,1,L0_STAGE15_MATCHED,B2_COMMON_NODE_EQUAL_DENSITY,0.5,A2_W0::2018->2019,16,0.4710144927536231,0.4710144927536231,0.0471014492753623,0.8188405797101449,0.1594202898550724,0.978788189404773,0.9511728373990652,0.9332757011960952,0.3110545867580917
S2_DROP_TOP5,1,L0_STAGE15_MATCHED,B2_COMMON_NODE_EQUAL_DENSITY,0.5,A2_W0::2019->2020,17,0.4672897196261682,0.4672897196261682,0.0654205607476635,0.8473520249221184,0.1401869158878504,0.9791156019651952,0.9283015961816724,0.7265685785744559,0.2801023245507018
S2_DROP_TOP5,1,L0_STAGE15_MATCHED,B2_COMMON_NODE_EQUAL_DENSITY,0.5,A2_W0::2020->2021,18,0.4820717131474104,0.4820717131474104,0.0199203187250996,0.8286852589641435,0.1593625498007968,0.995358909503429,0.9231011879087898,0.8525438822506601,0.1940538321026214
S2_DROP_TOP5,1,L0_STAGE15_MATCHED,B2_COMMON_NODE_EQUAL_DENSITY,0.5,A2_W0::2021->2022,19,0.4475524475524475,0.4475524475524475,0.0979020979020979,0.8321678321678322,0.1678321678321678,0.9504988532912514,0.9453432270987482,0.0,0.2527834346841292
S2_DROP_TOP5,1,L0_STAGE15_MATCHED,B2_COMMON_NODE_EQUAL_DENSITY,0.5,A2_W0::2022->2023,20,0.4915254237288136,0.4915254237288136,0.0,0.9661016949152542,0.0338983050847457,0.9919262345363168,0.999999999926272,0.0,0.2886283609290374
S2_DROP_TOP5,1,L1_EXTENDED,B0_REFERENCE,1.0,A2_W0::2002->2003,0,0.8009049773755657,0.1809954751131221,0.0090497737556561,0.9773755656108596,0.0226244343891402,0.7120243182761967,0.9492867523075142,0.0,0.8679151581578883
S2_DROP_TOP5,1,L1_EXTENDED,B0_REFERENCE,1.0,A2_W0::2003->2004,1,0.3465703971119133,0.5342960288808665,0.0866425992779783,0.9783393501805054,0.0216606498194945,0.8085344155324315,0.8046132580330417,0.0,0.7596784679994453
S2_DROP_TOP5,1,L1_EXTENDED,B0_REFERENCE,1.0,A2_W0::2004->2005,2,0.0652173913043478,0.6376811594202898,0.0289855072463768,0.9637681159420288,0.036231884057971,0.8161690762449589,0.6331440706644963,0.0,0.4012148350420301
S2_DROP_TOP5,1,L1_EXTENDED,B0_REFERENCE,1.0,A2_W0::2005->2006,3,0.2537313432835821,0.582089552238806,0.0298507462686567,0.8805970149253731,0.1194029850746268,0.7702079903366826,0.7905694417936775,0.0,0.7385489464818848
S2_DROP_TOP5,1,L1_EXTENDED,B0_REFERENCE,1.0,A2_W0::2006->2007,4,0.9066666666666666,0.0466666666666666,0.04,0.95,0.0466666666666666,0.839799474539811,0.9636241221985602,0.9999999999047572,0.7071067831633078
S2_DROP_TOP5,1,L1_EXTENDED,B0_REFERENCE,1.0,A2_W0::2007->2008,5,0.3782608695652174,0.4217391304347826,0.058695652173913,0.9478260869565216,0.05,0.8151991186996927,0.7690103953895188,0.398557784707837,0.5467706248427524
S2_DROP_TOP5,1,L1_EXTENDED,B0_REFERENCE,1.0,A2_W0::2008->2009,6,0.5559265442404007,0.3188647746243739,0.013355592654424,0.9515859766277128,0.0450751252086811,0.8188126934014008,0.8442253420160224,0.7149198421199598,0.593570819399914
S2_DROP_TOP5,1,L1_EXTENDED,B0_REFERENCE,1.0,A2_W0::2009->2010,7,0.2554744525547445,0.6295620437956204,0.0784671532846715,0.9434306569343066,0.041970802919708,0.8475235376545933,0.9252484267017768,0.8436333367825044,0.6635976173622524
S2_DROP_TOP5,1,L1_EXTENDED,B0_REFERENCE,1.0,A2_W0::2010->2011,8,0.6162570888468809,0.2665406427221172,0.0472589792060491,0.9338374291115312,0.0491493383742911,0.8750120554006068,0.8203767072261283,0.7046978577599333,0.5111188071838119
S2_DROP_TOP5,1,L1_EXTENDED,B0_REFERENCE,1.0,A2_W0::2011->2012,9,0.4285714285714285,0.3519882179675994,0.0736377025036818,0.9322533136966128,0.0471281296023564,0.8446601152943921,0.8001182362829099,0.7716470589825929,0.6677443957477045
S2_DROP_TOP5,1,L1_EXTENDED,B0_REFERENCE,1.0,A2_W0::2012->2013,10,0.327217125382263,0.3608562691131498,0.1880733944954128,0.9204892966360856,0.0596330275229357,0.8368479013243364,0.8331378464459273,0.7482376338775034,0.6337643488784326
S2_DROP_TOP5,1,L1_EXTENDED,B0_REFERENCE,1.0,A2_W0::2013->2014,11,0.4153846153846154,0.3272727272727272,0.1524475524475524,0.9202797202797204,0.0573426573426573,0.874761437148926,0.8512100781951145,0.8839072511058503,0.6704725723101599
S2_DROP_TOP5,1,L1_EXTENDED,B0_REFERENCE,1.0,A2_W0::2014->2015,12,0.4393939393939394,0.2948717948717949,0.0944055944055944,0.9289044289044288,0.0477855477855477,0.8326999380208134,0.8714236567542324,0.8469957697927153,0.5177285393497585
S2_DROP_TOP5,1,L1_EXTENDED,B0_REFERENCE,1.0,A2_W0::2015->2016,13,0.3618143459915612,0.2732067510548523,0.2310126582278481,0.9282700421940928,0.0516877637130801,0.7522842927523888,0.8327311932109208,0.7331510484913059,0.36545632458264
S2_DROP_TOP5,1,L1_EXTENDED,B0_REFERENCE,1.0,A2_W0::2016->2017,14,0.3961437335670464,0.2392638036809816,0.0920245398773006,0.9272567922874672,0.0569675723049956,0.7881249625198385,0.8459272907677217,0.7169669520787915,0.4383465092841092
S2_DROP_TOP5,1,L1_EXTENDED,B0_REFERENCE,1.0,A2_W0::2017->2018,15,0.330763299922899,0.3523515805705474,0.2320740169622205,0.9452582883577486,0.0447185813415574,0.8535581435706707,0.813048020875654,0.9092918637299736,0.5109641881833835
S2_DROP_TOP5,1,L1_EXTENDED,B0_REFERENCE,1.0,A2_W0::2018->2019,16,0.4285714285714285,0.3183673469387755,0.1108843537414966,0.9455782312925172,0.0476190476190476,0.878723044013348,0.8393088825668302,0.8527908931567016,0.5207459621056558
S2_DROP_TOP5,1,L1_EXTENDED,B0_REFERENCE,1.0,A2_W0::2019->2020,17,0.4280821917808219,0.2813926940639269,0.2123287671232876,0.9537671232876712,0.0416666666666666,0.8577907542209866,0.7260879989062714,0.6819575212601302,0.5276938102513911
S2_DROP_TOP5,1,L1_EXTENDED,B0_REFERENCE,1.0,A2_W0::2020->2021,18,0.2351154313487241,0.5139732685297691,0.1755771567436209,0.9532199270959902,0.0443499392466585,0.8898315308509436,0.8102646911046087,0.8893243238798383,0.5810248953476957
S2_DROP_TOP5,1,L1_EXTENDED,B0_REFERENCE,1.0,A2_W0::2021->2022,19,0.1471215351812366,0.5415778251599147,0.1780383795309168,0.9552238805970148,0.044776119402985,0.8705136804508963,0.7954849045835061,0.0,0.5868447305198847
S2_DROP_TOP5,1,L1_EXTENDED,B0_REFERENCE,1.0,A2_W0::2022->2023,20,0.1585127201565557,0.6908023483365949,0.009784735812133,0.980430528375734,0.0195694716242661,0.9406756222581332,0.8348754087059761,0.0,0.8081593127002547
S2_DROP_TOP5,1,L1_EXTENDED,B2_COMMON_NODE_EQUAL_DENSITY,1.0,A2_W0::2002->2003,0,0.5,0.5,0.0,0.7857142857142857,0.2142857142857142,0.9999999999242988,0.999999999958929,0.0,0.0
S2_DROP_TOP5,1,L1_EXTENDED,B2_COMMON_NODE_EQUAL_DENSITY,1.0,A2_W0::2003->2004,1,0.5,0.5,0.0,0.8333333333333334,0.1666666666666666,0.9999999999329074,0.9999999999634144,0.0,0.0
S2_DROP_TOP5,1,L1_EXTENDED,B2_COMMON_NODE_EQUAL_DENSITY,1.0,A2_W0::2004->2005,2,0.4705882352941176,0.4705882352941176,0.0,0.8823529411764706,0.1176470588235294,0.968059249717006,0.9999999999327674,0.0,0.2389156038941659
S2_DROP_TOP5,1,L1_EXTENDED,B2_COMMON_NODE_EQUAL_DENSITY,1.0,A2_W0::2005->2006,3,0.4666666666666667,0.4666666666666667,0.0,0.6,0.4,0.8164965811400808,0.8164966157178983,0.0,0.9999999999713644
S2_DROP_TOP5,1,L1_EXTENDED,B2_COMMON_NODE_EQUAL_DENSITY,1.0,A2_W0::2006->2007,4,0.4772727272727273,0.4772727272727273,0.0454545454545454,0.75,0.2272727272727272,0.7587869216605158,0.7745966912654659,0.9999999999047572,0.9999999998300404
S2_DROP_TOP5,1,L1_EXTENDED,B2_COMMON_NODE_EQUAL_DENSITY,1.0,A2_W0::2007->2008,5,0.4044943820224719,0.4044943820224719,0.0786516853932584,0.8314606741573034,0.1573033707865168,0.9180572795927392,0.8787423593060044,0.398557784707837,0.2806338094048952
S2_DROP_TOP5,1,L1_EXTENDED,B2_COMMON_NODE_EQUAL_DENSITY,1.0,A2_W0::2008->2009,6,0.4795918367346938,0.4795918367346938,0.0,0.8571428571428571,0.1224489795918367,0.9889134478020086,0.9286725414802802,0.9999999998033012,0.3524826669619119
S2_DROP_TOP5,1,L1_EXTENDED,B2_COMMON_NODE_EQUAL_DENSITY,1.0,A2_W0::2009->2010,7,0.4456521739130434,0.4456521739130434,0.0652173913043478,0.782608695652174,0.1413043478260869,0.954024319221802,0.937312514921243,0.9259336841684498,0.3089299303574736
S2_DROP_TOP5,1,L1_EXTENDED,B2_COMMON_NODE_EQUAL_DENSITY,1.0,A2_W0::2010->2011,8,0.392156862745098,0.392156862745098,0.0686274509803921,0.7549019607843137,0.1666666666666666,0.8947612281828778,0.9153885678294068,0.7940923013685907,0.2062209840478642
S2_DROP_TOP5,1,L1_EXTENDED,B2_COMMON_NODE_EQUAL_DENSITY,1.0,A2_W0::2011->2012,9,0.3768115942028985,0.3768115942028985,0.0869565217391304,0.7971014492753623,0.1304347826086956,0.8924455282926242,0.8558958042816959,0.8194342605739549,0.3213599204361678
S2_DROP_TOP5,1,L1_EXTENDED,B2_COMMON_NODE_EQUAL_DENSITY,1.0,A2_W0::2012->2013,10,0.4,0.4,0.04,0.7885714285714286,0.1485714285714285,0.905864803539474,0.922267539566299,0.8431969305059308,0.3013004402469477
S2_DROP_TOP5,1,L1_EXTENDED,B2_COMMON_NODE_EQUAL_DENSITY,1.0,A2_W0::2013->2014,11,0.4134078212290503,0.4134078212290503,0.0893854748603352,0.7374301675977654,0.1787709497206704,0.9215793881215416,0.903473187109102,0.8756206354723861,0.2362233259019651
S2_DROP_TOP5,1,L1_EXTENDED,B2_COMMON_NODE_EQUAL_DENSITY,1.0,A2_W0::2014->2015,12,0.4136546184738955,0.4136546184738955,0.1004016064257028,0.7911646586345381,0.1285140562248996,0.928668128709202,0.8948114639266799,0.8779594279851659,0.3388037209656216
S2_DROP_TOP5,1,L1_EXTENDED,B2_COMMON_NODE_EQUAL_DENSITY,1.0,A2_W0::2015->2016,13,0.3228070175438596,0.3228070175438596,0.287719298245614,0.8175438596491228,0.1228070175438596,0.7976376212205071,0.9046205985634804,0.8025731125379928,0.1947974801515653
S2_DROP_TOP5,1,L1_EXTENDED,B2_COMMON_NODE_EQUAL_DENSITY,1.0,A2_W0::2016->2017,14,0.359882005899705,0.359882005899705,0.0943952802359882,0.8141592920353983,0.1386430678466076,0.8611855719433519,0.8714625821283113,0.77902683581221,0.2533343614167633
S2_DROP_TOP5,1,L1_EXTENDED,B2_COMMON_NODE_EQUAL_DENSITY,1.0,A2_W0::2017->2018,15,0.388235294117647,0.388235294117647,0.1247058823529411,0.8682352941176471,0.1035294117647058,0.8956826070126513,0.8313956776727862,0.930572203729046,0.2682196168177743
S2_DROP_TOP5,1,L1_EXTENDED,B2_COMMON_NODE_EQUAL_DENSITY,1.0,A2_W0::2018->2019,16,0.4171656686626746,0.4171656686626746,0.1197604790419161,0.872255489021956,0.1117764471057884,0.93444762229457,0.8506937112878984,0.8840363751713898,0.3533538420073572
S2_DROP_TOP5,1,L1_EXTENDED,B2_COMMON_NODE_EQUAL_DENSITY,1.0,A2_W0::2019->2020,17,0.438423645320197,0.438423645320197,0.1083743842364532,0.9014778325123152,0.090311986863711,0.956809805692259,0.8317943817968916,0.5797426891933106,0.3333722572117914
S2_DROP_TOP5,1,L1_EXTENDED,B2_COMMON_NODE_EQUAL_DENSITY,1.0,A2_W0::2020->2021,18,0.4526315789473684,0.4526315789473684,0.0631578947368421,0.8905263157894737,0.1010526315789473,0.9649716680097338,0.8693913689265214,0.890902519349472,0.2724481450990386
S2_DROP_TOP5,1,L1_EXTENDED,B2_COMMON_NODE_EQUAL_DENSITY,1.0,A2_W0::2021->2022,19,0.445993031358885,0.445993031358885,0.0766550522648083,0.8815331010452961,0.1184668989547038,0.9617633549297336,0.8551987109984743,0.0,0.3052528533438234
S2_DROP_TOP5,1,L1_EXTENDED,B2_COMMON_NODE_EQUAL_DENSITY,1.0,A2_W0::2022->2023,20,0.4827586206896552,0.4827586206896552,0.0086206896551724,0.9741379310344828,0.0258620689655172,0.9778641462083886,0.5686737443527543,0.0,0.5056767994167467
S2_DROP_TOP5,1,L1_EXTENDED,B2_COMMON_NODE_EQUAL_DENSITY,0.75,A2_W0::2002->2003,0,0.5,0.5,0.0,0.7,0.3,0.9999999999558302,0.999999999958929,0.0,0.0
S2_DROP_TOP5,1,L1_EXTENDED,B2_COMMON_NODE_EQUAL_DENSITY,0.75,A2_W0::2003->2004,1,0.5,0.5,0.0,0.7857142857142857,0.2142857142857142,0.999999999940572,0.9999999999634144,0.0,0.0
S2_DROP_TOP5,1,L1_EXTENDED,B2_COMMON_NODE_EQUAL_DENSITY,0.75,A2_W0::2004->2005,2,0.5,0.5,0.0,1.0,0.0,0.9999999999552802,0.0,0.0,0.0
S2_DROP_TOP5,1,L1_EXTENDED,B2_COMMON_NODE_EQUAL_DENSITY,0.75,A2_W0::2005->2006,3,0.4545454545454545,0.4545454545454545,0.0,0.6363636363636364,0.3636363636363636,0.9258200998085804,0.7071068415045324,0.0,0.9999999999713644
S2_DROP_TOP5,1,L1_EXTENDED,B2_COMMON_NODE_EQUAL_DENSITY,0.75,A2_W0::2006->2007,4,0.5,0.5,0.0,0.7647058823529411,0.2058823529411764,0.7595545393673352,0.7559289783066957,0.9999999999047628,0.0
S2_DROP_TOP5,1,L1_EXTENDED,B2_COMMON_NODE_EQUAL_DENSITY,0.75,A2_W0::2007->2008,5,0.4736842105263157,0.4736842105263157,0.0,0.8552631578947368,0.131578947368421,0.977206181219952,0.9999999998556824,0.398557784707837,0.2394906961686444
S2_DROP_TOP5,1,L1_EXTENDED,B2_COMMON_NODE_EQUAL_DENSITY,0.75,A2_W0::2008->2009,6,0.4794520547945205,0.4794520547945205,0.0,0.821917808219178,0.1506849315068493,0.984443868589567,0.9588043052826976,0.9999999998033012,0.2944749586733285
S2_DROP_TOP5,1,L1_EXTENDED,B2_COMMON_NODE_EQUAL_DENSITY,0.75,A2_W0::2009->2010,7,0.4647887323943662,0.4647887323943662,0.0422535211267605,0.7746478873239436,0.1549295774647887,0.9841220190835868,0.92545869506934,0.8945917855194744,0.3714760438781164
S2_DROP_TOP5,1,L1_EXTENDED,B2_COMMON_NODE_EQUAL_DENSITY,0.75,A2_W0::2010->2011,8,0.4025974025974026,0.4025974025974026,0.0259740259740259,0.8181818181818182,0.1298701298701298,0.9117939558658203,0.8511707182459608,0.8719645875806749,0.2101432258730535
S2_DROP_TOP5,1,L1_EXTENDED,B2_COMMON_NODE_EQUAL_DENSITY,0.75,A2_W0::2011->2012,9,0.3904761904761905,0.3904761904761905,0.0666666666666666,0.7619047619047619,0.1523809523809524,0.9172956986002084,0.8713165568034325,0.7968497052749498,0.3716191180066615
S2_DROP_TOP5,1,L1_EXTENDED,B2_COMMON_NODE_EQUAL_DENSITY,0.75,A2_W0::2012->2013,10,0.4148148148148148,0.4148148148148148,0.0518518518518518,0.7481481481481481,0.1851851851851851,0.921871795678364,0.919021496577918,0.829178444455208,0.2223836546579746
S2_DROP_TOP5,1,L1_EXTENDED,B2_COMMON_NODE_EQUAL_DENSITY,0.75,A2_W0::2013->2014,11,0.4148148148148148,0.4148148148148148,0.074074074074074,0.6592592592592592,0.2296296296296296,0.9149131007964774,0.91627565609723,0.9118963559343054,0.2083673967206222
S2_DROP_TOP5,1,L1_EXTENDED,B2_COMMON_NODE_EQUAL_DENSITY,0.75,A2_W0::2014->2015,12,0.4522613065326633,0.4522613065326633,0.0452261306532663,0.7537688442211056,0.1457286432160804,0.9673173640918086,0.9346817592544664,0.9048969862312576,0.3298702650149118
S2_DROP_TOP5,1,L1_EXTENDED,B2_COMMON_NODE_EQUAL_DENSITY,0.75,A2_W0::2015->2016,13,0.3974895397489539,0.3974895397489539,0.1380753138075313,0.7907949790794979,0.1380753138075313,0.9055607416917528,0.8985146827753542,0.8223727700037425,0.2525988284996784
S2_DROP_TOP5,1,L1_EXTENDED,B2_COMMON_NODE_EQUAL_DENSITY,0.75,A2_W0::2016->2017,14,0.3596837944664031,0.3596837944664031,0.0948616600790513,0.7786561264822134,0.1620553359683794,0.8608016088181982,0.8763571242843683,0.7927553889400423,0.2623816873282805
S2_DROP_TOP5,1,L1_EXTENDED,B2_COMMON_NODE_EQUAL_DENSITY,0.75,A2_W0::2017->2018,15,0.4054878048780488,0.4054878048780488,0.0884146341463414,0.8445121951219512,0.125,0.9182103796541972,0.8263571658793551,0.9160554305540236,0.2517885037562487
S2_DROP_TOP5,1,L1_EXTENDED,B2_COMMON_NODE_EQUAL_DENSITY,0.75,A2_W0::2018->2019,16,0.4497487437185929,0.4497487437185929,0.0703517587939698,0.8567839195979899,0.1281407035175879,0.961465632921871,0.9133833404885048,0.931264619289201,0.3527449529348933
S2_DROP_TOP5,1,L1_EXTENDED,B2_COMMON_NODE_EQUAL_DENSITY,0.75,A2_W0::2019->2020,17,0.4531914893617021,0.4531914893617021,0.076595744680851,0.8829787234042553,0.1085106382978723,0.9705759910393794,0.8646908142762858,0.5270390952489244,0.3082446440377387
S2_DROP_TOP5,1,L1_EXTENDED,B2_COMMON_NODE_EQUAL_DENSITY,0.75,A2_W0::2020->2021,18,0.4701086956521739,0.4701086956521739,0.0380434782608695,0.8695652173913043,0.1222826086956521,0.9845868016811212,0.8807670316541791,0.85143588452396,0.2426350687432716
S2_DROP_TOP5,1,L1_EXTENDED,B2_COMMON_NODE_EQUAL_DENSITY,0.75,A2_W0::2021->2022,19,0.45662100456621,0.45662100456621,0.0776255707762557,0.8767123287671232,0.1232876712328767,0.9643802508944216,0.9193524294788576,0.0,0.2701129954628069
S2_DROP_TOP5,1,L1_EXTENDED,B2_COMMON_NODE_EQUAL_DENSITY,0.75,A2_W0::2022->2023,20,0.4827586206896552,0.4827586206896552,0.0114942528735632,0.9655172413793104,0.0344827586206896,0.994345121852165,0.7611049497654008,0.0,0.5133253854560024
S2_DROP_TOP5,1,L1_EXTENDED,B2_COMMON_NODE_EQUAL_DENSITY,0.5,A2_W0::2002->2003,0,0.5,0.5,0.0,0.6666666666666666,0.3333333333333333,0.9999999999605356,0.9999999999604514,0.0,0.0
S2_DROP_TOP5,1,L1_EXTENDED,B2_COMMON_NODE_EQUAL_DENSITY,0.5,A2_W0::2003->2004,1,0.5,0.5,0.0,0.75,0.25,0.9999999999701707,0.9999999999708096,0.0,0.0
S2_DROP_TOP5,1,L1_EXTENDED,B2_COMMON_NODE_EQUAL_DENSITY,0.5,A2_W0::2004->2005,2,0.5,0.5,0.0,1.0,0.0,0.999999999966167,0.0,0.0,0.0
S2_DROP_TOP5,1,L1_EXTENDED,B2_COMMON_NODE_EQUAL_DENSITY,0.5,A2_W0::2005->2006,3,0.4285714285714285,0.4285714285714285,0.0,0.7142857142857143,0.2857142857142857,0.9999999999305788,0.7071068983029045,0.0,0.9999999999713644
S2_DROP_TOP5,1,L1_EXTENDED,B2_COMMON_NODE_EQUAL_DENSITY,0.5,A2_W0::2006->2007,4,0.5,0.5,0.0,0.7272727272727273,0.2272727272727272,0.7905694368310856,0.7745967132474799,0.9999999999047628,0.0
S2_DROP_TOP5,1,L1_EXTENDED,B2_COMMON_NODE_EQUAL_DENSITY,0.5,A2_W0::2007->2008,5,0.4901960784313725,0.4901960784313725,0.0,0.8235294117647058,0.1568627450980392,0.9999999998385904,0.9999999998782664,0.398557784707837,0.398557784707837
S2_DROP_TOP5,1,L1_EXTENDED,B2_COMMON_NODE_EQUAL_DENSITY,0.5,A2_W0::2008->2009,6,0.4791666666666667,0.4791666666666667,0.0,0.7916666666666666,0.1875,0.9875292959913404,0.9494069877184504,0.9999999997785411,0.2919750534538118
S2_DROP_TOP5,1,L1_EXTENDED,B2_COMMON_NODE_EQUAL_DENSITY,0.5,A2_W0::2009->2010,7,0.4680851063829787,0.4680851063829787,0.0212765957446808,0.7446808510638298,0.1702127659574468,0.9871651310843782,0.9370141813076672,0.8662378879192821,0.2103661825414477
S2_DROP_TOP5,1,L1_EXTENDED,B2_COMMON_NODE_EQUAL_DENSITY,0.5,A2_W0::2010->2011,8,0.4363636363636363,0.4363636363636363,0.0181818181818181,0.8181818181818182,0.1454545454545454,0.9447393038888244,0.8779146659975231,0.9999999999090372,0.2170678464899744
S2_DROP_TOP5,1,L1_EXTENDED,B2_COMMON_NODE_EQUAL_DENSITY,0.5,A2_W0::2011->2012,9,0.4342105263157895,0.4342105263157895,0.0263157894736842,0.7894736842105263,0.131578947368421,0.9401175117518168,0.9505930592485384,0.9143647695983068,0.3289233060109857
S2_DROP_TOP5,1,L1_EXTENDED,B2_COMMON_NODE_EQUAL_DENSITY,0.5,A2_W0::2012->2013,10,0.4222222222222222,0.4222222222222222,0.0222222222222222,0.7222222222222222,0.1777777777777777,0.9400351452984343,0.870165673441226,0.8866134385794523,0.211804857876731
S2_DROP_TOP5,1,L1_EXTENDED,B2_COMMON_NODE_EQUAL_DENSITY,0.5,A2_W0::2013->2014,11,0.4347826086956521,0.4347826086956521,0.0434782608695652,0.5869565217391305,0.2717391304347826,0.9253941593505924,0.9595795327567974,0.9299219191298992,0.2050953088687352
S2_DROP_TOP5,1,L1_EXTENDED,B2_COMMON_NODE_EQUAL_DENSITY,0.5,A2_W0::2014->2015,12,0.4592592592592592,0.4592592592592592,0.037037037037037,0.7111111111111111,0.1629629629629629,0.975689376429838,0.9545707323103926,0.8870563055840981,0.27175930437032
S2_DROP_TOP5,1,L1_EXTENDED,B2_COMMON_NODE_EQUAL_DENSITY,0.5,A2_W0::2015->2016,13,0.4037267080745341,0.4037267080745341,0.1180124223602484,0.7267080745341615,0.186335403726708,0.9183095233990533,0.9001973323620768,0.823617805906912,0.2824269145726092
S2_DROP_TOP5,1,L1_EXTENDED,B2_COMMON_NODE_EQUAL_DENSITY,0.5,A2_W0::2016->2017,14,0.4033149171270718,0.4033149171270718,0.0552486187845303,0.7458563535911602,0.1823204419889502,0.906913121239226,0.9263970957739396,0.7985227608761024,0.2169018386703361
S2_DROP_TOP5,1,L1_EXTENDED,B2_COMMON_NODE_EQUAL_DENSITY,0.5,A2_W0::2017->2018,15,0.4247787610619469,0.4247787610619469,0.0486725663716814,0.8053097345132744,0.163716814159292,0.9440851254918672,0.8328897683098826,0.9449562252994452,0.2505111431147726
S2_DROP_TOP5,1,L1_EXTENDED,B2_COMMON_NODE_EQUAL_DENSITY,0.5,A2_W0::2018->2019,16,0.4690909090909091,0.4690909090909091,0.0472727272727272,0.8181818181818182,0.16,0.9786592135033162,0.9392040042240064,0.931264619289201,0.2985478181445548
S2_DROP_TOP5,1,L1_EXTENDED,B2_COMMON_NODE_EQUAL_DENSITY,0.5,A2_W0::2019->2020,17,0.465625,0.465625,0.065625,0.85,0.1375,0.981157196810586,0.9066066366503124,0.7262946982972807,0.3105179807109275
S2_DROP_TOP5,1,L1_EXTENDED,B2_COMMON_NODE_EQUAL_DENSITY,0.5,A2_W0::2020->2021,18,0.4820717131474104,0.4820717131474104,0.0199203187250996,0.8366533864541833,0.1513944223107569,0.9953433754749712,0.9187897576579854,0.85143588452396,0.1832533568779141
S2_DROP_TOP5,1,L1_EXTENDED,B2_COMMON_NODE_EQUAL_DENSITY,0.5,A2_W0::2021->2022,19,0.4475524475524475,0.4475524475524475,0.0979020979020979,0.8321678321678322,0.1678321678321678,0.9504361561252446,0.9460404158322596,0.0,0.2550760409910002
S2_DROP_TOP5,1,L1_EXTENDED,B2_COMMON_NODE_EQUAL_DENSITY,0.5,A2_W0::2022->2023,20,0.4915254237288136,0.4915254237288136,0.0,0.9661016949152542,0.0338983050847457,0.9916552404772876,0.9999999999365816,0.0,0.2294920898961737
S2_DROP_TOP5,1,L2_HIGH,B0_REFERENCE,1.0,A2_W0::2002->2003,0,0.8505747126436781,0.0919540229885057,0.0229885057471264,0.971264367816092,0.028735632183908,0.8050443387001318,0.9517692268132372,0.0,0.8400959484546358
S2_DROP_TOP5,1,L2_HIGH,B0_REFERENCE,1.0,A2_W0::2003->2004,1,0.4785478547854785,0.4257425742574257,0.0693069306930693,0.9801980198019802,0.0198019801980198,0.7744966912067204,0.800172324860111,0.0,0.7877429995547073
S2_DROP_TOP5,1,L2_HIGH,B0_REFERENCE,1.0,A2_W0::2004->2005,2,0.2926829268292683,0.5772357723577236,0.016260162601626,0.975609756097561,0.024390243902439,0.6147694682690797,0.5742777819675251,0.0,0.4214819834051415
S2_DROP_TOP5,1,L2_HIGH,B0_REFERENCE,1.0,A2_W0::2005->2006,3,0.4157303370786517,0.5393258426966292,0.0168539325842696,0.9606741573033708,0.0393258426966292,0.4524139845715693,0.8451542596350425,0.0,0.8660254080625743
S2_DROP_TOP5,1,L2_HIGH,B0_REFERENCE,1.0,A2_W0::2006->2007,4,0.7050359712230215,0.0863309352517985,0.0719424460431654,0.9424460431654677,0.0539568345323741,0.875885595866504,0.9309493356365144,0.999999999899715,0.5872202238450219
S2_DROP_TOP5,1,L2_HIGH,B0_REFERENCE,1.0,A2_W0::2007->2008,5,0.3981042654028436,0.4170616113744075,0.0450236966824644,0.943127962085308,0.0545023696682464,0.85180166048347,0.7672699390870285,0.3702678136471218,0.4993915047801439
S2_DROP_TOP5,1,L2_HIGH,B0_REFERENCE,1.0,A2_W0::2008->2009,6,0.5669014084507042,0.2992957746478873,0.0158450704225352,0.9507042253521126,0.0457746478873239,0.8401346781335632,0.859878622916222,0.7153278738065119,0.6003699535329159
S2_DROP_TOP5,1,L2_HIGH,B0_REFERENCE,1.0,A2_W0::2009->2010,7,0.2802893309222423,0.6184448462929476,0.0705244122965642,0.9403254972875226,0.0452079566003616,0.8465827493194428,0.8848829940668388,0.8443786554944044,0.6262768929605842
S2_DROP_TOP5,1,L2_HIGH,B0_REFERENCE,1.0,A2_W0::2010->2011,8,0.5870841487279843,0.2661448140900195,0.0547945205479452,0.9315068493150684,0.0508806262230919,0.8913245950072876,0.8253408507666261,0.7055368650306599,0.603916713617522
S2_DROP_TOP5,1,L2_HIGH,B0_REFERENCE,1.0,A2_W0::2011->2012,9,0.4352409638554217,0.3117469879518072,0.0828313253012048,0.9307228915662652,0.0481927710843373,0.855804665768741,0.8058317774010487,0.7674293456933505,0.6928596324257531
S2_DROP_TOP5,1,L2_HIGH,B0_REFERENCE,1.0,A2_W0::2012->2013,10,0.282574568288854,0.4552590266875981,0.1569858712715855,0.9183673469387756,0.0612244897959183,0.850227791308875,0.8351858630826431,0.7415579908066317,0.6055717403272434
S2_DROP_TOP5,1,L2_HIGH,B0_REFERENCE,1.0,A2_W0::2013->2014,11,0.4926900584795322,0.3143274853801169,0.0818713450292397,0.9166666666666666,0.0599415204678362,0.8952404930698361,0.8538018902959066,0.8838778704038396,0.5497971487251401
S2_DROP_TOP5,1,L2_HIGH,B0_REFERENCE,1.0,A2_W0::2014->2015,12,0.4085750315258512,0.3190416141235813,0.1021437578814628,0.9218158890290038,0.0529634300126103,0.8681920158604034,0.874364008299625,0.8495993160087054,0.4641925760946169
S2_DROP_TOP5,1,L2_HIGH,B0_REFERENCE,1.0,A2_W0::2015->2016,13,0.4026548672566372,0.2422566371681415,0.2157079646017699,0.922566371681416,0.0564159292035398,0.7723093618929802,0.8295680291262759,0.7247015229782887,0.355311691768725
S2_DROP_TOP5,1,L2_HIGH,B0_REFERENCE,1.0,A2_W0::2016->2017,14,0.4145299145299145,0.2333333333333333,0.0965811965811965,0.9290598290598292,0.0555555555555555,0.7767002591863873,0.8466827614044256,0.712955999247913,0.4420093516594762
S2_DROP_TOP5,1,L2_HIGH,B0_REFERENCE,1.0,A2_W0::2017->2018,15,0.3157894736842105,0.3722349351639969,0.217391304347826,0.9458428680396644,0.0442410373760488,0.8488629152075433,0.8121446198055536,0.9093085049453976,0.5337260068168215
S2_DROP_TOP5,1,L2_HIGH,B0_REFERENCE,1.0,A2_W0::2018->2019,16,0.4212376933895921,0.330520393811533,0.1258790436005626,0.9437412095639944,0.0492264416315049,0.894080806354851,0.8396458645243438,0.8507055068766545,0.4650869701529456
S2_DROP_TOP5,1,L2_HIGH,B0_REFERENCE,1.0,A2_W0::2019->2020,17,0.4416422287390029,0.2586510263929619,0.2146627565982404,0.9524926686217008,0.0428152492668621,0.8693375333828555,0.7265779488210842,0.6868642632709213,0.5190055904745855
S2_DROP_TOP5,1,L2_HIGH,B0_REFERENCE,1.0,A2_W0::2020->2021,18,0.2525133057362507,0.5020697811945595,0.1738616203429923,0.9544648137196924,0.0431697220579538,0.8770939327053288,0.8104074279323265,0.8907354492007296,0.5235588909617034
S2_DROP_TOP5,1,L2_HIGH,B0_REFERENCE,1.0,A2_W0::2021->2022,19,0.135523613963039,0.5092402464065708,0.1724845995893223,0.957905544147844,0.042094455852156,0.8534683727824726,0.7895296626219512,0.0,0.6319127547348203
S2_DROP_TOP5,1,L2_HIGH,B0_REFERENCE,1.0,A2_W0::2022->2023,20,0.1433691756272401,0.7759856630824373,0.010752688172043,0.982078853046595,0.017921146953405,0.8983860898574311,0.8351027014147286,0.0,0.6370667325960925
S2_DROP_TOP5,1,L2_HIGH,B2_COMMON_NODE_EQUAL_DENSITY,1.0,A2_W0::2002->2003,0,0.5,0.5,0.0,0.7857142857142857,0.2142857142857142,0.9999999999235746,0.9999999999597092,0.0,0.0
S2_DROP_TOP5,1,L2_HIGH,B2_COMMON_NODE_EQUAL_DENSITY,1.0,A2_W0::2003->2004,1,0.5,0.5,0.0,0.8333333333333334,0.1666666666666666,0.999999999932984,0.9999999999634736,0.0,0.0
S2_DROP_TOP5,1,L2_HIGH,B2_COMMON_NODE_EQUAL_DENSITY,1.0,A2_W0::2004->2005,2,0.4375,0.4375,0.0,0.875,0.125,0.930308618919249,0.9999999999317576,0.0,0.2414930342467873
S2_DROP_TOP5,1,L2_HIGH,B2_COMMON_NODE_EQUAL_DENSITY,1.0,A2_W0::2005->2006,3,0.5,0.5,0.0,0.8125,0.1875,0.7844645948799277,0.8164967317405136,0.0,0.0
S2_DROP_TOP5,1,L2_HIGH,B2_COMMON_NODE_EQUAL_DENSITY,1.0,A2_W0::2006->2007,4,0.425,0.425,0.15,0.8,0.175,0.7500001234087954,0.9999999997638244,0.999999999899715,0.9999999996915058
S2_DROP_TOP5,1,L2_HIGH,B2_COMMON_NODE_EQUAL_DENSITY,1.0,A2_W0::2007->2008,5,0.4044943820224719,0.4044943820224719,0.0786516853932584,0.8314606741573034,0.1573033707865168,0.9180256419958084,0.8770164475066543,0.3702678136471218,0.2733633703825062
S2_DROP_TOP5,1,L2_HIGH,B2_COMMON_NODE_EQUAL_DENSITY,1.0,A2_W0::2008->2009,6,0.4795918367346938,0.4795918367346938,0.0,0.8673469387755102,0.1122448979591836,0.9890344780636112,0.9215752063632212,0.9999999998032936,0.349425031605864
S2_DROP_TOP5,1,L2_HIGH,B2_COMMON_NODE_EQUAL_DENSITY,1.0,A2_W0::2009->2010,7,0.4456521739130434,0.4456521739130434,0.0652173913043478,0.782608695652174,0.1413043478260869,0.9541071467388138,0.9371954642494614,0.9259300940329744,0.3102994384565783
S2_DROP_TOP5,1,L2_HIGH,B2_COMMON_NODE_EQUAL_DENSITY,1.0,A2_W0::2010->2011,8,0.392156862745098,0.392156862745098,0.0686274509803921,0.7549019607843137,0.1666666666666666,0.8945922308097206,0.9154651604075132,0.7941333610445163,0.2039626951190859
S2_DROP_TOP5,1,L2_HIGH,B2_COMMON_NODE_EQUAL_DENSITY,1.0,A2_W0::2011->2012,9,0.381294964028777,0.381294964028777,0.079136690647482,0.8057553956834532,0.1294964028776978,0.8987033435421016,0.8563121067829609,0.7958302615201159,0.3189833431809981
S2_DROP_TOP5,1,L2_HIGH,B2_COMMON_NODE_EQUAL_DENSITY,1.0,A2_W0::2012->2013,10,0.4,0.4,0.0457142857142857,0.7885714285714286,0.1485714285714285,0.9095644746606212,0.9062523347085472,0.8424700178681489,0.3084235697665056
S2_DROP_TOP5,1,L2_HIGH,B2_COMMON_NODE_EQUAL_DENSITY,1.0,A2_W0::2013->2014,11,0.4134078212290503,0.4134078212290503,0.0893854748603352,0.7374301675977654,0.1787709497206704,0.9216265036561084,0.903616949180335,0.8755889994267146,0.2375133885823855
S2_DROP_TOP5,1,L2_HIGH,B2_COMMON_NODE_EQUAL_DENSITY,1.0,A2_W0::2014->2015,12,0.4112903225806452,0.4112903225806452,0.1048387096774193,0.7943548387096774,0.125,0.9268403152228888,0.891784179644057,0.8774407039458454,0.3464491564494842
S2_DROP_TOP5,1,L2_HIGH,B2_COMMON_NODE_EQUAL_DENSITY,1.0,A2_W0::2015->2016,13,0.3204225352112676,0.3204225352112676,0.2922535211267605,0.8204225352112676,0.1197183098591549,0.7949833537526511,0.9012881705964236,0.8011116156198369,0.1926290686116616
S2_DROP_TOP5,1,L2_HIGH,B2_COMMON_NODE_EQUAL_DENSITY,1.0,A2_W0::2016->2017,14,0.359882005899705,0.359882005899705,0.0914454277286135,0.8171091445427728,0.135693215339233,0.8616485024344928,0.8687789758501521,0.7775322508481991,0.2523157113876302
S2_DROP_TOP5,1,L2_HIGH,B2_COMMON_NODE_EQUAL_DENSITY,1.0,A2_W0::2017->2018,15,0.3853427895981087,0.3853427895981087,0.1300236406619385,0.8652482269503546,0.1063829787234042,0.8947080076405551,0.8267751189536383,0.9318474107886404,0.2901124937529035
S2_DROP_TOP5,1,L2_HIGH,B2_COMMON_NODE_EQUAL_DENSITY,1.0,A2_W0::2018->2019,16,0.4171656686626746,0.4171656686626746,0.1177644710578842,0.872255489021956,0.1117764471057884,0.9344200586612706,0.8508412504551239,0.8857039524168516,0.3536121450979475
S2_DROP_TOP5,1,L2_HIGH,B2_COMMON_NODE_EQUAL_DENSITY,1.0,A2_W0::2019->2020,17,0.4375,0.4375,0.1118421052631579,0.9013157894736842,0.0921052631578947,0.9560305301319084,0.8350432980151482,0.4227100936315427,0.3370206556915591
S2_DROP_TOP5,1,L2_HIGH,B2_COMMON_NODE_EQUAL_DENSITY,1.0,A2_W0::2020->2021,18,0.4549266247379455,0.4549266247379455,0.060796645702306,0.8909853249475891,0.10062893081761,0.967412446066322,0.869155041903676,0.8907354492007296,0.272209282046122
S2_DROP_TOP5,1,L2_HIGH,B2_COMMON_NODE_EQUAL_DENSITY,1.0,A2_W0::2021->2022,19,0.444055944055944,0.444055944055944,0.0769230769230769,0.8811188811188811,0.1188811188811188,0.9598030031234948,0.8554243255791844,0.0,0.3075823713839378
S2_DROP_TOP5,1,L2_HIGH,B2_COMMON_NODE_EQUAL_DENSITY,1.0,A2_W0::2022->2023,20,0.4827586206896552,0.4827586206896552,0.0086206896551724,0.9741379310344828,0.0258620689655172,0.9778930790618844,0.569785111817404,0.0,0.5081891078029844
S2_DROP_TOP5,1,L2_HIGH,B2_COMMON_NODE_EQUAL_DENSITY,0.75,A2_W0::2002->2003,0,0.5,0.5,0.0,0.7,0.3,0.9999999999562056,0.9999999999597092,0.0,0.0
S2_DROP_TOP5,1,L2_HIGH,B2_COMMON_NODE_EQUAL_DENSITY,0.75,A2_W0::2003->2004,1,0.5,0.5,0.0,0.7857142857142857,0.2142857142857142,0.9999999999406276,0.9999999999634736,0.0,0.0
S2_DROP_TOP5,1,L2_HIGH,B2_COMMON_NODE_EQUAL_DENSITY,0.75,A2_W0::2004->2005,2,0.5,0.5,0.0,1.0,0.0,0.9999999999549272,0.0,0.0,0.0
S2_DROP_TOP5,1,L2_HIGH,B2_COMMON_NODE_EQUAL_DENSITY,0.75,A2_W0::2005->2006,3,0.5,0.5,0.0,0.75,0.25,0.816496644318718,0.8164967317405136,0.0,0.0
S2_DROP_TOP5,1,L2_HIGH,B2_COMMON_NODE_EQUAL_DENSITY,0.75,A2_W0::2006->2007,4,0.4516129032258064,0.4516129032258064,0.0967741935483871,0.8064516129032258,0.1612903225806451,0.7745967860703737,0.8944272735088983,0.999999999899715,0.9999999997317408
S2_DROP_TOP5,1,L2_HIGH,B2_COMMON_NODE_EQUAL_DENSITY,0.75,A2_W0::2007->2008,5,0.4736842105263157,0.4736842105263157,0.0,0.8552631578947368,0.131578947368421,0.9772149800042316,0.9999999998516564,0.3702678136471218,0.2284682116292528
S2_DROP_TOP5,1,L2_HIGH,B2_COMMON_NODE_EQUAL_DENSITY,0.75,A2_W0::2008->2009,6,0.4794520547945205,0.4794520547945205,0.0,0.821917808219178,0.1506849315068493,0.9844294617909216,0.9588849704698176,0.9999999998032936,0.2944747825941092
S2_DROP_TOP5,1,L2_HIGH,B2_COMMON_NODE_EQUAL_DENSITY,0.75,A2_W0::2009->2010,7,0.4571428571428571,0.4571428571428571,0.0571428571428571,0.7714285714285715,0.1571428571428571,0.9767026058733722,0.9253185887533928,0.8945865832306847,0.3943298381221
S2_DROP_TOP5,1,L2_HIGH,B2_COMMON_NODE_EQUAL_DENSITY,0.75,A2_W0::2010->2011,8,0.4025974025974026,0.4025974025974026,0.0259740259740259,0.8181818181818182,0.1298701298701298,0.9116498977486848,0.8513107436593261,0.8721731060818024,0.2081173256174391
S2_DROP_TOP5,1,L2_HIGH,B2_COMMON_NODE_EQUAL_DENSITY,0.75,A2_W0::2011->2012,9,0.3904761904761905,0.3904761904761905,0.0666666666666666,0.7619047619047619,0.1523809523809524,0.9175291841799535,0.8711710618281342,0.7958302615201159,0.372530763021991
S2_DROP_TOP5,1,L2_HIGH,B2_COMMON_NODE_EQUAL_DENSITY,0.75,A2_W0::2012->2013,10,0.4148148148148148,0.4148148148148148,0.0518518518518518,0.7481481481481481,0.1851851851851851,0.9219687291475036,0.9188763369162376,0.8283113986399165,0.2222318794942992
S2_DROP_TOP5,1,L2_HIGH,B2_COMMON_NODE_EQUAL_DENSITY,0.75,A2_W0::2013->2014,11,0.4148148148148148,0.4148148148148148,0.074074074074074,0.6592592592592592,0.2296296296296296,0.909541594530219,0.9163490969302314,0.9392090838177832,0.1965946506147665
S2_DROP_TOP5,1,L2_HIGH,B2_COMMON_NODE_EQUAL_DENSITY,0.75,A2_W0::2014->2015,12,0.4522613065326633,0.4522613065326633,0.0452261306532663,0.7537688442211056,0.1457286432160804,0.9671753393250035,0.9348668000964968,0.9050923480714536,0.3279414229977
S2_DROP_TOP5,1,L2_HIGH,B2_COMMON_NODE_EQUAL_DENSITY,0.75,A2_W0::2015->2016,13,0.3924050632911392,0.3924050632911392,0.1518987341772152,0.7848101265822784,0.1434599156118143,0.9010106013329856,0.9012881705964236,0.8011116156198369,0.2630026051109121
S2_DROP_TOP5,1,L2_HIGH,B2_COMMON_NODE_EQUAL_DENSITY,0.75,A2_W0::2016->2017,14,0.3571428571428571,0.3571428571428571,0.0952380952380952,0.7738095238095238,0.1666666666666666,0.8561506942592801,0.8799924954578449,0.7914165198437699,0.2596252432853169
S2_DROP_TOP5,1,L2_HIGH,B2_COMMON_NODE_EQUAL_DENSITY,0.75,A2_W0::2017->2018,15,0.4054878048780488,0.4054878048780488,0.0884146341463414,0.8414634146341463,0.125,0.9178950987244012,0.826820569852691,0.9254028687882636,0.2536083964572343
S2_DROP_TOP5,1,L2_HIGH,B2_COMMON_NODE_EQUAL_DENSITY,0.75,A2_W0::2018->2019,16,0.4552238805970149,0.4552238805970149,0.0572139303482587,0.8557213930348259,0.126865671641791,0.9655887373736992,0.919728837889822,0.9414526633408256,0.3365545877567248
S2_DROP_TOP5,1,L2_HIGH,B2_COMMON_NODE_EQUAL_DENSITY,0.75,A2_W0::2019->2020,17,0.4531914893617021,0.4531914893617021,0.0787234042553191,0.8808510638297873,0.1106382978723404,0.970507255195392,0.8673809365911554,0.5279884728941336,0.3081242702752691
S2_DROP_TOP5,1,L2_HIGH,B2_COMMON_NODE_EQUAL_DENSITY,0.75,A2_W0::2020->2021,18,0.4758064516129032,0.4758064516129032,0.0268817204301075,0.8682795698924731,0.1236559139784946,0.9909809164050494,0.8834057471404406,0.8512027886636377,0.2658578956699655
S2_DROP_TOP5,1,L2_HIGH,B2_COMMON_NODE_EQUAL_DENSITY,0.75,A2_W0::2021->2022,19,0.45662100456621,0.45662100456621,0.0776255707762557,0.8721461187214612,0.1278538812785388,0.9641467073475382,0.9222366774395392,0.0,0.2679491837974402
S2_DROP_TOP5,1,L2_HIGH,B2_COMMON_NODE_EQUAL_DENSITY,0.75,A2_W0::2022->2023,20,0.4827586206896552,0.4827586206896552,0.0114942528735632,0.9655172413793104,0.0344827586206896,0.9943833901219234,0.7606493704283626,0.0,0.5147238261083589
S2_DROP_TOP5,1,L2_HIGH,B2_COMMON_NODE_EQUAL_DENSITY,0.5,A2_W0::2002->2003,0,0.5,0.5,0.0,0.6666666666666666,0.3333333333333333,0.9999999999607426,0.9999999999615012,0.0,0.0
S2_DROP_TOP5,1,L2_HIGH,B2_COMMON_NODE_EQUAL_DENSITY,0.5,A2_W0::2003->2004,1,0.5,0.5,0.0,0.75,0.25,0.9999999999702768,0.9999999999710107,0.0,0.0
S2_DROP_TOP5,1,L2_HIGH,B2_COMMON_NODE_EQUAL_DENSITY,0.5,A2_W0::2004->2005,2,0.5,0.5,0.0,1.0,0.0,0.9999999999662684,0.0,0.0,0.0
S2_DROP_TOP5,1,L2_HIGH,B2_COMMON_NODE_EQUAL_DENSITY,0.5,A2_W0::2005->2006,3,0.5,0.5,0.0,0.75,0.25,0.9128709670787778,0.7071070424619558,0.0,0.0
S2_DROP_TOP5,1,L2_HIGH,B2_COMMON_NODE_EQUAL_DENSITY,0.5,A2_W0::2006->2007,4,0.5,0.5,0.0,0.7727272727272727,0.1818181818181818,0.7669651146237999,0.8660255103744404,0.999999999899715,0.0
S2_DROP_TOP5,1,L2_HIGH,B2_COMMON_NODE_EQUAL_DENSITY,0.5,A2_W0::2007->2008,5,0.4901960784313725,0.4901960784313725,0.0,0.803921568627451,0.1764705882352941,0.9999999998390656,0.9999999998626424,0.3702678136471218,0.3702678136471218
S2_DROP_TOP5,1,L2_HIGH,B2_COMMON_NODE_EQUAL_DENSITY,0.5,A2_W0::2008->2009,6,0.4791666666666667,0.4791666666666667,0.0,0.7916666666666666,0.1875,0.987534161828775,0.9495065533312336,0.9999999997817846,0.2937393870146417
S2_DROP_TOP5,1,L2_HIGH,B2_COMMON_NODE_EQUAL_DENSITY,0.5,A2_W0::2009->2010,7,0.4791666666666667,0.4791666666666667,0.0208333333333333,0.75,0.1666666666666666,0.9876751715965986,0.9999999999004276,0.8662311721985776,0.2444448694318918
S2_DROP_TOP5,1,L2_HIGH,B2_COMMON_NODE_EQUAL_DENSITY,0.5,A2_W0::2010->2011,8,0.4363636363636363,0.4363636363636363,0.0,0.8181818181818182,0.1454545454545454,0.9329500532764736,0.9373567645027328,0.9999999999083096,0.1677211661493675
S2_DROP_TOP5,1,L2_HIGH,B2_COMMON_NODE_EQUAL_DENSITY,0.5,A2_W0::2011->2012,9,0.4342105263157895,0.4342105263157895,0.0263157894736842,0.7894736842105263,0.131578947368421,0.9401830950763248,0.9507261080507772,0.9142778669329088,0.3302848154381556
S2_DROP_TOP5,1,L2_HIGH,B2_COMMON_NODE_EQUAL_DENSITY,0.5,A2_W0::2012->2013,10,0.4157303370786517,0.4157303370786517,0.0337078651685393,0.7191011235955056,0.1797752808988764,0.9310841170979424,0.8699261129548164,0.8869501245369102,0.211533502687846
S2_DROP_TOP5,1,L2_HIGH,B2_COMMON_NODE_EQUAL_DENSITY,0.5,A2_W0::2013->2014,11,0.4347826086956521,0.4347826086956521,0.0434782608695652,0.5869565217391305,0.2717391304347826,0.925424169329372,0.9595535551963856,0.9295038192158368,0.2033911373449234
S2_DROP_TOP5,1,L2_HIGH,B2_COMMON_NODE_EQUAL_DENSITY,0.5,A2_W0::2014->2015,12,0.4511278195488721,0.4511278195488721,0.037593984962406,0.706766917293233,0.1654135338345864,0.9700265955743524,0.9376635655735788,0.8872907599137908,0.3007654920789316
S2_DROP_TOP5,1,L2_HIGH,B2_COMMON_NODE_EQUAL_DENSITY,0.5,A2_W0::2015->2016,13,0.4037267080745341,0.4037267080745341,0.1180124223602484,0.7267080745341615,0.186335403726708,0.918373172906119,0.8997825101152365,0.8240857107439242,0.2825451715932318
S2_DROP_TOP5,1,L2_HIGH,B2_COMMON_NODE_EQUAL_DENSITY,0.5,A2_W0::2016->2017,14,0.4033149171270718,0.4033149171270718,0.0552486187845303,0.7403314917127072,0.1823204419889502,0.9061838716988356,0.9264731965793948,0.8130226189133671,0.2149013267371149
S2_DROP_TOP5,1,L2_HIGH,B2_COMMON_NODE_EQUAL_DENSITY,0.5,A2_W0::2017->2018,15,0.4298245614035088,0.4298245614035088,0.043859649122807,0.8026315789473685,0.1666666666666666,0.947237915862541,0.8526635578971762,0.9450962521730965,0.2548469812373385
S2_DROP_TOP5,1,L2_HIGH,B2_COMMON_NODE_EQUAL_DENSITY,0.5,A2_W0::2018->2019,16,0.4652014652014652,0.4652014652014652,0.0512820512820512,0.8205128205128205,0.1575091575091575,0.9749839281180542,0.9378667220031132,0.9313370158179496,0.3211700054029281
S2_DROP_TOP5,1,L2_HIGH,B2_COMMON_NODE_EQUAL_DENSITY,0.5,A2_W0::2019->2020,17,0.468944099378882,0.468944099378882,0.062111801242236,0.8540372670807453,0.1335403726708074,0.982743496929799,0.9117289513459482,0.7267474284637686,0.268997989316359
S2_DROP_TOP5,1,L2_HIGH,B2_COMMON_NODE_EQUAL_DENSITY,0.5,A2_W0::2020->2021,18,0.4820717131474104,0.4820717131474104,0.0199203187250996,0.8366533864541833,0.1513944223107569,0.9953771993249454,0.9187828840551326,0.8512027886636377,0.1869954360819235
S2_DROP_TOP5,1,L2_HIGH,B2_COMMON_NODE_EQUAL_DENSITY,0.5,A2_W0::2021->2022,19,0.4475524475524475,0.4475524475524475,0.0979020979020979,0.8251748251748252,0.1748251748251748,0.9499475467962684,0.9482223728527566,0.0,0.2531642480456313
S2_DROP_TOP5,1,L2_HIGH,B2_COMMON_NODE_EQUAL_DENSITY,0.5,A2_W0::2022->2023,20,0.4915254237288136,0.4915254237288136,0.0,0.9661016949152542,0.0338983050847457,0.9917117882719964,0.999999999936678,0.0,0.243021513887266
S2_DROP_TOP5,2,L0_STAGE15_MATCHED,B0_REFERENCE,1.0,A2_W0::2002->2003,0,0.7786885245901639,0.1721311475409836,0.0327868852459016,0.9590163934426228,0.040983606557377,0.967530831074296,0.9500240550603444,0.0,0.9163596344743308
S2_DROP_TOP5,2,L0_STAGE15_MATCHED,B0_REFERENCE,1.0,A2_W0::2003->2004,1,0.5992063492063492,0.3095238095238095,0.0634920634920634,0.9761904761904762,0.0238095238095238,0.8494432600686213,0.7983534140644155,0.0,0.7611905851701892
S2_DROP_TOP5,2,L0_STAGE15_MATCHED,B0_REFERENCE,1.0,A2_W0::2004->2005,2,0.0543478260869565,0.7717391304347826,0.0326086956521739,0.967391304347826,0.0326086956521739,0.708703455476945,0.5760121744543478,0.0,0.3705200557815558
S2_DROP_TOP5,2,L0_STAGE15_MATCHED,B0_REFERENCE,1.0,A2_W0::2005->2006,3,0.732484076433121,0.2356687898089172,0.0063694267515923,0.9490445859872612,0.0509554140127388,0.4776901919375367,0.7905694150380455,0.0,0.9999999999025588
S2_DROP_TOP5,2,L0_STAGE15_MATCHED,B0_REFERENCE,1.0,A2_W0::2006->2007,4,0.67828418230563,0.195710455764075,0.1260053619302949,0.9624664879356568,0.03485254691689,0.7445250477346429,0.9607689215029666,0.9999999999183168,0.945313182796548
S2_DROP_TOP5,2,L0_STAGE15_MATCHED,B0_REFERENCE,1.0,A2_W0::2007->2008,5,0.3902439024390244,0.3028455284552845,0.1666666666666666,0.959349593495935,0.0386178861788617,0.7808490851662095,0.7752556848297054,0.4419545227484927,0.4632527456109925
S2_DROP_TOP5,2,L0_STAGE15_MATCHED,B0_REFERENCE,1.0,A2_W0::2008->2009,6,0.4377049180327869,0.3377049180327869,0.121311475409836,0.9557377049180328,0.0393442622950819,0.8100113144837197,0.9010065464676658,0.8287811678428486,0.4525767928772021
S2_DROP_TOP5,2,L0_STAGE15_MATCHED,B0_REFERENCE,1.0,A2_W0::2009->2010,7,0.2614259597806215,0.6325411334552102,0.0621572212065813,0.9414990859232176,0.0438756855575868,0.846282296144318,0.9297113205938072,0.837058865483226,0.61853309401769
S2_DROP_TOP5,2,L0_STAGE15_MATCHED,B0_REFERENCE,1.0,A2_W0::2010->2011,8,0.6051080550098232,0.2632612966601179,0.0550098231827112,0.9273084479371316,0.0550098231827112,0.8921232885323411,0.8107245810008575,0.7012116457121751,0.5392946302946894
S2_DROP_TOP5,2,L0_STAGE15_MATCHED,B0_REFERENCE,1.0,A2_W0::2011->2012,9,0.4113029827315541,0.3846153846153846,0.1255886970172684,0.9262166405023547,0.0518053375196232,0.8743739708723618,0.8064349318283792,0.7409543306177669,0.4040175687677705
S2_DROP_TOP5,2,L0_STAGE15_MATCHED,B0_REFERENCE,1.0,A2_W0::2012->2013,10,0.3378378378378378,0.4172297297297297,0.0945945945945946,0.910472972972973,0.0675675675675675,0.8876897640226219,0.8434424508578439,0.7351090824969222,0.7056867903615456
S2_DROP_TOP5,2,L0_STAGE15_MATCHED,B0_REFERENCE,1.0,A2_W0::2013->2014,11,0.5168067226890757,0.3165266106442577,0.0756302521008403,0.9215686274509804,0.0560224089635854,0.8772942710517576,0.8439675902797502,0.8855300497269656,0.4625871357492644
S2_DROP_TOP5,2,L0_STAGE15_MATCHED,B0_REFERENCE,1.0,A2_W0::2014->2015,12,0.4312354312354312,0.3275058275058275,0.0792540792540792,0.9312354312354312,0.0454545454545454,0.8330454675795848,0.8671217082561563,0.8380422734709334,0.4907267477254556
S2_DROP_TOP5,2,L0_STAGE15_MATCHED,B0_REFERENCE,1.0,A2_W0::2015->2016,13,0.3748645720476706,0.2611050920910076,0.1960996749729144,0.9274106175514626,0.0520043336944745,0.7639619123174142,0.8275004917884726,0.7562294990783082,0.3377449665484824
S2_DROP_TOP5,2,L0_STAGE15_MATCHED,B0_REFERENCE,1.0,A2_W0::2016->2017,14,0.3910714285714285,0.2794642857142857,0.0928571428571428,0.9241071428571428,0.0598214285714285,0.7933526687642958,0.8435527168394028,0.7183667791300636,0.3140892569311886
S2_DROP_TOP5,2,L0_STAGE15_MATCHED,B0_REFERENCE,1.0,A2_W0::2017->2018,15,0.3763523956723338,0.3585780525502318,0.1646058732612055,0.9435857805255023,0.0455950540958268,0.8542121792630107,0.8111104153391439,0.9015433573169696,0.4045384606132995
S2_DROP_TOP5,2,L0_STAGE15_MATCHED,B0_REFERENCE,1.0,A2_W0::2018->2019,16,0.4256055363321799,0.3460207612456747,0.116955017301038,0.9432525951557094,0.0491349480968858,0.8852649024128761,0.8359495278601843,0.8777148662380664,0.4201900535290102
S2_DROP_TOP5,2,L0_STAGE15_MATCHED,B0_REFERENCE,1.0,A2_W0::2019->2020,17,0.4269254093389933,0.2674348089751364,0.2213462704669496,0.949666464523954,0.0454821103699211,0.8821884405683724,0.7429356835450943,0.6726308987119778,0.5170995875158799
S2_DROP_TOP5,2,L0_STAGE15_MATCHED,B0_REFERENCE,1.0,A2_W0::2020->2021,18,0.2510849349039057,0.5021698698078115,0.171109733415995,0.9522628642281464,0.0452572845629262,0.8974349400953506,0.8248979669014376,0.8904007247886797,0.5691455723589356
S2_DROP_TOP5,2,L0_STAGE15_MATCHED,B0_REFERENCE,1.0,A2_W0::2021->2022,19,0.1644120707596253,0.5213319458896982,0.1467221644120707,0.9583766909469302,0.0416233090530697,0.8580579016105603,0.7853518912421302,0.0,0.6001370188443363
S2_DROP_TOP5,2,L0_STAGE15_MATCHED,B0_REFERENCE,1.0,A2_W0::2022->2023,20,0.1651542649727767,0.6751361161524501,0.0108892921960072,0.9818511796733213,0.0181488203266787,0.9028558467117148,0.8374789051606785,0.0,0.8326378209728453
S2_DROP_TOP5,2,L0_STAGE15_MATCHED,B2_COMMON_NODE_EQUAL_DENSITY,1.0,A2_W0::2002->2003,0,0.5,0.5,0.0,0.7857142857142857,0.2142857142857142,0.9999999999235124,0.9999999999589348,0.0,0.0
S2_DROP_TOP5,2,L0_STAGE15_MATCHED,B2_COMMON_NODE_EQUAL_DENSITY,1.0,A2_W0::2003->2004,1,0.5,0.5,0.0,0.8888888888888888,0.1111111111111111,0.9999999999349783,0.999999999971958,0.0,0.0
S2_DROP_TOP5,2,L0_STAGE15_MATCHED,B2_COMMON_NODE_EQUAL_DENSITY,1.0,A2_W0::2004->2005,2,0.4705882352941176,0.4705882352941176,0.0,0.9411764705882352,0.0588235294117647,0.9720373767403588,0.9999999999208812,0.0,0.3430839400288232
S2_DROP_TOP5,2,L0_STAGE15_MATCHED,B2_COMMON_NODE_EQUAL_DENSITY,1.0,A2_W0::2005->2006,3,0.5,0.5,0.0,0.6875,0.3125,0.7385489458991094,0.894427191006646,0.0,0.0
S2_DROP_TOP5,2,L0_STAGE15_MATCHED,B2_COMMON_NODE_EQUAL_DENSITY,1.0,A2_W0::2006->2007,4,0.4888888888888889,0.4888888888888889,0.0222222222222222,0.7777777777777778,0.2,0.7171371654861693,0.8819171035200986,0.999999999918317,0.999999999763146
S2_DROP_TOP5,2,L0_STAGE15_MATCHED,B2_COMMON_NODE_EQUAL_DENSITY,1.0,A2_W0::2007->2008,5,0.4044943820224719,0.4044943820224719,0.0674157303370786,0.8314606741573034,0.1573033707865168,0.9182512291189296,0.8734802951980531,0.4419545227484927,0.27360201481359
S2_DROP_TOP5,2,L0_STAGE15_MATCHED,B2_COMMON_NODE_EQUAL_DENSITY,1.0,A2_W0::2008->2009,6,0.4795918367346938,0.4795918367346938,0.0,0.8469387755102041,0.1326530612244898,0.9887238693239252,0.9330538016308384,0.9999999998110584,0.3377787925974756
S2_DROP_TOP5,2,L0_STAGE15_MATCHED,B2_COMMON_NODE_EQUAL_DENSITY,1.0,A2_W0::2009->2010,7,0.4395604395604395,0.4395604395604395,0.0769230769230769,0.7802197802197802,0.1428571428571428,0.9477379012852518,0.934819251690631,0.925833218534088,0.3209938681954088
S2_DROP_TOP5,2,L0_STAGE15_MATCHED,B2_COMMON_NODE_EQUAL_DENSITY,1.0,A2_W0::2010->2011,8,0.3861386138613861,0.3861386138613861,0.0693069306930693,0.7524752475247525,0.1782178217821782,0.8791435427746317,0.88862488842149,0.928655053886837,0.207518776569298
S2_DROP_TOP5,2,L0_STAGE15_MATCHED,B2_COMMON_NODE_EQUAL_DENSITY,1.0,A2_W0::2011->2012,9,0.381294964028777,0.381294964028777,0.0647482014388489,0.7985611510791367,0.1294964028776978,0.892791890508477,0.8581193885474001,0.8693682917680359,0.3156637642378538
S2_DROP_TOP5,2,L0_STAGE15_MATCHED,B2_COMMON_NODE_EQUAL_DENSITY,1.0,A2_W0::2012->2013,10,0.4101123595505618,0.4101123595505618,0.0505617977528089,0.7808988764044944,0.1573033707865168,0.9147760992657308,0.9095534292363908,0.8934580801158116,0.2658898710036156
S2_DROP_TOP5,2,L0_STAGE15_MATCHED,B2_COMMON_NODE_EQUAL_DENSITY,1.0,A2_W0::2013->2014,11,0.4166666666666667,0.4166666666666667,0.0777777777777777,0.7333333333333333,0.1833333333333333,0.9252054852992392,0.9082807177688677,0.8773678630071547,0.2424484953273298
S2_DROP_TOP5,2,L0_STAGE15_MATCHED,B2_COMMON_NODE_EQUAL_DENSITY,1.0,A2_W0::2014->2015,12,0.4112903225806452,0.4112903225806452,0.0967741935483871,0.7943548387096774,0.125,0.9305334973960028,0.8800107739558991,0.8776231169324052,0.3690366743677383
S2_DROP_TOP5,2,L0_STAGE15_MATCHED,B2_COMMON_NODE_EQUAL_DENSITY,1.0,A2_W0::2015->2016,13,0.3180212014134275,0.3180212014134275,0.2579505300353357,0.8162544169611308,0.1236749116607773,0.7904043349147367,0.9044279506723838,0.7983942176523978,0.1915882970708166
S2_DROP_TOP5,2,L0_STAGE15_MATCHED,B2_COMMON_NODE_EQUAL_DENSITY,1.0,A2_W0::2016->2017,14,0.3636363636363636,0.3636363636363636,0.093841642228739,0.8152492668621701,0.1378299120234604,0.8659835651456809,0.8698462193666899,0.7752022234431666,0.2466244309800166
S2_DROP_TOP5,2,L0_STAGE15_MATCHED,B2_COMMON_NODE_EQUAL_DENSITY,1.0,A2_W0::2017->2018,15,0.3838862559241706,0.3838862559241706,0.1350710900473933,0.8625592417061612,0.1090047393364928,0.8924440483464722,0.8270783744154169,0.9258753138090696,0.2796455636143526
S2_DROP_TOP5,2,L0_STAGE15_MATCHED,B2_COMMON_NODE_EQUAL_DENSITY,1.0,A2_W0::2018->2019,16,0.416,0.416,0.118,0.874,0.11,0.9319970372542185,0.848136719550356,0.9512509850032846,0.3516758623943968
S2_DROP_TOP5,2,L0_STAGE15_MATCHED,B2_COMMON_NODE_EQUAL_DENSITY,1.0,A2_W0::2019->2020,17,0.4402618657937807,0.4402618657937807,0.1047463175122749,0.9018003273322422,0.0900163666121112,0.9566015096785936,0.8475746832016856,0.5881626335140716,0.3195323222783077
S2_DROP_TOP5,2,L0_STAGE15_MATCHED,B2_COMMON_NODE_EQUAL_DENSITY,1.0,A2_W0::2020->2021,18,0.4503171247357294,0.4503171247357294,0.0634249471458773,0.8921775898520085,0.0993657505285412,0.9633101969213608,0.8540355945215441,0.8904007247886797,0.2549026246197323
S2_DROP_TOP5,2,L0_STAGE15_MATCHED,B2_COMMON_NODE_EQUAL_DENSITY,1.0,A2_W0::2021->2022,19,0.444055944055944,0.444055944055944,0.0734265734265734,0.8846153846153846,0.1153846153846153,0.9554249987591572,0.8904162989718973,0.0,0.311824371258917
S2_DROP_TOP5,2,L0_STAGE15_MATCHED,B2_COMMON_NODE_EQUAL_DENSITY,1.0,A2_W0::2022->2023,20,0.4642857142857143,0.4642857142857143,0.0089285714285714,0.9642857142857144,0.0357142857142857,0.9956624979705586,0.7095261037262389,0.0,0.7967779393157882
S2_DROP_TOP5,2,L0_STAGE15_MATCHED,B2_COMMON_NODE_EQUAL_DENSITY,0.75,A2_W0::2002->2003,0,0.5,0.5,0.0,0.7,0.3,0.9999999999558344,0.9999999999589348,0.0,0.0
S2_DROP_TOP5,2,L0_STAGE15_MATCHED,B2_COMMON_NODE_EQUAL_DENSITY,0.75,A2_W0::2003->2004,1,0.5,0.5,0.0,0.8571428571428571,0.1428571428571428,0.999999999942823,0.999999999971958,0.0,0.0
S2_DROP_TOP5,2,L0_STAGE15_MATCHED,B2_COMMON_NODE_EQUAL_DENSITY,0.75,A2_W0::2004->2005,2,0.4545454545454545,0.4545454545454545,0.0,1.0,0.0,0.9590576145885537,0.0,0.0,0.3430839400288232
S2_DROP_TOP5,2,L0_STAGE15_MATCHED,B2_COMMON_NODE_EQUAL_DENSITY,0.75,A2_W0::2005->2006,3,0.5,0.5,0.0,0.75,0.25,0.816496580950719,0.8164965810048305,0.0,0.0
S2_DROP_TOP5,2,L0_STAGE15_MATCHED,B2_COMMON_NODE_EQUAL_DENSITY,0.75,A2_W0::2006->2007,4,0.5,0.5,0.0,0.8235294117647058,0.1470588235294117,0.7319250546271631,0.8944271909457393,0.999999999918317,0.0
S2_DROP_TOP5,2,L0_STAGE15_MATCHED,B2_COMMON_NODE_EQUAL_DENSITY,0.75,A2_W0::2007->2008,5,0.4736842105263157,0.4736842105263157,0.0,0.8552631578947368,0.131578947368421,0.9772533579108084,0.9999999998433792,0.4419545227484927,0.26071631486866
S2_DROP_TOP5,2,L0_STAGE15_MATCHED,B2_COMMON_NODE_EQUAL_DENSITY,0.75,A2_W0::2008->2009,6,0.4794520547945205,0.4794520547945205,0.0,0.821917808219178,0.1506849315068493,0.984367105186797,0.95991897701202,0.9999999998110584,0.3025473840618525
S2_DROP_TOP5,2,L0_STAGE15_MATCHED,B2_COMMON_NODE_EQUAL_DENSITY,0.75,A2_W0::2009->2010,7,0.4571428571428571,0.4571428571428571,0.0428571428571428,0.7714285714285715,0.1571428571428571,0.9747621663256928,0.92247352434605,0.8944462019711054,0.3340186277756475
S2_DROP_TOP5,2,L0_STAGE15_MATCHED,B2_COMMON_NODE_EQUAL_DENSITY,0.75,A2_W0::2010->2011,8,0.4025974025974026,0.4025974025974026,0.0259740259740259,0.8181818181818182,0.1298701298701298,0.9109263163616336,0.8473274499510836,0.8713210466869995,0.1812925899331323
S2_DROP_TOP5,2,L0_STAGE15_MATCHED,B2_COMMON_NODE_EQUAL_DENSITY,0.75,A2_W0::2011->2012,9,0.3904761904761905,0.3904761904761905,0.0666666666666666,0.7714285714285715,0.1523809523809524,0.9119784801489312,0.8734335564595829,0.8335175664903364,0.369033741772572
S2_DROP_TOP5,2,L0_STAGE15_MATCHED,B2_COMMON_NODE_EQUAL_DENSITY,0.75,A2_W0::2012->2013,10,0.4233576642335766,0.4233576642335766,0.0583941605839416,0.7518248175182481,0.1824817518248175,0.9288873026858075,0.9185195757601023,0.8900239716476773,0.2281286563164825
S2_DROP_TOP5,2,L0_STAGE15_MATCHED,B2_COMMON_NODE_EQUAL_DENSITY,0.75,A2_W0::2013->2014,11,0.4148148148148148,0.4148148148148148,0.0666666666666666,0.6592592592592592,0.2296296296296296,0.91481651772365,0.9166054812057854,0.9040931553129214,0.1852195727524289
S2_DROP_TOP5,2,L0_STAGE15_MATCHED,B2_COMMON_NODE_EQUAL_DENSITY,0.75,A2_W0::2014->2015,12,0.4467005076142132,0.4467005076142132,0.0507614213197969,0.751269035532995,0.1472081218274111,0.9689980195952532,0.9009604105528184,0.8776231169324052,0.3016042038788043
S2_DROP_TOP5,2,L0_STAGE15_MATCHED,B2_COMMON_NODE_EQUAL_DENSITY,0.75,A2_W0::2015->2016,13,0.3898305084745763,0.3898305084745763,0.1567796610169491,0.7796610169491526,0.1483050847457627,0.8970919389871583,0.9044279506723838,0.7983942176523978,0.2610783889494532
S2_DROP_TOP5,2,L0_STAGE15_MATCHED,B2_COMMON_NODE_EQUAL_DENSITY,0.75,A2_W0::2016->2017,14,0.3622047244094488,0.3622047244094488,0.0984251968503937,0.7755905511811023,0.1653543307086614,0.8629676195035612,0.8734651097388749,0.7902961272524766,0.24262073011819
S2_DROP_TOP5,2,L0_STAGE15_MATCHED,B2_COMMON_NODE_EQUAL_DENSITY,0.75,A2_W0::2017->2018,15,0.4036697247706422,0.4036697247706422,0.091743119266055,0.8379204892966361,0.128440366972477,0.915641699189349,0.8320389804745678,0.9188402354809692,0.2546269382233964
S2_DROP_TOP5,2,L0_STAGE15_MATCHED,B2_COMMON_NODE_EQUAL_DENSITY,0.75,A2_W0::2018->2019,16,0.4441624365482233,0.4441624365482233,0.0761421319796954,0.8527918781725888,0.1294416243654822,0.9561304983860625,0.902347217339401,0.9440813745698656,0.3347699774338364
S2_DROP_TOP5,2,L0_STAGE15_MATCHED,B2_COMMON_NODE_EQUAL_DENSITY,0.75,A2_W0::2019->2020,17,0.4508547008547008,0.4508547008547008,0.0811965811965812,0.8824786324786325,0.1089743589743589,0.9695468612742048,0.8526224747983955,0.5279846868376226,0.3099443066334046
S2_DROP_TOP5,2,L0_STAGE15_MATCHED,B2_COMMON_NODE_EQUAL_DENSITY,0.75,A2_W0::2020->2021,18,0.4772117962466488,0.4772117962466488,0.0268096514745308,0.8659517426273459,0.1233243967828418,0.9909585389482224,0.8940319408861289,0.8904007247886797,0.2571744417934992
S2_DROP_TOP5,2,L0_STAGE15_MATCHED,B2_COMMON_NODE_EQUAL_DENSITY,0.75,A2_W0::2021->2022,19,0.45662100456621,0.45662100456621,0.0730593607305936,0.867579908675799,0.1324200913242009,0.9642732152791776,0.925425045757172,0.0,0.2811884916166854
S2_DROP_TOP5,2,L0_STAGE15_MATCHED,B2_COMMON_NODE_EQUAL_DENSITY,0.75,A2_W0::2022->2023,20,0.4827586206896552,0.4827586206896552,0.0114942528735632,0.9770114942528736,0.0229885057471264,0.99448556895215,0.6004900270211925,0.0,0.511959651603036
S2_DROP_TOP5,2,L0_STAGE15_MATCHED,B2_COMMON_NODE_EQUAL_DENSITY,0.5,A2_W0::2002->2003,0,0.5,0.5,0.0,0.8333333333333334,0.1666666666666666,0.999999999955417,0.9999999999851974,0.0,0.0
S2_DROP_TOP5,2,L0_STAGE15_MATCHED,B2_COMMON_NODE_EQUAL_DENSITY,0.5,A2_W0::2003->2004,1,0.5,0.5,0.0,0.75,0.25,0.9999999999717888,0.999999999971958,0.0,0.0
S2_DROP_TOP5,2,L0_STAGE15_MATCHED,B2_COMMON_NODE_EQUAL_DENSITY,0.5,A2_W0::2004->2005,2,0.5,0.5,0.0,1.0,0.0,0.9999999999672506,0.0,0.0,0.0
S2_DROP_TOP5,2,L0_STAGE15_MATCHED,B2_COMMON_NODE_EQUAL_DENSITY,0.5,A2_W0::2005->2006,3,0.5,0.5,0.0,0.75,0.25,0.91287092916473,0.7071067813745886,0.0,0.0
S2_DROP_TOP5,2,L0_STAGE15_MATCHED,B2_COMMON_NODE_EQUAL_DENSITY,0.5,A2_W0::2006->2007,4,0.5,0.5,0.0,0.7727272727272727,0.1818181818181818,0.7669649888039318,0.8660254037828703,0.999999999918317,0.0
S2_DROP_TOP5,2,L0_STAGE15_MATCHED,B2_COMMON_NODE_EQUAL_DENSITY,0.5,A2_W0::2007->2008,5,0.4901960784313725,0.4901960784313725,0.0,0.8235294117647058,0.1568627450980392,0.9999999998412876,0.9999999998635412,0.4419545227484927,0.4419545227484927
S2_DROP_TOP5,2,L0_STAGE15_MATCHED,B2_COMMON_NODE_EQUAL_DENSITY,0.5,A2_W0::2008->2009,6,0.4791666666666667,0.4791666666666667,0.0,0.7916666666666666,0.1875,0.9876176436186216,0.950782652319494,0.9999999997889362,0.3167460019150283
S2_DROP_TOP5,2,L0_STAGE15_MATCHED,B2_COMMON_NODE_EQUAL_DENSITY,0.5,A2_W0::2009->2010,7,0.4680851063829787,0.4680851063829787,0.0212765957446808,0.7659574468085106,0.1702127659574468,0.987650543248226,0.9359864858117296,0.8165312898310682,0.2041772966834264
S2_DROP_TOP5,2,L0_STAGE15_MATCHED,B2_COMMON_NODE_EQUAL_DENSITY,0.5,A2_W0::2010->2011,8,0.4259259259259259,0.4259259259259259,0.0185185185185185,0.8148148148148148,0.1481481481481481,0.9310020972597464,0.8750491516917811,0.9999999999081588,0.1814331752780479
S2_DROP_TOP5,2,L0_STAGE15_MATCHED,B2_COMMON_NODE_EQUAL_DENSITY,0.5,A2_W0::2011->2012,9,0.4342105263157895,0.4342105263157895,0.0263157894736842,0.8026315789473685,0.131578947368421,0.9404960670246209,0.9516572668153148,0.8949232662257874,0.3189761430303492
S2_DROP_TOP5,2,L0_STAGE15_MATCHED,B2_COMMON_NODE_EQUAL_DENSITY,0.5,A2_W0::2012->2013,10,0.4222222222222222,0.4222222222222222,0.0333333333333333,0.7222222222222222,0.1888888888888888,0.9399401673507992,0.8775619731485259,0.8753059487830722,0.215129203510032
S2_DROP_TOP5,2,L0_STAGE15_MATCHED,B2_COMMON_NODE_EQUAL_DENSITY,0.5,A2_W0::2013->2014,11,0.4347826086956521,0.4347826086956521,0.0434782608695652,0.6086956521739131,0.25,0.9289684865605268,0.9561571624855306,0.9306663124056443,0.226251029420184
S2_DROP_TOP5,2,L0_STAGE15_MATCHED,B2_COMMON_NODE_EQUAL_DENSITY,0.5,A2_W0::2014->2015,12,0.4592592592592592,0.4592592592592592,0.0296296296296296,0.7111111111111111,0.1629629629629629,0.9758229909971364,0.9550986707220296,0.8879271687369203,0.2837852171188986
S2_DROP_TOP5,2,L0_STAGE15_MATCHED,B2_COMMON_NODE_EQUAL_DENSITY,0.5,A2_W0::2015->2016,13,0.4110429447852761,0.4110429447852761,0.1042944785276073,0.7177914110429447,0.1840490797546012,0.923198416606779,0.899767895024619,0.8743823327882585,0.2778446285789014
S2_DROP_TOP5,2,L0_STAGE15_MATCHED,B2_COMMON_NODE_EQUAL_DENSITY,0.5,A2_W0::2016->2017,14,0.4,0.4,0.0666666666666666,0.7444444444444445,0.1833333333333333,0.9141926915320212,0.8964908076079715,0.7528673155902831,0.228567344480661
S2_DROP_TOP5,2,L0_STAGE15_MATCHED,B2_COMMON_NODE_EQUAL_DENSITY,0.5,A2_W0::2017->2018,15,0.4298245614035088,0.4298245614035088,0.0482456140350877,0.7982456140350878,0.1622807017543859,0.949380194136314,0.8482720270670261,0.8998111631152012,0.2469566819932546
S2_DROP_TOP5,2,L0_STAGE15_MATCHED,B2_COMMON_NODE_EQUAL_DENSITY,0.5,A2_W0::2018->2019,16,0.4652014652014652,0.4652014652014652,0.0476190476190476,0.8168498168498168,0.1611721611721611,0.9762944315940406,0.9260823397278742,0.9344363268320004,0.2835223760287571
S2_DROP_TOP5,2,L0_STAGE15_MATCHED,B2_COMMON_NODE_EQUAL_DENSITY,0.5,A2_W0::2019->2020,17,0.4672897196261682,0.4672897196261682,0.0591900311526479,0.8566978193146417,0.1308411214953271,0.9828048996504216,0.9008785718749648,0.7260149448224907,0.2942988279512686
S2_DROP_TOP5,2,L0_STAGE15_MATCHED,B2_COMMON_NODE_EQUAL_DENSITY,0.5,A2_W0::2020->2021,18,0.4820717131474104,0.4820717131474104,0.0199203187250996,0.8286852589641435,0.1593625498007968,0.9953076359957856,0.9230434360096458,0.8507357214369891,0.1838410013634555
S2_DROP_TOP5,2,L0_STAGE15_MATCHED,B2_COMMON_NODE_EQUAL_DENSITY,0.5,A2_W0::2021->2022,19,0.4475524475524475,0.4475524475524475,0.0979020979020979,0.8251748251748252,0.1748251748251748,0.9505111321703849,0.9481725262380336,0.0,0.26899878193101
S2_DROP_TOP5,2,L0_STAGE15_MATCHED,B2_COMMON_NODE_EQUAL_DENSITY,0.5,A2_W0::2022->2023,20,0.4915254237288136,0.4915254237288136,0.0,0.9661016949152542,0.0338983050847457,0.991765495589102,0.9999999999314988,0.0,0.2552087567163029
S2_DROP_TOP5,2,L1_EXTENDED,B0_REFERENCE,1.0,A2_W0::2002->2003,0,0.8009049773755657,0.1809954751131221,0.0090497737556561,0.9773755656108596,0.0226244343891402,0.7121923935558753,0.9540100848861204,0.0,0.8817257993456737
S2_DROP_TOP5,2,L1_EXTENDED,B0_REFERENCE,1.0,A2_W0::2003->2004,1,0.3489208633093525,0.5287769784172662,0.0863309352517985,0.9784172661870504,0.0215827338129496,0.8082197769877532,0.7813791958124284,0.0,0.754183322212556
S2_DROP_TOP5,2,L1_EXTENDED,B0_REFERENCE,1.0,A2_W0::2004->2005,2,0.0642857142857142,0.65,0.0285714285714285,0.9642857142857144,0.0357142857142857,0.8193571549378065,0.6189177520131391,0.0,0.3723917639508035
S2_DROP_TOP5,2,L1_EXTENDED,B0_REFERENCE,1.0,A2_W0::2005->2006,3,0.2575757575757575,0.5757575757575758,0.0303030303030303,0.8787878787878788,0.1212121212121212,0.7656414997680766,0.7905694417919453,0.0,0.7385489464809804
S2_DROP_TOP5,2,L1_EXTENDED,B0_REFERENCE,1.0,A2_W0::2006->2007,4,0.9066666666666666,0.0466666666666666,0.04,0.95,0.0466666666666666,0.839799474473671,0.9636241206188524,0.999999999898567,0.7071067806753643
S2_DROP_TOP5,2,L1_EXTENDED,B0_REFERENCE,1.0,A2_W0::2007->2008,5,0.3782608695652174,0.4217391304347826,0.058695652173913,0.9478260869565216,0.05,0.8152080269886626,0.7672542470105849,0.3669612903852086,0.5459757866156645
S2_DROP_TOP5,2,L1_EXTENDED,B0_REFERENCE,1.0,A2_W0::2008->2009,6,0.5559265442404007,0.3188647746243739,0.015025041736227,0.9515859766277128,0.0450751252086811,0.8187524764628548,0.8458148385734653,0.7187150856565253,0.5938762953540614
S2_DROP_TOP5,2,L1_EXTENDED,B0_REFERENCE,1.0,A2_W0::2009->2010,7,0.2581818181818182,0.6272727272727273,0.08,0.9436363636363636,0.0418181818181818,0.8479585105396009,0.922948027438444,0.8427661330451527,0.6601185095405608
S2_DROP_TOP5,2,L1_EXTENDED,B0_REFERENCE,1.0,A2_W0::2010->2011,8,0.6132075471698113,0.2679245283018868,0.0528301886792452,0.9339622641509434,0.0490566037735849,0.8749897087095352,0.8273704056788643,0.7048171788027695,0.5231839788726895
S2_DROP_TOP5,2,L1_EXTENDED,B0_REFERENCE,1.0,A2_W0::2011->2012,9,0.4285714285714285,0.3490427098674521,0.0721649484536082,0.930780559646539,0.04860088365243,0.8446475947048289,0.7954743368732411,0.7784214402441567,0.6723112420346024
S2_DROP_TOP5,2,L1_EXTENDED,B0_REFERENCE,1.0,A2_W0::2012->2013,10,0.3251908396946565,0.3633587786259541,0.1862595419847328,0.917557251908397,0.0625954198473282,0.8377671191817879,0.8490529817014125,0.7337369265473609,0.635430382317533
S2_DROP_TOP5,2,L1_EXTENDED,B0_REFERENCE,1.0,A2_W0::2013->2014,11,0.4167832167832168,0.3258741258741259,0.1538461538461538,0.9202797202797204,0.0573426573426573,0.8750655414619991,0.85559200506433,0.883813331439477,0.6731184972181735
S2_DROP_TOP5,2,L1_EXTENDED,B0_REFERENCE,1.0,A2_W0::2014->2015,12,0.4382284382284382,0.296037296037296,0.0932400932400932,0.9289044289044288,0.0477855477855477,0.8321102818529887,0.870951411071402,0.8468225637514206,0.5142349813745435
S2_DROP_TOP5,2,L1_EXTENDED,B0_REFERENCE,1.0,A2_W0::2015->2016,13,0.361522198731501,0.2758985200845666,0.2315010570824524,0.9281183932346724,0.0517970401691331,0.7517875833628591,0.8351898495062549,0.7191397465498534,0.3550456563567502
S2_DROP_TOP5,2,L1_EXTENDED,B0_REFERENCE,1.0,A2_W0::2016->2017,14,0.3991228070175439,0.2368421052631578,0.0894736842105263,0.9271929824561403,0.0570175438596491,0.7876827005358092,0.8468380196789921,0.685596086771042,0.4332111989148457
S2_DROP_TOP5,2,L1_EXTENDED,B0_REFERENCE,1.0,A2_W0::2017->2018,15,0.3292212798766384,0.3531225905936777,0.2313030069390902,0.9444872783346184,0.0454895913646877,0.852942605861516,0.8139407310538483,0.8996259557755064,0.5091631390437327
S2_DROP_TOP5,2,L1_EXTENDED,B0_REFERENCE,1.0,A2_W0::2018->2019,16,0.4304141208418194,0.319755600814664,0.1065852002715546,0.945010183299389,0.0482009504412763,0.8786238240703151,0.8414078963745342,0.8489831957734175,0.5109382923608379
S2_DROP_TOP5,2,L1_EXTENDED,B0_REFERENCE,1.0,A2_W0::2019->2020,17,0.428408442669709,0.2806617227609811,0.2127780946948089,0.9532230462065032,0.0422133485453508,0.8570574446425142,0.730139791232199,0.6907845795048844,0.5252375537182015
S2_DROP_TOP5,2,L1_EXTENDED,B0_REFERENCE,1.0,A2_W0::2020->2021,18,0.2343655130540376,0.5154826958105647,0.1742562234365513,0.9532483302975108,0.0443230115361262,0.8896859938307013,0.8111870333760839,0.8902769792791011,0.5785942715668081
S2_DROP_TOP5,2,L1_EXTENDED,B0_REFERENCE,1.0,A2_W0::2021->2022,19,0.1483457844183564,0.5410885805763074,0.1771611526147278,0.9562433297758804,0.0437566702241195,0.8711182680759483,0.7884147761341705,0.0,0.5874180740941771
S2_DROP_TOP5,2,L1_EXTENDED,B0_REFERENCE,1.0,A2_W0::2022->2023,20,0.1585127201565557,0.6908023483365949,0.009784735812133,0.980430528375734,0.0195694716242661,0.9405016947344904,0.8343355736216036,0.0,0.8067686155805056
S2_DROP_TOP5,2,L1_EXTENDED,B2_COMMON_NODE_EQUAL_DENSITY,1.0,A2_W0::2002->2003,0,0.5,0.5,0.0,0.7857142857142857,0.2142857142857142,0.9999999999239222,0.9999999999598208,0.0,0.0
S2_DROP_TOP5,2,L1_EXTENDED,B2_COMMON_NODE_EQUAL_DENSITY,1.0,A2_W0::2003->2004,1,0.5,0.5,0.0,0.8888888888888888,0.1111111111111111,0.9999999999337428,0.999999999971236,0.0,0.0
S2_DROP_TOP5,2,L1_EXTENDED,B2_COMMON_NODE_EQUAL_DENSITY,1.0,A2_W0::2004->2005,2,0.4705882352941176,0.4705882352941176,0.0,1.0,0.0,0.9718704453884316,0.0,0.0,0.2388446485648814
S2_DROP_TOP5,2,L1_EXTENDED,B2_COMMON_NODE_EQUAL_DENSITY,1.0,A2_W0::2005->2006,3,0.4666666666666667,0.4666666666666667,0.0,0.7333333333333333,0.2666666666666666,0.8528028655711044,0.7071068415036724,0.0,0.9999999999716466
S2_DROP_TOP5,2,L1_EXTENDED,B2_COMMON_NODE_EQUAL_DENSITY,1.0,A2_W0::2006->2007,4,0.4772727272727273,0.4772727272727273,0.0454545454545454,0.75,0.2272727272727272,0.7587869216614462,0.7745966912602078,0.999999999898567,0.999999999826674
S2_DROP_TOP5,2,L1_EXTENDED,B2_COMMON_NODE_EQUAL_DENSITY,1.0,A2_W0::2007->2008,5,0.4044943820224719,0.4044943820224719,0.0786516853932584,0.8314606741573034,0.1573033707865168,0.9181905599562584,0.8774574032614392,0.3669612903852086,0.2766576213316843
S2_DROP_TOP5,2,L1_EXTENDED,B2_COMMON_NODE_EQUAL_DENSITY,1.0,A2_W0::2008->2009,6,0.4742268041237113,0.4742268041237113,0.0103092783505154,0.8556701030927835,0.1237113402061855,0.9886081551706744,0.8956133840413011,0.9999999998072624,0.3860583003237788
S2_DROP_TOP5,2,L1_EXTENDED,B2_COMMON_NODE_EQUAL_DENSITY,1.0,A2_W0::2009->2010,7,0.4395604395604395,0.4395604395604395,0.0769230769230769,0.7802197802197802,0.1428571428571428,0.947921240131222,0.9370840811595388,0.9260120114535472,0.3324174981233897
S2_DROP_TOP5,2,L1_EXTENDED,B2_COMMON_NODE_EQUAL_DENSITY,1.0,A2_W0::2010->2011,8,0.3980582524271844,0.3980582524271844,0.0679611650485436,0.7475728155339806,0.174757281553398,0.894884511070734,0.9206745979484736,0.8688460042210022,0.2137762652996872
S2_DROP_TOP5,2,L1_EXTENDED,B2_COMMON_NODE_EQUAL_DENSITY,1.0,A2_W0::2011->2012,9,0.3722627737226277,0.3722627737226277,0.0802919708029197,0.8029197080291971,0.1313868613138686,0.8881044651884222,0.8581037666020811,0.7951691388916351,0.3253592544785793
S2_DROP_TOP5,2,L1_EXTENDED,B2_COMMON_NODE_EQUAL_DENSITY,1.0,A2_W0::2012->2013,10,0.4,0.4,0.04,0.7828571428571428,0.1542857142857142,0.904917131474134,0.9251426388997772,0.8435917377708274,0.2987112670054339
S2_DROP_TOP5,2,L1_EXTENDED,B2_COMMON_NODE_EQUAL_DENSITY,1.0,A2_W0::2013->2014,11,0.4166666666666667,0.4166666666666667,0.0944444444444444,0.7333333333333333,0.1833333333333333,0.9253707613141186,0.9067520302803974,0.8755195059492699,0.2354888069653114
S2_DROP_TOP5,2,L1_EXTENDED,B2_COMMON_NODE_EQUAL_DENSITY,1.0,A2_W0::2014->2015,12,0.4089068825910931,0.4089068825910931,0.1012145748987854,0.7935222672064778,0.1255060728744939,0.9246152229810836,0.8915306966950459,0.8771509811334193,0.3524682000870471
S2_DROP_TOP5,2,L1_EXTENDED,B2_COMMON_NODE_EQUAL_DENSITY,1.0,A2_W0::2015->2016,13,0.3156028368794326,0.3156028368794326,0.2978723404255319,0.8191489361702128,0.1205673758865248,0.7874832554461151,0.9007902407370614,0.7987209310381472,0.188200563163985
S2_DROP_TOP5,2,L1_EXTENDED,B2_COMMON_NODE_EQUAL_DENSITY,1.0,A2_W0::2016->2017,14,0.359882005899705,0.359882005899705,0.0943952802359882,0.8200589970501475,0.1327433628318584,0.8624332524505476,0.8670904704710863,0.7757439293077324,0.2561959215407711
S2_DROP_TOP5,2,L1_EXTENDED,B2_COMMON_NODE_EQUAL_DENSITY,1.0,A2_W0::2017->2018,15,0.3867924528301887,0.3867924528301887,0.1273584905660377,0.8632075471698113,0.1084905660377358,0.8943164134122592,0.8398859671964523,0.9331307245390033,0.2818292164680436
S2_DROP_TOP5,2,L1_EXTENDED,B2_COMMON_NODE_EQUAL_DENSITY,1.0,A2_W0::2018->2019,16,0.4171656686626746,0.4171656686626746,0.1177644710578842,0.874251497005988,0.1117764471057884,0.93340795686377,0.8510434105483312,0.9422235075394536,0.3536653374202534
S2_DROP_TOP5,2,L1_EXTENDED,B2_COMMON_NODE_EQUAL_DENSITY,1.0,A2_W0::2019->2020,17,0.4402618657937807,0.4402618657937807,0.1080196399345335,0.900163666121113,0.0916530278232405,0.956913775752876,0.8514936709363216,0.5847598984862656,0.3297618309153151
S2_DROP_TOP5,2,L1_EXTENDED,B2_COMMON_NODE_EQUAL_DENSITY,1.0,A2_W0::2020->2021,18,0.4526315789473684,0.4526315789473684,0.0652631578947368,0.888421052631579,0.1031578947368421,0.9659899119477764,0.8603525455897373,0.8902769792791011,0.2676688824967941
S2_DROP_TOP5,2,L1_EXTENDED,B2_COMMON_NODE_EQUAL_DENSITY,1.0,A2_W0::2021->2022,19,0.444055944055944,0.444055944055944,0.0769230769230769,0.8811188811188811,0.1188811188811188,0.961782659853302,0.83745324856091,0.0,0.3037100340052179
S2_DROP_TOP5,2,L1_EXTENDED,B2_COMMON_NODE_EQUAL_DENSITY,1.0,A2_W0::2022->2023,20,0.4827586206896552,0.4827586206896552,0.0172413793103448,0.9655172413793104,0.0344827586206896,0.974171169081824,0.8259444463956522,0.0,0.5044296798773511
S2_DROP_TOP5,2,L1_EXTENDED,B2_COMMON_NODE_EQUAL_DENSITY,0.75,A2_W0::2002->2003,0,0.5,0.5,0.0,0.7,0.3,0.999999999956427,0.9999999999598208,0.0,0.0
S2_DROP_TOP5,2,L1_EXTENDED,B2_COMMON_NODE_EQUAL_DENSITY,0.75,A2_W0::2003->2004,1,0.5,0.5,0.0,0.8571428571428571,0.1428571428571428,0.9999999999415236,0.999999999971236,0.0,0.0
S2_DROP_TOP5,2,L1_EXTENDED,B2_COMMON_NODE_EQUAL_DENSITY,0.75,A2_W0::2004->2005,2,0.5,0.5,0.0,1.0,0.0,0.999999999955218,0.0,0.0,0.0
S2_DROP_TOP5,2,L1_EXTENDED,B2_COMMON_NODE_EQUAL_DENSITY,0.75,A2_W0::2005->2006,3,0.4545454545454545,0.4545454545454545,0.0,0.7272727272727273,0.2727272727272727,0.9354143467137984,0.5773503677361328,0.0,0.9999999999716466
S2_DROP_TOP5,2,L1_EXTENDED,B2_COMMON_NODE_EQUAL_DENSITY,0.75,A2_W0::2006->2007,4,0.5,0.5,0.0,0.7647058823529411,0.2058823529411764,0.7595545393672801,0.7559289783047639,0.999999999898573,0.0
S2_DROP_TOP5,2,L1_EXTENDED,B2_COMMON_NODE_EQUAL_DENSITY,0.75,A2_W0::2007->2008,5,0.4736842105263157,0.4736842105263157,0.0,0.8552631578947368,0.131578947368421,0.9772858901671664,0.9999999998532948,0.3669612903852086,0.2320354704803917
S2_DROP_TOP5,2,L1_EXTENDED,B2_COMMON_NODE_EQUAL_DENSITY,0.75,A2_W0::2008->2009,6,0.4794520547945205,0.4794520547945205,0.0,0.821917808219178,0.1506849315068493,0.9842063217456278,0.9590202691331938,0.9999999998072624,0.2808580272677589
S2_DROP_TOP5,2,L1_EXTENDED,B2_COMMON_NODE_EQUAL_DENSITY,0.75,A2_W0::2009->2010,7,0.4722222222222222,0.4722222222222222,0.0277777777777777,0.7777777777777778,0.1527777777777778,0.9846980681312564,0.9544063165508654,0.8947052831810728,0.2835442237726959
S2_DROP_TOP5,2,L1_EXTENDED,B2_COMMON_NODE_EQUAL_DENSITY,0.75,A2_W0::2010->2011,8,0.4025974025974026,0.4025974025974026,0.0259740259740259,0.8181818181818182,0.1298701298701298,0.9119453186649574,0.8519126058565588,0.8715879046674925,0.2144452447370162
S2_DROP_TOP5,2,L1_EXTENDED,B2_COMMON_NODE_EQUAL_DENSITY,0.75,A2_W0::2011->2012,9,0.3904761904761905,0.3904761904761905,0.0666666666666666,0.7619047619047619,0.1523809523809524,0.917690879547004,0.8728848017072254,0.7951691388916351,0.376136870382193
S2_DROP_TOP5,2,L1_EXTENDED,B2_COMMON_NODE_EQUAL_DENSITY,0.75,A2_W0::2012->2013,10,0.4104477611940298,0.4104477611940298,0.0522388059701492,0.746268656716418,0.1865671641791045,0.9210311533998314,0.9188906434436764,0.8047164595860253,0.2713359094694847
S2_DROP_TOP5,2,L1_EXTENDED,B2_COMMON_NODE_EQUAL_DENSITY,0.75,A2_W0::2013->2014,11,0.4104477611940298,0.4104477611940298,0.0970149253731343,0.6567164179104478,0.2313432835820895,0.9087309811111492,0.916190143224075,0.9127383893350624,0.2224486809065192
S2_DROP_TOP5,2,L1_EXTENDED,B2_COMMON_NODE_EQUAL_DENSITY,0.75,A2_W0::2014->2015,12,0.4494949494949495,0.4494949494949495,0.0404040404040404,0.7575757575757576,0.1464646464646464,0.967181810477376,0.9343424510759342,0.8702049630205029,0.3178721337256678
S2_DROP_TOP5,2,L1_EXTENDED,B2_COMMON_NODE_EQUAL_DENSITY,0.75,A2_W0::2015->2016,13,0.3949579831932773,0.3949579831932773,0.1386554621848739,0.7941176470588235,0.134453781512605,0.9053842732274046,0.8942242442582122,0.7987209310381472,0.259261652712239
S2_DROP_TOP5,2,L1_EXTENDED,B2_COMMON_NODE_EQUAL_DENSITY,0.75,A2_W0::2016->2017,14,0.3647058823529411,0.3647058823529411,0.0941176470588235,0.7843137254901961,0.1568627450980392,0.868801025963329,0.8748901524681867,0.7901397357317793,0.2677108506544411
S2_DROP_TOP5,2,L1_EXTENDED,B2_COMMON_NODE_EQUAL_DENSITY,0.75,A2_W0::2017->2018,15,0.401840490797546,0.401840490797546,0.0920245398773006,0.843558282208589,0.1257668711656441,0.9144943974643164,0.826912915348166,0.9191732911358989,0.264175608414806
S2_DROP_TOP5,2,L1_EXTENDED,B2_COMMON_NODE_EQUAL_DENSITY,0.75,A2_W0::2018->2019,16,0.4525,0.4525,0.06,0.8575,0.1275,0.964988808727902,0.903218844636786,0.932246030475998,0.3333751259131441
S2_DROP_TOP5,2,L1_EXTENDED,B2_COMMON_NODE_EQUAL_DENSITY,0.75,A2_W0::2019->2020,17,0.4520255863539446,0.4520255863539446,0.0810234541577825,0.8827292110874201,0.1087420042643923,0.969565658520104,0.8647975540182146,0.5250496590266263,0.3136932827419521
S2_DROP_TOP5,2,L1_EXTENDED,B2_COMMON_NODE_EQUAL_DENSITY,0.75,A2_W0::2020->2021,18,0.4729729729729729,0.4729729729729729,0.0324324324324324,0.8675675675675676,0.1243243243243243,0.9878458124276304,0.8833927838426175,0.8505630291704416,0.2561652639867273
S2_DROP_TOP5,2,L1_EXTENDED,B2_COMMON_NODE_EQUAL_DENSITY,0.75,A2_W0::2021->2022,19,0.45662100456621,0.45662100456621,0.0776255707762557,0.8767123287671232,0.1232876712328767,0.9643667991948832,0.9190225141425424,0.0,0.268024196857915
S2_DROP_TOP5,2,L1_EXTENDED,B2_COMMON_NODE_EQUAL_DENSITY,0.75,A2_W0::2022->2023,20,0.4827586206896552,0.4827586206896552,0.0114942528735632,0.9655172413793104,0.0344827586206896,0.9944010076105042,0.759108449537432,0.0,0.5134002702111738
S2_DROP_TOP5,2,L1_EXTENDED,B2_COMMON_NODE_EQUAL_DENSITY,0.5,A2_W0::2002->2003,0,0.5,0.5,0.0,0.6666666666666666,0.3333333333333333,0.9999999999612424,0.9999999999614496,0.0,0.0
S2_DROP_TOP5,2,L1_EXTENDED,B2_COMMON_NODE_EQUAL_DENSITY,0.5,A2_W0::2003->2004,1,0.5,0.5,0.0,0.75,0.25,0.9999999999706072,0.999999999971236,0.0,0.0
S2_DROP_TOP5,2,L1_EXTENDED,B2_COMMON_NODE_EQUAL_DENSITY,0.5,A2_W0::2004->2005,2,0.5,0.5,0.0,1.0,0.0,0.999999999966452,0.0,0.0,0.0
S2_DROP_TOP5,2,L1_EXTENDED,B2_COMMON_NODE_EQUAL_DENSITY,0.5,A2_W0::2005->2006,3,0.4285714285714285,0.4285714285714285,0.0,0.7142857142857143,0.2857142857142857,0.9999999999313406,0.7071068983025165,0.0,0.9999999999716466
S2_DROP_TOP5,2,L1_EXTENDED,B2_COMMON_NODE_EQUAL_DENSITY,0.5,A2_W0::2006->2007,4,0.5,0.5,0.0,0.7272727272727273,0.2272727272727272,0.7905694368309523,0.7745967132449807,0.999999999898573,0.0
S2_DROP_TOP5,2,L1_EXTENDED,B2_COMMON_NODE_EQUAL_DENSITY,0.5,A2_W0::2007->2008,5,0.4901960784313725,0.4901960784313725,0.0,0.803921568627451,0.1764705882352941,0.9999999998367882,0.9999999998642408,0.3669612903852086,0.3669612903852086
S2_DROP_TOP5,2,L1_EXTENDED,B2_COMMON_NODE_EQUAL_DENSITY,0.5,A2_W0::2008->2009,6,0.4791666666666667,0.4791666666666667,0.0,0.7708333333333334,0.1875,0.9870241758266248,0.9496735487956915,0.9999999998072624,0.2854272508895707
S2_DROP_TOP5,2,L1_EXTENDED,B2_COMMON_NODE_EQUAL_DENSITY,0.5,A2_W0::2009->2010,7,0.4680851063829787,0.4680851063829787,0.0212765957446808,0.7446808510638298,0.1702127659574468,0.9874687977463624,0.9367367285507158,0.8663844006903423,0.2240574672527683
S2_DROP_TOP5,2,L1_EXTENDED,B2_COMMON_NODE_EQUAL_DENSITY,0.5,A2_W0::2010->2011,8,0.4259259259259259,0.4259259259259259,0.0185185185185185,0.8148148148148148,0.1481481481481481,0.9315421245465326,0.8775160798416508,0.9999999999058788,0.206817517266896
S2_DROP_TOP5,2,L1_EXTENDED,B2_COMMON_NODE_EQUAL_DENSITY,0.5,A2_W0::2011->2012,9,0.4266666666666667,0.4266666666666667,0.0266666666666666,0.7866666666666666,0.1333333333333333,0.9317893130249776,0.9509388496117644,0.9142597887276211,0.3416165920908916
S2_DROP_TOP5,2,L1_EXTENDED,B2_COMMON_NODE_EQUAL_DENSITY,0.5,A2_W0::2012->2013,10,0.4157303370786517,0.4157303370786517,0.0337078651685393,0.7191011235955056,0.1797752808988764,0.9309397038771487,0.8699497246161096,0.8878757809852753,0.2112549643825408
S2_DROP_TOP5,2,L1_EXTENDED,B2_COMMON_NODE_EQUAL_DENSITY,0.5,A2_W0::2013->2014,11,0.4347826086956521,0.4347826086956521,0.0543478260869565,0.5978260869565217,0.2608695652173913,0.9270840683851072,0.9578509085774548,0.9305782909913276,0.213860550880532
S2_DROP_TOP5,2,L1_EXTENDED,B2_COMMON_NODE_EQUAL_DENSITY,0.5,A2_W0::2014->2015,12,0.4511278195488721,0.4511278195488721,0.0300751879699248,0.7142857142857143,0.1578947368421052,0.9703568754919368,0.933860713442908,0.8870658736389138,0.2964347761991057
S2_DROP_TOP5,2,L1_EXTENDED,B2_COMMON_NODE_EQUAL_DENSITY,0.5,A2_W0::2015->2016,13,0.4074074074074074,0.4074074074074074,0.1049382716049382,0.7283950617283951,0.1790123456790123,0.9235465000512256,0.8961501135766359,0.8354295186288749,0.2831550410511598
S2_DROP_TOP5,2,L1_EXTENDED,B2_COMMON_NODE_EQUAL_DENSITY,0.5,A2_W0::2016->2017,14,0.4065934065934066,0.4065934065934066,0.0549450549450549,0.7472527472527473,0.1813186813186813,0.9117632498038948,0.9268473875928092,0.7952545052733829,0.2188586442348815
S2_DROP_TOP5,2,L1_EXTENDED,B2_COMMON_NODE_EQUAL_DENSITY,0.5,A2_W0::2017->2018,15,0.4298245614035088,0.4298245614035088,0.043859649122807,0.8070175438596491,0.1622807017543859,0.9475664356172614,0.8486785499647257,0.9445148500945184,0.2564492638655404
S2_DROP_TOP5,2,L1_EXTENDED,B2_COMMON_NODE_EQUAL_DENSITY,0.5,A2_W0::2018->2019,16,0.4690909090909091,0.4690909090909091,0.0436363636363636,0.8254545454545454,0.1527272727272727,0.9788913083180474,0.9364761772148756,0.932246030475998,0.3034872295313352
S2_DROP_TOP5,2,L1_EXTENDED,B2_COMMON_NODE_EQUAL_DENSITY,0.5,A2_W0::2019->2020,17,0.4705882352941176,0.4705882352941176,0.0588235294117647,0.8575851393188855,0.1300309597523219,0.9844451515087044,0.9096884009492592,0.7250330355926694,0.2624492079003316
S2_DROP_TOP5,2,L1_EXTENDED,B2_COMMON_NODE_EQUAL_DENSITY,0.5,A2_W0::2020->2021,18,0.4820717131474104,0.4820717131474104,0.0199203187250996,0.8326693227091634,0.1553784860557769,0.9953659465537186,0.9209205576073892,0.8505630291704416,0.1866424201723187
S2_DROP_TOP5,2,L1_EXTENDED,B2_COMMON_NODE_EQUAL_DENSITY,0.5,A2_W0::2021->2022,19,0.4513888888888889,0.4513888888888889,0.0972222222222222,0.8333333333333334,0.1666666666666666,0.9551740309024548,0.9458999947083194,0.0,0.2613610992499937
S2_DROP_TOP5,2,L1_EXTENDED,B2_COMMON_NODE_EQUAL_DENSITY,0.5,A2_W0::2022->2023,20,0.4827586206896552,0.4827586206896552,0.0,0.9482758620689656,0.0517241379310344,0.9914360804531492,0.95021202098153,0.0,0.6207701879481655
S2_DROP_TOP5,2,L2_HIGH,B0_REFERENCE,1.0,A2_W0::2002->2003,0,0.8505747126436781,0.0919540229885057,0.0229885057471264,0.971264367816092,0.028735632183908,0.8050801607224681,0.9526524299507854,0.0,0.8411759357986035
S2_DROP_TOP5,2,L2_HIGH,B0_REFERENCE,1.0,A2_W0::2003->2004,1,0.4785478547854785,0.4257425742574257,0.0693069306930693,0.9801980198019802,0.0198019801980198,0.7750362335993772,0.8156555646472521,0.0,0.7964153517761472
S2_DROP_TOP5,2,L2_HIGH,B0_REFERENCE,1.0,A2_W0::2004->2005,2,0.2926829268292683,0.5772357723577236,0.016260162601626,0.975609756097561,0.024390243902439,0.6147878324402004,0.5799167872291026,0.0,0.423127352560931
S2_DROP_TOP5,2,L2_HIGH,B0_REFERENCE,1.0,A2_W0::2005->2006,3,0.4157303370786517,0.5393258426966292,0.0168539325842696,0.9606741573033708,0.0393258426966292,0.4524139845887418,0.8451542596346568,0.0,0.8660254080625778
S2_DROP_TOP5,2,L2_HIGH,B0_REFERENCE,1.0,A2_W0::2006->2007,4,0.7050359712230215,0.0863309352517985,0.0719424460431654,0.9424460431654677,0.0539568345323741,0.8758855958341899,0.930949335587005,0.9999999998972924,0.5872202237708648
S2_DROP_TOP5,2,L2_HIGH,B0_REFERENCE,1.0,A2_W0::2007->2008,5,0.3981042654028436,0.4170616113744075,0.0450236966824644,0.943127962085308,0.0545023696682464,0.8517416429261813,0.7674015702363984,0.3642677375653529,0.4988719676568769
S2_DROP_TOP5,2,L2_HIGH,B0_REFERENCE,1.0,A2_W0::2008->2009,6,0.5669014084507042,0.2992957746478873,0.0158450704225352,0.9507042253521126,0.0457746478873239,0.8400859143086378,0.8616090439930065,0.7166062668486837,0.6007738247355187
S2_DROP_TOP5,2,L2_HIGH,B0_REFERENCE,1.0,A2_W0::2009->2010,7,0.2802893309222423,0.6148282097649186,0.0687160940325497,0.9403254972875226,0.0452079566003616,0.8462568502912557,0.8857688894978212,0.8445366648566124,0.6394898649993943
S2_DROP_TOP5,2,L2_HIGH,B0_REFERENCE,1.0,A2_W0::2010->2011,8,0.583984375,0.267578125,0.05859375,0.931640625,0.05078125,0.8913832710450449,0.8239359042381785,0.7039955266538644,0.6082569013201387
S2_DROP_TOP5,2,L2_HIGH,B0_REFERENCE,1.0,A2_W0::2011->2012,9,0.4352409638554217,0.3102409638554217,0.0798192771084337,0.9307228915662652,0.0481927710843373,0.8547157677417091,0.799329990886097,0.7602888383781121,0.6923563588426372
S2_DROP_TOP5,2,L2_HIGH,B0_REFERENCE,1.0,A2_W0::2012->2013,10,0.2810047095761381,0.4583987441130298,0.1554160125588697,0.9167974882260596,0.0627943485086342,0.8501992929182232,0.8431530770837437,0.739637810080017,0.6046307299108464
S2_DROP_TOP5,2,L2_HIGH,B0_REFERENCE,1.0,A2_W0::2013->2014,11,0.4956140350877193,0.3128654970760234,0.0818713450292397,0.9166666666666666,0.0599415204678362,0.8952253190596821,0.8539143694799366,0.8845581983787132,0.5450025736134846
S2_DROP_TOP5,2,L2_HIGH,B0_REFERENCE,1.0,A2_W0::2014->2015,12,0.4073139974779319,0.3203026481715006,0.1008827238335435,0.9230769230769232,0.051702395964691,0.8681455438792581,0.8700427669878084,0.8491153182242118,0.4622169980829321
S2_DROP_TOP5,2,L2_HIGH,B0_REFERENCE,1.0,A2_W0::2015->2016,13,0.4031007751937984,0.2414174972314507,0.2148394241417497,0.9235880398671096,0.0553709856035437,0.7719130879070373,0.8268752458644014,0.7196990549479477,0.3528532953589637
S2_DROP_TOP5,2,L2_HIGH,B0_REFERENCE,1.0,A2_W0::2016->2017,14,0.4145299145299145,0.2341880341880342,0.0948717948717948,0.9290598290598292,0.0555555555555555,0.7768086057760818,0.846119805625345,0.7068675048079683,0.4396935150416874
S2_DROP_TOP5,2,L2_HIGH,B0_REFERENCE,1.0,A2_W0::2017->2018,15,0.316030534351145,0.3725190839694656,0.2183206106870229,0.9458015267175572,0.0442748091603053,0.8487229638075758,0.81035990054136,0.9080266690238128,0.531590257192944
S2_DROP_TOP5,2,L2_HIGH,B0_REFERENCE,1.0,A2_W0::2018->2019,16,0.4223471539002108,0.3316936050597329,0.1243851018973998,0.9430780042164442,0.0498945888966971,0.8941350915833813,0.8421460470553015,0.8471866555778267,0.4580394570924112
S2_DROP_TOP5,2,L2_HIGH,B0_REFERENCE,1.0,A2_W0::2019->2020,17,0.4425556858147714,0.2584994138335287,0.2139507620164126,0.9519343493552168,0.0433763188745603,0.8687344772323359,0.7325531030626589,0.6911021300399559,0.5148082373634998
S2_DROP_TOP5,2,L2_HIGH,B0_REFERENCE,1.0,A2_W0::2020->2021,18,0.2523640661938534,0.5023640661938534,0.1737588652482269,0.9544917257683216,0.043144208037825,0.8771187403925741,0.8100889231505518,0.8911916793350912,0.5231103041031626
S2_DROP_TOP5,2,L2_HIGH,B0_REFERENCE,1.0,A2_W0::2021->2022,19,0.135523613963039,0.5092402464065708,0.1724845995893223,0.957905544147844,0.042094455852156,0.8538617197703524,0.7888538432696062,0.0,0.6332442241576579
S2_DROP_TOP5,2,L2_HIGH,B0_REFERENCE,1.0,A2_W0::2022->2023,20,0.1449016100178891,0.776386404293381,0.0107334525939177,0.9821109123434704,0.0178890876565295,0.8975392750002107,0.8352545713325167,0.0,0.6259199968938348
S2_DROP_TOP5,2,L2_HIGH,B2_COMMON_NODE_EQUAL_DENSITY,1.0,A2_W0::2002->2003,0,0.5,0.5,0.0,0.7857142857142857,0.2142857142857142,0.9999999999241914,0.9999999999592744,0.0,0.0
S2_DROP_TOP5,2,L2_HIGH,B2_COMMON_NODE_EQUAL_DENSITY,1.0,A2_W0::2003->2004,1,0.5,0.5,0.0,0.8333333333333334,0.1666666666666666,0.999999999932687,0.9999999999635588,0.0,0.0
S2_DROP_TOP5,2,L2_HIGH,B2_COMMON_NODE_EQUAL_DENSITY,1.0,A2_W0::2004->2005,2,0.4375,0.4375,0.0,0.9375,0.0625,0.9351748290180512,0.9999999999485464,0.0,0.2431865679702507
S2_DROP_TOP5,2,L2_HIGH,B2_COMMON_NODE_EQUAL_DENSITY,1.0,A2_W0::2005->2006,3,0.5,0.5,0.0,0.875,0.125,0.8017837750867153,0.7071070424618073,0.0,0.0
S2_DROP_TOP5,2,L2_HIGH,B2_COMMON_NODE_EQUAL_DENSITY,1.0,A2_W0::2006->2007,4,0.3783783783783784,0.3783783783783784,0.2432432432432432,0.8108108108108109,0.1621621621621621,0.7958225236635048,0.9999999997918076,0.9999999998972924,0.9999999996580636
S2_DROP_TOP5,2,L2_HIGH,B2_COMMON_NODE_EQUAL_DENSITY,1.0,A2_W0::2007->2008,5,0.4044943820224719,0.4044943820224719,0.0786516853932584,0.8314606741573034,0.1573033707865168,0.9182441676712156,0.8774899486612981,0.3642677375653529,0.2773069615815826
S2_DROP_TOP5,2,L2_HIGH,B2_COMMON_NODE_EQUAL_DENSITY,1.0,A2_W0::2008->2009,6,0.4795918367346938,0.4795918367346938,0.0,0.8571428571428571,0.1224489795918367,0.988840028009225,0.9286806154973636,0.9999999998053885,0.3481948997330236
S2_DROP_TOP5,2,L2_HIGH,B2_COMMON_NODE_EQUAL_DENSITY,1.0,A2_W0::2009->2010,7,0.4395604395604395,0.4395604395604395,0.0769230769230769,0.7802197802197802,0.1428571428571428,0.9480252005753196,0.937356844773906,0.925941036266286,0.3351032675512607
S2_DROP_TOP5,2,L2_HIGH,B2_COMMON_NODE_EQUAL_DENSITY,1.0,A2_W0::2010->2011,8,0.3980582524271844,0.3980582524271844,0.058252427184466,0.7475728155339806,0.174757281553398,0.8949494961285602,0.9202908204206158,0.8690827015529735,0.2137238658409026
S2_DROP_TOP5,2,L2_HIGH,B2_COMMON_NODE_EQUAL_DENSITY,1.0,A2_W0::2011->2012,9,0.381294964028777,0.381294964028777,0.0719424460431654,0.8057553956834532,0.1294964028776978,0.8987210187882467,0.8569252729114842,0.7994059396535645,0.3224699183857623
S2_DROP_TOP5,2,L2_HIGH,B2_COMMON_NODE_EQUAL_DENSITY,1.0,A2_W0::2012->2013,10,0.4034090909090909,0.4034090909090909,0.0397727272727272,0.7840909090909091,0.1534090909090909,0.9093986161016698,0.9251148502616964,0.8435187147002858,0.3000578680898749
S2_DROP_TOP5,2,L2_HIGH,B2_COMMON_NODE_EQUAL_DENSITY,1.0,A2_W0::2013->2014,11,0.4166666666666667,0.4166666666666667,0.0888888888888888,0.7333333333333333,0.1833333333333333,0.925296866858944,0.9067001425766972,0.8763215278779346,0.2354830403237355
S2_DROP_TOP5,2,L2_HIGH,B2_COMMON_NODE_EQUAL_DENSITY,1.0,A2_W0::2014->2015,12,0.4089068825910931,0.4089068825910931,0.1012145748987854,0.7935222672064778,0.1255060728744939,0.924590628934146,0.8914211088845527,0.8774709688023578,0.352350221455998
S2_DROP_TOP5,2,L2_HIGH,B2_COMMON_NODE_EQUAL_DENSITY,1.0,A2_W0::2015->2016,13,0.3156028368794326,0.3156028368794326,0.2978723404255319,0.8191489361702128,0.1205673758865248,0.7875466224565292,0.901276220751137,0.7996215437083428,0.1901650435669083
S2_DROP_TOP5,2,L2_HIGH,B2_COMMON_NODE_EQUAL_DENSITY,1.0,A2_W0::2016->2017,14,0.3617647058823529,0.3617647058823529,0.0852941176470588,0.8176470588235294,0.1352941176470588,0.8642933738250903,0.8688482249685708,0.7763787382357104,0.253409523341893
S2_DROP_TOP5,2,L2_HIGH,B2_COMMON_NODE_EQUAL_DENSITY,1.0,A2_W0::2017->2018,15,0.3853427895981087,0.3853427895981087,0.1300236406619385,0.8628841607565012,0.1063829787234042,0.8929392064715758,0.8358101224901223,0.938015875906583,0.285448649048318
S2_DROP_TOP5,2,L2_HIGH,B2_COMMON_NODE_EQUAL_DENSITY,1.0,A2_W0::2018->2019,16,0.4171656686626746,0.4171656686626746,0.1177644710578842,0.872255489021956,0.1117764471057884,0.9344308641774698,0.8506478885042009,0.8861810620728167,0.3535638215357529
S2_DROP_TOP5,2,L2_HIGH,B2_COMMON_NODE_EQUAL_DENSITY,1.0,A2_W0::2019->2020,17,0.4393442622950819,0.4393442622950819,0.1098360655737704,0.9,0.0918032786885245,0.9578035134957428,0.8351081955063052,0.5883485508725296,0.3375441031050651
S2_DROP_TOP5,2,L2_HIGH,B2_COMMON_NODE_EQUAL_DENSITY,1.0,A2_W0::2020->2021,18,0.453781512605042,0.453781512605042,0.0609243697478991,0.8886554621848739,0.1029411764705882,0.9672475477679892,0.8603508699653662,0.8911916793350912,0.2693449638361427
S2_DROP_TOP5,2,L2_HIGH,B2_COMMON_NODE_EQUAL_DENSITY,1.0,A2_W0::2021->2022,19,0.4361702127659574,0.4361702127659574,0.0815602836879432,0.8794326241134752,0.1205673758865248,0.9531253734173826,0.8377836401677792,0.0,0.2962294068024946
S2_DROP_TOP5,2,L2_HIGH,B2_COMMON_NODE_EQUAL_DENSITY,1.0,A2_W0::2022->2023,20,0.4827586206896552,0.4827586206896552,0.0172413793103448,0.9655172413793104,0.0344827586206896,0.9743467298617328,0.8265000412104321,0.0,0.5147284619914421
S2_DROP_TOP5,2,L2_HIGH,B2_COMMON_NODE_EQUAL_DENSITY,0.75,A2_W0::2002->2003,0,0.5,0.5,0.0,0.7,0.3,0.9999999999567148,0.9999999999592744,0.0,0.0
S2_DROP_TOP5,2,L2_HIGH,B2_COMMON_NODE_EQUAL_DENSITY,0.75,A2_W0::2003->2004,1,0.5,0.5,0.0,0.7857142857142857,0.2142857142857142,0.9999999999405612,0.9999999999635588,0.0,0.0
S2_DROP_TOP5,2,L2_HIGH,B2_COMMON_NODE_EQUAL_DENSITY,0.75,A2_W0::2004->2005,2,0.5,0.5,0.0,1.0,0.0,0.9999999999550464,0.0,0.0,0.0
S2_DROP_TOP5,2,L2_HIGH,B2_COMMON_NODE_EQUAL_DENSITY,0.75,A2_W0::2005->2006,3,0.5,0.5,0.0,0.8333333333333334,0.1666666666666666,0.836660082200945,0.7071070424618073,0.0,0.0
S2_DROP_TOP5,2,L2_HIGH,B2_COMMON_NODE_EQUAL_DENSITY,0.75,A2_W0::2006->2007,4,0.4516129032258064,0.4516129032258064,0.0967741935483871,0.8064516129032258,0.1612903225806451,0.7745967860705593,0.8944272735094443,0.9999999998972924,0.999999999729966
S2_DROP_TOP5,2,L2_HIGH,B2_COMMON_NODE_EQUAL_DENSITY,0.75,A2_W0::2007->2008,5,0.4736842105263157,0.4736842105263157,0.0,0.8552631578947368,0.131578947368421,0.9771431440478456,0.9999999998523756,0.3642677375653529,0.2209400759784695
S2_DROP_TOP5,2,L2_HIGH,B2_COMMON_NODE_EQUAL_DENSITY,0.75,A2_W0::2008->2009,6,0.4794520547945205,0.4794520547945205,0.0,0.821917808219178,0.1506849315068493,0.984340612619118,0.9591006890850592,0.9999999998053885,0.2910910365936524
S2_DROP_TOP5,2,L2_HIGH,B2_COMMON_NODE_EQUAL_DENSITY,0.75,A2_W0::2009->2010,7,0.4647887323943662,0.4647887323943662,0.0422535211267605,0.7746478873239436,0.1549295774647887,0.977220272713622,0.9543295191721628,0.8946024390470484,0.3294028410214101
S2_DROP_TOP5,2,L2_HIGH,B2_COMMON_NODE_EQUAL_DENSITY,0.75,A2_W0::2010->2011,8,0.4025974025974026,0.4025974025974026,0.0259740259740259,0.8311688311688312,0.1298701298701298,0.9133370286737452,0.8511658768628108,0.8249887229416615,0.2120475548082288
S2_DROP_TOP5,2,L2_HIGH,B2_COMMON_NODE_EQUAL_DENSITY,0.75,A2_W0::2011->2012,9,0.3904761904761905,0.3904761904761905,0.0666666666666666,0.7619047619047619,0.1523809523809524,0.9175398047901248,0.8717811221845834,0.7994059396535645,0.3765881972913185
S2_DROP_TOP5,2,L2_HIGH,B2_COMMON_NODE_EQUAL_DENSITY,0.75,A2_W0::2012->2013,10,0.4148148148148148,0.4148148148148148,0.0518518518518518,0.7481481481481481,0.1851851851851851,0.9219042530646108,0.9188604274792234,0.8293994221897036,0.2225734324653426
S2_DROP_TOP5,2,L2_HIGH,B2_COMMON_NODE_EQUAL_DENSITY,0.75,A2_W0::2013->2014,11,0.4191176470588235,0.4191176470588235,0.0735294117647058,0.6617647058823529,0.2279411764705882,0.9160858839717196,0.9162815388411408,0.939451468218544,0.1900316748773476
S2_DROP_TOP5,2,L2_HIGH,B2_COMMON_NODE_EQUAL_DENSITY,0.75,A2_W0::2014->2015,12,0.4494949494949495,0.4494949494949495,0.0404040404040404,0.7575757575757576,0.1464646464646464,0.9671782833448638,0.9347076253663162,0.8705444764319611,0.3202228088894734
S2_DROP_TOP5,2,L2_HIGH,B2_COMMON_NODE_EQUAL_DENSITY,0.75,A2_W0::2015->2016,13,0.3924050632911392,0.3924050632911392,0.1476793248945147,0.7932489451476793,0.1392405063291139,0.9019441951820732,0.8981151996141936,0.785402302383208,0.2592029626027933
S2_DROP_TOP5,2,L2_HIGH,B2_COMMON_NODE_EQUAL_DENSITY,0.75,A2_W0::2016->2017,14,0.3622047244094488,0.3622047244094488,0.0944881889763779,0.7795275590551181,0.1614173228346456,0.8643253598111987,0.8768883558592927,0.7902448286615685,0.2621644271371669
S2_DROP_TOP5,2,L2_HIGH,B2_COMMON_NODE_EQUAL_DENSITY,0.75,A2_W0::2017->2018,15,0.4054878048780488,0.4054878048780488,0.0884146341463414,0.8414634146341463,0.125,0.9178678207403436,0.8267136331235723,0.9263005200236438,0.2535197666217563
S2_DROP_TOP5,2,L2_HIGH,B2_COMMON_NODE_EQUAL_DENSITY,0.75,A2_W0::2018->2019,16,0.456575682382134,0.456575682382134,0.0545905707196029,0.8560794044665012,0.1265508684863523,0.9670385599043734,0.919611365315316,0.9417030811981344,0.3367493813866477
S2_DROP_TOP5,2,L2_HIGH,B2_COMMON_NODE_EQUAL_DENSITY,0.75,A2_W0::2019->2020,17,0.4520255863539446,0.4520255863539446,0.0810234541577825,0.8805970149253731,0.1108742004264392,0.9694776516508424,0.8673513661886396,0.5271751543020513,0.3128531024504559
S2_DROP_TOP5,2,L2_HIGH,B2_COMMON_NODE_EQUAL_DENSITY,0.75,A2_W0::2020->2021,18,0.4758064516129032,0.4758064516129032,0.0268817204301075,0.8682795698924731,0.1236559139784946,0.9909839898660836,0.8833841931221922,0.8518392723371156,0.2662199648565521
S2_DROP_TOP5,2,L2_HIGH,B2_COMMON_NODE_EQUAL_DENSITY,0.75,A2_W0::2021->2022,19,0.45662100456621,0.45662100456621,0.0776255707762557,0.8767123287671232,0.1232876712328767,0.9643300657237268,0.9192948291195616,0.0,0.268015701033177
S2_DROP_TOP5,2,L2_HIGH,B2_COMMON_NODE_EQUAL_DENSITY,0.75,A2_W0::2022->2023,20,0.4827586206896552,0.4827586206896552,0.0114942528735632,0.9655172413793104,0.0344827586206896,0.994410027903721,0.7599143093879027,0.0,0.5150788943540128
S2_DROP_TOP5,2,L2_HIGH,B2_COMMON_NODE_EQUAL_DENSITY,0.5,A2_W0::2002->2003,0,0.5,0.5,0.0,0.6666666666666666,0.3333333333333333,0.9999999999612522,0.9999999999608576,0.0,0.0
S2_DROP_TOP5,2,L2_HIGH,B2_COMMON_NODE_EQUAL_DENSITY,0.5,A2_W0::2003->2004,1,0.5,0.5,0.0,0.75,0.25,0.9999999999704596,0.999999999971065,0.0,0.0
S2_DROP_TOP5,2,L2_HIGH,B2_COMMON_NODE_EQUAL_DENSITY,0.5,A2_W0::2004->2005,2,0.5,0.5,0.0,1.0,0.0,0.9999999999663504,0.0,0.0,0.0
S2_DROP_TOP5,2,L2_HIGH,B2_COMMON_NODE_EQUAL_DENSITY,0.5,A2_W0::2005->2006,3,0.5,0.5,0.0,0.75,0.25,0.91287096707889,0.7071070424618073,0.0,0.0
S2_DROP_TOP5,2,L2_HIGH,B2_COMMON_NODE_EQUAL_DENSITY,0.5,A2_W0::2006->2007,4,0.5,0.5,0.0,0.7727272727272727,0.1818181818181818,0.7669651146239527,0.8660255103743363,0.9999999998972924,0.0
S2_DROP_TOP5,2,L2_HIGH,B2_COMMON_NODE_EQUAL_DENSITY,0.5,A2_W0::2007->2008,5,0.4901960784313725,0.4901960784313725,0.0,0.803921568627451,0.1764705882352941,0.9999999998377828,0.9999999998631302,0.3642677375653529,0.3642677375653529
S2_DROP_TOP5,2,L2_HIGH,B2_COMMON_NODE_EQUAL_DENSITY,0.5,A2_W0::2008->2009,6,0.4791666666666667,0.4791666666666667,0.0,0.7708333333333334,0.1875,0.9871528251291098,0.9497728062068111,0.9999999998053885,0.294984210092169
S2_DROP_TOP5,2,L2_HIGH,B2_COMMON_NODE_EQUAL_DENSITY,0.5,A2_W0::2009->2010,7,0.4791666666666667,0.4791666666666667,0.0208333333333333,0.75,0.1666666666666666,0.9877353986355144,0.999999999900623,0.8662516406934984,0.2489291729532952
S2_DROP_TOP5,2,L2_HIGH,B2_COMMON_NODE_EQUAL_DENSITY,0.5,A2_W0::2010->2011,8,0.4259259259259259,0.4259259259259259,0.0185185185185185,0.8148148148148148,0.1481481481481481,0.931551699651788,0.8770087565088658,0.999999999907895,0.2048938513289288
S2_DROP_TOP5,2,L2_HIGH,B2_COMMON_NODE_EQUAL_DENSITY,0.5,A2_W0::2011->2012,9,0.4266666666666667,0.4266666666666667,0.0266666666666666,0.7866666666666666,0.1333333333333333,0.9317066386582884,0.9508561015314432,0.914167948330802,0.3400601388465356
S2_DROP_TOP5,2,L2_HIGH,B2_COMMON_NODE_EQUAL_DENSITY,0.5,A2_W0::2012->2013,10,0.4157303370786517,0.4157303370786517,0.0337078651685393,0.7191011235955056,0.1797752808988764,0.9310364542700664,0.869899855520522,0.8873070832384297,0.2114214093143898
S2_DROP_TOP5,2,L2_HIGH,B2_COMMON_NODE_EQUAL_DENSITY,0.5,A2_W0::2013->2014,11,0.4347826086956521,0.4347826086956521,0.0543478260869565,0.5869565217391305,0.2717391304347826,0.9255690216167476,0.9595680752954378,0.9297864072078454,0.2078503037427664
S2_DROP_TOP5,2,L2_HIGH,B2_COMMON_NODE_EQUAL_DENSITY,0.5,A2_W0::2014->2015,12,0.4552238805970149,0.4552238805970149,0.0298507462686567,0.7089552238805971,0.1641791044776119,0.9753748108616284,0.9374213109359912,0.8876161215454801,0.3034762890572124
S2_DROP_TOP5,2,L2_HIGH,B2_COMMON_NODE_EQUAL_DENSITY,0.5,A2_W0::2015->2016,13,0.4074074074074074,0.4074074074074074,0.1111111111111111,0.7222222222222222,0.1851851851851851,0.922839026101758,0.9000070559482695,0.8369967122906224,0.2857599303362733
S2_DROP_TOP5,2,L2_HIGH,B2_COMMON_NODE_EQUAL_DENSITY,0.5,A2_W0::2016->2017,14,0.4065934065934066,0.4065934065934066,0.0549450549450549,0.7472527472527473,0.1813186813186813,0.911729231602512,0.9265970809173348,0.7961485775555297,0.2185056449556994
S2_DROP_TOP5,2,L2_HIGH,B2_COMMON_NODE_EQUAL_DENSITY,0.5,A2_W0::2017->2018,15,0.4298245614035088,0.4298245614035088,0.043859649122807,0.8070175438596491,0.1622807017543859,0.947572987287202,0.8483537168950723,0.9452765798614912,0.2559592279296639
S2_DROP_TOP5,2,L2_HIGH,B2_COMMON_NODE_EQUAL_DENSITY,0.5,A2_W0::2018->2019,16,0.4690909090909091,0.4690909090909091,0.0436363636363636,0.8254545454545454,0.1527272727272727,0.9788875609948848,0.9363197978857748,0.9316323356501812,0.3014618884480264
S2_DROP_TOP5,2,L2_HIGH,B2_COMMON_NODE_EQUAL_DENSITY,0.5,A2_W0::2019->2020,17,0.4672897196261682,0.4672897196261682,0.0654205607476635,0.8566978193146417,0.1308411214953271,0.9813115245235456,0.909588020479478,0.7263238959742484,0.2825298848182143
S2_DROP_TOP5,2,L2_HIGH,B2_COMMON_NODE_EQUAL_DENSITY,0.5,A2_W0::2020->2021,18,0.4820717131474104,0.4820717131474104,0.0199203187250996,0.8326693227091634,0.1553784860557769,0.9953575811102712,0.920948896408737,0.8518392723371156,0.1881464255377848
S2_DROP_TOP5,2,L2_HIGH,B2_COMMON_NODE_EQUAL_DENSITY,0.5,A2_W0::2021->2022,19,0.4513888888888889,0.4513888888888889,0.0902777777777777,0.8333333333333334,0.1666666666666666,0.955069512353617,0.9460491844043084,0.0,0.2590022416704406
S2_DROP_TOP5,2,L2_HIGH,B2_COMMON_NODE_EQUAL_DENSITY,0.5,A2_W0::2022->2023,20,0.4915254237288136,0.4915254237288136,0.0,0.9661016949152542,0.0338983050847457,0.9917511494489268,0.9999999999365236,0.0,0.2520109685931565
S2_DROP_TOP5,3,L0_STAGE15_MATCHED,B0_REFERENCE,1.0,A2_W0::2002->2003,0,0.7786885245901639,0.1721311475409836,0.0327868852459016,0.9590163934426228,0.040983606557377,0.967433280288127,0.954441224607652,0.0,0.9181745484072034
S2_DROP_TOP5,3,L0_STAGE15_MATCHED,B0_REFERENCE,1.0,A2_W0::2003->2004,1,0.596,0.316,0.064,0.976,0.024,0.8500589922572909,0.808537279473308,0.0,0.775677558136971
S2_DROP_TOP5,3,L0_STAGE15_MATCHED,B0_REFERENCE,1.0,A2_W0::2004->2005,2,0.0604395604395604,0.7692307692307693,0.0329670329670329,0.967032967032967,0.0329670329670329,0.7062369192420517,0.5682043002703889,0.0,0.3464454855538388
S2_DROP_TOP5,3,L0_STAGE15_MATCHED,B0_REFERENCE,1.0,A2_W0::2005->2006,3,0.732484076433121,0.2356687898089172,0.0063694267515923,0.9490445859872612,0.0509554140127388,0.4776901919382305,0.7905694150344338,0.0,0.9999999999045464
S2_DROP_TOP5,3,L0_STAGE15_MATCHED,B0_REFERENCE,1.0,A2_W0::2006->2007,4,0.67828418230563,0.195710455764075,0.1260053619302949,0.9624664879356568,0.03485254691689,0.7445250478565325,0.9607689216704436,0.999999999890216,0.9453131827978336
S2_DROP_TOP5,3,L0_STAGE15_MATCHED,B0_REFERENCE,1.0,A2_W0::2007->2008,5,0.3902439024390244,0.3048780487804878,0.1707317073170731,0.9573170731707316,0.040650406504065,0.781599254059842,0.7911522168372574,0.2801806319189205,0.4642528819460953
S2_DROP_TOP5,3,L0_STAGE15_MATCHED,B0_REFERENCE,1.0,A2_W0::2008->2009,6,0.4393442622950819,0.3360655737704918,0.1196721311475409,0.9557377049180328,0.0393442622950819,0.8099275643306089,0.8820685350488686,0.831021087086936,0.4454371794852805
S2_DROP_TOP5,3,L0_STAGE15_MATCHED,B0_REFERENCE,1.0,A2_W0::2009->2010,7,0.260948905109489,0.6313868613138686,0.072992700729927,0.9416058394160584,0.0437956204379562,0.8461841387208467,0.9219312493654082,0.8415337447420249,0.6180155013622252
S2_DROP_TOP5,3,L0_STAGE15_MATCHED,B0_REFERENCE,1.0,A2_W0::2010->2011,8,0.6023622047244095,0.265748031496063,0.0531496062992126,0.9291338582677166,0.0531496062992126,0.8942913489710954,0.8066916889092928,0.7029679310527271,0.5665169574306264
S2_DROP_TOP5,3,L0_STAGE15_MATCHED,B0_REFERENCE,1.0,A2_W0::2011->2012,9,0.4125984251968504,0.3874015748031496,0.1322834645669291,0.9291338582677166,0.0488188976377952,0.8755629888539539,0.7946231668661076,0.7962890225928845,0.4042247082441105
S2_DROP_TOP5,3,L0_STAGE15_MATCHED,B0_REFERENCE,1.0,A2_W0::2012->2013,10,0.3406779661016949,0.411864406779661,0.0881355932203389,0.9152542372881356,0.0627118644067796,0.8874238875637193,0.8244953684817269,0.6894834357542025,0.7002631026327137
S2_DROP_TOP5,3,L0_STAGE15_MATCHED,B0_REFERENCE,1.0,A2_W0::2013->2014,11,0.5153631284916201,0.3114525139664804,0.0824022346368715,0.920391061452514,0.0572625698324022,0.8769295931401224,0.8497133634834163,0.8785104622656482,0.4813091098391024
S2_DROP_TOP5,3,L0_STAGE15_MATCHED,B0_REFERENCE,1.0,A2_W0::2014->2015,12,0.4267441860465116,0.327906976744186,0.0848837209302325,0.9290697674418604,0.0476744186046511,0.8313787604799296,0.8626347515116873,0.8415184874200466,0.4864713871812888
S2_DROP_TOP5,3,L0_STAGE15_MATCHED,B0_REFERENCE,1.0,A2_W0::2015->2016,13,0.3764832793959007,0.2567421790722761,0.2103559870550161,0.924487594390507,0.0539374325782092,0.761575065946185,0.8440852458626316,0.7333739316656916,0.3362326490271473
S2_DROP_TOP5,3,L0_STAGE15_MATCHED,B0_REFERENCE,1.0,A2_W0::2016->2017,14,0.3870106761565836,0.2855871886120996,0.1005338078291814,0.9243772241992882,0.0587188612099644,0.7941308736669304,0.8386297061598649,0.7140918722458702,0.3054992396355095
S2_DROP_TOP5,3,L0_STAGE15_MATCHED,B0_REFERENCE,1.0,A2_W0::2017->2018,15,0.3784829721362229,0.3529411764705882,0.1640866873065015,0.9458204334365324,0.0441176470588235,0.8529433738505146,0.8069964122796606,0.886066888264008,0.4065299340483587
S2_DROP_TOP5,3,L0_STAGE15_MATCHED,B0_REFERENCE,1.0,A2_W0::2018->2019,16,0.4230503795721187,0.3498964803312629,0.1200828157349896,0.9440993788819876,0.0483091787439613,0.885329818197739,0.8373662529132817,0.8579991156165108,0.4141534906399082
S2_DROP_TOP5,3,L0_STAGE15_MATCHED,B0_REFERENCE,1.0,A2_W0::2019->2020,17,0.4294367050272562,0.2671108419139915,0.2235009085402786,0.9503331314354936,0.0448213204118715,0.8831787753780856,0.7282811880618247,0.6670097536041363,0.516466938573111
S2_DROP_TOP5,3,L0_STAGE15_MATCHED,B0_REFERENCE,1.0,A2_W0::2020->2021,18,0.2489137181874612,0.500310366232154,0.1744258224705152,0.9540657976412168,0.0434512725015518,0.8989777596136809,0.8055191980022418,0.8911111263389613,0.5817779099508571
S2_DROP_TOP5,3,L0_STAGE15_MATCHED,B0_REFERENCE,1.0,A2_W0::2021->2022,19,0.1614583333333333,0.5177083333333333,0.1520833333333333,0.95625,0.04375,0.8570792567756385,0.7938870780447282,0.0,0.6025370503099393
S2_DROP_TOP5,3,L0_STAGE15_MATCHED,B0_REFERENCE,1.0,A2_W0::2022->2023,20,0.162748643761302,0.6781193490054249,0.0108499095840868,0.9819168173598554,0.0180831826401446,0.903866842610772,0.8312916966581237,0.0,0.8361711318635647
S2_DROP_TOP5,3,L0_STAGE15_MATCHED,B2_COMMON_NODE_EQUAL_DENSITY,1.0,A2_W0::2002->2003,0,0.5,0.5,0.0,0.7857142857142857,0.2142857142857142,0.999999999923125,0.9999999999625137,0.0,0.0
S2_DROP_TOP5,3,L0_STAGE15_MATCHED,B2_COMMON_NODE_EQUAL_DENSITY,1.0,A2_W0::2003->2004,1,0.5,0.5,0.0,0.8333333333333334,0.1666666666666666,0.9999999999321512,0.99999999996519,0.0,0.0
S2_DROP_TOP5,3,L0_STAGE15_MATCHED,B2_COMMON_NODE_EQUAL_DENSITY,1.0,A2_W0::2004->2005,2,0.4705882352941176,0.4705882352941176,0.0,0.9411764705882352,0.0588235294117647,0.9699877932751444,0.9999999999536604,0.0,0.232424411596519
S2_DROP_TOP5,3,L0_STAGE15_MATCHED,B2_COMMON_NODE_EQUAL_DENSITY,1.0,A2_W0::2005->2006,3,0.5,0.5,0.0,0.8125,0.1875,0.7844645405575242,0.816496581003489,0.0,0.0
S2_DROP_TOP5,3,L0_STAGE15_MATCHED,B2_COMMON_NODE_EQUAL_DENSITY,1.0,A2_W0::2006->2007,4,0.4888888888888889,0.4888888888888889,0.0222222222222222,0.8,0.1777777777777777,0.726483157131696,0.8660254036493563,0.9999999998902164,0.999999999745074
S2_DROP_TOP5,3,L0_STAGE15_MATCHED,B2_COMMON_NODE_EQUAL_DENSITY,1.0,A2_W0::2007->2008,5,0.3977272727272727,0.3977272727272727,0.0909090909090909,0.8181818181818182,0.1704545454545454,0.9077971356312042,0.8855448775024667,0.2801806319189205,0.2556292031598282
S2_DROP_TOP5,3,L0_STAGE15_MATCHED,B2_COMMON_NODE_EQUAL_DENSITY,1.0,A2_W0::2008->2009,6,0.4795918367346938,0.4795918367346938,0.0,0.8469387755102041,0.1326530612244898,0.9888757311847132,0.93110397060175,0.9999999998056904,0.329413292109711
S2_DROP_TOP5,3,L0_STAGE15_MATCHED,B2_COMMON_NODE_EQUAL_DENSITY,1.0,A2_W0::2009->2010,7,0.4333333333333333,0.4333333333333333,0.1,0.7777777777777778,0.1444444444444444,0.952955056465423,0.9112601865009108,0.847673565361248,0.3407863177948719
S2_DROP_TOP5,3,L0_STAGE15_MATCHED,B2_COMMON_NODE_EQUAL_DENSITY,1.0,A2_W0::2010->2011,8,0.3980582524271844,0.3980582524271844,0.0776699029126213,0.7475728155339806,0.174757281553398,0.9016795368269386,0.9205328183254546,0.7936898432143676,0.2064901275167786
S2_DROP_TOP5,3,L0_STAGE15_MATCHED,B2_COMMON_NODE_EQUAL_DENSITY,1.0,A2_W0::2011->2012,9,0.3768115942028985,0.3768115942028985,0.0869565217391304,0.7971014492753623,0.1304347826086956,0.8916955267119285,0.8739442305149703,0.8193707998559848,0.3397663049759916
S2_DROP_TOP5,3,L0_STAGE15_MATCHED,B2_COMMON_NODE_EQUAL_DENSITY,1.0,A2_W0::2012->2013,10,0.3930635838150289,0.3930635838150289,0.0635838150289017,0.791907514450867,0.1502890173410404,0.9098512721678396,0.8639526328101328,0.7604499647922407,0.2651989962839577
S2_DROP_TOP5,3,L0_STAGE15_MATCHED,B2_COMMON_NODE_EQUAL_DENSITY,1.0,A2_W0::2013->2014,11,0.4101123595505618,0.4101123595505618,0.0842696629213483,0.7303370786516854,0.1853932584269663,0.9163916116064154,0.9079706340325224,0.8748969960220017,0.2409479834746009
S2_DROP_TOP5,3,L0_STAGE15_MATCHED,B2_COMMON_NODE_EQUAL_DENSITY,1.0,A2_W0::2014->2015,12,0.416,0.416,0.1,0.792,0.132,0.9345173009960734,0.8870560878953568,0.872741987423146,0.3571189540957022
S2_DROP_TOP5,3,L0_STAGE15_MATCHED,B2_COMMON_NODE_EQUAL_DENSITY,1.0,A2_W0::2015->2016,13,0.3082437275985663,0.3082437275985663,0.2867383512544803,0.8172043010752689,0.1254480286738351,0.7816336035130204,0.8897453732408821,0.7526569545878369,0.194992633494469
S2_DROP_TOP5,3,L0_STAGE15_MATCHED,B2_COMMON_NODE_EQUAL_DENSITY,1.0,A2_W0::2016->2017,14,0.3541666666666667,0.3541666666666667,0.1130952380952381,0.8154761904761905,0.1369047619047619,0.8564569678661642,0.868938496329907,0.7464913600761244,0.2601521979782932
S2_DROP_TOP5,3,L0_STAGE15_MATCHED,B2_COMMON_NODE_EQUAL_DENSITY,1.0,A2_W0::2017->2018,15,0.3809523809523809,0.3809523809523809,0.1357142857142857,0.8595238095238096,0.1119047619047619,0.8887773946589894,0.833887206430473,0.9325845848051112,0.28778249147932
S2_DROP_TOP5,3,L0_STAGE15_MATCHED,B2_COMMON_NODE_EQUAL_DENSITY,1.0,A2_W0::2018->2019,16,0.4136546184738955,0.4136546184738955,0.110441767068273,0.8734939759036144,0.110441767068273,0.9299385465489348,0.8431007949677053,0.8883625703603184,0.3339392549640736
S2_DROP_TOP5,3,L0_STAGE15_MATCHED,B2_COMMON_NODE_EQUAL_DENSITY,1.0,A2_W0::2019->2020,17,0.4420880913539967,0.4420880913539967,0.1027732463295269,0.9037520391517128,0.0897226753670473,0.9594388653216904,0.8416879047100814,0.3726319901358825,0.3247804117120381
S2_DROP_TOP5,3,L0_STAGE15_MATCHED,B2_COMMON_NODE_EQUAL_DENSITY,1.0,A2_W0::2020->2021,18,0.4491525423728814,0.4491525423728814,0.0677966101694915,0.8961864406779662,0.097457627118644,0.962546556159682,0.8509326603686153,0.8517269042857345,0.2658337720160704
S2_DROP_TOP5,3,L0_STAGE15_MATCHED,B2_COMMON_NODE_EQUAL_DENSITY,1.0,A2_W0::2021->2022,19,0.4421052631578947,0.4421052631578947,0.0736842105263157,0.8842105263157894,0.1157894736842105,0.9545785177085456,0.8796919398309869,0.0,0.3096815554698024
S2_DROP_TOP5,3,L0_STAGE15_MATCHED,B2_COMMON_NODE_EQUAL_DENSITY,1.0,A2_W0::2022->2023,20,0.4594594594594595,0.4594594594594595,0.009009009009009,0.972972972972973,0.027027027027027,0.99563245708392,0.5508958919690236,0.0,0.8143934191705927
S2_DROP_TOP5,3,L0_STAGE15_MATCHED,B2_COMMON_NODE_EQUAL_DENSITY,0.75,A2_W0::2002->2003,0,0.5,0.5,0.0,0.7,0.3,0.9999999999560024,0.9999999999625137,0.0,0.0
S2_DROP_TOP5,3,L0_STAGE15_MATCHED,B2_COMMON_NODE_EQUAL_DENSITY,0.75,A2_W0::2003->2004,1,0.5,0.5,0.0,0.7857142857142857,0.2142857142857142,0.999999999940988,0.99999999996519,0.0,0.0
S2_DROP_TOP5,3,L0_STAGE15_MATCHED,B2_COMMON_NODE_EQUAL_DENSITY,0.75,A2_W0::2004->2005,2,0.5,0.5,0.0,0.9166666666666666,0.0833333333333333,0.9999999999571692,0.9999999999536604,0.0,0.0
S2_DROP_TOP5,3,L0_STAGE15_MATCHED,B2_COMMON_NODE_EQUAL_DENSITY,0.75,A2_W0::2005->2006,3,0.5,0.5,0.0,0.8333333333333334,0.1666666666666666,0.8366600265472481,0.7071067813748598,0.0,0.0
S2_DROP_TOP5,3,L0_STAGE15_MATCHED,B2_COMMON_NODE_EQUAL_DENSITY,0.75,A2_W0::2006->2007,4,0.5,0.5,0.0,0.8235294117647058,0.1470588235294117,0.7319250546231711,0.894427190948126,0.9999999998902164,0.0
S2_DROP_TOP5,3,L0_STAGE15_MATCHED,B2_COMMON_NODE_EQUAL_DENSITY,0.75,A2_W0::2007->2008,5,0.4594594594594595,0.4594594594594595,0.0,0.8378378378378378,0.1486486486486486,0.9678419813848972,0.9710981880909412,0.2801806319189205,0.296752442280959
S2_DROP_TOP5,3,L0_STAGE15_MATCHED,B2_COMMON_NODE_EQUAL_DENSITY,0.75,A2_W0::2008->2009,6,0.4794520547945205,0.4794520547945205,0.0,0.821917808219178,0.1506849315068493,0.9845781041345968,0.9581097161730562,0.9999999998056904,0.2951604786829538
S2_DROP_TOP5,3,L0_STAGE15_MATCHED,B2_COMMON_NODE_EQUAL_DENSITY,0.75,A2_W0::2009->2010,7,0.4571428571428571,0.4571428571428571,0.0714285714285714,0.7714285714285715,0.1571428571428571,0.9770448277937408,0.9247737010308784,0.8945181401781503,0.399453808548976
S2_DROP_TOP5,3,L0_STAGE15_MATCHED,B2_COMMON_NODE_EQUAL_DENSITY,0.75,A2_W0::2010->2011,8,0.4025974025974026,0.4025974025974026,0.0389610389610389,0.8051948051948052,0.1428571428571428,0.9103400368449008,0.866175085045732,0.8713221387906961,0.2113824460855618
S2_DROP_TOP5,3,L0_STAGE15_MATCHED,B2_COMMON_NODE_EQUAL_DENSITY,0.75,A2_W0::2011->2012,9,0.3904761904761905,0.3904761904761905,0.0666666666666666,0.7714285714285715,0.1428571428571428,0.9184877836490046,0.8642645775542488,0.7967771944012529,0.3759734336293719
S2_DROP_TOP5,3,L0_STAGE15_MATCHED,B2_COMMON_NODE_EQUAL_DENSITY,0.75,A2_W0::2012->2013,10,0.4148148148148148,0.4148148148148148,0.0592592592592592,0.7407407407407407,0.1851851851851851,0.9221869340898132,0.9181793493562068,0.8450739731707752,0.2341225393612496
S2_DROP_TOP5,3,L0_STAGE15_MATCHED,B2_COMMON_NODE_EQUAL_DENSITY,0.75,A2_W0::2013->2014,11,0.4104477611940298,0.4104477611940298,0.0746268656716417,0.664179104477612,0.2238805970149253,0.9087518532822516,0.913358769262217,0.9022620412020024,0.1752073806484881
S2_DROP_TOP5,3,L0_STAGE15_MATCHED,B2_COMMON_NODE_EQUAL_DENSITY,0.75,A2_W0::2014->2015,12,0.4494949494949495,0.4494949494949495,0.0505050505050505,0.7525252525252525,0.1515151515151515,0.9666665508874512,0.938729572945268,0.872741987423146,0.3271450988423344
S2_DROP_TOP5,3,L0_STAGE15_MATCHED,B2_COMMON_NODE_EQUAL_DENSITY,0.75,A2_W0::2015->2016,13,0.3739130434782609,0.3739130434782609,0.1913043478260869,0.782608695652174,0.1478260869565217,0.8785973622698339,0.9010237488877892,0.7526569545878369,0.2496400023387912
S2_DROP_TOP5,3,L0_STAGE15_MATCHED,B2_COMMON_NODE_EQUAL_DENSITY,0.75,A2_W0::2016->2017,14,0.3596837944664031,0.3596837944664031,0.1146245059288537,0.7786561264822134,0.1620553359683794,0.86414233462002,0.8765038532892351,0.7584950694308116,0.2715762508844779
S2_DROP_TOP5,3,L0_STAGE15_MATCHED,B2_COMMON_NODE_EQUAL_DENSITY,0.75,A2_W0::2017->2018,15,0.3925233644859813,0.3925233644859813,0.102803738317757,0.838006230529595,0.1277258566978193,0.90289061194485,0.826668685002356,0.9262126250545104,0.2622941132025981
S2_DROP_TOP5,3,L0_STAGE15_MATCHED,B2_COMMON_NODE_EQUAL_DENSITY,0.75,A2_W0::2018->2019,16,0.4497487437185929,0.4497487437185929,0.0678391959798995,0.8517587939698492,0.1281407035175879,0.9600769627696568,0.9116179770804338,0.9522397131204304,0.3205461600946153
S2_DROP_TOP5,3,L0_STAGE15_MATCHED,B2_COMMON_NODE_EQUAL_DENSITY,0.75,A2_W0::2019->2020,17,0.4520255863539446,0.4520255863539446,0.0810234541577825,0.8848614072494669,0.1066098081023454,0.9706103613492844,0.8513045714565055,0.5190865165652484,0.3083588669973917
S2_DROP_TOP5,3,L0_STAGE15_MATCHED,B2_COMMON_NODE_EQUAL_DENSITY,0.75,A2_W0::2020->2021,18,0.4758064516129032,0.4758064516129032,0.032258064516129,0.8682795698924731,0.1236559139784946,0.9878971965473072,0.9018818649776325,0.8517269042857345,0.2135934474754008
S2_DROP_TOP5,3,L0_STAGE15_MATCHED,B2_COMMON_NODE_EQUAL_DENSITY,0.75,A2_W0::2021->2022,19,0.45662100456621,0.45662100456621,0.0776255707762557,0.8767123287671232,0.1232876712328767,0.9645814941273314,0.9190549898500472,0.0,0.2758745081533284
S2_DROP_TOP5,3,L0_STAGE15_MATCHED,B2_COMMON_NODE_EQUAL_DENSITY,0.75,A2_W0::2022->2023,20,0.4827586206896552,0.4827586206896552,0.0114942528735632,0.9655172413793104,0.0344827586206896,0.99438106434369,0.7537864851787504,0.0,0.5043983600199272
S2_DROP_TOP5,3,L0_STAGE15_MATCHED,B2_COMMON_NODE_EQUAL_DENSITY,0.5,A2_W0::2002->2003,0,0.5,0.5,0.0,0.6666666666666666,0.3333333333333333,0.9999999999612628,0.9999999999660556,0.0,0.0
S2_DROP_TOP5,3,L0_STAGE15_MATCHED,B2_COMMON_NODE_EQUAL_DENSITY,0.5,A2_W0::2003->2004,1,0.5,0.5,0.0,0.75,0.25,0.9999999999700236,0.9999999999709548,0.0,0.0
S2_DROP_TOP5,3,L0_STAGE15_MATCHED,B2_COMMON_NODE_EQUAL_DENSITY,0.5,A2_W0::2004->2005,2,0.5,0.5,0.0,1.0,0.0,0.9999999999664956,0.0,0.0,0.0
S2_DROP_TOP5,3,L0_STAGE15_MATCHED,B2_COMMON_NODE_EQUAL_DENSITY,0.5,A2_W0::2005->2006,3,0.5,0.5,0.0,0.75,0.25,0.9128709291685452,0.7071067813748598,0.0,0.0
S2_DROP_TOP5,3,L0_STAGE15_MATCHED,B2_COMMON_NODE_EQUAL_DENSITY,0.5,A2_W0::2006->2007,4,0.5,0.5,0.0,0.7727272727272727,0.1818181818181818,0.7669649887976612,0.8660254037911684,0.9999999998902164,0.0
S2_DROP_TOP5,3,L0_STAGE15_MATCHED,B2_COMMON_NODE_EQUAL_DENSITY,0.5,A2_W0::2007->2008,5,0.4901960784313725,0.4901960784313725,0.0,0.8235294117647058,0.1568627450980392,0.9999999998362072,0.9999999998762727,0.2801806319189205,0.2801806319189205
S2_DROP_TOP5,3,L0_STAGE15_MATCHED,B2_COMMON_NODE_EQUAL_DENSITY,0.5,A2_W0::2008->2009,6,0.4791666666666667,0.4791666666666667,0.0,0.7916666666666666,0.1875,0.9879625695184976,0.9485495659350446,0.9999999998047526,0.3069022621066826
S2_DROP_TOP5,3,L0_STAGE15_MATCHED,B2_COMMON_NODE_EQUAL_DENSITY,0.5,A2_W0::2009->2010,7,0.4680851063829787,0.4680851063829787,0.0425531914893617,0.7659574468085106,0.1702127659574468,0.9878360082537876,0.9370682526006734,0.8166626223507856,0.2273822460729108
S2_DROP_TOP5,3,L0_STAGE15_MATCHED,B2_COMMON_NODE_EQUAL_DENSITY,0.5,A2_W0::2010->2011,8,0.4464285714285714,0.4464285714285714,0.0178571428571428,0.8214285714285714,0.1428571428571428,0.9570033246121764,0.8786978096039243,0.999999999904952,0.225914972080347
S2_DROP_TOP5,3,L0_STAGE15_MATCHED,B2_COMMON_NODE_EQUAL_DENSITY,0.5,A2_W0::2011->2012,9,0.4342105263157895,0.4342105263157895,0.0131578947368421,0.7894736842105263,0.131578947368421,0.9423775599718356,0.950688541351324,0.9148077972931224,0.3665862543442883
S2_DROP_TOP5,3,L0_STAGE15_MATCHED,B2_COMMON_NODE_EQUAL_DENSITY,0.5,A2_W0::2012->2013,10,0.4222222222222222,0.4222222222222222,0.0222222222222222,0.7,0.2,0.9382746382300352,0.884318097188559,0.8860963727568555,0.207961143056319
S2_DROP_TOP5,3,L0_STAGE15_MATCHED,B2_COMMON_NODE_EQUAL_DENSITY,0.5,A2_W0::2013->2014,11,0.4408602150537634,0.4408602150537634,0.043010752688172,0.6129032258064516,0.2473118279569892,0.938022073547271,0.9558541829186262,0.9283215095337406,0.183584314110775
S2_DROP_TOP5,3,L0_STAGE15_MATCHED,B2_COMMON_NODE_EQUAL_DENSITY,0.5,A2_W0::2014->2015,12,0.4632352941176471,0.4632352941176471,0.0294117647058823,0.6985294117647058,0.1691176470588235,0.9802117309240822,0.9618542909782062,0.8948828559367996,0.3115877206949917
S2_DROP_TOP5,3,L0_STAGE15_MATCHED,B2_COMMON_NODE_EQUAL_DENSITY,0.5,A2_W0::2015->2016,13,0.4037267080745341,0.4037267080745341,0.1304347826086956,0.7080745341614907,0.1987577639751552,0.9159932945746554,0.9066095126546578,0.8430876371654319,0.290441322456657
S2_DROP_TOP5,3,L0_STAGE15_MATCHED,B2_COMMON_NODE_EQUAL_DENSITY,0.5,A2_W0::2016->2017,14,0.4033149171270718,0.4033149171270718,0.0718232044198895,0.7403314917127072,0.1878453038674033,0.918693346557956,0.9078996365832408,0.7576769924734633,0.2717250407809087
S2_DROP_TOP5,3,L0_STAGE15_MATCHED,B2_COMMON_NODE_EQUAL_DENSITY,0.5,A2_W0::2017->2018,15,0.4247787610619469,0.4247787610619469,0.0442477876106194,0.8053097345132744,0.1592920353982301,0.9445456845792848,0.8284121514132381,0.9535896271465644,0.2631583391771426
S2_DROP_TOP5,3,L0_STAGE15_MATCHED,B2_COMMON_NODE_EQUAL_DENSITY,0.5,A2_W0::2018->2019,16,0.4652014652014652,0.4652014652014652,0.0512820512820512,0.8168498168498168,0.1611721611721611,0.974733543642019,0.9390662748268398,0.9357780872671672,0.3186159848219942
S2_DROP_TOP5,3,L0_STAGE15_MATCHED,B2_COMMON_NODE_EQUAL_DENSITY,0.5,A2_W0::2019->2020,17,0.4622641509433962,0.4622641509433962,0.0723270440251572,0.8522012578616353,0.1352201257861635,0.9791526623265504,0.8914652249428934,0.7205497853762544,0.293529625424765
S2_DROP_TOP5,3,L0_STAGE15_MATCHED,B2_COMMON_NODE_EQUAL_DENSITY,0.5,A2_W0::2020->2021,18,0.4820717131474104,0.4820717131474104,0.0199203187250996,0.8326693227091634,0.1553784860557769,0.9953524679099202,0.921159169341558,0.8517269042857345,0.1917743179121356
S2_DROP_TOP5,3,L0_STAGE15_MATCHED,B2_COMMON_NODE_EQUAL_DENSITY,0.5,A2_W0::2021->2022,19,0.4475524475524475,0.4475524475524475,0.0979020979020979,0.8251748251748252,0.1748251748251748,0.950217064817286,0.9482268919038932,0.0,0.2610271347915471
S2_DROP_TOP5,3,L0_STAGE15_MATCHED,B2_COMMON_NODE_EQUAL_DENSITY,0.5,A2_W0::2022->2023,20,0.4915254237288136,0.4915254237288136,0.0,0.9661016949152542,0.0338983050847457,0.9917083515693196,0.999999999939404,0.0,0.2422208085464267
S2_DROP_TOP5,3,L1_EXTENDED,B0_REFERENCE,1.0,A2_W0::2002->2003,0,0.8009049773755657,0.1809954751131221,0.0090497737556561,0.9773755656108596,0.0226244343891402,0.7121283761735673,0.9506953776619383,0.0,0.8744281957555065
S2_DROP_TOP5,3,L1_EXTENDED,B0_REFERENCE,1.0,A2_W0::2003->2004,1,0.3465703971119133,0.5342960288808665,0.0866425992779783,0.9783393501805054,0.0216606498194945,0.8086188288286887,0.8348170504201441,0.0,0.7663129245636807
S2_DROP_TOP5,3,L1_EXTENDED,B0_REFERENCE,1.0,A2_W0::2004->2005,2,0.0719424460431654,0.6402877697841727,0.0215827338129496,0.9640287769784172,0.0359712230215827,0.818341186867184,0.6440412968122092,0.0,0.3811618136906869
S2_DROP_TOP5,3,L1_EXTENDED,B0_REFERENCE,1.0,A2_W0::2005->2006,3,0.2537313432835821,0.582089552238806,0.0298507462686567,0.8805970149253731,0.1194029850746268,0.7702079903104712,0.7905694417921405,0.0,0.7385489464802341
S2_DROP_TOP5,3,L1_EXTENDED,B0_REFERENCE,1.0,A2_W0::2006->2007,4,0.9066666666666666,0.05,0.0366666666666666,0.95,0.0466666666666666,0.8397994745554268,0.9258201111143556,0.9999999998960952,0.6793662231310419
S2_DROP_TOP5,3,L1_EXTENDED,B0_REFERENCE,1.0,A2_W0::2007->2008,5,0.3777292576419214,0.4170305676855895,0.0611353711790393,0.9497816593886464,0.0480349344978165,0.8151981709459915,0.7545443385046383,0.3646109509695932,0.5529107142234303
S2_DROP_TOP5,3,L1_EXTENDED,B0_REFERENCE,1.0,A2_W0::2008->2009,6,0.555,0.3183333333333333,0.015,0.95,0.045,0.8188306611320647,0.8449333171092711,0.821322328164432,0.6012599183069283
S2_DROP_TOP5,3,L1_EXTENDED,B0_REFERENCE,1.0,A2_W0::2009->2010,7,0.2550091074681239,0.6302367941712204,0.0801457194899817,0.9435336976320584,0.0418943533697632,0.8482175007711075,0.9207068151370332,0.845646198853811,0.6655352494763942
S2_DROP_TOP5,3,L1_EXTENDED,B0_REFERENCE,1.0,A2_W0::2010->2011,8,0.6162570888468809,0.2684310018903592,0.0491493383742911,0.9338374291115312,0.0491493383742911,0.8745848243541773,0.835256519064973,0.705318407693031,0.5036941066256266
S2_DROP_TOP5,3,L1_EXTENDED,B0_REFERENCE,1.0,A2_W0::2011->2012,9,0.4300441826215022,0.3505154639175257,0.0736377025036818,0.9337260677466864,0.0456553755522827,0.8445900900274196,0.7986816110045393,0.7877433392657479,0.669142352457334
S2_DROP_TOP5,3,L1_EXTENDED,B0_REFERENCE,1.0,A2_W0::2012->2013,10,0.3277439024390244,0.3597560975609756,0.1875,0.9222560975609756,0.0579268292682926,0.8390527830868698,0.8324797050075251,0.7381662271287383,0.637618316773957
S2_DROP_TOP5,3,L1_EXTENDED,B0_REFERENCE,1.0,A2_W0::2013->2014,11,0.4142259414225941,0.3263598326359833,0.1548117154811715,0.9205020920502092,0.0571827057182705,0.8751608589253794,0.8511312315819844,0.883098330626201,0.6747262012781502
S2_DROP_TOP5,3,L1_EXTENDED,B0_REFERENCE,1.0,A2_W0::2014->2015,12,0.4383720930232558,0.2953488372093023,0.1,0.927906976744186,0.0488372093023255,0.8321342126748466,0.8730555082042748,0.8427141031536419,0.5152258879910098
S2_DROP_TOP5,3,L1_EXTENDED,B0_REFERENCE,1.0,A2_W0::2015->2016,13,0.3614330874604847,0.2760800842992624,0.2328767123287671,0.9262381454162276,0.0526870389884088,0.7516044393267753,0.8375754317704296,0.7347058024941352,0.3553073581268763
S2_DROP_TOP5,3,L1_EXTENDED,B0_REFERENCE,1.0,A2_W0::2016->2017,14,0.3978965819456617,0.2375109553023663,0.0893952673093777,0.9263803680981596,0.0569675723049956,0.7872916022121327,0.8431122911522114,0.7242193131641536,0.433922569357037
S2_DROP_TOP5,3,L1_EXTENDED,B0_REFERENCE,1.0,A2_W0::2017->2018,15,0.3302540415704388,0.3518090839107005,0.2317167051578137,0.945342571208622,0.0446497305619707,0.8533573401112424,0.8142854082611253,0.9065976541726588,0.5123064205989044
S2_DROP_TOP5,3,L1_EXTENDED,B0_REFERENCE,1.0,A2_W0::2018->2019,16,0.4268209666439755,0.3219877467665078,0.1109598366235534,0.9462219196732472,0.0469707283866575,0.8786759366535145,0.8366654545568833,0.8388516196791947,0.5140745294405308
S2_DROP_TOP5,3,L1_EXTENDED,B0_REFERENCE,1.0,A2_W0::2019->2020,17,0.4295532646048109,0.2800687285223368,0.2124856815578465,0.9541809851088202,0.0412371134020618,0.8573495433557291,0.7252749564750055,0.6861996027080213,0.5259180742992484
S2_DROP_TOP5,3,L1_EXTENDED,B0_REFERENCE,1.0,A2_W0::2020->2021,18,0.2354014598540146,0.5145985401459854,0.1727493917274939,0.9531630170316302,0.0444038929440389,0.8901328771421065,0.8113165448197368,0.8905370054247517,0.5811614910179639
S2_DROP_TOP5,3,L1_EXTENDED,B0_REFERENCE,1.0,A2_W0::2021->2022,19,0.1474358974358974,0.5405982905982906,0.1762820512820513,0.9561965811965812,0.0438034188034188,0.8701648133772036,0.7891047553274924,0.0,0.5858266837147573
S2_DROP_TOP5,3,L1_EXTENDED,B0_REFERENCE,1.0,A2_W0::2022->2023,20,0.1585127201565557,0.6908023483365949,0.009784735812133,0.980430528375734,0.0195694716242661,0.9406231402516412,0.835630240571131,0.0,0.807863119705555
S2_DROP_TOP5,3,L1_EXTENDED,B2_COMMON_NODE_EQUAL_DENSITY,1.0,A2_W0::2002->2003,0,0.5,0.5,0.0,0.7857142857142857,0.2142857142857142,0.9999999999238856,0.9999999999579648,0.0,0.0
S2_DROP_TOP5,3,L1_EXTENDED,B2_COMMON_NODE_EQUAL_DENSITY,1.0,A2_W0::2003->2004,1,0.5,0.5,0.0,0.8333333333333334,0.1666666666666666,0.9999999999323256,0.999999999963219,0.0,0.0
S2_DROP_TOP5,3,L1_EXTENDED,B2_COMMON_NODE_EQUAL_DENSITY,1.0,A2_W0::2004->2005,2,0.4705882352941176,0.4705882352941176,0.0,0.9411764705882352,0.0588235294117647,0.970085543280895,0.9999999999486512,0.0,0.2388626844575195
S2_DROP_TOP5,3,L1_EXTENDED,B2_COMMON_NODE_EQUAL_DENSITY,1.0,A2_W0::2005->2006,3,0.4666666666666667,0.4666666666666667,0.0,0.6666666666666666,0.3333333333333333,0.8366600267112321,0.7745967132694671,0.0,0.999999999972402
S2_DROP_TOP5,3,L1_EXTENDED,B2_COMMON_NODE_EQUAL_DENSITY,1.0,A2_W0::2006->2007,4,0.4772727272727273,0.4772727272727273,0.0454545454545454,0.75,0.2272727272727272,0.7587869216599107,0.77459669125913,0.9999999998960952,0.9999999998241302
S2_DROP_TOP5,3,L1_EXTENDED,B2_COMMON_NODE_EQUAL_DENSITY,1.0,A2_W0::2007->2008,5,0.3977272727272727,0.3977272727272727,0.0909090909090909,0.8295454545454546,0.1590909090909091,0.9090097322821616,0.8782720666181968,0.3646109509695932,0.2637139987874431
S2_DROP_TOP5,3,L1_EXTENDED,B2_COMMON_NODE_EQUAL_DENSITY,1.0,A2_W0::2008->2009,6,0.4795918367346938,0.4795918367346938,0.0,0.8673469387755102,0.1122448979591836,0.9889479590340374,0.9216128671407616,0.9999999997966234,0.344459239395226
S2_DROP_TOP5,3,L1_EXTENDED,B2_COMMON_NODE_EQUAL_DENSITY,1.0,A2_W0::2009->2010,7,0.4395604395604395,0.4395604395604395,0.0769230769230769,0.7692307692307693,0.1428571428571428,0.952777536365527,0.9133646260716906,0.9354692955906562,0.355582625558203
S2_DROP_TOP5,3,L1_EXTENDED,B2_COMMON_NODE_EQUAL_DENSITY,1.0,A2_W0::2010->2011,8,0.392156862745098,0.392156862745098,0.0686274509803921,0.7549019607843137,0.1666666666666666,0.8947746442676564,0.9160702280373552,0.795306161927029,0.21042193024863
S2_DROP_TOP5,3,L1_EXTENDED,B2_COMMON_NODE_EQUAL_DENSITY,1.0,A2_W0::2011->2012,9,0.3722627737226277,0.3722627737226277,0.0948905109489051,0.7883211678832117,0.1313868613138686,0.8860556846718488,0.8571170899145055,0.8410182030883815,0.3292566351051946
S2_DROP_TOP5,3,L1_EXTENDED,B2_COMMON_NODE_EQUAL_DENSITY,1.0,A2_W0::2012->2013,10,0.4,0.4,0.04,0.7885714285714286,0.1485714285714285,0.9058489222935304,0.92217155415858,0.8439232697533394,0.3015329633477279
S2_DROP_TOP5,3,L1_EXTENDED,B2_COMMON_NODE_EQUAL_DENSITY,1.0,A2_W0::2013->2014,11,0.4166666666666667,0.4166666666666667,0.0888888888888888,0.7388888888888889,0.1777777777777777,0.92592478475385,0.9037392375138786,0.8747495865331891,0.2337671395648345
S2_DROP_TOP5,3,L1_EXTENDED,B2_COMMON_NODE_EQUAL_DENSITY,1.0,A2_W0::2014->2015,12,0.4136546184738955,0.4136546184738955,0.1044176706827309,0.7951807228915663,0.1244979919678714,0.9303395914813918,0.8912500080261871,0.8768163428485614,0.3535714682727528
S2_DROP_TOP5,3,L1_EXTENDED,B2_COMMON_NODE_EQUAL_DENSITY,1.0,A2_W0::2015->2016,13,0.3156028368794326,0.3156028368794326,0.2978723404255319,0.8191489361702128,0.1205673758865248,0.7876213620680875,0.900975131599402,0.7991688810749286,0.1900750756325522
S2_DROP_TOP5,3,L1_EXTENDED,B2_COMMON_NODE_EQUAL_DENSITY,1.0,A2_W0::2016->2017,14,0.359882005899705,0.359882005899705,0.0884955752212389,0.8171091445427728,0.135693215339233,0.8611943852679032,0.8696023653752365,0.7764750652348869,0.2485927835257339
S2_DROP_TOP5,3,L1_EXTENDED,B2_COMMON_NODE_EQUAL_DENSITY,1.0,A2_W0::2017->2018,15,0.388235294117647,0.388235294117647,0.1270588235294117,0.8635294117647059,0.108235294117647,0.8975762199908122,0.8311811754704984,0.9328442317378252,0.2882441630555328
S2_DROP_TOP5,3,L1_EXTENDED,B2_COMMON_NODE_EQUAL_DENSITY,1.0,A2_W0::2018->2019,16,0.416,0.416,0.118,0.872,0.112,0.9332595743799716,0.8507183042340878,0.8835541048656113,0.353859190250504
S2_DROP_TOP5,3,L1_EXTENDED,B2_COMMON_NODE_EQUAL_DENSITY,1.0,A2_W0::2019->2020,17,0.4402618657937807,0.4402618657937807,0.1080196399345335,0.900163666121113,0.0916530278232405,0.9584360057621084,0.8347386431354638,0.5833411268802132,0.3300345298303451
S2_DROP_TOP5,3,L1_EXTENDED,B2_COMMON_NODE_EQUAL_DENSITY,1.0,A2_W0::2020->2021,18,0.4491525423728814,0.4491525423728814,0.0699152542372881,0.8898305084745762,0.1016949152542373,0.9622155890773646,0.8572747122423485,0.8905370054247517,0.2625632564545036
S2_DROP_TOP5,3,L1_EXTENDED,B2_COMMON_NODE_EQUAL_DENSITY,1.0,A2_W0::2021->2022,19,0.4401408450704225,0.4401408450704225,0.0809859154929577,0.8802816901408451,0.1197183098591549,0.954084292084122,0.864216684110493,0.0,0.2951971118318626
S2_DROP_TOP5,3,L1_EXTENDED,B2_COMMON_NODE_EQUAL_DENSITY,1.0,A2_W0::2022->2023,20,0.4827586206896552,0.4827586206896552,0.0172413793103448,0.9741379310344828,0.0258620689655172,0.9745565169645958,0.7595287261425434,0.0,0.513219597628179
S2_DROP_TOP5,3,L1_EXTENDED,B2_COMMON_NODE_EQUAL_DENSITY,0.75,A2_W0::2002->2003,0,0.5,0.5,0.0,0.8,0.2,0.9999999999537972,0.9999999999705028,0.0,0.0
S2_DROP_TOP5,3,L1_EXTENDED,B2_COMMON_NODE_EQUAL_DENSITY,0.75,A2_W0::2003->2004,1,0.5,0.5,0.0,0.8571428571428571,0.1428571428571428,0.9999999999411576,0.9999999999705028,0.0,0.0
S2_DROP_TOP5,3,L1_EXTENDED,B2_COMMON_NODE_EQUAL_DENSITY,0.75,A2_W0::2004->2005,2,0.5,0.5,0.0,1.0,0.0,0.9999999999554332,0.0,0.0,0.0
S2_DROP_TOP5,3,L1_EXTENDED,B2_COMMON_NODE_EQUAL_DENSITY,0.75,A2_W0::2005->2006,3,0.4545454545454545,0.4545454545454545,0.0,0.7272727272727273,0.2727272727272727,0.935414346714226,0.5773503677364051,0.0,0.999999999972402
S2_DROP_TOP5,3,L1_EXTENDED,B2_COMMON_NODE_EQUAL_DENSITY,0.75,A2_W0::2006->2007,4,0.5,0.5,0.0,0.7647058823529411,0.2058823529411764,0.7595545393662321,0.7559289783059744,0.9999999998961014,0.0
S2_DROP_TOP5,3,L1_EXTENDED,B2_COMMON_NODE_EQUAL_DENSITY,0.75,A2_W0::2007->2008,5,0.4736842105263157,0.4736842105263157,0.0,0.8552631578947368,0.131578947368421,0.9771528734928768,0.999999999853412,0.3646109509695932,0.2217792562700359
S2_DROP_TOP5,3,L1_EXTENDED,B2_COMMON_NODE_EQUAL_DENSITY,0.75,A2_W0::2008->2009,6,0.4794520547945205,0.4794520547945205,0.0,0.821917808219178,0.1506849315068493,0.9843063174919072,0.9585543208145448,0.9999999997966234,0.2820318365071659
S2_DROP_TOP5,3,L1_EXTENDED,B2_COMMON_NODE_EQUAL_DENSITY,0.75,A2_W0::2009->2010,7,0.4571428571428571,0.4571428571428571,0.0571428571428571,0.7714285714285715,0.1571428571428571,0.9767110082645232,0.925648483400586,0.8945191362687633,0.3958063425334807
S2_DROP_TOP5,3,L1_EXTENDED,B2_COMMON_NODE_EQUAL_DENSITY,0.75,A2_W0::2010->2011,8,0.4025974025974026,0.4025974025974026,0.0259740259740259,0.8311688311688312,0.1298701298701298,0.9131357165466248,0.8524165220071636,0.8278388017353385,0.2139108985642737
S2_DROP_TOP5,3,L1_EXTENDED,B2_COMMON_NODE_EQUAL_DENSITY,0.75,A2_W0::2011->2012,9,0.3904761904761905,0.3904761904761905,0.0666666666666666,0.7523809523809524,0.1523809523809524,0.916846449037516,0.8718726442740039,0.8234335309119817,0.3817012172227018
S2_DROP_TOP5,3,L1_EXTENDED,B2_COMMON_NODE_EQUAL_DENSITY,0.75,A2_W0::2012->2013,10,0.4148148148148148,0.4148148148148148,0.0518518518518518,0.7407407407407407,0.1851851851851851,0.9211375958400598,0.9189213189201604,0.8481040336825788,0.2238653908305604
S2_DROP_TOP5,3,L1_EXTENDED,B2_COMMON_NODE_EQUAL_DENSITY,0.75,A2_W0::2013->2014,11,0.4148148148148148,0.4148148148148148,0.0814814814814814,0.6666666666666666,0.2222222222222222,0.9108707376573132,0.9134319723442796,0.93840810611367,0.199082765520444
S2_DROP_TOP5,3,L1_EXTENDED,B2_COMMON_NODE_EQUAL_DENSITY,0.75,A2_W0::2014->2015,12,0.4438775510204081,0.4438775510204081,0.0612244897959183,0.7551020408163265,0.1479591836734693,0.9665436556856984,0.8992302404968876,0.8698498958072757,0.3081142310420856
S2_DROP_TOP5,3,L1_EXTENDED,B2_COMMON_NODE_EQUAL_DENSITY,0.75,A2_W0::2015->2016,13,0.3974895397489539,0.3974895397489539,0.1464435146443514,0.7907949790794979,0.1422594142259414,0.9081867865026768,0.900975131599402,0.7849126269007402,0.2612734936922924
S2_DROP_TOP5,3,L1_EXTENDED,B2_COMMON_NODE_EQUAL_DENSITY,0.75,A2_W0::2016->2017,14,0.3571428571428571,0.3571428571428571,0.0992063492063492,0.7777777777777778,0.1626984126984127,0.857182869977127,0.877495280519692,0.7899665636031761,0.2620450819102761
S2_DROP_TOP5,3,L1_EXTENDED,B2_COMMON_NODE_EQUAL_DENSITY,0.75,A2_W0::2017->2018,15,0.4,0.4,0.0953846153846153,0.84,0.1261538461538461,0.9110423815736582,0.8270556616403533,0.926497820704814,0.2504383417948512
S2_DROP_TOP5,3,L1_EXTENDED,B2_COMMON_NODE_EQUAL_DENSITY,0.75,A2_W0::2018->2019,16,0.4579207920792079,0.4579207920792079,0.0519801980198019,0.8564356435643564,0.1262376237623762,0.9708408001356608,0.9029262986503114,0.9416390698503654,0.3387643369491443
S2_DROP_TOP5,3,L1_EXTENDED,B2_COMMON_NODE_EQUAL_DENSITY,0.75,A2_W0::2019->2020,17,0.4520255863539446,0.4520255863539446,0.0810234541577825,0.8805970149253731,0.1108742004264392,0.9695355617384523,0.8671126439146534,0.5270045684145066,0.313708739781809
S2_DROP_TOP5,3,L1_EXTENDED,B2_COMMON_NODE_EQUAL_DENSITY,0.75,A2_W0::2020->2021,18,0.4743935309973046,0.4743935309973046,0.0323450134770889,0.8652291105121294,0.1239892183288409,0.987839963200226,0.8942604951889019,0.8905370054247517,0.2512317629642561
S2_DROP_TOP5,3,L1_EXTENDED,B2_COMMON_NODE_EQUAL_DENSITY,0.75,A2_W0::2021->2022,19,0.45662100456621,0.45662100456621,0.0776255707762557,0.8767123287671232,0.1232876712328767,0.9643122420197052,0.9191020244338218,0.0,0.2664232492662928
S2_DROP_TOP5,3,L1_EXTENDED,B2_COMMON_NODE_EQUAL_DENSITY,0.75,A2_W0::2022->2023,20,0.4827586206896552,0.4827586206896552,0.0114942528735632,0.9770114942528736,0.0229885057471264,0.9945111979236012,0.6044218967848068,0.0,0.5164352566431483
S2_DROP_TOP5,3,L1_EXTENDED,B2_COMMON_NODE_EQUAL_DENSITY,0.5,A2_W0::2002->2003,0,0.5,0.5,0.0,0.8333333333333334,0.1666666666666666,0.9999999999562008,0.9999999999858432,0.0,0.0
S2_DROP_TOP5,3,L1_EXTENDED,B2_COMMON_NODE_EQUAL_DENSITY,0.5,A2_W0::2003->2004,1,0.5,0.5,0.0,0.75,0.25,0.9999999999703612,0.9999999999705028,0.0,0.0
S2_DROP_TOP5,3,L1_EXTENDED,B2_COMMON_NODE_EQUAL_DENSITY,0.5,A2_W0::2004->2005,2,0.5,0.5,0.0,1.0,0.0,0.9999999999665024,0.0,0.0,0.0
S2_DROP_TOP5,3,L1_EXTENDED,B2_COMMON_NODE_EQUAL_DENSITY,0.5,A2_W0::2005->2006,3,0.4285714285714285,0.4285714285714285,0.0,0.7142857142857143,0.2857142857142857,0.9999999999315504,0.70710689830285,0.0,0.999999999972402
S2_DROP_TOP5,3,L1_EXTENDED,B2_COMMON_NODE_EQUAL_DENSITY,0.5,A2_W0::2006->2007,4,0.5,0.5,0.0,0.7272727272727273,0.2272727272727272,0.7905694368303066,0.77459671324731,0.9999999998961014,0.0
S2_DROP_TOP5,3,L1_EXTENDED,B2_COMMON_NODE_EQUAL_DENSITY,0.5,A2_W0::2007->2008,5,0.4901960784313725,0.4901960784313725,0.0,0.803921568627451,0.1764705882352941,0.9999999998361726,0.9999999998646616,0.3646109509695932,0.3646109509695932
S2_DROP_TOP5,3,L1_EXTENDED,B2_COMMON_NODE_EQUAL_DENSITY,0.5,A2_W0::2008->2009,6,0.4791666666666667,0.4791666666666667,0.0,0.7916666666666666,0.1875,0.9875761048005736,0.949098416997,0.9999999997768594,0.2904648376410438
S2_DROP_TOP5,3,L1_EXTENDED,B2_COMMON_NODE_EQUAL_DENSITY,0.5,A2_W0::2009->2010,7,0.4791666666666667,0.4791666666666667,0.0208333333333333,0.75,0.1666666666666666,0.9875124228052884,0.9999999998997176,0.8661441026213648,0.2316578311705996
S2_DROP_TOP5,3,L1_EXTENDED,B2_COMMON_NODE_EQUAL_DENSITY,0.5,A2_W0::2010->2011,8,0.4363636363636363,0.4363636363636363,0.0,0.8181818181818182,0.1454545454545454,0.9332205801883516,0.937731699896354,0.9999999999075352,0.1793859547434681
S2_DROP_TOP5,3,L1_EXTENDED,B2_COMMON_NODE_EQUAL_DENSITY,0.5,A2_W0::2011->2012,9,0.4342105263157895,0.4342105263157895,0.0263157894736842,0.8026315789473685,0.131578947368421,0.9412507406686283,0.9504759736918073,0.8965094970976735,0.3310321052390474
S2_DROP_TOP5,3,L1_EXTENDED,B2_COMMON_NODE_EQUAL_DENSITY,0.5,A2_W0::2012->2013,10,0.4222222222222222,0.4222222222222222,0.0222222222222222,0.7222222222222222,0.1777777777777777,0.9400028068713606,0.8700003508489509,0.8869290634280257,0.2112110116926699
S2_DROP_TOP5,3,L1_EXTENDED,B2_COMMON_NODE_EQUAL_DENSITY,0.5,A2_W0::2013->2014,11,0.4347826086956521,0.4347826086956521,0.0543478260869565,0.5978260869565217,0.2608695652173913,0.9270591187271272,0.9578995606057132,0.928569893257278,0.2041216582075588
S2_DROP_TOP5,3,L1_EXTENDED,B2_COMMON_NODE_EQUAL_DENSITY,0.5,A2_W0::2014->2015,12,0.4552238805970149,0.4552238805970149,0.0373134328358208,0.7238805970149254,0.1567164179104477,0.9758882441378812,0.9343971576610216,0.8792815317476637,0.3005478601879551
S2_DROP_TOP5,3,L1_EXTENDED,B2_COMMON_NODE_EQUAL_DENSITY,0.5,A2_W0::2015->2016,13,0.4037267080745341,0.4037267080745341,0.1180124223602484,0.7267080745341615,0.1801242236024844,0.9228793128542532,0.8958848316674407,0.8105347237959905,0.2994514308914466
S2_DROP_TOP5,3,L1_EXTENDED,B2_COMMON_NODE_EQUAL_DENSITY,0.5,A2_W0::2016->2017,14,0.4065934065934066,0.4065934065934066,0.0549450549450549,0.7472527472527473,0.1813186813186813,0.9117935847824712,0.926276460052706,0.7961984282370165,0.2183297244579195
S2_DROP_TOP5,3,L1_EXTENDED,B2_COMMON_NODE_EQUAL_DENSITY,0.5,A2_W0::2017->2018,15,0.4273127753303964,0.4273127753303964,0.0440528634361233,0.8061674008810573,0.1629955947136563,0.9443611196908606,0.8487059238715715,0.945577603410677,0.2530219692933523
S2_DROP_TOP5,3,L1_EXTENDED,B2_COMMON_NODE_EQUAL_DENSITY,0.5,A2_W0::2018->2019,16,0.4671532846715328,0.4671532846715328,0.0474452554744525,0.8211678832116789,0.156934306569343,0.9766863837238492,0.9379738592396588,0.9315568479560687,0.3045158366681671
S2_DROP_TOP5,3,L1_EXTENDED,B2_COMMON_NODE_EQUAL_DENSITY,0.5,A2_W0::2019->2020,17,0.4672897196261682,0.4672897196261682,0.0654205607476635,0.8535825545171339,0.1339563862928348,0.9825986101835776,0.904114160249824,0.7258525707780809,0.2930642390168572
S2_DROP_TOP5,3,L1_EXTENDED,B2_COMMON_NODE_EQUAL_DENSITY,0.5,A2_W0::2020->2021,18,0.4820717131474104,0.4820717131474104,0.0199203187250996,0.8326693227091634,0.1553784860557769,0.9953538490477106,0.9210132337595596,0.8509258942524822,0.1876743356569918
S2_DROP_TOP5,3,L1_EXTENDED,B2_COMMON_NODE_EQUAL_DENSITY,0.5,A2_W0::2021->2022,19,0.4475524475524475,0.4475524475524475,0.0979020979020979,0.8321678321678322,0.1678321678321678,0.9503517913371812,0.9458355236367108,0.0,0.2513391966418125
S2_DROP_TOP5,3,L1_EXTENDED,B2_COMMON_NODE_EQUAL_DENSITY,0.5,A2_W0::2022->2023,20,0.4915254237288136,0.4915254237288136,0.0,0.9661016949152542,0.0338983050847457,0.991803818808176,0.9999999999359084,0.0,0.2635611205893919
S2_DROP_TOP5,3,L2_HIGH,B0_REFERENCE,1.0,A2_W0::2002->2003,0,0.8505747126436781,0.0919540229885057,0.0229885057471264,0.971264367816092,0.028735632183908,0.8050610685365877,0.951728156434287,0.0,0.8403435879660747
S2_DROP_TOP5,3,L2_HIGH,B0_REFERENCE,1.0,A2_W0::2003->2004,1,0.4785478547854785,0.4257425742574257,0.0693069306930693,0.9801980198019802,0.0198019801980198,0.773490404814178,0.8309425040599947,0.0,0.7842001814508196
S2_DROP_TOP5,3,L2_HIGH,B0_REFERENCE,1.0,A2_W0::2004->2005,2,0.2926829268292683,0.5772357723577236,0.016260162601626,0.975609756097561,0.024390243902439,0.6142593384089469,0.5857370443695903,0.0,0.4188523041948309
S2_DROP_TOP5,3,L2_HIGH,B0_REFERENCE,1.0,A2_W0::2005->2006,3,0.4157303370786517,0.5393258426966292,0.0168539325842696,0.9606741573033708,0.0393258426966292,0.4524139845875741,0.8451542596349306,0.0,0.8660254080623275
S2_DROP_TOP5,3,L2_HIGH,B0_REFERENCE,1.0,A2_W0::2006->2007,4,0.7050359712230215,0.0863309352517985,0.0719424460431654,0.9424460431654677,0.0539568345323741,0.8758855958303505,0.9309493351243292,0.9999999998997812,0.5872202233462483
S2_DROP_TOP5,3,L2_HIGH,B0_REFERENCE,1.0,A2_W0::2007->2008,5,0.3981042654028436,0.4170616113744075,0.0450236966824644,0.943127962085308,0.0545023696682464,0.8517133334957044,0.7672472906452008,0.3700296260455777,0.4986096695009301
S2_DROP_TOP5,3,L2_HIGH,B0_REFERENCE,1.0,A2_W0::2008->2009,6,0.5676625659050967,0.2987697715289982,0.015817223198594,0.9490333919156416,0.0456942003514938,0.840116962793829,0.8610830615782052,0.821490562038467,0.6007968564766754
S2_DROP_TOP5,3,L2_HIGH,B0_REFERENCE,1.0,A2_W0::2009->2010,7,0.2784810126582278,0.6166365280289331,0.0723327305605786,0.9403254972875226,0.0452079566003616,0.8464648255432171,0.884462516498144,0.8450855798530383,0.6412758145558017
S2_DROP_TOP5,3,L2_HIGH,B0_REFERENCE,1.0,A2_W0::2010->2011,8,0.5851272015655578,0.2661448140900195,0.0587084148727984,0.9315068493150684,0.0508806262230919,0.8909627782229482,0.826956584353822,0.7031735541613413,0.6079100222116954
S2_DROP_TOP5,3,L2_HIGH,B0_REFERENCE,1.0,A2_W0::2011->2012,9,0.4360902255639097,0.3097744360902256,0.081203007518797,0.9293233082706768,0.0496240601503759,0.854715419807943,0.8021592048955823,0.7720173456692273,0.6925259290224145
S2_DROP_TOP5,3,L2_HIGH,B0_REFERENCE,1.0,A2_W0::2012->2013,10,0.280564263322884,0.457680250783699,0.1567398119122257,0.915360501567398,0.0642633228840125,0.8497553727616501,0.8454115586815294,0.7427055969004844,0.6052251143304951
S2_DROP_TOP5,3,L2_HIGH,B0_REFERENCE,1.0,A2_W0::2013->2014,11,0.4948905109489051,0.3138686131386861,0.0817518248175182,0.9167883211678832,0.0598540145985401,0.8955625861595498,0.8523086222208602,0.8837487219400681,0.5453210655796119
S2_DROP_TOP5,3,L2_HIGH,B0_REFERENCE,1.0,A2_W0::2014->2015,12,0.4080604534005038,0.3198992443324937,0.1020151133501259,0.9219143576826196,0.052896725440806,0.8679313119018013,0.8746299211801073,0.8462273724883133,0.4608273474261896
S2_DROP_TOP5,3,L2_HIGH,B0_REFERENCE,1.0,A2_W0::2015->2016,13,0.4033149171270718,0.2397790055248618,0.2187845303867403,0.9215469613259668,0.056353591160221,0.771533007986448,0.830133590961932,0.736221257699346,0.3581650051305955
S2_DROP_TOP5,3,L2_HIGH,B0_REFERENCE,1.0,A2_W0::2016->2017,14,0.4124679760888129,0.2348420153714773,0.0956447480785653,0.9291204099060631,0.0546541417591801,0.7766510921382778,0.8429961811892575,0.7241228064160539,0.4420708931422615
S2_DROP_TOP5,3,L2_HIGH,B0_REFERENCE,1.0,A2_W0::2017->2018,15,0.3155080213903743,0.3720397249809014,0.2184873949579832,0.946524064171123,0.0435446906035141,0.8486310834516302,0.8085935715576514,0.9082330335140504,0.5332191110250363
S2_DROP_TOP5,3,L2_HIGH,B0_REFERENCE,1.0,A2_W0::2018->2019,16,0.422752808988764,0.3314606741573033,0.125,0.94311797752809,0.0498595505617977,0.8941719886435924,0.8417196075929501,0.8445195334195633,0.4573902409676233
S2_DROP_TOP5,3,L2_HIGH,B0_REFERENCE,1.0,A2_W0::2019->2020,17,0.4419695193434935,0.2584994138335287,0.2145369284876905,0.9519343493552168,0.0433763188745603,0.8688890695332815,0.7340350195252952,0.6903869927334558,0.5173188549359795
S2_DROP_TOP5,3,L2_HIGH,B0_REFERENCE,1.0,A2_W0::2020->2021,18,0.2519219396806623,0.5026611472501479,0.1738616203429923,0.9544648137196924,0.0431697220579538,0.8772232779146576,0.8100231092646847,0.890337382593419,0.5242900238949161
S2_DROP_TOP5,3,L2_HIGH,B0_REFERENCE,1.0,A2_W0::2021->2022,19,0.1356628982528263,0.5087358684480987,0.1726618705035971,0.9578622816032888,0.0421377183967112,0.8536146126551094,0.7893049862220461,0.0,0.6330316681973851
S2_DROP_TOP5,3,L2_HIGH,B0_REFERENCE,1.0,A2_W0::2022->2023,20,0.1449016100178891,0.776386404293381,0.0107334525939177,0.9821109123434704,0.0178890876565295,0.89752828218925,0.8353859181545027,0.0,0.6257631310030543
S2_DROP_TOP5,3,L2_HIGH,B2_COMMON_NODE_EQUAL_DENSITY,1.0,A2_W0::2002->2003,0,0.5,0.5,0.0,0.7857142857142857,0.2142857142857142,0.9999999999236469,0.9999999999581446,0.0,0.0
S2_DROP_TOP5,3,L2_HIGH,B2_COMMON_NODE_EQUAL_DENSITY,1.0,A2_W0::2003->2004,1,0.5,0.5,0.0,0.8888888888888888,0.1111111111111111,0.9999999999337742,0.9999999999705234,0.0,0.0
S2_DROP_TOP5,3,L2_HIGH,B2_COMMON_NODE_EQUAL_DENSITY,1.0,A2_W0::2004->2005,2,0.4705882352941176,0.4705882352941176,0.0,0.9411764705882352,0.0588235294117647,0.97011241446943,0.9999999999164728,0.0,0.2406024704251253
S2_DROP_TOP5,3,L2_HIGH,B2_COMMON_NODE_EQUAL_DENSITY,1.0,A2_W0::2005->2006,3,0.4666666666666667,0.4666666666666667,0.0,0.7333333333333333,0.2666666666666666,0.7977240746669668,0.866025510400919,0.0,0.9999999999155104
S2_DROP_TOP5,3,L2_HIGH,B2_COMMON_NODE_EQUAL_DENSITY,1.0,A2_W0::2006->2007,4,0.3783783783783784,0.3783783783783784,0.2432432432432432,0.8108108108108109,0.1621621621621621,0.795822523664001,0.9999999997930648,0.9999999998997812,0.9999999996608724
S2_DROP_TOP5,3,L2_HIGH,B2_COMMON_NODE_EQUAL_DENSITY,1.0,A2_W0::2007->2008,5,0.3977272727272727,0.3977272727272727,0.0909090909090909,0.8409090909090909,0.1477272727272727,0.910557782154506,0.867421543490715,0.3700296260455777,0.2659290656253349
S2_DROP_TOP5,3,L2_HIGH,B2_COMMON_NODE_EQUAL_DENSITY,1.0,A2_W0::2008->2009,6,0.4742268041237113,0.4742268041237113,0.0103092783505154,0.865979381443299,0.1134020618556701,0.988836648685233,0.8844888139041415,0.9999999998059028,0.384850676449729
S2_DROP_TOP5,3,L2_HIGH,B2_COMMON_NODE_EQUAL_DENSITY,1.0,A2_W0::2009->2010,7,0.4456521739130434,0.4456521739130434,0.0652173913043478,0.782608695652174,0.1413043478260869,0.9541832799762648,0.9374639184296456,0.9259765430443976,0.3131233627941495
S2_DROP_TOP5,3,L2_HIGH,B2_COMMON_NODE_EQUAL_DENSITY,1.0,A2_W0::2010->2011,8,0.392156862745098,0.392156862745098,0.0686274509803921,0.7549019607843137,0.1666666666666666,0.8946408033380968,0.9155231771284555,0.7944973183663723,0.2054198018980048
S2_DROP_TOP5,3,L2_HIGH,B2_COMMON_NODE_EQUAL_DENSITY,1.0,A2_W0::2011->2012,9,0.3768115942028985,0.3768115942028985,0.0869565217391304,0.7971014492753623,0.1304347826086956,0.893108102364328,0.856948991443337,0.8212212350905566,0.3300258743574994
S2_DROP_TOP5,3,L2_HIGH,B2_COMMON_NODE_EQUAL_DENSITY,1.0,A2_W0::2012->2013,10,0.396551724137931,0.396551724137931,0.0459770114942528,0.7873563218390804,0.1494252873563218,0.905000505962074,0.9062963874971088,0.8435219886657439,0.3068240118770495
S2_DROP_TOP5,3,L2_HIGH,B2_COMMON_NODE_EQUAL_DENSITY,1.0,A2_W0::2013->2014,11,0.4166666666666667,0.4166666666666667,0.0888888888888888,0.7333333333333333,0.1833333333333333,0.925235558387505,0.9067022053599842,0.8754499360833168,0.2327955489838886
S2_DROP_TOP5,3,L2_HIGH,B2_COMMON_NODE_EQUAL_DENSITY,1.0,A2_W0::2014->2015,12,0.4089068825910931,0.4089068825910931,0.1052631578947368,0.7935222672064778,0.1255060728744939,0.923728858413627,0.8915983940583148,0.8773779442777918,0.3425758863439478
S2_DROP_TOP5,3,L2_HIGH,B2_COMMON_NODE_EQUAL_DENSITY,1.0,A2_W0::2015->2016,13,0.3204225352112676,0.3204225352112676,0.2887323943661972,0.8204225352112676,0.1197183098591549,0.794886966325927,0.901211096403276,0.8015204129918191,0.1918822166191787
S2_DROP_TOP5,3,L2_HIGH,B2_COMMON_NODE_EQUAL_DENSITY,1.0,A2_W0::2016->2017,14,0.359882005899705,0.359882005899705,0.0855457227138643,0.8141592920353983,0.1386430678466076,0.8612895418334935,0.8718831093007174,0.7771979037376989,0.2541297462921056
S2_DROP_TOP5,3,L2_HIGH,B2_COMMON_NODE_EQUAL_DENSITY,1.0,A2_W0::2017->2018,15,0.3867924528301887,0.3867924528301887,0.1273584905660377,0.8655660377358491,0.1061320754716981,0.896143824877692,0.8268978751481894,0.9329595821976444,0.287631049669614
S2_DROP_TOP5,3,L2_HIGH,B2_COMMON_NODE_EQUAL_DENSITY,1.0,A2_W0::2018->2019,16,0.4171656686626746,0.4171656686626746,0.1197604790419161,0.872255489021956,0.1117764471057884,0.9344714902304228,0.8509555309193781,0.8850685548434162,0.3543591343064953
S2_DROP_TOP5,3,L2_HIGH,B2_COMMON_NODE_EQUAL_DENSITY,1.0,A2_W0::2019->2020,17,0.4420880913539967,0.4420880913539967,0.1044045676998368,0.8988580750407831,0.0913539967373572,0.9594015758092173,0.8347674478040813,0.719645148562961,0.3206266358335558
S2_DROP_TOP5,3,L2_HIGH,B2_COMMON_NODE_EQUAL_DENSITY,1.0,A2_W0::2020->2021,18,0.4549266247379455,0.4549266247379455,0.060796645702306,0.8888888888888888,0.1027253668763102,0.9671111909247808,0.8719991025569991,0.890337382593419,0.26406754081041
S2_DROP_TOP5,3,L2_HIGH,B2_COMMON_NODE_EQUAL_DENSITY,1.0,A2_W0::2021->2022,19,0.4401408450704225,0.4401408450704225,0.0739436619718309,0.8802816901408451,0.1197183098591549,0.9559216108955848,0.8550058371147086,0.0,0.3116238767185355
S2_DROP_TOP5,3,L2_HIGH,B2_COMMON_NODE_EQUAL_DENSITY,1.0,A2_W0::2022->2023,20,0.4827586206896552,0.4827586206896552,0.0172413793103448,0.9655172413793104,0.0344827586206896,0.9742984785251522,0.8265276997216047,0.0,0.5122093490407412
S2_DROP_TOP5,3,L2_HIGH,B2_COMMON_NODE_EQUAL_DENSITY,0.75,A2_W0::2002->2003,0,0.5,0.5,0.0,0.8,0.2,0.9999999999536018,0.9999999999705234,0.0,0.0
S2_DROP_TOP5,3,L2_HIGH,B2_COMMON_NODE_EQUAL_DENSITY,0.75,A2_W0::2003->2004,1,0.5,0.5,0.0,0.8571428571428571,0.1428571428571428,0.9999999999413354,0.9999999999705234,0.0,0.0
S2_DROP_TOP5,3,L2_HIGH,B2_COMMON_NODE_EQUAL_DENSITY,0.75,A2_W0::2004->2005,2,0.5,0.5,0.0,0.9166666666666666,0.0833333333333333,0.999999999958673,0.9999999999164728,0.0,0.0
S2_DROP_TOP5,3,L2_HIGH,B2_COMMON_NODE_EQUAL_DENSITY,0.75,A2_W0::2005->2006,3,0.5,0.5,0.0,0.75,0.25,0.816496644318719,0.8164967317410501,0.0,0.0
S2_DROP_TOP5,3,L2_HIGH,B2_COMMON_NODE_EQUAL_DENSITY,0.75,A2_W0::2006->2007,4,0.4516129032258064,0.4516129032258064,0.0967741935483871,0.8064516129032258,0.1612903225806451,0.7745967860701853,0.8944272735093937,0.9999999998997812,0.9999999997304868
S2_DROP_TOP5,3,L2_HIGH,B2_COMMON_NODE_EQUAL_DENSITY,0.75,A2_W0::2007->2008,5,0.4736842105263157,0.4736842105263157,0.0,0.8552631578947368,0.131578947368421,0.9771085906776796,0.999999999853084,0.3700296260455777,0.220850526069686
S2_DROP_TOP5,3,L2_HIGH,B2_COMMON_NODE_EQUAL_DENSITY,0.75,A2_W0::2008->2009,6,0.4794520547945205,0.4794520547945205,0.0,0.821917808219178,0.1506849315068493,0.9843358599368344,0.9587169567650136,0.9999999998059028,0.2860916929022584
S2_DROP_TOP5,3,L2_HIGH,B2_COMMON_NODE_EQUAL_DENSITY,0.75,A2_W0::2009->2010,7,0.4571428571428571,0.4571428571428571,0.0571428571428571,0.7714285714285715,0.1571428571428571,0.9768149449436077,0.9256399152403622,0.894653889404143,0.3983238394771664
S2_DROP_TOP5,3,L2_HIGH,B2_COMMON_NODE_EQUAL_DENSITY,0.75,A2_W0::2010->2011,8,0.4025974025974026,0.4025974025974026,0.0259740259740259,0.8311688311688312,0.1298701298701298,0.9131112803657196,0.8514168014350454,0.8257746013962557,0.2091631343259652
S2_DROP_TOP5,3,L2_HIGH,B2_COMMON_NODE_EQUAL_DENSITY,0.75,A2_W0::2011->2012,9,0.3904761904761905,0.3904761904761905,0.0666666666666666,0.7619047619047619,0.1523809523809524,0.917654344851574,0.8716982961571178,0.7988911183432719,0.3769978464764609
S2_DROP_TOP5,3,L2_HIGH,B2_COMMON_NODE_EQUAL_DENSITY,0.75,A2_W0::2012->2013,10,0.4148148148148148,0.4148148148148148,0.0518518518518518,0.7407407407407407,0.1851851851851851,0.9210801916476876,0.918759945295062,0.8478410308592222,0.2216746622947076
S2_DROP_TOP5,3,L2_HIGH,B2_COMMON_NODE_EQUAL_DENSITY,0.75,A2_W0::2013->2014,11,0.4148148148148148,0.4148148148148148,0.0814814814814814,0.6592592592592592,0.2296296296296296,0.9097028943444448,0.9162427380785256,0.9390397394817008,0.1982796285799322
S2_DROP_TOP5,3,L2_HIGH,B2_COMMON_NODE_EQUAL_DENSITY,0.75,A2_W0::2014->2015,12,0.4467005076142132,0.4467005076142132,0.0507614213197969,0.751269035532995,0.1472081218274111,0.9666712953979624,0.9166935581768304,0.8773779442777918,0.3135380905032929
S2_DROP_TOP5,3,L2_HIGH,B2_COMMON_NODE_EQUAL_DENSITY,0.75,A2_W0::2015->2016,13,0.3949579831932773,0.3949579831932773,0.1470588235294117,0.7857142857142857,0.1428571428571428,0.9041867811242088,0.901211096403276,0.8015204129918191,0.2614617433203854
S2_DROP_TOP5,3,L2_HIGH,B2_COMMON_NODE_EQUAL_DENSITY,0.75,A2_W0::2016->2017,14,0.3571428571428571,0.3571428571428571,0.0952380952380952,0.7738095238095238,0.1666666666666666,0.8563474585124174,0.8800536458852161,0.7909884207392897,0.2612269415080369
S2_DROP_TOP5,3,L2_HIGH,B2_COMMON_NODE_EQUAL_DENSITY,0.75,A2_W0::2017->2018,15,0.4,0.4,0.0953846153846153,0.84,0.1261538461538461,0.9116220356001846,0.8270561864308665,0.9266245187079442,0.2592238526683278
S2_DROP_TOP5,3,L2_HIGH,B2_COMMON_NODE_EQUAL_DENSITY,0.75,A2_W0::2018->2019,16,0.4605911330049261,0.4605911330049261,0.0492610837438423,0.8571428571428571,0.125615763546798,0.9709992406993756,0.9196440068492108,0.9419017895544258,0.3284151327781225
S2_DROP_TOP5,3,L2_HIGH,B2_COMMON_NODE_EQUAL_DENSITY,0.75,A2_W0::2019->2020,17,0.4520255863539446,0.4520255863539446,0.0810234541577825,0.8784648187633263,0.1130063965884861,0.9694351186816532,0.8698500740047935,0.5261498932120483,0.3130013534726479
S2_DROP_TOP5,3,L2_HIGH,B2_COMMON_NODE_EQUAL_DENSITY,0.75,A2_W0::2020->2021,18,0.4729729729729729,0.4729729729729729,0.0351351351351351,0.8675675675675676,0.1243243243243243,0.9876674164237892,0.8833175480103397,0.8506473260221155,0.2442949811609485
S2_DROP_TOP5,3,L2_HIGH,B2_COMMON_NODE_EQUAL_DENSITY,0.75,A2_W0::2021->2022,19,0.45662100456621,0.45662100456621,0.0776255707762557,0.8721461187214612,0.1278538812785388,0.9641005832712972,0.9222398166767845,0.0,0.2662916274808239
S2_DROP_TOP5,3,L2_HIGH,B2_COMMON_NODE_EQUAL_DENSITY,0.75,A2_W0::2022->2023,20,0.4827586206896552,0.4827586206896552,0.0114942528735632,0.9655172413793104,0.0344827586206896,0.994413393088296,0.7599544183667067,0.0,0.5153199248832587
S2_DROP_TOP5,3,L2_HIGH,B2_COMMON_NODE_EQUAL_DENSITY,0.5,A2_W0::2002->2003,0,0.5,0.5,0.0,0.8333333333333334,0.1666666666666666,0.999999999955708,0.9999999999858452,0.0,0.0
S2_DROP_TOP5,3,L2_HIGH,B2_COMMON_NODE_EQUAL_DENSITY,0.5,A2_W0::2003->2004,1,0.5,0.5,0.0,0.75,0.25,0.9999999999705188,0.9999999999705234,0.0,0.0
S2_DROP_TOP5,3,L2_HIGH,B2_COMMON_NODE_EQUAL_DENSITY,0.5,A2_W0::2004->2005,2,0.5,0.5,0.0,1.0,0.0,0.999999999966458,0.0,0.0,0.0
S2_DROP_TOP5,3,L2_HIGH,B2_COMMON_NODE_EQUAL_DENSITY,0.5,A2_W0::2005->2006,3,0.5,0.5,0.0,0.75,0.25,0.912870967078686,0.7071070424619257,0.0,0.0
S2_DROP_TOP5,3,L2_HIGH,B2_COMMON_NODE_EQUAL_DENSITY,0.5,A2_W0::2006->2007,4,0.5,0.5,0.0,0.7727272727272727,0.1818181818181818,0.7669651146234957,0.8660255103746778,0.9999999998997812,0.0
S2_DROP_TOP5,3,L2_HIGH,B2_COMMON_NODE_EQUAL_DENSITY,0.5,A2_W0::2007->2008,5,0.4901960784313725,0.4901960784313725,0.0,0.803921568627451,0.1764705882352941,0.9999999998373734,0.9999999998640734,0.3700296260455777,0.3700296260455777
S2_DROP_TOP5,3,L2_HIGH,B2_COMMON_NODE_EQUAL_DENSITY,0.5,A2_W0::2008->2009,6,0.4791666666666667,0.4791666666666667,0.0,0.7708333333333334,0.1875,0.9872225685061428,0.949299170494722,0.9999999998059028,0.2924303670108182
S2_DROP_TOP5,3,L2_HIGH,B2_COMMON_NODE_EQUAL_DENSITY,0.5,A2_W0::2009->2010,7,0.4791666666666667,0.4791666666666667,0.0208333333333333,0.75,0.1666666666666666,0.9876925935175396,0.9999999999003558,0.8663180578464879,0.2463205759327668
S2_DROP_TOP5,3,L2_HIGH,B2_COMMON_NODE_EQUAL_DENSITY,0.5,A2_W0::2010->2011,8,0.4363636363636363,0.4363636363636363,0.0,0.8181818181818182,0.1454545454545454,0.933051764840279,0.9376137241175504,0.9999999999074136,0.1729193820890286
S2_DROP_TOP5,3,L2_HIGH,B2_COMMON_NODE_EQUAL_DENSITY,0.5,A2_W0::2011->2012,9,0.4342105263157895,0.4342105263157895,0.0263157894736842,0.7894736842105263,0.131578947368421,0.9402727398357454,0.9508489833959448,0.9143523649189508,0.3322873630295726
S2_DROP_TOP5,3,L2_HIGH,B2_COMMON_NODE_EQUAL_DENSITY,0.5,A2_W0::2012->2013,10,0.4157303370786517,0.4157303370786517,0.0337078651685393,0.7191011235955056,0.1797752808988764,0.9310604906160428,0.8697340087449389,0.8872771218139293,0.2110694945205239
S2_DROP_TOP5,3,L2_HIGH,B2_COMMON_NODE_EQUAL_DENSITY,0.5,A2_W0::2013->2014,11,0.4347826086956521,0.4347826086956521,0.0543478260869565,0.5978260869565217,0.2608695652173913,0.9269339646773204,0.9578288567836152,0.9293063785266172,0.2044836998854963
S2_DROP_TOP5,3,L2_HIGH,B2_COMMON_NODE_EQUAL_DENSITY,0.5,A2_W0::2014->2015,12,0.4552238805970149,0.4552238805970149,0.0373134328358208,0.7164179104477612,0.1641791044776119,0.9706865132010236,0.9547022292373069,0.8800522731355863,0.2735892938785035
S2_DROP_TOP5,3,L2_HIGH,B2_COMMON_NODE_EQUAL_DENSITY,0.5,A2_W0::2015->2016,13,0.4074074074074074,0.4074074074074074,0.1049382716049382,0.7283950617283951,0.1851851851851851,0.923571321185298,0.8998518923112157,0.8266347364694666,0.2892901100738014
S2_DROP_TOP5,3,L2_HIGH,B2_COMMON_NODE_EQUAL_DENSITY,0.5,A2_W0::2016->2017,14,0.4098360655737705,0.4098360655737705,0.0491803278688524,0.7431693989071039,0.180327868852459,0.9117244386309348,0.9266066366386936,0.8561679131662069,0.2232651531630005
S2_DROP_TOP5,3,L2_HIGH,B2_COMMON_NODE_EQUAL_DENSITY,0.5,A2_W0::2017->2018,15,0.4273127753303964,0.4273127753303964,0.0484581497797356,0.8061674008810573,0.1629955947136563,0.947263899104647,0.8334740410355791,0.9454434168718256,0.2562960368994887
S2_DROP_TOP5,3,L2_HIGH,B2_COMMON_NODE_EQUAL_DENSITY,0.5,A2_W0::2018->2019,16,0.4671532846715328,0.4671532846715328,0.0510948905109489,0.8211678832116789,0.156934306569343,0.976674024873128,0.9379450571384528,0.9318666632948585,0.3041241442026394
S2_DROP_TOP5,3,L2_HIGH,B2_COMMON_NODE_EQUAL_DENSITY,0.5,A2_W0::2019->2020,17,0.465625,0.465625,0.06875,0.853125,0.134375,0.9811591646516185,0.904036996201208,0.7255482601789991,0.3059009145791884
S2_DROP_TOP5,3,L2_HIGH,B2_COMMON_NODE_EQUAL_DENSITY,0.5,A2_W0::2020->2021,18,0.4820717131474104,0.4820717131474104,0.0199203187250996,0.8326693227091634,0.1553784860557769,0.9953583019166558,0.9209591964833445,0.8506473260221155,0.1866499032232147
S2_DROP_TOP5,3,L2_HIGH,B2_COMMON_NODE_EQUAL_DENSITY,0.5,A2_W0::2021->2022,19,0.4475524475524475,0.4475524475524475,0.0979020979020979,0.8251748251748252,0.1748251748251748,0.9498895655813876,0.9481468635085356,0.0,0.2509719683500099
S2_DROP_TOP5,3,L2_HIGH,B2_COMMON_NODE_EQUAL_DENSITY,0.5,A2_W0::2022->2023,20,0.4915254237288136,0.4915254237288136,0.0,0.9661016949152542,0.0338983050847457,0.9917561219596004,0.9999999999366828,0.0,0.2531239219275424
S2_DROP_TOP5,4,L0_STAGE15_MATCHED,B0_REFERENCE,1.0,A2_W0::2002->2003,0,0.7786885245901639,0.1721311475409836,0.0327868852459016,0.9590163934426228,0.040983606557377,0.967549137683626,0.960627575796114,0.0,0.9258989096337572
S2_DROP_TOP5,4,L0_STAGE15_MATCHED,B0_REFERENCE,1.0,A2_W0::2003->2004,1,0.5976095617529881,0.3107569721115538,0.0637450199203187,0.9760956175298804,0.0239043824701195,0.8484200710589761,0.8263045061019583,0.0,0.7647603996256149
S2_DROP_TOP5,4,L0_STAGE15_MATCHED,B0_REFERENCE,1.0,A2_W0::2004->2005,2,0.0597826086956521,0.7663043478260869,0.0271739130434782,0.967391304347826,0.0326086956521739,0.7090969483413635,0.5879412355747793,0.0,0.3781425821556128
S2_DROP_TOP5,4,L0_STAGE15_MATCHED,B0_REFERENCE,1.0,A2_W0::2005->2006,3,0.7278481012658228,0.240506329113924,0.0063291139240506,0.9493670886075948,0.050632911392405,0.4830458915234832,0.7905694150347122,0.0,0.9999999999038
S2_DROP_TOP5,4,L0_STAGE15_MATCHED,B0_REFERENCE,1.0,A2_W0::2006->2007,4,0.679144385026738,0.195187165775401,0.1256684491978609,0.962566844919786,0.03475935828877,0.7453559912084785,0.9607689201781116,0.999999999904916,0.945313182826841
S2_DROP_TOP5,4,L0_STAGE15_MATCHED,B0_REFERENCE,1.0,A2_W0::2007->2008,5,0.3882113821138211,0.306910569105691,0.1666666666666666,0.9573170731707316,0.040650406504065,0.7813617032472107,0.7960461560776952,0.4293835027070782,0.4648724466262234
S2_DROP_TOP5,4,L0_STAGE15_MATCHED,B0_REFERENCE,1.0,A2_W0::2008->2009,6,0.4400656814449918,0.3382594417077175,0.1231527093596059,0.9573070607553368,0.0394088669950738,0.8087024186856941,0.8954729645487639,0.7073683492267879,0.4348472025578493
S2_DROP_TOP5,4,L0_STAGE15_MATCHED,B0_REFERENCE,1.0,A2_W0::2009->2010,7,0.2645985401459854,0.635036496350365,0.0583941605839416,0.9434306569343066,0.041970802919708,0.84785132272115,0.9261917096532302,0.8432914040836744,0.6040116375562178
S2_DROP_TOP5,4,L0_STAGE15_MATCHED,B0_REFERENCE,1.0,A2_W0::2010->2011,8,0.6086105675146771,0.2661448140900195,0.0508806262230919,0.929549902152642,0.0528375733855185,0.8946441044967114,0.79673566142017,0.7190037192639225,0.5299808565133327
S2_DROP_TOP5,4,L0_STAGE15_MATCHED,B0_REFERENCE,1.0,A2_W0::2011->2012,9,0.410377358490566,0.3852201257861635,0.1273584905660377,0.9276729559748428,0.0518867924528301,0.8743356521669243,0.8060021629128412,0.7715573749156501,0.4133362047427885
S2_DROP_TOP5,4,L0_STAGE15_MATCHED,B0_REFERENCE,1.0,A2_W0::2012->2013,10,0.338409475465313,0.4128595600676819,0.093062605752961,0.910321489001692,0.0693739424703891,0.8868264999913914,0.8457832897112265,0.7266786966409522,0.708463010791191
S2_DROP_TOP5,4,L0_STAGE15_MATCHED,B0_REFERENCE,1.0,A2_W0::2013->2014,11,0.5167130919220055,0.3105849582172701,0.0807799442896936,0.9178272980501392,0.0598885793871866,0.8763160814958261,0.8598473556216041,0.8786607558531582,0.4769697418474388
S2_DROP_TOP5,4,L0_STAGE15_MATCHED,B0_REFERENCE,1.0,A2_W0::2014->2015,12,0.4250871080139373,0.3286875725900116,0.08130081300813,0.9291521486643438,0.0476190476190476,0.8327089051976528,0.8592139962265855,0.84811495563053,0.4970548851292292
S2_DROP_TOP5,4,L0_STAGE15_MATCHED,B0_REFERENCE,1.0,A2_W0::2015->2016,13,0.3744588744588744,0.2554112554112554,0.1948051948051948,0.9253246753246752,0.053030303030303,0.7616845054411037,0.8328832332332685,0.722170657201579,0.3439589333806678
S2_DROP_TOP5,4,L0_STAGE15_MATCHED,B0_REFERENCE,1.0,A2_W0::2016->2017,14,0.3857142857142857,0.2830357142857143,0.1017857142857142,0.9267857142857144,0.05625,0.7936272390381092,0.8303391168254883,0.6839209775195652,0.3119439986707581
S2_DROP_TOP5,4,L0_STAGE15_MATCHED,B0_REFERENCE,1.0,A2_W0::2017->2018,15,0.3804012345679012,0.3580246913580246,0.1535493827160493,0.9436728395061728,0.0455246913580246,0.8556295511985836,0.8249770741704879,0.933444585684406,0.4053978262658945
S2_DROP_TOP5,4,L0_STAGE15_MATCHED,B0_REFERENCE,1.0,A2_W0::2018->2019,16,0.4269972451790633,0.3443526170798898,0.1198347107438016,0.943526170798898,0.0488980716253443,0.8854186755734976,0.8383390073390381,0.8496000201057706,0.4211052375600492
S2_DROP_TOP5,4,L0_STAGE15_MATCHED,B0_REFERENCE,1.0,A2_W0::2019->2020,17,0.4247734138972809,0.2700906344410876,0.2217522658610272,0.9498489425981872,0.0453172205438066,0.8829249068541021,0.7314074640300199,0.7727847420841201,0.5196380784095893
S2_DROP_TOP5,4,L0_STAGE15_MATCHED,B0_REFERENCE,1.0,A2_W0::2020->2021,18,0.2496894409937888,0.5018633540372671,0.1714285714285714,0.9527950310559006,0.0447204968944099,0.8985381944394638,0.8143917366513076,0.8915613048883989,0.5754113940636262
S2_DROP_TOP5,4,L0_STAGE15_MATCHED,B0_REFERENCE,1.0,A2_W0::2021->2022,19,0.1654526534859521,0.522372528616025,0.1477627471383975,0.9583766909469302,0.0416233090530697,0.8585461416654749,0.7816356627263703,0.0,0.5980764546251605
S2_DROP_TOP5,4,L0_STAGE15_MATCHED,B0_REFERENCE,1.0,A2_W0::2022->2023,20,0.1684782608695652,0.6721014492753623,0.0108695652173913,0.9818840579710144,0.0181159420289855,0.90363877414246,0.8411661219241339,0.0,0.8370183086819593
S2_DROP_TOP5,4,L0_STAGE15_MATCHED,B2_COMMON_NODE_EQUAL_DENSITY,1.0,A2_W0::2002->2003,0,0.5,0.5,0.0,0.7857142857142857,0.2142857142857142,0.9999999999259368,0.9999999999615818,0.0,0.0
S2_DROP_TOP5,4,L0_STAGE15_MATCHED,B2_COMMON_NODE_EQUAL_DENSITY,1.0,A2_W0::2003->2004,1,0.5,0.5,0.0,0.8333333333333334,0.1666666666666666,0.999999999933281,0.9999999999644688,0.0,0.0
S2_DROP_TOP5,4,L0_STAGE15_MATCHED,B2_COMMON_NODE_EQUAL_DENSITY,1.0,A2_W0::2004->2005,2,0.5,0.5,0.0,0.9444444444444444,0.0555555555555555,0.9999999999491274,0.9999999999498232,0.0,0.0
S2_DROP_TOP5,4,L0_STAGE15_MATCHED,B2_COMMON_NODE_EQUAL_DENSITY,1.0,A2_W0::2005->2006,3,0.5,0.5,0.0,0.8125,0.1875,0.7844645405564903,0.8164965810027942,0.0,0.0
S2_DROP_TOP5,4,L0_STAGE15_MATCHED,B2_COMMON_NODE_EQUAL_DENSITY,1.0,A2_W0::2006->2007,4,0.4888888888888889,0.4888888888888889,0.0222222222222222,0.8,0.1777777777777777,0.7264831571366864,0.8660254036446658,0.9999999999049164,0.9999999997307096
S2_DROP_TOP5,4,L0_STAGE15_MATCHED,B2_COMMON_NODE_EQUAL_DENSITY,1.0,A2_W0::2007->2008,5,0.3977272727272727,0.3977272727272727,0.0568181818181818,0.8295454545454546,0.1590909090909091,0.90883707090563,0.882689014597041,0.4293835027070782,0.2778109609622164
S2_DROP_TOP5,4,L0_STAGE15_MATCHED,B2_COMMON_NODE_EQUAL_DENSITY,1.0,A2_W0::2008->2009,6,0.46875,0.46875,0.0104166666666666,0.8541666666666666,0.125,0.9884633806936698,0.8922423850707215,0.7073683492267879,0.3348645985507709
S2_DROP_TOP5,4,L0_STAGE15_MATCHED,B2_COMMON_NODE_EQUAL_DENSITY,1.0,A2_W0::2009->2010,7,0.4395604395604395,0.4395604395604395,0.0769230769230769,0.7692307692307693,0.1428571428571428,0.953300048076448,0.9136771505639129,0.9356917829130684,0.365724536878882
S2_DROP_TOP5,4,L0_STAGE15_MATCHED,B2_COMMON_NODE_EQUAL_DENSITY,1.0,A2_W0::2010->2011,8,0.3861386138613861,0.3861386138613861,0.0792079207920792,0.7524752475247525,0.1683168316831683,0.8867768017649175,0.9168480230161392,0.8021738737455255,0.2286628214964197
S2_DROP_TOP5,4,L0_STAGE15_MATCHED,B2_COMMON_NODE_EQUAL_DENSITY,1.0,A2_W0::2011->2012,9,0.3768115942028985,0.3768115942028985,0.072463768115942,0.8043478260869565,0.1231884057971014,0.8987138107862931,0.8127399660416106,0.817509220291375,0.323841947178951
S2_DROP_TOP5,4,L0_STAGE15_MATCHED,B2_COMMON_NODE_EQUAL_DENSITY,1.0,A2_W0::2012->2013,10,0.4101123595505618,0.4101123595505618,0.0561797752808988,0.7921348314606742,0.1516853932584269,0.9175431548639816,0.9247929965262984,0.8313861220023714,0.2909796215238816
S2_DROP_TOP5,4,L0_STAGE15_MATCHED,B2_COMMON_NODE_EQUAL_DENSITY,1.0,A2_W0::2013->2014,11,0.4198895027624309,0.4198895027624309,0.0828729281767955,0.7348066298342542,0.1823204419889502,0.9259011190368716,0.906485843930376,0.9150468026045988,0.2418506634213538
S2_DROP_TOP5,4,L0_STAGE15_MATCHED,B2_COMMON_NODE_EQUAL_DENSITY,1.0,A2_W0::2014->2015,12,0.4183266932270916,0.4183266932270916,0.0916334661354581,0.7888446215139442,0.1314741035856573,0.9372418227030876,0.8854023752242403,0.878440211110113,0.3571800044448998
S2_DROP_TOP5,4,L0_STAGE15_MATCHED,B2_COMMON_NODE_EQUAL_DENSITY,1.0,A2_W0::2015->2016,13,0.3204225352112676,0.3204225352112676,0.2429577464788732,0.8098591549295775,0.130281690140845,0.7948658473896462,0.9097849637873332,0.7615254842993492,0.1930298656150921
S2_DROP_TOP5,4,L0_STAGE15_MATCHED,B2_COMMON_NODE_EQUAL_DENSITY,1.0,A2_W0::2016->2017,14,0.3654970760233918,0.3654970760233918,0.0994152046783625,0.8216374269005848,0.131578947368421,0.8679130916224683,0.8867367216886388,0.7358619931790797,0.2492865395787209
S2_DROP_TOP5,4,L0_STAGE15_MATCHED,B2_COMMON_NODE_EQUAL_DENSITY,1.0,A2_W0::2017->2018,15,0.3853427895981087,0.3853427895981087,0.1323877068557919,0.8676122931442081,0.1040189125295508,0.8934219858153453,0.8209269761649871,0.9682596010986816,0.2843566176147167
S2_DROP_TOP5,4,L0_STAGE15_MATCHED,B2_COMMON_NODE_EQUAL_DENSITY,1.0,A2_W0::2018->2019,16,0.416,0.416,0.116,0.878,0.108,0.9317235325771108,0.8548254264353785,0.941562061528876,0.3579828234641204
S2_DROP_TOP5,4,L0_STAGE15_MATCHED,B2_COMMON_NODE_EQUAL_DENSITY,1.0,A2_W0::2019->2020,17,0.4411764705882353,0.4411764705882353,0.1029411764705882,0.9003267973856209,0.0915032679738562,0.9573515822593572,0.8416649737135212,0.6504874926209813,0.307085691172718
S2_DROP_TOP5,4,L0_STAGE15_MATCHED,B2_COMMON_NODE_EQUAL_DENSITY,1.0,A2_W0::2020->2021,18,0.453781512605042,0.453781512605042,0.065126050420168,0.8949579831932774,0.0987394957983193,0.9668407202039976,0.8551709231145455,0.8523548247957831,0.2508230348837729
S2_DROP_TOP5,4,L0_STAGE15_MATCHED,B2_COMMON_NODE_EQUAL_DENSITY,1.0,A2_W0::2021->2022,19,0.4361702127659574,0.4361702127659574,0.0744680851063829,0.8936170212765957,0.1063829787234042,0.9504558075170662,0.8504609592599232,0.0,0.3049047370894334
S2_DROP_TOP5,4,L0_STAGE15_MATCHED,B2_COMMON_NODE_EQUAL_DENSITY,1.0,A2_W0::2022->2023,20,0.4736842105263157,0.4736842105263157,0.0175438596491228,0.9736842105263158,0.0263157894736842,0.9925937376099828,0.7726673562272531,0.0,0.7249072332088385
S2_DROP_TOP5,4,L0_STAGE15_MATCHED,B2_COMMON_NODE_EQUAL_DENSITY,0.75,A2_W0::2002->2003,0,0.5,0.5,0.0,0.7,0.3,0.9999999999575028,0.9999999999615818,0.0,0.0
S2_DROP_TOP5,4,L0_STAGE15_MATCHED,B2_COMMON_NODE_EQUAL_DENSITY,0.75,A2_W0::2003->2004,1,0.5,0.5,0.0,0.7857142857142857,0.2142857142857142,0.9999999999419192,0.9999999999644688,0.0,0.0
S2_DROP_TOP5,4,L0_STAGE15_MATCHED,B2_COMMON_NODE_EQUAL_DENSITY,0.75,A2_W0::2004->2005,2,0.5,0.5,0.0,1.0,0.0,0.999999999956762,0.0,0.0,0.0
S2_DROP_TOP5,4,L0_STAGE15_MATCHED,B2_COMMON_NODE_EQUAL_DENSITY,0.75,A2_W0::2005->2006,3,0.5,0.5,0.0,0.8333333333333334,0.1666666666666666,0.8366600265464635,0.7071067813752535,0.0,0.0
S2_DROP_TOP5,4,L0_STAGE15_MATCHED,B2_COMMON_NODE_EQUAL_DENSITY,0.75,A2_W0::2006->2007,4,0.5,0.5,0.0,0.8235294117647058,0.1470588235294117,0.7319250546251396,0.8944271909470118,0.9999999999049164,0.0
S2_DROP_TOP5,4,L0_STAGE15_MATCHED,B2_COMMON_NODE_EQUAL_DENSITY,0.75,A2_W0::2007->2008,5,0.4666666666666667,0.4666666666666667,0.0,0.84,0.1466666666666666,0.969355332657862,0.9999999998316278,0.4293835027070782,0.2765158792685029
S2_DROP_TOP5,4,L0_STAGE15_MATCHED,B2_COMMON_NODE_EQUAL_DENSITY,0.75,A2_W0::2008->2009,6,0.4794520547945205,0.4794520547945205,0.0,0.821917808219178,0.1506849315068493,0.9841994049526332,0.9587191699068456,0.9999999997719492,0.2765713062483035
S2_DROP_TOP5,4,L0_STAGE15_MATCHED,B2_COMMON_NODE_EQUAL_DENSITY,0.75,A2_W0::2009->2010,7,0.4647887323943662,0.4647887323943662,0.028169014084507,0.7746478873239436,0.1408450704225352,0.975547562870249,0.9493520720800332,0.9132499568378836,0.2683147765643414
S2_DROP_TOP5,4,L0_STAGE15_MATCHED,B2_COMMON_NODE_EQUAL_DENSITY,0.75,A2_W0::2010->2011,8,0.425,0.425,0.0125,0.7875,0.1375,0.91896186477939,0.9103002525044244,0.9999999998327798,0.1627982709283143
S2_DROP_TOP5,4,L0_STAGE15_MATCHED,B2_COMMON_NODE_EQUAL_DENSITY,0.75,A2_W0::2011->2012,9,0.3846153846153846,0.3846153846153846,0.0576923076923076,0.75,0.1538461538461538,0.9079415861141364,0.869904385748212,0.817509220291375,0.3588679882600001
S2_DROP_TOP5,4,L0_STAGE15_MATCHED,B2_COMMON_NODE_EQUAL_DENSITY,0.75,A2_W0::2012->2013,10,0.4191176470588235,0.4191176470588235,0.0588235294117647,0.7352941176470589,0.1911764705882352,0.9270720007575892,0.9217778877844252,0.8500697775216394,0.2396941364776612
S2_DROP_TOP5,4,L0_STAGE15_MATCHED,B2_COMMON_NODE_EQUAL_DENSITY,0.75,A2_W0::2013->2014,11,0.4148148148148148,0.4148148148148148,0.0888888888888888,0.6518518518518519,0.237037037037037,0.908807784442752,0.9198565796988308,0.9395359263022042,0.2084364506600078
S2_DROP_TOP5,4,L0_STAGE15_MATCHED,B2_COMMON_NODE_EQUAL_DENSITY,0.75,A2_W0::2014->2015,12,0.4467005076142132,0.4467005076142132,0.0456852791878172,0.751269035532995,0.1522842639593908,0.966765678626172,0.919908962877636,0.8715728097618943,0.3196895139959921
S2_DROP_TOP5,4,L0_STAGE15_MATCHED,B2_COMMON_NODE_EQUAL_DENSITY,0.75,A2_W0::2015->2016,13,0.3898305084745763,0.3898305084745763,0.1440677966101695,0.7966101694915254,0.135593220338983,0.9021844173992296,0.8948676784282485,0.7440874476808874,0.2595848520221557
S2_DROP_TOP5,4,L0_STAGE15_MATCHED,B2_COMMON_NODE_EQUAL_DENSITY,0.75,A2_W0::2016->2017,14,0.3545816733067729,0.3545816733067729,0.1115537848605577,0.7848605577689243,0.1553784860557769,0.8550639030947801,0.8772966347618087,0.7490077730823643,0.2473134737522881
S2_DROP_TOP5,4,L0_STAGE15_MATCHED,B2_COMMON_NODE_EQUAL_DENSITY,0.75,A2_W0::2017->2018,15,0.401840490797546,0.401840490797546,0.0950920245398773,0.843558282208589,0.1226993865030674,0.9118138416819812,0.8216934817010311,0.965322360790672,0.2466576467090121
S2_DROP_TOP5,4,L0_STAGE15_MATCHED,B2_COMMON_NODE_EQUAL_DENSITY,0.75,A2_W0::2018->2019,16,0.4497487437185929,0.4497487437185929,0.0678391959798995,0.8567839195979899,0.1256281407035175,0.9638905694614616,0.8925933817377911,0.941562061528876,0.3485655047278497
S2_DROP_TOP5,4,L0_STAGE15_MATCHED,B2_COMMON_NODE_EQUAL_DENSITY,0.75,A2_W0::2019->2020,17,0.4543524416135881,0.4543524416135881,0.0743099787685774,0.881104033970276,0.1104033970276008,0.9706141812030942,0.8683174909145107,0.7257621298918199,0.3155567408590048
S2_DROP_TOP5,4,L0_STAGE15_MATCHED,B2_COMMON_NODE_EQUAL_DENSITY,0.75,A2_W0::2020->2021,18,0.4729729729729729,0.4729729729729729,0.0378378378378378,0.8783783783783784,0.1135135135135135,0.9848989477465492,0.892611340136634,0.8523548247957831,0.2123282999904608
S2_DROP_TOP5,4,L0_STAGE15_MATCHED,B2_COMMON_NODE_EQUAL_DENSITY,0.75,A2_W0::2021->2022,19,0.4541284403669725,0.4541284403669725,0.073394495412844,0.8853211009174312,0.1146788990825688,0.9622867814993756,0.9125064728021544,0.0,0.2769386785613381
S2_DROP_TOP5,4,L0_STAGE15_MATCHED,B2_COMMON_NODE_EQUAL_DENSITY,0.75,A2_W0::2022->2023,20,0.4886363636363636,0.4886363636363636,0.0113636363636363,0.9772727272727272,0.0227272727272727,0.994814300216749,0.7158048088993832,0.0,0.2599282407249659
S2_DROP_TOP5,4,L0_STAGE15_MATCHED,B2_COMMON_NODE_EQUAL_DENSITY,0.5,A2_W0::2002->2003,0,0.5,0.5,0.0,0.6666666666666666,0.3333333333333333,0.9999999999628636,0.999999999963776,0.0,0.0
S2_DROP_TOP5,4,L0_STAGE15_MATCHED,B2_COMMON_NODE_EQUAL_DENSITY,0.5,A2_W0::2003->2004,1,0.5,0.5,0.0,0.75,0.25,0.9999999999709128,0.9999999999717916,0.0,0.0
S2_DROP_TOP5,4,L0_STAGE15_MATCHED,B2_COMMON_NODE_EQUAL_DENSITY,0.5,A2_W0::2004->2005,2,0.5,0.5,0.0,1.0,0.0,0.999999999966624,0.0,0.0,0.0
S2_DROP_TOP5,4,L0_STAGE15_MATCHED,B2_COMMON_NODE_EQUAL_DENSITY,0.5,A2_W0::2005->2006,3,0.5,0.5,0.0,0.75,0.25,0.9128709291684298,0.7071067813752535,0.0,0.0
S2_DROP_TOP5,4,L0_STAGE15_MATCHED,B2_COMMON_NODE_EQUAL_DENSITY,0.5,A2_W0::2006->2007,4,0.5,0.5,0.0,0.7727272727272727,0.1818181818181818,0.7669649887983347,0.8660254037938766,0.9999999999049164,0.0
S2_DROP_TOP5,4,L0_STAGE15_MATCHED,B2_COMMON_NODE_EQUAL_DENSITY,0.5,A2_W0::2007->2008,5,0.4901960784313725,0.4901960784313725,0.0,0.803921568627451,0.1764705882352941,0.9999999998391816,0.9999999998661476,0.4293835027070782,0.4293835027070782
S2_DROP_TOP5,4,L0_STAGE15_MATCHED,B2_COMMON_NODE_EQUAL_DENSITY,0.5,A2_W0::2008->2009,6,0.4680851063829787,0.4680851063829787,0.0,0.7872340425531915,0.1914893617021276,0.9742482637116484,0.949301902279318,0.9999999997618172,0.2765713062483035
S2_DROP_TOP5,4,L0_STAGE15_MATCHED,B2_COMMON_NODE_EQUAL_DENSITY,0.5,A2_W0::2009->2010,7,0.4680851063829787,0.4680851063829787,0.0212765957446808,0.7659574468085106,0.1489361702127659,0.9881226069926388,0.9267989124396756,0.8666246163889559,0.235763153397895
S2_DROP_TOP5,4,L0_STAGE15_MATCHED,B2_COMMON_NODE_EQUAL_DENSITY,0.5,A2_W0::2010->2011,8,0.4363636363636363,0.4363636363636363,0.0181818181818181,0.8181818181818182,0.1272727272727272,0.944153033956675,0.8548276391141001,0.9999999998978708,0.1809636413109041
S2_DROP_TOP5,4,L0_STAGE15_MATCHED,B2_COMMON_NODE_EQUAL_DENSITY,0.5,A2_W0::2011->2012,9,0.4189189189189189,0.4189189189189189,0.0405405405405405,0.7837837837837838,0.1351351351351351,0.9304880039621026,0.9508981394649612,0.8446118088344903,0.3581372018689065
S2_DROP_TOP5,4,L0_STAGE15_MATCHED,B2_COMMON_NODE_EQUAL_DENSITY,0.5,A2_W0::2012->2013,10,0.4222222222222222,0.4222222222222222,0.0222222222222222,0.7111111111111111,0.1777777777777777,0.9389356181063708,0.869322162091421,0.8989346087786999,0.2061166053167947
S2_DROP_TOP5,4,L0_STAGE15_MATCHED,B2_COMMON_NODE_EQUAL_DENSITY,0.5,A2_W0::2013->2014,11,0.4285714285714285,0.4285714285714285,0.0659340659340659,0.5934065934065934,0.2637362637362637,0.9160909276209,0.9575847565491906,0.9298848710509398,0.2086922123666632
S2_DROP_TOP5,4,L0_STAGE15_MATCHED,B2_COMMON_NODE_EQUAL_DENSITY,0.5,A2_W0::2014->2015,12,0.4552238805970149,0.4552238805970149,0.0298507462686567,0.7014925373134329,0.1716417910447761,0.9751706655523472,0.9407949678741728,0.8889192280112965,0.3136134105838824
S2_DROP_TOP5,4,L0_STAGE15_MATCHED,B2_COMMON_NODE_EQUAL_DENSITY,0.5,A2_W0::2015->2016,13,0.4074074074074074,0.4074074074074074,0.1049382716049382,0.7283950617283951,0.1851851851851851,0.9235831336375154,0.8999148847519023,0.8222456337071629,0.2837439809317938
S2_DROP_TOP5,4,L0_STAGE15_MATCHED,B2_COMMON_NODE_EQUAL_DENSITY,0.5,A2_W0::2016->2017,14,0.4130434782608695,0.4130434782608695,0.0597826086956521,0.7391304347826086,0.1902173913043478,0.9153438323322745,0.944285402152313,0.7964892368362122,0.2094597021170778
S2_DROP_TOP5,4,L0_STAGE15_MATCHED,B2_COMMON_NODE_EQUAL_DENSITY,0.5,A2_W0::2017->2018,15,0.4347826086956521,0.4347826086956521,0.0434782608695652,0.7956521739130434,0.1608695652173913,0.9498169126197236,0.8641174951350729,0.9617858318528664,0.2563871613549748
S2_DROP_TOP5,4,L0_STAGE15_MATCHED,B2_COMMON_NODE_EQUAL_DENSITY,0.5,A2_W0::2018->2019,16,0.4690909090909091,0.4690909090909091,0.0472727272727272,0.8181818181818182,0.1563636363636363,0.9788729137527972,0.9385362588538564,0.941562061528876,0.3139481030511611
S2_DROP_TOP5,4,L0_STAGE15_MATCHED,B2_COMMON_NODE_EQUAL_DENSITY,0.5,A2_W0::2019->2020,17,0.468944099378882,0.468944099378882,0.0559006211180124,0.8571428571428571,0.1304347826086956,0.983106206245416,0.9097583866289628,0.7257621298918199,0.284785235800743
S2_DROP_TOP5,4,L0_STAGE15_MATCHED,B2_COMMON_NODE_EQUAL_DENSITY,0.5,A2_W0::2020->2021,18,0.48,0.48,0.02,0.84,0.148,0.9953764149229668,0.9018178305009809,0.8523548247957831,0.1825649540434316
S2_DROP_TOP5,4,L0_STAGE15_MATCHED,B2_COMMON_NODE_EQUAL_DENSITY,0.5,A2_W0::2021->2022,19,0.4475524475524475,0.4475524475524475,0.0979020979020979,0.8321678321678322,0.1678321678321678,0.9504217969257972,0.9462534970019784,0.0,0.255914805131067
S2_DROP_TOP5,4,L0_STAGE15_MATCHED,B2_COMMON_NODE_EQUAL_DENSITY,0.5,A2_W0::2022->2023,20,0.4915254237288136,0.4915254237288136,0.0,0.9661016949152542,0.0338983050847457,0.9921655592145004,0.9999999999405762,0.0,0.3322233159743472
S2_DROP_TOP5,4,L1_EXTENDED,B0_REFERENCE,1.0,A2_W0::2002->2003,0,0.8009049773755657,0.1809954751131221,0.0090497737556561,0.9773755656108596,0.0226244343891402,0.7121296088413821,0.9542797689561484,0.0,0.8793490173598769
S2_DROP_TOP5,4,L1_EXTENDED,B0_REFERENCE,1.0,A2_W0::2003->2004,1,0.3489208633093525,0.5323741007194245,0.0863309352517985,0.9784172661870504,0.0215827338129496,0.8095373408306015,0.8166208780404871,0.0,0.7638937186935134
S2_DROP_TOP5,4,L1_EXTENDED,B0_REFERENCE,1.0,A2_W0::2004->2005,2,0.0714285714285714,0.6428571428571429,0.0214285714285714,0.9642857142857144,0.0357142857142857,0.8195648066299998,0.6364049407891074,0.0,0.377582084538557
S2_DROP_TOP5,4,L1_EXTENDED,B0_REFERENCE,1.0,A2_W0::2005->2006,3,0.2537313432835821,0.582089552238806,0.0298507462686567,0.8805970149253731,0.1194029850746268,0.7702079903526328,0.7905694417928144,0.0,0.7385489464816682
S2_DROP_TOP5,4,L1_EXTENDED,B0_REFERENCE,1.0,A2_W0::2006->2007,4,0.9066666666666666,0.0466666666666666,0.04,0.95,0.0466666666666666,0.8397994744793456,0.9636241218109552,0.9999999999024042,0.7071067824540824
S2_DROP_TOP5,4,L1_EXTENDED,B0_REFERENCE,1.0,A2_W0::2007->2008,5,0.3769063180827887,0.4226579520697168,0.0588235294117647,0.9477124183006536,0.0501089324618736,0.814640169440488,0.7668002572519462,0.4022029586286485,0.5454172889870609
S2_DROP_TOP5,4,L1_EXTENDED,B0_REFERENCE,1.0,A2_W0::2008->2009,6,0.5583333333333333,0.3183333333333333,0.0133333333333333,0.95,0.045,0.8177074975542796,0.8437370879728834,0.8199195213836084,0.5854757832433837
S2_DROP_TOP5,4,L1_EXTENDED,B0_REFERENCE,1.0,A2_W0::2009->2010,7,0.2536496350364963,0.6313868613138686,0.0821167883211678,0.9434306569343066,0.041970802919708,0.8478093939690651,0.9226611132693648,0.842831711791476,0.6651478147439666
S2_DROP_TOP5,4,L1_EXTENDED,B0_REFERENCE,1.0,A2_W0::2010->2011,8,0.6174242424242424,0.2651515151515151,0.0492424242424242,0.9337121212121212,0.0492424242424242,0.8746753727507997,0.8224827831723408,0.7053079895069638,0.5117753133804488
S2_DROP_TOP5,4,L1_EXTENDED,B0_REFERENCE,1.0,A2_W0::2011->2012,9,0.4294117647058823,0.3514705882352941,0.0720588235294117,0.9308823529411764,0.0485294117647058,0.8445194139191026,0.8167385612002808,0.7912234426022007,0.6717770800550634
S2_DROP_TOP5,4,L1_EXTENDED,B0_REFERENCE,1.0,A2_W0::2012->2013,10,0.3277439024390244,0.3628048780487805,0.1859756097560975,0.9192073170731708,0.0609756097560975,0.8375249759625972,0.8412890257020381,0.7596725179310049,0.6347344084219178
S2_DROP_TOP5,4,L1_EXTENDED,B0_REFERENCE,1.0,A2_W0::2013->2014,11,0.4145658263305322,0.3249299719887955,0.1554621848739495,0.9215686274509804,0.0560224089635854,0.8747905054581181,0.8472433196360687,0.8833956722659227,0.6749715385330469
S2_DROP_TOP5,4,L1_EXTENDED,B0_REFERENCE,1.0,A2_W0::2014->2015,12,0.4375729288214702,0.2952158693115519,0.0968494749124854,0.9299883313885648,0.0466744457409568,0.8322571781785211,0.8642831677028407,0.8439898534683306,0.516832169486432
S2_DROP_TOP5,4,L1_EXTENDED,B0_REFERENCE,1.0,A2_W0::2015->2016,13,0.3621964097148891,0.276663146779303,0.2270327349524815,0.9271383315733897,0.0517423442449841,0.7520089455995296,0.8337093863255624,0.7346350009654276,0.3520059224641115
S2_DROP_TOP5,4,L1_EXTENDED,B0_REFERENCE,1.0,A2_W0::2016->2017,14,0.3975373790677221,0.2374670184696569,0.0879507475813544,0.9278803869832892,0.0554089709762532,0.787325900872044,0.8369125321987885,0.707466862553321,0.432454165056658
S2_DROP_TOP5,4,L1_EXTENDED,B0_REFERENCE,1.0,A2_W0::2017->2018,15,0.3320493066255778,0.3520801232665639,0.2311248073959938,0.9453004622496148,0.0446841294298921,0.8534375612531847,0.821470209747141,0.9038493109242952,0.5095474994229552
S2_DROP_TOP5,4,L1_EXTENDED,B0_REFERENCE,1.0,A2_W0::2018->2019,16,0.4282800815771584,0.3195105370496261,0.1108089734874235,0.945615227736234,0.0475866757307953,0.8784475374001648,0.8399843730543107,0.8464977371339283,0.5164382065789419
S2_DROP_TOP5,4,L1_EXTENDED,B0_REFERENCE,1.0,A2_W0::2019->2020,17,0.4283266704740148,0.2804111936036551,0.211307824100514,0.9537407195888064,0.0416904625928041,0.8573029000200584,0.7289845920600853,0.6896314474384643,0.5276572067444796
S2_DROP_TOP5,4,L1_EXTENDED,B0_REFERENCE,1.0,A2_W0::2020->2021,18,0.2340425531914893,0.5155015197568389,0.1756838905775076,0.9531914893617022,0.0443768996960486,0.889740159703896,0.8093923227278311,0.8904038869471045,0.5793418243487408
S2_DROP_TOP5,4,L1_EXTENDED,B0_REFERENCE,1.0,A2_W0::2021->2022,19,0.1485042735042735,0.5395299145299145,0.1762820512820513,0.9561965811965812,0.0438034188034188,0.8705207314935451,0.7889469574932365,0.0,0.58741542093088
S2_DROP_TOP5,4,L1_EXTENDED,B0_REFERENCE,1.0,A2_W0::2022->2023,20,0.1598440545808966,0.6900584795321637,0.0097465886939571,0.9805068226120858,0.0194931773879142,0.940948496962056,0.8355474262391054,0.0,0.8084744702998744
S2_DROP_TOP5,4,L1_EXTENDED,B2_COMMON_NODE_EQUAL_DENSITY,1.0,A2_W0::2002->2003,0,0.5,0.5,0.0,0.7857142857142857,0.2142857142857142,0.9999999999242196,0.999999999959365,0.0,0.0
S2_DROP_TOP5,4,L1_EXTENDED,B2_COMMON_NODE_EQUAL_DENSITY,1.0,A2_W0::2003->2004,1,0.5,0.5,0.0,0.8333333333333334,0.1666666666666666,0.9999999999323208,0.9999999999637212,0.0,0.0
S2_DROP_TOP5,4,L1_EXTENDED,B2_COMMON_NODE_EQUAL_DENSITY,1.0,A2_W0::2004->2005,2,0.4,0.4,0.0,0.9333333333333332,0.0666666666666666,0.9300533987641052,0.2437350118443325,0.0,0.2376252657818685
S2_DROP_TOP5,4,L1_EXTENDED,B2_COMMON_NODE_EQUAL_DENSITY,1.0,A2_W0::2005->2006,3,0.4666666666666667,0.4666666666666667,0.0,0.6666666666666666,0.3333333333333333,0.8366600267107626,0.7745967132692068,0.0,0.999999999971301
S2_DROP_TOP5,4,L1_EXTENDED,B2_COMMON_NODE_EQUAL_DENSITY,1.0,A2_W0::2006->2007,4,0.4772727272727273,0.4772727272727273,0.0454545454545454,0.75,0.2272727272727272,0.7587869216601709,0.7745966912637428,0.9999999999024042,0.99999999983092
S2_DROP_TOP5,4,L1_EXTENDED,B2_COMMON_NODE_EQUAL_DENSITY,1.0,A2_W0::2007->2008,5,0.3977272727272727,0.3977272727272727,0.0909090909090909,0.8295454545454546,0.1590909090909091,0.90954625466747,0.8773401153988156,0.4022029586286485,0.2717185195341238
S2_DROP_TOP5,4,L1_EXTENDED,B2_COMMON_NODE_EQUAL_DENSITY,1.0,A2_W0::2008->2009,6,0.4742268041237113,0.4742268041237113,0.0103092783505154,0.865979381443299,0.1134020618556701,0.9888955053042464,0.8848660204734679,0.9999999997979973,0.3892735725625582
S2_DROP_TOP5,4,L1_EXTENDED,B2_COMMON_NODE_EQUAL_DENSITY,1.0,A2_W0::2009->2010,7,0.4456521739130434,0.4456521739130434,0.0652173913043478,0.782608695652174,0.1413043478260869,0.9542237964900844,0.9379507814380068,0.9260384321557767,0.3160224414254126
S2_DROP_TOP5,4,L1_EXTENDED,B2_COMMON_NODE_EQUAL_DENSITY,1.0,A2_W0::2010->2011,8,0.392156862745098,0.392156862745098,0.0686274509803921,0.7549019607843137,0.1666666666666666,0.8947390560815932,0.9156631937808352,0.7950506121041406,0.2081599703224374
S2_DROP_TOP5,4,L1_EXTENDED,B2_COMMON_NODE_EQUAL_DENSITY,1.0,A2_W0::2011->2012,9,0.3768115942028985,0.3768115942028985,0.072463768115942,0.7971014492753623,0.1304347826086956,0.8930105275337438,0.8570719198042468,0.8171808460452579,0.3263706226109165
S2_DROP_TOP5,4,L1_EXTENDED,B2_COMMON_NODE_EQUAL_DENSITY,1.0,A2_W0::2012->2013,10,0.4034090909090909,0.4034090909090909,0.0397727272727272,0.7784090909090909,0.1590909090909091,0.9084845767119986,0.9276776676135906,0.8435948518795751,0.2968827287330176
S2_DROP_TOP5,4,L1_EXTENDED,B2_COMMON_NODE_EQUAL_DENSITY,1.0,A2_W0::2013->2014,11,0.4166666666666667,0.4166666666666667,0.0944444444444444,0.7333333333333333,0.1833333333333333,0.925608528728282,0.9068936944922448,0.8750697733242523,0.2393332456828064
S2_DROP_TOP5,4,L1_EXTENDED,B2_COMMON_NODE_EQUAL_DENSITY,1.0,A2_W0::2014->2015,12,0.4089068825910931,0.4089068825910931,0.1052631578947368,0.7894736842105263,0.1295546558704453,0.9246961650300752,0.8950404275016678,0.8773113150413675,0.3579541673455427
S2_DROP_TOP5,4,L1_EXTENDED,B2_COMMON_NODE_EQUAL_DENSITY,1.0,A2_W0::2015->2016,13,0.3251748251748251,0.3251748251748251,0.2832167832167832,0.8146853146853147,0.1258741258741259,0.8002290014437592,0.9072578549119132,0.799931422269421,0.1927621400008719
S2_DROP_TOP5,4,L1_EXTENDED,B2_COMMON_NODE_EQUAL_DENSITY,1.0,A2_W0::2016->2017,14,0.3617647058823529,0.3617647058823529,0.0852941176470588,0.8176470588235294,0.1352941176470588,0.8644644066895923,0.8689802327511027,0.7790413771975211,0.2567255941676875
S2_DROP_TOP5,4,L1_EXTENDED,B2_COMMON_NODE_EQUAL_DENSITY,1.0,A2_W0::2017->2018,15,0.388235294117647,0.388235294117647,0.1270588235294117,0.8658823529411764,0.1058823529411764,0.8961398867294768,0.835999378166672,0.935047377748375,0.2804241335669736
S2_DROP_TOP5,4,L1_EXTENDED,B2_COMMON_NODE_EQUAL_DENSITY,1.0,A2_W0::2018->2019,16,0.4183266932270916,0.4183266932270916,0.1155378486055776,0.8745019920318725,0.1095617529880478,0.9360648221522342,0.8477276397426424,0.8863388248923445,0.3573190807114918
S2_DROP_TOP5,4,L1_EXTENDED,B2_COMMON_NODE_EQUAL_DENSITY,1.0,A2_W0::2019->2020,17,0.4420880913539967,0.4420880913539967,0.1027732463295269,0.9004893964110929,0.0913539967373572,0.9594592384556452,0.8454793831750549,0.5880392389551392,0.333778482542688
S2_DROP_TOP5,4,L1_EXTENDED,B2_COMMON_NODE_EQUAL_DENSITY,1.0,A2_W0::2020->2021,18,0.4526315789473684,0.4526315789473684,0.0631578947368421,0.888421052631579,0.1031578947368421,0.9657701030447732,0.8605618650910799,0.8904038869471045,0.2609156661188062
S2_DROP_TOP5,4,L1_EXTENDED,B2_COMMON_NODE_EQUAL_DENSITY,1.0,A2_W0::2021->2022,19,0.4361702127659574,0.4361702127659574,0.0780141843971631,0.8794326241134752,0.1205673758865248,0.9513451768439892,0.8548543986197121,0.0,0.3027963013129358
S2_DROP_TOP5,4,L1_EXTENDED,B2_COMMON_NODE_EQUAL_DENSITY,1.0,A2_W0::2022->2023,20,0.4871794871794871,0.4871794871794871,0.0085470085470085,0.9658119658119658,0.0341880341880341,0.98240799901462,0.8275827401083002,0.0,0.5159947194647586
S2_DROP_TOP5,4,L1_EXTENDED,B2_COMMON_NODE_EQUAL_DENSITY,0.75,A2_W0::2002->2003,0,0.5,0.5,0.0,0.7,0.3,0.9999999999566532,0.999999999959365,0.0,0.0
S2_DROP_TOP5,4,L1_EXTENDED,B2_COMMON_NODE_EQUAL_DENSITY,0.75,A2_W0::2003->2004,1,0.5,0.5,0.0,0.7857142857142857,0.2142857142857142,0.9999999999401976,0.9999999999637212,0.0,0.0
S2_DROP_TOP5,4,L1_EXTENDED,B2_COMMON_NODE_EQUAL_DENSITY,0.75,A2_W0::2004->2005,2,0.4545454545454545,0.4545454545454545,0.0,0.9090909090909092,0.0909090909090909,0.9514361006233087,0.9999999999491213,0.0,0.2287062229095366
S2_DROP_TOP5,4,L1_EXTENDED,B2_COMMON_NODE_EQUAL_DENSITY,0.75,A2_W0::2005->2006,3,0.4545454545454545,0.4545454545454545,0.0,0.6363636363636364,0.3636363636363636,0.9258200998089208,0.7071068415040319,0.0,0.999999999971301
S2_DROP_TOP5,4,L1_EXTENDED,B2_COMMON_NODE_EQUAL_DENSITY,0.75,A2_W0::2006->2007,4,0.5,0.5,0.0,0.7647058823529411,0.2058823529411764,0.7595545393665596,0.7559289783062508,0.99999999990241,0.0
S2_DROP_TOP5,4,L1_EXTENDED,B2_COMMON_NODE_EQUAL_DENSITY,0.75,A2_W0::2007->2008,5,0.4736842105263157,0.4736842105263157,0.0,0.8552631578947368,0.131578947368421,0.9770556187475924,0.999999999849276,0.4022029586286485,0.2308769070169895
S2_DROP_TOP5,4,L1_EXTENDED,B2_COMMON_NODE_EQUAL_DENSITY,0.75,A2_W0::2008->2009,6,0.4794520547945205,0.4794520547945205,0.0,0.821917808219178,0.1506849315068493,0.9844186349513254,0.9590951374949708,0.9999999997979973,0.2962551075918255
S2_DROP_TOP5,4,L1_EXTENDED,B2_COMMON_NODE_EQUAL_DENSITY,0.75,A2_W0::2009->2010,7,0.4722222222222222,0.4722222222222222,0.0277777777777777,0.7777777777777778,0.1527777777777778,0.9846853400123924,0.9543168707285374,0.8947435661718686,0.2822455081697337
S2_DROP_TOP5,4,L1_EXTENDED,B2_COMMON_NODE_EQUAL_DENSITY,0.75,A2_W0::2010->2011,8,0.4102564102564102,0.4102564102564102,0.0256410256410256,0.8076923076923077,0.1282051282051282,0.9201701765414316,0.8516727328969905,0.9001184469143647,0.2150513622236292
S2_DROP_TOP5,4,L1_EXTENDED,B2_COMMON_NODE_EQUAL_DENSITY,0.75,A2_W0::2011->2012,9,0.3904761904761905,0.3904761904761905,0.0666666666666666,0.7523809523809524,0.1523809523809524,0.916552814264336,0.871969460194422,0.8171808460452579,0.3735024049448516
S2_DROP_TOP5,4,L1_EXTENDED,B2_COMMON_NODE_EQUAL_DENSITY,0.75,A2_W0::2012->2013,10,0.4148148148148148,0.4148148148148148,0.0518518518518518,0.7407407407407407,0.1851851851851851,0.9210234133957872,0.9186164366879488,0.847807494151223,0.2199399419435974
S2_DROP_TOP5,4,L1_EXTENDED,B2_COMMON_NODE_EQUAL_DENSITY,0.75,A2_W0::2013->2014,11,0.4104477611940298,0.4104477611940298,0.0895522388059701,0.664179104477612,0.2313432835820895,0.904340286896137,0.9165950042006236,0.93437941176663,0.2096065237902711
S2_DROP_TOP5,4,L1_EXTENDED,B2_COMMON_NODE_EQUAL_DENSITY,0.75,A2_W0::2014->2015,12,0.4494949494949495,0.4494949494949495,0.0404040404040404,0.7575757575757576,0.1464646464646464,0.9672954074013344,0.9350002429465964,0.8703750816242153,0.3236589237208115
S2_DROP_TOP5,4,L1_EXTENDED,B2_COMMON_NODE_EQUAL_DENSITY,0.75,A2_W0::2015->2016,13,0.3949579831932773,0.3949579831932773,0.1428571428571428,0.7857142857142857,0.1428571428571428,0.9043949320847802,0.9015053644751424,0.799931422269421,0.2631838304149869
S2_DROP_TOP5,4,L1_EXTENDED,B2_COMMON_NODE_EQUAL_DENSITY,0.75,A2_W0::2016->2017,14,0.3622047244094488,0.3622047244094488,0.0944881889763779,0.7755905511811023,0.1653543307086614,0.8638737813775768,0.8802421090565885,0.792503227887896,0.2667360411526471
S2_DROP_TOP5,4,L1_EXTENDED,B2_COMMON_NODE_EQUAL_DENSITY,0.75,A2_W0::2017->2018,15,0.4054878048780488,0.4054878048780488,0.0884146341463414,0.8414634146341463,0.125,0.916687851535675,0.8269663276067682,0.9657743712578406,0.2610806817514657
S2_DROP_TOP5,4,L1_EXTENDED,B2_COMMON_NODE_EQUAL_DENSITY,0.75,A2_W0::2018->2019,16,0.4497487437185929,0.4497487437185929,0.0678391959798995,0.8567839195979899,0.1256281407035175,0.9599122865193755,0.9177131485549984,0.9422867561759234,0.3366517675520971
S2_DROP_TOP5,4,L1_EXTENDED,B2_COMMON_NODE_EQUAL_DENSITY,0.75,A2_W0::2019->2020,17,0.4531914893617021,0.4531914893617021,0.076595744680851,0.8808510638297873,0.1106382978723404,0.9704624240561064,0.8671431610604654,0.5263980775949613,0.3057482080554784
S2_DROP_TOP5,4,L1_EXTENDED,B2_COMMON_NODE_EQUAL_DENSITY,0.75,A2_W0::2020->2021,18,0.4715447154471545,0.4715447154471545,0.035230352303523,0.8699186991869918,0.1219512195121951,0.9862262652520734,0.8807893360873045,0.8507401342332312,0.248804850861372
S2_DROP_TOP5,4,L1_EXTENDED,B2_COMMON_NODE_EQUAL_DENSITY,0.75,A2_W0::2021->2022,19,0.45662100456621,0.45662100456621,0.0776255707762557,0.8767123287671232,0.1232876712328767,0.9642800207766592,0.9191283857138736,0.0,0.2653719119336954
S2_DROP_TOP5,4,L1_EXTENDED,B2_COMMON_NODE_EQUAL_DENSITY,0.75,A2_W0::2022->2023,20,0.4827586206896552,0.4827586206896552,0.0114942528735632,0.9655172413793104,0.0344827586206896,0.9943841050094482,0.7614838074986683,0.0,0.5159947194647586
S2_DROP_TOP5,4,L1_EXTENDED,B2_COMMON_NODE_EQUAL_DENSITY,0.5,A2_W0::2002->2003,0,0.5,0.5,0.0,0.6666666666666666,0.3333333333333333,0.9999999999612538,0.9999999999612056,0.0,0.0
S2_DROP_TOP5,4,L1_EXTENDED,B2_COMMON_NODE_EQUAL_DENSITY,0.5,A2_W0::2003->2004,1,0.5,0.5,0.0,0.75,0.25,0.9999999999705343,0.9999999999710212,0.0,0.0
S2_DROP_TOP5,4,L1_EXTENDED,B2_COMMON_NODE_EQUAL_DENSITY,0.5,A2_W0::2004->2005,2,0.5,0.5,0.0,1.0,0.0,0.9999999999663984,0.0,0.0,0.0
S2_DROP_TOP5,4,L1_EXTENDED,B2_COMMON_NODE_EQUAL_DENSITY,0.5,A2_W0::2005->2006,3,0.4285714285714285,0.4285714285714285,0.0,0.7142857142857143,0.2857142857142857,0.9999999999311756,0.7071068983027732,0.0,0.999999999971301
S2_DROP_TOP5,4,L1_EXTENDED,B2_COMMON_NODE_EQUAL_DENSITY,0.5,A2_W0::2006->2007,4,0.5,0.5,0.0,0.7272727272727273,0.2272727272727272,0.7905694368315329,0.7745967132458105,0.99999999990241,0.0
S2_DROP_TOP5,4,L1_EXTENDED,B2_COMMON_NODE_EQUAL_DENSITY,0.5,A2_W0::2007->2008,5,0.4901960784313725,0.4901960784313725,0.0,0.8235294117647058,0.1568627450980392,0.9999999998381778,0.9999999998703388,0.4022029586286485,0.4022029586286485
S2_DROP_TOP5,4,L1_EXTENDED,B2_COMMON_NODE_EQUAL_DENSITY,0.5,A2_W0::2008->2009,6,0.4680851063829787,0.4680851063829787,0.0,0.7872340425531915,0.1914893617021276,0.974607376852962,0.9497659542857148,0.9999999997710912,0.2962551075918255
S2_DROP_TOP5,4,L1_EXTENDED,B2_COMMON_NODE_EQUAL_DENSITY,0.5,A2_W0::2009->2010,7,0.4791666666666667,0.4791666666666667,0.0208333333333333,0.7708333333333334,0.1666666666666666,0.9880708099593202,0.9999999998999658,0.8170740983775173,0.2503352735899755
S2_DROP_TOP5,4,L1_EXTENDED,B2_COMMON_NODE_EQUAL_DENSITY,0.5,A2_W0::2010->2011,8,0.4363636363636363,0.4363636363636363,0.0,0.8181818181818182,0.1454545454545454,0.9330904531991944,0.9372673730235584,0.9999999999063122,0.1721136505654111
S2_DROP_TOP5,4,L1_EXTENDED,B2_COMMON_NODE_EQUAL_DENSITY,0.5,A2_W0::2011->2012,9,0.4342105263157895,0.4342105263157895,0.0263157894736842,0.7894736842105263,0.131578947368421,0.9402091931418745,0.9508442266624104,0.9142057890970792,0.3309502105626503
S2_DROP_TOP5,4,L1_EXTENDED,B2_COMMON_NODE_EQUAL_DENSITY,0.5,A2_W0::2012->2013,10,0.4157303370786517,0.4157303370786517,0.0337078651685393,0.7191011235955056,0.1797752808988764,0.9309654502121844,0.8694971230627838,0.8870215539104688,0.2075662099637635
S2_DROP_TOP5,4,L1_EXTENDED,B2_COMMON_NODE_EQUAL_DENSITY,0.5,A2_W0::2013->2014,11,0.4347826086956521,0.4347826086956521,0.0543478260869565,0.5978260869565217,0.2608695652173913,0.92690124433016,0.9577771130424408,0.9291397341722072,0.2024890564847529
S2_DROP_TOP5,4,L1_EXTENDED,B2_COMMON_NODE_EQUAL_DENSITY,0.5,A2_W0::2014->2015,12,0.4552238805970149,0.4552238805970149,0.0298507462686567,0.7089552238805971,0.1641791044776119,0.975835432471058,0.9378148841699964,0.8875537084469449,0.3168741672417133
S2_DROP_TOP5,4,L1_EXTENDED,B2_COMMON_NODE_EQUAL_DENSITY,0.5,A2_W0::2015->2016,13,0.4074074074074074,0.4074074074074074,0.1049382716049382,0.7283950617283951,0.1851851851851851,0.9235295550702564,0.9000103385470056,0.8249269986058223,0.2869743970845024
S2_DROP_TOP5,4,L1_EXTENDED,B2_COMMON_NODE_EQUAL_DENSITY,0.5,A2_W0::2016->2017,14,0.4065934065934066,0.4065934065934066,0.0549450549450549,0.7417582417582418,0.1813186813186813,0.9110096030008475,0.9264910380692464,0.8142461561495532,0.2203191952915505
S2_DROP_TOP5,4,L1_EXTENDED,B2_COMMON_NODE_EQUAL_DENSITY,0.5,A2_W0::2017->2018,15,0.4347826086956521,0.4347826086956521,0.0434782608695652,0.8,0.1652173913043478,0.95258409042187,0.852982390201995,0.9526227939462214,0.2498365251556972
S2_DROP_TOP5,4,L1_EXTENDED,B2_COMMON_NODE_EQUAL_DENSITY,0.5,A2_W0::2018->2019,16,0.4671532846715328,0.4671532846715328,0.0510948905109489,0.8211678832116789,0.156934306569343,0.9771609550923672,0.9379765689405164,0.9323206098105036,0.3237391816244878
S2_DROP_TOP5,4,L1_EXTENDED,B2_COMMON_NODE_EQUAL_DENSITY,0.5,A2_W0::2019->2020,17,0.465625,0.465625,0.0625,0.853125,0.134375,0.9828715193872152,0.8911738905294028,0.7255209983988483,0.3002783138557746
S2_DROP_TOP5,4,L1_EXTENDED,B2_COMMON_NODE_EQUAL_DENSITY,0.5,A2_W0::2020->2021,18,0.4820717131474104,0.4820717131474104,0.0199203187250996,0.8326693227091634,0.1553784860557769,0.9953410321159132,0.920904943056578,0.8507401342332312,0.1834651067015515
S2_DROP_TOP5,4,L1_EXTENDED,B2_COMMON_NODE_EQUAL_DENSITY,0.5,A2_W0::2021->2022,19,0.4475524475524475,0.4475524475524475,0.0979020979020979,0.8391608391608392,0.1608391608391608,0.9507130749339942,0.9435970393097513,0.0,0.2505029199112326
S2_DROP_TOP5,4,L1_EXTENDED,B2_COMMON_NODE_EQUAL_DENSITY,0.5,A2_W0::2022->2023,20,0.4915254237288136,0.4915254237288136,0.0,0.9661016949152542,0.0338983050847457,0.9917128446276312,0.9999999999372166,0.0,0.2432671025676828
S2_DROP_TOP5,4,L2_HIGH,B0_REFERENCE,1.0,A2_W0::2002->2003,0,0.8505747126436781,0.0919540229885057,0.0229885057471264,0.971264367816092,0.028735632183908,0.805077493400096,0.9526385817395092,0.0,0.8411249492469418
S2_DROP_TOP5,4,L2_HIGH,B0_REFERENCE,1.0,A2_W0::2003->2004,1,0.4785478547854785,0.4257425742574257,0.0693069306930693,0.9801980198019802,0.0198019801980198,0.7742776369564974,0.7823351534760539,0.0,0.7818083665480208
S2_DROP_TOP5,4,L2_HIGH,B0_REFERENCE,1.0,A2_W0::2004->2005,2,0.2926829268292683,0.5772357723577236,0.016260162601626,0.975609756097561,0.024390243902439,0.6147968205532528,0.5671323218964301,0.0,0.4199643636142586
S2_DROP_TOP5,4,L2_HIGH,B0_REFERENCE,1.0,A2_W0::2005->2006,3,0.4157303370786517,0.5393258426966292,0.0168539325842696,0.9606741573033708,0.0393258426966292,0.4524139845664919,0.845154259635197,0.0,0.8660254080624785
S2_DROP_TOP5,4,L2_HIGH,B0_REFERENCE,1.0,A2_W0::2006->2007,4,0.7050359712230215,0.0863309352517985,0.0719424460431654,0.9424460431654677,0.0539568345323741,0.875885595834549,0.9309493356392848,0.9999999998998316,0.5872202237869447
S2_DROP_TOP5,4,L2_HIGH,B0_REFERENCE,1.0,A2_W0::2007->2008,5,0.3981042654028436,0.4170616113744075,0.0450236966824644,0.943127962085308,0.0545023696682464,0.8517673217661016,0.7682259588615821,0.3803323087137016,0.4996229540743225
S2_DROP_TOP5,4,L2_HIGH,B0_REFERENCE,1.0,A2_W0::2008->2009,6,0.5669014084507042,0.2992957746478873,0.0158450704225352,0.9507042253521126,0.0457746478873239,0.8401123994141587,0.8607393377297338,0.7154740873355419,0.6005749366204045
S2_DROP_TOP5,4,L2_HIGH,B0_REFERENCE,1.0,A2_W0::2009->2010,7,0.2802893309222423,0.6166365280289331,0.0705244122965642,0.9403254972875226,0.0452079566003616,0.8463839384207617,0.8856110649612506,0.8458359873660902,0.6330292512925666
S2_DROP_TOP5,4,L2_HIGH,B0_REFERENCE,1.0,A2_W0::2010->2011,8,0.5851272015655578,0.2661448140900195,0.0567514677103718,0.9315068493150684,0.0508806262230919,0.8909267310428524,0.8253996746663005,0.7045017884178999,0.6070367569942113
S2_DROP_TOP5,4,L2_HIGH,B0_REFERENCE,1.0,A2_W0::2011->2012,9,0.4352409638554217,0.3117469879518072,0.0798192771084337,0.9292168674698796,0.0496987951807228,0.8554269528065913,0.8122384940271712,0.7703098448857958,0.6925256621858931
S2_DROP_TOP5,4,L2_HIGH,B0_REFERENCE,1.0,A2_W0::2012->2013,10,0.2836990595611285,0.4545454545454545,0.1567398119122257,0.9169278996865204,0.0626959247648902,0.8500730800057659,0.8400285974620106,0.7491832765486875,0.6056504817773521
S2_DROP_TOP5,4,L2_HIGH,B0_REFERENCE,1.0,A2_W0::2013->2014,11,0.491970802919708,0.3138686131386861,0.0832116788321167,0.9167883211678832,0.0598540145985401,0.8953447392518699,0.8523426259090982,0.8844758317953137,0.5534177548585596
S2_DROP_TOP5,4,L2_HIGH,B0_REFERENCE,1.0,A2_W0::2014->2015,12,0.4065656565656566,0.3194444444444444,0.1035353535353535,0.922979797979798,0.0517676767676767,0.8680175843832518,0.8650281638918633,0.8467142490154439,0.4643660967169187
S2_DROP_TOP5,4,L2_HIGH,B0_REFERENCE,1.0,A2_W0::2015->2016,13,0.4031007751937984,0.2403100775193798,0.2192691029900332,0.9235880398671096,0.0553709856035437,0.7720689262673087,0.8258273054939372,0.7206722559354554,0.3572972916066576
S2_DROP_TOP5,4,L2_HIGH,B0_REFERENCE,1.0,A2_W0::2016->2017,14,0.4136752136752136,0.2324786324786324,0.0965811965811965,0.9290598290598292,0.0555555555555555,0.7769011839911123,0.8451989812290654,0.7031566082489598,0.4461854623853221
S2_DROP_TOP5,4,L2_HIGH,B0_REFERENCE,1.0,A2_W0::2017->2018,15,0.3145038167938931,0.3725190839694656,0.2198473282442748,0.9458015267175572,0.0442748091603053,0.8487344346092863,0.8100930000479123,0.910747307439109,0.5350161906516663
S2_DROP_TOP5,4,L2_HIGH,B0_REFERENCE,1.0,A2_W0::2018->2019,16,0.4231578947368421,0.3298245614035088,0.1263157894736842,0.943157894736842,0.0498245614035087,0.894096030976629,0.8418230667095931,0.8506369025655784,0.4614548754510664
S2_DROP_TOP5,4,L2_HIGH,B0_REFERENCE,1.0,A2_W0::2019->2020,17,0.4398826979472141,0.2586510263929619,0.2158357771260997,0.9519061583577711,0.0434017595307917,0.8689308334041285,0.7309052964614681,0.6889545765413224,0.5214484191975169
S2_DROP_TOP5,4,L2_HIGH,B0_REFERENCE,1.0,A2_W0::2020->2021,18,0.2525133057362507,0.5026611472501479,0.1726788882318154,0.9544648137196924,0.0431697220579538,0.8770803899043056,0.8101167435991831,0.8904218443311482,0.5217082408919993
S2_DROP_TOP5,4,L2_HIGH,B0_REFERENCE,1.0,A2_W0::2021->2022,19,0.1365503080082135,0.5082135523613963,0.1714579055441478,0.957905544147844,0.042094455852156,0.8535816023391409,0.7889188470151975,0.0,0.6322346797127865
S2_DROP_TOP5,4,L2_HIGH,B0_REFERENCE,1.0,A2_W0::2022->2023,20,0.1431127012522361,0.776386404293381,0.0107334525939177,0.9821109123434704,0.0178890876565295,0.8986039061853289,0.8356841788362533,0.0,0.6376193602153203
S2_DROP_TOP5,4,L2_HIGH,B2_COMMON_NODE_EQUAL_DENSITY,1.0,A2_W0::2002->2003,0,0.5,0.5,0.0,0.7857142857142857,0.2142857142857142,0.9999999999237322,0.99999999995908,0.0,0.0
S2_DROP_TOP5,4,L2_HIGH,B2_COMMON_NODE_EQUAL_DENSITY,1.0,A2_W0::2003->2004,1,0.5,0.5,0.0,0.8333333333333334,0.1666666666666666,0.9999999999323244,0.999999999963252,0.0,0.0
S2_DROP_TOP5,4,L2_HIGH,B2_COMMON_NODE_EQUAL_DENSITY,1.0,A2_W0::2004->2005,2,0.4705882352941176,0.4705882352941176,0.0,0.8823529411764706,0.1176470588235294,0.9680481760136442,0.999999999915588,0.0,0.2382416158816808
S2_DROP_TOP5,4,L2_HIGH,B2_COMMON_NODE_EQUAL_DENSITY,1.0,A2_W0::2005->2006,3,0.5,0.5,0.0,0.75,0.25,0.76376267628499,0.8660255104007436,0.0,0.0
S2_DROP_TOP5,4,L2_HIGH,B2_COMMON_NODE_EQUAL_DENSITY,1.0,A2_W0::2006->2007,4,0.3947368421052631,0.3947368421052631,0.2105263157894736,0.7894736842105263,0.1842105263157894,0.7745967787999966,0.99999999976373,0.9999999998998316,0.9999999996668864
S2_DROP_TOP5,4,L2_HIGH,B2_COMMON_NODE_EQUAL_DENSITY,1.0,A2_W0::2007->2008,5,0.3977272727272727,0.3977272727272727,0.0909090909090909,0.8295454545454546,0.1590909090909091,0.9096093396731972,0.8780725170539381,0.3803323087137016,0.2726637672446487
S2_DROP_TOP5,4,L2_HIGH,B2_COMMON_NODE_EQUAL_DENSITY,1.0,A2_W0::2008->2009,6,0.4742268041237113,0.4742268041237113,0.0103092783505154,0.865979381443299,0.1134020618556701,0.9889007676225896,0.8850258186411153,0.9999999998039888,0.3902960174930458
S2_DROP_TOP5,4,L2_HIGH,B2_COMMON_NODE_EQUAL_DENSITY,1.0,A2_W0::2009->2010,7,0.4395604395604395,0.4395604395604395,0.0769230769230769,0.7802197802197802,0.1428571428571428,0.9535340136578336,0.9141338184532828,0.9260048962049056,0.3593996225609694
S2_DROP_TOP5,4,L2_HIGH,B2_COMMON_NODE_EQUAL_DENSITY,1.0,A2_W0::2010->2011,8,0.392156862745098,0.392156862745098,0.0686274509803921,0.7549019607843137,0.1666666666666666,0.8948069063068005,0.915581178576306,0.794910836525248,0.2087071573388041
S2_DROP_TOP5,4,L2_HIGH,B2_COMMON_NODE_EQUAL_DENSITY,1.0,A2_W0::2011->2012,9,0.3768115942028985,0.3768115942028985,0.0652173913043478,0.7971014492753623,0.1304347826086956,0.891862724855249,0.8561818427209252,0.8179937140594643,0.3153939034631791
S2_DROP_TOP5,4,L2_HIGH,B2_COMMON_NODE_EQUAL_DENSITY,1.0,A2_W0::2012->2013,10,0.4,0.4,0.0457142857142857,0.7885714285714286,0.1485714285714285,0.9093519562348747,0.906032410506428,0.8432154193347452,0.306104232149003
S2_DROP_TOP5,4,L2_HIGH,B2_COMMON_NODE_EQUAL_DENSITY,1.0,A2_W0::2013->2014,11,0.4134078212290503,0.4134078212290503,0.0949720670391061,0.7318435754189944,0.1843575418994413,0.920954966808363,0.9068822829436756,0.8762328440437225,0.2386680405022401
S2_DROP_TOP5,4,L2_HIGH,B2_COMMON_NODE_EQUAL_DENSITY,1.0,A2_W0::2014->2015,12,0.4112903225806452,0.4112903225806452,0.1008064516129032,0.7903225806451613,0.1290322580645161,0.92740801932899,0.8952542483444607,0.8774772618019181,0.3575000592413393
S2_DROP_TOP5,4,L2_HIGH,B2_COMMON_NODE_EQUAL_DENSITY,1.0,A2_W0::2015->2016,13,0.3228070175438596,0.3228070175438596,0.2807017543859649,0.8175438596491228,0.1228070175438596,0.7975330151752197,0.9045307276949496,0.8015461717811826,0.1929442823367995
S2_DROP_TOP5,4,L2_HIGH,B2_COMMON_NODE_EQUAL_DENSITY,1.0,A2_W0::2016->2017,14,0.3617647058823529,0.3617647058823529,0.0852941176470588,0.8176470588235294,0.1352941176470588,0.8642097759766258,0.8687591696864696,0.7770289488717255,0.2527552862101612
S2_DROP_TOP5,4,L2_HIGH,B2_COMMON_NODE_EQUAL_DENSITY,1.0,A2_W0::2017->2018,15,0.3867924528301887,0.3867924528301887,0.1297169811320754,0.8679245283018868,0.1061320754716981,0.8948698583059057,0.8359064114601854,0.9280637211113476,0.2815338071060169
S2_DROP_TOP5,4,L2_HIGH,B2_COMMON_NODE_EQUAL_DENSITY,1.0,A2_W0::2018->2019,16,0.4171656686626746,0.4171656686626746,0.1197604790419161,0.872255489021956,0.1117764471057884,0.9345072918077112,0.8509073629838156,0.885904225082025,0.3549789162140266
S2_DROP_TOP5,4,L2_HIGH,B2_COMMON_NODE_EQUAL_DENSITY,1.0,A2_W0::2019->2020,17,0.4393442622950819,0.4393442622950819,0.1098360655737704,0.9,0.0918032786885245,0.9569489063987232,0.8409934918754093,0.5882100134125443,0.3305297202881609
S2_DROP_TOP5,4,L2_HIGH,B2_COMMON_NODE_EQUAL_DENSITY,1.0,A2_W0::2020->2021,18,0.453781512605042,0.453781512605042,0.0609243697478991,0.8886554621848739,0.1029411764705882,0.96725419363888,0.8603793192021632,0.8904218443311482,0.2694441257381794
S2_DROP_TOP5,4,L2_HIGH,B2_COMMON_NODE_EQUAL_DENSITY,1.0,A2_W0::2021->2022,19,0.4381625441696113,0.4381625441696113,0.07773851590106,0.8798586572438163,0.1201413427561837,0.95543180893471,0.8377436800251997,0.0,0.300538925362765
S2_DROP_TOP5,4,L2_HIGH,B2_COMMON_NODE_EQUAL_DENSITY,1.0,A2_W0::2022->2023,20,0.4827586206896552,0.4827586206896552,0.0172413793103448,0.9655172413793104,0.0344827586206896,0.9744065939407198,0.8264342664075063,0.0,0.5177867874000129
S2_DROP_TOP5,4,L2_HIGH,B2_COMMON_NODE_EQUAL_DENSITY,0.75,A2_W0::2002->2003,0,0.5,0.5,0.0,0.7,0.3,0.9999999999565397,0.99999999995908,0.0,0.0
S2_DROP_TOP5,4,L2_HIGH,B2_COMMON_NODE_EQUAL_DENSITY,0.75,A2_W0::2003->2004,1,0.5,0.5,0.0,0.8571428571428571,0.1428571428571428,0.999999999940843,0.9999999999708236,0.0,0.0
S2_DROP_TOP5,4,L2_HIGH,B2_COMMON_NODE_EQUAL_DENSITY,0.75,A2_W0::2004->2005,2,0.4545454545454545,0.4545454545454545,0.0,1.0,0.0,0.9561646428561064,0.0,0.0,0.2382416158816808
S2_DROP_TOP5,4,L2_HIGH,B2_COMMON_NODE_EQUAL_DENSITY,0.75,A2_W0::2005->2006,3,0.5,0.5,0.0,0.75,0.25,0.8164966443186884,0.816496731740641,0.0,0.0
S2_DROP_TOP5,4,L2_HIGH,B2_COMMON_NODE_EQUAL_DENSITY,0.75,A2_W0::2006->2007,4,0.4516129032258064,0.4516129032258064,0.0967741935483871,0.8064516129032258,0.1612903225806451,0.7745967860703609,0.8944272735092658,0.9999999998998316,0.999999999728865
S2_DROP_TOP5,4,L2_HIGH,B2_COMMON_NODE_EQUAL_DENSITY,0.75,A2_W0::2007->2008,5,0.4736842105263157,0.4736842105263157,0.0,0.8552631578947368,0.131578947368421,0.9771029330528848,0.9999999998514274,0.3803323087137016,0.2247842896019777
S2_DROP_TOP5,4,L2_HIGH,B2_COMMON_NODE_EQUAL_DENSITY,0.75,A2_W0::2008->2009,6,0.4794520547945205,0.4794520547945205,0.0,0.821917808219178,0.1506849315068493,0.9844260356922138,0.958587671398916,0.9999999998039888,0.29067207863781
S2_DROP_TOP5,4,L2_HIGH,B2_COMMON_NODE_EQUAL_DENSITY,0.75,A2_W0::2009->2010,7,0.4647887323943662,0.4647887323943662,0.0422535211267605,0.7746478873239436,0.1549295774647887,0.9772713359192656,0.954486416168786,0.894694973251766,0.3323078452759981
S2_DROP_TOP5,4,L2_HIGH,B2_COMMON_NODE_EQUAL_DENSITY,0.75,A2_W0::2010->2011,8,0.4102564102564102,0.4102564102564102,0.0256410256410256,0.8076923076923077,0.1282051282051282,0.9201987271791318,0.8515228248002612,0.8997535297435018,0.2146312855096058
S2_DROP_TOP5,4,L2_HIGH,B2_COMMON_NODE_EQUAL_DENSITY,0.75,A2_W0::2011->2012,9,0.3904761904761905,0.3904761904761905,0.0666666666666666,0.7619047619047619,0.1523809523809524,0.9177128404532324,0.8711188719703937,0.7952034794495586,0.3734943822605005
S2_DROP_TOP5,4,L2_HIGH,B2_COMMON_NODE_EQUAL_DENSITY,0.75,A2_W0::2012->2013,10,0.4148148148148148,0.4148148148148148,0.0518518518518518,0.7481481481481481,0.1851851851851851,0.9218706359863524,0.9186541679544984,0.8287058510449979,0.2200108685521757
S2_DROP_TOP5,4,L2_HIGH,B2_COMMON_NODE_EQUAL_DENSITY,0.75,A2_W0::2013->2014,11,0.4148148148148148,0.4148148148148148,0.0814814814814814,0.6592592592592592,0.2296296296296296,0.9096234164744528,0.9164606085377378,0.939334294392399,0.1991338756063287
S2_DROP_TOP5,4,L2_HIGH,B2_COMMON_NODE_EQUAL_DENSITY,0.75,A2_W0::2014->2015,12,0.4494949494949495,0.4494949494949495,0.0404040404040404,0.7575757575757576,0.1464646464646464,0.9672314867217467,0.9351267768054978,0.8705511533430436,0.3232058139803293
S2_DROP_TOP5,4,L2_HIGH,B2_COMMON_NODE_EQUAL_DENSITY,0.75,A2_W0::2015->2016,13,0.3974895397489539,0.3974895397489539,0.1380753138075313,0.7866108786610879,0.1422594142259414,0.9078436582851308,0.9015697798293212,0.8015461717811826,0.2674181657729235
S2_DROP_TOP5,4,L2_HIGH,B2_COMMON_NODE_EQUAL_DENSITY,0.75,A2_W0::2016->2017,14,0.3571428571428571,0.3571428571428571,0.0992063492063492,0.7738095238095238,0.1666666666666666,0.8574886385591488,0.8799209971438995,0.7906988061854983,0.2707486730192549
S2_DROP_TOP5,4,L2_HIGH,B2_COMMON_NODE_EQUAL_DENSITY,0.75,A2_W0::2017->2018,15,0.4054878048780488,0.4054878048780488,0.0884146341463414,0.8414634146341463,0.125,0.9164259956519608,0.8268435952367238,0.965778569317688,0.2566973099368953
S2_DROP_TOP5,4,L2_HIGH,B2_COMMON_NODE_EQUAL_DENSITY,0.75,A2_W0::2018->2019,16,0.4579207920792079,0.4579207920792079,0.0544554455445544,0.8589108910891089,0.1237623762376237,0.9697897940474394,0.9111958545473792,0.942001606648759,0.3462518863050506
S2_DROP_TOP5,4,L2_HIGH,B2_COMMON_NODE_EQUAL_DENSITY,0.75,A2_W0::2019->2020,17,0.4531914893617021,0.4531914893617021,0.0787234042553191,0.8787234042553191,0.1127659574468085,0.9704556890803004,0.8700196409115736,0.527258389597973,0.3084569387524695
S2_DROP_TOP5,4,L2_HIGH,B2_COMMON_NODE_EQUAL_DENSITY,0.75,A2_W0::2020->2021,18,0.4743935309973046,0.4743935309973046,0.0323450134770889,0.8652291105121294,0.1239892183288409,0.9878083106886308,0.8942410872593155,0.8904218443311482,0.2488647897456327
S2_DROP_TOP5,4,L2_HIGH,B2_COMMON_NODE_EQUAL_DENSITY,0.75,A2_W0::2021->2022,19,0.45662100456621,0.45662100456621,0.0776255707762557,0.8767123287671232,0.1232876712328767,0.9642952923911016,0.9191009079803752,0.0,0.2657971004088847
S2_DROP_TOP5,4,L2_HIGH,B2_COMMON_NODE_EQUAL_DENSITY,0.75,A2_W0::2022->2023,20,0.4827586206896552,0.4827586206896552,0.0114942528735632,0.9770114942528736,0.0229885057471264,0.9944859349601788,0.6049687546623008,0.0,0.5154828728115122
S2_DROP_TOP5,4,L2_HIGH,B2_COMMON_NODE_EQUAL_DENSITY,0.5,A2_W0::2002->2003,0,0.5,0.5,0.0,0.6666666666666666,0.3333333333333333,0.9999999999610985,0.9999999999608264,0.0,0.0
S2_DROP_TOP5,4,L2_HIGH,B2_COMMON_NODE_EQUAL_DENSITY,0.5,A2_W0::2003->2004,1,0.5,0.5,0.0,0.75,0.25,0.9999999999705228,0.9999999999708236,0.0,0.0
S2_DROP_TOP5,4,L2_HIGH,B2_COMMON_NODE_EQUAL_DENSITY,0.5,A2_W0::2004->2005,2,0.5,0.5,0.0,1.0,0.0,0.9999999999663955,0.0,0.0,0.0
S2_DROP_TOP5,4,L2_HIGH,B2_COMMON_NODE_EQUAL_DENSITY,0.5,A2_W0::2005->2006,3,0.5,0.5,0.0,0.75,0.25,0.9128709670787152,0.7071070424618295,0.0,0.0
S2_DROP_TOP5,4,L2_HIGH,B2_COMMON_NODE_EQUAL_DENSITY,0.5,A2_W0::2006->2007,4,0.5,0.5,0.0,0.7727272727272727,0.1818181818181818,0.7669651146238885,0.8660255103743608,0.9999999998998316,0.0
S2_DROP_TOP5,4,L2_HIGH,B2_COMMON_NODE_EQUAL_DENSITY,0.5,A2_W0::2007->2008,5,0.4901960784313725,0.4901960784313725,0.0,0.8235294117647058,0.1568627450980392,0.9999999998383224,0.9999999998730764,0.3803323087137016,0.3803323087137016
S2_DROP_TOP5,4,L2_HIGH,B2_COMMON_NODE_EQUAL_DENSITY,0.5,A2_W0::2008->2009,6,0.4791666666666667,0.4791666666666667,0.0,0.7708333333333334,0.1875,0.9871027523354752,0.9491395847583112,0.9999999998039888,0.2824462688200936
S2_DROP_TOP5,4,L2_HIGH,B2_COMMON_NODE_EQUAL_DENSITY,0.5,A2_W0::2009->2010,7,0.4791666666666667,0.4791666666666667,0.0208333333333333,0.7708333333333334,0.1666666666666666,0.9880967382401864,0.9999999999007188,0.8169854091918779,0.2517901481157338
S2_DROP_TOP5,4,L2_HIGH,B2_COMMON_NODE_EQUAL_DENSITY,0.5,A2_W0::2010->2011,8,0.4363636363636363,0.4363636363636363,0.0,0.8181818181818182,0.1454545454545454,0.9331139731131944,0.9373813192608812,0.999999999908148,0.1736358331598803
S2_DROP_TOP5,4,L2_HIGH,B2_COMMON_NODE_EQUAL_DENSITY,0.5,A2_W0::2011->2012,9,0.4266666666666667,0.4266666666666667,0.0266666666666666,0.7866666666666666,0.1333333333333333,0.9318722353133534,0.950910647796605,0.9142141703705796,0.3426901374855278
S2_DROP_TOP5,4,L2_HIGH,B2_COMMON_NODE_EQUAL_DENSITY,0.5,A2_W0::2012->2013,10,0.4157303370786517,0.4157303370786517,0.0337078651685393,0.7191011235955056,0.1797752808988764,0.9310835799200374,0.8695594076845262,0.8870678110565655,0.2102070831325212
S2_DROP_TOP5,4,L2_HIGH,B2_COMMON_NODE_EQUAL_DENSITY,0.5,A2_W0::2013->2014,11,0.4347826086956521,0.4347826086956521,0.0543478260869565,0.5869565217391305,0.2717391304347826,0.9254765749864876,0.9595993896339478,0.929649799724468,0.2056251881233796
S2_DROP_TOP5,4,L2_HIGH,B2_COMMON_NODE_EQUAL_DENSITY,0.5,A2_W0::2014->2015,12,0.4511278195488721,0.4511278195488721,0.0300751879699248,0.7142857142857143,0.1654135338345864,0.9704153286099344,0.9379576643263972,0.8801266833935909,0.3051922408130517
S2_DROP_TOP5,4,L2_HIGH,B2_COMMON_NODE_EQUAL_DENSITY,0.5,A2_W0::2015->2016,13,0.4074074074074074,0.4074074074074074,0.1049382716049382,0.7283950617283951,0.1851851851851851,0.9235294828663242,0.9000189027800704,0.8252633014251981,0.2874511765785582
S2_DROP_TOP5,4,L2_HIGH,B2_COMMON_NODE_EQUAL_DENSITY,0.5,A2_W0::2016->2017,14,0.4065934065934066,0.4065934065934066,0.0549450549450549,0.7417582417582418,0.1813186813186813,0.9110482155874012,0.9266392436991752,0.8124829154602431,0.2188730037234958
S2_DROP_TOP5,4,L2_HIGH,B2_COMMON_NODE_EQUAL_DENSITY,0.5,A2_W0::2017->2018,15,0.4298245614035088,0.4298245614035088,0.0482456140350877,0.8026315789473685,0.1622807017543859,0.9472063421288918,0.8485381518419014,0.9526286459745992,0.2554538241097234
S2_DROP_TOP5,4,L2_HIGH,B2_COMMON_NODE_EQUAL_DENSITY,0.5,A2_W0::2018->2019,16,0.4710144927536231,0.4710144927536231,0.0471014492753623,0.822463768115942,0.1557971014492753,0.9789015797504228,0.9501849554607988,0.9319843694560492,0.3119040685429706
S2_DROP_TOP5,4,L2_HIGH,B2_COMMON_NODE_EQUAL_DENSITY,0.5,A2_W0::2019->2020,17,0.468944099378882,0.468944099378882,0.062111801242236,0.8540372670807453,0.1335403726708074,0.9844782667766124,0.9040711076457516,0.7260687177284542,0.2986486657653109
S2_DROP_TOP5,4,L2_HIGH,B2_COMMON_NODE_EQUAL_DENSITY,0.5,A2_W0::2020->2021,18,0.4820717131474104,0.4820717131474104,0.0199203187250996,0.8326693227091634,0.1553784860557769,0.9953532690261876,0.9209710350913004,0.8507651935876719,0.1864587392955594
S2_DROP_TOP5,4,L2_HIGH,B2_COMMON_NODE_EQUAL_DENSITY,0.5,A2_W0::2021->2022,19,0.4475524475524475,0.4475524475524475,0.0979020979020979,0.8321678321678322,0.1678321678321678,0.9503182682140252,0.9458846560117058,0.0,0.2506284498665571
S2_DROP_TOP5,4,L2_HIGH,B2_COMMON_NODE_EQUAL_DENSITY,0.5,A2_W0::2022->2023,20,0.4915254237288136,0.4915254237288136,0.0,0.9661016949152542,0.0338983050847457,0.9917660428927724,0.999999999937076,0.0,0.2553299595635397
