canonical_document_id,canonical_component_sha256,member_count,representative_raw_document_id,representative_source_dataset,representative_content_sha256,representative_text_eligibility,representative_normalized_text_tokens,representative_page_count,source_dataset_count,source_datasets_json,member_raw_document_ids_json,identity_basis,contains_cross_source_members,included_in_analytical_corpus
CANON-00a504750efeb82c,00a504750efeb82cef44ce41648bf77b16af5c6d0f182ec11a0133ac83514ed8,1,RAW-08a1fac5ed07fc1d,APTnotes,2c0a8c8a87c64cb772432053b96ffd40383f9c7806448452f3a79e4d94ac06cb,CONTENT_ELIGIBLE,1482,10,1,"[""APTnotes""]","[""RAW-08a1fac5ed07fc1d""]",SINGLETON,False,True
CANON-00aa93a449cecb5c,00aa93a449cecb5cb395e19d0a387415971bb0d6917f125518be83705ea95d22,2,RAW-e422dd5e9a7fef01,APT_CyberCriminal_Campagin_Collections,f9bb5e08bf333ee996a3a1b3cecdc3a6b483b037bcb404c4524a74a1b0bcee33,CONTENT_ELIGIBLE,9822,16,2,"[""APT_CyberCriminal_Campagin_Collections"",""APTnotes""]","[""RAW-e422dd5e9a7fef01"",""RAW-e4bc4f944e74a5b8""]",EXACT_BINARY,True,True
CANON-00cdd309be3d6cde,00cdd309be3d6cde1002ca7bed273adb963f7280d511866f101fbf3723285f03,1,RAW-ca8a94c8e8501d06,APT_CyberCriminal_Campagin_Collections,4716f43fc57ff318212be10a1bbaa7a5878ac1ddf1c78d9840c0340fbf383942,CONTENT_ELIGIBLE,3043,9,1,"[""APT_CyberCriminal_Campagin_Collections""]","[""RAW-ca8a94c8e8501d06""]",SINGLETON,False,True
CANON-00cfa556de3ad8c2,00cfa556de3ad8c29cfdbca353713abc082ab4a0ad70e0691b7863e2ca0a339a,2,RAW-8820a587080b3c1d,APT_CyberCriminal_Campagin_Collections,cef66ee8a992dd6cbb645e6709ff428c7ebcb66d2f90baed33430a8cb832a8ad,CONTENT_ELIGIBLE,20726,63,1,"[""APT_CyberCriminal_Campagin_Collections""]","[""RAW-8820a587080b3c1d"",""RAW-d691175acbfa2f31""]",P2_HIGH_CONFIDENCE,False,True
CANON-01108237bc5ca32a,01108237bc5ca32a7c465ac10f0b25a86834b5ebf01730c0428f6083ba7b51a7,1,RAW-9b5d4f2976b7f7e3,APT_CyberCriminal_Campagin_Collections,313dc85f95091d9392ba2cda5ac8741df41de2a74e8c6fea96c275434ddd46dc,CONTENT_ELIGIBLE,1985,14,1,"[""APT_CyberCriminal_Campagin_Collections""]","[""RAW-9b5d4f2976b7f7e3""]",SINGLETON,False,True
CANON-011d6ac22312f3c5,011d6ac22312f3c5f5560c052b92c905ddcb6d6de6d274a4515e35c484ee1c15,1,RAW-f5cedc2807af6c0e,APT_CyberCriminal_Campagin_Collections,f36642781e4c93205f6c7ad50b2409308cd28f4d5ad168e473aebaf33a444316,CONTENT_ELIGIBLE,1144,9,1,"[""APT_CyberCriminal_Campagin_Collections""]","[""RAW-f5cedc2807af6c0e""]",SINGLETON,False,True
CANON-0125d8ecf108d7fa,0125d8ecf108d7fa4b368f4a6c0b940c973a77e3e48696110133c48d4720f115,1,RAW-9e63229d5393f7e2,APT_CyberCriminal_Campagin_Collections,bde4b25954c8349d305ae1dd175ff8dcbc4707f0cac751d7fa2bd2b1e16a2309,CONTENT_ELIGIBLE,4230,15,1,"[""APT_CyberCriminal_Campagin_Collections""]","[""RAW-9e63229d5393f7e2""]",SINGLETON,False,True
CANON-012e21ea9bb60657,012e21ea9bb60657db40378a4ddd07d3b7f58e7d725b94c2cad04364ed37e3f2,1,RAW-382c33ed655796d2,APT_CyberCriminal_Campagin_Collections,f1b38dbd532b15cf18be8312c921c7e9d37ffe838b21c5307893e64ebd97d7a5,CONTENT_ELIGIBLE,196,29,1,"[""APT_CyberCriminal_Campagin_Collections""]","[""RAW-382c33ed655796d2""]",SINGLETON,False,False
CANON-01331c463c24c2fc,01331c463c24c2fc6755325516c3676551df45883a7727d496ccaa8cdddea469,1,RAW-bb258d927ec6dd2b,APT_CyberCriminal_Campagin_Collections,a76b1ec9d196b5c071992486d096ad475226e92b6db06c351e3a4ad4e4949248,CONTENT_ELIGIBLE,5398,26,1,"[""APT_CyberCriminal_Campagin_Collections""]","[""RAW-bb258d927ec6dd2b""]",SINGLETON,False,True
CANON-013acc903723bfa4,013acc903723bfa48acbf253605be31c93a0d374d5158feb9beac124c523373a,1,RAW-29d8342d84c47ebf,APT_CyberCriminal_Campagin_Collections,b9a3eaf86b906b1d79d0f0c5ef2e7957f7c8a1105d73e9581e57030470341ffc,CONTENT_ELIGIBLE,1319,10,1,"[""APT_CyberCriminal_Campagin_Collections""]","[""RAW-29d8342d84c47ebf""]",SINGLETON,False,True
CANON-018e393893a134a0,018e393893a134a09e0b5a2c709ea7b6c930d25f155b0ff1fb6f82e68d3f01ff,1,RAW-97dae108baa0634f,APT_CyberCriminal_Campagin_Collections,abb7d1b0254629797a2788e17e4233b5c033f87422a772a2d203c8b600b05b5d,CONTENT_ELIGIBLE,5903,24,1,"[""APT_CyberCriminal_Campagin_Collections""]","[""RAW-97dae108baa0634f""]",SINGLETON,False,True
CANON-018e851453bdd3bb,018e851453bdd3bb4ed6201cc4c408c3711ecaad6a69d0257bb598308fe48048,1,RAW-0ecce68a7366ad38,APTnotes,52e238e7997cfd144efdebf520da1f343c443c38f64adb559103846005f424bc,CONTENT_ELIGIBLE,779,9,1,"[""APTnotes""]","[""RAW-0ecce68a7366ad38""]",SINGLETON,False,False
CANON-01a7ebdbffb32705,01a7ebdbffb32705644153acda4eca9ca225d95bf4321163aa2ca85986127592,1,RAW-4745694d14d587cc,APTnotes,e713b64103f42c918f9b4cc2e16921a285c3a9614163bf80c75f72000669d572,CONTENT_ELIGIBLE,10363,48,1,"[""APTnotes""]","[""RAW-4745694d14d587cc""]",SINGLETON,False,True
CANON-01d3cf264d5c9ea2,01d3cf264d5c9ea2e79d0f69b785cab1482c8054c955510ec73aecb0692a7265,1,RAW-1d6ee552eb43bcfa,APT_CyberCriminal_Campagin_Collections,2be62b3fb38021148353bbf70b2c25177c4ddbd8c51fe9a044b4d3785ab7f3bb,CONTENT_ELIGIBLE,2174,18,1,"[""APT_CyberCriminal_Campagin_Collections""]","[""RAW-1d6ee552eb43bcfa""]",SINGLETON,False,True
CANON-01e51e8dc7624ec8,01e51e8dc7624ec860a5e300ce093d62037bac858becdb2502453c9b28f3f3df,1,RAW-718f4e57b119390e,APTnotes,777eba2da622a61500336d639b2602548b6a8e9feafee15fc19c9254c2c04c65,CONTENT_ELIGIBLE,912,5,1,"[""APTnotes""]","[""RAW-718f4e57b119390e""]",SINGLETON,False,True
CANON-02000bf4a31a30f7,02000bf4a31a30f7c40b4dade9691e4fc8804d768585b5e1e7d84fb55097e9fc,1,RAW-5779094334061637,APT_CyberCriminal_Campagin_Collections,bd06df51545eb3642f9847025c0c701da51d6662c1b60025d654aaee4079ddba,CONTENT_ELIGIBLE,118,25,1,"[""APT_CyberCriminal_Campagin_Collections""]","[""RAW-5779094334061637""]",SINGLETON,False,False
CANON-021f65cb3c07c94d,021f65cb3c07c94dc155b6d457b1acb22a12bade3abdd36657fb230b15bed1f3,1,RAW-9f0be87c5899a78b,APT_CyberCriminal_Campagin_Collections,6df3f707fa1da187d5d1db42aa52509be38cc478c5e56e39a3703f592fe7c4c5,CONTENT_ELIGIBLE,11802,37,1,"[""APT_CyberCriminal_Campagin_Collections""]","[""RAW-9f0be87c5899a78b""]",SINGLETON,False,True
CANON-02fa8225cc38d4fd,02fa8225cc38d4fd97e35c1a67fa48ebc642dbeb618f517cb9ea24f44ed9a07e,1,RAW-7a210440c813e403,APT_CyberCriminal_Campagin_Collections,8a3fcb057455a99e1825aa4fad3c35cfb07374887c7b8c679847835c9836fc1a,CONTENT_ELIGIBLE,1933,8,1,"[""APT_CyberCriminal_Campagin_Collections""]","[""RAW-7a210440c813e403""]",SINGLETON,False,True
CANON-037651290f69af0a,037651290f69af0a3efdd9fbcd1ba68a5f8fce3702b5b58018f0f0c1c425ad3d,1,RAW-d2d546200ab6c50f,APTnotes,9e684c5efa16ea27b7a27fc044c7de2431ff18663c5ad7638b0d5a1699412e0d,CONTENT_ELIGIBLE,1032,9,1,"[""APTnotes""]","[""RAW-d2d546200ab6c50f""]",SINGLETON,False,True
CANON-038f9e717e30ac83,038f9e717e30ac83f8e37736e4c216a71406ab335382bafc77eabe1cf52de576,1,RAW-e9cf4ef7f60d7f6c,APT_CyberCriminal_Campagin_Collections,c41e065f373d63a24ae9acdea03aa7043286f95a988a5ba699720a0cb37c16e2,CONTENT_ELIGIBLE,2972,20,1,"[""APT_CyberCriminal_Campagin_Collections""]","[""RAW-e9cf4ef7f60d7f6c""]",SINGLETON,False,True
CANON-03a15209fd6a0bbe,03a15209fd6a0bbe34591641077c35e24751e54ea58a6f1b9c834c12cc8788bb,1,RAW-05186d98c50ff582,APT_CyberCriminal_Campagin_Collections,6c8e915b8dccd0aa85cbc702c46c36be75676bc75d2ba5db4f64d193a90fe923,CONTENT_ELIGIBLE,1452,13,1,"[""APT_CyberCriminal_Campagin_Collections""]","[""RAW-05186d98c50ff582""]",SINGLETON,False,True
CANON-040fe10075104386,040fe1007510438607af68ec526e964c0a31591e90ed0564a58dda55da0d4768,1,RAW-05384664be17c4da,APT_CyberCriminal_Campagin_Collections,00a4a618b4a3f2f7869457733d87cb2558483c70db64b5ebfd1f4b7f891af8ed,CONTENT_ELIGIBLE,7525,21,1,"[""APT_CyberCriminal_Campagin_Collections""]","[""RAW-05384664be17c4da""]",SINGLETON,False,True
CANON-0430f534affa06aa,0430f534affa06aa915e0cf62ea2294e2d30ffb16ccca7ed7055a31134538685,1,RAW-a80e7d50b080b660,APT_CyberCriminal_Campagin_Collections,34d6c677895150a7ff6f84b1aced0c6672ec3aba2b2e9afbb39ae4e9c0ad9b96,CONTENT_ELIGIBLE,2261,12,1,"[""APT_CyberCriminal_Campagin_Collections""]","[""RAW-a80e7d50b080b660""]",SINGLETON,False,False
CANON-044d020c8dd86be9,044d020c8dd86be9d2272a6c92befee1266987b6b78959f094233805d935ef1c,2,RAW-11a502fe9ebd2a2e,APT_CyberCriminal_Campagin_Collections,220875b02807ee889747c34c181f80a70a2b08cd5bd33d7b043dcbd50db01045,CONTENT_ELIGIBLE,712,4,2,"[""APT_CyberCriminal_Campagin_Collections"",""APTnotes""]","[""RAW-11a502fe9ebd2a2e"",""RAW-28849c16f37ac956""]",EXACT_BINARY,True,True
CANON-046c34bf017baff7,046c34bf017baff7683df2ba7d5be538b6428591605a9159d03a96ba449f8e2f,1,RAW-d0c1e365d3ff9e57,APT_CyberCriminal_Campagin_Collections,c4c928b598fea3681758ee8a832621c1f890e6911b8e8a14a9700c5141b3ca6b,NO_RECONSTRUCTED_TEXT,0,20,1,"[""APT_CyberCriminal_Campagin_Collections""]","[""RAW-d0c1e365d3ff9e57""]",SINGLETON,False,False
CANON-047d4a9cc9e4feaa,047d4a9cc9e4feaa882628bb06bf1e3ff8318d8471e8b409c0ee0def84c67a00,1,RAW-72fa9268538c7c59,APT_CyberCriminal_Campagin_Collections,29d0160966b368e90d451c4e980d4b6a49f0d82576f8863c0ed9ef21f1a6265a,CONTENT_ELIGIBLE,3731,15,1,"[""APT_CyberCriminal_Campagin_Collections""]","[""RAW-72fa9268538c7c59""]",SINGLETON,False,True
CANON-04953c58b1c2c721,04953c58b1c2c721ffbb3a12339be0c0748c528036539bb5786f3e8096e193aa,1,RAW-0b7ac68d6139c85b,APT_CyberCriminal_Campagin_Collections,1558cf13032850ebeab8a86e61e3876c0fcbf627df5f4ca4dc3d32772090a134,CONTENT_ELIGIBLE,6694,33,1,"[""APT_CyberCriminal_Campagin_Collections""]","[""RAW-0b7ac68d6139c85b""]",SINGLETON,False,True
CANON-04ecf331d8a812f4,04ecf331d8a812f4efb9720fc5e23b6e5582215d79e0078676902568caf9c9c3,1,RAW-3190d0588c8c7156,APT_CyberCriminal_Campagin_Collections,4b7fd0b1363d9e79074d77eb1d647d8c8027587bf452f3accb2f9ffc5e31942b,CONTENT_ELIGIBLE,2054,15,1,"[""APT_CyberCriminal_Campagin_Collections""]","[""RAW-3190d0588c8c7156""]",SINGLETON,False,True
CANON-051c220321e4c49f,051c220321e4c49f01280137bdd4efde071b08530bed3c17a1c5baac9652ba56,1,RAW-6c2c3cfb604b5ea5,APT_CyberCriminal_Campagin_Collections,cfd1f6ae587094209c672ff5fd3c2bf3075ba165d5dcff191a3bf6b27a7eb646,CONTENT_ELIGIBLE,2240,11,1,"[""APT_CyberCriminal_Campagin_Collections""]","[""RAW-6c2c3cfb604b5ea5""]",SINGLETON,False,True
CANON-052bf6434231d402,052bf6434231d402a56f9258d292394e3aee0b61fba77be8d292579f6a749264,2,RAW-f2e5c85f6c28d598,APTnotes,1387b18b8926e695a5bad95ab3a277dad2b3735bc6e9e89585d5a1cf57501e18,CONTENT_ELIGIBLE,962,5,2,"[""APT_CyberCriminal_Campagin_Collections"",""APTnotes""]","[""RAW-f2e5c85f6c28d598"",""RAW-f50b3bb9ab0e825d""]",EXACT_BINARY,True,False
CANON-05baa5c68ddbd0df,05baa5c68ddbd0df69e1d6571dcecac1778be2e88022a3b27d21e6ad51bfceec,1,RAW-549efc3f32252286,APT_CyberCriminal_Campagin_Collections,b3c57e7101bcb10b3b4b48c56ec47a08cc1926cdbba14d8a04f6c2663e29fa72,CONTENT_ELIGIBLE,26094,86,1,"[""APT_CyberCriminal_Campagin_Collections""]","[""RAW-549efc3f32252286""]",SINGLETON,False,True
CANON-05dd68c968fb587e,05dd68c968fb587e0ece30b6925fd425a09834df5750de02e8ac98771a61ec11,1,RAW-95bf0c4f96648bf9,APT_CyberCriminal_Campagin_Collections,1e0cb84e4ba308a3bde5ce65f2a94e8441a837549e9781470261a6667d8bc8d3,CONTENT_ELIGIBLE,13071,74,1,"[""APT_CyberCriminal_Campagin_Collections""]","[""RAW-95bf0c4f96648bf9""]",SINGLETON,False,True
CANON-060b5755623aa979,060b5755623aa979be0acf881358171621658bd15ac2095b5a6af1eb0b999116,2,RAW-71d9c52d03f7521b,APT_CyberCriminal_Campagin_Collections,a980f4a9ee6e686049bbab22e6365bac2d47353d6b7ba19c24e3f0ebdcaaca7e,CONTENT_ELIGIBLE,1421,7,2,"[""APT_CyberCriminal_Campagin_Collections"",""APTnotes""]","[""RAW-71d9c52d03f7521b"",""RAW-9821b5b9e5fe4271""]",EXACT_BINARY,True,True
CANON-0614efa61e81250c,0614efa61e81250cb4eac3f8c6182d8e81ab403f4ebb193cd2ae906b98d9f37b,1,RAW-fb7a318814968e67,APT_CyberCriminal_Campagin_Collections,0abf66b2ac0d346de8f183b93b5e37a3e7d23ccd4642906e615c07ede3be19b3,CONTENT_ELIGIBLE,3283,23,1,"[""APT_CyberCriminal_Campagin_Collections""]","[""RAW-fb7a318814968e67""]",SINGLETON,False,True
CANON-061c179d06edf299,061c179d06edf299ded5357862bc1fd6e2328b2a5fb153d37e01926cf63941cd,2,RAW-65c1fe667079c2aa,APTnotes,dddc776a7f442341d13970c8c5e9d8741e19dd7889d74245779a4c41e9a0a9fa,CONTENT_ELIGIBLE,30306,53,2,"[""APT_CyberCriminal_Campagin_Collections"",""APTnotes""]","[""RAW-65c1fe667079c2aa"",""RAW-b2e90fa96011aaa7""]",EXACT_BINARY,True,True
CANON-062ce5cdae6800a7,062ce5cdae6800a79b1d79add86fc01e5c56896b0c5e7a9c9590e9b09fbe828e,1,RAW-94b78af5fad81e28,APT_CyberCriminal_Campagin_Collections,543ced06407082f1a14d0cae93b340bf9be88fde4e53ecfdb31908d9bea5173f,CONTENT_ELIGIBLE,1724,21,1,"[""APT_CyberCriminal_Campagin_Collections""]","[""RAW-94b78af5fad81e28""]",SINGLETON,False,True
CANON-06d51dbebc57f38c,06d51dbebc57f38c5f9fb3c820524ff2231bef7dab5eecb50c54fca453ade171,2,RAW-59392a84a3ce99e2,APT_CyberCriminal_Campagin_Collections,f450af35fe0977472d1501da15364c1f5d3fe753cb763c5d9fb97b3012f08974,CONTENT_ELIGIBLE,1726,11,2,"[""APT_CyberCriminal_Campagin_Collections"",""APTnotes""]","[""RAW-59392a84a3ce99e2"",""RAW-d9ff3f69a30d7883""]",EXACT_BINARY,True,False
CANON-06d7b7f304f22840,06d7b7f304f22840d833728c12d784b9adb6abcbb0789a157a530f4dc59e07b7,2,RAW-8b027bfe873379b0,APTnotes,ae135361d766ab88db09b6b9f73bf81282c7ec0a806579f231ae181ad53a9424,CONTENT_ELIGIBLE,1329,15,2,"[""APT_CyberCriminal_Campagin_Collections"",""APTnotes""]","[""RAW-8b027bfe873379b0"",""RAW-d9e3dfc90bbbcc6a""]",EXACT_BINARY,True,False
CANON-070f66875dcdb319,070f66875dcdb31939475cde88b23f0c8305c34588c983c25dfbd069a69264ce,1,RAW-612b18c9cc4191a2,APT_CyberCriminal_Campagin_Collections,6a6804171b2740edc16f50600d20411cdfd045f365288ddc78e185d663f95169,CONTENT_ELIGIBLE,7553,60,1,"[""APT_CyberCriminal_Campagin_Collections""]","[""RAW-612b18c9cc4191a2""]",SINGLETON,False,False
CANON-0720da10a605006b,0720da10a605006b08792faf2f47139cdd2bd1f7c3b22ae7152e98ecbe358927,2,RAW-d61cd68d1778b2c6,APT_CyberCriminal_Campagin_Collections,baed0fdb4c3a3557b7cd67dc630c4443f59752f9910b0599b74937fccef962ca,CONTENT_ELIGIBLE,1175,9,2,"[""APT_CyberCriminal_Campagin_Collections"",""APTnotes""]","[""RAW-d61cd68d1778b2c6"",""RAW-fbc542e43cbce1ed""]",EXACT_BINARY,True,True
CANON-072722797a4173b6,072722797a4173b6cde0c322ebfba084941f58e587f8dd8a4b9bc0c42fbd08e6,1,RAW-f79777d5ba9345c7,APT_CyberCriminal_Campagin_Collections,6367ba1f1f0085acac7c94a828e946597e4e28d0828d2b6916ac44a4153d5a0d,CONTENT_ELIGIBLE,2336,12,1,"[""APT_CyberCriminal_Campagin_Collections""]","[""RAW-f79777d5ba9345c7""]",SINGLETON,False,True
CANON-073916a0892452ff,073916a0892452ff815ec0f5de400a19bd96c337779ebe43fe0a85595d22f7e9,1,RAW-fcfff8def5d34e31,APT_CyberCriminal_Campagin_Collections,10513ef79ee38b55325b8cb398cf19640c6c1277a17acf3f42c21527246807a0,CONTENT_ELIGIBLE,8976,22,1,"[""APT_CyberCriminal_Campagin_Collections""]","[""RAW-fcfff8def5d34e31""]",SINGLETON,False,True
CANON-0739f966760745a6,0739f966760745a6951293d7aa184e235907a709d2af29046dc8f9e052094b22,2,RAW-cbb862c1d839c07d,APTnotes,34eb4acd5025951a4ccae966f8851585f45dc73f1e9c82aff66249d9d08d0384,CONTENT_ELIGIBLE,1095,5,2,"[""APT_CyberCriminal_Campagin_Collections"",""APTnotes""]","[""RAW-cbb862c1d839c07d"",""RAW-fd4726c6feab6946""]",EXACT_BINARY,True,True
CANON-0740a6fdba18d8c3,0740a6fdba18d8c3ec63de835294053d5758bfddfdd6ef99a266756c2a43f128,1,RAW-d337c308b855af85,APTnotes,7b7883160fb217ae19a73462183ad85b77b72156288d89d969f8aa42dc90b55b,CONTENT_ELIGIBLE,1597,12,1,"[""APTnotes""]","[""RAW-d337c308b855af85""]",SINGLETON,False,True
CANON-07a52f4aa3c8b6ca,07a52f4aa3c8b6cad301e0d317bcade6e113bf097bde4f6a3b93353c40c31edc,1,RAW-bbc8d651328d48ba,APTnotes,e0843b2618aa45f1cffaa761c46f0c13a46d07b1c261ac81f21a9e218509c2c6,CONTENT_ELIGIBLE,616,5,1,"[""APTnotes""]","[""RAW-bbc8d651328d48ba""]",SINGLETON,False,True
CANON-07d946945cbabe1a,07d946945cbabe1ac83b3239de52b404994cd83beb774531b4fd490803b01f8c,2,RAW-2f61ece523564bf0,APT_CyberCriminal_Campagin_Collections,32791f08bc72ec262b8b768977c008d96516a427e906edbfd2adfc3cf646b41b,CONTENT_ELIGIBLE,889,5,2,"[""APT_CyberCriminal_Campagin_Collections"",""APTnotes""]","[""RAW-2f61ece523564bf0"",""RAW-80916d614373dbbc""]",EXACT_BINARY,True,True
CANON-080f80027b63aa14,080f80027b63aa14bd631d10d6da27b3e99de6350254deca7b369aa99f0c268c,1,RAW-1c2896db55f39ed0,APTnotes,bda1e21fb0bc939be19cacb526bfb2036f12f7a5ff66614583776b7827ba36c3,CONTENT_ELIGIBLE,3185,23,1,"[""APTnotes""]","[""RAW-1c2896db55f39ed0""]",SINGLETON,False,True
CANON-087b613d297e811e,087b613d297e811e0d78faea946244923871325b66d88cc56b29c004c5cd3e88,1,RAW-f4173bd6232956bb,APT_CyberCriminal_Campagin_Collections,af8899f2ad42a89b7876c77e5d3dd7f6b638cb177b4a855d04dbdb558d7da282,CONTENT_ELIGIBLE,1988,15,1,"[""APT_CyberCriminal_Campagin_Collections""]","[""RAW-f4173bd6232956bb""]",SINGLETON,False,True
CANON-08966c52f3e2b470,08966c52f3e2b4707b1e0496fe6ed1ce9c027b4a3737092960cda37cc4f39ea8,1,RAW-8312c1850322b195,APTnotes,120d4d6ec2e2be8281c872a756ed0a324db57f18da6002f386a7f1de6a3e27a6,CONTENT_ELIGIBLE,1207,6,1,"[""APTnotes""]","[""RAW-8312c1850322b195""]",SINGLETON,False,False
CANON-089c9b32ca21d244,089c9b32ca21d244bd60da68ba142832562bd1915f5b96959da3ffa079a128b9,2,RAW-6bc3b4e00bb3a419,APTnotes,71afa58f480a030e8f48ac61a03a871bfe741cb6c45366da8507d61c3de76e4f,CONTENT_ELIGIBLE,3458,16,2,"[""APT_CyberCriminal_Campagin_Collections"",""APTnotes""]","[""RAW-6bc3b4e00bb3a419"",""RAW-b0e1996ea9ee42b6""]",EXACT_BINARY,True,True
CANON-08f9aad4ead29418,08f9aad4ead294181dac56c1dbead883998daf924122a306ad38705ca89ba0a3,1,RAW-c3803ac9ef967576,APTnotes,aa575962d31eda87f97014298db83432b744ba33b9c69fd06bb11934b3b33c52,CONTENT_ELIGIBLE,5254,20,1,"[""APTnotes""]","[""RAW-c3803ac9ef967576""]",SINGLETON,False,True
CANON-093f1993a308de2a,093f1993a308de2a1aaeb5b52087570a72ab54bff171c8d89f54d703eeca70f8,1,RAW-f8ce11e6d27997cf,APT_CyberCriminal_Campagin_Collections,268d34847ad0463a9e5f942b21f38688681566d97e3bfac6177776bf25ccfc56,CONTENT_ELIGIBLE,4351,26,1,"[""APT_CyberCriminal_Campagin_Collections""]","[""RAW-f8ce11e6d27997cf""]",SINGLETON,False,True
CANON-095171e9e210d3ac,095171e9e210d3ace732a79745392c29c5c235baa3520bba226cb0f3a45b6e67,1,RAW-6b23df785e81f1a9,APT_CyberCriminal_Campagin_Collections,09e319af48f5c0563d6ab9ea13f3686d04703bd6be3df114120f9b0fecb30f77,CONTENT_ELIGIBLE,2783,27,1,"[""APT_CyberCriminal_Campagin_Collections""]","[""RAW-6b23df785e81f1a9""]",SINGLETON,False,True
CANON-09883fa96369606c,09883fa96369606c6fb5d030b544117aa87528fd3c375aee988cf2dd64e51167,1,RAW-1a645439136a45e8,APTnotes,9610a4bd21cbddfd9bec19378f2170a65a8059f8cdd06e5f789939e8991de052,CONTENT_ELIGIBLE,1558,10,1,"[""APTnotes""]","[""RAW-1a645439136a45e8""]",SINGLETON,False,True
CANON-09bcec0ee7f57389,09bcec0ee7f5738992b6c06185ca46c4b771f6eb09a7c5b7e45c225cdb46ac72,1,RAW-74d4a05344ab3738,APT_CyberCriminal_Campagin_Collections,d1acf56ed7495dcfbb82d2dddd9e9901627989ebf2ddcb1ef7dd2ddcf08d98b1,CONTENT_ELIGIBLE,1748,13,1,"[""APT_CyberCriminal_Campagin_Collections""]","[""RAW-74d4a05344ab3738""]",SINGLETON,False,False
CANON-0a0acc5411e6e424,0a0acc5411e6e424c061af6684bbd1df1a66cda85ced965ff9238b06aee17ab7,1,RAW-0c20f3ad3bfcf416,APT_CyberCriminal_Campagin_Collections,17cb16b6105542cadc71e43232670c5c96e5e22cc957afbb231df0c2cce834d3,CONTENT_ELIGIBLE,1847,6,1,"[""APT_CyberCriminal_Campagin_Collections""]","[""RAW-0c20f3ad3bfcf416""]",SINGLETON,False,False
CANON-0a1129df1b380aeb,0a1129df1b380aeb6c2c5c7982b5bc02a1508938ba08fa65473d3b154e7f766b,1,RAW-feff36f4cebfad4e,APT_CyberCriminal_Campagin_Collections,150d25968e9a9045349ba30e55565cff3f4f82f18ad05a7b92c86d74da076cbf,CONTENT_ELIGIBLE,2468,29,1,"[""APT_CyberCriminal_Campagin_Collections""]","[""RAW-feff36f4cebfad4e""]",SINGLETON,False,True
CANON-0a46916fecfed3d1,0a46916fecfed3d159c47efb461cded7e2c3105d21da1d0fd36cef0d07e144a5,1,RAW-3074f7e0a3144e70,APT_CyberCriminal_Campagin_Collections,6b844f1b4c016b360be8f097c6dfdceae74119454e4509f116ba962062ba9b96,CONTENT_ELIGIBLE,1094,4,1,"[""APT_CyberCriminal_Campagin_Collections""]","[""RAW-3074f7e0a3144e70""]",SINGLETON,False,True
CANON-0ad55bb54afe9d78,0ad55bb54afe9d78fa76adc4825c3d3bba8ed6de41fd73a6ebe07010fee34fdc,1,RAW-7d27bc466c804ef5,APT_CyberCriminal_Campagin_Collections,ccbdd425726d9fff58004ecf752e745229ebb30a89d6aee276fedb9eec078003,CONTENT_ELIGIBLE,2531,17,1,"[""APT_CyberCriminal_Campagin_Collections""]","[""RAW-7d27bc466c804ef5""]",SINGLETON,False,True
CANON-0af250c1e6999fea,0af250c1e6999feab013c25dc8e83e260075e6eb8e0e0343bf1eb1a896f84a72,1,RAW-615eb2d65956abb9,APT_CyberCriminal_Campagin_Collections,d148dc98e2e760e8320137da0427dd65ddaa4a03f608ac6d793e5e4869ffab39,NO_RECONSTRUCTED_TEXT,0,19,1,"[""APT_CyberCriminal_Campagin_Collections""]","[""RAW-615eb2d65956abb9""]",SINGLETON,False,False
CANON-0b454a9e2c111b3e,0b454a9e2c111b3ea465c3542a9e2b857e8dd3022a23b61c4be2ebe5e61a672a,1,RAW-0a991225e76a23a4,APTnotes,cedce3c73a8e224498b063920167ae83ff4657186438f58988a97c6f7bb5dbdc,NO_RECONSTRUCTED_TEXT,0,10,1,"[""APTnotes""]","[""RAW-0a991225e76a23a4""]",SINGLETON,False,False
CANON-0b5d6139d8a0f7dc,0b5d6139d8a0f7dc17e061f9dff6f2b7a6b17450ebd6c77d775d3178135e37bc,1,RAW-42a7a86c0339b2fe,APT_CyberCriminal_Campagin_Collections,3abdc4abdf2e3e270e9f7c733b37672a96a98bbec43492cb47fd296ec04dc09a,CONTENT_ELIGIBLE,1120,9,1,"[""APT_CyberCriminal_Campagin_Collections""]","[""RAW-42a7a86c0339b2fe""]",SINGLETON,False,True
CANON-0b5f1e0e07db1cd5,0b5f1e0e07db1cd5d7d3b5c2f30e6f4a880218c46a2e5a5ff3cb58e40e95dc37,1,RAW-80d486d54d017902,APT_CyberCriminal_Campagin_Collections,a7b1352022741688f56592d161e5f8f718b86236cece127e646cce7fc050afe0,CONTENT_ELIGIBLE,1745,11,1,"[""APT_CyberCriminal_Campagin_Collections""]","[""RAW-80d486d54d017902""]",SINGLETON,False,True
CANON-0b652f0c50d9bea2,0b652f0c50d9bea2700051fbd2b9cca75ba19a581ec3a0e0be69c0a11b9739d6,2,RAW-38bd2051d48218d5,APTnotes,17ae21997c0943d7c82166a124a358fb7afdd6d4b279e82747f8d8d64b4e4740,CONTENT_ELIGIBLE,1845,14,2,"[""APT_CyberCriminal_Campagin_Collections"",""APTnotes""]","[""RAW-38bd2051d48218d5"",""RAW-9b61386c65285858""]",EXACT_BINARY,True,True
CANON-0b8e23bda20f8938,0b8e23bda20f8938d7eda898484a3f390137e73825bdd196c029dbbd500ebf6c,1,RAW-542c8b842e3d22e7,APT_CyberCriminal_Campagin_Collections,61adb9cf8caf0ef3639419d38b9e5228a71f142b8d610840c9a7c5ad45b24d70,CONTENT_ELIGIBLE,4836,35,1,"[""APT_CyberCriminal_Campagin_Collections""]","[""RAW-542c8b842e3d22e7""]",SINGLETON,False,True
CANON-0b9eeed5597456ef,0b9eeed5597456ef8c708ed7acc0a71fe2ae2ae8edd64490df4c15348ead94e9,1,RAW-3303bb2d4e7fbf6e,APT_CyberCriminal_Campagin_Collections,c9a719a053f4c6851f864b3985532a03becb00d1898636f8d34fe5e718c62b85,CONTENT_ELIGIBLE,6181,39,1,"[""APT_CyberCriminal_Campagin_Collections""]","[""RAW-3303bb2d4e7fbf6e""]",SINGLETON,False,True
CANON-0bb5ab3ce71583d9,0bb5ab3ce71583d98a64709328f19140a3f7465490d8f44b5f8827c9fd631c6e,1,RAW-9b0c7277ffb4fa0e,APT_CyberCriminal_Campagin_Collections,e4aa135d1dbfb603e1612193d4dea3ceffe9197b6875c84bb9864e229d9c00df,CONTENT_ELIGIBLE,1822,18,1,"[""APT_CyberCriminal_Campagin_Collections""]","[""RAW-9b0c7277ffb4fa0e""]",SINGLETON,False,True
CANON-0bbee46a86c7bb23,0bbee46a86c7bb230bc7cf4f2c40dbd3eec6d7f3a32619ede07e1999a61b0d42,1,RAW-cda1a63ed5846423,APT_CyberCriminal_Campagin_Collections,35af2d5d1a26aa855c3f3886cdc9a554a4811d0a2db2e0ffd6348aec0ff97d9e,CONTENT_ELIGIBLE,962,5,1,"[""APT_CyberCriminal_Campagin_Collections""]","[""RAW-cda1a63ed5846423""]",SINGLETON,False,True
CANON-0bc956b4a2a35016,0bc956b4a2a3501684bb57633dfe14fc995e456baec683ed6ae7388c4e9689d2,1,RAW-65ce0b93b78b144b,APT_CyberCriminal_Campagin_Collections,f0df4a5eab25522dc4c62454cf744d18eba2d7da8824d2192395e8a2c664f4d3,CONTENT_ELIGIBLE,942,4,1,"[""APT_CyberCriminal_Campagin_Collections""]","[""RAW-65ce0b93b78b144b""]",SINGLETON,False,False
CANON-0be8941e8b8f503b,0be8941e8b8f503b8b662c1d4e4df39e653d56566cc1ea961bcf16e2de16b867,1,RAW-27206e23de4e5b38,APTnotes,c3bb581ebff1f8ff483a634a9acdd01071ef72819da28c20e46d8a862a64c497,CONTENT_ELIGIBLE,4668,34,1,"[""APTnotes""]","[""RAW-27206e23de4e5b38""]",SINGLETON,False,True
CANON-0bf48794142aa2fb,0bf48794142aa2fba924caba788fef46a04f95ced78e7c995f2d7e9eb1c312b1,1,RAW-e85c0a9439859b1d,APT_CyberCriminal_Campagin_Collections,4c38f21edb8713a2c3efff6683d2a76dd5ad93d666cc80921f54f0e3e4a6c91e,CONTENT_ELIGIBLE,2723,26,1,"[""APT_CyberCriminal_Campagin_Collections""]","[""RAW-e85c0a9439859b1d""]",SINGLETON,False,True
CANON-0c4231f046b3efaf,0c4231f046b3efaf9b9eb9246e8c9b42270d5b5965f6ecc9f849403c6dfacb48,2,RAW-02e2821a4d069d96,APTnotes,7f0705aa779c3c75a24b09ff1e119cbe480ac88c5e6bc41d45a747bf316e3c1a,CONTENT_ELIGIBLE,9469,53,2,"[""APT_CyberCriminal_Campagin_Collections"",""APTnotes""]","[""RAW-02e2821a4d069d96"",""RAW-ccd29af8f3e3d86e""]",EXACT_BINARY,True,True
CANON-0c4291f775b24d05,0c4291f775b24d05eed957b512958d301e349cac9ed9cfd0e0ba396c99d1e264,2,RAW-305c9f8351696599,APTnotes,46e8234f9feffd654fd44a2513bf5ef4c7cc2ec5f9ad612072a6ceb7e2194193,CONTENT_ELIGIBLE,764,8,2,"[""APT_CyberCriminal_Campagin_Collections"",""APTnotes""]","[""RAW-305c9f8351696599"",""RAW-54f3c12f8aa2f436""]",EXACT_BINARY,True,True
CANON-0c7980498f4c0d16,0c7980498f4c0d161b9d1953e3ebfeb533f6902dafcddcb725fe8cfbe8c80128,1,RAW-17ec120f5cb65593,APT_CyberCriminal_Campagin_Collections,3e8f3bd164973d34eb0d44d9f873be0cbf532bdf702aa27b1e551475c11d4127,CONTENT_ELIGIBLE,1940,4,1,"[""APT_CyberCriminal_Campagin_Collections""]","[""RAW-17ec120f5cb65593""]",SINGLETON,False,False
CANON-0c8efdfef7fd45a3,0c8efdfef7fd45a34da85a587df936abf342932c6624f411970fc5fc51daebb9,2,RAW-58c5afddf12103a9,APT_CyberCriminal_Campagin_Collections,24ffe9f953394ae408765b1c5d762112ddd43b66de810f0f9df19ddbc3f463df,CONTENT_ELIGIBLE,7586,37,2,"[""APT_CyberCriminal_Campagin_Collections"",""APTnotes""]","[""RAW-58c5afddf12103a9"",""RAW-59d38ef2700d0158""]",EXACT_BINARY,True,True
CANON-0c96c71995d3d44b,0c96c71995d3d44b63f90cce07a98bbcdbe77960cdd51bcd55079742f463d948,2,RAW-2d38d9df672e5bd1,APT_CyberCriminal_Campagin_Collections,c3ebbb38731a637bc9fe5bad986df5527c0c5ffea14f12bc3251935940394f84,CONTENT_ELIGIBLE,1407,7,2,"[""APT_CyberCriminal_Campagin_Collections"",""APTnotes""]","[""RAW-2d38d9df672e5bd1"",""RAW-afac24b4ecc8f6f7""]",EXACT_BINARY,True,True
CANON-0c98d7a381a036b0,0c98d7a381a036b0f08da7144dfb0ae46ee84f579134807b140ff6aa775084ad,1,RAW-37717efbced2e2a1,APT_CyberCriminal_Campagin_Collections,267f28b105d943baf4862c192b805bf04c93363fe0e264862a0c368352485672,CONTENT_ELIGIBLE,2658,8,1,"[""APT_CyberCriminal_Campagin_Collections""]","[""RAW-37717efbced2e2a1""]",SINGLETON,False,False
CANON-0ca40cf9cee62a38,0ca40cf9cee62a38bf1ddd820ef465e046f6c30074066d043f4d70b8a3092304,2,RAW-8621e3ccfd18396d,APTnotes,281dbeffca39f98e2f615d0267b4344f451321574d6f429948ee0b9eb3dc8a6d,CONTENT_ELIGIBLE,3303,30,2,"[""APT_CyberCriminal_Campagin_Collections"",""APTnotes""]","[""RAW-8621e3ccfd18396d"",""RAW-a5bc641dbb7fb8d7""]",EXACT_BINARY,True,True
CANON-0cd369a3e20de252,0cd369a3e20de25297a9bf4cb1d708021b9e914b82cdd43bca2976731c02c7ce,1,RAW-08212ada38889b0e,APT_CyberCriminal_Campagin_Collections,2021790275f2e7c415f3bbea51a116af7c99beac11edf1dce92441b44e65e8bb,CONTENT_ELIGIBLE,3490,37,1,"[""APT_CyberCriminal_Campagin_Collections""]","[""RAW-08212ada38889b0e""]",SINGLETON,False,True
CANON-0d262fb0e1345986,0d262fb0e13459866b0c24ba154aa2e33d05ebe1e7915505d12c28bfcbeb79b0,1,RAW-4bc3513262a19f07,APT_CyberCriminal_Campagin_Collections,b1bbcd836649552e2843069f55020ca2d48d7e14a9ca639f2a2eed6fc1d5f1c0,CONTENT_ELIGIBLE,5353,14,1,"[""APT_CyberCriminal_Campagin_Collections""]","[""RAW-4bc3513262a19f07""]",SINGLETON,False,True
CANON-0d32de14105c5576,0d32de14105c5576b6f4db5b51055f38c20322b5e53366c02ab0800811c3a2d4,1,RAW-759a7a4a85620d03,APT_CyberCriminal_Campagin_Collections,6266214f268e38199ab88c0ab68ec699c2699e8c385ca30d1a81bcd6debcb154,CONTENT_ELIGIBLE,229,1,1,"[""APT_CyberCriminal_Campagin_Collections""]","[""RAW-759a7a4a85620d03""]",SINGLETON,False,False
CANON-0d494b799ef68bcd,0d494b799ef68bcde8c622bd1543199ff664a8a9c9a241264c5a1981d5d9b93d,1,RAW-22a3cccefb8b7e85,APT_CyberCriminal_Campagin_Collections,01937177b6280be58ac34a9f139db5b5479e552038389432b867319447198b1b,CONTENT_ELIGIBLE,2216,14,1,"[""APT_CyberCriminal_Campagin_Collections""]","[""RAW-22a3cccefb8b7e85""]",SINGLETON,False,True
CANON-0d4a4c14afcdcd18,0d4a4c14afcdcd184e393626eb9fe6ad5c3fc547113ed66462ac3ba8f769d7a5,1,RAW-1787c3f0a51e6a8f,APT_CyberCriminal_Campagin_Collections,073af8c4af270956fa34f4b363828e877d774a9556a9460032674a782bbd7f0d,CONTENT_ELIGIBLE,3511,19,1,"[""APT_CyberCriminal_Campagin_Collections""]","[""RAW-1787c3f0a51e6a8f""]",SINGLETON,False,True
CANON-0d5a3a44aadaaba0,0d5a3a44aadaaba04d457c3b819dc5206a656d330d73f70d55cd824912356d45,1,RAW-bb08ae716b10c276,APT_CyberCriminal_Campagin_Collections,945b431a136dfb2209942f28de02f277af7b0c9b6e8de4c5e4e23d3c88119ca5,CONTENT_ELIGIBLE,4851,29,1,"[""APT_CyberCriminal_Campagin_Collections""]","[""RAW-bb08ae716b10c276""]",SINGLETON,False,True
CANON-0da640f8ef7f3f1c,0da640f8ef7f3f1cea88143a4179719111c788aab65feb5c1a0aa5072b806d79,1,RAW-945e3233d088ec74,APTnotes,acbab5933d8e5a112b7f71a3b945f740049da2fd42b8d0851c3b8a1e2b3236ac,CONTENT_ELIGIBLE,1640,3,1,"[""APTnotes""]","[""RAW-945e3233d088ec74""]",SINGLETON,False,True
CANON-0db3a9f98b009519,0db3a9f98b0095199e9d08a939e00758f77f8b3da7c7e7dfbe67b59515222e8e,1,RAW-6c518e1dd1b8fdd0,APT_CyberCriminal_Campagin_Collections,58c833fd0a50363e00e8be5beb4d89a27cd98c952f471632d48c7fb190e517fe,CONTENT_ELIGIBLE,12309,51,1,"[""APT_CyberCriminal_Campagin_Collections""]","[""RAW-6c518e1dd1b8fdd0""]",SINGLETON,False,True
CANON-0db80a520878d406,0db80a520878d40650b0e3ce3590beed862220d990cf1af9c71b12e4f044bcfa,1,RAW-2e60d86c3746fe50,APTnotes,190241510bae38ac720d7d6061080f1b3f42973003c23f8a82fcbc24d85211a6,CONTENT_ELIGIBLE,2809,12,1,"[""APTnotes""]","[""RAW-2e60d86c3746fe50""]",SINGLETON,False,True
CANON-0dd161efd2de5271,0dd161efd2de5271a5af38dc5a55e8bcfa8a17372e1192485d07bdc4b2e837e8,1,RAW-e844dab1a4811a73,APT_CyberCriminal_Campagin_Collections,804e2834bf28f748f7d5e12ae6efd3d9c83da1de5a00d14678781769938afac1,CONTENT_ELIGIBLE,1657,13,1,"[""APT_CyberCriminal_Campagin_Collections""]","[""RAW-e844dab1a4811a73""]",SINGLETON,False,True
CANON-0def1e199adfbf0d,0def1e199adfbf0d5368c45fc53dd5f31190015a7aa93c130e4e991ac738b03f,2,RAW-963b53c4dc2b2d7c,APTnotes,5ec533e8a0b875b33b1b2e7cfbd6be4d626266758cd3a605cebb4a37a41945a6,CONTENT_ELIGIBLE,4225,16,2,"[""APT_CyberCriminal_Campagin_Collections"",""APTnotes""]","[""RAW-963b53c4dc2b2d7c"",""RAW-96e5b05eb7883a98""]",EXACT_BINARY,True,True
CANON-0df0f1357d9efe99,0df0f1357d9efe99239cd9a493c36081df6b4ba909a254326bea8711db249a41,2,RAW-5569ad515421428f,APT_CyberCriminal_Campagin_Collections,ae4f9960cb16e41a461933e94900f84adea3cb23eea4cf063537aa6eece7273f,CONTENT_ELIGIBLE,3022,25,2,"[""APT_CyberCriminal_Campagin_Collections"",""APTnotes""]","[""RAW-5569ad515421428f"",""RAW-7e1b06c8559843fc""]",EXACT_BINARY,True,True
CANON-0dfd6a04f3027e1f,0dfd6a04f3027e1fd830573c19defc89cfae9755e1adf38eb92ec6feafaa4861,2,RAW-3482648454b6efad,APT_CyberCriminal_Campagin_Collections,60e125a591ad8bad649f17df69926d368f5dc01acb2ac783f345c86b361d7b72,CONTENT_ELIGIBLE,1863,14,2,"[""APT_CyberCriminal_Campagin_Collections"",""APTnotes""]","[""RAW-3482648454b6efad"",""RAW-fbe748257beaa161""]",EXACT_BINARY,True,True
CANON-0e036d934cb7e215,0e036d934cb7e21514446bdc4f1dc2288024459d8d2389740d519c8e47731fcf,1,RAW-a50c2010641793c8,APT_CyberCriminal_Campagin_Collections,a7aaf71c7472ef0dbb2f9fcb1d12fc7e76de942904781866b55cdd216bc82c7e,CONTENT_ELIGIBLE,1942,13,1,"[""APT_CyberCriminal_Campagin_Collections""]","[""RAW-a50c2010641793c8""]",SINGLETON,False,True
CANON-0e08442ca94460e4,0e08442ca94460e4262dd8df2b0c1e1cbd2efb52c8de735256baecb06d0eb4c4,1,RAW-5c75a7ec485d60e8,APT_CyberCriminal_Campagin_Collections,8fa95790d60fdd9f0e6414eaf7f59c714379fb1347be1f95423d0d1134646d57,CONTENT_ELIGIBLE,1374,12,1,"[""APT_CyberCriminal_Campagin_Collections""]","[""RAW-5c75a7ec485d60e8""]",SINGLETON,False,True
CANON-0e33025fe9f26b54,0e33025fe9f26b5403b353ed3317ccbe429a0ecedf7e492582cfadcc7fd02f44,1,RAW-b1e19880efda4f6a,APTnotes,8234cd3c8333d0edea39a59806934d0b3017215cc1b701e2b8d7f74472590cae,CONTENT_ELIGIBLE,5451,25,1,"[""APTnotes""]","[""RAW-b1e19880efda4f6a""]",SINGLETON,False,False
CANON-0e3d3d0f10531bfb,0e3d3d0f10531bfbc604096f3b63af657405cec42b8a291e6ee9da0dac0439a6,2,RAW-0a829af9c6856db1,APTnotes,43a6e9dc309e837e0a4db1fa3920744f3fa0b9aa127f3cc1941791190ded9d4d,CONTENT_ELIGIBLE,1892,11,2,"[""APT_CyberCriminal_Campagin_Collections"",""APTnotes""]","[""RAW-0a829af9c6856db1"",""RAW-7be6a721e8866bb8""]",EXACT_BINARY,True,True
CANON-0e5357fa37d5ca7d,0e5357fa37d5ca7d39334e167c3801da7c5bb8b01d734259230087a7a626f160,1,RAW-031a9bd67013243f,APT_CyberCriminal_Campagin_Collections,ff25ab921e6e695e090cd541a77e16ccb7198648b8f22eebf55acfb98641a900,CONTENT_ELIGIBLE,10053,23,1,"[""APT_CyberCriminal_Campagin_Collections""]","[""RAW-031a9bd67013243f""]",SINGLETON,False,True
CANON-0e6c1d566e172454,0e6c1d566e172454003019133f0618b228fc119b35c577f5f9dc48c0fc0138c8,1,RAW-deea94ea7e9edea9,APT_CyberCriminal_Campagin_Collections,63a6ff2eaebda5aefa868368e1febe77be7fdf7439c17f61c94b2e7569e10114,CONTENT_ELIGIBLE,292,3,1,"[""APT_CyberCriminal_Campagin_Collections""]","[""RAW-deea94ea7e9edea9""]",SINGLETON,False,False
CANON-0eb9c6676470bfa2,0eb9c6676470bfa28b487235f867b12843c7e36fce01a07c55a6b8a2a3d834ef,1,RAW-5e30b308e9cbacab,APT_CyberCriminal_Campagin_Collections,fd8de01539c0cb68930154cd5c6637b7a4bd0ddc9529887c84279701080b37f6,CONTENT_ELIGIBLE,866,10,1,"[""APT_CyberCriminal_Campagin_Collections""]","[""RAW-5e30b308e9cbacab""]",SINGLETON,False,False
CANON-0ecea800d61f4383,0ecea800d61f4383ef82962d5a56a7812df039e35a7fa244159a4253bd534208,2,RAW-15fdb94ac0609556,APTnotes,30ce77b935f886f97e50f5ed4083de06f0610d589550bf1403c15bf39a9b6464,CONTENT_ELIGIBLE,3444,18,2,"[""APT_CyberCriminal_Campagin_Collections"",""APTnotes""]","[""RAW-15fdb94ac0609556"",""RAW-3fe56ab41bd70529""]",EXACT_BINARY,True,True
CANON-0f0eec83dac3de17,0f0eec83dac3de17044f8b4745e5e3cade4a95e9a686419859a14847ff7244cb,1,RAW-6cd1d698ce954df3,APT_CyberCriminal_Campagin_Collections,6aedf08becc6b62dccbb76d1b8610a36ab71b8e4aecf2e1d59071eae0a6ca922,CONTENT_ELIGIBLE,2544,20,1,"[""APT_CyberCriminal_Campagin_Collections""]","[""RAW-6cd1d698ce954df3""]",SINGLETON,False,True
CANON-0f16a8a3bdd2ebda,0f16a8a3bdd2ebda2c5f371acd9e0c34f27d6e759c49b862f7dcf14db07df689,2,RAW-49601d553c49aafb,APT_CyberCriminal_Campagin_Collections,827c41f735099da675a402a46e5c423cdda6b0958953432528092ccc822a66c7,CONTENT_ELIGIBLE,1874,7,2,"[""APT_CyberCriminal_Campagin_Collections"",""APTnotes""]","[""RAW-49601d553c49aafb"",""RAW-e06089cf57d3efc1""]",EXACT_BINARY,True,True
CANON-0fee22691a8c5221,0fee22691a8c52210028218f3bd81e8b5264e9041553c94054dbb841f2a17ef8,1,RAW-f2e02afdfbbab49b,APT_CyberCriminal_Campagin_Collections,7192e2a05fe39dd552b695033a7661965eb8fc2e02a67216a0432cf2dbb294b4,CONTENT_ELIGIBLE,1340,7,1,"[""APT_CyberCriminal_Campagin_Collections""]","[""RAW-f2e02afdfbbab49b""]",SINGLETON,False,False
CANON-10395a2472c4f151,10395a2472c4f151f410ebccb30dd2c56b41ddc8882c2527aa86b3fad80c839f,1,RAW-ffb1ff761a22fb6c,APT_CyberCriminal_Campagin_Collections,0ef0ace8d1150bdd0d46fa116c317d76da2542c5756ec9fefd8dde82fbbdd44d,CONTENT_ELIGIBLE,1340,9,1,"[""APT_CyberCriminal_Campagin_Collections""]","[""RAW-ffb1ff761a22fb6c""]",SINGLETON,False,True
CANON-104c0742fd28fc24,104c0742fd28fc247574d7a1e5c9ea80d0bb875e5325ddd6434509773fa5be1d,1,RAW-534d5c68c00346ee,APT_CyberCriminal_Campagin_Collections,e8cf0c5e77be9250af277660d1178c4149590e33b2a91362b0f9a06a5e7ccf79,CONTENT_ELIGIBLE,2121,11,1,"[""APT_CyberCriminal_Campagin_Collections""]","[""RAW-534d5c68c00346ee""]",SINGLETON,False,False
CANON-10f0193535227395,10f0193535227395f3d3443274d7a1b85d94eaf81bfc31f6e040c969c2e88940,1,RAW-96174735c43400b8,APTnotes,1e0a15412d2e84a595fc8da44cfa43bf935067aaa1347e5f6e168b3189f981ff,CONTENT_ELIGIBLE,2522,7,1,"[""APTnotes""]","[""RAW-96174735c43400b8""]",SINGLETON,False,True
CANON-110808eff8d2f05d,110808eff8d2f05d801e9bf2795ba71d2b467f76d80f7dfe6a3bb814d6aa17e7,1,RAW-fb8aceff33a65d2c,APT_CyberCriminal_Campagin_Collections,896e419dfd1bd18776fdab231b7c69a5bc037282c1994a524a1e10886d4076a4,CONTENT_ELIGIBLE,2603,23,1,"[""APT_CyberCriminal_Campagin_Collections""]","[""RAW-fb8aceff33a65d2c""]",SINGLETON,False,True
CANON-110d67e00f4de706,110d67e00f4de7060c0edef769ac2780ec594acb5d4d0267af2a2a56c197025a,1,RAW-85f8315596517fc2,APT_CyberCriminal_Campagin_Collections,2d32fb528a6827839e10f33e9ecb2db4c1481067884c9e8c4907d3c2d5ae6199,CONTENT_ELIGIBLE,6780,27,1,"[""APT_CyberCriminal_Campagin_Collections""]","[""RAW-85f8315596517fc2""]",SINGLETON,False,True
CANON-11706239312f8327,11706239312f832771afc90367aafc5cf281c7b384c3ac60fef0e0d96fe8931c,2,RAW-a862ec503d3d0ca2,APTnotes,30161054f45f8432bab0fcf9c106841ba27e18ca765812c57cbeaf4ac2b6d9e4,CONTENT_ELIGIBLE,16840,75,2,"[""APT_CyberCriminal_Campagin_Collections"",""APTnotes""]","[""RAW-a862ec503d3d0ca2"",""RAW-fca2146d8687e9ae""]",EXACT_BINARY,True,True
CANON-117616953ffeb06d,117616953ffeb06d1e7e03f1976b4e8d210ae97683d2002184aabe3bb6d43023,1,RAW-6cee2862a2ea0644,APTnotes,9c2c4dac963f5be64e8f0df8f4113acad7286e0ebbce8b4db85baf4faf9be6ac,CONTENT_ELIGIBLE,9289,42,1,"[""APTnotes""]","[""RAW-6cee2862a2ea0644""]",SINGLETON,False,True
CANON-11abbc785c31243a,11abbc785c31243a0beaffc19fdfc88856f5c2a9f439145885471fbac666ebe2,1,RAW-35aed7138133978b,APTnotes,24d3c0f654ce09c3a5de62b1839410344cd00a7d0b6ddcf2b6ce2a315ccae179,CONTENT_ELIGIBLE,619,3,1,"[""APTnotes""]","[""RAW-35aed7138133978b""]",SINGLETON,False,False
CANON-11b44f9d03a29faa,11b44f9d03a29faad4285af822cc153bcb062271d54111c7e4617ef54abbb88e,1,RAW-eb7f91cb1dd250ff,APT_CyberCriminal_Campagin_Collections,855dff58a0e87665a73f96dc543862aa4d3e8a18443c645e464fd9ae095866a2,CONTENT_ELIGIBLE,3110,19,1,"[""APT_CyberCriminal_Campagin_Collections""]","[""RAW-eb7f91cb1dd250ff""]",SINGLETON,False,True
CANON-11e799be3222c522,11e799be3222c522fb3fda37b49b7d3f94a28c83c3ac4438c547312360cddc17,1,RAW-e443895bf19fdb05,APT_CyberCriminal_Campagin_Collections,a06293ad3e8a009bcf2a2b6cfb50821d1998098e56e331552a6ad1a1a99c0927,NO_RECONSTRUCTED_TEXT,0,36,1,"[""APT_CyberCriminal_Campagin_Collections""]","[""RAW-e443895bf19fdb05""]",SINGLETON,False,False
CANON-12241c5da202a821,12241c5da202a82130ac6229fa7353f76e52b1890636f1896879dad675d6936a,1,RAW-f929b54026d340cb,APT_CyberCriminal_Campagin_Collections,e2be291a0b7542c92e993d4d00adf0fddc6615ba34d21572bdd844d1fcd30b50,CONTENT_ELIGIBLE,1671,19,1,"[""APT_CyberCriminal_Campagin_Collections""]","[""RAW-f929b54026d340cb""]",SINGLETON,False,True
CANON-123f6a488732705c,123f6a488732705c5bc60c22dc63969b1dca68aa745686a23769862d55dfe816,1,RAW-1a90431865ca30ee,APT_CyberCriminal_Campagin_Collections,3f91baf151ac66f339aa1355a2c73049418e100c9f2008aba9dcf44c46c548a0,CONTENT_ELIGIBLE,3699,20,1,"[""APT_CyberCriminal_Campagin_Collections""]","[""RAW-1a90431865ca30ee""]",SINGLETON,False,True
CANON-1251ba19eb41215e,1251ba19eb41215eb8d3a20e0f27893a73bb653977d6aa3cdc5dea82d76a5b27,1,RAW-d504b89f2572494e,APTnotes,e298dec865bc60b238320159b025d4e713b73255a57ab6440ec420dd0af1ee3a,CONTENT_ELIGIBLE,754,7,1,"[""APTnotes""]","[""RAW-d504b89f2572494e""]",SINGLETON,False,True
CANON-12531a076ddeba18,12531a076ddeba18335caadbd5966b0a2f0026e22d8c79212491b7ed02933a87,1,RAW-b0ab20eb9d3b2044,APTnotes,4bdf322b15c516d02bdb9d90fabb76c9ac00004bf9fc42716b6b61a31c56a5e8,CONTENT_ELIGIBLE,2546,10,1,"[""APTnotes""]","[""RAW-b0ab20eb9d3b2044""]",SINGLETON,False,True
CANON-1282711b7a2c55c3,1282711b7a2c55c3986868e3f6ac6e5f38d0aae4b8e05db10884bc009ca46146,1,RAW-49d698f04bdc616c,APT_CyberCriminal_Campagin_Collections,40daa33c1fc2f5a3e581c428e05fde4ae40b20355dca99e5907fb8b14b01dbc8,CONTENT_ELIGIBLE,1309,9,1,"[""APT_CyberCriminal_Campagin_Collections""]","[""RAW-49d698f04bdc616c""]",SINGLETON,False,True
CANON-128c8fd0b346abd1,128c8fd0b346abd1a5dae1532fcc5bcbcf3b511b0ee1a7301aa8383af9a5513f,2,RAW-995320e91e176be4,APT_CyberCriminal_Campagin_Collections,73cef474b34daba9d9595cf890c79afffe7a9a529de6bf28ead0160d7025d78c,CONTENT_ELIGIBLE,2143,15,2,"[""APT_CyberCriminal_Campagin_Collections"",""APTnotes""]","[""RAW-995320e91e176be4"",""RAW-eb00f09080c7fda0""]",EXACT_BINARY,True,True
CANON-12a7d251687b0c78,12a7d251687b0c78d12a34fb2f3bb612e981b4fefb5dccdc4071f7ce2b637086,1,RAW-e570d2c4fd6975ed,APT_CyberCriminal_Campagin_Collections,88c750323b08430d5655ed5aeb9f18aa796b2cd085d42c838ebe1fe96bbd86f6,CONTENT_ELIGIBLE,134,10,1,"[""APT_CyberCriminal_Campagin_Collections""]","[""RAW-e570d2c4fd6975ed""]",SINGLETON,False,False
CANON-12be867fe59a8233,12be867fe59a8233c921346812e47f21e2a8aba362115ba021b77322af79084e,1,RAW-87eb94d3fcf93382,APT_CyberCriminal_Campagin_Collections,0799570c63b1fa997cea3eb50f9bed3f3a8d5a8a58b867b04bdabcc19625666d,CONTENT_ELIGIBLE,303,18,1,"[""APT_CyberCriminal_Campagin_Collections""]","[""RAW-87eb94d3fcf93382""]",SINGLETON,False,False
CANON-12f28458b7c500c9,12f28458b7c500c91eeeaf0670831de23bdba6f8cab95a62afec3bb77015ca71,2,RAW-1eb5c992ce9e3909,APT_CyberCriminal_Campagin_Collections,c2766a7bd5ac67db497f49b117ef4fa2e9cb1ad4c1c6e8bdeaeb820d3bef89b0,CONTENT_ELIGIBLE,1995,11,2,"[""APT_CyberCriminal_Campagin_Collections"",""APTnotes""]","[""RAW-1eb5c992ce9e3909"",""RAW-4b4a81c596d720c2""]",EXACT_BINARY,True,True
CANON-131bd8a296a537d0,131bd8a296a537d0340a42d50720495760f76fff2b1174bfb4e8a4cc7f6f2c84,1,RAW-42a8b37df8de75ee,APT_CyberCriminal_Campagin_Collections,16e944ab3287c960b97cf3700662bedef302e6c132b1319c87da1024b1df87e1,CONTENT_ELIGIBLE,2362,10,1,"[""APT_CyberCriminal_Campagin_Collections""]","[""RAW-42a8b37df8de75ee""]",SINGLETON,False,True
CANON-13486832b28b8a8b,13486832b28b8a8b4446b021f59cba1907094a44a302fc5b33cfc23e61fcc3f2,1,RAW-bccf43cf328ff6af,APT_CyberCriminal_Campagin_Collections,d50b13a54a99ab2af4e9ae90a9ec7c1dd687222e313a57a42fb349f7b14360f5,CONTENT_ELIGIBLE,4971,44,1,"[""APT_CyberCriminal_Campagin_Collections""]","[""RAW-bccf43cf328ff6af""]",SINGLETON,False,True
CANON-13b706fa37969a26,13b706fa37969a26fec156d201d4923aae2fe9b2703188bb7913b0e69a047fd7,1,RAW-6446fab7d0d94207,APT_CyberCriminal_Campagin_Collections,cd3da5a36034b34549be7400663aa7cedf4addb2f040e28aed982cb7d5d31e04,CONTENT_ELIGIBLE,4650,19,1,"[""APT_CyberCriminal_Campagin_Collections""]","[""RAW-6446fab7d0d94207""]",SINGLETON,False,True
CANON-13bcca8a7618f80b,13bcca8a7618f80bd1f8084f46471e5a46f5b5660206a814cb76420ac9c99dc2,1,RAW-d483d5b916417df0,APT_CyberCriminal_Campagin_Collections,40e5e63bce2f34244f3304a0472f378a87a8a8acff3ccebd0f83e9961a6077b6,CONTENT_ELIGIBLE,707,4,1,"[""APT_CyberCriminal_Campagin_Collections""]","[""RAW-d483d5b916417df0""]",SINGLETON,False,True
CANON-13ce589f6e13333e,13ce589f6e13333e3862b2bdf733ed72444e4b46d4a27ab33b19e527dda39064,1,RAW-1ea1561efd8a1c95,APT_CyberCriminal_Campagin_Collections,368c8191fe335f669e7aa15d1facecb71face5daaa120b67873fb968f4aee835,CONTENT_ELIGIBLE,2314,18,1,"[""APT_CyberCriminal_Campagin_Collections""]","[""RAW-1ea1561efd8a1c95""]",SINGLETON,False,True
CANON-13e578cf695fd078,13e578cf695fd078004466032026a8087e574e294eda9401be7fbf523941a251,1,RAW-a7f7586eb262efd9,APT_CyberCriminal_Campagin_Collections,75dc0b31712fe789252cf2ca6f05a0c983345b430f008b6ed853c8f35fad75e7,CONTENT_ELIGIBLE,3753,18,1,"[""APT_CyberCriminal_Campagin_Collections""]","[""RAW-a7f7586eb262efd9""]",SINGLETON,False,True
CANON-13f14af189675c88,13f14af189675c881e2d598f08bda72bdc050fea330175bf9268e1220d937966,1,RAW-75a6957d87e4ad20,APT_CyberCriminal_Campagin_Collections,0388cdf8ee7cdbd57f228e28fe9e92d828c6e103106317ec92ec7d69f86fb288,CONTENT_ELIGIBLE,2296,15,1,"[""APT_CyberCriminal_Campagin_Collections""]","[""RAW-75a6957d87e4ad20""]",SINGLETON,False,False
CANON-14172b08add3a36c,14172b08add3a36c67c45b4d51147f7a37795f9423509d86e81cd490029b8644,1,RAW-bc40410206c1a804,APT_CyberCriminal_Campagin_Collections,0a8129f4abd8aff7abd544fcdac9d22895f43f0c907fd26b38ee6d2e23000bb0,CONTENT_ELIGIBLE,9237,36,1,"[""APT_CyberCriminal_Campagin_Collections""]","[""RAW-bc40410206c1a804""]",SINGLETON,False,True
CANON-141744b4951c729a,141744b4951c729adc5dd197defcdc17baabdc383f55a18ca80c3ec9753e06ef,1,RAW-698ba214d4fd58bb,APT_CyberCriminal_Campagin_Collections,1e1ada279f159234b44d402576f01f0aec569a86f18f320124168c670b1e7658,CONTENT_ELIGIBLE,3319,16,1,"[""APT_CyberCriminal_Campagin_Collections""]","[""RAW-698ba214d4fd58bb""]",SINGLETON,False,True
CANON-1429704d17cf27f3,1429704d17cf27f3464183e63394e65c7d7f9c4e8565b4a5a0f8f0ccc2cd6975,1,RAW-af6aec56672fdb9a,APT_CyberCriminal_Campagin_Collections,9df76cf2def0f6e6b40641845ae56f95fbc4ffe827647b85ba20610370a52e8e,CONTENT_ELIGIBLE,746,8,1,"[""APT_CyberCriminal_Campagin_Collections""]","[""RAW-af6aec56672fdb9a""]",SINGLETON,False,False
CANON-143a29a6298b95fd,143a29a6298b95fd59331337dfdad24c167bf57b279c66221d0464a849d36cb5,1,RAW-a53a676e073200e4,APT_CyberCriminal_Campagin_Collections,9f070a7308a43a5e2ee6260c0b0ccb785305f96736b7ad8d0b71064e6008ccb4,CONTENT_ELIGIBLE,3104,9,1,"[""APT_CyberCriminal_Campagin_Collections""]","[""RAW-a53a676e073200e4""]",SINGLETON,False,True
CANON-145a83f7a5e21e33,145a83f7a5e21e3325a40469288d4594af5020ecd5843105732c1048245b646b,1,RAW-e8c333dfc518b001,APT_CyberCriminal_Campagin_Collections,39fbf739e4d76026d3cf58aa9ab859c1da6f7894bc8ac951f629d263a3e9fab3,CONTENT_ELIGIBLE,1580,8,1,"[""APT_CyberCriminal_Campagin_Collections""]","[""RAW-e8c333dfc518b001""]",SINGLETON,False,True
CANON-1470eac5249c96b1,1470eac5249c96b1c0684bbff8540a82995c9c1fe3ffc644fe3ac37d2e2f5229,1,RAW-f52d14b7010ca7a7,APT_CyberCriminal_Campagin_Collections,b1fd49633c7d9780728b21c784bb1b462c5f389861972abf93d1eb8aa63ab438,CONTENT_ELIGIBLE,830,3,1,"[""APT_CyberCriminal_Campagin_Collections""]","[""RAW-f52d14b7010ca7a7""]",SINGLETON,False,True
CANON-154b886504753932,154b8865047539326f38524e2d0cac80b346f7e8a0e23b4b77b300fad22c2237,1,RAW-6a933140bd8b0f4c,APT_CyberCriminal_Campagin_Collections,b91adfc7b72ab1239b0804c357dfa99e800ed8f8e5c07b7fb10c772788ccf82e,CONTENT_ELIGIBLE,8160,8,1,"[""APT_CyberCriminal_Campagin_Collections""]","[""RAW-6a933140bd8b0f4c""]",SINGLETON,False,True
CANON-159ab0a91a6e2aeb,159ab0a91a6e2aeb553cbc428bb65b63ac166e54f4dec25a216b5957409c5c76,2,RAW-0ba594d5eedcbf04,APT_CyberCriminal_Campagin_Collections,8fa43cb2ca3e6ff1177b89783ae61859c6adefeb58ef9b16be452c5bb46e2ebc,CONTENT_ELIGIBLE,7036,38,2,"[""APT_CyberCriminal_Campagin_Collections"",""APTnotes""]","[""RAW-0ba594d5eedcbf04"",""RAW-eb9d8bce678ea84a""]",EXACT_BINARY,True,True
CANON-15a8af81a3100721,15a8af81a3100721c9d8619259398f742581875bfebf3b25b60b67b50c36d5b2,1,RAW-61cfc737b82c2575,APT_CyberCriminal_Campagin_Collections,dcb3dac1ad327fc6aa9ddf59540b2eacc41cddbdbbe68a39eefb7497521b742a,CONTENT_ELIGIBLE,1026,4,1,"[""APT_CyberCriminal_Campagin_Collections""]","[""RAW-61cfc737b82c2575""]",SINGLETON,False,True
CANON-15afe5dce76f442a,15afe5dce76f442a3cf2b95dc40e1078c9c18a5ec67a18a5b8f27f07075b93d6,1,RAW-a4216c491863a05c,APT_CyberCriminal_Campagin_Collections,7b67f70bdbef6d70891cd94bea7aba6728d80349afff720e6d063e68682b80e4,CONTENT_ELIGIBLE,1438,11,1,"[""APT_CyberCriminal_Campagin_Collections""]","[""RAW-a4216c491863a05c""]",SINGLETON,False,True
CANON-15b0f9e95ef8567e,15b0f9e95ef8567ecd2a147b8d86bc823fb2c50577fb3ffcf3b99c71a551e01e,1,RAW-a5a48120b88a09cd,APT_CyberCriminal_Campagin_Collections,673c8682e8fec56e8ba71a8c93e1a6dc5ac1645dda7abc005aeede2a6433c3b3,CONTENT_ELIGIBLE,2748,6,1,"[""APT_CyberCriminal_Campagin_Collections""]","[""RAW-a5a48120b88a09cd""]",SINGLETON,False,True
CANON-15b59444b6f3353f,15b59444b6f3353fcf41daee40c223bdb9d9c2dcc854da4ea2def8568f52dfa9,2,RAW-37e804c90b0e78b3,APTnotes,f50416b1848f8a6de887fcf0b6f063c94b0b19bfacc7177fc1a7b7f0e2cac2be,CONTENT_ELIGIBLE,9166,22,2,"[""APT_CyberCriminal_Campagin_Collections"",""APTnotes""]","[""RAW-37e804c90b0e78b3"",""RAW-46a4ab02799f8f16""]",EXACT_BINARY,True,True
CANON-15e14132f264aff7,15e14132f264aff71dc6c17b767b73bf36febe97d01b93d8e6bff6659d7cc125,1,RAW-25793a3f639b7914,APT_CyberCriminal_Campagin_Collections,3285f7a8dd523cdc884572746b2834b09e0c30c963232a138b3ef8c5aa7d9a6b,CONTENT_ELIGIBLE,1986,32,1,"[""APT_CyberCriminal_Campagin_Collections""]","[""RAW-25793a3f639b7914""]",SINGLETON,False,True
CANON-161930fb72207961,161930fb7220796101f302bb6e07fc6d9eb261d7d67e4b92c4557415a25be5ce,2,RAW-35d9fd132464f9cd,APTnotes,e5233b8c8b34a5e47470dff993fdab253329ebf8fb2596503d92353df237f828,CONTENT_ELIGIBLE,9812,44,2,"[""APT_CyberCriminal_Campagin_Collections"",""APTnotes""]","[""RAW-35d9fd132464f9cd"",""RAW-9c9339115f28dae9""]",EXACT_BINARY,True,True
CANON-1633c8c3250299b5,1633c8c3250299b59f873663b108a99789dbf1a8adaf62a22eb66b95eb2cc12f,1,RAW-9df27be8100d5bae,APT_CyberCriminal_Campagin_Collections,dc33df72d311a13d4470fb61ede5a9905a733d73509893092069c8e67067a1b3,CONTENT_ELIGIBLE,862,7,1,"[""APT_CyberCriminal_Campagin_Collections""]","[""RAW-9df27be8100d5bae""]",SINGLETON,False,False
CANON-166bf74a68fb80b5,166bf74a68fb80b5a7e82be9d5e7d2b5471ca29ced5a4944361132e260b75c39,2,RAW-251746645f6ebf57,APTnotes,4f00023e0ceeba79f714850efb7ce1265ed1a4ac0583004cf00048bf6d133f26,CONTENT_ELIGIBLE,3303,10,2,"[""APT_CyberCriminal_Campagin_Collections"",""APTnotes""]","[""RAW-251746645f6ebf57"",""RAW-822a903e500e2a84""]",EXACT_BINARY,True,True
CANON-167cbe0c6ff19640,167cbe0c6ff19640b3008347c46553da5bb78506f41d0277c866becde78109ad,1,RAW-77d1689c7f749431,APT_CyberCriminal_Campagin_Collections,d2baf78996500474d89083b6341a8b03056cec713cf440dc2a762f7a67bdcb5d,CONTENT_ELIGIBLE,4059,20,1,"[""APT_CyberCriminal_Campagin_Collections""]","[""RAW-77d1689c7f749431""]",SINGLETON,False,True
CANON-168b1e5aeb59d137,168b1e5aeb59d137501be9820a0c1014b2570572a182af24939fc1b237510acc,1,RAW-6a8b6e1a3d1279eb,APTnotes,0839195df3417e3010492ddfa8560da1e43b74be078a06ee45a8c6ffb21efc2a,CONTENT_ELIGIBLE,2109,19,1,"[""APTnotes""]","[""RAW-6a8b6e1a3d1279eb""]",SINGLETON,False,True
CANON-170bc0b0ab14f69d,170bc0b0ab14f69dcec8b80cd7ff36b1ddfb216027749e2bdb0156b7ec850e97,2,RAW-4c1a635e8db3017b,APT_CyberCriminal_Campagin_Collections,5c9720ac99fce4268fe18eb7e55d8916f398e3cd4f07b3dbf229e99a4d3af3a2,CONTENT_ELIGIBLE,4641,37,2,"[""APT_CyberCriminal_Campagin_Collections"",""APTnotes""]","[""RAW-4c1a635e8db3017b"",""RAW-86dbf01ca1796c45""]",EXACT_BINARY,True,True
CANON-17242acd695afacc,17242acd695afaccd54a0ab718e79691e76f4019e6b81b1078feb77ffc6cfbcb,1,RAW-9bd4da400c5099ad,APTnotes,e4ed31ff25ec7ddbb5128cec29067c78d0a6f110cbf5b4a8779cbb280370f387,CONTENT_ELIGIBLE,716,3,1,"[""APTnotes""]","[""RAW-9bd4da400c5099ad""]",SINGLETON,False,True
CANON-1745504c8107c87f,1745504c8107c87f40e906a62f565d9f057208d480d26730a542f5791773fd1e,1,RAW-ee111d3855ce1239,APT_CyberCriminal_Campagin_Collections,e014bb5c6f614aec842f340e1990ea181005162729652a8c19fe3ab8fc3d82c3,CONTENT_ELIGIBLE,885,7,1,"[""APT_CyberCriminal_Campagin_Collections""]","[""RAW-ee111d3855ce1239""]",SINGLETON,False,True
CANON-175bc6c323bce668,175bc6c323bce668811e2613b2e8063060170d511a8820eeb74ad29238caf087,1,RAW-a0239374ec3062c6,APT_CyberCriminal_Campagin_Collections,e35ef47cc4b99b47f42060ec1aa743e1650949439b700be36c4a892a4e964293,CONTENT_ELIGIBLE,1594,9,1,"[""APT_CyberCriminal_Campagin_Collections""]","[""RAW-a0239374ec3062c6""]",SINGLETON,False,True
CANON-176e3c8fe87bc7d4,176e3c8fe87bc7d470f94bfe60de1354fb469c956648af3d44bed41454190f3a,2,RAW-3f6d20f49dbef1e1,APTnotes,84bb26f40ebabe75ffb166a2d76b2df4fde928eb44652a1ab2c5d81dd27ded03,CONTENT_ELIGIBLE,3104,13,2,"[""APT_CyberCriminal_Campagin_Collections"",""APTnotes""]","[""RAW-3f6d20f49dbef1e1"",""RAW-bdf583d482d9f33a""]",EXACT_BINARY,True,True
CANON-1779a9d91cf51b29,1779a9d91cf51b29e14474218bab25700b9fe6a1816d544066848c92090d477b,1,RAW-7a50c37c053f5667,APT_CyberCriminal_Campagin_Collections,7cd0e72eba42ede17453895809f6177f7ee38a2ca297e2f01aff2c4ad80bd214,CONTENT_ELIGIBLE,2738,4,1,"[""APT_CyberCriminal_Campagin_Collections""]","[""RAW-7a50c37c053f5667""]",SINGLETON,False,True
CANON-1797fa84f331da39,1797fa84f331da39f0a9ee167061ebda7ed59310c9c5464f218f943b146f55f0,2,RAW-439513fa9c4d6699,APT_CyberCriminal_Campagin_Collections,f90597bf5f78a9c41f0886f3133faf664f3003a72eb731fee66a1e0e6a0f47e0,CONTENT_ELIGIBLE,14595,95,2,"[""APT_CyberCriminal_Campagin_Collections"",""APTnotes""]","[""RAW-439513fa9c4d6699"",""RAW-9c578273f6bca9cd""]",EXACT_BINARY,True,True
CANON-179f8e34bbc53ad9,179f8e34bbc53ad91768c356d7a7668008bab1912d579127e738edfd5439a2d2,1,RAW-6bb4ace3a5b426d4,APT_CyberCriminal_Campagin_Collections,4f936fde7a7628dd3b8cd4fd9fec4e9f8412a9b338f4b25969e089c187067e89,CONTENT_ELIGIBLE,1405,10,1,"[""APT_CyberCriminal_Campagin_Collections""]","[""RAW-6bb4ace3a5b426d4""]",SINGLETON,False,True
CANON-1810022ddb65e9a3,1810022ddb65e9a359aac4eeeedba5f5c42aa0a480531e61500ec18f68674264,1,RAW-46cfcd00c1d9886e,APTnotes,5b47be0a316686f08c474395ba3672b4429e1d12fd2182190263f353b4c93d70,CONTENT_ELIGIBLE,9161,35,1,"[""APTnotes""]","[""RAW-46cfcd00c1d9886e""]",SINGLETON,False,True
CANON-18334d87dafcb23b,18334d87dafcb23b042d975f63da689375c5313d17b736616e55379826831a65,1,RAW-405455d6b41657a0,APT_CyberCriminal_Campagin_Collections,b1706ad14b1b735a9bf5ccfefe3ee27f9e7ea4ccbd6b77a3faf466644efdbcaa,CONTENT_ELIGIBLE,2215,15,1,"[""APT_CyberCriminal_Campagin_Collections""]","[""RAW-405455d6b41657a0""]",SINGLETON,False,True
CANON-18390537b48eac09,18390537b48eac09e13ad8942041a6d0eec972c71b626803890b5f95bead4b5e,1,RAW-8901a0779a46f9db,APT_CyberCriminal_Campagin_Collections,b6b033fbce290365e679b1058e82ee56e2c56449f41f5945f01e64f5af7af59c,CONTENT_ELIGIBLE,623,2,1,"[""APT_CyberCriminal_Campagin_Collections""]","[""RAW-8901a0779a46f9db""]",SINGLETON,False,True
CANON-18705622c7c5a0c3,18705622c7c5a0c302baf59ae27579c5ba1db209c87758af4bd22e67e7a2d930,1,RAW-aad165d4ee4018c0,APT_CyberCriminal_Campagin_Collections,aaa31d7359ff98c857fe3265e5271c37c52a19b6550a434d9ba2ee40de453f56,CONTENT_ELIGIBLE,4567,21,1,"[""APT_CyberCriminal_Campagin_Collections""]","[""RAW-aad165d4ee4018c0""]",SINGLETON,False,False
CANON-188633567f4e01e1,188633567f4e01e12fb7bd638ed7512b11aba1eb4287c56e698e234f950500c3,1,RAW-0908d7bf04264eaa,APT_CyberCriminal_Campagin_Collections,8527dd5c3e2e1d0f1cfad4705408c56ffb5dbc407032c0db0b34c7fe4d88b5f7,CONTENT_ELIGIBLE,2724,7,1,"[""APT_CyberCriminal_Campagin_Collections""]","[""RAW-0908d7bf04264eaa""]",SINGLETON,False,True
CANON-18b6a9bf786b88fe,18b6a9bf786b88fe362ca3c8deadc85ff1535876f57bbe59360478a643a7126a,1,RAW-7b3e97d5878605e9,APT_CyberCriminal_Campagin_Collections,a5ebc7260dde07883cba3ec89d499be70712ceb948162cb92c14cf0fccb7a3d6,CONTENT_ELIGIBLE,3900,26,1,"[""APT_CyberCriminal_Campagin_Collections""]","[""RAW-7b3e97d5878605e9""]",SINGLETON,False,True
CANON-18eec00648fee919,18eec00648fee919476a47a651124e5fb6f2564b2eacd47d7a37d169bcd58873,2,RAW-338e3df64965eb8c,APTnotes,4f075ce55ae9eec469a4ce951cfe3396fc57604280663066d2eff1d272390ba9,CONTENT_ELIGIBLE,13510,116,2,"[""APT_CyberCriminal_Campagin_Collections"",""APTnotes""]","[""RAW-338e3df64965eb8c"",""RAW-5c154047a85f8856""]",EXACT_BINARY,True,True
CANON-18f2a82c46695a61,18f2a82c46695a616949062964e5b58228659f0f3aeabeace760cedc55c4fa42,1,RAW-6deee6b3eb5199b0,APT_CyberCriminal_Campagin_Collections,e4b524155f3c0a0fefed2f671adabda9611f776da66e66d4b94abdf6a47a486b,CONTENT_ELIGIBLE,2444,12,1,"[""APT_CyberCriminal_Campagin_Collections""]","[""RAW-6deee6b3eb5199b0""]",SINGLETON,False,True
CANON-191a86fa70090c93,191a86fa70090c93015c99d4eed21b535f6c6f330967cbb3edad104a5bccfa92,1,RAW-b29929783ef4bbcc,APT_CyberCriminal_Campagin_Collections,efb7a8a186e82d28f4aae0fe3323211cbab909f44220ba5c60d2657c81a5e8a1,CONTENT_ELIGIBLE,1144,10,1,"[""APT_CyberCriminal_Campagin_Collections""]","[""RAW-b29929783ef4bbcc""]",SINGLETON,False,True
CANON-19473a747d0d0d28,19473a747d0d0d28e221e1b744e2adde0f1a320ba6a7531b0554b89b357573e7,1,RAW-cf677cdd9a0f58c7,APT_CyberCriminal_Campagin_Collections,4bd0fccb63b8ab33094f76d2e74bbb9b57807435df3d725a0f1bc2125ecc62f3,CONTENT_ELIGIBLE,2850,8,1,"[""APT_CyberCriminal_Campagin_Collections""]","[""RAW-cf677cdd9a0f58c7""]",SINGLETON,False,True
CANON-197821c07d42ad74,197821c07d42ad74093081f847c0b411262a692478eeeb5d7965833a42516351,1,RAW-229a75ba81cc196b,APTnotes,0aeee087e6a7d02aad021e609c03470ec8379859a607d9686537b7b408754e27,CONTENT_ELIGIBLE,983,15,1,"[""APTnotes""]","[""RAW-229a75ba81cc196b""]",SINGLETON,False,True
CANON-1990eebb8964b8f3,1990eebb8964b8f3b26b5e757b5534350c0204667a49875c3374477af0e53c7c,2,RAW-b7e492abbc542a05,APTnotes,6074f9b93856300fb594ec7753463d6baf4b91a48cf8e51125943fa435baa8d1,CONTENT_ELIGIBLE,4805,36,2,"[""APT_CyberCriminal_Campagin_Collections"",""APTnotes""]","[""RAW-b7e492abbc542a05"",""RAW-d7319a4e8e9c7f5d""]",EXACT_BINARY,True,True
CANON-19e230d22fc85f89,19e230d22fc85f89c87a3ce67c4b2ef5821e2356316b46a28b8dd93e237d30dd,1,RAW-884440d4636b2f9f,APT_CyberCriminal_Campagin_Collections,585e4c2976e118c54156ffbc9961463a4eba6693e34efe1e7acd27eb143190d0,CONTENT_ELIGIBLE,1498,5,1,"[""APT_CyberCriminal_Campagin_Collections""]","[""RAW-884440d4636b2f9f""]",SINGLETON,False,True
CANON-19ed40f1b30b08b1,19ed40f1b30b08b17f27d10a05ef5b24921a16745ccedfcb3b766d8a6aa8b1a0,1,RAW-1fff2f21ae10af78,APT_CyberCriminal_Campagin_Collections,b3b5de0a57a0c3c91da516f4d02ff9dec86f213d36a1caa497e19bb6048c8d20,CONTENT_ELIGIBLE,722,27,1,"[""APT_CyberCriminal_Campagin_Collections""]","[""RAW-1fff2f21ae10af78""]",SINGLETON,False,True
CANON-1a0c8b244f5d3c04,1a0c8b244f5d3c048868c930718e4b4296a0dd0a4c8fc3d1fe6eb909601a55d9,2,RAW-bd6611776539290e,APTnotes,779ee47ffc7e8af2637faf22652031cc0d2a860a8d60b9d206650135f1e4a6e9,CONTENT_ELIGIBLE,16377,58,2,"[""APT_CyberCriminal_Campagin_Collections"",""APTnotes""]","[""RAW-9704c596444951dd"",""RAW-bd6611776539290e""]",P2_HIGH_CONFIDENCE,True,True
CANON-1a26baad49719566,1a26baad49719566ce61f8c74792b2e5776bd0b7d15e53e1dcefac8fbabc69b0,2,RAW-31fdd69ab21ed230,APT_CyberCriminal_Campagin_Collections,327acd17538686b2f60563b11cb80005403d39cbdf82c80aecf71fd05f85b826,CONTENT_ELIGIBLE,1094,6,2,"[""APT_CyberCriminal_Campagin_Collections"",""APTnotes""]","[""RAW-31fdd69ab21ed230"",""RAW-bc29d04cc93793a2""]",EXACT_BINARY,True,False
CANON-1a30faf9664a0a21,1a30faf9664a0a21baf98a8d564dfb3e5dab0d641d34e65fe3178941b92a1c9e,1,RAW-1b0e14f2d817a0e9,APT_CyberCriminal_Campagin_Collections,956224148d7c13a38f69751519760d302e9d7d62f086ee18c0dfb64292e7f203,CONTENT_ELIGIBLE,13132,36,1,"[""APT_CyberCriminal_Campagin_Collections""]","[""RAW-1b0e14f2d817a0e9""]",SINGLETON,False,True
CANON-1a35f251e192869b,1a35f251e192869b7231663442a83da7002c77b9a6b43a77d188ec953830bc25,1,RAW-5df5ee7ed5610313,APT_CyberCriminal_Campagin_Collections,37337e8d95a84724d0e04d6f2eac0f2146b0f4e596a630d41869eeda4f67d909,CONTENT_ELIGIBLE,2685,24,1,"[""APT_CyberCriminal_Campagin_Collections""]","[""RAW-5df5ee7ed5610313""]",SINGLETON,False,True
CANON-1a4e2eb8c8adcb26,1a4e2eb8c8adcb263b8ca867362ce2c859882b353e9cb29da77354c1bf8000f9,1,RAW-59ebf7c6278a2e92,APT_CyberCriminal_Campagin_Collections,e9a3109d2b78c694b097fc5b554aaabf151df5914ee6ca2711b595ce9facc537,CONTENT_ELIGIBLE,1052,3,1,"[""APT_CyberCriminal_Campagin_Collections""]","[""RAW-59ebf7c6278a2e92""]",SINGLETON,False,True
CANON-1a5f17c12140a1c2,1a5f17c12140a1c2209d55cb8c7d5509ed4dcd04dcb151974cd1643af13266c7,2,RAW-164494dbbd0ac155,APT_CyberCriminal_Campagin_Collections,0e22a3bf09a46c9bfafec6d88e17df5c46a1b241fcc5ace2ee2784e9e3215ce8,NO_RECONSTRUCTED_TEXT,0,7,2,"[""APT_CyberCriminal_Campagin_Collections"",""APTnotes""]","[""RAW-164494dbbd0ac155"",""RAW-b24dee11ac234a33""]",EXACT_BINARY,True,False
CANON-1ab58e4abf1f4f70,1ab58e4abf1f4f70332be1e8cce821195973b25c8067e6854dee9009aea0bde2,1,RAW-050b598105491a6f,APT_CyberCriminal_Campagin_Collections,3f9fb7f226eea7f97080d3cae10108a5949878d81c64ba5761093d6fba0e084c,CONTENT_ELIGIBLE,2887,80,1,"[""APT_CyberCriminal_Campagin_Collections""]","[""RAW-050b598105491a6f""]",SINGLETON,False,False
CANON-1af6c4052170327e,1af6c4052170327ecfd2f0844ab7725a8e5918c1aa92b6ca12ae93396af07654,1,RAW-ead36d8019000e7c,APT_CyberCriminal_Campagin_Collections,bd49a7b071f01aad896556c5777afa42914c28ad300690d85961a72730b562d1,CONTENT_ELIGIBLE,3387,22,1,"[""APT_CyberCriminal_Campagin_Collections""]","[""RAW-ead36d8019000e7c""]",SINGLETON,False,True
CANON-1b08285c830830f9,1b08285c830830f947cc5fde03270d4d188bea3b43fb6b60f484948bf9ecaaaa,2,RAW-40fd5d03d8b94b37,APTnotes,8dc1703f20c71b417092a0d3c282b49617ffccaef519ea43804d32bef2be34d1,CONTENT_ELIGIBLE,4965,16,2,"[""APT_CyberCriminal_Campagin_Collections"",""APTnotes""]","[""RAW-40fd5d03d8b94b37"",""RAW-8a3c5fe6906bd5c4""]",EXACT_BINARY,True,True
CANON-1b0b0e03432183c8,1b0b0e03432183c8eba27b3753048146706e29f57fd79f359d9b06fab9f3d9a6,2,RAW-2f133b4f00613972,APTnotes,a85bb129901c31c4001eb780a94bf5fa756c60c234c76147d372e59131030a82,CONTENT_ELIGIBLE,2041,10,2,"[""APT_CyberCriminal_Campagin_Collections"",""APTnotes""]","[""RAW-2f133b4f00613972"",""RAW-e1d18a8e2f4281ac""]",EXACT_BINARY,True,True
CANON-1b49a29790817141,1b49a29790817141d5a3fe88d3ca4699bff9f676b828d7802281036891969c2a,1,RAW-70bf66597a20f331,APT_CyberCriminal_Campagin_Collections,124bcd3960b6e63bfbe1dc336ab04a3cf7dec4cda9eb4512bca38d9714b624e0,CONTENT_ELIGIBLE,1241,8,1,"[""APT_CyberCriminal_Campagin_Collections""]","[""RAW-70bf66597a20f331""]",SINGLETON,False,True
CANON-1b85703d63d752a1,1b85703d63d752a13f1410704533d312d9368b3282ac862188a7111b3e166c63,1,RAW-550e5061574ce734,APT_CyberCriminal_Campagin_Collections,3e5d3af45ab0cafaa7775b9dd2ae25bc9dd496db867a1fccd7afe990a616e42e,CONTENT_ELIGIBLE,3451,14,1,"[""APT_CyberCriminal_Campagin_Collections""]","[""RAW-550e5061574ce734""]",SINGLETON,False,True
CANON-1bb31545768d8735,1bb31545768d8735bcb027e51378cb457fd705c0250d710ee1e87318d2c1bd0a,1,RAW-d1dd8a6140b59072,APT_CyberCriminal_Campagin_Collections,537661e38675ad199b77e06c1bd78be7f852e26c157dcaf82562dd5a22ed8bbc,CONTENT_ELIGIBLE,4786,29,1,"[""APT_CyberCriminal_Campagin_Collections""]","[""RAW-d1dd8a6140b59072""]",SINGLETON,False,True
CANON-1bc83efe95ad09e6,1bc83efe95ad09e68a3d4324a402d64deeb73bd277b4dbd2dcd10aa958c52ca8,1,RAW-a848cd5a85fba80b,APTnotes,1c8762e4b3c5b501d302b1ba25b6ad8352cc76caf471c1ac294c61a6f48b3b8e,CONTENT_ELIGIBLE,1251,6,1,"[""APTnotes""]","[""RAW-a848cd5a85fba80b""]",SINGLETON,False,True
CANON-1bcc9746ddb272c2,1bcc9746ddb272c2c9da1725d7c18914c15c7321ada97d3eaa6388017889ff29,1,RAW-0025b3dbf6b16066,APT_CyberCriminal_Campagin_Collections,a748370e845bb9c45b5803522ecb7da24b1ccd40337a0b4ce19d16701bee22af,CONTENT_ELIGIBLE,1094,4,1,"[""APT_CyberCriminal_Campagin_Collections""]","[""RAW-0025b3dbf6b16066""]",SINGLETON,False,True
CANON-1bd6fc98006a41a4,1bd6fc98006a41a43cdd1409eac03570ee366805f65f503835b0a07599dd499c,1,RAW-540f9c4b98722cec,APT_CyberCriminal_Campagin_Collections,bce54888bd67844dd169b50e525181ce3579772838609e054171978b179adb98,CONTENT_ELIGIBLE,1053,5,1,"[""APT_CyberCriminal_Campagin_Collections""]","[""RAW-540f9c4b98722cec""]",SINGLETON,False,True
CANON-1bdbbf6f3ee3f219,1bdbbf6f3ee3f219d4dd1d124881d29dc0664e958f2fe34dcc570cfa75cb612a,1,RAW-c6dc71eb20404d59,APT_CyberCriminal_Campagin_Collections,8fbd05415af2786533621e0bd10da66923e25161a62469fd8de142085d461e89,CONTENT_ELIGIBLE,2820,8,1,"[""APT_CyberCriminal_Campagin_Collections""]","[""RAW-c6dc71eb20404d59""]",SINGLETON,False,True
CANON-1bf058bb4b190fe8,1bf058bb4b190fe8b5eb631ee2a88e1681e5de95b38d1fc2f00d282bf916bd88,1,RAW-b5408535f050c866,APT_CyberCriminal_Campagin_Collections,364951969d1752ca1e4708d8b92b16fa21d7aca25833748f3a585f9835371dce,CONTENT_ELIGIBLE,3369,16,1,"[""APT_CyberCriminal_Campagin_Collections""]","[""RAW-b5408535f050c866""]",SINGLETON,False,True
CANON-1c05128919ac783f,1c05128919ac783fcc9eab27006ee3633b8da50ba79a30b2211044c3f5dff663,1,RAW-ae73e34b1c7bec0f,APT_CyberCriminal_Campagin_Collections,9d927c57390faa603c33bea0005e96968203c58c24071f075d8ccb47cc4fdee2,CONTENT_ELIGIBLE,6097,31,1,"[""APT_CyberCriminal_Campagin_Collections""]","[""RAW-ae73e34b1c7bec0f""]",SINGLETON,False,True
CANON-1c327cedc21ad6c2,1c327cedc21ad6c22ffca8797157f19eb954ca4aa9dfaa11ee713cd41fde12fc,1,RAW-fab57729d567c69a,APT_CyberCriminal_Campagin_Collections,370c906cb1258ed13729eda503f7b470ba52d6821273a0790be146ab1fffa577,CONTENT_ELIGIBLE,2666,11,1,"[""APT_CyberCriminal_Campagin_Collections""]","[""RAW-fab57729d567c69a""]",SINGLETON,False,True
CANON-1c3813563afed4af,1c3813563afed4af01382883b111713a43c00508f5daaf0552f5b83311074663,1,RAW-3dff099be7360c69,APT_CyberCriminal_Campagin_Collections,73962db6534b0e3f29aedad94874c80c912fd48ee7b760ba48e8d1abfea81acf,CONTENT_ELIGIBLE,2516,20,1,"[""APT_CyberCriminal_Campagin_Collections""]","[""RAW-3dff099be7360c69""]",SINGLETON,False,True
CANON-1c77e5cb6295f5c3,1c77e5cb6295f5c36c6911850d8ecc0642e5602bdd4f7d48606584eb90ccde7e,1,RAW-a9ee1b49068ac082,APT_CyberCriminal_Campagin_Collections,0f1c0e13898727c5318285f0d9d7fc4c380558e5d91184478094e45c29ea12df,CONTENT_ELIGIBLE,15538,60,1,"[""APT_CyberCriminal_Campagin_Collections""]","[""RAW-a9ee1b49068ac082""]",SINGLETON,False,True
CANON-1c7d19fa26a87c5a,1c7d19fa26a87c5a191cb2da33d0d2292a571ff5dedca86c9121213312a87655,1,RAW-75daa20568edc25b,APT_CyberCriminal_Campagin_Collections,016230822b1c6844ce5fa4e6989da6adfd4ad2728df1a1ccd7aa8d51a4b32490,CONTENT_ELIGIBLE,2651,15,1,"[""APT_CyberCriminal_Campagin_Collections""]","[""RAW-75daa20568edc25b""]",SINGLETON,False,True
CANON-1cf0360320f58c4b,1cf0360320f58c4b027603ceb83fe2752f2194b671e272990726810c14c8d32e,1,RAW-ddce12f6d63566e8,APT_CyberCriminal_Campagin_Collections,59d653df7d605c2cdf025977459638ec6af2f4d96a166b6a418619775b0af314,CONTENT_ELIGIBLE,1256,14,1,"[""APT_CyberCriminal_Campagin_Collections""]","[""RAW-ddce12f6d63566e8""]",SINGLETON,False,True
CANON-1d15f67aa076e19c,1d15f67aa076e19c0b3e84bc70458b49fdaab76cb7402b4e3680447ae5233473,2,RAW-119dc2062eb971b3,APTnotes,5da8c6f4aeb4d15b202db1523d1c70392b34677509746d211a81f58a3948707f,CONTENT_ELIGIBLE,1382,2,2,"[""APT_CyberCriminal_Campagin_Collections"",""APTnotes""]","[""RAW-119dc2062eb971b3"",""RAW-138ce2553321ea42""]",EXACT_BINARY,True,False
CANON-1d2bd34e80dcc294,1d2bd34e80dcc29439e0cdac6150e227dbb76e1ed03f940f272dc1e60e6ab0ea,1,RAW-dbbc56e31d2c0e9c,APT_CyberCriminal_Campagin_Collections,6279cb1f15c40165aeff21d6d6b295ee7e295d5311c5e2d64efbd345605acebe,CONTENT_ELIGIBLE,1196,10,1,"[""APT_CyberCriminal_Campagin_Collections""]","[""RAW-dbbc56e31d2c0e9c""]",SINGLETON,False,True
CANON-1d3bda06c00e5e19,1d3bda06c00e5e19b388a421b5ed6d285d89d7834c1ddb38fd65017dd1305d6e,1,RAW-df25bb9d567f4f5e,APT_CyberCriminal_Campagin_Collections,619cbfdb002e30f428fd3e73fe1c823bdceb909d0f55912dd62b5262a539de92,CONTENT_ELIGIBLE,4438,17,1,"[""APT_CyberCriminal_Campagin_Collections""]","[""RAW-df25bb9d567f4f5e""]",SINGLETON,False,True
CANON-1d6126bd4bb4dd0e,1d6126bd4bb4dd0e72b042c5540b1e48ff7400c7cffc70abec5a29adb3728e21,1,RAW-89dc76e7847d2518,APT_CyberCriminal_Campagin_Collections,fea0c418a623d0672735acb94492d6c804f7037a24661033fcc0b0f0b9be2d66,CONTENT_ELIGIBLE,4090,16,1,"[""APT_CyberCriminal_Campagin_Collections""]","[""RAW-89dc76e7847d2518""]",SINGLETON,False,True
CANON-1d89a3699d00101f,1d89a3699d00101fc6420639e89699de6fb11fa65d1c0988817adf3e60046273,1,RAW-d15146576f6ff790,APT_CyberCriminal_Campagin_Collections,7cf7ceee422c364e9940f298f09c9bd3b2882fe4918d0bd01b6225e39401b052,CONTENT_ELIGIBLE,1413,9,1,"[""APT_CyberCriminal_Campagin_Collections""]","[""RAW-d15146576f6ff790""]",SINGLETON,False,True
CANON-1d93ad35e5d890b4,1d93ad35e5d890b4d5d619ff1c5a1dacecfc331f2c5e0e523e5ac042d77b5e9e,1,RAW-6042da958458bd51,APTnotes,9b257a026565f9b1c2ba2afa7788537b0e31e93722a26ada58ffedb5c730df59,CONTENT_ELIGIBLE,924,17,1,"[""APTnotes""]","[""RAW-6042da958458bd51""]",SINGLETON,False,False
CANON-1dcf88cc549f0d67,1dcf88cc549f0d6781845e691f6b6dcd15aa7f95e6a84b12ee870bcdd6545363,2,RAW-8958ceef96f6241d,APT_CyberCriminal_Campagin_Collections,54cd9b7ae6edcf2a20d38777b7205f1c63524ec9fab164e73587a686c9a12211,CONTENT_ELIGIBLE,746,7,2,"[""APT_CyberCriminal_Campagin_Collections"",""APTnotes""]","[""RAW-8958ceef96f6241d"",""RAW-e6a5898362378fa7""]",EXACT_BINARY,True,True
CANON-1de550ed6900d525,1de550ed6900d525bb2db1c5227e189563ca8788d1d15af04e12568726c44c8d,2,RAW-4cd1cb2c96047f80,APTnotes,bfaff41539bef44881086a637ac55c394fe7b97f11fd2147cf6d33fb3f93ec92,INSUFFICIENT_RECONSTRUCTED_TEXT,17,35,2,"[""APT_CyberCriminal_Campagin_Collections"",""APTnotes""]","[""RAW-4cd1cb2c96047f80"",""RAW-b93d9f1a6bf0815d""]",EXACT_BINARY,True,False
CANON-1df65e1349874f98,1df65e1349874f9860735f31c19028e159a51dc4f600d2ceaf86a0b9a2e51954,1,RAW-64311c5cd5278157,APT_CyberCriminal_Campagin_Collections,81d3a1a89b9569ed100e1e6e98de7ffb49d42829e23d979a986641cc2192a84e,CONTENT_ELIGIBLE,9987,40,1,"[""APT_CyberCriminal_Campagin_Collections""]","[""RAW-64311c5cd5278157""]",SINGLETON,False,True
CANON-1e20a39fc342273d,1e20a39fc342273d1ab4dc09922dfe30e9fce577995fc671eee61837b6093c4a,1,RAW-0458290e83ee410c,APT_CyberCriminal_Campagin_Collections,5fcfeea9a56ea91d668227c1079185bf2724fde9cbb1ae931930cb60f0dbdcee,CONTENT_ELIGIBLE,1519,7,1,"[""APT_CyberCriminal_Campagin_Collections""]","[""RAW-0458290e83ee410c""]",SINGLETON,False,False
CANON-1e58f072f3aad8d7,1e58f072f3aad8d7416190fa815e310fba1c0c4f8fad121568e9db8c8d35fd8f,1,RAW-977fd948bb0a6775,APT_CyberCriminal_Campagin_Collections,7431bf7fc072bb4faf99fe4ca53874b36626e37e593e82284ad544febf0f6bbf,CONTENT_ELIGIBLE,2522,14,1,"[""APT_CyberCriminal_Campagin_Collections""]","[""RAW-977fd948bb0a6775""]",SINGLETON,False,True
CANON-1e6cae6b0d83f543,1e6cae6b0d83f5432bfa666ea4e8c3b586173f38731890062f36528aa1de722d,1,RAW-cef9dbe17d419e05,APT_CyberCriminal_Campagin_Collections,432049a1f7d23ee0209eac379d957e8ed9aafdf6ddb6486ae4982cbd4dc675fc,CONTENT_ELIGIBLE,2728,12,1,"[""APT_CyberCriminal_Campagin_Collections""]","[""RAW-cef9dbe17d419e05""]",SINGLETON,False,True
CANON-1e770dae39b0a24f,1e770dae39b0a24f76adf8e183ea6fea2e17286af5c5dd8fe82924d6861336c5,1,RAW-b9978cfc489b0e19,APT_CyberCriminal_Campagin_Collections,105d991179943a2df3b6dc174924f096964edcf8dab40c53e0febd0dacb5cc26,CONTENT_ELIGIBLE,1129,6,1,"[""APT_CyberCriminal_Campagin_Collections""]","[""RAW-b9978cfc489b0e19""]",SINGLETON,False,True
CANON-1e79c36bdf6e81c7,1e79c36bdf6e81c7a04f37034f424cff3174576356eb3d0ff46c2cb721bd86ac,1,RAW-c64d02718dde6cf9,APT_CyberCriminal_Campagin_Collections,83aff1b71a5cb5a4966d0541444bf2318d8282e6f13ee948226ff8018064d1a1,CONTENT_ELIGIBLE,2367,15,1,"[""APT_CyberCriminal_Campagin_Collections""]","[""RAW-c64d02718dde6cf9""]",SINGLETON,False,True
CANON-1ec3645795e1f074,1ec3645795e1f074c9df6ed58b16d5163e652b51ad436a627fcc1d15d0ed9240,1,RAW-f6fe760f6fe65b54,APT_CyberCriminal_Campagin_Collections,713706e86db6fab5e0d1a1c0c17bd92147e4991a8b69fab032baf8f5813e3fa5,INSUFFICIENT_RECONSTRUCTED_TEXT,74,2,1,"[""APT_CyberCriminal_Campagin_Collections""]","[""RAW-f6fe760f6fe65b54""]",SINGLETON,False,False
CANON-1eca8229c8e7276c,1eca8229c8e7276cb64b8b46d99a3931745242eb4f4e3320a444acf3ca714ec4,1,RAW-5b33ec1b86267526,APT_CyberCriminal_Campagin_Collections,48859fa4a85ff1f1875172afb756153af7342b8353e5b01d9c76c315abe0393b,CONTENT_ELIGIBLE,793,10,1,"[""APT_CyberCriminal_Campagin_Collections""]","[""RAW-5b33ec1b86267526""]",SINGLETON,False,True
CANON-1ed16ecf2885292a,1ed16ecf2885292a636cb5ad395e67be7ff8184791235ec84efc0d9fdcff8d1d,1,RAW-d6a0ee17964282db,APTnotes,cc22d6ce589961661a59c59f23b10df0fffa0764fbd62935798b37b57b752ffe,CONTENT_ELIGIBLE,810,4,1,"[""APTnotes""]","[""RAW-d6a0ee17964282db""]",SINGLETON,False,True
CANON-1ed5b38ca51cb1e5,1ed5b38ca51cb1e52a95b1ae8a7eaf91fa079234f3d2ba43a07f01c65f85dbc1,2,RAW-68e0e7555830a359,APTnotes,4015e4e8d8793eccb8b31b8a5e0343f29f584775cdfbf1e2dfc0abf8b07329d6,CONTENT_ELIGIBLE,6662,29,2,"[""APT_CyberCriminal_Campagin_Collections"",""APTnotes""]","[""RAW-68e0e7555830a359"",""RAW-aba7366e09995153""]",EXACT_BINARY,True,True
CANON-1f40efdf29f27ef2,1f40efdf29f27ef2dbcfc7b62190523d163ee4f0219fbfc4cf4cd40da2a9de2e,1,RAW-a46e55597e063ef4,APT_CyberCriminal_Campagin_Collections,945bbe871e4a8fdbe7134bade11b816272ad4e7ff3d5411909d302d67b5525d0,CONTENT_ELIGIBLE,3169,9,1,"[""APT_CyberCriminal_Campagin_Collections""]","[""RAW-a46e55597e063ef4""]",SINGLETON,False,True
CANON-1f68d9707bf11389,1f68d9707bf1138971bc74e65dfd624c47522bc05a59ff64676bdbbaf1324ecb,2,RAW-aacb0e27e6eb8063,APTnotes,893e65ffe64a734b2da6e0f4fdca8a65c0108da6638dd66a09302390aadda072,CONTENT_ELIGIBLE,2485,15,2,"[""APT_CyberCriminal_Campagin_Collections"",""APTnotes""]","[""RAW-aacb0e27e6eb8063"",""RAW-bd6bf3fb9bf467b6""]",EXACT_BINARY,True,True
CANON-1fa605d4a13c5c69,1fa605d4a13c5c6942f4e993843f260388114e1bcbec72e279b997fefaa371ea,1,RAW-7b7a626fcacd1924,APTnotes,0ae1a2e07cd4e53c4b7cb2581f22c69abbc3c5a9aaaee337e30ddbedfa5cca9d,CONTENT_ELIGIBLE,3009,9,1,"[""APTnotes""]","[""RAW-7b7a626fcacd1924""]",SINGLETON,False,True
CANON-1fb97aa080eb0c21,1fb97aa080eb0c2164f4b73f5d5ac73150bcd6a3a6ab48ba90b7ab4f45f97e61,1,RAW-295258682e39bdad,APT_CyberCriminal_Campagin_Collections,257af252f6607664a8fab3f7f61baae9d26eb7bdf9602caf76840eb1228de44c,CONTENT_ELIGIBLE,1122,6,1,"[""APT_CyberCriminal_Campagin_Collections""]","[""RAW-295258682e39bdad""]",SINGLETON,False,True
CANON-1fbd1e82a7781d37,1fbd1e82a7781d37b96e8fb94c97014b926fb112dfda86e8221c8e929126c878,1,RAW-56961702d3cb02ec,APT_CyberCriminal_Campagin_Collections,3679a367f7cb94d089730e6b352e177d045abbbd0b6684a0683d689124f8ac43,CONTENT_ELIGIBLE,1572,13,1,"[""APT_CyberCriminal_Campagin_Collections""]","[""RAW-56961702d3cb02ec""]",SINGLETON,False,False
CANON-1fd6623f0e6f618d,1fd6623f0e6f618dc7660c5ca3b4f002c92701b0fbe7be7067a485f05466d93a,1,RAW-d2ddedcd6cf5856c,APT_CyberCriminal_Campagin_Collections,b215d558b205b2a42704a680477d5d8a8f6aedba397a6c8801c1175ae2ac2aa0,CONTENT_ELIGIBLE,33758,180,1,"[""APT_CyberCriminal_Campagin_Collections""]","[""RAW-d2ddedcd6cf5856c""]",SINGLETON,False,True
CANON-200c2f25722bb32a,200c2f25722bb32aa281ee549c3e6a4439bfd1fb2cec5fe7e99fe5827051b15f,1,RAW-c96c8c522776449b,APT_CyberCriminal_Campagin_Collections,f13d59327e62d28bddac4ad84f06f26d1fe377b3f06f0f699c0b00d87283c986,CONTENT_ELIGIBLE,1729,18,1,"[""APT_CyberCriminal_Campagin_Collections""]","[""RAW-c96c8c522776449b""]",SINGLETON,False,False
CANON-20257652e4e0f3cd,20257652e4e0f3cd3d3b112dccd478642da365a420249e789027109796c53ffb,2,RAW-6eba4d9b2de863aa,APTnotes,e9e92dc6a3aed973d3dd68646f5c082bd9606098ffb0916ff60d99dcf187810e,CONTENT_ELIGIBLE,1303,14,2,"[""APT_CyberCriminal_Campagin_Collections"",""APTnotes""]","[""RAW-6eba4d9b2de863aa"",""RAW-820b48f4db26007d""]",EXACT_BINARY,True,False
CANON-2035667389064f4e,2035667389064f4e74b38057157320a342d128392ee1d4872b92149b59b9f914,1,RAW-b7f88e4115724478,APT_CyberCriminal_Campagin_Collections,8ac2643c0867d90bf6cc5e9ced78d55d8146ddc7f1b5d91cd717cee8b2cab027,CONTENT_ELIGIBLE,869,3,1,"[""APT_CyberCriminal_Campagin_Collections""]","[""RAW-b7f88e4115724478""]",SINGLETON,False,True
CANON-204dab52ae05e7b2,204dab52ae05e7b24daae4fd8e6492cc11dab4d02faeb7ba574422bbbc9aef90,1,RAW-ca9140ed38ef26ca,APT_CyberCriminal_Campagin_Collections,7ca9466a1e4b022b9c8e484661fae4762ea21ad972c5d69fb37afa7c4031e338,CONTENT_ELIGIBLE,1167,5,1,"[""APT_CyberCriminal_Campagin_Collections""]","[""RAW-ca9140ed38ef26ca""]",SINGLETON,False,True
CANON-2083abd669600d5a,2083abd669600d5a3339fa303e3167e2f68b7348e0cef9e1460611d7b73e9461,1,RAW-0bde189e2e0f82e3,APTnotes,612f3da0a0d0a26111908a4f97b127a34d277f12a7e8268e0130c0542c0bc6d1,CONTENT_ELIGIBLE,797,6,1,"[""APTnotes""]","[""RAW-0bde189e2e0f82e3""]",SINGLETON,False,True
CANON-20883593f0caaa21,20883593f0caaa216a40f9004d6673815f4aa24384a2265e8776b98d307e1b5e,1,RAW-b5a3ac359066bab7,APT_CyberCriminal_Campagin_Collections,4ce74a0326c3cfd1621e3481c0068024117c2dd221ea2f988d4c1a647b4badf1,CONTENT_ELIGIBLE,4378,19,1,"[""APT_CyberCriminal_Campagin_Collections""]","[""RAW-b5a3ac359066bab7""]",SINGLETON,False,False
CANON-209c64bf6b39f769,209c64bf6b39f7692f4f782180eede47e36e8d9dcfe9687128b9e77021b4c5ea,1,RAW-3320f5d16328e9ef,APT_CyberCriminal_Campagin_Collections,9a8337452418bce9877e563901f682485884bd915f1a62cfbafce73df152710c,CONTENT_ELIGIBLE,1172,13,1,"[""APT_CyberCriminal_Campagin_Collections""]","[""RAW-3320f5d16328e9ef""]",SINGLETON,False,True
CANON-20b0af5cfcc8cc89,20b0af5cfcc8cc89cd6249e7ae14a63326d9b1fceb869b2428bc092df7bb4fa4,1,RAW-8fa2a7711554cc8d,APTnotes,12fc2406d22b20340b267a88b6a823f15b3dde61dde652f914acd7c86d612fd0,CONTENT_ELIGIBLE,3750,13,1,"[""APTnotes""]","[""RAW-8fa2a7711554cc8d""]",SINGLETON,False,True
CANON-20ead0a89fbddc7c,20ead0a89fbddc7c05842aa8465ebb6d7c15923fe2800d80cc0116042a71ccd1,1,RAW-14cde6e1abec393c,APT_CyberCriminal_Campagin_Collections,935dc4d3a5b4ee2563992b6183eb19903992e738ead9e5c0a890abd560946f3c,CONTENT_ELIGIBLE,410,4,1,"[""APT_CyberCriminal_Campagin_Collections""]","[""RAW-14cde6e1abec393c""]",SINGLETON,False,True
CANON-20fa21ee723b6f39,20fa21ee723b6f390e870550d3cf4ac209cd79cfb7449d890d89c6807afae9c4,1,RAW-ba8288c8a1076db3,APTnotes,39374da8b48cd1226b09e7007a4c55980ef2d79c893862f433ab598a11b38659,CONTENT_ELIGIBLE,5962,15,1,"[""APTnotes""]","[""RAW-ba8288c8a1076db3""]",SINGLETON,False,False
CANON-2117a67b872e6a34,2117a67b872e6a344f416179317d4ebb917a092595aa70b884fb0e2dc53db027,2,RAW-1d5e06cde161acba,APTnotes,b1f77ed730e279553555e465963c0577e54c3e92bd866f14947d2edfef5f3c5a,CONTENT_ELIGIBLE,4021,25,2,"[""APT_CyberCriminal_Campagin_Collections"",""APTnotes""]","[""RAW-1d5e06cde161acba"",""RAW-49861614e159bf80""]",EXACT_BINARY,True,True
CANON-211ed8793b6851c1,211ed8793b6851c1e94157db75d35074daba235702bce90672f136c5770bae6f,1,RAW-659095750872d219,APT_CyberCriminal_Campagin_Collections,ff6b9a1d131dbcc58c200a034922284f725001e4afeb82537edd2d1fcc71fd56,CONTENT_ELIGIBLE,1508,8,1,"[""APT_CyberCriminal_Campagin_Collections""]","[""RAW-659095750872d219""]",SINGLETON,False,True
CANON-218289dabeb0747c,218289dabeb0747cd26c75adaccdd150fae840d4e7a6e4a19411e0355f69cb31,2,RAW-85a26e722295baa3,APTnotes,11790f7c980834182507704053a0c0717511b077e17f7c8736006c1fd6e6a6c3,CONTENT_ELIGIBLE,804,14,2,"[""APT_CyberCriminal_Campagin_Collections"",""APTnotes""]","[""RAW-85a26e722295baa3"",""RAW-b40a19bb4b5d5ef8""]",EXACT_BINARY,True,False
CANON-21845aab2a851d23,21845aab2a851d238a61431e612ba1243e1a6d99ce3f650541c750d63894dd7f,1,RAW-c8d48894d476673b,APT_CyberCriminal_Campagin_Collections,58dba1b5789f33939285e8fe19295a0efa88c4b57472cbe4636c2e5686aa86cd,CONTENT_ELIGIBLE,2788,18,1,"[""APT_CyberCriminal_Campagin_Collections""]","[""RAW-c8d48894d476673b""]",SINGLETON,False,True
CANON-21ba01ba467e0908,21ba01ba467e090839172d1e4cab276b08b914144eb4467a677d7f1977af9d4c,1,RAW-7d6173f2073b95cf,APT_CyberCriminal_Campagin_Collections,c120463e1306b43378a817f2df0ab775378afc250620df8b28e70334f3c3d546,CONTENT_ELIGIBLE,2363,22,1,"[""APT_CyberCriminal_Campagin_Collections""]","[""RAW-7d6173f2073b95cf""]",SINGLETON,False,False
CANON-221a572b6850ae88,221a572b6850ae88e89a1b12fa1fe1f21ae33fc797def3d2d78b08fd92ef1f05,1,RAW-a016e1e29d9c841f,APT_CyberCriminal_Campagin_Collections,4bc0478365febec7a3d529a53fa56afa4c169c6faa99b8be595233af4680717a,CONTENT_ELIGIBLE,1770,12,1,"[""APT_CyberCriminal_Campagin_Collections""]","[""RAW-a016e1e29d9c841f""]",SINGLETON,False,True
CANON-222be1f5e1e2793b,222be1f5e1e2793b6f79b8e74a6fbed6e52eb84eda8e6639332682036e942e83,1,RAW-17794c027eae9dd2,APT_CyberCriminal_Campagin_Collections,ca44641cd96fac259169a6db43ed81e2b5c5d7fa47bbfeebf2dc279c167b2841,CONTENT_ELIGIBLE,3344,19,1,"[""APT_CyberCriminal_Campagin_Collections""]","[""RAW-17794c027eae9dd2""]",SINGLETON,False,True
CANON-223d2f1f131fea0c,223d2f1f131fea0c6e075bbf88621c9bd9eec7b8e04c7e516591605caa89d01f,1,RAW-0df442f19a63d3e5,APT_CyberCriminal_Campagin_Collections,e35e2c3f4c0e889549c2a878f31dedfcd1fbace2fc120cea46a80b2dce52514b,CONTENT_ELIGIBLE,1282,15,1,"[""APT_CyberCriminal_Campagin_Collections""]","[""RAW-0df442f19a63d3e5""]",SINGLETON,False,True
CANON-224c3fc5db46f920,224c3fc5db46f9205f653d278d16970cb3b0763850128a69c01d2e231ab8734a,1,RAW-67d7d86e9d832401,APT_CyberCriminal_Campagin_Collections,4e606a40e01ad02c59aa06b31c000d5aa1e5e603033425723aeb3d9e7ee79b11,CONTENT_ELIGIBLE,2451,8,1,"[""APT_CyberCriminal_Campagin_Collections""]","[""RAW-67d7d86e9d832401""]",SINGLETON,False,True
CANON-227e017cc044b7b1,227e017cc044b7b126525f22e78bed073dfde853b4f1df3b6c0a77f57cfcbd88,1,RAW-3344d056235f7685,APT_CyberCriminal_Campagin_Collections,697cbcffe8177538e8d4b9f58023e35f5602d9351469d5c99c8f4f61da5cbd6d,CONTENT_ELIGIBLE,2706,7,1,"[""APT_CyberCriminal_Campagin_Collections""]","[""RAW-3344d056235f7685""]",SINGLETON,False,True
CANON-22881c1c6c72a007,22881c1c6c72a00702befaab161e79ffdbc1fb5758d05174bac1eb25f5456956,1,RAW-bbb1069916005f4f,APT_CyberCriminal_Campagin_Collections,d4107d4e97a92f800e115905b4ac862851545e87fa7792800d73eff29cc73d1d,CONTENT_ELIGIBLE,1459,9,1,"[""APT_CyberCriminal_Campagin_Collections""]","[""RAW-bbb1069916005f4f""]",SINGLETON,False,True
CANON-229acf7ad13dc3d8,229acf7ad13dc3d8f981474e99aeb6d92331b1b0d78889094146c836cb12f619,1,RAW-1a219a4cabc5b91e,APTnotes,62c28bc9611caf5970dcf8f0722072e6b09b4e045578a82bd7c542f7887eebba,CONTENT_ELIGIBLE,1043,16,1,"[""APTnotes""]","[""RAW-1a219a4cabc5b91e""]",SINGLETON,False,False
CANON-22a969489fc23b3a,22a969489fc23b3a8f1d77bc7d4d2c0ccfd568a595cc1e6e3dd58957b3472c4c,1,RAW-c3a65f53e1decac5,APT_CyberCriminal_Campagin_Collections,2d85dd061f06f76b6e4e90bb65220633b2919674c7c2e10f3f57e5bd4678901b,CONTENT_ELIGIBLE,10366,44,1,"[""APT_CyberCriminal_Campagin_Collections""]","[""RAW-c3a65f53e1decac5""]",SINGLETON,False,True
CANON-22acf1c6295a4209,22acf1c6295a420900ebf878538899ead4768278deb5603311c0595c64b12214,1,RAW-0fd7bd33d41113c8,APT_CyberCriminal_Campagin_Collections,db39ea1e8cd73199824cad69c657c0ad9865a0e95042314e40c9399537e571f9,CONTENT_ELIGIBLE,2084,16,1,"[""APT_CyberCriminal_Campagin_Collections""]","[""RAW-0fd7bd33d41113c8""]",SINGLETON,False,True
CANON-22e29a8fa6f3d360,22e29a8fa6f3d3602fddbf3442c72edcecb970942664a6269752820bda3e498c,1,RAW-334938ec8770c23b,APT_CyberCriminal_Campagin_Collections,8d77fbc6cb87dddbaf5bc9f7239937949abc7c578706bbdba9766686d32394a2,CONTENT_ELIGIBLE,11009,38,1,"[""APT_CyberCriminal_Campagin_Collections""]","[""RAW-334938ec8770c23b""]",SINGLETON,False,True
CANON-23265b33f7c33993,23265b33f7c339934fd76fef5ad827205a3207ec98f98f2c75f72ff8a17fada9,1,RAW-c5b4d133e789d534,APT_CyberCriminal_Campagin_Collections,130d4713231a68b9f3c1db0f2307c1672eaf322dced64fd696d4a3498bbf15d4,CONTENT_ELIGIBLE,8947,33,1,"[""APT_CyberCriminal_Campagin_Collections""]","[""RAW-c5b4d133e789d534""]",SINGLETON,False,True
CANON-235dba85ab3388df,235dba85ab3388df3806a8e821600468aa9f0e9c153c14ce87f4d5943391797b,1,RAW-8f7f8ff470f37348,APTnotes,c1956e37326f120347c35e5cad8decd7c849fe33df3d56f71382da3c9ec874e8,CONTENT_ELIGIBLE,2536,18,1,"[""APTnotes""]","[""RAW-8f7f8ff470f37348""]",SINGLETON,False,True
CANON-2388bf68824c8f64,2388bf68824c8f64b73c69c170e3a3c8d505ba28241508203728203f5799b9ce,2,RAW-222750797730964c,APTnotes,44d3a3e098ccf240cd5223fe3943484c70ab85e6be3e73913f1838858d54949e,CONTENT_ELIGIBLE,7985,38,2,"[""APT_CyberCriminal_Campagin_Collections"",""APTnotes""]","[""RAW-222750797730964c"",""RAW-669e8bfcf439ea6b""]",EXACT_BINARY,True,True
CANON-23981781ebd493c6,23981781ebd493c605db9a766eb2ddb8e97b5e21599fa215d9f44bb2db202b50,1,RAW-b965f3309885ca61,APTnotes,c17012a7091d962526640404231400e3950e185423148980e4588a2b6fb9c017,CONTENT_ELIGIBLE,2459,17,1,"[""APTnotes""]","[""RAW-b965f3309885ca61""]",SINGLETON,False,False
CANON-239c83502c64c2de,239c83502c64c2deae404cd649bf3d052a0086e26c4f72a4cb3f89071f0f246b,1,RAW-204f697493b0c5b3,APT_CyberCriminal_Campagin_Collections,5b5f797867170cdf9999a434e9b3585690d95754d892fdca4c049c60b4b01756,CONTENT_ELIGIBLE,922,14,1,"[""APT_CyberCriminal_Campagin_Collections""]","[""RAW-204f697493b0c5b3""]",SINGLETON,False,True
CANON-23f5554ba8704c2b,23f5554ba8704c2bd7705ca5b277899c78d1e54e60dcc2c4e25dd153ddcc41e0,2,RAW-661b71887d74f8dd,APTnotes,fb4a95345dd159e20e37a4c73c8b58c8131f0a28751c7ac62efa7d59b62b5af7,CONTENT_ELIGIBLE,1111,12,2,"[""APT_CyberCriminal_Campagin_Collections"",""APTnotes""]","[""RAW-661b71887d74f8dd"",""RAW-7c5009027ef67f23""]",EXACT_BINARY,True,True
CANON-2410d5a7b2ae24d5,2410d5a7b2ae24d5d548645b253e807ec06dd93667dab7f4ce2ac6ce63fd790d,1,RAW-e745991560f1f675,APTnotes,5349fd47819d895b6ff00e1a35dfe17ae9b586ca6297e6180678801d9147f8a8,CONTENT_ELIGIBLE,2379,13,1,"[""APTnotes""]","[""RAW-e745991560f1f675""]",SINGLETON,False,True
CANON-2458427f4d90e2f9,2458427f4d90e2f960adb0797d85e415278bde16641940d5d69072c06524d01c,2,RAW-01154ac9d42786b8,APT_CyberCriminal_Campagin_Collections,3bbd85054769a7481eccf389461c51aeb31f8e7f092d4d12783f0e025266418c,CONTENT_ELIGIBLE,2659,12,2,"[""APT_CyberCriminal_Campagin_Collections"",""APTnotes""]","[""RAW-01154ac9d42786b8"",""RAW-37a5970286c914ed""]",EXACT_BINARY,True,True
CANON-24667157797e159f,24667157797e159f42e3d60265978ceea9027b0d3f5396b49f50825bb6aa5a4d,1,RAW-8404891a398f8336,APTnotes,a625ae6b55500dbc8f2667d372eba5c4d1e3f8da333f3bac441551f211879f57,CONTENT_ELIGIBLE,4555,27,1,"[""APTnotes""]","[""RAW-8404891a398f8336""]",SINGLETON,False,True
CANON-24cf6d28153e2c6e,24cf6d28153e2c6eb67ca9d22fef59d0a29b0b00e06661c39f69c8d4e14dd37a,1,RAW-c117687799b4410e,APT_CyberCriminal_Campagin_Collections,245d405258d1d3b35ac45331b76061f55d871de99b508c86208471aa585c3bdd,CONTENT_ELIGIBLE,3384,27,1,"[""APT_CyberCriminal_Campagin_Collections""]","[""RAW-c117687799b4410e""]",SINGLETON,False,False
CANON-24d4a96b6b556799,24d4a96b6b556799f199be9fe9c1036d5f2ceab004227f58b495215cdf65f493,1,RAW-176013faf7fc0642,APT_CyberCriminal_Campagin_Collections,4ac6dedec10c9ad77c5a2c631498148dce990f961292d1e8a5e2fbf3e8d80604,CONTENT_ELIGIBLE,455,3,1,"[""APT_CyberCriminal_Campagin_Collections""]","[""RAW-176013faf7fc0642""]",SINGLETON,False,True
CANON-24d5068c54d28756,24d5068c54d28756f0360c37d00e867c6ae1081ed66b2a19af39dc97cf198f08,2,RAW-829d13a4c466c2b7,APTnotes,8bb13aa4cde4ff62e89dd7bd7829ebb6d447812df02989b9c0f5845d3e0af22a,CONTENT_ELIGIBLE,968,11,2,"[""APT_CyberCriminal_Campagin_Collections"",""APTnotes""]","[""RAW-829d13a4c466c2b7"",""RAW-ebec3a99ccba97c9""]",EXACT_BINARY,True,True
CANON-24e4e0010c3c8762,24e4e0010c3c87620f0e1a97a1e65c21b253379056f5bb5901243ab8925a7f64,1,RAW-ea5c74927d249fa7,APT_CyberCriminal_Campagin_Collections,00020c1d963a2eb7c3951d69ed25fb673fc14ec77961b1bde238804f6cd568ae,CONTENT_ELIGIBLE,372,11,1,"[""APT_CyberCriminal_Campagin_Collections""]","[""RAW-ea5c74927d249fa7""]",SINGLETON,False,False
CANON-2521f52079370f60,2521f52079370f600ac3d2dc784fb53db7882279894ba09aa715d2a49ef56199,1,RAW-8b43c16d09cbfd10,APT_CyberCriminal_Campagin_Collections,391ec2ea6e6ec2f1333dae517786108d510ae7941f9828c4deebb181d67a13ca,CONTENT_ELIGIBLE,1628,7,1,"[""APT_CyberCriminal_Campagin_Collections""]","[""RAW-8b43c16d09cbfd10""]",SINGLETON,False,True
CANON-2548f47b8b1c4a12,2548f47b8b1c4a1214603ca6da5be65f38a5f8dbf4f0d82648dcf172298ede75,1,RAW-df1b07d16fb18cb9,APT_CyberCriminal_Campagin_Collections,dc41fd189bf1cf4936df1687b6172e26a13a237581ff180caf9864ba9652abb9,CONTENT_ELIGIBLE,437,92,1,"[""APT_CyberCriminal_Campagin_Collections""]","[""RAW-df1b07d16fb18cb9""]",SINGLETON,False,False
CANON-254edb24b4e8be40,254edb24b4e8be40778113f3f08725a5bcbf2fdad912849dd112d75cbcddd393,1,RAW-212ad806fb3da09c,APT_CyberCriminal_Campagin_Collections,84cc2ac99071c5fec519c27c6b3f986ce3f33e676d8b5ff1ba876162a98975f5,CONTENT_ELIGIBLE,3240,17,1,"[""APT_CyberCriminal_Campagin_Collections""]","[""RAW-212ad806fb3da09c""]",SINGLETON,False,True
CANON-256a4ddb117e6c34,256a4ddb117e6c34c6b1de68c7bf2a631141726da5e0e6dd8a369c576d59a255,1,RAW-c3b1118ef45dc018,APT_CyberCriminal_Campagin_Collections,83354697849ab27d8c001c2266f2a9d7bf6451687cc86d56e1a44a8dd6f89f4f,CONTENT_ELIGIBLE,2448,16,1,"[""APT_CyberCriminal_Campagin_Collections""]","[""RAW-c3b1118ef45dc018""]",SINGLETON,False,True
CANON-2588d971040a2f89,2588d971040a2f8934ba495b6ee5c824f942d5f0f2b655dbae1e5db4d0fbce01,1,RAW-6e63e8f321425bd3,APTnotes,c78a9c7380eaa4ed05074d2e082fb6b071e62752914ccbd2c1c4400f73fc75b8,CONTENT_ELIGIBLE,2102,4,1,"[""APTnotes""]","[""RAW-6e63e8f321425bd3""]",SINGLETON,False,True
CANON-259ad4c511448190,259ad4c5114481909585113751d165cbb98b89a3eb01bfd0e4879bee4f7e49b5,1,RAW-dce111a3440814cc,APT_CyberCriminal_Campagin_Collections,a1eb8905f163a31f7d9d51f591d5c33780f98d0e73d07631542ccb9bd6403efe,CONTENT_ELIGIBLE,1996,9,1,"[""APT_CyberCriminal_Campagin_Collections""]","[""RAW-dce111a3440814cc""]",SINGLETON,False,True
CANON-25cd909e1a17576f,25cd909e1a17576fc2fe9af39e9af649778fab227504cfa4dcd741e8e24222ad,2,RAW-7bc8fe04d835f0d8,APT_CyberCriminal_Campagin_Collections,6a750d9b6f5801fdd5ba29beef3b167a62fae57b4725deb10c042d398a342593,CONTENT_ELIGIBLE,1578,10,2,"[""APT_CyberCriminal_Campagin_Collections"",""APTnotes""]","[""RAW-7bc8fe04d835f0d8"",""RAW-e3302461e381d2c1""]",EXACT_BINARY,True,True
CANON-25eef0554677b9e3,25eef0554677b9e32bee5a2ff67ccb162bd40d55cd74ad354367542a73596227,1,RAW-5ba66cc01055c432,APT_CyberCriminal_Campagin_Collections,71b40f234ce87e0002a4196469a8bfa00a8e3b1ee0770d6d38a3bf10189f93fd,CONTENT_ELIGIBLE,6569,18,1,"[""APT_CyberCriminal_Campagin_Collections""]","[""RAW-5ba66cc01055c432""]",SINGLETON,False,True
CANON-26012fa17f1cdc1d,26012fa17f1cdc1d83e1e2d5e4fa9c68953777f3ce6e97a6bffca8d75d079f57,1,RAW-4923a2613a4b39d3,APT_CyberCriminal_Campagin_Collections,d79bb554d5ec5a3490ae5aeb0fbcc230a453241e21f280c4aa4b8435de6b0baf,CONTENT_ELIGIBLE,16400,51,1,"[""APT_CyberCriminal_Campagin_Collections""]","[""RAW-4923a2613a4b39d3""]",SINGLETON,False,True
CANON-2621b79067996813,2621b7906799681366b2e36de5038c6123f9a56f8d72271c9c772519a2875d01,1,RAW-83e62ac294b88211,APT_CyberCriminal_Campagin_Collections,1de84e87d2f7ed32006a3465d25e39445afa77dde6eef7eac9d5908a5b679c79,CONTENT_ELIGIBLE,2107,22,1,"[""APT_CyberCriminal_Campagin_Collections""]","[""RAW-83e62ac294b88211""]",SINGLETON,False,True
CANON-2622d4be95172ced,2622d4be95172ced201a777b8bccaafe9c6140e4eb0f654ac408eab532605b09,1,RAW-eaecd720eb48c48e,APTnotes,dc8d790e44926092e625a2b4baecebae7f6307007f48c6d3686afbfbb5626e89,CONTENT_ELIGIBLE,2150,14,1,"[""APTnotes""]","[""RAW-eaecd720eb48c48e""]",SINGLETON,False,True
CANON-268dd93283a7a7c2,268dd93283a7a7c2fb502dd148039d3861e6b48a895d219a2f4cbdc8df522257,2,RAW-1783f8c808c54988,APTnotes,58ef89ebb404702c09209f8781baa10d3d1ea767bcde81daefbcae154366eef3,CONTENT_ELIGIBLE,5404,17,2,"[""APT_CyberCriminal_Campagin_Collections"",""APTnotes""]","[""RAW-1783f8c808c54988"",""RAW-90f93c08114dc05b""]",EXACT_BINARY,True,False
CANON-26accc101aa5f887,26accc101aa5f88722d7b8be908952b1abc783a67f5bd684dd690ef674f980a4,1,RAW-4bc84657700fbdc1,APT_CyberCriminal_Campagin_Collections,2ec7e4e33ddadb383d8c7c9b2bb58ae3a14f3b0bbf555b9f8d2593ef10307a42,CONTENT_ELIGIBLE,1023,17,1,"[""APT_CyberCriminal_Campagin_Collections""]","[""RAW-4bc84657700fbdc1""]",SINGLETON,False,False
CANON-26f3be8592a025dc,26f3be8592a025dc6f78e5eff1a82fa7ee15d601bf8f82aed30a292a3ec1d15f,1,RAW-291ac60d5ca3955c,APTnotes,fd8d94246ada0001b55b9c31ea0f3f95a57a0f2dd486d5ca815a45b631849bf9,CONTENT_ELIGIBLE,2148,16,1,"[""APTnotes""]","[""RAW-291ac60d5ca3955c""]",SINGLETON,False,True
CANON-2705b3c5717f1e65,2705b3c5717f1e6585f019ca44eef4462d103fff279ef5f91fb57dda165a493e,1,RAW-095f57d07ffe6d89,APT_CyberCriminal_Campagin_Collections,890708953d1713f78b6a532920ca33b98624f73f21610a869c557f4793eafa07,CONTENT_ELIGIBLE,786,2,1,"[""APT_CyberCriminal_Campagin_Collections""]","[""RAW-095f57d07ffe6d89""]",SINGLETON,False,True
CANON-271812b127cc0e5c,271812b127cc0e5c9bca8e4e7cf793fc408cc5723bbf2466fc50c7c58e02c7fd,1,RAW-80c7d22aa2a780f3,APT_CyberCriminal_Campagin_Collections,41d19c17fcb28332ecc682e519edc0914d65dd26285331388836a71ae0af2933,CONTENT_ELIGIBLE,3516,13,1,"[""APT_CyberCriminal_Campagin_Collections""]","[""RAW-80c7d22aa2a780f3""]",SINGLETON,False,True
CANON-2732816fa842ef5e,2732816fa842ef5ef65678f04d4f486db3a9af3d9d4ade1517ffb72614ea27af,1,RAW-131ffcf5d5350549,APT_CyberCriminal_Campagin_Collections,1f4004214e57f5fa7c5ce57c32a19b5d800907ca995b9f85a87a3fa13f49aa49,CONTENT_ELIGIBLE,1089,7,1,"[""APT_CyberCriminal_Campagin_Collections""]","[""RAW-131ffcf5d5350549""]",SINGLETON,False,True
CANON-2733e2b666c439b4,2733e2b666c439b469e3cc8ecd4d0bab9cf631c97ec9f9953ddfa5408db2ba12,2,RAW-6a170303c9245008,APT_CyberCriminal_Campagin_Collections,432281f324a48cd87d24e7a36dd9b889feee8c74426dbd90ef1dc6e14d885e68,CONTENT_ELIGIBLE,1678,11,2,"[""APT_CyberCriminal_Campagin_Collections"",""APTnotes""]","[""RAW-6a170303c9245008"",""RAW-e55d500be4f93079""]",EXACT_BINARY,True,True
CANON-276dbb235bfd0805,276dbb235bfd0805a90b37fb4fabe3f1911fe8b4e63d4de0a78656a2451abba1,1,RAW-63cc9a062c6811d7,APTnotes,d78302e09ef779a8c32552cb24b5d7e4a16fd46b69a2c642f3fee48ce8a24ae1,CONTENT_ELIGIBLE,205,3,1,"[""APTnotes""]","[""RAW-63cc9a062c6811d7""]",SINGLETON,False,False
CANON-277fabcb05ed10ba,277fabcb05ed10ba9e6082a83680000c02b8b025028dfd1657ba1a91d6a07e45,1,RAW-127ffec509b9bc54,APTnotes,69515f6644ef95fb48d1e477c2afacaae8caf951caf3dc0dd2d47d12782cef93,CONTENT_ELIGIBLE,4530,23,1,"[""APTnotes""]","[""RAW-127ffec509b9bc54""]",SINGLETON,False,True
CANON-27e847d6cc8578a0,27e847d6cc8578a054dfdb9e7999968f0c1cab9ec372b8ccd43664ea3b8b9d94,1,RAW-dcb35f9f71ed52c3,APT_CyberCriminal_Campagin_Collections,bed919667432282be5122272cd9afdf063f12af66b0e14aef23233a55119e2fd,CONTENT_ELIGIBLE,6823,19,1,"[""APT_CyberCriminal_Campagin_Collections""]","[""RAW-dcb35f9f71ed52c3""]",SINGLETON,False,True
CANON-2816c23b967c4569,2816c23b967c4569c27164fc139e0e3573e35a766c3f82ffb95b8568581e03d0,1,RAW-1a508ff2308fa534,APTnotes,9c91371d0960be2f7fed26915364e834afbddb5107e5757a381e4206c0117029,CONTENT_ELIGIBLE,2506,12,1,"[""APTnotes""]","[""RAW-1a508ff2308fa534""]",SINGLETON,False,True
CANON-28402188888b3df6,28402188888b3df6ada664eabbd9778b78fba784dce059cf0f4a049f562f1990,1,RAW-a8236d9ef6f14ae0,APTnotes,809f39c34338dd1433c5c62e9cb9a471e23f9f672a85401525183633080240c1,CONTENT_ELIGIBLE,1913,18,1,"[""APTnotes""]","[""RAW-a8236d9ef6f14ae0""]",SINGLETON,False,True
CANON-28557447b09d020e,28557447b09d020e9347a5ab150537a22e56aacc72d8a1232ede9c96e6d8b3b9,1,RAW-c0d3af5300624e4c,APT_CyberCriminal_Campagin_Collections,06f8328b1bd4c434c32b481939f108be39fe780784e947b92cc544e000231ba3,CONTENT_ELIGIBLE,1934,5,1,"[""APT_CyberCriminal_Campagin_Collections""]","[""RAW-c0d3af5300624e4c""]",SINGLETON,False,True
CANON-28668c7f5f799799,28668c7f5f7997997dc749ad0d4936166f75f3e415ba3f325fe73105f8caf0bd,1,RAW-208d9f8316fdee95,APT_CyberCriminal_Campagin_Collections,cb76f2272816bc764164e516fb1ca87109bc048f91b5b0f910fcd531ff64d194,CONTENT_ELIGIBLE,1397,13,1,"[""APT_CyberCriminal_Campagin_Collections""]","[""RAW-208d9f8316fdee95""]",SINGLETON,False,True
CANON-287b58fbc56f66cc,287b58fbc56f66cc6325aa2acdf3b70fb59c670766c1558ad9f53368a2295748,1,RAW-aaa342acdae9c2ad,APTnotes,599aba251ff7f9558fb5b2854e0259c04349a97948f3ff6408e974eb563fd30e,CONTENT_ELIGIBLE,859,10,1,"[""APTnotes""]","[""RAW-aaa342acdae9c2ad""]",SINGLETON,False,False
CANON-288d74eeaae9ae4f,288d74eeaae9ae4f4959f8b32bc21bee77cc8da04c29620fbbc108a32e273c78,1,RAW-7cb0678804c11552,APTnotes,d80684e83b56cafebd2eb86502c525b820e3b7793c7e01ba3590b188497872e0,CONTENT_ELIGIBLE,2029,11,1,"[""APTnotes""]","[""RAW-7cb0678804c11552""]",SINGLETON,False,True
CANON-28a16ef3529c2d7a,28a16ef3529c2d7a463eee58376b154dc27adb90042f65ae8ab7c8d7422649b1,1,RAW-f0d71a92afb89a84,APTnotes,219ac87eec9e6f453d5e885c2f5d3f105e7edd26bdfe130493980e4cc2182c8a,CONTENT_ELIGIBLE,2057,4,1,"[""APTnotes""]","[""RAW-f0d71a92afb89a84""]",SINGLETON,False,True
CANON-28c9a0ff07eadce9,28c9a0ff07eadce958b5d184fcb7d103450bbdadbe42a1a78c3041093fc03e34,2,RAW-554b3c1f2d6034f3,APTnotes,94412c2da2acee35a20f43b42f8e2d0e0b3a320c559e657f93aac48610674c74,CONTENT_ELIGIBLE,4190,35,2,"[""APT_CyberCriminal_Campagin_Collections"",""APTnotes""]","[""RAW-554b3c1f2d6034f3"",""RAW-71332ea72547a5c3""]",EXACT_BINARY,True,True
CANON-2900326af3b784c7,2900326af3b784c7f4400d645d7315b69d19eadf7425170e276807e62c912348,1,RAW-3f0719a10add2674,APT_CyberCriminal_Campagin_Collections,6e466cd659d2743b84717c57231ba3e894ec25423de3457976b02e55ce06eef9,CONTENT_ELIGIBLE,1683,8,1,"[""APT_CyberCriminal_Campagin_Collections""]","[""RAW-3f0719a10add2674""]",SINGLETON,False,True
CANON-29113d0672f8ca45,29113d0672f8ca452bbf66fa8ac216cb7db3c59f7568302595051791feb3dc57,1,RAW-e24cc171223ea563,APT_CyberCriminal_Campagin_Collections,3925eb9ba6bfc76ca14655095c797e7986b8f7c799e2308471f30d291b9c07b6,CONTENT_ELIGIBLE,4171,34,1,"[""APT_CyberCriminal_Campagin_Collections""]","[""RAW-e24cc171223ea563""]",SINGLETON,False,True
CANON-2974f016a8efd3ee,2974f016a8efd3ee9112f7161b44f8925af3421b93a46eb9aee486ee941a0667,1,RAW-6cee18287c6c7703,APT_CyberCriminal_Campagin_Collections,f8addc87b0f7e13e353a72211f408911180b9c4e1db5b46a0e7fa8cc235221dc,CONTENT_ELIGIBLE,359,18,1,"[""APT_CyberCriminal_Campagin_Collections""]","[""RAW-6cee18287c6c7703""]",SINGLETON,False,True
CANON-2986620689cffb17,2986620689cffb1721c2d327a5ef0c6d6a514258e539efffdadd2a1dec97da63,1,RAW-b82177deb15f27f9,APT_CyberCriminal_Campagin_Collections,c7639aa2dfa2b934cc486eca8f83b32196e3ea4642447bf2db0e3a132c5c1499,CONTENT_ELIGIBLE,2159,10,1,"[""APT_CyberCriminal_Campagin_Collections""]","[""RAW-b82177deb15f27f9""]",SINGLETON,False,True
CANON-29982d8bc186732b,29982d8bc186732b8f5daf7e332ba03d9a776cc7e6f55744d14e3c6cb1634a8c,1,RAW-7fa3490a9f3bf538,APTnotes,740d340cb795c2068d9a451092054e2fd2a987ac3d40edbe729eae38ed9ab610,CONTENT_ELIGIBLE,1321,6,1,"[""APTnotes""]","[""RAW-7fa3490a9f3bf538""]",SINGLETON,False,True
CANON-29ad6beed974591b,29ad6beed974591bde81a43b6a7986e84babcecf5343b6d65c6bd392e1a8af9d,2,RAW-2ad290cf9e11a238,APT_CyberCriminal_Campagin_Collections,085f1e7aeae62a60881b4c7570aaabe732ad46a467b86203bedf072583aa1ac8,CONTENT_ELIGIBLE,6300,28,2,"[""APT_CyberCriminal_Campagin_Collections"",""APTnotes""]","[""RAW-2ad290cf9e11a238"",""RAW-e39f939576f97dfe""]",EXACT_BINARY,True,True
CANON-29fe40c9fedacaac,29fe40c9fedacaacc272fbfef20c229543514ba1590fb276eb2e3722f81776da,1,RAW-a32cb14a0fc1da29,APT_CyberCriminal_Campagin_Collections,46a26eaf9691fdbb8004d28697859fefdab89afce003698d3d2cd5220ad82ae2,CONTENT_ELIGIBLE,1417,7,1,"[""APT_CyberCriminal_Campagin_Collections""]","[""RAW-a32cb14a0fc1da29""]",SINGLETON,False,True
CANON-2a743579eb9e1add,2a743579eb9e1add816358f672d4e78c073a6dda5b8ade72e106493753aff6c9,1,RAW-125b5d7341f2ae8f,APT_CyberCriminal_Campagin_Collections,f9ac92bcc46abea87840f00aaf8677d070a95e1dd5ac1fa6c7c8507dfec538f1,CONTENT_ELIGIBLE,2828,12,1,"[""APT_CyberCriminal_Campagin_Collections""]","[""RAW-125b5d7341f2ae8f""]",SINGLETON,False,True
CANON-2a7cac855e89395e,2a7cac855e89395e808808b7b3bee7d7c32221335a92325b12ed6e6a77e26209,1,RAW-095a51a5170b7a9f,APT_CyberCriminal_Campagin_Collections,647358246a7370bab8af8147792744b79ec14942f95062a0729aab8abe78e7da,CONTENT_ELIGIBLE,1777,11,1,"[""APT_CyberCriminal_Campagin_Collections""]","[""RAW-095a51a5170b7a9f""]",SINGLETON,False,True
CANON-2a7cf9f5964299e1,2a7cf9f5964299e13641519d656e99252266143cd5dc477a5d39b2e05cda5138,1,RAW-dee43a565d380fbe,APT_CyberCriminal_Campagin_Collections,a0a4ebbf1fcb45a32743a3e1dc17d453161d420a7a31a08de126ffbbe849bf15,CONTENT_ELIGIBLE,997,7,1,"[""APT_CyberCriminal_Campagin_Collections""]","[""RAW-dee43a565d380fbe""]",SINGLETON,False,True
CANON-2a7e7829456ebb98,2a7e7829456ebb985a239a87c18110289823e7d0fb39a084ec36a5a24070d164,1,RAW-b488530969b2f97c,APTnotes,b73dc3bf2bb2e55b5a2f66fd4b32fe858ebb1f5955b0f224dd80816c97cd7d73,CONTENT_ELIGIBLE,2137,14,1,"[""APTnotes""]","[""RAW-b488530969b2f97c""]",SINGLETON,False,True
CANON-2aa98d1472d9fae7,2aa98d1472d9fae742623e6a9cdb2bb724f5c8563b4002956f52e79035c8e0d1,2,RAW-87f62d87c622d151,APT_CyberCriminal_Campagin_Collections,ad896f2d686d1eaa5b039a0c8b44813d4e91eb0225233bcc5832e1c9c04b8524,CONTENT_ELIGIBLE,24069,119,2,"[""APT_CyberCriminal_Campagin_Collections"",""APTnotes""]","[""RAW-87f62d87c622d151"",""RAW-b885388c46ebd435""]",EXACT_BINARY,True,True
CANON-2ab42ca4cd6b1ba1,2ab42ca4cd6b1ba16243a628b6d3eefdebe441042ff83ab08460de2aba38c917,1,RAW-73dc8e0a03e3b8cb,APT_CyberCriminal_Campagin_Collections,913a4277c640f7a6b2689c1b2d2b3ba306de1a8c74da183025941325ba84c825,CONTENT_ELIGIBLE,6291,35,1,"[""APT_CyberCriminal_Campagin_Collections""]","[""RAW-73dc8e0a03e3b8cb""]",SINGLETON,False,True
CANON-2abfcecdb0936392,2abfcecdb0936392767879d994cb3289d7fa8b67f63e8871cd8d3391156c9084,2,RAW-b165287de6e6d1f6,APT_CyberCriminal_Campagin_Collections,5724cba37cff663fba802e154ba3abc8a7cce04683774e4cb559a986ebf387e4,CONTENT_ELIGIBLE,3617,23,2,"[""APT_CyberCriminal_Campagin_Collections"",""APTnotes""]","[""RAW-b165287de6e6d1f6"",""RAW-df4a4ace1db2bfe2""]",EXACT_BINARY,True,True
CANON-2b411b1e73408696,2b411b1e73408696a783b43113e98f230ef1bef64c150ea98f4fa6f7aea4cdd3,2,RAW-569e47c276cd31b4,APT_CyberCriminal_Campagin_Collections,9adf4e67206cbe5e88633a2a2210e0c8520cb18000b74871031de03a6a31055d,CONTENT_ELIGIBLE,3409,16,2,"[""APT_CyberCriminal_Campagin_Collections"",""APTnotes""]","[""RAW-569e47c276cd31b4"",""RAW-a79090c2a0397676""]",EXACT_BINARY,True,True
CANON-2b4e4b67a74dc09c,2b4e4b67a74dc09cf58194c0087440a73d499948bf56b1d097ba449bfc83fcc4,1,RAW-04db05992c4d5153,APT_CyberCriminal_Campagin_Collections,aae24db3eb0ffb836fa0962dac2dc03e06c8e3899f70a50cf1203a659942de53,CONTENT_ELIGIBLE,27825,84,1,"[""APT_CyberCriminal_Campagin_Collections""]","[""RAW-04db05992c4d5153""]",SINGLETON,False,True
CANON-2bcc9187a1ede6cb,2bcc9187a1ede6cbcfb142f984ab6e2006c9038cf660c63f38d1c1bdc2c9ac05,1,RAW-e4c5c340cb62516d,APT_CyberCriminal_Campagin_Collections,e5f13c3ab60e0d81965d1f7a43d1771e794fb72309f7f87cb97da0e8e5465155,CONTENT_ELIGIBLE,4869,23,1,"[""APT_CyberCriminal_Campagin_Collections""]","[""RAW-e4c5c340cb62516d""]",SINGLETON,False,True
CANON-2bda03134fc416e9,2bda03134fc416e9b2f4e02dcd2e0a8b633f3349c1967dfc0599e0c4e4965edd,1,RAW-8f773509636f7fe7,APT_CyberCriminal_Campagin_Collections,0a0b18a02a3f667663b2255ba3762af5359d34a6ebffc2b814e2336f6395104d,CONTENT_ELIGIBLE,5413,20,1,"[""APT_CyberCriminal_Campagin_Collections""]","[""RAW-8f773509636f7fe7""]",SINGLETON,False,True
CANON-2bdfeaf4168aa879,2bdfeaf4168aa8796db218a9b15ba5fc860c46adcd1bbe3a2748458143dc9689,1,RAW-47310475cd9ba8a2,APT_CyberCriminal_Campagin_Collections,9a7291e64fb14fbcda018b65d4ac73b8827701ec9a00ff304588ccf4e3257801,CONTENT_ELIGIBLE,658,4,1,"[""APT_CyberCriminal_Campagin_Collections""]","[""RAW-47310475cd9ba8a2""]",SINGLETON,False,True
CANON-2be8d2818216b701,2be8d2818216b701eb962a94e8e709c2c6d8097912903c7553c72debf08547eb,1,RAW-8bf00a74054e540b,APT_CyberCriminal_Campagin_Collections,48fd7a8c67c28b5257c00d5d28c9c9af3bd53443f52de0eb98c9b48927e6d632,CONTENT_ELIGIBLE,1367,10,1,"[""APT_CyberCriminal_Campagin_Collections""]","[""RAW-8bf00a74054e540b""]",SINGLETON,False,True
CANON-2bec538a550edc5d,2bec538a550edc5db0a6a76d6518da1c32f09a1625356f2810f0aa9129d6940b,1,RAW-07042991c13c3c14,APT_CyberCriminal_Campagin_Collections,e3594e0ec52efd572703eaf7ed9c3a818ba94bb555d5dacc67c3c14d19c4b160,CONTENT_ELIGIBLE,1777,8,1,"[""APT_CyberCriminal_Campagin_Collections""]","[""RAW-07042991c13c3c14""]",SINGLETON,False,True
CANON-2bfaad5cc0c04d5b,2bfaad5cc0c04d5b5816324201a6cd4c53756afa77f4e8b7cdc9fc7c6b72668c,1,RAW-ab741c92d33ec442,APT_CyberCriminal_Campagin_Collections,1ce0ea8bc30773b7fb7f7d6a839640fa2359c27117e75fb952131b225f57a320,CONTENT_ELIGIBLE,2452,17,1,"[""APT_CyberCriminal_Campagin_Collections""]","[""RAW-ab741c92d33ec442""]",SINGLETON,False,True
CANON-2bffe570676228ab,2bffe570676228abf516bdd0fd322d87da9f419d0e8ae8b2379cb6c7ce286173,1,RAW-69b33aef90fb8be8,APT_CyberCriminal_Campagin_Collections,9433f380300d339fbb66dfefe3be1846e3296ac02efc375d6580d3f114a7ec8f,CONTENT_ELIGIBLE,5487,24,1,"[""APT_CyberCriminal_Campagin_Collections""]","[""RAW-69b33aef90fb8be8""]",SINGLETON,False,True
CANON-2c04602e4e7053af,2c04602e4e7053af302f97b9d7c85d3e4c745a76ac1d088c11e1086edb8f7c95,1,RAW-1b0a034ee349c2d3,APT_CyberCriminal_Campagin_Collections,02ad1607a527fb023555711187e755bcf5954d81131b34c14a2c20a648877351,CONTENT_ELIGIBLE,1165,12,1,"[""APT_CyberCriminal_Campagin_Collections""]","[""RAW-1b0a034ee349c2d3""]",SINGLETON,False,False
CANON-2cfdd2557de5cc63,2cfdd2557de5cc637161e8369ffc6e588c578626381fa0d4c19122090ff502fb,1,RAW-e4a91f2adc2e7435,APT_CyberCriminal_Campagin_Collections,81eea0c65263dc9dcea5ab90f4abf688baec52d4fd83c0694cfb3a0413059fad,CONTENT_ELIGIBLE,765,7,1,"[""APT_CyberCriminal_Campagin_Collections""]","[""RAW-e4a91f2adc2e7435""]",SINGLETON,False,False
CANON-2d08a04f628cb8b6,2d08a04f628cb8b6c079286cb4f83e58dca40516156a5e8c4a108687b58cc420,1,RAW-bc3b62f73c743a25,APT_CyberCriminal_Campagin_Collections,cc339c449bd47cce8f5c38fabe25ebc0d16ac69013f8645221935139a6bd0be5,CONTENT_ELIGIBLE,2074,10,1,"[""APT_CyberCriminal_Campagin_Collections""]","[""RAW-bc3b62f73c743a25""]",SINGLETON,False,True
CANON-2d25838f3ce1226e,2d25838f3ce1226e589ee60854393fb3228390154d5c28bc0cf70c6099a7f9b0,1,RAW-6c8bc75f8a605ecd,APT_CyberCriminal_Campagin_Collections,11e1e300240bc2b247670cee226ee332a5bf4aabba1c5bea67b82bccfe9a96ea,CONTENT_ELIGIBLE,2485,8,1,"[""APT_CyberCriminal_Campagin_Collections""]","[""RAW-6c8bc75f8a605ecd""]",SINGLETON,False,True
CANON-2d434c0f078c3960,2d434c0f078c3960b71aaa7c5afc400447778a3f8c86a9c4be72f907fbd5ac34,1,RAW-43cdd33a3cd0d799,APTnotes,715806dbe43b70b62720f404ce312b7e6e329e7f30cf824d42e93a4b6d83d750,CONTENT_ELIGIBLE,2982,16,1,"[""APTnotes""]","[""RAW-43cdd33a3cd0d799""]",SINGLETON,False,True
CANON-2d7d71c2f072c528,2d7d71c2f072c528b5857393b0783eadd15b3013014dea41382b3551d6e77c1a,1,RAW-d07baa00fa450de1,APTnotes,94657806625296f2659409ff6dcaf339b881edf09320022266a9841f5e63044d,CONTENT_ELIGIBLE,3018,22,1,"[""APTnotes""]","[""RAW-d07baa00fa450de1""]",SINGLETON,False,True
CANON-2d9aeab952f49393,2d9aeab952f49393e42529f6182f2ed5666458cbe7e42524c8f798a3b28f8c25,1,RAW-36ed78ed2ed3b0d5,APT_CyberCriminal_Campagin_Collections,67d77b7cb84720d2b6a7e2bbfc8bcd9ededf59a02e604b5bd932558c14bc56c7,CONTENT_ELIGIBLE,5260,17,1,"[""APT_CyberCriminal_Campagin_Collections""]","[""RAW-36ed78ed2ed3b0d5""]",SINGLETON,False,True
CANON-2da2dfbaf0b5df40,2da2dfbaf0b5df4007851e72dbfdfb5fa7d0c00e7df583a5e3f1c86feb7de0ef,2,RAW-835be6423f29c7a5,APTnotes,636f834d4331a6125e19ed5119814f51b124f13f03a2b1bb265a72bac61afefe,CONTENT_ELIGIBLE,878,12,2,"[""APT_CyberCriminal_Campagin_Collections"",""APTnotes""]","[""RAW-835be6423f29c7a5"",""RAW-b9be122a9c9e879b""]",EXACT_BINARY,True,False
CANON-2ddf2b7245c1bb99,2ddf2b7245c1bb99c3f59ac856fd6a152460f1d6cfebdbcfdb33db87aa97c561,1,RAW-81eb1f59588cde20,APT_CyberCriminal_Campagin_Collections,983ed8aedddcd76595285140edef530509993ef1425ef0df16f3a820ce2dc76b,CONTENT_ELIGIBLE,1457,6,1,"[""APT_CyberCriminal_Campagin_Collections""]","[""RAW-81eb1f59588cde20""]",SINGLETON,False,True
CANON-2deadf3c61863ce1,2deadf3c61863ce1f521cd17c62824c5baccd9018f83e8f891b47d50d00f57d5,2,RAW-486655409e457843,APTnotes,7ec839547f0db83657130045d78a62a006e13428a8c42d68e1e6c9306b956ab5,CONTENT_ELIGIBLE,1424,10,1,"[""APTnotes""]","[""RAW-486655409e457843"",""RAW-8de67208a134b683""]",EXACT_BINARY,False,False
CANON-2e0ed5eb4e52ef00,2e0ed5eb4e52ef00ca56ff5a62522976ceacfae39c809cd338727d110951bc28,2,RAW-28abe88ff9c0006e,APT_CyberCriminal_Campagin_Collections,fecf95a5eba0d3c41c2c28bcc8ef5c596dac893e96152a4576f6a045ec500344,CONTENT_ELIGIBLE,4638,26,2,"[""APT_CyberCriminal_Campagin_Collections"",""APTnotes""]","[""RAW-28abe88ff9c0006e"",""RAW-b4c116ec0ae2e926""]",EXACT_BINARY,True,True
CANON-2e22caeef195b872,2e22caeef195b872dec62d48944a58354089224b0401e652541770051c069d60,2,RAW-a0ea10b99bc16831,APTnotes,0f7c15048d6188a8f83f35da30566c31d7bbd7cce295b7f053e8673ff76f12ea,CONTENT_ELIGIBLE,7081,45,2,"[""APT_CyberCriminal_Campagin_Collections"",""APTnotes""]","[""RAW-a0ea10b99bc16831"",""RAW-e6ccd6a6f02bc8f4""]",EXACT_BINARY,True,True
CANON-2e669aef2d63e76b,2e669aef2d63e76b44b35f742b19dfa263ffe802ff6ab2d090f131b30190d51c,1,RAW-f6da5c826f2af5e3,APT_CyberCriminal_Campagin_Collections,2fbc997786e8ace49c64cedf476317dc983a8cb3cfee9c3b66d8de4a3ed0ba02,CONTENT_ELIGIBLE,322,1,1,"[""APT_CyberCriminal_Campagin_Collections""]","[""RAW-f6da5c826f2af5e3""]",SINGLETON,False,False
CANON-2e82a0befb02ab3e,2e82a0befb02ab3efcf801ebb7336341f706fcc0296b07e77d5ce3038d83a208,2,RAW-716a05987f69c74a,APTnotes,691b09ed450c06f3492b68c0d6871c585a80413f655878bca25631ab2b85a365,CONTENT_ELIGIBLE,4518,25,2,"[""APT_CyberCriminal_Campagin_Collections"",""APTnotes""]","[""RAW-716a05987f69c74a"",""RAW-c3dff289ea018b58""]",EXACT_BINARY,True,True
CANON-2e9b5ce0ee1c0d6c,2e9b5ce0ee1c0d6ce43bcc3856daf7c777ce183fe01d8f2b549556a1df08705d,1,RAW-2233367c7e0e4b2c,APT_CyberCriminal_Campagin_Collections,b3795f6988fbacfff1d69897ae3c59d3061921fab19b76d76799077c5e21a8b5,CONTENT_ELIGIBLE,1785,9,1,"[""APT_CyberCriminal_Campagin_Collections""]","[""RAW-2233367c7e0e4b2c""]",SINGLETON,False,True
CANON-2eb03ba5c6a0bf54,2eb03ba5c6a0bf54c9bdeac4fefdb3e8f7aa253b9fc70c554c6ca1596442641a,1,RAW-8da569f8cd022e10,APT_CyberCriminal_Campagin_Collections,faaf7ae3f0670c2b359f169eb0f2eeba178724568a27047378cec948fac6c01a,CONTENT_ELIGIBLE,3097,21,1,"[""APT_CyberCriminal_Campagin_Collections""]","[""RAW-8da569f8cd022e10""]",SINGLETON,False,True
CANON-2ebcb1980f286f29,2ebcb1980f286f29b1d36e90873d6c75f1b208817a87a48b26cee334fbe953ea,1,RAW-06b9767828ad8873,APT_CyberCriminal_Campagin_Collections,0a0ae23455959c1168c236c66c586d33106c8433b1f0221775b1249c3d3146c0,CONTENT_ELIGIBLE,2227,10,1,"[""APT_CyberCriminal_Campagin_Collections""]","[""RAW-06b9767828ad8873""]",SINGLETON,False,True
CANON-2ecf4a072bbcad74,2ecf4a072bbcad746b9726932e13e2a00f5eb7ce7bfdd29a87ca0098f3ef5bee,1,RAW-c943581d3ded8e73,APT_CyberCriminal_Campagin_Collections,cc3b5decfbfbf536dfed7f4a67248f6046cd3d3337c512c16ac5ebb01b40a5bf,CONTENT_ELIGIBLE,1346,11,1,"[""APT_CyberCriminal_Campagin_Collections""]","[""RAW-c943581d3ded8e73""]",SINGLETON,False,False
CANON-2ef9bddc058dfe44,2ef9bddc058dfe444b7ccfdb3ce4042724edadf55bd870e6e8eccf70809f16db,1,RAW-0147d391c7a81b59,APT_CyberCriminal_Campagin_Collections,a0539a4e2240665be57b19b6ebb5099d6add24c9dfc4930bdc277851f2556705,CONTENT_ELIGIBLE,12901,31,1,"[""APT_CyberCriminal_Campagin_Collections""]","[""RAW-0147d391c7a81b59""]",SINGLETON,False,True
CANON-2f0e0761dd42b30c,2f0e0761dd42b30cd86e1f770a61986caa3dfc75956a20372d682968d3815179,2,RAW-97899cce7bb92cef,APT_CyberCriminal_Campagin_Collections,523e0dc9445e8e063c8841777f6b38257a82f550f4f7b47e058ccac2d3f3898b,CONTENT_ELIGIBLE,1305,6,2,"[""APT_CyberCriminal_Campagin_Collections"",""APTnotes""]","[""RAW-97899cce7bb92cef"",""RAW-fedb51d7b57bc326""]",EXACT_BINARY,True,True
CANON-2f1be81e65cb2f33,2f1be81e65cb2f33316aaa947e64acf598f6a178968c4af7614200bbdb9cbc36,2,RAW-b0e7b175b27cf627,APTnotes,3f4cf8a857ec201f99f8029eabc1a648290aadb371b359d54d6600a85a6b6fa6,CONTENT_ELIGIBLE,914,4,2,"[""APT_CyberCriminal_Campagin_Collections"",""APTnotes""]","[""RAW-b0e7b175b27cf627"",""RAW-b27c5d2d79b123b4""]",EXACT_BINARY,True,True
CANON-2f5647aae51bfd33,2f5647aae51bfd33db746c0a3024a22a076a6a70bcf94932be5699b27627d327,1,RAW-2d7cdb36d0c7c4f4,APT_CyberCriminal_Campagin_Collections,62793c773a1f180b7496af41b3c346ec35b650adb2a0f5ee22d5dbf901064c11,CONTENT_ELIGIBLE,2782,13,1,"[""APT_CyberCriminal_Campagin_Collections""]","[""RAW-2d7cdb36d0c7c4f4""]",SINGLETON,False,True
CANON-2f91f81b01ef7338,2f91f81b01ef7338736318e3079ce80f0e86bb887c612832a08c52ecd45095f9,1,RAW-c87bb70eb6207202,APTnotes,e2f5055a5e25d50255bef99ccfef9b939807c8de461b42d69244684ac42e5ca7,CONTENT_ELIGIBLE,3969,14,1,"[""APTnotes""]","[""RAW-c87bb70eb6207202""]",SINGLETON,False,True
CANON-302717bd5f9327bc,302717bd5f9327bcc58a67d883a0da421dbfb0136a4511cdd9406bc5fbecbc81,1,RAW-e77fbe011721ad82,APT_CyberCriminal_Campagin_Collections,b0de0a02fd7439a608de82573dde5aa8ca36ae9c742e36f3d5bfd5e99f0b6ca1,CONTENT_ELIGIBLE,1603,8,1,"[""APT_CyberCriminal_Campagin_Collections""]","[""RAW-e77fbe011721ad82""]",SINGLETON,False,False
CANON-302bdbc685c856cd,302bdbc685c856cd666de53cc2f4acb8ee0182a72fee6d4b1f365aeef2082d2f,1,RAW-4c2848239ec8946c,APTnotes,8f9c4dd17bc70704551b88accf2c65a17803e361c44ca2df0034a07cfd34bae2,CONTENT_ELIGIBLE,304,3,1,"[""APTnotes""]","[""RAW-4c2848239ec8946c""]",SINGLETON,False,True
CANON-304b3cff5e56f37c,304b3cff5e56f37ccc0b074c6dda3dd62450d061fa21b6a96c6a448f8d175182,1,RAW-bc3325bbaf3c7597,APT_CyberCriminal_Campagin_Collections,06d56854d57f6d5486f99dfa61b762d14772c102a951485e508ff5c7db6ec0c8,CONTENT_ELIGIBLE,4867,24,1,"[""APT_CyberCriminal_Campagin_Collections""]","[""RAW-bc3325bbaf3c7597""]",SINGLETON,False,True
CANON-309aa1323d5e7524,309aa1323d5e7524ffbf0ae84f3735ac37c3c8f9c973ba342db7d27862cdfad1,1,RAW-563a65644afaa3e1,APTnotes,3323ad4b2057e8c0b06b35776a9d1e35b0f0573bef6e1fee3bd10e1e8109773a,CONTENT_ELIGIBLE,2328,20,1,"[""APTnotes""]","[""RAW-563a65644afaa3e1""]",SINGLETON,False,True
CANON-30e9013df0cb66f8,30e9013df0cb66f85f3f3a8b84243209b4a5519508bd6dbe7ff3c7bab18e0f90,1,RAW-7b2c6bae121815b2,APT_CyberCriminal_Campagin_Collections,870bb1cdfafdaafe8c985166c8950bc893f012bfde9d5ea0f2edb9a91af16db8,CONTENT_ELIGIBLE,5309,27,1,"[""APT_CyberCriminal_Campagin_Collections""]","[""RAW-7b2c6bae121815b2""]",SINGLETON,False,True
CANON-310ad84a5bad7fef,310ad84a5bad7fef086661a492508bf0d302672d3d27dfd1620ee9df5a0f0700,2,RAW-c9295d33d53ee773,APTnotes,acffdb8a812f1fa4ff3300dbd02ab79f63c5e0eddfe79ef4eb92f9a19de48cdd,CONTENT_ELIGIBLE,7333,37,2,"[""APT_CyberCriminal_Campagin_Collections"",""APTnotes""]","[""RAW-c9295d33d53ee773"",""RAW-d1b80a10b59c2119""]",EXACT_BINARY,True,True
CANON-3126ab9673314918,3126ab96733149186734418ff46d0613a328fe2f8fe2426e15a8c3a076870470,1,RAW-472ab07de5d3d17a,APTnotes,2d460cb6523158909dad07e6b0f9491339ce4ce1550f64832b0c5396c2f5bb8f,CONTENT_ELIGIBLE,5742,38,1,"[""APTnotes""]","[""RAW-472ab07de5d3d17a""]",SINGLETON,False,True
CANON-313950b9180b6260,313950b9180b6260e9fc241ec75e46e63f6b0e534f93d3dd6c0f6fe6979e498c,1,RAW-b2883c46501a8981,APT_CyberCriminal_Campagin_Collections,9b0fd065c5f542817b7e5fca289e244193e6f189b40203c100575e6170feb0c1,CONTENT_ELIGIBLE,1071,6,1,"[""APT_CyberCriminal_Campagin_Collections""]","[""RAW-b2883c46501a8981""]",SINGLETON,False,True
CANON-3142fcfce6699331,3142fcfce6699331353cd1cf32d1d1e0ae9d15e46afa8e3650c3f361904a1558,2,RAW-7cc5462caf34555d,APT_CyberCriminal_Campagin_Collections,9abed9b2b33156e681ba8c8e938d1ad1536dcc996c12a3eae480a09c33e5b7a8,CONTENT_ELIGIBLE,5598,34,2,"[""APT_CyberCriminal_Campagin_Collections"",""APTnotes""]","[""RAW-7cc5462caf34555d"",""RAW-e134f0275fd7e2e0""]",EXACT_BINARY,True,True
CANON-31476b91e7c88c32,31476b91e7c88c32aba32b960fbe349eb766a453205dba6b74723f165430d7d9,1,RAW-b22ef7b102cc5b17,APT_CyberCriminal_Campagin_Collections,24a70e7992d4411f70f99f2cc3897f69918deb55599f665cb65f16226c186394,CONTENT_ELIGIBLE,1652,12,1,"[""APT_CyberCriminal_Campagin_Collections""]","[""RAW-b22ef7b102cc5b17""]",SINGLETON,False,True
CANON-3178328d79543bce,3178328d79543bce50c4e2859156c4dffe78a0843d6252923d4a8bfaab4fbbc4,2,RAW-02786ad4eaa4b587,APTnotes,4ad947eb4b2c5e4b2383f17d98c3b748c498f6422d06cd4dc1b9e16b6e636815,CONTENT_ELIGIBLE,1010,4,2,"[""APT_CyberCriminal_Campagin_Collections"",""APTnotes""]","[""RAW-02786ad4eaa4b587"",""RAW-deeebe3fbad2fe4e""]",EXACT_BINARY,True,True
CANON-3186cc586664f7ff,3186cc586664f7ff4a849301df2c2765f56aeff2a4eccbcd9d5fe030e3719476,1,RAW-477db3561c7ad9b8,APT_CyberCriminal_Campagin_Collections,a7cd314dc27c5fb181ba0a418cd337945b0703c26f3023dba037a26a0c959786,CONTENT_ELIGIBLE,408,49,1,"[""APT_CyberCriminal_Campagin_Collections""]","[""RAW-477db3561c7ad9b8""]",SINGLETON,False,False
CANON-31cb9337d95f3a21,31cb9337d95f3a21b513206c0202ee4867eaaa4807b6d8b4c7b8b9c2db0a8efc,1,RAW-caba7cb43cc695d7,APT_CyberCriminal_Campagin_Collections,fa1d33faf7e297c79b7a3e50dceb9e98ff6023d8e1b970d5a59b59268c1999cb,CONTENT_ELIGIBLE,2115,8,1,"[""APT_CyberCriminal_Campagin_Collections""]","[""RAW-caba7cb43cc695d7""]",SINGLETON,False,True
CANON-32158f947a931639,32158f947a93163956bf2f2e4a4bbe58b2dc1008fd39824ce39c54762d38241b,2,RAW-18a09f182f7e590e,APTnotes,2d27300b0faca21998620e0e246982cb04e80fefd8e0975674ca681761b3f924,CONTENT_ELIGIBLE,2085,13,2,"[""APT_CyberCriminal_Campagin_Collections"",""APTnotes""]","[""RAW-18a09f182f7e590e"",""RAW-19a421e04b564804""]",EXACT_BINARY,True,True
CANON-3222b3c4aa88e86c,3222b3c4aa88e86c17490b78308a808a5eac883234b5e28a231cde56900d5e0c,1,RAW-d37c99000f3064d6,APT_CyberCriminal_Campagin_Collections,c61c77e7dea0102cbb831bf6b891d8ec9a30592c9e47897c0d1045323b129dd3,CONTENT_ELIGIBLE,949,12,1,"[""APT_CyberCriminal_Campagin_Collections""]","[""RAW-d37c99000f3064d6""]",SINGLETON,False,True
CANON-3291570ddd04fea0,3291570ddd04fea03cc9ba0dd785f2efcd5e7f151d315459d2270ffa23039f20,1,RAW-d5966abfbbf104bd,APT_CyberCriminal_Campagin_Collections,71dd4d8263a73ca0e93048c89fc4e72ff702b32d4402e41c4b72177d957a686c,CONTENT_ELIGIBLE,652,4,1,"[""APT_CyberCriminal_Campagin_Collections""]","[""RAW-d5966abfbbf104bd""]",SINGLETON,False,True
CANON-32b6c3d07f069371,32b6c3d07f06937111b2011df3d97f76cc1e9b355a339de728bfc628b52c2e33,1,RAW-9eb7ed6514f69961,APT_CyberCriminal_Campagin_Collections,f99e162eb6451e9619c48f787d61acdc97c0ee9aab2a66c25998bca6542bdefe,CONTENT_ELIGIBLE,142,74,1,"[""APT_CyberCriminal_Campagin_Collections""]","[""RAW-9eb7ed6514f69961""]",SINGLETON,False,False
CANON-32e66aaf55c583a0,32e66aaf55c583a0654020f23d61a43ed851da84b719290bfd5a4f3d26b67446,1,RAW-cc8bf9a373d26e81,APT_CyberCriminal_Campagin_Collections,a2b794b92bfe85799930fe46b3bbc113b4a5f53c800e2180b8eaf5c40946e89c,CONTENT_ELIGIBLE,772,5,1,"[""APT_CyberCriminal_Campagin_Collections""]","[""RAW-cc8bf9a373d26e81""]",SINGLETON,False,True
CANON-330207388549781f,330207388549781fb14509ba638f348fbe5b68a7cd04df5e90f054be59068ab7,1,RAW-c199a3cbecc0404a,APTnotes,f07ffdee6f44f3039191bd08a74ef3c04080c2e5c1839bd364a933941e6093c5,CONTENT_ELIGIBLE,1697,10,1,"[""APTnotes""]","[""RAW-c199a3cbecc0404a""]",SINGLETON,False,True
CANON-3316134b154cdf9e,3316134b154cdf9e3b7b595df469bc48d6fbd2f100feba16c77bfb17d3373a84,2,RAW-1973d8a916ec2c85,APT_CyberCriminal_Campagin_Collections,f30a89e71cde3424f9b3ae35e9df7ef7ee030d099c6213cb384f92ef4645af64,CONTENT_ELIGIBLE,1513,13,2,"[""APT_CyberCriminal_Campagin_Collections"",""APTnotes""]","[""RAW-1973d8a916ec2c85"",""RAW-a9eedbb13c3502af""]",EXACT_BINARY,True,True
CANON-3332ddd9032d6c61,3332ddd9032d6c616ea3beab61ea1e78d7e510cd5fb87ffe1a808f1bebfe7c73,1,RAW-0b25814b86e9d534,APT_CyberCriminal_Campagin_Collections,5f5ab12e4fc33c522088c645196b1d322904345ac1609d4b6da6a41733cd4493,CONTENT_ELIGIBLE,1030,20,1,"[""APT_CyberCriminal_Campagin_Collections""]","[""RAW-0b25814b86e9d534""]",SINGLETON,False,False
CANON-333c601a4b24c367,333c601a4b24c367a8af1ba2136a66e0e11a997beb4f6d0a593b63f63cf534ff,1,RAW-75d953ca24438ef3,APTnotes,61991a9d69714408bd975dea2704c88a2f8b9efebb7e4a0e1f2f9c572301ca75,CONTENT_ELIGIBLE,1404,8,1,"[""APTnotes""]","[""RAW-75d953ca24438ef3""]",SINGLETON,False,True
CANON-338766068e7a78dd,338766068e7a78ddda303db0dcb2dde4c2f27d43b4aa4a11559c5f15fe7e4e35,1,RAW-9e6b5b5c97690a9b,APTnotes,8918781f96043e8f1904d78da6d9deb5a4aa15e8a3df4be8099d606fd9c548fc,CONTENT_ELIGIBLE,552,4,1,"[""APTnotes""]","[""RAW-9e6b5b5c97690a9b""]",SINGLETON,False,False
CANON-33ae47e9d83792f9,33ae47e9d83792f9c948fb18a604a1033f4225666369ce612f335b21e6dac0af,1,RAW-74341eda3b3f7c89,APT_CyberCriminal_Campagin_Collections,af30e2de51a35c5a1bb4911346a7ef464307cb188c970cdfb36edb8b712b3fae,CONTENT_ELIGIBLE,1712,9,1,"[""APT_CyberCriminal_Campagin_Collections""]","[""RAW-74341eda3b3f7c89""]",SINGLETON,False,True
CANON-33b66fa5793580b9,33b66fa5793580b99733833cb88aa0f0e5e88565203b9a397f8f621fd85bbe95,1,RAW-65dfb048de502e0e,APT_CyberCriminal_Campagin_Collections,a39edfccd563f6ce0204a7634db2b11462eae2e3b71a32f4165460244abbab43,CONTENT_ELIGIBLE,2378,8,1,"[""APT_CyberCriminal_Campagin_Collections""]","[""RAW-65dfb048de502e0e""]",SINGLETON,False,False
CANON-344b3980a3f4f604,344b3980a3f4f6044c2093e3e0254a2889442b81a11ab87093e87b83f59c1421,1,RAW-f56dcf4c418f947b,APT_CyberCriminal_Campagin_Collections,1cceb2e8b43e16737788dea343c2cc879773525f25dd3a0a229da6b594b7d90f,CONTENT_ELIGIBLE,3352,18,1,"[""APT_CyberCriminal_Campagin_Collections""]","[""RAW-f56dcf4c418f947b""]",SINGLETON,False,True
CANON-3489536c363e7ab9,3489536c363e7ab958c63873640349dda44d32cea5488f98302d1bbab3336c71,1,RAW-895551fc94dd125c,APT_CyberCriminal_Campagin_Collections,b2147a4e88b083ae7f0b47bfc4ce508556a3b9c8c795d806b29a85c88ff2d2dc,CONTENT_ELIGIBLE,4945,12,1,"[""APT_CyberCriminal_Campagin_Collections""]","[""RAW-895551fc94dd125c""]",SINGLETON,False,True
CANON-34a5eaec6b1367d7,34a5eaec6b1367d777c28138e7bf29ad214dd5d6547ea113db4c9be49d06f381,1,RAW-b4c88d3366e7d838,APT_CyberCriminal_Campagin_Collections,c0381dd460e52aa1eb325f85a00e394b883c3bfab736e2031fe0775da617e97d,CONTENT_ELIGIBLE,1922,7,1,"[""APT_CyberCriminal_Campagin_Collections""]","[""RAW-b4c88d3366e7d838""]",SINGLETON,False,True
CANON-34cbc9d97e8a435b,34cbc9d97e8a435bb7a5b02a882aeba97cd693d451afdbff7f3410e4dce3f9eb,1,RAW-dbbc9eed1c70836e,APT_CyberCriminal_Campagin_Collections,1985a129951cdd5424d3a5b1bc2cd9747781075b7405e03e4a8817b003c0ca17,CONTENT_ELIGIBLE,1794,11,1,"[""APT_CyberCriminal_Campagin_Collections""]","[""RAW-dbbc9eed1c70836e""]",SINGLETON,False,False
CANON-3515345338049be9,3515345338049be9874c619bfbf678f2ddbbfdb292104b5a2d84fed19a28cff5,1,RAW-195de92ddad45036,APT_CyberCriminal_Campagin_Collections,d36a6ce9543010fa09fe9ca08baeb50225407a7639f2b463aca91b0423f9d856,CONTENT_ELIGIBLE,4631,29,1,"[""APT_CyberCriminal_Campagin_Collections""]","[""RAW-195de92ddad45036""]",SINGLETON,False,True
CANON-35449d62df625e4c,35449d62df625e4c494a8534580b2e01d0b245f5d2f2837f65ee19c2ad4e5798,2,RAW-3716c973e409c2a6,APT_CyberCriminal_Campagin_Collections,22cda05166979e2b294442424a975c7bf3842d2b6ee4a14b49f7174a13fea47c,CONTENT_ELIGIBLE,977,6,2,"[""APT_CyberCriminal_Campagin_Collections"",""APTnotes""]","[""RAW-3716c973e409c2a6"",""RAW-6da8ae3b7c3fc813""]",EXACT_BINARY,True,True
CANON-356ea7152e38ad9a,356ea7152e38ad9aaceebda75e300216e3a1bd71c81e381e319ed0fb8d4fc94b,1,RAW-f75d09a07ca24a32,APT_CyberCriminal_Campagin_Collections,38d025510c0e7cdd4188ee617fdb3d716a8ee15f42039534ab99612b5763104c,CONTENT_ELIGIBLE,1805,13,1,"[""APT_CyberCriminal_Campagin_Collections""]","[""RAW-f75d09a07ca24a32""]",SINGLETON,False,True
CANON-3570c230a7575917,3570c230a75759170820b7dc95c5b273054d10d5a0798c12181dae59494ff639,2,RAW-1a988774be35e869,APTnotes,27d811a23f92c865dea060f226ecfbd8d5c8b567eda8c04bb2e305e0c815f872,CONTENT_ELIGIBLE,2601,23,2,"[""APT_CyberCriminal_Campagin_Collections"",""APTnotes""]","[""RAW-1a988774be35e869"",""RAW-cc1c9a2fbfed5904""]",EXACT_BINARY,True,True
CANON-35a45cdbfbae87de,35a45cdbfbae87de843a5f6afbb5ec91ba391426badaeb2b49cac8c80ff5b2f1,3,RAW-049882a59ef15320,APTnotes,737ca560ba0c13c498b33e3e3421a0e0a94a0abe5fb9272e86b6a0c89e5dac7c,CONTENT_ELIGIBLE,3150,11,2,"[""APT_CyberCriminal_Campagin_Collections"",""APTnotes""]","[""RAW-049882a59ef15320"",""RAW-0ee85a7b5d3c2050"",""RAW-56a8291d59825666""]",MIXED_COMPONENT,True,True
CANON-35b95c8bc68f4bd7,35b95c8bc68f4bd71a4228c1b582ba899415d5078183a9d8ea7d5041d7ef1276,1,RAW-66388761eeeeffd6,APT_CyberCriminal_Campagin_Collections,b331cf8f9cf3a7ea122ab4cb8b208fb63745c035ef27737dbbe3d8328f174ad6,CONTENT_ELIGIBLE,105,12,1,"[""APT_CyberCriminal_Campagin_Collections""]","[""RAW-66388761eeeeffd6""]",SINGLETON,False,False
CANON-360e76430b33e228,360e76430b33e228c466598c74321bc69f3aff1d0dd6e6382f3cfd2fc7108d71,1,RAW-29e77c85c4e1fe27,APT_CyberCriminal_Campagin_Collections,713956630df1b66cad17486cf18f7e73b4bff3e618574bec6a5a37f7d8859820,CONTENT_ELIGIBLE,1968,8,1,"[""APT_CyberCriminal_Campagin_Collections""]","[""RAW-29e77c85c4e1fe27""]",SINGLETON,False,True
CANON-361231821e8d869b,361231821e8d869bb8c46a2d32f5d355990e4871e730633d4048f105fae43094,1,RAW-c9438a918289856d,APT_CyberCriminal_Campagin_Collections,db7f162e7ecb10d316998b928347ae3e7089173d53263851e8bd23ded127a5b2,CONTENT_ELIGIBLE,1901,14,1,"[""APT_CyberCriminal_Campagin_Collections""]","[""RAW-c9438a918289856d""]",SINGLETON,False,True
CANON-3626f56fa06a67b3,3626f56fa06a67b347076f14c3630ca56a1710f8eb79ec50c4a2fa9c133a3c87,2,RAW-1bc901da910308cf,APT_CyberCriminal_Campagin_Collections,29dc82bebc8390c97dd0ab503c71470257f9482db92d72a28482bbbb11fc221e,CONTENT_ELIGIBLE,7906,24,2,"[""APT_CyberCriminal_Campagin_Collections"",""APTnotes""]","[""RAW-1bc901da910308cf"",""RAW-5331965733496f78""]",CONTENT_EQUIVALENT,True,True
CANON-36405f8d3b092673,36405f8d3b0926736ff5369f096b883a27dee38037fa88adbdb7995e0b11523b,1,RAW-a4fa53d7d36f1636,APT_CyberCriminal_Campagin_Collections,7f40ab2faaaea9bf0e75e364a25ccec7a0cab4df9518e6d63566e17d51f95f4d,CONTENT_ELIGIBLE,1531,13,1,"[""APT_CyberCriminal_Campagin_Collections""]","[""RAW-a4fa53d7d36f1636""]",SINGLETON,False,False
CANON-369f976a75cdf9cd,369f976a75cdf9cd61b77706b7e3e8daa2c57316f604071b66bbcff5ff961745,1,RAW-800978f5e360d183,APT_CyberCriminal_Campagin_Collections,20507505a72c0fab2c171cc6725de72a659ada28151a22600fd406c5aaccd677,CONTENT_ELIGIBLE,429,3,1,"[""APT_CyberCriminal_Campagin_Collections""]","[""RAW-800978f5e360d183""]",SINGLETON,False,False
CANON-36e6ce565e2fba62,36e6ce565e2fba625f507dd4c55b3c1dd0fb5af258af61821a81bd1bbc286347,2,RAW-131eae46818e0216,APTnotes,6a15a0246c66132a6e2d72cdfeb4bf53da9d827942a0bbbf8e9b325e65cb3cdd,CONTENT_ELIGIBLE,512,2,2,"[""APT_CyberCriminal_Campagin_Collections"",""APTnotes""]","[""RAW-131eae46818e0216"",""RAW-76e4a3ee296a5d51""]",EXACT_BINARY,True,False
CANON-36e71a498c045300,36e71a498c045300a3c20aecf901a36cf7a256707edc5dd20146a00657a42fef,1,RAW-8118401276167b1c,APT_CyberCriminal_Campagin_Collections,0b5a1fb6ab041b21f695607d71af401ec5f27d3f4ed422da91ef5e6a31874e3d,CONTENT_ELIGIBLE,1177,6,1,"[""APT_CyberCriminal_Campagin_Collections""]","[""RAW-8118401276167b1c""]",SINGLETON,False,True
CANON-36e8e69c2a83e374,36e8e69c2a83e374b4cd75667a8a71e6d535bc569d79d907d304596a4407b728,1,RAW-e0227f8a104ff447,APT_CyberCriminal_Campagin_Collections,6401de7add201ab9bbc143dad45ffcc329a8251c9036b6321c25d979c91b9388,CONTENT_ELIGIBLE,1488,5,1,"[""APT_CyberCriminal_Campagin_Collections""]","[""RAW-e0227f8a104ff447""]",SINGLETON,False,True
CANON-371c004bfad796c8,371c004bfad796c8b268d81e822af6d8bfede23cf2b774469136f563a226505a,1,RAW-745baceda5cf06ba,APT_CyberCriminal_Campagin_Collections,7580934ebeda56e4ffef38d934725c001db00a0e5971fcb9d7047e2f3ea49203,CONTENT_ELIGIBLE,2568,11,1,"[""APT_CyberCriminal_Campagin_Collections""]","[""RAW-745baceda5cf06ba""]",SINGLETON,False,True
CANON-371fa5b2ca84f573,371fa5b2ca84f573917692422dda93598d45395dbe8b9f95e6b3d5d17d40c4fb,1,RAW-e048213f87ec0953,APT_CyberCriminal_Campagin_Collections,0c37946616e939c7d863702b83562aba948a03ddee863740f3c61ff82aa46537,CONTENT_ELIGIBLE,1327,11,1,"[""APT_CyberCriminal_Campagin_Collections""]","[""RAW-e048213f87ec0953""]",SINGLETON,False,True
CANON-37ba04bb9c72a800,37ba04bb9c72a800356ecc7bc1dedb4ec8b6d55f72d0c5b98f0bbe3ad7f467fe,1,RAW-e18f4e9ab02e312d,APT_CyberCriminal_Campagin_Collections,a0a631072b954606174e513eaf22fc4d1a6d68279b9be0a2d9091c0b67249ae7,CONTENT_ELIGIBLE,3833,19,1,"[""APT_CyberCriminal_Campagin_Collections""]","[""RAW-e18f4e9ab02e312d""]",SINGLETON,False,True
CANON-37ba360bec7a3119,37ba360bec7a3119f6a51f40c96d6d116e047a91ca5e412419d1ec41605ebc79,1,RAW-e64ecd47d48b38f8,APT_CyberCriminal_Campagin_Collections,a4d58baf04b5d66fe02e4a8a0881dec0506fb3fbb102937619a88c9023617c5f,CONTENT_ELIGIBLE,123,14,1,"[""APT_CyberCriminal_Campagin_Collections""]","[""RAW-e64ecd47d48b38f8""]",SINGLETON,False,False
CANON-37c75a44b54c19a7,37c75a44b54c19a7f2cb3e80c0dc9990857ee7223ed9ad6b4b2d5557cf0b9a8f,1,RAW-8cafca873bfcfd82,APTnotes,5c5407aa48671d0e8762cd7256fe5285b4c6a8000165e50557cdb6d53dc9b770,CONTENT_ELIGIBLE,1747,10,1,"[""APTnotes""]","[""RAW-8cafca873bfcfd82""]",SINGLETON,False,True
CANON-37d5df57b5a6c1af,37d5df57b5a6c1af2e927564b475c47a72e991ecd657bf30a2cb23041f8d8c12,1,RAW-0675ccb34c09cc98,APTnotes,093388b9af585ac22ebadf8b8e981bc3125e0cf0c0b9810a1b2d049b27644b70,CONTENT_ELIGIBLE,1363,8,1,"[""APTnotes""]","[""RAW-0675ccb34c09cc98""]",SINGLETON,False,True
CANON-37d9a289cd029343,37d9a289cd0293434bb253a9a927908ba722754f26ea454d2135efced06af30f,1,RAW-3b2af685340b80c7,APT_CyberCriminal_Campagin_Collections,53767f25b9a54a51255dd838a17a794f5c5eaa16e52b8faa07ab9a8d9c3f3408,CONTENT_ELIGIBLE,6833,28,1,"[""APT_CyberCriminal_Campagin_Collections""]","[""RAW-3b2af685340b80c7""]",SINGLETON,False,True
CANON-37d9e156cbf9c828,37d9e156cbf9c8289d24ce0c21c1c207d1b00e9b2b22634c001416a34ff5697b,1,RAW-284378a23adaadb9,APT_CyberCriminal_Campagin_Collections,4552a691e9fcbade92b269c14f24786dc1746c7267352dfd389dcfa60d9fbf6d,CONTENT_ELIGIBLE,780,4,1,"[""APT_CyberCriminal_Campagin_Collections""]","[""RAW-284378a23adaadb9""]",SINGLETON,False,False
CANON-3806ccbb66482110,3806ccbb66482110c87d32da93ce2d521666e7b6e99ed033c704d14f39cc052e,1,RAW-f5da1367e79a6731,APT_CyberCriminal_Campagin_Collections,9258e3cbaff56f19f01443916436fd232a3d6729e0c979563b344f2ebd24d0c6,CONTENT_ELIGIBLE,1571,6,1,"[""APT_CyberCriminal_Campagin_Collections""]","[""RAW-f5da1367e79a6731""]",SINGLETON,False,True
CANON-385a84143ca0a8c3,385a84143ca0a8c37887d95b66e8834a11899987c08e2c52239774f0d12e2f8c,1,RAW-afb03b7365a14e8a,APT_CyberCriminal_Campagin_Collections,569d0805a0b7df7fedadace91ab39fd2bd522c9803f21f8fdbc89e78ea3e5550,CONTENT_ELIGIBLE,635,3,1,"[""APT_CyberCriminal_Campagin_Collections""]","[""RAW-afb03b7365a14e8a""]",SINGLETON,False,True
CANON-385d169e6258fbd8,385d169e6258fbd8e7fb38de364519d75c2f2244c80a74457d483826651f71bc,1,RAW-fe969cfaa299d397,APTnotes,8094d0da8595b18520f7f63a9138413bdec58db48282ebb0cfa83117eb6baf63,CONTENT_ELIGIBLE,2906,35,1,"[""APTnotes""]","[""RAW-fe969cfaa299d397""]",SINGLETON,False,True
CANON-386f272779e12fcf,386f272779e12fcf8c9b6ffdeadcc1c791474b1b49ad33dcb90c9c9bffa794ac,1,RAW-26bb2411f7e1f78b,APT_CyberCriminal_Campagin_Collections,98401f47dcf3f86da3d94846eb76cbc9b090943374f12d8b8e5002e60b58711d,CONTENT_ELIGIBLE,1410,5,1,"[""APT_CyberCriminal_Campagin_Collections""]","[""RAW-26bb2411f7e1f78b""]",SINGLETON,False,True
CANON-3934892040dc894b,3934892040dc894b24037e460702fe34a074ad90aa1560e2fde246d05efe8b01,2,RAW-560f38edf9452cd5,APTnotes,736ac575477394552f8e4567c8357aa0315940b35643041bcd9143ca4b562b33,CONTENT_ELIGIBLE,577,4,2,"[""APT_CyberCriminal_Campagin_Collections"",""APTnotes""]","[""RAW-560f38edf9452cd5"",""RAW-d4b230d30823a653""]",EXACT_BINARY,True,False
CANON-395af9726f48124d,395af9726f48124dc5a922368e75969ee23a13d3dc5852f578e7973951ad2239,1,RAW-796134371006f966,APT_CyberCriminal_Campagin_Collections,a727b61d232421a45d0849241950cfa16d70160477d5bb05cde65f785515dd5d,CONTENT_ELIGIBLE,1978,14,1,"[""APT_CyberCriminal_Campagin_Collections""]","[""RAW-796134371006f966""]",SINGLETON,False,True
CANON-3965a4975152f592,3965a4975152f59278dfae169640c1fb67b8d3cb39ecb803fb7bab3d01fb649a,1,RAW-2dfebfd4afaeba61,APTnotes,9d5d443c86551642a921880dfc4b25956be7d10224019d0720f7df9c6505aa91,CONTENT_ELIGIBLE,1653,8,1,"[""APTnotes""]","[""RAW-2dfebfd4afaeba61""]",SINGLETON,False,True
CANON-3992dff57ee23a7c,3992dff57ee23a7c8c1813dcac47983b7ad7764fc8de57824728be6b213ff0e9,2,RAW-314feb224e709b15,APT_CyberCriminal_Campagin_Collections,61796a9eb9cf31adf1cf56a45570a4214908e17cfaa49ae6cc35d9d31b21315f,CONTENT_ELIGIBLE,3023,10,2,"[""APT_CyberCriminal_Campagin_Collections"",""APTnotes""]","[""RAW-314feb224e709b15"",""RAW-5d817691daddf651""]",EXACT_BINARY,True,True
CANON-399cd50401a6dd03,399cd50401a6dd032131dcbd2a1dc388e0b32caccdd665560b37ab27e26fdfce,1,RAW-80b6e5701bf33944,APT_CyberCriminal_Campagin_Collections,19fa5e115533a97d4e5d16e398b0d499c7d4ae28193d1fe6ef4f9e8118878180,CONTENT_ELIGIBLE,1650,11,1,"[""APT_CyberCriminal_Campagin_Collections""]","[""RAW-80b6e5701bf33944""]",SINGLETON,False,True
CANON-39a7d12de0b245d6,39a7d12de0b245d633caa18f52e5b0456f8a35b523aa852ebf2400aa3da808f9,1,RAW-d8af60792791e7c4,APT_CyberCriminal_Campagin_Collections,fcc286a00e41cb38d586b0b51d9ae5ae4bba7fcb4f5ec64d7de6edcce3e865c3,CONTENT_ELIGIBLE,2482,23,1,"[""APT_CyberCriminal_Campagin_Collections""]","[""RAW-d8af60792791e7c4""]",SINGLETON,False,False
CANON-3a02e6b8fc772ff5,3a02e6b8fc772ff558b07a4ba6cd8417e2323e58898219b2fc09d9d521fa87b9,1,RAW-04c5ed9eb73a785a,APTnotes,c7462189a950d17a8c57d869d8df2b9d810627ad83f4c0194bbc154021375156,CONTENT_ELIGIBLE,1291,6,1,"[""APTnotes""]","[""RAW-04c5ed9eb73a785a""]",SINGLETON,False,True
CANON-3a33ec76797935c2,3a33ec76797935c2fb2e5305d19c4b1f8179d43bf1eaf3f857cd0eb0e99fde4d,1,RAW-374ba7470727730c,APTnotes,9615beb5ae9f0397419db9f8c45e2792a9fa39373bb09b415e12d836552c9fee,CONTENT_ELIGIBLE,3858,20,1,"[""APTnotes""]","[""RAW-374ba7470727730c""]",SINGLETON,False,True
CANON-3a4ed2fa5fe5810a,3a4ed2fa5fe5810ad8641c22fd52af3ebc01b60d2e5eb0f26a2a39a8800debad,1,RAW-8574a4d106f667c7,APT_CyberCriminal_Campagin_Collections,71587c118a7e63c2b3131c594ce4838ceb631fa72752d128081ed7d621cf52e9,CONTENT_ELIGIBLE,1420,7,1,"[""APT_CyberCriminal_Campagin_Collections""]","[""RAW-8574a4d106f667c7""]",SINGLETON,False,True
CANON-3a555648e0a60baf,3a555648e0a60baf98bc30d0e1b74a2c242518d7aeae3b2de085d80a866bd5c8,1,RAW-67ce996a7f5ea4d1,APT_CyberCriminal_Campagin_Collections,41d96a83041b0f75d3c18277037feb92f2431e3f78b835d0f291c11aaa996c56,CONTENT_ELIGIBLE,3640,26,1,"[""APT_CyberCriminal_Campagin_Collections""]","[""RAW-67ce996a7f5ea4d1""]",SINGLETON,False,True
CANON-3ae30fca4fe64977,3ae30fca4fe64977d000c09580842916709a198cf3abf2f320d66cd23abd7a0c,1,RAW-c3e604c171e5d134,APT_CyberCriminal_Campagin_Collections,e8666b45aaa4be64f589cb293f83386a12fd94d972bab1456db5710aca0fff4b,CONTENT_ELIGIBLE,26434,122,1,"[""APT_CyberCriminal_Campagin_Collections""]","[""RAW-c3e604c171e5d134""]",SINGLETON,False,True
CANON-3aeae52e40600c6f,3aeae52e40600c6f4b4e4d6870719303bb067b310d3374c728805b69c1475649,1,RAW-ea3f6f5e2907709a,APT_CyberCriminal_Campagin_Collections,52e343f94f281b21b61de38ab12df936962a74763911a1dfabc40f3533c1254c,CONTENT_ELIGIBLE,1917,23,1,"[""APT_CyberCriminal_Campagin_Collections""]","[""RAW-ea3f6f5e2907709a""]",SINGLETON,False,False
CANON-3b1e11c26a818def,3b1e11c26a818defe6430d6029b2735372ef9307106c0d970fb6a9d14745ab38,1,RAW-61d6c893cff56aa2,APT_CyberCriminal_Campagin_Collections,d9857004979d1dffe702c7813ab7e8bc91b0ca257f8367373830ef7e4f713ee8,CONTENT_ELIGIBLE,2108,15,1,"[""APT_CyberCriminal_Campagin_Collections""]","[""RAW-61d6c893cff56aa2""]",SINGLETON,False,True
CANON-3b745d313884b00c,3b745d313884b00ca2c65c6807d3f0b6054e5e711ea5ac0ef75504d6e5b98e98,1,RAW-69031dc7df7e8387,APT_CyberCriminal_Campagin_Collections,541472141db636b88f87764d46e75d5fcf5c82f6e15748b8e2c1e2ac49b4cb8a,CONTENT_ELIGIBLE,2548,11,1,"[""APT_CyberCriminal_Campagin_Collections""]","[""RAW-69031dc7df7e8387""]",SINGLETON,False,True
CANON-3bbf3e99a222655a,3bbf3e99a222655a8beee967515706e014a1694d2e5a3b06c1f77f54a646c44d,1,RAW-3c948a52c560ee81,APT_CyberCriminal_Campagin_Collections,313c43dd407a28a782ddee7c928e8748d311ddbdb7beebbb18adabae1153faa8,CONTENT_ELIGIBLE,3604,9,1,"[""APT_CyberCriminal_Campagin_Collections""]","[""RAW-3c948a52c560ee81""]",SINGLETON,False,True
CANON-3bff7fd7329c8759,3bff7fd7329c8759b5df511fa9fa8bd009a09b9005beff84a9d3665679a50749,1,RAW-b2ae693030cfb30f,APT_CyberCriminal_Campagin_Collections,43d71dd1709a1033633291adc83a1ff3bd7858245183fbd5a5e04e885b6b78ba,INSUFFICIENT_RECONSTRUCTED_TEXT,24,4,1,"[""APT_CyberCriminal_Campagin_Collections""]","[""RAW-b2ae693030cfb30f""]",SINGLETON,False,False
CANON-3c03b7a8f122c81f,3c03b7a8f122c81fd9d85d26a41eba1067aacb7f466eaa13909b79649856ca09,1,RAW-c284536d83945446,APTnotes,25783b0831d4e33e5316b07fc75b5929f1159920b1ee51f94c94af1085b1ac42,CONTENT_ELIGIBLE,4552,26,1,"[""APTnotes""]","[""RAW-c284536d83945446""]",SINGLETON,False,True
CANON-3c04f597f3236fcf,3c04f597f3236fcf9e6a47b5858dc62be3b67349788bf6b5cc04584498aca7b1,1,RAW-42a7400fffab6ca6,APTnotes,58b20f9e0a089586ff572463cec7020a21be05c36c0c3e0c12f10ece728c9813,CONTENT_ELIGIBLE,1814,6,1,"[""APTnotes""]","[""RAW-42a7400fffab6ca6""]",SINGLETON,False,True
CANON-3c19ee8fcb4a7a69,3c19ee8fcb4a7a697a9bd6dacec89d369e6533442ec2cbc1ae899d71ff192509,1,RAW-b17e2bed139f4cb1,APT_CyberCriminal_Campagin_Collections,88e0faa28408ccf9a268e2bebe93072766b0b408d6d977f8e948cde49d78d81a,CONTENT_ELIGIBLE,693,8,1,"[""APT_CyberCriminal_Campagin_Collections""]","[""RAW-b17e2bed139f4cb1""]",SINGLETON,False,False
CANON-3c21f2cfa32d90d7,3c21f2cfa32d90d709ef7b899c9d7928838130b529dc7cdd6d21f798d1589ebf,1,RAW-e44408ce09cec8ab,APT_CyberCriminal_Campagin_Collections,717b556a1b02f49c53038a584461a07169603c557f89d9e350105e5626539320,CONTENT_ELIGIBLE,1281,7,1,"[""APT_CyberCriminal_Campagin_Collections""]","[""RAW-e44408ce09cec8ab""]",SINGLETON,False,True
CANON-3c3113d6edcc14b7,3c3113d6edcc14b706f0c679e27c1e1e313c7ee92391a324ededb09fab209af9,1,RAW-015e9dd246fc71f9,APT_CyberCriminal_Campagin_Collections,a2c2d0756208c76d655e0d25bb7aca3d2262d5ad99313f311ef48cf5bccd6ee6,CONTENT_ELIGIBLE,3317,11,1,"[""APT_CyberCriminal_Campagin_Collections""]","[""RAW-015e9dd246fc71f9""]",SINGLETON,False,True
CANON-3c3ab2014f13c949,3c3ab2014f13c9491079db91430def9a9f554cb4b1a8f0a73f388a879154aadc,1,RAW-4d8c492de4d14708,APT_CyberCriminal_Campagin_Collections,d1f8beff973c694f9d844b5f5c0f4edd8c652f99f967328c0c9200d9fb598577,CONTENT_ELIGIBLE,1805,14,1,"[""APT_CyberCriminal_Campagin_Collections""]","[""RAW-4d8c492de4d14708""]",SINGLETON,False,True
CANON-3c78f567e2e82cc2,3c78f567e2e82cc235f7bca81f624fd2db5bbad29a37e8f1560ca1ce39753b19,1,RAW-a35ea7c8dac164fb,APT_CyberCriminal_Campagin_Collections,64c79cfd709bbe3f771d27933f6f15d2c9512aa21e2ecb613c70a82e12782fd0,CONTENT_ELIGIBLE,2151,19,1,"[""APT_CyberCriminal_Campagin_Collections""]","[""RAW-a35ea7c8dac164fb""]",SINGLETON,False,True
CANON-3cbb34c09c36d44e,3cbb34c09c36d44e60fb647cb3a1ec4b63e42455531e54956a5bf85ac9a22ae6,1,RAW-30613542ce947cbc,APT_CyberCriminal_Campagin_Collections,adf571cef948e544ba29fbdb3f271370c559ac883f4344e1d539becf492b298b,CONTENT_ELIGIBLE,1540,7,1,"[""APT_CyberCriminal_Campagin_Collections""]","[""RAW-30613542ce947cbc""]",SINGLETON,False,True
CANON-3cbe9811067eaaf2,3cbe9811067eaaf24b2365d8d8dfb6081d8af2cb8c6621c6ba5328723c363de1,1,RAW-3a922359ee23163e,APT_CyberCriminal_Campagin_Collections,5e99eacf624ea343ee4ad3054194179fef1dc26dee9af375fe04d34b72989806,CONTENT_ELIGIBLE,1010,12,1,"[""APT_CyberCriminal_Campagin_Collections""]","[""RAW-3a922359ee23163e""]",SINGLETON,False,True
CANON-3cc32f995aa32f06,3cc32f995aa32f06bec9ac4e3e1e845f6048180bd14c6b1c94369bef62063d17,1,RAW-4dfb01484c8b0183,APT_CyberCriminal_Campagin_Collections,bf4783f1c72ded1968fa6fbd245eb0401a0ce6ba7060aa73b548c82da32ded88,CONTENT_ELIGIBLE,2709,14,1,"[""APT_CyberCriminal_Campagin_Collections""]","[""RAW-4dfb01484c8b0183""]",SINGLETON,False,True
CANON-3ccf102074aa2663,3ccf102074aa26638bee341d9bffff3f3f3ecfde078434b9cbf610c498df38dc,2,RAW-707a5531b7ce1fc7,APT_CyberCriminal_Campagin_Collections,00adf17d11ed3ad6572f71a1c0ed2fec37091721626327c3783add4ded34f4f0,CONTENT_ELIGIBLE,919,5,2,"[""APT_CyberCriminal_Campagin_Collections"",""APTnotes""]","[""RAW-707a5531b7ce1fc7"",""RAW-e7e982ada9b8b8a6""]",EXACT_BINARY,True,True
CANON-3d23193b9debeafa,3d23193b9debeafa705db6deffc33516b667a279b621486ac3f0d98d64d161b0,1,RAW-488efe31edc51a2d,APT_CyberCriminal_Campagin_Collections,85f86f8254b224141ea91f5cde639a0c3ef548b1ba9f23c34232946e5b87bfb1,CONTENT_ELIGIBLE,1232,5,1,"[""APT_CyberCriminal_Campagin_Collections""]","[""RAW-488efe31edc51a2d""]",SINGLETON,False,True
CANON-3d24a24e90cb44fd,3d24a24e90cb44fd4365aa8642a776464f271b1098a1de9e6288b1a76c671d41,1,RAW-ca8e50e668845b3c,APT_CyberCriminal_Campagin_Collections,4dcbce594888542be9c23b42acd8798518d8372378a1fed3d870225a554bcd47,CONTENT_ELIGIBLE,4492,14,1,"[""APT_CyberCriminal_Campagin_Collections""]","[""RAW-ca8e50e668845b3c""]",SINGLETON,False,True
CANON-3d296e34a8e100fb,3d296e34a8e100fb9323be953b65b3ea1a9a808660104709cda36665ae8d9379,1,RAW-5ebabaadea5c8075,APT_CyberCriminal_Campagin_Collections,99cfcccedca913a536a89b31c2563b15d8380a90abd4b1484ba8ff39d111380b,CONTENT_ELIGIBLE,2571,11,1,"[""APT_CyberCriminal_Campagin_Collections""]","[""RAW-5ebabaadea5c8075""]",SINGLETON,False,True
CANON-3d4e2e3e3bf76598,3d4e2e3e3bf76598f27e2a892c32277c3bb0eefbf8cad5e9b7c15acf7e71fa7f,2,RAW-432f63b495b675b1,APT_CyberCriminal_Campagin_Collections,5d9bd66101067bff6033c44a5b578a96f59ecf5e8d7057dc3d7fadb43b7b8425,CONTENT_ELIGIBLE,4591,17,2,"[""APT_CyberCriminal_Campagin_Collections"",""APTnotes""]","[""RAW-432f63b495b675b1"",""RAW-fb464cd428126f8e""]",EXACT_BINARY,True,False
CANON-3d7f5dce0dd8ad7c,3d7f5dce0dd8ad7c0fcaf451a8b284c54c5aa8ebc681d1cb321b0d10472f574b,1,RAW-fc9e2cf73867bce5,APTnotes,52d5678ec1bc006ae2119cbe8a727cde0db6c142527d6ad5428d096ab437fbd8,CONTENT_ELIGIBLE,3503,35,1,"[""APTnotes""]","[""RAW-fc9e2cf73867bce5""]",SINGLETON,False,True
CANON-3d95e3e595b891a6,3d95e3e595b891a616569ed1debf0c865718bf7a413aeaf6d31e7ceb83138268,1,RAW-0bdddc3178fe9058,APT_CyberCriminal_Campagin_Collections,96ba364f1a795225afff9cbdec2e7f9438c980795ba2326abd87c4a531fbf1c2,CONTENT_ELIGIBLE,398,80,1,"[""APT_CyberCriminal_Campagin_Collections""]","[""RAW-0bdddc3178fe9058""]",SINGLETON,False,True
CANON-3db57b28205376c2,3db57b28205376c260f934ce676c3a99fb76756300529a25991c006b97e9e761,1,RAW-bc109ab1bcff45da,APT_CyberCriminal_Campagin_Collections,9fab3595832dc03785adbf18cb131bab7de546edf2bd6c295de718b83dec2d1f,CONTENT_ELIGIBLE,3673,17,1,"[""APT_CyberCriminal_Campagin_Collections""]","[""RAW-bc109ab1bcff45da""]",SINGLETON,False,False
CANON-3dc48a0a53373eda,3dc48a0a53373edae8d46c21322e63606f7742d49db4f36170b9a0a396043841,1,RAW-de80da2090d9ed6a,APT_CyberCriminal_Campagin_Collections,e1a0a44eece0e2e2c2132459c4915ef827a13ddac2ca469a4651b906faef1392,CONTENT_ELIGIBLE,3137,19,1,"[""APT_CyberCriminal_Campagin_Collections""]","[""RAW-de80da2090d9ed6a""]",SINGLETON,False,True
CANON-3de1ea0206383306,3de1ea0206383306c67f704cab0c28d0b4e71e6ba9817af7319e3d598d9b27d5,1,RAW-984c1ebc3afaef91,APT_CyberCriminal_Campagin_Collections,2648ff4f0b888fcc5957dcb3a70eeb13597af1e43f2943b6f5e06bc0f869fcfb,CONTENT_ELIGIBLE,2003,12,1,"[""APT_CyberCriminal_Campagin_Collections""]","[""RAW-984c1ebc3afaef91""]",SINGLETON,False,True
CANON-3df8772100e0d9cd,3df8772100e0d9cd68f848b2bbb6c527497396c2cf18f4aa8f6e5bdf5a36470d,1,RAW-fb9e935e164e64f4,APTnotes,ad463a18545cbdfa439b6c0a0104ad06d05253c714a426d37824685523aed0af,CONTENT_ELIGIBLE,677,4,1,"[""APTnotes""]","[""RAW-fb9e935e164e64f4""]",SINGLETON,False,True
CANON-3e17571b7511005f,3e17571b7511005ff7efe5db942c1b604f7833f03c77bbe59fb6093e2b56a4dd,1,RAW-a376b51a407f1974,APTnotes,8f4de98630a9d11458cca4b0229759cfa9ab08851301bb3cd41dbfd3cb672a6e,CONTENT_ELIGIBLE,1272,9,1,"[""APTnotes""]","[""RAW-a376b51a407f1974""]",SINGLETON,False,True
CANON-3e27074609e9bd65,3e27074609e9bd650414ba48aa6ebfe25652cae84288094e92d3ee8ecf8b7441,1,RAW-40d140eab35e8843,APT_CyberCriminal_Campagin_Collections,31e3946ffba86e5317156e8513e6bf70881abd0bcf1de9ec2e1c29bee5c46605,CONTENT_ELIGIBLE,2395,16,1,"[""APT_CyberCriminal_Campagin_Collections""]","[""RAW-40d140eab35e8843""]",SINGLETON,False,True
CANON-3e3f421fe81bc7ab,3e3f421fe81bc7abd54d15a5119b50a059b0d05c57b016a5ca98e39a166e9320,1,RAW-76e3ee0c8137c30b,APTnotes,a798f1471e5bd98bf9635cad55b045aef413858edd8f41b1ef66a41e3d347053,CONTENT_ELIGIBLE,554,2,1,"[""APTnotes""]","[""RAW-76e3ee0c8137c30b""]",SINGLETON,False,True
CANON-3e5ece9c7452b681,3e5ece9c7452b681feb2662989ae82829a21912f7d5eabf737dec9c52b34cfc5,2,RAW-23e9ce5e773bbd5d,APTnotes,4e5c760119fc63733c5598bbf94310d7c012247c41e319c5605303cb8232dd0d,CONTENT_ELIGIBLE,1996,15,2,"[""APT_CyberCriminal_Campagin_Collections"",""APTnotes""]","[""RAW-23e9ce5e773bbd5d"",""RAW-6b09603ca8942aa9""]",EXACT_BINARY,True,True
CANON-3e644d53d60ae3e2,3e644d53d60ae3e25ee7ec51335d2d7803e2c7b4e9fcb41185aa0f3038c8f1ab,1,RAW-2de866cc5e530dd1,APT_CyberCriminal_Campagin_Collections,96471131fec41ecc02d93b4acce8d75c8dea82763746cbf22d5cd7daf46ad8d0,CONTENT_ELIGIBLE,2556,16,1,"[""APT_CyberCriminal_Campagin_Collections""]","[""RAW-2de866cc5e530dd1""]",SINGLETON,False,False
CANON-3e8e616583658a6e,3e8e616583658a6e0f17ad427346373864855253262d524ca3d30f3eae47089f,2,RAW-4817ef9318dea54e,APTnotes,35de75dd24462d8fe01e0a5eefa8cd4f7202ed8f740fb7b2fceff4970c7149bf,CONTENT_ELIGIBLE,1331,18,2,"[""APT_CyberCriminal_Campagin_Collections"",""APTnotes""]","[""RAW-4817ef9318dea54e"",""RAW-df762af701dec6dc""]",EXACT_BINARY,True,False
CANON-3ea22ecbea2de716,3ea22ecbea2de71699eaeab769976c040bc133a66a55fc8aadac15c55280ea51,1,RAW-ec3a78c084c5e10b,APT_CyberCriminal_Campagin_Collections,707ffe68cc9a1e70749247e2ef09e13ff39691b9071d41290d42386d65fe8303,CONTENT_ELIGIBLE,112,28,1,"[""APT_CyberCriminal_Campagin_Collections""]","[""RAW-ec3a78c084c5e10b""]",SINGLETON,False,False
CANON-3ee729dac581a40b,3ee729dac581a40bd828f5cf8fb9811fd586700b012a59f420836cd954a8d608,1,RAW-9adcb0307fc4994c,APT_CyberCriminal_Campagin_Collections,9af2704c4e47684250ed8dbaf49aed4d2e27780a93bfa351e5c2040af7bad465,CONTENT_ELIGIBLE,2257,13,1,"[""APT_CyberCriminal_Campagin_Collections""]","[""RAW-9adcb0307fc4994c""]",SINGLETON,False,True
CANON-3ef09b323c4a8b11,3ef09b323c4a8b115580c8646009ceac0b19478dd42d053d533ddac9d8f2bbdf,1,RAW-df40265ac2f45d05,APT_CyberCriminal_Campagin_Collections,1ccbb00b974e73be00d4f5575ee5b97975a1fccfc592e199b25a8b7b6f469602,CONTENT_ELIGIBLE,3311,14,1,"[""APT_CyberCriminal_Campagin_Collections""]","[""RAW-df40265ac2f45d05""]",SINGLETON,False,True
CANON-3f45c283c03afc56,3f45c283c03afc56c70236c9db2ecf6b19ef32dd1e11e96480069f6291307f51,2,RAW-1ad471621fa2ab9f,APTnotes,f9270f6b08b86254e56143844daa86c738ca771345bf6365530ae49449005497,CONTENT_ELIGIBLE,2010,16,2,"[""APT_CyberCriminal_Campagin_Collections"",""APTnotes""]","[""RAW-1ad471621fa2ab9f"",""RAW-e474c69c28216d86""]",EXACT_BINARY,True,True
CANON-3fe7d118ecf764a8,3fe7d118ecf764a8241c87792639f357b3e7f9d9fa011856673a8b331930b6db,1,RAW-d09795ed97c01bdb,APT_CyberCriminal_Campagin_Collections,326a59a5200a146c12e0acdc12baa14f5bff80e9388b06c7a4b8c5bdc40ddeed,CONTENT_ELIGIBLE,2448,10,1,"[""APT_CyberCriminal_Campagin_Collections""]","[""RAW-d09795ed97c01bdb""]",SINGLETON,False,True
CANON-3ff66cab7f5cd451,3ff66cab7f5cd451dc18a7f73dff36a30eea34d497020f72a8432beeae01545d,1,RAW-51ec6ddb38b3552d,APT_CyberCriminal_Campagin_Collections,d6c06addb3ffcd0c3976a4d62783cdd021887dac9115cac7460afd903fec6fb6,CONTENT_ELIGIBLE,1071,11,1,"[""APT_CyberCriminal_Campagin_Collections""]","[""RAW-51ec6ddb38b3552d""]",SINGLETON,False,True
CANON-4001e452f851083c,4001e452f851083c56b247cca9a684efa39b7d6e790700a949d155c956e45e97,2,RAW-61e1ed70f85f27f9,APT_CyberCriminal_Campagin_Collections,7ea00af518dce386cb707c69b418187ef2b04e45bcde712589ef31344abbc067,CONTENT_ELIGIBLE,1256,5,2,"[""APT_CyberCriminal_Campagin_Collections"",""APTnotes""]","[""RAW-61e1ed70f85f27f9"",""RAW-8a9af005328837e5""]",EXACT_BINARY,True,True
CANON-400a2b20309f2c84,400a2b20309f2c843a3e07b86efaeaca187430d60b44ce9ef43bf83c7827d99e,1,RAW-149f5853b20f2b2d,APT_CyberCriminal_Campagin_Collections,fd7f8eae4ffa26a5c8e5279cf509eded897ddb6de081fb295e1cfd768e447990,CONTENT_ELIGIBLE,1987,9,1,"[""APT_CyberCriminal_Campagin_Collections""]","[""RAW-149f5853b20f2b2d""]",SINGLETON,False,True
CANON-402d443f2f58ec23,402d443f2f58ec23a906b1326d4fb60f0cc4be58884e33a0c6a69beb0287026d,1,RAW-4f6c3a35c572eb80,APT_CyberCriminal_Campagin_Collections,9eb2d96ee4946d64ca28df4a68c5996b135f764e3fee64aa49f5f45b50b93bda,CONTENT_ELIGIBLE,4545,36,1,"[""APT_CyberCriminal_Campagin_Collections""]","[""RAW-4f6c3a35c572eb80""]",SINGLETON,False,True
CANON-4061ce81533ae794,4061ce81533ae794c4492d679e224b0ca0ad991a48b9366a67911cfd9707f7e0,1,RAW-f46fc62e727f1e8d,APT_CyberCriminal_Campagin_Collections,5e14d6817f619252ad1f1e36864811a9620019286cbd319bdee16390fc64c40d,CONTENT_ELIGIBLE,1346,12,1,"[""APT_CyberCriminal_Campagin_Collections""]","[""RAW-f46fc62e727f1e8d""]",SINGLETON,False,True
CANON-406801ebd72421ed,406801ebd72421ed94ec03e01492b760f335503759e6e0a3650332f52cf73b56,1,RAW-2a93720dbd612a2a,APT_CyberCriminal_Campagin_Collections,ae0a17cf7bcccdf02502996fb6cd8fe215a8478e82387de42328f3fff88efd40,CONTENT_ELIGIBLE,2143,16,1,"[""APT_CyberCriminal_Campagin_Collections""]","[""RAW-2a93720dbd612a2a""]",SINGLETON,False,True
CANON-409700a05f77f7ca,409700a05f77f7caf47512e747685f560c35fd0ea7386222b18630a4dc63c2f6,2,RAW-57c4d975f8471659,APTnotes,ade1eca6b04679787dbc0b6692f1939a69a65189bd13feba68d9994f6692356e,NO_RECONSTRUCTED_TEXT,0,43,2,"[""APT_CyberCriminal_Campagin_Collections"",""APTnotes""]","[""RAW-57c4d975f8471659"",""RAW-5ddaa4a3e5432adb""]",EXACT_BINARY,True,False
CANON-40a99349ebb5dc85,40a99349ebb5dc85b3cb00215dc0cd2f0451fb0df385157a3d3a23034fd49b81,1,RAW-2db29980dc7bfa27,APT_CyberCriminal_Campagin_Collections,f203f64f0c7c59dd0318fa8c2911aee75b32b6ba27c5a2d78d667f8a4fcdcc57,CONTENT_ELIGIBLE,1235,10,1,"[""APT_CyberCriminal_Campagin_Collections""]","[""RAW-2db29980dc7bfa27""]",SINGLETON,False,True
CANON-40af2e5a3b625e27,40af2e5a3b625e2785481c2b8527b440272220974746a0b8ab1f4d96751eb938,1,RAW-21bf2c7fa5367759,APT_CyberCriminal_Campagin_Collections,a8a4ccefe74ee24ed1b68b07eedce5b1989acdcbd7e5649b1e7d6d22dc1ef968,CONTENT_ELIGIBLE,985,14,1,"[""APT_CyberCriminal_Campagin_Collections""]","[""RAW-21bf2c7fa5367759""]",SINGLETON,False,True
CANON-40b0705000abf1d6,40b0705000abf1d65acc163daa319029e5b9cceda6d412dc10717ba4bf030df1,2,RAW-6e1c28e0584702ff,APT_CyberCriminal_Campagin_Collections,3f829773b64e8eeefeb7cb3d236fad88540e5ac47ae0f3e22887608fba220e01,CONTENT_ELIGIBLE,10655,40,2,"[""APT_CyberCriminal_Campagin_Collections"",""APTnotes""]","[""RAW-6e1c28e0584702ff"",""RAW-fa6b3db0a307fba6""]",EXACT_BINARY,True,True
CANON-40cda198f957272a,40cda198f957272a0bf9c3fecacafee39464c22d35a48a4299a35c335895401b,1,RAW-96a8d4fa738bf059,APT_CyberCriminal_Campagin_Collections,40cf7a90cc2098f9032d690626aa31370a492fc7af5d96d0ad0102772319cae2,CONTENT_ELIGIBLE,3167,14,1,"[""APT_CyberCriminal_Campagin_Collections""]","[""RAW-96a8d4fa738bf059""]",SINGLETON,False,True
CANON-40fc115d18f72848,40fc115d18f7284874089fab3afff7b84b320c8de3067dea61c16f5afbf5fb21,1,RAW-bcaffc23f0499102,APT_CyberCriminal_Campagin_Collections,b4f7be6b38a07bfe46224aa00b25b1d6e2df7349a035c97ebfc37255891bf66a,CONTENT_ELIGIBLE,5112,29,1,"[""APT_CyberCriminal_Campagin_Collections""]","[""RAW-bcaffc23f0499102""]",SINGLETON,False,True
CANON-4113b11fc2b11419,4113b11fc2b11419ecd987f194d412a16e62a9a0ab2939f109a2dbcedfd70ad3,1,RAW-95697d9a5742d07a,APT_CyberCriminal_Campagin_Collections,eb515af7bba3361dbde926ef9ee1d8045906de090999944ef87d0c2e5e1e4593,CONTENT_ELIGIBLE,5632,27,1,"[""APT_CyberCriminal_Campagin_Collections""]","[""RAW-95697d9a5742d07a""]",SINGLETON,False,True
CANON-4157f70d10d4737b,4157f70d10d4737b062f201512bd828db09d4e5501b5b0f7ca45fdca468959d0,1,RAW-f5cd2cf1ec689a3f,APTnotes,95892df5a42713c84a1f56133da65f9629fe0eef5d9643a5b3a9634b76a47ff2,CONTENT_ELIGIBLE,1218,18,1,"[""APTnotes""]","[""RAW-f5cd2cf1ec689a3f""]",SINGLETON,False,True
CANON-41a2d6e765a3a562,41a2d6e765a3a5620393c4a239b9c6ef66084540263eb9318f4494ecba7768d4,1,RAW-9396297358ddf859,APT_CyberCriminal_Campagin_Collections,2ce743843309f0a86d85f8a23b5d1da05dc874673c60139557e2408aafa83d2e,CONTENT_ELIGIBLE,5456,18,1,"[""APT_CyberCriminal_Campagin_Collections""]","[""RAW-9396297358ddf859""]",SINGLETON,False,True
CANON-41a4f41b318bf669,41a4f41b318bf66992a74aa49ddb34c9577dce1c123d0bfb7ff8304cc959688b,2,RAW-bcaca8bf1a732c1b,APT_CyberCriminal_Campagin_Collections,f4b9923d4d45a32882fcb7224d18e194f65ac14910487237fe093af357010326,CONTENT_ELIGIBLE,10487,16,2,"[""APT_CyberCriminal_Campagin_Collections"",""APTnotes""]","[""RAW-bcaca8bf1a732c1b"",""RAW-bec9e0c00a1112fe""]",EXACT_BINARY,True,True
CANON-41a6112fbc390fde,41a6112fbc390fde69315c34f98fe8c0364d74d39f9a4474b940955f91c6d040,1,RAW-fc3167ded9bb55d1,APT_CyberCriminal_Campagin_Collections,53b0435a6d9159683597707d4e92c57751db0e0b6ac19e57e7ce930c70e124a1,CONTENT_ELIGIBLE,191,17,1,"[""APT_CyberCriminal_Campagin_Collections""]","[""RAW-fc3167ded9bb55d1""]",SINGLETON,False,False
CANON-41bc87a1b01a5921,41bc87a1b01a5921eb6d86c60c75c9fcde7975014cc365ae0a500ab313fcaabc,1,RAW-4eb725906cccc2c8,APT_CyberCriminal_Campagin_Collections,41f7a0d44360f510e24e58dfd59a11784ea158efa378bcbf6b671de6acfff2f5,CONTENT_ELIGIBLE,1069,7,1,"[""APT_CyberCriminal_Campagin_Collections""]","[""RAW-4eb725906cccc2c8""]",SINGLETON,False,True
CANON-41bd5f44cf6480bd,41bd5f44cf6480bdb42894c6b71aea699609124d12d98f1e4b9bd45374845f41,1,RAW-238158ed2986d0d4,APT_CyberCriminal_Campagin_Collections,2caba88992b79f238be595251351ea64c695ac98ab450c58326d6fa1149be491,CONTENT_ELIGIBLE,4137,19,1,"[""APT_CyberCriminal_Campagin_Collections""]","[""RAW-238158ed2986d0d4""]",SINGLETON,False,True
CANON-41c66fdf2b3ad358,41c66fdf2b3ad358de45037abffca855d047c1d8c6232a5083970ff038ba2b29,1,RAW-a11b7e2c87faf63b,APT_CyberCriminal_Campagin_Collections,ea31909298c1c9e52590d77bdfca18870dc86985ab1cfc7da465eea364d41fa3,CONTENT_ELIGIBLE,1441,16,1,"[""APT_CyberCriminal_Campagin_Collections""]","[""RAW-a11b7e2c87faf63b""]",SINGLETON,False,True
CANON-41c9d2850ca447ef,41c9d2850ca447ef7d6cf0473f479da68ed8a4c270f1ef4402c37ab335b170f5,1,RAW-4881c4c0f56aa783,APTnotes,63e8cab16b389f80fd88d634cf7f0b7c1d25c81a09cd43c43966f61c60e54b30,CONTENT_ELIGIBLE,448,4,1,"[""APTnotes""]","[""RAW-4881c4c0f56aa783""]",SINGLETON,False,True
CANON-41cef20210f6d66a,41cef20210f6d66a82306ac3d7dddf0f6148a1f75f639cf27876009a41c490e6,1,RAW-829b04f903aba6ed,APTnotes,49532a577dfde7b66290410cb5d331650216adf56f49d742a4174fa59d5b1fdb,CONTENT_ELIGIBLE,1778,10,1,"[""APTnotes""]","[""RAW-829b04f903aba6ed""]",SINGLETON,False,True
CANON-41db81fee73d7f2c,41db81fee73d7f2cb69230408dcc63869f65735a80642e1d9873abb73afac843,1,RAW-8e1148565a9b4e17,APTnotes,55fb0e7b6776428555d63680e0039643b384f8a8a2fc901c424b5237885b218b,CONTENT_ELIGIBLE,1201,7,1,"[""APTnotes""]","[""RAW-8e1148565a9b4e17""]",SINGLETON,False,False
CANON-420667263d7423b5,420667263d7423b5d9a78d580a17ea0369e6017b2bd78d112155a9189b1c8267,1,RAW-ac089f24942fb80b,APT_CyberCriminal_Campagin_Collections,1b2f3f8d69bad58f61a377dfbf3ffe9e8b037d040ca272c55238afc1ce42b20f,CONTENT_ELIGIBLE,2524,8,1,"[""APT_CyberCriminal_Campagin_Collections""]","[""RAW-ac089f24942fb80b""]",SINGLETON,False,False
CANON-4243fc4c18251e10,4243fc4c18251e10e51ede5ce4999fec0a975d6b7d12aa5bc0d07fa9b1e1b775,2,RAW-95cccca020da34b1,APT_CyberCriminal_Campagin_Collections,724250162279e1085b12ee362b8e66746959c1a14eb0ee893c5432b2e8cf3f6d,CONTENT_ELIGIBLE,1187,4,2,"[""APT_CyberCriminal_Campagin_Collections"",""APTnotes""]","[""RAW-95cccca020da34b1"",""RAW-e3006fec6b4d5c94""]",EXACT_BINARY,True,True
CANON-42b230c9284ba0f7,42b230c9284ba0f7ad683086f073bc454ec44bce912e53f7b809b06594b341ee,1,RAW-8db63fef0fcb9f3d,APT_CyberCriminal_Campagin_Collections,3e5bffacb21850ec7ac3d720476cd6bbf903b64be32b9f3c5a38e26b56613bff,CONTENT_ELIGIBLE,1230,17,1,"[""APT_CyberCriminal_Campagin_Collections""]","[""RAW-8db63fef0fcb9f3d""]",SINGLETON,False,False
CANON-42d74d0a32271aa2,42d74d0a32271aa24127023bcd6dfac2d8389788fd59aa515b5e4e25b93b8968,2,RAW-600cd70b422d960a,APT_CyberCriminal_Campagin_Collections,34ab4a96875f83d1866bd1dfa9db2d12824d09a6b91171b2dd2dfcfcfa9a7646,CONTENT_ELIGIBLE,2285,6,2,"[""APT_CyberCriminal_Campagin_Collections"",""APTnotes""]","[""RAW-600cd70b422d960a"",""RAW-73f6c8ad2fd5163c""]",EXACT_BINARY,True,True
CANON-42e3036b44909730,42e3036b44909730c3f38a16eb3d864490f07a5e3f8dfbfb2b98ed5265f090d5,1,RAW-4f972bfbb32d7369,APT_CyberCriminal_Campagin_Collections,66144ace9429ba937cd5c617afb2cc7807c56acf8fccf40c08cf7999f2ca4eb5,INSUFFICIENT_RECONSTRUCTED_TEXT,59,12,1,"[""APT_CyberCriminal_Campagin_Collections""]","[""RAW-4f972bfbb32d7369""]",SINGLETON,False,False
CANON-42f624a37e4a969b,42f624a37e4a969b6b6305f18f871191e652b5e07cd2b8d95ff58986ae3bfcea,1,RAW-4efe2295d5f39278,APT_CyberCriminal_Campagin_Collections,35efe89d10a56d0f8728e97e641a4382048d50d8be42a552d6e44464092363d8,CONTENT_ELIGIBLE,1180,7,1,"[""APT_CyberCriminal_Campagin_Collections""]","[""RAW-4efe2295d5f39278""]",SINGLETON,False,True
CANON-42f653718efa1181,42f653718efa11811f0ad9eebf01b5873be6da79cd682ccc72e3a15790fee24f,1,RAW-142faeb9bc9abf85,APT_CyberCriminal_Campagin_Collections,3c5b650fd15a98270c1c899dbb684b37cef8bcb00ffd20c008f4e854da16ba9b,CONTENT_ELIGIBLE,298,10,1,"[""APT_CyberCriminal_Campagin_Collections""]","[""RAW-142faeb9bc9abf85""]",SINGLETON,False,False
CANON-4377bd14fb446c29,4377bd14fb446c294db7c7fb4506f1a3a95ba66059fb3bb62a31b0b6b078102d,1,RAW-ad549b95c81ac442,APTnotes,371de798dd437205c0663cc840ea6cb9e44bc56b354cf5d83e262d6795705559,CONTENT_ELIGIBLE,1023,6,1,"[""APTnotes""]","[""RAW-ad549b95c81ac442""]",SINGLETON,False,True
CANON-43c32e2cf8b31b3c,43c32e2cf8b31b3cb4b6edec60c972b2527e0f02a09b1f7e00e7c8b2112066eb,1,RAW-0af20e72732565eb,APT_CyberCriminal_Campagin_Collections,bff800d6d7ee0d632d42dd4c9a4261ea1e8b8fc2599968a3d9db6903ac386f9c,CONTENT_ELIGIBLE,1733,7,1,"[""APT_CyberCriminal_Campagin_Collections""]","[""RAW-0af20e72732565eb""]",SINGLETON,False,True
CANON-43c4fd3375965ebf,43c4fd3375965ebfb906d6a03ee83e41884f9cd5d3eadedafaf49a1a5d714040,1,RAW-26dc11c29cbe9dd8,APT_CyberCriminal_Campagin_Collections,07836b2990f2e39dbb314d29de5c454d66f9c4298dc7a3238870cb446d20b7ac,CONTENT_ELIGIBLE,14686,57,1,"[""APT_CyberCriminal_Campagin_Collections""]","[""RAW-26dc11c29cbe9dd8""]",SINGLETON,False,True
CANON-43f5453ab334d621,43f5453ab334d6214a3239c33f0ecff2c75327e2b835e5e67e04737db4a4af5c,1,RAW-98ee791bb1c03c23,APT_CyberCriminal_Campagin_Collections,3ad5cfbf77b22d4db8b433db32b1f9d3c3fef3d19a0a871f4d01d46704858c2f,CONTENT_ELIGIBLE,1385,8,1,"[""APT_CyberCriminal_Campagin_Collections""]","[""RAW-98ee791bb1c03c23""]",SINGLETON,False,True
CANON-442009ea2ddb3342,442009ea2ddb3342020e00e773b7bc9c56015b95be6b900d8adbf2edb0d16a17,1,RAW-e819a84692b09205,APT_CyberCriminal_Campagin_Collections,fd8fdfc518900e330b37830347aad89479247d1348cfd0e5017665d4e1c671cf,CONTENT_ELIGIBLE,11956,89,1,"[""APT_CyberCriminal_Campagin_Collections""]","[""RAW-e819a84692b09205""]",SINGLETON,False,True
CANON-4441d257530737b3,4441d257530737b360be7fe6442c2f305941016c039b5c64554299ebf33ec12b,2,RAW-36d75335d1d2e90d,APT_CyberCriminal_Campagin_Collections,9d6786902f0865d5995ff977329d636ef08562aea69ef5e2a0f729e0e4a3e726,CONTENT_ELIGIBLE,1811,10,2,"[""APT_CyberCriminal_Campagin_Collections"",""APTnotes""]","[""RAW-36d75335d1d2e90d"",""RAW-96434b8870ff0820""]",EXACT_BINARY,True,True
CANON-445f696693957607,445f696693957607592086f55ae427fe97450a4d383eecf80f2b718f0094b785,1,RAW-d2b385bf99cac038,APT_CyberCriminal_Campagin_Collections,4ff35c8444a3dea2a8e084a55ea77ac7c52ea8e21661b51bf5231bf348e4b9b8,CONTENT_ELIGIBLE,2021,19,1,"[""APT_CyberCriminal_Campagin_Collections""]","[""RAW-d2b385bf99cac038""]",SINGLETON,False,True
CANON-4497a7b6afc8ef6c,4497a7b6afc8ef6cd7887a5c817cf213a2676cdad6079d8bdbf2d9c3f471723c,1,RAW-1c020abba818ddbf,APT_CyberCriminal_Campagin_Collections,62ec4addc8e4a30fd8c7eaa215374d516cacb96b366a0c99ae3018f1eff1ee9c,CONTENT_ELIGIBLE,3224,21,1,"[""APT_CyberCriminal_Campagin_Collections""]","[""RAW-1c020abba818ddbf""]",SINGLETON,False,True
CANON-44bf0e4d10e7fa15,44bf0e4d10e7fa15caabfc99498a975d7516af1a9b64d4b4ecd0a66a623c0eb6,1,RAW-354a68e9a09d8232,APT_CyberCriminal_Campagin_Collections,c5f05920a365e62e3d939f723f54fa57710ff518440bb0f4efd8f266bcefbf2f,CONTENT_ELIGIBLE,1127,12,1,"[""APT_CyberCriminal_Campagin_Collections""]","[""RAW-354a68e9a09d8232""]",SINGLETON,False,True
CANON-44c05321ca8fe40a,44c05321ca8fe40aa54f266a72f5555db19aeeb53c70969385299952afa26856,1,RAW-73b69fbe54bae763,APT_CyberCriminal_Campagin_Collections,7409965f74df06d0aecb47f894f12fd6b9ff3856787b2699dbe6dcde7b8646e3,CONTENT_ELIGIBLE,950,3,1,"[""APT_CyberCriminal_Campagin_Collections""]","[""RAW-73b69fbe54bae763""]",SINGLETON,False,True
CANON-44d1394933b71985,44d1394933b7198578b07bb0931a1311e2c2dc73d399240ffdc081382ad88304,2,RAW-8e9017b59c720bed,APT_CyberCriminal_Campagin_Collections,a1ff69a766a183a3c3fb37216cace9bfa25f8925291db972150ee6af94025fcf,CONTENT_ELIGIBLE,9166,39,2,"[""APT_CyberCriminal_Campagin_Collections"",""APTnotes""]","[""RAW-8e9017b59c720bed"",""RAW-b9ccea2bc47dfcff""]",EXACT_BINARY,True,True
CANON-453587da0871559e,453587da0871559eda9ec1d716f97c42dea4a9c128c842f646f5d75473d5feb2,1,RAW-a764996c4f508b87,APTnotes,fc39e4464e0bc0a32de8d9bf718b01574349b3c6037c904f340c56aac3894f23,CONTENT_ELIGIBLE,4907,31,1,"[""APTnotes""]","[""RAW-a764996c4f508b87""]",SINGLETON,False,True
CANON-453a6b25135f7cd8,453a6b25135f7cd853fb6dec70665b3e61cc29e16b3a3fbb39ea03149d0de585,1,RAW-3c848b9c235416f0,APT_CyberCriminal_Campagin_Collections,918099f9eb37b14f778de3a662366ef2c0d4f3b4fee6a7c15b0e3a9b4767ba61,CONTENT_ELIGIBLE,897,10,1,"[""APT_CyberCriminal_Campagin_Collections""]","[""RAW-3c848b9c235416f0""]",SINGLETON,False,True
CANON-4548f2b45929ab82,4548f2b45929ab826e7a11a944566df4b95472ffdbc50c8b1077ad07b5a3c320,1,RAW-0348fd41c1448dff,APT_CyberCriminal_Campagin_Collections,19d49014af0e150481b0250c3c4b8a7a4549da466b03e6cd01eddc2c798bc50f,CONTENT_ELIGIBLE,1565,4,1,"[""APT_CyberCriminal_Campagin_Collections""]","[""RAW-0348fd41c1448dff""]",SINGLETON,False,True
CANON-454bdac20c623582,454bdac20c623582600ef14d299ba061da2bf1730a13d74a197c363bfb370d48,2,RAW-25c160be258539f2,APTnotes,432da0f728888db16f6c4053a8b30af91de8443efcc3558b708adf8d68b452d4,CONTENT_ELIGIBLE,9029,45,2,"[""APT_CyberCriminal_Campagin_Collections"",""APTnotes""]","[""RAW-25c160be258539f2"",""RAW-e60a69c4631e5e33""]",EXACT_BINARY,True,True
CANON-45aabfcc1ebe4bc0,45aabfcc1ebe4bc01e5859c1340a911ebf5a12da886830ece8f0732ee5b7fd14,1,RAW-f660f11f7227c11c,APT_CyberCriminal_Campagin_Collections,03c464ee9620f082eace3618259493edb54dc2d82b644b5e53f64a17059debe2,CONTENT_ELIGIBLE,10737,16,1,"[""APT_CyberCriminal_Campagin_Collections""]","[""RAW-f660f11f7227c11c""]",SINGLETON,False,True
CANON-45c72ab7de0d5b0e,45c72ab7de0d5b0e5bcc23791de0b689db08adf0cdc7f360c44c556d7fad46f5,1,RAW-025a0e155ed5be7c,APT_CyberCriminal_Campagin_Collections,fb7c04161235589e33b1bf948464837f6f46586f365aa54ca687a7794f3bd250,CONTENT_ELIGIBLE,2062,11,1,"[""APT_CyberCriminal_Campagin_Collections""]","[""RAW-025a0e155ed5be7c""]",SINGLETON,False,False
CANON-45cf5dff921103e3,45cf5dff921103e3fc42b9ab09c07dfb222bbeba92d39df4255305dd038fef43,1,RAW-a8a1a7c85431260c,APT_CyberCriminal_Campagin_Collections,1f66159ae8ad65be4963b4dc5809b9c14f908bf6fba750336d9dadc6363b407d,CONTENT_ELIGIBLE,2861,13,1,"[""APT_CyberCriminal_Campagin_Collections""]","[""RAW-a8a1a7c85431260c""]",SINGLETON,False,True
CANON-4612c589c7970088,4612c589c797008887c3b679c090858cca3c7f17e816175b9654f8e00ac43906,2,RAW-f7a891e8c3e894de,APTnotes,ff1ab89136d584503a385b79671faae92ffcc52cbe5140708298fcd9c70a3543,CONTENT_ELIGIBLE,3699,24,2,"[""APT_CyberCriminal_Campagin_Collections"",""APTnotes""]","[""RAW-f7a891e8c3e894de"",""RAW-fe921c5e5734fbb6""]",EXACT_BINARY,True,True
CANON-462488a3063db468,462488a3063db4681e4b44da06b191d5971b9de940006ceed2d23000772fb920,1,RAW-e746759b81c5be97,APT_CyberCriminal_Campagin_Collections,fa84dd7afed4b0e94a18a6fa7a8cb035c8cf079a04402b3b043797b88ad57386,CONTENT_ELIGIBLE,1651,10,1,"[""APT_CyberCriminal_Campagin_Collections""]","[""RAW-e746759b81c5be97""]",SINGLETON,False,True
CANON-4653db44a4cd6737,4653db44a4cd673763bfbfef43ff4f31bb54ceeadbad7bc87655ae3d30f84124,1,RAW-b56bf0412743e57f,APT_CyberCriminal_Campagin_Collections,9b10c7c1132e6330f4863ea70b29061970690a952c8b6b2e0170ede17eb615b0,CONTENT_ELIGIBLE,2284,19,1,"[""APT_CyberCriminal_Campagin_Collections""]","[""RAW-b56bf0412743e57f""]",SINGLETON,False,True
CANON-468ca0282575e615,468ca0282575e6155b5cb731567cfb313d368ffb7389bec3e6a857551b24bfb3,2,RAW-42666ad81e1eac01,APTnotes,eec97aec3443eaa5e14fe3904c6073a341de99d998660ad98a5569f963ed7f58,CONTENT_ELIGIBLE,928,7,2,"[""APT_CyberCriminal_Campagin_Collections"",""APTnotes""]","[""RAW-42666ad81e1eac01"",""RAW-56118b6030f62e84""]",EXACT_BINARY,True,True
CANON-469c0fc010284269,469c0fc0102842692ae7996ec49a670e5ce77f264a103cce0cd2598a2d77d7f4,1,RAW-ea7beaa882c24f34,APT_CyberCriminal_Campagin_Collections,c7b1c1985a16e7708a3afd55d7ac02363a28afca214eab80eaf38a64feb672d0,CONTENT_ELIGIBLE,2537,27,1,"[""APT_CyberCriminal_Campagin_Collections""]","[""RAW-ea7beaa882c24f34""]",SINGLETON,False,True
CANON-46b3a1e34822218f,46b3a1e34822218febe168441427f780e4260850ca57ce8c94eb8393326a005d,1,RAW-83c70cbede07a3a6,APT_CyberCriminal_Campagin_Collections,5b31cc96746ec1e9fccdc39f396d2356f9332b769ad23aae8439a6c9fb300ba8,CONTENT_ELIGIBLE,754,2,1,"[""APT_CyberCriminal_Campagin_Collections""]","[""RAW-83c70cbede07a3a6""]",SINGLETON,False,True
CANON-46c7473d34aa728a,46c7473d34aa728ac71ce68c877d0d59af5af55d3bdeb639608aa0de9b814368,1,RAW-13b51ba54158ec06,APT_CyberCriminal_Campagin_Collections,abb5156a27fd5a262d0aa27fbd40174cd6d1a45112a7f79dc00cbb5b24748a6e,CONTENT_ELIGIBLE,3698,15,1,"[""APT_CyberCriminal_Campagin_Collections""]","[""RAW-13b51ba54158ec06""]",SINGLETON,False,True
CANON-46c935e64e18cf36,46c935e64e18cf361c0f0dc307db64534f021514f27d385a100beb72ae185598,1,RAW-edacdc7e6a74a419,APT_CyberCriminal_Campagin_Collections,3ae32fa6541509fd56e888cd4fa402975c51de32f920a74bcc3b8688e8df16f9,CONTENT_ELIGIBLE,4480,19,1,"[""APT_CyberCriminal_Campagin_Collections""]","[""RAW-edacdc7e6a74a419""]",SINGLETON,False,False
CANON-4709d568b9f057f9,4709d568b9f057f957e9de392b030ec1ea1afe45257394fa1a807b78f8bf7b2d,2,RAW-5255a06ea62865a5,APT_CyberCriminal_Campagin_Collections,5b5215d10aa904c771d567cc8d2238da2eba21d1736a332cb9c92d28af142f53,CONTENT_ELIGIBLE,2378,15,2,"[""APT_CyberCriminal_Campagin_Collections"",""APTnotes""]","[""RAW-5255a06ea62865a5"",""RAW-d2ea4dcadb375774""]",EXACT_BINARY,True,True
CANON-4727683d9596d36b,4727683d9596d36b10b63b7c931e49304edf1e62beaf9f07d73cc21f0125082a,2,RAW-47c4de2a91bc1523,APT_CyberCriminal_Campagin_Collections,2f4ad9453899e7fc40c9a8c10d261bd4f1c73a9f65ff5f2de4e877a5d5bf6f33,CONTENT_ELIGIBLE,3179,18,2,"[""APT_CyberCriminal_Campagin_Collections"",""APTnotes""]","[""RAW-47c4de2a91bc1523"",""RAW-7c16b24d1d3235f7""]",EXACT_BINARY,True,True
CANON-4761818aa1d1929f,4761818aa1d1929fec355523f898ea7fbed3cc19a592de0c194ce09934a5e92d,1,RAW-f7b78b3c21b76d29,APT_CyberCriminal_Campagin_Collections,034b173450aed2fcc93a171b3ad0a56910022dd30797383493fd772c0085e366,CONTENT_ELIGIBLE,4091,11,1,"[""APT_CyberCriminal_Campagin_Collections""]","[""RAW-f7b78b3c21b76d29""]",SINGLETON,False,True
CANON-4771875103b1ecc0,4771875103b1ecc0f1f6700e45a74cdb924da84d38de089377747825e5f955de,1,RAW-9f64e7fb22e7d74d,APT_CyberCriminal_Campagin_Collections,6d2a801410f9faea067bc41b806d84e687ecf4190e9f8a1a9a43ea7879226c29,CONTENT_ELIGIBLE,4658,34,1,"[""APT_CyberCriminal_Campagin_Collections""]","[""RAW-9f64e7fb22e7d74d""]",SINGLETON,False,True
CANON-477b025b8520a438,477b025b8520a43882ab07ef7b4d1e018407fbd7f8da2b6edfc0379723264ffe,2,RAW-7a22f9046167585e,APT_CyberCriminal_Campagin_Collections,bbcaae5ef4cb42217bc34ba5cee535f3d049f3387ba43bad18de1724615fc74f,CONTENT_ELIGIBLE,6704,59,2,"[""APT_CyberCriminal_Campagin_Collections"",""APTnotes""]","[""RAW-7a22f9046167585e"",""RAW-ef0b4f35b97fe4ce""]",EXACT_BINARY,True,True
CANON-47e9401d28e55526,47e9401d28e55526f4c0822d131d3483b9d5f39f3a9446158b4e8f38983af448,1,RAW-e6e8d77f05bc3468,APT_CyberCriminal_Campagin_Collections,bc2f85fd3deb2360db04a42823505e07446d0503f74dfdca6d7e84e7b32dbd56,CONTENT_ELIGIBLE,2009,10,1,"[""APT_CyberCriminal_Campagin_Collections""]","[""RAW-e6e8d77f05bc3468""]",SINGLETON,False,True
CANON-47f088cb59e8b168,47f088cb59e8b168d2f118d1ede8781d4e3ca7b32cc9ca136480c36193538b13,1,RAW-77d5c7cfde000fcd,APT_CyberCriminal_Campagin_Collections,415225f5e5b45702afd3c1ed4b4008cab597ea84808a54e0a19b25701fdf6f82,CONTENT_ELIGIBLE,1436,8,1,"[""APT_CyberCriminal_Campagin_Collections""]","[""RAW-77d5c7cfde000fcd""]",SINGLETON,False,True
CANON-48060cfe34be8786,48060cfe34be878643d2ead6d8835b5071059254e3d2ebe1d8829bc79b5eeb12,1,RAW-e6e49ad3e45c7cc3,APT_CyberCriminal_Campagin_Collections,3171b45ec9099556df68939cdf98ba25c97178c043f98d446d9d63c7d7f6ead5,CONTENT_ELIGIBLE,581,15,1,"[""APT_CyberCriminal_Campagin_Collections""]","[""RAW-e6e49ad3e45c7cc3""]",SINGLETON,False,False
CANON-482425f64784f043,482425f64784f043c5553fb71662389eb50cbf63806efedd91ea1154f75d3da1,1,RAW-7e638aaef5af8ffc,APT_CyberCriminal_Campagin_Collections,ed05e929e4013bf77424965cf381d1d13642c6b016311d350afaacf2cc509fd1,CONTENT_ELIGIBLE,3378,28,1,"[""APT_CyberCriminal_Campagin_Collections""]","[""RAW-7e638aaef5af8ffc""]",SINGLETON,False,True
CANON-482520397cc9a666,482520397cc9a666f4e1403c35c4e2b4459772e6c5044f4655879939dfe6a741,1,RAW-576dc020dc6ff088,APT_CyberCriminal_Campagin_Collections,6baa9fbda5dd88a5547857edacd099cbf999c02be128cd8e7abb9d8c0d8ba5d9,CONTENT_ELIGIBLE,882,6,1,"[""APT_CyberCriminal_Campagin_Collections""]","[""RAW-576dc020dc6ff088""]",SINGLETON,False,False
CANON-48493c3bd7b607d5,48493c3bd7b607d54dd10da58c9bbdc3a6ce3af077da950088611fa211195631,1,RAW-286d087b9191e98c,APT_CyberCriminal_Campagin_Collections,72dd4b248ca321009f54fa1d22f59a058cb3d0434945db2f4817537f9ceaa0b4,CONTENT_ELIGIBLE,2199,7,1,"[""APT_CyberCriminal_Campagin_Collections""]","[""RAW-286d087b9191e98c""]",SINGLETON,False,True
CANON-486a0a59bc68a8a3,486a0a59bc68a8a338b8af4f5f89db4cb846f877f9e8ba2d74ff4cd258a85b3d,1,RAW-0fb56de90411e2c8,APT_CyberCriminal_Campagin_Collections,d43682b9b16b1f5392be9e63dec560fc0579ba1af58a83aa69907b4f81601bce,CONTENT_ELIGIBLE,1344,8,1,"[""APT_CyberCriminal_Campagin_Collections""]","[""RAW-0fb56de90411e2c8""]",SINGLETON,False,False
CANON-48b985ba46c7becd,48b985ba46c7becdac34a70cea621f22226a730e76d20f52868175fde31ee5a5,1,RAW-b8baf252001095b8,APT_CyberCriminal_Campagin_Collections,91e134543cc7090b38a200abf8e91f6bed65130e569d11232f6e70fc3be75c4b,CONTENT_ELIGIBLE,2440,19,1,"[""APT_CyberCriminal_Campagin_Collections""]","[""RAW-b8baf252001095b8""]",SINGLETON,False,True
CANON-48cc887eb3ded50f,48cc887eb3ded50fdb01200e15ec8a4e0a348b0a38808226bf986232e6b65641,1,RAW-211a2e72f83a4dc3,APTnotes,4e2d05ee02d2c3175627fef61375c5cc8f996e4a56f9ca284b928128e20c9fb8,CONTENT_ELIGIBLE,766,5,1,"[""APTnotes""]","[""RAW-211a2e72f83a4dc3""]",SINGLETON,False,False
CANON-48d3fc3701e9d436,48d3fc3701e9d436cba5ee000510a106cf9c84b254dacc55e27ebb0e032da9d4,1,RAW-735909ea4e1d8148,APT_CyberCriminal_Campagin_Collections,ad2c39d766968921867ad1543a3f68bb51799d691b4cddc1b5969d0cef004d9d,CONTENT_ELIGIBLE,3004,9,1,"[""APT_CyberCriminal_Campagin_Collections""]","[""RAW-735909ea4e1d8148""]",SINGLETON,False,True
CANON-48f8a7830a10423c,48f8a7830a10423c5a979394e466edf38c3fc5b551e5a78a4bdddc0fef46a497,1,RAW-76465b8b4086f118,APT_CyberCriminal_Campagin_Collections,2382872f156e30cd837a3c82b4456019e7f26894bfbbc0e449ae0bdb6eeb7b9f,CONTENT_ELIGIBLE,1207,7,1,"[""APT_CyberCriminal_Campagin_Collections""]","[""RAW-76465b8b4086f118""]",SINGLETON,False,True
CANON-4904cf56dbd01718,4904cf56dbd017184386913a0bdd7636085fe5e0f936fb8817b66ab085954f90,1,RAW-02ddf2eead235580,APTnotes,ca2e1dd67545cbc9c072dab8e702ed3c2d0f7e75c6d4cadd06075e37be6e2ad8,CONTENT_ELIGIBLE,3325,13,1,"[""APTnotes""]","[""RAW-02ddf2eead235580""]",SINGLETON,False,True
CANON-491f7b3f36d81d48,491f7b3f36d81d48092e5f87b4f7cf0f4c0ae022aa85626bdecdb8cb4667c0be,1,RAW-df4d03e99122e4d4,APT_CyberCriminal_Campagin_Collections,b1a386396b1e53c299e2ed427ac68b1a185dddd9fc1bca9a8dfcf0ac64e2dace,CONTENT_ELIGIBLE,1126,3,1,"[""APT_CyberCriminal_Campagin_Collections""]","[""RAW-df4d03e99122e4d4""]",SINGLETON,False,True
CANON-4942b3bd59f28b02,4942b3bd59f28b022304020b51ddbc91472ce107d2776b620508217bf5125aad,1,RAW-dfdb746d00287e6f,APT_CyberCriminal_Campagin_Collections,5ea0027fe795a4eaa6e334c93dfb8b88d30f77fc8f5603d758cff18d39b19318,INSUFFICIENT_RECONSTRUCTED_TEXT,12,32,1,"[""APT_CyberCriminal_Campagin_Collections""]","[""RAW-dfdb746d00287e6f""]",SINGLETON,False,False
CANON-4961182fbd4e72d4,4961182fbd4e72d4a850ca6f2b93c3080a189d80dc3d72e1b549ed56229237c5,1,RAW-909f22c3c73c5b3e,APT_CyberCriminal_Campagin_Collections,65e988777d48d31b7be7fa697fd03878603abbc69da6892f286adabc8d0f28ad,CONTENT_ELIGIBLE,2841,8,1,"[""APT_CyberCriminal_Campagin_Collections""]","[""RAW-909f22c3c73c5b3e""]",SINGLETON,False,True
CANON-496ae5c61772b68b,496ae5c61772b68bb369f018597741a2f23cf82ffd1d505c062e90d37c355a73,1,RAW-d127ad36044a05cb,APT_CyberCriminal_Campagin_Collections,bce5571063c3ef5882678f71573b0b67b593ca82fc16e5a4a2d23eff6b483c0c,CONTENT_ELIGIBLE,1947,8,1,"[""APT_CyberCriminal_Campagin_Collections""]","[""RAW-d127ad36044a05cb""]",SINGLETON,False,True
CANON-49c2b85aef2fe03f,49c2b85aef2fe03ff3f0e1e5360cc376919161392194b85adab6fe56c29590f0,1,RAW-ed5986f98e08918e,APT_CyberCriminal_Campagin_Collections,bce59d9f2041cc76f4c7ce38e786376d8c9787ac0dcd24424282322d1799878a,CONTENT_ELIGIBLE,2698,19,1,"[""APT_CyberCriminal_Campagin_Collections""]","[""RAW-ed5986f98e08918e""]",SINGLETON,False,True
CANON-49c8680b852f4fe7,49c8680b852f4fe7d81b57212bf62a865e7d68c536b0740b167473e860ed8655,1,RAW-c1842e52b7066a44,APTnotes,8e1b92391ef92b9bc3f5bdcce444c7bd2be1577d5c63c13b24f02ca33bfd668d,CONTENT_ELIGIBLE,1654,10,1,"[""APTnotes""]","[""RAW-c1842e52b7066a44""]",SINGLETON,False,True
CANON-49f70f284f8fcb00,49f70f284f8fcb00918e4f5e129bc4dadbeeef66fba75a1806516bc08a8c9429,1,RAW-cf52c6e2bf995e5e,APT_CyberCriminal_Campagin_Collections,4913a9d6a2b31ef26853cd83b9c110fe6345b698da34355d76304a5271094718,CONTENT_ELIGIBLE,1381,8,1,"[""APT_CyberCriminal_Campagin_Collections""]","[""RAW-cf52c6e2bf995e5e""]",SINGLETON,False,True
CANON-4a55693d29af9f48,4a55693d29af9f48328f2ec8a6f5bd4033db31ff384b1394b28257f2303ac4eb,2,RAW-a589e0badbf9d76d,APTnotes,5fd1a6d3070d8da80081e7646d84a1ff4eba7026021b5a1043fb7e47571ee677,CONTENT_ELIGIBLE,2669,11,2,"[""APT_CyberCriminal_Campagin_Collections"",""APTnotes""]","[""RAW-a589e0badbf9d76d"",""RAW-d9b5e7b21a58f74e""]",EXACT_BINARY,True,True
CANON-4a8628f457112d71,4a8628f457112d71976b97c9eb599092a7a98bb746d2e3a46d52acedc676fb31,1,RAW-19964fe2eeab3f96,APT_CyberCriminal_Campagin_Collections,050742b191120a2fc2c72fd866bb162550ef3f032d6656f409ebc0e1914c5653,CONTENT_ELIGIBLE,6853,32,1,"[""APT_CyberCriminal_Campagin_Collections""]","[""RAW-19964fe2eeab3f96""]",SINGLETON,False,True
CANON-4aa9c97b56a2e249,4aa9c97b56a2e2492f33ffcbe996fe054bd9951c9446c520c7e5bd6d5914b068,1,RAW-50f6885bdd21730f,APT_CyberCriminal_Campagin_Collections,510fc9cb6eb8a5e0851793db87d1374a6a853a0c7cb9710d148a29f073632490,CONTENT_ELIGIBLE,2247,15,1,"[""APT_CyberCriminal_Campagin_Collections""]","[""RAW-50f6885bdd21730f""]",SINGLETON,False,True
CANON-4ab37d5ffd7676dd,4ab37d5ffd7676ddd6218528821ceb53f02c016f1a0ccf2f022964e070b1a3d5,1,RAW-ffc1cf55d3bde9c0,APT_CyberCriminal_Campagin_Collections,4d67b61bb10ee95f58029f37609ade8672b4dc094ee34024404774912206f921,CONTENT_ELIGIBLE,1602,11,1,"[""APT_CyberCriminal_Campagin_Collections""]","[""RAW-ffc1cf55d3bde9c0""]",SINGLETON,False,False
CANON-4ad9a9e15327d48d,4ad9a9e15327d48d536e74882ecd35c56dc03a481adccbc25e81246615b617ac,1,RAW-d39409912debdbbc,APTnotes,aecee183feb269d220ca4634717e0f0e887400bad6eb7a92e42e52b31a0226e6,CONTENT_ELIGIBLE,3174,12,1,"[""APTnotes""]","[""RAW-d39409912debdbbc""]",SINGLETON,False,True
CANON-4af51c89d0c31753,4af51c89d0c317537585d21c1c56a14a20b2e4edfbec477280caa806353f3a40,1,RAW-a6437cfa960fd1e2,APTnotes,0535c8ecadd23499b7f872479724b972a3daa336ba121f4e2099f45bbd34d3fc,CONTENT_ELIGIBLE,1985,7,1,"[""APTnotes""]","[""RAW-a6437cfa960fd1e2""]",SINGLETON,False,True
CANON-4b10778f44d3e046,4b10778f44d3e046db47bac1f0b5cfd19354614f022fff6bb23b60c8a588a86f,1,RAW-44cc9dbf9f061fff,APT_CyberCriminal_Campagin_Collections,7987a003e57d171641b7d1f35bcab5700d5801dd0f30a6e307ccf0a9bcb62556,CONTENT_ELIGIBLE,966,6,1,"[""APT_CyberCriminal_Campagin_Collections""]","[""RAW-44cc9dbf9f061fff""]",SINGLETON,False,True
CANON-4b1f86616f831a50,4b1f86616f831a50ffc36da800a334a6d7e8823d6875c042286e3d0d420a5b89,1,RAW-0ad75992fa785329,APT_CyberCriminal_Campagin_Collections,6054cb595298df89cb6d8e5baacb1c873df80421c18012f64632d9c8ba2c575e,CONTENT_ELIGIBLE,1016,4,1,"[""APT_CyberCriminal_Campagin_Collections""]","[""RAW-0ad75992fa785329""]",SINGLETON,False,True
CANON-4b29cc2e9759e174,4b29cc2e9759e174ed17e80230e8566841f3054a8c3da413fb971d21d4140d04,1,RAW-4186168d263f34b0,APTnotes,6d3c151d582468fd2f33f8783f9926fe8160300d0cca13d4ca514704ad836afb,CONTENT_ELIGIBLE,6088,20,1,"[""APTnotes""]","[""RAW-4186168d263f34b0""]",SINGLETON,False,True
CANON-4b3f5e045a8e0468,4b3f5e045a8e04689b8f5b2f87e9616954f6cfabc8164fe294c9db55574a94c4,1,RAW-10d64ad2d697b675,APT_CyberCriminal_Campagin_Collections,5474198931bbd11580e95050538134221ad3119781d79f3462a5ea07df21c309,CONTENT_ELIGIBLE,2301,18,1,"[""APT_CyberCriminal_Campagin_Collections""]","[""RAW-10d64ad2d697b675""]",SINGLETON,False,True
CANON-4b4974ac35eef919,4b4974ac35eef919b520f6d0eef84fec1c039196fe978359a4be63cc9ac35206,1,RAW-0524615895855928,APT_CyberCriminal_Campagin_Collections,492201fb1fd0139ee0aa300ea11e2303c1f6ef62b956bab835feb0a9cb4fd625,INSUFFICIENT_RECONSTRUCTED_TEXT,97,9,1,"[""APT_CyberCriminal_Campagin_Collections""]","[""RAW-0524615895855928""]",SINGLETON,False,False
CANON-4b6787c6822a469b,4b6787c6822a469be6a0ccc778c1ac9394d7768bf80a0da4fe059e43c4f9d52e,1,RAW-36f18fa6ffbb5953,APT_CyberCriminal_Campagin_Collections,244c0a48716488780f0ff461c3afe4d889b5bd36d3385ddb4a6f5d8de5609ba2,CONTENT_ELIGIBLE,2551,15,1,"[""APT_CyberCriminal_Campagin_Collections""]","[""RAW-36f18fa6ffbb5953""]",SINGLETON,False,True
CANON-4b67d35882e21549,4b67d35882e215497fafbcb24bdd8f57a50e7dbfde2fb6af28981ad22f77d989,1,RAW-9d65c847e554cf8e,APT_CyberCriminal_Campagin_Collections,7ecbbd924a9fb6399a79b4cea4383ea076bce9312ba2470f578e5e315105f400,INSUFFICIENT_RECONSTRUCTED_TEXT,49,18,1,"[""APT_CyberCriminal_Campagin_Collections""]","[""RAW-9d65c847e554cf8e""]",SINGLETON,False,False
CANON-4b69ffae7f6ca8da,4b69ffae7f6ca8da75a3722746095f1b95896ffc5a3d032187b3deae2d1dd912,1,RAW-5a416029a15d3103,APTnotes,b2a505a98d07e5b1d32bacb30ebf4218b5699156b5247e56e543e9cd7afbc17f,CONTENT_ELIGIBLE,1805,7,1,"[""APTnotes""]","[""RAW-5a416029a15d3103""]",SINGLETON,False,True
CANON-4b6c6043a33d6ce5,4b6c6043a33d6ce557fff7860f1055452c45a521886479df29552a2551047f4b,1,RAW-f306f53d7f42f854,APT_CyberCriminal_Campagin_Collections,2f2fe0b2619fce869dc443f960f96ad5a5e407bf7df1cca317b77c8c8ebb0e24,CONTENT_ELIGIBLE,1054,7,1,"[""APT_CyberCriminal_Campagin_Collections""]","[""RAW-f306f53d7f42f854""]",SINGLETON,False,True
CANON-4b93f83df979c334,4b93f83df979c334e112709df14734351eec40b90c3a5fd0c9270dd3f063f2eb,2,RAW-88124e75575b1bb0,APTnotes,d00252920c120566c5a228ce8bb1b27061c682beafd94e7224e8fa532d283b7b,CONTENT_ELIGIBLE,3094,16,2,"[""APT_CyberCriminal_Campagin_Collections"",""APTnotes""]","[""RAW-88124e75575b1bb0"",""RAW-93743403379c34af""]",EXACT_BINARY,True,True
CANON-4bc92bb502f16ce8,4bc92bb502f16ce89873012c4bbaf1176b09d13cead5960c1693373ae7b1b290,1,RAW-72706c955e753536,APT_CyberCriminal_Campagin_Collections,89671955d77b40e60c18d844cf584f1a99d1ac229beed923f944da065fb30625,CONTENT_ELIGIBLE,2326,19,1,"[""APT_CyberCriminal_Campagin_Collections""]","[""RAW-72706c955e753536""]",SINGLETON,False,True
CANON-4bdff95a26142a02,4bdff95a26142a0270e293a4fdd417aaa5b36bb1e6c625e3d2c7c266ae4e209b,1,RAW-f509020539a57da3,APT_CyberCriminal_Campagin_Collections,b9f263e0ce04c706a4f19e47f19bbfdf1224405c1320ac8e12b833d290d5614f,CONTENT_ELIGIBLE,1485,3,1,"[""APT_CyberCriminal_Campagin_Collections""]","[""RAW-f509020539a57da3""]",SINGLETON,False,True
CANON-4bf6212ac720776b,4bf6212ac720776bb270ec5f5c33a831a23aa5060e04c42aa022ca7521751f93,1,RAW-3d59acd6ac80d06c,APT_CyberCriminal_Campagin_Collections,f15d8fc04c9811d35c576fe1f9657b0d6b6dda417825978ef3f27b9763eb664d,CONTENT_ELIGIBLE,2400,13,1,"[""APT_CyberCriminal_Campagin_Collections""]","[""RAW-3d59acd6ac80d06c""]",SINGLETON,False,True
CANON-4c098997aae6941b,4c098997aae6941b5eaf2afa826d458817dda13203a642220612a62233333dc1,1,RAW-77287cf89d1b0a34,APT_CyberCriminal_Campagin_Collections,3b67ace712751ed596f3254e8dbe7df9d7e6457472ad09fdf8ccaefb81b3c77f,CONTENT_ELIGIBLE,2523,17,1,"[""APT_CyberCriminal_Campagin_Collections""]","[""RAW-77287cf89d1b0a34""]",SINGLETON,False,True
CANON-4c2210fcb2ef20d7,4c2210fcb2ef20d76714f32f58d2d407ab3768c9f561b8234cc7e598a5059f33,1,RAW-6770af0118661d78,APT_CyberCriminal_Campagin_Collections,c5a8b2f1a768918d89025072b1ea4aaa51eabc4013b295a884b44d8d0de85a1c,CONTENT_ELIGIBLE,885,6,1,"[""APT_CyberCriminal_Campagin_Collections""]","[""RAW-6770af0118661d78""]",SINGLETON,False,True
CANON-4c61b2cee96e0d51,4c61b2cee96e0d514f652d50950f21a3fb2d0daed7578a061b7e802b3f9aa64f,1,RAW-f60e70b7cf142fa7,APTnotes,258c0a29771277bac8beb5059218715ab1f00f8276007e0e812c775ee6d1cd7a,CONTENT_ELIGIBLE,954,5,1,"[""APTnotes""]","[""RAW-f60e70b7cf142fa7""]",SINGLETON,False,True
CANON-4c746bc4a1b97e45,4c746bc4a1b97e45948e6b708dce7db941143faaf21f6a33cc59057998c20e7c,2,RAW-016172c3315f85df,APT_CyberCriminal_Campagin_Collections,59f4e01c2cbca97b6287393c406a64a89a24ad7645eb06cdea58fc162e2fbd86,CONTENT_ELIGIBLE,4112,22,2,"[""APT_CyberCriminal_Campagin_Collections"",""APTnotes""]","[""RAW-016172c3315f85df"",""RAW-d071db2aa247508a""]",EXACT_BINARY,True,True
CANON-4cb854e17ca37685,4cb854e17ca37685bbb42bae78fc41d949d55b01a869c8384a39f89b2ca9e7e2,1,RAW-cb285974ae94c8c3,APT_CyberCriminal_Campagin_Collections,e08de9e6fb209dbdf3165d79545f1fb19e73fb465be113e8d4d229540597a362,CONTENT_ELIGIBLE,1894,9,1,"[""APT_CyberCriminal_Campagin_Collections""]","[""RAW-cb285974ae94c8c3""]",SINGLETON,False,True
CANON-4cbd5de45f86724f,4cbd5de45f86724fb5d822a2abcecb4142289bc0fcde7546bcf1c1f537605cd6,1,RAW-8bcef454f36853b8,APT_CyberCriminal_Campagin_Collections,4a0d577f2e037e6e481ddf51849f62b8e064f32eceec53d09af20b18a6686b09,CONTENT_ELIGIBLE,8675,39,1,"[""APT_CyberCriminal_Campagin_Collections""]","[""RAW-8bcef454f36853b8""]",SINGLETON,False,True
CANON-4cf6117e09c4d765,4cf6117e09c4d7652c4a749fb4d87dd99b785bb7359dc8b2611f11c7202b69d2,1,RAW-af0f324f2d8c30a1,APT_CyberCriminal_Campagin_Collections,56b733b3c4ad8e33fe57d93fc3a05a962bf44c9e4c5c9e44ee11fd1d2abfbd66,CONTENT_ELIGIBLE,3989,15,1,"[""APT_CyberCriminal_Campagin_Collections""]","[""RAW-af0f324f2d8c30a1""]",SINGLETON,False,True
CANON-4d008918567ff1d6,4d008918567ff1d6f0d4c4e3edd7965fee10b05fe2e77778c0c5fb0fcc7ab01b,1,RAW-3496f1b9daa3f06a,APTnotes,372cc0d4523c110d4e0db1487341632c0aced5dd2919a14a844826e84f602d6a,CONTENT_ELIGIBLE,1174,11,1,"[""APTnotes""]","[""RAW-3496f1b9daa3f06a""]",SINGLETON,False,True
CANON-4d7447fa51b2d90e,4d7447fa51b2d90e30413c7135b03b5d8cffd0d705d63ce2afac2f46a4b28da6,2,RAW-908cd00875145843,APTnotes,3a10a80556b184149f10ae4b0edf9d97fae482c598163108b8a80ca2b0e22143,CONTENT_ELIGIBLE,9192,58,2,"[""APT_CyberCriminal_Campagin_Collections"",""APTnotes""]","[""RAW-908cd00875145843"",""RAW-bef8c7fb2d891cbc""]",EXACT_BINARY,True,True
CANON-4d788d0b60ef9948,4d788d0b60ef994817fa475cf5874d21e780d59aab1bb0c466bae53960384db2,1,RAW-a73f262f8605cae7,APT_CyberCriminal_Campagin_Collections,f9181b1ce93558b84c16b6562753240099b1c853854621ca680e9d438c8a4d64,CONTENT_ELIGIBLE,4299,19,1,"[""APT_CyberCriminal_Campagin_Collections""]","[""RAW-a73f262f8605cae7""]",SINGLETON,False,True
CANON-4d93ceb8cd8f0bbe,4d93ceb8cd8f0bbe08db1f02a2b62cdc1d8df776930692abcfa467c062430b82,1,RAW-70bfcc5e4120878e,APT_CyberCriminal_Campagin_Collections,6c595a195dd73953f71b75a536424c585135dc53ec8ec2972ea2051b2c905565,CONTENT_ELIGIBLE,7194,32,1,"[""APT_CyberCriminal_Campagin_Collections""]","[""RAW-70bfcc5e4120878e""]",SINGLETON,False,True
CANON-4da151b77e8c5fd3,4da151b77e8c5fd3ee8c9ee7b7ea9abc03f75018273c6c250e925361390ec995,1,RAW-75287503542e9ce7,APTnotes,fb42a22179d1d92229dc2087115cd90bbcb151691884534550dc782d93305bcd,CONTENT_ELIGIBLE,1377,8,1,"[""APTnotes""]","[""RAW-75287503542e9ce7""]",SINGLETON,False,True
CANON-4dcc01976e57a2d7,4dcc01976e57a2d7e9742a43650faa105196bf6018eec7070176424d0b0a32ff,2,RAW-320c48e6dfa04f33,APT_CyberCriminal_Campagin_Collections,4782d458c8fb61e206729b7605196c1e0e88b9833b3ab164d17be64c396b47be,CONTENT_ELIGIBLE,1423,12,2,"[""APT_CyberCriminal_Campagin_Collections"",""APTnotes""]","[""RAW-320c48e6dfa04f33"",""RAW-bedb65b16afcece3""]",P2_HIGH_CONFIDENCE,True,True
CANON-4ddb1b3684e689bd,4ddb1b3684e689bd51e3e191cd317a397205f0c95a06e4b1bc13abece894d7b0,1,RAW-b570af3dade02ad0,APTnotes,3f34d7f16443ce62d5db763088cfe47df0f177a61d4674ba2be267ff1ce29209,CONTENT_ELIGIBLE,497,1,1,"[""APTnotes""]","[""RAW-b570af3dade02ad0""]",SINGLETON,False,True
CANON-4e543c8fe4a5a0d0,4e543c8fe4a5a0d0184974c9f3d36e8df53165b2ffe8da990a95d5cb4b7eb59e,2,RAW-9009df6b7b058124,APTnotes,e2770532f5e1446d850b8b10e8425e069084d18a8e62f3a80d57d88da0c8526a,CONTENT_ELIGIBLE,6553,58,2,"[""APT_CyberCriminal_Campagin_Collections"",""APTnotes""]","[""RAW-9009df6b7b058124"",""RAW-9753a3772fdd85d5""]",EXACT_BINARY,True,True
CANON-4e830e6a247d7d99,4e830e6a247d7d99c41822aaef7491c5846e163de7e73871c4e295e4c0ff1935,1,RAW-8276524f0f92fb73,APT_CyberCriminal_Campagin_Collections,2bcf31916b7f18e8ce21b07aea4d8daec294ce03c40f37ee3aa11b35e40fd041,CONTENT_ELIGIBLE,1217,13,1,"[""APT_CyberCriminal_Campagin_Collections""]","[""RAW-8276524f0f92fb73""]",SINGLETON,False,False
CANON-4ea7aaefc1f1d0ba,4ea7aaefc1f1d0ba12ee42df3a6ea34e4524086802d4c9f48d853a21d949e2c6,1,RAW-2f6a3d63674bc531,APT_CyberCriminal_Campagin_Collections,a3b0942455e333a8611ebd29b4166f49963440e09f96084de1a5849a755555c1,CONTENT_ELIGIBLE,917,6,1,"[""APT_CyberCriminal_Campagin_Collections""]","[""RAW-2f6a3d63674bc531""]",SINGLETON,False,True
CANON-4f0ff040308a30a5,4f0ff040308a30a582033fd6cdc6825fb5662f6edf622f736c2976f47f776af5,1,RAW-3a889f7df7e54398,APT_CyberCriminal_Campagin_Collections,99040e55a7c5d4c884af4819640be34397a7b7c14af5f3fc8b906f8f7e09e256,CONTENT_ELIGIBLE,1005,6,1,"[""APT_CyberCriminal_Campagin_Collections""]","[""RAW-3a889f7df7e54398""]",SINGLETON,False,True
CANON-4f347c3a64987bc6,4f347c3a64987bc66da90019fba3916efd76e3f736e6dd31c0840a514515fec2,1,RAW-26284655e4e9150c,APTnotes,8ef24963477415a49caf642e2660e2f1853651f76e3931571da041066ec8d1ee,CONTENT_ELIGIBLE,5975,19,1,"[""APTnotes""]","[""RAW-26284655e4e9150c""]",SINGLETON,False,False
CANON-4f55697c82c191a3,4f55697c82c191a34774ef42b57d2cf3cb136d28daee7314ad7dbad4d67a9f7f,1,RAW-54177ed61f500e05,APTnotes,ed054a7f544892730b9ff2c8809bf1559692f4c10d9004e9b49db602a82e340a,CONTENT_ELIGIBLE,1361,13,1,"[""APTnotes""]","[""RAW-54177ed61f500e05""]",SINGLETON,False,False
CANON-4f9878d5e9b6a105,4f9878d5e9b6a105a8a06e3c0446dffab07a941ccbad731edbefd32328c1905e,1,RAW-2ed959be5424d38c,APTnotes,fbcb1b4e994328e7c9223cea28513604fde7b757f756bb91bfd966a5f989192b,CONTENT_ELIGIBLE,694,5,1,"[""APTnotes""]","[""RAW-2ed959be5424d38c""]",SINGLETON,False,True
CANON-505295872ed7ba8e,505295872ed7ba8ed149a9d87057029ce7f7dfbf3e3cefb6c4903e831b1b8860,1,RAW-188a9caa6cd68787,APT_CyberCriminal_Campagin_Collections,7c305ab3ec1c2bd70e147cf528080ee120829c065269dbdfcc2b3c946b06b41e,CONTENT_ELIGIBLE,1571,10,1,"[""APT_CyberCriminal_Campagin_Collections""]","[""RAW-188a9caa6cd68787""]",SINGLETON,False,True
CANON-50549ba6311467f9,50549ba6311467f92e850761e2dcf29e62e0124dd953fe1d4a93fc48f60dd2ac,2,RAW-28e2e00180296c9e,APT_CyberCriminal_Campagin_Collections,e3c425d6a6c694a930a520eae3cd3d19a3c086bbb31d1f92b7abf2ea6ea59700,CONTENT_ELIGIBLE,577,3,2,"[""APT_CyberCriminal_Campagin_Collections"",""APTnotes""]","[""RAW-28e2e00180296c9e"",""RAW-628c26b8ed9938bf""]",EXACT_BINARY,True,True
CANON-505f2291d58e46ca,505f2291d58e46ca37cc933f3eca4c8cad5b1ecb1315a4075ff146edf291d673,1,RAW-0581fcfb114cd9ad,APT_CyberCriminal_Campagin_Collections,21f28ae992cbf971f7d50946cf60cc9b7e44fe2009d573fb4c1fc35441ff1edb,CONTENT_ELIGIBLE,1527,10,1,"[""APT_CyberCriminal_Campagin_Collections""]","[""RAW-0581fcfb114cd9ad""]",SINGLETON,False,False
CANON-506477e137a43189,506477e137a4318935e41d310b6a41366b630d6657e9f9282a3918397107fa62,2,RAW-a1e62acc31a13e0e,APT_CyberCriminal_Campagin_Collections,b4b178a13795861dfa9a70f5dcf0e3a73acf39ce882cf3ef83b74afc8a846d06,CONTENT_ELIGIBLE,5535,39,2,"[""APT_CyberCriminal_Campagin_Collections"",""APTnotes""]","[""RAW-a1e62acc31a13e0e"",""RAW-ef5d6764b57c206a""]",EXACT_BINARY,True,True
CANON-50a4964c6f2c1c82,50a4964c6f2c1c82e8f8c51259718c0bf9f6b6ccc8e509a69631e2ce8b56b2b4,1,RAW-6ef289417de9f089,APT_CyberCriminal_Campagin_Collections,7435f119cbd776536e17965ac21986093e11fcef2d8f6d5f30e7ffd7109476fd,CONTENT_ELIGIBLE,220,33,1,"[""APT_CyberCriminal_Campagin_Collections""]","[""RAW-6ef289417de9f089""]",SINGLETON,False,False
CANON-50b33ba4f5847200,50b33ba4f58472004fb7078715362ca11cbb77c95ce1b38139a49685f71ab57e,1,RAW-4316f48d1e1bd306,APT_CyberCriminal_Campagin_Collections,cce5aa91b4a498890306c3249dc96de5e74d2f97f6c97299fb46b9991bbaacf9,CONTENT_ELIGIBLE,1276,20,1,"[""APT_CyberCriminal_Campagin_Collections""]","[""RAW-4316f48d1e1bd306""]",SINGLETON,False,True
CANON-50e226d48498a56f,50e226d48498a56f392f31a18bd17986a8475b029114b8cc71f15c42feb51a5f,1,RAW-45a903ee0d6401cd,APT_CyberCriminal_Campagin_Collections,cd391966fab521c13d09ec8a51283c7a41353ad5e2cbd59b926e45868c89b710,CONTENT_ELIGIBLE,2389,17,1,"[""APT_CyberCriminal_Campagin_Collections""]","[""RAW-45a903ee0d6401cd""]",SINGLETON,False,True
CANON-50e87e897f70f9bb,50e87e897f70f9bb93e7ac02520a1d467dd3a6ff4a32b5540d43013e1d2375bf,1,RAW-b1ccee145468a820,APTnotes,889752118b9a200810bc083d30ab58daac90ad19ff82889d6f6edb2915fd003f,CONTENT_ELIGIBLE,3349,22,1,"[""APTnotes""]","[""RAW-b1ccee145468a820""]",SINGLETON,False,True
CANON-51468f64cef44217,51468f64cef44217960095ce6765eba836b736ebe6c42434df18d6ba24dc872e,1,RAW-2e7e36c2b4a8d689,APT_CyberCriminal_Campagin_Collections,b89ae0567d10f6160d5811b2cf82210a83f0447b7e21fb69920890117087ce09,CONTENT_ELIGIBLE,443,6,1,"[""APT_CyberCriminal_Campagin_Collections""]","[""RAW-2e7e36c2b4a8d689""]",SINGLETON,False,True
CANON-515510fa129f7cde,515510fa129f7cde59e47cbc60e8cfe1604ea5b8a74b5c45dded91796a1448e2,1,RAW-b2e619198bf097b1,APTnotes,652b03f74f06c090d2681ce940c0cc30dbb726eb75d06368f4d54813a11bb42b,CONTENT_ELIGIBLE,4078,28,1,"[""APTnotes""]","[""RAW-b2e619198bf097b1""]",SINGLETON,False,True
CANON-51581de0373db950,51581de0373db95032db721ead886a42a8b7267e78210061e176d5f4125c88be,1,RAW-4aa76a2116f32a7c,APT_CyberCriminal_Campagin_Collections,b5dcfba2f725e2303610bcff187c8921a25377b5350d97885bd134bae4b0e102,CONTENT_ELIGIBLE,753,8,1,"[""APT_CyberCriminal_Campagin_Collections""]","[""RAW-4aa76a2116f32a7c""]",SINGLETON,False,True
CANON-516e6867368eaa22,516e6867368eaa22069f0823ec3a6d18b3b0e693f3d0169cbbbf1845f8ec4ca7,1,RAW-2f35978a87664792,APT_CyberCriminal_Campagin_Collections,96712d562135da0614fd560dc9ad3199d728d8bdffa235608ea1a80d39e57f2a,CONTENT_ELIGIBLE,1111,6,1,"[""APT_CyberCriminal_Campagin_Collections""]","[""RAW-2f35978a87664792""]",SINGLETON,False,True
CANON-519afb15ce750428,519afb15ce7504285d10a0f9e94f9f3664a58f9b9c09858fcbca3e255df16d32,1,RAW-e2cbaf6f22b46beb,APT_CyberCriminal_Campagin_Collections,553db9b357856a752abc8b369a8c278d607d6a0bf2cab6b1fbe47ea40575cb15,CONTENT_ELIGIBLE,2475,9,1,"[""APT_CyberCriminal_Campagin_Collections""]","[""RAW-e2cbaf6f22b46beb""]",SINGLETON,False,True
CANON-51b58aa45a8695a0,51b58aa45a8695a02e74df18da2968c7668d86258a6b18e0e37016a120c13625,1,RAW-ac1c8c58341a38dd,APT_CyberCriminal_Campagin_Collections,8411f56cd22e5a02ecf0797d4d5239d0bea9647c0b13718cb5323a28b107c18b,CONTENT_ELIGIBLE,2061,22,1,"[""APT_CyberCriminal_Campagin_Collections""]","[""RAW-ac1c8c58341a38dd""]",SINGLETON,False,True
CANON-51cb044982926333,51cb0449829263337a92c1cee1cfda803a92b9d1663dc57a9f242b4ba03e51d4,1,RAW-9204b9be5e4b0398,APTnotes,a566c04177aa5a13dd48466297c5d9bc2b2ba2add3647cb9a74f49484b6e161b,CONTENT_ELIGIBLE,494,4,1,"[""APTnotes""]","[""RAW-9204b9be5e4b0398""]",SINGLETON,False,False
CANON-51ecf6fa56207b71,51ecf6fa56207b715d7310c468f5806a5c3472a8ca59b5fe38cfc6da6bb4fc90,1,RAW-76c064cceb55700a,APT_CyberCriminal_Campagin_Collections,07b49d8a6d038ad53a04978482ca30581f90c14d44cec04332b75469e43ef42a,CONTENT_ELIGIBLE,10222,44,1,"[""APT_CyberCriminal_Campagin_Collections""]","[""RAW-76c064cceb55700a""]",SINGLETON,False,True
CANON-5200d42a68398b30,5200d42a68398b305c5859b8de5f80fdcbac117d5d3d7ee28c35cabc72350bf1,1,RAW-d2be38c050104719,APT_CyberCriminal_Campagin_Collections,d38e916688937b2c431e03427dccfddfc2ef7ac9e8d0f1f3c839c1280999e0b4,CONTENT_ELIGIBLE,1809,8,1,"[""APT_CyberCriminal_Campagin_Collections""]","[""RAW-d2be38c050104719""]",SINGLETON,False,True
CANON-524a4bfdbb41b213,524a4bfdbb41b21306740a97e6ad53c1a53ae4a988b3121b1b153fdd137b3d1c,1,RAW-493f114702697d07,APT_CyberCriminal_Campagin_Collections,d56b66fe38e3737375bea6226568ae2e94858be7439f2482c55aaf8052b982c7,NO_RECONSTRUCTED_TEXT,0,47,1,"[""APT_CyberCriminal_Campagin_Collections""]","[""RAW-493f114702697d07""]",SINGLETON,False,False
CANON-5272f6755d3e11eb,5272f6755d3e11ebc75c1d4b756ef1882daa73f73f8ea52083065996fb114bc7,1,RAW-9de449a3ec3c716e,APT_CyberCriminal_Campagin_Collections,e964f7a51bea0451d497033e345e37d8dcd406227c1439c73eb36d4ed0eef604,CONTENT_ELIGIBLE,6132,20,1,"[""APT_CyberCriminal_Campagin_Collections""]","[""RAW-9de449a3ec3c716e""]",SINGLETON,False,True
CANON-527b5084e9588129,527b5084e9588129bf51c0bd36021ba844d8f84ab6db0b9a6ccea2b846d0db69,1,RAW-4e2fb91969e1cc0d,APTnotes,a4e9353170268a46e570f3af7fc3a1f1d0b8ac0d6b85ed911764eda1221b284c,CONTENT_ELIGIBLE,3351,17,1,"[""APTnotes""]","[""RAW-4e2fb91969e1cc0d""]",SINGLETON,False,True
CANON-528d753f2a39f266,528d753f2a39f2662fd3274f3c2de29541829b26b3fe4bb481e2aaec0fff7f45,2,RAW-2dd8968bfe27eb11,APT_CyberCriminal_Campagin_Collections,5852eadba7e1fb389831e7f6a3b03a85d605986551f472eab5eae3ba327d42b5,CONTENT_ELIGIBLE,976,6,2,"[""APT_CyberCriminal_Campagin_Collections"",""APTnotes""]","[""RAW-2dd8968bfe27eb11"",""RAW-a8ecf6924ce18d9f""]",EXACT_BINARY,True,True
CANON-5291cdd23e873515,5291cdd23e873515fa1ba39d3ec671ac8b72d9bcf37cd7fa9b709bb1112addcf,1,RAW-a73dc2300436769e,APTnotes,c359b258a61347d75fda0d6a21f5925961b7c9d57c3ddc4cfdabed8bdd60762d,CONTENT_ELIGIBLE,1272,8,1,"[""APTnotes""]","[""RAW-a73dc2300436769e""]",SINGLETON,False,True
CANON-529eb42d07f07ade,529eb42d07f07ade42e7e86af670afce8a0d2e13acd92d70996696a5e907f29e,1,RAW-c915d08511fd58fa,APT_CyberCriminal_Campagin_Collections,d852c2c562a682f3c0a1edab45d76a1a9b88df0f56672dd03e95522cf707d095,CONTENT_ELIGIBLE,3686,8,1,"[""APT_CyberCriminal_Campagin_Collections""]","[""RAW-c915d08511fd58fa""]",SINGLETON,False,True
CANON-52f140e4335c3542,52f140e4335c3542c1c4a8aba62bc596bdaf5a0e716e81019e1a938a0281d5e6,1,RAW-b7c3056f39b0624a,APT_CyberCriminal_Campagin_Collections,62dfce288243c9ca9642b683114e1f96e9d9e8239e7a0c5cef9fb189204465e3,CONTENT_ELIGIBLE,2912,19,1,"[""APT_CyberCriminal_Campagin_Collections""]","[""RAW-b7c3056f39b0624a""]",SINGLETON,False,True
CANON-53415d6ab5b2e23a,53415d6ab5b2e23a898b9b80d958e406ab45d876f28f2abbc77bbda90b456988,1,RAW-2c89394da054d317,APT_CyberCriminal_Campagin_Collections,7b349dd2ef409338f47c601939cf31af45d366493d7efa17c549a3c485714ab2,CONTENT_ELIGIBLE,2345,16,1,"[""APT_CyberCriminal_Campagin_Collections""]","[""RAW-2c89394da054d317""]",SINGLETON,False,True
CANON-53989f8bf511d501,53989f8bf511d5014e64b24ca5f9acd005adca53c201a13d0af77345e5ad729c,2,RAW-b8071eebf20061f3,APT_CyberCriminal_Campagin_Collections,1c5d02f80472147ad11a0e4c7e00a7d0e05b42e8d9c323bcfc19d1d31c3265fb,CONTENT_ELIGIBLE,5336,25,2,"[""APT_CyberCriminal_Campagin_Collections"",""APTnotes""]","[""RAW-b8071eebf20061f3"",""RAW-e8d382dbe4d7b4be""]",EXACT_BINARY,True,True
CANON-53adc07844cee04e,53adc07844cee04ed19e7cf1d8a1c0f543a5a116d4d2fd4342f9f8af0696cb6a,1,RAW-7a5f189413a4848d,APT_CyberCriminal_Campagin_Collections,93704114a609e32c60845da62976da35e274527385c210f0cf507f27e678c0ea,CONTENT_ELIGIBLE,3145,32,1,"[""APT_CyberCriminal_Campagin_Collections""]","[""RAW-7a5f189413a4848d""]",SINGLETON,False,True
CANON-53bbd99415991bb0,53bbd99415991bb0fa653a725c740d9121a6006cfeaffdb50af55633a8827e95,1,RAW-3cb4a8b49c9aa239,APT_CyberCriminal_Campagin_Collections,047fe23c2f907c7031f3683c77b23ab75a9a5fea2c7120cb0b58f2664adf27c8,CONTENT_ELIGIBLE,2826,21,1,"[""APT_CyberCriminal_Campagin_Collections""]","[""RAW-3cb4a8b49c9aa239""]",SINGLETON,False,True
CANON-53c04d7d906a473f,53c04d7d906a473f437b8294e7276a4f75e00b92eca9c9e046bb75a99c5a4932,2,RAW-604218072b3a0566,APTnotes,152d75e5e6d75c9d029194eba97d80497d16c9f54178e72ae89c1693987dcd63,CONTENT_ELIGIBLE,4580,42,2,"[""APT_CyberCriminal_Campagin_Collections"",""APTnotes""]","[""RAW-604218072b3a0566"",""RAW-fc7fd63dafbb0ead""]",EXACT_BINARY,True,True
CANON-53df2cba5abb2cd2,53df2cba5abb2cd2bb409c091ff839b5060b83304ab58ce49a5dee1dd4183aa9,1,RAW-79c2442262eb695e,APT_CyberCriminal_Campagin_Collections,175cacaf6b173c5f6c70f8aca557dd9e742b17ccb2daae2b1802cea922bb7877,CONTENT_ELIGIBLE,1351,7,1,"[""APT_CyberCriminal_Campagin_Collections""]","[""RAW-79c2442262eb695e""]",SINGLETON,False,True
CANON-54401ca689174c6f,54401ca689174c6f3282ea667f9c80a5898205124fa50b3893274d5fd7b23c74,1,RAW-52cc1c54a845b619,APT_CyberCriminal_Campagin_Collections,a0a1b86b7c1e34f686ac05ea6325753fec94a14e6970bf3979adeb77ea8f1159,CONTENT_ELIGIBLE,5449,21,1,"[""APT_CyberCriminal_Campagin_Collections""]","[""RAW-52cc1c54a845b619""]",SINGLETON,False,True
CANON-545d674985eac781,545d674985eac781b58a9e1069bc6bff46575c7d04f4613d126df4dc5a285b2a,2,RAW-1810c57728c68cdf,APT_CyberCriminal_Campagin_Collections,e5dc7233d61ff1ce66b81f1ec20d4fc2227c01d67b520787dbb7f628b993a042,CONTENT_ELIGIBLE,2676,32,2,"[""APT_CyberCriminal_Campagin_Collections"",""APTnotes""]","[""RAW-1810c57728c68cdf"",""RAW-662e9da32a541661""]",EXACT_BINARY,True,False
CANON-5465bdaac89b917f,5465bdaac89b917f81fe5d135e64022ef287db136f49b1b7af01a72989f45403,1,RAW-d7dfa00bda57e1b8,APT_CyberCriminal_Campagin_Collections,bcf367ac752cd7078a6d72e609217159bd0763028d9ed54c3186259b137b8432,CONTENT_ELIGIBLE,1645,15,1,"[""APT_CyberCriminal_Campagin_Collections""]","[""RAW-d7dfa00bda57e1b8""]",SINGLETON,False,True
CANON-54787243bddf5922,54787243bddf5922b677506f63c787a0a49aff0c7cc8c5719e6f157f77af6418,1,RAW-36bdbd283edbdb20,APT_CyberCriminal_Campagin_Collections,61818f2e8ae43537a6734460f4ba32f15fd82205aeb372592e0600b36adf7614,CONTENT_ELIGIBLE,10326,24,1,"[""APT_CyberCriminal_Campagin_Collections""]","[""RAW-36bdbd283edbdb20""]",SINGLETON,False,True
CANON-5478d6ddedc14938,5478d6ddedc1493846cf09ccde1bbe8072f7c35818b5292065a7ade43dce23fd,2,RAW-bb8b6c6b53dd2a06,APTnotes,b31b27aa0808aea5b0e8823ecb07402c0c2bbf6818a22457e146c97f685162b4,CONTENT_ELIGIBLE,8774,40,2,"[""APT_CyberCriminal_Campagin_Collections"",""APTnotes""]","[""RAW-bb8b6c6b53dd2a06"",""RAW-d9089a590850e49d""]",EXACT_BINARY,True,True
CANON-54d37f0a4a884566,54d37f0a4a8845669f153f027b02c9f7084241fc5df96dfef92b733d07850f5a,1,RAW-18dc06256970e050,APT_CyberCriminal_Campagin_Collections,3cb2cf059961cc554e35336da9304ce440278c6e19a80ee7209823368a87f5f7,CONTENT_ELIGIBLE,1991,12,1,"[""APT_CyberCriminal_Campagin_Collections""]","[""RAW-18dc06256970e050""]",SINGLETON,False,False
CANON-54f1a113ae41a2a1,54f1a113ae41a2a1f77acafabd11b568d3710c9aefccba1cc180f80a55e783ed,1,RAW-8edfaaa7241dcb8f,APTnotes,821e462f54a1fb42776ad3a0b6280529f9b36bd00f41e9d08627b823569e38ad,CONTENT_ELIGIBLE,5983,27,1,"[""APTnotes""]","[""RAW-8edfaaa7241dcb8f""]",SINGLETON,False,True
CANON-55048f8aaefdd3b8,55048f8aaefdd3b8b7b171d1e0d5290abde7c7bcad36b186b045050e0ff47248,1,RAW-466b66941069ea71,APT_CyberCriminal_Campagin_Collections,9af3a2c95c0a585f2eae9bb5ca247c69dc75c4f27ebd84997a2602ae60c8796e,CONTENT_ELIGIBLE,4174,22,1,"[""APT_CyberCriminal_Campagin_Collections""]","[""RAW-466b66941069ea71""]",SINGLETON,False,True
CANON-550c24a0ed81d873,550c24a0ed81d8733845b36961dfff7948d1f963093130eafed049721974be9f,1,RAW-fd91b97ce9affc3e,APTnotes,947dfc49e7a8542d34b32a89627b509801878c86ce679c18d95c996b85847f8e,CONTENT_ELIGIBLE,16608,58,1,"[""APTnotes""]","[""RAW-fd91b97ce9affc3e""]",SINGLETON,False,True
CANON-550e425c11fa906a,550e425c11fa906a3a69714081a306e5cc189e23d8aab4843fc52a7652370fa1,1,RAW-3aa8e9615c4b0162,APT_CyberCriminal_Campagin_Collections,bf82ff24aefdace7a377660d0cddc8cd1ce8946947c4f43797bacf1a640b899d,CONTENT_ELIGIBLE,3071,6,1,"[""APT_CyberCriminal_Campagin_Collections""]","[""RAW-3aa8e9615c4b0162""]",SINGLETON,False,True
CANON-551d7cb3737fb9ae,551d7cb3737fb9aecdcbf7d4362ea857810d8844e40f6f1baf5b5b1ff31ec03d,1,RAW-f2b1967b609cb48e,APT_CyberCriminal_Campagin_Collections,00e4074a7f6a85d63f6e7b70e789069fff4df03be6277736fadb9cf428c560fd,CONTENT_ELIGIBLE,1048,5,1,"[""APT_CyberCriminal_Campagin_Collections""]","[""RAW-f2b1967b609cb48e""]",SINGLETON,False,True
CANON-5558fd696c7fc44c,5558fd696c7fc44c65e4eafa698206060b804a8f9241b50b846c3f9b2721ba05,1,RAW-8ed00d59943ccb47,APT_CyberCriminal_Campagin_Collections,6a21983c0a39e467401a20c81f95db6d655a55600d8d29e131130f25838b13bb,CONTENT_ELIGIBLE,4631,22,1,"[""APT_CyberCriminal_Campagin_Collections""]","[""RAW-8ed00d59943ccb47""]",SINGLETON,False,False
CANON-5588ce1433e698ec,5588ce1433e698ec78eab72dbe464d22dde8dc0d6880dbcd4bf65a556cd5d3a0,2,RAW-2d10164533c85ef4,APT_CyberCriminal_Campagin_Collections,0252a19e0a9ba187823828530c0117a4be0a99717ff643c72f54b8db09a63b68,CONTENT_ELIGIBLE,6687,62,2,"[""APT_CyberCriminal_Campagin_Collections"",""APTnotes""]","[""RAW-2d10164533c85ef4"",""RAW-e20b7883614017ae""]",EXACT_BINARY,True,True
CANON-5597bdd394cc0816,5597bdd394cc08166e1ab9c07175e550de0aa08c2379b22007dd50de98c65829,2,RAW-6a01023ba5ff1378,APT_CyberCriminal_Campagin_Collections,e943d02b68883aa086a0307eb114bb9d8e5df3f152e78b4ab38c5b61013a6467,CONTENT_ELIGIBLE,956,3,2,"[""APT_CyberCriminal_Campagin_Collections"",""APTnotes""]","[""RAW-6a01023ba5ff1378"",""RAW-ef58066e9034aac9""]",CONTENT_EQUIVALENT,True,True
CANON-55b1d4eed3542a85,55b1d4eed3542a85893654aeeeb2332f665d0531e50e72072e6f53ab25418fb7,1,RAW-defd294bb04a647f,APT_CyberCriminal_Campagin_Collections,b0e6fde4f369dfb0565c44e10b5d5438f8b8a747c5e9207da82720857eaa0c86,CONTENT_ELIGIBLE,1336,4,1,"[""APT_CyberCriminal_Campagin_Collections""]","[""RAW-defd294bb04a647f""]",SINGLETON,False,True
CANON-55d0c21ff542bead,55d0c21ff542beadf9f4e0b9c54579ec12bb0e5cc81f88e8299dca09e052e7dc,1,RAW-dabab7f016d90b3f,APT_CyberCriminal_Campagin_Collections,b97c4ad832e4fd5cbcf4baf66ac18fb17209537b6086c0e4525c8e94369a7959,CONTENT_ELIGIBLE,3039,6,1,"[""APT_CyberCriminal_Campagin_Collections""]","[""RAW-dabab7f016d90b3f""]",SINGLETON,False,True
CANON-55e4be04a34fbe47,55e4be04a34fbe4704debcabe1a670ef84dc482f4a8eae32e3d4a56b3ca43a03,2,RAW-2a6b6e6336217ce3,APT_CyberCriminal_Campagin_Collections,71c163643b4a93a57ae597b547e4a57de826fc611e321d9fb6f7919e13e0d64a,CONTENT_ELIGIBLE,1559,7,2,"[""APT_CyberCriminal_Campagin_Collections"",""APTnotes""]","[""RAW-2a6b6e6336217ce3"",""RAW-7f46f736da0966e7""]",EXACT_BINARY,True,True
CANON-560a8de564e05d38,560a8de564e05d38b758fe6bed06564fe974e35878a9ef8822cf571386343efd,1,RAW-50d983cbabe992f0,APT_CyberCriminal_Campagin_Collections,ffe3cba3409675e7a537695e280f226139594768575ebb9e094167b5d8cf7298,CONTENT_ELIGIBLE,3496,12,1,"[""APT_CyberCriminal_Campagin_Collections""]","[""RAW-50d983cbabe992f0""]",SINGLETON,False,True
CANON-560a995a08d1acee,560a995a08d1acee59f2e812ed48b1b6e45297e0480a19aa963c9f4609a9277f,1,RAW-4b595a59387e5f2e,APTnotes,a7d7ef2a267c0d6159afd93009fc06e9d85de3253ff820ba33e009741533d6e5,CONTENT_ELIGIBLE,1099,8,1,"[""APTnotes""]","[""RAW-4b595a59387e5f2e""]",SINGLETON,False,True
CANON-562132c2eaa1e418,562132c2eaa1e418114cc40a891999606e76b38a26d623b3977a49d7d8cce815,1,RAW-f8e1e358b604e4a4,APTnotes,64b256f4a819696b4ab26878af4bd58ee806281a572cdbe10bd3de405d70d226,INSUFFICIENT_RECONSTRUCTED_TEXT,9,15,1,"[""APTnotes""]","[""RAW-f8e1e358b604e4a4""]",SINGLETON,False,False
CANON-5633cf395a479743,5633cf395a479743fff5fa8afcf6ea3d090d258fc5093feaee753e42e622159a,1,RAW-9c361bc2d9911538,APT_CyberCriminal_Campagin_Collections,61f11a9268807e5a7cb5df51f848a673d99b406db6b84e86a41294e8e437eb0a,CONTENT_ELIGIBLE,3113,16,1,"[""APT_CyberCriminal_Campagin_Collections""]","[""RAW-9c361bc2d9911538""]",SINGLETON,False,True
CANON-56389af1913333d4,56389af1913333d4f79c4fae3715ea345bd5cf92068a2f8ead4c3b8f8604f236,2,RAW-0fc790a7e74483da,APT_CyberCriminal_Campagin_Collections,1bc944380a4f80bcaf1a2e9d15f5026ccaa81f2c7fcf3c8f08a791bf281d0e91,CONTENT_ELIGIBLE,2274,14,2,"[""APT_CyberCriminal_Campagin_Collections"",""APTnotes""]","[""RAW-0fc790a7e74483da"",""RAW-c88db91e62a87b51""]",EXACT_BINARY,True,True
CANON-564c784f4fc119a8,564c784f4fc119a8b39897d7d2d3ca1575e00b1064bd9d604ae39fa063719b5b,1,RAW-e47f99fa4ee67cb4,APTnotes,bbb38a3e0381fc3b6d722828d3ef7787937fe4f56b9f90f22cc8bdb56e6db287,CONTENT_ELIGIBLE,2709,11,1,"[""APTnotes""]","[""RAW-e47f99fa4ee67cb4""]",SINGLETON,False,True
CANON-5653d908aaff0ad4,5653d908aaff0ad48dd361b191528c9767f4a8f2b7d590725235f9822e8cc059,1,RAW-3d2c17f379822729,APT_CyberCriminal_Campagin_Collections,91ccd50c4248472d7e052fc4f877a7ca84f8f9feb677fc99e9305c1b00e1f2cf,CONTENT_ELIGIBLE,1005,8,1,"[""APT_CyberCriminal_Campagin_Collections""]","[""RAW-3d2c17f379822729""]",SINGLETON,False,True
CANON-568ea3347b0c2c00,568ea3347b0c2c00746511f20522e150662bf250c760263f395b7e5ecd7e24a2,1,RAW-1a3cc37522476b46,APT_CyberCriminal_Campagin_Collections,8e18557bfb633f1c518eb6e68e4a6b6eee478a6368706d871b3f57693569ed41,CONTENT_ELIGIBLE,1628,4,1,"[""APT_CyberCriminal_Campagin_Collections""]","[""RAW-1a3cc37522476b46""]",SINGLETON,False,True
CANON-56983069d27d19fd,56983069d27d19fd64a3d3dca593d703cc4260b9be961d0b067dfa9803fa51c6,1,RAW-4132ec4b345aa795,APTnotes,4ff557b50e332447d48958693551f764e52e00cab1e53a2daccca861dde0b93c,CONTENT_ELIGIBLE,962,4,1,"[""APTnotes""]","[""RAW-4132ec4b345aa795""]",SINGLETON,False,True
CANON-56b1ea52d1080d2f,56b1ea52d1080d2f8d73bdfd4d108f0d0fe6d069847225eafad27410bc06a713,1,RAW-69e1ad2208e87919,APT_CyberCriminal_Campagin_Collections,64fd816b06f2ef08d559fcff2230cdc43b30d6f5b5333321d069b317374870ee,CONTENT_ELIGIBLE,701,3,1,"[""APT_CyberCriminal_Campagin_Collections""]","[""RAW-69e1ad2208e87919""]",SINGLETON,False,False
CANON-56d0542a645d8da2,56d0542a645d8da2381a1084adbba7da2d3b9efbef91d7d13df74c236a896a07,1,RAW-4e34fe2098ec9c91,APT_CyberCriminal_Campagin_Collections,8514d6135fc7dfcbe80c377b3a9da8f0b89465c2885c0c2540b05bd6fcdce195,CONTENT_ELIGIBLE,1242,7,1,"[""APT_CyberCriminal_Campagin_Collections""]","[""RAW-4e34fe2098ec9c91""]",SINGLETON,False,True
CANON-56e070f937718c8a,56e070f937718c8ade7dab6d889f8e30e728938496c9367be59b0bfb7df94976,1,RAW-f141926b1fcd9bdc,APT_CyberCriminal_Campagin_Collections,92348de2c7f3820f18e9187e6e5c34a7987ad92d23389e8a12ae65150db221b9,CONTENT_ELIGIBLE,3644,17,1,"[""APT_CyberCriminal_Campagin_Collections""]","[""RAW-f141926b1fcd9bdc""]",SINGLETON,False,True
CANON-57180e22f5b32434,57180e22f5b32434a4d33a0cbb3e86f78e1a6849428d0ae35e6d2f75d24becab,2,RAW-93d9c2b7d5e4ffa8,APTnotes,e9fec037ce7024594d122fbf72319990afafb0397e4f5f246c0e57fe73c7c917,CONTENT_ELIGIBLE,21898,58,2,"[""APT_CyberCriminal_Campagin_Collections"",""APTnotes""]","[""RAW-93d9c2b7d5e4ffa8"",""RAW-970fe3d21ecc29ec""]",EXACT_BINARY,True,True
CANON-57490b9665fec712,57490b9665fec71239ba44b59837d70f436d193a635d81ef2ca3cc67e5614ac8,1,RAW-5f99acde2739bfc3,APT_CyberCriminal_Campagin_Collections,ae3af6c2dbcc23dd4b30c09f9513e85af22a5565272d91d2a31b801ff674673c,CONTENT_ELIGIBLE,1881,13,1,"[""APT_CyberCriminal_Campagin_Collections""]","[""RAW-5f99acde2739bfc3""]",SINGLETON,False,True
CANON-574d68625ad02a06,574d68625ad02a0687154422cb8b9990dbeba7c2e414831979894f860f818dfc,2,RAW-03bf44c387e58ba7,APTnotes,0b808d36b7b1320a47e5caab689615c4dca2baf0518bbd2b9c6e14b5eb312650,CONTENT_ELIGIBLE,901,4,2,"[""APT_CyberCriminal_Campagin_Collections"",""APTnotes""]","[""RAW-03bf44c387e58ba7"",""RAW-2b333f141512a7a7""]",EXACT_BINARY,True,True
CANON-575a840d46111605,575a840d46111605970d923c1adbc577f5cfdc89d829a4f2440a0cace6c5a05e,1,RAW-72cf54a94f2a4829,APT_CyberCriminal_Campagin_Collections,20b30691ca05fcc9fa9a0faaa8acd686e009e58e1c939f4dc56fb48dda92e288,CONTENT_ELIGIBLE,2463,16,1,"[""APT_CyberCriminal_Campagin_Collections""]","[""RAW-72cf54a94f2a4829""]",SINGLETON,False,True
CANON-5774c6cd826c65a6,5774c6cd826c65a6a3a8974d026939ebe6324d6bb98603f907ff0d61490a6421,1,RAW-6c9135ea97ed245e,APT_CyberCriminal_Campagin_Collections,59d73a0d0edf8dc7f13cb2172a41de3fa1598b1dbaacbf04148b24ef6b72dc49,CONTENT_ELIGIBLE,1822,9,1,"[""APT_CyberCriminal_Campagin_Collections""]","[""RAW-6c9135ea97ed245e""]",SINGLETON,False,True
CANON-5800ca29a3b11871,5800ca29a3b11871bc73d72809e4a3758bc2a2aad7d08d0dd94f2753e33048e6,2,RAW-cce9f5e6b1c292df,APTnotes,2287d029b5ec3386865c1034d388e14b495e6a96c07df7ce8e1512a8ce358fb1,CONTENT_ELIGIBLE,1223,13,2,"[""APT_CyberCriminal_Campagin_Collections"",""APTnotes""]","[""RAW-cce9f5e6b1c292df"",""RAW-e449f4f8b1f7782f""]",EXACT_BINARY,True,False
CANON-5861246dc945fa16,5861246dc945fa1609cf8a801b859fb82296871b560dbfc7b99caeb37a8f0985,1,RAW-e95f4c29a5c3b183,APT_CyberCriminal_Campagin_Collections,db45ae34fcd8f88a33a8badc46dcce532ad91a4eb6027c9af91382d11294ab6c,NO_RECONSTRUCTED_TEXT,0,9,1,"[""APT_CyberCriminal_Campagin_Collections""]","[""RAW-e95f4c29a5c3b183""]",SINGLETON,False,False
CANON-5871eae732c1496b,5871eae732c1496b6f1a07717258df53bb7e2e035b7d9084f8905fecffd1be50,2,RAW-412915dcf0224068,APT_CyberCriminal_Campagin_Collections,329bceecfd929684f96dadabf2f439af3a8d3b30edcc589f2f663b549a270c24,CONTENT_ELIGIBLE,2189,34,2,"[""APT_CyberCriminal_Campagin_Collections"",""APTnotes""]","[""RAW-412915dcf0224068"",""RAW-786c677f9ece96b8""]",EXACT_BINARY,True,False
CANON-587acf95b22c38d7,587acf95b22c38d70cd98446f98846facc15bcd66d65d41becac255e3957d073,1,RAW-e1ed34fa2b1fad32,APT_CyberCriminal_Campagin_Collections,887adc5c8745d37fab0be0158078f48dd2406536ff24ba30607c78202eb7c4c6,CONTENT_ELIGIBLE,1344,7,1,"[""APT_CyberCriminal_Campagin_Collections""]","[""RAW-e1ed34fa2b1fad32""]",SINGLETON,False,True
CANON-58a5ddbe3b8aa03c,58a5ddbe3b8aa03c26d02871bf42739aa9d8fd82db2494675266ad0bc7d6e432,1,RAW-dcbf63727cd93155,APT_CyberCriminal_Campagin_Collections,31cd6aa4cd3a6ea2591da41dea7850741961627a135cef9a012a1b4d61b1b0ab,CONTENT_ELIGIBLE,1942,16,1,"[""APT_CyberCriminal_Campagin_Collections""]","[""RAW-dcbf63727cd93155""]",SINGLETON,False,True
CANON-58ce629acaf8a1ee,58ce629acaf8a1eedefba75192842a44f9660b3704ad0e1e85d54d1de63dc2b4,1,RAW-c95b1d9799bdfc0c,APT_CyberCriminal_Campagin_Collections,d9addb6b891eb591cce7af08db61c8fcc83d687b250e807243e7338e40ef9641,CONTENT_ELIGIBLE,831,10,1,"[""APT_CyberCriminal_Campagin_Collections""]","[""RAW-c95b1d9799bdfc0c""]",SINGLETON,False,True
CANON-58d68003cb3b8c2a,58d68003cb3b8c2a989f0d8c73e448d72cb227a586fdcb888d9a0f8c95f6dd5c,2,RAW-4e7ccbb663beb814,APTnotes,90fd04115fc58625fd551a382c3660781777202578390760936a77e798031f5e,CONTENT_ELIGIBLE,3293,13,2,"[""APT_CyberCriminal_Campagin_Collections"",""APTnotes""]","[""RAW-4e7ccbb663beb814"",""RAW-d0c3db4517865c5c""]",EXACT_BINARY,True,False
CANON-5902a9569a2e291f,5902a9569a2e291f94f4ff06045d90eecd48d2a34350a355183aaa01dd3bf3a9,1,RAW-9c32d51cb15a5280,APT_CyberCriminal_Campagin_Collections,fa13050bbc62566970c1896bca2e4094a4b75ea129f0d7b8a0aa11292d4e0528,CONTENT_ELIGIBLE,1735,13,1,"[""APT_CyberCriminal_Campagin_Collections""]","[""RAW-9c32d51cb15a5280""]",SINGLETON,False,True
CANON-590abaae10175146,590abaae10175146e0309660687caa199fb78606b785cc9f084dc18011c32792,2,RAW-0eb5770194e5514e,APTnotes,e3aabd0d93160a1d93f1fd654142fafc7e9c6f2b219e151936ee8ad58a307325,CONTENT_ELIGIBLE,3602,21,2,"[""APT_CyberCriminal_Campagin_Collections"",""APTnotes""]","[""RAW-0eb5770194e5514e"",""RAW-31c2caa61515a6b1""]",EXACT_BINARY,True,True
CANON-59b9616bf3ee4709,59b9616bf3ee47092a9591e8d4a75deb5176b456fd836a4aed326122f353d1bc,2,RAW-07362b2aa1e7a45f,APTnotes,b034a736b5debfd07cb95325ce08bae1a8a40bcfd57ce37bd80ea19f69bf4fa7,CONTENT_ELIGIBLE,7713,31,2,"[""APT_CyberCriminal_Campagin_Collections"",""APTnotes""]","[""RAW-07362b2aa1e7a45f"",""RAW-b6d2f81048f26f86""]",EXACT_BINARY,True,True
CANON-59b98e12ac06157c,59b98e12ac06157cc3ee6d61c75c533c1646a40d2a334974a3f24aa3f4aa17fc,1,RAW-949bb137b208a4f0,APT_CyberCriminal_Campagin_Collections,8cb62593266de6732a61f04a352bfcae6abc6c8e7b8e64e08ed1d62a0a4a5611,CONTENT_ELIGIBLE,26791,137,1,"[""APT_CyberCriminal_Campagin_Collections""]","[""RAW-949bb137b208a4f0""]",SINGLETON,False,True
CANON-59d01f587365b44d,59d01f587365b44dfe8c62df573f3e4e7cdc6e84868fbbce33dfe147536c1a60,2,RAW-1c472a2204f17c09,APT_CyberCriminal_Campagin_Collections,c37e5919dc63762abc135c29326fe70572957298a6d21240c9b973633238c7a3,CONTENT_ELIGIBLE,375,6,2,"[""APT_CyberCriminal_Campagin_Collections"",""APTnotes""]","[""RAW-1c472a2204f17c09"",""RAW-abc431c8313e790c""]",EXACT_BINARY,True,False
CANON-59dddba383376e25,59dddba383376e25a899b3009849518b2d160ebd5754b7f2bc0d9362a2165c5f,2,RAW-f40009ec638700b5,APT_CyberCriminal_Campagin_Collections,2f3aaf0e740e4fd35157d21334a333495d2436d82adbcfe031afe396d8e4cf4c,CONTENT_ELIGIBLE,4992,22,2,"[""APT_CyberCriminal_Campagin_Collections"",""APTnotes""]","[""RAW-f40009ec638700b5"",""RAW-f9c7646786633bb5""]",EXACT_BINARY,True,True
CANON-59e00215d6c940e6,59e00215d6c940e6b29c0f6e82937990d67010596884b6a5aef8d62352bae5d4,2,RAW-b3a795b6fa82105a,APT_CyberCriminal_Campagin_Collections,d051aca58b5a41a66d66d251b3a67b7e4f2b5bc8269f93c5429ead05aaefcdd0,CONTENT_ELIGIBLE,10681,57,2,"[""APT_CyberCriminal_Campagin_Collections"",""APTnotes""]","[""RAW-b3a795b6fa82105a"",""RAW-c111594a301623d3""]",EXACT_BINARY,True,True
CANON-59f1b14a3ff9354f,59f1b14a3ff9354f3e2d575af6a6ecf009c988b325ad3f69474f632a565a1680,2,RAW-ad63647857015491,APTnotes,4d82845926f24b33b5aea45895a9ff72b7d9fc902bbdc93dd2e9aa9ad9eb9108,CONTENT_ELIGIBLE,65039,370,2,"[""APT_CyberCriminal_Campagin_Collections"",""APTnotes""]","[""RAW-ad63647857015491"",""RAW-c762ba68dc888c57""]",EXACT_BINARY,True,True
CANON-5a09d6829e74e85d,5a09d6829e74e85d59d0db91fcb8441b101af047e45b7decd44a7aa969363110,1,RAW-196f6634f635f538,APT_CyberCriminal_Campagin_Collections,5315b1bdbf1c883c570309eb6d0c9b753684769b6515b071e328f540c6094261,CONTENT_ELIGIBLE,5928,15,1,"[""APT_CyberCriminal_Campagin_Collections""]","[""RAW-196f6634f635f538""]",SINGLETON,False,True
CANON-5a49a4c2e070f000,5a49a4c2e070f000ea061e0ef090448434bf2d750f1ef54fac6517ac8c42ffc6,1,RAW-87b76f4d30ad91af,APT_CyberCriminal_Campagin_Collections,be1582114b97e3e8126a1e9c9859bfa434957caf4a8cc0161dd1aa867e550c59,CONTENT_ELIGIBLE,1751,14,1,"[""APT_CyberCriminal_Campagin_Collections""]","[""RAW-87b76f4d30ad91af""]",SINGLETON,False,True
CANON-5a5c2e71af5ef470,5a5c2e71af5ef47053c56dc8ce0b11bcee70488d411a2d8c5524e7faa7debfed,1,RAW-52ab5c24d456fe37,APT_CyberCriminal_Campagin_Collections,f30a5e1c6621cb67dd1fb815fe2e8e3b87ee3ed9b1db8a0a8a9908584bb28ba1,CONTENT_ELIGIBLE,3648,19,1,"[""APT_CyberCriminal_Campagin_Collections""]","[""RAW-52ab5c24d456fe37""]",SINGLETON,False,True
CANON-5a5e601f549dcfd3,5a5e601f549dcfd3da34a004059d391aa5e3f68c9e08f074b585ca82b124255f,1,RAW-4bb058f579973842,APT_CyberCriminal_Campagin_Collections,789d214be2e318ec0b6c54a6d2009c6406491a63688ad790e54c32bd3891c09c,CONTENT_ELIGIBLE,2495,12,1,"[""APT_CyberCriminal_Campagin_Collections""]","[""RAW-4bb058f579973842""]",SINGLETON,False,True
CANON-5a5e6ecd62dfdb59,5a5e6ecd62dfdb5959941c41d3fe0bd439bd1203cc7d3c81fd4c2438cd34b213,1,RAW-bb72ed70610933e3,APT_CyberCriminal_Campagin_Collections,8b112cb8d49b2e7fbd558cb25fe3ed61518f6ba2ce53fa8de58a79dda069ccc2,CONTENT_ELIGIBLE,922,8,1,"[""APT_CyberCriminal_Campagin_Collections""]","[""RAW-bb72ed70610933e3""]",SINGLETON,False,False
CANON-5a8ea6665a0d003e,5a8ea6665a0d003ed0e0e131596787e88ae76be1410357cd9144bf376727334d,1,RAW-39852687526dbf39,APT_CyberCriminal_Campagin_Collections,ea658b67fcea37ec5763e4868757c43bcacbe38ee7aded3293bf755074b45f4f,CONTENT_ELIGIBLE,842,5,1,"[""APT_CyberCriminal_Campagin_Collections""]","[""RAW-39852687526dbf39""]",SINGLETON,False,True
CANON-5aaf2206c906a055,5aaf2206c906a055477ad439deeab97755ec80a5017e94413dac4fd668db2883,1,RAW-00d1514d1b1e77ab,APTnotes,b139d06f6e0d6cb966cc7c7589319aeb1518a176e8e13dde399b520fb48f8411,CONTENT_ELIGIBLE,1279,13,1,"[""APTnotes""]","[""RAW-00d1514d1b1e77ab""]",SINGLETON,False,True
CANON-5ac5521ee24d5036,5ac5521ee24d5036f0154c4c6aa994c6513b298e1d206ce62d9983f75b1a33ba,1,RAW-b9d363ff110140b3,APT_CyberCriminal_Campagin_Collections,acd626acf50af8e30a681ccf88662b2bcecd5ec6053c18d6b460a42d9d726764,CONTENT_ELIGIBLE,8551,53,1,"[""APT_CyberCriminal_Campagin_Collections""]","[""RAW-b9d363ff110140b3""]",SINGLETON,False,True
CANON-5ad72eb1b56fb6b1,5ad72eb1b56fb6b1804417a8dbd9dc4d0b0f5ddfd3446eb2b6b6af81ffedff75,1,RAW-2dd11244125ad0e8,APT_CyberCriminal_Campagin_Collections,8011e0b8c7e420bfe8f71a21bd5459f1d66f09b6103f98191ba4ce8d2715fcdc,CONTENT_ELIGIBLE,2061,8,1,"[""APT_CyberCriminal_Campagin_Collections""]","[""RAW-2dd11244125ad0e8""]",SINGLETON,False,True
CANON-5afc40953675e8ff,5afc40953675e8ff5bd190735b9c280ae9b4d501e217459d9a754dfffa12261a,1,RAW-11d08d1a639b80dc,APTnotes,847f56bc34065da98676ffed6b91ddd6300d066f0c190a10bcc93fedc130b1c7,CONTENT_ELIGIBLE,524,5,1,"[""APTnotes""]","[""RAW-11d08d1a639b80dc""]",SINGLETON,False,True
CANON-5b10f9b2f4cf2e12,5b10f9b2f4cf2e12927e709435c5326d14882112df76eef51f9e0205ad119127,2,RAW-60a0619d56acfaa4,APT_CyberCriminal_Campagin_Collections,5e1797019496abf0ff22fb7e253874807701ec4cdeaad5caa79cca8417138287,CONTENT_ELIGIBLE,870,7,2,"[""APT_CyberCriminal_Campagin_Collections"",""APTnotes""]","[""RAW-60a0619d56acfaa4"",""RAW-f5ff7148693eae55""]",EXACT_BINARY,True,True
CANON-5b35f6e05d1120f4,5b35f6e05d1120f44a66deaa7fb7fec4b85e63adde3fdcfd1dcf415248a138a7,1,RAW-ab7e45853f314702,APT_CyberCriminal_Campagin_Collections,f78004ce77675a05a3434eb0b5232041147ac2ea54e7f49fd2bd007bacdc48c6,CONTENT_ELIGIBLE,1530,7,1,"[""APT_CyberCriminal_Campagin_Collections""]","[""RAW-ab7e45853f314702""]",SINGLETON,False,True
CANON-5b3d61a8a916f19d,5b3d61a8a916f19db50d50c595e1e88a71797c8af2b2d8ed85ca375d73012050,1,RAW-fa53c48e39da3f61,APT_CyberCriminal_Campagin_Collections,af543d20253cbd7cecbcfee53e00c7f3c0039e7b6688da414d0d88379625b1a6,INSUFFICIENT_RECONSTRUCTED_TEXT,45,63,1,"[""APT_CyberCriminal_Campagin_Collections""]","[""RAW-fa53c48e39da3f61""]",SINGLETON,False,False
CANON-5b63769a735c1c85,5b63769a735c1c85fc15e96903079a3629c0b24e594e9682d9652fac6eb9b232,1,RAW-a080535000411ab0,APT_CyberCriminal_Campagin_Collections,7afa3fe293cb9e58ea5e0df02219bc0bd7be3b804405359191db3c9811af4d29,CONTENT_ELIGIBLE,537,39,1,"[""APT_CyberCriminal_Campagin_Collections""]","[""RAW-a080535000411ab0""]",SINGLETON,False,False
CANON-5b9664509725b12c,5b9664509725b12cf4380403970c8102a36a2bdc6d8ea17d5b74424628e3906a,1,RAW-c5bd22903ea24b99,APT_CyberCriminal_Campagin_Collections,c197d01784eaf85686dfdd49958405216a509ea22933232f9cd3db3731629f86,CONTENT_ELIGIBLE,412,39,1,"[""APT_CyberCriminal_Campagin_Collections""]","[""RAW-c5bd22903ea24b99""]",SINGLETON,False,False
CANON-5ba3424a613ca02a,5ba3424a613ca02a93cfbfc829cc2bca8e940357017f959c1f3b985cc92dce21,1,RAW-ebd31670139f4cf4,APT_CyberCriminal_Campagin_Collections,11637ff63955f99c0922aafbb6369d9eabee42ae4a087ab937a5f6d9899f6396,CONTENT_ELIGIBLE,1077,5,1,"[""APT_CyberCriminal_Campagin_Collections""]","[""RAW-ebd31670139f4cf4""]",SINGLETON,False,True
CANON-5ba4aaf70b0af2b3,5ba4aaf70b0af2b376ffe76ba0c8979e63a1b9a51f79efa29480f161a469e5ae,1,RAW-62c78caedb2948f0,APT_CyberCriminal_Campagin_Collections,108189e8531626f99578d76fb4718814a1741e1777e1ddc483ce57b5ea2962ed,CONTENT_ELIGIBLE,336,7,1,"[""APT_CyberCriminal_Campagin_Collections""]","[""RAW-62c78caedb2948f0""]",SINGLETON,False,False
CANON-5bb1251000dd2938,5bb1251000dd2938c9c702aad386b60fb9d5e62343a46ec5045b327b2d8bf8e9,1,RAW-b54e9ff910bf06f7,APTnotes,1275650ae157968772b41605cd8cfe3747124e1d12612528628d9a35757e1def,CONTENT_ELIGIBLE,1611,4,1,"[""APTnotes""]","[""RAW-b54e9ff910bf06f7""]",SINGLETON,False,True
CANON-5bb3369f8fa93dbb,5bb3369f8fa93dbb8dca2ebc718652a0a22fdaad8dd4912580211f730e1a214b,1,RAW-e60a3a170e7557a9,APT_CyberCriminal_Campagin_Collections,402f1b7b082bee9280549c74cc40528385f261fda9cbf4e2857ba6d598ce3073,CONTENT_ELIGIBLE,1198,8,1,"[""APT_CyberCriminal_Campagin_Collections""]","[""RAW-e60a3a170e7557a9""]",SINGLETON,False,True
CANON-5bbe7825afa92288,5bbe7825afa922880f25e078268973c482bdfc616ca5aea303e8aff30b6419ff,1,RAW-8ef397a75d3ada50,APT_CyberCriminal_Campagin_Collections,44c204e3e66031eb68cc595dc18863bf4a473df301269a658fb988bd7df54e42,CONTENT_ELIGIBLE,1164,5,1,"[""APT_CyberCriminal_Campagin_Collections""]","[""RAW-8ef397a75d3ada50""]",SINGLETON,False,False
CANON-5bdc98fd1276cc83,5bdc98fd1276cc83f4d07aed26acbd52b1be6450e544b923b806a88a0e6d0e60,1,RAW-424b4415f6945f20,APT_CyberCriminal_Campagin_Collections,d2eff7f2ae39bbef35156c71b5da30084df61a1e703f1f18230f1d527bcd0a24,CONTENT_ELIGIBLE,1187,4,1,"[""APT_CyberCriminal_Campagin_Collections""]","[""RAW-424b4415f6945f20""]",SINGLETON,False,False
CANON-5bff36f62df6b914,5bff36f62df6b9149eafeb9ff888a10045307499a96eab44c12c233c6a1b9c7e,1,RAW-8e95d9b4f906b0ba,APTnotes,edc66840c134ea7c94e3f9c937f897ff402de1d014d56c1e1d314f15b7a9ad7c,CONTENT_ELIGIBLE,2105,14,1,"[""APTnotes""]","[""RAW-8e95d9b4f906b0ba""]",SINGLETON,False,False
CANON-5c1e714e02640e86,5c1e714e02640e860df9274e2a525a5b80b1e1f1221ebbf4ad80a56abdb7c178,1,RAW-7a5249a377ca7f91,APT_CyberCriminal_Campagin_Collections,b2b5018db069bf3303cf2b6179938434a1b4d120438bb68e486bd51552f6f774,CONTENT_ELIGIBLE,2591,16,1,"[""APT_CyberCriminal_Campagin_Collections""]","[""RAW-7a5249a377ca7f91""]",SINGLETON,False,True
CANON-5c474ec6fb6ac9f6,5c474ec6fb6ac9f6670d4420b8ce99e897227b5e035425bcab977202d16f0322,1,RAW-b9eb2ea641eb2f2a,APT_CyberCriminal_Campagin_Collections,b09124a292bfa678c41022a46fabcda0602f069ead704fb4157faa01454c17b7,CONTENT_ELIGIBLE,2289,17,1,"[""APT_CyberCriminal_Campagin_Collections""]","[""RAW-b9eb2ea641eb2f2a""]",SINGLETON,False,True
CANON-5c52d766871b4ae4,5c52d766871b4ae420fe323dc7377681381594602f5dc7eb6c57c34a8f8130e6,1,RAW-20305b25152c7f30,APT_CyberCriminal_Campagin_Collections,45200743c3151b8ddcf6b400d9b07681d151289538d792472c85672c93b9bd45,CONTENT_ELIGIBLE,1108,6,1,"[""APT_CyberCriminal_Campagin_Collections""]","[""RAW-20305b25152c7f30""]",SINGLETON,False,True
CANON-5c552886c8b09b37,5c552886c8b09b37095f1041ed84cac71ab04d569296f0fea666bac09cdf252a,2,RAW-2bbdc3890c5ca929,APTnotes,26204bf36e1adf0911b3a76ecf16cd991d3386642ba9befc140745baa0b18067,CONTENT_ELIGIBLE,5885,26,2,"[""APT_CyberCriminal_Campagin_Collections"",""APTnotes""]","[""RAW-2bbdc3890c5ca929"",""RAW-7a361474ab38d0a6""]",EXACT_BINARY,True,True
CANON-5c9356fe5b58f37a,5c9356fe5b58f37a086632d30cfd10c107bf11c7b5a1f572ca21f32e18ae0c33,1,RAW-5e6304eb1f200120,APT_CyberCriminal_Campagin_Collections,0681509c75e760d1df3c6fb0433c1b83c60946d128df8bf12c4ceaf8c74c7233,CONTENT_ELIGIBLE,2324,9,1,"[""APT_CyberCriminal_Campagin_Collections""]","[""RAW-5e6304eb1f200120""]",SINGLETON,False,True
CANON-5c98cee725077cc0,5c98cee725077cc06b70f3e9201a0704f28b2460be78e9eb8fdca6aab7242e28,1,RAW-e5dcd84349873b96,APT_CyberCriminal_Campagin_Collections,b5e74f0acb8e607e402d94b195e56836656a259e227465de7cfc178d4f2be200,CONTENT_ELIGIBLE,1806,27,1,"[""APT_CyberCriminal_Campagin_Collections""]","[""RAW-e5dcd84349873b96""]",SINGLETON,False,True
CANON-5cbb18f8f0a742ab,5cbb18f8f0a742ab1ac14b8044dabf9018a8689c0d642207b8f3455a3075504f,1,RAW-9515e46ee3527a0f,APTnotes,07efe259d73e666bbae799ee10cf535b74df71f4859babe9aaffd18ee668cdf6,CONTENT_ELIGIBLE,2336,8,1,"[""APTnotes""]","[""RAW-9515e46ee3527a0f""]",SINGLETON,False,True
CANON-5cccf34fbd0dcadf,5cccf34fbd0dcadf9b0b6b7aafc51ff49ef60331651394f9b5ae7249118aca20,1,RAW-ce0c9c72bbe7cff0,APT_CyberCriminal_Campagin_Collections,2861a291f14593f8e0fb1bcef33a405a224da1fee203abdcc1bf6c5bc4a52561,CONTENT_ELIGIBLE,2764,20,1,"[""APT_CyberCriminal_Campagin_Collections""]","[""RAW-ce0c9c72bbe7cff0""]",SINGLETON,False,True
CANON-5cceac374c047991,5cceac374c04799179d91ad3d3568d1c179ad7f7ff978f7a2b7bf2d023776a9d,1,RAW-0b6c44c164aeae8f,APTnotes,e25ff85d01d2a36ac7707c0d192e4163f7bfdda13944e74c6c9b4eede6060810,CONTENT_ELIGIBLE,10329,43,1,"[""APTnotes""]","[""RAW-0b6c44c164aeae8f""]",SINGLETON,False,True
CANON-5ceff93beb19cd81,5ceff93beb19cd811c9e98215948b1edfc167744186f516de3064fff18fe9262,1,RAW-849c644b337a6b0e,APT_CyberCriminal_Campagin_Collections,a084b4d11d555a873df73bf05750a57cb9e7131b8511e88719f0621bbb898b9c,CONTENT_ELIGIBLE,1155,7,1,"[""APT_CyberCriminal_Campagin_Collections""]","[""RAW-849c644b337a6b0e""]",SINGLETON,False,True
CANON-5d32e216bddfe257,5d32e216bddfe25797c9b8785a7977c1bc7f7155a08b9f4379846dfaa8a5ed3a,1,RAW-edaa306fbd9747e3,APT_CyberCriminal_Campagin_Collections,a74679a817c26cd6c31e64d3d3ab50da2cba808c99f3696847edcd7564483748,CONTENT_ELIGIBLE,1102,3,1,"[""APT_CyberCriminal_Campagin_Collections""]","[""RAW-edaa306fbd9747e3""]",SINGLETON,False,True
CANON-5d468a5395445aee,5d468a5395445aeeffd00efb075d734acfc5572aa65f9cf4ee631455f58aa961,1,RAW-c3a285098b5b0322,APT_CyberCriminal_Campagin_Collections,2368ee86f15f17d9b4b1dc365cb7f90180e96ad63a59cd49f2c86615e14d68fb,CONTENT_ELIGIBLE,2787,21,1,"[""APT_CyberCriminal_Campagin_Collections""]","[""RAW-c3a285098b5b0322""]",SINGLETON,False,True
CANON-5d61a9ecc5c00ded,5d61a9ecc5c00dedae69b3be2376c1af876ceb24119edf3326b4d213ba71c058,1,RAW-e34cea1a121044c7,APTnotes,c498e651d1f510fd8e73362fa4924bb486194088c336c139c88fc08fcb705fca,CONTENT_ELIGIBLE,568,4,1,"[""APTnotes""]","[""RAW-e34cea1a121044c7""]",SINGLETON,False,False
CANON-5d81acea16508fe0,5d81acea16508fe07ad80d110fefb6f27ff684be4067b13a5311e96a66f0ed01,2,RAW-bf4aaa04ac75e3d8,APTnotes,5174c735b1b06ccb0a24e9f3ff5e7f4cda600d7dfa10d41a0ee92c5ddde8615b,CONTENT_ELIGIBLE,4480,16,2,"[""APT_CyberCriminal_Campagin_Collections"",""APTnotes""]","[""RAW-bf4aaa04ac75e3d8"",""RAW-de90133371981398""]",EXACT_BINARY,True,False
CANON-5dc3ea9b9030b81a,5dc3ea9b9030b81a55b33fc1f26e2d083013cb7671145b660d33b6d06f48b6a0,1,RAW-ad2e0f46671f5a75,APT_CyberCriminal_Campagin_Collections,84fa883c441ef7563798faab53bda280d8582e3e21dd502e4e1fa1fdabf6d562,CONTENT_ELIGIBLE,3610,29,1,"[""APT_CyberCriminal_Campagin_Collections""]","[""RAW-ad2e0f46671f5a75""]",SINGLETON,False,True
CANON-5ddffd2288bc15c9,5ddffd2288bc15c9a9ac267a7c1177613ef7623fb3822ff264fe1461f83d8947,1,RAW-7800c7b71347544e,APT_CyberCriminal_Campagin_Collections,24e065dafe1667403a8b13cb7410b49454a2f9222fadbe52cebd84823d2b9496,CONTENT_ELIGIBLE,1362,6,1,"[""APT_CyberCriminal_Campagin_Collections""]","[""RAW-7800c7b71347544e""]",SINGLETON,False,False
CANON-5e30e92255c26e64,5e30e92255c26e6421ab718505e35529c447d7f1477e2c6356991093d5fb5ca0,1,RAW-8affcc07a9365758,APT_CyberCriminal_Campagin_Collections,a8ed3e135624003254dfb3b22ab8668719de4365f862331abf7652d02d7f2ef9,CONTENT_ELIGIBLE,1395,7,1,"[""APT_CyberCriminal_Campagin_Collections""]","[""RAW-8affcc07a9365758""]",SINGLETON,False,True
CANON-5e7dfe76fe7447ec,5e7dfe76fe7447ec25236c3ed3081b81a138557f5569ec1b37b35e33de9b0803,1,RAW-94b064ec28ccc632,APTnotes,aac84c3eb962f766a8a0017e3949d1a7ff98647a086ab11504931cb13d80afb2,CONTENT_ELIGIBLE,1757,17,1,"[""APTnotes""]","[""RAW-94b064ec28ccc632""]",SINGLETON,False,True
CANON-5e938094508e05c8,5e938094508e05c870561abdc62a1a347cf48a5806610c92ddaf7f4ded2db69a,1,RAW-21910df7fbfb63dd,APTnotes,7cdb438c942ce19547a2d576ab67d5576932ea134d5201337e16107c0d965803,CONTENT_ELIGIBLE,1086,5,1,"[""APTnotes""]","[""RAW-21910df7fbfb63dd""]",SINGLETON,False,True
CANON-5ea31ea35b0b7a95,5ea31ea35b0b7a950f9295e23bcf768b30748de5b7331f06b0324b9066b892a4,2,RAW-7b117fafc2962036,APTnotes,ebafd75e18f18991373db8e0959657cde27b7cd32095216053e054dccf746dc1,CONTENT_ELIGIBLE,990,8,2,"[""APT_CyberCriminal_Campagin_Collections"",""APTnotes""]","[""RAW-7b117fafc2962036"",""RAW-8bed2986f9a14230""]",EXACT_BINARY,True,True
CANON-5ead926cce284177,5ead926cce2841770586bb08c9934c93d2ddc67628fb37b16b696b98b03a05b3,1,RAW-9d508139b75f564b,APTnotes,a117e3b8511ba75496b3889be551015fe15cdce74a0cf20a9f4494c74b543b7b,CONTENT_ELIGIBLE,845,4,1,"[""APTnotes""]","[""RAW-9d508139b75f564b""]",SINGLETON,False,True
CANON-5eb251a2a57d8bb5,5eb251a2a57d8bb506576df4512d353c84a80c7b51e4c4713c561328d7ddce09,1,RAW-385573a4f26af4a0,APT_CyberCriminal_Campagin_Collections,5ea0aa5f1285fdc3f4de70c15c956e76926e3310c0861c6cfbc33157abf8884a,CONTENT_ELIGIBLE,2270,7,1,"[""APT_CyberCriminal_Campagin_Collections""]","[""RAW-385573a4f26af4a0""]",SINGLETON,False,True
CANON-5f25be9f8cbe7c69,5f25be9f8cbe7c699551c8fa059fdcc337457d0b51b84136a46ef20f9cb7e6b4,1,RAW-c4644eee1496e9c9,APT_CyberCriminal_Campagin_Collections,26662167edfa3ed1c2727996f9d40b20f86680fbf30b68029e2e83f80f4c8b49,CONTENT_ELIGIBLE,5555,21,1,"[""APT_CyberCriminal_Campagin_Collections""]","[""RAW-c4644eee1496e9c9""]",SINGLETON,False,True
CANON-5f3495c7d809207f,5f3495c7d809207f68e3b060aeaa935930bd7a24a6709c26d4fe37345c3a16ab,1,RAW-7bbf969761354f6d,APTnotes,d5cf49aa37d0071099031142f144a9cf017aa8e8cfc3bc8906e0e803f5ff5f72,CONTENT_ELIGIBLE,1794,9,1,"[""APTnotes""]","[""RAW-7bbf969761354f6d""]",SINGLETON,False,True
CANON-5f9af7265c235ffb,5f9af7265c235ffbea438ff2c7d5e947c9434b8ce9fb0f4ce4a0c4a3a364ba78,1,RAW-44b650df231ecfe8,APT_CyberCriminal_Campagin_Collections,636da6873e4b93224a7734b9c088ff5e6ca102cb87293897c72759db5855701a,CONTENT_ELIGIBLE,7937,15,1,"[""APT_CyberCriminal_Campagin_Collections""]","[""RAW-44b650df231ecfe8""]",SINGLETON,False,True
CANON-5fcbd442f5fd98b5,5fcbd442f5fd98b52e552ea6064361ad2ac35e8fc06766f74483fecc3b275779,1,RAW-ecc85e60e7f17595,APT_CyberCriminal_Campagin_Collections,8e5ef0d5ad97b730c58f93b61dff69269f027713282ee9d933e7750f43e81ad9,CONTENT_ELIGIBLE,1475,17,1,"[""APT_CyberCriminal_Campagin_Collections""]","[""RAW-ecc85e60e7f17595""]",SINGLETON,False,True
CANON-5ff62d77ff72d786,5ff62d77ff72d786c4003bb0430ad476408040351130172b262a1cc29d14a7d7,2,RAW-14b012c46d814acc,APT_CyberCriminal_Campagin_Collections,a625421249bd9cd5132022e4f0ef111129b3d71a2b49b11f6ec30f43afa80e0b,CONTENT_ELIGIBLE,3231,29,2,"[""APT_CyberCriminal_Campagin_Collections"",""APTnotes""]","[""RAW-14b012c46d814acc"",""RAW-63f588cd45206b58""]",EXACT_BINARY,True,True
CANON-5ff90a8c280adaca,5ff90a8c280adaca0fcbbb90872b446ffb87637b5d13beb41b2173f791f414cd,1,RAW-95da4c1bbcf6d82c,APTnotes,256c81c6378193bf5b3b1168c44aece267a9561e9dca293cba968474d85a98e7,CONTENT_ELIGIBLE,394,4,1,"[""APTnotes""]","[""RAW-95da4c1bbcf6d82c""]",SINGLETON,False,True
CANON-6014934ebbbef999,6014934ebbbef999620f36428e86aea0d832416ecc80198902bd108ad95d839c,1,RAW-4b1f18bf7ab33581,APT_CyberCriminal_Campagin_Collections,4f71dda7f7a21fae11b6bc1a5e3a1f56a44a74c5d3452cad4ab9391188a486fa,CONTENT_ELIGIBLE,3011,22,1,"[""APT_CyberCriminal_Campagin_Collections""]","[""RAW-4b1f18bf7ab33581""]",SINGLETON,False,True
CANON-602d085c8b341995,602d085c8b341995e4abf8fd3c2d3b1e5d541a3e24a85e7dac23f9b3f524d73b,1,RAW-9585cf44ec7895aa,APT_CyberCriminal_Campagin_Collections,9db1977fba590a93610cee9b89e95fc1048e6ea2e0ba98e6c3f5320d7c5a881c,CONTENT_ELIGIBLE,1604,12,1,"[""APT_CyberCriminal_Campagin_Collections""]","[""RAW-9585cf44ec7895aa""]",SINGLETON,False,True
CANON-6036921820f48b3c,6036921820f48b3c85277536af0ab9a557148518a12d59dc8c52a5fa30a11dcb,1,RAW-259116167988d351,APT_CyberCriminal_Campagin_Collections,63bd06dc4f7cd655c5ce6e6426c9ae49674ca857f352bcb2a2efb5257da7e64a,CONTENT_ELIGIBLE,1399,11,1,"[""APT_CyberCriminal_Campagin_Collections""]","[""RAW-259116167988d351""]",SINGLETON,False,False
CANON-60666cda91302a86,60666cda91302a8645f11b2a8d5f27652b37eca793f350bd5e1ec2dc589c8b72,1,RAW-8725f16ddf99bc7a,APT_CyberCriminal_Campagin_Collections,8728bcaf1a3e045bf901883a7f8fa4bdac0c838665b3269355c55712545cb061,CONTENT_ELIGIBLE,2963,25,1,"[""APT_CyberCriminal_Campagin_Collections""]","[""RAW-8725f16ddf99bc7a""]",SINGLETON,False,True
CANON-60a6d4bd9c7def27,60a6d4bd9c7def27c02d0e4ea1f882d94c3a6526fd9c931574f23b9de15c31d3,1,RAW-97ce4e1b3c164294,APT_CyberCriminal_Campagin_Collections,cab6c48e48fd8a3a7c61b37ad2e6ef29df19c4d66d1489ea6e53b0551cde1147,CONTENT_ELIGIBLE,1641,6,1,"[""APT_CyberCriminal_Campagin_Collections""]","[""RAW-97ce4e1b3c164294""]",SINGLETON,False,False
CANON-60b8dd880913ef3b,60b8dd880913ef3b342e8ead68e63191d1759eae805d49b139bd6f2e26b3a534,1,RAW-1cd293fcbb30f9c2,APTnotes,07e13eca5d99b688378e688f164ba4e528e5801deea40c9a8233e55ba77e3b24,CONTENT_ELIGIBLE,1712,8,1,"[""APTnotes""]","[""RAW-1cd293fcbb30f9c2""]",SINGLETON,False,True
CANON-60ce91761ec88b45,60ce91761ec88b45a9056fe04bbac61fdd4ec9559d8684c30d165981fcb0f7bf,1,RAW-18a74eb1452814a6,APT_CyberCriminal_Campagin_Collections,8098585a0253943e75bb8120c627bdc5989e26abcda8cc7d3fd784a9ddae2033,CONTENT_ELIGIBLE,5987,42,1,"[""APT_CyberCriminal_Campagin_Collections""]","[""RAW-18a74eb1452814a6""]",SINGLETON,False,True
CANON-60e2cc43481ceb27,60e2cc43481ceb27724a5aace3fd12640ee9f4acdfe659df0c50637c288499b4,1,RAW-ca2e58d6cdcae1f8,APTnotes,f97c95c082448ecb2ab5cc595ec57f66832a428cb17836a0257272714d5a245e,CONTENT_ELIGIBLE,1558,5,1,"[""APTnotes""]","[""RAW-ca2e58d6cdcae1f8""]",SINGLETON,False,True
CANON-612c19bf3d438dc3,612c19bf3d438dc385040df8852f4e83b8b366db7eea861d4ae8cbee5daca383,2,RAW-0c32fb2ec82c5735,APT_CyberCriminal_Campagin_Collections,d1f653102fa87ada3c15fa01b8c9e8b8930e0ab6b55c18e8edf2906290cfb6d2,CONTENT_ELIGIBLE,6998,29,1,"[""APT_CyberCriminal_Campagin_Collections""]","[""RAW-0c32fb2ec82c5735"",""RAW-9e4fb31e82488662""]",CONTENT_EQUIVALENT,False,False
CANON-61493afe550fb298,61493afe550fb2980d082adf128991bb635f2276483c8aaf053ff1a3b5e6584d,1,RAW-b5ade7c7bf505fd1,APT_CyberCriminal_Campagin_Collections,655d2d254759d261251f9797f7ddc6ed11359a061a639c8d203af27d6c846caf,CONTENT_ELIGIBLE,1605,9,1,"[""APT_CyberCriminal_Campagin_Collections""]","[""RAW-b5ade7c7bf505fd1""]",SINGLETON,False,False
CANON-619695159f476d3e,619695159f476d3e159c056178edc52039bae909bb25293ba88eed4f947a30b2,2,RAW-4456f3720ebc99ad,APTnotes,237e85532a279e8a82d8d2d50118a144b1ef65657867e382c093437082eccde3,CONTENT_ELIGIBLE,4774,44,2,"[""APT_CyberCriminal_Campagin_Collections"",""APTnotes""]","[""RAW-4456f3720ebc99ad"",""RAW-dd870f08a7dc0225""]",EXACT_BINARY,True,True
CANON-61e6ce7637ba418e,61e6ce7637ba418e6a26f8c4d2f7c49aab5d8750101bcdc2da2d52b0600f5c8a,1,RAW-66d900256fce37fd,APT_CyberCriminal_Campagin_Collections,9d87e473a8f0efaa2ff1c8603bf378925d03888e1ad7695b2223e72c7a7e0057,CONTENT_ELIGIBLE,1999,11,1,"[""APT_CyberCriminal_Campagin_Collections""]","[""RAW-66d900256fce37fd""]",SINGLETON,False,True
CANON-61f8d5a6dc7275d7,61f8d5a6dc7275d7b6097b955a51bbf27894009b02ff6413facc810ef5250978,1,RAW-14183155e2e713c2,APT_CyberCriminal_Campagin_Collections,ce26e2494c7feba0a96caa64cb1caa28aa9cf3c9b601c1eb23187895c4c4bdf3,CONTENT_ELIGIBLE,7439,32,1,"[""APT_CyberCriminal_Campagin_Collections""]","[""RAW-14183155e2e713c2""]",SINGLETON,False,True
CANON-61fb8e05d34e28fe,61fb8e05d34e28fe8bb12e0aa6abbcdc14961d934b39a63a67754b8d8c4c8613,2,RAW-3445c6c75eac86ac,APTnotes,6823b1c621a58894f5422c5253a0dee4267db51f3bc1c9848b0f76d666d41dbc,CONTENT_ELIGIBLE,6818,37,2,"[""APT_CyberCriminal_Campagin_Collections"",""APTnotes""]","[""RAW-3445c6c75eac86ac"",""RAW-e397277465fd659b""]",EXACT_BINARY,True,True
CANON-620e06fedefb1ec5,620e06fedefb1ec5b4740d63daf4959af91f926f0b27fe3a2c011a5a055abbb0,1,RAW-771f6b42e6dd47b1,APT_CyberCriminal_Campagin_Collections,b8493929df9003d913318750c01bd0ca843d680259dc8d858c6b707c6377bb12,CONTENT_ELIGIBLE,2145,8,1,"[""APT_CyberCriminal_Campagin_Collections""]","[""RAW-771f6b42e6dd47b1""]",SINGLETON,False,True
CANON-622645aa0df6f307,622645aa0df6f3075e08f433d392aacd755cd8b9439b642b14053d11c4ee9f28,2,RAW-44eb7493ebeb3e03,APTnotes,04afea2361ca32bf84483f13ef73fab9a6b6631899199ce9a94090ec7e418f39,CONTENT_ELIGIBLE,3158,15,2,"[""APT_CyberCriminal_Campagin_Collections"",""APTnotes""]","[""RAW-44eb7493ebeb3e03"",""RAW-b1702ec96ad3009a""]",EXACT_BINARY,True,False
CANON-623f6eb41e1cd2f0,623f6eb41e1cd2f089ea5a2a751011cfc5ef0397ad84162f16c5913d70983eac,1,RAW-db113ae767d36efe,APT_CyberCriminal_Campagin_Collections,abf6ef4ff2a5b6ecb82033d321062bc2250d5ba5f973cc8c25f315a0d6589de1,CONTENT_ELIGIBLE,2226,24,1,"[""APT_CyberCriminal_Campagin_Collections""]","[""RAW-db113ae767d36efe""]",SINGLETON,False,True
CANON-62588ba5363ad7a0,62588ba5363ad7a0faf7616a1858cd006367024bfbf0b21ead9dced922159400,1,RAW-3386147aaaaeec0c,APT_CyberCriminal_Campagin_Collections,21fc26fff0654d470961ea7e043e2409e14416711ebab7fd8333cfac1ac6a99d,CONTENT_ELIGIBLE,2390,23,1,"[""APT_CyberCriminal_Campagin_Collections""]","[""RAW-3386147aaaaeec0c""]",SINGLETON,False,True
CANON-625b06e6e1b0d33b,625b06e6e1b0d33b6274e04871ce910685841a2259e9d5ca280ec8d45e4ff9c2,1,RAW-5615d7401b2704b9,APT_CyberCriminal_Campagin_Collections,6e4c71a7e0ecb41286a1c8073970db79d6d278cb6e86f9ede922c6ab9e586bd8,CONTENT_ELIGIBLE,1958,6,1,"[""APT_CyberCriminal_Campagin_Collections""]","[""RAW-5615d7401b2704b9""]",SINGLETON,False,False
CANON-62b30147430a4069,62b30147430a4069df994dab2795ccddd4ba5e2e7a8e8d7374868c0f802c2b40,1,RAW-adf2a10b0e9bd4ff,APT_CyberCriminal_Campagin_Collections,fd400621b299c2605fbb063cc5374eb7dd9aa14c765d52db60c45255f41de5f4,CONTENT_ELIGIBLE,5058,32,1,"[""APT_CyberCriminal_Campagin_Collections""]","[""RAW-adf2a10b0e9bd4ff""]",SINGLETON,False,True
CANON-62cc1150919ac077,62cc1150919ac077d75d89e6fd0ff933aa803f9d187f5bb03933515e60d959f1,1,RAW-db4a8f0a909919f8,APT_CyberCriminal_Campagin_Collections,2bb17cc4ee1b927bcda6b3c3227168be4f407d797f1d6338e02576cede79664e,CONTENT_ELIGIBLE,5663,28,1,"[""APT_CyberCriminal_Campagin_Collections""]","[""RAW-db4a8f0a909919f8""]",SINGLETON,False,True
CANON-6302c099b623845a,6302c099b623845a01e84246a7f62b09d000375c0633ecc5b95141d7374701a3,1,RAW-f930d69f596bc034,APTnotes,4f4f31a094f79936335dc80476c8f97148ef28b4c46ed45932441009ac47fa60,CONTENT_ELIGIBLE,2078,10,1,"[""APTnotes""]","[""RAW-f930d69f596bc034""]",SINGLETON,False,True
CANON-6349022131317b01,6349022131317b0147a94fc73fe92e1ee375ba5ba63ed12dd1c7bc710be1cf34,1,RAW-54526b9155947a94,APT_CyberCriminal_Campagin_Collections,ca54f45fc3bdf6a0f9120f8f2c187bbf124de52b15ddce8f93eba8cf98e6c64b,CONTENT_ELIGIBLE,2267,11,1,"[""APT_CyberCriminal_Campagin_Collections""]","[""RAW-54526b9155947a94""]",SINGLETON,False,True
CANON-63760f44e57b922d,63760f44e57b922de153f3be8941771d34efd483ccaf49690aadab6631f86d07,1,RAW-cb9cd8e6b933027d,APT_CyberCriminal_Campagin_Collections,41091f3e0cd0042e446256b1a6a61ed8d7c1ec7376dfde55e642eb91db3fa06e,CONTENT_ELIGIBLE,16647,59,1,"[""APT_CyberCriminal_Campagin_Collections""]","[""RAW-cb9cd8e6b933027d""]",SINGLETON,False,True
CANON-6398479ad6202d39,6398479ad6202d39b0ac016e4eea197a5f60f6aa5c13fafcb60e0622891a00bb,1,RAW-1ec405d69aa1ae4d,APT_CyberCriminal_Campagin_Collections,7bcb39a10be2b805632330df535c9225c887e6ebef500db91852bb04396cf3b8,CONTENT_ELIGIBLE,6348,339,1,"[""APT_CyberCriminal_Campagin_Collections""]","[""RAW-1ec405d69aa1ae4d""]",SINGLETON,False,False
CANON-63a4011371d81193,63a4011371d811932c24bcb437d59a65c9843ffe386d7f659c44920ec193cd64,1,RAW-6e7ef491b6bf52e6,APT_CyberCriminal_Campagin_Collections,c9ba0dd0aee7693aa302d32e3b65326382e2eee11025cdbe0f51cbf1facfcdd0,CONTENT_ELIGIBLE,1211,6,1,"[""APT_CyberCriminal_Campagin_Collections""]","[""RAW-6e7ef491b6bf52e6""]",SINGLETON,False,False
CANON-63ea9f87b9fac5b0,63ea9f87b9fac5b074c7e2157cae943d137b83063a546ca5f6c85d60cdca67ec,1,RAW-210c7ee72dd63e7f,APT_CyberCriminal_Campagin_Collections,f4e06f6791017ff1972778979ec95a03180601abcef2388d7a7ef208adab8220,CONTENT_ELIGIBLE,4293,25,1,"[""APT_CyberCriminal_Campagin_Collections""]","[""RAW-210c7ee72dd63e7f""]",SINGLETON,False,True
CANON-63f2b0cb015ec213,63f2b0cb015ec213fdee5946a966389694868751cd0d15fce356d2bb8daa5a94,1,RAW-d4139928a1e66e19,APT_CyberCriminal_Campagin_Collections,f9f3b223bbdb59996d85a1aa0ac02e81128b1b88872c4be80588e9b611dfabd5,CONTENT_ELIGIBLE,2061,18,1,"[""APT_CyberCriminal_Campagin_Collections""]","[""RAW-d4139928a1e66e19""]",SINGLETON,False,False
CANON-6406e7563a0bb426,6406e7563a0bb42611168e0a0893bd9c517af9deaecb9077bcb44869dd24be32,1,RAW-80d033d200a929f1,APT_CyberCriminal_Campagin_Collections,2221274da9d9b6935486d41d902a6509bd85f39d5b19d60381c1367bbee67a53,CONTENT_ELIGIBLE,1505,9,1,"[""APT_CyberCriminal_Campagin_Collections""]","[""RAW-80d033d200a929f1""]",SINGLETON,False,True
CANON-646a615ff9a3b204,646a615ff9a3b20446dc8c7614a179ad872da1156369de62c35c5f0bda5a523e,2,RAW-b0bc3a584d7a0c59,APT_CyberCriminal_Campagin_Collections,bba2dd1d6aab0591211ddfb944d5864078c840bc60a0dcaf412802357e20fc72,CONTENT_ELIGIBLE,18797,66,2,"[""APT_CyberCriminal_Campagin_Collections"",""APTnotes""]","[""RAW-b0bc3a584d7a0c59"",""RAW-ef653cc2a2cdf5fe""]",EXACT_BINARY,True,True
CANON-64c98242c8aa3947,64c98242c8aa3947d57b5133a276ca0539358764838debfda235a6da06618b45,1,RAW-7d9895ac7653e485,APT_CyberCriminal_Campagin_Collections,b7050d81ad70096b6321645dfba606ec30837a52df6d974bcb6ff9bc1083e792,CONTENT_ELIGIBLE,895,23,1,"[""APT_CyberCriminal_Campagin_Collections""]","[""RAW-7d9895ac7653e485""]",SINGLETON,False,False
CANON-64d77dd83ed0fb9b,64d77dd83ed0fb9b2fbff551132efa532f4f7de88ea8862dae9249112db45e5f,1,RAW-0a12a30382c330a5,APT_CyberCriminal_Campagin_Collections,a9f6885369dc390b400f658f9878ca693dcfbd99b31efa12ec676fb342a5ae31,CONTENT_ELIGIBLE,1655,25,1,"[""APT_CyberCriminal_Campagin_Collections""]","[""RAW-0a12a30382c330a5""]",SINGLETON,False,False
CANON-65007f9ebf6b51f3,65007f9ebf6b51f3b1f548f292a07e51daac4f4beb2df0eb021c32422c3cc055,2,RAW-a18bfd25f8a881ff,APTnotes,06466205ef73efc72a160b21586d4bd287b70ab68d6a7f10b8c9637d1614d619,CONTENT_ELIGIBLE,8809,48,2,"[""APT_CyberCriminal_Campagin_Collections"",""APTnotes""]","[""RAW-9e2ecbe2ff3a3032"",""RAW-a18bfd25f8a881ff""]",P2_HIGH_CONFIDENCE,True,True
CANON-6502130609641323,6502130609641323030cd2720d3e9847758f5ebb6d5e3da45ebb6cbaa74501d8,1,RAW-ff517ca61be3aab2,APT_CyberCriminal_Campagin_Collections,f5dee7690858a10a32bb9365f60df3078e9a98c9bfdaf763ae576183c9f1bca5,CONTENT_ELIGIBLE,6223,36,1,"[""APT_CyberCriminal_Campagin_Collections""]","[""RAW-ff517ca61be3aab2""]",SINGLETON,False,True
CANON-65024f9defe8815d,65024f9defe8815d678ccde5324adbe9ff5ac8da943502f03db572a4942ed250,1,RAW-02a8fed02a8d7334,APT_CyberCriminal_Campagin_Collections,8eba86aa9cf040c964b966aab9e7a965d4206046f2817bae2ca2bf74016fa0cf,CONTENT_ELIGIBLE,3278,17,1,"[""APT_CyberCriminal_Campagin_Collections""]","[""RAW-02a8fed02a8d7334""]",SINGLETON,False,True
CANON-65190a004fc022de,65190a004fc022de1c3b33eb1a1f811a9dd4a0fa6666280286f1778d34afde64,1,RAW-1a8cdffed0e10c92,APT_CyberCriminal_Campagin_Collections,02b663ed904e0cb138b8bbfe695e853dc1cb99cbed235d7a9e09c1955d9b356b,CONTENT_ELIGIBLE,1893,22,1,"[""APT_CyberCriminal_Campagin_Collections""]","[""RAW-1a8cdffed0e10c92""]",SINGLETON,False,True
CANON-6557efd6deea43a2,6557efd6deea43a239929565498a1efea0309ab78f552b372e4fb063c3338cee,1,RAW-ac4a1373cff6aa38,APT_CyberCriminal_Campagin_Collections,69c64c1976679d635cfd3f6e8cfcd0227edb17c4a0a2e723b9fdc1acbf3d102c,CONTENT_ELIGIBLE,2378,13,1,"[""APT_CyberCriminal_Campagin_Collections""]","[""RAW-ac4a1373cff6aa38""]",SINGLETON,False,True
CANON-65a60ecab8b2cacc,65a60ecab8b2caccdbca6575641a34498ac10e5efa7997ecf9d004951fb7b739,1,RAW-d7304008e4247257,APT_CyberCriminal_Campagin_Collections,ba87a8016bbe9b291fd247329078a9c305ea76ff6ac4d33ec6f5414bd9a7f6d7,CONTENT_ELIGIBLE,1303,17,1,"[""APT_CyberCriminal_Campagin_Collections""]","[""RAW-d7304008e4247257""]",SINGLETON,False,True
CANON-65c9ba718108f9c3,65c9ba718108f9c390db1cf4c45e6120725d3db3c1f1726eb0eb2f2364f79b1c,1,RAW-31b99e58e9dc5fa7,APT_CyberCriminal_Campagin_Collections,0ce412af005f49a9524198321b489e990d2f5eb9d91b58127f579076f46cbe7e,CONTENT_ELIGIBLE,10251,42,1,"[""APT_CyberCriminal_Campagin_Collections""]","[""RAW-31b99e58e9dc5fa7""]",SINGLETON,False,True
CANON-65dfeaef6400eaf8,65dfeaef6400eaf83dc16d8bbce7b43d7fb0cb306b678fad0a8bf3eb008b434e,1,RAW-451d66f752787bd1,APT_CyberCriminal_Campagin_Collections,b2cc7cce2006f92f44f4a57a60d4f58ca82e9e8efcae03344aa621989d4e57f0,CONTENT_ELIGIBLE,1119,9,1,"[""APT_CyberCriminal_Campagin_Collections""]","[""RAW-451d66f752787bd1""]",SINGLETON,False,False
CANON-65ff5519af0a6a6a,65ff5519af0a6a6a15ca37c2ef67c5c98adcbdf7ff8f5a174110702ebb62582f,2,RAW-51144b29a83b6647,APTnotes,eebe884304e69c2b4bae34cb76c8ed8bcb073e5d8e46fa1456d488d4a8ba91d9,CONTENT_ELIGIBLE,2142,8,2,"[""APT_CyberCriminal_Campagin_Collections"",""APTnotes""]","[""RAW-51144b29a83b6647"",""RAW-edf897aea2e8da21""]",EXACT_BINARY,True,True
CANON-664b7ad453d8098a,664b7ad453d8098a50a3f75efd95b80655454c2998bd2ad343d5a0755a5e3b64,1,RAW-59d67cb07d7bc73e,APT_CyberCriminal_Campagin_Collections,de94bbcd1568731a806d817e3f68dc55e4ea537f932a2e886cfae736c2c68b76,CONTENT_ELIGIBLE,1437,7,1,"[""APT_CyberCriminal_Campagin_Collections""]","[""RAW-59d67cb07d7bc73e""]",SINGLETON,False,False
CANON-669f90ef27a80953,669f90ef27a80953e1adbf4e93a6736d59974663d2b34397e1a144e947000b9a,1,RAW-6a8b134cc03f9e30,APT_CyberCriminal_Campagin_Collections,b6d82213ed5f4403d9b8ec58f40d427b74400acb4dfd85a08645d480886bbcf5,CONTENT_ELIGIBLE,1674,12,1,"[""APT_CyberCriminal_Campagin_Collections""]","[""RAW-6a8b134cc03f9e30""]",SINGLETON,False,True
CANON-66b8ea31b117b406,66b8ea31b117b406ca1582eb4f5dab3c875b6642124aa39ff39d22a1a4a2afec,1,RAW-8ac96cd490d2b62d,APT_CyberCriminal_Campagin_Collections,24121947a61ffe4f0a422b103af5a4f0c50d29dd41bb309ff35f6a5823218ee1,INSUFFICIENT_RECONSTRUCTED_TEXT,19,18,1,"[""APT_CyberCriminal_Campagin_Collections""]","[""RAW-8ac96cd490d2b62d""]",SINGLETON,False,False
CANON-66d9f5d09bdb32f7,66d9f5d09bdb32f777c1afa827688f3824e24f78805e69e20c2346f7c0482260,1,RAW-4fda0e627a85962e,APT_CyberCriminal_Campagin_Collections,e6c5840fb5d246b2f0781a497f4f3390f028af7f8640c07439d9f9a54f74c1ad,CONTENT_ELIGIBLE,3417,15,1,"[""APT_CyberCriminal_Campagin_Collections""]","[""RAW-4fda0e627a85962e""]",SINGLETON,False,True
CANON-66e6c3ebd246d4e8,66e6c3ebd246d4e8fc26ea12fd14c2afe5f0a1e8dab37ff8cffea26ab820c3b1,1,RAW-ed9f7a921896fd55,APT_CyberCriminal_Campagin_Collections,b86167554fb2c5a27599a87f84f39a8d0aa9bdb6e81c2772654b4f3d04df89c6,CONTENT_ELIGIBLE,44676,147,1,"[""APT_CyberCriminal_Campagin_Collections""]","[""RAW-ed9f7a921896fd55""]",SINGLETON,False,True
CANON-670a10c190176097,670a10c19017609763e8711bff1525ce9912ddc67fa852f7625f3988911032b8,1,RAW-710ede7861356101,APT_CyberCriminal_Campagin_Collections,98af1600df630b25ad16c9b6d79feb4ec2d75add7ab4a41fc8166ff834e34bfb,CONTENT_ELIGIBLE,1271,6,1,"[""APT_CyberCriminal_Campagin_Collections""]","[""RAW-710ede7861356101""]",SINGLETON,False,False
CANON-671311e15a1db888,671311e15a1db8880078336aa1ee3815eb025965d57f870fccc30b9c2ea838cb,2,RAW-4f48ccfab3f2d607,APTnotes,822f22eaa7a91f02dcc787df06058e0c23e018df8d432d8ed43df82f785e8bab,CONTENT_ELIGIBLE,1346,10,2,"[""APT_CyberCriminal_Campagin_Collections"",""APTnotes""]","[""RAW-4f48ccfab3f2d607"",""RAW-e85dc2fae73220d5""]",EXACT_BINARY,True,True
CANON-671924e5efc8ba1e,671924e5efc8ba1ed7ab8b90838b9f57e3edec927d20814891b4951a1ad3594b,1,RAW-b69a9c49068aa8b8,APT_CyberCriminal_Campagin_Collections,b79069dfed731e3e041bd2635ead6a5693ce21e9fccfc8599e8408937efbfe9b,CONTENT_ELIGIBLE,5472,44,1,"[""APT_CyberCriminal_Campagin_Collections""]","[""RAW-b69a9c49068aa8b8""]",SINGLETON,False,True
CANON-6737143e66bdbca9,6737143e66bdbca92a8b1cdbec85118c8a95fc899e187fe4fa6b1c669d890736,1,RAW-12fbcd96e5732a95,APT_CyberCriminal_Campagin_Collections,334052db7dccfc26f6555f2b0e0d21bbfad9201d49243d2821f56f1d901b48f9,CONTENT_ELIGIBLE,604,4,1,"[""APT_CyberCriminal_Campagin_Collections""]","[""RAW-12fbcd96e5732a95""]",SINGLETON,False,False
CANON-673f526b5bac8fcb,673f526b5bac8fcb7ce6f207a9c0ed21c86db4f3a89deeaae09e611dcaae6cc1,2,RAW-08a15cc54c1bab6a,APT_CyberCriminal_Campagin_Collections,3f27784d0748180f4dc19a4f4e88193c7921176f9f4e29e7fb3c51ff4463ee70,CONTENT_ELIGIBLE,3339,18,2,"[""APT_CyberCriminal_Campagin_Collections"",""APTnotes""]","[""RAW-08a15cc54c1bab6a"",""RAW-86b144d61212436b""]",EXACT_BINARY,True,True
CANON-6769709a143d2193,6769709a143d21930d912b4d7e96347fc7f75a38ced9d69606513545b7755fd5,1,RAW-bc5ca8aa619ee40a,APTnotes,5d63b06f0224985dfab32f6df26030bf0c99118c647b04f00956baa1bbb5d8fd,NO_RECONSTRUCTED_TEXT,0,13,1,"[""APTnotes""]","[""RAW-bc5ca8aa619ee40a""]",SINGLETON,False,False
CANON-676aa552d8016db6,676aa552d8016db64a0f001bbb193d9db570351cd25d45ccdc73d17d9705e6d0,1,RAW-a4c3ad3f0b3502fe,APT_CyberCriminal_Campagin_Collections,aa20c2c36246e1356c5425311e6f7f801946dc9af5b20b3dd07214c02b38aba3,CONTENT_ELIGIBLE,3301,17,1,"[""APT_CyberCriminal_Campagin_Collections""]","[""RAW-a4c3ad3f0b3502fe""]",SINGLETON,False,True
CANON-67ca1f50d29b08df,67ca1f50d29b08df3067ad04ec6fa09cb8ce5a82d946cdef930ba4f21fe16949,2,RAW-1faee1aa81df5ec6,APTnotes,a19091ec1048dc8d841e461fdf350b47c8a2f73ed0eb74386730ee8bad68d345,CONTENT_ELIGIBLE,2153,12,2,"[""APT_CyberCriminal_Campagin_Collections"",""APTnotes""]","[""RAW-1faee1aa81df5ec6"",""RAW-72f94f658a405448""]",EXACT_BINARY,True,True
CANON-67d0feb5caea31a4,67d0feb5caea31a4258b3bdd66ad646803837b1ae9d2df2c62c6011747b00b20,1,RAW-a62ddaec0a685cd5,APT_CyberCriminal_Campagin_Collections,29d1cd9bf4a4261e6e819c093ae7f57edea38a527536c4938644f29d59ed10c3,CONTENT_ELIGIBLE,1629,9,1,"[""APT_CyberCriminal_Campagin_Collections""]","[""RAW-a62ddaec0a685cd5""]",SINGLETON,False,False
CANON-67fe6b5ae78589ca,67fe6b5ae78589ca1b6d17bf297aef7b442555ef754e9441820346a8b3c6c29e,2,RAW-84d03c883f7a482d,APT_CyberCriminal_Campagin_Collections,b0d84dba400d21503af14118068cba9f873e246afdab1aa07598d6e7197497bd,CONTENT_ELIGIBLE,18013,36,2,"[""APT_CyberCriminal_Campagin_Collections"",""APTnotes""]","[""RAW-84d03c883f7a482d"",""RAW-dd75bf28ff95adb3""]",EXACT_BINARY,True,True
CANON-68594f3837badf43,68594f3837badf4343fd3a76ee82808ff169d9e0b75c69daacdc6d510dbc40ca,1,RAW-a5f980e8709cc5e9,APT_CyberCriminal_Campagin_Collections,04e4265f17cc284ef74ff3be98fc0927ffa8676d8c1dc01490d3312ff62c443d,CONTENT_ELIGIBLE,2250,13,1,"[""APT_CyberCriminal_Campagin_Collections""]","[""RAW-a5f980e8709cc5e9""]",SINGLETON,False,True
CANON-691fd14dbf92dd09,691fd14dbf92dd093273c1c6cbad15277c159c00a1f7c46570a13c5f9bcdfaeb,1,RAW-3d7d5ff8140465c0,APT_CyberCriminal_Campagin_Collections,247caa9f2c623386444edb552a030c05e2c32cf7c1882ae3acfdb6f96eed66be,CONTENT_ELIGIBLE,11389,58,1,"[""APT_CyberCriminal_Campagin_Collections""]","[""RAW-3d7d5ff8140465c0""]",SINGLETON,False,True
CANON-6928055639a94a93,6928055639a94a9323a2c9daa6f15db0e40254540bbb845a24b922c784c31586,1,RAW-1d3ca1e14af14d1c,APT_CyberCriminal_Campagin_Collections,c1e8a3a4310b858b6c10a48b586bdf37da1123d2cb69efda69609870d38ea1a3,CONTENT_ELIGIBLE,2838,10,1,"[""APT_CyberCriminal_Campagin_Collections""]","[""RAW-1d3ca1e14af14d1c""]",SINGLETON,False,False
CANON-692d45a65f7e92a1,692d45a65f7e92a12a6caad0a99d3ee146916d3a2315bf3a5c2c44d6a81ec6b0,2,RAW-887113b4b98aabd8,APT_CyberCriminal_Campagin_Collections,510eff3d08d414a819a18d771e34c246f66b14db1ec8b6be8199612de6a2d4b8,CONTENT_ELIGIBLE,8390,37,2,"[""APT_CyberCriminal_Campagin_Collections"",""APTnotes""]","[""RAW-887113b4b98aabd8"",""RAW-ec1f0015b62c0e61""]",EXACT_BINARY,True,True
CANON-693afda35a571d9d,693afda35a571d9d62ec696d750092f2cca824adb366346a230da069af0b6256,2,RAW-07eadc9cfa023477,APT_CyberCriminal_Campagin_Collections,ed8a7d68d3bf725d263aea5f5e120da38e62f2dc32964e204f76b5c647ab5946,CONTENT_ELIGIBLE,8634,29,2,"[""APT_CyberCriminal_Campagin_Collections"",""APTnotes""]","[""RAW-07eadc9cfa023477"",""RAW-632a8ba0577f3205""]",EXACT_BINARY,True,True
CANON-69a991b0d634cda6,69a991b0d634cda665333fe4ca42ec98664216c6fb5b27474c663821c460b311,1,RAW-2d403cfbf3e6c50b,APT_CyberCriminal_Campagin_Collections,2f3dcb91fe206ef5bd6ff27ebaac6466759cdc35286b9f5ae14de4d61eb2f2dc,CONTENT_ELIGIBLE,2043,5,1,"[""APT_CyberCriminal_Campagin_Collections""]","[""RAW-2d403cfbf3e6c50b""]",SINGLETON,False,True
CANON-69d9a6f4ecc4e589,69d9a6f4ecc4e5899f8537ba5becb2f5bedeb055969b8dc455216bbaad5ba69b,1,RAW-43c7f55c0b756257,APT_CyberCriminal_Campagin_Collections,270281f41ac89742cca07a104daa1f4c5ec4564c6567b6e7c23aa951845cf442,CONTENT_ELIGIBLE,1658,15,1,"[""APT_CyberCriminal_Campagin_Collections""]","[""RAW-43c7f55c0b756257""]",SINGLETON,False,True
CANON-6aa4e7c96e175a5d,6aa4e7c96e175a5dcfc32448949d794c89cef7a3618390f542f9cf18f46eb5b1,1,RAW-0de89a289fb83cda,APT_CyberCriminal_Campagin_Collections,65d6657ecca58c305e660c91a5532073d0fb88077921eb003f0bcc6bf89c39f9,CONTENT_ELIGIBLE,1887,14,1,"[""APT_CyberCriminal_Campagin_Collections""]","[""RAW-0de89a289fb83cda""]",SINGLETON,False,True
CANON-6ab6cd5e950807ee,6ab6cd5e950807ee0025d91a2d87d3b2458c9e0f0bb5b4cc333c6940c37892cf,1,RAW-c3453a12bf6c2592,APTnotes,aa24b85fb35b62e82b4275ef35843d2f9251ae66354e32e540914782ae97fae0,CONTENT_ELIGIBLE,1833,15,1,"[""APTnotes""]","[""RAW-c3453a12bf6c2592""]",SINGLETON,False,True
CANON-6af70bb2c6542cd0,6af70bb2c6542cd017b5ffedc4b731486bc5ef327b7c8b6a05cba1383b321cff,1,RAW-1f97a47b266190d8,APT_CyberCriminal_Campagin_Collections,e51d120e48fa5701369d53abd795875f8f572569570396434fb98223d9d9c595,CONTENT_ELIGIBLE,15847,87,1,"[""APT_CyberCriminal_Campagin_Collections""]","[""RAW-1f97a47b266190d8""]",SINGLETON,False,True
CANON-6b1b0b19737c87d0,6b1b0b19737c87d0bbd8c48bad32ccb434654d8b2011226039f92919909afbd8,1,RAW-f55a281134f34151,APT_CyberCriminal_Campagin_Collections,b8fee8c2d1f964d97dfab8d308f691f8aafe1eec58ac4fb69f0c0c3062b1b8f8,CONTENT_ELIGIBLE,2564,30,1,"[""APT_CyberCriminal_Campagin_Collections""]","[""RAW-f55a281134f34151""]",SINGLETON,False,True
CANON-6b2a034f4695801f,6b2a034f4695801f2b3aaa2255e224867b962d713a2b7d447f1bfb00fbd1f9bc,1,RAW-4be5497417bab42b,APT_CyberCriminal_Campagin_Collections,52731e594ff8a92d7b3b87e589688a9821e7a823648b00de356811ac8a55e782,CONTENT_ELIGIBLE,1087,7,1,"[""APT_CyberCriminal_Campagin_Collections""]","[""RAW-4be5497417bab42b""]",SINGLETON,False,False
CANON-6b5f326fcca51b36,6b5f326fcca51b3626e7afc5ba518475df3d0f24fce91449cf38b8dd0ba408f7,1,RAW-2726d8abb1fd2a3d,APT_CyberCriminal_Campagin_Collections,383e358307f04f36b52a79859cc9cccf9d4a6ceea0bb29c7f62d6a10d2e7913c,CONTENT_ELIGIBLE,1544,7,1,"[""APT_CyberCriminal_Campagin_Collections""]","[""RAW-2726d8abb1fd2a3d""]",SINGLETON,False,True
CANON-6b8787d577304740,6b8787d577304740a4a396d45d78822500d77f4b9a84ad1123b60fcc5b474cea,2,RAW-afd47e6b4e8f06cc,APTnotes,704d7439d61aaf8bd8439f31ef74e924e13463af6447d3336a17cced11b62d9e,CONTENT_ELIGIBLE,2664,14,2,"[""APT_CyberCriminal_Campagin_Collections"",""APTnotes""]","[""RAW-afd47e6b4e8f06cc"",""RAW-c3f75f88a516b636""]",EXACT_BINARY,True,False
CANON-6ba38de28e8626d1,6ba38de28e8626d1975b72f8fa6fcacb9f74e3d939e680eecc001ab460477a7c,1,RAW-bd6aebed8c338ac0,APT_CyberCriminal_Campagin_Collections,a6e142e3fa1b7d63896b4cab2dee56edb21de64c9a70ade7f906b8c2696860c3,CONTENT_ELIGIBLE,875,6,1,"[""APT_CyberCriminal_Campagin_Collections""]","[""RAW-bd6aebed8c338ac0""]",SINGLETON,False,True
CANON-6bc4beadef9ab0f0,6bc4beadef9ab0f036cb195b1e0abac076739947f9f7076ffc1e2b1650943a8f,1,RAW-ae35318e7df13cb0,APT_CyberCriminal_Campagin_Collections,00bba8d8f345a62a49c31a2c8a85729fc62e5173484827bf2d9f706af1077801,CONTENT_ELIGIBLE,2064,32,1,"[""APT_CyberCriminal_Campagin_Collections""]","[""RAW-ae35318e7df13cb0""]",SINGLETON,False,True
CANON-6bce4a9883c33de2,6bce4a9883c33de2fbec9636ef3df3442ca6b8399d8f11021f156ed4255704f6,2,RAW-cbff0694677bca07,APTnotes,4160e42710e9fb791d712fad45fef4cfa92e6324cdabdfa67ccc8b13085c1bfc,CONTENT_ELIGIBLE,1328,6,2,"[""APT_CyberCriminal_Campagin_Collections"",""APTnotes""]","[""RAW-cbff0694677bca07"",""RAW-ed7b272de4e42262""]",EXACT_BINARY,True,False
CANON-6bd5ee995747c63c,6bd5ee995747c63c987a4c07b9b1226e8123a1cfa7b5b0ef1e086b72980ea038,1,RAW-3100304f85745c72,APT_CyberCriminal_Campagin_Collections,563b1f19665ad8c5dec712e34dcc635cf3eab540761fbc9edad2c7d98e650c23,CONTENT_ELIGIBLE,7231,21,1,"[""APT_CyberCriminal_Campagin_Collections""]","[""RAW-3100304f85745c72""]",SINGLETON,False,True
CANON-6bebb134479e4a92,6bebb134479e4a92ba7ac1ed3a48601e739b0ef2a7f1cae9f8eea28a82441367,2,RAW-80d221534110afac,APTnotes,2c7a60963b94b6fc924abdcb19da4d32f35c86cdfe2277b0081cd02c72435b48,CONTENT_ELIGIBLE,5342,27,2,"[""APT_CyberCriminal_Campagin_Collections"",""APTnotes""]","[""RAW-80d221534110afac"",""RAW-d0cd434629ee1e7d""]",EXACT_BINARY,True,True
CANON-6bf01251ac878ba7,6bf01251ac878ba7cc76927de6c8c9d717728a72f9c7623e827a678d98502ab8,1,RAW-841ff8013da6ea4f,APTnotes,e9e27ea59223a55cb75844ed3462dc22664598206b48b92836e1394d51052ebc,CONTENT_ELIGIBLE,1249,16,1,"[""APTnotes""]","[""RAW-841ff8013da6ea4f""]",SINGLETON,False,False
CANON-6c7a227d1bb4ad35,6c7a227d1bb4ad3586869ac2ca7ade8cfcec86ffc33ea814e197beea4a1b86ba,2,RAW-d48fc5d6b8fc5f7f,APTnotes,304c1576c887eb9050507e8f958403bae1fa07ea7d29a99e3278461f1fcbd91c,CONTENT_ELIGIBLE,521,5,2,"[""APT_CyberCriminal_Campagin_Collections"",""APTnotes""]","[""RAW-d48fc5d6b8fc5f7f"",""RAW-f64608217231ea5d""]",EXACT_BINARY,True,False
CANON-6c8f8c13e61e03c0,6c8f8c13e61e03c06902e2ad4bacab6ef9fee32ff7c03dd6358ef9bd1bbbb0aa,1,RAW-fd6feedf8fc55be5,APT_CyberCriminal_Campagin_Collections,7ee5aa1dcc6e8557b26094334e8760f52c054c47fc618d9b5befd92e0cdc36fc,CONTENT_ELIGIBLE,869,7,1,"[""APT_CyberCriminal_Campagin_Collections""]","[""RAW-fd6feedf8fc55be5""]",SINGLETON,False,True
CANON-6ca2dd39aff3d8cd,6ca2dd39aff3d8cdf35c680d7be27d509bde2bb88ea10fa85fa86b9cdc0b082d,1,RAW-a6fcd5df4883b57d,APT_CyberCriminal_Campagin_Collections,92e8b42970cc2c9f830f520362493c48fce20776f1782d73a5464dbfe5b3f98e,CONTENT_ELIGIBLE,1154,10,1,"[""APT_CyberCriminal_Campagin_Collections""]","[""RAW-a6fcd5df4883b57d""]",SINGLETON,False,True
CANON-6cd15614afd2499f,6cd15614afd2499f3a6c62158ab441e059f45f99392526863c2d85a363b45264,1,RAW-c141629a18a75d47,APTnotes,fb5983eb7f2c393c2a94a5845ac410165a8d40eff59751a025f054097d6d344c,CONTENT_ELIGIBLE,1558,6,1,"[""APTnotes""]","[""RAW-c141629a18a75d47""]",SINGLETON,False,True
CANON-6cde09a3628946fd,6cde09a3628946fd107be7a6258eff4ba131adb049665b3d7166212637e200d4,1,RAW-96bb544fba6c98df,APT_CyberCriminal_Campagin_Collections,56d35e664e9b1964e7a251339acaa99ab7564ba0ed3d16b1eb2aa4b389bfbcb9,CONTENT_ELIGIBLE,1762,13,1,"[""APT_CyberCriminal_Campagin_Collections""]","[""RAW-96bb544fba6c98df""]",SINGLETON,False,False
CANON-6d0ffbe0848958bd,6d0ffbe0848958bd6b9274a6d470d464a96da72620675c79b4d71a2fe478e4b6,1,RAW-f64ab2119c10efce,APT_CyberCriminal_Campagin_Collections,a2c0a0f2260fef830175518af28af203e7b77cebd29a83485ce20528eefa44e0,CONTENT_ELIGIBLE,1814,8,1,"[""APT_CyberCriminal_Campagin_Collections""]","[""RAW-f64ab2119c10efce""]",SINGLETON,False,True
CANON-6d3de691a0decf66,6d3de691a0decf669b36dc1701bc0b99b7cc4d7389b1f23261df8b560ac54fa9,1,RAW-5d2edef637c0f823,APT_CyberCriminal_Campagin_Collections,b48b06d9ba8acab7672993c7ed12171dcc9d12abd90282b66e765fc17caaca88,CONTENT_ELIGIBLE,1316,5,1,"[""APT_CyberCriminal_Campagin_Collections""]","[""RAW-5d2edef637c0f823""]",SINGLETON,False,True
CANON-6d870b54d6ab063e,6d870b54d6ab063e5492970f76508154d4615940c9d4f9110ab11323ee71aba9,1,RAW-9a4d1b9ee86b74c7,APTnotes,86f11ff9cb2362e4b8b34015961a9480cec8fbfbc9bb536cbc71c8a6ec958152,CONTENT_ELIGIBLE,10426,39,1,"[""APTnotes""]","[""RAW-9a4d1b9ee86b74c7""]",SINGLETON,False,True
CANON-6d8e9d851506cb32,6d8e9d851506cb324fc6cad9e2b1fbd53995d934f8a15c7149c7338769829963,1,RAW-8f0c8d6f2ba7d34b,APT_CyberCriminal_Campagin_Collections,d32bed167b61986730315aaf4f7be553d571bc0162b5f3c0ad3c2e88f248ffcc,CONTENT_ELIGIBLE,7023,14,1,"[""APT_CyberCriminal_Campagin_Collections""]","[""RAW-8f0c8d6f2ba7d34b""]",SINGLETON,False,True
CANON-6d90c6cb75304244,6d90c6cb753042442b79e6f6de7f61475e098ce812c6fa580187faa5ec445388,2,RAW-35954948b103a1c5,APTnotes,381dfb1938faef45782f5dc0ca732017bc80f25044916d6a60e8737bb2d8e0ea,CONTENT_ELIGIBLE,1052,23,2,"[""APT_CyberCriminal_Campagin_Collections"",""APTnotes""]","[""RAW-35954948b103a1c5"",""RAW-d72111b5811e94dd""]",EXACT_BINARY,True,False
CANON-6df920925642796c,6df920925642796cbe3322cfcb712f6840f508bb2e1b8ad7dd7ed3cb11b9644e,1,RAW-b26cca6d62c726d1,APTnotes,8077867c01c100fe298b4eb54708a5f4872f3fed27b82504ad93fc23c74d7a9b,CONTENT_ELIGIBLE,973,6,1,"[""APTnotes""]","[""RAW-b26cca6d62c726d1""]",SINGLETON,False,True
CANON-6dffd1ca7ca9c2ee,6dffd1ca7ca9c2ee5c04d8a85af02169bb876d3265ff80b55dc2956c248f297e,1,RAW-1fb17bf757fb64e3,APT_CyberCriminal_Campagin_Collections,7974a779d80c7553542a84499b3ecc8e361bd10fdfa0e33690dcde4487843dce,CONTENT_ELIGIBLE,108,2,1,"[""APT_CyberCriminal_Campagin_Collections""]","[""RAW-1fb17bf757fb64e3""]",SINGLETON,False,False
CANON-6e06e47fd9fdc168,6e06e47fd9fdc168c4b82c87d281ea58adead4e2b2bfd9902d238658c24ee4bb,1,RAW-9d05dabaf175e631,APT_CyberCriminal_Campagin_Collections,f7884e47bcff0493ef12da80e58dfe854adead3ced4c4560d802f0f2800fea06,CONTENT_ELIGIBLE,1207,7,1,"[""APT_CyberCriminal_Campagin_Collections""]","[""RAW-9d05dabaf175e631""]",SINGLETON,False,True
CANON-6e59e1e0e35d5052,6e59e1e0e35d50526c2650ed6ab7a3926fb02b239631cb582765cf75a0801919,1,RAW-77324c1e20acbeea,APT_CyberCriminal_Campagin_Collections,d657470736511a145f186baba9814e818cc61fb0a73854d6a52b01bcd828127e,CONTENT_ELIGIBLE,1275,4,1,"[""APT_CyberCriminal_Campagin_Collections""]","[""RAW-77324c1e20acbeea""]",SINGLETON,False,False
CANON-6e65f9a883a27954,6e65f9a883a279548f53da94efeac0008c26891786dfdb125bf173f0347e62f1,1,RAW-64cb9f4aa0a12ee6,APTnotes,ec1214ce21bd08c6f1672c1f760f378e44b100ccbf62363fb7b60bf9a6128def,CONTENT_ELIGIBLE,2408,11,1,"[""APTnotes""]","[""RAW-64cb9f4aa0a12ee6""]",SINGLETON,False,True
CANON-6efb9cd11460e54d,6efb9cd11460e54d6662dec307779dd758865e77444cebf37e1a72c5f6625ee1,2,RAW-10a13d3c3c42971e,APT_CyberCriminal_Campagin_Collections,0d9c24430b45ec4fec22d097ff537ded94fc0291aba3008950cd1b02d478ff16,CONTENT_ELIGIBLE,4952,29,2,"[""APT_CyberCriminal_Campagin_Collections"",""APTnotes""]","[""RAW-10a13d3c3c42971e"",""RAW-9b90a064107aece7""]",EXACT_BINARY,True,True
CANON-6fe64034af279087,6fe64034af27908745aa21a0d7293d5f19f40476d0d15510275cdf7e752c6f58,1,RAW-5398b1897e7e527e,APT_CyberCriminal_Campagin_Collections,b70bc67da924affc91316ae4d89e763218c4ccf0fe90df610b534c6775a63be4,CONTENT_ELIGIBLE,4105,17,1,"[""APT_CyberCriminal_Campagin_Collections""]","[""RAW-5398b1897e7e527e""]",SINGLETON,False,True
CANON-6ff6f66724803ea2,6ff6f66724803ea21683a62667fa02b5b86277573b4c7ba1b0e6c4d79b83acd5,1,RAW-7044c1f0cd97bf13,APT_CyberCriminal_Campagin_Collections,7b087a1ce8a93fea3f21c0429b33b3fd3cae8106e29e31e5f7e9c01fe7d39bc5,CONTENT_ELIGIBLE,565,48,1,"[""APT_CyberCriminal_Campagin_Collections""]","[""RAW-7044c1f0cd97bf13""]",SINGLETON,False,False
CANON-6ffa5269c10ee1dc,6ffa5269c10ee1dcf53961120540b5f37364e015f56a04ed4fbc1f22d11c2e4d,1,RAW-832cbe0846fa56a7,APTnotes,dbe12e628af55cc12c9eb375898dacb68ff191b669472b35ebc0097ec334d93e,CONTENT_ELIGIBLE,1272,5,1,"[""APTnotes""]","[""RAW-832cbe0846fa56a7""]",SINGLETON,False,True
CANON-6ffd0c7f98fee2cf,6ffd0c7f98fee2cfd3f6da6c7a7779708046db7d217f5475374bbfb708844094,1,RAW-b76368aba522bd2b,APTnotes,376b1ffcd7714159c046575d7777dfedfe9dacf69ccdbccccabfa18d4f7752f7,CONTENT_ELIGIBLE,2825,6,1,"[""APTnotes""]","[""RAW-b76368aba522bd2b""]",SINGLETON,False,True
CANON-70034f67265e64f2,70034f67265e64f2a414f76c3a989e5d7135520765589c1f1dd24811679ac3f4,1,RAW-5ad94a84981c0271,APT_CyberCriminal_Campagin_Collections,be074ef0814ee85d5479f411b20127bd7f18a5ceae5b87fa7673f0d8ab20dbc1,CONTENT_ELIGIBLE,1446,7,1,"[""APT_CyberCriminal_Campagin_Collections""]","[""RAW-5ad94a84981c0271""]",SINGLETON,False,True
CANON-703982142d46acb6,703982142d46acb6935ba68d3161213fd5f9edd08fc421d52d4422e9ae2540e5,1,RAW-a33ddb25f7cf6839,APTnotes,3056e64d273ec070d9f04e0de4ed5db3320aa8ed3801989f0d42893c31bfc2bc,CONTENT_ELIGIBLE,3141,10,1,"[""APTnotes""]","[""RAW-a33ddb25f7cf6839""]",SINGLETON,False,True
CANON-704497cba0ed1f5a,704497cba0ed1f5a7b35aa8b4b963ba8e446ae7e3889cfcd6a3774c92d4af016,1,RAW-7fa570a58913d5f2,APT_CyberCriminal_Campagin_Collections,426dfdd92aee4631f522b6b04073c222b086f4f20f960d2a4d71d1968a6c4ab5,CONTENT_ELIGIBLE,5694,24,1,"[""APT_CyberCriminal_Campagin_Collections""]","[""RAW-7fa570a58913d5f2""]",SINGLETON,False,True
CANON-70cb6e7707970016,70cb6e77079700167ab72c2258dd5461927f2a70084f759dcded0a3491ecb0f4,1,RAW-c196dff2eddbd947,APTnotes,3c0bb5582aa4b7201c524ed65e5193bc0fe720b09ef70bf9585c08c2092290e3,CONTENT_ELIGIBLE,1397,7,1,"[""APTnotes""]","[""RAW-c196dff2eddbd947""]",SINGLETON,False,True
CANON-70d19d67da772d43,70d19d67da772d43157110fd0cb4600b0d0acc581affaf8883de20ad8414441d,2,RAW-7af0d6d69fbd676d,APTnotes,61b84948ae42fd2108e95e8b0c1d0cac10a6ed03e318e78d39d717bed39d92b6,CONTENT_ELIGIBLE,8155,55,2,"[""APT_CyberCriminal_Campagin_Collections"",""APTnotes""]","[""RAW-7af0d6d69fbd676d"",""RAW-e0ba972f90a139ec""]",EXACT_BINARY,True,True
CANON-713317a3faadbf94,713317a3faadbf949fd7b79c815e55f3249c2b6d17af3cae2489508b9efbb6ae,1,RAW-1e2045f0480dadfe,APT_CyberCriminal_Campagin_Collections,799e59ead0d0987de870359233b315b1df60cb6e0919c435d52e959bd911bca4,CONTENT_ELIGIBLE,2716,26,1,"[""APT_CyberCriminal_Campagin_Collections""]","[""RAW-1e2045f0480dadfe""]",SINGLETON,False,True
CANON-71337e6028ab8f05,71337e6028ab8f0599e49c3e67bf21b182e6a2f452f29a0b47a750c073f5dc0b,1,RAW-af3688e3346fa1a2,APT_CyberCriminal_Campagin_Collections,53687e8a5ea37d2fa39b5021a7c9c1144badf0e14124df54d5fb49a7967b2ac9,CONTENT_ELIGIBLE,965,4,1,"[""APT_CyberCriminal_Campagin_Collections""]","[""RAW-af3688e3346fa1a2""]",SINGLETON,False,True
CANON-71620cbf87a8a7e0,71620cbf87a8a7e09e5b05125e9d577d565fa376cb7b2d0fdff83e12d09829d1,1,RAW-5ea4684d40bbd7be,APT_CyberCriminal_Campagin_Collections,7c47b73c0373e31ca4a7ce643557bc2f7bfc4d2746084f292e799a7d2e310daf,CONTENT_ELIGIBLE,13337,44,1,"[""APT_CyberCriminal_Campagin_Collections""]","[""RAW-5ea4684d40bbd7be""]",SINGLETON,False,True
CANON-71787647582da4eb,71787647582da4eb9f016078c1c9901a5e5af92602572bab8826bbdb7f5115a9,1,RAW-a6627089ff4cbe0b,APT_CyberCriminal_Campagin_Collections,b3cdf723179e9cf3ecb06ab4d12af16e591e299d50fec40ef45f0bf2837f5a78,CONTENT_ELIGIBLE,1827,10,1,"[""APT_CyberCriminal_Campagin_Collections""]","[""RAW-a6627089ff4cbe0b""]",SINGLETON,False,True
CANON-717f9185fb05c0f3,717f9185fb05c0f3a4f97954bfd164f2e8815379913e839764bdc3682aa083bc,1,RAW-f9b105072cac6e09,APTnotes,7bcf34fb4d29e7984770bae6de748c9f75dd5d8339714f8d80b915a24ed1e593,NO_RECONSTRUCTED_TEXT,0,14,1,"[""APTnotes""]","[""RAW-f9b105072cac6e09""]",SINGLETON,False,False
CANON-7192ea6fb6eec47b,7192ea6fb6eec47b1a37ff2f2656b78c26bfc402ce3d6a17a8d0485d321040dc,1,RAW-b037275be754d831,APT_CyberCriminal_Campagin_Collections,7921a01a4f41fe07a1bc6a79ad9e8a6835b4cf179ef37567ec5286ec6c708887,CONTENT_ELIGIBLE,2236,7,1,"[""APT_CyberCriminal_Campagin_Collections""]","[""RAW-b037275be754d831""]",SINGLETON,False,True
CANON-71bf64804fe177db,71bf64804fe177db07ba8e9d6ce6d6a39012c811b34f2d621cc4aa8c84426219,1,RAW-821a0208aa22f005,APT_CyberCriminal_Campagin_Collections,eae2e606f0dfb446b8fc9e2c14c1d6cc7906eec9b5cff95f214c13f712649e5e,CONTENT_ELIGIBLE,4901,21,1,"[""APT_CyberCriminal_Campagin_Collections""]","[""RAW-821a0208aa22f005""]",SINGLETON,False,True
CANON-71f769b5586cd6f8,71f769b5586cd6f82a8f45a1c7cab5e20c5e48bbf03a79a4fe48d74e50503aba,1,RAW-e75e8bfe07935f9d,APT_CyberCriminal_Campagin_Collections,32daad1b3dff039b7047753012515820fb3e8702084985c077908cb7f5b162b0,CONTENT_ELIGIBLE,2571,13,1,"[""APT_CyberCriminal_Campagin_Collections""]","[""RAW-e75e8bfe07935f9d""]",SINGLETON,False,True
CANON-72002a9d4fa4b6ef,72002a9d4fa4b6efb295b11a19ecf6e6b996dc7d64829048dd91d03dd188e116,1,RAW-467860e272743732,APT_CyberCriminal_Campagin_Collections,1efdf95edbd5d7a403809964149af0a6564ec3a539fe6ad477f757a172247dcb,CONTENT_ELIGIBLE,4818,26,1,"[""APT_CyberCriminal_Campagin_Collections""]","[""RAW-467860e272743732""]",SINGLETON,False,True
CANON-72c714dc7bc8c9b1,72c714dc7bc8c9b19114c320d4da6ccc3d90a9bd48e4ee2370b327f163f84274,1,RAW-604269e994e687aa,APTnotes,21ac259698d9dd6ad8c09da8e773f8b6f22a474ad60d069c9dab0886137dd876,CONTENT_ELIGIBLE,1417,8,1,"[""APTnotes""]","[""RAW-604269e994e687aa""]",SINGLETON,False,True
CANON-72d11e9c70fe0cc2,72d11e9c70fe0cc2fc2311d47032a018eb029ed622326b07937524d36e64ba44,1,RAW-1c795540385b5736,APT_CyberCriminal_Campagin_Collections,0142296675ec6270c73117f6616eeaab74350309d91b6d2cd9a3462a49cf1caa,CONTENT_ELIGIBLE,1377,7,1,"[""APT_CyberCriminal_Campagin_Collections""]","[""RAW-1c795540385b5736""]",SINGLETON,False,True
CANON-732b522d183de128,732b522d183de1284fad319e791b2975ecad33ccd6cef5196d4ac75af8feb7f5,2,RAW-30d1a1fb65639e07,APT_CyberCriminal_Campagin_Collections,c873f369caf959a7ec40176eda3b01af1cb1c7715f22d038c17997779e5acd8a,CONTENT_ELIGIBLE,231,33,2,"[""APT_CyberCriminal_Campagin_Collections"",""APTnotes""]","[""RAW-30d1a1fb65639e07"",""RAW-de5cd1529c517914""]",EXACT_BINARY,True,False
CANON-7337851a73b7af92,7337851a73b7af923cabc101c12ad88c979a3e0d6092beec37b44a608a71671b,1,RAW-6050360f9744e9f4,APT_CyberCriminal_Campagin_Collections,d1dee9ffa7407f166e43ed8d35edfd3970ff6716a3d683098878c275267fe1ee,CONTENT_ELIGIBLE,3633,10,1,"[""APT_CyberCriminal_Campagin_Collections""]","[""RAW-6050360f9744e9f4""]",SINGLETON,False,True
CANON-7361e280a38bad86,7361e280a38bad868ea36740daaf9fc78edc5b6f6f555d7989a8e28afe6ebbcd,1,RAW-36da672252080f8b,APT_CyberCriminal_Campagin_Collections,b9b7651038841b1ae780c5afd0a5780780056099ec89e51666fa971e75812edc,CONTENT_ELIGIBLE,961,13,1,"[""APT_CyberCriminal_Campagin_Collections""]","[""RAW-36da672252080f8b""]",SINGLETON,False,True
CANON-73968f7346d9667e,73968f7346d9667e53b77a86ede3f00ed22782346fd919f9ebcf42c6a4ca59d7,1,RAW-b04ca9d1d767f1f1,APT_CyberCriminal_Campagin_Collections,61b3c228a72d0e34ed00a3d761caf6c0d572fc2b61749c3a998c52c6e8d73310,NO_RECONSTRUCTED_TEXT,0,42,1,"[""APT_CyberCriminal_Campagin_Collections""]","[""RAW-b04ca9d1d767f1f1""]",SINGLETON,False,False
CANON-73fafa70ee186219,73fafa70ee18621916ec516a78b15909ff2f35cb703ea037bbb72c78a96039cf,1,RAW-f8fbc44d95be361a,APT_CyberCriminal_Campagin_Collections,6072264d069b5a689ce774a579e1450994f2d2e2b2546eed9a11a50f5b54d9fd,CONTENT_ELIGIBLE,3634,21,1,"[""APT_CyberCriminal_Campagin_Collections""]","[""RAW-f8fbc44d95be361a""]",SINGLETON,False,True
CANON-740fb175bf062043,740fb175bf062043082405eea1a389223436cd5e829c46ca9da3f00159ddf544,1,RAW-6273297341026fb6,APT_CyberCriminal_Campagin_Collections,7632bb03691176c44edd960c120105047b3c0461fd1ee396d7eca07f8bd16cea,CONTENT_ELIGIBLE,1824,15,1,"[""APT_CyberCriminal_Campagin_Collections""]","[""RAW-6273297341026fb6""]",SINGLETON,False,True
CANON-743152e7fb37ca8f,743152e7fb37ca8fa36a3c3a87595b4df4cd45eceaad6eb286c767372ed14883,2,RAW-022ab570cdc43060,APTnotes,05ca5f854935989846272e303a9b412f6533701e35cda2a6158b58d41fc85a1a,INSUFFICIENT_RECONSTRUCTED_TEXT,7,229,2,"[""APT_CyberCriminal_Campagin_Collections"",""APTnotes""]","[""RAW-022ab570cdc43060"",""RAW-df312d0a0ff8f96d""]",EXACT_BINARY,True,False
CANON-7445d2857111339e,7445d2857111339ea1851731865a75f4f55ec70158973d39182f5a2476d61726,2,RAW-4d6de4ee74e9e4c7,APT_CyberCriminal_Campagin_Collections,09090caf965856b189328c9b6e4cc1c47413d690fec379bfe8dba507e3426d14,CONTENT_ELIGIBLE,2871,10,2,"[""APT_CyberCriminal_Campagin_Collections"",""APTnotes""]","[""RAW-4d6de4ee74e9e4c7"",""RAW-f050ac9b82847a43""]",EXACT_BINARY,True,True
CANON-744c14b10424b826,744c14b10424b8269582cecb227f193f5008f6399443b29fee76c4ccf73350d8,2,RAW-ad5931d7b5b742b8,APT_CyberCriminal_Campagin_Collections,28ec4037a38b663a7fe43968501cac0f033588d83d3329647156be2da7f42f87,CONTENT_ELIGIBLE,12962,29,2,"[""APT_CyberCriminal_Campagin_Collections"",""APTnotes""]","[""RAW-ad5931d7b5b742b8"",""RAW-d7720c0b5765e6d8""]",EXACT_BINARY,True,True
CANON-747bdf18e1220dcc,747bdf18e1220dcc8e1bdbac1d849fa0c1c8d55ad98e10d7ca7a598bd8f5502b,1,RAW-e43203261a292e23,APT_CyberCriminal_Campagin_Collections,c309cbb2f52f11088381547f86a060f26e6fcbd92c37b4c7ba2c35c10bf684b0,CONTENT_ELIGIBLE,353,4,1,"[""APT_CyberCriminal_Campagin_Collections""]","[""RAW-e43203261a292e23""]",SINGLETON,False,False
CANON-748e943bc542798b,748e943bc542798b25b751ea2efefcc59d348476822b09f2615367c66586765b,1,RAW-de71ed666c0237b4,APTnotes,f5004dc5e7249d787bec3e984806971ebe23b7584e803d2a77137b4657ebe8bd,CONTENT_ELIGIBLE,1836,12,1,"[""APTnotes""]","[""RAW-de71ed666c0237b4""]",SINGLETON,False,True
CANON-74bf1881851955da,74bf1881851955da42f5737a1dd8995ba40214d73c86d3e1a02ce9fea24d72c8,1,RAW-c6295f0f2c44def6,APT_CyberCriminal_Campagin_Collections,0eeffb445b0ddf16863aadf6f57136f086ccc990e3358006b694948f1f647de1,CONTENT_ELIGIBLE,4251,16,1,"[""APT_CyberCriminal_Campagin_Collections""]","[""RAW-c6295f0f2c44def6""]",SINGLETON,False,True
CANON-74e46f228304931c,74e46f228304931c9b7b6a1680f38dcc5e3eb5db92b44ebd0de10ead3db3dc8f,2,RAW-5c34ef052bac8e36,APT_CyberCriminal_Campagin_Collections,a9214a2e1bc60f742f60fbc50f0993afccfcfd25b8dbe25f925726c17f445eae,CONTENT_ELIGIBLE,4111,16,2,"[""APT_CyberCriminal_Campagin_Collections"",""APTnotes""]","[""RAW-5c34ef052bac8e36"",""RAW-d754efd55af0e775""]",EXACT_BINARY,True,True
CANON-74ebea84b5c381ad,74ebea84b5c381ad2e0ef0104c2d51c78dfd8d4732240c975c46f717786ee47b,1,RAW-e8ff366381b17e25,APT_CyberCriminal_Campagin_Collections,a4b55e50a764c3f6d0fe1a3a11882cb2d981fb9cb62741c26717feb51276d36a,INSUFFICIENT_RECONSTRUCTED_TEXT,88,44,1,"[""APT_CyberCriminal_Campagin_Collections""]","[""RAW-e8ff366381b17e25""]",SINGLETON,False,False
CANON-7501a044f45ec769,7501a044f45ec769db90dff369d40f1fd354dded28d9327602e41ba5214e921b,1,RAW-79443d9c899e59f4,APTnotes,4489d24e7aa7a5f08f5c81f3773e7e605985839e6ef57388fbe0ba0a955f70d2,CONTENT_ELIGIBLE,1149,5,1,"[""APTnotes""]","[""RAW-79443d9c899e59f4""]",SINGLETON,False,True
CANON-7513f4210e19b4bf,7513f4210e19b4bf78aba7b53c63e6d60fd81a3db563c032bb332846f91cb01c,2,RAW-6687c85d84c4e760,APTnotes,1b3f3823efbf29735c351791998505a39d8807b0c3599ce1e8c1d5b0fab9843c,CONTENT_ELIGIBLE,20926,76,2,"[""APT_CyberCriminal_Campagin_Collections"",""APTnotes""]","[""RAW-6687c85d84c4e760"",""RAW-ebcb09a3c883826c""]",EXACT_BINARY,True,True
CANON-754e5de2d9aff5e4,754e5de2d9aff5e4849a10c6d6840c880a5c311ed7db71cc8c32ceb3f20bfd57,1,RAW-10fe1840c3f30a73,APTnotes,818b25ac95ed2e31352ecbc80684e88509efff2fba18010d4a2e6fe1cb2871a5,CONTENT_ELIGIBLE,66604,175,1,"[""APTnotes""]","[""RAW-10fe1840c3f30a73""]",SINGLETON,False,True
CANON-758ff945af3c2722,758ff945af3c27229df1cffc8f3eb76e76f6291f3e3889e27c953e5dd1a608d4,1,RAW-15e3b2cfa772c72a,APT_CyberCriminal_Campagin_Collections,d0843a08782ac4ca298fa4538ca618531d8a882c46f329cfcf0e42314905a37b,NO_RECONSTRUCTED_TEXT,0,54,1,"[""APT_CyberCriminal_Campagin_Collections""]","[""RAW-15e3b2cfa772c72a""]",SINGLETON,False,False
CANON-7596995f9d14b369,7596995f9d14b369f03aeea5950e0cba2c0a0ec4c1476d4fd95813995c7cb990,2,RAW-50aee451865249eb,APTnotes,ca53fb1d65e9b79e0ad14a1177c76ed30757a2353a7476ea5ebd509d70d1b475,CONTENT_ELIGIBLE,317,3,2,"[""APT_CyberCriminal_Campagin_Collections"",""APTnotes""]","[""RAW-50aee451865249eb"",""RAW-96e82a3b958e9bc8""]",EXACT_BINARY,True,False
CANON-75e7eb5495a01e68,75e7eb5495a01e688fa01b20205801805b75e317341ff144134378b92e7ce08a,1,RAW-b37323e9e906362a,APT_CyberCriminal_Campagin_Collections,77ee857a68b42112dc3953bd3b485ffc1b15ef298809876c2abb29e63b6e0550,CONTENT_ELIGIBLE,325,7,1,"[""APT_CyberCriminal_Campagin_Collections""]","[""RAW-b37323e9e906362a""]",SINGLETON,False,False
CANON-75fcf9022179a7d1,75fcf9022179a7d16c932d4edb7dcde46ae508ff5bc53b83a27e385b02853236,1,RAW-6b2239b0c85d425c,APT_CyberCriminal_Campagin_Collections,229926180ced4acfd21c9088e2e79ac96c8e0f19627d3db799b92d4cf1431034,CONTENT_ELIGIBLE,5288,29,1,"[""APT_CyberCriminal_Campagin_Collections""]","[""RAW-6b2239b0c85d425c""]",SINGLETON,False,True
CANON-760e44e0e5ca41a0,760e44e0e5ca41a0dc027e3868d9a0b8ee12d778819a669248a7df68f73c07c4,1,RAW-d7a02a22a4404987,APT_CyberCriminal_Campagin_Collections,98814b410f8daabd11fe1ce016b4d17a3861a56111ffeddd2b1abc9bdee8a748,CONTENT_ELIGIBLE,4072,14,1,"[""APT_CyberCriminal_Campagin_Collections""]","[""RAW-d7a02a22a4404987""]",SINGLETON,False,True
CANON-76160928755f7308,76160928755f73082313e549fe18a2f625b7295cd54b0eaf923b94a2d380c0d4,1,RAW-4012d81c28b3ce8a,APT_CyberCriminal_Campagin_Collections,52a3912b29a632acd4a55e4fcbc4c4006bafbf9bc40a5eac1a20cfcec572ff21,CONTENT_ELIGIBLE,3066,16,1,"[""APT_CyberCriminal_Campagin_Collections""]","[""RAW-4012d81c28b3ce8a""]",SINGLETON,False,True
CANON-761c8e4b84fbe553,761c8e4b84fbe55354da40a3e378abfebd650a4b0c5dffd86f8c559ffaa9f243,1,RAW-c74c2a91df8ca2e0,APTnotes,33037d8a661434b697b56c94b9e91511cc07150e3a1e8b8a4c0cb34abf54234b,CONTENT_ELIGIBLE,2853,9,1,"[""APTnotes""]","[""RAW-c74c2a91df8ca2e0""]",SINGLETON,False,True
CANON-76428b45fe10dbfe,76428b45fe10dbfebacd33da5a1520f78e0365a493c5a745ab3026e202c7f53e,1,RAW-c387bd13f1c9be2e,APT_CyberCriminal_Campagin_Collections,ef12eb05879e8212591638576da186f9071b5bf2e1c530f2d41c704fa188c822,CONTENT_ELIGIBLE,4864,21,1,"[""APT_CyberCriminal_Campagin_Collections""]","[""RAW-c387bd13f1c9be2e""]",SINGLETON,False,True
CANON-7645990ffd74d6e4,7645990ffd74d6e490342a10582a8b206ddf3472c6b6ebe5857d561cf300012e,1,RAW-82bcc90e896df477,APTnotes,d67bffd41c224cbeeba109489b58723cb3125eee60bdf637d9280ceef4789315,CONTENT_ELIGIBLE,2662,20,1,"[""APTnotes""]","[""RAW-82bcc90e896df477""]",SINGLETON,False,True
CANON-764a1a9b9b615ead,764a1a9b9b615ead71f91d9e20164acccc67ac78353a4931fcdfae9164d5f995,1,RAW-713b6241bae9bc8c,APT_CyberCriminal_Campagin_Collections,6ebb54c5c5ba22c1c4d4ada533c02a2c347d8acd22ff5043e8816c889a8189f9,CONTENT_ELIGIBLE,2230,24,1,"[""APT_CyberCriminal_Campagin_Collections""]","[""RAW-713b6241bae9bc8c""]",SINGLETON,False,False
CANON-76579f06450fbe1e,76579f06450fbe1e98c7ff2a79efc88c3dba1aa1bd62750c3bfb5a9201c4da45,1,RAW-fa0f89551b9b93e2,APT_CyberCriminal_Campagin_Collections,804242e1f8aac60ab1430f8f04f8f84a4dbdabf2454d403571eabdef96ff5469,CONTENT_ELIGIBLE,1579,11,1,"[""APT_CyberCriminal_Campagin_Collections""]","[""RAW-fa0f89551b9b93e2""]",SINGLETON,False,True
CANON-766e465b2e6d5f4b,766e465b2e6d5f4be12d1fad2b5153cf86c0a4f5e5c7d8e2ee26dbfa8d7dc67f,2,RAW-16c00abe30f1eb63,APTnotes,1af6cbef1b7700341f4e091152e44b9398800048fcaaffeec90f0d72edf004da,CONTENT_ELIGIBLE,3081,16,2,"[""APT_CyberCriminal_Campagin_Collections"",""APTnotes""]","[""RAW-16c00abe30f1eb63"",""RAW-31d41bfbc676b454""]",EXACT_BINARY,True,False
CANON-7678234fcdb6dad0,7678234fcdb6dad08d0cf305100ca76ca39343df92820d554a5c017c899bc81f,1,RAW-064fcc2d54e16bb0,APT_CyberCriminal_Campagin_Collections,0d351d9068f3e5329b532e7d3d9f73cb794dc18865875ad3db905e785828b77c,CONTENT_ELIGIBLE,1358,9,1,"[""APT_CyberCriminal_Campagin_Collections""]","[""RAW-064fcc2d54e16bb0""]",SINGLETON,False,True
CANON-768218451afa00e2,768218451afa00e2762d1ea4404b83fc2033984993194daf4c98c8682dee0993,1,RAW-05196ffa69e14e78,APTnotes,b5851bc104f3aedc3e04cf6b97801613bca28e8e142abfd2b84e880ce04c1ea4,CONTENT_ELIGIBLE,1365,4,1,"[""APTnotes""]","[""RAW-05196ffa69e14e78""]",SINGLETON,False,True
CANON-76b58ebcec5d9c69,76b58ebcec5d9c690339e74b1785d06466b5c3a3f963bf4e91c57bef6485add2,1,RAW-9c86792696bf8e7d,APT_CyberCriminal_Campagin_Collections,d0b5acca037d6e07d05b23032369931cb1a940169328096d93bab17823260966,CONTENT_ELIGIBLE,3888,21,1,"[""APT_CyberCriminal_Campagin_Collections""]","[""RAW-9c86792696bf8e7d""]",SINGLETON,False,True
CANON-76cce3ba0087ed09,76cce3ba0087ed090ad0b14e186615bb22f6ed01811a9b044dff372253331a0e,2,RAW-11294f33be1f7d8e,APTnotes,72120b47c2f77efc6aabad1d51b35f3e92f25355ff6f54ce52b626f507dadd87,CONTENT_ELIGIBLE,7292,36,2,"[""APT_CyberCriminal_Campagin_Collections"",""APTnotes""]","[""RAW-11294f33be1f7d8e"",""RAW-df70bdcdb960bd32""]",EXACT_BINARY,True,False
CANON-76e115afa851fe1c,76e115afa851fe1c790c54a63b0a067e0015f53c2da336c53a1eb9c7c9673de9,1,RAW-39bc0d1cc659a549,APT_CyberCriminal_Campagin_Collections,b4dd81608226bd3c52623cf71c0510d3f9ed2f4142949e7351a30b4ef3663635,CONTENT_ELIGIBLE,2738,17,1,"[""APT_CyberCriminal_Campagin_Collections""]","[""RAW-39bc0d1cc659a549""]",SINGLETON,False,False
CANON-76f8dd60cc22cec0,76f8dd60cc22cec0f9d07c9e16b7d2d93e2b1076fc9f5a5d202053435461db7e,1,RAW-53ab7b5911a580a6,APT_CyberCriminal_Campagin_Collections,c56f6ba5ca88f56ab981504d0166e97bb0a390a4b80f77542ce84d0431de8deb,CONTENT_ELIGIBLE,1395,10,1,"[""APT_CyberCriminal_Campagin_Collections""]","[""RAW-53ab7b5911a580a6""]",SINGLETON,False,True
CANON-770001e7778721e7,770001e7778721e75f4048f104b79665a9163e270196f36db8694ec35f2b4527,1,RAW-9655f6310d7e4d1f,APT_CyberCriminal_Campagin_Collections,8ea9924d2f7f72c8186a3e3b5913c48100bab76b315241ce2e342c91b0433516,CONTENT_ELIGIBLE,3599,10,1,"[""APT_CyberCriminal_Campagin_Collections""]","[""RAW-9655f6310d7e4d1f""]",SINGLETON,False,True
CANON-775d6bf108570178,775d6bf10857017814219582db2b75f08c32b9faa5db7a48c4f892edc814053f,1,RAW-d0a0db4a797838a5,APT_CyberCriminal_Campagin_Collections,fbcdb409294e8c07dffe4dc9519de3231498ab325c9e2fad092fcd52d01fa837,CONTENT_ELIGIBLE,627,17,1,"[""APT_CyberCriminal_Campagin_Collections""]","[""RAW-d0a0db4a797838a5""]",SINGLETON,False,False
CANON-7762abf2ebd88abc,7762abf2ebd88abca234cfaf233404541fd063b01a739be7970f31efd7f0347f,2,RAW-51b4f32bdbf46b22,APT_CyberCriminal_Campagin_Collections,fcbed048ce8edebcfffcc66746e20dade759557511e534e977a12d2a84f5ba3c,CONTENT_ELIGIBLE,625,4,2,"[""APT_CyberCriminal_Campagin_Collections"",""APTnotes""]","[""RAW-51b4f32bdbf46b22"",""RAW-93b74a1e38e95703""]",EXACT_BINARY,True,True
CANON-77ddc0422088ac89,77ddc0422088ac890bd2d44def83a65611ac83aa7ad58f0cabc12521865691e9,1,RAW-e124ec96a04ab936,APT_CyberCriminal_Campagin_Collections,9bcf7d4529ffc4cfa908ede44d34cbfa04bd4666c50453a70474696435336f0a,CONTENT_ELIGIBLE,1699,5,1,"[""APT_CyberCriminal_Campagin_Collections""]","[""RAW-e124ec96a04ab936""]",SINGLETON,False,True
CANON-78017576dd69dcee,78017576dd69dceed9d213653472948bff8150292749a923b42f4906a4faad93,1,RAW-830239a4a091c6f9,APT_CyberCriminal_Campagin_Collections,8108613facc69db6a7838ccfdafe72528653397a73db091e07d50546eec8b77a,CONTENT_ELIGIBLE,1370,6,1,"[""APT_CyberCriminal_Campagin_Collections""]","[""RAW-830239a4a091c6f9""]",SINGLETON,False,True
CANON-7825389db6ef58fb,7825389db6ef58fbae915eacc1be01c6ecc5f48e95a08d84f8eb9582bdb358e8,1,RAW-ea2dc7f6a24b9f8d,APTnotes,86c6dbaa9220107d504c742b2afe63afd390c8897ed921710bdb0300174d1a7b,CONTENT_ELIGIBLE,2970,32,1,"[""APTnotes""]","[""RAW-ea2dc7f6a24b9f8d""]",SINGLETON,False,True
CANON-783d8b6dcba8e0bb,783d8b6dcba8e0bba17cc41622f81e95dcc7371627d65f5099fe46fd654f2cc0,2,RAW-a9fa754c480baef7,APT_CyberCriminal_Campagin_Collections,f93449cfffe877e32143b2c641a171567a72fc4bee344f64f53d4422b27e6a99,CONTENT_ELIGIBLE,2998,13,2,"[""APT_CyberCriminal_Campagin_Collections"",""APTnotes""]","[""RAW-a9fa754c480baef7"",""RAW-fefc6af4ce93004d""]",EXACT_BINARY,True,True
CANON-7849da01528cb792,7849da01528cb7928315b46d799273b44a2c64a99262f4fe0aeecbfae9bbf2e5,1,RAW-c93f3ac2d14ceee8,APT_CyberCriminal_Campagin_Collections,b9ed97a3772f8f9c91329f01b9e9d427dc58e5857c7dd350517c2736e24d0bec,CONTENT_ELIGIBLE,3174,20,1,"[""APT_CyberCriminal_Campagin_Collections""]","[""RAW-c93f3ac2d14ceee8""]",SINGLETON,False,True
CANON-78779720d9561dc5,78779720d9561dc583127b8334cb9f4c96b37b419e3a0b5b0b8a05efaceef486,1,RAW-57947634134b1db8,APT_CyberCriminal_Campagin_Collections,5c798346e72e4a8849ba44dd1016f715bd3ee44eec89e575fef4f45245b9f4d6,CONTENT_ELIGIBLE,3141,25,1,"[""APT_CyberCriminal_Campagin_Collections""]","[""RAW-57947634134b1db8""]",SINGLETON,False,True
CANON-7893cc23a4b8e068,7893cc23a4b8e0680b94cd33bb9081f0b85034ee1bd488807c2517e41ee1c85d,2,RAW-01a36c7450b1890b,APTnotes,f5b361562e486c0d78ea745dbd13a2e8b783b9870a2d970d76334240d78ccaca,CONTENT_ELIGIBLE,771,7,2,"[""APT_CyberCriminal_Campagin_Collections"",""APTnotes""]","[""RAW-01a36c7450b1890b"",""RAW-7a6330d43841b32a""]",EXACT_BINARY,True,False
CANON-78a5e5d24f4a97aa,78a5e5d24f4a97aa62bf862568ba00f6c5152a6ee67af2d5af05a142a765053f,2,RAW-e8dbea1e2d47ee14,APTnotes,b7de05155999cadc77bc515925316a3e46d50cfddd5dc908988a3c8d262982f2,CONTENT_ELIGIBLE,5201,19,2,"[""APT_CyberCriminal_Campagin_Collections"",""APTnotes""]","[""RAW-e8dbea1e2d47ee14"",""RAW-ef826ba6e24ae41c""]",EXACT_BINARY,True,True
CANON-78bb858a15d17d55,78bb858a15d17d55289d5cc2e9dd7da22e682ae0a109afb4a6a99f0158dd8ff2,1,RAW-8698dadec944e6e5,APT_CyberCriminal_Campagin_Collections,9c911d9e71037b86a350c6ce5131e06b634f86538ae4fbee457e11f4705e7024,CONTENT_ELIGIBLE,4301,21,1,"[""APT_CyberCriminal_Campagin_Collections""]","[""RAW-8698dadec944e6e5""]",SINGLETON,False,True
CANON-78deb25213ac9f41,78deb25213ac9f4155872cc1eed40a434572f54a8b35b109dbf6eb68198698b0,1,RAW-948dea424dc58622,APT_CyberCriminal_Campagin_Collections,f89a6673fb7e331982faeeaecc527e4aab3d37367889c9e92755d2e7c78b81b8,CONTENT_ELIGIBLE,2372,7,1,"[""APT_CyberCriminal_Campagin_Collections""]","[""RAW-948dea424dc58622""]",SINGLETON,False,True
CANON-79033790a0fc0d4a,79033790a0fc0d4a7d6c94124b6f908503c0cff495b6c26fc32acd9b33fdf6e8,1,RAW-2f11ebc134f60c87,APTnotes,45764cea54815d00e873d45e0a94289a784a793b82bac95c66cf29f31ca9992f,CONTENT_ELIGIBLE,2342,16,1,"[""APTnotes""]","[""RAW-2f11ebc134f60c87""]",SINGLETON,False,True
CANON-790fda09e1de1fa6,790fda09e1de1fa6a88572d266b040b74363b599db295847e99bc58eb023daf1,1,RAW-47ff8f9d32dc8658,APT_CyberCriminal_Campagin_Collections,f974b4098aa4170e1f75dcafc9b2ec9c9fab4bcb362a9295592394fa83aca930,CONTENT_ELIGIBLE,6562,20,1,"[""APT_CyberCriminal_Campagin_Collections""]","[""RAW-47ff8f9d32dc8658""]",SINGLETON,False,False
CANON-7923d118f9992602,7923d118f9992602ad1707f7c0ea5954def4993a22491eda1ebc001ce6dee71d,1,RAW-65a7216b043b864a,APT_CyberCriminal_Campagin_Collections,f9789f675e8382f99b052abece229f0321717dadb1a06676ac0d2fe401889d9f,CONTENT_ELIGIBLE,1264,7,1,"[""APT_CyberCriminal_Campagin_Collections""]","[""RAW-65a7216b043b864a""]",SINGLETON,False,True
CANON-79a7e598fc69a054,79a7e598fc69a0541038b923eeaaa3dbb57bb05ebdbfa454c98c62129a47ce03,1,RAW-28aba265ca6eb9a6,APT_CyberCriminal_Campagin_Collections,30f0a24dff0850050bba59ff6a32442a93c547a6a374e8f0a6374bcbccb804e3,CONTENT_ELIGIBLE,4395,21,1,"[""APT_CyberCriminal_Campagin_Collections""]","[""RAW-28aba265ca6eb9a6""]",SINGLETON,False,True
CANON-79ad72125da2c956,79ad72125da2c95654ce6356df6d9ce158b910b91b2422b153ec6ba1e5e28b2c,1,RAW-3c8b9c94dcd770ec,APT_CyberCriminal_Campagin_Collections,c194fe4a1a338af0285b10f38f3e45c5700e718d1c42133a9f3112dbd61dc5ca,CONTENT_ELIGIBLE,2689,15,1,"[""APT_CyberCriminal_Campagin_Collections""]","[""RAW-3c8b9c94dcd770ec""]",SINGLETON,False,True
CANON-7a13d4e6142db91b,7a13d4e6142db91bcf6ba08ebde346ec34d9b7627d65a4e5f837ce86678b9d61,1,RAW-c3eec5e43b718cf6,APT_CyberCriminal_Campagin_Collections,4eadfd30cf1f600c5b914fb5baa1ba41c3b9303a5a6e26f9ab635a46dab815d5,CONTENT_ELIGIBLE,2131,16,1,"[""APT_CyberCriminal_Campagin_Collections""]","[""RAW-c3eec5e43b718cf6""]",SINGLETON,False,True
CANON-7a21e7d0135d1f7b,7a21e7d0135d1f7ba7a4b69f8fecaf9f6402add991070b426c7126735a8c27df,1,RAW-939ccc6c208cfac7,APT_CyberCriminal_Campagin_Collections,bda3c6f10775d354e5f8e01834114daaa2be4b07b25639f913f7455b0f48b2ab,CONTENT_ELIGIBLE,181,23,1,"[""APT_CyberCriminal_Campagin_Collections""]","[""RAW-939ccc6c208cfac7""]",SINGLETON,False,False
CANON-7a30d23245e5ea65,7a30d23245e5ea65ac3eee595a1ac410da09ace9053ca02e49c9fb10301951d1,1,RAW-1eceaa71934adf92,APTnotes,422b191795b13e874273f050baa76f67985e7e0a020aeeb9323892b7de319c33,CONTENT_ELIGIBLE,1487,22,1,"[""APTnotes""]","[""RAW-1eceaa71934adf92""]",SINGLETON,False,True
CANON-7a319f21d984350c,7a319f21d984350cddf1653eda8498ff9919d9201d4286a9831a8629109c89ad,1,RAW-35bcc4e95a37548a,APTnotes,e9bd25fdfdb0c12b6ec5dbb4f96be61eec082bef8f0af9ffcc50b40cf6df9253,CONTENT_ELIGIBLE,5879,14,1,"[""APTnotes""]","[""RAW-35bcc4e95a37548a""]",SINGLETON,False,True
CANON-7a32ed15d148729a,7a32ed15d148729acae3cd2c1071c4995d919c99ce06964efb974fb7805112b4,1,RAW-74dff5d7b8c1527b,APT_CyberCriminal_Campagin_Collections,31302bd930a74200bcb0520b26a93139a0458bcf40a89cba41ed483ff5134b1a,CONTENT_ELIGIBLE,5491,19,1,"[""APT_CyberCriminal_Campagin_Collections""]","[""RAW-74dff5d7b8c1527b""]",SINGLETON,False,True
CANON-7a4fd56b8253e152,7a4fd56b8253e1527225514c305b2a2259d260bbab4d3212b31043811e434882,2,RAW-4efdedc57951683d,APT_CyberCriminal_Campagin_Collections,859ddb87ee5e0084e5d8072bb25503129bfcf846b899152571656cc69c646381,CONTENT_ELIGIBLE,10838,33,2,"[""APT_CyberCriminal_Campagin_Collections"",""APTnotes""]","[""RAW-4efdedc57951683d"",""RAW-ad28b8a50e8eb0ec""]",EXACT_BINARY,True,True
CANON-7a8bd3c18fbf6c57,7a8bd3c18fbf6c575379ad6a407e7fb696b801a4104bf1386b07c9d758e260bc,1,RAW-aa672bc3ffcae762,APT_CyberCriminal_Campagin_Collections,7a539752acb4b4aa018485423d30e19bd970fa54fe845e0f0f7b1dbe83ea2468,CONTENT_ELIGIBLE,1027,12,1,"[""APT_CyberCriminal_Campagin_Collections""]","[""RAW-aa672bc3ffcae762""]",SINGLETON,False,True
CANON-7aa4ba583898939d,7aa4ba583898939d93099ac11c305b513e5f9d56ff7d18ffa1abdd68ec79985c,1,RAW-3350802d88e91420,APT_CyberCriminal_Campagin_Collections,91b673da0d6efde5cd1825f65ad2417d895ce8c420ca607e3281d5253e22ec0d,CONTENT_ELIGIBLE,2567,16,1,"[""APT_CyberCriminal_Campagin_Collections""]","[""RAW-3350802d88e91420""]",SINGLETON,False,True
CANON-7b26c1d803f57fea,7b26c1d803f57feaed9188238c29d269b23530a4cc46556fd60e5f721409795a,1,RAW-eb66ed773c419451,APT_CyberCriminal_Campagin_Collections,1a9b0717f802e3452d4648525296441b3eea61bfd4c277ff8d07a7fc30468abc,CONTENT_ELIGIBLE,5395,30,1,"[""APT_CyberCriminal_Campagin_Collections""]","[""RAW-eb66ed773c419451""]",SINGLETON,False,False
CANON-7b3425d8d6c6a825,7b3425d8d6c6a8250ea1f4ff4e9c43e0b55ddaf77492be4bade7ed43392adf24,1,RAW-8a043f2acc723568,APT_CyberCriminal_Campagin_Collections,e3a9dabda9e3391b2a66b8a1d4dec0a5a8bca4608e419e52ccf47b120286b319,CONTENT_ELIGIBLE,3388,16,1,"[""APT_CyberCriminal_Campagin_Collections""]","[""RAW-8a043f2acc723568""]",SINGLETON,False,False
CANON-7b4a225a11f366ac,7b4a225a11f366acdf4b82f026eabc7f1cd0c31fc63eade36c52e6ac1078a9b0,1,RAW-70c0bbae559f41d5,APT_CyberCriminal_Campagin_Collections,c0a89da4bd53cec02387a7f1b3bb253b46e954bc777f71d97a0d5046a40724ef,CONTENT_ELIGIBLE,1328,6,1,"[""APT_CyberCriminal_Campagin_Collections""]","[""RAW-70c0bbae559f41d5""]",SINGLETON,False,True
CANON-7b64ccf70013c5ce,7b64ccf70013c5ceaa2f907539649c1f3e46b2568d40cb177d4e14c99a72dc9d,1,RAW-8bdde69174474415,APT_CyberCriminal_Campagin_Collections,fee0eb02e11196ae995525af2436ef7c7312633c377fddcbab57bc5702e89158,CONTENT_ELIGIBLE,224,5,1,"[""APT_CyberCriminal_Campagin_Collections""]","[""RAW-8bdde69174474415""]",SINGLETON,False,False
CANON-7b9c4dab8d6b1256,7b9c4dab8d6b1256b5dda727a3432196f94be349f530b41565e4a1d5fded2448,1,RAW-4bb4a995fc603de3,APTnotes,43970aa8a881e3cc2b1141a7bf667c6ca624175d10baeb72e0620c50b4c03f58,CONTENT_ELIGIBLE,618,6,1,"[""APTnotes""]","[""RAW-4bb4a995fc603de3""]",SINGLETON,False,False
CANON-7ba15aecc750caff,7ba15aecc750caff30d59fe58ae4cddd0dc50d3ddc25fa52cc771dee696f46a4,1,RAW-84d6904f3fea87ad,APT_CyberCriminal_Campagin_Collections,2bdf9a3296f05f4f0afe5993b492dfede3408dd898885e03fe840b23d6683751,CONTENT_ELIGIBLE,6019,30,1,"[""APT_CyberCriminal_Campagin_Collections""]","[""RAW-84d6904f3fea87ad""]",SINGLETON,False,False
CANON-7bd9e760bf8037db,7bd9e760bf8037dbb79cd047828843034f83afd9663db526d5cb3de0e0f52779,1,RAW-497acfdf0050fc14,APT_CyberCriminal_Campagin_Collections,3428bcf9c2c12185a86573c26e7e6ae6e624e49451e928a51c599573fdc704f4,CONTENT_ELIGIBLE,643,36,1,"[""APT_CyberCriminal_Campagin_Collections""]","[""RAW-497acfdf0050fc14""]",SINGLETON,False,True
CANON-7bdf414f07858a6b,7bdf414f07858a6b6c8855726d60c34ff1e3c6f3df08d009fdd8fd1f0a9b7e7e,1,RAW-b18bbd9e62cc3370,APT_CyberCriminal_Campagin_Collections,3da9fe18af45e0e7d1cd1aa5dbcb87a818350ee08bfca3ec8d5b7b48e524ae43,CONTENT_ELIGIBLE,1587,11,1,"[""APT_CyberCriminal_Campagin_Collections""]","[""RAW-b18bbd9e62cc3370""]",SINGLETON,False,False
CANON-7be2ebcd55247b63,7be2ebcd55247b63e3969ba94b07052352c1c649b43d1d6193f34bd25782717c,2,RAW-c70a64721e866fcb,APT_CyberCriminal_Campagin_Collections,2087265fd45afc9d757d32882f48c65d5787b0d62266607616e9a576e0662163,CONTENT_ELIGIBLE,1653,9,2,"[""APT_CyberCriminal_Campagin_Collections"",""APTnotes""]","[""RAW-c70a64721e866fcb"",""RAW-d0af7a48d36704e3""]",EXACT_BINARY,True,True
CANON-7beab0e4dabb9728,7beab0e4dabb97280746cdeb34d0bda1d8b6cbcac09bfb7f2f5fcb8740b5ac7e,1,RAW-5d5b027713d31a29,APT_CyberCriminal_Campagin_Collections,34773b71a0e058e2ac55efd68d2d95cd58996f253a3e14fab0d037e873c59166,CONTENT_ELIGIBLE,1132,8,1,"[""APT_CyberCriminal_Campagin_Collections""]","[""RAW-5d5b027713d31a29""]",SINGLETON,False,False
CANON-7bfe8d3ec44a134d,7bfe8d3ec44a134d73949271df52f8c4fdf71ae93c1c378f9fac4d7a47891add,1,RAW-eff126dafb987f48,APT_CyberCriminal_Campagin_Collections,b7696b2262ab8bea13669d40010de4cecf813fbf355834593007c5205d181b50,CONTENT_ELIGIBLE,22681,78,1,"[""APT_CyberCriminal_Campagin_Collections""]","[""RAW-eff126dafb987f48""]",SINGLETON,False,True
CANON-7c1b6e7e7f47083c,7c1b6e7e7f47083c379e30d3b60d562a594f7131126f6d3c74e295d723020263,1,RAW-c1d11d0146e49a0f,APTnotes,4571174dbebd44d4cc746514d588ad3f7fbea73f19d927c99afb07355ac369f7,CONTENT_ELIGIBLE,8641,31,1,"[""APTnotes""]","[""RAW-c1d11d0146e49a0f""]",SINGLETON,False,True
CANON-7c2472d570f6c943,7c2472d570f6c943fc60495b60d98609baea9f5622635f76ac7593b7eda16522,1,RAW-e05b6bde414b65e8,APT_CyberCriminal_Campagin_Collections,618c3008243bcf8aed849e522e390e99b2d8c7ae408d4ac034a3c3864d99d14e,CONTENT_ELIGIBLE,1235,11,1,"[""APT_CyberCriminal_Campagin_Collections""]","[""RAW-e05b6bde414b65e8""]",SINGLETON,False,True
CANON-7c452764ac2dc1d8,7c452764ac2dc1d81748a2538fbf1c79eabcfc115a303240596d5c921eb26f33,1,RAW-93ca0b36d47209ea,APT_CyberCriminal_Campagin_Collections,8b0e5604680ada654f4395f318838c12fcf3b1854a0893883712512d4eeb4f5d,CONTENT_ELIGIBLE,5151,24,1,"[""APT_CyberCriminal_Campagin_Collections""]","[""RAW-93ca0b36d47209ea""]",SINGLETON,False,True
CANON-7c65c1a218b11aff,7c65c1a218b11affc35dd6296b5852f78460f8f8e427efafe2c455843ddf0ee4,1,RAW-62c61784082e4287,APT_CyberCriminal_Campagin_Collections,58abc88646903d4c3c2f574748223a354ae718930e63541cdbfeff48f8c4a996,CONTENT_ELIGIBLE,1647,14,1,"[""APT_CyberCriminal_Campagin_Collections""]","[""RAW-62c61784082e4287""]",SINGLETON,False,False
CANON-7cbd0b9303d9e42e,7cbd0b9303d9e42e49da1889442d6b26847e10925865a5be7a57799cc598c154,1,RAW-3de19e0de94e62b5,APTnotes,6d45b5b32067e0e4d54c69ed2c74543cea715da2fca1da416ed2e6fb1e343ea4,CONTENT_ELIGIBLE,16552,88,1,"[""APTnotes""]","[""RAW-3de19e0de94e62b5""]",SINGLETON,False,True
CANON-7cc3fa51e468a812,7cc3fa51e468a81210394f0be1b0b47d72954c7a9026bc795b114a287afd0996,1,RAW-910cc8ab2a36cf05,APT_CyberCriminal_Campagin_Collections,3b40822ea0fbe94bb1e751addca2d3b462328021995ca7c3647eb9c42bf26f4a,CONTENT_ELIGIBLE,2188,16,1,"[""APT_CyberCriminal_Campagin_Collections""]","[""RAW-910cc8ab2a36cf05""]",SINGLETON,False,True
CANON-7d073e528d56f2ba,7d073e528d56f2bacd0f195cc97a38da2a8aa94c51ac370233ed06c897e0c996,1,RAW-90ffd072416072b6,APT_CyberCriminal_Campagin_Collections,a4fea953e86fd74cc76904d07854137819104cb56e151f9fbea126272a20a40d,CONTENT_ELIGIBLE,3141,12,1,"[""APT_CyberCriminal_Campagin_Collections""]","[""RAW-90ffd072416072b6""]",SINGLETON,False,True
CANON-7d29305b6df30952,7d29305b6df30952a36d3c000b761201dc76e6443ff1064a9e04a77d7adf1a20,1,RAW-f983e44acd7adda3,APT_CyberCriminal_Campagin_Collections,111e2856932c547b27b97cffa742afe28951c20ad85abb403c05358164fe7f1d,CONTENT_ELIGIBLE,12128,70,1,"[""APT_CyberCriminal_Campagin_Collections""]","[""RAW-f983e44acd7adda3""]",SINGLETON,False,True
CANON-7d2be00507a4fa6f,7d2be00507a4fa6f00ab34f1d0b7b7e79f1ed7ab515d56a0a1c0b86d94ac3fd1,1,RAW-61aab4acf3b56c4e,APT_CyberCriminal_Campagin_Collections,2a90e9c89e2655f4d68585f9628075f87ffe0af47f3ad29e40feafcfb56cba46,CONTENT_ELIGIBLE,6574,25,1,"[""APT_CyberCriminal_Campagin_Collections""]","[""RAW-61aab4acf3b56c4e""]",SINGLETON,False,True
CANON-7d5fed1802187f87,7d5fed1802187f8734bbec3add85fe1db960bdc83ef17676e64441490fb2f61d,1,RAW-4b31b8b782fbf4ef,APTnotes,a71919371a4455fdb785bc6f0ed1c5eabae948c6a979b076b71c535fdec88211,CONTENT_ELIGIBLE,873,3,1,"[""APTnotes""]","[""RAW-4b31b8b782fbf4ef""]",SINGLETON,False,True
CANON-7da4cb82e9caca23,7da4cb82e9caca2375e1e0f6d1fc06b1f874d1a5e4a1ff9c67277e7f4e28d795,1,RAW-ac75d38b81e70c80,APT_CyberCriminal_Campagin_Collections,0574fd9f487cc77c50bacb5ef7be9f7b975df4d089d3266dac6235cd20827959,CONTENT_ELIGIBLE,2029,14,1,"[""APT_CyberCriminal_Campagin_Collections""]","[""RAW-ac75d38b81e70c80""]",SINGLETON,False,True
CANON-7db66373f24d2fe8,7db66373f24d2fe8dc7dc67556f87ed19b1b3b4c52f8ccec1ef6bf1f15d961e5,1,RAW-a2beef242ce49ce8,APT_CyberCriminal_Campagin_Collections,c387d0550a5fbc798e364c5824de8aad0e5cd87c5376cb39d8bbefe4dedcb1ec,CONTENT_ELIGIBLE,4653,22,1,"[""APT_CyberCriminal_Campagin_Collections""]","[""RAW-a2beef242ce49ce8""]",SINGLETON,False,True
CANON-7db664be95099420,7db664be95099420343405c26f6dee943a8d80505a2bd8eeedd26e3c19d249a5,1,RAW-972ab53dbe4c2c67,APT_CyberCriminal_Campagin_Collections,15b7763e9529586bc90c011ad263d0c906449493e2c7413352e191dafef1aece,CONTENT_ELIGIBLE,1845,8,1,"[""APT_CyberCriminal_Campagin_Collections""]","[""RAW-972ab53dbe4c2c67""]",SINGLETON,False,True
CANON-7dc056522936beba,7dc056522936bebab00acb29d025d93469cb1c026081f82c3eb307bd91491058,1,RAW-a5e5dd9cd5688901,APTnotes,afa146717fd3383c0ef9044e94a24d50c20d404c167d7fcb5c14618b9ce1d2a2,CONTENT_ELIGIBLE,1079,7,1,"[""APTnotes""]","[""RAW-a5e5dd9cd5688901""]",SINGLETON,False,True
CANON-7de7206bd4ac7330,7de7206bd4ac73300c0c9d740fe72318b92f8e3cbad6a4ae95935bd45d8526a2,1,RAW-e001a8039ae7f485,APT_CyberCriminal_Campagin_Collections,eaf22ca3e6ab4e5c7faa8e2acd5c8149d62d92d9c2179b338e6219f3b5ff0c1b,CONTENT_ELIGIBLE,984,5,1,"[""APT_CyberCriminal_Campagin_Collections""]","[""RAW-e001a8039ae7f485""]",SINGLETON,False,True
CANON-7e77163aa8a0e789,7e77163aa8a0e789d238a8c9e3f6b496c13cd07355b732ec1c606fd6c23ac318,1,RAW-216bc88b4a45603d,APTnotes,4654aa867d8dc72cbcfdb2d68aca73929b28fd653a1dad1f35b84de1cb14f199,CONTENT_ELIGIBLE,3843,23,1,"[""APTnotes""]","[""RAW-216bc88b4a45603d""]",SINGLETON,False,True
CANON-7ee66b6b99aa13ba,7ee66b6b99aa13bad06b0bb91f228e3b469b760a6d27f1e425e5fe18c7c438be,1,RAW-4edadc6d3bd6a8e8,APT_CyberCriminal_Campagin_Collections,a71555ff127721ad3f47e0427411dde35ec792889c2778ba43571d3a4b3f5cca,CONTENT_ELIGIBLE,46877,134,1,"[""APT_CyberCriminal_Campagin_Collections""]","[""RAW-4edadc6d3bd6a8e8""]",SINGLETON,False,True
CANON-7f2281310321c54b,7f2281310321c54bd1913b09c9a0e5f0c55cfba7d77e28afd79c8260c1511cbe,2,RAW-3e092ba7e0833007,APTnotes,7c6af0f3e58da411645499f8ba1f46330239f6bd7045a27a06ba3493fda8d0fd,CONTENT_ELIGIBLE,9507,11,2,"[""APT_CyberCriminal_Campagin_Collections"",""APTnotes""]","[""RAW-3e092ba7e0833007"",""RAW-9c2fd3345859243f""]",EXACT_BINARY,True,True
CANON-7f4ec7172874b90e,7f4ec7172874b90eccd8125d2370bdaf12d8d737cdf83e88e946edf3bf672ab3,2,RAW-2864b3def5a0a226,APT_CyberCriminal_Campagin_Collections,a78862a7d8754620bf75d576dc63d54c186828f3228d5062811fe5e28b91962a,CONTENT_ELIGIBLE,512,4,2,"[""APT_CyberCriminal_Campagin_Collections"",""APTnotes""]","[""RAW-2864b3def5a0a226"",""RAW-46d08be4aa843a4c""]",EXACT_BINARY,True,True
CANON-7f53e6971a748c02,7f53e6971a748c0238947dbef2c6ba22684a89b66ad6bc0c621c3b80922314b3,1,RAW-cb8a58167e4a8348,APTnotes,ea10fd8c4838658ccc50af6dbaa08a84caf9cc3fe994213cc6f77810e8708240,CONTENT_ELIGIBLE,847,3,1,"[""APTnotes""]","[""RAW-cb8a58167e4a8348""]",SINGLETON,False,True
CANON-7f6271fa52bce77b,7f6271fa52bce77bc5a9031482b18551e6f839bd8ec4df44da1bdfe9e33e3408,2,RAW-04b6316dbd6f5ee9,APT_CyberCriminal_Campagin_Collections,729e7ec390cc6c65e37b913c1458d097e8f5f39d50a2484a71cc19ccd57ab538,CONTENT_ELIGIBLE,4964,18,2,"[""APT_CyberCriminal_Campagin_Collections"",""APTnotes""]","[""RAW-04b6316dbd6f5ee9"",""RAW-dd1d059851dde94e""]",EXACT_BINARY,True,True
CANON-7f6c47b3bbc42b5e,7f6c47b3bbc42b5ea285d615951a35925f8464cae5a58485e274f986ba8a93be,1,RAW-636c66a319a21cfb,APT_CyberCriminal_Campagin_Collections,878ef2e093a82942eabee52db3bc852dd54dd0fd53fd23648be33ebd22b666d3,CONTENT_ELIGIBLE,2414,6,1,"[""APT_CyberCriminal_Campagin_Collections""]","[""RAW-636c66a319a21cfb""]",SINGLETON,False,True
CANON-7f708ce3b06306d3,7f708ce3b06306d37911109ec24ce62fbef36e9ae65c614472f1941e0372951c,1,RAW-dbe1e239d1a6ecbc,APT_CyberCriminal_Campagin_Collections,34cef0ac3cf18367e7882d80e065191196d49e8ab967ba00aafd48143a9149ca,CONTENT_ELIGIBLE,2532,23,1,"[""APT_CyberCriminal_Campagin_Collections""]","[""RAW-dbe1e239d1a6ecbc""]",SINGLETON,False,False
CANON-7f94e6be18d5c293,7f94e6be18d5c293033c6d29f5aedecd71752554522de49cb1866312703e73a3,1,RAW-fd759fbaf775d946,APT_CyberCriminal_Campagin_Collections,2ecb486bf001fce7f43cf81df4ded38f65989cf7047373a7727ac015e6bba861,CONTENT_ELIGIBLE,1693,8,1,"[""APT_CyberCriminal_Campagin_Collections""]","[""RAW-fd759fbaf775d946""]",SINGLETON,False,True
CANON-7f980300d8cd8426,7f980300d8cd842698e44e2bfff5a82e49c335dc1570c8121856b46d6d7e03b1,1,RAW-5867af49e1771460,APTnotes,50263dd668a92b4fd28c3450ec43c885960ce14fc4593f918042dc5661984687,CONTENT_ELIGIBLE,677,7,1,"[""APTnotes""]","[""RAW-5867af49e1771460""]",SINGLETON,False,True
CANON-7fb60b1952a11c1c,7fb60b1952a11c1c7b14d4a57a555eb993f690751d5191264ef682e235973bc3,1,RAW-11fb235c4af4dcc5,APT_CyberCriminal_Campagin_Collections,3f5755476502c89834c42f2966c0d68e53ad21411a2f22e9a90a4efa7d0a2387,CONTENT_ELIGIBLE,2967,16,1,"[""APT_CyberCriminal_Campagin_Collections""]","[""RAW-11fb235c4af4dcc5""]",SINGLETON,False,True
CANON-7fd817d7a213e969,7fd817d7a213e9695c126213fba8a93bcad0b684770791afbe5a5c6aaac764d1,2,RAW-193a50af9bd518cf,APTnotes,19a6728da356ee10b6441f73bdf50a633097d4886299a6e3ad24c95d94a300ef,CONTENT_ELIGIBLE,3017,22,2,"[""APT_CyberCriminal_Campagin_Collections"",""APTnotes""]","[""RAW-193a50af9bd518cf"",""RAW-8b7bdd5027b51404""]",EXACT_BINARY,True,False
CANON-80281f5998c4bac3,80281f5998c4bac311418afa61747d92bc2c8a0ab07eecb20ebb1d2de3e6a550,1,RAW-d89fab56dcd0b105,APT_CyberCriminal_Campagin_Collections,7c7afabae90cd8b9bfce30f9db42a726df1a1502e22c25a925c479234fabd7ce,CONTENT_ELIGIBLE,5934,49,1,"[""APT_CyberCriminal_Campagin_Collections""]","[""RAW-d89fab56dcd0b105""]",SINGLETON,False,True
CANON-80333b2d67cce137,80333b2d67cce137df3ac09ecfe4cd72ab8010305f10ef66fbef848103705e5c,1,RAW-e77a4eae68bbe6d8,APTnotes,4fb0178ae082d7e3989ec50456867ceddc18286b87e583cd7de16dd5eb7f11fe,CONTENT_ELIGIBLE,2171,11,1,"[""APTnotes""]","[""RAW-e77a4eae68bbe6d8""]",SINGLETON,False,True
CANON-8039651b00885afe,8039651b00885afe06d6af340dbace8829fcf1754b12f8acbe776b9c0475e0ee,2,RAW-2680d1e4a8f95753,APTnotes,dd4e59f925c87932493d72ad4ca96c04230da00dd8c28d79920bb792d5d825c0,CONTENT_ELIGIBLE,1789,11,2,"[""APT_CyberCriminal_Campagin_Collections"",""APTnotes""]","[""RAW-2680d1e4a8f95753"",""RAW-3e15697bde006452""]",EXACT_BINARY,True,True
CANON-80b2650fc7239f83,80b2650fc7239f83885c795ebbb4ec8154049271357906ef1e0f75b08e8f3a6b,2,RAW-21461d4f26d618a8,APT_CyberCriminal_Campagin_Collections,eaae8f5a060599da627cee9cb5ad6704b91d6d323f189aac7fa24d4629ab054c,CONTENT_ELIGIBLE,2846,14,2,"[""APT_CyberCriminal_Campagin_Collections"",""APTnotes""]","[""RAW-21461d4f26d618a8"",""RAW-59c6908401269348""]",EXACT_BINARY,True,False
CANON-80c7f64a7df7150a,80c7f64a7df7150a1ee4264d4f005b6baf16a173c32674936baa728e13a1a0b4,1,RAW-b8491e15cefc7cae,APT_CyberCriminal_Campagin_Collections,b43710cee2da37d718b198cad6db0075284c675799258562e35975c7d1bc16f3,CONTENT_ELIGIBLE,7333,24,1,"[""APT_CyberCriminal_Campagin_Collections""]","[""RAW-b8491e15cefc7cae""]",SINGLETON,False,True
CANON-80e3effa0701e31c,80e3effa0701e31c3d2fbcf541e544c70f478fd13e13cf9a01253624dfdd4978,1,RAW-130ed421af2ea200,APT_CyberCriminal_Campagin_Collections,f582dd318c1b2d7f19a4f8b0bd462e996a34a82848861abcc21020114a581707,CONTENT_ELIGIBLE,1319,13,1,"[""APT_CyberCriminal_Campagin_Collections""]","[""RAW-130ed421af2ea200""]",SINGLETON,False,True
CANON-80f632f78e3572c8,80f632f78e3572c8811cded8336685e5b4f8c625614489cb6f0f5f3d0d7968e6,1,RAW-9404f179d730e6ab,APT_CyberCriminal_Campagin_Collections,6c6bfa0154a8e94f1c1d742efd01016eedc341452bedb2f872d2dc945cc4ac54,CONTENT_ELIGIBLE,1839,12,1,"[""APT_CyberCriminal_Campagin_Collections""]","[""RAW-9404f179d730e6ab""]",SINGLETON,False,True
CANON-80fc3e2cd6a912ba,80fc3e2cd6a912bad84b399350ce3f0d4b42c564d724001076362095439e94ec,1,RAW-c023d080b3e64c15,APT_CyberCriminal_Campagin_Collections,7cbaaec91bac26991a66a04099471b6156ffea842c212e899761ae50aec2942b,CONTENT_ELIGIBLE,3281,15,1,"[""APT_CyberCriminal_Campagin_Collections""]","[""RAW-c023d080b3e64c15""]",SINGLETON,False,True
CANON-813d6ea3d4b75d6d,813d6ea3d4b75d6dba1be0beb85b2d442909bab010983839f660bc21c865efb6,1,RAW-1197cd638a794c4d,APT_CyberCriminal_Campagin_Collections,b41aafd09487340445e4859289cc9293d5289a2397903599360926741545a04b,CONTENT_ELIGIBLE,1882,8,1,"[""APT_CyberCriminal_Campagin_Collections""]","[""RAW-1197cd638a794c4d""]",SINGLETON,False,True
CANON-813d882eeba464c3,813d882eeba464c3503eca8c22b1db8592e1c75081a653b8d2bae5ec591c7de8,1,RAW-a1fb7b071cb0a5ed,APT_CyberCriminal_Campagin_Collections,ba657ad3b53886436ccedbc90463b14a534556ae40a5ffdd12772209148b5f33,CONTENT_ELIGIBLE,2580,38,1,"[""APT_CyberCriminal_Campagin_Collections""]","[""RAW-a1fb7b071cb0a5ed""]",SINGLETON,False,False
CANON-81403f7d7694d2c5,81403f7d7694d2c504e7abcc9d8e5d8026644443877f41e37c52f3125c3deb79,1,RAW-9e870fc5f0aeb133,APT_CyberCriminal_Campagin_Collections,5a2924340e3e67571ef6765b5c854c125a0ee1177ff42606681b6d92c66c1478,CONTENT_ELIGIBLE,6365,23,1,"[""APT_CyberCriminal_Campagin_Collections""]","[""RAW-9e870fc5f0aeb133""]",SINGLETON,False,True
CANON-8148480371804e24,8148480371804e241e030d4983f1544d978eecdb03c72881b64d1da51c3f9622,1,RAW-4b265e613438394f,APTnotes,5e93c35f89702049d6f5b284509c46fce86d1b2b082925438ee7dde7a09b9a37,CONTENT_ELIGIBLE,1098,12,1,"[""APTnotes""]","[""RAW-4b265e613438394f""]",SINGLETON,False,True
CANON-817fedc117744c2e,817fedc117744c2e7494713d6a408e47b04bc4d12054b52c5de666c1b0c8e8df,1,RAW-56bf54d827648c4c,APTnotes,15b3994f28dde2eb153b767800c904d3ed87adb7890e30118535b023f5a292a5,CONTENT_ELIGIBLE,911,3,1,"[""APTnotes""]","[""RAW-56bf54d827648c4c""]",SINGLETON,False,True
CANON-81807d55eae93e3a,81807d55eae93e3af895e24e0db20e001f0b063d1c05c361b33709312bb2884e,1,RAW-1def5e67f8b4429d,APT_CyberCriminal_Campagin_Collections,41c6e6eeeb30b71f4b1d73f694c157778f5e608e204f491c88d2602cbaeb0352,CONTENT_ELIGIBLE,1712,16,1,"[""APT_CyberCriminal_Campagin_Collections""]","[""RAW-1def5e67f8b4429d""]",SINGLETON,False,False
CANON-818279c1f2300430,818279c1f230043061e1a4f64510558bbf5423871d320f409e3614aff905770c,1,RAW-65e230e9b4bde3aa,APT_CyberCriminal_Campagin_Collections,d0e3010d51e5b2b71909fb43acda54d8da5ea81c8abb7326b9e125bda1281d56,CONTENT_ELIGIBLE,1708,12,1,"[""APT_CyberCriminal_Campagin_Collections""]","[""RAW-65e230e9b4bde3aa""]",SINGLETON,False,True
CANON-8184f22edc693c2d,8184f22edc693c2db7fe58af7f92c5f54a71ebacd4a318e069f795975dab6fac,1,RAW-bbe395c09cb590eb,APT_CyberCriminal_Campagin_Collections,303f76944f1f44523607214d3bdcde47eba2b15bf534e2dae7e40d2eaa3efb43,CONTENT_ELIGIBLE,2087,7,1,"[""APT_CyberCriminal_Campagin_Collections""]","[""RAW-bbe395c09cb590eb""]",SINGLETON,False,True
CANON-818c8b64a1f3895b,818c8b64a1f3895bf10924e6a6319dc4765f37dcf5fddb5c1a9cad5dbb72058c,1,RAW-6cc07c7f21c59db7,APT_CyberCriminal_Campagin_Collections,5b83e0b0779df496b6f425550b12ee4014d2533d3c693d7b49c8c8b44a1e7ed8,CONTENT_ELIGIBLE,2067,7,1,"[""APT_CyberCriminal_Campagin_Collections""]","[""RAW-6cc07c7f21c59db7""]",SINGLETON,False,True
CANON-81e1231cf4c76289,81e1231cf4c762897c48774d0facc56f2722eb11f07c29f890b74fc91bddd853,1,RAW-c445af69fc6c2082,APT_CyberCriminal_Campagin_Collections,75f75e5e0f58428328a946f2e6326f17559f6119f7fab1af63113f31d512086c,CONTENT_ELIGIBLE,7019,35,1,"[""APT_CyberCriminal_Campagin_Collections""]","[""RAW-c445af69fc6c2082""]",SINGLETON,False,True
CANON-820b4629ee3fbab1,820b4629ee3fbab1a9e84ef1c58843255177f3742d8b41e4d3810b48e71c82a5,1,RAW-608fddb12f9e8b22,APT_CyberCriminal_Campagin_Collections,e1ead6934b1708bfaba7e4d27fa40bf0153a22c08817149c6d52099ae0d75d6b,CONTENT_ELIGIBLE,2100,15,1,"[""APT_CyberCriminal_Campagin_Collections""]","[""RAW-608fddb12f9e8b22""]",SINGLETON,False,True
CANON-8217bd43f958e318,8217bd43f958e3189a43270cc985a40fe1b7097710acb87b8c38543ebc0549b4,2,RAW-ac11090c551423f8,APT_CyberCriminal_Campagin_Collections,6b18eef5ac8c3ec06b99b5dab933e7eee01f0390e225618c11ea27f5c2f589c5,CONTENT_ELIGIBLE,13421,37,2,"[""APT_CyberCriminal_Campagin_Collections"",""APTnotes""]","[""RAW-ac11090c551423f8"",""RAW-f367ad7b104d3c54""]",EXACT_BINARY,True,True
CANON-8222e86c5c0b9bf2,8222e86c5c0b9bf2807c97e1380a550b8fdcbbc22628eb6d908dc8ba70e7fc38,1,RAW-7ab93d0c39ea9924,APTnotes,8d931fb61a0926d20e4c3601ddce469e55e522db50569edf82eaf57ea5a2d63e,CONTENT_ELIGIBLE,2605,9,1,"[""APTnotes""]","[""RAW-7ab93d0c39ea9924""]",SINGLETON,False,True
CANON-824d418966371bbc,824d418966371bbc6e1ce550a7f505e54e4d4c04ee4efb5f96b7edbeff054cd2,1,RAW-d8ea7db30caa43ea,APTnotes,94df6389afd32a25eaaeffffd81543e89ff21a6f853dd2db7a0ceb325024f66b,CONTENT_ELIGIBLE,919,6,1,"[""APTnotes""]","[""RAW-d8ea7db30caa43ea""]",SINGLETON,False,False
CANON-8260d6ba0f022acf,8260d6ba0f022acf69fc7b1473f5e48d1f896e82d9c99e21a9b8d828f506525c,1,RAW-a55e034e8130eb5b,APT_CyberCriminal_Campagin_Collections,9f61d6a9f2e2b6f6f9f236ef26b7dab3fc33eef953a8a249527fdb373f5771d3,CONTENT_ELIGIBLE,4652,23,1,"[""APT_CyberCriminal_Campagin_Collections""]","[""RAW-a55e034e8130eb5b""]",SINGLETON,False,True
CANON-826f9816accc1a3b,826f9816accc1a3b5350517f2a32829240f6141b2ec51c3c8b157b1d11e13141,1,RAW-e2a871cfe55fbaf5,APT_CyberCriminal_Campagin_Collections,6b632b2eacc0d839032aa6f491c877bf55610c31e5e59a93b0ab9e42f0e75b35,CONTENT_ELIGIBLE,4580,16,1,"[""APT_CyberCriminal_Campagin_Collections""]","[""RAW-e2a871cfe55fbaf5""]",SINGLETON,False,True
CANON-827d270d6648caa3,827d270d6648caa3c92688d24729790714a4cc90cfee2f599d299ecdfc23e879,1,RAW-64c4db6df1f6ea7e,APTnotes,087669c7b51f9c71dd542c186b06dfdb5631fc66bc18f6ad9f9919b9fc2c1f4a,CONTENT_ELIGIBLE,4064,26,1,"[""APTnotes""]","[""RAW-64c4db6df1f6ea7e""]",SINGLETON,False,True
CANON-82d6547ff56ef614,82d6547ff56ef614228be3f81bdd97d0af92cec4ac01e369458476f2bbaf5089,2,RAW-29a994ac5ad4ea0f,APT_CyberCriminal_Campagin_Collections,80a33d6089bee074147a66e30aee5c3e5f9a5312b9b979c56a074c3407e2b21a,CONTENT_ELIGIBLE,2220,14,2,"[""APT_CyberCriminal_Campagin_Collections"",""APTnotes""]","[""RAW-29a994ac5ad4ea0f"",""RAW-d26543cf556dcdf8""]",EXACT_BINARY,True,True
CANON-82f860f22e9cab1f,82f860f22e9cab1f23b2915a71dbd17d57a6b49e59c60b900ccb8e36e665d8c8,1,RAW-e6412017e10c1d44,APT_CyberCriminal_Campagin_Collections,7a58326a60c2c585803ac26f0bf8364ed49779bf0b772f122e035a83eb53ea3e,CONTENT_ELIGIBLE,2794,26,1,"[""APT_CyberCriminal_Campagin_Collections""]","[""RAW-e6412017e10c1d44""]",SINGLETON,False,True
CANON-831b3fb13b53b29c,831b3fb13b53b29c99e19b20f6c400d6ed254390abda4d68d80d3ea66ad33a0c,1,RAW-9cab9fdc779faa94,APT_CyberCriminal_Campagin_Collections,5249b919dd49bd35cc8a1e6b4d7f4f141ddac27d2978c4f9211c091c1a807be5,CONTENT_ELIGIBLE,3309,16,1,"[""APT_CyberCriminal_Campagin_Collections""]","[""RAW-9cab9fdc779faa94""]",SINGLETON,False,True
CANON-8322b3e99c47690c,8322b3e99c47690c6c7b6d29e2e13a586b55abbcbceb76587c97b963911a4537,1,RAW-2588d203de085fdd,APTnotes,869bd259cb2e5f9bce34e586a9fa8355cf99d8a11cc1c2536c386bc26223460f,CONTENT_ELIGIBLE,3876,13,1,"[""APTnotes""]","[""RAW-2588d203de085fdd""]",SINGLETON,False,True
CANON-832fe2be887c78c1,832fe2be887c78c1c76035a194ef4f146fd282ce4e6a99042f10e637bf4a994c,1,RAW-9f66a3e94f955b34,APT_CyberCriminal_Campagin_Collections,d5c970c4c87ee961a74da248a4b67c9a115deccb58181732d401160f76e1126b,CONTENT_ELIGIBLE,2538,11,1,"[""APT_CyberCriminal_Campagin_Collections""]","[""RAW-9f66a3e94f955b34""]",SINGLETON,False,True
CANON-833047b08657f958,833047b08657f9580696e83585dc15d11d2d82e5c77988d356954c738ec16488,1,RAW-4e395680fc62acc5,APT_CyberCriminal_Campagin_Collections,0d2906e7acf040c5fdd20e49566526fa338a239b6ef3ac355066a1d8c2467532,CONTENT_ELIGIBLE,2898,31,1,"[""APT_CyberCriminal_Campagin_Collections""]","[""RAW-4e395680fc62acc5""]",SINGLETON,False,False
CANON-8365c3b3c4d7405b,8365c3b3c4d7405b854d15b0ddd827ae4b9a0abdc32ba815627fcfe20c8d36d9,1,RAW-afe812f145487237,APT_CyberCriminal_Campagin_Collections,9d2ffb9dfffa251a76867c20c48004bd2180502adb6ccb4084b11ccd5e8f5c50,CONTENT_ELIGIBLE,1877,22,1,"[""APT_CyberCriminal_Campagin_Collections""]","[""RAW-afe812f145487237""]",SINGLETON,False,False
CANON-83a716d669171735,83a716d6691717354173bad194161df86cebaa9a6205ac3bd2c4569207251a82,2,RAW-1c7532defd0d628c,APTnotes,f339ece75296f4854d50601b6da57eb9fd0050afd4af28784d4178d264275b15,CONTENT_ELIGIBLE,7452,34,2,"[""APT_CyberCriminal_Campagin_Collections"",""APTnotes""]","[""RAW-1c7532defd0d628c"",""RAW-68f414d751cc5167""]",EXACT_BINARY,True,True
CANON-83c46716acc0357b,83c46716acc0357b5b1945d24af11ec1c447b290083693bdf5f5f2edbab9221e,1,RAW-a31930c6f95c4cf9,APT_CyberCriminal_Campagin_Collections,f801a15cbed408b04c34fb53464e73529a9dc4931de1f4afb2f1404b64bf458e,CONTENT_ELIGIBLE,2694,9,1,"[""APT_CyberCriminal_Campagin_Collections""]","[""RAW-a31930c6f95c4cf9""]",SINGLETON,False,True
CANON-83f50b37da536546,83f50b37da536546a3f46ef36dc38d59e1408a677cc44041f63eed775a4a1e89,2,RAW-f151b3a00283c3a4,APT_CyberCriminal_Campagin_Collections,501c1535078b7c7e6152e6a7726442edc781978aa6bf4deef3d99916bd392e72,CONTENT_ELIGIBLE,3187,17,2,"[""APT_CyberCriminal_Campagin_Collections"",""APTnotes""]","[""RAW-f151b3a00283c3a4"",""RAW-fc73c891c4d3594e""]",EXACT_BINARY,True,True
CANON-83fe2609899a13a3,83fe2609899a13a36c51b2e9fdd8a23408fdcba672316ad3b4b8ced62df31c26,1,RAW-11360b7da03dec65,APT_CyberCriminal_Campagin_Collections,2cbe7929573d8c98471e32e0064e304defad77b08b6b60c41777058b5f937643,CONTENT_ELIGIBLE,1996,10,1,"[""APT_CyberCriminal_Campagin_Collections""]","[""RAW-11360b7da03dec65""]",SINGLETON,False,True
CANON-84118d9a8917fc75,84118d9a8917fc754028d32903986e69aa2e67bd46f0e2952f4211bebe4592de,1,RAW-78f07be882d7a30e,APT_CyberCriminal_Campagin_Collections,994abe2bb599f62ba9f649b641e0606769540be63da83961d7c3fa100899bb9f,CONTENT_ELIGIBLE,1776,5,1,"[""APT_CyberCriminal_Campagin_Collections""]","[""RAW-78f07be882d7a30e""]",SINGLETON,False,True
CANON-841e1efe535060b3,841e1efe535060b36739798765ff0ef2a8b70cc8e000cfc17ccf8ff18fabd62f,1,RAW-c1a8eab2b2b788de,APTnotes,a4cee801cde0a7259554ac6c1efd339c71db1869a982dd2f2977d480ebab1cc1,CONTENT_ELIGIBLE,1629,11,1,"[""APTnotes""]","[""RAW-c1a8eab2b2b788de""]",SINGLETON,False,True
CANON-8443027c05864a3a,8443027c05864a3a7890f21d9841df0f774b8eff4ea561373768c6b8c352e54c,1,RAW-b35999d996d9940a,APT_CyberCriminal_Campagin_Collections,4e5b720d25ddcc94b0cab0fa7826e907c5d767f29e7df4e02c635720935fcefa,CONTENT_ELIGIBLE,2129,11,1,"[""APT_CyberCriminal_Campagin_Collections""]","[""RAW-b35999d996d9940a""]",SINGLETON,False,True
CANON-844e2d430cc3c381,844e2d430cc3c381027d5e8d0c2974318ee1e97d469e7f5e6c2390742ce152ac,1,RAW-8cdf121d2e3ea5d2,APT_CyberCriminal_Campagin_Collections,8115c4bff9ce0000e757286559737e330efc3f22d760a6c8e6714ae89f229e1b,CONTENT_ELIGIBLE,6300,28,1,"[""APT_CyberCriminal_Campagin_Collections""]","[""RAW-8cdf121d2e3ea5d2""]",SINGLETON,False,True
CANON-846c87bf54d17992,846c87bf54d179923ed01c4ca04f6ebe3c10b5268f24ffe249d301fd30b4819c,1,RAW-da46dec0af311d9f,APTnotes,a9956d482738b144c3cb3ec6a0583033b50714f3e73acf2b4ac4355518f60a46,CONTENT_ELIGIBLE,1820,7,1,"[""APTnotes""]","[""RAW-da46dec0af311d9f""]",SINGLETON,False,True
CANON-84aa5807df1481cc,84aa5807df1481cc9bafafe18a5b61a412ebd7da61962c93237d04ab43f8197d,2,RAW-8b3f76f549478311,APT_CyberCriminal_Campagin_Collections,a12acb2ef3a3b74aec694d618ad92cf6b1bfe609940b55fc94a63568d39a4533,CONTENT_ELIGIBLE,13236,64,2,"[""APT_CyberCriminal_Campagin_Collections"",""APTnotes""]","[""RAW-8b3f76f549478311"",""RAW-e63d994c981e6a41""]",EXACT_BINARY,True,True
CANON-84ae9b3e85208a83,84ae9b3e85208a83043eecb14167faa2592c7fab7048bb25079a2fb66ebb69c9,2,RAW-147137a56b7a796a,APT_CyberCriminal_Campagin_Collections,7e39704a741c47a9f405f0abd1309c0cc1638864b8bbc9686bdf4054c4439429,CONTENT_ELIGIBLE,1830,25,2,"[""APT_CyberCriminal_Campagin_Collections"",""APTnotes""]","[""RAW-147137a56b7a796a"",""RAW-8c69ef67a935baf4""]",EXACT_BINARY,True,True
CANON-84fbbaee25b97267,84fbbaee25b97267281023454b49897a3704651b5781e4389dee95d1908b67f7,1,RAW-37ca151e3bc2cf69,APT_CyberCriminal_Campagin_Collections,d9f697a7555d49350de5e5a379da54fc71d0f531dd0f29f66edc88d5979d733a,CONTENT_ELIGIBLE,1834,11,1,"[""APT_CyberCriminal_Campagin_Collections""]","[""RAW-37ca151e3bc2cf69""]",SINGLETON,False,False
CANON-85004d00c78a0ca5,85004d00c78a0ca5f6e42179f49ff47b3bca27d449d82caa9305caddef7c0feb,1,RAW-23422b33bfce979c,APT_CyberCriminal_Campagin_Collections,c1bb50d26cd51fbc9640f88303d964a5cca4d22c353c0a3b64457f3b84744113,CONTENT_ELIGIBLE,2736,21,1,"[""APT_CyberCriminal_Campagin_Collections""]","[""RAW-23422b33bfce979c""]",SINGLETON,False,True
CANON-852028cf0730311c,852028cf0730311c78847166c54364397672af90dbcf15e721b4ce74fef81016,1,RAW-e20336f653c90bc3,APT_CyberCriminal_Campagin_Collections,0669f6a41ec18283cd6f8c3aff8911c00706885b39f27b0d175b7175495300dd,CONTENT_ELIGIBLE,10336,52,1,"[""APT_CyberCriminal_Campagin_Collections""]","[""RAW-e20336f653c90bc3""]",SINGLETON,False,True
CANON-854325874f37d9c2,854325874f37d9c2962833f4f1c87d251efaa1267504f56c25ce4f090ae6e9c9,2,RAW-bf88e730320d1632,APTnotes,6c21624c7c8f6836063d897bd29e0200cfc9fac103bff6261fade1ef2bbead0c,CONTENT_ELIGIBLE,4203,19,2,"[""APT_CyberCriminal_Campagin_Collections"",""APTnotes""]","[""RAW-bf88e730320d1632"",""RAW-cc04dfbe64da97b3""]",EXACT_BINARY,True,True
CANON-856f67cc62f90c8e,856f67cc62f90c8ed643e04d2f216654cad023f7fa229db1c1b971074e8bd288,1,RAW-dc2f70dd035a6328,APT_CyberCriminal_Campagin_Collections,b368f3f99081cb200416891d783ad56d152ebb82bc025e9e9d5769a3e7c74232,CONTENT_ELIGIBLE,2071,14,1,"[""APT_CyberCriminal_Campagin_Collections""]","[""RAW-dc2f70dd035a6328""]",SINGLETON,False,True
CANON-858d6e7056006d0f,858d6e7056006d0f84b53901db31ab35d2b4fc2965b7dffd29922445dec18c30,1,RAW-16bf4574460e98af,APT_CyberCriminal_Campagin_Collections,8cffd0355e260dd1ee25bd2f3adb2fead7d441d15e33765998bb23ad1f68f89d,CONTENT_ELIGIBLE,2300,11,1,"[""APT_CyberCriminal_Campagin_Collections""]","[""RAW-16bf4574460e98af""]",SINGLETON,False,True
CANON-8599d327d62431f4,8599d327d62431f4b874bd5f576510aaa3759dd471200e1531cf25ac0ea9c091,1,RAW-29798bdcc280c868,APT_CyberCriminal_Campagin_Collections,8c88fd8f3d15a715c5f7a605e76a4cb514b0970f699871bf683616cd1acbc415,CONTENT_ELIGIBLE,4208,10,1,"[""APT_CyberCriminal_Campagin_Collections""]","[""RAW-29798bdcc280c868""]",SINGLETON,False,True
CANON-8599e324945b4d2d,8599e324945b4d2d4a158efab8b46338b5b9c8234c5013508fa703c4e216a7a1,1,RAW-2e4852277b54c9d8,APT_CyberCriminal_Campagin_Collections,c864a3748b390272c62a95e260e7e41008c20c094d87ad04230da52d02d8bb80,CONTENT_ELIGIBLE,11043,35,1,"[""APT_CyberCriminal_Campagin_Collections""]","[""RAW-2e4852277b54c9d8""]",SINGLETON,False,True
CANON-85f888aac6ca58b2,85f888aac6ca58b25ce8fb72493dbf9d98f7edf5a456dcf304fed41126762e28,1,RAW-88eabf674b8a55cc,APT_CyberCriminal_Campagin_Collections,9e790ddc6118802ae2dc164ebb21e27b6841a0cf8f49c343abcea9bc0cd9753d,CONTENT_ELIGIBLE,2394,18,1,"[""APT_CyberCriminal_Campagin_Collections""]","[""RAW-88eabf674b8a55cc""]",SINGLETON,False,True
CANON-860e18616c515e71,860e18616c515e71ae39ef71f5a874cded264202d72156760d36463e89905288,1,RAW-5a47b9b563ea051b,APT_CyberCriminal_Campagin_Collections,440ebe3877db2f3f3aef6379c15fcdecd699c7f00d532216d5caac06eac4e2a5,CONTENT_ELIGIBLE,4793,24,1,"[""APT_CyberCriminal_Campagin_Collections""]","[""RAW-5a47b9b563ea051b""]",SINGLETON,False,False
CANON-86141e354003e39c,86141e354003e39c01017a1de2f2cddf3005183bd459e9d4979f40a4dd93218f,1,RAW-58dfa518dab26dd2,APT_CyberCriminal_Campagin_Collections,c1e4612affab7168cd44cb4be5da76c721e62c53e7f82b6639255c973b14bd77,CONTENT_ELIGIBLE,1772,10,1,"[""APT_CyberCriminal_Campagin_Collections""]","[""RAW-58dfa518dab26dd2""]",SINGLETON,False,True
CANON-86184a2738a3a27f,86184a2738a3a27f3a8f53a6aa989ed1737166b1fc651410040a4364214159fc,1,RAW-99765f7fb34c86a7,APTnotes,a6549b140273412c6043d549328cb501b948cc8fd830df8b31defd3f7d5b1e53,CONTENT_ELIGIBLE,3054,22,1,"[""APTnotes""]","[""RAW-99765f7fb34c86a7""]",SINGLETON,False,True
CANON-8623d9618772ee36,8623d9618772ee36c3dbcb80aea1a21cebdbcb7c5346ebc567751cd68f2087f4,1,RAW-814b35b47911bd96,APT_CyberCriminal_Campagin_Collections,7ddccc0ef564d347df32291fba2d555d39c225a693252fa073e876099e87cda0,CONTENT_ELIGIBLE,2050,11,1,"[""APT_CyberCriminal_Campagin_Collections""]","[""RAW-814b35b47911bd96""]",SINGLETON,False,True
CANON-8629386d0068a155,8629386d0068a155dd1fc3885da2333ba481f901a9d887b146fdcbf05833bbb5,1,RAW-48cd08930c9d7231,APTnotes,8dde659048cdbac57c566f88ea89fdacf8cabcb2521b0be7872ff058701e83d4,CONTENT_ELIGIBLE,771,3,1,"[""APTnotes""]","[""RAW-48cd08930c9d7231""]",SINGLETON,False,True
CANON-8639b63a1b9cfe85,8639b63a1b9cfe85ffc15cea9061acf9ce2d0585c8eac85b1c2a9d51f7d8b680,1,RAW-5531242ab28ef790,APTnotes,982523e4d3ea03d3e507bd1c733dc795411c04b6c39b21e3be32e22dc1029863,CONTENT_ELIGIBLE,3642,13,1,"[""APTnotes""]","[""RAW-5531242ab28ef790""]",SINGLETON,False,True
CANON-8658ed1f959cd0ad,8658ed1f959cd0ad8e4b6fd1227b347652ea4b5de61809d25ee65b90cae9f1c7,1,RAW-28180366856eb868,APT_CyberCriminal_Campagin_Collections,e0a6f3fa5777abd98b7d691975d0cbc90d99b26f6c7aa2dc98c72657fbc6271b,CONTENT_ELIGIBLE,1720,13,1,"[""APT_CyberCriminal_Campagin_Collections""]","[""RAW-28180366856eb868""]",SINGLETON,False,True
CANON-86a8bf00782a58e9,86a8bf00782a58e90fb876160136c02b464c925d5436f0216c07b6ee3beb0299,1,RAW-8f99f8b90a6ecb93,APTnotes,e5fcb56f9272ba0494204e69c01abead4b2c925c3b0179df1ef5d85e197fce73,CONTENT_ELIGIBLE,1702,14,1,"[""APTnotes""]","[""RAW-8f99f8b90a6ecb93""]",SINGLETON,False,True
CANON-86c3f766265d58c4,86c3f766265d58c4b8b89d6f426580e24212775ff3212f7a738e4256be3aaf8b,1,RAW-be3ae1826a9d2cd2,APT_CyberCriminal_Campagin_Collections,5d3ee541461bf54e1ffae8ef13a4e54f75c46cbfc5ba8acf9946858fe8ff960f,CONTENT_ELIGIBLE,1475,9,1,"[""APT_CyberCriminal_Campagin_Collections""]","[""RAW-be3ae1826a9d2cd2""]",SINGLETON,False,True
CANON-86c7579520b2e919,86c7579520b2e9194c828b2c942be6785275bf5ef418d786055b6560e15fce6b,1,RAW-9da6002d181771dd,APT_CyberCriminal_Campagin_Collections,cd1cc980fab53ff1aae94212978c56a255947eed1a03d62794b8001d1b102dbd,CONTENT_ELIGIBLE,1081,8,1,"[""APT_CyberCriminal_Campagin_Collections""]","[""RAW-9da6002d181771dd""]",SINGLETON,False,True
CANON-86dba0696d01ef0b,86dba0696d01ef0b49f997812e6ff120b467b160f3df54d7d4270a541756396c,1,RAW-af0119e29b63e6f9,APT_CyberCriminal_Campagin_Collections,a491c1a7f6935153f7afff51e1d4f70835d2d238c5d27782fc2dce0b0e5f1662,CONTENT_ELIGIBLE,1240,9,1,"[""APT_CyberCriminal_Campagin_Collections""]","[""RAW-af0119e29b63e6f9""]",SINGLETON,False,False
CANON-86e036010b2a66eb,86e036010b2a66eb2613ae559eac281b8bb536e4ee9705d075057e662790b9a0,1,RAW-6b268653e97631c4,APT_CyberCriminal_Campagin_Collections,34b5317d04338f5d954a645e678edda2c8e39d5ad008d9e873c57bf9dbe64151,CONTENT_ELIGIBLE,5284,24,1,"[""APT_CyberCriminal_Campagin_Collections""]","[""RAW-6b268653e97631c4""]",SINGLETON,False,True
CANON-8717492425d660bc,8717492425d660bcc1fbba29e83b603baa9390e41e88b673c2a3c55dbcfe368d,1,RAW-78c922fd0f3dc118,APTnotes,801725f10ccc01a20ea6345c54fc4e8db9b674f118e0be58e5336c93ceb91b6d,CONTENT_ELIGIBLE,1770,6,1,"[""APTnotes""]","[""RAW-78c922fd0f3dc118""]",SINGLETON,False,True
CANON-8758b15f0a890c5c,8758b15f0a890c5c7f893f3fe90a8011de89a6ee6f4a934b35096658a455af45,1,RAW-9c984a4e86e9c4c8,APT_CyberCriminal_Campagin_Collections,35db46c6056a710a8351709d3f0420c32ab3e9f6d38d961099c022f90f53761e,CONTENT_ELIGIBLE,2846,9,1,"[""APT_CyberCriminal_Campagin_Collections""]","[""RAW-9c984a4e86e9c4c8""]",SINGLETON,False,False
CANON-875c381e4202efa8,875c381e4202efa82d4d3a8ef678accf945fd925ef6355d3d8437a6c2f291605,1,RAW-54d24679e1f71665,APT_CyberCriminal_Campagin_Collections,7018a8fad8cd8cb91ff1829a986874927b6f404ebed5f0f5b46090e1808f3031,CONTENT_ELIGIBLE,3799,10,1,"[""APT_CyberCriminal_Campagin_Collections""]","[""RAW-54d24679e1f71665""]",SINGLETON,False,True
CANON-877878e4421f881f,877878e4421f881fca14815c311643a5c5feda98b422591a587580dc45def7d2,1,RAW-e9745a0eba4a2613,APT_CyberCriminal_Campagin_Collections,238940a16ee9b73730598455d2d86a54dd0a7f8582a995863d78742260faf1db,CONTENT_ELIGIBLE,20169,85,1,"[""APT_CyberCriminal_Campagin_Collections""]","[""RAW-e9745a0eba4a2613""]",SINGLETON,False,True
CANON-878f59927f883bfe,878f59927f883bfe8ea4eeb2359c59ee980b693472b4be9f2eb461546764b9e4,1,RAW-429048b91947bf9f,APTnotes,bc205b796f426b61ec4ffc954417dd787af4764bb21426d3e40096118ae4a1cf,CONTENT_ELIGIBLE,372,4,1,"[""APTnotes""]","[""RAW-429048b91947bf9f""]",SINGLETON,False,False
CANON-87d1576d8b76278f,87d1576d8b76278fd51c771a5454e953d7d562d61f490c0c79e1a9d9a454c3b1,2,RAW-32f2d343d5c84fe9,APTnotes,841a01a22501c4be6551f533f70954dc463b54a922804442a50ee352d3c1961d,CONTENT_ELIGIBLE,10999,65,2,"[""APT_CyberCriminal_Campagin_Collections"",""APTnotes""]","[""RAW-32f2d343d5c84fe9"",""RAW-fda88f355c71bda1""]",EXACT_BINARY,True,True
CANON-87e063a78a80119a,87e063a78a80119a79a2a08470a592d11d23ce828be697b60e69085dec5ce98c,1,RAW-f95c5146343694f8,APTnotes,f1bfc6a98e54c5669b9f033375752656626d30bd7042f5827a35f41b70e33074,CONTENT_ELIGIBLE,5019,21,1,"[""APTnotes""]","[""RAW-f95c5146343694f8""]",SINGLETON,False,True
CANON-8823838f96a04e78,8823838f96a04e780bccaea2300c92235a231a1002b101c01998d5849754f8a1,1,RAW-65348c53a991ca01,APT_CyberCriminal_Campagin_Collections,77afac8683da3ddb165d89f31cb7799f78c18c9b5559d32ee94bc03e858f9fb3,CONTENT_ELIGIBLE,2410,14,1,"[""APT_CyberCriminal_Campagin_Collections""]","[""RAW-65348c53a991ca01""]",SINGLETON,False,False
CANON-884acf4a8d027adb,884acf4a8d027adb82feba29ea63c03105a5d9a8be81367a8795ea9eaa17b6d2,1,RAW-f76862349ff185a5,APT_CyberCriminal_Campagin_Collections,79b5bf0a65ebee5102255a3edc665a19318d129ab412266cf5345a12158ccd7e,CONTENT_ELIGIBLE,2376,19,1,"[""APT_CyberCriminal_Campagin_Collections""]","[""RAW-f76862349ff185a5""]",SINGLETON,False,True
CANON-8881fbae9e24024b,8881fbae9e24024bbd9f03fbaf34f5ca64801de0f72cf27fd0f9fa5128484e81,1,RAW-fbeb581d8f50790c,APT_CyberCriminal_Campagin_Collections,dd791e9bb7bfc78d4cb94779c4f10e1c11120b018259cccb13f7a080a865db68,CONTENT_ELIGIBLE,4802,23,1,"[""APT_CyberCriminal_Campagin_Collections""]","[""RAW-fbeb581d8f50790c""]",SINGLETON,False,True
CANON-88a91ae73804b90a,88a91ae73804b90acfb2fbc25830e765c808387a3da794d8dcf2275006ae5c7b,1,RAW-f3677dbab9a2755d,APT_CyberCriminal_Campagin_Collections,5d2ff22389cfa28cae5095ca5e2dbb15b7d83362f22dba36b3c8f4471bafa33a,CONTENT_ELIGIBLE,655,2,1,"[""APT_CyberCriminal_Campagin_Collections""]","[""RAW-f3677dbab9a2755d""]",SINGLETON,False,True
CANON-88ead4e9ddfd2fbf,88ead4e9ddfd2fbf874e62d3659fe12bb8963cc4993e02dfb300acc4e74f909c,1,RAW-7f9d604824564489,APT_CyberCriminal_Campagin_Collections,640b98544f1dfa6b4ee1f5841d77700d2f6926bda78212d03265f25664760ff1,CONTENT_ELIGIBLE,4913,9,1,"[""APT_CyberCriminal_Campagin_Collections""]","[""RAW-7f9d604824564489""]",SINGLETON,False,True
CANON-8914f230763e3488,8914f230763e34884975b4a9b119afd6306bff5246ae35e0d16b2e55a5a26096,1,RAW-c0241d966a98a60b,APT_CyberCriminal_Campagin_Collections,479d42b197787b191c832cee87b20dc402c6abbc9f14f0146fcdb50d5e1e4c13,CONTENT_ELIGIBLE,13478,45,1,"[""APT_CyberCriminal_Campagin_Collections""]","[""RAW-c0241d966a98a60b""]",SINGLETON,False,True
CANON-8917efd5558dda6a,8917efd5558dda6aae2b18249ae6ac3ba1e922f20fff7b6f797b6ca4dde787dc,1,RAW-3b8be7accb596cf8,APT_CyberCriminal_Campagin_Collections,48c30c4ad83015fb9095e430212b8e47fadb2d36202e79031576d6fc1e0a9610,CONTENT_ELIGIBLE,3985,16,1,"[""APT_CyberCriminal_Campagin_Collections""]","[""RAW-3b8be7accb596cf8""]",SINGLETON,False,True
CANON-894100118e2aab42,894100118e2aab42421764453c27012598d78541b6f3ba0d1f573d900bf50638,1,RAW-d3c46d983700b979,APT_CyberCriminal_Campagin_Collections,80d5b9ad905b29ed7c8f7323d2f8bb3c49203ad40246ac742b8faf1f060c97dc,CONTENT_ELIGIBLE,3753,38,1,"[""APT_CyberCriminal_Campagin_Collections""]","[""RAW-d3c46d983700b979""]",SINGLETON,False,True
CANON-8952d860d53e7754,8952d860d53e7754318b0ce06fbec759c12018385d20c42ad578fd80f5c05f56,2,RAW-773ae6496372fcde,APT_CyberCriminal_Campagin_Collections,c83c4090af8963338b764daa8ae6c722b81052df3ab3d958ef827866c147b5de,CONTENT_ELIGIBLE,27011,81,2,"[""APT_CyberCriminal_Campagin_Collections"",""APTnotes""]","[""RAW-773ae6496372fcde"",""RAW-783cabd800dea561""]",EXACT_BINARY,True,True
CANON-897297c6f18f550a,897297c6f18f550ac82538cf172c39ef86de67192d5ff465cb0d0aa7280b8fe9,2,RAW-7f408ef0ad989783,APT_CyberCriminal_Campagin_Collections,ac12ffa9c69835bbc860d8ca0e966b35b7df2a8747b23a437a5c6c787ee8e1f9,CONTENT_ELIGIBLE,4644,23,2,"[""APT_CyberCriminal_Campagin_Collections"",""APTnotes""]","[""RAW-7f408ef0ad989783"",""RAW-92feb679bc98f712""]",EXACT_BINARY,True,True
CANON-89745f08b6fd3b84,89745f08b6fd3b84b28913d70b7970e2891c4293fdf6bcf1138f6cc5f51dbc00,1,RAW-debc68259d040886,APT_CyberCriminal_Campagin_Collections,40c7e59a6407af8525d993e1847978713d80de017a72cfb43583006ba1972ada,CONTENT_ELIGIBLE,2184,13,1,"[""APT_CyberCriminal_Campagin_Collections""]","[""RAW-debc68259d040886""]",SINGLETON,False,True
CANON-897cb7574ab3e0db,897cb7574ab3e0dba1391b2dc051eca06eefc1c23b90419e3085ad491ea4beb9,1,RAW-f923043b21e81e94,APT_CyberCriminal_Campagin_Collections,65a8d6cc57b36d6912bf50c2420ea29e6a3a1045891b248268ddd19e20d6572f,CONTENT_ELIGIBLE,1241,6,1,"[""APT_CyberCriminal_Campagin_Collections""]","[""RAW-f923043b21e81e94""]",SINGLETON,False,True
CANON-89b05d3f8d072acf,89b05d3f8d072acfa4a669c9d8016e83b43fa3a02a421565d33da992132e5c39,2,RAW-308789353b702fef,APT_CyberCriminal_Campagin_Collections,fed2065096cd635afb710ef6a19faca15efed77df09d0094fdb107f1effcb0a3,CONTENT_ELIGIBLE,4097,25,2,"[""APT_CyberCriminal_Campagin_Collections"",""APTnotes""]","[""RAW-308789353b702fef"",""RAW-cb8f9a20c01c6274""]",EXACT_BINARY,True,True
CANON-89ce856e38542b0b,89ce856e38542b0bd7832c1fb7819ef08ade1164e6fce96a9fd2a09d49a25d52,1,RAW-a8ab64a23218465d,APTnotes,481e43c81cc43c508db91a6cb020200f1b0e9107595b295476dce7a508223658,CONTENT_ELIGIBLE,1633,7,1,"[""APTnotes""]","[""RAW-a8ab64a23218465d""]",SINGLETON,False,True
CANON-89f1ff2f99936194,89f1ff2f99936194e184ea3e69011d068e6e443a4b371e89f3da71618e43f980,1,RAW-ed3c0e71e87d338a,APT_CyberCriminal_Campagin_Collections,b7597e3ac48d0dfd0ae9217da83da47c2b5120f5079e3c7b8717850be5a0f41f,CONTENT_ELIGIBLE,563,3,1,"[""APT_CyberCriminal_Campagin_Collections""]","[""RAW-ed3c0e71e87d338a""]",SINGLETON,False,True
CANON-8aa08a122c207edd,8aa08a122c207edddbdebde729780f28441523483cd12fa263e193374400fb43,1,RAW-060daf30b1d8304d,APTnotes,2b375e4ae6fcb3043c2221946781c1c78c57b27e2bbcbb9c3bff3a3af6b68e86,CONTENT_ELIGIBLE,5821,16,1,"[""APTnotes""]","[""RAW-060daf30b1d8304d""]",SINGLETON,False,True
CANON-8aac5b1e01b2ad62,8aac5b1e01b2ad626b98e43a6f516d7ee82cc69f320e3491d15ec0066dff4306,1,RAW-d8860b999edb652d,APT_CyberCriminal_Campagin_Collections,400cbebc7aac8dcb2c80fc5b371069e17a957ef505ceeb6f9a94593790583c75,CONTENT_ELIGIBLE,7844,36,1,"[""APT_CyberCriminal_Campagin_Collections""]","[""RAW-d8860b999edb652d""]",SINGLETON,False,True
CANON-8b284a82d3c159b4,8b284a82d3c159b4512fef8774ab52d9316c1a1ba2c9e37113f719b5fc8fa59b,1,RAW-614bca83454e4015,APT_CyberCriminal_Campagin_Collections,cd3e8895b80a107eab6de25a530b72bf173ed400c29aca9b6d8d4974373bde78,CONTENT_ELIGIBLE,5013,24,1,"[""APT_CyberCriminal_Campagin_Collections""]","[""RAW-614bca83454e4015""]",SINGLETON,False,True
CANON-8b2c778f7e9cd0bb,8b2c778f7e9cd0bbd696c31c15f2bdd3712a68c214e43f78114de83ed11d74b6,1,RAW-f5d61a6de798e8ea,APT_CyberCriminal_Campagin_Collections,e6652e02ad46b3361eb0d84d91d08b15d0f3980122265231bf35e796c3c0d00d,CONTENT_ELIGIBLE,3422,19,1,"[""APT_CyberCriminal_Campagin_Collections""]","[""RAW-f5d61a6de798e8ea""]",SINGLETON,False,True
CANON-8b3e60aa0948a52d,8b3e60aa0948a52d7d3a86298cbee8456930cbc57ff1f273e131d2bd5cfb1a57,1,RAW-e7766b874a1d6a53,APT_CyberCriminal_Campagin_Collections,8911b5a3fba41ef58052634560a1a09e6bbf3d676cba0bec68fa8aa91ed0ce13,CONTENT_ELIGIBLE,267,11,1,"[""APT_CyberCriminal_Campagin_Collections""]","[""RAW-e7766b874a1d6a53""]",SINGLETON,False,False
CANON-8b470ce3b066f3f2,8b470ce3b066f3f28e48ac83c020a2cecac9e2505b5a31bc67733ec38b653cbb,2,RAW-4f8ce36db4feff62,APTnotes,83a949cee3d61a95329435bd56221a280a61278785df27ac485b496352a053dd,CONTENT_ELIGIBLE,1084,10,2,"[""APT_CyberCriminal_Campagin_Collections"",""APTnotes""]","[""RAW-4f8ce36db4feff62"",""RAW-90713ac0747eb374""]",EXACT_BINARY,True,True
CANON-8b6b77da07ac4d07,8b6b77da07ac4d07bb0c52128b1da640d11c8f0ad5d92248df6566e45934ac76,1,RAW-36d5e9aa4831675b,APT_CyberCriminal_Campagin_Collections,e271062c9194aa87d27409c437abd5848988e19b1c9c19e8f1a8d93fa0560bdd,CONTENT_ELIGIBLE,382,3,1,"[""APT_CyberCriminal_Campagin_Collections""]","[""RAW-36d5e9aa4831675b""]",SINGLETON,False,False
CANON-8b6e070985b3b680,8b6e070985b3b68030c41773f87a4cef361c1872b15b1fc46336a562e62c5fe7,1,RAW-27d3c894c2ea3c1a,APT_CyberCriminal_Campagin_Collections,4aa8ed16cb6965c7542160d33772993613506d9fe90f19b95ffcb390d093bf4e,CONTENT_ELIGIBLE,426,11,1,"[""APT_CyberCriminal_Campagin_Collections""]","[""RAW-27d3c894c2ea3c1a""]",SINGLETON,False,True
CANON-8bdc83f72038bf90,8bdc83f72038bf901a71d2d882f3d1dc5d54d5c3b7bb33a0459d95d3134f193e,1,RAW-a315f1b5ecdd2a30,APT_CyberCriminal_Campagin_Collections,0731dfb28e72d0ae7ad8012ebc7f5d7bb82ec560ef8ae53a48272f3595d972c2,NO_RECONSTRUCTED_TEXT,0,36,1,"[""APT_CyberCriminal_Campagin_Collections""]","[""RAW-a315f1b5ecdd2a30""]",SINGLETON,False,False
CANON-8c4ae347e50b7ad8,8c4ae347e50b7ad8123a1160077d45e48a310e0c3b19f850272512227767fda6,1,RAW-02eb3d45b1998e50,APT_CyberCriminal_Campagin_Collections,598932442d092bf183a16a2b7392fabe4d66e70dce40a0a21b34138a733dd6a0,CONTENT_ELIGIBLE,2356,17,1,"[""APT_CyberCriminal_Campagin_Collections""]","[""RAW-02eb3d45b1998e50""]",SINGLETON,False,True
CANON-8c4ef555e4a1235b,8c4ef555e4a1235be37545ad4c829fe3ceb01402e5735ee03f6b23ade28fc80b,1,RAW-d9312a7e7fc8fbe4,APT_CyberCriminal_Campagin_Collections,df993795128c1d4bfb486f36e1012459f393ea525403ae4aacacfc194700c05a,CONTENT_ELIGIBLE,1978,10,1,"[""APT_CyberCriminal_Campagin_Collections""]","[""RAW-d9312a7e7fc8fbe4""]",SINGLETON,False,True
CANON-8c93e8dd694e1f80,8c93e8dd694e1f80dfda889f8785191cead2125d2009291177b3a4c6309768dc,1,RAW-713897fb7614a1a3,APT_CyberCriminal_Campagin_Collections,8c80f1b729ae64c17614ad9b18572c39ccc00c0047296ebfb07c346604ab00d1,CONTENT_ELIGIBLE,9089,53,1,"[""APT_CyberCriminal_Campagin_Collections""]","[""RAW-713897fb7614a1a3""]",SINGLETON,False,True
CANON-8cc1cd3b6e8a5e65,8cc1cd3b6e8a5e65439cb3b1aa0154f4547063a5121cc64753554dc8d0061c3c,2,RAW-4ec64244eeacb2d2,APTnotes,42cc7d6c4466e8c0cb654a511c3fb1042a247933f7e09624ac1e051ba7b9e6ae,CONTENT_ELIGIBLE,6574,25,2,"[""APT_CyberCriminal_Campagin_Collections"",""APTnotes""]","[""RAW-4ec64244eeacb2d2"",""RAW-7d402508dfc16867""]",CONTENT_EQUIVALENT,True,True
CANON-8cc65bc110f393cd,8cc65bc110f393cd0c08ae37e40568a2d498f893c817a06dae3f394e8b1eda6d,1,RAW-53bff70b78a88b8d,APT_CyberCriminal_Campagin_Collections,b2d19e1bf2c8b8f47baac99eb3714824a12d81756724d95032ae8bde853a97b5,CONTENT_ELIGIBLE,1955,5,1,"[""APT_CyberCriminal_Campagin_Collections""]","[""RAW-53bff70b78a88b8d""]",SINGLETON,False,True
CANON-8ccda80769fd6622,8ccda80769fd66225d35603820bc5f376d255ccc1690bc5489fda092541562d9,1,RAW-8e527c8cce10b57a,APT_CyberCriminal_Campagin_Collections,46e72d3556cdb7f896d61d70dda29d6e232e39d5ccb7f4b806685e8228abe5bd,CONTENT_ELIGIBLE,3087,18,1,"[""APT_CyberCriminal_Campagin_Collections""]","[""RAW-8e527c8cce10b57a""]",SINGLETON,False,True
CANON-8cf93345b439de18,8cf93345b439de18834251edf5a00d19b09302153b29a519ccb6493fd8976cc6,1,RAW-56879383d7cac1f5,APT_CyberCriminal_Campagin_Collections,6d3d4ae364cd0c2f5d87cd9e5dbc8d69f6db684901b713018cf327cf30427c7a,CONTENT_ELIGIBLE,1678,7,1,"[""APT_CyberCriminal_Campagin_Collections""]","[""RAW-56879383d7cac1f5""]",SINGLETON,False,True
CANON-8d576eb35c39dfa6,8d576eb35c39dfa63ca9fc0175d56e3e8b84c5f73864f45d112cfb0f0a196b5f,1,RAW-073a65e631761cbb,APT_CyberCriminal_Campagin_Collections,0f03d564363e76b7957190fe59084b0e9f17b4a6ce6b0c1d32b7db31400aff23,CONTENT_ELIGIBLE,4371,21,1,"[""APT_CyberCriminal_Campagin_Collections""]","[""RAW-073a65e631761cbb""]",SINGLETON,False,True
CANON-8d64c668b4a94bd0,8d64c668b4a94bd028f98a1ea51f42b04c350e09018857260c1cc7a7bf5a6f7f,1,RAW-9786c263093b9797,APT_CyberCriminal_Campagin_Collections,0e36fd4356fa9bf61e67a16bc25be5a8fc03f4e1b775d0d2e0ba0fcf903dc2b8,CONTENT_ELIGIBLE,3279,11,1,"[""APT_CyberCriminal_Campagin_Collections""]","[""RAW-9786c263093b9797""]",SINGLETON,False,False
CANON-8d8c7fc6041c3b01,8d8c7fc6041c3b01cde307b3a1acc9da3dae342256929ba68166710aa49cc957,1,RAW-0a7a7cce2e638769,APT_CyberCriminal_Campagin_Collections,8c98b2f03b07a9e729253e848326859146edeaa0e1cde2404dd6acc2f346a768,CONTENT_ELIGIBLE,402,4,1,"[""APT_CyberCriminal_Campagin_Collections""]","[""RAW-0a7a7cce2e638769""]",SINGLETON,False,True
CANON-8d8edb6360b2f71d,8d8edb6360b2f71dec9a0a0dd957bb3fcb5ebbaa5610093d16841f76c1289f26,1,RAW-8e6bfab888ae47ae,APT_CyberCriminal_Campagin_Collections,319bc4f3805e055bf6bee10862c951b86a248e5cd4da9dddd09901714032b9e6,CONTENT_ELIGIBLE,10874,41,1,"[""APT_CyberCriminal_Campagin_Collections""]","[""RAW-8e6bfab888ae47ae""]",SINGLETON,False,True
CANON-8dbc368298235136,8dbc36829823513683476beac3aecc8207872c384b6deb88d3befb41f5b2783e,1,RAW-fb3a2b8b4dcdbe75,APTnotes,bff043360f1506aa79870e3750339c50a02edc182dd034f6b3b86e04e5b41e9b,CONTENT_ELIGIBLE,4935,18,1,"[""APTnotes""]","[""RAW-fb3a2b8b4dcdbe75""]",SINGLETON,False,True
CANON-8de829d10e072183,8de829d10e072183c07e57d0271d3d5fe8d471a0a365d6916e1ba93728c80a05,1,RAW-9a417469ca0820c4,APT_CyberCriminal_Campagin_Collections,cb10915f45e3c27ccd203dd3f69aad162802d8db568c9010ee696ff631caa41e,CONTENT_ELIGIBLE,5677,26,1,"[""APT_CyberCriminal_Campagin_Collections""]","[""RAW-9a417469ca0820c4""]",SINGLETON,False,True
CANON-8df4578d0fb76218,8df4578d0fb76218abd0fe6d6c5a03f8aaf489878c85eff18937254ff6979e91,1,RAW-2ba607a194121f74,APTnotes,e2a739081e6e9b05f5de8c5b47c2847f663d7a41fb37d481063fb5577e6ecc41,CONTENT_ELIGIBLE,1483,5,1,"[""APTnotes""]","[""RAW-2ba607a194121f74""]",SINGLETON,False,False
CANON-8dff02ebb1540db1,8dff02ebb1540db148bd31a816a0dee108ff554eef9403fb42034e7ee1ecad64,1,RAW-80f0ac622c69b7e9,APT_CyberCriminal_Campagin_Collections,c8cd3b3b4cf0b27ff5c8c4141aec230e69565960b9489d636f47ea0c86cf0bb8,CONTENT_ELIGIBLE,1557,4,1,"[""APT_CyberCriminal_Campagin_Collections""]","[""RAW-80f0ac622c69b7e9""]",SINGLETON,False,True
CANON-8e6e00fd8b1d44a8,8e6e00fd8b1d44a8a48f8c0f98822dc7ec65e6606b7356b787bf02c46199b9c5,1,RAW-dca91a26ba96c306,APT_CyberCriminal_Campagin_Collections,4e7b333761caf0ff8a29f00ab5dd5368c28dfec9ab938092f6bd42fe51a341ac,CONTENT_ELIGIBLE,1794,8,1,"[""APT_CyberCriminal_Campagin_Collections""]","[""RAW-dca91a26ba96c306""]",SINGLETON,False,True
CANON-8e72e00b2e6b2e70,8e72e00b2e6b2e70d6e4fd3f19999f2fa0e72b774d854c1a21ed783b397dd116,1,RAW-9f7d62d37ec269cc,APT_CyberCriminal_Campagin_Collections,5c78ebb830403385a79fe1a0dd1929eb6d1a5865b73002d1f8355737801ca4ef,CONTENT_ELIGIBLE,2268,8,1,"[""APT_CyberCriminal_Campagin_Collections""]","[""RAW-9f7d62d37ec269cc""]",SINGLETON,False,True
CANON-8e8131067fbca2fa,8e8131067fbca2fa394bbb5316551b4dedd040f52a2fac945471b0ab7feb7123,1,RAW-446f450a3393aae3,APTnotes,dcdb2830dd46ca51e243481505c75f0e4bbea9ba035a91dff7ae91a96056fcb2,NO_RECONSTRUCTED_TEXT,0,13,1,"[""APTnotes""]","[""RAW-446f450a3393aae3""]",SINGLETON,False,False
CANON-8e950781725af7a5,8e950781725af7a5196816db067da528360ee83d6f3b991cfe29c65eb1d847fe,2,RAW-2a02d4ab2d37d089,APTnotes,5f5dcaece1e5e25cc7427c181f9e21fd90c513e94cbd719f9b0197200a637d41,CONTENT_ELIGIBLE,13040,74,2,"[""APT_CyberCriminal_Campagin_Collections"",""APTnotes""]","[""RAW-2a02d4ab2d37d089"",""RAW-df02d5849c27f05c""]",EXACT_BINARY,True,True
CANON-8ea8bfe5f05696b4,8ea8bfe5f05696b4f56d13cc28dc60c2e78c1e6519c6e04752814386f9294a9a,1,RAW-bc9d8e9abad36a0a,APT_CyberCriminal_Campagin_Collections,58a1f8261bec064f5f3552552ba3b18907b7f27dd9f112253e128e48243877ff,CONTENT_ELIGIBLE,1571,7,1,"[""APT_CyberCriminal_Campagin_Collections""]","[""RAW-bc9d8e9abad36a0a""]",SINGLETON,False,True
CANON-8ece5f86472a3b69,8ece5f86472a3b6938477bae06a76d737d43f5190ba9cf9a7683a6c82f086fcd,1,RAW-e67885512281dc2d,APT_CyberCriminal_Campagin_Collections,599a02e5a0bf0b6254c9a55cdc6907e76758cdd59d02a488a7bfd17d248b4e65,CONTENT_ELIGIBLE,1286,5,1,"[""APT_CyberCriminal_Campagin_Collections""]","[""RAW-e67885512281dc2d""]",SINGLETON,False,True
CANON-8f138883f1daf78b,8f138883f1daf78ba98807655c1f87049908a40e044aeef64d7d0a344eb9b9d4,1,RAW-f6682a3f13819900,APT_CyberCriminal_Campagin_Collections,52d8945e4344866481d4d10c006a0e85aac9b5fb422472f1e5e14702aa007108,CONTENT_ELIGIBLE,5323,17,1,"[""APT_CyberCriminal_Campagin_Collections""]","[""RAW-f6682a3f13819900""]",SINGLETON,False,True
CANON-8f1d9cfb3a96f895,8f1d9cfb3a96f895d1314a52d105e0e62a1a1832361de7eb17dfd3d68c79b940,1,RAW-7a765c285a556562,APT_CyberCriminal_Campagin_Collections,a674917f32d847132cd7ab9f4b70795e047a207f6668315c1d1b3e1c5deaca2c,CONTENT_ELIGIBLE,251,2,1,"[""APT_CyberCriminal_Campagin_Collections""]","[""RAW-7a765c285a556562""]",SINGLETON,False,False
CANON-8f52d31b5cd47754,8f52d31b5cd47754c9ce8f025dc1769467e918070cc5c6de8720e3296c53cf6f,1,RAW-f7849cec167ea995,APTnotes,09b090816344add2e62787e20da12c38ad3f93e336b4bff91b4bac8fafbcdf7c,CONTENT_ELIGIBLE,853,9,1,"[""APTnotes""]","[""RAW-f7849cec167ea995""]",SINGLETON,False,True
CANON-8f55c56d57d3837a,8f55c56d57d3837a8ddeaf74bcacefc846ad33ebda317c78ffdcbff4b1864dbd,2,RAW-020af55323b34466,APTnotes,5be64964e87c65135917357903e86581f96c7d7fceaccd4c542601150150064c,CONTENT_ELIGIBLE,4721,28,2,"[""APT_CyberCriminal_Campagin_Collections"",""APTnotes""]","[""RAW-020af55323b34466"",""RAW-ab9532f1c74b92e9""]",EXACT_BINARY,True,True
CANON-8f6ec7ec3ba757b1,8f6ec7ec3ba757b13314745dea77f98a308555e9c6cba898feea12315967e9f5,1,RAW-42fc0f3e65dafa23,APTnotes,55252ff9bf113534fe3b00197e96cb6bab3bf2094bbe21a61e6e8d814fc4b45f,CONTENT_ELIGIBLE,2150,8,1,"[""APTnotes""]","[""RAW-42fc0f3e65dafa23""]",SINGLETON,False,False
CANON-8f952ca55a6cd126,8f952ca55a6cd126bc8a323c280e2530ec19602ad9acfc2e2eefa325a759ad24,1,RAW-c24aa28c26d36a5d,APTnotes,ccb58182dec45096c569b21c20980fb798bb84440035722daebf36fb76d7ba6b,CONTENT_ELIGIBLE,3397,11,1,"[""APTnotes""]","[""RAW-c24aa28c26d36a5d""]",SINGLETON,False,True
CANON-8fcfa97f59c9e13a,8fcfa97f59c9e13ae90ff2bf4e1364764b547174a03cf867be1a9884f564d6e2,1,RAW-feb3c19255a947ce,APT_CyberCriminal_Campagin_Collections,4a25cdb1479e4b47e715960d8c977737d35033c12e2e85430cf425bdaade66e9,CONTENT_ELIGIBLE,4427,28,1,"[""APT_CyberCriminal_Campagin_Collections""]","[""RAW-feb3c19255a947ce""]",SINGLETON,False,True
CANON-8fd1e92725ba17aa,8fd1e92725ba17aa94c90aa2c5cc67c7cdd1587d7718c8c237147717e6c59a6f,1,RAW-d10634997b99b06a,APTnotes,7b30b3edcd2f70cae81ce4580dd2a34b287031c2a75739410fa1a58bde9b80f6,CONTENT_ELIGIBLE,1851,13,1,"[""APTnotes""]","[""RAW-d10634997b99b06a""]",SINGLETON,False,True
CANON-8fdc5c52dff8492d,8fdc5c52dff8492d9167038663caf42eec2a693015dfea9f4231e0cece760908,1,RAW-194b28fced7dcf71,APT_CyberCriminal_Campagin_Collections,e7e690401bb5c9fb2266cdcaf6e62ae0e573e532965bcd84026230cd64588fe7,CONTENT_ELIGIBLE,252,11,1,"[""APT_CyberCriminal_Campagin_Collections""]","[""RAW-194b28fced7dcf71""]",SINGLETON,False,False
CANON-906ed69de5ea61db,906ed69de5ea61dbf245f0237ac77ad1e4f8737061ce732e8d81607772ede0aa,1,RAW-9853a371feab69cd,APT_CyberCriminal_Campagin_Collections,a46a47b02040c942c2a06721693bf7bdc8d37621ce01ec462fceee96a946e57e,CONTENT_ELIGIBLE,1380,6,1,"[""APT_CyberCriminal_Campagin_Collections""]","[""RAW-9853a371feab69cd""]",SINGLETON,False,True
CANON-9088bcd9a5633451,9088bcd9a563345172d3cfa90d156bfdb2a6a63c73b9ab26116a2b6fbb665520,1,RAW-89f9a411d54a5c60,APT_CyberCriminal_Campagin_Collections,bcbf0068df16608184ee6fbea98666d8a3014ad4e7061c4e186f2fc6fb5103e1,CONTENT_ELIGIBLE,2334,13,1,"[""APT_CyberCriminal_Campagin_Collections""]","[""RAW-89f9a411d54a5c60""]",SINGLETON,False,True
CANON-90c569c26aacd68f,90c569c26aacd68f6778bddf6716e783fa05889c5ab3a1f6e66307e1f5970cad,1,RAW-20f3ddec4a655b12,APT_CyberCriminal_Campagin_Collections,4ea079a4ecde80ca209c46207f5ab68fd27714a52da0bdc0f097298d9f548b71,CONTENT_ELIGIBLE,9790,44,1,"[""APT_CyberCriminal_Campagin_Collections""]","[""RAW-20f3ddec4a655b12""]",SINGLETON,False,True
CANON-90d0031fcc223f5d,90d0031fcc223f5d9cf88954821495b94406d0786776a808483c19183d573ece,1,RAW-f199dd7239e00986,APT_CyberCriminal_Campagin_Collections,856145d06af381ea6cd5f8fb7fe2b4a3d3c2fcb4ed4c012904d0205bfac7aa5f,CONTENT_ELIGIBLE,1264,15,1,"[""APT_CyberCriminal_Campagin_Collections""]","[""RAW-f199dd7239e00986""]",SINGLETON,False,True
CANON-90d6c2da4b86aada,90d6c2da4b86aadae3794467f3e1c1cafd7c0f54512c525e0c298fb1d7a60c96,1,RAW-7743535389e63166,APT_CyberCriminal_Campagin_Collections,9080cf34948ff3f057c1aae7bfdf30f042a761e5dd50281b70e49b8f6334b5f9,CONTENT_ELIGIBLE,13967,28,1,"[""APT_CyberCriminal_Campagin_Collections""]","[""RAW-7743535389e63166""]",SINGLETON,False,True
CANON-90ed52b61791e570,90ed52b61791e5705b5da4470caa993b648493b9f92cc37cfe6226b4c87a6fdc,1,RAW-902f876a6d1c0483,APTnotes,32fdee912254522c9b6514ebb809469acf9f6a273f52329f6dcc160075fe7280,CONTENT_ELIGIBLE,177,15,1,"[""APTnotes""]","[""RAW-902f876a6d1c0483""]",SINGLETON,False,True
CANON-90f37fe27ecf45a2,90f37fe27ecf45a2a4cb741b85c6f9de885645987f557dcb444a97a72ce25e81,1,RAW-45b1aa646767cb71,APTnotes,a2fb5dbec8f9dede477e3c8d0781b6ed2d145f191d09dc1716293512f0ed2983,CONTENT_ELIGIBLE,1979,11,1,"[""APTnotes""]","[""RAW-45b1aa646767cb71""]",SINGLETON,False,True
CANON-91184f83c6910d79,91184f83c6910d79b535ea7949c8e74e91442f3a2d7a7299216b84b30e2af693,1,RAW-8bd9e4dff4906edb,APT_CyberCriminal_Campagin_Collections,bff0b8bece0e16fbac9e73eb322add02723b55d21008ebbd937064d487f47c91,CONTENT_ELIGIBLE,2337,22,1,"[""APT_CyberCriminal_Campagin_Collections""]","[""RAW-8bd9e4dff4906edb""]",SINGLETON,False,True
CANON-91385fc36868c32e,91385fc36868c32e9472a73e3357d3f053815c2c00c31c374d7d670860aff776,2,RAW-75a38edee681091b,APT_CyberCriminal_Campagin_Collections,647d9a76c9e4966cc2a4d14b2914ad79ada8fbf5076156e5fd4325c46d82e63a,CONTENT_ELIGIBLE,1214,8,2,"[""APT_CyberCriminal_Campagin_Collections"",""APTnotes""]","[""RAW-75a38edee681091b"",""RAW-8faa6ec223406aa3""]",EXACT_BINARY,True,True
CANON-915bcd44e90b61b8,915bcd44e90b61b8809eb1de1c455dbfa22fce2780cafadc544699b2251067a7,1,RAW-8b803cb09b73cac4,APT_CyberCriminal_Campagin_Collections,0bceb897ce3986b8e33b7125b27cf70cb60e4596fb1177da445eb5ceda717441,CONTENT_ELIGIBLE,4607,29,1,"[""APT_CyberCriminal_Campagin_Collections""]","[""RAW-8b803cb09b73cac4""]",SINGLETON,False,True
CANON-917b1253b8f54c20,917b1253b8f54c204c76c1ba9ac4a9585f9b915323074db3a7d421cd12ef572b,2,RAW-1da577129111b607,APTnotes,47cd6fb44c915ade944187712a8a8d97ed3b029b1d4c8cc4b2c9b396043fc300,CONTENT_ELIGIBLE,2762,15,2,"[""APT_CyberCriminal_Campagin_Collections"",""APTnotes""]","[""RAW-1da577129111b607"",""RAW-662dd94639a6ffd0""]",EXACT_BINARY,True,True
CANON-917ee911746e49f0,917ee911746e49f03776c77bc28a9756c29e8ad5d3940fdd1b1b33345ad85987,1,RAW-e1952afaaf339285,APTnotes,3f9953630564902b576490cba884a7292339731638e0ec5b30959badbc7488dd,CONTENT_ELIGIBLE,2861,16,1,"[""APTnotes""]","[""RAW-e1952afaaf339285""]",SINGLETON,False,True
CANON-91bc42554d42d53e,91bc42554d42d53e46406d903f39963ca05ed0db1ac89dcbc350323fe8d23c35,1,RAW-77c4aac211ec6a98,APT_CyberCriminal_Campagin_Collections,4e9a6939fd21b5ff892cf05dde2be3652e7f56be0f7cfb4b9a30eed9e6cbdb9d,CONTENT_ELIGIBLE,906,8,1,"[""APT_CyberCriminal_Campagin_Collections""]","[""RAW-77c4aac211ec6a98""]",SINGLETON,False,True
CANON-9217efdaa1a7cdfd,9217efdaa1a7cdfdd3cdd9800be02eb0b421fb076762027015986d16d18bdccf,1,RAW-75f0320e97cff378,APT_CyberCriminal_Campagin_Collections,487f75d0d6bdb2b3950f0958c625c0b55628ec0fea79efaee03782b3563a5c9c,CONTENT_ELIGIBLE,15444,68,1,"[""APT_CyberCriminal_Campagin_Collections""]","[""RAW-75f0320e97cff378""]",SINGLETON,False,True
CANON-921a9aa27c0ad889,921a9aa27c0ad8898e683071c3d170b5b0c1a13d3ae30c50f80022c2713b79a0,1,RAW-24bce7d8dca740b2,APT_CyberCriminal_Campagin_Collections,a6840203d32622f3db4182315b32421ed79631b187654f94f8380968bf5dba5f,CONTENT_ELIGIBLE,2035,16,1,"[""APT_CyberCriminal_Campagin_Collections""]","[""RAW-24bce7d8dca740b2""]",SINGLETON,False,True
CANON-92359c377e11bc96,92359c377e11bc96784ea75e90fd01a1ff7a3c4e28aa582f38c8b00e25aeee0f,2,RAW-6b1921b4ce489dba,APT_CyberCriminal_Campagin_Collections,267f148c62e0f7e7c56732156a84415ef49d0ef3f4d0068024b194bf90e9b758,CONTENT_ELIGIBLE,1170,10,2,"[""APT_CyberCriminal_Campagin_Collections"",""APTnotes""]","[""RAW-6b1921b4ce489dba"",""RAW-bd1c116250f7ac9b""]",EXACT_BINARY,True,True
CANON-92502fd2d6c4233b,92502fd2d6c4233b69618bcf676f27d27aff4feee14e6065d1c15db6f1056c36,1,RAW-28d7e11b54351fbe,APT_CyberCriminal_Campagin_Collections,a313838b4e541dae6cba8a9cca764ffc8abfbab1a35dae3e547fc71429adc592,CONTENT_ELIGIBLE,2049,19,1,"[""APT_CyberCriminal_Campagin_Collections""]","[""RAW-28d7e11b54351fbe""]",SINGLETON,False,True
CANON-9270a80b4f19283f,9270a80b4f19283f0f33f4a33aafde96079a27c2c4f43bb6d9021b38048d8777,2,RAW-1ee6f1d04f38262c,APTnotes,849ab619d1efed5ea26a375964ad225a245fa468201c8a3c30bdcaa6b7f336fe,CONTENT_ELIGIBLE,11399,34,2,"[""APT_CyberCriminal_Campagin_Collections"",""APTnotes""]","[""RAW-1ee6f1d04f38262c"",""RAW-653414c7d892c1c0""]",EXACT_BINARY,True,True
CANON-928acaf6ebf312c3,928acaf6ebf312c33c80ee8abe7ba55f73d01e2fadbb1bcea50bacb14eff5a59,1,RAW-6e957c48719ac592,APT_CyberCriminal_Campagin_Collections,2963dd0095bb16a7ed776944c448d3b391c8905cb4412f6719a5f6bacb4b8093,CONTENT_ELIGIBLE,998,12,1,"[""APT_CyberCriminal_Campagin_Collections""]","[""RAW-6e957c48719ac592""]",SINGLETON,False,True
CANON-928c166bcfbb5f0f,928c166bcfbb5f0fcbe57e4e6813b29635d57c9937902f9abb0ac5ff328d8197,1,RAW-b988351d01e5c338,APT_CyberCriminal_Campagin_Collections,9ec7501e85bb0279cefaf4654359f0d0c6c71e72b0ff1de056d7ad7e3ae0e38e,CONTENT_ELIGIBLE,7534,28,1,"[""APT_CyberCriminal_Campagin_Collections""]","[""RAW-b988351d01e5c338""]",SINGLETON,False,True
CANON-929bdf92a828ac8d,929bdf92a828ac8de8adab464cba65f7ad0dc0419159f42e2b8feabfcd605565,1,RAW-d64ae23c7238342d,APT_CyberCriminal_Campagin_Collections,da6b105f1e58f860ce67b2ad2db7b15ff7b637cfb37f7d0680a20eb633bcc741,CONTENT_ELIGIBLE,16254,86,1,"[""APT_CyberCriminal_Campagin_Collections""]","[""RAW-d64ae23c7238342d""]",SINGLETON,False,True
CANON-929c61825e407362,929c61825e4073626978222033a52e90443a9a6cbf05aee5259668f0b7c950c6,1,RAW-4f54d74f000e4c37,APT_CyberCriminal_Campagin_Collections,cfb8e51d183f42cfa0ffcb8d1e2234039819dbd100c25776452240f621b46567,CONTENT_ELIGIBLE,1838,10,1,"[""APT_CyberCriminal_Campagin_Collections""]","[""RAW-4f54d74f000e4c37""]",SINGLETON,False,False
CANON-92d6bb329889ae03,92d6bb329889ae036323cc8e99d3764a070a1601d9b63f03d6bf3d2d90632a2d,1,RAW-574739b4fbecf561,APT_CyberCriminal_Campagin_Collections,3b4c1c8c375b2af657415631cfdc66571a32db54449d6d5a30befac2fee6e391,CONTENT_ELIGIBLE,2518,10,1,"[""APT_CyberCriminal_Campagin_Collections""]","[""RAW-574739b4fbecf561""]",SINGLETON,False,True
CANON-932da1cea758aae3,932da1cea758aae36ef00abdab99d745ed6307cc356da3706b281f3c934a3ad5,1,RAW-6d66b2777cd06ce8,APT_CyberCriminal_Campagin_Collections,d01f1d702c1a331951a398eb9a7a4d26b08302f4786a1245506af492c9eeb9ea,CONTENT_ELIGIBLE,5988,17,1,"[""APT_CyberCriminal_Campagin_Collections""]","[""RAW-6d66b2777cd06ce8""]",SINGLETON,False,True
CANON-9337fac3498af997,9337fac3498af99742dec28d0d480f3670ab832070c67c35491af0bf4ea9cfff,1,RAW-00765a5af646e615,APT_CyberCriminal_Campagin_Collections,7b151e6ad2179b40e2bae002f3f7ea4e8783e9cd9d1008ca1a3662420c385739,CONTENT_ELIGIBLE,223,33,1,"[""APT_CyberCriminal_Campagin_Collections""]","[""RAW-00765a5af646e615""]",SINGLETON,False,False
CANON-934b16c0db009d9e,934b16c0db009d9e7ee1083981e37e2c9bbb5594de9cc1689ae73487e16e8468,1,RAW-c03fe701c9b03963,APT_CyberCriminal_Campagin_Collections,746484b62b4e6b86e4b67c7dded77cb6f2b83cf31a1127f24f2ab2617c1ae23b,CONTENT_ELIGIBLE,2834,7,1,"[""APT_CyberCriminal_Campagin_Collections""]","[""RAW-c03fe701c9b03963""]",SINGLETON,False,True
CANON-935ff61bcbe2e18b,935ff61bcbe2e18b27f48a86021d08fe4544f9641998c9133229bf31f6dc6b26,1,RAW-d706df4836faf628,APT_CyberCriminal_Campagin_Collections,1acb83e4bb0adba38d9d5c43307d48640848c0df9dba7f6416abb9bddf3deda9,CONTENT_ELIGIBLE,3863,25,1,"[""APT_CyberCriminal_Campagin_Collections""]","[""RAW-d706df4836faf628""]",SINGLETON,False,True
CANON-93710e1b079a3321,93710e1b079a332178f98db7971cebe265a0200541b8a26b411ceaeade1243de,1,RAW-cad545577b5715d7,APT_CyberCriminal_Campagin_Collections,4943891489312ad66611b30bb8fdfa89a131a8f4a150564aa53dc2135d6005ea,CONTENT_ELIGIBLE,2860,13,1,"[""APT_CyberCriminal_Campagin_Collections""]","[""RAW-cad545577b5715d7""]",SINGLETON,False,True
CANON-93d54614d81b8651,93d54614d81b86516c403ec3a8cc568873043c7dd7656e0f174d3f8bcdb06fc0,2,RAW-1276eeef37cf20ba,APT_CyberCriminal_Campagin_Collections,4022fed5cc0474932f80fea679cf0bafc84efcaa5e766b2b811bc126c0bbbc38,CONTENT_ELIGIBLE,4217,22,2,"[""APT_CyberCriminal_Campagin_Collections"",""APTnotes""]","[""RAW-1276eeef37cf20ba"",""RAW-fa0ee5ea689f62ba""]",EXACT_BINARY,True,True
CANON-93ed708395e61508,93ed708395e615085cc1f153ee8cb8966e11c4de8f392558d7af2e4929efe63a,1,RAW-73f062a7ae394758,APT_CyberCriminal_Campagin_Collections,cb1502044ae71a749b8fd32d02cdc605e644667c7362897c1683139f8de3a79e,CONTENT_ELIGIBLE,7315,35,1,"[""APT_CyberCriminal_Campagin_Collections""]","[""RAW-73f062a7ae394758""]",SINGLETON,False,True
CANON-9416beaadfd9d578,9416beaadfd9d578bd1d7a2566685a46a6952657b660cd4fdda674014c31d6e1,2,RAW-05b4b71288d6756c,APT_CyberCriminal_Campagin_Collections,6fb16021b8821f174182484647ed762795c77246403cf89d944b38d869d7263e,CONTENT_ELIGIBLE,3353,14,2,"[""APT_CyberCriminal_Campagin_Collections"",""APTnotes""]","[""RAW-05b4b71288d6756c"",""RAW-2185ca3f94664102""]",EXACT_BINARY,True,False
CANON-94392375eccb433a,94392375eccb433ada4847b2b38813ae82c6a61a5bb15594a42b6c1f8a12a1c0,1,RAW-82a39c9c22761640,APTnotes,f4206845dc0e7f5f0d07274a6a75c9f09fa85188decc5ee811390e1b1593c89f,CONTENT_ELIGIBLE,2054,10,1,"[""APTnotes""]","[""RAW-82a39c9c22761640""]",SINGLETON,False,True
CANON-945d25b38aa1da73,945d25b38aa1da731fd1a57ee1fbc0c56b9ecd58284f8303dc6e4c03f7bd14ce,1,RAW-53696a1d4d276e0d,APT_CyberCriminal_Campagin_Collections,778003e9b179e5531b63ed733cd85231106c306af720891099d0da9db4ceac5e,CONTENT_ELIGIBLE,1300,8,1,"[""APT_CyberCriminal_Campagin_Collections""]","[""RAW-53696a1d4d276e0d""]",SINGLETON,False,True
CANON-94624600bcccd2e4,94624600bcccd2e4af886c769c6c68d4f504d276c5b217af7abe70d56c710693,1,RAW-e4dfbf06eda44c90,APT_CyberCriminal_Campagin_Collections,a2774e807622530b8481d3b84c38761728fd519e96915b584fa4803c6a0657d8,CONTENT_ELIGIBLE,3141,7,1,"[""APT_CyberCriminal_Campagin_Collections""]","[""RAW-e4dfbf06eda44c90""]",SINGLETON,False,True
CANON-946c60075e010a92,946c60075e010a92ce3c87514f6d4db76e50284142dc11f4f6e903004fcc7b35,1,RAW-007488b7a559facc,APT_CyberCriminal_Campagin_Collections,e3445327ec07adcf1441d48c2a7fd6d209778b0d9f1d032a9a9918c195ba3a73,CONTENT_ELIGIBLE,11367,60,1,"[""APT_CyberCriminal_Campagin_Collections""]","[""RAW-007488b7a559facc""]",SINGLETON,False,True
CANON-9474356f820d2f9b,9474356f820d2f9b170b74c54a8900dacab4b6789f067d253914aa820cebfada,1,RAW-6181dbafd31c6220,APT_CyberCriminal_Campagin_Collections,ca62a38b501e71bd4c3ab464ee1fe5792f2bdd957f031d081830916816156bd8,CONTENT_ELIGIBLE,2317,16,1,"[""APT_CyberCriminal_Campagin_Collections""]","[""RAW-6181dbafd31c6220""]",SINGLETON,False,True
CANON-948715d81e573728,948715d81e573728d40f7b9077e4f55b4c3b146057c30631961031eeea53e06c,1,RAW-802229b470a3623b,APT_CyberCriminal_Campagin_Collections,94675257d7ed5c15fe7b84a4c9cddf5b3220d63156bff96fbec8fe09a8f9bc6d,CONTENT_ELIGIBLE,1295,6,1,"[""APT_CyberCriminal_Campagin_Collections""]","[""RAW-802229b470a3623b""]",SINGLETON,False,True
CANON-94b4d103a78e1e14,94b4d103a78e1e14b0fdde08da546b1eebaa1f3925d8b6ce89bda008c9b5c127,1,RAW-0d00cd59a570a57c,APTnotes,fcf3a927e8c5738038b32e80473a290f97316081e6d3bbf0fc6cd2b09609d758,CONTENT_ELIGIBLE,3056,3,1,"[""APTnotes""]","[""RAW-0d00cd59a570a57c""]",SINGLETON,False,False
CANON-94ba57bd83218d6d,94ba57bd83218d6d9359df947106e452c6e2a894b7d2b9d7b82e268c4b228a3d,1,RAW-639400f808f17d82,APT_CyberCriminal_Campagin_Collections,4f7cabfd6b49fbe001b04ff2a248fe3f5a0e71f39799eb42af3cdc7820bc272c,CONTENT_ELIGIBLE,28871,133,1,"[""APT_CyberCriminal_Campagin_Collections""]","[""RAW-639400f808f17d82""]",SINGLETON,False,True
CANON-94c69da761552432,94c69da761552432322ae6b56b8e959e3473a78801bc59bdfc8cdfc1fe4568bc,2,RAW-372d36231305e0f9,APTnotes,06f1f280f09d2e34d709ac285f6039bb2be43082cc0cb8e82c694b8fc74d9e42,CONTENT_ELIGIBLE,5011,25,2,"[""APT_CyberCriminal_Campagin_Collections"",""APTnotes""]","[""RAW-372d36231305e0f9"",""RAW-42ae1662518f4a1f""]",EXACT_BINARY,True,True
CANON-94dbab4e066be401,94dbab4e066be40168b5b6293b026dc35810c99ababa8ef3e6e10e818d15b285,1,RAW-a4ac88c52a0f6d6b,APT_CyberCriminal_Campagin_Collections,cc895b314fe1e017b3ebeba38b3837c8034f0e4734ce8e719f6639243a7c056b,CONTENT_ELIGIBLE,2278,18,1,"[""APT_CyberCriminal_Campagin_Collections""]","[""RAW-a4ac88c52a0f6d6b""]",SINGLETON,False,True
CANON-94e196d1a3c419ab,94e196d1a3c419ab3b2dc60ee5a6e02bc5db3511902db6676a0e64506f45b8a1,1,RAW-b05995d661403795,APT_CyberCriminal_Campagin_Collections,64897348ba8a2ef3d0b452f935d40ba249d11ac254d9c4eee1d1b79c306bb8e6,CONTENT_ELIGIBLE,1635,12,1,"[""APT_CyberCriminal_Campagin_Collections""]","[""RAW-b05995d661403795""]",SINGLETON,False,True
CANON-94f5930c383d6f22,94f5930c383d6f22b547c59ceb17448988e0d7bb469e25d8bad21cfa951d4fde,1,RAW-23f7bbe42c3a1591,APTnotes,80915d4783dca0225622be9758bb7631d6310691a033ca97bdb0c127e38aad45,CONTENT_ELIGIBLE,2018,15,1,"[""APTnotes""]","[""RAW-23f7bbe42c3a1591""]",SINGLETON,False,True
CANON-95007562b9856037,95007562b9856037c6220e5641d8af3d86ae5e24fb554cf6c313c0be554a87bf,1,RAW-9aa2aef364173a58,APT_CyberCriminal_Campagin_Collections,f2b56f4dc128a00928e3e24da5f4e4fc8e66b4da730dd0e1597f8e08c199b0b0,CONTENT_ELIGIBLE,6158,29,1,"[""APT_CyberCriminal_Campagin_Collections""]","[""RAW-9aa2aef364173a58""]",SINGLETON,False,True
CANON-950b14841c06d731,950b14841c06d7314123c9bfd0a96fa2df1ced3954d5b5f4571f10601d9ecb62,1,RAW-93775ee9ece6424a,APT_CyberCriminal_Campagin_Collections,66fdafd197b0ae58e1abac6e7ce8c8fa47854e9324a229919a3cb46d9f92893f,CONTENT_ELIGIBLE,496,3,1,"[""APT_CyberCriminal_Campagin_Collections""]","[""RAW-93775ee9ece6424a""]",SINGLETON,False,True
CANON-95154e84e2a180f7,95154e84e2a180f73198969089ca40e15d494eacdbeda532e94934bd8303e111,1,RAW-d2917f1ddfd59946,APT_CyberCriminal_Campagin_Collections,c91e01c008710863448723a32aee72bd2858aceaa8a680f6bab74a3b9aa7ff53,CONTENT_ELIGIBLE,1688,9,1,"[""APT_CyberCriminal_Campagin_Collections""]","[""RAW-d2917f1ddfd59946""]",SINGLETON,False,False
CANON-9536e6c955469d4e,9536e6c955469d4e8e4b45803320090b15415595ccf8d6642a04c922a0ef90d6,1,RAW-3dcdfd2f894c18f8,APT_CyberCriminal_Campagin_Collections,2561441f981bbbacd2f8b1f5aea421c442843b3cb7f13bd3114c5e6ac6d9f896,CONTENT_ELIGIBLE,1242,6,1,"[""APT_CyberCriminal_Campagin_Collections""]","[""RAW-3dcdfd2f894c18f8""]",SINGLETON,False,True
CANON-9546e0e26fc0bce6,9546e0e26fc0bce622223d016ceeba6319f56657832670ac91124b087adec3f3,1,RAW-097d3254216f5cc3,APTnotes,54267e81405031e83a39e2411dd0b409ba084fcea57ca4f364877bd7977f5327,CONTENT_ELIGIBLE,2685,17,1,"[""APTnotes""]","[""RAW-097d3254216f5cc3""]",SINGLETON,False,True
CANON-95db7ea96b0ae49a,95db7ea96b0ae49ac9dc0915505d8c6752f82eed08effe0ac792b92e947018e5,1,RAW-4d1451c316395df8,APT_CyberCriminal_Campagin_Collections,45ea035ec71fa5076347a436aa61c1930d81395400781da2269784b463d3a18c,CONTENT_ELIGIBLE,1451,11,1,"[""APT_CyberCriminal_Campagin_Collections""]","[""RAW-4d1451c316395df8""]",SINGLETON,False,True
CANON-9604d1d9a877b6a2,9604d1d9a877b6a280d1f1711a2b08c6de3ea96aa934fccc537b785e4e4591ef,2,RAW-57d5c27151e388a5,APTnotes,5d71c03f01a7f93cd75690d71d4a111da8986863143e99a7c16a1e34213979bd,CONTENT_ELIGIBLE,2747,15,2,"[""APT_CyberCriminal_Campagin_Collections"",""APTnotes""]","[""RAW-57d5c27151e388a5"",""RAW-e88d4c22464ad910""]",EXACT_BINARY,True,False
CANON-9605388e4a5e5d39,9605388e4a5e5d3913b1d25aa47d434cfef2f010e80644579c3f0d6a76b2ab56,2,RAW-61f3e5d435106209,APTnotes,f0d93bec8d8778de4f1c230037a263d000e07dc19e7e41d07bcecf7b4c91fd2f,CONTENT_ELIGIBLE,7734,30,2,"[""APT_CyberCriminal_Campagin_Collections"",""APTnotes""]","[""RAW-61f3e5d435106209"",""RAW-81e34b1469a78ec1""]",EXACT_BINARY,True,False
CANON-960a163c1f0ba8ab,960a163c1f0ba8ab1c415e3bdba90531bb7b77b647baacfe3ba897ad4b2b41fb,1,RAW-7837d11ac6cbea93,APT_CyberCriminal_Campagin_Collections,479306cd7a6fa91d8f095bfbc3355da740a4e6718f303ec2ee73441038b82473,CONTENT_ELIGIBLE,3689,35,1,"[""APT_CyberCriminal_Campagin_Collections""]","[""RAW-7837d11ac6cbea93""]",SINGLETON,False,True
CANON-961d8fe10ec4b408,961d8fe10ec4b4083e46d15cdd3684481326e892c6da06da4d7258481a877f5d,1,RAW-d6729d6287223902,APT_CyberCriminal_Campagin_Collections,4c94a6f50acc9f3b510ed8bccc4792cbf50d72a47844c066bf1817f5f55f435b,CONTENT_ELIGIBLE,4999,15,1,"[""APT_CyberCriminal_Campagin_Collections""]","[""RAW-d6729d6287223902""]",SINGLETON,False,True
CANON-964a0ed891ebca98,964a0ed891ebca98fd608d639e22801de8d38dd559f64b555e4c6c3ac03804f8,1,RAW-d83f779014f6412a,APT_CyberCriminal_Campagin_Collections,4b0c4aa41168114c3c4fca894801c9ca2f11b837005e02e9d69ef332c7b3ea58,CONTENT_ELIGIBLE,2217,7,1,"[""APT_CyberCriminal_Campagin_Collections""]","[""RAW-d83f779014f6412a""]",SINGLETON,False,True
CANON-96745d37b3b0c01f,96745d37b3b0c01f7aa6619e089dd8bbfc35b1bd9a9b8092f381f0bc3515b6d2,2,RAW-a72cec05a5ee7084,APTnotes,e12bc65be7561de3b81eaa6ed20331ceadb6848b1f7d3c3b149248e61e8e61df,CONTENT_ELIGIBLE,7616,42,2,"[""APT_CyberCriminal_Campagin_Collections"",""APTnotes""]","[""RAW-a72cec05a5ee7084"",""RAW-f22cf6f28139b9b2""]",EXACT_BINARY,True,True
CANON-967ced924049a675,967ced924049a675089d3394437de9c73409aefaa452badbaf132ee4dc11dae7,1,RAW-dbb1632171024807,APT_CyberCriminal_Campagin_Collections,ba80b6b642f6f46c8fb5738b5a1d534a97757092253c4a25d08ea8c85228104b,CONTENT_ELIGIBLE,10964,52,1,"[""APT_CyberCriminal_Campagin_Collections""]","[""RAW-dbb1632171024807""]",SINGLETON,False,True
CANON-9680e4e35642624d,9680e4e35642624d3c38ef8cb5f9d37102bf9244d7de959c18fd6535ee18b732,1,RAW-bf91d9ac5db1ebe1,APT_CyberCriminal_Campagin_Collections,fb582ee14c5c4629f8ef912fd162aac81d774a269c6000605584770e6d3eb2ae,CONTENT_ELIGIBLE,3239,13,1,"[""APT_CyberCriminal_Campagin_Collections""]","[""RAW-bf91d9ac5db1ebe1""]",SINGLETON,False,True
CANON-968bad38db309bd5,968bad38db309bd5c89c83e245e3f2ff020ab8e5e00c816a6751ff9ffdb6bbba,1,RAW-88f76500a72bd614,APT_CyberCriminal_Campagin_Collections,c5a4d157048b74bf0b1c2b329bde946096dea166d434371018f95eaede57c61c,CONTENT_ELIGIBLE,14946,52,1,"[""APT_CyberCriminal_Campagin_Collections""]","[""RAW-88f76500a72bd614""]",SINGLETON,False,True
CANON-9692448604a51c65,9692448604a51c652c3a949cd308f213f46b53c5d2e6a24b52b258f530f6c583,1,RAW-5c7b54f54c2d6188,APT_CyberCriminal_Campagin_Collections,f607452e22801efefc6c3801930a0a7d445b3606e9e5ee3c4d2abf6fd895aa6d,CONTENT_ELIGIBLE,2821,17,1,"[""APT_CyberCriminal_Campagin_Collections""]","[""RAW-5c7b54f54c2d6188""]",SINGLETON,False,True
CANON-969a895fc0987b14,969a895fc0987b14d58ff0ce08496704bce2dec3b36f28db9877564908b1a9ad,1,RAW-64ea3bde3386543c,APT_CyberCriminal_Campagin_Collections,bc58b95ac3ce0fcfe8c15ab9a1073f9cab92efd51696e39258179f78c0fa0bf3,CONTENT_ELIGIBLE,5048,33,1,"[""APT_CyberCriminal_Campagin_Collections""]","[""RAW-64ea3bde3386543c""]",SINGLETON,False,True
CANON-96aed95e4a626d93,96aed95e4a626d93258e52402dcb822c404cc2a2cee39b92b25c6d7f8ebc2fb8,1,RAW-6bf775f4c80e899c,APT_CyberCriminal_Campagin_Collections,178ece7739c2cb2c071e91f5222d39b96dac8ac723b2790fb8600dc198587fb9,CONTENT_ELIGIBLE,2416,16,1,"[""APT_CyberCriminal_Campagin_Collections""]","[""RAW-6bf775f4c80e899c""]",SINGLETON,False,True
CANON-96df9ae1c994af3c,96df9ae1c994af3cae37ccd39b38173bb097deb5d956ad282e2edb3cb2ab9e99,2,RAW-16c19b081b8af09c,APTnotes,c4af0caee9b8508e521fd8064d3250e8822e3020bfa5f5871c21e709fec71ce4,CONTENT_ELIGIBLE,1297,5,2,"[""APT_CyberCriminal_Campagin_Collections"",""APTnotes""]","[""RAW-16c19b081b8af09c"",""RAW-55b9047b5fa3b298""]",EXACT_BINARY,True,True
CANON-97099f3a860de060,97099f3a860de06070ccd0bfaf8f6e8693d7cadf9d3db018ad81f7de98ef64ea,1,RAW-7e27f998607dab5e,APT_CyberCriminal_Campagin_Collections,67613d962a7e71d20f932881acb2624c9466c8412286a4e59b6d36161c085695,CONTENT_ELIGIBLE,3633,15,1,"[""APT_CyberCriminal_Campagin_Collections""]","[""RAW-7e27f998607dab5e""]",SINGLETON,False,True
CANON-971a11c033d93738,971a11c033d9373889dffb56ed311065c935f2774734081ad70513c63201fe7d,1,RAW-2f90c1e87f7045a6,APTnotes,e58007f71024ec9052fe33c1e729e93410997da9137e2c4a9df71b271f05d57f,CONTENT_ELIGIBLE,965,5,1,"[""APTnotes""]","[""RAW-2f90c1e87f7045a6""]",SINGLETON,False,True
CANON-9733cab3669838e7,9733cab3669838e778db273976a4009f1ae306fb25d40aa625331050a0342222,1,RAW-c6d0b5ad324c58f5,APT_CyberCriminal_Campagin_Collections,db314d631d772e5aacf57b95b4087c144d1ad65db0727d9db440286e6bb71225,CONTENT_ELIGIBLE,8120,38,1,"[""APT_CyberCriminal_Campagin_Collections""]","[""RAW-c6d0b5ad324c58f5""]",SINGLETON,False,True
CANON-9735d87b0c3a7be3,9735d87b0c3a7be37f171607aba861f573cd468abb493939ed890208cdcfc36e,1,RAW-ee1c86dd4b8e65fe,APT_CyberCriminal_Campagin_Collections,a155cd4d0fe7daf2fda0e79b59b9a54b3b6eee265a0c150ca83ad81f38ee888e,CONTENT_ELIGIBLE,2701,13,1,"[""APT_CyberCriminal_Campagin_Collections""]","[""RAW-ee1c86dd4b8e65fe""]",SINGLETON,False,False
CANON-97393619a0e2460d,97393619a0e2460d9b985eafe9c3fe571a79e7165848335606b4f2122ae55281,1,RAW-01baab3ae2c84916,APT_CyberCriminal_Campagin_Collections,7750e8e535646ff20063c808d62263f2ce8b51dd8912d8a4373a080bdb890fa0,CONTENT_ELIGIBLE,3266,18,1,"[""APT_CyberCriminal_Campagin_Collections""]","[""RAW-01baab3ae2c84916""]",SINGLETON,False,True
CANON-973ceadfb24c0c83,973ceadfb24c0c8342dace61f8f5b230e13228a95b3f40b2ebec6804d94fa821,1,RAW-aa436efea5d9a948,APT_CyberCriminal_Campagin_Collections,50f32d9214933b6c8da6fa9382ad78a44891ad5c5cd1dda7a9333037722aab18,CONTENT_ELIGIBLE,1566,15,1,"[""APT_CyberCriminal_Campagin_Collections""]","[""RAW-aa436efea5d9a948""]",SINGLETON,False,False
CANON-97c38ef07b3173c9,97c38ef07b3173c9dd586ec78b77d4773785e6db95faff83b2081ffc5cd5f17b,1,RAW-e62b3ef083346c51,APT_CyberCriminal_Campagin_Collections,c089f8cc0daeacfe21f561ec7a4565a7a6aef81373842fbb364c2f9a23aa5947,CONTENT_ELIGIBLE,16605,76,1,"[""APT_CyberCriminal_Campagin_Collections""]","[""RAW-e62b3ef083346c51""]",SINGLETON,False,True
CANON-97d34ee358ed1cbf,97d34ee358ed1cbf46b5fc2746c14355bf6067a99d6997f25ce7953e0a01a31f,1,RAW-9d354ce5838e0410,APT_CyberCriminal_Campagin_Collections,a3094757e169e33eb63e8d9195e118b88fc2291ce91151c6588c229829f8e27f,CONTENT_ELIGIBLE,56157,162,1,"[""APT_CyberCriminal_Campagin_Collections""]","[""RAW-9d354ce5838e0410""]",SINGLETON,False,False
CANON-97e1b3b552fd42fe,97e1b3b552fd42fed24e9182c61cc3d2e26f626e2e9c0d16d3317f6a8689ad27,1,RAW-6511552aec5a20c8,APT_CyberCriminal_Campagin_Collections,4a0b11e77b69dc21963fb4f4a1846c78689d9c4dda6c18edd47e35b84bb41fea,CONTENT_ELIGIBLE,837,5,1,"[""APT_CyberCriminal_Campagin_Collections""]","[""RAW-6511552aec5a20c8""]",SINGLETON,False,True
CANON-980547d8fe39dc15,980547d8fe39dc15f4dd8658b864dd554e465b49a55f2b6c6f9626d36c13e43a,1,RAW-328a5c384d704670,APT_CyberCriminal_Campagin_Collections,467a2ba02ef96bc2a6bfdd79b8cdbf7e064fd415f0cfa3c9fdc04e2a682e76d4,CONTENT_ELIGIBLE,1788,18,1,"[""APT_CyberCriminal_Campagin_Collections""]","[""RAW-328a5c384d704670""]",SINGLETON,False,True
CANON-9809ddad43211dfd,9809ddad43211dfd01829b7a2945fb68cf069e6f171a8fb279be2a1421834155,2,RAW-314ebd4d5eaf8c97,APTnotes,3795b83a89ba20e51ff994b4bdf461a2ae76db0b143f4a3c301a7721023c8561,CONTENT_ELIGIBLE,1978,14,2,"[""APT_CyberCriminal_Campagin_Collections"",""APTnotes""]","[""RAW-314ebd4d5eaf8c97"",""RAW-a48b54617d9e036e""]",EXACT_BINARY,True,True
CANON-9876eba64c73548d,9876eba64c73548d43fad8a6422887693b5939239d56e975605c16ad3f5d27b4,1,RAW-ddbf57b9a547416e,APT_CyberCriminal_Campagin_Collections,eed407cfb4d5f44c3a89cfca94997d2f7a90bdf4782a631f05ecfcaa61d10e66,CONTENT_ELIGIBLE,16722,68,1,"[""APT_CyberCriminal_Campagin_Collections""]","[""RAW-ddbf57b9a547416e""]",SINGLETON,False,True
CANON-987f61ba9dd8700f,987f61ba9dd8700ff6d0102149736034d0b3778a3405aefd67ada303654e222f,1,RAW-b5b5cabb56731f64,APT_CyberCriminal_Campagin_Collections,397faaeabe56d550d9642386d129cf8609d68df51d5259388e716f66137e918c,CONTENT_ELIGIBLE,1366,6,1,"[""APT_CyberCriminal_Campagin_Collections""]","[""RAW-b5b5cabb56731f64""]",SINGLETON,False,True
CANON-98cf0dbca3b3202a,98cf0dbca3b3202ad962adf914282b5c02b78fa59a3c16e835a1da608b8c3b69,1,RAW-13da59b73b5e9819,APT_CyberCriminal_Campagin_Collections,bae4688644f2836953e2f0112462712c17660d8cb39292ce31f6ce78057a34f1,INSUFFICIENT_RECONSTRUCTED_TEXT,45,20,1,"[""APT_CyberCriminal_Campagin_Collections""]","[""RAW-13da59b73b5e9819""]",SINGLETON,False,False
CANON-98e66c251c3b0ccb,98e66c251c3b0ccb0f91c54adf84921fc976e15d79435060d6a45b0aada9ed8d,1,RAW-2b492d6015967c35,APTnotes,06b544c0d88197745d8525ca3260b6fa8bb047a1a501cd3636a7cb533b0affae,CONTENT_ELIGIBLE,4346,10,1,"[""APTnotes""]","[""RAW-2b492d6015967c35""]",SINGLETON,False,True
CANON-98ee7ccb038209fb,98ee7ccb038209fbe1dcd947b4ab5edadd301f13f2ec2dee385032684b5ccce5,1,RAW-0d8041190dee86d6,APT_CyberCriminal_Campagin_Collections,71d7645cb86dbe702cb4074ad05ea12c68079a175725ce3ef6bc597f958addca,CONTENT_ELIGIBLE,2862,19,1,"[""APT_CyberCriminal_Campagin_Collections""]","[""RAW-0d8041190dee86d6""]",SINGLETON,False,True
CANON-993005a47c3b4c62,993005a47c3b4c6202f8578e26987628adbb09cedb7ab6142cb4e91ecffe4f7e,1,RAW-111ace6cd8d4ee18,APT_CyberCriminal_Campagin_Collections,109a08c660289cba2bed8639325ed14012ea0ee75fa7ed13e4bdd8b0ee0ca966,CONTENT_ELIGIBLE,11055,39,1,"[""APT_CyberCriminal_Campagin_Collections""]","[""RAW-111ace6cd8d4ee18""]",SINGLETON,False,True
CANON-9931ed82ae5a7501,9931ed82ae5a7501e9a690ffa622055078925ed7099f226236df561ddc888967,1,RAW-f98c9d5e98deebe4,APT_CyberCriminal_Campagin_Collections,3bab332fafba2ebba6acbbe38736ee8b475afe4f411ac734a1df0176c652d4c1,CONTENT_ELIGIBLE,1316,6,1,"[""APT_CyberCriminal_Campagin_Collections""]","[""RAW-f98c9d5e98deebe4""]",SINGLETON,False,True
CANON-99321eec95f7964b,99321eec95f7964b93c90e11043e6a76c9ff7db0a29ceee293bb5bc62207aa5a,1,RAW-1add10dd247f5555,APT_CyberCriminal_Campagin_Collections,54a8d2037d20de30701e04a59d6c65a5c3e97c5a1d9a9725670c46b89029e74a,CONTENT_ELIGIBLE,1019,14,1,"[""APT_CyberCriminal_Campagin_Collections""]","[""RAW-1add10dd247f5555""]",SINGLETON,False,True
CANON-9941c7c6b7c8dbd0,9941c7c6b7c8dbd0423dcfdf304e5e8c41a55743f685673faa92fbb7506901a0,1,RAW-d6591b5f8784c6c4,APTnotes,60bc62dc6bc27ba876c6968bbf9c079602c51407ba7c88546ab41b8dfdb2a10a,CONTENT_ELIGIBLE,944,6,1,"[""APTnotes""]","[""RAW-d6591b5f8784c6c4""]",SINGLETON,False,True
CANON-996f8f5bd0dc3890,996f8f5bd0dc3890e032e8dc1f8c947c932635145f3b30b45eee72c9e8bddee3,1,RAW-1fc70cdca4ecef02,APT_CyberCriminal_Campagin_Collections,13beb01f45e3c7e09c315503d3b17d04eb6fb2635a843bcfb15a85f3325dd5ce,CONTENT_ELIGIBLE,3567,8,1,"[""APT_CyberCriminal_Campagin_Collections""]","[""RAW-1fc70cdca4ecef02""]",SINGLETON,False,True
CANON-99b99db587fded9e,99b99db587fded9eb3bd21581b252ff0f48a611ca6bb2d57b558e69ef261fcad,1,RAW-3e7f0cad81ce0060,APTnotes,92507fc15752e0c68fb96e61a79a35e3c1882362f3fb1711af65ef444295ef0d,CONTENT_ELIGIBLE,1464,10,1,"[""APTnotes""]","[""RAW-3e7f0cad81ce0060""]",SINGLETON,False,True
CANON-99c11cc7e1dbf54c,99c11cc7e1dbf54c2504385d4f0760bcbb5f83c4f109779d69446284c8665b82,1,RAW-068fdc70fea93224,APT_CyberCriminal_Campagin_Collections,44b025299f5b1a786258f68934658cd68a1cf2164ef69a5b97a6982dcefad386,CONTENT_ELIGIBLE,3286,17,1,"[""APT_CyberCriminal_Campagin_Collections""]","[""RAW-068fdc70fea93224""]",SINGLETON,False,True
CANON-99f1d7dfce084c04,99f1d7dfce084c0444a88a1ab52f884f1c05bcc1a9b3fa952970dcff828325b5,1,RAW-7080a0288d068c8f,APT_CyberCriminal_Campagin_Collections,25ffd2e5daad537d389ccbe32fd0edc0b82441f838ee3f090c2c93c3a31666d2,CONTENT_ELIGIBLE,1906,19,1,"[""APT_CyberCriminal_Campagin_Collections""]","[""RAW-7080a0288d068c8f""]",SINGLETON,False,True
CANON-99f9a24162556f90,99f9a24162556f9022260df2778a2905e941dfd0d714903f4ab284b7e45238ed,1,RAW-844dfc2421c95f39,APT_CyberCriminal_Campagin_Collections,035c19bfe53eb4b359ff076076ac42976d8b0770713f523d319e332883d022d8,CONTENT_ELIGIBLE,988,10,1,"[""APT_CyberCriminal_Campagin_Collections""]","[""RAW-844dfc2421c95f39""]",SINGLETON,False,True
CANON-9a3284ab7d238b00,9a3284ab7d238b003a2c7f7ee971202518f87188381a98badf4306fcf2bb4514,1,RAW-d76af706ed922a86,APT_CyberCriminal_Campagin_Collections,18dea63679a6723cd58a67cf5646c80b2bf1e9b91a09bec13f3172c1f9900b38,CONTENT_ELIGIBLE,1899,6,1,"[""APT_CyberCriminal_Campagin_Collections""]","[""RAW-d76af706ed922a86""]",SINGLETON,False,True
CANON-9a481315471c8cda,9a481315471c8cda4193530e2608c11dd15f4be0e8872442c780540563c1c85d,1,RAW-c75839a5af7ccf7b,APTnotes,754ef7f5986dd4fa72c8d0c82eb8278a137ce30cc12577dc5ee26be1b90dead5,CONTENT_ELIGIBLE,1428,12,1,"[""APTnotes""]","[""RAW-c75839a5af7ccf7b""]",SINGLETON,False,True
CANON-9a5189ff9a44eb8c,9a5189ff9a44eb8ca70fdc1c9b863d681e80c6c527d842e6ce712c753a10b0d5,2,RAW-df9cc839e941a6f6,APT_CyberCriminal_Campagin_Collections,6bd9cd9be53712ba927f1898256d4061a90143f70e842c3b722072d28a61ceb9,CONTENT_ELIGIBLE,1956,8,2,"[""APT_CyberCriminal_Campagin_Collections"",""APTnotes""]","[""RAW-df9cc839e941a6f6"",""RAW-e652a00a863915f6""]",EXACT_BINARY,True,True
CANON-9a7d618d9dcc0c0b,9a7d618d9dcc0c0b16955ad3b59116c2dcad04862648954748a967d4a31b12a1,1,RAW-a734c96281568739,APT_CyberCriminal_Campagin_Collections,ec22b87f84a4ce6822871f811991744d701d57e57635825dca0c86e58751f655,CONTENT_ELIGIBLE,923,8,1,"[""APT_CyberCriminal_Campagin_Collections""]","[""RAW-a734c96281568739""]",SINGLETON,False,False
CANON-9b002e99dd30b89c,9b002e99dd30b89c46e6d1094d17e4284289d6636ac9e7b4f22db94d4cdf183b,1,RAW-cd2102c60f429608,APT_CyberCriminal_Campagin_Collections,64493d5d9343b00ed59d60effed95b8bcf97ce2471bc1191625f8e082d6f7fb5,CONTENT_ELIGIBLE,3717,37,1,"[""APT_CyberCriminal_Campagin_Collections""]","[""RAW-cd2102c60f429608""]",SINGLETON,False,False
CANON-9b1001b96d6aa5e4,9b1001b96d6aa5e4cdce300816bc5d9abb6b3ba2c6854f7cae63265a7f1fbd1d,2,RAW-0a4a30a9c8ab502f,APT_CyberCriminal_Campagin_Collections,dbb6bcbbc8a0b05f9fa4e0b70a7ebe80b4d5f68e918d5e11f2d67db69c7a7f75,CONTENT_ELIGIBLE,15668,85,2,"[""APT_CyberCriminal_Campagin_Collections"",""APTnotes""]","[""RAW-0a4a30a9c8ab502f"",""RAW-5eb715d67f326359""]",EXACT_BINARY,True,True
CANON-9b52168c514a7613,9b52168c514a76139169ff921312b45339dfb259734e8cf0298560be360a8dc7,2,RAW-2d5badebe8dd035f,APT_CyberCriminal_Campagin_Collections,9149e107cd45d248325642116846f51234f5988845e86226ad97df1c7b63ecd7,CONTENT_ELIGIBLE,21511,69,2,"[""APT_CyberCriminal_Campagin_Collections"",""APTnotes""]","[""RAW-2d5badebe8dd035f"",""RAW-a6b4c4fb0a87b478""]",EXACT_BINARY,True,True
CANON-9b67f150a7e97f98,9b67f150a7e97f98faed9f09dc49764300944700a5829f3ec83e97774efee9e0,1,RAW-eb1d0a281575c51c,APT_CyberCriminal_Campagin_Collections,4eda8b1513280c17bb9f8e8e579a5e5f0eaba98933012b000b0c8af6a49018b3,CONTENT_ELIGIBLE,731,4,1,"[""APT_CyberCriminal_Campagin_Collections""]","[""RAW-eb1d0a281575c51c""]",SINGLETON,False,True
CANON-9b7f1a1ec81a0704,9b7f1a1ec81a070443835534950c2bb1e698b9c280d7eea7859e6fe64a40df41,1,RAW-e36be75f9b6c982a,APT_CyberCriminal_Campagin_Collections,710a6b231509b908b4157a9961c868f64dabb78b61022d03f50072fbe25b3100,CONTENT_ELIGIBLE,312,4,1,"[""APT_CyberCriminal_Campagin_Collections""]","[""RAW-e36be75f9b6c982a""]",SINGLETON,False,True
CANON-9ba66524a7602bc3,9ba66524a7602bc34c5ffcee4dee843e95a888d55c4c476f0959911ef3dd61c2,1,RAW-b5095b81f717f618,APT_CyberCriminal_Campagin_Collections,8744de45baa231523f4a2476b122caf01e258720c83adc6706be7aa3eb2bd205,CONTENT_ELIGIBLE,4077,15,1,"[""APT_CyberCriminal_Campagin_Collections""]","[""RAW-b5095b81f717f618""]",SINGLETON,False,True
CANON-9c225195c63654c1,9c225195c63654c198470b151309a5db7dcdb4163b94e93fc708328606bfd718,1,RAW-5539cb01dc98649c,APT_CyberCriminal_Campagin_Collections,de5020f5f9fcbf4ba9576db894373bc77e775371ecb52af762a0b15e6a6717c5,CONTENT_ELIGIBLE,4658,24,1,"[""APT_CyberCriminal_Campagin_Collections""]","[""RAW-5539cb01dc98649c""]",SINGLETON,False,True
CANON-9c33bd10b8282199,9c33bd10b828219975ce0275f6c3753e589f4cd63faf8008d15663d4bd0dd773,1,RAW-35c680384f6c4e0d,APTnotes,17b4394296ffb8309884fb0d2b0d0fba4b68234d6f379f2eb05f57ac58de9e41,CONTENT_ELIGIBLE,868,7,1,"[""APTnotes""]","[""RAW-35c680384f6c4e0d""]",SINGLETON,False,True
CANON-9c5836fc8654ded0,9c5836fc8654ded0ba70fbc69c53e20adb6a9e3fde61e4f4b5302067b3865084,2,RAW-1e4ab16b74b15c7f,APT_CyberCriminal_Campagin_Collections,dec375a162f2e4d4310588d039afcc1c421c92e77a70eda922612b140974a871,CONTENT_ELIGIBLE,2848,9,2,"[""APT_CyberCriminal_Campagin_Collections"",""APTnotes""]","[""RAW-1e4ab16b74b15c7f"",""RAW-870945a350db346c""]",EXACT_BINARY,True,True
CANON-9c8667f7d9678161,9c8667f7d96781618339e383f257ba664b29385b450f12fb882cbde0eea4de21,1,RAW-a9afb53fb66d34fe,APTnotes,a0579d436188b8688504a1b5756f04109513039ce2289d8233c609a39610a79a,CONTENT_ELIGIBLE,1263,11,1,"[""APTnotes""]","[""RAW-a9afb53fb66d34fe""]",SINGLETON,False,True
CANON-9c898acfb2f15f12,9c898acfb2f15f12fddd9c74c656f7127e3bea6279c5d01780311b91cd013468,2,RAW-5b1a76443e8d2e08,APTnotes,3b796b284cf54249242591616a7bad2788c1f21604f9a941790593d39830aafd,CONTENT_ELIGIBLE,1880,10,2,"[""APT_CyberCriminal_Campagin_Collections"",""APTnotes""]","[""RAW-5b1a76443e8d2e08"",""RAW-7b7f32313f5a7e13""]",EXACT_BINARY,True,True
CANON-9caa06ae1c7b2b5a,9caa06ae1c7b2b5af579ed0197a04e2622d7a8f12e4e8f45932791b452607807,1,RAW-898d46f9f19c3d7c,APT_CyberCriminal_Campagin_Collections,655b6656d87612ff2c09d5bf522f20b37b420db1a0594ae5e64507011c8be0fd,CONTENT_ELIGIBLE,1794,10,1,"[""APT_CyberCriminal_Campagin_Collections""]","[""RAW-898d46f9f19c3d7c""]",SINGLETON,False,True
CANON-9caae92901609a44,9caae92901609a440cb8607055377f3c8a50397302e9089c19dc96525a9e3fc3,1,RAW-7c4f009fc53e1769,APT_CyberCriminal_Campagin_Collections,190e0ac832303030d17228d1ee7241c8b62fd955e899dba7d5e6a37333358582,CONTENT_ELIGIBLE,2986,16,1,"[""APT_CyberCriminal_Campagin_Collections""]","[""RAW-7c4f009fc53e1769""]",SINGLETON,False,True
CANON-9cd1f7a13ce3eace,9cd1f7a13ce3eacec5888caa498760361f0258d4bb57afcd643c53d9875a4fae,1,RAW-18ac32e6dce56acb,APT_CyberCriminal_Campagin_Collections,aec72dd6db86c6acccad4715e8a940c39dca690a7f4156a363886c1bd4c53b57,CONTENT_ELIGIBLE,1611,16,1,"[""APT_CyberCriminal_Campagin_Collections""]","[""RAW-18ac32e6dce56acb""]",SINGLETON,False,True
CANON-9d097695d2f38123,9d097695d2f38123b1418fe25c52146072d026f0b88f6b541784d6ffbdbb401d,1,RAW-720312cd873c4c97,APTnotes,6b566de9e8c4abc19a388880f6700ee871277146f951b7070fc97589ed0d6683,CONTENT_ELIGIBLE,3473,22,1,"[""APTnotes""]","[""RAW-720312cd873c4c97""]",SINGLETON,False,True
CANON-9d1553c091c527ca,9d1553c091c527ca5f2cbf369f12af338d06f2ccc1d1752e72955f5d26c2593d,1,RAW-ef739dff9d67c173,APT_CyberCriminal_Campagin_Collections,4c41327d14a82ff9a2ce75513fb40b4bf2ca6367666f8a70427581c4281609a0,CONTENT_ELIGIBLE,1770,7,1,"[""APT_CyberCriminal_Campagin_Collections""]","[""RAW-ef739dff9d67c173""]",SINGLETON,False,False
CANON-9d46a0110d186a0a,9d46a0110d186a0aa03cb412e80624ace58c659d1e87befbdf9475e04faa021c,1,RAW-616a49f1d1cc1465,APT_CyberCriminal_Campagin_Collections,1e1dc40fcd82afe0552727aa9867fcc1bc4fdb90903dcc41f423e5001bdec847,CONTENT_ELIGIBLE,3615,14,1,"[""APT_CyberCriminal_Campagin_Collections""]","[""RAW-616a49f1d1cc1465""]",SINGLETON,False,True
CANON-9d49549b3e00143f,9d49549b3e00143f6c1b72d8abf80ce4ccf81164cdc2a9155d9dbbbe2ba641d1,1,RAW-d27f29ed4fc08c24,APTnotes,8dddd43fb741817f27110628ca8c90a092e63c47f34a309fb10817469ae8577d,CONTENT_ELIGIBLE,3290,17,1,"[""APTnotes""]","[""RAW-d27f29ed4fc08c24""]",SINGLETON,False,True
CANON-9d4ca655a227ed8b,9d4ca655a227ed8b92680132f9e31349a3fb40aa5150ea07c442c53200f646ce,1,RAW-145d5476e5535546,APT_CyberCriminal_Campagin_Collections,0d134e4f5ab375612c25d66495587519a905e0cc4bc6701b81a89b76485bfc2b,CONTENT_ELIGIBLE,8881,34,1,"[""APT_CyberCriminal_Campagin_Collections""]","[""RAW-145d5476e5535546""]",SINGLETON,False,False
CANON-9d4fc9880dbdd573,9d4fc9880dbdd5734c99ed16288c03a96710eeb5bad2f908dc38eb0971293d9c,1,RAW-c6e096d5cdd4e762,APT_CyberCriminal_Campagin_Collections,e7d1e420476e48120406ce1e677e7bd0c7738af94b9818e72f708ca2dbc9cf54,CONTENT_ELIGIBLE,2098,9,1,"[""APT_CyberCriminal_Campagin_Collections""]","[""RAW-c6e096d5cdd4e762""]",SINGLETON,False,False
CANON-9d72c0a34b837157,9d72c0a34b837157e8e4cfc937510cbea544f6f518ae7c3a0b0eda266ea77e32,1,RAW-20b94c108019a619,APT_CyberCriminal_Campagin_Collections,0102c159b8c117b45b59a14f9779ef34d9425aa9b2522df4764233460f0b27d8,CONTENT_ELIGIBLE,5921,22,1,"[""APT_CyberCriminal_Campagin_Collections""]","[""RAW-20b94c108019a619""]",SINGLETON,False,True
CANON-9db8fd32e008c01e,9db8fd32e008c01e10b439043d7d7f965cee1e77c187954b6a9779979e3c3b47,1,RAW-b2e92beb544759cc,APT_CyberCriminal_Campagin_Collections,16ffbc96c0c8bc2a8fdf3b25e062f003365ae7539a4b96ba9aa685f9eb7ab3b0,CONTENT_ELIGIBLE,2632,13,1,"[""APT_CyberCriminal_Campagin_Collections""]","[""RAW-b2e92beb544759cc""]",SINGLETON,False,True
CANON-9dcbebcf66284ed0,9dcbebcf66284ed0667cd060b8dc16a8ea92551c1df23cc3ec0a006d516bd551,1,RAW-76962a69a528d8bf,APT_CyberCriminal_Campagin_Collections,2a3b93765b69d40ec7cacf9187138cd9242977aadf2de0054969fa22458275db,CONTENT_ELIGIBLE,890,8,1,"[""APT_CyberCriminal_Campagin_Collections""]","[""RAW-76962a69a528d8bf""]",SINGLETON,False,True
CANON-9de1e28554a160f4,9de1e28554a160f42145ac424aa7cd002261b4f1ff16df2d9626e19dad6050de,1,RAW-e8c2e3cd48ebd43d,APT_CyberCriminal_Campagin_Collections,1d5fa80bddca0609f51acf86073654b3663f3623f18148919e635e157ae31035,CONTENT_ELIGIBLE,1136,5,1,"[""APT_CyberCriminal_Campagin_Collections""]","[""RAW-e8c2e3cd48ebd43d""]",SINGLETON,False,False
CANON-9df010d7d8122350,9df010d7d81223503ae6110c61636dbfb9c4d5eed958e6a8f42fb32955eebe43,1,RAW-d6f0a061307737e0,APT_CyberCriminal_Campagin_Collections,66541e43c3ded42b3b705ebad5e0f4254669f733ac18516937013e5072eb0074,CONTENT_ELIGIBLE,594,3,1,"[""APT_CyberCriminal_Campagin_Collections""]","[""RAW-d6f0a061307737e0""]",SINGLETON,False,False
CANON-9e3e8c3d819fd936,9e3e8c3d819fd936f52c787df5dbd66b5c15557c7d23e92f1c825b50686d2a13,1,RAW-6ed4bfac96bddb70,APT_CyberCriminal_Campagin_Collections,4e4723a9fca9635728b326d869833aaddf74e1a53d4ebbd1ce915f29750f31bd,CONTENT_ELIGIBLE,1371,7,1,"[""APT_CyberCriminal_Campagin_Collections""]","[""RAW-6ed4bfac96bddb70""]",SINGLETON,False,True
CANON-9e453045869edc80,9e453045869edc80b7207aff868f80ffed272900dbd3665204c932b494dadaeb,1,RAW-7fde42d981c7941a,APTnotes,520385e2c07b815ceda5d9595eb997f8c95ab0cd3a35d1d539e91c0f29e2d823,CONTENT_ELIGIBLE,2504,11,1,"[""APTnotes""]","[""RAW-7fde42d981c7941a""]",SINGLETON,False,True
CANON-9e4d84f4d466d9ec,9e4d84f4d466d9ec86b2317e7e94514a784b22654a015d0c81a0ebe48fbca3c5,1,RAW-b42312074c19e2b9,APT_CyberCriminal_Campagin_Collections,2c42ce8f54028e8d5c134ba2812f2d82323d6def761f52e3be438de5f8b849fb,CONTENT_ELIGIBLE,3693,11,1,"[""APT_CyberCriminal_Campagin_Collections""]","[""RAW-b42312074c19e2b9""]",SINGLETON,False,True
CANON-9e5a50cce2816d0e,9e5a50cce2816d0e5b6ecd9e42c852d56349f131851c00cafbf7db226ec5820f,1,RAW-bf8897dce5f65abe,APT_CyberCriminal_Campagin_Collections,bbb83691a988feadcc73e33c1a60a5aa5c8659ae6105080aa68405a2cdf3b222,CONTENT_ELIGIBLE,6097,21,1,"[""APT_CyberCriminal_Campagin_Collections""]","[""RAW-bf8897dce5f65abe""]",SINGLETON,False,True
CANON-9e7fef4fe7d9ab23,9e7fef4fe7d9ab23d6ae657580d02c169f9eaeb9dc4c9a8c879da66cf5a4ff7f,1,RAW-91a245aa84cc604c,APT_CyberCriminal_Campagin_Collections,ecc9150eda4f23155778861d1b7817325716706b14040d161a0d43eb6a3a1767,CONTENT_ELIGIBLE,858,7,1,"[""APT_CyberCriminal_Campagin_Collections""]","[""RAW-91a245aa84cc604c""]",SINGLETON,False,True
CANON-9ea707a98be4a556,9ea707a98be4a5564076e8604ce96d2e15973e6ff071b0d43c4b124c1bd185c4,1,RAW-e75988c7ddedda65,APT_CyberCriminal_Campagin_Collections,b60f90181b19eebffeeb8eba13f69c2a6c14a91fce36d03e419ea985f9c083be,CONTENT_ELIGIBLE,1179,7,1,"[""APT_CyberCriminal_Campagin_Collections""]","[""RAW-e75988c7ddedda65""]",SINGLETON,False,False
CANON-9ea936ace68a225e,9ea936ace68a225e255f89601a34ec7f1d0e89345be6862af6f5972bd7ab99c0,1,RAW-db731f158662db49,APT_CyberCriminal_Campagin_Collections,3cab0aaaa913aec11a124b00915d3a4811990077901e39238fd1629f74762b40,CONTENT_ELIGIBLE,1163,6,1,"[""APT_CyberCriminal_Campagin_Collections""]","[""RAW-db731f158662db49""]",SINGLETON,False,True
CANON-9f1a5f482db70366,9f1a5f482db70366ee6d2961650542e3781d1d25d8fdb0e8d023296de710db35,1,RAW-0c3b9c48d74b819b,APT_CyberCriminal_Campagin_Collections,abb4c9c05d4e6beabb08807b194a8c1d7826bcc7d21042ca134e0abc60e13908,CONTENT_ELIGIBLE,1248,12,1,"[""APT_CyberCriminal_Campagin_Collections""]","[""RAW-0c3b9c48d74b819b""]",SINGLETON,False,True
CANON-9f3853028973177b,9f3853028973177bc28b8c5630724c598df8319e5f01fde5f9c235c50e6251e7,1,RAW-558830e9c2ab9adc,APT_CyberCriminal_Campagin_Collections,92db59e79fe1870ad125768fbe6799fe6f3d724eb20ff595369a39c39ef440fd,CONTENT_ELIGIBLE,6129,40,1,"[""APT_CyberCriminal_Campagin_Collections""]","[""RAW-558830e9c2ab9adc""]",SINGLETON,False,True
CANON-9f38884e5ddedaa3,9f38884e5ddedaa3f51be922f26f1d6557983fce3bab4b2902eec8d3bdfe3f27,1,RAW-10caa8c9ab93ce55,APT_CyberCriminal_Campagin_Collections,552b1b9e0d2830a00222c08b3db31c4c97ad4796d646e207a3386f8d381b2c38,CONTENT_ELIGIBLE,2541,17,1,"[""APT_CyberCriminal_Campagin_Collections""]","[""RAW-10caa8c9ab93ce55""]",SINGLETON,False,False
CANON-9f684de9ad4de2c8,9f684de9ad4de2c8b23a5249b82cbb14b7f997d52e4243a3a22e343bbd72c537,2,RAW-128cfa58d2c882df,APT_CyberCriminal_Campagin_Collections,7d4117a309859fea96dff321ae3c7649681acd269b33d37968a0c6bbabfaa32c,CONTENT_ELIGIBLE,1231,6,2,"[""APT_CyberCriminal_Campagin_Collections"",""APTnotes""]","[""RAW-128cfa58d2c882df"",""RAW-77d29616af94e465""]",EXACT_BINARY,True,True
CANON-9f6cf95098ea6743,9f6cf95098ea67433bb6cbd93a77afefc4c1615b039866726fda951d0b19cf57,1,RAW-f94191c49eab43c0,APTnotes,16fb6f7c9684d9c49fedde097d57a1671f3633866c0def5b82a66acc7447275a,CONTENT_ELIGIBLE,1906,16,1,"[""APTnotes""]","[""RAW-f94191c49eab43c0""]",SINGLETON,False,True
CANON-9f72e5470f33b5bd,9f72e5470f33b5bdc9989775e1618bb821424e65f4bd94a19d19debf8a41d5bc,1,RAW-25e8ff76fde462d9,APT_CyberCriminal_Campagin_Collections,51d9b15ff2472dbe4535fb08dbcf8269d3079f6c19f56ca67043b3f52189b4db,CONTENT_ELIGIBLE,4565,47,1,"[""APT_CyberCriminal_Campagin_Collections""]","[""RAW-25e8ff76fde462d9""]",SINGLETON,False,True
CANON-9f87bdc7ce7b8abe,9f87bdc7ce7b8abe6528f53fbb643e89e59ed737de889870569b550702feb928,1,RAW-b0fb90b61cd475cc,APTnotes,9200f7bca1ad49e9c1ef8291c6387dc41b55029fa1906bed0d64549d1a1adb65,CONTENT_ELIGIBLE,1936,14,1,"[""APTnotes""]","[""RAW-b0fb90b61cd475cc""]",SINGLETON,False,False
CANON-9f92a15a77165d1d,9f92a15a77165d1d76ed883f8186a8a4e27b610f4ee240a2a42798f20c9745aa,1,RAW-fb0d57009e7632ac,APT_CyberCriminal_Campagin_Collections,9cdc82405d492f6152331797b9339bdc687982d940605b38000fd421f77dee07,CONTENT_ELIGIBLE,4891,29,1,"[""APT_CyberCriminal_Campagin_Collections""]","[""RAW-fb0d57009e7632ac""]",SINGLETON,False,True
CANON-9fb977bf83c76871,9fb977bf83c76871bd7c39e312260354c4eb123d3a90fa539e81b3eef7269b50,2,RAW-1167a9d2143e3a9a,APT_CyberCriminal_Campagin_Collections,cf9dc588c26d3fdf8e27cbd5a489521658a5e991b1d055bdd3dc25b327eb30cb,CONTENT_ELIGIBLE,3246,10,2,"[""APT_CyberCriminal_Campagin_Collections"",""APTnotes""]","[""RAW-1167a9d2143e3a9a"",""RAW-12e3dc3be3d2fcc8""]",EXACT_BINARY,True,True
CANON-9fbce46bf486d820,9fbce46bf486d8207fb6a6d54ecaa06605723831b87e7eefec5350900a3b8606,1,RAW-f5fad214993dd4b6,APT_CyberCriminal_Campagin_Collections,eb724b4d46092c2603fd8e1523100907ef4e7ecb15162cc5fae375d77d80d50e,CONTENT_ELIGIBLE,2842,8,1,"[""APT_CyberCriminal_Campagin_Collections""]","[""RAW-f5fad214993dd4b6""]",SINGLETON,False,True
CANON-a005b8c2b9f22332,a005b8c2b9f223329e482b88bc74b05e0c589d2aa042db94c8872b4564ad1b26,1,RAW-bd1bd2307df4081a,APT_CyberCriminal_Campagin_Collections,8a38e48142096e80c5257ee762ed9896c052cbb0849b7f4f6718a53396c3de83,CONTENT_ELIGIBLE,1607,18,1,"[""APT_CyberCriminal_Campagin_Collections""]","[""RAW-bd1bd2307df4081a""]",SINGLETON,False,True
CANON-a0406cb4aa05cc07,a0406cb4aa05cc07b0708f2641ac100298bae148be222324136ed669fbd46231,1,RAW-938081c326ed57d7,APT_CyberCriminal_Campagin_Collections,f342f5f135809de79d6172518bf31ad82a459aceb657b12c603f1d8e6cd9aef6,CONTENT_ELIGIBLE,8307,54,1,"[""APT_CyberCriminal_Campagin_Collections""]","[""RAW-938081c326ed57d7""]",SINGLETON,False,True
CANON-a06b4ced9deef96e,a06b4ced9deef96e12c3130b0b644a3d5ec54298dbe2a34b96a8263a276c842c,2,RAW-2db09af1632a8708,APTnotes,ba15f4fd6105a8f40b9cb0d99c0c6cc2d99060d817b1aa9e90cb557f30edcfa2,CONTENT_ELIGIBLE,1635,10,2,"[""APT_CyberCriminal_Campagin_Collections"",""APTnotes""]","[""RAW-2db09af1632a8708"",""RAW-db934ba7329246df""]",EXACT_BINARY,True,True
CANON-a079070e3a0b2ab9,a079070e3a0b2ab986098bfe6d38c862d664f2f707a0188267b3aa73494b2eaf,1,RAW-fa8f93d77a5a9246,APT_CyberCriminal_Campagin_Collections,bdb2964febb8bdd1eb80fc20e53477fe2b9a7801198cb866156fe62252a3a77f,CONTENT_ELIGIBLE,1613,23,1,"[""APT_CyberCriminal_Campagin_Collections""]","[""RAW-fa8f93d77a5a9246""]",SINGLETON,False,True
CANON-a084a46e26670ca4,a084a46e26670ca4b1dd9e4bf6de10d56b4aeba5307ba2112e7f939062d5b9b7,2,RAW-5c867814611ad515,APTnotes,5462c3c6c1f06e099a1786d8ad3f2a1921a60161b905d3d592b6cfd350189d47,CONTENT_ELIGIBLE,4854,13,2,"[""APT_CyberCriminal_Campagin_Collections"",""APTnotes""]","[""RAW-5c867814611ad515"",""RAW-8fae3cdd92cd22b1""]",EXACT_BINARY,True,True
CANON-a0bd64e670bc6181,a0bd64e670bc6181b0541e2d55959ae001bbb2fc4615a237659b2c81c711a7a3,1,RAW-06fb35b21fe3a4ec,APTnotes,d805f374b367972a2ced6d4140639d0671252870b10691656a56e15a409b0cd3,CONTENT_ELIGIBLE,3971,16,1,"[""APTnotes""]","[""RAW-06fb35b21fe3a4ec""]",SINGLETON,False,True
CANON-a0d137e2c78c1ab1,a0d137e2c78c1ab19186f9c886f2f83f4d84ef8808778fca5898d81d4f1d3f28,1,RAW-3d7d6aca2e504f5c,APT_CyberCriminal_Campagin_Collections,b2de6002f28549533c4d4fd87fb635424100bc2fe9976589e99b6c6df34bdf6b,CONTENT_ELIGIBLE,2459,18,1,"[""APT_CyberCriminal_Campagin_Collections""]","[""RAW-3d7d6aca2e504f5c""]",SINGLETON,False,True
CANON-a0ef7ac2156bc202,a0ef7ac2156bc202790997921dbbbba51bcb4311ac2b23b0ec20c8546fc1d295,1,RAW-79bdc281a83cc171,APT_CyberCriminal_Campagin_Collections,3a262c2e1773958724e0fb24e12b6e984db5f2ab0f4350c0dbe4ed8c8644c908,CONTENT_ELIGIBLE,1978,12,1,"[""APT_CyberCriminal_Campagin_Collections""]","[""RAW-79bdc281a83cc171""]",SINGLETON,False,True
CANON-a117eac7394fdb26,a117eac7394fdb26302474b41837fa1962761c5385073e7798b4b249d95b766c,1,RAW-6b5f4c73c2a2d38b,APT_CyberCriminal_Campagin_Collections,603dfc3d9f34309b368b3fe1896d9e488ed93572cc47e534a401e506dd0f2ba6,CONTENT_ELIGIBLE,1624,10,1,"[""APT_CyberCriminal_Campagin_Collections""]","[""RAW-6b5f4c73c2a2d38b""]",SINGLETON,False,True
CANON-a128aedfd5adf29e,a128aedfd5adf29e42a40e03242de2c10fa68965aada4bfdc4028f9cb827ddd1,1,RAW-e208ffb0514c76d9,APT_CyberCriminal_Campagin_Collections,582a650f53a15e0b9571111f4c0dc27fea6ac8ea3f602a44b59c77a653478a96,CONTENT_ELIGIBLE,1719,17,1,"[""APT_CyberCriminal_Campagin_Collections""]","[""RAW-e208ffb0514c76d9""]",SINGLETON,False,False
CANON-a12a74f7cb26476c,a12a74f7cb26476cf3cf0d866a369dec5cbfa7ee79aa1390f1d4136b9830fdd7,1,RAW-ee2ed1b06e628686,APT_CyberCriminal_Campagin_Collections,5b3654d2b9a5e8b2cd3a49af84c64e3c1d96c982fceb8378254e6f717021320a,CONTENT_ELIGIBLE,4083,27,1,"[""APT_CyberCriminal_Campagin_Collections""]","[""RAW-ee2ed1b06e628686""]",SINGLETON,False,True
CANON-a12eeb93af4c7484,a12eeb93af4c7484ec6f95b249ea425cd5b061218ebb1d069008704c8ce35bf3,1,RAW-a0c7b7571185b061,APTnotes,c9cac1307952b59b0bd79bc5608e97d07f9b119ba1976f84b98a3f400702917c,CONTENT_ELIGIBLE,6926,28,1,"[""APTnotes""]","[""RAW-a0c7b7571185b061""]",SINGLETON,False,True
CANON-a1553fc7ee35e453,a1553fc7ee35e453fe1f378ab1f67d8f8191030dfcd6c34084bb22086adaf990,1,RAW-2726774208bf42f2,APTnotes,1204d58fd1995d1eaa137887e5d11bb41fa91b60d3fc105d45379a3ac582094f,CONTENT_ELIGIBLE,3725,12,1,"[""APTnotes""]","[""RAW-2726774208bf42f2""]",SINGLETON,False,True
CANON-a15b891c98ab536c,a15b891c98ab536c7a6d9b2c4ad1763eca3b38c371082f598e68f9f8199c65f9,1,RAW-01b9ad71d40c0017,APTnotes,3ae3ff6c7601cd42a1b14c7e7d22a8001605ed7fca1c5d1246e8e571e920fa77,CONTENT_ELIGIBLE,740,7,1,"[""APTnotes""]","[""RAW-01b9ad71d40c0017""]",SINGLETON,False,True
CANON-a180822a174db8c8,a180822a174db8c8d2226b66b52a9e6226c654ba944b9b5b6bfa8d3c77d6894f,1,RAW-d4a1b00f1a375d08,APT_CyberCriminal_Campagin_Collections,5dc5ecc52a6f20c3122aedbe87d8c5f8284b3f224aae86db3c7726499f74967c,INSUFFICIENT_RECONSTRUCTED_TEXT,85,6,1,"[""APT_CyberCriminal_Campagin_Collections""]","[""RAW-d4a1b00f1a375d08""]",SINGLETON,False,False
CANON-a1b61acbd6f65ce9,a1b61acbd6f65ce93692fc07927e9109ade3c53a2af95caa82b2bb7ccaa85e7b,1,RAW-f440ae2478b6a8e5,APT_CyberCriminal_Campagin_Collections,ca9b1271281a2e1a6c4427d77b84cba8f2a03a4e481da57e584c2a39bb6f2586,CONTENT_ELIGIBLE,624,6,1,"[""APT_CyberCriminal_Campagin_Collections""]","[""RAW-f440ae2478b6a8e5""]",SINGLETON,False,False
CANON-a1ccc7dbf76f17af,a1ccc7dbf76f17af904b12f968615b3b66f65ffeef92dd3b3a41703e2fd46f08,2,RAW-cb0b34a36ac1a9b2,APT_CyberCriminal_Campagin_Collections,0fab5b740638859638d4a0093ae7cb02b418e6af4aa317bb45a2e8027f763616,CONTENT_ELIGIBLE,2228,6,2,"[""APT_CyberCriminal_Campagin_Collections"",""APTnotes""]","[""RAW-cb0b34a36ac1a9b2"",""RAW-cc36c3c996e06fc5""]",EXACT_BINARY,True,True
CANON-a201c000217ea1fa,a201c000217ea1fac008668d74d384296e02be59ededce9c1e2aa95baf0a5bbf,1,RAW-5cca0a63c6927596,APT_CyberCriminal_Campagin_Collections,c4950b68878d4a06a24d3503be7415a615251f72404d8d6c69c51c4458578535,CONTENT_ELIGIBLE,3060,14,1,"[""APT_CyberCriminal_Campagin_Collections""]","[""RAW-5cca0a63c6927596""]",SINGLETON,False,True
CANON-a220f95d428e7a8e,a220f95d428e7a8e017ee992c7e2a28ee649426fd3cee1c3fe7a9ba995a16993,2,RAW-4afa5d94cf82be0b,APTnotes,8f6fd52175821f34c95b6f154ec804447c9c294e64628d1e79ee92877eda59b7,CONTENT_ELIGIBLE,5126,70,2,"[""APT_CyberCriminal_Campagin_Collections"",""APTnotes""]","[""RAW-4afa5d94cf82be0b"",""RAW-7def35fc4199fe77""]",EXACT_BINARY,True,True
CANON-a2369eadac5298a8,a2369eadac5298a8668535613a5b85c8c08141d056c8e92e3f2d17b292948667,1,RAW-59fa87394ef5f3bf,APT_CyberCriminal_Campagin_Collections,698752baeed1963953551858a105eda0477c6fb40faa97885e0a65dad31804d6,CONTENT_ELIGIBLE,1403,8,1,"[""APT_CyberCriminal_Campagin_Collections""]","[""RAW-59fa87394ef5f3bf""]",SINGLETON,False,True
CANON-a26ba645318ead32,a26ba645318ead32e5c2d15a39259c6601dac7943e4696a59c954dd1c8a53e89,1,RAW-103ed8af0950bb8a,APT_CyberCriminal_Campagin_Collections,db2771c7bdd61b0dffff39a221d941464898a969a50465f39753424151ee9e4f,INSUFFICIENT_RECONSTRUCTED_TEXT,10,45,1,"[""APT_CyberCriminal_Campagin_Collections""]","[""RAW-103ed8af0950bb8a""]",SINGLETON,False,False
CANON-a293601832ea8423,a293601832ea842399c7e5ef7d11a455d10821dd4b2b485f2955f0af91345580,1,RAW-251ecf9d27353d3b,APT_CyberCriminal_Campagin_Collections,82773bed6c38b7c21de0a5ae3428561cc8c7cdfdd317f5ce72dd2db0268f1104,CONTENT_ELIGIBLE,3729,21,1,"[""APT_CyberCriminal_Campagin_Collections""]","[""RAW-251ecf9d27353d3b""]",SINGLETON,False,True
CANON-a2cee5f3b4d6f9d1,a2cee5f3b4d6f9d10436ccdaa554a3736a7f51fbd0e97ec3ceae41aa95d08a94,1,RAW-76a22e19038978cb,APT_CyberCriminal_Campagin_Collections,64fef334b1065edb432a6e480b639eb80c4131faf6cca4fced62623108e3559a,CONTENT_ELIGIBLE,4513,14,1,"[""APT_CyberCriminal_Campagin_Collections""]","[""RAW-76a22e19038978cb""]",SINGLETON,False,True
CANON-a2d93720d963bdb5,a2d93720d963bdb5a81ab398fe79aa31eb9e5907bdad2692f3a76c6a52815eac,1,RAW-9db03815db7feb97,APTnotes,71cb38b53404da12bba749938160b8d6b87e1b74dec1b84e149984ad89b08dbd,CONTENT_ELIGIBLE,1780,17,1,"[""APTnotes""]","[""RAW-9db03815db7feb97""]",SINGLETON,False,True
CANON-a2e3818afd01b431,a2e3818afd01b4316054a989dc3708423ca5a16f6b120bb01461edfe2bc6a6af,1,RAW-96559fe967853ebc,APT_CyberCriminal_Campagin_Collections,fbfeac6ec8b41b7aa9a9f7d6a29d8e21cfa79a479ad4546eccbd34a56c8166a2,CONTENT_ELIGIBLE,1582,13,1,"[""APT_CyberCriminal_Campagin_Collections""]","[""RAW-96559fe967853ebc""]",SINGLETON,False,True
CANON-a3059d85ffc003eb,a3059d85ffc003eb9907dce8c5aba8280e65030cb9043d8c293b1aca3b359e4f,1,RAW-bb96aef8474c7d54,APT_CyberCriminal_Campagin_Collections,1b775c8c1f6ff7cea80ccc30cff9e62313c4b6a257b33034e273fe57a01e1b5d,CONTENT_ELIGIBLE,5112,26,1,"[""APT_CyberCriminal_Campagin_Collections""]","[""RAW-bb96aef8474c7d54""]",SINGLETON,False,True
CANON-a346851e86377d33,a346851e86377d334883049a7b9a6e7fd022e808d2e5e36cdd114be1eb7f8d7f,1,RAW-b6a0aa633c83232e,APT_CyberCriminal_Campagin_Collections,cd649e595f2fe0b5869231ab4040ba6712a3bbaf3e3cce8d6bd1dbc1f522b561,CONTENT_ELIGIBLE,1353,7,1,"[""APT_CyberCriminal_Campagin_Collections""]","[""RAW-b6a0aa633c83232e""]",SINGLETON,False,True
CANON-a356e29b26bd73c4,a356e29b26bd73c43114ba9b29b6620f67300b31bea0317e3a00e16bd0a62668,1,RAW-94ab00e9fdf2343d,APT_CyberCriminal_Campagin_Collections,6fb14ebbba58cfa255411500a8d2633fdc5fb6e6d232b847efa9d8b0e9404c05,CONTENT_ELIGIBLE,117,10,1,"[""APT_CyberCriminal_Campagin_Collections""]","[""RAW-94ab00e9fdf2343d""]",SINGLETON,False,False
CANON-a3733c82b24e3477,a3733c82b24e34778fe6e17640f5919b72d4a1ec6626b3b9939245f5856f34ff,1,RAW-dca5097c0c3ef1ac,APT_CyberCriminal_Campagin_Collections,585c2790023e4b5c8756212e378988633351f549c1f40c1f4b877124184ede48,CONTENT_ELIGIBLE,1173,8,1,"[""APT_CyberCriminal_Campagin_Collections""]","[""RAW-dca5097c0c3ef1ac""]",SINGLETON,False,True
CANON-a376af6c97d78a24,a376af6c97d78a248ddfb73f30dd40f9e8b07339a5f2fa003397cbbca7e49943,1,RAW-df3f1920fec47a87,APTnotes,0411fac616bf03e9ad8fc73e1289c36c25fc640fbf3af5a0e2ecd0a97cb1a69d,CONTENT_ELIGIBLE,1444,9,1,"[""APTnotes""]","[""RAW-df3f1920fec47a87""]",SINGLETON,False,True
CANON-a37d5d1a80110d2a,a37d5d1a80110d2a109e8009d90dcc4d3ee4cf16989cfd2ea59a89f71804f859,1,RAW-f74d910a8f1db84a,APTnotes,9f4c3fb4a3c0f8cfa2531127d7fc23d7a0539d10f76ff2d13305a13033f98c62,CONTENT_ELIGIBLE,1061,9,1,"[""APTnotes""]","[""RAW-f74d910a8f1db84a""]",SINGLETON,False,False
CANON-a38249acdd6f6e09,a38249acdd6f6e09dc9164d69e987879cf0ec1dce696fab540b35d16e469e06c,1,RAW-84a1ffdac28e05eb,APT_CyberCriminal_Campagin_Collections,1e210587549b1965ca39bd56d11ff19c062a5fed3e60054d18255b40e0cb64d9,CONTENT_ELIGIBLE,1469,11,1,"[""APT_CyberCriminal_Campagin_Collections""]","[""RAW-84a1ffdac28e05eb""]",SINGLETON,False,True
CANON-a3d7997d10a45f85,a3d7997d10a45f85a807305c66eab13e6c5138183abf4f841d23a31830ae56d0,1,RAW-a499e2d928e1f632,APT_CyberCriminal_Campagin_Collections,d8856b8662308e5ee488113dc01287d6dd4020662790f83ed7e836e27c69acec,CONTENT_ELIGIBLE,6152,28,1,"[""APT_CyberCriminal_Campagin_Collections""]","[""RAW-a499e2d928e1f632""]",SINGLETON,False,True
CANON-a4148f3d19c13c2c,a4148f3d19c13c2cab53ed434bf960afb0ead0860a2e1a787b776fee813a31a4,1,RAW-6aa69f4ca735aaf7,APT_CyberCriminal_Campagin_Collections,de75ac56437ccf69aab669022e4a69ab970a135ef7fe95b95c3a162f84337102,CONTENT_ELIGIBLE,1450,7,1,"[""APT_CyberCriminal_Campagin_Collections""]","[""RAW-6aa69f4ca735aaf7""]",SINGLETON,False,True
CANON-a4581ee1ad04846d,a4581ee1ad04846db205b6c3913a4d78b82a898c64e37fd83f0f0052a7ec9dc7,2,RAW-0efb1666a082f644,APT_CyberCriminal_Campagin_Collections,062679fb40f43971f89f09bd64f5d7169e08f2a1fdefc39dd9867926d0edaaa0,CONTENT_ELIGIBLE,1203,9,2,"[""APT_CyberCriminal_Campagin_Collections"",""APTnotes""]","[""RAW-0efb1666a082f644"",""RAW-7671a5ea80e9d4a8""]",EXACT_BINARY,True,True
CANON-a45a7d3572d1dc22,a45a7d3572d1dc22f44ead218c85dfeb35b5ff637feb28c823bcec6b57a41e46,1,RAW-202dd84d34d60af0,APT_CyberCriminal_Campagin_Collections,b5288bdbab8a7b480078ffaa6a1fdfe91a523d7cebcfedacfacc7ed6db3aa1c2,CONTENT_ELIGIBLE,1473,15,1,"[""APT_CyberCriminal_Campagin_Collections""]","[""RAW-202dd84d34d60af0""]",SINGLETON,False,False
CANON-a4679c49184dcb92,a4679c49184dcb9264828185c96d6fda3962cf7c995d863dedb71cd2736afee9,1,RAW-77358686a2055db7,APTnotes,b16702a04da4444d303d08cdf9d5cd6e2ed58c52879b3ab0751cd9e39dc83103,CONTENT_ELIGIBLE,2053,16,1,"[""APTnotes""]","[""RAW-77358686a2055db7""]",SINGLETON,False,True
CANON-a501b97c939da453,a501b97c939da4532bba37efdbcfeca75d4c2aef711ae40d15cc87c58e6dc55e,2,RAW-06fd722406a87c23,APTnotes,c741064ad7b8a4096df43837cd90e172a824779fd85e8429f4bb18654bff02cb,CONTENT_ELIGIBLE,3249,32,2,"[""APT_CyberCriminal_Campagin_Collections"",""APTnotes""]","[""RAW-06fd722406a87c23"",""RAW-092b35500f82309b""]",EXACT_BINARY,True,True
CANON-a5342a348b1ca839,a5342a348b1ca83927a0483929a0e8bce7967b06f6043bbb9f37ff63b06b5ad5,1,RAW-785c4bcd627606a1,APT_CyberCriminal_Campagin_Collections,606dafda171eb695aa600c5796ece80217d4281f7e5884cd0bac01c468be5375,CONTENT_ELIGIBLE,12002,46,1,"[""APT_CyberCriminal_Campagin_Collections""]","[""RAW-785c4bcd627606a1""]",SINGLETON,False,True
CANON-a54f20ab2417da3d,a54f20ab2417da3dbf985c4b84d9766c4aa43edf2844bc782de380f7ba0c4737,1,RAW-7aa541e954631853,APT_CyberCriminal_Campagin_Collections,bb731ef8c6e6fa208dbe17c5a4198a231542f22b1faf37cc34731b1a4ff7150b,CONTENT_ELIGIBLE,8318,39,1,"[""APT_CyberCriminal_Campagin_Collections""]","[""RAW-7aa541e954631853""]",SINGLETON,False,True
CANON-a56d9fa035ae9a54,a56d9fa035ae9a54b8903522afd58b007820090f1c998e2ea2d765c6b0bf8846,1,RAW-0f701ceaae286df3,APT_CyberCriminal_Campagin_Collections,87c7253f411dc8df778ccbc3f0f922598b80c3e65fe70d4be91ec7d9740b444a,CONTENT_ELIGIBLE,1523,8,1,"[""APT_CyberCriminal_Campagin_Collections""]","[""RAW-0f701ceaae286df3""]",SINGLETON,False,True
CANON-a591bccf33e6ce01,a591bccf33e6ce019fdcdf41bd4c490c9ab50c99fd0d26419863a14f32754602,1,RAW-2d82ee00bd07d793,APT_CyberCriminal_Campagin_Collections,23b78825604aa36215ad1beb8c3baf9c7921f517e4d7d50b31357170a8b8eec4,CONTENT_ELIGIBLE,2322,14,1,"[""APT_CyberCriminal_Campagin_Collections""]","[""RAW-2d82ee00bd07d793""]",SINGLETON,False,True
CANON-a598f82fe38e20e0,a598f82fe38e20e07f6e06ed9b5b07d34dbf6b9c64b1f90f2a2403804f80a24c,2,RAW-4f7b4d2e0ceddd5b,APT_CyberCriminal_Campagin_Collections,2b61fceb3408ec8244fe9ee56adaa8ff8c15992f428ae3de298ee3a7448bbf6b,CONTENT_ELIGIBLE,1460,6,2,"[""APT_CyberCriminal_Campagin_Collections"",""APTnotes""]","[""RAW-4f7b4d2e0ceddd5b"",""RAW-780c1a44b0917425""]",EXACT_BINARY,True,True
CANON-a5a6506744dd9066,a5a6506744dd9066393fd9cf5753938e02a10fa5b3a08b75d3efe0313b36661b,1,RAW-e07fe10a660081c7,APTnotes,b2fd38bddae76271db6db632c94ed860f6a3a17a3cf6c944a49a0a5310212f95,CONTENT_ELIGIBLE,4060,22,1,"[""APTnotes""]","[""RAW-e07fe10a660081c7""]",SINGLETON,False,True
CANON-a5b8dfc8572a68dd,a5b8dfc8572a68dd6a7381c8077444055ef48825d429e8feddd2aaddc3f7518e,2,RAW-39fd91309227abc9,APTnotes,26c67c594092fa30573abc538851fce2a8d92c3f8a722fda33be17d8c6243702,CONTENT_ELIGIBLE,13726,53,2,"[""APT_CyberCriminal_Campagin_Collections"",""APTnotes""]","[""RAW-39fd91309227abc9"",""RAW-6659326f478bcd7d""]",EXACT_BINARY,True,True
CANON-a5e1df501f3b76fe,a5e1df501f3b76fe09b737070d0370b9189e347aae0f449869d67a5ddf89874c,2,RAW-89103a3ffe629a64,APT_CyberCriminal_Campagin_Collections,e0d9f6811e704f436af7934ef63d183b2ab59320da581ebd808866dff2ef2588,CONTENT_ELIGIBLE,2213,10,2,"[""APT_CyberCriminal_Campagin_Collections"",""APTnotes""]","[""RAW-89103a3ffe629a64"",""RAW-e6ecc4a143814e5e""]",EXACT_BINARY,True,False
CANON-a5f3d751a9a9d235,a5f3d751a9a9d235e1312992198f64957fa7fa781c69d9c796b376571db355c7,1,RAW-fa0c1a59c390f82a,APT_CyberCriminal_Campagin_Collections,570e288b1201290b91b1d3f2422fe72facb12cf0b4bcceb4ade127c1d27630b7,CONTENT_ELIGIBLE,1260,4,1,"[""APT_CyberCriminal_Campagin_Collections""]","[""RAW-fa0c1a59c390f82a""]",SINGLETON,False,True
CANON-a615b354d871b9f8,a615b354d871b9f864c0268282c62491eba12526998fff58bbbd4f3338073ab4,1,RAW-1ed763a81428ccd5,APTnotes,5b3d77b71c1b02367e7d2930df8bf2c50f30795230b59b4438afde83d8d687cc,CONTENT_ELIGIBLE,1305,10,1,"[""APTnotes""]","[""RAW-1ed763a81428ccd5""]",SINGLETON,False,False
CANON-a616741b9db658fa,a616741b9db658fa358cb347e40f8ccfcd8dd58ebea1f77fda742cfe891f9312,1,RAW-bc6431d9a48cb375,APT_CyberCriminal_Campagin_Collections,d7104cff2aa08e3230861fe48ba1ae612304fcdd3abfc95c2360d2ef852ba825,CONTENT_ELIGIBLE,973,10,1,"[""APT_CyberCriminal_Campagin_Collections""]","[""RAW-bc6431d9a48cb375""]",SINGLETON,False,True
CANON-a655d9e1a873dcda,a655d9e1a873dcda77cee61c6001f739216f880be7448ee99089e25a2447d953,1,RAW-beff18cd49545202,APT_CyberCriminal_Campagin_Collections,8d452e4e945f3ea8f03d21d9dd654faefcb1ac15400834db15fd7a7f1eabadde,CONTENT_ELIGIBLE,4967,28,1,"[""APT_CyberCriminal_Campagin_Collections""]","[""RAW-beff18cd49545202""]",SINGLETON,False,True
CANON-a68efbc64a18653e,a68efbc64a18653e11d9d47304a040202c767b325687e442a0295b1578281e3c,1,RAW-bffc3873dac14b9d,APT_CyberCriminal_Campagin_Collections,d5131a1824daa2fd5ce77dfed5b10877ae59d11e604904b254c887365b6a5e4f,CONTENT_ELIGIBLE,2729,15,1,"[""APT_CyberCriminal_Campagin_Collections""]","[""RAW-bffc3873dac14b9d""]",SINGLETON,False,True
CANON-a69dd5a93283b585,a69dd5a93283b585ab1f4d683fbda3c2fc0023aef745543cd399cd9649e4d314,1,RAW-5efc734c3fdc1b70,APT_CyberCriminal_Campagin_Collections,072699072aab75fa1384544251a927cdd5e82a3cfc3479ec7c1a93cf96445293,CONTENT_ELIGIBLE,8898,52,1,"[""APT_CyberCriminal_Campagin_Collections""]","[""RAW-5efc734c3fdc1b70""]",SINGLETON,False,True
CANON-a69e34ea3465cb31,a69e34ea3465cb31370e390ef743cb8a8cf661b7c3d2a9697fca42ba423f8e48,1,RAW-9510352a29bc240d,APT_CyberCriminal_Campagin_Collections,3b2e22bfcab8d3cbae6f68394d45bcd6876c5261fcdfc5a2117d9a6f194e9e1b,CONTENT_ELIGIBLE,1481,5,1,"[""APT_CyberCriminal_Campagin_Collections""]","[""RAW-9510352a29bc240d""]",SINGLETON,False,False
CANON-a6ba6a29a49ee0e8,a6ba6a29a49ee0e89d519de3c51fba68d78af75c675b13469bdbadba0ac2209a,1,RAW-757bd641076cd1cc,APTnotes,b7f981cf5356ad67309902bbc27317650c3211e38f52e75e03105da4b6e582cb,CONTENT_ELIGIBLE,6853,32,1,"[""APTnotes""]","[""RAW-757bd641076cd1cc""]",SINGLETON,False,True
CANON-a6f71746fb54346f,a6f71746fb54346f1ccc88d4c1d5f2bb66977d1f0324e09c29f1fc6fb820293e,1,RAW-3c0b14093915eb3d,APT_CyberCriminal_Campagin_Collections,13712113f70a0fe17d631a2b61dede48a099128b68718fa11bcc504db6b07d14,CONTENT_ELIGIBLE,1605,11,1,"[""APT_CyberCriminal_Campagin_Collections""]","[""RAW-3c0b14093915eb3d""]",SINGLETON,False,True
CANON-a6fc07a786de7f63,a6fc07a786de7f6374a66d8d5ed5eea9d732955d086778526d948e2e086781ba,1,RAW-f57a0393cd986f14,APT_CyberCriminal_Campagin_Collections,fd6f31ef98306a4c180043d08e7514a746943c085e2e3f48f41a3414fc3f4daa,CONTENT_ELIGIBLE,1385,11,1,"[""APT_CyberCriminal_Campagin_Collections""]","[""RAW-f57a0393cd986f14""]",SINGLETON,False,True
CANON-a7358f60b9915a32,a7358f60b9915a326dbb7c69a651f251af2463e99baf923ddaa793eb51c3ddc7,1,RAW-2bd7319e7a925ad8,APT_CyberCriminal_Campagin_Collections,655aad3ed634281903953fa0a2c1189b1cba5688c9d5672b341650483a238f82,CONTENT_ELIGIBLE,2120,10,1,"[""APT_CyberCriminal_Campagin_Collections""]","[""RAW-2bd7319e7a925ad8""]",SINGLETON,False,False
CANON-a74a209c61f9bb34,a74a209c61f9bb34d5d7188f9055a9f9bb9265444d1f00b423493a92855bc071,1,RAW-b5c99e88b38c9bb7,APT_CyberCriminal_Campagin_Collections,9ced79901d665e0aa8acc44803eb3e8e53edf450cfc6d3a69c19d3519dcedfdc,CONTENT_ELIGIBLE,1064,9,1,"[""APT_CyberCriminal_Campagin_Collections""]","[""RAW-b5c99e88b38c9bb7""]",SINGLETON,False,True
CANON-a7958915da89c588,a7958915da89c58867b429aceb3bde4632214716d1b9783e081061002574e83b,1,RAW-33913dbb6b1a1bd7,APT_CyberCriminal_Campagin_Collections,566cfafc4cbde977f29242e4aedd3557fc67784d12e1b703719ec40d56369d43,CONTENT_ELIGIBLE,6570,51,1,"[""APT_CyberCriminal_Campagin_Collections""]","[""RAW-33913dbb6b1a1bd7""]",SINGLETON,False,True
CANON-a7cf7bd555a6285e,a7cf7bd555a6285e60d8bba3f3112e424ec89d8cefee0210c414fbf5b32365fa,2,RAW-16f9bedb3f92d626,APT_CyberCriminal_Campagin_Collections,7ef8db442a26d292ffaa0d32d300524561c1a62591b79acf019cad6930bb185b,CONTENT_ELIGIBLE,4932,28,2,"[""APT_CyberCriminal_Campagin_Collections"",""APTnotes""]","[""RAW-16f9bedb3f92d626"",""RAW-83783983828249cc""]",EXACT_BINARY,True,True
CANON-a7d2376167dc053c,a7d2376167dc053c2541912ce1f9f900de5bc0d283901c14861c9048db26d32f,1,RAW-7061c11ad47cb7e9,APTnotes,4a85f9a1ece461f394318fe6fda374e1c8b44aaa33934280791e593f78ec4602,CONTENT_ELIGIBLE,5108,30,1,"[""APTnotes""]","[""RAW-7061c11ad47cb7e9""]",SINGLETON,False,True
CANON-a7ee7d001b3fad32,a7ee7d001b3fad32c5fd09fd9390b5e8a5b2415bb220e1c13fd6042a9ebf8855,2,RAW-68cfb1866a226f66,APTnotes,25955fedb173bf9ea563bdf09346007258eb0f3f890587c00169946fdae5eeb2,CONTENT_ELIGIBLE,867,5,2,"[""APT_CyberCriminal_Campagin_Collections"",""APTnotes""]","[""RAW-68cfb1866a226f66"",""RAW-9e029232e2efd4ed""]",EXACT_BINARY,True,True
CANON-a83a095e83a2b156,a83a095e83a2b15619797b37fb5782524cdc84fd19f151755d77279c28096e69,1,RAW-92b1aaa8981bc833,APT_CyberCriminal_Campagin_Collections,1ffaad936cd24cbf694431e2407b9db4a8751a49c9fb9ccd1bb54b62aadccaa6,CONTENT_ELIGIBLE,1594,10,1,"[""APT_CyberCriminal_Campagin_Collections""]","[""RAW-92b1aaa8981bc833""]",SINGLETON,False,True
CANON-a853784960b2f50d,a853784960b2f50d38ce1b69874ee427c52489b64f6666cd08f894e7f40de9db,1,RAW-852a361193a55eb6,APT_CyberCriminal_Campagin_Collections,bf5dcb4e3e243d24ddab6b397c1ed0e4acb10fa1a286814e1ee37356dab6b355,CONTENT_ELIGIBLE,1787,15,1,"[""APT_CyberCriminal_Campagin_Collections""]","[""RAW-852a361193a55eb6""]",SINGLETON,False,True
CANON-a8ae8071c5a8ca7b,a8ae8071c5a8ca7b21dea6f2ad84523bf56dfcd3e5f8840251a0ddfea0fb8cc1,1,RAW-ea20fca96109db43,APT_CyberCriminal_Campagin_Collections,3c84a665ad1b89ab01823a9cdd56a4bff80cd1ab6e819a6880d6ee0a74891071,CONTENT_ELIGIBLE,73444,157,1,"[""APT_CyberCriminal_Campagin_Collections""]","[""RAW-ea20fca96109db43""]",SINGLETON,False,True
CANON-a8f6c6a788131c38,a8f6c6a788131c38fadd548d76834b51eadd9edaef3f64a892124e8f0bec3741,1,RAW-5e11d171dbc6d4a8,APTnotes,5db3ea54695d633a7eca54289be2d421ce57bfa39279c8e2262e4afb868cbf47,CONTENT_ELIGIBLE,1206,7,1,"[""APTnotes""]","[""RAW-5e11d171dbc6d4a8""]",SINGLETON,False,True
CANON-a92a0a0ae1522dae,a92a0a0ae1522daec737566b0fdb500e0ee0d64cf869fe68c64b45d848620e90,1,RAW-a6b09ce7dfe9424e,APT_CyberCriminal_Campagin_Collections,39d8b5921c641c9f48f4b3c53c7a11bc8f8d6e36b92f6bbed0e1442f528b90ce,CONTENT_ELIGIBLE,4344,33,1,"[""APT_CyberCriminal_Campagin_Collections""]","[""RAW-a6b09ce7dfe9424e""]",SINGLETON,False,True
CANON-a9398002ecb8d8dd,a9398002ecb8d8ddd401740bb87c913aa18a844f04ee0323a9e69cef552e7cab,1,RAW-8908054fe22bc093,APTnotes,31cdf1c93f8853815f5db58cc595ab0edf1d9263885f314d2d5f6b445e59e9a0,CONTENT_ELIGIBLE,1187,10,1,"[""APTnotes""]","[""RAW-8908054fe22bc093""]",SINGLETON,False,True
CANON-a9629e4ad47fe02a,a9629e4ad47fe02a2df8fc1a04c484654c3bff9984e7f64892491a2caa2e5c22,1,RAW-bf2917e284901d74,APT_CyberCriminal_Campagin_Collections,5206160b74cbc22d913769f3666dc21409e714c463e33b8d33d5962aa3b86e60,CONTENT_ELIGIBLE,797,6,1,"[""APT_CyberCriminal_Campagin_Collections""]","[""RAW-bf2917e284901d74""]",SINGLETON,False,True
CANON-a9681e3b2b39c098,a9681e3b2b39c098f02288cc217638c5eeef8dc13f9a186631f4b51da1f28750,1,RAW-b47dea2e8be24317,APT_CyberCriminal_Campagin_Collections,bd79fa529f5e4f4aa1636a97fdace140ce211f0ee7c18851d94c8ff02cc1996e,CONTENT_ELIGIBLE,1792,8,1,"[""APT_CyberCriminal_Campagin_Collections""]","[""RAW-b47dea2e8be24317""]",SINGLETON,False,True
CANON-a96d779f3816e4da,a96d779f3816e4da037fea86ba58e9fab160bb8f849c7af35ccdaf1f4d23e256,1,RAW-476d6c5f905d0ec7,APT_CyberCriminal_Campagin_Collections,6d55e24dc696cae2a205296ac01b70a7670dbfb565544c2a3638b76fbec81ae0,CONTENT_ELIGIBLE,3536,14,1,"[""APT_CyberCriminal_Campagin_Collections""]","[""RAW-476d6c5f905d0ec7""]",SINGLETON,False,True
CANON-a98b8441804ba70e,a98b8441804ba70e919ca3a9ad467a839e28b0b011180dd7987894cdb59ab6d2,1,RAW-d8b9c5e910e0158c,APTnotes,c30d70a5e131256ec3b5f1f615d3411ce2b1e362a125c90464c282eb9f3d4866,CONTENT_ELIGIBLE,1450,4,1,"[""APTnotes""]","[""RAW-d8b9c5e910e0158c""]",SINGLETON,False,True
CANON-a99732e0110c7d96,a99732e0110c7d962bf0ee3bcb630571a99302dba8b67f99b47139efc37c4b75,1,RAW-80abc203303d4c26,APT_CyberCriminal_Campagin_Collections,868932884eb4434493b4e5db344ff523a9e204d44561917b61c8c31c15089e38,CONTENT_ELIGIBLE,1453,7,1,"[""APT_CyberCriminal_Campagin_Collections""]","[""RAW-80abc203303d4c26""]",SINGLETON,False,True
CANON-a9a7766085ee00ae,a9a7766085ee00ae1f390c30a6b1fb2e2ad08f0578705fcdd374a53881bff3aa,1,RAW-974179b6781bdf7e,APT_CyberCriminal_Campagin_Collections,c89b33ff79b156dde7ca33edfb2cb5f5e4d72c95feb448d1ccb478f95772e720,CONTENT_ELIGIBLE,4099,20,1,"[""APT_CyberCriminal_Campagin_Collections""]","[""RAW-974179b6781bdf7e""]",SINGLETON,False,True
CANON-a9c27800a8042a98,a9c27800a8042a9869113039e68519d0b6f9321e3d902563ef7d89ebac9a3320,1,RAW-fabe21d3249baf1c,APT_CyberCriminal_Campagin_Collections,0c5c1b283277259f244a0c4014d6c2c43878f1ec91f7ff840ad7389c2255dbe0,CONTENT_ELIGIBLE,239,3,1,"[""APT_CyberCriminal_Campagin_Collections""]","[""RAW-fabe21d3249baf1c""]",SINGLETON,False,False
CANON-a9e1b4e594f31a63,a9e1b4e594f31a63f6767d30dba5e669f282ffbcbe31b3bbf5e8e8573f763617,2,RAW-940fd18cd0c6f686,APT_CyberCriminal_Campagin_Collections,e932c48d54d8c1759c132d6cef45cca0a5a8ef514f2c88363f52608cc924e2c4,CONTENT_ELIGIBLE,2910,13,2,"[""APT_CyberCriminal_Campagin_Collections"",""APTnotes""]","[""RAW-940fd18cd0c6f686"",""RAW-a16cb662e3a4a85d""]",EXACT_BINARY,True,False
CANON-a9e8684e4dc20013,a9e8684e4dc2001390a0f7a4c34651b8e8db02975a697153a90fc3cc450b66c1,2,RAW-04210744264ff9fc,APTnotes,79272a62054686c778cc74ffa95a2c4843fc808808ad1aa451525f73d1c0c972,CONTENT_ELIGIBLE,661,6,2,"[""APT_CyberCriminal_Campagin_Collections"",""APTnotes""]","[""RAW-04210744264ff9fc"",""RAW-e8f7334b6f81c3b7""]",EXACT_BINARY,True,True
CANON-aa576253ba677b2a,aa576253ba677b2a343ac277de58eeeae96669bd67201577ef3522d0dfcf2fa1,1,RAW-02ed441574d23590,APTnotes,7cb938a11ba50891d12cd19d85f50dc9dc7dc2558fa70c789b39cc061b3386a2,CONTENT_ELIGIBLE,2276,5,1,"[""APTnotes""]","[""RAW-02ed441574d23590""]",SINGLETON,False,True
CANON-aa85eb4bacbafa6b,aa85eb4bacbafa6b0ee6a1e5bf624aaa334fda82dfd95e5b39c810bd32ff0eb7,2,RAW-ce589ae542fae007,APT_CyberCriminal_Campagin_Collections,eecad2dcf94fff41c4487b948a0521c3da9818ee694c118b4413b7aba0a182df,CONTENT_ELIGIBLE,1890,10,2,"[""APT_CyberCriminal_Campagin_Collections"",""APTnotes""]","[""RAW-ce589ae542fae007"",""RAW-ff401a7149465d8f""]",EXACT_BINARY,True,True
CANON-aaab78e6c38e1696,aaab78e6c38e1696540bfd5c9c7ac33fabe1fd6a5704b74139354269c682f370,1,RAW-2bf47971534cbb0f,APT_CyberCriminal_Campagin_Collections,11460e45ee525dec7a1b03de04a3e238c0200ebdae47358a9bb222e196c1e052,CONTENT_ELIGIBLE,10747,17,1,"[""APT_CyberCriminal_Campagin_Collections""]","[""RAW-2bf47971534cbb0f""]",SINGLETON,False,True
CANON-aaed80c186064a2b,aaed80c186064a2bcd1d3db769d56b03a7473f36f0ebe63738d552bdefdd1574,1,RAW-810211104b82e722,APT_CyberCriminal_Campagin_Collections,d10ace962f97771a08fdb888d37e47318b38936894e5c31d5cbaf15a0049bec6,CONTENT_ELIGIBLE,6034,28,1,"[""APT_CyberCriminal_Campagin_Collections""]","[""RAW-810211104b82e722""]",SINGLETON,False,True
CANON-aaf61af70902f62b,aaf61af70902f62b765b418ccc70d16f1ffdc8d0201b7d634e3702e70d4a1f85,1,RAW-2876f968af7213ae,APT_CyberCriminal_Campagin_Collections,afb0ed9bf610eb8ead301b422453b1ec69f57e5710bd328700affb7b04b3dfd7,CONTENT_ELIGIBLE,2844,16,1,"[""APT_CyberCriminal_Campagin_Collections""]","[""RAW-2876f968af7213ae""]",SINGLETON,False,True
CANON-ab244366f91dd01c,ab244366f91dd01c82e38bf4f8278b017b234dfacf538bf05744bcfe10df69b3,1,RAW-9d84461e7233e958,APTnotes,bda387662a329f9738e6dd4087f17fe1da2a6135897a19074968e52e1f35854c,CONTENT_ELIGIBLE,3700,27,1,"[""APTnotes""]","[""RAW-9d84461e7233e958""]",SINGLETON,False,False
CANON-ab738eeb1d6a07dc,ab738eeb1d6a07dc2fc1ba8e90d8f2903788cd8d03efe47e69966164a8b91c15,1,RAW-9297fbd6229b354f,APT_CyberCriminal_Campagin_Collections,27e28131a10cc39ce9641c6a2e806aa4c3fe5ab16e1a7e3cec2ffcdab2872301,CONTENT_ELIGIBLE,6717,31,1,"[""APT_CyberCriminal_Campagin_Collections""]","[""RAW-9297fbd6229b354f""]",SINGLETON,False,True
CANON-ab797a1d0dfe6517,ab797a1d0dfe6517a88dda11d0fa7fdff9e802e80f1068f786ae721936a98c3a,1,RAW-d73f860d6143d542,APT_CyberCriminal_Campagin_Collections,a56f7b8f09da55bf3a147279afbca197662820f2c4cc78f253012f7fa36ca9ed,CONTENT_ELIGIBLE,2053,8,1,"[""APT_CyberCriminal_Campagin_Collections""]","[""RAW-d73f860d6143d542""]",SINGLETON,False,True
CANON-ab7c1f4e66f2236f,ab7c1f4e66f2236f43e8861ddf19fa3e92ac2e575a63a7d541ee1af1b8cef90e,1,RAW-6ec0069bfbecf09b,APT_CyberCriminal_Campagin_Collections,b9c361aaff94bc43fa68afee7702e317d533b0a2bc70261512bbefcd37655404,CONTENT_ELIGIBLE,301,24,1,"[""APT_CyberCriminal_Campagin_Collections""]","[""RAW-6ec0069bfbecf09b""]",SINGLETON,False,False
CANON-ab9277bc8e323c78,ab9277bc8e323c78955f126f36419b0f23b7ee990835ff3051c6f909602a21f9,1,RAW-6b42c108e3efdd4c,APT_CyberCriminal_Campagin_Collections,e8fba22a5eb2a9dd2d426049fd353418eef6ef5e3b041acde8a65cc97eeecd2d,CONTENT_ELIGIBLE,7816,30,1,"[""APT_CyberCriminal_Campagin_Collections""]","[""RAW-6b42c108e3efdd4c""]",SINGLETON,False,True
CANON-abbcf6801544895a,abbcf6801544895aeffa137306683d3784a09098d0139476717cb4d67774b6bf,1,RAW-5294534305f16dd6,APT_CyberCriminal_Campagin_Collections,97c2c9480a1b0a3026fa2a791547de2c448992bd8116001c6035335950d6780a,CONTENT_ELIGIBLE,1645,7,1,"[""APT_CyberCriminal_Campagin_Collections""]","[""RAW-5294534305f16dd6""]",SINGLETON,False,True
CANON-abd41bc4efd36f90,abd41bc4efd36f90b07c9087419c1cfe64f2a899ba82c13c605838ca09294517,1,RAW-984a0690724e57b9,APT_CyberCriminal_Campagin_Collections,9a1aa0cdac49e6dba1beab33a458d7bd63c07515387e1183d6a4055075c86dfb,CONTENT_ELIGIBLE,3289,18,1,"[""APT_CyberCriminal_Campagin_Collections""]","[""RAW-984a0690724e57b9""]",SINGLETON,False,True
CANON-abd425832bcf9f84,abd425832bcf9f847f938479dacc20fbb0b2aa350aa6278d7b3ca94033da7f5e,1,RAW-35fa4b3727b22de4,APT_CyberCriminal_Campagin_Collections,eb978aa4f5d7371baf6488a9e8c749bf55062fdd9f4300697c83007aade87246,CONTENT_ELIGIBLE,5727,25,1,"[""APT_CyberCriminal_Campagin_Collections""]","[""RAW-35fa4b3727b22de4""]",SINGLETON,False,True
CANON-abd901e7cf4c0f40,abd901e7cf4c0f40bd87d4871228f57cbad1f97c20251dc4698769ab85950df6,1,RAW-80ae116d8b383dbb,APT_CyberCriminal_Campagin_Collections,871bb0e87118135b2969b78915b1608b1308f9698555b107ed8e7aca709d92c5,CONTENT_ELIGIBLE,234,4,1,"[""APT_CyberCriminal_Campagin_Collections""]","[""RAW-80ae116d8b383dbb""]",SINGLETON,False,True
CANON-abecbf8f2ec2f08e,abecbf8f2ec2f08ec3e9efcf9a932af842a526aedb3bdee0bebcab573e9e4140,2,RAW-2c9b88aa9315137e,APTnotes,1254dd71960167d22fa31a43d2ec7e133401fc00fc2d5702478a7c4751586b2f,CONTENT_ELIGIBLE,2705,11,2,"[""APT_CyberCriminal_Campagin_Collections"",""APTnotes""]","[""RAW-2c9b88aa9315137e"",""RAW-a0ae7a2aea7e6f28""]",EXACT_BINARY,True,True
CANON-ac0e44c0dd4c8409,ac0e44c0dd4c84097403cb309f92b309d28b756d3a720469eefde0b2f090aa9b,1,RAW-e60b6235b6d4cdb2,APT_CyberCriminal_Campagin_Collections,b353f9ce5bb8dee59cc043be846b930697d55cfb40cfeb78b89d7aa936a80a04,CONTENT_ELIGIBLE,7773,28,1,"[""APT_CyberCriminal_Campagin_Collections""]","[""RAW-e60b6235b6d4cdb2""]",SINGLETON,False,True
CANON-ac0f112809755744,ac0f112809755744057f6cedd6f2e7090d1d24302bef0256482b18b1bf6d7e63,1,RAW-f5d2cbfe8752626b,APT_CyberCriminal_Campagin_Collections,451843549df7bbfdaee80d9598591dabc774777fb18b5be6d4686caaa8c05de1,CONTENT_ELIGIBLE,12422,112,1,"[""APT_CyberCriminal_Campagin_Collections""]","[""RAW-f5d2cbfe8752626b""]",SINGLETON,False,True
CANON-ac1489ca1cb551a5,ac1489ca1cb551a513c33b7a0b7307d590a84786150bd49f336fc2c4af4a8841,1,RAW-bcf64831f06a7fcf,APT_CyberCriminal_Campagin_Collections,03a60ace02dcd4306b72529d6e479402475b33245e8c73010929ea1e613410d9,CONTENT_ELIGIBLE,3740,22,1,"[""APT_CyberCriminal_Campagin_Collections""]","[""RAW-bcf64831f06a7fcf""]",SINGLETON,False,True
CANON-ac8b1de2cb6dbff6,ac8b1de2cb6dbff6821a637fce18f5c6c8312b238a60470cca4d79505bd4744c,1,RAW-2a9822e66f36acf5,APT_CyberCriminal_Campagin_Collections,02be76e970017b2bbd340d2c1ee97ce642b8f01b19b902a29b1a2694e95dec31,CONTENT_ELIGIBLE,657,12,1,"[""APT_CyberCriminal_Campagin_Collections""]","[""RAW-2a9822e66f36acf5""]",SINGLETON,False,True
CANON-acb62a249a780373,acb62a249a7803731343e7f772b681d4b779bb7dec2deec3da70caafa88fb486,1,RAW-9a82532e46cdfd1f,APT_CyberCriminal_Campagin_Collections,0bfc6782f94fc5b47244c41428f071252e0747ad3df69cebff86fe2af2d52888,CONTENT_ELIGIBLE,2389,15,1,"[""APT_CyberCriminal_Campagin_Collections""]","[""RAW-9a82532e46cdfd1f""]",SINGLETON,False,True
CANON-acb75534f9ced641,acb75534f9ced641346bd9d42b2ca2ed4674f321e38defe71f6d1e22c7224865,1,RAW-7ab102129dab245a,APT_CyberCriminal_Campagin_Collections,c246272ed14f1194cc3963389eb038975fb1ea8961866d0344e0d68eafdc53af,INSUFFICIENT_RECONSTRUCTED_TEXT,46,27,1,"[""APT_CyberCriminal_Campagin_Collections""]","[""RAW-7ab102129dab245a""]",SINGLETON,False,False
CANON-acc816d7cb695cac,acc816d7cb695cac62012760f8512bd007f787c71343d940be8057a7ee0830a1,1,RAW-8105eaa431bf0208,APT_CyberCriminal_Campagin_Collections,a75961fae2dc0a196efdc5602f2a08e1731f47638baae66438f4ec646b7f1d59,CONTENT_ELIGIBLE,1106,7,1,"[""APT_CyberCriminal_Campagin_Collections""]","[""RAW-8105eaa431bf0208""]",SINGLETON,False,True
CANON-ace293ebbea1e7dc,ace293ebbea1e7dc778a2620a4cdc997a30d7d872b4c0817f3707cbfbd8f850e,1,RAW-de021c0560a49f50,APT_CyberCriminal_Campagin_Collections,fa9160516b141e77f09d267f85b7a6a35784b87e30ba64e6c9864e779cefd688,CONTENT_ELIGIBLE,3427,17,1,"[""APT_CyberCriminal_Campagin_Collections""]","[""RAW-de021c0560a49f50""]",SINGLETON,False,True
CANON-ad0f5072e4383b12,ad0f5072e4383b126eae2798509a1165d625f5f39bec47965c1ba53a1acadda4,1,RAW-8dd14081a9728f67,APT_CyberCriminal_Campagin_Collections,1069eac37f4ba65d441b6924e2f7e7792bae133df3bc153802d904dfc6aa917a,CONTENT_ELIGIBLE,4937,56,1,"[""APT_CyberCriminal_Campagin_Collections""]","[""RAW-8dd14081a9728f67""]",SINGLETON,False,True
CANON-ad200f43236ff4ae,ad200f43236ff4aeb54cc754471b17d5d40692a442da4f76ee4e0f744bff0efd,1,RAW-5ee7842f2ee7466b,APT_CyberCriminal_Campagin_Collections,6bd1158acd8dcdf1254bfd9f1fa387f2a6dea3e3121b180d6fdaa295b24ecfc4,CONTENT_ELIGIBLE,8898,32,1,"[""APT_CyberCriminal_Campagin_Collections""]","[""RAW-5ee7842f2ee7466b""]",SINGLETON,False,True
CANON-ad2f3f90c9ac0c37,ad2f3f90c9ac0c373ce898eca511f6536d41c941f93011550309b2ddbcf43ee5,2,RAW-a6927404a22e0fe0,APTnotes,6c64db921674ab60b2de711f49feb2f2675f39a3c2156e0443a884ca1875da29,CONTENT_ELIGIBLE,3109,24,2,"[""APT_CyberCriminal_Campagin_Collections"",""APTnotes""]","[""RAW-a6927404a22e0fe0"",""RAW-fb39bedc58f5b281""]",EXACT_BINARY,True,True
CANON-ad3703817ae2974f,ad3703817ae2974f7dead67557c859a55651c4929d8a5e732db3d17e5d65ab0d,1,RAW-d772f7b82b74d3da,APT_CyberCriminal_Campagin_Collections,9057bbe8030b270ecc86d19b1afe7a05155ee215b1adc13655643141ef2de73e,CONTENT_ELIGIBLE,15224,86,1,"[""APT_CyberCriminal_Campagin_Collections""]","[""RAW-d772f7b82b74d3da""]",SINGLETON,False,True
CANON-ad3aebcb38fcbe1d,ad3aebcb38fcbe1d7ed27502608993b52a31c43f35a2f372bf5980ef509a9842,1,RAW-7a52cbce298b537f,APTnotes,2737f7bebd516c5fcc9203601e5e9036767da6ccd98cd886c6eeea6fc408f13d,CONTENT_ELIGIBLE,5940,23,1,"[""APTnotes""]","[""RAW-7a52cbce298b537f""]",SINGLETON,False,True
CANON-ad3e97522bc4c030,ad3e97522bc4c030efa6e302eb5094ae2718613ccd851478e01b1abede917f05,1,RAW-4a9e2ce9da9ae11a,APTnotes,90df553f9d93544bab13a40954ca6b16b09b12764884aa9d80d74bb0a4fbde3a,CONTENT_ELIGIBLE,2640,11,1,"[""APTnotes""]","[""RAW-4a9e2ce9da9ae11a""]",SINGLETON,False,True
CANON-ad864f34cde60800,ad864f34cde608002bcf876306dcccd4657fb13642749935a1f7ec5120bcbe8c,1,RAW-c02347b2cae96c33,APT_CyberCriminal_Campagin_Collections,00a930248e72a591323e1e7608f89856f496303f4f078132d0f690f42aa5b4cc,CONTENT_ELIGIBLE,5246,28,1,"[""APT_CyberCriminal_Campagin_Collections""]","[""RAW-c02347b2cae96c33""]",SINGLETON,False,True
CANON-ad86acd5a7c75321,ad86acd5a7c75321302189bbe34ad1a922b5e509d7aa3e559b37dac3065c11bf,1,RAW-a79ab6adc0c074df,APT_CyberCriminal_Campagin_Collections,f00e2f04cc70e70e49593076e5428c1993d5a383cd1f66dcd33496ca92eb09f9,CONTENT_ELIGIBLE,1130,22,1,"[""APT_CyberCriminal_Campagin_Collections""]","[""RAW-a79ab6adc0c074df""]",SINGLETON,False,False
CANON-ad8b66dcd427a4f3,ad8b66dcd427a4f3bf4b6f6995fbf629e19af5538eba6bdee26acafacf2a2982,1,RAW-4a68a446c19cacca,APT_CyberCriminal_Campagin_Collections,6e97797b032bcbc820c74dea432af06c4f0b56c94a20efe598cdcbfcd4c30623,CONTENT_ELIGIBLE,1065,11,1,"[""APT_CyberCriminal_Campagin_Collections""]","[""RAW-4a68a446c19cacca""]",SINGLETON,False,True
CANON-ad9473407749c546,ad9473407749c54600cd42c23765b49b19a633631e88c0d77a0e50a3598b5cef,1,RAW-9038c61b586b3241,APT_CyberCriminal_Campagin_Collections,812dabfbfe70a6dd62d3f80a1c30929e068caf028319a7323e37f4a503252f32,CONTENT_ELIGIBLE,2473,21,1,"[""APT_CyberCriminal_Campagin_Collections""]","[""RAW-9038c61b586b3241""]",SINGLETON,False,True
CANON-ada735e475366a53,ada735e475366a53b9500d10ab0227f4b9647f242d573bc00202c34423e9c96e,1,RAW-dafe982b0f9cb230,APT_CyberCriminal_Campagin_Collections,0290bc297d03386d5720c10451f55307de65b1f747f41eff2c55521be8a5a902,CONTENT_ELIGIBLE,3069,14,1,"[""APT_CyberCriminal_Campagin_Collections""]","[""RAW-dafe982b0f9cb230""]",SINGLETON,False,True
CANON-addc8d1353620d99,addc8d1353620d9922e245b305de2c080c6a0261829fdae67e5b4d2eb71bae26,1,RAW-0ad30d0ea865097d,APT_CyberCriminal_Campagin_Collections,a825b2c93b1c24aa6e1bba781b1f93f113d3982bcdd7e2a99e91ec79b715bb16,CONTENT_ELIGIBLE,4142,21,1,"[""APT_CyberCriminal_Campagin_Collections""]","[""RAW-0ad30d0ea865097d""]",SINGLETON,False,True
CANON-ade503ac2eb28c47,ade503ac2eb28c47c88a005aafe6b7ddbd8747d96f5fcf8d88fe951f4f4178f9,2,RAW-1368d3571799e096,APT_CyberCriminal_Campagin_Collections,986afbac9ae49e9ea4c34ab83440b2ef9877efa1915d09de6943e7a77abcd040,CONTENT_ELIGIBLE,1841,10,2,"[""APT_CyberCriminal_Campagin_Collections"",""APTnotes""]","[""RAW-1368d3571799e096"",""RAW-dabd470850f99719""]",EXACT_BINARY,True,True
CANON-ae5d13f3d5ddfba7,ae5d13f3d5ddfba7dacb7eee93be85ae632cec8f26b3daf9706c4a801f74fa70,1,RAW-b85ac37127d9f1e5,APT_CyberCriminal_Campagin_Collections,427d439ed30e546b6388c35280d06994fe4afe1ac4573eaaec7410fcbc95df77,CONTENT_ELIGIBLE,486,4,1,"[""APT_CyberCriminal_Campagin_Collections""]","[""RAW-b85ac37127d9f1e5""]",SINGLETON,False,True
CANON-ae77817eb7b17a44,ae77817eb7b17a44e1269630e567d952e26ee166db82470d3dfb84334c8bd736,1,RAW-d827da04bd05aecf,APTnotes,2be2bb64f2c282af5e693c795f8396470de6b8c59c379970d2b284a26fd3cb5c,CONTENT_ELIGIBLE,1807,9,1,"[""APTnotes""]","[""RAW-d827da04bd05aecf""]",SINGLETON,False,True
CANON-ae94ce1c91b3cab4,ae94ce1c91b3cab4e42eb65db0cad40a894bc6dc005c9a58b5fd19e20624145a,2,RAW-0c02bd35921b1d3b,APT_CyberCriminal_Campagin_Collections,1b91fc4f714852a042f205f835313b6c8dcc94629ad1073664d43485ab795d62,NO_RECONSTRUCTED_TEXT,0,20,2,"[""APT_CyberCriminal_Campagin_Collections"",""APTnotes""]","[""RAW-0c02bd35921b1d3b"",""RAW-18b9941cf4468b84""]",EXACT_BINARY,True,False
CANON-aedc2122a84be848,aedc2122a84be848e592cd40349b291da901e91c06f37ea3d0adebe926c41ade,1,RAW-5684885842a52205,APT_CyberCriminal_Campagin_Collections,8c1f81f3e3256f02bc11d8ce8d281836d997a372d7e6e6048f65d17d10d88d6a,CONTENT_ELIGIBLE,17786,34,1,"[""APT_CyberCriminal_Campagin_Collections""]","[""RAW-5684885842a52205""]",SINGLETON,False,True
CANON-aeee0e0018c64b1d,aeee0e0018c64b1d32cdc240662dfe3f5aec94c35bda138eb07b5183b3b990eb,1,RAW-bfec625e4c008467,APT_CyberCriminal_Campagin_Collections,45b89719b1051e337114bdd381bb59ec8c359bc75595f4a28b821265265520a9,NO_RECONSTRUCTED_TEXT,0,29,1,"[""APT_CyberCriminal_Campagin_Collections""]","[""RAW-bfec625e4c008467""]",SINGLETON,False,False
CANON-af0e7f3309f7d8de,af0e7f3309f7d8deb7e952d09b4258b881385dfa4fae64c1e2d2fb04afc692f1,1,RAW-ac1ce4586633c084,APT_CyberCriminal_Campagin_Collections,99ed56476691aa7d6753878d30922a4688c2fb5f5d058d7b1fe71c8fd889926f,CONTENT_ELIGIBLE,3671,14,1,"[""APT_CyberCriminal_Campagin_Collections""]","[""RAW-ac1ce4586633c084""]",SINGLETON,False,False
CANON-af1784f71848867a,af1784f71848867ab074a258f1b7eff63e22398f58d3c1e08572fe28596ae3f9,1,RAW-2fa2b477d01f3768,APTnotes,95a197c9d6d07c2c495425dcf1f13083c348b20f6adc49069d4f2394b53e93ab,CONTENT_ELIGIBLE,555,5,1,"[""APTnotes""]","[""RAW-2fa2b477d01f3768""]",SINGLETON,False,True
CANON-af2ad37fb5303d08,af2ad37fb5303d0899487f47e07ea751687f91d837e7a1f39f257550949e30f8,1,RAW-14ad21d65c2b9af7,APTnotes,ce7da1c4845e9dd53666475d48073d871de7f295cd886d2bd23b3faf085cea3c,CONTENT_ELIGIBLE,1000,7,1,"[""APTnotes""]","[""RAW-14ad21d65c2b9af7""]",SINGLETON,False,False
CANON-af31a20e3dfe19ca,af31a20e3dfe19cafa658a701d75219a8a5e896fcee9c0f9aa7851927053ddc5,1,RAW-a4921dc2e6b6aec2,APTnotes,bc5d6f133262e48bb48a7be21c87e0959f354767508bc2ee6ea23f82ac2861b9,CONTENT_ELIGIBLE,690,4,1,"[""APTnotes""]","[""RAW-a4921dc2e6b6aec2""]",SINGLETON,False,True
CANON-afc5e82bf4727a82,afc5e82bf4727a826dce448f360d8287ea02e6519260787b5a48ef7f10ea79e4,1,RAW-faf050a9fb5d9763,APT_CyberCriminal_Campagin_Collections,78277eff08ea2e84b9b41db7d0be43478dbab17787f3e864322371b74a5bf1a5,CONTENT_ELIGIBLE,1079,5,1,"[""APT_CyberCriminal_Campagin_Collections""]","[""RAW-faf050a9fb5d9763""]",SINGLETON,False,False
CANON-afe158ca68c1c655,afe158ca68c1c655c35a748732148aac5072dd4ebb683b3b5e6d169db213e777,1,RAW-c9dc9f97302cc363,APT_CyberCriminal_Campagin_Collections,c53f78ed3b93779912f5ea7ca11a6ff6d62f4db12d26ae050cbabbc57f552b0c,CONTENT_ELIGIBLE,520,12,1,"[""APT_CyberCriminal_Campagin_Collections""]","[""RAW-c9dc9f97302cc363""]",SINGLETON,False,True
CANON-afe2132f04f67a08,afe2132f04f67a08747de1c3169329ae7e98a6d5bac822dc09b8ba91c8e6e84d,1,RAW-1d247a4e9618a5e3,APT_CyberCriminal_Campagin_Collections,3aea99a658ba55fdce47bd1349565d180e26c7db760f94325db067c23a9ec67e,CONTENT_ELIGIBLE,2619,8,1,"[""APT_CyberCriminal_Campagin_Collections""]","[""RAW-1d247a4e9618a5e3""]",SINGLETON,False,True
CANON-b008df178e50385f,b008df178e50385f246b5dc77b00f3b6fbd04459a738415dc988ffb79ee0e9fc,1,RAW-1a821552549aff0f,APTnotes,776e56f3774edfca2b13baace3dbd87f15b05659a2771866ed488124f2ea5a81,CONTENT_ELIGIBLE,149,50,1,"[""APTnotes""]","[""RAW-1a821552549aff0f""]",SINGLETON,False,False
CANON-b0448bcd0d30cb78,b0448bcd0d30cb7889163f23ee2123be22a139400b73f137c11eaddfdb4644fa,1,RAW-492d9419ffb12530,APT_CyberCriminal_Campagin_Collections,f7c7f57d5ee66a59d8df1b26a3e01860705a3b8703b9402715b9e66fb46f90c9,CONTENT_ELIGIBLE,755,4,1,"[""APT_CyberCriminal_Campagin_Collections""]","[""RAW-492d9419ffb12530""]",SINGLETON,False,True
CANON-b0599988a0ff65f1,b0599988a0ff65f132d443236bffdb753efc9057f72a99ae838657783c6b0d57,1,RAW-d13f45183fc50cab,APT_CyberCriminal_Campagin_Collections,132cdaba3ed4615b18b02b377ce4e8874f8085434baff0b2dd02284497498c9f,CONTENT_ELIGIBLE,2310,7,1,"[""APT_CyberCriminal_Campagin_Collections""]","[""RAW-d13f45183fc50cab""]",SINGLETON,False,True
CANON-b05a6793c15231d0,b05a6793c15231d010fe4a0dfe598166a1a06788fa5b265af67da651aac3e990,2,RAW-08a4c321a3122bb7,APTnotes,8acd289172b4fe47308a550654ff3c5764aeaadd3c88ecf6ea19f954f159fcc2,CONTENT_ELIGIBLE,1493,6,2,"[""APT_CyberCriminal_Campagin_Collections"",""APTnotes""]","[""RAW-08a4c321a3122bb7"",""RAW-89a5f8debe5e5c7c""]",EXACT_BINARY,True,True
CANON-b08925405f99641e,b08925405f99641e968b1c7cb83cc271f4612630e8ab1a25661ae32be2c97fa7,1,RAW-9c3ef3d1b73fdfe8,APT_CyberCriminal_Campagin_Collections,9d9e8d9c3b68f719be27287f5176fc152a4b79746e1cc4fff582f7c7ac06884c,CONTENT_ELIGIBLE,3903,20,1,"[""APT_CyberCriminal_Campagin_Collections""]","[""RAW-9c3ef3d1b73fdfe8""]",SINGLETON,False,True
CANON-b0894e38482b56ba,b0894e38482b56ba3264f828d9264506290d92d94d954fbd1ba1353ae50bcee4,2,RAW-9723fc3067235377,APTnotes,04f5645ce9309825c120a0595a03a7e048df7799a55932390af53eed0ea2b200,CONTENT_ELIGIBLE,2472,15,2,"[""APT_CyberCriminal_Campagin_Collections"",""APTnotes""]","[""RAW-9723fc3067235377"",""RAW-b715a7f971143b4e""]",EXACT_BINARY,True,True
CANON-b0b5f994ef368a4f,b0b5f994ef368a4f5ac6cd1e911ad96be89c9302ecc639b51791e098288a0275,2,RAW-31102e353e88835d,APTnotes,ed6665beba968d2663d37bf1f723f78ac79cc814ca89562859b5fa2875b1828a,CONTENT_ELIGIBLE,1698,10,2,"[""APT_CyberCriminal_Campagin_Collections"",""APTnotes""]","[""RAW-31102e353e88835d"",""RAW-3a0d79cc81ced2eb""]",EXACT_BINARY,True,True
CANON-b0bc41fb43dd1181,b0bc41fb43dd11818516547766c08a43189d4d39f5caf4d9c2908b7e13e3a9fc,1,RAW-0ba2cd2812e53717,APT_CyberCriminal_Campagin_Collections,40e0c3318fa0a53080fb43ee6b4253c4e8018f183926f6b00601f70f2d1a1659,CONTENT_ELIGIBLE,288,18,1,"[""APT_CyberCriminal_Campagin_Collections""]","[""RAW-0ba2cd2812e53717""]",SINGLETON,False,False
CANON-b0f9ce91e2d80c2a,b0f9ce91e2d80c2a43387f10b58672de3f8503a682a888080f46fbb1679d76a7,1,RAW-6552aaf4db2408a6,APTnotes,d0db8dd27ac1904b998eeb8c4464e3c6c4c22e4d38556d1283ec7621d9417bb5,CONTENT_ELIGIBLE,1283,9,1,"[""APTnotes""]","[""RAW-6552aaf4db2408a6""]",SINGLETON,False,True
CANON-b1308331dab2b9ba,b1308331dab2b9ba4665213e179e0616b707bb182693f067f5395cbe193b81d9,1,RAW-08d7946415b47b17,APT_CyberCriminal_Campagin_Collections,5f6151bb3366318228a93c8b72faf0e5744ff47bc11c58daaf0ecc9f08e9d11d,CONTENT_ELIGIBLE,1560,12,1,"[""APT_CyberCriminal_Campagin_Collections""]","[""RAW-08d7946415b47b17""]",SINGLETON,False,True
CANON-b14885f36d6af45f,b14885f36d6af45ffe6d44daafc40eb622442c54c9a5ab08556302959be0a952,1,RAW-df8232ef7a2b824d,APT_CyberCriminal_Campagin_Collections,0962c56b0170e7b0a29506aa828eaa6bc5b55da0db3cf45f8ca8d653bf303bfc,CONTENT_ELIGIBLE,3308,33,1,"[""APT_CyberCriminal_Campagin_Collections""]","[""RAW-df8232ef7a2b824d""]",SINGLETON,False,True
CANON-b1ec6b136c96924d,b1ec6b136c96924dfdd7c356804e92b88bd14d51484708d4b3556d127eedecf3,2,RAW-2c47d8e524157d6d,APTnotes,000526c436c36a71ac01d2918ea52186f2c66c25af9389d19fbd3f347ae59b95,CONTENT_ELIGIBLE,1567,7,2,"[""APT_CyberCriminal_Campagin_Collections"",""APTnotes""]","[""RAW-2c47d8e524157d6d"",""RAW-4f116b92568b93ed""]",EXACT_BINARY,True,True
CANON-b252fafee084560b,b252fafee084560be63b5f8611a1d4d61054266f3681665234f150197febe7b9,2,RAW-4ae29dd98f58b0d1,APTnotes,1ee5e73101fb281b03635ebbaea08412b5447903384cf29a78f67ff4079716a8,CONTENT_ELIGIBLE,1273,13,2,"[""APT_CyberCriminal_Campagin_Collections"",""APTnotes""]","[""RAW-4ae29dd98f58b0d1"",""RAW-604979745f6c1e8d""]",EXACT_BINARY,True,True
CANON-b26f6a0777cd26b3,b26f6a0777cd26b3cc95e802097ffd7b9655bbdcef307b2e5689207ae6d72620,2,RAW-de2278f0e4ac722c,APT_CyberCriminal_Campagin_Collections,b851413eb60bb9bd43e75401c20443b3cff1cde8dbcbfce0b460f56734b633b0,CONTENT_ELIGIBLE,853,6,2,"[""APT_CyberCriminal_Campagin_Collections"",""APTnotes""]","[""RAW-de2278f0e4ac722c"",""RAW-e312de20f209dd33""]",EXACT_BINARY,True,True
CANON-b2a23d4de3de144c,b2a23d4de3de144cba2bd7a314321d3f3be155559d0085b81e7afbd9b3e6b6e7,1,RAW-88549a7b532a4db6,APT_CyberCriminal_Campagin_Collections,c9bc10840fff05bccd10cb0c21521cfc3cd90b20533fcf508d6c7c55b83db043,CONTENT_ELIGIBLE,359,6,1,"[""APT_CyberCriminal_Campagin_Collections""]","[""RAW-88549a7b532a4db6""]",SINGLETON,False,True
CANON-b2afa237d3007888,b2afa237d3007888a81030e3b161b6528cb21c814bacb2bd26bc2368199e34a6,1,RAW-ca4e5d02105b87cd,APT_CyberCriminal_Campagin_Collections,f98e1289f0f05fc283dfc1f11d5181d7ac482fc0fadc8aefa9c8c588a541f4d3,CONTENT_ELIGIBLE,976,9,1,"[""APT_CyberCriminal_Campagin_Collections""]","[""RAW-ca4e5d02105b87cd""]",SINGLETON,False,False
CANON-b2b02eb293b8839c,b2b02eb293b8839c446f6d5b291331626ea3ea0248170c569a8c91b9691f3c2b,1,RAW-8af80068e8a89ec8,APT_CyberCriminal_Campagin_Collections,d3dec4fe9ec4757855b72e9d3d7470f18590b5d3332747b441b991a71b4fde32,CONTENT_ELIGIBLE,3575,33,1,"[""APT_CyberCriminal_Campagin_Collections""]","[""RAW-8af80068e8a89ec8""]",SINGLETON,False,True
CANON-b2b49478b0c6c30d,b2b49478b0c6c30d939db9bcccfd6dedee59d3520104f87902ba1c505b7a6ef3,1,RAW-877c40ba3a4412b5,APT_CyberCriminal_Campagin_Collections,9f4fbc00a8f0a5f8f4a06604f1912abf47078260a579f0247990c22ec481a820,CONTENT_ELIGIBLE,497,2,1,"[""APT_CyberCriminal_Campagin_Collections""]","[""RAW-877c40ba3a4412b5""]",SINGLETON,False,True
CANON-b2d40d0ff16e9af9,b2d40d0ff16e9af9f4fd751060b8b83ae9542a50b81b87ad79444c6b396b5a3a,1,RAW-aaf8d8a40412888c,APT_CyberCriminal_Campagin_Collections,816a73943c05e971cd4571e1d532d3d343c573307cecee937f16d9267ca00576,INSUFFICIENT_RECONSTRUCTED_TEXT,66,17,1,"[""APT_CyberCriminal_Campagin_Collections""]","[""RAW-aaf8d8a40412888c""]",SINGLETON,False,False
CANON-b2f05e5db9e0e388,b2f05e5db9e0e388f7bb1332185966bf825e0993a3c03025ccf5642a7d433ae2,1,RAW-fa18dc2784a1ec73,APT_CyberCriminal_Campagin_Collections,b736acb8de1dd59294ce515322548f8f1f5160569e21842bcb7351752a84e00c,CONTENT_ELIGIBLE,3265,28,1,"[""APT_CyberCriminal_Campagin_Collections""]","[""RAW-fa18dc2784a1ec73""]",SINGLETON,False,True
CANON-b2f490ba40522757,b2f490ba40522757c2a36126bfe6f8993419cbf98edad80db096381af87fa936,1,RAW-0c1655c319615a68,APTnotes,13d450854b1920cd5a9e570336bafe45997d7dc60c970f09f64038f4f0a67a85,CONTENT_ELIGIBLE,1644,12,1,"[""APTnotes""]","[""RAW-0c1655c319615a68""]",SINGLETON,False,True
CANON-b30419e13ab717e2,b30419e13ab717e26264bda94377e8a230ccc3a686104011f04a6e57314efc09,1,RAW-4397a3414229137b,APT_CyberCriminal_Campagin_Collections,9348d17f1b06de6dc40d1560fa565c3001739498a58c4a1781da703e1467e2ea,CONTENT_ELIGIBLE,4736,8,1,"[""APT_CyberCriminal_Campagin_Collections""]","[""RAW-4397a3414229137b""]",SINGLETON,False,True
CANON-b33e4bfa77b6e56f,b33e4bfa77b6e56f72a10fa96328d787ed3079460dbf7f524cf3f002af55362a,2,RAW-32ca201567eea68a,APTnotes,200fdb6e359a343055c1f1ee72af5d4c046ade8a3680447c491761fa4ff6d511,CONTENT_ELIGIBLE,12546,61,2,"[""APT_CyberCriminal_Campagin_Collections"",""APTnotes""]","[""RAW-32ca201567eea68a"",""RAW-4ef5e6a2fea500f5""]",CONTENT_EQUIVALENT,True,True
CANON-b36f06455eb4f3ea,b36f06455eb4f3ea476d69b53c88e146865f6fe20c8a261328bd40a28449fd96,2,RAW-3ede33da541800b9,APTnotes,33a41a05c070a7a339f8f76bb20cc7f79aa9f19359fe4298c162adea20ccde1d,CONTENT_ELIGIBLE,4936,14,2,"[""APT_CyberCriminal_Campagin_Collections"",""APTnotes""]","[""RAW-3ede33da541800b9"",""RAW-62278adf9258ba8f""]",EXACT_BINARY,True,True
CANON-b382376dda1754f6,b382376dda1754f6dc9f97786af7f658f5285549f6fbbbf594160c51bd413942,1,RAW-34f63df7bf510f93,APTnotes,67b13f56d45fcc21c9759a101b014ffd417dca46d2eb318637e8fac3ea0bcb64,CONTENT_ELIGIBLE,3617,9,1,"[""APTnotes""]","[""RAW-34f63df7bf510f93""]",SINGLETON,False,True
CANON-b3c9986aad1678bb,b3c9986aad1678bb1ccd06fc1f35fcd62601696b03f203de73e620a6fc96037a,1,RAW-e388ab439f32bbdc,APT_CyberCriminal_Campagin_Collections,7c1cc9408c01018a4905c05273929dc0de65f8ee6bd315a16b9d0fb61cb25181,CONTENT_ELIGIBLE,4319,24,1,"[""APT_CyberCriminal_Campagin_Collections""]","[""RAW-e388ab439f32bbdc""]",SINGLETON,False,True
CANON-b3e3311875246994,b3e3311875246994e838d8882ee9ee18b608c9f5c7387638febb73efd063df50,2,RAW-2a03489bde52889e,APT_CyberCriminal_Campagin_Collections,ef470c64af491293a4a05a0b706d644f605fa256965b5eb8d26b95461e32fa87,CONTENT_ELIGIBLE,3740,15,2,"[""APT_CyberCriminal_Campagin_Collections"",""APTnotes""]","[""RAW-2a03489bde52889e"",""RAW-75f5c883e67ffbb2""]",EXACT_BINARY,True,True
CANON-b3f116dc7480cea6,b3f116dc7480cea66f854d24b489e86f9552f07952958bf8d6706bcff3168d5a,1,RAW-4988ed8cc30c30ea,APT_CyberCriminal_Campagin_Collections,5d614ba130e70c0da1bcdd3dddd304c049cc4600c03e35216d7c6b25ff395120,CONTENT_ELIGIBLE,1273,11,1,"[""APT_CyberCriminal_Campagin_Collections""]","[""RAW-4988ed8cc30c30ea""]",SINGLETON,False,True
CANON-b3f2e2a74bafe4ef,b3f2e2a74bafe4ef9f12e26f0249e920c616a186d5f8f18f29e841be857352c1,1,RAW-76ffd39419de8293,APT_CyberCriminal_Campagin_Collections,c3ce0a22bfac4e5b213c78cdd934152ed5f8184ab80daf5d7580a53858b0147a,CONTENT_ELIGIBLE,1259,7,1,"[""APT_CyberCriminal_Campagin_Collections""]","[""RAW-76ffd39419de8293""]",SINGLETON,False,True
CANON-b417567ae2720f12,b417567ae2720f1245dd1b53cdee4554e88413c0e0c9eeaef79c6db5f5799e87,1,RAW-46122ef1af643d98,APT_CyberCriminal_Campagin_Collections,83a96298b134fe5438c076443b827bb05cd470b9ed9d4c229d78fd2d53542263,CONTENT_ELIGIBLE,4132,17,1,"[""APT_CyberCriminal_Campagin_Collections""]","[""RAW-46122ef1af643d98""]",SINGLETON,False,True
CANON-b4274e00dd799ad7,b4274e00dd799ad7bce5a1da89588929b4e59a6d56efe16dc0dd26702cf112fa,1,RAW-cd74e16947b2bdae,APT_CyberCriminal_Campagin_Collections,f08719a20094f73692524aa182beb37d7aebd301d1cc60d4181d5a55557e0a9d,CONTENT_ELIGIBLE,745,6,1,"[""APT_CyberCriminal_Campagin_Collections""]","[""RAW-cd74e16947b2bdae""]",SINGLETON,False,True
CANON-b44e4c43a61d4adb,b44e4c43a61d4adb5e06a6aa33be58b4b9dd2fdb9e08db8cd0cf48dfb138c201,1,RAW-7500ca0015140ca3,APT_CyberCriminal_Campagin_Collections,79dff1d35d55b708b40f2533118414088fd133e5b6d5ceff23393da35d42dd02,CONTENT_ELIGIBLE,1474,6,1,"[""APT_CyberCriminal_Campagin_Collections""]","[""RAW-7500ca0015140ca3""]",SINGLETON,False,True
CANON-b45d5091cc0cc3b4,b45d5091cc0cc3b431e397c148f106d40dd349b6e1df97223ed019a26a6e8e6d,2,RAW-1a77e7ed558e5475,APTnotes,e790cda0e1d19f7549b5c04be6410515662f82c6bd07806617104971f0df4552,CONTENT_ELIGIBLE,802,8,2,"[""APT_CyberCriminal_Campagin_Collections"",""APTnotes""]","[""RAW-1a77e7ed558e5475"",""RAW-d3c439d16a7b05c2""]",EXACT_BINARY,True,False
CANON-b46aa83546e752ea,b46aa83546e752ea68fbbf5c0026e54ca26f36c8a7c787ab5dd604d219238274,3,RAW-164e546bee1a1e2e,APT_CyberCriminal_Campagin_Collections,3fba235ae504212d9bebb66c4797827233cccb1810d366913da350550e307274,CONTENT_ELIGIBLE,4542,20,2,"[""APT_CyberCriminal_Campagin_Collections"",""APTnotes""]","[""RAW-164e546bee1a1e2e"",""RAW-67e6225b6fb4d53a"",""RAW-b92ee4579ccf3227""]",MIXED_COMPONENT,True,True
CANON-b4da642667968fa2,b4da642667968fa2f7a39c6d7f070bb4f0905210932918f0759808576eb4f3cd,1,RAW-cbe72a007a673bf4,APT_CyberCriminal_Campagin_Collections,91b42d0fe444a4b5518a844fc6d27673f0181c176d067d4b852b7cc2bf88caef,CONTENT_ELIGIBLE,1736,5,1,"[""APT_CyberCriminal_Campagin_Collections""]","[""RAW-cbe72a007a673bf4""]",SINGLETON,False,True
CANON-b4ee9b86810626f5,b4ee9b86810626f55d853b9f0905ae9f35e3b68a124c246bdc1ee4efdb961d22,2,RAW-99c4be7580f8c1ae,APT_CyberCriminal_Campagin_Collections,aea9d202fb752fc76f15242c81265a6ded3d3283c35c1726fdaafcab7310062d,CONTENT_ELIGIBLE,18512,77,2,"[""APT_CyberCriminal_Campagin_Collections"",""APTnotes""]","[""RAW-99c4be7580f8c1ae"",""RAW-c1324f5d3dd4d8f8""]",EXACT_BINARY,True,True
CANON-b50b63c7eae43f6b,b50b63c7eae43f6bac1e4a8f7e926d5d186af5a0db59254607e32d1b32c8a524,1,RAW-fd01aa2dcfeb1f71,APT_CyberCriminal_Campagin_Collections,83da840285d19b20c3ec26792d8b1cda3224210f5c0bf70702038311754afaa6,CONTENT_ELIGIBLE,2525,8,1,"[""APT_CyberCriminal_Campagin_Collections""]","[""RAW-fd01aa2dcfeb1f71""]",SINGLETON,False,True
CANON-b51d8e90b40a1509,b51d8e90b40a1509685f1383adceba7c622a71c7af62b787932f14b8ac90708e,1,RAW-f08a49c8aa9dbe1b,APT_CyberCriminal_Campagin_Collections,f89c594803307fc7302250a6172645f5109f858d4bee8640c25b458dcda3c614,CONTENT_ELIGIBLE,1761,8,1,"[""APT_CyberCriminal_Campagin_Collections""]","[""RAW-f08a49c8aa9dbe1b""]",SINGLETON,False,True
CANON-b52a4f0cddcb7e69,b52a4f0cddcb7e69659eb0ba3f638d7c0d000d2d942610c799854ee2f79301b1,1,RAW-973ac95936fe5d29,APT_CyberCriminal_Campagin_Collections,84fe0f4886db85815f83fbe8a951c4d50d85b98e0e734045322d16be73fb68c4,CONTENT_ELIGIBLE,1499,12,1,"[""APT_CyberCriminal_Campagin_Collections""]","[""RAW-973ac95936fe5d29""]",SINGLETON,False,True
CANON-b52e00c796ff55a1,b52e00c796ff55a1e205ecf1061aec1df415a6ebdc4ac44431fc0913b62c8c33,1,RAW-bd5b517cba0f7487,APTnotes,d4b7044b379671ba35168c280ee00bf499fb857d3f9b3ea9c82b4ec2a2b79554,CONTENT_ELIGIBLE,5734,19,1,"[""APTnotes""]","[""RAW-bd5b517cba0f7487""]",SINGLETON,False,True
CANON-b545dea14874f53b,b545dea14874f53b2a07b2003300772ae2132a68e761f8fca8ec87ed7c941dbf,1,RAW-171ee1d6fe88f5b4,APT_CyberCriminal_Campagin_Collections,9fdd4c76395cd868ffb59d1be5af5d55671848896c46defa625647a4ca1f15e5,CONTENT_ELIGIBLE,3953,23,1,"[""APT_CyberCriminal_Campagin_Collections""]","[""RAW-171ee1d6fe88f5b4""]",SINGLETON,False,True
CANON-b54b3d1776bfa35e,b54b3d1776bfa35e41f598270bdb22a09ccfb553976ca5be3eb41d3f4c3514c5,2,RAW-6ab110c8afb455f0,APTnotes,f84b0e6f72978cad08ed3b026416837a4df0eab14ab3e733ddf13a6a03df714b,CONTENT_ELIGIBLE,5706,44,2,"[""APT_CyberCriminal_Campagin_Collections"",""APTnotes""]","[""RAW-6ab110c8afb455f0"",""RAW-fe1d835b41b1d5ff""]",EXACT_BINARY,True,True
CANON-b5a10f9b9314181e,b5a10f9b9314181ec7a5e0196d60ec5b67a341023272dc313a87f799e8bade9c,1,RAW-e5817413a1cbea70,APT_CyberCriminal_Campagin_Collections,455f7e15303046fe3239e5cf84a48ac684b02ae191d79834a0be7bc0b90cc46f,CONTENT_ELIGIBLE,1613,10,1,"[""APT_CyberCriminal_Campagin_Collections""]","[""RAW-e5817413a1cbea70""]",SINGLETON,False,True
CANON-b5a58c27f437b943,b5a58c27f437b9433cc4de88d3b9624a9665380684f0e73bbf0d28e33272e97a,1,RAW-6a23d5a7b50546e3,APT_CyberCriminal_Campagin_Collections,9c50de16c9cbcf9b3013ec5c75646640de43ced0114693cb05e270bdfbb233ec,CONTENT_ELIGIBLE,1467,10,1,"[""APT_CyberCriminal_Campagin_Collections""]","[""RAW-6a23d5a7b50546e3""]",SINGLETON,False,True
CANON-b5c1de52f5d044e7,b5c1de52f5d044e75d2bd1c6dff5febebfe86f7567c7b4ac33f0f5104d910a1e,1,RAW-d512f506ded13c2c,APT_CyberCriminal_Campagin_Collections,97ab6553c58043cb8f4f2eeca39da9b22427f29d9ea0d534ef2041d1713ed704,CONTENT_ELIGIBLE,17291,66,1,"[""APT_CyberCriminal_Campagin_Collections""]","[""RAW-d512f506ded13c2c""]",SINGLETON,False,True
CANON-b5d7b536ac2bce58,b5d7b536ac2bce5829adb6a2e5e743fcb2ca1ea15ffb2fe0471ed4af3ae51657,1,RAW-e8f0bac75132c4c0,APT_CyberCriminal_Campagin_Collections,014fa23b9df8876006a9695abdf97bee8b78a29df20a2292abcdd954b708a2b7,CONTENT_ELIGIBLE,2555,12,1,"[""APT_CyberCriminal_Campagin_Collections""]","[""RAW-e8f0bac75132c4c0""]",SINGLETON,False,True
CANON-b5e0bd2ed94a68e4,b5e0bd2ed94a68e4f0a7230cca648b432c95d3bebba8737efab2cae521a83f9b,1,RAW-16b29e536300bf87,APT_CyberCriminal_Campagin_Collections,4136b5b6a1eb13c7f5fdcbc3d1d4a8313a2dd6dbfdd7c89a368a6d8b27865910,CONTENT_ELIGIBLE,2118,11,1,"[""APT_CyberCriminal_Campagin_Collections""]","[""RAW-16b29e536300bf87""]",SINGLETON,False,True
CANON-b5f972469d469599,b5f972469d46959966029062db9e68f1b30c5a371e610a584faff619d033d94c,1,RAW-3c9250164acafd4c,APTnotes,ec02aa209d95c0b3ef2c4326dd14167d80ef4a8610a583aeb0eca6512e582ed7,CONTENT_ELIGIBLE,2706,8,1,"[""APTnotes""]","[""RAW-3c9250164acafd4c""]",SINGLETON,False,False
CANON-b609d7a25984cecf,b609d7a25984cecff9a8db74cb4ffcb764acf8560da4ee85bb110ad2c3eb2e5c,1,RAW-0ce0c04724b10855,APTnotes,829d3253f10ce6ed381313fa99ad87c0a46ec201f0afc24b5d35ccd8b6f6b059,CONTENT_ELIGIBLE,3771,17,1,"[""APTnotes""]","[""RAW-0ce0c04724b10855""]",SINGLETON,False,True
CANON-b61fe3cfd67d5c79,b61fe3cfd67d5c799f34b7e7f6e04584473f21af5adf5fd7b0795573d0fe0a49,1,RAW-148c0d0ce749a53c,APTnotes,bc00f974068676b027a45c15a441abae9d0a3fd926bc12ae66d312198bf2e8fd,CONTENT_ELIGIBLE,2358,11,1,"[""APTnotes""]","[""RAW-148c0d0ce749a53c""]",SINGLETON,False,True
CANON-b627c73127e74d3a,b627c73127e74d3a4e95f2124791f4f0b4dbce035c15a5a632918e31342a8986,1,RAW-6086beb919da7f66,APT_CyberCriminal_Campagin_Collections,f1487a821b763727ae7a659a14d40a48bbecf2ced44ef49afa395102e6ecb3c1,CONTENT_ELIGIBLE,2141,8,1,"[""APT_CyberCriminal_Campagin_Collections""]","[""RAW-6086beb919da7f66""]",SINGLETON,False,False
CANON-b63d87f0960fd494,b63d87f0960fd49417e713a3fdabc8561fcec93b3b9f35b9b029c4b565727e80,1,RAW-0b6647ba5942e013,APTnotes,6f673beb604e76717ff1f022eb4745b4e6fd0255dbbff9c50de0ac9f02dd21c5,CONTENT_ELIGIBLE,4582,16,1,"[""APTnotes""]","[""RAW-0b6647ba5942e013""]",SINGLETON,False,True
CANON-b6444496c128a7cf,b6444496c128a7cfa554e640f8b99c607c744a476f8b6dd04104919971f9175d,2,RAW-0176c0b172013674,APTnotes,3caf939d1352a9c3b6f0e32506105a712f2d2741df10a6f61962a6b7df214bf1,CONTENT_ELIGIBLE,2702,10,2,"[""APT_CyberCriminal_Campagin_Collections"",""APTnotes""]","[""RAW-0176c0b172013674"",""RAW-e117ca4b34b7221a""]",EXACT_BINARY,True,False
CANON-b66be281b0b8be6a,b66be281b0b8be6a3c5445f68588571ed29bb32fa2d7b7e9d68730498666f607,2,RAW-15ea208d5e6c4c80,APT_CyberCriminal_Campagin_Collections,be2ef52c37d74282f925622b1f2c0844dbdb7f88588ad185c1b18bfaaec021d9,CONTENT_ELIGIBLE,4986,27,2,"[""APT_CyberCriminal_Campagin_Collections"",""APTnotes""]","[""RAW-15ea208d5e6c4c80"",""RAW-b7c3a8656afc8ffe""]",EXACT_BINARY,True,True
CANON-b69a31c891165a00,b69a31c891165a006460e44adfdd37e64d3633799dd3ea203f2dbf5e063d4f25,1,RAW-9112a0cd57148845,APTnotes,5289cf0f92f42a0e57cbd0747979ddbb5170556bd9d81e3a155921e285239359,CONTENT_ELIGIBLE,4681,18,1,"[""APTnotes""]","[""RAW-9112a0cd57148845""]",SINGLETON,False,False
CANON-b6aa6412294cdf30,b6aa6412294cdf30aecac28833b73944de912e703df3009cca9c8e39d74d7e9f,1,RAW-1e72d615c7060a36,APT_CyberCriminal_Campagin_Collections,6058e170f12f4abcd178138a8f9918bd8dcb3217e6aa12b07b2e4a2b4f61f7da,CONTENT_ELIGIBLE,7205,42,1,"[""APT_CyberCriminal_Campagin_Collections""]","[""RAW-1e72d615c7060a36""]",SINGLETON,False,True
CANON-b6b4e5b3e7c3d708,b6b4e5b3e7c3d708775bebaa12d7abcc68c38fc0ac37a9927bd277789925bcf0,2,RAW-210ea3f87bd0cdb3,APT_CyberCriminal_Campagin_Collections,2f53d195376ce3fc7916cefcb9702586729f94234fad8333443c5cf65de1e4de,CONTENT_ELIGIBLE,3083,9,2,"[""APT_CyberCriminal_Campagin_Collections"",""APTnotes""]","[""RAW-210ea3f87bd0cdb3"",""RAW-568c9ad662c53d3f""]",EXACT_BINARY,True,True
CANON-b6b6159077f11d3e,b6b6159077f11d3e489c2342347e18fd1c184f30691f68d567bdab3099ac8d1b,1,RAW-0aa700bd64381804,APT_CyberCriminal_Campagin_Collections,3576bf23db6a3d17557d3f6ff2c9ba435250077e34e684acfea8e81f3aa2bd4f,CONTENT_ELIGIBLE,3085,19,1,"[""APT_CyberCriminal_Campagin_Collections""]","[""RAW-0aa700bd64381804""]",SINGLETON,False,False
CANON-b6e4d47e868a4f14,b6e4d47e868a4f1477c24bfd55d493fd99de428c217cbdef56eba22a960e6e40,1,RAW-76c7217e175918dd,APT_CyberCriminal_Campagin_Collections,bb3dce7ce7c31835a86d150d3652434f883b75afe4e5b17b2d41e1dbbe2d5745,CONTENT_ELIGIBLE,815,4,1,"[""APT_CyberCriminal_Campagin_Collections""]","[""RAW-76c7217e175918dd""]",SINGLETON,False,True
CANON-b6e717709f698d76,b6e717709f698d7659a07575a9c6d9210c6183fb4aa9bbdea8fdad14f2b72e4d,2,RAW-1539adc8ec9b5485,APT_CyberCriminal_Campagin_Collections,bbebb7033c451148fedf37a8faefc42a43a3920590b7d1ede08a0dcfc685b290,CONTENT_ELIGIBLE,6815,48,2,"[""APT_CyberCriminal_Campagin_Collections"",""APTnotes""]","[""RAW-1539adc8ec9b5485"",""RAW-cbbcd493a50e2af9""]",EXACT_BINARY,True,True
CANON-b6f0e4df3cd7ecd1,b6f0e4df3cd7ecd183a9b3bcd59c229567a40e207564d3cc47f3dfce7d4f702f,2,RAW-40ddf5947963d36f,APTnotes,0d3b88d8ccfd7e9bc3fbd45cff7326488a01ec9024b365378fb3ac62a15a81b2,CONTENT_ELIGIBLE,2499,18,2,"[""APT_CyberCriminal_Campagin_Collections"",""APTnotes""]","[""RAW-40ddf5947963d36f"",""RAW-418a74ae7f6fca2c""]",EXACT_BINARY,True,False
CANON-b70da120fee4f505,b70da120fee4f505c47820056aa1d8029650666e2d7debddece22e0cb7cd9cff,1,RAW-9f1a2d588566e6ce,APTnotes,23a08dfde7cc55fdbd743b8698180f13a519070025d22dcc6f00387faa0d9c71,CONTENT_ELIGIBLE,2396,7,1,"[""APTnotes""]","[""RAW-9f1a2d588566e6ce""]",SINGLETON,False,True
CANON-b748ad0f2adddb82,b748ad0f2adddb821560322712e4a54088b6deb7e6dfafbf353f176147b46de8,1,RAW-d2cb6f446608426f,APT_CyberCriminal_Campagin_Collections,10416b230ae8192d9d961d1a3d4ab1f26b7631fc0e5f16a4df86d2aba2d377c2,CONTENT_ELIGIBLE,9856,36,1,"[""APT_CyberCriminal_Campagin_Collections""]","[""RAW-d2cb6f446608426f""]",SINGLETON,False,False
CANON-b793eec36b376aa6,b793eec36b376aa6c648f3685e7883a3129c3efeea576327aec00c28d8140152,1,RAW-d37895955fd6b74e,APTnotes,ef0d2671dbd71db700c404aa21e864d2dc24bc15a220effc31c2f542c9f39eef,CONTENT_ELIGIBLE,1324,13,1,"[""APTnotes""]","[""RAW-d37895955fd6b74e""]",SINGLETON,False,True
CANON-b7f5a2c0ec263aca,b7f5a2c0ec263aca9ed1692ce397d82a8c2cc4f1fa732e1e96fece2d27cd8b9e,1,RAW-9130efc21dc1964f,APT_CyberCriminal_Campagin_Collections,1ef312fbc4573028037fcad5a63b973f372f79af19b7c135fc522f53992da437,CONTENT_ELIGIBLE,1599,5,1,"[""APT_CyberCriminal_Campagin_Collections""]","[""RAW-9130efc21dc1964f""]",SINGLETON,False,True
CANON-b8001027127f50e4,b8001027127f50e4db4d78b7bb6805e9e22c5ba29ae0dba34b7f1f84c838af45,2,RAW-616c197b448a7684,APTnotes,8b74485af01398467616b8e73389e3ab5fe47e9a3d23dd570a27b1d2079bde3d,CONTENT_ELIGIBLE,2045,9,2,"[""APT_CyberCriminal_Campagin_Collections"",""APTnotes""]","[""RAW-616c197b448a7684"",""RAW-fd123f9e24523d0e""]",EXACT_BINARY,True,True
CANON-b85c81863d380c5e,b85c81863d380c5e455ea9989d85140ce1a58a7e263f89556400cf037f8229f7,1,RAW-f9fdc5ed7f414534,APT_CyberCriminal_Campagin_Collections,8e35952dd8dc71503710e1397a327b40b9575780244947e4ccf6506b351817f4,CONTENT_ELIGIBLE,1351,17,1,"[""APT_CyberCriminal_Campagin_Collections""]","[""RAW-f9fdc5ed7f414534""]",SINGLETON,False,True
CANON-b862bc34c674c93a,b862bc34c674c93a3606bafc51d2acc1b0eed1a890ab24cd190ca2ecc159fdf7,1,RAW-7a7a49b9bb8d03b5,APT_CyberCriminal_Campagin_Collections,67b92697cfd18e8259116b365e44ce4ea5d1c30459372029662d0acb46498506,CONTENT_ELIGIBLE,2702,8,1,"[""APT_CyberCriminal_Campagin_Collections""]","[""RAW-7a7a49b9bb8d03b5""]",SINGLETON,False,True
CANON-b867e54fee4f3f99,b867e54fee4f3f996fa9f62449b2981f4ba65fc6fe5da8a601983ce382fc4485,1,RAW-78067aab1007f602,APTnotes,980ac4cfce9525fac80644c0e0b1b5ccdcb12e7d0996dd7ffe93652cc61d282c,CONTENT_ELIGIBLE,1723,13,1,"[""APTnotes""]","[""RAW-78067aab1007f602""]",SINGLETON,False,True
CANON-b8a7950e0ea2e40c,b8a7950e0ea2e40cef40ebb43ad2ce5a280d1382d7eca332ac8d882fd59d2771,1,RAW-00335abf3bed2222,APT_CyberCriminal_Campagin_Collections,4333b5ce32ff10b4af6864266336db94451d8bb515d4647ea56f71e7f12d05eb,CONTENT_ELIGIBLE,7989,41,1,"[""APT_CyberCriminal_Campagin_Collections""]","[""RAW-00335abf3bed2222""]",SINGLETON,False,True
CANON-b9020b6ccd04b080,b9020b6ccd04b080ee4f27777cd89fa4cf224fca563fea4f95fbf683f9b6779e,1,RAW-5e4a35c8126e741e,APT_CyberCriminal_Campagin_Collections,e437c0f7b25f09cb1104f3e76688e65c4a7a19fdfd9634a45c8a05bd0dbac83a,CONTENT_ELIGIBLE,8891,32,1,"[""APT_CyberCriminal_Campagin_Collections""]","[""RAW-5e4a35c8126e741e""]",SINGLETON,False,True
CANON-b9497bbdd10030d8,b9497bbdd10030d8c8c2c68a1fae4edacd33deb2b90f4d4974599910b4fe8cbb,2,RAW-aab0954d1e457cd6,APT_CyberCriminal_Campagin_Collections,5aea7285dc09cfca2ef62a427f831df264ddcb2ea2acc19bec9d8e18eef4cb5e,CONTENT_ELIGIBLE,5258,12,2,"[""APT_CyberCriminal_Campagin_Collections"",""APTnotes""]","[""RAW-aab0954d1e457cd6"",""RAW-d153c15a350a5c2f""]",EXACT_BINARY,True,False
CANON-b96313451a444ea5,b96313451a444ea5f06aede26a4559727e27eca1304f02333028950a2cd8741a,1,RAW-4ab59a05396795ef,APT_CyberCriminal_Campagin_Collections,f319c78623395703cfa08baf1bddffcd4a5f7d679fd56fbb7078a33b0fb453ad,CONTENT_ELIGIBLE,4017,19,1,"[""APT_CyberCriminal_Campagin_Collections""]","[""RAW-4ab59a05396795ef""]",SINGLETON,False,True
CANON-b98adfa328c1ac52,b98adfa328c1ac52a54fb6d28af9a68417c1a183e3b1196eded8819c53485079,1,RAW-bb7f7a1f5e696c38,APT_CyberCriminal_Campagin_Collections,e0ecfdce394b77922e7246af2d7ad03200e8519bf609db47500c37b387941fa8,CONTENT_ELIGIBLE,5050,27,1,"[""APT_CyberCriminal_Campagin_Collections""]","[""RAW-bb7f7a1f5e696c38""]",SINGLETON,False,True
CANON-b9ef9751ce5a84a8,b9ef9751ce5a84a88cffdbf6b39b1fea07cf0d86430c4f8f261f885efbc7d513,2,RAW-edc1531a3b44853b,APT_CyberCriminal_Campagin_Collections,f9ed13d5aa43c74287a936bf52772080fc26b5c62a805e19abceb20ef08ea5ff,CONTENT_ELIGIBLE,11297,52,2,"[""APT_CyberCriminal_Campagin_Collections"",""APTnotes""]","[""RAW-edc1531a3b44853b"",""RAW-f2e40bda59555cb3""]",EXACT_BINARY,True,True
CANON-b9f737d5bff1b311,b9f737d5bff1b311adad92c7abaf11a792934c44fe69ccee97fc191425fc3aec,1,RAW-f5110f38adb2236d,APTnotes,62c6fa5c672d674644daa572833b8b0c0c405b6906d39130885386e8c28a6910,CONTENT_ELIGIBLE,1686,7,1,"[""APTnotes""]","[""RAW-f5110f38adb2236d""]",SINGLETON,False,True
CANON-ba17338a2209db47,ba17338a2209db47900b4422d00731a3453a0ac3977673a0d9968e24971c4143,1,RAW-498c5b8b9f2d4f31,APT_CyberCriminal_Campagin_Collections,b7dbb107e58540f75e715420dce593b8dd658c0c5049ab461d3ac2a81520439d,CONTENT_ELIGIBLE,2216,8,1,"[""APT_CyberCriminal_Campagin_Collections""]","[""RAW-498c5b8b9f2d4f31""]",SINGLETON,False,True
CANON-ba250ccae416170f,ba250ccae416170f22e39a33db6c5957f96cbeb4413328a002b2cd4116ea19ee,1,RAW-12fe386f2b25c622,APT_CyberCriminal_Campagin_Collections,c4d78ced0f93a95fab5eaee3267e9ae2089eed85bd48332f128b000cd9e6681e,CONTENT_ELIGIBLE,3993,13,1,"[""APT_CyberCriminal_Campagin_Collections""]","[""RAW-12fe386f2b25c622""]",SINGLETON,False,True
CANON-ba2b47b3a22d42e0,ba2b47b3a22d42e0b13ab5162beba0366d954214ce718b4560d89073dd240bff,1,RAW-5f41010016048d8c,APT_CyberCriminal_Campagin_Collections,478ea2d9700237a0c6780ac2932b75f8b133c98103e3b8133c705e2fde6a0a75,CONTENT_ELIGIBLE,7024,17,1,"[""APT_CyberCriminal_Campagin_Collections""]","[""RAW-5f41010016048d8c""]",SINGLETON,False,True
CANON-ba31d5c6bbbe6329,ba31d5c6bbbe6329b051538b4f3f891b1de9aa297202609d9383a4191f2e9c20,2,RAW-ec7ba09bf92372eb,APTnotes,b6097667cf43875b5d1818b0847893955fdfd52924da260c2b96f47112b7f846,CONTENT_ELIGIBLE,1445,6,2,"[""APT_CyberCriminal_Campagin_Collections"",""APTnotes""]","[""RAW-ec7ba09bf92372eb"",""RAW-eea7f5814f135029""]",EXACT_BINARY,True,False
CANON-bad9461330d02d51,bad9461330d02d513a445eda3c30dd32937ba02f30e19d3dcfa0cb122a35f780,2,RAW-0084ab0623db6783,APTnotes,7949dd535e174b4a6047d9741a20ee61e712464823c1232e233219f40bef3fb7,CONTENT_ELIGIBLE,7782,48,2,"[""APT_CyberCriminal_Campagin_Collections"",""APTnotes""]","[""RAW-0084ab0623db6783"",""RAW-d079e5d0ebb29a98""]",EXACT_BINARY,True,True
CANON-badcd2940575cee4,badcd2940575cee42053666773dc98943156099fa8bf0d4b9accde97601a9d73,1,RAW-816ff6b0a90a5c7a,APTnotes,9eadf0eb93e33d945b7a871662e6886295710018818b035a254c3c9d7e41bd39,CONTENT_ELIGIBLE,2064,11,1,"[""APTnotes""]","[""RAW-816ff6b0a90a5c7a""]",SINGLETON,False,True
CANON-baf089b169c19074,baf089b169c1907477e03b32e6e7522e12493488882c747b8e574c09fe0dcbd2,1,RAW-7d274c447cd285e0,APT_CyberCriminal_Campagin_Collections,3edb702b5a0266e8f993590acd653fe9c0966032f0215e6d36df5525b7a91500,CONTENT_ELIGIBLE,2429,14,1,"[""APT_CyberCriminal_Campagin_Collections""]","[""RAW-7d274c447cd285e0""]",SINGLETON,False,False
CANON-baff08b80fe4b6cc,baff08b80fe4b6cc2684f707e821ad8503fa0b21597e7a394fa92927d7ac04cf,2,RAW-0848e841f89260b1,APT_CyberCriminal_Campagin_Collections,a5cad629ebc3d61bd0156aa10966e2a9367bef19b597e09a03f5f0fe855b8995,CONTENT_ELIGIBLE,2565,26,2,"[""APT_CyberCriminal_Campagin_Collections"",""APTnotes""]","[""RAW-0848e841f89260b1"",""RAW-97ffffd110a9daf1""]",EXACT_BINARY,True,True
CANON-bb11d29a4c8f46f8,bb11d29a4c8f46f87d5edcbad547d9bca3b921bc0b84cceb1b80a06f2bc0a655,1,RAW-c771e9800b0d4f08,APT_CyberCriminal_Campagin_Collections,77e51ff2a36d7a01f36f794115c2c30478fa2601cbf4721e20316f35bf57a689,CONTENT_ELIGIBLE,1463,10,1,"[""APT_CyberCriminal_Campagin_Collections""]","[""RAW-c771e9800b0d4f08""]",SINGLETON,False,True
CANON-bb69b690e69659bb,bb69b690e69659bb7e8d5ee80ddb8ebaee24ec8bec0751bf29a188adbb2a3940,2,RAW-4c9626c4a386e9ee,APT_CyberCriminal_Campagin_Collections,698e3d970d70454e6f9839ba946593b42aea0907e9feab40d246fe26b736bc35,CONTENT_ELIGIBLE,2628,20,2,"[""APT_CyberCriminal_Campagin_Collections"",""APTnotes""]","[""RAW-4c9626c4a386e9ee"",""RAW-fa15e312d17f1063""]",EXACT_BINARY,True,True
CANON-bb89c2d202adbdc1,bb89c2d202adbdc13333dc2411fe1e85209fff145fdfb2c3303da84891b1641c,1,RAW-93c2216ede99e061,APT_CyberCriminal_Campagin_Collections,575c41318a055f179aa8f2188940be2704f9de953d9169dd884a56962d53aa9c,CONTENT_ELIGIBLE,4338,22,1,"[""APT_CyberCriminal_Campagin_Collections""]","[""RAW-93c2216ede99e061""]",SINGLETON,False,True
CANON-bb8cb0fa1309b703,bb8cb0fa1309b7034e43524cf4a8860cd433f49495a290db508a169d6777cf44,1,RAW-a5edb50ab6a35a77,APT_CyberCriminal_Campagin_Collections,5e2a28293178ec2872cc6abfb538053d9fb307919618d1c0ac4e838184c54ef4,CONTENT_ELIGIBLE,6526,31,1,"[""APT_CyberCriminal_Campagin_Collections""]","[""RAW-a5edb50ab6a35a77""]",SINGLETON,False,True
CANON-bbdb61ee928be4eb,bbdb61ee928be4eb7e03fac6540348b8176f7ffa492781c8de238b27b2561ca9,1,RAW-d586971d9622c382,APTnotes,d6db59811ae95b11a970fa7a77c4ea89fd088d8c664c1c7bddbde9aa20a49c7b,CONTENT_ELIGIBLE,6097,22,1,"[""APTnotes""]","[""RAW-d586971d9622c382""]",SINGLETON,False,True
CANON-bbe5f1f1e1b6f5ea,bbe5f1f1e1b6f5eaa659e0ef4b49c74cfabca8e227ba0df046d74ff59660a0b2,1,RAW-daa67450b03ee048,APT_CyberCriminal_Campagin_Collections,35be2edaf19c068d0672c6153a4b05d4e509de499524c6e8c9f36216ff849545,CONTENT_ELIGIBLE,1331,8,1,"[""APT_CyberCriminal_Campagin_Collections""]","[""RAW-daa67450b03ee048""]",SINGLETON,False,False
CANON-bbf935cf6b5243f7,bbf935cf6b5243f78582412cc2f50d4da1627a806656010a5dcedf7bc49f83dd,1,RAW-6f46372bcb760ff9,APT_CyberCriminal_Campagin_Collections,8af4633832af41b6a20ff15d5f673ea62f8d2f60f23a0f5e83ae139bc766539c,CONTENT_ELIGIBLE,1512,9,1,"[""APT_CyberCriminal_Campagin_Collections""]","[""RAW-6f46372bcb760ff9""]",SINGLETON,False,False
CANON-bc07da32cac49dd9,bc07da32cac49dd9ab973fc3cd24f6eb36904c256bba710b4618f945b0482a7d,1,RAW-77ea3f99fbef901a,APT_CyberCriminal_Campagin_Collections,99008a8df336f9f71c205162f0dcaa7c3100ce24a973834e0ebee1c83118d4e6,CONTENT_ELIGIBLE,1662,11,1,"[""APT_CyberCriminal_Campagin_Collections""]","[""RAW-77ea3f99fbef901a""]",SINGLETON,False,True
CANON-bc179437b034e3d6,bc179437b034e3d672a7f348471c7496d727cfddbf6206ba978c34a8f651abf0,1,RAW-5463cf56ff4e8d7d,APT_CyberCriminal_Campagin_Collections,3d84fe2526c4b6bac520a0679c2e0e099b930bba5ff8b0d5b4739db176ef2c99,CONTENT_ELIGIBLE,710,6,1,"[""APT_CyberCriminal_Campagin_Collections""]","[""RAW-5463cf56ff4e8d7d""]",SINGLETON,False,False
CANON-bc1a347190914cb4,bc1a347190914cb4bb7fe1cdf0d95a449cb3b73340db6914c030191da531463b,3,RAW-ae4928b1c8be2874,APTnotes,de9adc8bfe51a45f8bb7ce4d905a5c144d4605ece2bc66373318b67081578ed6,CONTENT_ELIGIBLE,9653,48,2,"[""APT_CyberCriminal_Campagin_Collections"",""APTnotes""]","[""RAW-ae4928b1c8be2874"",""RAW-bf10bbbb1182c80b"",""RAW-dc7d95bc35f1e217""]",MIXED_COMPONENT,True,True
CANON-bc26d5ea778e97cf,bc26d5ea778e97cfdbadacb1269fccb4c1b1f0ca8c1f1801094058a51285f0d9,2,RAW-c16300e5c1851995,APT_CyberCriminal_Campagin_Collections,116be2a0eaaab3a8fe75c0c93f3fc67358e4e1d04062beb5e124810ad379b60f,CONTENT_ELIGIBLE,1818,9,2,"[""APT_CyberCriminal_Campagin_Collections"",""APTnotes""]","[""RAW-c16300e5c1851995"",""RAW-ef634215f5736600""]",EXACT_BINARY,True,False
CANON-bc288f1a8d272f25,bc288f1a8d272f25ffb51d8ddf4c43a1be40fc8f7b913d19639d4b2a4fdbab39,2,RAW-b832829e6dc13615,APT_CyberCriminal_Campagin_Collections,701d8df5287490926f937617ea42d20149256de6885901b1f3ef7f921c5da5cd,CONTENT_ELIGIBLE,150,5,2,"[""APT_CyberCriminal_Campagin_Collections"",""APTnotes""]","[""RAW-b832829e6dc13615"",""RAW-df03bb89a34f6d89""]",EXACT_BINARY,True,False
CANON-bc7fde2047aa1a0f,bc7fde2047aa1a0f7cab64bb885ad7fb7fee266483938794fa84ba4ec660d437,1,RAW-d39accd9dcbb2780,APT_CyberCriminal_Campagin_Collections,631b5b53179728d18d247c75508feb1366e6acf41134a6d6c224dc23218728fd,CONTENT_ELIGIBLE,1429,5,1,"[""APT_CyberCriminal_Campagin_Collections""]","[""RAW-d39accd9dcbb2780""]",SINGLETON,False,True
CANON-bc923cbd8bbe141c,bc923cbd8bbe141c3f6aa932bab212b792c8873cb04449d5192802d8c37b7050,2,RAW-17bd2444fd3616fc,APT_CyberCriminal_Campagin_Collections,7aac4a7faebcbc469c97d3800bf7816b98c6387ad3f5da9d9505980b3f6eb40c,CONTENT_ELIGIBLE,10743,31,2,"[""APT_CyberCriminal_Campagin_Collections"",""APTnotes""]","[""RAW-17bd2444fd3616fc"",""RAW-80e50622535e9f22""]",EXACT_BINARY,True,True
CANON-bccc6b57dcdec424,bccc6b57dcdec424e20142c791015c00328b59c05b60faa7deb39ffc024d322f,1,RAW-54d128e977a00ebe,APT_CyberCriminal_Campagin_Collections,cbeadd13a84b3f54e7603374adcb237e960bf3f257e44245e52f44b429916518,CONTENT_ELIGIBLE,5461,69,1,"[""APT_CyberCriminal_Campagin_Collections""]","[""RAW-54d128e977a00ebe""]",SINGLETON,False,True
CANON-bcfb459ab91ea39f,bcfb459ab91ea39f86bed9d52bcaf490ad0eb9bf7f45337bc124a3a444c608ac,1,RAW-e0b4ab5c354baedb,APT_CyberCriminal_Campagin_Collections,2bd69562f96f9badd7dfe2004fb22217a9c579caf48e000e2b29d023d4928e45,CONTENT_ELIGIBLE,3390,19,1,"[""APT_CyberCriminal_Campagin_Collections""]","[""RAW-e0b4ab5c354baedb""]",SINGLETON,False,True
CANON-bd040ac7467ab96d,bd040ac7467ab96d81bf9234d3e5521dc36e8d68d6089154315431502a9ec98f,1,RAW-d70b237fe8a60b64,APT_CyberCriminal_Campagin_Collections,e05d553c5952466567b884fad4c690e928e0ade117277819befa1f216519c7a4,CONTENT_ELIGIBLE,1019,13,1,"[""APT_CyberCriminal_Campagin_Collections""]","[""RAW-d70b237fe8a60b64""]",SINGLETON,False,True
CANON-bd0b908f825c8866,bd0b908f825c886624b5105dbf0d2646ebbcb513e6c29004e6a46b5f2e0e3c20,1,RAW-b4069b55ccd19b85,APTnotes,8551cb981ed6221e74cd526baf98c27b8c378671c70bc68dd9ef9d81c55d8392,CONTENT_ELIGIBLE,909,4,1,"[""APTnotes""]","[""RAW-b4069b55ccd19b85""]",SINGLETON,False,False
CANON-bd1446be1ac0b84c,bd1446be1ac0b84c0ecec2cca0d2d64521efacc6a1902e675c35e77bad25f604,1,RAW-0ae6865a8703944f,APTnotes,30dc4d03b3e42830ba5fd4297e44c5f8c159793f86339135eb9730acb6f97e6d,CONTENT_ELIGIBLE,884,7,1,"[""APTnotes""]","[""RAW-0ae6865a8703944f""]",SINGLETON,False,True
CANON-bd3d2c8a199430b9,bd3d2c8a199430b9826163412748442aac2b7458ffea72ae68549e9a576b0815,1,RAW-c4b5599900cece52,APT_CyberCriminal_Campagin_Collections,90054915c64410ccae580831984fe9bb844dcb48a077aca4be3f484bc605f1d8,CONTENT_ELIGIBLE,770,11,1,"[""APT_CyberCriminal_Campagin_Collections""]","[""RAW-c4b5599900cece52""]",SINGLETON,False,False
CANON-bd8f349b2b0c009d,bd8f349b2b0c009deed193e0e44a531b4927636b648fce7150b61156948acb3a,1,RAW-73bcae6652457187,APT_CyberCriminal_Campagin_Collections,7a05fa532ae625a8d85dcdc6c4d63daeec6294b9e14c68405c196c3fff9327e6,NO_RECONSTRUCTED_TEXT,0,94,1,"[""APT_CyberCriminal_Campagin_Collections""]","[""RAW-73bcae6652457187""]",SINGLETON,False,False
CANON-bd9aed2db0009df1,bd9aed2db0009df144d1cfe7041a54489d3b5f8bbde0a7fdfe23fe5b8b1b8af2,2,RAW-84c1d21f87de213f,APTnotes,95602da85eb58996eed776e8fe5a6def27dd02bfc804aeae4cf3fe42020b7e14,CONTENT_ELIGIBLE,9346,31,2,"[""APT_CyberCriminal_Campagin_Collections"",""APTnotes""]","[""RAW-84c1d21f87de213f"",""RAW-972b397bed29357d""]",EXACT_BINARY,True,True
CANON-bd9b8e7976d25c9f,bd9b8e7976d25c9f1b957df7ac5bf707302ad1c5bed941b7c89acab70bc95025,1,RAW-c4a119aabc7c9546,APT_CyberCriminal_Campagin_Collections,85e4a754cbd021f3308282b114a747ea67c7e2ad32d367e5aaac27d2f5ae6dfa,CONTENT_ELIGIBLE,1178,13,1,"[""APT_CyberCriminal_Campagin_Collections""]","[""RAW-c4a119aabc7c9546""]",SINGLETON,False,True
CANON-bdb9cbba7e1d6591,bdb9cbba7e1d6591e0d2694846ac39bc79d51a9bb4e717fa60b4deb6c21ea1cc,1,RAW-b7e3b74ee667ce53,APT_CyberCriminal_Campagin_Collections,e8f25c06f5622f015e2023bb09762d1dc802605bc6459fb11efd4e42ba1e94d1,CONTENT_ELIGIBLE,6366,29,1,"[""APT_CyberCriminal_Campagin_Collections""]","[""RAW-b7e3b74ee667ce53""]",SINGLETON,False,True
CANON-bdba9008181a0344,bdba9008181a034408f55377b7a2cef9aa4f3f0324ef9d35b8e406d2dbea4d9f,1,RAW-b47526e0cb3aa114,APT_CyberCriminal_Campagin_Collections,b68902c5d1a41a67186370b2a80333850d406710ac6d1f93eeea0faf6b7597c0,CONTENT_ELIGIBLE,1401,6,1,"[""APT_CyberCriminal_Campagin_Collections""]","[""RAW-b47526e0cb3aa114""]",SINGLETON,False,True
CANON-bddd213727efba48,bddd213727efba488bd091993b3ab0b2b12cc900476c95a30d2182b96fbb97ee,1,RAW-0fa99bda45356b8b,APT_CyberCriminal_Campagin_Collections,d66249234e3dd8e39a4f7650a889dd072801a268adc67ccc5aa5cc3baacc4151,CONTENT_ELIGIBLE,3134,17,1,"[""APT_CyberCriminal_Campagin_Collections""]","[""RAW-0fa99bda45356b8b""]",SINGLETON,False,True
CANON-bde77d7a7efd7dcf,bde77d7a7efd7dcf66643ee87730b427ead71485cf0930ed9dfc89b846b3ef01,1,RAW-642c70a2693987eb,APT_CyberCriminal_Campagin_Collections,5b074cdbae86e33effbd09795bebcde125e3b90f909310a4e0266d4d90315997,CONTENT_ELIGIBLE,7084,22,1,"[""APT_CyberCriminal_Campagin_Collections""]","[""RAW-642c70a2693987eb""]",SINGLETON,False,True
CANON-bdec6a433fa8338e,bdec6a433fa8338e3498f64531e105a344f2c2bd144218488c66231b2a55e335,1,RAW-a2269257e056190d,APT_CyberCriminal_Campagin_Collections,8c7c054e2ded79c1299e072960802671544422ac22eae58315041ae0973c21a3,CONTENT_ELIGIBLE,4985,28,1,"[""APT_CyberCriminal_Campagin_Collections""]","[""RAW-a2269257e056190d""]",SINGLETON,False,True
CANON-be29a3948bba6010,be29a3948bba6010da7d83668def4e847b2f7ed1a8169b2c70fa27b0146d3dc1,1,RAW-d0795ed1776ec7d5,APTnotes,9a8adf4fb1fc97eacab83737fcb74e6f9c3b950e299bd498a6a544cc47298cdc,CONTENT_ELIGIBLE,781,3,1,"[""APTnotes""]","[""RAW-d0795ed1776ec7d5""]",SINGLETON,False,True
CANON-be30edc26e5e58a4,be30edc26e5e58a44467f7e8960659ea9b76573e00fe007764c31c884ee6e7c6,1,RAW-792525ce8c5fea0c,APT_CyberCriminal_Campagin_Collections,62a0ead10ce5b0a159b6b896c89b6aa420fc8e4ce622773e4d30b95d5e4b1b8f,CONTENT_ELIGIBLE,12046,40,1,"[""APT_CyberCriminal_Campagin_Collections""]","[""RAW-792525ce8c5fea0c""]",SINGLETON,False,True
CANON-be42fe8615d17cea,be42fe8615d17cea8455e4a6cf2dc4805f00ded80df68f709200427fb83c7974,1,RAW-5b5a271d0b5cd245,APT_CyberCriminal_Campagin_Collections,456da4ac05f257336cd6a62783428f4ed70873f292f311fa87f289bf340b0479,CONTENT_ELIGIBLE,3332,23,1,"[""APT_CyberCriminal_Campagin_Collections""]","[""RAW-5b5a271d0b5cd245""]",SINGLETON,False,True
CANON-be55c0e4c920ae63,be55c0e4c920ae6330e22aa9985daaf3c11bfe7b5bd6b44487e7a3e437fd03e7,2,RAW-56c7b0b44f27ff6b,APTnotes,14093e772fae99768fd50e2d5cd61e8dba7741894e7aed12a576ffd4bda29f38,CONTENT_ELIGIBLE,7462,39,2,"[""APT_CyberCriminal_Campagin_Collections"",""APTnotes""]","[""RAW-56c7b0b44f27ff6b"",""RAW-ffdcac605bbc109f""]",EXACT_BINARY,True,True
CANON-be5e5a70ad1593cf,be5e5a70ad1593cfa5fc1adefeb9b3c000295cd9f3b40d6b3f06f263e8d1eb51,1,RAW-13fd661352ca89a3,APT_CyberCriminal_Campagin_Collections,160796542b39ab422f12128972583f4ae453a4a3003bd8d7bae37bc835468933,CONTENT_ELIGIBLE,1621,14,1,"[""APT_CyberCriminal_Campagin_Collections""]","[""RAW-13fd661352ca89a3""]",SINGLETON,False,True
CANON-be6769056d6d7d92,be6769056d6d7d92c3652abb6f76a45c924c48eb8ce51278ecd981ff34c73d15,1,RAW-9a90108f183fa710,APT_CyberCriminal_Campagin_Collections,d6dc3b9ddd33d9e7b16c4695b26e5565569a666602fe3b103742cec4bd16ce31,CONTENT_ELIGIBLE,428,11,1,"[""APT_CyberCriminal_Campagin_Collections""]","[""RAW-9a90108f183fa710""]",SINGLETON,False,False
CANON-be77505d7691f195,be77505d7691f195cc757bbb54aa9439b64faea3429beb0776c586034f98971b,2,RAW-2bb8184f825a742a,APTnotes,c19be0cceb376dea37a1288a49ace617d5d5ba74f0ae7451cebcfb04d475daa4,CONTENT_ELIGIBLE,1385,10,2,"[""APT_CyberCriminal_Campagin_Collections"",""APTnotes""]","[""RAW-2bb8184f825a742a"",""RAW-34c1ea7b6af73559""]",EXACT_BINARY,True,True
CANON-be8d0b9e4c5ecc16,be8d0b9e4c5ecc1673b30a22b70f9d571b2b9bbb0d723d1ad976a3a2b825b163,1,RAW-0072e4cd04ff02fe,APT_CyberCriminal_Campagin_Collections,5edd33c5e3fde3902757548f7125506d60e59f44bf10aafe775ce1840ffe66b2,CONTENT_ELIGIBLE,1565,6,1,"[""APT_CyberCriminal_Campagin_Collections""]","[""RAW-0072e4cd04ff02fe""]",SINGLETON,False,True
CANON-beaa5cb5047eb136,beaa5cb5047eb13687457651aad201529f3966255f5483f9e205c4716e9fb3a4,1,RAW-ecff33c2f45318f3,APTnotes,a2b17359fdc60bb60828a732dfac6175dbf754fe77485d076b7497c58de80a9c,CONTENT_ELIGIBLE,3918,45,1,"[""APTnotes""]","[""RAW-ecff33c2f45318f3""]",SINGLETON,False,True
CANON-beafebefd5281a19,beafebefd5281a19de99a6cdbc9d140039e2bb040b8c660633c9292b0a5e572e,1,RAW-cb8da909a3cd016f,APT_CyberCriminal_Campagin_Collections,fbc81ef577ddafffdf105b951d71c2abd4ddc101ce7ee4db8907704036ef60c7,CONTENT_ELIGIBLE,806,8,1,"[""APT_CyberCriminal_Campagin_Collections""]","[""RAW-cb8da909a3cd016f""]",SINGLETON,False,False
CANON-bebbaf321a6a8959,bebbaf321a6a895978c16b96e8d490be16bfb3ede879eb22072c1487d7cb7de3,2,RAW-1c03156f5bb9ad89,APTnotes,167d56a2bf2d4c9326696521d634ecbf006e26f0cb16dfaeb81d34a705b92d38,CONTENT_ELIGIBLE,6478,26,2,"[""APT_CyberCriminal_Campagin_Collections"",""APTnotes""]","[""RAW-1c03156f5bb9ad89"",""RAW-6b0a074691bdbb10""]",EXACT_BINARY,True,False
CANON-bf47e42730535351,bf47e4273053535190af168c57179493cb44e4386b536d430be475437f1c3766,1,RAW-f3c4f17ecf9febf0,APTnotes,521fac43f68ecf5ada28bf42855ff564e481cabf4ebf61623302087ef05eead8,CONTENT_ELIGIBLE,7039,29,1,"[""APTnotes""]","[""RAW-f3c4f17ecf9febf0""]",SINGLETON,False,True
CANON-bf840cd1f285a4cf,bf840cd1f285a4cfc04985a33a9d4daacb23b5090c62afeb0a75e24556c2b3a7,1,RAW-e8e4c4bcb1641139,APT_CyberCriminal_Campagin_Collections,43f16b408a9eea9f7a46e65ab4480bf3f7b9f1c5d15436b09e0a51b1a01a789a,CONTENT_ELIGIBLE,1445,4,1,"[""APT_CyberCriminal_Campagin_Collections""]","[""RAW-e8e4c4bcb1641139""]",SINGLETON,False,True
CANON-bf9304a7e19fc1cd,bf9304a7e19fc1cd9194c4f7e70a9316315f940fba1fb923f2957757d48147c6,1,RAW-f3467fa7395c0384,APT_CyberCriminal_Campagin_Collections,36790862dc37fc57b7b31cae289de9e206a59f78ee55531417ba6b9693dd9dba,INSUFFICIENT_RECONSTRUCTED_TEXT,27,13,1,"[""APT_CyberCriminal_Campagin_Collections""]","[""RAW-f3467fa7395c0384""]",SINGLETON,False,False
CANON-bfacf578dc937b6c,bfacf578dc937b6c75e43ac0717c1396ab6fd4de0e05be881afe870946d069ed,2,RAW-96bc545ade0cc7c3,APTnotes,2145aafa29283aeb439ce22bc68be39f1e58a145a40f00e1df404d1dc9479f71,CONTENT_ELIGIBLE,6942,33,2,"[""APT_CyberCriminal_Campagin_Collections"",""APTnotes""]","[""RAW-96bc545ade0cc7c3"",""RAW-96c83128b3870c74""]",EXACT_BINARY,True,True
CANON-bfe70ad01aa1233e,bfe70ad01aa1233e020179d411bd8c1601e911f4fc2f6a2ab66ac3795783acd5,1,RAW-2d017e520e43ce69,APT_CyberCriminal_Campagin_Collections,000a82ea5a47cb7cf86d252fc1a1bb9acb2a10e6bf6321aab90c9a4e89f44cdd,CONTENT_ELIGIBLE,2419,14,1,"[""APT_CyberCriminal_Campagin_Collections""]","[""RAW-2d017e520e43ce69""]",SINGLETON,False,True
CANON-bff01f53832ab7a4,bff01f53832ab7a4c7e19b05cf4526112834282945e4f620734f6d30e3961ce2,1,RAW-08a7b1061e3cebd4,APTnotes,3058733cb2c09f781aa1eca680bd0fbb4ee2c61006ee9a69790d92214442c709,CONTENT_ELIGIBLE,2521,14,1,"[""APTnotes""]","[""RAW-08a7b1061e3cebd4""]",SINGLETON,False,True
CANON-bff26fad0616c6b1,bff26fad0616c6b1532c0e50a6cbbf9654930e319fd85606c850b01b32746ac3,1,RAW-132450408bf710ad,APT_CyberCriminal_Campagin_Collections,712163c4425f15bcc8f252c203b377428c10d8e4a2ff7396218d2edefb96859e,CONTENT_ELIGIBLE,2581,23,1,"[""APT_CyberCriminal_Campagin_Collections""]","[""RAW-132450408bf710ad""]",SINGLETON,False,False
CANON-bff47afe6b8a2b7d,bff47afe6b8a2b7d44bd4ff292de5153f14f56aa966dd44ec512eea4d68e957c,1,RAW-c2233a42b6728611,APTnotes,785e679074ffe006149477ec19bb5344d375ed61b4c0a6490123f5538cd93998,CONTENT_ELIGIBLE,4077,15,1,"[""APTnotes""]","[""RAW-c2233a42b6728611""]",SINGLETON,False,True
CANON-c03b0b61e9991967,c03b0b61e999196746e7bdf91ff8d39933c082ed7bba9785f8ce2dd738235b3b,1,RAW-6d648b1ed5989e39,APT_CyberCriminal_Campagin_Collections,604c8621598142afcb06cee49c35c55ba630c72404a0b29662ced9c85cf9fa34,CONTENT_ELIGIBLE,943,12,1,"[""APT_CyberCriminal_Campagin_Collections""]","[""RAW-6d648b1ed5989e39""]",SINGLETON,False,False
CANON-c049c8721732bbe2,c049c8721732bbe2f85043ab68e66f9573e5a79301ae90dcc6cc7747cdfcdcec,1,RAW-60d92c2822f6bfac,APTnotes,9024bc2015e55ed28660dead9b439a5d6d17794610174789fcd75ec08728e497,CONTENT_ELIGIBLE,1394,7,1,"[""APTnotes""]","[""RAW-60d92c2822f6bfac""]",SINGLETON,False,True
CANON-c058bd98d1bc0dab,c058bd98d1bc0dab8a1596824e4ed62cee54699256171de0d480dd9ff6040f7a,1,RAW-a6dbe20debc4dee5,APTnotes,1e1f787beb72213f94fb707cff38dcc00785dbcd5362de73eb9811b40ef78ce5,CONTENT_ELIGIBLE,2894,17,1,"[""APTnotes""]","[""RAW-a6dbe20debc4dee5""]",SINGLETON,False,True
CANON-c0647d88999673d0,c0647d88999673d0e5b46aa2681f79dcfe4d7dbd0a66ad5b1ab0c5b6200afd43,1,RAW-d46309a0e329da58,APTnotes,7ec6d14d75817b6a84067c29b358d4e3f41ab1ad8ddf301ce4c2accf0892d157,CONTENT_ELIGIBLE,1220,4,1,"[""APTnotes""]","[""RAW-d46309a0e329da58""]",SINGLETON,False,True
CANON-c09158a134c8a02f,c09158a134c8a02fc6847b0a25e61c674c02585afe1ae58f6f90ba4b1e5732d8,1,RAW-67d952ea94adc204,APT_CyberCriminal_Campagin_Collections,55e67470f0578044ab6b9879dfb478d66bcf6acc2431916caa5f356a5752be68,CONTENT_ELIGIBLE,3192,44,1,"[""APT_CyberCriminal_Campagin_Collections""]","[""RAW-67d952ea94adc204""]",SINGLETON,False,True
CANON-c16786b44f2d6b99,c16786b44f2d6b99cadd5785bb3e8ab4a17072258e79362fcf7bfbf5c737063e,1,RAW-534c1890646370b1,APT_CyberCriminal_Campagin_Collections,ae1bab6c7ddc2202fe95006e87ef4bfc49c7f720bc2e7ee05b86651255a6d1d9,CONTENT_ELIGIBLE,1982,26,1,"[""APT_CyberCriminal_Campagin_Collections""]","[""RAW-534c1890646370b1""]",SINGLETON,False,True
CANON-c176096e1f02a179,c176096e1f02a17909000161251a81a6f6025f65314582dfc869e584d1d5ab7a,2,RAW-5faf5e4c48f32d11,APTnotes,25c41433d0acee58faf75f9889626f42fbae869a7a616b4e790490d15924f857,CONTENT_ELIGIBLE,3064,16,2,"[""APT_CyberCriminal_Campagin_Collections"",""APTnotes""]","[""RAW-5faf5e4c48f32d11"",""RAW-9bccfc23d450a23d""]",EXACT_BINARY,True,True
CANON-c1aa88a02bb20b44,c1aa88a02bb20b446973ccad1f564dfe24c42b0ebaa5d5cba727ceac7203ea16,2,RAW-85b0cc0a93bb6eab,APT_CyberCriminal_Campagin_Collections,1b701d3d27f4cbc1ecd054879a2b001ef95b3b0d954b7cd152de65e5b0d8699a,CONTENT_ELIGIBLE,5398,33,2,"[""APT_CyberCriminal_Campagin_Collections"",""APTnotes""]","[""RAW-85b0cc0a93bb6eab"",""RAW-f1351cfec350faf7""]",EXACT_BINARY,True,True
CANON-c1eabce3591742c8,c1eabce3591742c8f6a4af0069c267562ae82505fbfb8763580fd1f40004e593,1,RAW-896d1b86e2ee436a,APT_CyberCriminal_Campagin_Collections,ea83730b4af91997799768ebef900b334defdb45c5ddd68a15ad140c93e2aee0,CONTENT_ELIGIBLE,2034,8,1,"[""APT_CyberCriminal_Campagin_Collections""]","[""RAW-896d1b86e2ee436a""]",SINGLETON,False,False
CANON-c1ec1db6904c4097,c1ec1db6904c4097e6a8b619ea30d2796ce6e26a1f188b5838639f4b80369524,1,RAW-15a28024f6493715,APTnotes,3f0a85d3045595185e616c396b3d627944835b96ba9cf608fffffd87b2cb6e4e,CONTENT_ELIGIBLE,5263,16,1,"[""APTnotes""]","[""RAW-15a28024f6493715""]",SINGLETON,False,True
CANON-c22b1903bb0f03d4,c22b1903bb0f03d46696bc20c3e9ed230662919628be8ac51aaaeced1767c8c5,1,RAW-b19d3dc012befe26,APT_CyberCriminal_Campagin_Collections,b831f4b371343d0cdae3088ec0b88c733d87b261b4c8df98ba7b68a04cf04e44,CONTENT_ELIGIBLE,2711,12,1,"[""APT_CyberCriminal_Campagin_Collections""]","[""RAW-b19d3dc012befe26""]",SINGLETON,False,False
CANON-c2712c1dedcc5923,c2712c1dedcc592334c2f22eb51d4964e04c97d69f4474c8658fc143530b1666,1,RAW-c3a9872db6443ab3,APT_CyberCriminal_Campagin_Collections,8cbd85f48c246c4b286fb74ec91952168699fc697a27383d0c2dc91a21ae3223,CONTENT_ELIGIBLE,5664,25,1,"[""APT_CyberCriminal_Campagin_Collections""]","[""RAW-c3a9872db6443ab3""]",SINGLETON,False,False
CANON-c2a207f0dcbd6afd,c2a207f0dcbd6afd3f878420273c6a8f66eaa766a6dee3aea8ff87a357e8a72f,1,RAW-39b7a4cb56065271,APTnotes,a4bd2752ff7a0aa78795bd2a9d6ce515c9077f3bb2ca16cd1d62e70bf875484f,CONTENT_ELIGIBLE,100,18,1,"[""APTnotes""]","[""RAW-39b7a4cb56065271""]",SINGLETON,False,True
CANON-c3660b58487e99c5,c3660b58487e99c5ac8664f82eada08ad1e663036fd68ea2af53439443268397,1,RAW-f2300e8a4b12464b,APT_CyberCriminal_Campagin_Collections,c546a772aef2188cee7d93b6f104791157b5e7d6337592715132dd13200e229c,CONTENT_ELIGIBLE,1831,9,1,"[""APT_CyberCriminal_Campagin_Collections""]","[""RAW-f2300e8a4b12464b""]",SINGLETON,False,True
CANON-c39aee50dfe85068,c39aee50dfe8506800b8240a5384724df76d056fb07565888d27ebb39cbc5348,1,RAW-a09a0b0d1c11d7e7,APTnotes,7902fadb91bfd46e96af6fac144edd0549ef35c02601c7a480703e79075f914a,CONTENT_ELIGIBLE,2265,14,1,"[""APTnotes""]","[""RAW-a09a0b0d1c11d7e7""]",SINGLETON,False,True
CANON-c3abdc4cdcfd133b,c3abdc4cdcfd133b4700443b0a287b264be5060ecffc556a89784d8873d7da26,1,RAW-3c8050637f3c210e,APT_CyberCriminal_Campagin_Collections,81f9d096c35aa0342098616edbf5d54fae0660eab731f4d52d047bbd929b5dc1,CONTENT_ELIGIBLE,1177,6,1,"[""APT_CyberCriminal_Campagin_Collections""]","[""RAW-3c8050637f3c210e""]",SINGLETON,False,False
CANON-c3c65b447cfb43c7,c3c65b447cfb43c776fe75cf0413fb3cad382be44875792b948f369428a384cc,2,RAW-8b393c3a738085ca,APT_CyberCriminal_Campagin_Collections,b7cf61434cb485baafd9c3205f64c0cc8f1fa2302f9405a16cd421e888f4973e,CONTENT_ELIGIBLE,2730,20,2,"[""APT_CyberCriminal_Campagin_Collections"",""APTnotes""]","[""RAW-8b393c3a738085ca"",""RAW-e752c4e28116b4ba""]",EXACT_BINARY,True,True
CANON-c3e76bd812936310,c3e76bd81293631085c6afe60b6507db196c09e9402041b26159e1f2b18a5417,1,RAW-cc12a21c377b1947,APTnotes,9ac0df6521bc00757202236a722a467201403297202a7af5726ba565fa8633b1,CONTENT_ELIGIBLE,7852,32,1,"[""APTnotes""]","[""RAW-cc12a21c377b1947""]",SINGLETON,False,True
CANON-c41bcfcd6dc8bd81,c41bcfcd6dc8bd81d5489e56ad64fea012c5096deedda0e08d1f820803cb4cdf,1,RAW-85ddef2978819552,APT_CyberCriminal_Campagin_Collections,ea481ef89a848efccd34516dbe5bc4425b6b319a22bb7110b4d0a65f2c672c42,CONTENT_ELIGIBLE,994,4,1,"[""APT_CyberCriminal_Campagin_Collections""]","[""RAW-85ddef2978819552""]",SINGLETON,False,True
CANON-c46f461ab92cde6d,c46f461ab92cde6d582ec1342bb89fa812be3f97aa672874011c59e1ca206c0f,1,RAW-a4fe4c1ab60ab01a,APT_CyberCriminal_Campagin_Collections,0e687f354cf2dfe8f6896a541c73a0c189b85cf5f6d7bb7717564a6e5fbbfd8f,CONTENT_ELIGIBLE,1408,4,1,"[""APT_CyberCriminal_Campagin_Collections""]","[""RAW-a4fe4c1ab60ab01a""]",SINGLETON,False,True
CANON-c482b84884768763,c482b84884768763d1ee2f2b0bfad1fb61c9b457d620a2e726c5fe263c48fbc1,1,RAW-7570dbea63503a91,APT_CyberCriminal_Campagin_Collections,14baf62f0e9d91803497d800f823158f5a34df5f6618780172559ee116314255,CONTENT_ELIGIBLE,2324,8,1,"[""APT_CyberCriminal_Campagin_Collections""]","[""RAW-7570dbea63503a91""]",SINGLETON,False,True
CANON-c485bbcddca5e855,c485bbcddca5e855109f8e4a2a11a6b2e673c19ebd5a6d04f9a282870c51144a,1,RAW-f147c26d4f9608c5,APT_CyberCriminal_Campagin_Collections,11481c8b63b0bd54e0e4eb18884be3f40b180a13b6421bbf2bdcfc4a8c1fb287,CONTENT_ELIGIBLE,2718,35,1,"[""APT_CyberCriminal_Campagin_Collections""]","[""RAW-f147c26d4f9608c5""]",SINGLETON,False,True
CANON-c4937eea23d0955e,c4937eea23d0955e3ed64bbe87b9c59a23523b087d9ac14bec5eb2ad8f3b2ecf,1,RAW-99a548ed00135c56,APTnotes,a3b751b9b0d5304b58e2452b2d2e4c172ea7a714b1b93f5550a0a929f880855a,CONTENT_ELIGIBLE,3206,20,1,"[""APTnotes""]","[""RAW-99a548ed00135c56""]",SINGLETON,False,True
CANON-c49babc3e7b1c26f,c49babc3e7b1c26f828ff94fee756f2ba49ed8538517f29cbf3d747fd75b88e0,1,RAW-fe8decd77c485d48,APT_CyberCriminal_Campagin_Collections,498692a7ebd99cd296971ab5e56571583c564ad1f1877483100e43e17e00a14f,CONTENT_ELIGIBLE,4311,21,1,"[""APT_CyberCriminal_Campagin_Collections""]","[""RAW-fe8decd77c485d48""]",SINGLETON,False,True
CANON-c4a684b791912370,c4a684b791912370163afae1cfd9d0ee35d93f4e97746b4f905fd3d21e50c6c6,1,RAW-cec7678ec704df40,APTnotes,88bfb292bd45a04307898b6202224ffc84318aa31ed2218fcb1e54ff7d48806f,CONTENT_ELIGIBLE,2850,22,1,"[""APTnotes""]","[""RAW-cec7678ec704df40""]",SINGLETON,False,True
CANON-c4be819ccfb89515,c4be819ccfb8951529212b94c9362b6082a1ce46a4edb561dfb44ee2aeb8a8e7,1,RAW-2eec8adfb60e8dab,APTnotes,2c78b6a8acba75b53bfceb2b1d26c0bcceddc69b936310ec8c6826ea6d0b4b77,CONTENT_ELIGIBLE,1728,11,1,"[""APTnotes""]","[""RAW-2eec8adfb60e8dab""]",SINGLETON,False,True
CANON-c4d4a57220fd5626,c4d4a57220fd562639fd82d24c6931f207fccbfb883215dde846a47b1e9d5074,1,RAW-07f6aa3c74805ded,APT_CyberCriminal_Campagin_Collections,3bcf8419e1336ebccb6ec0db43b959541f7823f98bbf3df462935b4016d8630d,CONTENT_ELIGIBLE,4450,18,1,"[""APT_CyberCriminal_Campagin_Collections""]","[""RAW-07f6aa3c74805ded""]",SINGLETON,False,True
CANON-c51ca07769ec1e00,c51ca07769ec1e0047fffee3334ef6b30940cd135064ddb6415e6e5ee4bd5a09,1,RAW-7cefef3ff2170323,APT_CyberCriminal_Campagin_Collections,1e1f0c5dfe1c7c6dd53efe1fda1c8f1c2767afbfd034b34fe704d1e15bfef9d6,CONTENT_ELIGIBLE,1866,8,1,"[""APT_CyberCriminal_Campagin_Collections""]","[""RAW-7cefef3ff2170323""]",SINGLETON,False,True
CANON-c55fc9a090a96384,c55fc9a090a96384b92b026a36734e3327ee981b3e1381b3fa5fbf054898b0e4,2,RAW-24d3d54a4cbcf16e,APTnotes,1b15a97207f8c977e3bbc286e18a466f1bd231062dfae27c497715e2d69f39ad,CONTENT_ELIGIBLE,2935,4,2,"[""APT_CyberCriminal_Campagin_Collections"",""APTnotes""]","[""RAW-24d3d54a4cbcf16e"",""RAW-43a13a3a572c818c""]",CONTENT_EQUIVALENT,True,True
CANON-c572e33794ada760,c572e33794ada76096f32a0fc8b914bed1c8dab2229f6473b3a94a9c31217e75,1,RAW-0863565edef23ff0,APTnotes,4e9b864403bfb3eefa082fe24d7d3a65930e3ba68598191bef8993b95a51b0e3,CONTENT_ELIGIBLE,2998,11,1,"[""APTnotes""]","[""RAW-0863565edef23ff0""]",SINGLETON,False,True
CANON-c5ca15244e12256e,c5ca15244e12256e3a7cc4b93891213bfb15de25977a9fbd8a1e7e9ba2d606af,1,RAW-92c34c31c7a18635,APT_CyberCriminal_Campagin_Collections,0b1595abb4b18271690ba78d9611bb866396ea9c1649f6f8493be843b7f4bcae,CONTENT_ELIGIBLE,1889,9,1,"[""APT_CyberCriminal_Campagin_Collections""]","[""RAW-92c34c31c7a18635""]",SINGLETON,False,True
CANON-c6712aeefd39a436,c6712aeefd39a4361c43d7f7b0d6e42dcfde47c256c52600e44dddb600fe301f,1,RAW-1b29236884526a73,APT_CyberCriminal_Campagin_Collections,882fe89c4b63d1bb238dfb54187c24381dd654049dcd89e13eeb63b557bb1827,CONTENT_ELIGIBLE,3168,15,1,"[""APT_CyberCriminal_Campagin_Collections""]","[""RAW-1b29236884526a73""]",SINGLETON,False,True
CANON-c6f83551ab3d0b0f,c6f83551ab3d0b0fd3fcfe3a2295df6453f6982c25f12bf3f23b5a7018b1b1a6,1,RAW-a93e177c6dae0843,APT_CyberCriminal_Campagin_Collections,22349f68eeb50efada008501c85d6793b59e55724c3fa0ea97a7811772c2a981,INSUFFICIENT_RECONSTRUCTED_TEXT,50,15,1,"[""APT_CyberCriminal_Campagin_Collections""]","[""RAW-a93e177c6dae0843""]",SINGLETON,False,False
CANON-c713c2d2d5707364,c713c2d2d57073641f2dcdbadc901c35a29c30c25c4088c2ce4421bfdacd2f6f,1,RAW-a06345719056a6fd,APT_CyberCriminal_Campagin_Collections,ba7b3b10b6f1a2ae2d89b3980fe2d1742452dd840d34e21c40879fa7beb45f44,CONTENT_ELIGIBLE,1326,8,1,"[""APT_CyberCriminal_Campagin_Collections""]","[""RAW-a06345719056a6fd""]",SINGLETON,False,True
CANON-c718b6e6be095992,c718b6e6be095992f736176adf36f69a232b8155228f4934b6697a392ae2a8bf,1,RAW-f3d7b2829592b5b8,APTnotes,bf2497e7a9d328a5cef56bd9bad7f00b01535e7079db2afe6a76ae92e198648e,CONTENT_ELIGIBLE,1369,15,1,"[""APTnotes""]","[""RAW-f3d7b2829592b5b8""]",SINGLETON,False,False
CANON-c724ce0fad3e9de1,c724ce0fad3e9de1142b0bf1fbf649e3325bcf4d479be03146962e8251d7ef0d,1,RAW-492c20ed0aa4d447,APT_CyberCriminal_Campagin_Collections,0f4f601ebaa0042a814ae7718c51120c1bcd592ae4155a6a48f4bc8f90c4ed66,CONTENT_ELIGIBLE,2193,12,1,"[""APT_CyberCriminal_Campagin_Collections""]","[""RAW-492c20ed0aa4d447""]",SINGLETON,False,True
CANON-c739bab68f3f27f9,c739bab68f3f27f9ec547ef9b70831ff2df6edfa5be8168df001cc3a00570897,1,RAW-9f006a7a7f991ca7,APT_CyberCriminal_Campagin_Collections,bc236b0834636f3ee5942a3aabb6af936e0888f87ad7df145591dde792d5b0e8,CONTENT_ELIGIBLE,1430,12,1,"[""APT_CyberCriminal_Campagin_Collections""]","[""RAW-9f006a7a7f991ca7""]",SINGLETON,False,True
CANON-c77f5cc40199f448,c77f5cc40199f448e5088320484a6c95b6d0527e056e59e21201cfa6f55dfd1c,1,RAW-fc7a69c91e3ebe7f,APT_CyberCriminal_Campagin_Collections,8207e19e543ace07b39a6f149f8e723addf412f1aa031492568d5bc7c7ba0f7a,CONTENT_ELIGIBLE,2292,14,1,"[""APT_CyberCriminal_Campagin_Collections""]","[""RAW-fc7a69c91e3ebe7f""]",SINGLETON,False,True
CANON-c7b1b41b8bec89da,c7b1b41b8bec89da47989c38f10f79b3c7f47f5d37c351512cafe7d328fec163,1,RAW-d6e37c2ac1252574,APT_CyberCriminal_Campagin_Collections,a9382cfe14e08ce6b3e36dfd087eb35e9f76b4dc697e3ab497dbfc1297a65842,CONTENT_ELIGIBLE,372,6,1,"[""APT_CyberCriminal_Campagin_Collections""]","[""RAW-d6e37c2ac1252574""]",SINGLETON,False,False
CANON-c7e2caeadf66eaee,c7e2caeadf66eaee48b3956dcd7fd4d507e8463734d5130b99ab98439f8c0d4d,1,RAW-82ed1887420498f3,APTnotes,1c6c3e3c3630c0efbad838027057d3bbce0d574fb0b589494980318628b1bdaf,CONTENT_ELIGIBLE,1119,4,1,"[""APTnotes""]","[""RAW-82ed1887420498f3""]",SINGLETON,False,True
CANON-c87afeda94136413,c87afeda941364134d26b0a4dbfd4706e6a1d4c10e0a40f29b181595aa7e152c,1,RAW-12bd0cbf9ef65065,APTnotes,39a089ca0b9cf48a58c1fe711c0d3e0edc733028314849f26db32e27eab1b5e4,CONTENT_ELIGIBLE,4842,11,1,"[""APTnotes""]","[""RAW-12bd0cbf9ef65065""]",SINGLETON,False,True
CANON-c8a1ae28acd8f155,c8a1ae28acd8f155a83509020598771ef9ec491e83e86868207c307e5362853f,2,RAW-2e47442857853181,APTnotes,fc2a84fa8fbbc85232d82d0c562829bba12331abdea06089a448cd8108183697,CONTENT_ELIGIBLE,3992,16,2,"[""APT_CyberCriminal_Campagin_Collections"",""APTnotes""]","[""RAW-2e47442857853181"",""RAW-865b5d2a919dff0e""]",EXACT_BINARY,True,True
CANON-c8c943ddf2f81b2c,c8c943ddf2f81b2c73b52d4a2c4b2998db6f2fe9c8d1ea12b7234a7855c04625,1,RAW-ee0ff16f7de12c6d,APT_CyberCriminal_Campagin_Collections,2ad5bdc454c5b9ffbfb6344debc4ff8df605d6276478b77ad93e8fb3fac93006,CONTENT_ELIGIBLE,2390,16,1,"[""APT_CyberCriminal_Campagin_Collections""]","[""RAW-ee0ff16f7de12c6d""]",SINGLETON,False,True
CANON-c8cdfe7fb4a3f867,c8cdfe7fb4a3f8678b4e32e4df302b26be22162fb66ea4be8371ccaf4e07b12e,1,RAW-c9bf5a206e8446e2,APT_CyberCriminal_Campagin_Collections,e24a2acae138548d8218a4fa20a979a9321ab75853bc99db366ff8c3058588be,CONTENT_ELIGIBLE,2631,18,1,"[""APT_CyberCriminal_Campagin_Collections""]","[""RAW-c9bf5a206e8446e2""]",SINGLETON,False,True
CANON-c8e116d187175461,c8e116d187175461ea6aed2ce3cd9ed88a5eae8e21d3dfdd1f6697d1530c579d,1,RAW-d059a78fc0b54b3f,APT_CyberCriminal_Campagin_Collections,19b0bbacfc5b8fdcf75e2754dad7bbbd096a0d74e9efc7f628817bd8c81fe219,CONTENT_ELIGIBLE,1539,16,1,"[""APT_CyberCriminal_Campagin_Collections""]","[""RAW-d059a78fc0b54b3f""]",SINGLETON,False,True
CANON-c8ebe201f3da436f,c8ebe201f3da436f1d9a0394ccb53ee1479c0a97301fc3cdc99355c327f3bd91,1,RAW-9d23758c258c8273,APT_CyberCriminal_Campagin_Collections,d4217a7f7730c0fe7a3bfac78389de677087fd6060a100ee2f5e79902377eca9,CONTENT_ELIGIBLE,1568,16,1,"[""APT_CyberCriminal_Campagin_Collections""]","[""RAW-9d23758c258c8273""]",SINGLETON,False,True
CANON-c8f65c393b3bfaf3,c8f65c393b3bfaf319ae6b73e6a4fa102b9fef446bd55c70fc84f31adbdf71bc,1,RAW-8f101b118c4cc9d2,APT_CyberCriminal_Campagin_Collections,4f1946a88e2f1f3b0c382fc213dd9182bfd295cfffbbc870291dd71c875f5d2f,NO_RECONSTRUCTED_TEXT,0,17,1,"[""APT_CyberCriminal_Campagin_Collections""]","[""RAW-8f101b118c4cc9d2""]",SINGLETON,False,False
CANON-c92e262e13698b5c,c92e262e13698b5cef99f34fa31a9d9244c8cf85874ee9efb5ebf8e0855593ba,1,RAW-59f2ad8d0fa72615,APT_CyberCriminal_Campagin_Collections,7701ae525a61972118e81f281481b27f4ea18540a74113445a4b8832eb2af45f,CONTENT_ELIGIBLE,5368,15,1,"[""APT_CyberCriminal_Campagin_Collections""]","[""RAW-59f2ad8d0fa72615""]",SINGLETON,False,False
CANON-c95905775e6486ed,c95905775e6486ed6f3609889b5750f29d8d8921888e9511e67da54ed02e2cd4,1,RAW-87904d68e802d0ef,APT_CyberCriminal_Campagin_Collections,b453cbb3cf6c7eb8a5aa1a601c0026e851249916609be7a4a72972f48f3d9bb2,CONTENT_ELIGIBLE,712,17,1,"[""APT_CyberCriminal_Campagin_Collections""]","[""RAW-87904d68e802d0ef""]",SINGLETON,False,False
CANON-c9adf4710f5a0096,c9adf4710f5a00960070fdf3c6d502f89aa021f24b2a4481c4d59626d0f2eea4,1,RAW-89dec548d9156041,APT_CyberCriminal_Campagin_Collections,9a2e8a17acab47c60c9f091f6c7a0e2e7babb321e935ffbc938da5887910bbf5,CONTENT_ELIGIBLE,2451,15,1,"[""APT_CyberCriminal_Campagin_Collections""]","[""RAW-89dec548d9156041""]",SINGLETON,False,True
CANON-c9b51563bab472a4,c9b51563bab472a4a40b1fb10b0aeee0bfee56f51158b79ac426ccac1e322d40,2,RAW-af2ad4b72d0a9120,APTnotes,89ae87fc74505c82cdbd196d2236db674c42b70c5c21159857adad9da4b75a00,CONTENT_ELIGIBLE,6852,38,2,"[""APT_CyberCriminal_Campagin_Collections"",""APTnotes""]","[""RAW-af2ad4b72d0a9120"",""RAW-bd098cfd8354f83e""]",EXACT_BINARY,True,True
CANON-c9b8e7e1dd845ace,c9b8e7e1dd845aced07f3e01e69822eca375595e6aaa342128096ecd4661ab7b,1,RAW-44360f61d276d3be,APT_CyberCriminal_Campagin_Collections,0ec606dc9b9cf96429eb66d004093bf7280ba385160a6461fe4b946a2a008948,CONTENT_ELIGIBLE,2228,9,1,"[""APT_CyberCriminal_Campagin_Collections""]","[""RAW-44360f61d276d3be""]",SINGLETON,False,True
CANON-c9e0f3c492da985d,c9e0f3c492da985dd2a0149aef8eb84e38624ed40525ad3c32088967b00efc90,1,RAW-b90ee5694ecfd333,APT_CyberCriminal_Campagin_Collections,dd93dfe4873fa888729c52531841b0fff014ba344896164ced356180e30168fb,CONTENT_ELIGIBLE,734,6,1,"[""APT_CyberCriminal_Campagin_Collections""]","[""RAW-b90ee5694ecfd333""]",SINGLETON,False,False
CANON-ca0ad55331ef5cfd,ca0ad55331ef5cfd6086577bf6358c0fa73006ab2fc5ffa34516618b55b9e75b,1,RAW-3b8f532c8d4e0837,APT_CyberCriminal_Campagin_Collections,1e1ded3ca3ffffc6d97252595f0dbcdb8899660b4cd84cff4abb4d6d97c6acff,CONTENT_ELIGIBLE,2910,21,1,"[""APT_CyberCriminal_Campagin_Collections""]","[""RAW-3b8f532c8d4e0837""]",SINGLETON,False,True
CANON-ca3ccbb56b7bb78e,ca3ccbb56b7bb78e0f1ed26b7c286861060bf9dfe1285c4ae1f1730584051470,1,RAW-5c159b846d6a6d04,APT_CyberCriminal_Campagin_Collections,7f239d21c65821fbaad84693eb0b006e98a07a70ac225912aa475b011de2f178,CONTENT_ELIGIBLE,3198,52,1,"[""APT_CyberCriminal_Campagin_Collections""]","[""RAW-5c159b846d6a6d04""]",SINGLETON,False,False
CANON-ca4fc05da8c04974,ca4fc05da8c049745f80a06e65f7e1835cf8ec946552f490af2118fdd9757b90,1,RAW-c3ac71188ad826fb,APTnotes,cb16791c1ebc98b6247f308270664b2ccf1c12ffc96004fc8e6e664e30d7ab85,NO_RECONSTRUCTED_TEXT,0,17,1,"[""APTnotes""]","[""RAW-c3ac71188ad826fb""]",SINGLETON,False,False
CANON-ca847697763efb08,ca847697763efb0822dae6b7dc5cb6a7c53df0bde5e10df413d2be4465913e06,1,RAW-5117888db89cd0f2,APT_CyberCriminal_Campagin_Collections,c5e8334ee2c418b69155cd00015d80433a92ccf9326e6087e7723930a2865b04,CONTENT_ELIGIBLE,1257,4,1,"[""APT_CyberCriminal_Campagin_Collections""]","[""RAW-5117888db89cd0f2""]",SINGLETON,False,False
CANON-ca8ddbaea1841530,ca8ddbaea184153072c051d40c21937124b86c1d87423b5f342db7bbb3848e11,1,RAW-cc420e937add914f,APT_CyberCriminal_Campagin_Collections,2de64f5e3a469ec7521ce213f389677f6d4f075e3a7ac7f9f3f9af3a62819f02,CONTENT_ELIGIBLE,2880,14,1,"[""APT_CyberCriminal_Campagin_Collections""]","[""RAW-cc420e937add914f""]",SINGLETON,False,True
CANON-ca90136e33856207,ca90136e3385620755e18c5f13a88298016b33ccfd4a8afc1709d10dffac8d46,1,RAW-48052868dd7e8168,APT_CyberCriminal_Campagin_Collections,f25e88d9d17dee2c17a4d05c3841db6c054123211079b59d83fc599b63e3ab7d,CONTENT_ELIGIBLE,2480,14,1,"[""APT_CyberCriminal_Campagin_Collections""]","[""RAW-48052868dd7e8168""]",SINGLETON,False,True
CANON-cad573a7f843b758,cad573a7f843b758f22ccb4c61279d93780d49d2af5b481eaa58d2766932a6c7,1,RAW-60c143777bdbbf4a,APT_CyberCriminal_Campagin_Collections,f909b30f1cc902dfb1159dbb21af8b77417f7dd5dd65c9dc18d355226aafd177,CONTENT_ELIGIBLE,2561,17,1,"[""APT_CyberCriminal_Campagin_Collections""]","[""RAW-60c143777bdbbf4a""]",SINGLETON,False,True
CANON-cad810a4c216a496,cad810a4c216a4960b877b0a907475bb930eb385d870b593243320f8549bfec6,2,RAW-c0549fe2af47678a,APT_CyberCriminal_Campagin_Collections,95d4456450d11bcb1fc4b3c19b931d45e595ca07b0bf3c04c87acee7c9c702e5,CONTENT_ELIGIBLE,2001,9,2,"[""APT_CyberCriminal_Campagin_Collections"",""APTnotes""]","[""RAW-c0549fe2af47678a"",""RAW-c9325f22702594e4""]",EXACT_BINARY,True,True
CANON-cb2e1be5800c2d8a,cb2e1be5800c2d8a2a671cadddc27694eebf0e1c8154154492c2fad630ab4d94,1,RAW-fbd7fc086203fcec,APT_CyberCriminal_Campagin_Collections,dd69054d21b48279f951915b890097914b412fff81992c9637b95a9d8254d296,CONTENT_ELIGIBLE,2161,17,1,"[""APT_CyberCriminal_Campagin_Collections""]","[""RAW-fbd7fc086203fcec""]",SINGLETON,False,False
CANON-cb4054da160f44a3,cb4054da160f44a31202c82909b08f6878675747baf5eb5578d9ef220787b930,1,RAW-0d95ebe92ea1a62f,APT_CyberCriminal_Campagin_Collections,40aeb32d98e9a815284777b2a17d49a13b166bb10de6b556ec8203ba629aeec5,CONTENT_ELIGIBLE,13755,69,1,"[""APT_CyberCriminal_Campagin_Collections""]","[""RAW-0d95ebe92ea1a62f""]",SINGLETON,False,True
CANON-cb45e3f34252c34c,cb45e3f34252c34cbb6fdd1d28c31b5b4a30c9fab518b4622fd1f29e084de81d,1,RAW-352dcf67e7f11648,APT_CyberCriminal_Campagin_Collections,f1771e9ba58eb22bf80a8c13cc2b74a37dff737b668b0fce77e27d73fd551fc7,CONTENT_ELIGIBLE,177,11,1,"[""APT_CyberCriminal_Campagin_Collections""]","[""RAW-352dcf67e7f11648""]",SINGLETON,False,True
CANON-cb536858287c75a4,cb536858287c75a462582369f1ad3ebea3f3ab9be8b45bccf981d27ff817b2f5,1,RAW-b24888d234a34ab5,APTnotes,932ba099d4844cca08f2ee718dc8b327f388b4e7491f5d40d20d603789d68291,CONTENT_ELIGIBLE,8534,24,1,"[""APTnotes""]","[""RAW-b24888d234a34ab5""]",SINGLETON,False,True
CANON-cb5a9a79447df379,cb5a9a79447df379bddcabacd691ea0e4a4be149145f70405f1ac4d45bde1baa,1,RAW-35d42709e84cb8f9,APTnotes,d2960c04ad91c6acdabf980b53c8fa598ed927103ec4ef06628f34fcb670e3eb,CONTENT_ELIGIBLE,2592,12,1,"[""APTnotes""]","[""RAW-35d42709e84cb8f9""]",SINGLETON,False,True
CANON-cb66744cec123208,cb66744cec123208a2dd8194a3c37499e8c2e6f5126ea0f15535073a1e3976b5,1,RAW-7e3383747c45bfc2,APT_CyberCriminal_Campagin_Collections,3559af57dd8e6ed1573ee596573e365c8057aadc2452174ecee8019efdaac45e,CONTENT_ELIGIBLE,2716,15,1,"[""APT_CyberCriminal_Campagin_Collections""]","[""RAW-7e3383747c45bfc2""]",SINGLETON,False,True
CANON-cbadd30c30003a4c,cbadd30c30003a4c5f2761c0b390356acba2c072a46a6bd71031ee0773f83852,1,RAW-03920a4f2161d6ed,APT_CyberCriminal_Campagin_Collections,88a099b0b64afc3094a584e06d26a893fcb7eb883a76c8f5082aea0950f25996,CONTENT_ELIGIBLE,1856,13,1,"[""APT_CyberCriminal_Campagin_Collections""]","[""RAW-03920a4f2161d6ed""]",SINGLETON,False,True
CANON-cbc3b4625e259ac6,cbc3b4625e259ac6eb7634283d861c906e67df7366288261885926617a16e117,1,RAW-cbac105f784646ec,APT_CyberCriminal_Campagin_Collections,9d31353d29337b8066174fcaa0870481e4f21be47d6d3ec43e6ed9086e4c58a2,CONTENT_ELIGIBLE,1621,8,1,"[""APT_CyberCriminal_Campagin_Collections""]","[""RAW-cbac105f784646ec""]",SINGLETON,False,True
CANON-cbc6aece670f9d8f,cbc6aece670f9d8fb0d413abcf6ee4ed3a78efce546330cb6db82eb6ccf56e1b,1,RAW-ee3f050013ca2e47,APT_CyberCriminal_Campagin_Collections,c60ba97d17b6fe2d8f22d6bed321f5dff5aa7ea7c835b99cafe5466a3b84926b,INSUFFICIENT_RECONSTRUCTED_TEXT,10,38,1,"[""APT_CyberCriminal_Campagin_Collections""]","[""RAW-ee3f050013ca2e47""]",SINGLETON,False,False
CANON-cbcafb31213832f2,cbcafb31213832f2a9a4e4d0b648a5d31d62b56e55562b7dd20a13841a5ceff4,1,RAW-376124f31b6574f1,APT_CyberCriminal_Campagin_Collections,af03102568a1c0409a59ca4323ed18d5e62bdbefe64b709dc4e9b4f79da0bb76,CONTENT_ELIGIBLE,12854,36,1,"[""APT_CyberCriminal_Campagin_Collections""]","[""RAW-376124f31b6574f1""]",SINGLETON,False,True
CANON-cbcfedf6ad153c32,cbcfedf6ad153c324b436e9f0591c30c548d3462fabf331c7fbc13ac1abaa90f,1,RAW-92e98f1e92bc0c71,APT_CyberCriminal_Campagin_Collections,680aee5ae856e16cfb965e332f9629694bb47c16961999e32a0f8dfd83da659f,CONTENT_ELIGIBLE,1134,9,1,"[""APT_CyberCriminal_Campagin_Collections""]","[""RAW-92e98f1e92bc0c71""]",SINGLETON,False,False
CANON-cbdee4c71d717c57,cbdee4c71d717c57603a02dafe1616d42df4f2771db6350f9d35691f22e8ee8c,1,RAW-c819d898b21e4fc1,APT_CyberCriminal_Campagin_Collections,3b4dc052838bbc9b0304aee90cb82b56ae47c3727a2e99f19b828881f9fb15b7,CONTENT_ELIGIBLE,4456,18,1,"[""APT_CyberCriminal_Campagin_Collections""]","[""RAW-c819d898b21e4fc1""]",SINGLETON,False,True
CANON-cbf9dca539bb056a,cbf9dca539bb056adb5b1e02fac39302a62585b112083aeb7ecda4449e3ff52f,2,RAW-43ec7262c88c8c0d,APT_CyberCriminal_Campagin_Collections,124a7acb5baf0913e44aa3f14825405d89b874e275881ce1c92c2d9c5239a81d,CONTENT_ELIGIBLE,923,6,2,"[""APT_CyberCriminal_Campagin_Collections"",""APTnotes""]","[""RAW-43ec7262c88c8c0d"",""RAW-98b698b7e25be9e7""]",EXACT_BINARY,True,False
CANON-cc639bea2ce3ca91,cc639bea2ce3ca916a288b88bbfb8f158f840e54035e2c6a0e5f669f42e9ec35,1,RAW-f739c965295a0df9,APT_CyberCriminal_Campagin_Collections,076bca6f0f6de0ad25ce352869315ab3842e44d5049a5e254cc9218798d2a39b,CONTENT_ELIGIBLE,1173,6,1,"[""APT_CyberCriminal_Campagin_Collections""]","[""RAW-f739c965295a0df9""]",SINGLETON,False,True
CANON-cc73936694d6b232,cc73936694d6b232a4a4a5789694e59ea8f6c56288ae8e0ef67181159092a4b8,1,RAW-2e5f23ba80067ed1,APTnotes,a1a9f98b2cd70598b737fa48d3456dc88b857ea0251f5e680ef9e437d5b2581c,CONTENT_ELIGIBLE,1921,12,1,"[""APTnotes""]","[""RAW-2e5f23ba80067ed1""]",SINGLETON,False,True
CANON-cc89e29d4ce3468a,cc89e29d4ce3468a48ba3ae22b684d2d99eed6d452b12ce9946eb16a61c5f3da,1,RAW-e47b40352ab8fb67,APT_CyberCriminal_Campagin_Collections,808749568d99fff78c02a6126916ee3f354c9f30ad50a4241a0e390e3cbb5fb9,CONTENT_ELIGIBLE,1558,8,1,"[""APT_CyberCriminal_Campagin_Collections""]","[""RAW-e47b40352ab8fb67""]",SINGLETON,False,True
CANON-cc8f69228582a200,cc8f69228582a20091a662adfd2de897089ffca7e83af3178d795bb0d85dd045,1,RAW-c01824a3eb6b30c6,APTnotes,4958ffa1fdc9045de92208b0c658abaa5426540b44b70fe3b08ed158402f0e40,CONTENT_ELIGIBLE,1265,5,1,"[""APTnotes""]","[""RAW-c01824a3eb6b30c6""]",SINGLETON,False,True
CANON-ccdc93b3b94719e1,ccdc93b3b94719e1e12eb1d8178c1e1981dff475fd84c82b1f38d1dc69414a9e,1,RAW-b0d8bed50904b59c,APTnotes,19f6342a096e0dd32e7d64294aab58090509aba116630f079f945067e66d213a,CONTENT_ELIGIBLE,2068,22,1,"[""APTnotes""]","[""RAW-b0d8bed50904b59c""]",SINGLETON,False,True
CANON-cce110daeab21858,cce110daeab218588c59b5f88ac40f53920437c5f0cb35736ad649b66d91d23b,1,RAW-d8a650be8435bae3,APT_CyberCriminal_Campagin_Collections,dbdd0eadcf91f9a7379d80d200c2ceb879d95f026dcff64e3e794de43df461d6,CONTENT_ELIGIBLE,1343,13,1,"[""APT_CyberCriminal_Campagin_Collections""]","[""RAW-d8a650be8435bae3""]",SINGLETON,False,True
CANON-ccec821927e7b0cc,ccec821927e7b0cc5b77ad96f0c9253117e7ef2704df5e0b2301083382426273,1,RAW-746f07d5492cfe29,APTnotes,570aa95600dff99aa58a87eb91afe8c9ae93634be62187f5bfed7c6c210bd968,CONTENT_ELIGIBLE,3345,19,1,"[""APTnotes""]","[""RAW-746f07d5492cfe29""]",SINGLETON,False,True
CANON-ccf3e0ac4e72f534,ccf3e0ac4e72f5340f93761541456a2a14e8154f08c4cdecf4b8b892a9f19331,1,RAW-030351ecb4659fa1,APTnotes,15608a3f6ac22a430bf7dae2770c4fd9ac492aca838a6e27cf8409767178db96,CONTENT_ELIGIBLE,10110,78,1,"[""APTnotes""]","[""RAW-030351ecb4659fa1""]",SINGLETON,False,True
CANON-cd1f50ba0c6ade20,cd1f50ba0c6ade20905bf03e517cb24e68602595e86c012adbcd13514fb7bd19,2,RAW-6a1b2a934a04c3a5,APTnotes,6df175c7e4422abb4c6cc76a7d39ef0d92f6b44e8b87d8b9be87132c3f1f6f56,CONTENT_ELIGIBLE,3634,14,2,"[""APT_CyberCriminal_Campagin_Collections"",""APTnotes""]","[""RAW-6a1b2a934a04c3a5"",""RAW-6cb5699c84d59c68""]",EXACT_BINARY,True,True
CANON-cd32b0b08399b3fb,cd32b0b08399b3fb8df36d822b0b0e49fbbaa0fea9a47f87635f2ae570ee76ca,1,RAW-2a3e4e11b0094d04,APT_CyberCriminal_Campagin_Collections,83b292df64145d8c5fd427cc56e21f94c1d0ccb43f6899ace3d33855db210b57,CONTENT_ELIGIBLE,7604,29,1,"[""APT_CyberCriminal_Campagin_Collections""]","[""RAW-2a3e4e11b0094d04""]",SINGLETON,False,True
CANON-cd46104ee7433651,cd46104ee743365119bcfeb09351d51e2224567dabd0b697866f221571265604,1,RAW-8be6e733eefa4bf2,APT_CyberCriminal_Campagin_Collections,5765c7fefa66269a1764a27d3d7ad441ec2e1ca5f87db6e555bc9cf741cdbd3a,CONTENT_ELIGIBLE,542,2,1,"[""APT_CyberCriminal_Campagin_Collections""]","[""RAW-8be6e733eefa4bf2""]",SINGLETON,False,False
CANON-cd469fa0a8fcd160,cd469fa0a8fcd160d741840da191bb5c03e33d69d18e207cfe3bdb3a4b5e6c2a,1,RAW-743c29db1f4615b5,APT_CyberCriminal_Campagin_Collections,3fc2b05847391ed4cc840b69ec95f6c3630222a01c36a541e7cde6ce3b37dd60,NO_RECONSTRUCTED_TEXT,0,15,1,"[""APT_CyberCriminal_Campagin_Collections""]","[""RAW-743c29db1f4615b5""]",SINGLETON,False,False
CANON-cdabe65624810b15,cdabe65624810b157e00f81f0dac3e844ca98551ddda1a04a92bcd82d7418a7b,1,RAW-44649898ac2185d0,APTnotes,5dd96b5da936fba7cf126186c69e0d3d6c0526d7afd787abef854afd906a61d6,CONTENT_ELIGIBLE,1604,7,1,"[""APTnotes""]","[""RAW-44649898ac2185d0""]",SINGLETON,False,True
CANON-cdc4665da942e52d,cdc4665da942e52d9a78c630b3fbdbc0acff626fc0ac795c309ed0aeee28ebf8,1,RAW-9889b1e99040eb9f,APT_CyberCriminal_Campagin_Collections,5d5ab33f0f432cd868ecaf9d2428ebccfce2de0a348cc4f7b40f43739db91570,CONTENT_ELIGIBLE,2968,16,1,"[""APT_CyberCriminal_Campagin_Collections""]","[""RAW-9889b1e99040eb9f""]",SINGLETON,False,True
CANON-cdc93c418599fb66,cdc93c418599fb66a3fbf0841d5219a8b662ab9155508fb8081dbfbc0a63ed51,1,RAW-4dd3a9215dcc6259,APT_CyberCriminal_Campagin_Collections,6927aa36bf00a7bf181bab52ba639ab67cbeb8c6b4e03790b63df0b31dfe1409,CONTENT_ELIGIBLE,2058,24,1,"[""APT_CyberCriminal_Campagin_Collections""]","[""RAW-4dd3a9215dcc6259""]",SINGLETON,False,True
CANON-cdd6f1c9d5f94524,cdd6f1c9d5f94524e836b28f9a99605f9d6f7c26bd93ad14c908f161d55ac78d,1,RAW-360763108cb78f94,APTnotes,1f0953160cef05a51240ac948b0f6a8042ea13d5a4a92399e0dd4a15e36b5ae1,CONTENT_ELIGIBLE,783,4,1,"[""APTnotes""]","[""RAW-360763108cb78f94""]",SINGLETON,False,True
CANON-ce813f73621520cf,ce813f73621520cfd6c0d80f306c11a1d5f2ca4416a71f378badf27780b170f2,1,RAW-5f0d43a695236a4f,APT_CyberCriminal_Campagin_Collections,76b767a9c355be3e5770840d6d7b55917f621c78b7ddd09154a5d477d402c54c,CONTENT_ELIGIBLE,2474,12,1,"[""APT_CyberCriminal_Campagin_Collections""]","[""RAW-5f0d43a695236a4f""]",SINGLETON,False,True
CANON-cedb9d1559b5d6ac,cedb9d1559b5d6ac84053dc3af3fde3e9af90799f3f4928b33cb43a48673c2a1,1,RAW-86655e18c9d95fab,APT_CyberCriminal_Campagin_Collections,1a9c56bf0e7088c2a463b06dfe369159630754c46dc74282b9ccdc7a957a3624,CONTENT_ELIGIBLE,5352,12,1,"[""APT_CyberCriminal_Campagin_Collections""]","[""RAW-86655e18c9d95fab""]",SINGLETON,False,True
CANON-cef10e4aaffee529,cef10e4aaffee529b3d4b936c146efa205fec7c8702ce089b774ab435fee2cad,1,RAW-ace7fe51b5c4c92e,APT_CyberCriminal_Campagin_Collections,4f58d0a7968d81738872d1fee45adc593eb5f3638d948e9e3fb200674fd393dc,CONTENT_ELIGIBLE,1234,16,1,"[""APT_CyberCriminal_Campagin_Collections""]","[""RAW-ace7fe51b5c4c92e""]",SINGLETON,False,False
CANON-cf031722ffa08180,cf031722ffa08180e3d9ff1eddc97298fff6cf670145c0f0dd0024f186aaeb0c,1,RAW-6701dd6bb0e8e39b,APT_CyberCriminal_Campagin_Collections,dbd9020c4f4264a523f85917a7bcce606e859243d813db95afc1265a7d672055,CONTENT_ELIGIBLE,4166,21,1,"[""APT_CyberCriminal_Campagin_Collections""]","[""RAW-6701dd6bb0e8e39b""]",SINGLETON,False,True
CANON-cf046dadf92e07c6,cf046dadf92e07c65831892b38908d4c0658284677497c702da10e30b98cb263,1,RAW-4eeaa853ffb22d0b,APT_CyberCriminal_Campagin_Collections,c94ed4575857c048fb81859501a67b16bf13bbd9896cebb76bf4dfdd59648e4a,CONTENT_ELIGIBLE,2371,12,1,"[""APT_CyberCriminal_Campagin_Collections""]","[""RAW-4eeaa853ffb22d0b""]",SINGLETON,False,True
CANON-cf392ccd412cae6c,cf392ccd412cae6cb7d0d2197458a4ad94119272fa7ba1b05619758309911d38,1,RAW-9073425d88787ee5,APT_CyberCriminal_Campagin_Collections,f336a7cbc90b6b114897d050b64a9889f0c145c69b903abf96c7aa654fd9c307,CONTENT_ELIGIBLE,1181,6,1,"[""APT_CyberCriminal_Campagin_Collections""]","[""RAW-9073425d88787ee5""]",SINGLETON,False,True
CANON-cf5a40e77895f268,cf5a40e77895f26844350c176521b1ca7933f1cf3a75a10e0fbb048b63f285ad,2,RAW-2971d1b34d08b062,APT_CyberCriminal_Campagin_Collections,31b467652f6d205a87d2c63038b474fbee48eec6b08231705f396ff1aae1167f,CONTENT_ELIGIBLE,4789,16,2,"[""APT_CyberCriminal_Campagin_Collections"",""APTnotes""]","[""RAW-2971d1b34d08b062"",""RAW-e665dd103ab19e12""]",EXACT_BINARY,True,True
CANON-cf6da039c3f20cdb,cf6da039c3f20cdb13572cddb474e2f382c1001d7899ef79ce92bedb3bae001c,1,RAW-02ed971e8c3c4e2a,APT_CyberCriminal_Campagin_Collections,acd9271b298121a9725edfaf589c86f03ad3525becc507a5bf58f94ecb9ce4cf,CONTENT_ELIGIBLE,1044,8,1,"[""APT_CyberCriminal_Campagin_Collections""]","[""RAW-02ed971e8c3c4e2a""]",SINGLETON,False,True
CANON-cf7239b8d88d1b12,cf7239b8d88d1b12d99be4249a53e5f9cfd118d9d480b695ed6658cd47d82bb3,2,RAW-a248620de9f0adda,APT_CyberCriminal_Campagin_Collections,fc7218e63239340eb0fe7aa0cbe227ebfed182889ecdc72eadf53c9007890bca,CONTENT_ELIGIBLE,1161,11,2,"[""APT_CyberCriminal_Campagin_Collections"",""APTnotes""]","[""RAW-a248620de9f0adda"",""RAW-a7cece4d9f887a24""]",EXACT_BINARY,True,True
CANON-cfaf4a25b4eefa77,cfaf4a25b4eefa77d567fc13b9e83c0204f3e213de8c046ca07148c1bef5fd09,1,RAW-e7aeec5c27268473,APT_CyberCriminal_Campagin_Collections,6d6aa5796eafa76b40b45dddbc6e5f24e0b7718e825e505b23f3a31d87ade359,CONTENT_ELIGIBLE,1884,10,1,"[""APT_CyberCriminal_Campagin_Collections""]","[""RAW-e7aeec5c27268473""]",SINGLETON,False,True
CANON-cfca107797bc8926,cfca107797bc8926f933b9d94aceaa25a3c477b8164c9fbf36ee10d678ca5cc0,1,RAW-4df2f04d943f99ab,APT_CyberCriminal_Campagin_Collections,a60a2127531af9f94e7750b696c0b9ad07623b6e92290af6e6e54f744dde2646,CONTENT_ELIGIBLE,1087,12,1,"[""APT_CyberCriminal_Campagin_Collections""]","[""RAW-4df2f04d943f99ab""]",SINGLETON,False,True
CANON-cfd50d6a7b13fbb7,cfd50d6a7b13fbb7b4a81ad786e0f3800a7a7eaf69621b625a9619975a199e9a,1,RAW-4496a861bf1187c4,APTnotes,cc4ca5ffb081973c4bdacc51fd5dfb3de6c61a78d1ffc20630c2ac495f80ed3f,CONTENT_ELIGIBLE,1050,4,1,"[""APTnotes""]","[""RAW-4496a861bf1187c4""]",SINGLETON,False,True
CANON-cffc33574a2c349c,cffc33574a2c349c86a453e351451d81fac14d092b4cbb7e54b1a20fe95def82,1,RAW-b56a0f0880cf8382,APT_CyberCriminal_Campagin_Collections,1dec1456415750379f5a20b1f28bfcc5a1aee59e4d2c01e3c26f309ca40d01ab,CONTENT_ELIGIBLE,6151,18,1,"[""APT_CyberCriminal_Campagin_Collections""]","[""RAW-b56a0f0880cf8382""]",SINGLETON,False,True
CANON-d01cf137fd566ff6,d01cf137fd566ff6406e59809e2ee520b43dc63b3bc3d269cd75326c934ecd9c,1,RAW-a9e9512f1eb7bcad,APT_CyberCriminal_Campagin_Collections,ed4161001fab8410733495844d6275b5c73be5cbf2af07175425c2f585ed7c00,CONTENT_ELIGIBLE,5215,25,1,"[""APT_CyberCriminal_Campagin_Collections""]","[""RAW-a9e9512f1eb7bcad""]",SINGLETON,False,True
CANON-d023b32bcabfb032,d023b32bcabfb032c77a8fdb754c5e1bd5d785bcef120c8eb4553a31267b7ff1,1,RAW-6b97cb5a15149789,APT_CyberCriminal_Campagin_Collections,3161b9f46e0d6280bfc1b79ea39b25217ef755fcc4fac60c68e6bfb44191b58d,CONTENT_ELIGIBLE,6939,28,1,"[""APT_CyberCriminal_Campagin_Collections""]","[""RAW-6b97cb5a15149789""]",SINGLETON,False,True
CANON-d08d8acf911c805b,d08d8acf911c805b8262ad36d370aa9f034033ca0d5d1b27dd15e1f923f7fa2e,1,RAW-b60924b4f0fb01df,APT_CyberCriminal_Campagin_Collections,2c6b1beabb5b0fe39f017bcc1c3d0968b8ba8863e686b6013339de3f23a3c7ea,CONTENT_ELIGIBLE,44406,139,1,"[""APT_CyberCriminal_Campagin_Collections""]","[""RAW-b60924b4f0fb01df""]",SINGLETON,False,True
CANON-d09f6f30a11b6fc1,d09f6f30a11b6fc1f398120dadfd642a66b619eab4d585d53a79ae079b5e0000,2,RAW-318f105f974c0d26,APTnotes,c910c894719e579403daa62b156c2f243e4b6ab0db97254244d2be700d2a0aa3,CONTENT_ELIGIBLE,6236,32,2,"[""APT_CyberCriminal_Campagin_Collections"",""APTnotes""]","[""RAW-318f105f974c0d26"",""RAW-8786af2cd77551f7""]",EXACT_BINARY,True,True
CANON-d0f0bdec0fa6b981,d0f0bdec0fa6b9816d2fee23cd16f0b8dab7a728bdfbac381542431b2905a9bd,1,RAW-64f86dc850459a81,APTnotes,5eaae518bd43166c411e1d765c335a31fed674db965db4ad69bd3a8b106dfddd,CONTENT_ELIGIBLE,2834,11,1,"[""APTnotes""]","[""RAW-64f86dc850459a81""]",SINGLETON,False,True
CANON-d146b8a8c7dc1e2f,d146b8a8c7dc1e2f56242e96fca5bcada116c0210851bc2649323a4bf35fddee,1,RAW-2a6503d7e9ae5712,APT_CyberCriminal_Campagin_Collections,21144ce8833e72a595541f20f68f15a41ab851e7e55d3c2767795d4e08f54960,CONTENT_ELIGIBLE,2629,10,1,"[""APT_CyberCriminal_Campagin_Collections""]","[""RAW-2a6503d7e9ae5712""]",SINGLETON,False,True
CANON-d1545c6220736954,d1545c62207369544c725c4d2bd413022b60f1eb5f0307204756520f9cf58b79,1,RAW-52b30fad327c6016,APT_CyberCriminal_Campagin_Collections,a7e5fd33506478b10415802de9bab752e6c7409cf3ef136b1fc5600e6877ccdd,CONTENT_ELIGIBLE,4642,65,1,"[""APT_CyberCriminal_Campagin_Collections""]","[""RAW-52b30fad327c6016""]",SINGLETON,False,True
CANON-d1579a6c92b8c3f4,d1579a6c92b8c3f4508db7a0c6820b0c40e9a09618562a14a358b6c1ac037ab1,1,RAW-80b1eaf3292e658e,APTnotes,e5aceaa7d926adea1330f80512ca9fa8ced5792a262dee406c7abeb24497dfd2,CONTENT_ELIGIBLE,1208,5,1,"[""APTnotes""]","[""RAW-80b1eaf3292e658e""]",SINGLETON,False,True
CANON-d1583df9fba7b8e6,d1583df9fba7b8e65c81cbfc1cd3a0300c60af1f768226811cf0ea7f14a641ae,1,RAW-7a300b070263d942,APT_CyberCriminal_Campagin_Collections,5e187e9f453f5d5d107da3195fd136e2c1d2b56827fd4003ed5f48f4b88481b2,CONTENT_ELIGIBLE,4059,24,1,"[""APT_CyberCriminal_Campagin_Collections""]","[""RAW-7a300b070263d942""]",SINGLETON,False,True
CANON-d1c29f20fc6ec4f6,d1c29f20fc6ec4f6753e1ffbf9495603c4cdc0e3307bb126005ea1d9ebd363cc,1,RAW-83c6be93918fe67b,APTnotes,4d9345f8a104760128bd4eedb80a383d2a1cf599d8a44655c60c6e8d680c7f18,CONTENT_ELIGIBLE,15444,68,1,"[""APTnotes""]","[""RAW-83c6be93918fe67b""]",SINGLETON,False,True
CANON-d1c630d2f058b5cd,d1c630d2f058b5cd4c3d7f912098f64c0c36b76a484bc1d20db3f45d56215623,1,RAW-40e484f12253b6d0,APTnotes,a8a68e6a37da90a5cb18e013057ce6456393a3de32e50408558cecbb04faaf80,CONTENT_ELIGIBLE,2061,7,1,"[""APTnotes""]","[""RAW-40e484f12253b6d0""]",SINGLETON,False,True
CANON-d1fbd0127c57ce4e,d1fbd0127c57ce4e4d1fc969b321ccd50342b4bb1f482fe7592353b7f54b2181,2,RAW-712648f3c501f41a,APTnotes,a6b2a764c777e753be0dbe6be546fd4e537e24345331db30312710c03a300b04,CONTENT_ELIGIBLE,4762,22,2,"[""APT_CyberCriminal_Campagin_Collections"",""APTnotes""]","[""RAW-712648f3c501f41a"",""RAW-f74e219a35ed0d7e""]",EXACT_BINARY,True,True
CANON-d221a7d86e8e8ae7,d221a7d86e8e8ae7c4d598e930eadd2e6b149bacc962983356d9683c16d330aa,1,RAW-c814ca20c97e6a76,APT_CyberCriminal_Campagin_Collections,11b1906ec2d8c6856dd59c25f1b46775a50568db97f256434510362ad472556d,CONTENT_ELIGIBLE,5643,25,1,"[""APT_CyberCriminal_Campagin_Collections""]","[""RAW-c814ca20c97e6a76""]",SINGLETON,False,False
CANON-d232f556e68a4e13,d232f556e68a4e133bb7402c2bf8f2505dd7488ad886ef910cedb6f082a0760e,1,RAW-d26c73669f8815f9,APT_CyberCriminal_Campagin_Collections,5a04d144ebbba697d5f9e0ce3287eacd458940697ae5bf9beeb15d7adb9dbcdf,CONTENT_ELIGIBLE,1052,9,1,"[""APT_CyberCriminal_Campagin_Collections""]","[""RAW-d26c73669f8815f9""]",SINGLETON,False,True
CANON-d2383ac9833a66ce,d2383ac9833a66cede74d29ac8b3d5089a33d0470d58cb565b31ccdab314a9c0,2,RAW-50523cda1f30db39,APT_CyberCriminal_Campagin_Collections,7ba350a3dd649775988c9cd8ebdb6d0abff95b6c50ad30ab787266698747f1e6,CONTENT_ELIGIBLE,644,2,2,"[""APT_CyberCriminal_Campagin_Collections"",""APTnotes""]","[""RAW-50523cda1f30db39"",""RAW-8ac851d4d9d5396c""]",EXACT_BINARY,True,True
CANON-d27443237d0a73e8,d27443237d0a73e8277224007e9d4c81b8173467e17c175b6a22a06f0c3bf71a,1,RAW-6af837179133409f,APT_CyberCriminal_Campagin_Collections,00c9b70fdd1fa86901b32b3b9c591cc9e6f83ea606894fb84183567ef39449cc,CONTENT_ELIGIBLE,1423,7,1,"[""APT_CyberCriminal_Campagin_Collections""]","[""RAW-6af837179133409f""]",SINGLETON,False,True
CANON-d276f78b92262c7f,d276f78b92262c7f1c5fb2c4dfc0fc8d5ff08c0e5bc58b3175cd431fa35e276b,1,RAW-774ab7c46e611977,APT_CyberCriminal_Campagin_Collections,019f3e6d18d5440a1943037857d287892c7bd5aaad942d482870325dfadd6196,CONTENT_ELIGIBLE,926,13,1,"[""APT_CyberCriminal_Campagin_Collections""]","[""RAW-774ab7c46e611977""]",SINGLETON,False,True
CANON-d27734924a3f79ab,d27734924a3f79ab149c980f498bac915b48da85fccd3c1a506219e920a99e45,1,RAW-cae39a6ed596d1ea,APT_CyberCriminal_Campagin_Collections,a2c245577b1bd845ae6a282a7449ab8e08dd22e3ee0f25c3d94f23744b90ef86,CONTENT_ELIGIBLE,6895,34,1,"[""APT_CyberCriminal_Campagin_Collections""]","[""RAW-cae39a6ed596d1ea""]",SINGLETON,False,True
CANON-d28aa4d5792d8e7b,d28aa4d5792d8e7b2c38bf029242f05f21a5ebf6bd07214ead1760b29ef2606a,1,RAW-3e60dadf445916c5,APT_CyberCriminal_Campagin_Collections,c94eed47e0266ea28c185fc045f4ecadac168efb195b850b5b0161fdef534873,CONTENT_ELIGIBLE,1874,24,1,"[""APT_CyberCriminal_Campagin_Collections""]","[""RAW-3e60dadf445916c5""]",SINGLETON,False,False
CANON-d2b7075b53475135,d2b7075b534751353a5ef5917707664a097ba42045a9484f4656c5126337c16f,2,RAW-28270eb7b27fb9ef,APTnotes,da38f490dc8e15d66eb49e9d78b53271999c4cd3d477abedec9665a3c788cc89,CONTENT_ELIGIBLE,1369,2,2,"[""APT_CyberCriminal_Campagin_Collections"",""APTnotes""]","[""RAW-28270eb7b27fb9ef"",""RAW-501deec219d78265""]",EXACT_BINARY,True,True
CANON-d2bed1724faa7372,d2bed1724faa73722eda0a0b26485dc747459d76105b94f3f1a9d3d6e70c710f,1,RAW-3fdd8ee58db1319e,APT_CyberCriminal_Campagin_Collections,aa8354ab1281f6b2bbee15014eb86b7d370ec25c92f415e3e677fa8cbe6bdc92,CONTENT_ELIGIBLE,4100,26,1,"[""APT_CyberCriminal_Campagin_Collections""]","[""RAW-3fdd8ee58db1319e""]",SINGLETON,False,True
CANON-d2c4184436e3571f,d2c4184436e3571fbca4428f4c6550a99e178941677714ab96ed0e15a532440f,1,RAW-93056940cf2086af,APT_CyberCriminal_Campagin_Collections,2e6f3a3195d0fb3e2f374fdf2b4ed5ce64073e5535dba2df984971e211f999c2,CONTENT_ELIGIBLE,537,4,1,"[""APT_CyberCriminal_Campagin_Collections""]","[""RAW-93056940cf2086af""]",SINGLETON,False,True
CANON-d2fbb416184066df,d2fbb416184066df56f2bc3af7c82201a7d1e2b85f32ddd24038cd87550d7d8d,1,RAW-6e7537c9b604679c,APT_CyberCriminal_Campagin_Collections,a8a0956d9207fa727eb35459c45e1fa1cda8a27d6b3f672c16704600a6dd088c,CONTENT_ELIGIBLE,655,27,1,"[""APT_CyberCriminal_Campagin_Collections""]","[""RAW-6e7537c9b604679c""]",SINGLETON,False,False
CANON-d2ff60dee0dee644,d2ff60dee0dee644b5287fbeb6946bc0f1d470ae7e9da764b75aabdfc73e8781,2,RAW-c6114db9c771d5ae,APT_CyberCriminal_Campagin_Collections,d63a918143b145819e745cd0863e039c0a8f9cdd3ac6c93921bb872641cea090,CONTENT_ELIGIBLE,3103,21,2,"[""APT_CyberCriminal_Campagin_Collections"",""APTnotes""]","[""RAW-c6114db9c771d5ae"",""RAW-d7995aa101b6aa28""]",EXACT_BINARY,True,True
CANON-d30abe39c047f126,d30abe39c047f1268b6d33e00a46d6ea38de147332a89e7ee0d331bc0583b60f,1,RAW-44aa636a6fec5526,APTnotes,57f9b94a983256f45d79d51cb99c45f9e176248f595b6e3c539bcb1c13cb45f4,CONTENT_ELIGIBLE,711,9,1,"[""APTnotes""]","[""RAW-44aa636a6fec5526""]",SINGLETON,False,False
CANON-d335dc5fb46c8b4f,d335dc5fb46c8b4fec5a5e9db01d5f06d4060ea4491c18b7616bf40c325b76ba,1,RAW-720db7a7e2d3c4c2,APTnotes,fcc50b25c9a8eab4179cf103b707e27bcac71c6524a5974b79a394c9f14dc673,CONTENT_ELIGIBLE,3930,33,1,"[""APTnotes""]","[""RAW-720db7a7e2d3c4c2""]",SINGLETON,False,True
CANON-d34e8f0041704bb6,d34e8f0041704bb616d8d8ba40248a223ea0c6203c9944a44a701bfc18c92756,1,RAW-eb6e863318c85e5a,APTnotes,39e83bfa051fc1404699c66df9de7448d7922c14f804fc488be80800f9c7b091,CONTENT_ELIGIBLE,939,9,1,"[""APTnotes""]","[""RAW-eb6e863318c85e5a""]",SINGLETON,False,True
CANON-d3532820956075da,d3532820956075daf639842674d548c4359705212c0dbbd81f9e1ba25cdaeed0,1,RAW-643f442a9fc4fdd2,APT_CyberCriminal_Campagin_Collections,54ce0edd5012d1bd089239edbd87dbb53dc2fd90d52c372f5d134cdfe60df3bd,CONTENT_ELIGIBLE,4097,24,1,"[""APT_CyberCriminal_Campagin_Collections""]","[""RAW-643f442a9fc4fdd2""]",SINGLETON,False,True
CANON-d366f8d5951479df,d366f8d5951479dfb869b71e6bf6ff05a15cb5ac32d5dc9372b3f2de3ef0a5bf,2,RAW-6a6ff345d19a50d1,APTnotes,509ff404099105dc767ad426e60458ded8390ef1417069370f475a6458c8401a,CONTENT_ELIGIBLE,5794,42,2,"[""APT_CyberCriminal_Campagin_Collections"",""APTnotes""]","[""RAW-6a6ff345d19a50d1"",""RAW-8b29e2be791d7f58""]",EXACT_BINARY,True,True
CANON-d37f63889a9b1490,d37f63889a9b1490b164af7415880ad712ba71b1c1ad98ee2f03ae10e707d5ec,1,RAW-223635779d113e0e,APT_CyberCriminal_Campagin_Collections,81312ff2153a3f6ca2ebf723f253af2a97bf0682a3ced81d3138ef835cc94e34,CONTENT_ELIGIBLE,7286,38,1,"[""APT_CyberCriminal_Campagin_Collections""]","[""RAW-223635779d113e0e""]",SINGLETON,False,True
CANON-d38058605625a634,d38058605625a634fcc5742109bacc957650a4270517306d770b05065dccca69,1,RAW-80ba11d99c344b28,APT_CyberCriminal_Campagin_Collections,31ba70e59ffb83611b5dd80e10fae2fbc56e42d2ffc52f5cb6cdae7c01ac0f09,CONTENT_ELIGIBLE,2942,19,1,"[""APT_CyberCriminal_Campagin_Collections""]","[""RAW-80ba11d99c344b28""]",SINGLETON,False,True
CANON-d3859b7fe38adcef,d3859b7fe38adcef6f59b2e551b549dc63ee1fe9167cfbe65894eb8662ac2c3d,1,RAW-3657d5c4be72dbd3,APT_CyberCriminal_Campagin_Collections,62bb91b736f1855128877c161c277eefe555d289d1d6d0cbf35bf99bd41d3d7d,CONTENT_ELIGIBLE,1398,7,1,"[""APT_CyberCriminal_Campagin_Collections""]","[""RAW-3657d5c4be72dbd3""]",SINGLETON,False,True
CANON-d3eefe0272e2f2b8,d3eefe0272e2f2b832e25d4cf8eed7359e5e386d3171a46b725941433e632a11,2,RAW-d070467a2088f65f,APTnotes,517c7c0af4f7e0a77f2da8a3fce1c9803caf6a2d8f8e01a6ea5783d7104038ef,CONTENT_ELIGIBLE,6006,31,2,"[""APT_CyberCriminal_Campagin_Collections"",""APTnotes""]","[""RAW-d070467a2088f65f"",""RAW-f8beeab8c1ed4e72""]",EXACT_BINARY,True,True
CANON-d4769f344849da34,d4769f344849da34b39ff47b16977d9948f8a1bfe17acf247f1c537a6bbf303f,1,RAW-a3257da0d34e1b5c,APT_CyberCriminal_Campagin_Collections,e4827f6b1946acb2991af33e0431c0fc5d2d01749b317a49b27d55015b69eff5,CONTENT_ELIGIBLE,1827,12,1,"[""APT_CyberCriminal_Campagin_Collections""]","[""RAW-a3257da0d34e1b5c""]",SINGLETON,False,True
CANON-d48662fa2565318b,d48662fa2565318b7ca0355537caee1b046cfcfc221e1640d6f883423587c411,1,RAW-40a885e743591bd3,APT_CyberCriminal_Campagin_Collections,99935bda359627e040244067dcb59ba7ae6d87b31afadbd9c29fd25a3b60ba6c,CONTENT_ELIGIBLE,2394,14,1,"[""APT_CyberCriminal_Campagin_Collections""]","[""RAW-40a885e743591bd3""]",SINGLETON,False,True
CANON-d4b74b0b23d63e56,d4b74b0b23d63e56ca94e549bb59411b2bbe9a94aaec1c63f918a433f0ae2e6e,1,RAW-c0ea2a693264a18d,APTnotes,3683cbbe0a4b6f4b114e1a16c5fbfbe97de0fd71158195fdf08c9cc56a28a7f2,CONTENT_ELIGIBLE,1977,12,1,"[""APTnotes""]","[""RAW-c0ea2a693264a18d""]",SINGLETON,False,True
CANON-d4cc1e0d99f587ce,d4cc1e0d99f587ce042d64f909fbd86b30a4d072e7cd86ee055228fd3564713e,1,RAW-28e707931d30c7f5,APT_CyberCriminal_Campagin_Collections,25a7ca55988e334d442ae7cec2278c2bdf85ac7509160e94583d26e618164dcf,CONTENT_ELIGIBLE,2383,23,1,"[""APT_CyberCriminal_Campagin_Collections""]","[""RAW-28e707931d30c7f5""]",SINGLETON,False,False
CANON-d50886b06166d052,d50886b06166d0526c733160860ad3ad45d56fe58538c761c13ac9c242c6683d,1,RAW-c0a185508bed35ba,APT_CyberCriminal_Campagin_Collections,ff6d02d96127a5fc3f944ac267b98bc8e1156868ea9823872e168643726f01b1,CONTENT_ELIGIBLE,1939,18,1,"[""APT_CyberCriminal_Campagin_Collections""]","[""RAW-c0a185508bed35ba""]",SINGLETON,False,True
CANON-d52e2477c95525f1,d52e2477c95525f1a55605e384f6538128d14b324c856e637e4f2677c1817096,2,RAW-aa454fce32daeafb,APT_CyberCriminal_Campagin_Collections,7ea51010703df745bb4cc5a882750a9c13430301b4b1cab351e938eb9083b0df,CONTENT_ELIGIBLE,842,3,2,"[""APT_CyberCriminal_Campagin_Collections"",""APTnotes""]","[""RAW-aa454fce32daeafb"",""RAW-d94cf2c6b550364c""]",EXACT_BINARY,True,False
CANON-d53d8e5e6eefd329,d53d8e5e6eefd329205d4d25b224e55ad4c13ce621dbee5f58cc509f6de390d2,1,RAW-7586afdf758dca13,APT_CyberCriminal_Campagin_Collections,a57f07d01e0f515a18b0c26321d32d693e4a29de5ad2f1044333bc46affa646f,CONTENT_ELIGIBLE,1768,8,1,"[""APT_CyberCriminal_Campagin_Collections""]","[""RAW-7586afdf758dca13""]",SINGLETON,False,True
CANON-d56947a2ac6f1f16,d56947a2ac6f1f16dfb9dc456edad216bf526dbebb9df7421c68b9d19ff5ac7a,1,RAW-235ca128a3cf6501,APT_CyberCriminal_Campagin_Collections,49b229e68f9a942455fd4499a4f7adecf9154a309cee02cc29ea027c6259a5c1,CONTENT_ELIGIBLE,119,29,1,"[""APT_CyberCriminal_Campagin_Collections""]","[""RAW-235ca128a3cf6501""]",SINGLETON,False,False
CANON-d58fd9f706a33a20,d58fd9f706a33a2071ffaaf9608875c38a016914dd8bcb3fbdd136003e930b24,1,RAW-f1c18dfea4552575,APT_CyberCriminal_Campagin_Collections,d243e4ffdf75a59715a69e20376aacde3ab97aa3c721b55f8d92fb2325316034,CONTENT_ELIGIBLE,4453,21,1,"[""APT_CyberCriminal_Campagin_Collections""]","[""RAW-f1c18dfea4552575""]",SINGLETON,False,True
CANON-d5c12cc54402548c,d5c12cc54402548cbd61cb9226021e85fed34724d176938e2b5df303ce27377d,1,RAW-2ffa81531ebd6588,APTnotes,fe3f4427423d30c8a6b0341f82f9c192c2ea4f4cdc6f3ad32e29b8999cf6c5cb,CONTENT_ELIGIBLE,1504,13,1,"[""APTnotes""]","[""RAW-2ffa81531ebd6588""]",SINGLETON,False,False
CANON-d5c8366fbf8e508b,d5c8366fbf8e508bc603fe5c61a1ea761a243fa66dd5ff6f81793338d6669af8,1,RAW-04e43abfc12d6cc1,APT_CyberCriminal_Campagin_Collections,02363eb85ae9078c9ca6b115f27b0af4bc3d9221483d3da07a3cbe04578ffa50,CONTENT_ELIGIBLE,1725,6,1,"[""APT_CyberCriminal_Campagin_Collections""]","[""RAW-04e43abfc12d6cc1""]",SINGLETON,False,True
CANON-d5cf473070d6876d,d5cf473070d6876db9e24356993f18abb95c6a4a85942c14a3043b00a5d0a1bf,2,RAW-07feba0528cbd036,APT_CyberCriminal_Campagin_Collections,2c6c1361f5cbbf5f36b74a9be9bc3c1b5646614f5f67dceb1be980ceab7759e1,CONTENT_ELIGIBLE,4037,28,2,"[""APT_CyberCriminal_Campagin_Collections"",""APTnotes""]","[""RAW-07feba0528cbd036"",""RAW-2da76f6293cdbaa5""]",EXACT_BINARY,True,True
CANON-d5d56741354d8cd5,d5d56741354d8cd5e7e2aec21bf7c2fba697dc9943e44dbd6ea479a36e422526,1,RAW-90de48cf70a3c094,APTnotes,6450fee467b09272a13e3577a9bce841a4c7d992ab8d4c441a6db9ddd4116b87,CONTENT_ELIGIBLE,1858,14,1,"[""APTnotes""]","[""RAW-90de48cf70a3c094""]",SINGLETON,False,True
CANON-d5db7d7b81f03fc5,d5db7d7b81f03fc5903fe6912551e806861e49252816cbfae032c671828ea339,1,RAW-0be7dd5fb4702007,APTnotes,a1c4a58aa4924275752a20a6b5959233c3a81ff7810a1705ff05c2f9ceff98f3,CONTENT_ELIGIBLE,3664,16,1,"[""APTnotes""]","[""RAW-0be7dd5fb4702007""]",SINGLETON,False,True
CANON-d5e2cc97b6920d2e,d5e2cc97b6920d2ee9da4c9b0e43021f51de7719b5d332e08a461fb8350cebce,2,RAW-0404c4472bca929f,APTnotes,a49cdd294959a2086091d4a14a5002656652a6c5b95c194d730c943cd40ddad8,CONTENT_ELIGIBLE,2680,11,2,"[""APT_CyberCriminal_Campagin_Collections"",""APTnotes""]","[""RAW-0404c4472bca929f"",""RAW-ea5ba0cbb4f40b2f""]",EXACT_BINARY,True,True
CANON-d5f968113367da93,d5f968113367da933a19a7f937300d208cc23888571ad3a204117697c3488d6d,1,RAW-0bfe81ffd5724337,APT_CyberCriminal_Campagin_Collections,f510d5882ca5f5416b339e632d62f2f7b54d2eaf5699d0e8266193dd6425d5b8,CONTENT_ELIGIBLE,879,5,1,"[""APT_CyberCriminal_Campagin_Collections""]","[""RAW-0bfe81ffd5724337""]",SINGLETON,False,True
CANON-d62ab23b09275ebf,d62ab23b09275ebf0539376aeeac7686ec13b4aae39a59ae4887ec3af76e54b6,2,RAW-7286236931a13ed8,APT_CyberCriminal_Campagin_Collections,3c5d68e2bf6e973b42577f3e2cfc5a911f3e8a3625705e078211db2026bfd3b0,CONTENT_ELIGIBLE,1496,6,2,"[""APT_CyberCriminal_Campagin_Collections"",""APTnotes""]","[""RAW-7286236931a13ed8"",""RAW-7910759f3d40ad9e""]",EXACT_BINARY,True,False
CANON-d64c4035e509aaa6,d64c4035e509aaa6a67c7cbab205b1f9cb700142da092310c4c0fffa749e0477,2,RAW-069bd4e576836057,APT_CyberCriminal_Campagin_Collections,59b94140d5f14cbb4ee5bb0383bfae60ef6136b272f291b08916061ae7841831,CONTENT_ELIGIBLE,5013,37,2,"[""APT_CyberCriminal_Campagin_Collections"",""APTnotes""]","[""RAW-069bd4e576836057"",""RAW-b6481edc25313ce2""]",CONTENT_EQUIVALENT,True,True
CANON-d699e76fb625af9a,d699e76fb625af9a580b25a6e80db00d888e6a07dd4bbec3ee5c5d5036b0a4c0,2,RAW-612761d476ff8217,APTnotes,92fde3d3daf0186dbc861e246591c01981bbb082b148c516ff1dccf764750f1c,CONTENT_ELIGIBLE,2882,14,2,"[""APT_CyberCriminal_Campagin_Collections"",""APTnotes""]","[""RAW-612761d476ff8217"",""RAW-ea12c786944f8e09""]",EXACT_BINARY,True,True
CANON-d6e7cc2e23ea77ef,d6e7cc2e23ea77efcd90431a818c3522e134de5593223d5c672388da487200ac,2,RAW-102b53b819ddd6c4,APTnotes,2a515ba80267cbfd840131156b2f60a4c43fb32f8eba7938def6138b79c3a92d,CONTENT_ELIGIBLE,1122,6,2,"[""APT_CyberCriminal_Campagin_Collections"",""APTnotes""]","[""RAW-102b53b819ddd6c4"",""RAW-66eb0dbae5668dd3""]",EXACT_BINARY,True,True
CANON-d71bd607d2b1848d,d71bd607d2b1848dd223eb87d0a1b33ef421c23352526b51133f23c859a9b3fd,1,RAW-4ace460c2a9b493b,APT_CyberCriminal_Campagin_Collections,c1e60253c28d9ac857c5fbc122e829d0f23e5512d6eb7d8fbd36a60a9f7fe5a8,CONTENT_ELIGIBLE,686,9,1,"[""APT_CyberCriminal_Campagin_Collections""]","[""RAW-4ace460c2a9b493b""]",SINGLETON,False,True
CANON-d7309b1598d7f9ff,d7309b1598d7f9ff8a71ab59637c64fad7186ea89dd626cbd46d96672105ea03,1,RAW-381dc9149ad90b09,APT_CyberCriminal_Campagin_Collections,84358ff6f647ba98754ab330d981a51e8dc10aecbdec58fec1617a680bfb5416,CONTENT_ELIGIBLE,3842,10,1,"[""APT_CyberCriminal_Campagin_Collections""]","[""RAW-381dc9149ad90b09""]",SINGLETON,False,True
CANON-d730c113b9f0aea9,d730c113b9f0aea90911bce466b7abd62ccbf2a485620b6c6edd3d55b4c3a772,1,RAW-0ec21c642345b0a0,APT_CyberCriminal_Campagin_Collections,d76773cc8b0919c619076c461557fb3f9f3777d108f47a8370d85ce6108166f0,CONTENT_ELIGIBLE,2079,15,1,"[""APT_CyberCriminal_Campagin_Collections""]","[""RAW-0ec21c642345b0a0""]",SINGLETON,False,True
CANON-d7432be720d480f4,d7432be720d480f4edaa9ef320afede034d3db80bb1cc3900bfad4312170db08,2,RAW-163a9b68af04b4be,APT_CyberCriminal_Campagin_Collections,2966b3fe6d8e6f4fdfff1ced3488865dd1564dc7d5872b8c8726061e655ab72f,INSUFFICIENT_RECONSTRUCTED_TEXT,56,8,2,"[""APT_CyberCriminal_Campagin_Collections"",""APTnotes""]","[""RAW-163a9b68af04b4be"",""RAW-a68092ee490947d9""]",EXACT_BINARY,True,False
CANON-d7e5f39f078c793a,d7e5f39f078c793a9c572881e6d3ca41b37db7afead72f6e0f7e870105f6f098,1,RAW-a7c6e40c025f8fdf,APT_CyberCriminal_Campagin_Collections,54f8b4d0e6c8c8c261fe064058f6e50fd95f5dc7cca410fa9cbb77293c8d9043,CONTENT_ELIGIBLE,1999,9,1,"[""APT_CyberCriminal_Campagin_Collections""]","[""RAW-a7c6e40c025f8fdf""]",SINGLETON,False,True
CANON-d7f3106fea551889,d7f3106fea551889f7099b1dd77b2590a3a8179809a5060f8de205188e0a0011,1,RAW-d5842e0d399e7c20,APT_CyberCriminal_Campagin_Collections,146e57062c590ff3fd51f262f8060fc04f4823e3014d5fda625a8ee04871d91e,CONTENT_ELIGIBLE,6840,33,1,"[""APT_CyberCriminal_Campagin_Collections""]","[""RAW-d5842e0d399e7c20""]",SINGLETON,False,False
CANON-d80fb4f5f22bda9b,d80fb4f5f22bda9b3779c3ad62ce966d4b06d4aa8b69fdf510b52260b51d99c8,1,RAW-c6261cfb255fef82,APT_CyberCriminal_Campagin_Collections,e5a6ea682ada08de9d9bdd8cc89a908154a94dd81fbf03ee70a1d924948ae931,CONTENT_ELIGIBLE,1047,12,1,"[""APT_CyberCriminal_Campagin_Collections""]","[""RAW-c6261cfb255fef82""]",SINGLETON,False,True
CANON-d84566bc0fe9c517,d84566bc0fe9c5170c6ae1769baf16d6d967db516f2d9a2570fc8bb172292fb1,1,RAW-65e2bf3217814149,APTnotes,430d5ea9e6621abd890340364136e67edf14637b207b33e8f1f77b9ad16aaf2c,CONTENT_ELIGIBLE,2362,23,1,"[""APTnotes""]","[""RAW-65e2bf3217814149""]",SINGLETON,False,True
CANON-d85403c8576ba7dc,d85403c8576ba7dc3ad3a41e1299974a205179449a16fc51ba1601dcc7546fdd,1,RAW-eeeaef477fd9ac90,APT_CyberCriminal_Campagin_Collections,37d832799ea5b5ac0abbf5efddd1c615a370869240e4ea13c2f73b73a430cf28,CONTENT_ELIGIBLE,470,35,1,"[""APT_CyberCriminal_Campagin_Collections""]","[""RAW-eeeaef477fd9ac90""]",SINGLETON,False,False
CANON-d85637949ae081a4,d85637949ae081a4f2ed68538b7de168c853767aa5cc1eabf708c75765381733,1,RAW-d9fd46909214fe6b,APT_CyberCriminal_Campagin_Collections,1575a87d7ca92903bcda442a47bab066f18a95b2f63889ff0c424caebb0c80d9,CONTENT_ELIGIBLE,422,4,1,"[""APT_CyberCriminal_Campagin_Collections""]","[""RAW-d9fd46909214fe6b""]",SINGLETON,False,False
CANON-d886eb748fe17592,d886eb748fe17592dd3358a413ab5bd5ee7882f6c85bbf5c0d29fc31e2482505,1,RAW-6f49257c274afe73,APT_CyberCriminal_Campagin_Collections,d6e401c382aad4bf98ff4d1d57b137d4497b25db26a10c0ed228d2e408f2626b,CONTENT_ELIGIBLE,3724,22,1,"[""APT_CyberCriminal_Campagin_Collections""]","[""RAW-6f49257c274afe73""]",SINGLETON,False,True
CANON-d88cb3b31a9e0ab6,d88cb3b31a9e0ab64a79bea00bd898c31180bfbcf88bca47691ab7cf78dfadb4,1,RAW-6c4e8457f63c5ba7,APT_CyberCriminal_Campagin_Collections,4e5f402d26b9291dd26bc02e871b506d4ffeae62a315a2149f7bf7b815768548,CONTENT_ELIGIBLE,7359,28,1,"[""APT_CyberCriminal_Campagin_Collections""]","[""RAW-6c4e8457f63c5ba7""]",SINGLETON,False,True
CANON-d8966094953cb951,d8966094953cb951c9e116890105fe41ec36265b848ece30b542a45960ff9092,1,RAW-50404ef8093599c9,APTnotes,d7623666446d42de61e8826a628369cde088fd6f560821d4685077e1c2f50709,CONTENT_ELIGIBLE,1386,14,1,"[""APTnotes""]","[""RAW-50404ef8093599c9""]",SINGLETON,False,True
CANON-d8d7cad771aa4049,d8d7cad771aa40495192b5dfae4de19751501d29c78fb7d21dd465230a39166b,1,RAW-331dd1ad25bb5a28,APTnotes,fe8433fead5a55f017843c9102d3bb879872d96b5a59a0e59d85100e8876f92b,CONTENT_ELIGIBLE,3168,19,1,"[""APTnotes""]","[""RAW-331dd1ad25bb5a28""]",SINGLETON,False,True
CANON-d8fc73ae90760b0d,d8fc73ae90760b0d2967fd3c47d7e043081ffd7cfd214d76656b2e609d2b4e31,1,RAW-9fee57f2e572795b,APT_CyberCriminal_Campagin_Collections,d911c55b79f16be901aade57ecc5c971d716a82a4c811f202e5dab7c59428dc7,CONTENT_ELIGIBLE,831,11,1,"[""APT_CyberCriminal_Campagin_Collections""]","[""RAW-9fee57f2e572795b""]",SINGLETON,False,False
CANON-d900ddb2e74cc0f0,d900ddb2e74cc0f0115bf9ad328b442c0f553951ce10a8a80c794b7f93802eea,1,RAW-21bf0b50aff4367a,APT_CyberCriminal_Campagin_Collections,55d0bf26ae8c76cf788f70f5aff992adbe160522d7a0abb8f7fce67f413e64ec,CONTENT_ELIGIBLE,1745,10,1,"[""APT_CyberCriminal_Campagin_Collections""]","[""RAW-21bf0b50aff4367a""]",SINGLETON,False,False
CANON-d94cad2705846b65,d94cad2705846b65e015d5393683e4d04ea2279c8b3b4872dfe32c8a5cce3376,2,RAW-58bda24ca581423c,APT_CyberCriminal_Campagin_Collections,cda7e62cc54c528cca098a49082d785b7c3136c4d406358ac7a22d286f96127d,INSUFFICIENT_RECONSTRUCTED_TEXT,38,13,2,"[""APT_CyberCriminal_Campagin_Collections"",""APTnotes""]","[""RAW-58bda24ca581423c"",""RAW-b5f526def22fd45f""]",EXACT_BINARY,True,False
CANON-d959f9e93dc51aae,d959f9e93dc51aae0de42277396e193456a5d32bd7ef3823b94ea0b91b3f4b79,2,RAW-c52f9860c14a400e,APT_CyberCriminal_Campagin_Collections,da7e7480be5978e6a9d9a700b8afb5ae10f447e412f279d15da7dfbecdc7cab1,CONTENT_ELIGIBLE,4788,72,2,"[""APT_CyberCriminal_Campagin_Collections"",""APTnotes""]","[""RAW-c52f9860c14a400e"",""RAW-c78bd89454fe9318""]",EXACT_BINARY,True,True
CANON-d995d1610bc23516,d995d1610bc23516b98fd3fb543072affdf0d443540def6780c5302f154821ab,2,RAW-41653ae706577ebb,APT_CyberCriminal_Campagin_Collections,d1ad532aecb84faa52e673abe2979e3cee51699e47aee48487bc0fe1b39acf36,CONTENT_ELIGIBLE,5016,23,2,"[""APT_CyberCriminal_Campagin_Collections"",""APTnotes""]","[""RAW-41653ae706577ebb"",""RAW-dc80a4e8c5879884""]",EXACT_BINARY,True,True
CANON-d9f60eb96e7173e1,d9f60eb96e7173e1d7590dfd9edd1715c20d71a773ca360e3c989f39fcc51ccf,1,RAW-dbaff3b6b707603d,APT_CyberCriminal_Campagin_Collections,eb9ce600cd3cca429edf0c1bb17ed3d99d441956f6ad80f28fa7b715e5ed7764,CONTENT_ELIGIBLE,1436,8,1,"[""APT_CyberCriminal_Campagin_Collections""]","[""RAW-dbaff3b6b707603d""]",SINGLETON,False,True
CANON-d9fe3066573def6f,d9fe3066573def6fab590456ecabc528346a34be6108e1ed632eb611f0d212fd,1,RAW-e21968aaee8c9fa7,APTnotes,c246b381b9274802399c2f1fbf43e63e1578679b61cd83f974016826cf9e0833,CONTENT_ELIGIBLE,3142,14,1,"[""APTnotes""]","[""RAW-e21968aaee8c9fa7""]",SINGLETON,False,True
CANON-da0f744588fafd49,da0f744588fafd49fd26c8436d212b612f9328457abc3332bef070115934f364,1,RAW-5a22c8c59c22bec5,APTnotes,f997433c32e6b3b65e948e00ad2be8925073da62b3e0653cf220aa2bddc2cb46,CONTENT_ELIGIBLE,2035,10,1,"[""APTnotes""]","[""RAW-5a22c8c59c22bec5""]",SINGLETON,False,True
CANON-da1e67cf19cab2bf,da1e67cf19cab2bf354776b0c53a8541efa638f0bf9900d11cd575d4ae3ba4b6,1,RAW-84b2c6bea2005825,APT_CyberCriminal_Campagin_Collections,95a184822a3712398021d8b0c417e5b9161fa1299328f3ab5c9914ee844c5f95,CONTENT_ELIGIBLE,2875,28,1,"[""APT_CyberCriminal_Campagin_Collections""]","[""RAW-84b2c6bea2005825""]",SINGLETON,False,False
CANON-da2b8bdc39df949d,da2b8bdc39df949dbddf5b8c92ed4c88536efe7d839e953a5849ad982525df95,1,RAW-8dc34d0e061940b4,APT_CyberCriminal_Campagin_Collections,3653ca29db30b21f29c1d0e57f5073f0f0a609261ecf02bea42b8e670b0a1010,CONTENT_ELIGIBLE,5787,27,1,"[""APT_CyberCriminal_Campagin_Collections""]","[""RAW-8dc34d0e061940b4""]",SINGLETON,False,True
CANON-da3434008f0b093c,da3434008f0b093c18a57c077b7d7223ab9ffe6298a6cb477fb751e01f437df8,1,RAW-dd3383d1a08e5880,APT_CyberCriminal_Campagin_Collections,d599f59774d7807484a3b943faeb5d14261fc79d006e87b294eeb981993d8867,CONTENT_ELIGIBLE,2821,7,1,"[""APT_CyberCriminal_Campagin_Collections""]","[""RAW-dd3383d1a08e5880""]",SINGLETON,False,True
CANON-da683e3b8c7e2d23,da683e3b8c7e2d23d4f4ae659468c4d79949b22dbaffc00186d1992e0ade2b80,1,RAW-a924accaf9c51c05,APT_CyberCriminal_Campagin_Collections,59d78fa2e90e09b2cd1852bb4bf27d630bf4e31fdf34119ef3fb3c2a279b8ac5,CONTENT_ELIGIBLE,475,3,1,"[""APT_CyberCriminal_Campagin_Collections""]","[""RAW-a924accaf9c51c05""]",SINGLETON,False,True
CANON-da8289b7602c65f7,da8289b7602c65f74de3e064b097dbe78589a08ce3e81a9e197a577990c4c090,1,RAW-067eea99d66c3a59,APT_CyberCriminal_Campagin_Collections,bef33d965549edca8659c072568c3975e926070c378514f5258ae345cfe56954,CONTENT_ELIGIBLE,1127,9,1,"[""APT_CyberCriminal_Campagin_Collections""]","[""RAW-067eea99d66c3a59""]",SINGLETON,False,True
CANON-da868c36454fe34c,da868c36454fe34cffb026836bf47bf9ff0ac2eba57ca522b9f552cfe9e0a586,1,RAW-9e29add9ca797754,APTnotes,c952fc1b173d151081206086f55dc342d956c718687e1ec56eb52deb306c79df,CONTENT_ELIGIBLE,1952,6,1,"[""APTnotes""]","[""RAW-9e29add9ca797754""]",SINGLETON,False,False
CANON-da9f9a7bf164b5be,da9f9a7bf164b5bed98b5948aade47ae93b2df1558d4045ab88f2d1bba7bc089,2,RAW-65dabb3218553ebb,APT_CyberCriminal_Campagin_Collections,cd8d104f423810549139a4cb4f2ed9f65a6a5014a6cb3e926ea88b9a0299763d,CONTENT_ELIGIBLE,8721,62,2,"[""APT_CyberCriminal_Campagin_Collections"",""APTnotes""]","[""RAW-65dabb3218553ebb"",""RAW-e51a4c4ddb81aedb""]",EXACT_BINARY,True,True
CANON-dabb6358a60c3270,dabb6358a60c327039ed4ed8906bdc595370798a7b4ea83b487e3cbb7b941882,1,RAW-e85e7a78d5d1e9c4,APT_CyberCriminal_Campagin_Collections,0d6ec045acdfc49c24747e070c7a31015bcb2eccb2305162ba6f1ab18dad57d0,CONTENT_ELIGIBLE,1339,7,1,"[""APT_CyberCriminal_Campagin_Collections""]","[""RAW-e85e7a78d5d1e9c4""]",SINGLETON,False,True
CANON-dac18ce23db6f0d7,dac18ce23db6f0d725550aa466c712eefb8b07742d37095de2afc3d8a3b18e30,1,RAW-5f7c5b217908aa3d,APT_CyberCriminal_Campagin_Collections,16a425e8431b25a4ecde920553c77b78451f0c97a1b5b1d58ad5d0395cb1fbe7,CONTENT_ELIGIBLE,2463,8,1,"[""APT_CyberCriminal_Campagin_Collections""]","[""RAW-5f7c5b217908aa3d""]",SINGLETON,False,True
CANON-db0d317658afa6b5,db0d317658afa6b5cd2f4b47e150e4cd40847b6b990130d1195a3c711d39fee6,1,RAW-5e13f468e04e21ec,APT_CyberCriminal_Campagin_Collections,df335727fd43f9a33acac859ec6a8b7d1c0c4a719e0ab0df68aadfc99a616b90,CONTENT_ELIGIBLE,899,9,1,"[""APT_CyberCriminal_Campagin_Collections""]","[""RAW-5e13f468e04e21ec""]",SINGLETON,False,True
CANON-db19945c18ae0ccd,db19945c18ae0ccd631db4c149602cc5b717e198186f06602070ffbc0f0d955d,2,RAW-3d5361f374bfb6a5,APTnotes,344c7d54e0343cb725f417fa0c870c6789a7839738587e6d6550378c55b016bf,CONTENT_ELIGIBLE,758,4,2,"[""APT_CyberCriminal_Campagin_Collections"",""APTnotes""]","[""RAW-3d5361f374bfb6a5"",""RAW-6870f92b8e2e6a62""]",EXACT_BINARY,True,True
CANON-db1dbbf8ac21c993,db1dbbf8ac21c9932d8de0c00f0d9c62f8c94c36385515d6aa7990f370404aa8,1,RAW-a2b5764d69f8f2be,APTnotes,f2a94d13a843e66686c40ffee6d61e52a6f7da4cf86fe01019817a21628522df,CONTENT_ELIGIBLE,408,2,1,"[""APTnotes""]","[""RAW-a2b5764d69f8f2be""]",SINGLETON,False,True
CANON-db1e8b0422eb9134,db1e8b0422eb91345cde8f421a64f4d1f433ebcca02088293ebfd161d7068f94,1,RAW-f7e177f7c41597d7,APT_CyberCriminal_Campagin_Collections,6eb363155c5559ca7764646b22d75b69ead46f51cf3681eef8cfba035f9dabed,CONTENT_ELIGIBLE,638,8,1,"[""APT_CyberCriminal_Campagin_Collections""]","[""RAW-f7e177f7c41597d7""]",SINGLETON,False,False
CANON-db31a65dc966b4f4,db31a65dc966b4f400c8955ab41ecd15d32e1ce827af959fb184f214f391a2f1,1,RAW-1d81a0aaac5f3ef3,APTnotes,15f424421b1df8dc99ccef0a1ccb0f26788262bd4d303c3c3cee1e814d3b3e46,CONTENT_ELIGIBLE,1287,5,1,"[""APTnotes""]","[""RAW-1d81a0aaac5f3ef3""]",SINGLETON,False,False
CANON-db3d6bb8864b2ad9,db3d6bb8864b2ad9b6ccd57c958ac2d1442ee066f91df7da56e02394eadb2eee,1,RAW-b8646cb1b533cca3,APT_CyberCriminal_Campagin_Collections,20192a220334aa2e6a543f25376b21c1d89f38676854ea9b94f11349ad7afbaf,CONTENT_ELIGIBLE,303,4,1,"[""APT_CyberCriminal_Campagin_Collections""]","[""RAW-b8646cb1b533cca3""]",SINGLETON,False,False
CANON-db55eed513f018f7,db55eed513f018f7e4ca498ed7724a6b56746ded49dba9c6b23b31d91f259adf,1,RAW-b0b874ce50b3c4ed,APT_CyberCriminal_Campagin_Collections,8813300c03b1a93713de3b47f811ef6cbd4e2f4a3681131a15d5f6a1740ae6a2,CONTENT_ELIGIBLE,2507,17,1,"[""APT_CyberCriminal_Campagin_Collections""]","[""RAW-b0b874ce50b3c4ed""]",SINGLETON,False,False
CANON-db797f4797d2ef37,db797f4797d2ef374e8e1bbb514aad24dab49bf3712dcda082a7df398780c205,1,RAW-268d415b5f246647,APT_CyberCriminal_Campagin_Collections,855355d9c41352c66be29111902e278371e787694d05bc98030119936266ac76,CONTENT_ELIGIBLE,1411,14,1,"[""APT_CyberCriminal_Campagin_Collections""]","[""RAW-268d415b5f246647""]",SINGLETON,False,False
CANON-db8c316da0145024,db8c316da01450247d31599e11c6e51adede6113863b2d9ae7d545c11cb6106f,1,RAW-fc9f69ce34d7f8fe,APT_CyberCriminal_Campagin_Collections,8efcc8743cff05026ad1ca6dac624c0c04381df5a64f2bed41b58d6cd7ef00b3,CONTENT_ELIGIBLE,3503,19,1,"[""APT_CyberCriminal_Campagin_Collections""]","[""RAW-fc9f69ce34d7f8fe""]",SINGLETON,False,True
CANON-dbe36e99a831aea5,dbe36e99a831aea5cede873de947b0351204557d15c0ee202952d2d257062136,1,RAW-4c84aefab7127e8c,APT_CyberCriminal_Campagin_Collections,f02b56f56cff7804fdc3c4ae9477198269d8a1fe9311c67af260ae4b5e4f6571,CONTENT_ELIGIBLE,419,7,1,"[""APT_CyberCriminal_Campagin_Collections""]","[""RAW-4c84aefab7127e8c""]",SINGLETON,False,False
CANON-dbedb0f166c0da4d,dbedb0f166c0da4d781e2e349cc477152237cb9cd4a0a13bc70397f0655eb990,2,RAW-921528fc79ce0f61,APT_CyberCriminal_Campagin_Collections,a48e5a7d39d291c4f77c84208b83984cc873bcccd2699745dd072b4a1ba5a0c0,CONTENT_ELIGIBLE,322,5,2,"[""APT_CyberCriminal_Campagin_Collections"",""APTnotes""]","[""RAW-921528fc79ce0f61"",""RAW-addb4d67f20647d4""]",EXACT_BINARY,True,False
CANON-dbf31ab90d2fcc87,dbf31ab90d2fcc870e71b3ee94e09a443f583d99865194d955bfb1338c7b1a56,1,RAW-7f34a5f17bb00094,APT_CyberCriminal_Campagin_Collections,9b4a420e5fb03e8a13f50862d8439d15898e9f8f90db3dcdf38166f3b0fc861f,CONTENT_ELIGIBLE,1004,3,1,"[""APT_CyberCriminal_Campagin_Collections""]","[""RAW-7f34a5f17bb00094""]",SINGLETON,False,True
CANON-dc20a439d38eff64,dc20a439d38eff64d612769fb2a877b552c21a6bc7f8ae54abc56046ed2a642e,1,RAW-f3026ec65d7b2f1e,APTnotes,8164cb715dbbd619ffadac54ec1c93217ce8c24963360281789bbab5c08ce737,CONTENT_ELIGIBLE,1799,8,1,"[""APTnotes""]","[""RAW-f3026ec65d7b2f1e""]",SINGLETON,False,True
CANON-dc4e2da1d342049b,dc4e2da1d342049b9028ffe310bfc4d5ce690ea9f5661fccba839c8bb7c89261,1,RAW-b3c2caed18ff5db2,APT_CyberCriminal_Campagin_Collections,8a374f13ced911d14c55b37a2e02c01195b0c69ddd76cc7abe28298d7095a9b3,CONTENT_ELIGIBLE,687,4,1,"[""APT_CyberCriminal_Campagin_Collections""]","[""RAW-b3c2caed18ff5db2""]",SINGLETON,False,False
CANON-dc76e2834ddc15f4,dc76e2834ddc15f4cd555674a2a987d7552b7e726180b3570a058c480603c6cd,1,RAW-bf377414f2c03bb3,APT_CyberCriminal_Campagin_Collections,ea7fe685f8fc511522a4ad594fdeabde0fbfa0c13a8fdf1ac97f8b1a84b4853d,CONTENT_ELIGIBLE,1064,5,1,"[""APT_CyberCriminal_Campagin_Collections""]","[""RAW-bf377414f2c03bb3""]",SINGLETON,False,True
CANON-dc8367f2b6d0a68c,dc8367f2b6d0a68ce41363f7f0303e0627e5c43cc469dfa7a46f4b2a01dff8c1,3,RAW-0d5a1a6485b10066,APT_CyberCriminal_Campagin_Collections,e212ad6a14cc7614c3c18076213dd8806891340b42a9424b688a2651746016b7,CONTENT_ELIGIBLE,6273,33,2,"[""APT_CyberCriminal_Campagin_Collections"",""APTnotes""]","[""RAW-0d5a1a6485b10066"",""RAW-77c39821fa72ffd4"",""RAW-92c0c4c8cc063c08""]",MIXED_COMPONENT,True,True
CANON-dc9d02bc539c897e,dc9d02bc539c897e5e03dd39d0429699e83c38c3b26074c335025858634a46bc,1,RAW-a7314d011454c5cf,APT_CyberCriminal_Campagin_Collections,7c827f86828738420d66533cb26376b4f93cce0e82649f888440de4ff4f6d8d4,CONTENT_ELIGIBLE,14894,46,1,"[""APT_CyberCriminal_Campagin_Collections""]","[""RAW-a7314d011454c5cf""]",SINGLETON,False,True
CANON-dcb54e38b3cb8f73,dcb54e38b3cb8f738e1782f5c01825d28a0e466a3be6fa92c98f60878846c1e2,2,RAW-1d8a7030d1dc9a52,APTnotes,593032ea3cf7be7ad70f02718fdc83f2aeeec4700b98f1a408a9e552efeb607e,CONTENT_ELIGIBLE,12131,34,2,"[""APT_CyberCriminal_Campagin_Collections"",""APTnotes""]","[""RAW-1d8a7030d1dc9a52"",""RAW-8f5793548619df56""]",EXACT_BINARY,True,True
CANON-dcd4ea63f6eee93e,dcd4ea63f6eee93e0504e3bdb98969e4f1814d7c8ef85953a5297de616747118,1,RAW-e59930401dbfbaf9,APTnotes,1d651b0e3267a5f21fbb49cfd5db51d0470da54b7959e15e02d386606c72d3ac,CONTENT_ELIGIBLE,1759,7,1,"[""APTnotes""]","[""RAW-e59930401dbfbaf9""]",SINGLETON,False,False
CANON-dce41d8e88a92e27,dce41d8e88a92e2706b6a52ac16649c139c26ce928ef6575311c9cfed4fde733,2,RAW-9bc3ce1f7f13c623,APT_CyberCriminal_Campagin_Collections,e8a10ba6e3eb63c176971035cac6afc991e42b40fbd61c9bf22dc4a5716116fe,CONTENT_ELIGIBLE,6757,48,2,"[""APT_CyberCriminal_Campagin_Collections"",""APTnotes""]","[""RAW-9bc3ce1f7f13c623"",""RAW-fc2530347fb19eec""]",EXACT_BINARY,True,True
CANON-dcecdcb1b4e3ae0d,dcecdcb1b4e3ae0d05636c707be2bf35b967915e0a2e28a2ebcab96c8f28d89c,1,RAW-20240c770adf01b8,APTnotes,e54ad8bdc46405429a767d77d32dd8ee08ef2545957f181857980553d8a9b362,CONTENT_ELIGIBLE,1130,5,1,"[""APTnotes""]","[""RAW-20240c770adf01b8""]",SINGLETON,False,False
CANON-dcfb94fe700fa62e,dcfb94fe700fa62eb34872f4396e15ef042bf5427734c0d71955a829958623ae,1,RAW-088e49424a87a23a,APT_CyberCriminal_Campagin_Collections,6bce5b0090a0e8cd3cd437164b21de82252de130b41704f96d7ed397b1bd29e1,CONTENT_ELIGIBLE,1864,10,1,"[""APT_CyberCriminal_Campagin_Collections""]","[""RAW-088e49424a87a23a""]",SINGLETON,False,False
CANON-dd436b6224f13acd,dd436b6224f13acdfe34e138c23ada8ba52af656adfec11bfd4793b7ddbccb5c,1,RAW-811375f367de4b3f,APTnotes,d5d056752df16fc07dbbe98b71ad0147691d0ad397ec533ceba4d3393839ae6e,CONTENT_ELIGIBLE,9738,48,1,"[""APTnotes""]","[""RAW-811375f367de4b3f""]",SINGLETON,False,True
CANON-dd4f1ad1a283ea23,dd4f1ad1a283ea23d49533eeceee1f689604c03247def529215e53243ffb05d1,2,RAW-458e9510bc9ac910,APT_CyberCriminal_Campagin_Collections,189855999dbce76e45a07594c8a1f6c5469bc8fe88f6c622ff13f7a87406429e,CONTENT_ELIGIBLE,6363,34,2,"[""APT_CyberCriminal_Campagin_Collections"",""APTnotes""]","[""RAW-458e9510bc9ac910"",""RAW-d3c8eba03f7457a9""]",EXACT_BINARY,True,True
CANON-dd600b0a0f2d07df,dd600b0a0f2d07df645d66ed6068824b8e3364a1d5bf35b29a7379578d462136,1,RAW-99cc28ca7ee75428,APT_CyberCriminal_Campagin_Collections,09e208e72b54be07f695400a00454f8f668f32676ee3321aadf8972424b0d7bb,CONTENT_ELIGIBLE,2681,20,1,"[""APT_CyberCriminal_Campagin_Collections""]","[""RAW-99cc28ca7ee75428""]",SINGLETON,False,True
CANON-dd6101b5da785ea9,dd6101b5da785ea90f6dd6f68c34d3b55e9e4f5fd0300ecfa68fb70fde71d8b6,1,RAW-8956a81d9db2622c,APT_CyberCriminal_Campagin_Collections,2b060115473c70cc235f409c160662a51b3e05a54915d5bd780ceb5dcae998be,CONTENT_ELIGIBLE,513,7,1,"[""APT_CyberCriminal_Campagin_Collections""]","[""RAW-8956a81d9db2622c""]",SINGLETON,False,False
CANON-ddc0eb4abcaaf74a,ddc0eb4abcaaf74ab57fd3ef303b89a8c5ae46deb1af6d1c830e229a682808d5,1,RAW-126f3562381ffe8e,APTnotes,a7c81d9b8b24678269e5fd201914eb698aa4a65b427bb439ebb479eed605d8ac,CONTENT_ELIGIBLE,663,3,1,"[""APTnotes""]","[""RAW-126f3562381ffe8e""]",SINGLETON,False,False
CANON-ddfad3ec3ee23df6,ddfad3ec3ee23df664a3356fce7dd495cd1614bc2041f2b5652c473552a4d570,1,RAW-f0fa0e7d5955595b,APTnotes,95d20a973a3e2aeb6ae85015ba238e175a1245507dfed9b115a1bff3e5953c36,CONTENT_ELIGIBLE,2242,12,1,"[""APTnotes""]","[""RAW-f0fa0e7d5955595b""]",SINGLETON,False,True
CANON-de10a3a9c374728e,de10a3a9c374728e3bebd6f1486bce4f9ce0776005e514eb731ed62d88e7b469,1,RAW-e48efd1bc09f4cbb,APT_CyberCriminal_Campagin_Collections,d37838c166d8a5582d6a949e6915859b98764a682864510e40d241229d983b9e,CONTENT_ELIGIBLE,580,6,1,"[""APT_CyberCriminal_Campagin_Collections""]","[""RAW-e48efd1bc09f4cbb""]",SINGLETON,False,False
CANON-de8c981ac1b9cd53,de8c981ac1b9cd53cc677efebe71e1cb6875a759f6b7667f338595b580b01bf6,1,RAW-452bf4c359f83d92,APT_CyberCriminal_Campagin_Collections,54418f475b98d7ac6539facd9c97535886c62a6c1bf61805adc3947297a0b83e,CONTENT_ELIGIBLE,2563,12,1,"[""APT_CyberCriminal_Campagin_Collections""]","[""RAW-452bf4c359f83d92""]",SINGLETON,False,True
CANON-deb1334c2b7acc16,deb1334c2b7acc1619e3cb0bc617947f292f441834082030b24af7e8a5ef50d4,1,RAW-eb1277778c07d79d,APT_CyberCriminal_Campagin_Collections,d7fe2d1efe93465560c0488f579d1f8f7bc5afc352978f5a6ea47a1c9d9f7f13,CONTENT_ELIGIBLE,3468,26,1,"[""APT_CyberCriminal_Campagin_Collections""]","[""RAW-eb1277778c07d79d""]",SINGLETON,False,True
CANON-decef70ca687dbfd,decef70ca687dbfdfa40adee1f06c26112964d8195b3742611fedb14fe758a66,1,RAW-ed1d681bf84cd636,APT_CyberCriminal_Campagin_Collections,231138638ea3b293e36aa5e40a672c209a4d3cd4a22926f246ba3bfa14cc8e2a,CONTENT_ELIGIBLE,1688,12,1,"[""APT_CyberCriminal_Campagin_Collections""]","[""RAW-ed1d681bf84cd636""]",SINGLETON,False,True
CANON-df0c6b72adddbda2,df0c6b72adddbda220dc231f42db0ae3245c296e76e198098ce64a2930a93c16,2,RAW-38f74bc0b1c1a75f,APT_CyberCriminal_Campagin_Collections,270570d2c82f4db37f177502ef4047cd9a831ed93e29bf59b85f63f942e1fb72,CONTENT_ELIGIBLE,25904,82,2,"[""APT_CyberCriminal_Campagin_Collections"",""APTnotes""]","[""RAW-38f74bc0b1c1a75f"",""RAW-6204a0d3676e7fcb""]",EXACT_BINARY,True,True
CANON-df5254773330bfeb,df5254773330bfeb4d8d4bdeb7c339c733a9e89ec7fe18ecce358c5188a6b8e0,1,RAW-4504037624ab3da1,APT_CyberCriminal_Campagin_Collections,39a498a57c5e1bb5f76cce41463dab03c142648b4044269d10205369dc0e0fc6,CONTENT_ELIGIBLE,18306,92,1,"[""APT_CyberCriminal_Campagin_Collections""]","[""RAW-4504037624ab3da1""]",SINGLETON,False,True
CANON-df57652943d6bfad,df57652943d6bfadae10ce51959e93dd7535efd654740bc035b055c3ce698e78,1,RAW-a3cec0960a6536cd,APTnotes,2c2f5a85249a6efd95217d3e11c4bb4f6f24f6fa73d5c3381bfceab6e3cb65b4,CONTENT_ELIGIBLE,7095,14,1,"[""APTnotes""]","[""RAW-a3cec0960a6536cd""]",SINGLETON,False,True
CANON-df6c09fea0a1633e,df6c09fea0a1633e97d5bc43172ce5d06618f5821b87ef18a32f54116c6614bd,1,RAW-d7f450abbf3921c2,APT_CyberCriminal_Campagin_Collections,386f49d68fbc2595d6efbac53e1c9823f88528fc302122975c11fab9fbd84fc3,CONTENT_ELIGIBLE,484,10,1,"[""APT_CyberCriminal_Campagin_Collections""]","[""RAW-d7f450abbf3921c2""]",SINGLETON,False,True
CANON-df9a6c993105c190,df9a6c993105c1903846f4f6d6bb240f0228d816855ca547f09ecb540f6f2366,1,RAW-513e2eec95034711,APT_CyberCriminal_Campagin_Collections,84cff3761b76e238cbf236e002abe3f5b6ced0e8a21b2c864d4b8105ffc387bd,CONTENT_ELIGIBLE,1417,11,1,"[""APT_CyberCriminal_Campagin_Collections""]","[""RAW-513e2eec95034711""]",SINGLETON,False,True
CANON-df9e4601d4f85764,df9e4601d4f8576477d00fe800cd660076d0801fbf01e378767aa946b3af660a,1,RAW-40e38e5b8c1e4d9a,APT_CyberCriminal_Campagin_Collections,444f5e5b4b4851c31a1bec9eb9bee08e14a50bb57007777730ce0cdda61da20a,CONTENT_ELIGIBLE,765,4,1,"[""APT_CyberCriminal_Campagin_Collections""]","[""RAW-40e38e5b8c1e4d9a""]",SINGLETON,False,True
CANON-dfffa7e9334d3f4a,dfffa7e9334d3f4a773c46b363c4f0e53cd076cef643bf76048d39781db9b52b,2,RAW-1be6e4f5dcb841e2,APT_CyberCriminal_Campagin_Collections,6274987ecbb867c517c68700680816b7ddadfed4a5a01043a4b603d7d15fd114,CONTENT_ELIGIBLE,4215,16,2,"[""APT_CyberCriminal_Campagin_Collections"",""APTnotes""]","[""RAW-1be6e4f5dcb841e2"",""RAW-b6efcb482ebefe39""]",EXACT_BINARY,True,True
CANON-e013a0cad2a92cb5,e013a0cad2a92cb5cfe54a3aa4385063d2fe2b330ff550f9d64d815f6693b6cf,1,RAW-c8bc9a6b6c5e0e3c,APT_CyberCriminal_Campagin_Collections,c632b42e0d287c33fedaeca0f1353ed47a642b2582ee49b3e689d5b45115cfab,CONTENT_ELIGIBLE,1575,22,1,"[""APT_CyberCriminal_Campagin_Collections""]","[""RAW-c8bc9a6b6c5e0e3c""]",SINGLETON,False,True
CANON-e03ebe7af3504078,e03ebe7af35040789a7323338de162f07e993a7823d59b009c73ddd5bfb5f0de,1,RAW-300b041d81c57925,APT_CyberCriminal_Campagin_Collections,3f45b6b863b854ebe0e1962d55d33dac5bc377c49ebba0b8cd8336b6d2c68787,CONTENT_ELIGIBLE,17397,75,1,"[""APT_CyberCriminal_Campagin_Collections""]","[""RAW-300b041d81c57925""]",SINGLETON,False,True
CANON-e06dba4eb727ec01,e06dba4eb727ec0112fd233896eaf010dd917f4889ad913115482a563919443b,1,RAW-007677424f4c9519,APT_CyberCriminal_Campagin_Collections,b19375ed8b0b931407db3fcc089dc5c017d61dccd6f86cb68ff0f0286b219bfd,CONTENT_ELIGIBLE,581,4,1,"[""APT_CyberCriminal_Campagin_Collections""]","[""RAW-007677424f4c9519""]",SINGLETON,False,False
CANON-e105f69e5aaa45c3,e105f69e5aaa45c361a2b4f5510bc78847f72f0a3b03ec2003d65a3716865d49,1,RAW-d0ba3e8080328a90,APT_CyberCriminal_Campagin_Collections,44048ebbaabde59f4cb430dee6f03d24d719a9c7aa78f375f622aabc04545109,CONTENT_ELIGIBLE,5962,25,1,"[""APT_CyberCriminal_Campagin_Collections""]","[""RAW-d0ba3e8080328a90""]",SINGLETON,False,True
CANON-e10d63aae5a75d1e,e10d63aae5a75d1e4ce9dad6d948a90d8133217fd1cb777f3c9c538adea01878,1,RAW-1eb4652b8145a641,APT_CyberCriminal_Campagin_Collections,e0f13816dc178c5d3c98a03d6d2719cb40df1d5d1b126a076af675dda64111b6,CONTENT_ELIGIBLE,4507,22,1,"[""APT_CyberCriminal_Campagin_Collections""]","[""RAW-1eb4652b8145a641""]",SINGLETON,False,True
CANON-e11443039ed41329,e11443039ed41329d932b0b04e1d58fcfecf8418f1a9309850f0da24a8c0b13c,1,RAW-a5f70dc0584b1300,APTnotes,adaf982834817428a3b4671c0cb02b4711e88921496c2c1a4a03c032df855316,CONTENT_ELIGIBLE,276,3,1,"[""APTnotes""]","[""RAW-a5f70dc0584b1300""]",SINGLETON,False,False
CANON-e11756185c36d3a4,e11756185c36d3a40c34710bd6172dcb4515ab6a5bd47cb699bedd3a4a205026,1,RAW-48e2a318bdbe9323,APT_CyberCriminal_Campagin_Collections,5854535671e60150011049c498202a8a4cb41bef7b8d3bc56ca7582561433faf,CONTENT_ELIGIBLE,1406,5,1,"[""APT_CyberCriminal_Campagin_Collections""]","[""RAW-48e2a318bdbe9323""]",SINGLETON,False,True
CANON-e123df637053d1be,e123df637053d1bea2d9c505dc34e0ff12ac77df7623f62b8bc7a867449fe45a,1,RAW-12e5479e57485ef2,APT_CyberCriminal_Campagin_Collections,2fec1eb5b93ff791901193bdd1f5560b7c1f0cb1df61871cc01fec1383c03281,CONTENT_ELIGIBLE,2281,14,1,"[""APT_CyberCriminal_Campagin_Collections""]","[""RAW-12e5479e57485ef2""]",SINGLETON,False,True
CANON-e12b1c742bd528d2,e12b1c742bd528d280ca273c5b676627b36845a4e3855eb4aa962e9e583057d0,1,RAW-6c26c2ad8feac3f0,APT_CyberCriminal_Campagin_Collections,2bb748cb755e898ade8d3d6989ca6313b7a6d3bc62402870a87a105fb6c0c872,CONTENT_ELIGIBLE,12001,64,1,"[""APT_CyberCriminal_Campagin_Collections""]","[""RAW-6c26c2ad8feac3f0""]",SINGLETON,False,True
CANON-e1815feceb7a28a4,e1815feceb7a28a4907df628b48713982161d607dea9a36a2cec7a22707a9e46,1,RAW-2e8abe75a895f112,APT_CyberCriminal_Campagin_Collections,2b88c92859b3ca95520149b45f6e1d27e3695170b21c993b1a7e4cd8777bd245,CONTENT_ELIGIBLE,1061,8,1,"[""APT_CyberCriminal_Campagin_Collections""]","[""RAW-2e8abe75a895f112""]",SINGLETON,False,True
CANON-e182ccadb4bb0624,e182ccadb4bb06244d454521fa6c3264bfe77473f97d0d4f77b2f894e11053d4,1,RAW-46e8a8f93d721e91,APT_CyberCriminal_Campagin_Collections,8f2fd33d844670a2a57d65091f1b81e7004eeee1b63bf8838b491c58863e8c08,CONTENT_ELIGIBLE,1216,5,1,"[""APT_CyberCriminal_Campagin_Collections""]","[""RAW-46e8a8f93d721e91""]",SINGLETON,False,False
CANON-e1a0d7ab66a5f9a6,e1a0d7ab66a5f9a64d308a34d51c507c84d2ffff86ba3e572b0eb760f1295d80,1,RAW-7e6d3db97538c8ce,APT_CyberCriminal_Campagin_Collections,0ee5333d4b5dab7eea2091a0e6c49dc8d85ef0b51a6c4b927a315d1c6d890b88,CONTENT_ELIGIBLE,886,50,1,"[""APT_CyberCriminal_Campagin_Collections""]","[""RAW-7e6d3db97538c8ce""]",SINGLETON,False,True
CANON-e210c3d45684ddab,e210c3d45684ddab36d04a6b9871cb812cf3b5622ea82b4c5fbbfabdc5cc4c49,1,RAW-162e714f3a8dc739,APT_CyberCriminal_Campagin_Collections,609f3cbae2efa850716938f006e5fa1730db36f003b6fb12a65bba4716eab6e6,CONTENT_ELIGIBLE,1501,9,1,"[""APT_CyberCriminal_Campagin_Collections""]","[""RAW-162e714f3a8dc739""]",SINGLETON,False,False
CANON-e27e890c69013913,e27e890c690139131ce2373dde74270e956d8e76b67d208adbafe43095b14d61,1,RAW-b861e96fce1fd223,APT_CyberCriminal_Campagin_Collections,35d47c1cdf8b546e48dbe633d7abb4b355674a06a0878443d1b9dea7c60e7a39,CONTENT_ELIGIBLE,3257,9,1,"[""APT_CyberCriminal_Campagin_Collections""]","[""RAW-b861e96fce1fd223""]",SINGLETON,False,True
CANON-e2c2c458e1debd26,e2c2c458e1debd26e2d4d7e9fa80fb2cd0966ba697797a9148a758f91db8674b,1,RAW-2fa010bfd9fab519,APT_CyberCriminal_Campagin_Collections,589d3702e11420ef2286b1b645538bae4dc1038fe022e5f3f25c408011c82995,CONTENT_ELIGIBLE,2399,20,1,"[""APT_CyberCriminal_Campagin_Collections""]","[""RAW-2fa010bfd9fab519""]",SINGLETON,False,True
CANON-e2cd69f01b0d9e6c,e2cd69f01b0d9e6c41d6f3a707c8bb1ead2a0e3379341795dc9610acd26c35e4,1,RAW-0352f77e064c987a,APT_CyberCriminal_Campagin_Collections,28d3431360c09c28e9fea0955614f199f19ceeb9d5c9b8b56844039a52bd60bf,CONTENT_ELIGIBLE,3953,8,1,"[""APT_CyberCriminal_Campagin_Collections""]","[""RAW-0352f77e064c987a""]",SINGLETON,False,True
CANON-e2e247ab4a68c3a2,e2e247ab4a68c3a21de7932318f733951b42839870beb2449a5d4f0ce23cb082,1,RAW-078dd3b9a294d191,APT_CyberCriminal_Campagin_Collections,698c357cc905ea75b027abc72073fe35a0480adc43540a8d1633694e0f7d57e9,CONTENT_ELIGIBLE,1351,10,1,"[""APT_CyberCriminal_Campagin_Collections""]","[""RAW-078dd3b9a294d191""]",SINGLETON,False,True
CANON-e2ed4ac613f3b23f,e2ed4ac613f3b23f5dec937077539dff1cd8a6f75c131e447925d1d720a463ff,1,RAW-3079a25a04ac3ff7,APT_CyberCriminal_Campagin_Collections,efbc2ab8e6467f4414c7a55f5fe1cf10484aedf354f5e8eb943fe4cf87d26eea,CONTENT_ELIGIBLE,12832,62,1,"[""APT_CyberCriminal_Campagin_Collections""]","[""RAW-3079a25a04ac3ff7""]",SINGLETON,False,True
CANON-e3023325d5b69baf,e3023325d5b69baf3965669944070485290acf668434de7b99b7437c1a76ae9e,1,RAW-ecf0689004034a07,APT_CyberCriminal_Campagin_Collections,df85e012095f6e77e01e46201db8b6e1f827f7ad84b0e0c796c23b8b4421c0f3,CONTENT_ELIGIBLE,386,2,1,"[""APT_CyberCriminal_Campagin_Collections""]","[""RAW-ecf0689004034a07""]",SINGLETON,False,False
CANON-e32796977af5c748,e32796977af5c7486360757ca4f4ae37b0a8e13db84b8295b2359569fb70b4f0,1,RAW-2b2cb86869e97ddb,APT_CyberCriminal_Campagin_Collections,d604fa35ed23291e0526b439d492d17ba00b20704b5e6591998abd7525d3be6f,CONTENT_ELIGIBLE,1435,9,1,"[""APT_CyberCriminal_Campagin_Collections""]","[""RAW-2b2cb86869e97ddb""]",SINGLETON,False,True
CANON-e3b563748a18babf,e3b563748a18babfacf918fb8b09a9e75f9e5f85048b289b720c0d9cb9cc0499,1,RAW-4bbf68c692a9f8d4,APT_CyberCriminal_Campagin_Collections,5b0994ec38eedf768a47d9d1ead5a07dca636197d1e18891c2e61ea9b2caa8e9,CONTENT_ELIGIBLE,1092,6,1,"[""APT_CyberCriminal_Campagin_Collections""]","[""RAW-4bbf68c692a9f8d4""]",SINGLETON,False,True
CANON-e3f346c9d44ba463,e3f346c9d44ba46385aa677e5dfeb4865aa256069331689f217cc75076850b41,1,RAW-29534d75483b682d,APTnotes,50c1e7f2c9c130febd00961f4ae5bfa42a44ebb3e485b64952ceebeaaa180d8b,CONTENT_ELIGIBLE,1063,4,1,"[""APTnotes""]","[""RAW-29534d75483b682d""]",SINGLETON,False,True
CANON-e3ff4a00f3b88bce,e3ff4a00f3b88bce7aa60eb0fb9b387daffae2af6728aaa90b56e34a1a64bc83,1,RAW-6b9e67af30f6d313,APTnotes,b5e76194e058f9086e5b3231f56b9a86589b58b89560698e8c2a5db25bf5a3c1,CONTENT_ELIGIBLE,5864,25,1,"[""APTnotes""]","[""RAW-6b9e67af30f6d313""]",SINGLETON,False,True
CANON-e4118b18809a02e7,e4118b18809a02e7a6838398141b8034a63da4eaec2b9aad37d94332e13a0d56,1,RAW-20d527d4eba2558c,APT_CyberCriminal_Campagin_Collections,130a589367c1c3d214f3c906dbc9095ba5527af1a0f50a83ec937f7806f6c79d,CONTENT_ELIGIBLE,3409,20,1,"[""APT_CyberCriminal_Campagin_Collections""]","[""RAW-20d527d4eba2558c""]",SINGLETON,False,True
CANON-e42e6e0429b57074,e42e6e0429b5707435c8e264825b1bb3514771b30a75ddaee01008108b7f0dc8,1,RAW-18e4ff078ef5d080,APTnotes,9aa3ae5adff67efa8716085732f159a0fba22277b27c9ca59f05818d343b03a1,CONTENT_ELIGIBLE,1382,9,1,"[""APTnotes""]","[""RAW-18e4ff078ef5d080""]",SINGLETON,False,True
CANON-e42f811b2802bdb3,e42f811b2802bdb3047340ae15ef6b0c3817783b9e27e31b21a3fbb2e829ddb7,1,RAW-7e7d6dadeb4e3e9b,APT_CyberCriminal_Campagin_Collections,72b9418715bab212c219ebbfacbdb51a391b3c90c0892ac8ba8ffcf86b52e29b,CONTENT_ELIGIBLE,409,5,1,"[""APT_CyberCriminal_Campagin_Collections""]","[""RAW-7e7d6dadeb4e3e9b""]",SINGLETON,False,False
CANON-e479eab5f6bff0e7,e479eab5f6bff0e72702611518476d52921c51bd1ee3fe164f4257909f77143c,1,RAW-da036b0a3ac6b373,APT_CyberCriminal_Campagin_Collections,6146ff2858def5be1b7c5c87bdf1be0b7f35a684d3bce249f579fa8b19c5ef46,CONTENT_ELIGIBLE,1201,9,1,"[""APT_CyberCriminal_Campagin_Collections""]","[""RAW-da036b0a3ac6b373""]",SINGLETON,False,True
CANON-e49416761a2af75f,e49416761a2af75f06e27f521e637a01af121398a2040bb32ee380e98071a738,1,RAW-c2d28e520c229028,APT_CyberCriminal_Campagin_Collections,904d6efcce9eb967dc263a3385031a3a81648142fb6589577857e1429ca40663,CONTENT_ELIGIBLE,2658,20,1,"[""APT_CyberCriminal_Campagin_Collections""]","[""RAW-c2d28e520c229028""]",SINGLETON,False,False
CANON-e4a6c2ad21ad5929,e4a6c2ad21ad5929ea5d668d6cc3a4156452eb4a9a3517d4d201cb26a9c743d3,1,RAW-d879576c53d76c69,APT_CyberCriminal_Campagin_Collections,382bf101e724ec720b2c430c3a58180babb3f7182f18a9c443aad79762d7a37b,CONTENT_ELIGIBLE,1811,8,1,"[""APT_CyberCriminal_Campagin_Collections""]","[""RAW-d879576c53d76c69""]",SINGLETON,False,False
CANON-e4aaf0e537d09be5,e4aaf0e537d09be5144c44bcaac59eee2ad694c998c3effc29921b44a0ed381b,1,RAW-b1c8a1b7f97660eb,APT_CyberCriminal_Campagin_Collections,160feaf3a1653a0d80d368a8735f4115a7c9679f22270adfaeb1dee0a46eb36f,CONTENT_ELIGIBLE,2427,14,1,"[""APT_CyberCriminal_Campagin_Collections""]","[""RAW-b1c8a1b7f97660eb""]",SINGLETON,False,True
CANON-e4b17fb477c8e2b5,e4b17fb477c8e2b57db262fceb571a6be191a264eea38b37d70b64c4ee1e13aa,1,RAW-afaa295b0fcf2904,APT_CyberCriminal_Campagin_Collections,5d94917354545dc8a21316ef0a80efb36721995a01d216b8f13e83e39007c7f8,CONTENT_ELIGIBLE,12237,46,1,"[""APT_CyberCriminal_Campagin_Collections""]","[""RAW-afaa295b0fcf2904""]",SINGLETON,False,True
CANON-e4c4763672a224ad,e4c4763672a224ad1865dca570d2f9f5435e1b8c29ab637daa43dabacb3a56bb,1,RAW-0d78acc9593e34a5,APT_CyberCriminal_Campagin_Collections,7a483d3808296dcc1217bf57c8e0d0e528b48cef010cfb1433cb5061c5c0358f,CONTENT_ELIGIBLE,3005,24,1,"[""APT_CyberCriminal_Campagin_Collections""]","[""RAW-0d78acc9593e34a5""]",SINGLETON,False,True
CANON-e4e7ee23ac2a2c43,e4e7ee23ac2a2c4380d5419703927f0f2eb26f2ebb1d9ec1f0ff64ce17b17bb7,1,RAW-892105ec5e6557d8,APT_CyberCriminal_Campagin_Collections,0d318aae4d2d54095df6d58b981d83be23cb4a2e3eb57e7a88329e090d157b8b,CONTENT_ELIGIBLE,2173,13,1,"[""APT_CyberCriminal_Campagin_Collections""]","[""RAW-892105ec5e6557d8""]",SINGLETON,False,True
CANON-e5110e09ccbcbb23,e5110e09ccbcbb23450afe705ec26e2fe3e6c98309ab41edf7640d4f372c7ea7,1,RAW-4cbbc764c0d50a8c,APTnotes,8205dac88938cb13bb336ec3eec7db0b585d87ced9849ec339a4d03cb9e94524,CONTENT_ELIGIBLE,2471,19,1,"[""APTnotes""]","[""RAW-4cbbc764c0d50a8c""]",SINGLETON,False,True
CANON-e52ea8b2aaad5eeb,e52ea8b2aaad5eeb401b35db0b0520002c69bf3bf24a1eaf6315df2f74fcf041,1,RAW-e274f796a5c3155f,APTnotes,8b1ba115ecfcfe6913ae19f80289b8c11316efc753231b432341b269406e56f1,CONTENT_ELIGIBLE,1473,9,1,"[""APTnotes""]","[""RAW-e274f796a5c3155f""]",SINGLETON,False,True
CANON-e551a62a87d4c2da,e551a62a87d4c2da96f250bb5ed18b910af3c382978922e5ac77e0e46fb45dc3,2,RAW-0056dc53947254f1,APT_CyberCriminal_Campagin_Collections,0dc2b74d4238a301a1bb3bf73aa23d66b36cdcc843c9f041c704783b6f92ed32,CONTENT_ELIGIBLE,8479,48,2,"[""APT_CyberCriminal_Campagin_Collections"",""APTnotes""]","[""RAW-0056dc53947254f1"",""RAW-3ed73803983455d5""]",EXACT_BINARY,True,True
CANON-e5567e5e5ab65d16,e5567e5e5ab65d167fca18611d23a7f5f8efc9b2fa669e36e11ea68734e29e6d,1,RAW-49df4546f0e4e277,APT_CyberCriminal_Campagin_Collections,d125ca004fcd704b8f7053fc0a4abd265aa840bff2d4527a4057c38c48935d1d,CONTENT_ELIGIBLE,724,12,1,"[""APT_CyberCriminal_Campagin_Collections""]","[""RAW-49df4546f0e4e277""]",SINGLETON,False,True
CANON-e567c5f26cc2cb9d,e567c5f26cc2cb9db02cde36fc96a0f26a32a6bb4c6fec234f84d5f0c06d8ef6,1,RAW-e2b8416d95d85be6,APT_CyberCriminal_Campagin_Collections,cf5010a6e5936c7478bbe90e88165c65e45a021c13877a12f4621c4519e35dfa,CONTENT_ELIGIBLE,2279,8,1,"[""APT_CyberCriminal_Campagin_Collections""]","[""RAW-e2b8416d95d85be6""]",SINGLETON,False,True
CANON-e6155a2637946556,e6155a263794655688fd2948f00cff13f572ac249e2857b55825b0b4ac4a110f,1,RAW-da6ca9837ed9237b,APTnotes,8b79dfa33f9123ea432243b4159495dda1b7ecfb314d1c1a5588b0a534e71f45,CONTENT_ELIGIBLE,2144,9,1,"[""APTnotes""]","[""RAW-da6ca9837ed9237b""]",SINGLETON,False,True
CANON-e618420ea16fd5b9,e618420ea16fd5b9b81d938397be0dead90eb53a71e98587936a3926faf45504,2,RAW-82378fadd793132c,APTnotes,8d5c9bbe3b70b760cf582a04b3c8474d45802f5c811a1c05fad6be88d76f94e3,CONTENT_ELIGIBLE,3431,24,2,"[""APT_CyberCriminal_Campagin_Collections"",""APTnotes""]","[""RAW-82378fadd793132c"",""RAW-8a98e70042cacd5b""]",EXACT_BINARY,True,True
CANON-e61ac4ba5751725c,e61ac4ba5751725cb20957f63818c6c567bd3f2286779134c4c3e648f0d23cc0,1,RAW-c76920425d03360a,APT_CyberCriminal_Campagin_Collections,6ebc2047c19a1fb7b4a8d20dcfada080f3ee2237115524567eca54d7e0ce2eb0,CONTENT_ELIGIBLE,3804,19,1,"[""APT_CyberCriminal_Campagin_Collections""]","[""RAW-c76920425d03360a""]",SINGLETON,False,True
CANON-e63a7bc51aa34540,e63a7bc51aa3454000e96624ccc986cd3823ea0ba75b45273e20484b91269906,1,RAW-7db325c5434d6215,APTnotes,ac0e2ec2eb4ffeef6f5e51fe8e1f4f708d7c8df093974cf569f70146f2ed1090,CONTENT_ELIGIBLE,2615,6,1,"[""APTnotes""]","[""RAW-7db325c5434d6215""]",SINGLETON,False,True
CANON-e68bb5559817e9b7,e68bb5559817e9b76067df673ab37f42f85a454c279f4d26a74de14254e1a87b,1,RAW-9ae4f05879c34eab,APT_CyberCriminal_Campagin_Collections,bfc7eb182dd97cdba79c3cede84c83d0d668d4e6d2d48068ab152aa7a1228965,CONTENT_ELIGIBLE,7475,32,1,"[""APT_CyberCriminal_Campagin_Collections""]","[""RAW-9ae4f05879c34eab""]",SINGLETON,False,True
CANON-e6f44ae4b4585ab3,e6f44ae4b4585ab3e068dde4958892a65435f745a91c68b8c21cd7bd31b02cea,2,RAW-62c59ca4c9a84b60,APTnotes,c6511f787141870d19cf2f0fc8eb56e55812786b004d6e90eafe7951818d6aeb,CONTENT_ELIGIBLE,810,4,2,"[""APT_CyberCriminal_Campagin_Collections"",""APTnotes""]","[""RAW-62c59ca4c9a84b60"",""RAW-eb7ad0066a0862f3""]",EXACT_BINARY,True,False
CANON-e722f9852c93d84f,e722f9852c93d84f57581d3ad360e1db72fc89dee12fea776073e8043429ead3,1,RAW-7df85d779ad55fc7,APT_CyberCriminal_Campagin_Collections,62bf7268d1ac30b3940cb788206cdff5c4a16d112734fd2b345f87f66ec2726e,CONTENT_ELIGIBLE,3913,17,1,"[""APT_CyberCriminal_Campagin_Collections""]","[""RAW-7df85d779ad55fc7""]",SINGLETON,False,True
CANON-e727c17b0f84a7af,e727c17b0f84a7af41b292f09adc82dd31ca4dd4ef04099a2c53ba4a8d910943,1,RAW-8dd7d8520f470eaf,APT_CyberCriminal_Campagin_Collections,aadf9ba74ba0f7e5cb71e5d1a7ad9ec0150ca891ce1b57b96b63ad4162842cef,CONTENT_ELIGIBLE,4650,19,1,"[""APT_CyberCriminal_Campagin_Collections""]","[""RAW-8dd7d8520f470eaf""]",SINGLETON,False,False
CANON-e789adf7a312471f,e789adf7a312471f4ca82bab1cb3136b8e9d7464f37f659bf00dbac7f23ec5a4,2,RAW-1194e8eda35a02d0,APT_CyberCriminal_Campagin_Collections,c57c5a9fe936beeda2071e4e21dc3fbd210eaffd04219a44f61adb5b7761c4e7,CONTENT_ELIGIBLE,18791,83,1,"[""APT_CyberCriminal_Campagin_Collections""]","[""RAW-1194e8eda35a02d0"",""RAW-77bb7172736f63fa""]",EXACT_BINARY,False,True
CANON-e7a8ffaf7db57c50,e7a8ffaf7db57c50c676a30c6c78703c107cc0f7aedd10151247ed9a3ce6e5e6,1,RAW-52dabd2cbbe96a48,APTnotes,3f2aa42078447b5265339bf6eadc9de1a42eb1166d8758d8dbe7596164ec53e7,CONTENT_ELIGIBLE,2920,16,1,"[""APTnotes""]","[""RAW-52dabd2cbbe96a48""]",SINGLETON,False,True
CANON-e7fd3246a1250163,e7fd3246a12501636f43bf2c71e5e244ded02bb936737a0eb98caab3f2c6df2b,1,RAW-2030e096c272ef72,APT_CyberCriminal_Campagin_Collections,d2d8ab709f6479e458aa76cd52c64982c16d209703ce5b993e22645f047088b7,CONTENT_ELIGIBLE,521,2,1,"[""APT_CyberCriminal_Campagin_Collections""]","[""RAW-2030e096c272ef72""]",SINGLETON,False,True
CANON-e802d592d24c4c2d,e802d592d24c4c2dd3b9e6c70ce0d769e35df6c473bc8f48510245106813f47e,1,RAW-de53330e9b2c8f57,APT_CyberCriminal_Campagin_Collections,288bfaa7ad8ed2dd4204e612dae4eb1837b3beee4b6b266cdc49cdec9ff22194,CONTENT_ELIGIBLE,135,47,1,"[""APT_CyberCriminal_Campagin_Collections""]","[""RAW-de53330e9b2c8f57""]",SINGLETON,False,False
CANON-e84675bbbdbef94f,e84675bbbdbef94fb133e850093fb323644c52a3cf7b71552ec7ceabfe3401aa,1,RAW-439082c3fe3f3b69,APTnotes,6968c9ad46aa07e4dc9a62942e5c8bde8fc0f8b490fca4e23b441ea4cc8b55e6,CONTENT_ELIGIBLE,1321,7,1,"[""APTnotes""]","[""RAW-439082c3fe3f3b69""]",SINGLETON,False,True
CANON-e8478d8b83312066,e8478d8b833120667d06b3f2615a0893cba29407c89cde1a9a3ce2e49c5e6b30,1,RAW-93bf4f7ae7d6f310,APT_CyberCriminal_Campagin_Collections,1dd9d836b8bc856f3b856f1103bd530e2dc5f37aa85b2128dfea57ab26712a5e,CONTENT_ELIGIBLE,1166,6,1,"[""APT_CyberCriminal_Campagin_Collections""]","[""RAW-93bf4f7ae7d6f310""]",SINGLETON,False,False
CANON-e88901c261cfedb7,e88901c261cfedb7cf2534c6d37ab0cc12e2c7c099a5f34ca6366d9e6a60837f,1,RAW-3bc4e8ed00c925b6,APT_CyberCriminal_Campagin_Collections,6a3d952a09653159ce1e4dab343b4c5e5b89cb54c01ba85702079988e43c9213,CONTENT_ELIGIBLE,24726,88,1,"[""APT_CyberCriminal_Campagin_Collections""]","[""RAW-3bc4e8ed00c925b6""]",SINGLETON,False,True
CANON-e8bec814ae549406,e8bec814ae549406cffbfce012a1fc078b47716270d66d8ea55630e0ea36fc81,1,RAW-33b35a6dfea7151a,APT_CyberCriminal_Campagin_Collections,016e190db8129217a3113f23e839c7bdf8c499e2b773bb9f800737de9ac33304,CONTENT_ELIGIBLE,3317,10,1,"[""APT_CyberCriminal_Campagin_Collections""]","[""RAW-33b35a6dfea7151a""]",SINGLETON,False,True
CANON-e8d0845a659cbd29,e8d0845a659cbd2940a8c5315c11400245797e13d4a87568df8127194e5a6e5d,1,RAW-754d857164afdb27,APT_CyberCriminal_Campagin_Collections,9bcacdebf926b368c17d759a83a508e5c905c735b524bbc3e27ccd63afe413a0,CONTENT_ELIGIBLE,1659,12,1,"[""APT_CyberCriminal_Campagin_Collections""]","[""RAW-754d857164afdb27""]",SINGLETON,False,True
CANON-e8d5d8251d8fda42,e8d5d8251d8fda42d6cdb3f25e254a3d8f3bc7e53e3de93b3842ae66fe40e10f,1,RAW-b8b059b732a9025a,APT_CyberCriminal_Campagin_Collections,bb900f7348778886c47195b3841ed38a335d33b67d563c1cafba7c6f824ecc31,CONTENT_ELIGIBLE,2435,9,1,"[""APT_CyberCriminal_Campagin_Collections""]","[""RAW-b8b059b732a9025a""]",SINGLETON,False,True
CANON-e9476a5b54fb3e56,e9476a5b54fb3e56c55671990d4d181d861ec3c42758f0779d33fef1aa5c3292,2,RAW-ae04dce3a27566b7,APTnotes,2361096112ab9b5a3203f41333e9cf6bbb58bfb60f63ef45d3f36c62cd9e9c5c,CONTENT_ELIGIBLE,7625,35,2,"[""APT_CyberCriminal_Campagin_Collections"",""APTnotes""]","[""RAW-ae04dce3a27566b7"",""RAW-f6643f21de215a40""]",EXACT_BINARY,True,True
CANON-e9506100a54c33f9,e9506100a54c33f95b7e114f649a4b7ecd80b684e845f80adfbf029dc9a7f65d,2,RAW-1a5317f6e0210f93,APT_CyberCriminal_Campagin_Collections,878a948fea0f7c6fd8ae27aabfc7311e67bb57136b4c117636484bbef7430af0,CONTENT_ELIGIBLE,4732,50,2,"[""APT_CyberCriminal_Campagin_Collections"",""APTnotes""]","[""RAW-1a5317f6e0210f93"",""RAW-643ff2d8ab681a93""]",EXACT_BINARY,True,True
CANON-e97246bf5997f01d,e97246bf5997f01de6b681fdd53baf3fb477163ac29f24624615a97394375068,1,RAW-098cca48d0510b85,APT_CyberCriminal_Campagin_Collections,248a0bc03a0616d58a3f048813f0dbf0ed75a934736d0537936bed997a115bf4,CONTENT_ELIGIBLE,2673,19,1,"[""APT_CyberCriminal_Campagin_Collections""]","[""RAW-098cca48d0510b85""]",SINGLETON,False,True
CANON-ea285c0d0fa75f89,ea285c0d0fa75f896f5423cfe4dc614097cd4e3795257dda71864c1e18913b20,2,RAW-50fb82a4400c1279,APTnotes,3b0fcad2e99f0539216a7a6c8a6095bb69fd5b2a84bdbf545e2b83b766a777ab,CONTENT_ELIGIBLE,9457,46,2,"[""APT_CyberCriminal_Campagin_Collections"",""APTnotes""]","[""RAW-50fb82a4400c1279"",""RAW-a65d9af47a01370b""]",EXACT_BINARY,True,True
CANON-ea707fc06d9002bc,ea707fc06d9002bc4aa8cd62d65f573353dabeff920e56b1034f28f3b51cf18a,1,RAW-eca29ed3f816f8ce,APT_CyberCriminal_Campagin_Collections,3c538f01ce54194ae69a2757580dcbb4b2b4fc102d54490e1e787350f8f8d5e8,CONTENT_ELIGIBLE,4242,24,1,"[""APT_CyberCriminal_Campagin_Collections""]","[""RAW-eca29ed3f816f8ce""]",SINGLETON,False,False
CANON-ea8581e24346a539,ea8581e24346a539450c2dee49ad93db6db0cad5fd4fe7c0646cfdaa61098de1,1,RAW-7dcfac75b83ff56f,APTnotes,c663922a8faca8ba2fe4cbc17373c41ea2eeb4248938800f24893e534c309cec,CONTENT_ELIGIBLE,1114,9,1,"[""APTnotes""]","[""RAW-7dcfac75b83ff56f""]",SINGLETON,False,True
CANON-ea8b3a9d1422c1c4,ea8b3a9d1422c1c4cbe4c2d2cfe25756e0002d1f2dd156973fcca777b904a757,1,RAW-8066149d2e25255f,APT_CyberCriminal_Campagin_Collections,29007a3da916dac2dbf014166964e12cfe466856af913c10e9a208889b42428b,CONTENT_ELIGIBLE,1520,9,1,"[""APT_CyberCriminal_Campagin_Collections""]","[""RAW-8066149d2e25255f""]",SINGLETON,False,False
CANON-eac111a73edcb488,eac111a73edcb488d1560e544ac1f18ba6a5bb2cd743ca27ad7dfaecb2464a21,2,RAW-c53987cc8c620542,APT_CyberCriminal_Campagin_Collections,6646cce59efaea0a9001bbcb211ae74d44dd3ce90c6ed8a3c673269e4e99466e,CONTENT_ELIGIBLE,4553,20,2,"[""APT_CyberCriminal_Campagin_Collections"",""APTnotes""]","[""RAW-c53987cc8c620542"",""RAW-c715cadecd8fd686""]",EXACT_BINARY,True,True
CANON-eadb734d86d4894a,eadb734d86d4894a1c80e1a974f9720d0a9a89ab3208a350b039d9c720712a19,1,RAW-cf0ce1562b5ebf0a,APTnotes,a3c0a75dda44b9934dff7d43c3af3a9dbdd110990a3925a916222a3ebd17239a,CONTENT_ELIGIBLE,1270,10,1,"[""APTnotes""]","[""RAW-cf0ce1562b5ebf0a""]",SINGLETON,False,True
CANON-eadbbd3a5b0f3b79,eadbbd3a5b0f3b7926ec5f191929a8ef142157e2b680c124f3c216ebd68b848a,1,RAW-13daf25986844bd6,APTnotes,a73d5f8964ad35a3e6fc112fb205049b2716daead92aed26c7e83f25a9e888d9,CONTENT_ELIGIBLE,4622,14,1,"[""APTnotes""]","[""RAW-13daf25986844bd6""]",SINGLETON,False,True
CANON-eae2aea130723c63,eae2aea130723c639d49e4d73cda588adec8382362191010793d37911523dcf0,1,RAW-68c4cc2d0358bc89,APT_CyberCriminal_Campagin_Collections,58e6cb673211c97e24c617d1bf8756b0a6bd13425a61edb6aea9a9256d4d6da1,CONTENT_ELIGIBLE,1801,15,1,"[""APT_CyberCriminal_Campagin_Collections""]","[""RAW-68c4cc2d0358bc89""]",SINGLETON,False,True
CANON-eaeeaf4eeec7723e,eaeeaf4eeec7723e77d7419c09a01fc90a09cafd52468e06207b72bd35781d6a,1,RAW-4ef23402c3808839,APT_CyberCriminal_Campagin_Collections,b78b03ff65be0d541e5b1b46cd34c448f36fca3adf16581b86a90d6131bb38b0,CONTENT_ELIGIBLE,501,7,1,"[""APT_CyberCriminal_Campagin_Collections""]","[""RAW-4ef23402c3808839""]",SINGLETON,False,False
CANON-eb1d7c369485d73f,eb1d7c369485d73f9db4a4f36906d2895a7c99895361cf0378d47e18566a006c,1,RAW-bf3aa8d7f27dc672,APT_CyberCriminal_Campagin_Collections,3f21fc5adb9d389cd200803947ec42361bd2c1635b91819fa79a9b93e5646503,CONTENT_ELIGIBLE,1885,11,1,"[""APT_CyberCriminal_Campagin_Collections""]","[""RAW-bf3aa8d7f27dc672""]",SINGLETON,False,True
CANON-eb2bb158873b941d,eb2bb158873b941d12cf28e3598bcf8baa7819b48297ce035e9ec073b1fdc833,1,RAW-a02e7308353474af,APT_CyberCriminal_Campagin_Collections,a8e00df39193a7858780e3cd8fe3cb3a84960a52659bd673316aa5403f7eb076,CONTENT_ELIGIBLE,12714,53,1,"[""APT_CyberCriminal_Campagin_Collections""]","[""RAW-a02e7308353474af""]",SINGLETON,False,True
CANON-eb2cf9e2befb8739,eb2cf9e2befb87392cbd1053e341019299fdf1a1722dc2baf35766f6b7a07db6,2,RAW-68be52a070e41056,APTnotes,3d203cfa9362a3de5653a098f785d0d4c5992bf032cd428d45658b6276e88a1b,CONTENT_ELIGIBLE,8972,51,2,"[""APT_CyberCriminal_Campagin_Collections"",""APTnotes""]","[""RAW-68be52a070e41056"",""RAW-95cb453e48bd7f4c""]",EXACT_BINARY,True,True
CANON-eb2df68e879fd301,eb2df68e879fd3015f3811396a6c443a0727a589baec3686939c09e8584bf7f2,1,RAW-7074928b49a082c1,APT_CyberCriminal_Campagin_Collections,300d5cacd746f76594ebfea4cf67187137eeec759bdf803fbbccf527ec337f1c,CONTENT_ELIGIBLE,1244,5,1,"[""APT_CyberCriminal_Campagin_Collections""]","[""RAW-7074928b49a082c1""]",SINGLETON,False,True
CANON-eb59220d2dbeaea1,eb59220d2dbeaea1370ba988b03ff9a8e9b5db7c50a52c489cac778012caa42a,1,RAW-9e3cf73b04f040ce,APT_CyberCriminal_Campagin_Collections,1e05e2c3f89a8a235778faa1563ce679fd428a520e7b705b20407602ff7f60e1,CONTENT_ELIGIBLE,2724,16,1,"[""APT_CyberCriminal_Campagin_Collections""]","[""RAW-9e3cf73b04f040ce""]",SINGLETON,False,True
CANON-eb80ffed190c8fc7,eb80ffed190c8fc7ecae91debb25fb0991c082b55b7e2baae3d93106b9d5f532,1,RAW-996363597866dfd7,APT_CyberCriminal_Campagin_Collections,a64ed5b8e8a50d0dd5d486baeb869819addb7cc3f46180c775488b67e0d21b5d,CONTENT_ELIGIBLE,1456,11,1,"[""APT_CyberCriminal_Campagin_Collections""]","[""RAW-996363597866dfd7""]",SINGLETON,False,True
CANON-ec120bd3cb8a4bb8,ec120bd3cb8a4bb8c5b6d18d4d365c3693f97a3448f5d74458c361d7a4f268dc,1,RAW-08894e2501772098,APT_CyberCriminal_Campagin_Collections,ab44c1b7dd683959fe79e7a83e9338866e2ed9b6ff07980e1932a7fb19cea2c7,CONTENT_ELIGIBLE,1265,16,1,"[""APT_CyberCriminal_Campagin_Collections""]","[""RAW-08894e2501772098""]",SINGLETON,False,False
CANON-ec203862230cf0e3,ec203862230cf0e372b23f199d9ccdddc7c10926f487a6dc65d8a9cde1b50f48,1,RAW-8dc979d9e0792e02,APT_CyberCriminal_Campagin_Collections,621cf2dda5973b543fe4f835b47d55927f41a5a9d03690fbd45d6ec25a5c3c4c,CONTENT_ELIGIBLE,608,7,1,"[""APT_CyberCriminal_Campagin_Collections""]","[""RAW-8dc979d9e0792e02""]",SINGLETON,False,False
CANON-ec6671e7906c5516,ec6671e7906c551632c478bce2c9206f8f7f81773273341e72eb81efe3995c13,1,RAW-3099bee210e44846,APT_CyberCriminal_Campagin_Collections,d1198d814b16c678f4680094365b8577a1ed23ab6d3652ff50ab637b50cf2dc2,CONTENT_ELIGIBLE,1324,9,1,"[""APT_CyberCriminal_Campagin_Collections""]","[""RAW-3099bee210e44846""]",SINGLETON,False,True
CANON-eca1f8e2b06786dc,eca1f8e2b06786dcaa36d8d7cfff8c613bb8c796467d665018fe0d326ebb7052,1,RAW-509e2ed580e93cc2,APT_CyberCriminal_Campagin_Collections,d1cad565a12b86ef6e734fa4d6b354dc5087632438fe2d89fabf5645d8d67523,CONTENT_ELIGIBLE,4626,30,1,"[""APT_CyberCriminal_Campagin_Collections""]","[""RAW-509e2ed580e93cc2""]",SINGLETON,False,True
CANON-ecb6881b72bbd109,ecb6881b72bbd10904573a1faf67dceb05e8348f135b9b995c7aa9defd6f553a,1,RAW-eb13544bbf9437f5,APT_CyberCriminal_Campagin_Collections,f2e075af9dba604d7b11e14f67a78315960604310485b9b874a868e82298342c,CONTENT_ELIGIBLE,7483,45,1,"[""APT_CyberCriminal_Campagin_Collections""]","[""RAW-eb13544bbf9437f5""]",SINGLETON,False,True
CANON-ecd1b27700497069,ecd1b27700497069955cad3487857bbb1101003e2a441d6ea9d807063f50299d,1,RAW-629cd23babdeb0dc,APT_CyberCriminal_Campagin_Collections,008ed96694a22beaaffe5a54d0aa1eee70259fc01934d775465191078934f5ba,NO_RECONSTRUCTED_TEXT,0,8,1,"[""APT_CyberCriminal_Campagin_Collections""]","[""RAW-629cd23babdeb0dc""]",SINGLETON,False,False
CANON-ed068e7a2f5a9876,ed068e7a2f5a98765f0dac8cfbc0b70ebac4e18b936e42a97f0b86e2e596b233,2,RAW-be79e460fb56ec7a,APTnotes,07a19c64a266e318d764d5ccf7abcac09ed4200fe9d8a74f91fc2dd627614a09,CONTENT_ELIGIBLE,7513,13,2,"[""APT_CyberCriminal_Campagin_Collections"",""APTnotes""]","[""RAW-be79e460fb56ec7a"",""RAW-ef33c3e8ebabe8bd""]",EXACT_BINARY,True,True
CANON-edafa7cd3c057258,edafa7cd3c057258836a9708ac4adf872b050338243b6b401e59b64df60f038b,1,RAW-4d3c7b43691c57cd,APT_CyberCriminal_Campagin_Collections,7a16d6d2939c86b7a8d191209125ce5e1f3f5c8e84af3812e9e0f9dbbed0210a,CONTENT_ELIGIBLE,2598,13,1,"[""APT_CyberCriminal_Campagin_Collections""]","[""RAW-4d3c7b43691c57cd""]",SINGLETON,False,True
CANON-edb2e0a99832f7de,edb2e0a99832f7dee76d91285b13146a52510c5c5531b0571846cf3fecb79ee7,1,RAW-6b40831d223c65dd,APT_CyberCriminal_Campagin_Collections,f305000b76a40a2737b6fc27fa5993c61f7d4eb6ac606c5214e0264ce540357d,CONTENT_ELIGIBLE,1960,9,1,"[""APT_CyberCriminal_Campagin_Collections""]","[""RAW-6b40831d223c65dd""]",SINGLETON,False,True
CANON-edcc48ce555eb135,edcc48ce555eb135d6628b18836b636cf12d8bedfb6f74197e40897ad00bcc13,1,RAW-c98930d3c2d2d60a,APTnotes,a52194d403e2b6f0f10e8c2f98f0fe073d2aa8e48aec5f2b2d96b05e36999430,CONTENT_ELIGIBLE,6510,22,1,"[""APTnotes""]","[""RAW-c98930d3c2d2d60a""]",SINGLETON,False,True
CANON-ee42c8399ca3c638,ee42c8399ca3c6380e021bb5ac3e3d585d0925624787d1429a4a6db97ee1ab52,1,RAW-48ae25584927f962,APT_CyberCriminal_Campagin_Collections,6aa61eaac8dc70e8e9ed7553f9dd457f32209feec147bdf4bb7608699d56a843,CONTENT_ELIGIBLE,2069,9,1,"[""APT_CyberCriminal_Campagin_Collections""]","[""RAW-48ae25584927f962""]",SINGLETON,False,True
CANON-ee5f4105e9d9fc1d,ee5f4105e9d9fc1da668b40e9292350de8c613e8ce6ba9b4ef7fb3b6c58e81ff,1,RAW-cdbb5239846cb741,APT_CyberCriminal_Campagin_Collections,efbec2c7dff63bbc46432e280cb509517e5e961d006af7a70710300da6437db8,CONTENT_ELIGIBLE,2815,14,1,"[""APT_CyberCriminal_Campagin_Collections""]","[""RAW-cdbb5239846cb741""]",SINGLETON,False,True
CANON-ee69da6f0a95bee4,ee69da6f0a95bee423eac02280970b6e717038c13de4c9bc9accccaf4bfba362,2,RAW-bd978e6526e56544,APTnotes,c2a7a48460fbfb9921071abcdcddb6c99ceb289dcee21a229bbf875885a75c77,CONTENT_ELIGIBLE,4717,48,2,"[""APT_CyberCriminal_Campagin_Collections"",""APTnotes""]","[""RAW-bd978e6526e56544"",""RAW-c3bc7cdbdf090737""]",EXACT_BINARY,True,True
CANON-eec1ed111eed0600,eec1ed111eed06001b74fc646e1d8b449fa57259fbce1f1feb101c2d31d0b2c1,1,RAW-70252180e89d8fda,APT_CyberCriminal_Campagin_Collections,b2e3cb157669a12d4029029e792a7b6b2e59aad0928c4b568caa7b11b2b29cb6,CONTENT_ELIGIBLE,5238,35,1,"[""APT_CyberCriminal_Campagin_Collections""]","[""RAW-70252180e89d8fda""]",SINGLETON,False,True
CANON-eee202d5913d1b17,eee202d5913d1b173f9badad15229ee5d3393853a5d4a0162af4d423d986c8cf,1,RAW-288f7c6a96037042,APTnotes,778cbd40bf6c9b286c22d289265ae40b0af48d01df120eb24519439e5a05ee04,CONTENT_ELIGIBLE,2534,14,1,"[""APTnotes""]","[""RAW-288f7c6a96037042""]",SINGLETON,False,True
CANON-eeffb2c58d6835ee,eeffb2c58d6835ee38aa0b4023d7a5fe54199e606fce2a1646713c1705918c06,1,RAW-e0c9f3bd09d10e7d,APTnotes,2b7394a3e3710e070fde2cea524ad8344662a761c29f92495f1ae22840d406e1,CONTENT_ELIGIBLE,1777,12,1,"[""APTnotes""]","[""RAW-e0c9f3bd09d10e7d""]",SINGLETON,False,True
CANON-ef074ca33dc3d17b,ef074ca33dc3d17bfc0e41763159c60fb20348c363735192a4afdb7fb23d7827,1,RAW-610c5dfd8d770120,APT_CyberCriminal_Campagin_Collections,41aa92b2fbde4386d9106fe93384052d07d8a43116cff3790ff0059fb0c30d64,CONTENT_ELIGIBLE,1773,19,1,"[""APT_CyberCriminal_Campagin_Collections""]","[""RAW-610c5dfd8d770120""]",SINGLETON,False,True
CANON-ef0ba4e9fb692bbb,ef0ba4e9fb692bbb56bade5521225db09bd3e75d5ad7f693762573e5e9eb15d8,1,RAW-48655fc2f94247d9,APT_CyberCriminal_Campagin_Collections,bf641a25f7b842ce2fcfd6768acb24c5363151a37ccc801ba5c07ea1b3f18520,CONTENT_ELIGIBLE,9100,53,1,"[""APT_CyberCriminal_Campagin_Collections""]","[""RAW-48655fc2f94247d9""]",SINGLETON,False,True
CANON-ef3160325277b309,ef3160325277b3096bf1790fbe0295a3202576f08d0a57974a3da1e784de3e98,1,RAW-196c8601f42533bd,APT_CyberCriminal_Campagin_Collections,a1a4d2142f00adb2b5cfbe22ff92c1b12acf1561ae52e9478bb4e47d8b467e2b,CONTENT_ELIGIBLE,1004,6,1,"[""APT_CyberCriminal_Campagin_Collections""]","[""RAW-196c8601f42533bd""]",SINGLETON,False,True
CANON-ef488f0fbdc0d821,ef488f0fbdc0d82135ebe923dd158dd9cd46261b0f4372396a6339c606009a6e,1,RAW-98fccdd3006282bb,APT_CyberCriminal_Campagin_Collections,f4f962342d9efef705aa2e44824a10b0625deb6e95356a9859a1edfe5515b3d4,CONTENT_ELIGIBLE,3020,11,1,"[""APT_CyberCriminal_Campagin_Collections""]","[""RAW-98fccdd3006282bb""]",SINGLETON,False,True
CANON-ef7255fdd4605637,ef7255fdd4605637c20dd0ae668b68abbf6c6ac2b4fdb5aa139dfeab3dad7406,1,RAW-a1fc6ed5f52c518a,APT_CyberCriminal_Campagin_Collections,796e640cb93cdff7cd7864570dff3d30333b0561d2dd16d02c82b121cf7292ee,CONTENT_ELIGIBLE,3485,25,1,"[""APT_CyberCriminal_Campagin_Collections""]","[""RAW-a1fc6ed5f52c518a""]",SINGLETON,False,True
CANON-ef855c26aaa41cc2,ef855c26aaa41cc2e7f3eea605ace76b2e68f9493e125ca5d8232b173564c70b,1,RAW-75a20432ce431e17,APTnotes,e2c149c39afca15c2c55a8074dfa9adbf8ea353f29ccaef8c24364118d308e87,CONTENT_ELIGIBLE,2220,13,1,"[""APTnotes""]","[""RAW-75a20432ce431e17""]",SINGLETON,False,True
CANON-efaf147fe0edf35e,efaf147fe0edf35ed347a2824e99cd870ba0296e621010dcd750839b224c2ab1,1,RAW-d13365984c5f1fd6,APT_CyberCriminal_Campagin_Collections,f2b85d61a9f849ee0941e43a852d76cc04bbe713ecd97170f96a9633f72422eb,CONTENT_ELIGIBLE,4605,16,1,"[""APT_CyberCriminal_Campagin_Collections""]","[""RAW-d13365984c5f1fd6""]",SINGLETON,False,True
CANON-efec52bee545b193,efec52bee545b1931298e7be2dfeb307da303065fa3ced1e85366ab163218587,1,RAW-4d9e77c8ecd78f25,APT_CyberCriminal_Campagin_Collections,3e985d68c2899416658f9c840538d4a8e29fcd98fe601c994d6893376a093ba5,CONTENT_ELIGIBLE,1704,6,1,"[""APT_CyberCriminal_Campagin_Collections""]","[""RAW-4d9e77c8ecd78f25""]",SINGLETON,False,True
CANON-f00064eac20a2f86,f00064eac20a2f8651e4a13e7d70b64ec7c6c008e83be9f0d8de9b0eb8ce2393,2,RAW-b4b1e2c0aec74d99,APT_CyberCriminal_Campagin_Collections,0cd86ea403913aa3dc9489049351b8b4eb8dedf01b97ac461be04b352c960cf9,CONTENT_ELIGIBLE,3472,14,2,"[""APT_CyberCriminal_Campagin_Collections"",""APTnotes""]","[""RAW-b4b1e2c0aec74d99"",""RAW-e759a365d24e8705""]",EXACT_BINARY,True,True
CANON-f01fdb527fdd07bc,f01fdb527fdd07bc707213a9bb2c0d458c23d0d599cd92bdceeb9c07b6b04a7d,1,RAW-fb1940ae78a2faed,APT_CyberCriminal_Campagin_Collections,039a7e5d8a1090b3fb9d00081a0a7f31c601053a1473ab4e35dcc6be587d0982,INSUFFICIENT_RECONSTRUCTED_TEXT,94,27,1,"[""APT_CyberCriminal_Campagin_Collections""]","[""RAW-fb1940ae78a2faed""]",SINGLETON,False,False
CANON-f02825d9dd6f7cdc,f02825d9dd6f7cdc01233d8742806f9507d16302a4f4e892acf1b967d83fbca6,1,RAW-d2fb3c289cfb7c4b,APT_CyberCriminal_Campagin_Collections,66dc4e318263fa80f5e5e3db3c3c443116d470419304e4e01e7682cc28d2bcdc,CONTENT_ELIGIBLE,1867,10,1,"[""APT_CyberCriminal_Campagin_Collections""]","[""RAW-d2fb3c289cfb7c4b""]",SINGLETON,False,True
CANON-f02b9aabe92fcdf3,f02b9aabe92fcdf34e0c2875ee1b15d5bb5a164fd3f9e9eeae8eb5715ed6802c,1,RAW-73f263fbb205522b,APT_CyberCriminal_Campagin_Collections,7e6f5375080d65859608c2ba5d1355b467f8094a17f28f1c3abca19fd5f43a1a,CONTENT_ELIGIBLE,1278,8,1,"[""APT_CyberCriminal_Campagin_Collections""]","[""RAW-73f263fbb205522b""]",SINGLETON,False,True
CANON-f0ddcdb695bd1e38,f0ddcdb695bd1e38a877fe9d99c5a308886dbf93049f7b9d1ce287862949ba44,1,RAW-cdab8c7bd0cf112d,APT_CyberCriminal_Campagin_Collections,f50f06ed7317362e26b0bf908a92648b18bb3f1eede70a426917b8c664ef24f2,NO_RECONSTRUCTED_TEXT,0,59,1,"[""APT_CyberCriminal_Campagin_Collections""]","[""RAW-cdab8c7bd0cf112d""]",SINGLETON,False,False
CANON-f12799a44e2abf81,f12799a44e2abf81dae170fd18fa9c01dd43bbaa42db9b7df4465f72ffb53e8f,1,RAW-86018fa31f503607,APTnotes,4a9e4327ad956f117632a9884b73109b05e9308549934b2208e17aa6dc268447,CONTENT_ELIGIBLE,30207,166,1,"[""APTnotes""]","[""RAW-86018fa31f503607""]",SINGLETON,False,True
CANON-f17c04193d8d63e0,f17c04193d8d63e05cfe4ee41a6743fb92a607f8c0cb33f8526c54713a70ce90,1,RAW-7e67ebaf74d228f9,APTnotes,6d11b447781bc8b09e77bafaa9a72fcae4f3d39895211f80899ac0e5cd4d7d60,CONTENT_ELIGIBLE,1620,5,1,"[""APTnotes""]","[""RAW-7e67ebaf74d228f9""]",SINGLETON,False,True
CANON-f184439acafe45dd,f184439acafe45dd7b98c24df9ca223ecfede47a0fa201ca59878dc7c2171eb0,1,RAW-6eaf21ef60945e65,APT_CyberCriminal_Campagin_Collections,dc9fb85c8644b8a51a65f30b11957417bd6db7b807006954b6ab79382bf5d4f6,CONTENT_ELIGIBLE,63977,273,1,"[""APT_CyberCriminal_Campagin_Collections""]","[""RAW-6eaf21ef60945e65""]",SINGLETON,False,True
CANON-f1974d31fe642819,f1974d31fe642819bea67514da629b040616e86023cbad6544a2245ddd941114,1,RAW-090056306b1b0d34,APT_CyberCriminal_Campagin_Collections,2d05c463e4a070f29841a104e5cc296406da69536e22f90facf41277dec0b62f,CONTENT_ELIGIBLE,3489,37,1,"[""APT_CyberCriminal_Campagin_Collections""]","[""RAW-090056306b1b0d34""]",SINGLETON,False,True
CANON-f1a5b90b59f55cc6,f1a5b90b59f55cc667d099beeb5c1b2c5c16ae710f0781119852338373dc2566,2,RAW-117661d927540091,APTnotes,74b67274103277b52cdecea43ac3f0e1d2e7519a1f6d5f0ff15beb9072659175,CONTENT_ELIGIBLE,5217,21,2,"[""APT_CyberCriminal_Campagin_Collections"",""APTnotes""]","[""RAW-117661d927540091"",""RAW-c2111f751a19583a""]",EXACT_BINARY,True,True
CANON-f1ceed2605768275,f1ceed2605768275b727890917f6f3a9d29ada48cf0ca0539379f5c8ce068960,2,RAW-60246f7c73a13a2c,APT_CyberCriminal_Campagin_Collections,272fda528047f33d256968022cd7ef9c3792251467ff1fe5c3214c721ed0c785,CONTENT_ELIGIBLE,1621,10,2,"[""APT_CyberCriminal_Campagin_Collections"",""APTnotes""]","[""RAW-60246f7c73a13a2c"",""RAW-64b5409920f8d5a1""]",EXACT_BINARY,True,True
CANON-f1df19ddda623ed8,f1df19ddda623ed83a2249c8c926090666257dba4a54cd032cf5fcae1203a1fa,1,RAW-0618f4bbe70dfc5f,APT_CyberCriminal_Campagin_Collections,2c16e6b1c708a48041ed8dbace330d5bf6d93a16fa29c9046c25a2c28c6e2d5e,CONTENT_ELIGIBLE,426,11,1,"[""APT_CyberCriminal_Campagin_Collections""]","[""RAW-0618f4bbe70dfc5f""]",SINGLETON,False,False
CANON-f1f9a4929c6b81f9,f1f9a4929c6b81f98fa17d1faacd13e8f0913181cd4a8ed75a7809bc7e6b47e9,1,RAW-33d4e389a1f7e645,APT_CyberCriminal_Campagin_Collections,248c73f75cd4ab0956ab8abd63430ba4842027bbea849ad038c12e0c3a6132eb,CONTENT_ELIGIBLE,25471,88,1,"[""APT_CyberCriminal_Campagin_Collections""]","[""RAW-33d4e389a1f7e645""]",SINGLETON,False,True
CANON-f1faa77f85ee8036,f1faa77f85ee8036f91d3f4b02e6857e78a294dcee031ee91bfebf585d218bdd,1,RAW-1b188453cb70111f,APT_CyberCriminal_Campagin_Collections,11764e87bf73c2374e94982b87a9cb29272995322e511dd6167c14046de3049b,CONTENT_ELIGIBLE,974,14,1,"[""APT_CyberCriminal_Campagin_Collections""]","[""RAW-1b188453cb70111f""]",SINGLETON,False,False
CANON-f20a33d125cc4239,f20a33d125cc4239f4460e4a458f18e5c84dc9f7f486afee0524e06912c09114,1,RAW-a6de06449c8c4b98,APT_CyberCriminal_Campagin_Collections,f3a550304d2f5bfff3919edde1108bd832385753f5c8989810792f5b9d44f692,CONTENT_ELIGIBLE,3680,20,1,"[""APT_CyberCriminal_Campagin_Collections""]","[""RAW-a6de06449c8c4b98""]",SINGLETON,False,True
CANON-f215f86492c1c944,f215f86492c1c944fa7544096a2957f7e632f169f153e7fc29f0cb94421f1270,1,RAW-56289bf272139fc9,APT_CyberCriminal_Campagin_Collections,63ca08ece969586a3d6bae67314894cc70f485d63d8bd83885f77f6d08acb3d4,CONTENT_ELIGIBLE,673,4,1,"[""APT_CyberCriminal_Campagin_Collections""]","[""RAW-56289bf272139fc9""]",SINGLETON,False,False
CANON-f2455bdcf1836afc,f2455bdcf1836afc9e74d9deef51f8237d5664ab94ec2c62baec03ed7d7ddb78,1,RAW-fce6a26913dd5d17,APT_CyberCriminal_Campagin_Collections,9e88059c015aadbef92a1fbe6df22aeca2f95cc23afddcd4cee2a5a19c98eeff,CONTENT_ELIGIBLE,7094,38,1,"[""APT_CyberCriminal_Campagin_Collections""]","[""RAW-fce6a26913dd5d17""]",SINGLETON,False,True
CANON-f276e6a73e9ecf90,f276e6a73e9ecf90a0aa8b771ca13b23c255b90d0859c4cd5c4507fcf99e0b17,1,RAW-8df8b7d06aa6da0d,APT_CyberCriminal_Campagin_Collections,f79c1947079dee0c4f5c343d9c5f188019a27ad4193545c11e07bec4009372ce,CONTENT_ELIGIBLE,169,7,1,"[""APT_CyberCriminal_Campagin_Collections""]","[""RAW-8df8b7d06aa6da0d""]",SINGLETON,False,False
CANON-f2869e75be09cb45,f2869e75be09cb456344732e790c8c67c5363d3e03c6d39416b4bc36b1b8de82,1,RAW-cc68debb8a8adaf7,APT_CyberCriminal_Campagin_Collections,32ac72ddc0a7733609eec9bd82f38c0d649d9e554298667035a33d0ec3f3330a,CONTENT_ELIGIBLE,3009,14,1,"[""APT_CyberCriminal_Campagin_Collections""]","[""RAW-cc68debb8a8adaf7""]",SINGLETON,False,True
CANON-f2af395c4d2164b7,f2af395c4d2164b7f213025f993fd381b91bba44ed6343dca36954fa98d3c7be,1,RAW-a3ad7743bad2f499,APT_CyberCriminal_Campagin_Collections,031c3db5a3d029a59ee8e155cfcedeb3ae59e3525c4be8276267d3fc8eb5e1ad,CONTENT_ELIGIBLE,10469,35,1,"[""APT_CyberCriminal_Campagin_Collections""]","[""RAW-a3ad7743bad2f499""]",SINGLETON,False,True
CANON-f2d165ab2efe10a4,f2d165ab2efe10a404288d9558561d3b7a45c8eff29e3ba18caa65a7b840fe17,1,RAW-7314b4e7d2bfe0b3,APTnotes,d07ab5d7ddbf049ffe283363e7c8c7c7f543e04a47f44d8af58d0b63afeafe0b,CONTENT_ELIGIBLE,522,10,1,"[""APTnotes""]","[""RAW-7314b4e7d2bfe0b3""]",SINGLETON,False,True
CANON-f2dcc5a4f963066e,f2dcc5a4f963066e7b0663b640596b4c4492d25eb2ebed6fd2856741b3a7b08e,1,RAW-da4d5fd8aad6366a,APT_CyberCriminal_Campagin_Collections,3b43f45186edfb3efc918d10199a926619591263fe8a790405b2f483c28ec253,CONTENT_ELIGIBLE,1860,8,1,"[""APT_CyberCriminal_Campagin_Collections""]","[""RAW-da4d5fd8aad6366a""]",SINGLETON,False,True
CANON-f3065ed669fbcc82,f3065ed669fbcc82020e9eeb6ca02fc108018d40dc427e8a85d67e3a3b9e51f7,2,RAW-5b2bcda9d1037a93,APT_CyberCriminal_Campagin_Collections,0304417f54cf5d3d51b7680d0cab73f4e2fe6ab6b5fc3be3ad01d42172a0e749,CONTENT_ELIGIBLE,877,5,2,"[""APT_CyberCriminal_Campagin_Collections"",""APTnotes""]","[""RAW-5b2bcda9d1037a93"",""RAW-f54a9ab9ced931fb""]",EXACT_BINARY,True,True
CANON-f30ab7f1d32ada16,f30ab7f1d32ada16a1db4f56edbf0800c6e4e178f8eb625c6658c32a42d93639,1,RAW-8c239ba031b9012c,APT_CyberCriminal_Campagin_Collections,9795c9765cfffe5a3dfabb97cecdf209139ba45cce19b985367f46115600d6af,CONTENT_ELIGIBLE,1261,5,1,"[""APT_CyberCriminal_Campagin_Collections""]","[""RAW-8c239ba031b9012c""]",SINGLETON,False,True
CANON-f344a577e2a5981e,f344a577e2a5981ef200c24b98a0a418ddab9a6c21a8eb8a63de8381d280f7b6,1,RAW-7cfba28ee9c08f19,APT_CyberCriminal_Campagin_Collections,bbd53ac076cd6c4b0385e2320658b54075a37100cafb0931e10d00b9912e13f8,CONTENT_ELIGIBLE,4678,32,1,"[""APT_CyberCriminal_Campagin_Collections""]","[""RAW-7cfba28ee9c08f19""]",SINGLETON,False,True
CANON-f35e2e473c1f1f19,f35e2e473c1f1f199fc23a44554215ab585e999fa22231320f7e0703d71a26ce,1,RAW-6388f2697d92805f,APT_CyberCriminal_Campagin_Collections,771f7185656db684e8981dfc687c7c14d5ce1fe8acb5b4cdb37df5011458fee0,CONTENT_ELIGIBLE,1386,6,1,"[""APT_CyberCriminal_Campagin_Collections""]","[""RAW-6388f2697d92805f""]",SINGLETON,False,True
CANON-f3650ed54b544173,f3650ed54b544173053819cd2fe11e3ac1ac9a270284f34d69a482abc6a398fe,1,RAW-3fab71605d9cd458,APT_CyberCriminal_Campagin_Collections,f537fdffe3d0bbd472cf5325a1b28f4314006f39d3d9736ac63b382a864ad962,CONTENT_ELIGIBLE,4197,19,1,"[""APT_CyberCriminal_Campagin_Collections""]","[""RAW-3fab71605d9cd458""]",SINGLETON,False,True
CANON-f3af24ffb7c9cfd6,f3af24ffb7c9cfd682c07df9bea79fa7da337d5b1ca8d7f29693d6fead6d2007,1,RAW-c049638b9597dd61,APT_CyberCriminal_Campagin_Collections,27bf1cbf7de9c5bda900626212ac001a564f1cf101917e6a383b058c39120162,CONTENT_ELIGIBLE,3805,14,1,"[""APT_CyberCriminal_Campagin_Collections""]","[""RAW-c049638b9597dd61""]",SINGLETON,False,True
CANON-f3e20e019c098179,f3e20e019c098179943b468b3b1e04e34bb1a0d47266cd8bb8f86f6102e732eb,1,RAW-83c9ab2572c8089c,APTnotes,6312d7188a4ac401ee294c853b5556411baa089eaea354408604f473b4ef92c8,CONTENT_ELIGIBLE,722,5,1,"[""APTnotes""]","[""RAW-83c9ab2572c8089c""]",SINGLETON,False,True
CANON-f4130fd1d0b9e55a,f4130fd1d0b9e55acb25602b70cf4ae5951e656d432b1b0b43a63b368429a8b7,1,RAW-b3ed7551290437ef,APTnotes,2a52924a2fa5296124d9a253bd3e4e3a7ccf87995174878eb9b71e80f567c0ab,CONTENT_ELIGIBLE,1227,10,1,"[""APTnotes""]","[""RAW-b3ed7551290437ef""]",SINGLETON,False,True
CANON-f44976eb4b7c0854,f44976eb4b7c0854240935ee1fd72b89ff38ea36c7eeba2330b97b2cd6fed89c,1,RAW-b14b900dfea5ac10,APT_CyberCriminal_Campagin_Collections,467c88203188f5651ea468d7885a517cdb442f0c380342e31a9d867b51999108,CONTENT_ELIGIBLE,251,16,1,"[""APT_CyberCriminal_Campagin_Collections""]","[""RAW-b14b900dfea5ac10""]",SINGLETON,False,False
CANON-f44f50e5e7c92c30,f44f50e5e7c92c30aa678bb8ffc6fa0abf0336c3f1ab4e37bdfcbd17c56b731a,1,RAW-4363e548d7c9472d,APT_CyberCriminal_Campagin_Collections,8e29f88c302f470fdd57618170f9d2ad6958db67826dea18bfc95ef9acea6646,CONTENT_ELIGIBLE,1179,3,1,"[""APT_CyberCriminal_Campagin_Collections""]","[""RAW-4363e548d7c9472d""]",SINGLETON,False,False
CANON-f4724e2d737497b9,f4724e2d737497b95932da4210289ad43d2c5d633ae0b201dd97ad9f6604477c,1,RAW-80541dcfe7a2687f,APT_CyberCriminal_Campagin_Collections,f6a3d64a8232bee65ef052021087f8ae09fa5921cee39d6ca4644c7f459af9be,CONTENT_ELIGIBLE,2913,21,1,"[""APT_CyberCriminal_Campagin_Collections""]","[""RAW-80541dcfe7a2687f""]",SINGLETON,False,False
CANON-f489d51f9bd95125,f489d51f9bd9512559b3355453828123548606deb282d3bf11bfca13e240fd81,1,RAW-b21f7af7124586c3,APT_CyberCriminal_Campagin_Collections,4d342b894d836c1eb3f22528a07295791773011140a5718ab2c70de92b416b95,CONTENT_ELIGIBLE,3999,38,1,"[""APT_CyberCriminal_Campagin_Collections""]","[""RAW-b21f7af7124586c3""]",SINGLETON,False,True
CANON-f4b65403914456c4,f4b65403914456c43b3c2aa2cfccf6bb4b2b2a60b9d92c576353e8f968bb47a2,2,RAW-4a0a3471d90c69b6,APT_CyberCriminal_Campagin_Collections,d3bb231d3f1222ccb8affc0d7df3de3142e6b6c95326110b451cfbd406a6bf5d,CONTENT_ELIGIBLE,2227,12,2,"[""APT_CyberCriminal_Campagin_Collections"",""APTnotes""]","[""RAW-4a0a3471d90c69b6"",""RAW-dfc7f5eb8ed06268""]",EXACT_BINARY,True,False
CANON-f4f8ee2cddeaafe0,f4f8ee2cddeaafe09bdd4d552c2d997ffd93cd6d25bfdd1963036a1528aee223,1,RAW-d8250b8936dc8736,APT_CyberCriminal_Campagin_Collections,9800f5fdc7aa43627e94b7bc87a193d66cc6152a5348a1ad4b9c0f7b594fe0e0,CONTENT_ELIGIBLE,2930,29,1,"[""APT_CyberCriminal_Campagin_Collections""]","[""RAW-d8250b8936dc8736""]",SINGLETON,False,True
CANON-f50588f297c26898,f50588f297c268989c0a30ea1c4a2feb5fcea349734e90dff98f3b31596fe4cc,1,RAW-f6900402490fb68d,APT_CyberCriminal_Campagin_Collections,267494ddf3d17b0fee005ff13fd224993b48b4f41a3f73e1af348be2ba344363,CONTENT_ELIGIBLE,1612,20,1,"[""APT_CyberCriminal_Campagin_Collections""]","[""RAW-f6900402490fb68d""]",SINGLETON,False,True
CANON-f53d0ec1e47a0cd8,f53d0ec1e47a0cd83aa8a2b0b2b24d372183f1d11024d43efaf084551f3ce17e,1,RAW-9e3055253234dd52,APTnotes,24a6daa8e9f7fed42113f2cf860f8b0cd394872258c21084cd4277de9c4cde76,CONTENT_ELIGIBLE,1032,6,1,"[""APTnotes""]","[""RAW-9e3055253234dd52""]",SINGLETON,False,False
CANON-f5463dd2df260001,f5463dd2df2600014016bb657cec0cf843c7748c2d3ed3fcef633a12f6230e6b,1,RAW-1ef67825f4e06337,APT_CyberCriminal_Campagin_Collections,ca47ecdcf58e9eec88e52be561ec19949f6893e9b098fcf2b7adc76c9b9fbb0a,CONTENT_ELIGIBLE,2275,12,1,"[""APT_CyberCriminal_Campagin_Collections""]","[""RAW-1ef67825f4e06337""]",SINGLETON,False,True
CANON-f561ff33daa0a2ad,f561ff33daa0a2ad0ffa54356f9524dc476cfbbc3338e61f0fc84c4f4cce8688,1,RAW-beb58c2e72dee17c,APT_CyberCriminal_Campagin_Collections,a98d933e508d32ebdc6db086022b65f5a4e3be281bcdd2dcae4b9ebaf2a61ac7,CONTENT_ELIGIBLE,4615,26,1,"[""APT_CyberCriminal_Campagin_Collections""]","[""RAW-beb58c2e72dee17c""]",SINGLETON,False,True
CANON-f585800daa27a5b6,f585800daa27a5b6074bd9ceae303dfb2232e78eb7d340e003a33037c430bb33,1,RAW-8d1c4aa87f017038,APTnotes,15edfb569036f630884b01b87d083ce35341be312ba4476fe540bdf7d0dcf1eb,CONTENT_ELIGIBLE,9935,52,1,"[""APTnotes""]","[""RAW-8d1c4aa87f017038""]",SINGLETON,False,True
CANON-f599012a71396255,f599012a71396255dbfbe1d719ea2598f8b83c42236113a47afeedefac958f10,1,RAW-e2fa7f4cf805518a,APTnotes,9b8333c4037eaa54258d6422265f2b9375f95dde3061db15b80adc483ae718b8,CONTENT_ELIGIBLE,4133,12,1,"[""APTnotes""]","[""RAW-e2fa7f4cf805518a""]",SINGLETON,False,True
CANON-f5b091cf254c1491,f5b091cf254c14912e610c1e697c81d8bab3eedea216cf16a794d6e96f7b0daf,1,RAW-f169641f1a4bad02,APT_CyberCriminal_Campagin_Collections,feed638e0e0fe57ccd9f34e8913dc8ba136cc0267ab2dff43efaebe7a5e91cc0,CONTENT_ELIGIBLE,1502,8,1,"[""APT_CyberCriminal_Campagin_Collections""]","[""RAW-f169641f1a4bad02""]",SINGLETON,False,False
CANON-f5ba8d772dcec5d2,f5ba8d772dcec5d23fec41da982e1a023069a5d840bceade6875fc6f7caa5a9d,1,RAW-226c336d3750a8af,APTnotes,50eec22cbaac78b3adc551887a61854498d64b5e38d454e505b16560792f253e,CONTENT_ELIGIBLE,1097,5,1,"[""APTnotes""]","[""RAW-226c336d3750a8af""]",SINGLETON,False,True
CANON-f5d06182180ef29e,f5d06182180ef29ed4d23e3d8545c0c8e5cab3f0b3e01fe51478090080975be1,1,RAW-7114e0c25de7510b,APT_CyberCriminal_Campagin_Collections,6ddf0a31db5f877cb0f373b1de9daae4474b1f9ff8771e4aa57bc45e3ce04867,CONTENT_ELIGIBLE,1313,18,1,"[""APT_CyberCriminal_Campagin_Collections""]","[""RAW-7114e0c25de7510b""]",SINGLETON,False,False
CANON-f62aa0cfa0b33003,f62aa0cfa0b33003f5f364e5d8b8611b5653642709489bf57ba7c97ffe53744d,1,RAW-54ab7604c02e25c1,APT_CyberCriminal_Campagin_Collections,7089afedb501b76bbf0d4a0c3bd71e6b541c4e90848d10cb8c52577c62ce948c,CONTENT_ELIGIBLE,1028,7,1,"[""APT_CyberCriminal_Campagin_Collections""]","[""RAW-54ab7604c02e25c1""]",SINGLETON,False,True
CANON-f64283b872dba028,f64283b872dba028e8eb6a7a66fcc00f2290d04c71aff727a20538cea7b4f1cf,1,RAW-46a27c54886be313,APT_CyberCriminal_Campagin_Collections,693864a6380d5e3ffa31ca8ac869a87bee42fbbffef5f9b9241b1845f5f545bd,CONTENT_ELIGIBLE,425,34,1,"[""APT_CyberCriminal_Campagin_Collections""]","[""RAW-46a27c54886be313""]",SINGLETON,False,False
CANON-f6793c2e684ef503,f6793c2e684ef5036ac1ee94d448dd7e8d6d837b6f767aaa579e6757cde186e2,1,RAW-fea2b78d06064377,APT_CyberCriminal_Campagin_Collections,4d14327b94af88e7754034e8a28b898d7506d755963962e035697ec0e6b6a746,CONTENT_ELIGIBLE,4271,30,1,"[""APT_CyberCriminal_Campagin_Collections""]","[""RAW-fea2b78d06064377""]",SINGLETON,False,True
CANON-f6e8a5f139233c14,f6e8a5f139233c14accad809142c2b2e402959aee65a0f24d6552b986c25f8ab,1,RAW-a9d978f1039ac099,APT_CyberCriminal_Campagin_Collections,594f6750d5baf24cccc7726df08b46b09f13a2ca422d8014f55c6daddf60161c,CONTENT_ELIGIBLE,3135,26,1,"[""APT_CyberCriminal_Campagin_Collections""]","[""RAW-a9d978f1039ac099""]",SINGLETON,False,True
CANON-f7250e88cda8ea1a,f7250e88cda8ea1aff54e0242ecf9362bc39a98719ef9fbf2d741bfbc6ef104d,1,RAW-30fe1cee894ac45d,APT_CyberCriminal_Campagin_Collections,5853998fcd465c694d38617871475ed8481442a83759458a9d3293f4566514f1,CONTENT_ELIGIBLE,1486,14,1,"[""APT_CyberCriminal_Campagin_Collections""]","[""RAW-30fe1cee894ac45d""]",SINGLETON,False,True
CANON-f77e5c506a5b6fc4,f77e5c506a5b6fc4ff38fcc47099932b9247c4d444a25e15ea61384dd03fab6b,2,RAW-8e1d919815c42f0f,APTnotes,cb41a01a15b325c271698136b53df219b116e8417972c87e6bfcd21107a971e3,CONTENT_ELIGIBLE,816,3,2,"[""APT_CyberCriminal_Campagin_Collections"",""APTnotes""]","[""RAW-8e1d919815c42f0f"",""RAW-e5bb1ff6f518995a""]",EXACT_BINARY,True,False
CANON-f7ae9189b2f173ca,f7ae9189b2f173ca77f45d248676f0e33bf1f8789ba54475c79af281b4971c20,1,RAW-c88e1a2ad3c6f75d,APT_CyberCriminal_Campagin_Collections,e400ed2f6c733092b2da5a170d9e7756261ae89eb812be55f81a06c35f3253e8,CONTENT_ELIGIBLE,2391,6,1,"[""APT_CyberCriminal_Campagin_Collections""]","[""RAW-c88e1a2ad3c6f75d""]",SINGLETON,False,True
CANON-f800c0d339c93a5f,f800c0d339c93a5f5cfafa5c18f60d0071a758bbc4ed970315729dc3459bf18f,2,RAW-7a041c6b86324bdd,APTnotes,ef9ce30f4b7f69dd1b3bad981379037c83d1085d6d8bd4636fa7e75ea388fa82,CONTENT_ELIGIBLE,106,11,2,"[""APT_CyberCriminal_Campagin_Collections"",""APTnotes""]","[""RAW-7a041c6b86324bdd"",""RAW-ef09d2912cd19e03""]",EXACT_BINARY,True,False
CANON-f83d805906666bec,f83d805906666bec0a874c7def8d5dcaee232aceb24f1f65eca2ea4228a78a60,2,RAW-26918428400241b8,APT_CyberCriminal_Campagin_Collections,a80ff4c4191880d3090fde75125ee5a70ac78388d5de68868d2042d187054e73,CONTENT_ELIGIBLE,106,9,2,"[""APT_CyberCriminal_Campagin_Collections"",""APTnotes""]","[""RAW-26918428400241b8"",""RAW-975e4dcceeedc17e""]",EXACT_BINARY,True,False
CANON-f84456392179e488,f84456392179e48892ac242c456133e8be9936aa7e96456dcf3969f70fcca68e,1,RAW-e5f080f49a3d3dc0,APT_CyberCriminal_Campagin_Collections,a499afbff461af275d5cef7b0c3973642e6c45a39a586570e2b451ff440334ed,CONTENT_ELIGIBLE,2665,6,1,"[""APT_CyberCriminal_Campagin_Collections""]","[""RAW-e5f080f49a3d3dc0""]",SINGLETON,False,True
CANON-f86c792971429787,f86c792971429787acf6932b4d19aabe04b0e668d4d1414f5be1fa32e437974d,1,RAW-e3b4165bf74af30b,APT_CyberCriminal_Campagin_Collections,e306dd11eee2b7945914aa8a707601dce88e23b26a705dcf89336febd0f66f6e,CONTENT_ELIGIBLE,1624,9,1,"[""APT_CyberCriminal_Campagin_Collections""]","[""RAW-e3b4165bf74af30b""]",SINGLETON,False,True
CANON-f86d088f722eb169,f86d088f722eb169668c9b484fe2573777688d30d805cd4e0241e87cd94be33f,1,RAW-747bc0a09f2a0e10,APTnotes,e5848c5710a74c8471cfa88f449a9f750af974aae88756c16e7bb9498913cc46,CONTENT_ELIGIBLE,448,6,1,"[""APTnotes""]","[""RAW-747bc0a09f2a0e10""]",SINGLETON,False,False
CANON-f899d8f66622e9d0,f899d8f66622e9d0e0dd926fe839779961bddcad778fe3a181ba60eda23f2c50,2,RAW-3c5be264cedbc7a5,APT_CyberCriminal_Campagin_Collections,0db8e038f07f871513e297327a089710a6cc2fe6634d49aedce90a486e91806a,CONTENT_ELIGIBLE,5575,19,2,"[""APT_CyberCriminal_Campagin_Collections"",""APTnotes""]","[""RAW-3c5be264cedbc7a5"",""RAW-dac905de775020d5""]",EXACT_BINARY,True,True
CANON-f8d6cff81657d1e6,f8d6cff81657d1e6f7fd5ac63c626c463b7387e68766d29059fb79304f44b2e8,2,RAW-2690f6d3ed2c69da,APTnotes,1ad322bd404cb7201ab5cab668d6625c742df7249370c8e77702005893c8af12,CONTENT_ELIGIBLE,1146,5,2,"[""APT_CyberCriminal_Campagin_Collections"",""APTnotes""]","[""RAW-2690f6d3ed2c69da"",""RAW-ebcc7cc6764e3bbc""]",EXACT_BINARY,True,True
CANON-f92f20d6a1356c9f,f92f20d6a1356c9f90d4e5ac2224e71179bb6138331becb49852f6a1e1a816da,1,RAW-cc756c08acb24a02,APT_CyberCriminal_Campagin_Collections,53846cfd832640196829d2b48b4fae417452061135d1d353149fa82b393b0d6b,CONTENT_ELIGIBLE,891,12,1,"[""APT_CyberCriminal_Campagin_Collections""]","[""RAW-cc756c08acb24a02""]",SINGLETON,False,True
CANON-f9456dab839cd725,f9456dab839cd7256c540f69ccebb65c4b9b4f4c9327c49a8bb3d7d39e724428,2,RAW-5950afacc8c5143b,APT_CyberCriminal_Campagin_Collections,807355083caeefdb54deb05c06000f3bc6260c5d15b4fd4867c9daffdc8f4376,CONTENT_ELIGIBLE,4908,15,2,"[""APT_CyberCriminal_Campagin_Collections"",""APTnotes""]","[""RAW-5950afacc8c5143b"",""RAW-ad70e4a71edd6cdd""]",EXACT_BINARY,True,False
CANON-f97ac1992187b3c8,f97ac1992187b3c846990bf4859264849373dd6514cf9f58258be8bb6bf953c3,1,RAW-f5a0f4de26d6a45e,APT_CyberCriminal_Campagin_Collections,9f5bd9afc92ad27dab748dbcce360462b39e0321666317c242335dc0e32771c8,CONTENT_ELIGIBLE,1631,10,1,"[""APT_CyberCriminal_Campagin_Collections""]","[""RAW-f5a0f4de26d6a45e""]",SINGLETON,False,True
CANON-f997e9466704d1a2,f997e9466704d1a2a3c97950323946a2479de18cdb5d694a2cbc41fcb6f9a12f,1,RAW-4850dfc5606e7325,APTnotes,bbcae11a589cfe65cc8b3b3c65060fa22d7ef4f26a98ff2a28bc736f9d7bab5d,CONTENT_ELIGIBLE,271,5,1,"[""APTnotes""]","[""RAW-4850dfc5606e7325""]",SINGLETON,False,True
CANON-f9b0323209563f78,f9b0323209563f78a263d86c07bcdd2910561a0842064a622aa14971681802a0,1,RAW-a7e2c375b6b9f410,APT_CyberCriminal_Campagin_Collections,97e698e272d35fd66b9ab026874ba758c5947f5c8229c6fabcb9fe80cb8e060a,CONTENT_ELIGIBLE,1685,8,1,"[""APT_CyberCriminal_Campagin_Collections""]","[""RAW-a7e2c375b6b9f410""]",SINGLETON,False,True
CANON-f9bab7d02518ba94,f9bab7d02518ba94d9a94248a8a8ac46cec8decab5baa975d43b494d98692693,1,RAW-c522821a440b6a95,APT_CyberCriminal_Campagin_Collections,f5ebe5964bc5e324ddc86b9e71c06810264a7b0d4188d5bde9bbe5f54b25c595,CONTENT_ELIGIBLE,1161,9,1,"[""APT_CyberCriminal_Campagin_Collections""]","[""RAW-c522821a440b6a95""]",SINGLETON,False,True
CANON-f9cb7392074c5580,f9cb7392074c5580c4c43bf0b2fed5fae586acaaa241c21e1d6663f1b66eb844,1,RAW-8bbbdf93efad2c60,APT_CyberCriminal_Campagin_Collections,5672a9673e8c8efaa73253465de088ea7a47dfb8889c6e26879cf8735959ab03,CONTENT_ELIGIBLE,1291,5,1,"[""APT_CyberCriminal_Campagin_Collections""]","[""RAW-8bbbdf93efad2c60""]",SINGLETON,False,True
CANON-f9e72426ba7d244c,f9e72426ba7d244cef6019a5fd0ca95bd48eaa0b24d9353b1ba75c6b40dd529c,1,RAW-10bef738547147cc,APT_CyberCriminal_Campagin_Collections,b4a776492f6596ab841b3300c729b6bcebac644a072edc12b2fd96d3d8287a1b,CONTENT_ELIGIBLE,2574,28,1,"[""APT_CyberCriminal_Campagin_Collections""]","[""RAW-10bef738547147cc""]",SINGLETON,False,True
CANON-fa3d0582684c8e9a,fa3d0582684c8e9a1085d1e31479435fe2368043e8cafca96de221a379ed2507,1,RAW-d8ff1afcea3319ad,APT_CyberCriminal_Campagin_Collections,99fd2bcc64bb21aefad84452d45b732e6a4f1daeb62e12e6071a1fe3d23f12f3,CONTENT_ELIGIBLE,7837,48,1,"[""APT_CyberCriminal_Campagin_Collections""]","[""RAW-d8ff1afcea3319ad""]",SINGLETON,False,True
CANON-fa4ac977e07b25bf,fa4ac977e07b25bfca8f34215b24d326384f2f0adcb54f8cb7d6b59d7659e33b,1,RAW-fd2152502f4b436e,APT_CyberCriminal_Campagin_Collections,0448a1bd0721862a9ca993161f83475a36e9504563cc89a019a51353b11457ff,CONTENT_ELIGIBLE,3729,22,1,"[""APT_CyberCriminal_Campagin_Collections""]","[""RAW-fd2152502f4b436e""]",SINGLETON,False,True
CANON-fa58e99337d4eddd,fa58e99337d4eddd76aeeb4271e344749b4e260e5a7f20bee0f83c08ded6b15a,1,RAW-6d65c824dd9d904f,APT_CyberCriminal_Campagin_Collections,0b73895114c7a28e85d8aba3f8fb1cfdc0b2ed834953c37738273671090fb6c1,CONTENT_ELIGIBLE,980,4,1,"[""APT_CyberCriminal_Campagin_Collections""]","[""RAW-6d65c824dd9d904f""]",SINGLETON,False,True
CANON-fa85420aeebace93,fa85420aeebace93652b3f417bed96098014a90a2a454f703f1f064cdd9a068f,1,RAW-661804b0fb75f054,APTnotes,92b64447855064fdbd5c04f7c28fb52800212691b2d62127066c2a29228b3b01,CONTENT_ELIGIBLE,685,4,1,"[""APTnotes""]","[""RAW-661804b0fb75f054""]",SINGLETON,False,True
CANON-fa91fb7115634dae,fa91fb7115634daeb1a9721f2c7d6f6219ff69c3d07a555179eaa58913f7a6ee,1,RAW-4266a45994adef7d,APTnotes,a2fd40a6eedd0505428fb542e17a6c6cca3e35b8e75173656ee6dd991b1191fa,CONTENT_ELIGIBLE,1003,5,1,"[""APTnotes""]","[""RAW-4266a45994adef7d""]",SINGLETON,False,False
CANON-fab64a02b720acc3,fab64a02b720acc39fa7cf8d60894efb9f7adba211f3c823c9b4b66def827199,1,RAW-851520a6eedbe9ea,APT_CyberCriminal_Campagin_Collections,ba411ca4dc3967152f10bc0fad1e912e5241bc4eeec41b6eb62356fa22783f72,CONTENT_ELIGIBLE,5753,31,1,"[""APT_CyberCriminal_Campagin_Collections""]","[""RAW-851520a6eedbe9ea""]",SINGLETON,False,True
CANON-fad9c872bd920e42,fad9c872bd920e4250ef87f59b9732c160fa5a52446d8d008e5d53714c528809,1,RAW-b09aee0558015911,APTnotes,2eb67c77aab68ce65227bda3127af18e35aeb5ef262d01803f0013f63bcd3ea1,CONTENT_ELIGIBLE,974,7,1,"[""APTnotes""]","[""RAW-b09aee0558015911""]",SINGLETON,False,True
CANON-fae953e8a46539ee,fae953e8a46539ee3d7de777852e1e8e078f6356248b78e599658f9d99c2c260,1,RAW-187741a9c580ca9f,APT_CyberCriminal_Campagin_Collections,714e58b5bb42ac5d15efd24c36a88667fe6f3d33110569cec996503a0f55b42b,CONTENT_ELIGIBLE,192,37,1,"[""APT_CyberCriminal_Campagin_Collections""]","[""RAW-187741a9c580ca9f""]",SINGLETON,False,True
CANON-fb0816f2a4cb8e85,fb0816f2a4cb8e8576cf8de4e6ff12f7ff04b8caa80f00fea508ce1cd9b31183,1,RAW-717fcd02ad3faf4b,APTnotes,30c9105f2fa2a7932240c90428665c49a7d4e6a6ff10e415876b63f16d81fb2d,CONTENT_ELIGIBLE,1538,12,1,"[""APTnotes""]","[""RAW-717fcd02ad3faf4b""]",SINGLETON,False,True
CANON-fb2b5cad1044ced8,fb2b5cad1044ced88321b9bb6236c2640355e97639d139703d3df3e62c67e96b,1,RAW-f3fe6cdaf7c530f1,APT_CyberCriminal_Campagin_Collections,28d8b8f32768175ff56e64e01288cbc3c396aae2c48830cf112f0ad586d8ddca,CONTENT_ELIGIBLE,3531,29,1,"[""APT_CyberCriminal_Campagin_Collections""]","[""RAW-f3fe6cdaf7c530f1""]",SINGLETON,False,True
CANON-fb6fa19da9d3dfc2,fb6fa19da9d3dfc236cb2e10be5b231af85c12341f4a4f74558a4f0d25d5b480,1,RAW-28f70e6515135fbd,APTnotes,d6687f1401edd5dd26973a3731d2a64de43f4fddaf96407d4d1e1c06040b942d,CONTENT_ELIGIBLE,174,2,1,"[""APTnotes""]","[""RAW-28f70e6515135fbd""]",SINGLETON,False,False
CANON-fb6fc715ab970537,fb6fc715ab970537d02bf8f2c673fd22058add6a582da79c67a783d15c015c39,1,RAW-b156fe06f22ee2c7,APT_CyberCriminal_Campagin_Collections,c5625a6f163ba9bb0a6c1f9054e63d90402f6be9c9e417c067df441d84c82185,CONTENT_ELIGIBLE,3086,20,1,"[""APT_CyberCriminal_Campagin_Collections""]","[""RAW-b156fe06f22ee2c7""]",SINGLETON,False,True
CANON-fb87a387ae15bc36,fb87a387ae15bc365a8c1d8b3053bba7fa24cc6894e2c5d75ef9399441de6a99,1,RAW-18c1aefa603d8be6,APTnotes,a849cb50adf7880dd8c4296a631e22f1a610dd0a6b3b3c30545a0e7361400555,CONTENT_ELIGIBLE,942,14,1,"[""APTnotes""]","[""RAW-18c1aefa603d8be6""]",SINGLETON,False,False
CANON-fb8988ba8ba561e0,fb8988ba8ba561e0c65a48bcaddcf0054a5b1ae78e9b494e00e076da989e541e,1,RAW-2cb9c828b6617679,APT_CyberCriminal_Campagin_Collections,40afcb3e4b816e5bab0d6b884754969f1938bcc219b4c84bc0e12a0edff7ced7,CONTENT_ELIGIBLE,1046,25,1,"[""APT_CyberCriminal_Campagin_Collections""]","[""RAW-2cb9c828b6617679""]",SINGLETON,False,False
CANON-fb8c24c7cfbe49c4,fb8c24c7cfbe49c4f9de125ba4a61482f92a9915ddd15cd604ee3486a4e0ef7b,1,RAW-f246790780af65ef,APTnotes,1254ffaa5888cc2756b201c8406aab8e1697f638d6cd2307263076b816193dcd,CONTENT_ELIGIBLE,1977,15,1,"[""APTnotes""]","[""RAW-f246790780af65ef""]",SINGLETON,False,True
CANON-fb91c604907cdb32,fb91c604907cdb32f21ff126a67ab0ab8bbc6f75e321abea301536c0ff9ec6fd,2,RAW-162be32d7c0ad76f,APTnotes,36376cb93e21ed9a2fa930c06257104f818b08164d08cbcac1144d1b41e63a93,CONTENT_ELIGIBLE,645,2,2,"[""APT_CyberCriminal_Campagin_Collections"",""APTnotes""]","[""RAW-162be32d7c0ad76f"",""RAW-e04d757b536b733e""]",EXACT_BINARY,True,True
CANON-fba37ce8a0dc6c10,fba37ce8a0dc6c100a6a970530f3bfa2da2fa433f96e52b3b84d5ad9a0ab5ab9,1,RAW-1b4a9965cb0798d2,APT_CyberCriminal_Campagin_Collections,7917c272fd7c2bdbb631837609a9c9c0a3e076932887a5fade15eb59ab6e0022,CONTENT_ELIGIBLE,3416,19,1,"[""APT_CyberCriminal_Campagin_Collections""]","[""RAW-1b4a9965cb0798d2""]",SINGLETON,False,False
CANON-fbd4248550aebef4,fbd4248550aebef4e3d681a4ee3894b98cfa8d0578401cbb6edf0fe35c41a249,1,RAW-2d1c388e2b54ff9b,APTnotes,bc9aead429febb71da2fdb7755d312c226ee383809f400add831f22db8752b81,CONTENT_ELIGIBLE,4022,22,1,"[""APTnotes""]","[""RAW-2d1c388e2b54ff9b""]",SINGLETON,False,True
CANON-fbdd14b8349d331f,fbdd14b8349d331f2bac82db9c528a2eac93b1617ce7deea5d2e2ff2304a307f,2,RAW-bfb9c9af46911f8d,APTnotes,060c6cd4a7d1a9c7a73fe85097523bddf831fff92d0ac6f9fdab0ccfe01d1a1d,CONTENT_ELIGIBLE,5478,19,2,"[""APT_CyberCriminal_Campagin_Collections"",""APTnotes""]","[""RAW-bfb9c9af46911f8d"",""RAW-d1e3e169f03595fd""]",EXACT_BINARY,True,True
CANON-fbf7890575e0bb9e,fbf7890575e0bb9e75cd5de73ac1acccac5919c6b9dcc4a8d4fe13d5066edf4a,2,RAW-2a725b21c648c593,APT_CyberCriminal_Campagin_Collections,71fcf64f7be064bc4dcac34847bc87595713b7cea638f1e559b395677dfd2471,CONTENT_ELIGIBLE,3445,33,2,"[""APT_CyberCriminal_Campagin_Collections"",""APTnotes""]","[""RAW-2a725b21c648c593"",""RAW-e3b14340be1ba2d4""]",EXACT_BINARY,True,False
CANON-fc2e19e9b95be4c3,fc2e19e9b95be4c3e0f8f4fe8dd8a0fa63a4918d716ff70f4919657fa1b4fe12,1,RAW-4911bf33924b8188,APT_CyberCriminal_Campagin_Collections,cf1e81844f84daf1270b4ce426ac3e399a786ae17405487f13dc60eb64047842,CONTENT_ELIGIBLE,3149,9,1,"[""APT_CyberCriminal_Campagin_Collections""]","[""RAW-4911bf33924b8188""]",SINGLETON,False,True
CANON-fca83d4585b2f7c3,fca83d4585b2f7c34aaba97dd1739da8d3d6a2938b1fb8264040b7464d7df3bf,1,RAW-5fb6cd085c58cc79,APT_CyberCriminal_Campagin_Collections,524854da401e8ba6b084bd82020fb458f7081bd45f7bf1bb474e3e4980fce8f5,CONTENT_ELIGIBLE,4040,27,1,"[""APT_CyberCriminal_Campagin_Collections""]","[""RAW-5fb6cd085c58cc79""]",SINGLETON,False,True
CANON-fccad9a009a96665,fccad9a009a9666586f369990f10b026ada15c491d9ded2a5f953c1f8d5a7847,1,RAW-4c15a8077104b446,APT_CyberCriminal_Campagin_Collections,ddb749eb9903ba21fd0e569f8f1aaad602a69999c153f334acd0c968f9b68f03,CONTENT_ELIGIBLE,2633,14,1,"[""APT_CyberCriminal_Campagin_Collections""]","[""RAW-4c15a8077104b446""]",SINGLETON,False,True
CANON-fce6c2145f57033b,fce6c2145f57033b7f12b99a59f147d2c66492fab54feba83e1f01f03773f4c5,1,RAW-5e4e876fc3244ca7,APT_CyberCriminal_Campagin_Collections,812aa4ae8d7c83978b54bd6b761b7a95a66d41e1e14644a22fc9280cdb57f36b,CONTENT_ELIGIBLE,1468,11,1,"[""APT_CyberCriminal_Campagin_Collections""]","[""RAW-5e4e876fc3244ca7""]",SINGLETON,False,True
CANON-fcebd79a0021056f,fcebd79a0021056f8551e5730764f5c74f84fec9ae9dd4deb4d2dbfc3f154d41,1,RAW-549358fbcb8f059e,APT_CyberCriminal_Campagin_Collections,2316a18b02595368d35bcfb4c65d177fe98bbce4b61015f6232d0e4d799b113f,CONTENT_ELIGIBLE,1304,10,1,"[""APT_CyberCriminal_Campagin_Collections""]","[""RAW-549358fbcb8f059e""]",SINGLETON,False,True
CANON-fcedebc2fdd1f9e1,fcedebc2fdd1f9e1a3f3016a6a70911842eebcc983ccebdc1e590cfa2137f0df,1,RAW-aafdb1c5c06cb2ba,APTnotes,268821af52839dc291c790b82478a69fea564b688cad586ed669e7cfb1fe0973,CONTENT_ELIGIBLE,3728,23,1,"[""APTnotes""]","[""RAW-aafdb1c5c06cb2ba""]",SINGLETON,False,True
CANON-fcfda125983d5616,fcfda125983d5616bb192ab4f03a2bb911a0a334329d95b473d3a4c51fc32bcc,1,RAW-dccfc75fe9514abf,APT_CyberCriminal_Campagin_Collections,e6c39e4c0c1337e3d604073e90860a0e7a5597e43cc7df414aabef5d0ee2bd58,CONTENT_ELIGIBLE,919,12,1,"[""APT_CyberCriminal_Campagin_Collections""]","[""RAW-dccfc75fe9514abf""]",SINGLETON,False,True
CANON-fd0df19742ebc2e8,fd0df19742ebc2e88132d2e6dd4f71cd1cc8e16e70a30b4059b63e57abe76a12,1,RAW-a3e2e91ce5c8bd57,APT_CyberCriminal_Campagin_Collections,292874225cbb3bb79e04454af9fcf2ee1f297615923e8d0eb5a9daca837504d0,CONTENT_ELIGIBLE,2518,28,1,"[""APT_CyberCriminal_Campagin_Collections""]","[""RAW-a3e2e91ce5c8bd57""]",SINGLETON,False,False
CANON-fd14895a7b548654,fd14895a7b5486541065105600d7b31e189caf612a62258c47f2e433e7f058ee,2,RAW-2be9fe2fb3804d6f,APTnotes,510b0ebd1f6e9f6460335bf123596b9404215da1f1cc2653bb5dda1936415cf2,CONTENT_ELIGIBLE,979,5,2,"[""APT_CyberCriminal_Campagin_Collections"",""APTnotes""]","[""RAW-2be9fe2fb3804d6f"",""RAW-fa6d62fd774059dd""]",EXACT_BINARY,True,True
CANON-fd2e8c1591138056,fd2e8c1591138056df2d9270cfdc972d1510ea26333f2d227404fab7fbdda1c0,1,RAW-5bb16a1a0cf0f809,APT_CyberCriminal_Campagin_Collections,0f78f1a8428bc0e3e6d041f62b2bf7e225532485b229437f8e04aa021478c4ae,CONTENT_ELIGIBLE,1173,4,1,"[""APT_CyberCriminal_Campagin_Collections""]","[""RAW-5bb16a1a0cf0f809""]",SINGLETON,False,False
CANON-fd55d517bd16b71c,fd55d517bd16b71ccbac2fb91f3c8a8a56a5daa21aa6c53289b9d12003d6067b,1,RAW-032c664d2ef8aa13,APT_CyberCriminal_Campagin_Collections,4c4941c6aa81efbf5d351bc413f89f188c00af32ca89cdaeb2c5793fee8bbbeb,CONTENT_ELIGIBLE,2459,13,1,"[""APT_CyberCriminal_Campagin_Collections""]","[""RAW-032c664d2ef8aa13""]",SINGLETON,False,True
CANON-fd91a3245c3cddf4,fd91a3245c3cddf4f306a4f042a2e38e916c01e0a441894017ced19c6c18c05c,1,RAW-7b899db5a3389cfc,APTnotes,a7a35e546084fa7b2cfb025beec5a957c0fee225e160da8e61792ecff28daef2,CONTENT_ELIGIBLE,1691,9,1,"[""APTnotes""]","[""RAW-7b899db5a3389cfc""]",SINGLETON,False,True
CANON-fdc4418c0a3b4fe9,fdc4418c0a3b4fe9eab4a1114cb4a0c4da99a4cc0c45fc7757766bcfdadef50c,2,RAW-2dc3f2c7669ef538,APT_CyberCriminal_Campagin_Collections,8ef1c73e639a8c4bd2c4e0cfd68cc924a6f3b97c81fb833f79990bd738990a5d,CONTENT_ELIGIBLE,1285,5,2,"[""APT_CyberCriminal_Campagin_Collections"",""APTnotes""]","[""RAW-2dc3f2c7669ef538"",""RAW-37fb67c7ef76bf7e""]",EXACT_BINARY,True,False
CANON-fdd9315bf48bfea0,fdd9315bf48bfea06acfc2de4135b8145825d55af19ddeedac6bad2ebb05a8f8,1,RAW-d89a5c4f9752c1f3,APT_CyberCriminal_Campagin_Collections,bacd3edd4d61d93377142b82f826b19273be582f2fc6af0125becbcc1669850d,CONTENT_ELIGIBLE,1912,19,1,"[""APT_CyberCriminal_Campagin_Collections""]","[""RAW-d89a5c4f9752c1f3""]",SINGLETON,False,True
CANON-fe00f829a30d0b8b,fe00f829a30d0b8b7043b5ee57fe9312988762cee02c678228e6c8ec0c7dc1d6,1,RAW-c379fda24b947819,APT_CyberCriminal_Campagin_Collections,e6d1090850f10ebc3c7424384e7fc209d04b5cdda4d17b7b0cdaebd48fea23e5,NO_RECONSTRUCTED_TEXT,0,24,1,"[""APT_CyberCriminal_Campagin_Collections""]","[""RAW-c379fda24b947819""]",SINGLETON,False,False
CANON-fe2523ca8e17075a,fe2523ca8e17075a0a57ebc0cc5a0562f7221d478d4ff23d075a4d109e6956d0,2,RAW-3389fb5ae4751164,APT_CyberCriminal_Campagin_Collections,2c66a493d605f27c1076ae4858a5e999b7a43c9bbc748ef2f02c687a061f64be,CONTENT_ELIGIBLE,10284,33,2,"[""APT_CyberCriminal_Campagin_Collections"",""APTnotes""]","[""RAW-3389fb5ae4751164"",""RAW-6b807d1cd2a7891a""]",EXACT_BINARY,True,True
CANON-fe4ffb89be02b96c,fe4ffb89be02b96c8aea0ea49b7c8586e42d2f576a512b47229af1d6c35895ad,1,RAW-8bb16bcbf5556725,APT_CyberCriminal_Campagin_Collections,c933be54b717d9e4450dd41dece30b4adbcd5b565f604b0347ae4049e3499aee,CONTENT_ELIGIBLE,550,16,1,"[""APT_CyberCriminal_Campagin_Collections""]","[""RAW-8bb16bcbf5556725""]",SINGLETON,False,True
CANON-fe51566d84483a9c,fe51566d84483a9cc0bff56a3bf0055188c5aae0bf07031debe65743c6db8147,2,RAW-19ad5959b37a20ed,APT_CyberCriminal_Campagin_Collections,033551e2e689395c323ec7477082f099d8990e27ae4fd4762cb3df19316065c3,CONTENT_ELIGIBLE,5676,29,2,"[""APT_CyberCriminal_Campagin_Collections"",""APTnotes""]","[""RAW-19ad5959b37a20ed"",""RAW-671a4c38886c756d""]",EXACT_BINARY,True,True
CANON-fe63b78730b22860,fe63b78730b22860ad8df223eb8e10d74050ecb05e8fb6cfeaac68684d74f748,1,RAW-ba8cfe4fcabee5b0,APT_CyberCriminal_Campagin_Collections,40dac25854146750249aa70f9ee6b39eeaaed5575555ec344cefd5babb53993d,CONTENT_ELIGIBLE,2423,11,1,"[""APT_CyberCriminal_Campagin_Collections""]","[""RAW-ba8cfe4fcabee5b0""]",SINGLETON,False,False
CANON-fe71f8c80f5b21d4,fe71f8c80f5b21d4481c6e507877eb8d79a0aebc8972af4d3ef10603fea27b5c,1,RAW-2fde1ab99a3fe7fd,APT_CyberCriminal_Campagin_Collections,9ed37f37f5d12588252c75dfd35c4378aa7aa1849d1372d7da193bdc96b465f4,CONTENT_ELIGIBLE,7130,31,1,"[""APT_CyberCriminal_Campagin_Collections""]","[""RAW-2fde1ab99a3fe7fd""]",SINGLETON,False,True
CANON-fe95a67ec11d5bd1,fe95a67ec11d5bd1e3482cb9be4c9d479672992520989ef8c42cd449c693e070,1,RAW-1dae6cf408e3334b,APT_CyberCriminal_Campagin_Collections,e56659e2ddc3460ef58e45b0faac41b8d25ae01ff571d216f1bf2b8c59d21e14,CONTENT_ELIGIBLE,2396,8,1,"[""APT_CyberCriminal_Campagin_Collections""]","[""RAW-1dae6cf408e3334b""]",SINGLETON,False,True
CANON-feb3204add883242,feb3204add883242b329f8b224b6f4efc6ea0a84d5d85ce19a74e523e08f4074,2,RAW-506853241f78d7ce,APT_CyberCriminal_Campagin_Collections,7cef1a1a0096b75da911845f3025b173ebd7e40e64d5bc072368f6c73b84020d,CONTENT_ELIGIBLE,4305,17,2,"[""APT_CyberCriminal_Campagin_Collections"",""APTnotes""]","[""RAW-506853241f78d7ce"",""RAW-b10f2d3954928c33""]",EXACT_BINARY,True,True
CANON-feb3e593af57ed64,feb3e593af57ed640c535df5a145cab4f55b2457737e7394adf27e594ef860bc,1,RAW-a173ac34e9e11096,APT_CyberCriminal_Campagin_Collections,a8d197decd26e1d66460c704f5fe6053c872d97c7a681776d67bd7810985ff12,CONTENT_ELIGIBLE,1927,11,1,"[""APT_CyberCriminal_Campagin_Collections""]","[""RAW-a173ac34e9e11096""]",SINGLETON,False,True
CANON-feb98cec32941f9a,feb98cec32941f9a5e8fcf138567ce9ba8c621960ee9298cf91bf8eda3c8a56a,1,RAW-544d5d2028750172,APT_CyberCriminal_Campagin_Collections,ecc1033a0414096b8fb7e3e0435011f501f962baa27147ad7ff343213ef1861b,CONTENT_ELIGIBLE,2332,27,1,"[""APT_CyberCriminal_Campagin_Collections""]","[""RAW-544d5d2028750172""]",SINGLETON,False,False
CANON-fec4ab82b67b7ba7,fec4ab82b67b7ba7945f5c44a9ea70715322e43f0a3701d709ce2c18dc309a8c,2,RAW-66ee647221e02f13,APT_CyberCriminal_Campagin_Collections,1a1217b4176c8f1f6ae24ef92726265ca7780ec11918faaadc5a08bbc29ae150,CONTENT_ELIGIBLE,10633,54,2,"[""APT_CyberCriminal_Campagin_Collections"",""APTnotes""]","[""RAW-66ee647221e02f13"",""RAW-f6fcd00e5d089815""]",EXACT_BINARY,True,True
CANON-fed01f61d7423a55,fed01f61d7423a551cb0e024ec38037e3dda70eef65aecfd460dc04cef3de3be,1,RAW-67cd62cfb432f93c,APTnotes,c787a64500137a090ae15c8d57ec34bc4ef13008e8f7673b4ebbeb6b5949fb93,CONTENT_ELIGIBLE,352,3,1,"[""APTnotes""]","[""RAW-67cd62cfb432f93c""]",SINGLETON,False,False
CANON-fed110ddb989b274,fed110ddb989b274dd0e9fc77d73e6dbbd7c0e5c4fca6bd825558c734b07f8ad,1,RAW-dd53a85da5a318c1,APT_CyberCriminal_Campagin_Collections,a825633abadcc26461aec9686b18bff41cb8269d26e7e62eedd417e0ac44c58f,CONTENT_ELIGIBLE,2339,9,1,"[""APT_CyberCriminal_Campagin_Collections""]","[""RAW-dd53a85da5a318c1""]",SINGLETON,False,True
CANON-fedc222ac0e2dfb1,fedc222ac0e2dfb12fc24b657f979fec65e4658fc3ac8ec7250f5302d19aa6cb,1,RAW-88f24a483ca30bc8,APT_CyberCriminal_Campagin_Collections,0d0510fdb3e215fbeb561f4271ab2009177bd8c8021a3296af704a6fadf3343e,CONTENT_ELIGIBLE,2123,8,1,"[""APT_CyberCriminal_Campagin_Collections""]","[""RAW-88f24a483ca30bc8""]",SINGLETON,False,True
CANON-fef3609f41e7904d,fef3609f41e7904d4d446fc06ecc55c4060fcb10789731d5a15f163bfd1b8c2e,1,RAW-96193c50d6b5c811,APTnotes,6dd955e22a41937dec2c2c7b3f74390671657bb9bb649e65c5f3332e18bdc6b7,CONTENT_ELIGIBLE,4298,19,1,"[""APTnotes""]","[""RAW-96193c50d6b5c811""]",SINGLETON,False,True
CANON-ff00f30201383ca9,ff00f30201383ca9b866c29e3d3c766f3c0e89fd6852cbca6943481ed99c52ba,2,RAW-ae23c7fb9b55b2ee,APTnotes,5c3e2df657d16062ea59791a2d330c08fda778d31e1e7e7fbfae51be74705446,CONTENT_ELIGIBLE,10268,24,2,"[""APT_CyberCriminal_Campagin_Collections"",""APTnotes""]","[""RAW-ae23c7fb9b55b2ee"",""RAW-e90593e57e1d432e""]",EXACT_BINARY,True,True
CANON-ff2179257889a601,ff2179257889a6019ef4640b74b69783a1ad0e3faa703e32e656c14e9ea02d38,1,RAW-1ba3c91319f0fbf0,APT_CyberCriminal_Campagin_Collections,ecd5c4465f86e284ea5499161039aef8a94126121633dac2d320300599e79ae6,CONTENT_ELIGIBLE,2288,9,1,"[""APT_CyberCriminal_Campagin_Collections""]","[""RAW-1ba3c91319f0fbf0""]",SINGLETON,False,True
CANON-ff47042fdab124b1,ff47042fdab124b17291f51489af8ee7d29dfc9f2fc8e857ba7d476ffe92bc08,2,RAW-06271ebcae2d1a0b,APTnotes,9c470ab2a5d6e273aba73a358cd5113f6c8b4f832d05243b644a429baea823e7,CONTENT_ELIGIBLE,7340,68,2,"[""APT_CyberCriminal_Campagin_Collections"",""APTnotes""]","[""RAW-06271ebcae2d1a0b"",""RAW-64b609a8670eb0b9""]",EXACT_BINARY,True,True
CANON-ff56dd30aaf1e078,ff56dd30aaf1e078e34e4c059fa1232bda1b1c5c64acdc3f3663ba279e5436fe,2,RAW-99604197f247e440,APTnotes,b8ea12dece45d41e42b15b37ca12c4c6981e0513501fad4406120637ebd4350b,CONTENT_ELIGIBLE,3077,21,2,"[""APT_CyberCriminal_Campagin_Collections"",""APTnotes""]","[""RAW-99604197f247e440"",""RAW-bbbe313b67af0fe8""]",EXACT_BINARY,True,True
CANON-ff686e82538f10e0,ff686e82538f10e01bf206136c9a4478fd4dd11232c79c31a9660f1493c58b58,1,RAW-15d523ecab633052,APT_CyberCriminal_Campagin_Collections,4b27bdaa6e5ff00ab3715bd4ee4353034e949f1b8aa33e59f46afec07e3805fa,CONTENT_ELIGIBLE,2439,15,1,"[""APT_CyberCriminal_Campagin_Collections""]","[""RAW-15d523ecab633052""]",SINGLETON,False,True
CANON-ff96ee2e78f9533d,ff96ee2e78f9533dcbac24befa1231513410eae47f18f905ec2e3aa4ffe428dd,1,RAW-30496a083da5bce0,APT_CyberCriminal_Campagin_Collections,7847ca63f82de17f3a7d47e92481bacee87882fd7e5faf7de044edd4b943f81e,CONTENT_ELIGIBLE,20702,68,1,"[""APT_CyberCriminal_Campagin_Collections""]","[""RAW-30496a083da5bce0""]",SINGLETON,False,True
CANON-ffc2cb80a5cfd4aa,ffc2cb80a5cfd4aa0a628e3507f2f9e7039201de1dcd4fbb29b776fa08db0958,1,RAW-c31c895c8f80482c,APT_CyberCriminal_Campagin_Collections,07634d1785fbfa4b8d1ffc6110beafa137ef68e79fcc47b20a7c232b385cdcf1,CONTENT_ELIGIBLE,146,30,1,"[""APT_CyberCriminal_Campagin_Collections""]","[""RAW-c31c895c8f80482c""]",SINGLETON,False,False
CANON-ffdabb80fceac544,ffdabb80fceac54491120c528aa765d45e7b4253ed77349bd025e57a7d180972,1,RAW-4a0ecabb334c475c,APT_CyberCriminal_Campagin_Collections,acb55bb94574cc741e3a7b4d6e51412cc666fc5da4bf519d8ae69db1321295e1,CONTENT_ELIGIBLE,4085,11,1,"[""APT_CyberCriminal_Campagin_Collections""]","[""RAW-4a0ecabb334c475c""]",SINGLETON,False,True
CANON-ffe34da6679053cf,ffe34da6679053cf8e3be691e13aae7669beed75fb86e5d0974553ead1e77a94,2,RAW-7c286a75c1f084e0,APTnotes,c2dca642d74c4a4fe889d472218d70f6ea467179fc1e5186eb94978c60c1ccc6,CONTENT_ELIGIBLE,3576,62,2,"[""APT_CyberCriminal_Campagin_Collections"",""APTnotes""]","[""RAW-7c286a75c1f084e0"",""RAW-da4673809068198f""]",EXACT_BINARY,True,True
CANON-ffe8bdc647be8835,ffe8bdc647be883548c8cff261e2c6cd36c7516cd09844b5eb42f5cc3cb5feae,1,RAW-5dfd5c451f575b15,APT_CyberCriminal_Campagin_Collections,4ac305f4fab17a5f8e0f60a3e3797f68b3ab99726d7b33983615f4eeddc6e332,CONTENT_ELIGIBLE,4597,17,1,"[""APT_CyberCriminal_Campagin_Collections""]","[""RAW-5dfd5c451f575b15""]",SINGLETON,False,True
