canonical_document_id,year,weight
CANON-00aa93a449cecb5c,2002,0.25
CANON-05baa5c68ddbd0df,2002,0.0106382978723404
CANON-061c179d06edf299,2002,0.0526315789473684
CANON-0c96c71995d3d44b,2002,0.5
CANON-0e5357fa37d5ca7d,2002,0.0441176470588235
CANON-11706239312f8327,2002,0.0526315789473684
CANON-1df65e1349874f98,2002,0.0303030303030303
CANON-2b4e4b67a74dc09c,2002,0.1428571428571428
CANON-2ef9bddc058dfe44,2002,0.1666666666666666
CANON-54787243bddf5922,2002,0.0333333333333333
CANON-67fe6b5ae78589ca,2002,0.0909090909090909
CANON-7a4fd56b8253e152,2002,0.125
CANON-8217bd43f958e318,2002,0.0555555555555555
CANON-877878e4421f881f,2002,0.0909090909090909
CANON-88ead4e9ddfd2fbf,2002,0.0625
CANON-a5b8dfc8572a68dd,2002,0.125
CANON-ad0f5072e4383b12,2002,0.3333333333333333
CANON-aedc2122a84be848,2002,0.0588235294117647
CANON-b30419e13ab717e2,2002,0.0625
CANON-bb89c2d202adbdc1,2002,0.2
CANON-cbcafb31213832f2,2002,0.0555555555555555
CANON-f12799a44e2abf81,2002,0.037037037037037
CANON-f1ceed2605768275,2002,0.0625
CANON-f1f9a4929c6b81f9,2002,0.0416666666666666
CANON-061c179d06edf299,2003,0.0526315789473684
CANON-0c96c71995d3d44b,2003,0.5
CANON-0e5357fa37d5ca7d,2003,0.0147058823529411
CANON-11706239312f8327,2003,0.0526315789473684
CANON-161930fb72207961,2003,0.0909090909090909
CANON-1a30faf9664a0a21,2003,0.0952380952380952
CANON-1df65e1349874f98,2003,0.0303030303030303
CANON-221a572b6850ae88,2003,0.25
CANON-24d5068c54d28756,2003,0.3333333333333333
CANON-40a99349ebb5dc85,2003,0.5
CANON-4a8628f457112d71,2003,0.1
CANON-506477e137a43189,2003,0.1666666666666666
CANON-54787243bddf5922,2003,0.0333333333333333
CANON-56e070f937718c8a,2003,1.0
CANON-57180e22f5b32434,2003,0.0909090909090909
CANON-59b98e12ac06157c,2003,0.1666666666666666
CANON-60666cda91302a86,2003,1.0
CANON-693afda35a571d9d,2003,0.0588235294117647
CANON-744c14b10424b826,2003,0.0625
CANON-7a4fd56b8253e152,2003,0.125
CANON-7c1b6e7e7f47083c,2003,0.0526315789473684
CANON-88ead4e9ddfd2fbf,2003,0.0625
CANON-8952d860d53e7754,2003,0.0227272727272727
CANON-90c569c26aacd68f,2003,0.0909090909090909
CANON-96745d37b3b0c01f,2003,0.25
CANON-967ced924049a675,2003,0.2
CANON-9b52168c514a7613,2003,0.05
CANON-a1ccc7dbf76f17af,2003,0.25
CANON-a6ba6a29a49ee0e8,2003,0.1
CANON-ac0e44c0dd4c8409,2003,0.1666666666666666
CANON-ac0f112809755744,2003,0.2
CANON-ad2f3f90c9ac0c37,2003,1.0
CANON-aedc2122a84be848,2003,0.0588235294117647
CANON-b30419e13ab717e2,2003,0.0625
CANON-b5a58c27f437b943,2003,0.25
CANON-cdc93c418599fb66,2003,1.0
CANON-ee42c8399ca3c638,2003,0.3333333333333333
CANON-ef0ba4e9fb692bbb,2003,0.125
CANON-f12799a44e2abf81,2003,0.037037037037037
CANON-f184439acafe45dd,2003,0.0067567567567567
CANON-f1f9a4929c6b81f9,2003,0.0972222222222222
CANON-fe2523ca8e17075a,2003,1.0
CANON-061c179d06edf299,2004,0.1052631578947368
CANON-0def1e199adfbf0d,2004,0.25
CANON-0e5357fa37d5ca7d,2004,0.0441176470588235
CANON-11706239312f8327,2004,0.0526315789473684
CANON-1a30faf9664a0a21,2004,0.0476190476190476
CANON-1df65e1349874f98,2004,0.0303030303030303
CANON-3c78f567e2e82cc2,2004,0.3333333333333333
CANON-454bdac20c623582,2004,0.0909090909090909
CANON-54787243bddf5922,2004,0.0333333333333333
CANON-57180e22f5b32434,2004,0.0909090909090909
CANON-7513f4210e19b4bf,2004,0.0909090909090909
CANON-80c7f64a7df7150a,2004,0.1428571428571428
CANON-90d6c2da4b86aada,2004,0.0526315789473684
CANON-929bdf92a828ac8d,2004,0.0666666666666666
CANON-94ba57bd83218d6d,2004,0.0833333333333333
CANON-97c38ef07b3173c9,2004,0.0526315789473684
CANON-ad3e97522bc4c030,2004,0.5
CANON-b4ee9b86810626f5,2004,0.0454545454545454
CANON-b50b63c7eae43f6b,2004,0.0714285714285714
CANON-b54b3d1776bfa35e,2004,0.125
CANON-bad9461330d02d51,2004,0.0909090909090909
CANON-bb8cb0fa1309b703,2004,0.1666666666666666
CANON-cb66744cec123208,2004,0.1666666666666666
CANON-da3434008f0b093c,2004,0.5
CANON-eadb734d86d4894a,2004,0.25
CANON-f1f9a4929c6b81f9,2004,0.0972222222222222
CANON-05baa5c68ddbd0df,2005,0.0106382978723404
CANON-061c179d06edf299,2005,0.0526315789473684
CANON-0e5357fa37d5ca7d,2005,0.0294117647058823
CANON-161930fb72207961,2005,0.0909090909090909
CANON-1a30faf9664a0a21,2005,0.0476190476190476
CANON-1df65e1349874f98,2005,0.0303030303030303
CANON-25eef0554677b9e3,2005,0.1111111111111111
CANON-5588ce1433e698ec,2005,0.1666666666666666
CANON-57180e22f5b32434,2005,0.0909090909090909
CANON-5a5e601f549dcfd3,2005,0.3333333333333333
CANON-646a615ff9a3b204,2005,0.0769230769230769
CANON-67fe6b5ae78589ca,2005,0.0909090909090909
CANON-693afda35a571d9d,2005,0.0588235294117647
CANON-6d8e9d851506cb32,2005,0.2
CANON-754e5de2d9aff5e4,2005,0.0126582278481012
CANON-7f6271fa52bce77b,2005,0.2222222222222222
CANON-8260d6ba0f022acf,2005,0.25
CANON-877878e4421f881f,2005,0.0909090909090909
CANON-87d1576d8b76278f,2005,0.1666666666666666
CANON-88ead4e9ddfd2fbf,2005,0.0625
CANON-90c569c26aacd68f,2005,0.0909090909090909
CANON-96745d37b3b0c01f,2005,0.25
CANON-a5b8dfc8572a68dd,2005,0.0625
CANON-b30419e13ab717e2,2005,0.0625
CANON-b46aa83546e752ea,2005,0.0833333333333333
CANON-b4ee9b86810626f5,2005,0.0454545454545454
CANON-b70da120fee4f505,2005,0.3333333333333333
CANON-bad9461330d02d51,2005,0.0909090909090909
CANON-bc923cbd8bbe141c,2005,0.25
CANON-bff01f53832ab7a4,2005,0.25
CANON-c16786b44f2d6b99,2005,0.1666666666666666
CANON-d08d8acf911c805b,2005,0.0476190476190476
CANON-e68bb5559817e9b7,2005,0.25
CANON-edcc48ce555eb135,2005,0.125
CANON-f184439acafe45dd,2005,0.0067567567567567
CANON-f1ceed2605768275,2005,0.0625
CANON-f1f9a4929c6b81f9,2005,0.0694444444444444
CANON-f2455bdcf1836afc,2005,0.0625
CANON-f3af24ffb7c9cfd6,2005,1.0
CANON-061c179d06edf299,2006,0.0526315789473684
CANON-073916a0892452ff,2006,0.0416666666666666
CANON-0e5357fa37d5ca7d,2006,0.0441176470588235
CANON-11706239312f8327,2006,0.1578947368421052
CANON-15b59444b6f3353f,2006,0.0434782608695652
CANON-166bf74a68fb80b5,2006,1.0
CANON-1a30faf9664a0a21,2006,0.0476190476190476
CANON-1df65e1349874f98,2006,0.0303030303030303
CANON-3489536c363e7ab9,2006,0.1111111111111111
CANON-54787243bddf5922,2006,0.0333333333333333
CANON-55d0c21ff542bead,2006,0.1428571428571428
CANON-66e6c3ebd246d4e8,2006,0.0126582278481012
CANON-6ffd0c7f98fee2cf,2006,0.3333333333333333
CANON-704497cba0ed1f5a,2006,0.0333333333333333
CANON-7513f4210e19b4bf,2006,0.1818181818181818
CANON-7a4fd56b8253e152,2006,0.125
CANON-7c1b6e7e7f47083c,2006,0.0526315789473684
CANON-81403f7d7694d2c5,2006,0.1666666666666666
CANON-8217bd43f958e318,2006,0.0555555555555555
CANON-82d6547ff56ef614,2006,0.1666666666666666
CANON-88ead4e9ddfd2fbf,2006,0.125
CANON-8952d860d53e7754,2006,0.0227272727272727
CANON-8f952ca55a6cd126,2006,0.1
CANON-9e4d84f4d466d9ec,2006,0.25
CANON-9fb977bf83c76871,2006,1.0
CANON-a5b8dfc8572a68dd,2006,0.0625
CANON-aaed80c186064a2b,2006,0.2
CANON-aedc2122a84be848,2006,0.0588235294117647
CANON-b30419e13ab717e2,2006,0.125
CANON-b4ee9b86810626f5,2006,0.0454545454545454
CANON-bc923cbd8bbe141c,2006,0.25
CANON-cb4054da160f44a3,2006,0.2
CANON-cf5a40e77895f268,2006,0.1428571428571428
CANON-d2b7075b53475135,2006,0.5
CANON-eac111a73edcb488,2006,0.2
CANON-f1ceed2605768275,2006,0.875
CANON-f1f9a4929c6b81f9,2006,0.1111111111111111
CANON-05baa5c68ddbd0df,2007,0.0106382978723404
CANON-061c179d06edf299,2007,0.0526315789473684
CANON-073916a0892452ff,2007,0.0416666666666666
CANON-0b5d6139d8a0f7dc,2007,0.5
CANON-0e036d934cb7e215,2007,1.0
CANON-0e5357fa37d5ca7d,2007,0.1176470588235294
CANON-11706239312f8327,2007,0.0526315789473684
CANON-15b59444b6f3353f,2007,0.0434782608695652
CANON-175bc6c323bce668,2007,0.1428571428571428
CANON-1797fa84f331da39,2007,0.125
CANON-18eec00648fee919,2007,0.0140845070422535
CANON-1a0c8b244f5d3c04,2007,0.05
CANON-1df65e1349874f98,2007,0.0303030303030303
CANON-209c64bf6b39f769,2007,0.5
CANON-2e22caeef195b872,2007,0.0769230769230769
CANON-35a45cdbfbae87de,2007,0.125
CANON-3626f56fa06a67b3,2007,0.0909090909090909
CANON-3806ccbb66482110,2007,0.25
CANON-3ae30fca4fe64977,2007,0.0833333333333333
CANON-3f45c283c03afc56,2007,1.0
CANON-454bdac20c623582,2007,0.0909090909090909
CANON-45aabfcc1ebe4bc0,2007,0.0454545454545454
CANON-46b3a1e34822218f,2007,1.0
CANON-4709d568b9f057f9,2007,0.25
CANON-4961182fbd4e72d4,2007,0.1428571428571428
CANON-4aa9c97b56a2e249,2007,1.0
CANON-4bc92bb502f16ce8,2007,0.2
CANON-506477e137a43189,2007,0.1666666666666666
CANON-515510fa129f7cde,2007,0.25
CANON-53adc07844cee04e,2007,0.0714285714285714
CANON-54787243bddf5922,2007,0.0666666666666666
CANON-5588ce1433e698ec,2007,0.1666666666666666
CANON-57180e22f5b32434,2007,0.0909090909090909
CANON-5d32e216bddfe257,2007,0.3333333333333333
CANON-5eb251a2a57d8bb5,2007,0.5
CANON-66e6c3ebd246d4e8,2007,0.0126582278481012
CANON-67fe6b5ae78589ca,2007,0.0909090909090909
CANON-692d45a65f7e92a1,2007,0.3333333333333333
CANON-6d8e9d851506cb32,2007,0.2
CANON-704497cba0ed1f5a,2007,0.0333333333333333
CANON-74e46f228304931c,2007,0.1111111111111111
CANON-7513f4210e19b4bf,2007,0.0909090909090909
CANON-754e5de2d9aff5e4,2007,0.0126582278481012
CANON-768218451afa00e2,2007,0.3333333333333333
CANON-7a4fd56b8253e152,2007,0.25
CANON-7da4cb82e9caca23,2007,0.3333333333333333
CANON-7f6271fa52bce77b,2007,0.2222222222222222
CANON-80333b2d67cce137,2007,0.0909090909090909
CANON-80e3effa0701e31c,2007,0.3333333333333333
CANON-81403f7d7694d2c5,2007,0.1666666666666666
CANON-8217bd43f958e318,2007,0.1666666666666666
CANON-82d6547ff56ef614,2007,0.1666666666666666
CANON-84aa5807df1481cc,2007,0.5
CANON-86e036010b2a66eb,2007,0.1
CANON-877878e4421f881f,2007,0.0909090909090909
CANON-88ead4e9ddfd2fbf,2007,0.25
CANON-8952d860d53e7754,2007,0.0227272727272727
CANON-8d8c7fc6041c3b01,2007,0.3333333333333333
CANON-9270a80b4f19283f,2007,0.2
CANON-94392375eccb433a,2007,0.5
CANON-968bad38db309bd5,2007,0.0344827586206896
CANON-9733cab3669838e7,2007,0.0909090909090909
CANON-97c38ef07b3173c9,2007,0.0526315789473684
CANON-a084a46e26670ca4,2007,0.0625
CANON-a1ccc7dbf76f17af,2007,0.25
CANON-a54f20ab2417da3d,2007,0.0625
CANON-a5b8dfc8572a68dd,2007,0.1875
CANON-aaab78e6c38e1696,2007,0.0454545454545454
CANON-aaed80c186064a2b,2007,0.2
CANON-b0894e38482b56ba,2007,0.2
CANON-b30419e13ab717e2,2007,0.25
CANON-b3e3311875246994,2007,0.125
CANON-b50b63c7eae43f6b,2007,0.0714285714285714
CANON-b862bc34c674c93a,2007,0.3333333333333333
CANON-bb69b690e69659bb,2007,0.2
CANON-c46f461ab92cde6d,2007,0.3333333333333333
CANON-cad810a4c216a496,2007,0.2
CANON-cbcafb31213832f2,2007,0.0555555555555555
CANON-d5cf473070d6876d,2007,0.25
CANON-dc9d02bc539c897e,2007,0.0714285714285714
CANON-df0c6b72adddbda2,2007,0.0357142857142857
CANON-e12b1c742bd528d2,2007,0.0666666666666666
CANON-e1815feceb7a28a4,2007,0.5
CANON-e68bb5559817e9b7,2007,0.25
CANON-e7fd3246a1250163,2007,0.3333333333333333
CANON-f12799a44e2abf81,2007,0.037037037037037
CANON-f184439acafe45dd,2007,0.0135135135135135
CANON-f1f9a4929c6b81f9,2007,0.1388888888888889
CANON-f84456392179e488,2007,0.0769230769230769
CANON-f9e72426ba7d244c,2007,0.25
CANON-021f65cb3c07c94d,2008,0.2222222222222222
CANON-04953c58b1c2c721,2008,0.1111111111111111
CANON-05baa5c68ddbd0df,2008,0.0212765957446808
CANON-061c179d06edf299,2008,0.1578947368421052
CANON-073916a0892452ff,2008,0.0416666666666666
CANON-0e5357fa37d5ca7d,2008,0.1323529411764706
CANON-12f28458b7c500c9,2008,0.2
CANON-1470eac5249c96b1,2008,0.2
CANON-15b59444b6f3353f,2008,0.0434782608695652
CANON-161930fb72207961,2008,0.0909090909090909
CANON-19ed40f1b30b08b1,2008,0.5
CANON-1a30faf9664a0a21,2008,0.0476190476190476
CANON-1b08285c830830f9,2008,0.5
CANON-1df65e1349874f98,2008,0.0303030303030303
CANON-1e6cae6b0d83f543,2008,0.2
CANON-2117a67b872e6a34,2008,0.1666666666666666
CANON-2458427f4d90e2f9,2008,0.5
CANON-24d5068c54d28756,2008,0.3333333333333333
CANON-254edb24b4e8be40,2008,0.2
CANON-344b3980a3f4f604,2008,0.0344827586206896
CANON-3b745d313884b00c,2008,0.5
CANON-3c78f567e2e82cc2,2008,0.3333333333333333
CANON-3ef09b323c4a8b11,2008,0.3333333333333333
CANON-40a99349ebb5dc85,2008,0.5
CANON-40b0705000abf1d6,2008,0.0714285714285714
CANON-49c2b85aef2fe03f,2008,0.5
CANON-4a55693d29af9f48,2008,0.25
CANON-4b29cc2e9759e174,2008,0.0769230769230769
CANON-4ddb1b3684e689bd,2008,1.0
CANON-54787243bddf5922,2008,0.0333333333333333
CANON-5588ce1433e698ec,2008,0.1666666666666666
CANON-55d0c21ff542bead,2008,0.2857142857142857
CANON-57180e22f5b32434,2008,0.1818181818181818
CANON-5b10f9b2f4cf2e12,2008,1.0
CANON-5b35f6e05d1120f4,2008,0.5
CANON-61fb8e05d34e28fe,2008,0.1111111111111111
CANON-62588ba5363ad7a0,2008,0.1428571428571428
CANON-646a615ff9a3b204,2008,0.0769230769230769
CANON-66e6c3ebd246d4e8,2008,0.0126582278481012
CANON-673f526b5bac8fcb,2008,0.1428571428571428
CANON-67fe6b5ae78589ca,2008,0.0909090909090909
CANON-693afda35a571d9d,2008,0.0588235294117647
CANON-6ffd0c7f98fee2cf,2008,0.3333333333333333
CANON-704497cba0ed1f5a,2008,0.0333333333333333
CANON-744c14b10424b826,2008,0.0625
CANON-74e46f228304931c,2008,0.1111111111111111
CANON-7513f4210e19b4bf,2008,0.0909090909090909
CANON-754e5de2d9aff5e4,2008,0.0126582278481012
CANON-7a4fd56b8253e152,2008,0.375
CANON-7c1b6e7e7f47083c,2008,0.0526315789473684
CANON-8217bd43f958e318,2008,0.3333333333333333
CANON-82d6547ff56ef614,2008,0.1666666666666666
CANON-86141e354003e39c,2008,0.5
CANON-86e036010b2a66eb,2008,0.1
CANON-877878e4421f881f,2008,0.0909090909090909
CANON-88ead4e9ddfd2fbf,2008,0.0625
CANON-8952d860d53e7754,2008,0.0681818181818181
CANON-89ce856e38542b0b,2008,0.3333333333333333
CANON-8aac5b1e01b2ad62,2008,0.0714285714285714
CANON-90c569c26aacd68f,2008,0.0909090909090909
CANON-91bc42554d42d53e,2008,1.0
CANON-9270a80b4f19283f,2008,0.2
CANON-929bdf92a828ac8d,2008,0.0666666666666666
CANON-946c60075e010a92,2008,0.0833333333333333
CANON-968bad38db309bd5,2008,0.0344827586206896
CANON-993005a47c3b4c62,2008,0.25
CANON-9a3284ab7d238b00,2008,1.0
CANON-9b52168c514a7613,2008,0.1
CANON-9c225195c63654c1,2008,0.0909090909090909
CANON-9c898acfb2f15f12,2008,0.1666666666666666
CANON-9f3853028973177b,2008,0.125
CANON-a0406cb4aa05cc07,2008,0.3333333333333333
CANON-a084a46e26670ca4,2008,0.0625
CANON-a5b8dfc8572a68dd,2008,0.3125
CANON-a7958915da89c588,2008,0.2
CANON-a7cf7bd555a6285e,2008,0.75
CANON-ac0f112809755744,2008,0.2
CANON-b30419e13ab717e2,2008,0.0625
CANON-b54b3d1776bfa35e,2008,0.125
CANON-b5c1de52f5d044e7,2008,0.0344827586206896
CANON-bb11d29a4c8f46f8,2008,0.1666666666666666
CANON-bb89c2d202adbdc1,2008,0.2
CANON-be30edc26e5e58a4,2008,0.2222222222222222
CANON-c9adf4710f5a0096,2008,0.0909090909090909
CANON-cad810a4c216a496,2008,0.2
CANON-cbcafb31213832f2,2008,0.0555555555555555
CANON-cf7239b8d88d1b12,2008,0.0909090909090909
CANON-d08d8acf911c805b,2008,0.0476190476190476
CANON-d2b7075b53475135,2008,0.5
CANON-d84566bc0fe9c517,2008,0.1428571428571428
CANON-d959f9e93dc51aae,2008,0.3333333333333333
CANON-dc8367f2b6d0a68c,2008,0.25
CANON-dcb54e38b3cb8f73,2008,0.1
CANON-df0c6b72adddbda2,2008,0.0357142857142857
CANON-e3ff4a00f3b88bce,2008,0.1666666666666666
CANON-f184439acafe45dd,2008,0.0135135135135135
CANON-f1f9a4929c6b81f9,2008,0.1805555555555555
CANON-f4f8ee2cddeaafe0,2008,0.0588235294117647
CANON-f84456392179e488,2008,0.0769230769230769
CANON-fa4ac977e07b25bf,2008,0.3333333333333333
CANON-fbdd14b8349d331f,2008,0.2222222222222222
CANON-fe71f8c80f5b21d4,2008,0.0625
CANON-ff2179257889a601,2008,0.0769230769230769
CANON-00aa93a449cecb5c,2009,0.25
CANON-01a7ebdbffb32705,2009,0.0476190476190476
CANON-05baa5c68ddbd0df,2009,0.0212765957446808
CANON-073916a0892452ff,2009,0.125
CANON-0a46916fecfed3d1,2009,0.0666666666666666
CANON-0ad55bb54afe9d78,2009,0.5
CANON-0d4a4c14afcdcd18,2009,0.2857142857142857
CANON-0e5357fa37d5ca7d,2009,0.1029411764705882
CANON-11706239312f8327,2009,0.0526315789473684
CANON-13bcca8a7618f80b,2009,0.3333333333333333
CANON-159ab0a91a6e2aeb,2009,0.125
CANON-15b59444b6f3353f,2009,0.0869565217391304
CANON-161930fb72207961,2009,0.0909090909090909
CANON-167cbe0c6ff19640,2009,0.3333333333333333
CANON-1797fa84f331da39,2009,0.125
CANON-18eec00648fee919,2009,0.0140845070422535
CANON-1990eebb8964b8f3,2009,0.1428571428571428
CANON-1a0c8b244f5d3c04,2009,0.1
CANON-1a30faf9664a0a21,2009,0.0476190476190476
CANON-1df65e1349874f98,2009,0.0303030303030303
CANON-1ed5b38ca51cb1e5,2009,0.0625
CANON-1fa605d4a13c5c69,2009,0.125
CANON-254edb24b4e8be40,2009,0.2
CANON-26012fa17f1cdc1d,2009,0.0666666666666666
CANON-2733e2b666c439b4,2009,1.0
CANON-29ad6beed974591b,2009,0.3
CANON-2b411b1e73408696,2009,0.1428571428571428
CANON-2e22caeef195b872,2009,0.0769230769230769
CANON-310ad84a5bad7fef,2009,0.0625
CANON-3489536c363e7ab9,2009,0.1111111111111111
CANON-3992dff57ee23a7c,2009,0.2857142857142857
CANON-3c03b7a8f122c81f,2009,0.4285714285714285
CANON-3d95e3e595b891a6,2009,1.0
CANON-41a4f41b318bf669,2009,0.1428571428571428
CANON-4548f2b45929ab82,2009,0.3333333333333333
CANON-45aabfcc1ebe4bc0,2009,0.0454545454545454
CANON-4961182fbd4e72d4,2009,0.1428571428571428
CANON-4a8628f457112d71,2009,0.1
CANON-5272f6755d3e11eb,2009,0.0833333333333333
CANON-53adc07844cee04e,2009,0.0714285714285714
CANON-54787243bddf5922,2009,0.0333333333333333
CANON-550c24a0ed81d873,2009,0.0588235294117647
CANON-55d0c21ff542bead,2009,0.2857142857142857
CANON-560a8de564e05d38,2009,0.2
CANON-56d0542a645d8da2,2009,0.5
CANON-57180e22f5b32434,2009,0.3636363636363636
CANON-669f90ef27a80953,2009,0.125
CANON-66e6c3ebd246d4e8,2009,0.0126582278481012
CANON-673f526b5bac8fcb,2009,0.4285714285714285
CANON-67fe6b5ae78589ca,2009,0.0909090909090909
CANON-6ffd0c7f98fee2cf,2009,0.3333333333333333
CANON-744c14b10424b826,2009,0.1875
CANON-7513f4210e19b4bf,2009,0.1818181818181818
CANON-754e5de2d9aff5e4,2009,0.0126582278481012
CANON-76428b45fe10dbfe,2009,0.0909090909090909
CANON-78a5e5d24f4a97aa,2009,0.3333333333333333
CANON-7c1b6e7e7f47083c,2009,0.0526315789473684
CANON-7d2be00507a4fa6f,2009,0.0833333333333333
CANON-7f2281310321c54b,2009,0.0833333333333333
CANON-7f6271fa52bce77b,2009,0.2222222222222222
CANON-80c7f64a7df7150a,2009,0.1428571428571428
CANON-81403f7d7694d2c5,2009,0.1666666666666666
CANON-8184f22edc693c2d,2009,0.1428571428571428
CANON-8217bd43f958e318,2009,0.1666666666666666
CANON-832fe2be887c78c1,2009,0.3333333333333333
CANON-84118d9a8917fc75,2009,0.1666666666666666
CANON-854325874f37d9c2,2009,0.2
CANON-877878e4421f881f,2009,0.0909090909090909
CANON-88a91ae73804b90a,2009,0.3333333333333333
CANON-8917efd5558dda6a,2009,0.1666666666666666
CANON-8952d860d53e7754,2009,0.0227272727272727
CANON-89b05d3f8d072acf,2009,0.125
CANON-8aac5b1e01b2ad62,2009,0.0714285714285714
CANON-8cc1cd3b6e8a5e65,2009,0.0833333333333333
CANON-8d8c7fc6041c3b01,2009,0.3333333333333333
CANON-8de829d10e072183,2009,0.25
CANON-90c569c26aacd68f,2009,0.0909090909090909
CANON-9217efdaa1a7cdfd,2009,0.0416666666666666
CANON-99c11cc7e1dbf54c,2009,0.125
CANON-9b52168c514a7613,2009,0.25
CANON-a084a46e26670ca4,2009,0.25
CANON-a0bd64e670bc6181,2009,0.1666666666666666
CANON-a12eeb93af4c7484,2009,0.2
CANON-a15b891c98ab536c,2009,0.3333333333333333
CANON-a2cee5f3b4d6f9d1,2009,0.3333333333333333
CANON-a3059d85ffc003eb,2009,0.0204081632653061
CANON-a5b8dfc8572a68dd,2009,0.125
CANON-a6ba6a29a49ee0e8,2009,0.1
CANON-a9681e3b2b39c098,2009,0.0666666666666666
CANON-aaab78e6c38e1696,2009,0.0454545454545454
CANON-aaed80c186064a2b,2009,0.2
CANON-b54b3d1776bfa35e,2009,0.125
CANON-ba2b47b3a22d42e0,2009,0.2
CANON-badcd2940575cee4,2009,0.2
CANON-bcfb459ab91ea39f,2009,0.3333333333333333
CANON-bd9aed2db0009df1,2009,0.7333333333333333
CANON-be5e5a70ad1593cf,2009,0.5
CANON-c049c8721732bbe2,2009,0.3333333333333333
CANON-c16786b44f2d6b99,2009,0.1666666666666666
CANON-c4d4a57220fd5626,2009,0.5
CANON-c55fc9a090a96384,2009,0.1428571428571428
CANON-cb536858287c75a4,2009,0.0909090909090909
CANON-cbcafb31213832f2,2009,0.0555555555555555
CANON-ccf3e0ac4e72f534,2009,0.2
CANON-cd1f50ba0c6ade20,2009,0.2857142857142857
CANON-cf7239b8d88d1b12,2009,0.0909090909090909
CANON-cfd50d6a7b13fbb7,2009,0.25
CANON-cffc33574a2c349c,2009,0.0833333333333333
CANON-d1579a6c92b8c3f4,2009,0.3333333333333333
CANON-d1c29f20fc6ec4f6,2009,0.0416666666666666
CANON-d5f968113367da93,2009,0.25
CANON-d995d1610bc23516,2009,0.25
CANON-dc8367f2b6d0a68c,2009,0.125
CANON-dcb54e38b3cb8f73,2009,0.1
CANON-df5254773330bfeb,2009,0.0588235294117647
CANON-e12b1c742bd528d2,2009,0.0666666666666666
CANON-e551a62a87d4c2da,2009,0.2
CANON-e68bb5559817e9b7,2009,0.25
CANON-ea285c0d0fa75f89,2009,0.1428571428571428
CANON-ed068e7a2f5a9876,2009,0.0588235294117647
CANON-ef074ca33dc3d17b,2009,0.5
CANON-f184439acafe45dd,2009,0.0337837837837837
CANON-f1f9a4929c6b81f9,2009,0.0833333333333333
CANON-f2455bdcf1836afc,2009,0.0625
CANON-f489d51f9bd95125,2009,0.1111111111111111
CANON-f561ff33daa0a2ad,2009,0.2857142857142857
CANON-f8d6cff81657d1e6,2009,0.2
CANON-fbdd14b8349d331f,2009,0.1111111111111111
CANON-ff2179257889a601,2009,0.0769230769230769
CANON-ff96ee2e78f9533d,2009,0.1666666666666666
CANON-018e393893a134a0,2010,0.0454545454545454
CANON-01a7ebdbffb32705,2010,0.0952380952380952
CANON-04953c58b1c2c721,2010,0.1111111111111111
CANON-05baa5c68ddbd0df,2010,0.0212765957446808
CANON-05dd68c968fb587e,2010,0.5
CANON-0614efa61e81250c,2010,0.2
CANON-073916a0892452ff,2010,0.0416666666666666
CANON-07a52f4aa3c8b6ca,2010,0.25
CANON-0c8efdfef7fd45a3,2010,1.0
CANON-0ca40cf9cee62a38,2010,0.5
CANON-0d4a4c14afcdcd18,2010,0.2857142857142857
CANON-0e5357fa37d5ca7d,2010,0.1176470588235294
CANON-0f0eec83dac3de17,2010,0.5
CANON-11706239312f8327,2010,0.0526315789473684
CANON-117616953ffeb06d,2010,0.0909090909090909
CANON-12531a076ddeba18,2010,0.5
CANON-12f28458b7c500c9,2010,0.4
CANON-14172b08add3a36c,2010,0.1111111111111111
CANON-1470eac5249c96b1,2010,0.2
CANON-15b59444b6f3353f,2010,0.0434782608695652
CANON-168b1e5aeb59d137,2010,0.3333333333333333
CANON-170bc0b0ab14f69d,2010,0.25
CANON-18b6a9bf786b88fe,2010,0.1666666666666666
CANON-18eec00648fee919,2010,0.028169014084507
CANON-1a0c8b244f5d3c04,2010,0.05
CANON-1a30faf9664a0a21,2010,0.0476190476190476
CANON-1dcf88cc549f0d67,2010,0.5
CANON-1df65e1349874f98,2010,0.0303030303030303
CANON-1ed5b38ca51cb1e5,2010,0.125
CANON-2117a67b872e6a34,2010,0.1666666666666666
CANON-22e29a8fa6f3d360,2010,0.0833333333333333
CANON-23265b33f7c33993,2010,0.0606060606060606
CANON-254edb24b4e8be40,2010,0.2
CANON-25eef0554677b9e3,2010,0.1111111111111111
CANON-2621b79067996813,2010,0.25
CANON-2622d4be95172ced,2010,0.25
CANON-29113d0672f8ca45,2010,0.25
CANON-2ab42ca4cd6b1ba1,2010,0.3333333333333333
CANON-2b411b1e73408696,2010,0.1428571428571428
CANON-2e22caeef195b872,2010,0.0769230769230769
CANON-2f5647aae51bfd33,2010,0.1428571428571428
CANON-32158f947a931639,2010,1.0
CANON-3489536c363e7ab9,2010,0.7777777777777777
CANON-3570c230a7575917,2010,0.2
CANON-3626f56fa06a67b3,2010,0.1818181818181818
CANON-371c004bfad796c8,2010,0.25
CANON-3992dff57ee23a7c,2010,0.1428571428571428
CANON-3ccf102074aa2663,2010,1.0
CANON-3e17571b7511005f,2010,0.5
CANON-41c9d2850ca447ef,2010,0.5
CANON-43c4fd3375965ebf,2010,0.0555555555555555
CANON-454bdac20c623582,2010,0.0909090909090909
CANON-45aabfcc1ebe4bc0,2010,0.0909090909090909
CANON-4961182fbd4e72d4,2010,0.7142857142857142
CANON-4b29cc2e9759e174,2010,0.0769230769230769
CANON-4bc92bb502f16ce8,2010,0.2
CANON-4e543c8fe4a5a0d0,2010,0.125
CANON-506477e137a43189,2010,0.1666666666666666
CANON-51b58aa45a8695a0,2010,0.3333333333333333
CANON-53989f8bf511d501,2010,0.3333333333333333
CANON-54787243bddf5922,2010,0.0333333333333333
CANON-55d0c21ff542bead,2010,0.2857142857142857
CANON-57180e22f5b32434,2010,0.0909090909090909
CANON-590abaae10175146,2010,0.1428571428571428
CANON-5c552886c8b09b37,2010,0.3333333333333333
CANON-5cbb18f8f0a742ab,2010,0.2
CANON-5f9af7265c235ffb,2010,0.0217391304347826
CANON-60ce91761ec88b45,2010,0.375
CANON-673f526b5bac8fcb,2010,0.2857142857142857
CANON-67fe6b5ae78589ca,2010,0.0909090909090909
CANON-693afda35a571d9d,2010,0.1176470588235294
CANON-6d0ffbe0848958bd,2010,0.1428571428571428
CANON-6d8e9d851506cb32,2010,0.4
CANON-704497cba0ed1f5a,2010,0.1
CANON-71620cbf87a8a7e0,2010,0.3333333333333333
CANON-7192ea6fb6eec47b,2010,0.0833333333333333
CANON-744c14b10424b826,2010,0.25
CANON-74e46f228304931c,2010,0.1111111111111111
CANON-78a5e5d24f4a97aa,2010,0.6666666666666666
CANON-7aa4ba583898939d,2010,0.0666666666666666
CANON-7c1b6e7e7f47083c,2010,0.0526315789473684
CANON-7d2be00507a4fa6f,2010,0.0833333333333333
CANON-7da4cb82e9caca23,2010,0.3333333333333333
CANON-7f6271fa52bce77b,2010,0.2222222222222222
CANON-81403f7d7694d2c5,2010,0.1666666666666666
CANON-82d6547ff56ef614,2010,0.3333333333333333
CANON-82f860f22e9cab1f,2010,0.2
CANON-854325874f37d9c2,2010,0.2
CANON-8952d860d53e7754,2010,0.0681818181818181
CANON-897297c6f18f550a,2010,0.25
CANON-8cc1cd3b6e8a5e65,2010,0.0833333333333333
CANON-8cc65bc110f393cd,2010,1.0
CANON-8e950781725af7a5,2010,0.5
CANON-928acaf6ebf312c3,2010,0.5
CANON-929bdf92a828ac8d,2010,0.0666666666666666
CANON-946c60075e010a92,2010,0.0833333333333333
CANON-94dbab4e066be401,2010,0.125
CANON-95007562b9856037,2010,0.5
CANON-964a0ed891ebca98,2010,0.2
CANON-9809ddad43211dfd,2010,0.6000000000000001
CANON-9b1001b96d6aa5e4,2010,1.0
CANON-9b52168c514a7613,2010,0.5
CANON-9b67f150a7e97f98,2010,0.25
CANON-9c225195c63654c1,2010,0.0909090909090909
CANON-9ea936ace68a225e,2010,0.5
CANON-a06b4ced9deef96e,2010,0.5
CANON-a084a46e26670ca4,2010,0.1875
CANON-a1ccc7dbf76f17af,2010,0.25
CANON-a3733c82b24e3477,2010,0.5
CANON-a5a6506744dd9066,2010,0.25
CANON-aaab78e6c38e1696,2010,0.0909090909090909
CANON-aaed80c186064a2b,2010,0.2
CANON-ad3703817ae2974f,2010,0.1333333333333333
CANON-ad9473407749c546,2010,0.1666666666666666
CANON-ade503ac2eb28c47,2010,0.3333333333333333
CANON-b0894e38482b56ba,2010,0.2
CANON-b1308331dab2b9ba,2010,1.0
CANON-b46aa83546e752ea,2010,0.0833333333333333
CANON-b50b63c7eae43f6b,2010,0.0714285714285714
CANON-bad9461330d02d51,2010,0.1818181818181818
CANON-bb69b690e69659bb,2010,0.2
CANON-bd9aed2db0009df1,2010,0.2666666666666666
CANON-be77505d7691f195,2010,0.25
CANON-bff01f53832ab7a4,2010,0.25
CANON-c55fc9a090a96384,2010,0.1428571428571428
CANON-c9b51563bab472a4,2010,0.1
CANON-cb536858287c75a4,2010,0.0909090909090909
CANON-ccf3e0ac4e72f534,2010,0.04
CANON-d2383ac9833a66ce,2010,1.0
CANON-d366f8d5951479df,2010,0.4285714285714285
CANON-d3eefe0272e2f2b8,2010,0.5
CANON-d6e7cc2e23ea77ef,2010,0.25
CANON-d995d1610bc23516,2010,0.375
CANON-da9f9a7bf164b5be,2010,0.25
CANON-dc8367f2b6d0a68c,2010,0.125
CANON-dcb54e38b3cb8f73,2010,0.05
CANON-df5254773330bfeb,2010,0.0588235294117647
CANON-dfffa7e9334d3f4a,2010,0.0909090909090909
CANON-e12b1c742bd528d2,2010,0.0666666666666666
CANON-e551a62a87d4c2da,2010,0.2
CANON-e63a7bc51aa34540,2010,0.3333333333333333
CANON-e68bb5559817e9b7,2010,0.125
CANON-eac111a73edcb488,2010,0.2
CANON-eb2cf9e2befb8739,2010,0.5
CANON-ed068e7a2f5a9876,2010,0.1176470588235294
CANON-ef0ba4e9fb692bbb,2010,0.125
CANON-ef7255fdd4605637,2010,0.2
CANON-f12799a44e2abf81,2010,0.037037037037037
CANON-f184439acafe45dd,2010,0.0202702702702702
CANON-f2dcc5a4f963066e,2010,0.3333333333333333
CANON-f561ff33daa0a2ad,2010,0.1428571428571428
CANON-fa3d0582684c8e9a,2010,0.1
CANON-fbdd14b8349d331f,2010,0.1111111111111111
CANON-ff00f30201383ca9,2010,0.1
CANON-ff2179257889a601,2010,0.0769230769230769
CANON-ff96ee2e78f9533d,2010,0.0833333333333333
CANON-00aa93a449cecb5c,2011,0.25
CANON-05baa5c68ddbd0df,2011,0.0319148936170212
CANON-060b5755623aa979,2011,0.2
CANON-073916a0892452ff,2011,0.2083333333333333
CANON-07d946945cbabe1a,2011,1.0
CANON-093f1993a308de2a,2011,0.2
CANON-0d4a4c14afcdcd18,2011,0.1428571428571428
CANON-0db80a520878d406,2011,0.5
CANON-0def1e199adfbf0d,2011,0.25
CANON-0df0f1357d9efe99,2011,0.3333333333333333
CANON-0dfd6a04f3027e1f,2011,1.0
CANON-0e5357fa37d5ca7d,2011,0.1323529411764706
CANON-0ecea800d61f4383,2011,0.1666666666666666
CANON-11706239312f8327,2011,0.1052631578947368
CANON-154b886504753932,2011,0.3333333333333333
CANON-15b59444b6f3353f,2011,0.1739130434782608
CANON-161930fb72207961,2011,0.0909090909090909
CANON-170bc0b0ab14f69d,2011,0.25
CANON-1797fa84f331da39,2011,0.125
CANON-18eec00648fee919,2011,0.2112676056338028
CANON-19ed40f1b30b08b1,2011,0.5
CANON-1a0c8b244f5d3c04,2011,0.15
CANON-1a30faf9664a0a21,2011,0.0476190476190476
CANON-1b08285c830830f9,2011,0.5
CANON-1bc83efe95ad09e6,2011,0.5
CANON-1c05128919ac783f,2011,0.3333333333333333
CANON-1df65e1349874f98,2011,0.0606060606060606
CANON-1ed5b38ca51cb1e5,2011,0.125
CANON-1f68d9707bf11389,2011,0.1428571428571428
CANON-1fd6623f0e6f618d,2011,0.0769230769230769
CANON-22a969489fc23b3a,2011,0.1111111111111111
CANON-2458427f4d90e2f9,2011,0.5
CANON-2705b3c5717f1e65,2011,1.0
CANON-277fabcb05ed10ba,2011,0.3333333333333333
CANON-27e847d6cc8578a0,2011,0.1818181818181818
CANON-28c9a0ff07eadce9,2011,0.1666666666666666
CANON-29982d8bc186732b,2011,0.5
CANON-29ad6beed974591b,2011,0.2
CANON-2b411b1e73408696,2011,0.2857142857142857
CANON-2b4e4b67a74dc09c,2011,0.1428571428571428
CANON-2bdfeaf4168aa879,2011,0.3333333333333333
CANON-2e0ed5eb4e52ef00,2011,0.75
CANON-2e82a0befb02ab3e,2011,1.0
CANON-2ef9bddc058dfe44,2011,0.1666666666666666
CANON-310ad84a5bad7fef,2011,0.0625
CANON-3142fcfce6699331,2011,0.1538461538461538
CANON-3626f56fa06a67b3,2011,0.1818181818181818
CANON-3965a4975152f592,2011,0.3333333333333333
CANON-3ae30fca4fe64977,2011,0.0833333333333333
CANON-3c04f597f3236fcf,2011,0.1666666666666666
CANON-3c3113d6edcc14b7,2011,0.3333333333333333
CANON-41a4f41b318bf669,2011,0.1428571428571428
CANON-41c66fdf2b3ad358,2011,0.5
CANON-4243fc4c18251e10,2011,1.0
CANON-42d74d0a32271aa2,2011,0.5
CANON-44d1394933b71985,2011,0.1428571428571428
CANON-454bdac20c623582,2011,0.0909090909090909
CANON-45aabfcc1ebe4bc0,2011,0.1363636363636363
CANON-4653db44a4cd6737,2011,0.25
CANON-4727683d9596d36b,2011,1.0
CANON-4761818aa1d1929f,2011,0.0526315789473684
CANON-4d7447fa51b2d90e,2011,0.25
CANON-506477e137a43189,2011,0.1666666666666666
CANON-53989f8bf511d501,2011,0.3333333333333333
CANON-54787243bddf5922,2011,0.0333333333333333
CANON-550c24a0ed81d873,2011,0.0588235294117647
CANON-5597bdd394cc0816,2011,1.0
CANON-55e4be04a34fbe47,2011,0.1428571428571428
CANON-56389af1913333d4,2011,0.3333333333333333
CANON-590abaae10175146,2011,0.2857142857142857
CANON-59e00215d6c940e6,2011,0.3333333333333333
CANON-5ad72eb1b56fb6b1,2011,0.25
CANON-5c552886c8b09b37,2011,0.6666666666666666
CANON-5cceac374c047991,2011,0.0909090909090909
CANON-5ead926cce284177,2011,1.0
CANON-5f9af7265c235ffb,2011,0.0217391304347826
CANON-5ff62d77ff72d786,2011,0.1333333333333333
CANON-60ce91761ec88b45,2011,0.125
CANON-646a615ff9a3b204,2011,0.0769230769230769
CANON-65c9ba718108f9c3,2011,0.0909090909090909
CANON-65ff5519af0a6a6a,2011,1.0
CANON-673f526b5bac8fcb,2011,0.1428571428571428
CANON-67fe6b5ae78589ca,2011,0.1818181818181818
CANON-6d8e9d851506cb32,2011,0.2
CANON-704497cba0ed1f5a,2011,0.0333333333333333
CANON-71620cbf87a8a7e0,2011,0.3333333333333333
CANON-72d11e9c70fe0cc2,2011,0.5
CANON-7445d2857111339e,2011,0.1666666666666666
CANON-744c14b10424b826,2011,0.3125
CANON-748e943bc542798b,2011,0.5
CANON-7513f4210e19b4bf,2011,0.0909090909090909
CANON-754e5de2d9aff5e4,2011,0.0253164556962025
CANON-768218451afa00e2,2011,0.3333333333333333
CANON-7c1b6e7e7f47083c,2011,0.0526315789473684
CANON-7f2281310321c54b,2011,0.0833333333333333
CANON-80f632f78e3572c8,2011,0.5
CANON-82d6547ff56ef614,2011,0.1666666666666666
CANON-83a716d669171735,2011,1.0
CANON-854325874f37d9c2,2011,0.2
CANON-87d1576d8b76278f,2011,0.1666666666666666
CANON-8917efd5558dda6a,2011,0.1666666666666666
CANON-894100118e2aab42,2011,0.1428571428571428
CANON-8952d860d53e7754,2011,0.0227272727272727
CANON-897297c6f18f550a,2011,0.25
CANON-89b05d3f8d072acf,2011,0.125
CANON-8aac5b1e01b2ad62,2011,0.0714285714285714
CANON-8b470ce3b066f3f2,2011,0.375
CANON-8d8c7fc6041c3b01,2011,0.3333333333333333
CANON-90c569c26aacd68f,2011,0.0909090909090909
CANON-9217efdaa1a7cdfd,2011,0.0416666666666666
CANON-9270a80b4f19283f,2011,0.2
CANON-94dbab4e066be401,2011,0.125
CANON-968bad38db309bd5,2011,0.0344827586206896
CANON-97c38ef07b3173c9,2011,0.0526315789473684
CANON-9876eba64c73548d,2011,0.0434782608695652
CANON-9caa06ae1c7b2b5a,2011,0.2
CANON-9e3e8c3d819fd936,2011,1.0
CANON-a084a46e26670ca4,2011,0.375
CANON-a0bd64e670bc6181,2011,0.1666666666666666
CANON-a1ccc7dbf76f17af,2011,0.25
CANON-a220f95d428e7a8e,2011,1.0
CANON-a346851e86377d33,2011,0.5
CANON-a3733c82b24e3477,2011,0.5
CANON-a4581ee1ad04846d,2011,0.5
CANON-a7cf7bd555a6285e,2011,0.125
CANON-a7ee7d001b3fad32,2011,0.5
CANON-a9629e4ad47fe02a,2011,1.0
CANON-aaab78e6c38e1696,2011,0.1363636363636363
CANON-ab797a1d0dfe6517,2011,0.3333333333333333
CANON-ad3703817ae2974f,2011,0.0666666666666666
CANON-ad9473407749c546,2011,0.1666666666666666
CANON-b0894e38482b56ba,2011,0.2
CANON-b2f490ba40522757,2011,0.25
CANON-b4ee9b86810626f5,2011,0.0454545454545454
CANON-b6e717709f698d76,2011,0.4
CANON-ba17338a2209db47,2011,0.1666666666666666
CANON-bad9461330d02d51,2011,0.1818181818181818
CANON-badcd2940575cee4,2011,0.2
CANON-bc07da32cac49dd9,2011,0.3333333333333333
CANON-bc1a347190914cb4,2011,0.5
CANON-bc923cbd8bbe141c,2011,0.25
CANON-be55c0e4c920ae63,2011,0.5
CANON-c3c65b447cfb43c7,2011,0.2
CANON-c46f461ab92cde6d,2011,0.3333333333333333
CANON-c55fc9a090a96384,2011,0.2857142857142857
CANON-c6712aeefd39a436,2011,0.3333333333333333
CANON-cad810a4c216a496,2011,0.2
CANON-cbc3b4625e259ac6,2011,0.3333333333333333
CANON-cbcafb31213832f2,2011,0.0555555555555555
CANON-ccf3e0ac4e72f534,2011,0.12
CANON-cd1f50ba0c6ade20,2011,0.4285714285714285
CANON-cdd6f1c9d5f94524,2011,1.0
CANON-cf5a40e77895f268,2011,0.2857142857142857
CANON-cfd50d6a7b13fbb7,2011,0.25
CANON-d1c29f20fc6ec4f6,2011,0.0416666666666666
CANON-d1c630d2f058b5cd,2011,0.25
CANON-d1fbd0127c57ce4e,2011,0.125
CANON-d232f556e68a4e13,2011,0.5
CANON-d366f8d5951479df,2011,0.1428571428571428
CANON-d3eefe0272e2f2b8,2011,0.5
CANON-d959f9e93dc51aae,2011,0.3333333333333333
CANON-d995d1610bc23516,2011,0.25
CANON-db8c316da0145024,2011,0.3333333333333333
CANON-dc8367f2b6d0a68c,2011,0.125
CANON-dc9d02bc539c897e,2011,0.0714285714285714
CANON-dcb54e38b3cb8f73,2011,0.1
CANON-df0c6b72adddbda2,2011,0.0357142857142857
CANON-df5254773330bfeb,2011,0.0588235294117647
CANON-df57652943d6bfad,2011,0.2
CANON-e10d63aae5a75d1e,2011,0.3333333333333333
CANON-e12b1c742bd528d2,2011,0.0666666666666666
CANON-e2c2c458e1debd26,2011,1.0
CANON-e2ed4ac613f3b23f,2011,0.1428571428571428
CANON-e551a62a87d4c2da,2011,0.2
CANON-ea285c0d0fa75f89,2011,0.1428571428571428
CANON-eadbbd3a5b0f3b79,2011,0.25
CANON-ed068e7a2f5a9876,2011,0.1176470588235294
CANON-f12799a44e2abf81,2011,0.074074074074074
CANON-f184439acafe45dd,2011,0.0337837837837837
CANON-f2455bdcf1836afc,2011,0.0625
CANON-f899d8f66622e9d0,2011,0.5
CANON-fbdd14b8349d331f,2011,0.5555555555555556
CANON-fe51566d84483a9c,2011,0.5
CANON-ff00f30201383ca9,2011,0.9
CANON-ff47042fdab124b1,2011,0.2903225806451612
CANON-ff96ee2e78f9533d,2011,0.0833333333333333
CANON-00cfa556de3ad8c2,2012,0.0384615384615384
CANON-0125d8ecf108d7fa,2012,0.1428571428571428
CANON-018e393893a134a0,2012,0.0454545454545454
CANON-01a7ebdbffb32705,2012,0.1428571428571428
CANON-02fa8225cc38d4fd,2012,0.3333333333333333
CANON-05baa5c68ddbd0df,2012,0.1808510638297872
CANON-05dd68c968fb587e,2012,0.5
CANON-060b5755623aa979,2012,0.4
CANON-073916a0892452ff,2012,0.1666666666666666
CANON-07a52f4aa3c8b6ca,2012,0.5
CANON-0c4231f046b3efaf,2012,0.3333333333333333
CANON-0d4a4c14afcdcd18,2012,0.2857142857142857
CANON-0db80a520878d406,2012,0.5
CANON-0df0f1357d9efe99,2012,0.3333333333333333
CANON-0f16a8a3bdd2ebda,2012,0.3333333333333333
CANON-11706239312f8327,2012,0.1578947368421052
CANON-117616953ffeb06d,2012,0.5909090909090909
CANON-128c8fd0b346abd1,2012,1.0
CANON-13ce589f6e13333e,2012,0.2
CANON-141744b4951c729a,2012,0.3333333333333333
CANON-1470eac5249c96b1,2012,0.4
CANON-154b886504753932,2012,0.3333333333333333
CANON-15afe5dce76f442a,2012,0.3333333333333333
CANON-15b59444b6f3353f,2012,0.1739130434782608
CANON-161930fb72207961,2012,0.1818181818181818
CANON-176e3c8fe87bc7d4,2012,1.0
CANON-1797fa84f331da39,2012,0.5
CANON-18eec00648fee919,2012,0.3380281690140845
CANON-1990eebb8964b8f3,2012,0.2857142857142857
CANON-1a0c8b244f5d3c04,2012,0.1
CANON-1b49a29790817141,2012,0.5
CANON-1d6126bd4bb4dd0e,2012,1.0
CANON-1dcf88cc549f0d67,2012,0.5
CANON-1df65e1349874f98,2012,0.0606060606060606
CANON-1ed5b38ca51cb1e5,2012,0.1875
CANON-1f68d9707bf11389,2012,0.1428571428571428
CANON-1fd6623f0e6f618d,2012,0.0769230769230769
CANON-2117a67b872e6a34,2012,0.1666666666666666
CANON-22a969489fc23b3a,2012,0.1111111111111111
CANON-24667157797e159f,2012,0.25
CANON-25eef0554677b9e3,2012,0.3333333333333333
CANON-27e847d6cc8578a0,2012,0.1818181818181818
CANON-28c9a0ff07eadce9,2012,0.5
CANON-2900326af3b784c7,2012,0.5
CANON-29ad6beed974591b,2012,0.2
CANON-2b411b1e73408696,2012,0.2857142857142857
CANON-2bffe570676228ab,2012,0.1666666666666666
CANON-3142fcfce6699331,2012,0.3076923076923077
CANON-3222b3c4aa88e86c,2012,0.1428571428571428
CANON-3515345338049be9,2012,0.5
CANON-35449d62df625e4c,2012,1.0
CANON-35a45cdbfbae87de,2012,0.125
CANON-3626f56fa06a67b3,2012,0.4545454545454546
CANON-3992dff57ee23a7c,2012,0.1428571428571428
CANON-3cc32f995aa32f06,2012,0.3333333333333333
CANON-3d296e34a8e100fb,2012,0.1111111111111111
CANON-4001e452f851083c,2012,0.5294117647058824
CANON-40af2e5a3b625e27,2012,1.0
CANON-41a4f41b318bf669,2012,0.4285714285714285
CANON-42f624a37e4a969b,2012,0.2
CANON-44d1394933b71985,2012,0.2857142857142857
CANON-45aabfcc1ebe4bc0,2012,0.0909090909090909
CANON-4b29cc2e9759e174,2012,0.0769230769230769
CANON-4bc92bb502f16ce8,2012,0.4
CANON-4d7447fa51b2d90e,2012,0.25
CANON-515510fa129f7cde,2012,0.25
CANON-51581de0373db950,2012,1.0
CANON-51ecf6fa56207b71,2012,0.1428571428571428
CANON-5272f6755d3e11eb,2012,0.0833333333333333
CANON-53adc07844cee04e,2012,0.0714285714285714
CANON-54787243bddf5922,2012,0.0333333333333333
CANON-55e4be04a34fbe47,2012,0.1428571428571428
CANON-56389af1913333d4,2012,0.3333333333333333
CANON-568ea3347b0c2c00,2012,0.3333333333333333
CANON-5774c6cd826c65a6,2012,0.25
CANON-590abaae10175146,2012,0.1428571428571428
CANON-59b9616bf3ee4709,2012,0.2307692307692307
CANON-59dddba383376e25,2012,1.0
CANON-5b35f6e05d1120f4,2012,0.5
CANON-5bb1251000dd2938,2012,0.3333333333333333
CANON-5d32e216bddfe257,2012,0.3333333333333333
CANON-5e30e92255c26e64,2012,0.6000000000000001
CANON-5ff62d77ff72d786,2012,0.0666666666666666
CANON-60ce91761ec88b45,2012,0.25
CANON-61fb8e05d34e28fe,2012,0.1111111111111111
CANON-646a615ff9a3b204,2012,0.2307692307692307
CANON-66e6c3ebd246d4e8,2012,0.0126582278481012
CANON-671311e15a1db888,2012,0.5
CANON-67fe6b5ae78589ca,2012,0.0909090909090909
CANON-692d45a65f7e92a1,2012,0.3333333333333333
CANON-693afda35a571d9d,2012,0.1764705882352941
CANON-704497cba0ed1f5a,2012,0.0333333333333333
CANON-7192ea6fb6eec47b,2012,0.0833333333333333
CANON-7445d2857111339e,2012,0.1666666666666666
CANON-744c14b10424b826,2012,0.0625
CANON-74e46f228304931c,2012,0.1111111111111111
CANON-7513f4210e19b4bf,2012,0.1818181818181818
CANON-754e5de2d9aff5e4,2012,0.0126582278481012
CANON-75fcf9022179a7d1,2012,0.2
CANON-76b58ebcec5d9c69,2012,0.25
CANON-783d8b6dcba8e0bb,2012,0.4
CANON-7bd9e760bf8037db,2012,0.1111111111111111
CANON-7c1b6e7e7f47083c,2012,0.2631578947368421
CANON-7d2be00507a4fa6f,2012,0.0833333333333333
CANON-7f2281310321c54b,2012,0.0833333333333333
CANON-7f6271fa52bce77b,2012,0.1111111111111111
CANON-80281f5998c4bac3,2012,0.0625
CANON-826f9816accc1a3b,2012,0.125
CANON-827d270d6648caa3,2012,0.5
CANON-83f50b37da536546,2012,0.5
CANON-84aa5807df1481cc,2012,0.5
CANON-84ae9b3e85208a83,2012,1.0
CANON-852028cf0730311c,2012,0.0588235294117647
CANON-854325874f37d9c2,2012,0.2
CANON-858d6e7056006d0f,2012,0.25
CANON-8599e324945b4d2d,2012,0.025
CANON-8917efd5558dda6a,2012,0.1666666666666666
CANON-8952d860d53e7754,2012,0.0227272727272727
CANON-897297c6f18f550a,2012,0.125
CANON-89b05d3f8d072acf,2012,0.125
CANON-8b470ce3b066f3f2,2012,0.5
CANON-8cc1cd3b6e8a5e65,2012,0.0833333333333333
CANON-8e950781725af7a5,2012,0.5
CANON-8ece5f86472a3b69,2012,0.5
CANON-8f55c56d57d3837a,2012,0.3076923076923077
CANON-8fcfa97f59c9e13a,2012,0.1111111111111111
CANON-90c569c26aacd68f,2012,0.1818181818181818
CANON-917b1253b8f54c20,2012,1.0
CANON-9217efdaa1a7cdfd,2012,0.0833333333333333
CANON-929bdf92a828ac8d,2012,0.2666666666666666
CANON-932da1cea758aae3,2012,0.1111111111111111
CANON-94624600bcccd2e4,2012,0.0909090909090909
CANON-946c60075e010a92,2012,0.0833333333333333
CANON-94c69da761552432,2012,1.0
CANON-96745d37b3b0c01f,2012,0.25
CANON-968bad38db309bd5,2012,0.0689655172413793
CANON-97c38ef07b3173c9,2012,0.0526315789473684
CANON-9809ddad43211dfd,2012,0.4
CANON-9876eba64c73548d,2012,0.0434782608695652
CANON-987f61ba9dd8700f,2012,0.3333333333333333
CANON-99321eec95f7964b,2012,0.25
CANON-99f9a24162556f90,2012,0.3333333333333333
CANON-9a5189ff9a44eb8c,2012,0.5
CANON-9b52168c514a7613,2012,0.05
CANON-9b67f150a7e97f98,2012,0.5
CANON-9c5836fc8654ded0,2012,0.125
CANON-9db8fd32e008c01e,2012,0.3333333333333333
CANON-9e5a50cce2816d0e,2012,0.2
CANON-9f684de9ad4de2c8,2012,0.6666666666666666
CANON-9f6cf95098ea6743,2012,0.1428571428571428
CANON-9f72e5470f33b5bd,2012,0.4
CANON-a0bd64e670bc6181,2012,0.1666666666666666
CANON-a12a74f7cb26476c,2012,0.1428571428571428
CANON-a12eeb93af4c7484,2012,0.1
CANON-a6f71746fb54346f,2012,0.3333333333333333
CANON-a6fc07a786de7f63,2012,1.0
CANON-a7ee7d001b3fad32,2012,0.5
CANON-a9681e3b2b39c098,2012,0.0666666666666666
CANON-aaab78e6c38e1696,2012,0.0909090909090909
CANON-ab797a1d0dfe6517,2012,0.3333333333333333
CANON-ab9277bc8e323c78,2012,0.5
CANON-abbcf6801544895a,2012,0.2
CANON-ac0f112809755744,2012,0.2
CANON-ad3703817ae2974f,2012,0.0666666666666666
CANON-aedc2122a84be848,2012,0.0588235294117647
CANON-b0894e38482b56ba,2012,0.4
CANON-b0f9ce91e2d80c2a,2012,0.5
CANON-b1ec6b136c96924d,2012,0.5
CANON-b36f06455eb4f3ea,2012,0.2
CANON-b46aa83546e752ea,2012,0.1666666666666666
CANON-b4ee9b86810626f5,2012,0.0454545454545454
CANON-b5c1de52f5d044e7,2012,0.0344827586206896
CANON-b63d87f0960fd494,2012,0.1333333333333333
CANON-b66be281b0b8be6a,2012,0.25
CANON-b6b4e5b3e7c3d708,2012,1.0
CANON-b6e717709f698d76,2012,0.6000000000000001
CANON-b862bc34c674c93a,2012,0.3333333333333333
CANON-b9ef9751ce5a84a8,2012,0.1111111111111111
CANON-ba2b47b3a22d42e0,2012,0.1
CANON-bad9461330d02d51,2012,0.1818181818181818
CANON-bb69b690e69659bb,2012,0.4
CANON-bbdb61ee928be4eb,2012,0.2
CANON-bc07da32cac49dd9,2012,0.6666666666666666
CANON-bccc6b57dcdec424,2012,0.1111111111111111
CANON-c176096e1f02a179,2012,0.3333333333333333
CANON-c39aee50dfe85068,2012,0.0769230769230769
CANON-c3c65b447cfb43c7,2012,0.2
CANON-c55fc9a090a96384,2012,0.1428571428571428
CANON-c724ce0fad3e9de1,2012,0.5
CANON-c8a1ae28acd8f155,2012,1.0
CANON-cad810a4c216a496,2012,0.2
CANON-cb536858287c75a4,2012,0.3636363636363636
CANON-cbc3b4625e259ac6,2012,0.3333333333333333
CANON-cbcafb31213832f2,2012,0.0555555555555555
CANON-ccf3e0ac4e72f534,2012,0.04
CANON-cd1f50ba0c6ade20,2012,0.1428571428571428
CANON-cf5a40e77895f268,2012,0.4285714285714285
CANON-cf7239b8d88d1b12,2012,0.0909090909090909
CANON-d08d8acf911c805b,2012,0.0476190476190476
CANON-d1545c6220736954,2012,0.25
CANON-d1583df9fba7b8e6,2012,0.0909090909090909
CANON-d1c29f20fc6ec4f6,2012,0.0833333333333333
CANON-d1fbd0127c57ce4e,2012,0.875
CANON-d232f556e68a4e13,2012,0.5
CANON-d2ff60dee0dee644,2012,1.0
CANON-d366f8d5951479df,2012,0.2857142857142857
CANON-d5cf473070d6876d,2012,0.25
CANON-d64c4035e509aaa6,2012,0.1666666666666666
CANON-d88cb3b31a9e0ab6,2012,0.5
CANON-d8d7cad771aa4049,2012,0.2
CANON-d959f9e93dc51aae,2012,0.3333333333333333
CANON-d995d1610bc23516,2012,0.125
CANON-d9f60eb96e7173e1,2012,0.5
CANON-db8c316da0145024,2012,0.6666666666666666
CANON-dc8367f2b6d0a68c,2012,0.125
CANON-dcb54e38b3cb8f73,2012,0.05
CANON-dd436b6224f13acd,2012,0.1111111111111111
CANON-dd4f1ad1a283ea23,2012,0.0833333333333333
CANON-df57652943d6bfad,2012,0.1
CANON-dfffa7e9334d3f4a,2012,0.0909090909090909
CANON-e105f69e5aaa45c3,2012,0.5
CANON-e3b563748a18babf,2012,0.3333333333333333
CANON-e722f9852c93d84f,2012,0.5
CANON-e789adf7a312471f,2012,0.0384615384615384
CANON-e9506100a54c33f9,2012,0.4
CANON-eac111a73edcb488,2012,0.6000000000000001
CANON-ed068e7a2f5a9876,2012,0.1176470588235294
CANON-edcc48ce555eb135,2012,0.375
CANON-ee42c8399ca3c638,2012,0.3333333333333333
CANON-efaf147fe0edf35e,2012,0.3333333333333333
CANON-f12799a44e2abf81,2012,0.074074074074074
CANON-f184439acafe45dd,2012,0.0608108108108108
CANON-f561ff33daa0a2ad,2012,0.5714285714285714
CANON-f84456392179e488,2012,0.1538461538461538
CANON-fa4ac977e07b25bf,2012,0.3333333333333333
CANON-fd14895a7b548654,2012,1.0
CANON-fec4ab82b67b7ba7,2012,0.5
CANON-ff47042fdab124b1,2012,0.2903225806451612
CANON-00a504750efeb82c,2013,1.0
CANON-00aa93a449cecb5c,2013,0.25
CANON-00cdd309be3d6cde,2013,0.25
CANON-018e393893a134a0,2013,0.0454545454545454
CANON-01a7ebdbffb32705,2013,0.0476190476190476
CANON-021f65cb3c07c94d,2013,0.1111111111111111
CANON-04ecf331d8a812f4,2013,0.5
CANON-05baa5c68ddbd0df,2013,0.1382978723404255
CANON-060b5755623aa979,2013,0.2
CANON-073916a0892452ff,2013,0.25
CANON-089c9b32ca21d244,2013,0.4
CANON-08f9aad4ead29418,2013,0.3333333333333333
CANON-0a46916fecfed3d1,2013,0.0666666666666666
CANON-0c4231f046b3efaf,2013,0.0833333333333333
CANON-0d262fb0e1345986,2013,0.1428571428571428
CANON-0e08442ca94460e4,2013,0.1666666666666666
CANON-0e3d3d0f10531bfb,2013,1.0
CANON-0ecea800d61f4383,2013,0.8333333333333333
CANON-110d67e00f4de706,2013,0.1
CANON-11706239312f8327,2013,0.2105263157894736
CANON-117616953ffeb06d,2013,0.3181818181818182
CANON-13bcca8a7618f80b,2013,0.3333333333333333
CANON-13ce589f6e13333e,2013,0.2
CANON-14172b08add3a36c,2013,0.1111111111111111
CANON-143a29a6298b95fd,2013,0.1666666666666666
CANON-159ab0a91a6e2aeb,2013,0.125
CANON-15b59444b6f3353f,2013,0.3043478260869565
CANON-161930fb72207961,2013,0.1818181818181818
CANON-167cbe0c6ff19640,2013,0.1111111111111111
CANON-170bc0b0ab14f69d,2013,0.25
CANON-1797fa84f331da39,2013,0.125
CANON-18390537b48eac09,2013,0.5
CANON-18eec00648fee919,2013,0.2676056338028169
CANON-1990eebb8964b8f3,2013,0.1428571428571428
CANON-1a0c8b244f5d3c04,2013,0.2
CANON-1a30faf9664a0a21,2013,0.0476190476190476
CANON-1b0b0e03432183c8,2013,1.0
CANON-1bc83efe95ad09e6,2013,0.5
CANON-1bd6fc98006a41a4,2013,0.3333333333333333
CANON-1df65e1349874f98,2013,0.0303030303030303
CANON-1e6cae6b0d83f543,2013,0.2
CANON-1e79c36bdf6e81c7,2013,0.2
CANON-1eca8229c8e7276c,2013,1.0
CANON-1ed5b38ca51cb1e5,2013,0.3125
CANON-1f40efdf29f27ef2,2013,0.3333333333333333
CANON-1f68d9707bf11389,2013,0.1428571428571428
CANON-1fa605d4a13c5c69,2013,0.125
CANON-1fd6623f0e6f618d,2013,0.0384615384615384
CANON-204dab52ae05e7b2,2013,1.0
CANON-2083abd669600d5a,2013,0.3333333333333333
CANON-2117a67b872e6a34,2013,0.1666666666666666
CANON-223d2f1f131fea0c,2013,1.0
CANON-22a969489fc23b3a,2013,0.1111111111111111
CANON-23f5554ba8704c2b,2013,1.0
CANON-25eef0554677b9e3,2013,0.2222222222222222
CANON-26012fa17f1cdc1d,2013,0.0666666666666666
CANON-27e847d6cc8578a0,2013,0.0909090909090909
CANON-2816c23b967c4569,2013,0.5
CANON-28c9a0ff07eadce9,2013,0.3333333333333333
CANON-29ad6beed974591b,2013,0.3
CANON-2a7cac855e89395e,2013,1.0
CANON-2a7e7829456ebb98,2013,0.2857142857142857
CANON-2aa98d1472d9fae7,2013,0.125
CANON-2abfcecdb0936392,2013,0.5
CANON-2d9aeab952f49393,2013,0.2
CANON-2e22caeef195b872,2013,0.0769230769230769
CANON-2f1be81e65cb2f33,2013,0.2
CANON-310ad84a5bad7fef,2013,0.6875
CANON-3126ab9673314918,2013,0.2
CANON-3142fcfce6699331,2013,0.0769230769230769
CANON-3178328d79543bce,2013,1.0
CANON-33ae47e9d83792f9,2013,0.25
CANON-344b3980a3f4f604,2013,0.0344827586206896
CANON-3515345338049be9,2013,0.5
CANON-3570c230a7575917,2013,0.4
CANON-3626f56fa06a67b3,2013,0.0909090909090909
CANON-36e8e69c2a83e374,2013,1.0
CANON-3992dff57ee23a7c,2013,0.2857142857142857
CANON-3a555648e0a60baf,2013,1.0
CANON-3c03b7a8f122c81f,2013,0.1428571428571428
CANON-3c3113d6edcc14b7,2013,0.3333333333333333
CANON-3d296e34a8e100fb,2013,0.1111111111111111
CANON-3e5ece9c7452b681,2013,1.0
CANON-4001e452f851083c,2013,0.2352941176470588
CANON-40b0705000abf1d6,2013,0.0714285714285714
CANON-41a4f41b318bf669,2013,0.2857142857142857
CANON-43c4fd3375965ebf,2013,0.1666666666666666
CANON-44d1394933b71985,2013,0.5714285714285714
CANON-454bdac20c623582,2013,0.0909090909090909
CANON-45aabfcc1ebe4bc0,2013,0.1363636363636363
CANON-45cf5dff921103e3,2013,0.5
CANON-4612c589c7970088,2013,1.0
CANON-4653db44a4cd6737,2013,0.25
CANON-4761818aa1d1929f,2013,0.0526315789473684
CANON-496ae5c61772b68b,2013,0.3333333333333333
CANON-4a55693d29af9f48,2013,0.25
CANON-4a8628f457112d71,2013,0.1
CANON-4b6c6043a33d6ce5,2013,0.2
CANON-4bc92bb502f16ce8,2013,0.2
CANON-4d788d0b60ef9948,2013,0.2222222222222222
CANON-4d93ceb8cd8f0bbe,2013,0.25
CANON-50549ba6311467f9,2013,0.6666666666666666
CANON-51b58aa45a8695a0,2013,0.3333333333333333
CANON-5272f6755d3e11eb,2013,0.5833333333333333
CANON-528d753f2a39f266,2013,1.0
CANON-5291cdd23e873515,2013,0.3333333333333333
CANON-53415d6ab5b2e23a,2013,0.25
CANON-53adc07844cee04e,2013,0.0714285714285714
CANON-54787243bddf5922,2013,0.0333333333333333
CANON-550c24a0ed81d873,2013,0.0588235294117647
CANON-5588ce1433e698ec,2013,0.1666666666666666
CANON-560a8de564e05d38,2013,0.2
CANON-574d68625ad02a06,2013,1.0
CANON-590abaae10175146,2013,0.1428571428571428
CANON-59b9616bf3ee4709,2013,0.2307692307692307
CANON-5bb3369f8fa93dbb,2013,1.0
CANON-5ceff93beb19cd81,2013,0.3333333333333333
CANON-5e30e92255c26e64,2013,0.4
CANON-5f9af7265c235ffb,2013,0.0217391304347826
CANON-5ff62d77ff72d786,2013,0.4
CANON-60b8dd880913ef3b,2013,0.25
CANON-60ce91761ec88b45,2013,0.125
CANON-619695159f476d3e,2013,0.6666666666666666
CANON-61fb8e05d34e28fe,2013,0.1111111111111111
CANON-63ea9f87b9fac5b0,2013,0.1111111111111111
CANON-646a615ff9a3b204,2013,0.2307692307692307
CANON-65c9ba718108f9c3,2013,0.0909090909090909
CANON-669f90ef27a80953,2013,0.125
CANON-66e6c3ebd246d4e8,2013,0.0126582278481012
CANON-67ca1f50d29b08df,2013,1.0
CANON-67fe6b5ae78589ca,2013,0.0909090909090909
CANON-693afda35a571d9d,2013,0.3529411764705882
CANON-6fe64034af279087,2013,0.1666666666666666
CANON-703982142d46acb6,2013,0.3333333333333333
CANON-704497cba0ed1f5a,2013,0.0333333333333333
CANON-7192ea6fb6eec47b,2013,0.0833333333333333
CANON-72d11e9c70fe0cc2,2013,0.5
CANON-7445d2857111339e,2013,0.1666666666666666
CANON-748e943bc542798b,2013,0.5
CANON-74e46f228304931c,2013,0.2222222222222222
CANON-7513f4210e19b4bf,2013,0.0909090909090909
CANON-754e5de2d9aff5e4,2013,0.0253164556962025
CANON-760e44e0e5ca41a0,2013,0.1538461538461538
CANON-78bb858a15d17d55,2013,0.1818181818181818
CANON-79033790a0fc0d4a,2013,0.25
CANON-7a13d4e6142db91b,2013,0.3333333333333333
CANON-7a319f21d984350c,2013,1.0
CANON-7c1b6e7e7f47083c,2013,0.2105263157894736
CANON-7d2be00507a4fa6f,2013,0.0833333333333333
CANON-7f2281310321c54b,2013,0.0833333333333333
CANON-7f4ec7172874b90e,2013,0.4
CANON-7f6c47b3bbc42b5e,2013,0.1666666666666666
CANON-80333b2d67cce137,2013,0.1818181818181818
CANON-8039651b00885afe,2013,0.5
CANON-81403f7d7694d2c5,2013,0.1666666666666666
CANON-817fedc117744c2e,2013,0.5
CANON-826f9816accc1a3b,2013,0.1875
CANON-82f860f22e9cab1f,2013,0.2
CANON-8322b3e99c47690c,2013,0.25
CANON-83f50b37da536546,2013,0.5
CANON-84118d9a8917fc75,2013,0.3333333333333333
CANON-852028cf0730311c,2013,0.0588235294117647
CANON-8599d327d62431f4,2013,0.0833333333333333
CANON-86c7579520b2e919,2013,0.3333333333333333
CANON-87d1576d8b76278f,2013,0.5
CANON-8917efd5558dda6a,2013,0.1666666666666666
CANON-894100118e2aab42,2013,0.1428571428571428
CANON-8952d860d53e7754,2013,0.1363636363636363
CANON-897297c6f18f550a,2013,0.25
CANON-89b05d3f8d072acf,2013,0.125
CANON-8aac5b1e01b2ad62,2013,0.0714285714285714
CANON-8b470ce3b066f3f2,2013,0.125
CANON-8c4ae347e50b7ad8,2013,0.5
CANON-8cc1cd3b6e8a5e65,2013,0.0833333333333333
CANON-8f55c56d57d3837a,2013,0.0769230769230769
CANON-90c569c26aacd68f,2013,0.1818181818181818
CANON-90f37fe27ecf45a2,2013,0.1428571428571428
CANON-91385fc36868c32e,2013,1.0
CANON-915bcd44e90b61b8,2013,0.1428571428571428
CANON-9217efdaa1a7cdfd,2013,0.0833333333333333
CANON-92359c377e11bc96,2013,1.0
CANON-929bdf92a828ac8d,2013,0.0666666666666666
CANON-932da1cea758aae3,2013,0.1111111111111111
CANON-93d54614d81b8651,2013,1.0
CANON-94dbab4e066be401,2013,0.125
CANON-9546e0e26fc0bce6,2013,0.2
CANON-96745d37b3b0c01f,2013,0.25
CANON-968bad38db309bd5,2013,0.0344827586206896
CANON-9692448604a51c65,2013,0.0833333333333333
CANON-969a895fc0987b14,2013,0.2
CANON-96df9ae1c994af3c,2013,0.75
CANON-97c38ef07b3173c9,2013,0.1052631578947368
CANON-987f61ba9dd8700f,2013,0.3333333333333333
CANON-993005a47c3b4c62,2013,0.25
CANON-99c11cc7e1dbf54c,2013,0.125
CANON-9a5189ff9a44eb8c,2013,0.5
CANON-9ba66524a7602bc3,2013,0.3333333333333333
CANON-9c225195c63654c1,2013,0.1818181818181818
CANON-9c8667f7d9678161,2013,0.25
CANON-9c898acfb2f15f12,2013,0.1666666666666666
CANON-9caa06ae1c7b2b5a,2013,0.2
CANON-9e7fef4fe7d9ab23,2013,0.5
CANON-9f72e5470f33b5bd,2013,0.2
CANON-a06b4ced9deef96e,2013,0.5
CANON-a0bd64e670bc6181,2013,0.1666666666666666
CANON-a12eeb93af4c7484,2013,0.3
CANON-a2cee5f3b4d6f9d1,2013,0.1111111111111111
CANON-a54f20ab2417da3d,2013,0.1875
CANON-a56d9fa035ae9a54,2013,0.1666666666666666
CANON-a5f3d751a9a9d235,2013,0.3333333333333333
CANON-a6ba6a29a49ee0e8,2013,0.1
CANON-a9681e3b2b39c098,2013,0.0666666666666666
CANON-a9e8684e4dc20013,2013,0.5
CANON-aaab78e6c38e1696,2013,0.1363636363636363
CANON-aaed80c186064a2b,2013,0.2
CANON-ab797a1d0dfe6517,2013,0.3333333333333333
CANON-abd425832bcf9f84,2013,0.125
CANON-acb62a249a780373,2013,0.3333333333333333
CANON-ad3703817ae2974f,2013,0.4
CANON-ad3aebcb38fcbe1d,2013,0.125
CANON-addc8d1353620d99,2013,0.0769230769230769
CANON-ade503ac2eb28c47,2013,0.3333333333333333
CANON-aedc2122a84be848,2013,0.0588235294117647
CANON-b0b5f994ef368a4f,2013,0.1428571428571428
CANON-b0f9ce91e2d80c2a,2013,0.5
CANON-b1ec6b136c96924d,2013,0.5
CANON-b252fafee084560b,2013,0.25
CANON-b2f490ba40522757,2013,0.25
CANON-b33e4bfa77b6e56f,2013,1.0
CANON-b36f06455eb4f3ea,2013,0.2
CANON-b46aa83546e752ea,2013,0.25
CANON-b4ee9b86810626f5,2013,0.1818181818181818
CANON-b50b63c7eae43f6b,2013,0.1428571428571428
CANON-b54b3d1776bfa35e,2013,0.125
CANON-b5c1de52f5d044e7,2013,0.0344827586206896
CANON-b63d87f0960fd494,2013,0.2
CANON-b66be281b0b8be6a,2013,0.75
CANON-b9020b6ccd04b080,2013,0.0555555555555555
CANON-ba2b47b3a22d42e0,2013,0.3
CANON-bad9461330d02d51,2013,0.1818181818181818
CANON-bb11d29a4c8f46f8,2013,0.1666666666666666
CANON-bb69b690e69659bb,2013,0.2
CANON-bc923cbd8bbe141c,2013,0.25
CANON-bdec6a433fa8338e,2013,0.2
CANON-be30edc26e5e58a4,2013,0.1111111111111111
CANON-be42fe8615d17cea,2013,0.1666666666666666
CANON-be77505d7691f195,2013,0.5
CANON-beaa5cb5047eb136,2013,0.2307692307692307
CANON-bff47afe6b8a2b7d,2013,0.1538461538461538
CANON-c176096e1f02a179,2013,0.6666666666666666
CANON-c3c65b447cfb43c7,2013,0.6000000000000001
CANON-c3e76bd812936310,2013,0.125
CANON-c55fc9a090a96384,2013,0.2857142857142857
CANON-cb4054da160f44a3,2013,0.2
CANON-cb536858287c75a4,2013,0.0909090909090909
CANON-cbcafb31213832f2,2013,0.0555555555555555
CANON-ccf3e0ac4e72f534,2013,0.16
CANON-cd1f50ba0c6ade20,2013,0.1428571428571428
CANON-cf7239b8d88d1b12,2013,0.1818181818181818
CANON-cffc33574a2c349c,2013,0.0833333333333333
CANON-d08d8acf911c805b,2013,0.0476190476190476
CANON-d1c29f20fc6ec4f6,2013,0.0833333333333333
CANON-d2c4184436e3571f,2013,1.0
CANON-d366f8d5951479df,2013,0.1428571428571428
CANON-d50886b06166d052,2013,0.1428571428571428
CANON-d5e2cc97b6920d2e,2013,1.0
CANON-d64c4035e509aaa6,2013,0.3333333333333333
CANON-d699e76fb625af9a,2013,1.0
CANON-d80fb4f5f22bda9b,2013,0.5
CANON-d8d7cad771aa4049,2013,0.2
CANON-da9f9a7bf164b5be,2013,0.25
CANON-dac18ce23db6f0d7,2013,0.2
CANON-db19945c18ae0ccd,2013,1.0
CANON-dbf31ab90d2fcc87,2013,0.5
CANON-dc8367f2b6d0a68c,2013,0.125
CANON-dc9d02bc539c897e,2013,0.0714285714285714
CANON-dcb54e38b3cb8f73,2013,0.2
CANON-dce41d8e88a92e27,2013,1.0
CANON-dd436b6224f13acd,2013,0.2222222222222222
CANON-df5254773330bfeb,2013,0.1176470588235294
CANON-df57652943d6bfad,2013,0.1
CANON-e12b1c742bd528d2,2013,0.0666666666666666
CANON-e2ed4ac613f3b23f,2013,0.1428571428571428
CANON-e3b563748a18babf,2013,0.3333333333333333
CANON-e3ff4a00f3b88bce,2013,0.1666666666666666
CANON-e42e6e0429b57074,2013,0.2
CANON-e551a62a87d4c2da,2013,0.4
CANON-e618420ea16fd5b9,2013,0.2
CANON-e789adf7a312471f,2013,0.0384615384615384
CANON-e9506100a54c33f9,2013,0.2
CANON-eb59220d2dbeaea1,2013,0.0833333333333333
CANON-ed068e7a2f5a9876,2013,0.0588235294117647
CANON-edcc48ce555eb135,2013,0.25
CANON-ee69da6f0a95bee4,2013,1.0
CANON-eec1ed111eed0600,2013,0.2
CANON-eeffb2c58d6835ee,2013,1.0
CANON-ef0ba4e9fb692bbb,2013,0.375
CANON-f12799a44e2abf81,2013,0.074074074074074
CANON-f184439acafe45dd,2013,0.0878378378378378
CANON-f1a5b90b59f55cc6,2013,1.0
CANON-f2869e75be09cb45,2013,0.25
CANON-f2af395c4d2164b7,2013,0.25
CANON-f2dcc5a4f963066e,2013,0.3333333333333333
CANON-f3065ed669fbcc82,2013,0.5
CANON-f3650ed54b544173,2013,0.0909090909090909
CANON-f585800daa27a5b6,2013,0.0833333333333333
CANON-f62aa0cfa0b33003,2013,1.0
CANON-f7ae9189b2f173ca,2013,0.1428571428571428
CANON-f84456392179e488,2013,0.0769230769230769
CANON-f899d8f66622e9d0,2013,0.5
CANON-fa3d0582684c8e9a,2013,0.1
CANON-fb0816f2a4cb8e85,2013,0.25
CANON-fb91c604907cdb32,2013,1.0
CANON-fbd4248550aebef4,2013,0.3333333333333333
CANON-fc2e19e9b95be4c3,2013,0.3333333333333333
CANON-fce6c2145f57033b,2013,1.0
CANON-ff47042fdab124b1,2013,0.3870967741935484
CANON-013acc903723bfa4,2014,0.6666666666666666
CANON-01a7ebdbffb32705,2014,0.0952380952380952
CANON-021f65cb3c07c94d,2014,0.2222222222222222
CANON-02fa8225cc38d4fd,2014,0.3333333333333333
CANON-04953c58b1c2c721,2014,0.1111111111111111
CANON-05baa5c68ddbd0df,2014,0.0957446808510638
CANON-060b5755623aa979,2014,0.2
CANON-0720da10a605006b,2014,1.0
CANON-0739f966760745a6,2014,1.0
CANON-089c9b32ca21d244,2014,0.6000000000000001
CANON-093f1993a308de2a,2014,0.2
CANON-095171e9e210d3ac,2014,1.0
CANON-0a46916fecfed3d1,2014,0.0666666666666666
CANON-0b652f0c50d9bea2,2014,1.0
CANON-0be8941e8b8f503b,2014,0.5
CANON-0c4231f046b3efaf,2014,0.1666666666666666
CANON-0c4291f775b24d05,2014,1.0
CANON-0d262fb0e1345986,2014,0.1428571428571428
CANON-0df0f1357d9efe99,2014,0.3333333333333333
CANON-0e08442ca94460e4,2014,0.1666666666666666
CANON-11706239312f8327,2014,0.0526315789473684
CANON-1282711b7a2c55c3,2014,0.2
CANON-13bcca8a7618f80b,2014,0.3333333333333333
CANON-13ce589f6e13333e,2014,0.4
CANON-143a29a6298b95fd,2014,0.1666666666666666
CANON-159ab0a91a6e2aeb,2014,0.125
CANON-161930fb72207961,2014,0.1818181818181818
CANON-167cbe0c6ff19640,2014,0.1111111111111111
CANON-170bc0b0ab14f69d,2014,0.25
CANON-18eec00648fee919,2014,0.0985915492957746
CANON-1990eebb8964b8f3,2014,0.2857142857142857
CANON-19e230d22fc85f89,2014,0.25
CANON-1a0c8b244f5d3c04,2014,0.15
CANON-1a30faf9664a0a21,2014,0.0476190476190476
CANON-1bd6fc98006a41a4,2014,0.1666666666666666
CANON-1c05128919ac783f,2014,0.6666666666666666
CANON-1c77e5cb6295f5c3,2014,0.1428571428571428
CANON-1d3bda06c00e5e19,2014,0.0909090909090909
CANON-1df65e1349874f98,2014,0.0303030303030303
CANON-1e6cae6b0d83f543,2014,0.4
CANON-1e79c36bdf6e81c7,2014,0.2
CANON-1f68d9707bf11389,2014,0.1428571428571428
CANON-1fa605d4a13c5c69,2014,0.125
CANON-1fd6623f0e6f618d,2014,0.1153846153846153
CANON-2083abd669600d5a,2014,0.3333333333333333
CANON-221a572b6850ae88,2014,0.25
CANON-22a969489fc23b3a,2014,0.1111111111111111
CANON-22e29a8fa6f3d360,2014,0.0833333333333333
CANON-2388bf68824c8f64,2014,1.0
CANON-254edb24b4e8be40,2014,0.2
CANON-2588d971040a2f89,2014,1.0
CANON-25cd909e1a17576f,2014,1.0
CANON-25eef0554677b9e3,2014,0.1111111111111111
CANON-26012fa17f1cdc1d,2014,0.0666666666666666
CANON-2622d4be95172ced,2014,0.25
CANON-27e847d6cc8578a0,2014,0.0909090909090909
CANON-288d74eeaae9ae4f,2014,0.3333333333333333
CANON-29982d8bc186732b,2014,0.5
CANON-2a7e7829456ebb98,2014,0.1428571428571428
CANON-2aa98d1472d9fae7,2014,0.125
CANON-2abfcecdb0936392,2014,0.5
CANON-2b4e4b67a74dc09c,2014,0.2857142857142857
CANON-2bcc9187a1ede6cb,2014,0.3333333333333333
CANON-2bda03134fc416e9,2014,0.0416666666666666
CANON-2bec538a550edc5d,2014,0.5
CANON-2e0ed5eb4e52ef00,2014,0.25
CANON-2e22caeef195b872,2014,0.0769230769230769
CANON-2ef9bddc058dfe44,2014,0.1666666666666666
CANON-2f1be81e65cb2f33,2014,0.6000000000000001
CANON-2f5647aae51bfd33,2014,0.1428571428571428
CANON-310ad84a5bad7fef,2014,0.125
CANON-3126ab9673314918,2014,0.2
CANON-3142fcfce6699331,2014,0.1538461538461538
CANON-3316134b154cdf9e,2014,1.0
CANON-344b3980a3f4f604,2014,0.0344827586206896
CANON-356ea7152e38ad9a,2014,0.3333333333333333
CANON-3570c230a7575917,2014,0.4
CANON-35a45cdbfbae87de,2014,0.25
CANON-37d9a289cd029343,2014,0.1428571428571428
CANON-3806ccbb66482110,2014,0.25
CANON-385d169e6258fbd8,2014,0.5
CANON-3965a4975152f592,2014,0.3333333333333333
CANON-3992dff57ee23a7c,2014,0.1428571428571428
CANON-3ae30fca4fe64977,2014,0.0833333333333333
CANON-3c04f597f3236fcf,2014,0.1666666666666666
CANON-3c3113d6edcc14b7,2014,0.3333333333333333
CANON-3c78f567e2e82cc2,2014,0.3333333333333333
CANON-3d23193b9debeafa,2014,0.3333333333333333
CANON-3e17571b7511005f,2014,0.5
CANON-4001e452f851083c,2014,0.2352941176470588
CANON-40b0705000abf1d6,2014,0.1428571428571428
CANON-40cda198f957272a,2014,0.1
CANON-40fc115d18f72848,2014,0.1666666666666666
CANON-4113b11fc2b11419,2014,0.25
CANON-42d74d0a32271aa2,2014,0.5
CANON-43c4fd3375965ebf,2014,0.1111111111111111
CANON-44bf0e4d10e7fa15,2014,1.0
CANON-454bdac20c623582,2014,0.3636363636363636
CANON-4653db44a4cd6737,2014,0.25
CANON-468ca0282575e615,2014,1.0
CANON-4709d568b9f057f9,2014,0.75
CANON-4761818aa1d1929f,2014,0.0526315789473684
CANON-4771875103b1ecc0,2014,0.5
CANON-47e9401d28e55526,2014,0.3333333333333333
CANON-47f088cb59e8b168,2014,0.5
CANON-48f8a7830a10423c,2014,1.0
CANON-49c8680b852f4fe7,2014,0.5
CANON-4a55693d29af9f48,2014,0.25
CANON-4b1f86616f831a50,2014,1.0
CANON-4b29cc2e9759e174,2014,0.0769230769230769
CANON-4b93f83df979c334,2014,1.0
CANON-4c61b2cee96e0d51,2014,0.25
CANON-4c746bc4a1b97e45,2014,0.5
CANON-4d7447fa51b2d90e,2014,0.5
CANON-4d788d0b60ef9948,2014,0.1111111111111111
CANON-4e543c8fe4a5a0d0,2014,0.125
CANON-4f0ff040308a30a5,2014,0.25
CANON-506477e137a43189,2014,0.3333333333333333
CANON-515510fa129f7cde,2014,0.25
CANON-51ecf6fa56207b71,2014,0.2857142857142857
CANON-5272f6755d3e11eb,2014,0.25
CANON-54787243bddf5922,2014,0.0666666666666666
CANON-5478d6ddedc14938,2014,0.1333333333333333
CANON-550c24a0ed81d873,2014,0.0588235294117647
CANON-550e425c11fa906a,2014,0.1666666666666666
CANON-55e4be04a34fbe47,2014,0.5714285714285714
CANON-560a8de564e05d38,2014,0.2
CANON-5633cf395a479743,2014,0.3333333333333333
CANON-56389af1913333d4,2014,0.3333333333333333
CANON-56d0542a645d8da2,2014,0.5
CANON-5902a9569a2e291f,2014,0.6666666666666666
CANON-590abaae10175146,2014,0.2857142857142857
CANON-59b9616bf3ee4709,2014,0.3076923076923077
CANON-59e00215d6c940e6,2014,0.6666666666666666
CANON-5cceac374c047991,2014,0.0909090909090909
CANON-5e938094508e05c8,2014,1.0
CANON-5ff62d77ff72d786,2014,0.3333333333333333
CANON-6014934ebbbef999,2014,0.1111111111111111
CANON-61fb8e05d34e28fe,2014,0.1111111111111111
CANON-62b30147430a4069,2014,0.2
CANON-63ea9f87b9fac5b0,2014,0.6666666666666666
CANON-646a615ff9a3b204,2014,0.2307692307692307
CANON-65c9ba718108f9c3,2014,0.0909090909090909
CANON-669f90ef27a80953,2014,0.125
CANON-692d45a65f7e92a1,2014,0.3333333333333333
CANON-69a991b0d634cda6,2014,0.125
CANON-6bebb134479e4a92,2014,0.4
CANON-704497cba0ed1f5a,2014,0.1333333333333333
CANON-71337e6028ab8f05,2014,0.5
CANON-71620cbf87a8a7e0,2014,0.3333333333333333
CANON-7192ea6fb6eec47b,2014,0.0833333333333333
CANON-7337851a73b7af92,2014,1.0
CANON-7445d2857111339e,2014,0.1666666666666666
CANON-74bf1881851955da,2014,0.3333333333333333
CANON-74e46f228304931c,2014,0.3333333333333333
CANON-7501a044f45ec769,2014,0.3333333333333333
CANON-754e5de2d9aff5e4,2014,0.4936708860759493
CANON-760e44e0e5ca41a0,2014,0.1538461538461538
CANON-7645990ffd74d6e4,2014,0.5
CANON-768218451afa00e2,2014,0.3333333333333333
CANON-7762abf2ebd88abc,2014,1.0
CANON-77ddc0422088ac89,2014,0.25
CANON-783d8b6dcba8e0bb,2014,0.2
CANON-78bb858a15d17d55,2014,0.6363636363636364
CANON-78deb25213ac9f41,2014,0.125
CANON-79ad72125da2c956,2014,0.1428571428571428
CANON-7a13d4e6142db91b,2014,0.3333333333333333
CANON-7c1b6e7e7f47083c,2014,0.1578947368421052
CANON-7cc3fa51e468a812,2014,0.4
CANON-7d2be00507a4fa6f,2014,0.1666666666666666
CANON-7da4cb82e9caca23,2014,0.3333333333333333
CANON-7dc056522936beba,2014,0.3333333333333333
CANON-7f2281310321c54b,2014,0.25
CANON-7f4ec7172874b90e,2014,0.4
CANON-80333b2d67cce137,2014,0.0909090909090909
CANON-8039651b00885afe,2014,0.5
CANON-80c7f64a7df7150a,2014,0.1428571428571428
CANON-80e3effa0701e31c,2014,0.3333333333333333
CANON-81e1231cf4c76289,2014,0.0909090909090909
CANON-826f9816accc1a3b,2014,0.0625
CANON-82f860f22e9cab1f,2014,0.2
CANON-831b3fb13b53b29c,2014,0.2
CANON-8322b3e99c47690c,2014,0.25
CANON-832fe2be887c78c1,2014,0.6666666666666666
CANON-8443027c05864a3a,2014,0.125
CANON-846c87bf54d17992,2014,0.5
CANON-852028cf0730311c,2014,0.1176470588235294
CANON-856f67cc62f90c8e,2014,0.8
CANON-86e036010b2a66eb,2014,0.1
CANON-87d1576d8b76278f,2014,0.1666666666666666
CANON-88a91ae73804b90a,2014,0.6666666666666666
CANON-8917efd5558dda6a,2014,0.3333333333333333
CANON-894100118e2aab42,2014,0.1428571428571428
CANON-8952d860d53e7754,2014,0.1818181818181818
CANON-89b05d3f8d072acf,2014,0.5
CANON-8aa08a122c207edd,2014,0.0909090909090909
CANON-8aac5b1e01b2ad62,2014,0.1428571428571428
CANON-8c4ae347e50b7ad8,2014,0.25
CANON-8cc1cd3b6e8a5e65,2014,0.1666666666666666
CANON-8d576eb35c39dfa6,2014,0.1428571428571428
CANON-8d8edb6360b2f71d,2014,1.0
CANON-8dff02ebb1540db1,2014,0.1666666666666666
CANON-8f55c56d57d3837a,2014,0.3846153846153846
CANON-8fcfa97f59c9e13a,2014,0.1111111111111111
CANON-90c569c26aacd68f,2014,0.1818181818181818
CANON-90d0031fcc223f5d,2014,0.3333333333333333
CANON-90d6c2da4b86aada,2014,0.0526315789473684
CANON-90f37fe27ecf45a2,2014,0.1428571428571428
CANON-9217efdaa1a7cdfd,2014,0.0833333333333333
CANON-929bdf92a828ac8d,2014,0.2
CANON-92d6bb329889ae03,2014,0.25
CANON-946c60075e010a92,2014,0.0833333333333333
CANON-94ba57bd83218d6d,2014,0.0833333333333333
CANON-94f5930c383d6f22,2014,1.0
CANON-9536e6c955469d4e,2014,0.1666666666666666
CANON-968bad38db309bd5,2014,0.0344827586206896
CANON-96df9ae1c994af3c,2014,0.25
CANON-971a11c033d93738,2014,0.5
CANON-97c38ef07b3173c9,2014,0.0526315789473684
CANON-99c11cc7e1dbf54c,2014,0.125
CANON-9ba66524a7602bc3,2014,0.3333333333333333
CANON-9c225195c63654c1,2014,0.0909090909090909
CANON-9c8667f7d9678161,2014,0.25
CANON-9c898acfb2f15f12,2014,0.5
CANON-9d097695d2f38123,2014,1.0
CANON-9d46a0110d186a0a,2014,0.1428571428571428
CANON-9e7fef4fe7d9ab23,2014,0.5
CANON-9f684de9ad4de2c8,2014,0.3333333333333333
CANON-9f72e5470f33b5bd,2014,0.4
CANON-a0bd64e670bc6181,2014,0.3333333333333333
CANON-a0ef7ac2156bc202,2014,0.375
CANON-a12a74f7cb26476c,2014,0.2857142857142857
CANON-a12eeb93af4c7484,2014,0.1
CANON-a2cee5f3b4d6f9d1,2014,0.1111111111111111
CANON-a346851e86377d33,2014,0.5
CANON-a4581ee1ad04846d,2014,0.5
CANON-a5342a348b1ca839,2014,0.125
CANON-a54f20ab2417da3d,2014,0.3125
CANON-a598f82fe38e20e0,2014,1.0
CANON-a5f3d751a9a9d235,2014,0.3333333333333333
CANON-a69dd5a93283b585,2014,0.0666666666666666
CANON-a74a209c61f9bb34,2014,0.5
CANON-a7cf7bd555a6285e,2014,0.125
CANON-a9e8684e4dc20013,2014,0.5
CANON-aa85eb4bacbafa6b,2014,1.0
CANON-abbcf6801544895a,2014,0.4
CANON-ad200f43236ff4ae,2014,0.5
CANON-ad3703817ae2974f,2014,0.2666666666666666
CANON-ad3e97522bc4c030,2014,0.5
CANON-ad9473407749c546,2014,0.1666666666666666
CANON-aedc2122a84be848,2014,0.0588235294117647
CANON-b0b5f994ef368a4f,2014,0.8571428571428571
CANON-b252fafee084560b,2014,0.25
CANON-b26f6a0777cd26b3,2014,1.0
CANON-b2f490ba40522757,2014,0.25
CANON-b36f06455eb4f3ea,2014,0.6000000000000001
CANON-b3e3311875246994,2014,0.25
CANON-b46aa83546e752ea,2014,0.0833333333333333
CANON-b4ee9b86810626f5,2014,0.5909090909090909
CANON-b50b63c7eae43f6b,2014,0.0714285714285714
CANON-b5a58c27f437b943,2014,0.25
CANON-b5c1de52f5d044e7,2014,0.0689655172413793
CANON-b5d7b536ac2bce58,2014,0.5
CANON-b63d87f0960fd494,2014,0.0666666666666666
CANON-b9020b6ccd04b080,2014,0.1111111111111111
CANON-b9ef9751ce5a84a8,2014,0.3333333333333333
CANON-b9f737d5bff1b311,2014,0.5
CANON-ba17338a2209db47,2014,0.1666666666666666
CANON-ba250ccae416170f,2014,0.0909090909090909
CANON-ba2b47b3a22d42e0,2014,0.1
CANON-bb11d29a4c8f46f8,2014,0.1666666666666666
CANON-be29a3948bba6010,2014,1.0
CANON-be30edc26e5e58a4,2014,0.2222222222222222
CANON-be55c0e4c920ae63,2014,0.5
CANON-be77505d7691f195,2014,0.25
CANON-bf840cd1f285a4cf,2014,1.0
CANON-bff47afe6b8a2b7d,2014,0.2307692307692307
CANON-c16786b44f2d6b99,2014,0.1666666666666666
CANON-c1aa88a02bb20b44,2014,1.0
CANON-c3e76bd812936310,2014,0.125
CANON-c46f461ab92cde6d,2014,0.3333333333333333
CANON-c485bbcddca5e855,2014,0.125
CANON-c5ca15244e12256e,2014,1.0
CANON-c7e2caeadf66eaee,2014,0.1666666666666666
CANON-c9adf4710f5a0096,2014,0.0909090909090909
CANON-c9b51563bab472a4,2014,0.4
CANON-cad810a4c216a496,2014,0.2
CANON-cb536858287c75a4,2014,0.0909090909090909
CANON-cbc3b4625e259ac6,2014,0.3333333333333333
CANON-cbcafb31213832f2,2014,0.2222222222222222
CANON-cc639bea2ce3ca91,2014,0.25
CANON-ccf3e0ac4e72f534,2014,0.16
CANON-cf392ccd412cae6c,2014,0.5
CANON-cf5a40e77895f268,2014,0.1428571428571428
CANON-cf6da039c3f20cdb,2014,0.5
CANON-cf7239b8d88d1b12,2014,0.5454545454545454
CANON-d09f6f30a11b6fc1,2014,0.25
CANON-d0f0bdec0fa6b981,2014,0.5
CANON-d1c29f20fc6ec4f6,2014,0.0833333333333333
CANON-d4b74b0b23d63e56,2014,0.2
CANON-d50886b06166d052,2014,0.1428571428571428
CANON-d5c8366fbf8e508b,2014,0.5
CANON-d5cf473070d6876d,2014,0.25
CANON-d5db7d7b81f03fc5,2014,0.1111111111111111
CANON-d6e7cc2e23ea77ef,2014,0.75
CANON-d7e5f39f078c793a,2014,0.5
CANON-d8d7cad771aa4049,2014,0.4
CANON-da0f744588fafd49,2014,0.5
CANON-da3434008f0b093c,2014,0.5
CANON-da9f9a7bf164b5be,2014,0.5
CANON-dbf31ab90d2fcc87,2014,0.25
CANON-dc9d02bc539c897e,2014,0.0714285714285714
CANON-dcb54e38b3cb8f73,2014,0.2
CANON-dd436b6224f13acd,2014,0.1111111111111111
CANON-dd4f1ad1a283ea23,2014,0.0833333333333333
CANON-df0c6b72adddbda2,2014,0.1428571428571428
CANON-df5254773330bfeb,2014,0.0588235294117647
CANON-df57652943d6bfad,2014,0.1
CANON-dfffa7e9334d3f4a,2014,0.3636363636363636
CANON-e12b1c742bd528d2,2014,0.0666666666666666
CANON-e1815feceb7a28a4,2014,0.5
CANON-e2e247ab4a68c3a2,2014,0.125
CANON-e3b563748a18babf,2014,0.3333333333333333
CANON-e42e6e0429b57074,2014,0.2
CANON-e52ea8b2aaad5eeb,2014,1.0
CANON-e618420ea16fd5b9,2014,0.4
CANON-e789adf7a312471f,2014,0.0384615384615384
CANON-e7fd3246a1250163,2014,0.6666666666666666
CANON-e9506100a54c33f9,2014,0.4
CANON-e97246bf5997f01d,2014,0.25
CANON-ea285c0d0fa75f89,2014,0.4285714285714285
CANON-ed068e7a2f5a9876,2014,0.1176470588235294
CANON-edcc48ce555eb135,2014,0.125
CANON-ee5f4105e9d9fc1d,2014,0.3333333333333333
CANON-eec1ed111eed0600,2014,0.2
CANON-eee202d5913d1b17,2014,0.2
CANON-ef0ba4e9fb692bbb,2014,0.375
CANON-ef3160325277b309,2014,1.0
CANON-f12799a44e2abf81,2014,0.2592592592592592
CANON-f184439acafe45dd,2014,0.1013513513513513
CANON-f3065ed669fbcc82,2014,0.5
CANON-f3650ed54b544173,2014,0.0909090909090909
CANON-f4130fd1d0b9e55a,2014,0.1428571428571428
CANON-f585800daa27a5b6,2014,0.0833333333333333
CANON-f84456392179e488,2014,0.0769230769230769
CANON-fb0816f2a4cb8e85,2014,0.25
CANON-fbd4248550aebef4,2014,0.3333333333333333
CANON-ff56dd30aaf1e078,2014,1.0
CANON-ff96ee2e78f9533d,2014,0.1666666666666666
CANON-ffdabb80fceac544,2014,0.3333333333333333
CANON-00cdd309be3d6cde,2015,0.25
CANON-00cfa556de3ad8c2,2015,0.0384615384615384
CANON-011d6ac22312f3c5,2015,0.3333333333333333
CANON-01331c463c24c2fc,2015,1.0
CANON-013acc903723bfa4,2015,0.3333333333333333
CANON-018e393893a134a0,2015,0.0454545454545454
CANON-01a7ebdbffb32705,2015,0.1904761904761904
CANON-021f65cb3c07c94d,2015,0.3333333333333333
CANON-02fa8225cc38d4fd,2015,0.3333333333333333
CANON-037651290f69af0a,2015,1.0
CANON-04953c58b1c2c721,2015,0.1111111111111111
CANON-05baa5c68ddbd0df,2015,0.1063829787234042
CANON-072722797a4173b6,2015,1.0
CANON-0740a6fdba18d8c3,2015,1.0
CANON-093f1993a308de2a,2015,0.2
CANON-0be8941e8b8f503b,2015,0.5
CANON-0bf48794142aa2fb,2015,0.5
CANON-0c4231f046b3efaf,2015,0.4166666666666666
CANON-0cd369a3e20de252,2015,0.3
CANON-0d262fb0e1345986,2015,0.1428571428571428
CANON-0d5a3a44aadaaba0,2015,0.6000000000000001
CANON-0da640f8ef7f3f1c,2015,0.6666666666666666
CANON-0e08442ca94460e4,2015,0.1666666666666666
CANON-0f16a8a3bdd2ebda,2015,0.6666666666666666
CANON-11b44f9d03a29faa,2015,0.125
CANON-13ce589f6e13333e,2015,0.2
CANON-14172b08add3a36c,2015,0.1111111111111111
CANON-143a29a6298b95fd,2015,0.6666666666666666
CANON-1470eac5249c96b1,2015,0.2
CANON-154b886504753932,2015,0.3333333333333333
CANON-15a8af81a3100721,2015,1.0
CANON-167cbe0c6ff19640,2015,0.3333333333333333
CANON-175bc6c323bce668,2015,0.1428571428571428
CANON-18390537b48eac09,2015,0.5
CANON-1990eebb8964b8f3,2015,0.1428571428571428
CANON-19e230d22fc85f89,2015,0.5
CANON-1a0c8b244f5d3c04,2015,0.15
CANON-1a4e2eb8c8adcb26,2015,1.0
CANON-1bd6fc98006a41a4,2015,0.3333333333333333
CANON-1bf058bb4b190fe8,2015,0.2
CANON-1c3813563afed4af,2015,0.25
CANON-1c7d19fa26a87c5a,2015,1.0
CANON-1d2bd34e80dcc294,2015,1.0
CANON-1d3bda06c00e5e19,2015,0.0909090909090909
CANON-1d89a3699d00101f,2015,0.75
CANON-1df65e1349874f98,2015,0.0303030303030303
CANON-1e79c36bdf6e81c7,2015,0.6000000000000001
CANON-1f40efdf29f27ef2,2015,0.3333333333333333
CANON-1f68d9707bf11389,2015,0.2857142857142857
CANON-1fa605d4a13c5c69,2015,0.125
CANON-1fd6623f0e6f618d,2015,0.1538461538461538
CANON-2117a67b872e6a34,2015,0.1666666666666666
CANON-22a969489fc23b3a,2015,0.2222222222222222
CANON-22acf1c6295a4209,2015,1.0
CANON-22e29a8fa6f3d360,2015,0.0833333333333333
CANON-25eef0554677b9e3,2015,0.1111111111111111
CANON-26012fa17f1cdc1d,2015,0.1333333333333333
CANON-2622d4be95172ced,2015,0.5
CANON-277fabcb05ed10ba,2015,0.3333333333333333
CANON-27e847d6cc8578a0,2015,0.2727272727272727
CANON-2816c23b967c4569,2015,0.5
CANON-28402188888b3df6,2015,0.3333333333333333
CANON-28668c7f5f799799,2015,0.3333333333333333
CANON-29fe40c9fedacaac,2015,0.25
CANON-2aa98d1472d9fae7,2015,0.375
CANON-2ab42ca4cd6b1ba1,2015,0.3333333333333333
CANON-2b4e4b67a74dc09c,2015,0.4285714285714285
CANON-2bcc9187a1ede6cb,2015,0.6666666666666666
CANON-2bdfeaf4168aa879,2015,0.6666666666666666
CANON-2e22caeef195b872,2015,0.0769230769230769
CANON-2f0e0761dd42b30c,2015,1.0
CANON-2f1be81e65cb2f33,2015,0.2
CANON-2f5647aae51bfd33,2015,0.2857142857142857
CANON-2f91f81b01ef7338,2015,1.0
CANON-3126ab9673314918,2015,0.2
CANON-3142fcfce6699331,2015,0.3076923076923077
CANON-31476b91e7c88c32,2015,1.0
CANON-344b3980a3f4f604,2015,0.1379310344827586
CANON-35a45cdbfbae87de,2015,0.5
CANON-37d9a289cd029343,2015,0.1428571428571428
CANON-3965a4975152f592,2015,0.3333333333333333
CANON-3a33ec76797935c2,2015,0.5
CANON-3c03b7a8f122c81f,2015,0.4285714285714285
CANON-3c04f597f3236fcf,2015,0.3333333333333333
CANON-3c21f2cfa32d90d7,2015,0.3333333333333333
CANON-3cbe9811067eaaf2,2015,1.0
CANON-3d296e34a8e100fb,2015,0.2222222222222222
CANON-3df8772100e0d9cd,2015,1.0
CANON-400a2b20309f2c84,2015,0.25
CANON-406801ebd72421ed,2015,1.0
CANON-40b0705000abf1d6,2015,0.0714285714285714
CANON-40cda198f957272a,2015,0.1
CANON-40fc115d18f72848,2015,0.1666666666666666
CANON-41bc87a1b01a5921,2015,0.5
CANON-43c4fd3375965ebf,2015,0.2222222222222222
CANON-4441d257530737b3,2015,1.0
CANON-445f696693957607,2015,0.3076923076923077
CANON-4548f2b45929ab82,2015,0.3333333333333333
CANON-462488a3063db468,2015,1.0
CANON-4653db44a4cd6737,2015,0.25
CANON-4761818aa1d1929f,2015,0.0526315789473684
CANON-4771875103b1ecc0,2015,0.5
CANON-48493c3bd7b607d5,2015,0.5
CANON-491f7b3f36d81d48,2015,0.5
CANON-49c8680b852f4fe7,2015,0.5
CANON-4a8628f457112d71,2015,0.4
CANON-4b29cc2e9759e174,2015,0.1538461538461538
CANON-4b6787c6822a469b,2015,1.0
CANON-4c2210fcb2ef20d7,2015,1.0
CANON-4c61b2cee96e0d51,2015,0.5
CANON-4c746bc4a1b97e45,2015,0.5
CANON-4d008918567ff1d6,2015,1.0
CANON-4e543c8fe4a5a0d0,2015,0.375
CANON-4ea7aaefc1f1d0ba,2015,0.3333333333333333
CANON-50549ba6311467f9,2015,0.3333333333333333
CANON-51ecf6fa56207b71,2015,0.5714285714285714
CANON-5200d42a68398b30,2015,0.5
CANON-5291cdd23e873515,2015,0.3333333333333333
CANON-53415d6ab5b2e23a,2015,0.25
CANON-53adc07844cee04e,2015,0.0714285714285714
CANON-53c04d7d906a473f,2015,1.0
CANON-54787243bddf5922,2015,0.0666666666666666
CANON-5478d6ddedc14938,2015,0.4666666666666667
CANON-56983069d27d19fd,2015,0.3333333333333333
CANON-587acf95b22c38d7,2015,1.0
CANON-59b9616bf3ee4709,2015,0.2307692307692307
CANON-5a09d6829e74e85d,2015,1.0
CANON-5a5e601f549dcfd3,2015,0.3333333333333333
CANON-5c1e714e02640e86,2015,0.1666666666666666
CANON-5cceac374c047991,2015,0.2727272727272727
CANON-5d32e216bddfe257,2015,0.3333333333333333
CANON-5d468a5395445aee,2015,0.5
CANON-5ff62d77ff72d786,2015,0.0666666666666666
CANON-6014934ebbbef999,2015,0.1111111111111111
CANON-60e2cc43481ceb27,2015,0.4
CANON-61fb8e05d34e28fe,2015,0.3333333333333333
CANON-623f6eb41e1cd2f0,2015,0.5
CANON-6302c099b623845a,2015,1.0
CANON-63ea9f87b9fac5b0,2015,0.2222222222222222
CANON-6406e7563a0bb426,2015,0.2
CANON-65007f9ebf6b51f3,2015,0.2
CANON-6502130609641323,2015,0.1111111111111111
CANON-65c9ba718108f9c3,2015,0.3636363636363636
CANON-66e6c3ebd246d4e8,2015,0.050632911392405
CANON-69a991b0d634cda6,2015,0.25
CANON-6ab6cd5e950807ee,2015,0.1666666666666666
CANON-6af70bb2c6542cd0,2015,0.0909090909090909
CANON-6bebb134479e4a92,2015,0.2
CANON-6d0ffbe0848958bd,2015,0.8571428571428571
CANON-6ffa5269c10ee1dc,2015,0.5
CANON-703982142d46acb6,2015,0.3333333333333333
CANON-704497cba0ed1f5a,2015,0.0666666666666666
CANON-7192ea6fb6eec47b,2015,0.0833333333333333
CANON-72c714dc7bc8c9b1,2015,1.0
CANON-73fafa70ee186219,2015,1.0
CANON-7445d2857111339e,2015,0.3333333333333333
CANON-754e5de2d9aff5e4,2015,0.2658227848101265
CANON-760e44e0e5ca41a0,2015,0.5384615384615385
CANON-76f8dd60cc22cec0,2015,0.5
CANON-77ddc0422088ac89,2015,0.5
CANON-78017576dd69dcee,2015,0.5
CANON-783d8b6dcba8e0bb,2015,0.4
CANON-78bb858a15d17d55,2015,0.1818181818181818
CANON-79033790a0fc0d4a,2015,0.25
CANON-7aa4ba583898939d,2015,0.1333333333333333
CANON-7be2ebcd55247b63,2015,1.0
CANON-7d2be00507a4fa6f,2015,0.0833333333333333
CANON-7dc056522936beba,2015,0.3333333333333333
CANON-7e77163aa8a0e789,2015,0.2
CANON-7ee66b6b99aa13ba,2015,0.05
CANON-7f2281310321c54b,2015,0.4166666666666666
CANON-7f4ec7172874b90e,2015,0.2
CANON-7f94e6be18d5c293,2015,0.5
CANON-80333b2d67cce137,2015,0.3636363636363636
CANON-80c7f64a7df7150a,2015,0.1428571428571428
CANON-80f632f78e3572c8,2015,0.5
CANON-8148480371804e24,2015,1.0
CANON-817fedc117744c2e,2015,0.5
CANON-8184f22edc693c2d,2015,0.1428571428571428
CANON-820b4629ee3fbab1,2015,0.6000000000000001
CANON-826f9816accc1a3b,2015,0.1875
CANON-82f860f22e9cab1f,2015,0.2
CANON-8322b3e99c47690c,2015,0.25
CANON-84118d9a8917fc75,2015,0.5
CANON-8443027c05864a3a,2015,0.25
CANON-846c87bf54d17992,2015,0.5
CANON-85004d00c78a0ca5,2015,0.2
CANON-852028cf0730311c,2015,0.0588235294117647
CANON-8599d327d62431f4,2015,0.0833333333333333
CANON-8629386d0068a155,2015,0.6666666666666666
CANON-8639b63a1b9cfe85,2015,0.3333333333333333
CANON-86c7579520b2e919,2015,0.3333333333333333
CANON-894100118e2aab42,2015,0.1428571428571428
CANON-8952d860d53e7754,2015,0.1363636363636363
CANON-89f1ff2f99936194,2015,1.0
CANON-8aac5b1e01b2ad62,2015,0.0714285714285714
CANON-8c4ae347e50b7ad8,2015,0.25
CANON-8cc1cd3b6e8a5e65,2015,0.0833333333333333
CANON-8dbc368298235136,2015,0.5
CANON-8de829d10e072183,2015,0.25
CANON-8f55c56d57d3837a,2015,0.2307692307692307
CANON-8fcfa97f59c9e13a,2015,0.2222222222222222
CANON-90d0031fcc223f5d,2015,0.6666666666666666
CANON-90d6c2da4b86aada,2015,0.1578947368421052
CANON-90f37fe27ecf45a2,2015,0.1428571428571428
CANON-9217efdaa1a7cdfd,2015,0.0833333333333333
CANON-9270a80b4f19283f,2015,0.2
CANON-929bdf92a828ac8d,2015,0.1333333333333333
CANON-932da1cea758aae3,2015,0.1111111111111111
CANON-945d25b38aa1da73,2015,0.5
CANON-9474356f820d2f9b,2015,0.25
CANON-95007562b9856037,2015,0.5
CANON-960a163c1f0ba8ab,2015,0.5
CANON-961d8fe10ec4b408,2015,1.0
CANON-968bad38db309bd5,2015,0.0344827586206896
CANON-96aed95e4a626d93,2015,0.4
CANON-9733cab3669838e7,2015,0.0909090909090909
CANON-97c38ef07b3173c9,2015,0.0526315789473684
CANON-987f61ba9dd8700f,2015,0.3333333333333333
CANON-993005a47c3b4c62,2015,0.25
CANON-99c11cc7e1dbf54c,2015,0.125
CANON-9c5836fc8654ded0,2015,0.125
CANON-9c8667f7d9678161,2015,0.25
CANON-9caa06ae1c7b2b5a,2015,0.2
CANON-9db8fd32e008c01e,2015,0.3333333333333333
CANON-9f6cf95098ea6743,2015,0.1428571428571428
CANON-a0ef7ac2156bc202,2015,0.25
CANON-a12a74f7cb26476c,2015,0.1428571428571428
CANON-a12eeb93af4c7484,2015,0.2
CANON-a1553fc7ee35e453,2015,0.2
CANON-a2cee5f3b4d6f9d1,2015,0.3333333333333333
CANON-a4148f3d19c13c2c,2015,0.6666666666666666
CANON-a501b97c939da453,2015,0.5
CANON-a54f20ab2417da3d,2015,0.3125
CANON-a56d9fa035ae9a54,2015,0.8333333333333333
CANON-a5a6506744dd9066,2015,0.5
CANON-a6ba6a29a49ee0e8,2015,0.4
CANON-a74a209c61f9bb34,2015,0.5
CANON-a8f6c6a788131c38,2015,1.0
CANON-a98b8441804ba70e,2015,0.4
CANON-abbcf6801544895a,2015,0.4
CANON-abd425832bcf9f84,2015,0.125
CANON-acb62a249a780373,2015,0.1666666666666666
CANON-acc816d7cb695cac,2015,1.0
CANON-ace293ebbea1e7dc,2015,1.0
CANON-ad0f5072e4383b12,2015,0.3333333333333333
CANON-ad200f43236ff4ae,2015,0.5
CANON-ad3703817ae2974f,2015,0.0666666666666666
CANON-ad3aebcb38fcbe1d,2015,0.125
CANON-ae77817eb7b17a44,2015,0.5
CANON-aedc2122a84be848,2015,0.2352941176470588
CANON-af1784f71848867a,2015,0.3333333333333333
CANON-afe2132f04f67a08,2015,1.0
CANON-b05a6793c15231d0,2015,1.0
CANON-b252fafee084560b,2015,0.5
CANON-b2a23d4de3de144c,2015,0.5
CANON-b2f490ba40522757,2015,0.25
CANON-b3e3311875246994,2015,0.25
CANON-b50b63c7eae43f6b,2015,0.2857142857142857
CANON-b5a58c27f437b943,2015,0.25
CANON-b5c1de52f5d044e7,2015,0.1379310344827586
CANON-b5e0bd2ed94a68e4,2015,1.0
CANON-b63d87f0960fd494,2015,0.2
CANON-b70da120fee4f505,2015,0.3333333333333333
CANON-b7f5a2c0ec263aca,2015,0.5
CANON-b8001027127f50e4,2015,0.1666666666666666
CANON-b9020b6ccd04b080,2015,0.1666666666666666
CANON-b96313451a444ea5,2015,0.25
CANON-b9ef9751ce5a84a8,2015,0.3333333333333333
CANON-b9f737d5bff1b311,2015,0.5
CANON-ba17338a2209db47,2015,0.3333333333333333
CANON-ba250ccae416170f,2015,0.2727272727272727
CANON-ba2b47b3a22d42e0,2015,0.2
CANON-baff08b80fe4b6cc,2015,0.3333333333333333
CANON-bb11d29a4c8f46f8,2015,0.3333333333333333
CANON-bc7fde2047aa1a0f,2015,1.0
CANON-bccc6b57dcdec424,2015,0.1111111111111111
CANON-be30edc26e5e58a4,2015,0.3333333333333333
CANON-beaa5cb5047eb136,2015,0.3076923076923077
CANON-bfacf578dc937b6c,2015,0.75
CANON-bfe70ad01aa1233e,2015,0.5
CANON-bff47afe6b8a2b7d,2015,0.5384615384615385
CANON-c058bd98d1bc0dab,2015,1.0
CANON-c16786b44f2d6b99,2015,0.1666666666666666
CANON-c2a207f0dcbd6afd,2015,0.1666666666666666
CANON-c3e76bd812936310,2015,0.75
CANON-c485bbcddca5e855,2015,0.25
CANON-c4937eea23d0955e,2015,0.1428571428571428
CANON-c6712aeefd39a436,2015,0.3333333333333333
CANON-c713c2d2d5707364,2015,0.6000000000000001
CANON-c87afeda94136413,2015,0.3333333333333333
CANON-c8cdfe7fb4a3f867,2015,1.0
CANON-c9adf4710f5a0096,2015,0.7272727272727273
CANON-c9b51563bab472a4,2015,0.4
CANON-cb45e3f34252c34c,2015,1.0
CANON-cb536858287c75a4,2015,0.1818181818181818
CANON-cb5a9a79447df379,2015,0.5
CANON-cbcafb31213832f2,2015,0.1666666666666666
CANON-cc639bea2ce3ca91,2015,0.25
CANON-cc89e29d4ce3468a,2015,0.5
CANON-ccf3e0ac4e72f534,2015,0.2
CANON-cf392ccd412cae6c,2015,0.5
CANON-cf6da039c3f20cdb,2015,0.5
CANON-cfca107797bc8926,2015,1.0
CANON-cffc33574a2c349c,2015,0.0833333333333333
CANON-d08d8acf911c805b,2015,0.0476190476190476
CANON-d09f6f30a11b6fc1,2015,0.25
CANON-d0f0bdec0fa6b981,2015,0.1666666666666666
CANON-d146b8a8c7dc1e2f,2015,0.2
CANON-d1579a6c92b8c3f4,2015,0.3333333333333333
CANON-d1c29f20fc6ec4f6,2015,0.0833333333333333
CANON-d50886b06166d052,2015,0.1428571428571428
CANON-d5c8366fbf8e508b,2015,0.3333333333333333
CANON-d5db7d7b81f03fc5,2015,0.2222222222222222
CANON-d64c4035e509aaa6,2015,0.1666666666666666
CANON-d7309b1598d7f9ff,2015,0.6666666666666666
CANON-d7e5f39f078c793a,2015,0.25
CANON-da0f744588fafd49,2015,0.25
CANON-dac18ce23db6f0d7,2015,0.6000000000000001
CANON-dbf31ab90d2fcc87,2015,0.25
CANON-dc9d02bc539c897e,2015,0.0714285714285714
CANON-dcb54e38b3cb8f73,2015,0.2
CANON-dd436b6224f13acd,2015,0.3333333333333333
CANON-de8c981ac1b9cd53,2015,0.2
CANON-df0c6b72adddbda2,2015,0.5
CANON-df5254773330bfeb,2015,0.1176470588235294
CANON-df57652943d6bfad,2015,0.3
CANON-dfffa7e9334d3f4a,2015,0.0909090909090909
CANON-e03ebe7af3504078,2015,0.0454545454545454
CANON-e10d63aae5a75d1e,2015,0.3333333333333333
CANON-e123df637053d1be,2015,0.25
CANON-e12b1c742bd528d2,2015,0.1333333333333333
CANON-e2cd69f01b0d9e6c,2015,0.25
CANON-e2e247ab4a68c3a2,2015,0.125
CANON-e3f346c9d44ba463,2015,0.25
CANON-e3ff4a00f3b88bce,2015,0.0833333333333333
CANON-e42e6e0429b57074,2015,0.4
CANON-e4b17fb477c8e2b5,2015,0.048780487804878
CANON-e618420ea16fd5b9,2015,0.2
CANON-e63a7bc51aa34540,2015,0.3333333333333333
CANON-e84675bbbdbef94f,2015,0.5
CANON-e9476a5b54fb3e56,2015,0.4
CANON-ea285c0d0fa75f89,2015,0.2857142857142857
CANON-eadb734d86d4894a,2015,0.25
CANON-eb2bb158873b941d,2015,0.04
CANON-eb80ffed190c8fc7,2015,0.5
CANON-ed068e7a2f5a9876,2015,0.2352941176470588
CANON-edcc48ce555eb135,2015,0.125
CANON-f00064eac20a2f86,2015,1.0
CANON-f12799a44e2abf81,2015,0.3333333333333333
CANON-f17c04193d8d63e0,2015,0.5
CANON-f184439acafe45dd,2015,0.1081081081081081
CANON-f1974d31fe642819,2015,0.2727272727272727
CANON-f2af395c4d2164b7,2015,0.25
CANON-f3650ed54b544173,2015,0.8181818181818182
CANON-f4130fd1d0b9e55a,2015,0.1428571428571428
CANON-f489d51f9bd95125,2015,0.4444444444444444
CANON-f4f8ee2cddeaafe0,2015,0.0588235294117647
CANON-f599012a71396255,2015,0.1
CANON-f84456392179e488,2015,0.3846153846153846
CANON-f8d6cff81657d1e6,2015,0.6000000000000001
CANON-f92f20d6a1356c9f,2015,1.0
CANON-fa3d0582684c8e9a,2015,0.1
CANON-fa4ac977e07b25bf,2015,0.3333333333333333
CANON-fab64a02b720acc3,2015,0.2307692307692307
CANON-fb6fc715ab970537,2015,0.1666666666666666
CANON-fbd4248550aebef4,2015,0.3333333333333333
CANON-fc2e19e9b95be4c3,2015,0.3333333333333333
CANON-fcedebc2fdd1f9e1,2015,0.5
CANON-fe71f8c80f5b21d4,2015,0.1875
CANON-fe95a67ec11d5bd1,2015,0.3333333333333333
CANON-feb3204add883242,2015,0.5
CANON-fec4ab82b67b7ba7,2015,0.5
CANON-fedc222ac0e2dfb1,2015,1.0
CANON-ff2179257889a601,2015,0.1538461538461538
CANON-ff96ee2e78f9533d,2015,0.4166666666666666
CANON-00cfa556de3ad8c2,2016,0.0384615384615384
CANON-018e393893a134a0,2016,0.3181818181818182
CANON-01a7ebdbffb32705,2016,0.3333333333333333
CANON-01e51e8dc7624ec8,2016,0.3333333333333333
CANON-038f9e717e30ac83,2016,0.1176470588235294
CANON-040fe10075104386,2016,0.3333333333333333
CANON-04953c58b1c2c721,2016,0.1111111111111111
CANON-04ecf331d8a812f4,2016,0.5
CANON-05baa5c68ddbd0df,2016,0.1595744680851064
CANON-07a52f4aa3c8b6ca,2016,0.25
CANON-09883fa96369606c,2016,1.0
CANON-0b5f1e0e07db1cd5,2016,1.0
CANON-0bb5ab3ce71583d9,2016,1.0
CANON-0cd369a3e20de252,2016,0.3
CANON-0d262fb0e1345986,2016,0.1428571428571428
CANON-0d5a3a44aadaaba0,2016,0.4
CANON-0da640f8ef7f3f1c,2016,0.3333333333333333
CANON-0e08442ca94460e4,2016,0.1666666666666666
CANON-1251ba19eb41215e,2016,1.0
CANON-12531a076ddeba18,2016,0.5
CANON-131bd8a296a537d0,2016,1.0
CANON-13e578cf695fd078,2016,0.4
CANON-14172b08add3a36c,2016,0.1111111111111111
CANON-159ab0a91a6e2aeb,2016,0.25
CANON-15e14132f264aff7,2016,1.0
CANON-167cbe0c6ff19640,2016,0.1111111111111111
CANON-168b1e5aeb59d137,2016,0.3333333333333333
CANON-1779a9d91cf51b29,2016,1.0
CANON-179f8e34bbc53ad9,2016,0.25
CANON-1810022ddb65e9a3,2016,0.4285714285714285
CANON-18334d87dafcb23b,2016,0.5
CANON-18f2a82c46695a61,2016,0.5
CANON-19e230d22fc85f89,2016,0.25
CANON-1a30faf9664a0a21,2016,0.0476190476190476
CANON-1b85703d63d752a1,2016,0.25
CANON-1bf058bb4b190fe8,2016,0.2
CANON-1c77e5cb6295f5c3,2016,0.1428571428571428
CANON-1d89a3699d00101f,2016,0.25
CANON-1df65e1349874f98,2016,0.0303030303030303
CANON-1e6cae6b0d83f543,2016,0.2
CANON-1ed16ecf2885292a,2016,0.5
CANON-1f40efdf29f27ef2,2016,0.3333333333333333
CANON-1fd6623f0e6f618d,2016,0.5384615384615385
CANON-2035667389064f4e,2016,1.0
CANON-2083abd669600d5a,2016,0.3333333333333333
CANON-2117a67b872e6a34,2016,0.1666666666666666
CANON-211ed8793b6851c1,2016,0.25
CANON-221a572b6850ae88,2016,0.25
CANON-22a969489fc23b3a,2016,0.2222222222222222
CANON-22e29a8fa6f3d360,2016,0.0833333333333333
CANON-24667157797e159f,2016,0.25
CANON-2621b79067996813,2016,0.25
CANON-277fabcb05ed10ba,2016,0.3333333333333333
CANON-27e847d6cc8578a0,2016,0.0909090909090909
CANON-28668c7f5f799799,2016,0.3333333333333333
CANON-28a16ef3529c2d7a,2016,1.0
CANON-29fe40c9fedacaac,2016,0.5
CANON-2a743579eb9e1add,2016,0.4
CANON-2aa98d1472d9fae7,2016,0.125
CANON-2bda03134fc416e9,2016,0.0416666666666666
CANON-2bfaad5cc0c04d5b,2016,0.2
CANON-2d25838f3ce1226e,2016,0.1428571428571428
CANON-2d9aeab952f49393,2016,0.2
CANON-2e22caeef195b872,2016,0.0769230769230769
CANON-2ef9bddc058dfe44,2016,0.1666666666666666
CANON-302bdbc685c856cd,2016,1.0
CANON-3126ab9673314918,2016,0.2
CANON-31cb9337d95f3a21,2016,1.0
CANON-3222b3c4aa88e86c,2016,0.1428571428571428
CANON-333c601a4b24c367,2016,1.0
CANON-344b3980a3f4f604,2016,0.2413793103448275
CANON-360e76430b33e228,2016,0.75
CANON-361231821e8d869b,2016,0.5
CANON-36e71a498c045300,2016,0.25
CANON-371c004bfad796c8,2016,0.25
CANON-37c75a44b54c19a7,2016,1.0
CANON-3806ccbb66482110,2016,0.25
CANON-385a84143ca0a8c3,2016,1.0
CANON-3ae30fca4fe64977,2016,0.0833333333333333
CANON-3c04f597f3236fcf,2016,0.1666666666666666
CANON-3c21f2cfa32d90d7,2016,0.3333333333333333
CANON-3c3ab2014f13c949,2016,0.3333333333333333
CANON-3ef09b323c4a8b11,2016,0.3333333333333333
CANON-3fe7d118ecf764a8,2016,0.1428571428571428
CANON-400a2b20309f2c84,2016,0.25
CANON-40b0705000abf1d6,2016,0.0714285714285714
CANON-40fc115d18f72848,2016,0.5
CANON-41cef20210f6d66a,2016,0.9230769230769232
CANON-43c4fd3375965ebf,2016,0.4444444444444444
CANON-43f5453ab334d621,2016,1.0
CANON-445f696693957607,2016,0.6923076923076923
CANON-4548f2b45929ab82,2016,0.3333333333333333
CANON-491f7b3f36d81d48,2016,0.5
CANON-4a8628f457112d71,2016,0.3
CANON-4b29cc2e9759e174,2016,0.4615384615384615
CANON-4bdff95a26142a02,2016,1.0
CANON-4c61b2cee96e0d51,2016,0.25
CANON-4dcc01976e57a2d7,2016,1.0
CANON-4e543c8fe4a5a0d0,2016,0.375
CANON-4ea7aaefc1f1d0ba,2016,0.6666666666666666
CANON-4f0ff040308a30a5,2016,0.25
CANON-5200d42a68398b30,2016,0.5
CANON-5291cdd23e873515,2016,0.3333333333333333
CANON-52f140e4335c3542,2016,0.1176470588235294
CANON-53415d6ab5b2e23a,2016,0.25
CANON-53adc07844cee04e,2016,0.2142857142857142
CANON-53df2cba5abb2cd2,2016,1.0
CANON-54787243bddf5922,2016,0.0666666666666666
CANON-5478d6ddedc14938,2016,0.4
CANON-550c24a0ed81d873,2016,0.5882352941176471
CANON-568ea3347b0c2c00,2016,0.3333333333333333
CANON-56983069d27d19fd,2016,0.6666666666666666
CANON-58ce629acaf8a1ee,2016,1.0
CANON-5aaf2206c906a055,2016,0.3333333333333333
CANON-5ac5521ee24d5036,2016,0.75
CANON-5bb1251000dd2938,2016,0.3333333333333333
CANON-5cceac374c047991,2016,0.4545454545454546
CANON-5d468a5395445aee,2016,0.5
CANON-5eb251a2a57d8bb5,2016,0.5
CANON-5f9af7265c235ffb,2016,0.0217391304347826
CANON-6014934ebbbef999,2016,0.1111111111111111
CANON-602d085c8b341995,2016,0.25
CANON-60e2cc43481ceb27,2016,0.6000000000000001
CANON-61fb8e05d34e28fe,2016,0.2222222222222222
CANON-623f6eb41e1cd2f0,2016,0.5
CANON-62b30147430a4069,2016,0.2
CANON-62cc1150919ac077,2016,0.5
CANON-65007f9ebf6b51f3,2016,0.2
CANON-6502130609641323,2016,0.4444444444444444
CANON-6557efd6deea43a2,2016,0.625
CANON-65c9ba718108f9c3,2016,0.2727272727272727
CANON-669f90ef27a80953,2016,0.125
CANON-66e6c3ebd246d4e8,2016,0.1139240506329113
CANON-671311e15a1db888,2016,0.5
CANON-69a991b0d634cda6,2016,0.625
CANON-69d9a6f4ecc4e589,2016,1.0
CANON-6af70bb2c6542cd0,2016,0.1818181818181818
CANON-6bc4beadef9ab0f0,2016,0.5
CANON-6bd5ee995747c63c,2016,0.3333333333333333
CANON-6bebb134479e4a92,2016,0.2
CANON-6d3de691a0decf66,2016,1.0
CANON-6efb9cd11460e54d,2016,0.3333333333333333
CANON-6ffa5269c10ee1dc,2016,0.5
CANON-703982142d46acb6,2016,0.3333333333333333
CANON-704497cba0ed1f5a,2016,0.0666666666666666
CANON-70cb6e7707970016,2016,1.0
CANON-7192ea6fb6eec47b,2016,0.0833333333333333
CANON-760e44e0e5ca41a0,2016,0.0769230769230769
CANON-76428b45fe10dbfe,2016,0.0909090909090909
CANON-76b58ebcec5d9c69,2016,0.25
CANON-78017576dd69dcee,2016,0.5
CANON-79033790a0fc0d4a,2016,0.25
CANON-7a32ed15d148729a,2016,0.5
CANON-7aa4ba583898939d,2016,0.2
CANON-7bd9e760bf8037db,2016,0.1111111111111111
CANON-7cbd0b9303d9e42e,2016,0.1020408163265306
CANON-7cc3fa51e468a812,2016,0.2
CANON-7d073e528d56f2ba,2016,0.5
CANON-7d2be00507a4fa6f,2016,0.1666666666666666
CANON-7db664be95099420,2016,1.0
CANON-7dc056522936beba,2016,0.3333333333333333
CANON-7e77163aa8a0e789,2016,0.2
CANON-80333b2d67cce137,2016,0.1818181818181818
CANON-80c7f64a7df7150a,2016,0.1428571428571428
CANON-80e3effa0701e31c,2016,0.3333333333333333
CANON-818279c1f2300430,2016,0.8
CANON-820b4629ee3fbab1,2016,0.4
CANON-826f9816accc1a3b,2016,0.3125
CANON-827d270d6648caa3,2016,0.5
CANON-82f860f22e9cab1f,2016,0.2
CANON-8322b3e99c47690c,2016,0.25
CANON-841e1efe535060b3,2016,0.25
CANON-8443027c05864a3a,2016,0.125
CANON-85004d00c78a0ca5,2016,0.6000000000000001
CANON-852028cf0730311c,2016,0.0588235294117647
CANON-856f67cc62f90c8e,2016,0.2
CANON-8599e324945b4d2d,2016,0.025
CANON-8629386d0068a155,2016,0.3333333333333333
CANON-8639b63a1b9cfe85,2016,0.6666666666666666
CANON-8717492425d660bc,2016,0.3333333333333333
CANON-875c381e4202efa8,2016,0.5
CANON-894100118e2aab42,2016,0.1428571428571428
CANON-8952d860d53e7754,2016,0.0227272727272727
CANON-897cb7574ab3e0db,2016,1.0
CANON-8cc1cd3b6e8a5e65,2016,0.1666666666666666
CANON-8dff02ebb1540db1,2016,0.1666666666666666
CANON-8fcfa97f59c9e13a,2016,0.1111111111111111
CANON-906ed69de5ea61db,2016,1.0
CANON-90d6c2da4b86aada,2016,0.0526315789473684
CANON-90ed52b61791e570,2016,1.0
CANON-90f37fe27ecf45a2,2016,0.1428571428571428
CANON-9217efdaa1a7cdfd,2016,0.125
CANON-932da1cea758aae3,2016,0.2222222222222222
CANON-935ff61bcbe2e18b,2016,0.3333333333333333
CANON-93710e1b079a3321,2016,0.5
CANON-93ed708395e61508,2016,0.1
CANON-945d25b38aa1da73,2016,0.25
CANON-9474356f820d2f9b,2016,0.5
CANON-948715d81e573728,2016,1.0
CANON-94ba57bd83218d6d,2016,0.0833333333333333
CANON-94dbab4e066be401,2016,0.125
CANON-950b14841c06d731,2016,1.0
CANON-967ced924049a675,2016,0.2
CANON-968bad38db309bd5,2016,0.0689655172413793
CANON-9692448604a51c65,2016,0.0833333333333333
CANON-96aed95e4a626d93,2016,0.6000000000000001
CANON-97099f3a860de060,2016,0.375
CANON-97c38ef07b3173c9,2016,0.0526315789473684
CANON-97e1b3b552fd42fe,2016,0.25
CANON-9876eba64c73548d,2016,0.0434782608695652
CANON-993005a47c3b4c62,2016,0.25
CANON-9941c7c6b7c8dbd0,2016,1.0
CANON-9b67f150a7e97f98,2016,0.25
CANON-9ba66524a7602bc3,2016,0.3333333333333333
CANON-9c225195c63654c1,2016,0.1818181818181818
CANON-9c5836fc8654ded0,2016,0.25
CANON-9c8667f7d9678161,2016,0.25
CANON-9caa06ae1c7b2b5a,2016,0.4
CANON-9caae92901609a44,2016,0.3333333333333333
CANON-9cd1f7a13ce3eace,2016,0.125
CANON-9d46a0110d186a0a,2016,0.8571428571428571
CANON-9d49549b3e00143f,2016,0.6000000000000001
CANON-9dcbebcf66284ed0,2016,0.3333333333333333
CANON-9e453045869edc80,2016,0.5
CANON-9f6cf95098ea6743,2016,0.5714285714285714
CANON-a12a74f7cb26476c,2016,0.2857142857142857
CANON-a1553fc7ee35e453,2016,0.2
CANON-a2369eadac5298a8,2016,0.5
CANON-a2cee5f3b4d6f9d1,2016,0.1111111111111111
CANON-a2d93720d963bdb5,2016,0.5
CANON-a376af6c97d78a24,2016,1.0
CANON-a3d7997d10a45f85,2016,0.3333333333333333
CANON-a4148f3d19c13c2c,2016,0.3333333333333333
CANON-a501b97c939da453,2016,0.5
CANON-a5342a348b1ca839,2016,0.125
CANON-a54f20ab2417da3d,2016,0.0625
CANON-a5a6506744dd9066,2016,0.25
CANON-a5f3d751a9a9d235,2016,0.3333333333333333
CANON-a6ba6a29a49ee0e8,2016,0.3
CANON-a6f71746fb54346f,2016,0.6666666666666666
CANON-a9681e3b2b39c098,2016,0.2666666666666666
CANON-a98b8441804ba70e,2016,0.6000000000000001
CANON-acb62a249a780373,2016,0.1666666666666666
CANON-ad0f5072e4383b12,2016,0.3333333333333333
CANON-ad3aebcb38fcbe1d,2016,0.25
CANON-ad8b66dcd427a4f3,2016,1.0
CANON-ade503ac2eb28c47,2016,0.3333333333333333
CANON-b0448bcd0d30cb78,2016,1.0
CANON-b3c9986aad1678bb,2016,0.1428571428571428
CANON-b3e3311875246994,2016,0.375
CANON-b50b63c7eae43f6b,2016,0.1428571428571428
CANON-b52e00c796ff55a1,2016,0.5
CANON-b5c1de52f5d044e7,2016,0.3103448275862069
CANON-b63d87f0960fd494,2016,0.2666666666666666
CANON-b7f5a2c0ec263aca,2016,0.5
CANON-b9020b6ccd04b080,2016,0.1666666666666666
CANON-b98adfa328c1ac52,2016,0.4
CANON-b9ef9751ce5a84a8,2016,0.2222222222222222
CANON-ba17338a2209db47,2016,0.1666666666666666
CANON-ba250ccae416170f,2016,0.5454545454545454
CANON-badcd2940575cee4,2016,0.2
CANON-baff08b80fe4b6cc,2016,0.6666666666666666
CANON-bb11d29a4c8f46f8,2016,0.1666666666666666
CANON-bb8cb0fa1309b703,2016,0.1666666666666666
CANON-bdec6a433fa8338e,2016,0.2
CANON-beaa5cb5047eb136,2016,0.1538461538461538
CANON-bfe70ad01aa1233e,2016,0.5
CANON-c0647d88999673d0,2016,0.5
CANON-c4937eea23d0955e,2016,0.2857142857142857
CANON-c4be819ccfb89515,2016,1.0
CANON-c4d4a57220fd5626,2016,0.5
CANON-c6712aeefd39a436,2016,0.3333333333333333
CANON-c713c2d2d5707364,2016,0.2
CANON-c724ce0fad3e9de1,2016,0.5
CANON-c7e2caeadf66eaee,2016,0.1666666666666666
CANON-c8c943ddf2f81b2c,2016,0.25
CANON-c9b8e7e1dd845ace,2016,0.5
CANON-cb536858287c75a4,2016,0.0909090909090909
CANON-cb5a9a79447df379,2016,0.5
CANON-cbadd30c30003a4c,2016,0.2
CANON-cbcafb31213832f2,2016,0.0555555555555555
CANON-cc639bea2ce3ca91,2016,0.25
CANON-cc89e29d4ce3468a,2016,0.5
CANON-ccf3e0ac4e72f534,2016,0.08
CANON-cedb9d1559b5d6ac,2016,0.1111111111111111
CANON-cffc33574a2c349c,2016,0.1666666666666666
CANON-d08d8acf911c805b,2016,0.0476190476190476
CANON-d09f6f30a11b6fc1,2016,0.5
CANON-d0f0bdec0fa6b981,2016,0.3333333333333333
CANON-d1579a6c92b8c3f4,2016,0.3333333333333333
CANON-d1583df9fba7b8e6,2016,0.0909090909090909
CANON-d1c29f20fc6ec4f6,2016,0.125
CANON-d34e8f0041704bb6,2016,1.0
CANON-d3532820956075da,2016,1.0
CANON-d50886b06166d052,2016,0.1428571428571428
CANON-d5d56741354d8cd5,2016,1.0
CANON-d5db7d7b81f03fc5,2016,0.5555555555555556
CANON-d64c4035e509aaa6,2016,0.3333333333333333
CANON-d7309b1598d7f9ff,2016,0.3333333333333333
CANON-d7e5f39f078c793a,2016,0.25
CANON-d886eb748fe17592,2016,0.5
CANON-da0f744588fafd49,2016,0.25
CANON-dac18ce23db6f0d7,2016,0.2
CANON-db1dbbf8ac21c993,2016,0.6666666666666666
CANON-dc9d02bc539c897e,2016,0.0714285714285714
CANON-dd436b6224f13acd,2016,0.1111111111111111
CANON-dd4f1ad1a283ea23,2016,0.5833333333333333
CANON-de8c981ac1b9cd53,2016,0.8
CANON-df0c6b72adddbda2,2016,0.1785714285714285
CANON-df5254773330bfeb,2016,0.1176470588235294
CANON-df57652943d6bfad,2016,0.1
CANON-dfffa7e9334d3f4a,2016,0.1818181818181818
CANON-e03ebe7af3504078,2016,0.0909090909090909
CANON-e10d63aae5a75d1e,2016,0.3333333333333333
CANON-e123df637053d1be,2016,0.25
CANON-e12b1c742bd528d2,2016,0.1333333333333333
CANON-e2e247ab4a68c3a2,2016,0.375
CANON-e3f346c9d44ba463,2016,0.25
CANON-e3ff4a00f3b88bce,2016,0.5833333333333333
CANON-e42e6e0429b57074,2016,0.2
CANON-e4b17fb477c8e2b5,2016,0.024390243902439
CANON-e63a7bc51aa34540,2016,0.3333333333333333
CANON-e789adf7a312471f,2016,0.0384615384615384
CANON-e84675bbbdbef94f,2016,0.5
CANON-e88901c261cfedb7,2016,0.0625
CANON-e9476a5b54fb3e56,2016,0.4
CANON-eadb734d86d4894a,2016,0.5
CANON-eadbbd3a5b0f3b79,2016,0.75
CANON-eb2bb158873b941d,2016,0.04
CANON-eb59220d2dbeaea1,2016,0.0833333333333333
CANON-eb80ffed190c8fc7,2016,0.5
CANON-ecb6881b72bbd109,2016,1.0
CANON-eec1ed111eed0600,2016,0.6000000000000001
CANON-ef7255fdd4605637,2016,0.2
CANON-efaf147fe0edf35e,2016,0.3333333333333333
CANON-efec52bee545b193,2016,0.3333333333333333
CANON-f12799a44e2abf81,2016,0.037037037037037
CANON-f17c04193d8d63e0,2016,0.5
CANON-f184439acafe45dd,2016,0.0945945945945946
CANON-f1974d31fe642819,2016,0.3636363636363636
CANON-f2455bdcf1836afc,2016,0.0625
CANON-f2af395c4d2164b7,2016,0.25
CANON-f2d165ab2efe10a4,2016,1.0
CANON-f2dcc5a4f963066e,2016,0.3333333333333333
CANON-f30ab7f1d32ada16,2016,1.0
CANON-f3e20e019c098179,2016,1.0
CANON-f4130fd1d0b9e55a,2016,0.4285714285714285
CANON-f489d51f9bd95125,2016,0.4444444444444444
CANON-f585800daa27a5b6,2016,0.1666666666666666
CANON-f6793c2e684ef503,2016,0.2
CANON-f8d6cff81657d1e6,2016,0.2
CANON-f9e72426ba7d244c,2016,0.25
CANON-fa3d0582684c8e9a,2016,0.1
CANON-fa85420aeebace93,2016,1.0
CANON-fab64a02b720acc3,2016,0.1538461538461538
CANON-fb0816f2a4cb8e85,2016,0.25
CANON-fb6fc715ab970537,2016,0.25
CANON-fc2e19e9b95be4c3,2016,0.3333333333333333
CANON-fcedebc2fdd1f9e1,2016,0.5
CANON-fd55d517bd16b71c,2016,0.3333333333333333
CANON-fd91a3245c3cddf4,2016,0.8
CANON-fe51566d84483a9c,2016,0.5
CANON-fe71f8c80f5b21d4,2016,0.125
CANON-fe95a67ec11d5bd1,2016,0.3333333333333333
CANON-feb3204add883242,2016,0.5
CANON-ff2179257889a601,2016,0.1538461538461538
CANON-ff686e82538f10e0,2016,0.1428571428571428
CANON-ffe8bdc647be8835,2016,0.125
CANON-00cdd309be3d6cde,2017,0.25
CANON-00cfa556de3ad8c2,2017,0.0384615384615384
CANON-01108237bc5ca32a,2017,0.5
CANON-011d6ac22312f3c5,2017,0.3333333333333333
CANON-018e393893a134a0,2017,0.2272727272727273
CANON-01d3cf264d5c9ea2,2017,1.0
CANON-01e51e8dc7624ec8,2017,0.3333333333333333
CANON-044d020c8dd86be9,2017,1.0
CANON-04953c58b1c2c721,2017,0.1111111111111111
CANON-05baa5c68ddbd0df,2017,0.1063829787234042
CANON-0a1129df1b380aeb,2017,1.0
CANON-0a46916fecfed3d1,2017,0.0666666666666666
CANON-0b5d6139d8a0f7dc,2017,0.5
CANON-0b8e23bda20f8938,2017,0.25
CANON-0b9eeed5597456ef,2017,0.1111111111111111
CANON-0cd369a3e20de252,2017,0.2
CANON-0d262fb0e1345986,2017,0.1428571428571428
CANON-0dd161efd2de5271,2017,0.5
CANON-0e08442ca94460e4,2017,0.1666666666666666
CANON-110d67e00f4de706,2017,0.4
CANON-11b44f9d03a29faa,2017,0.125
CANON-12241c5da202a821,2017,1.0
CANON-1282711b7a2c55c3,2017,0.2
CANON-13e578cf695fd078,2017,0.2
CANON-14172b08add3a36c,2017,0.1111111111111111
CANON-145a83f7a5e21e33,2017,1.0
CANON-159ab0a91a6e2aeb,2017,0.375
CANON-17242acd695afacc,2017,1.0
CANON-175bc6c323bce668,2017,0.2857142857142857
CANON-179f8e34bbc53ad9,2017,0.75
CANON-1810022ddb65e9a3,2017,0.5714285714285714
CANON-18334d87dafcb23b,2017,0.5
CANON-18b6a9bf786b88fe,2017,0.1666666666666666
CANON-191a86fa70090c93,2017,0.25
CANON-197821c07d42ad74,2017,0.3333333333333333
CANON-1a30faf9664a0a21,2017,0.0476190476190476
CANON-1a35f251e192869b,2017,1.0
CANON-1af6c4052170327e,2017,0.6000000000000001
CANON-1b85703d63d752a1,2017,0.375
CANON-1bcc9746ddb272c2,2017,0.5
CANON-1bd6fc98006a41a4,2017,0.1666666666666666
CANON-1bdbbf6f3ee3f219,2017,0.2
CANON-1bf058bb4b190fe8,2017,0.2
CANON-1c3813563afed4af,2017,0.25
CANON-1c77e5cb6295f5c3,2017,0.1428571428571428
CANON-1cf0360320f58c4b,2017,0.5
CANON-1df65e1349874f98,2017,0.0303030303030303
CANON-1ed16ecf2885292a,2017,0.5
CANON-1fb97aa080eb0c21,2017,1.0
CANON-20ead0a89fbddc7c,2017,1.0
CANON-211ed8793b6851c1,2017,0.5
CANON-21845aab2a851d23,2017,0.3333333333333333
CANON-221a572b6850ae88,2017,0.25
CANON-222be1f5e1e2793b,2017,0.25
CANON-224c3fc5db46f920,2017,0.6666666666666666
CANON-22e29a8fa6f3d360,2017,0.3333333333333333
CANON-23265b33f7c33993,2017,0.0606060606060606
CANON-239c83502c64c2de,2017,1.0
CANON-24667157797e159f,2017,0.25
CANON-24d4a96b6b556799,2017,0.6666666666666666
CANON-26012fa17f1cdc1d,2017,0.0666666666666666
CANON-2732816fa842ef5e,2017,1.0
CANON-2a7e7829456ebb98,2017,0.2857142857142857
CANON-2aa98d1472d9fae7,2017,0.125
CANON-2bda03134fc416e9,2017,0.1666666666666666
CANON-2bffe570676228ab,2017,0.1666666666666666
CANON-2e22caeef195b872,2017,0.1538461538461538
CANON-3126ab9673314918,2017,0.2
CANON-313950b9180b6260,2017,0.3333333333333333
CANON-3222b3c4aa88e86c,2017,0.1428571428571428
CANON-3291570ddd04fea0,2017,0.25
CANON-32e66aaf55c583a0,2017,0.25
CANON-344b3980a3f4f604,2017,0.3448275862068966
CANON-356ea7152e38ad9a,2017,0.6666666666666666
CANON-361231821e8d869b,2017,0.5
CANON-371c004bfad796c8,2017,0.5
CANON-385d169e6258fbd8,2017,0.5
CANON-3a33ec76797935c2,2017,0.5
CANON-3ae30fca4fe64977,2017,0.0833333333333333
CANON-3b1e11c26a818def,2017,0.6666666666666666
CANON-3c04f597f3236fcf,2017,0.1666666666666666
CANON-3c3ab2014f13c949,2017,0.6666666666666666
CANON-3d23193b9debeafa,2017,0.6666666666666666
CANON-3d296e34a8e100fb,2017,0.1111111111111111
CANON-3dc48a0a53373eda,2017,1.0
CANON-400a2b20309f2c84,2017,0.25
CANON-402d443f2f58ec23,2017,0.25
CANON-40b0705000abf1d6,2017,0.1428571428571428
CANON-40fc115d18f72848,2017,0.1666666666666666
CANON-41bc87a1b01a5921,2017,0.5
CANON-453a6b25135f7cd8,2017,1.0
CANON-469c0fc010284269,2017,0.3333333333333333
CANON-46c7473d34aa728a,2017,0.25
CANON-4761818aa1d1929f,2017,0.0526315789473684
CANON-477b025b8520a438,2017,0.6666666666666666
CANON-482425f64784f043,2017,1.0
CANON-48493c3bd7b607d5,2017,0.5
CANON-48d3fc3701e9d436,2017,0.5
CANON-4904cf56dbd01718,2017,0.125
CANON-49f70f284f8fcb00,2017,0.3333333333333333
CANON-4b29cc2e9759e174,2017,0.0769230769230769
CANON-4b69ffae7f6ca8da,2017,1.0
CANON-4c098997aae6941b,2017,1.0
CANON-4d788d0b60ef9948,2017,0.1111111111111111
CANON-4f0ff040308a30a5,2017,0.25
CANON-4f9878d5e9b6a105,2017,1.0
CANON-505295872ed7ba8e,2017,0.25
CANON-50b33ba4f5847200,2017,0.5
CANON-50e87e897f70f9bb,2017,0.0769230769230769
CANON-516e6867368eaa22,2017,0.3333333333333333
CANON-51b58aa45a8695a0,2017,0.3333333333333333
CANON-529eb42d07f07ade,2017,0.1666666666666666
CANON-53415d6ab5b2e23a,2017,0.25
CANON-53adc07844cee04e,2017,0.0714285714285714
CANON-5465bdaac89b917f,2017,1.0
CANON-54787243bddf5922,2017,0.1
CANON-550c24a0ed81d873,2017,0.1764705882352941
CANON-55b1d4eed3542a85,2017,0.3333333333333333
CANON-5633cf395a479743,2017,0.3333333333333333
CANON-5653d908aaff0ad4,2017,0.25
CANON-568ea3347b0c2c00,2017,0.3333333333333333
CANON-57490b9665fec712,2017,0.3333333333333333
CANON-5902a9569a2e291f,2017,0.3333333333333333
CANON-59b98e12ac06157c,2017,0.3333333333333333
CANON-5a8ea6665a0d003e,2017,0.2
CANON-5aaf2206c906a055,2017,0.6666666666666666
CANON-5ac5521ee24d5036,2017,0.25
CANON-5ba3424a613ca02a,2017,0.3333333333333333
CANON-5bb1251000dd2938,2017,0.3333333333333333
CANON-5c1e714e02640e86,2017,0.1666666666666666
CANON-5c52d766871b4ae4,2017,1.0
CANON-5c9356fe5b58f37a,2017,0.4
CANON-5c98cee725077cc0,2017,1.0
CANON-5cbb18f8f0a742ab,2017,0.2
CANON-5cccf34fbd0dcadf,2017,1.0
CANON-5cceac374c047991,2017,0.0909090909090909
CANON-5ceff93beb19cd81,2017,0.3333333333333333
CANON-5e7dfe76fe7447ec,2017,1.0
CANON-5ea31ea35b0b7a95,2017,1.0
CANON-5f3495c7d809207f,2017,0.3333333333333333
CANON-5f9af7265c235ffb,2017,0.0869565217391304
CANON-6014934ebbbef999,2017,0.1111111111111111
CANON-602d085c8b341995,2017,0.75
CANON-620e06fedefb1ec5,2017,1.0
CANON-62b30147430a4069,2017,0.4
CANON-62cc1150919ac077,2017,0.5
CANON-63760f44e57b922d,2017,0.1
CANON-6406e7563a0bb426,2017,0.4
CANON-65007f9ebf6b51f3,2017,0.6000000000000001
CANON-6502130609641323,2017,0.3333333333333333
CANON-65190a004fc022de,2017,0.5
CANON-6557efd6deea43a2,2017,0.25
CANON-65a60ecab8b2cacc,2017,0.3333333333333333
CANON-669f90ef27a80953,2017,0.375
CANON-66d9f5d09bdb32f7,2017,0.8888888888888888
CANON-66e6c3ebd246d4e8,2017,0.2278481012658227
CANON-691fd14dbf92dd09,2017,0.0909090909090909
CANON-6af70bb2c6542cd0,2017,0.3636363636363636
CANON-6ba38de28e8626d1,2017,1.0
CANON-6c8f8c13e61e03c0,2017,0.5
CANON-6ca2dd39aff3d8cd,2017,1.0
CANON-6cd15614afd2499f,2017,0.25
CANON-6df920925642796c,2017,1.0
CANON-6efb9cd11460e54d,2017,0.3333333333333333
CANON-704497cba0ed1f5a,2017,0.1
CANON-7192ea6fb6eec47b,2017,0.1666666666666666
CANON-72002a9d4fa4b6ef,2017,0.1
CANON-7501a044f45ec769,2017,0.6666666666666666
CANON-75fcf9022179a7d1,2017,0.2
CANON-76428b45fe10dbfe,2017,0.1818181818181818
CANON-76579f06450fbe1e,2017,1.0
CANON-76b58ebcec5d9c69,2017,0.25
CANON-76f8dd60cc22cec0,2017,0.5
CANON-77ddc0422088ac89,2017,0.25
CANON-78deb25213ac9f41,2017,0.125
CANON-79033790a0fc0d4a,2017,0.25
CANON-7923d118f9992602,2017,1.0
CANON-79ad72125da2c956,2017,0.1428571428571428
CANON-7a32ed15d148729a,2017,0.5
CANON-7a8bd3c18fbf6c57,2017,1.0
CANON-7aa4ba583898939d,2017,0.4666666666666667
CANON-7bd9e760bf8037db,2017,0.1111111111111111
CANON-7bfe8d3ec44a134d,2017,0.0526315789473684
CANON-7cbd0b9303d9e42e,2017,0.0816326530612244
CANON-7cc3fa51e468a812,2017,0.4
CANON-7d073e528d56f2ba,2017,0.5
CANON-7d2be00507a4fa6f,2017,0.0833333333333333
CANON-7d5fed1802187f87,2017,1.0
CANON-7f6c47b3bbc42b5e,2017,0.3333333333333333
CANON-80281f5998c4bac3,2017,0.1875
CANON-80c7f64a7df7150a,2017,0.1428571428571428
CANON-813d6ea3d4b75d6d,2017,1.0
CANON-818279c1f2300430,2017,0.2
CANON-8184f22edc693c2d,2017,0.1428571428571428
CANON-818c8b64a1f3895b,2017,1.0
CANON-81e1231cf4c76289,2017,0.1818181818181818
CANON-831b3fb13b53b29c,2017,0.2
CANON-841e1efe535060b3,2017,0.75
CANON-8443027c05864a3a,2017,0.25
CANON-852028cf0730311c,2017,0.0588235294117647
CANON-86141e354003e39c,2017,0.5
CANON-8623d9618772ee36,2017,1.0
CANON-86e036010b2a66eb,2017,0.1
CANON-8717492425d660bc,2017,0.3333333333333333
CANON-884acf4a8d027adb,2017,0.6000000000000001
CANON-8881fbae9e24024b,2017,1.0
CANON-8914f230763e3488,2017,0.3333333333333333
CANON-894100118e2aab42,2017,0.1428571428571428
CANON-89ce856e38542b0b,2017,0.6666666666666666
CANON-8aac5b1e01b2ad62,2017,0.4285714285714285
CANON-8b284a82d3c159b4,2017,1.0
CANON-8b2c778f7e9cd0bb,2017,0.5
CANON-8b6e070985b3b680,2017,1.0
CANON-8cc1cd3b6e8a5e65,2017,0.0833333333333333
CANON-8dbc368298235136,2017,0.5
CANON-8dff02ebb1540db1,2017,0.6666666666666666
CANON-8ea8bfe5f05696b4,2017,1.0
CANON-8f138883f1daf78b,2017,0.1428571428571428
CANON-8fcfa97f59c9e13a,2017,0.4444444444444444
CANON-8fd1e92725ba17aa,2017,1.0
CANON-9088bcd9a5633451,2017,1.0
CANON-90d6c2da4b86aada,2017,0.0526315789473684
CANON-90f37fe27ecf45a2,2017,0.2857142857142857
CANON-91184f83c6910d79,2017,0.3333333333333333
CANON-9217efdaa1a7cdfd,2017,0.1666666666666666
CANON-932da1cea758aae3,2017,0.1111111111111111
CANON-935ff61bcbe2e18b,2017,0.3333333333333333
CANON-93710e1b079a3321,2017,0.25
CANON-93ed708395e61508,2017,0.1
CANON-94624600bcccd2e4,2017,0.2727272727272727
CANON-9474356f820d2f9b,2017,0.25
CANON-94ba57bd83218d6d,2017,0.0833333333333333
CANON-9536e6c955469d4e,2017,0.1666666666666666
CANON-960a163c1f0ba8ab,2017,0.5
CANON-964a0ed891ebca98,2017,0.2
CANON-967ced924049a675,2017,0.2
CANON-968bad38db309bd5,2017,0.0344827586206896
CANON-9692448604a51c65,2017,0.1666666666666666
CANON-97099f3a860de060,2017,0.625
CANON-9733cab3669838e7,2017,0.2727272727272727
CANON-97c38ef07b3173c9,2017,0.1578947368421052
CANON-97e1b3b552fd42fe,2017,0.75
CANON-9876eba64c73548d,2017,0.0434782608695652
CANON-98e66c251c3b0ccb,2017,0.1666666666666666
CANON-99b99db587fded9e,2017,1.0
CANON-99f1d7dfce084c04,2017,0.6000000000000001
CANON-99f9a24162556f90,2017,0.3333333333333333
CANON-9b7f1a1ec81a0704,2017,1.0
CANON-9c225195c63654c1,2017,0.1818181818181818
CANON-9c5836fc8654ded0,2017,0.375
CANON-9caae92901609a44,2017,0.6666666666666666
CANON-9d49549b3e00143f,2017,0.4
CANON-9d72c0a34b837157,2017,0.25
CANON-9dcbebcf66284ed0,2017,0.6666666666666666
CANON-9e453045869edc80,2017,0.25
CANON-9f1a5f482db70366,2017,1.0
CANON-9f6cf95098ea6743,2017,0.1428571428571428
CANON-9fbce46bf486d820,2017,0.5
CANON-a0406cb4aa05cc07,2017,0.6666666666666666
CANON-a0ef7ac2156bc202,2017,0.375
CANON-a117eac7394fdb26,2017,0.2
CANON-a15b891c98ab536c,2017,0.6666666666666666
CANON-a2369eadac5298a8,2017,0.5
CANON-a2d93720d963bdb5,2017,0.5
CANON-a5342a348b1ca839,2017,0.125
CANON-a591bccf33e6ce01,2017,0.6000000000000001
CANON-a69dd5a93283b585,2017,0.0666666666666666
CANON-a853784960b2f50d,2017,1.0
CANON-a8ae8071c5a8ca7b,2017,0.0175438596491228
CANON-a9681e3b2b39c098,2017,0.4
CANON-a96d779f3816e4da,2017,0.5
CANON-a99732e0110c7d96,2017,1.0
CANON-a9a7766085ee00ae,2017,1.0
CANON-abd425832bcf9f84,2017,0.125
CANON-abd901e7cf4c0f40,2017,1.0
CANON-ac8b1de2cb6dbff6,2017,0.5
CANON-acb62a249a780373,2017,0.3333333333333333
CANON-ad3aebcb38fcbe1d,2017,0.5
CANON-addc8d1353620d99,2017,0.5384615384615385
CANON-ae5d13f3d5ddfba7,2017,1.0
CANON-af31a20e3dfe19ca,2017,1.0
CANON-afe158ca68c1c655,2017,0.5
CANON-b0599988a0ff65f1,2017,0.1428571428571428
CANON-b2a23d4de3de144c,2017,0.5
CANON-b3c9986aad1678bb,2017,0.1428571428571428
CANON-b52e00c796ff55a1,2017,0.5
CANON-b5a10f9b9314181e,2017,0.2
CANON-b5a58c27f437b943,2017,0.25
CANON-b5c1de52f5d044e7,2017,0.1379310344827586
CANON-b5d7b536ac2bce58,2017,0.5
CANON-b61fe3cfd67d5c79,2017,0.4
CANON-b6aa6412294cdf30,2017,0.0833333333333333
CANON-b8001027127f50e4,2017,0.8333333333333333
CANON-b8a7950e0ea2e40c,2017,0.125
CANON-b9020b6ccd04b080,2017,0.2222222222222222
CANON-b98adfa328c1ac52,2017,0.2
CANON-ba17338a2209db47,2017,0.1666666666666666
CANON-badcd2940575cee4,2017,0.2
CANON-bb8cb0fa1309b703,2017,0.1666666666666666
CANON-bccc6b57dcdec424,2017,0.1111111111111111
CANON-be42fe8615d17cea,2017,0.3333333333333333
CANON-be8d0b9e4c5ecc16,2017,0.25
CANON-beaa5cb5047eb136,2017,0.1538461538461538
CANON-c049c8721732bbe2,2017,0.3333333333333333
CANON-c0647d88999673d0,2017,0.5
CANON-c09158a134c8a02f,2017,0.1666666666666666
CANON-c2a207f0dcbd6afd,2017,0.1666666666666666
CANON-c39aee50dfe85068,2017,0.0769230769230769
CANON-c41bcfcd6dc8bd81,2017,1.0
CANON-c485bbcddca5e855,2017,0.125
CANON-c4937eea23d0955e,2017,0.2857142857142857
CANON-c49babc3e7b1c26f,2017,0.2
CANON-c713c2d2d5707364,2017,0.2
CANON-c739bab68f3f27f9,2017,0.2
CANON-c7e2caeadf66eaee,2017,0.6666666666666666
CANON-c8ebe201f3da436f,2017,0.1666666666666666
CANON-c9b8e7e1dd845ace,2017,0.5
CANON-ca0ad55331ef5cfd,2017,0.4285714285714285
CANON-ca8ddbaea1841530,2017,0.0833333333333333
CANON-ca90136e33856207,2017,0.5
CANON-cb66744cec123208,2017,0.1666666666666666
CANON-cbdee4c71d717c57,2017,0.2857142857142857
CANON-ccec821927e7b0cc,2017,0.2
CANON-cd32b0b08399b3fb,2017,0.3333333333333333
CANON-cdc4665da942e52d,2017,1.0
CANON-ce813f73621520cf,2017,0.1
CANON-cfaf4a25b4eefa77,2017,0.5
CANON-cffc33574a2c349c,2017,0.5833333333333333
CANON-d08d8acf911c805b,2017,0.0952380952380952
CANON-d1c29f20fc6ec4f6,2017,0.1666666666666666
CANON-d276f78b92262c7f,2017,1.0
CANON-d335dc5fb46c8b4f,2017,1.0
CANON-d37f63889a9b1490,2017,0.25
CANON-d50886b06166d052,2017,0.2857142857142857
CANON-d5c8366fbf8e508b,2017,0.1666666666666666
CANON-d5f968113367da93,2017,0.25
CANON-d8966094953cb951,2017,1.0
CANON-db1dbbf8ac21c993,2017,0.3333333333333333
CANON-dc9d02bc539c897e,2017,0.1428571428571428
CANON-dd4f1ad1a283ea23,2017,0.25
CANON-df5254773330bfeb,2017,0.1176470588235294
CANON-df6c09fea0a1633e,2017,1.0
CANON-e013a0cad2a92cb5,2017,1.0
CANON-e03ebe7af3504078,2017,0.1363636363636363
CANON-e123df637053d1be,2017,0.25
CANON-e12b1c742bd528d2,2017,0.0666666666666666
CANON-e27e890c69013913,2017,0.2
CANON-e2cd69f01b0d9e6c,2017,0.25
CANON-e2e247ab4a68c3a2,2017,0.375
CANON-e2ed4ac613f3b23f,2017,0.1428571428571428
CANON-e4b17fb477c8e2b5,2017,0.048780487804878
CANON-e61ac4ba5751725c,2017,0.1428571428571428
CANON-e789adf7a312471f,2017,0.0384615384615384
CANON-e8bec814ae549406,2017,0.125
CANON-e8d0845a659cbd29,2017,1.0
CANON-e9476a5b54fb3e56,2017,0.2
CANON-e97246bf5997f01d,2017,0.75
CANON-eae2aea130723c63,2017,0.3333333333333333
CANON-eb1d7c369485d73f,2017,1.0
CANON-eb2cf9e2befb8739,2017,0.5
CANON-eb59220d2dbeaea1,2017,0.1666666666666666
CANON-ee42c8399ca3c638,2017,0.3333333333333333
CANON-ef488f0fbdc0d821,2017,0.1428571428571428
CANON-f184439acafe45dd,2017,0.1148648648648648
CANON-f1974d31fe642819,2017,0.1818181818181818
CANON-f20a33d125cc4239,2017,0.3333333333333333
CANON-f2455bdcf1836afc,2017,0.125
CANON-f2af395c4d2164b7,2017,0.25
CANON-f4130fd1d0b9e55a,2017,0.2857142857142857
CANON-f4f8ee2cddeaafe0,2017,0.0588235294117647
CANON-f585800daa27a5b6,2017,0.5
CANON-f599012a71396255,2017,0.2
CANON-f9e72426ba7d244c,2017,0.25
CANON-fa3d0582684c8e9a,2017,0.1
CANON-fab64a02b720acc3,2017,0.3076923076923077
CANON-fad9c872bd920e42,2017,1.0
CANON-fae953e8a46539ee,2017,1.0
CANON-fb0816f2a4cb8e85,2017,0.25
CANON-fb6fc715ab970537,2017,0.2916666666666666
CANON-fcfda125983d5616,2017,1.0
CANON-fd91a3245c3cddf4,2017,0.2
CANON-fe71f8c80f5b21d4,2017,0.25
CANON-fe95a67ec11d5bd1,2017,0.3333333333333333
CANON-ff2179257889a601,2017,0.0769230769230769
CANON-ffdabb80fceac544,2017,0.3333333333333333
CANON-ffe8bdc647be8835,2017,0.25
CANON-00cdd309be3d6cde,2018,0.25
CANON-00cfa556de3ad8c2,2018,0.5384615384615385
CANON-011d6ac22312f3c5,2018,0.3333333333333333
CANON-018e393893a134a0,2018,0.0454545454545454
CANON-01e51e8dc7624ec8,2018,0.3333333333333333
CANON-038f9e717e30ac83,2018,0.1764705882352941
CANON-047d4a9cc9e4feaa,2018,0.6666666666666666
CANON-04953c58b1c2c721,2018,0.2222222222222222
CANON-051c220321e4c49f,2018,1.0
CANON-05baa5c68ddbd0df,2018,0.0106382978723404
CANON-0614efa61e81250c,2018,0.4
CANON-093f1993a308de2a,2018,0.2
CANON-0a46916fecfed3d1,2018,0.2
CANON-0b8e23bda20f8938,2018,0.25
CANON-0b9eeed5597456ef,2018,0.1111111111111111
CANON-0bf48794142aa2fb,2018,0.5
CANON-0ca40cf9cee62a38,2018,0.5
CANON-0d494b799ef68bcd,2018,1.0
CANON-0dd161efd2de5271,2018,0.5
CANON-0f0eec83dac3de17,2018,0.5
CANON-110808eff8d2f05d,2018,1.0
CANON-110d67e00f4de706,2018,0.1
CANON-11b44f9d03a29faa,2018,0.125
CANON-1282711b7a2c55c3,2018,0.6000000000000001
CANON-13486832b28b8a8b,2018,0.2
CANON-175bc6c323bce668,2018,0.1428571428571428
CANON-191a86fa70090c93,2018,0.75
CANON-197821c07d42ad74,2018,0.6666666666666666
CANON-1a30faf9664a0a21,2018,0.0476190476190476
CANON-1af6c4052170327e,2018,0.4
CANON-1b85703d63d752a1,2018,0.125
CANON-1bcc9746ddb272c2,2018,0.5
CANON-1bf058bb4b190fe8,2018,0.2
CANON-1c3813563afed4af,2018,0.25
CANON-1d3bda06c00e5e19,2018,0.0909090909090909
CANON-1df65e1349874f98,2018,0.0303030303030303
CANON-1e58f072f3aad8d7,2018,0.5
CANON-1e770dae39b0a24f,2018,0.3333333333333333
CANON-211ed8793b6851c1,2018,0.25
CANON-21845aab2a851d23,2018,0.6666666666666666
CANON-224c3fc5db46f920,2018,0.3333333333333333
CANON-22e29a8fa6f3d360,2018,0.3333333333333333
CANON-23265b33f7c33993,2018,0.0909090909090909
CANON-24667157797e159f,2018,0.25
CANON-24d4a96b6b556799,2018,0.3333333333333333
CANON-259ad4c511448190,2018,0.5
CANON-26012fa17f1cdc1d,2018,0.1333333333333333
CANON-2621b79067996813,2018,0.25
CANON-28402188888b3df6,2018,0.3333333333333333
CANON-28557447b09d020e,2018,0.5
CANON-288d74eeaae9ae4f,2018,0.3333333333333333
CANON-29113d0672f8ca45,2018,0.25
CANON-2974f016a8efd3ee,2018,1.0
CANON-2a743579eb9e1add,2018,0.6000000000000001
CANON-2bda03134fc416e9,2018,0.2916666666666666
CANON-2be8d2818216b701,2018,0.5
CANON-2bfaad5cc0c04d5b,2018,0.4
CANON-2bffe570676228ab,2018,0.1666666666666666
CANON-2ddf2b7245c1bb99,2018,0.5
CANON-2e22caeef195b872,2018,0.2307692307692307
CANON-2e9b5ce0ee1c0d6c,2018,0.25
CANON-2ebcb1980f286f29,2018,1.0
CANON-2f5647aae51bfd33,2018,0.1428571428571428
CANON-304b3cff5e56f37c,2018,0.25
CANON-313950b9180b6260,2018,0.6666666666666666
CANON-3222b3c4aa88e86c,2018,0.4285714285714285
CANON-3291570ddd04fea0,2018,0.25
CANON-32e66aaf55c583a0,2018,0.75
CANON-344b3980a3f4f604,2018,0.1379310344827586
CANON-34a5eaec6b1367d7,2018,1.0
CANON-360e76430b33e228,2018,0.25
CANON-36e71a498c045300,2018,0.75
CANON-3806ccbb66482110,2018,0.25
CANON-3a02e6b8fc772ff5,2018,0.5
CANON-3b1e11c26a818def,2018,0.3333333333333333
CANON-3d296e34a8e100fb,2018,0.1111111111111111
CANON-3ee729dac581a40b,2018,0.5
CANON-40b0705000abf1d6,2018,0.2142857142857142
CANON-4113b11fc2b11419,2018,0.25
CANON-4157f70d10d4737b,2018,1.0
CANON-42f624a37e4a969b,2018,0.4
CANON-43c32e2cf8b31b3c,2018,0.5
CANON-469c0fc010284269,2018,0.3333333333333333
CANON-4761818aa1d1929f,2018,0.0526315789473684
CANON-47e9401d28e55526,2018,0.3333333333333333
CANON-4904cf56dbd01718,2018,0.125
CANON-49f70f284f8fcb00,2018,0.6666666666666666
CANON-4b10778f44d3e046,2018,1.0
CANON-4cf6117e09c4d765,2018,0.5
CANON-4d93ceb8cd8f0bbe,2018,0.25
CANON-4f0ff040308a30a5,2018,0.25
CANON-505295872ed7ba8e,2018,0.25
CANON-50b33ba4f5847200,2018,0.5
CANON-516e6867368eaa22,2018,0.6666666666666666
CANON-529eb42d07f07ade,2018,0.1666666666666666
CANON-52f140e4335c3542,2018,0.1764705882352941
CANON-53bbd99415991bb0,2018,0.2
CANON-54787243bddf5922,2018,0.0666666666666666
CANON-54f1a113ae41a2a1,2018,0.3333333333333333
CANON-55b1d4eed3542a85,2018,0.6666666666666666
CANON-57490b9665fec712,2018,0.6666666666666666
CANON-575a840d46111605,2018,0.5
CANON-5ba3424a613ca02a,2018,0.6666666666666666
CANON-5c1e714e02640e86,2018,0.1666666666666666
CANON-5c474ec6fb6ac9f6,2018,1.0
CANON-5c9356fe5b58f37a,2018,0.6000000000000001
CANON-5cbb18f8f0a742ab,2018,0.6000000000000001
CANON-5f25be9f8cbe7c69,2018,0.0625
CANON-5f3495c7d809207f,2018,0.6666666666666666
CANON-5f9af7265c235ffb,2018,0.1304347826086956
CANON-6014934ebbbef999,2018,0.3333333333333333
CANON-61f8d5a6dc7275d7,2018,0.1428571428571428
CANON-62588ba5363ad7a0,2018,0.1428571428571428
CANON-62b30147430a4069,2018,0.2
CANON-65190a004fc022de,2018,0.5
CANON-65a60ecab8b2cacc,2018,0.3333333333333333
CANON-669f90ef27a80953,2018,0.125
CANON-66e6c3ebd246d4e8,2018,0.4683544303797468
CANON-691fd14dbf92dd09,2018,0.3636363636363636
CANON-6af70bb2c6542cd0,2018,0.3636363636363636
CANON-6b1b0b19737c87d0,2018,0.3333333333333333
CANON-6d870b54d6ab063e,2018,0.125
CANON-6efb9cd11460e54d,2018,0.3333333333333333
CANON-70034f67265e64f2,2018,1.0
CANON-704497cba0ed1f5a,2018,0.0666666666666666
CANON-7192ea6fb6eec47b,2018,0.0833333333333333
CANON-71f769b5586cd6f8,2018,0.1666666666666666
CANON-72002a9d4fa4b6ef,2018,0.9
CANON-74bf1881851955da,2018,0.6666666666666666
CANON-76160928755f7308,2018,0.1
CANON-76428b45fe10dbfe,2018,0.5454545454545454
CANON-76b58ebcec5d9c69,2018,0.25
CANON-78779720d9561dc5,2018,0.5
CANON-78deb25213ac9f41,2018,0.375
CANON-7aa4ba583898939d,2018,0.0666666666666666
CANON-7bfe8d3ec44a134d,2018,0.0526315789473684
CANON-7c2472d570f6c943,2018,1.0
CANON-7cbd0b9303d9e42e,2018,0.0204081632653061
CANON-7f6c47b3bbc42b5e,2018,0.5
CANON-7f94e6be18d5c293,2018,0.5
CANON-7fb60b1952a11c1c,2018,1.0
CANON-80281f5998c4bac3,2018,0.0625
CANON-80c7f64a7df7150a,2018,0.1428571428571428
CANON-8184f22edc693c2d,2018,0.2857142857142857
CANON-81e1231cf4c76289,2018,0.3636363636363636
CANON-83fe2609899a13a3,2018,0.5
CANON-8443027c05864a3a,2018,0.125
CANON-852028cf0730311c,2018,0.1764705882352941
CANON-8599d327d62431f4,2018,0.0833333333333333
CANON-8599e324945b4d2d,2018,0.45
CANON-8658ed1f959cd0ad,2018,1.0
CANON-86e036010b2a66eb,2018,0.1
CANON-8717492425d660bc,2018,0.3333333333333333
CANON-875c381e4202efa8,2018,0.25
CANON-884acf4a8d027adb,2018,0.4
CANON-8914f230763e3488,2018,0.3333333333333333
CANON-8aa08a122c207edd,2018,0.0909090909090909
CANON-8c4ef555e4a1235b,2018,1.0
CANON-8ccda80769fd6622,2018,0.25
CANON-8d576eb35c39dfa6,2018,0.2857142857142857
CANON-8f52d31b5cd47754,2018,1.0
CANON-90d6c2da4b86aada,2018,0.1052631578947368
CANON-91184f83c6910d79,2018,0.6666666666666666
CANON-9217efdaa1a7cdfd,2018,0.2083333333333333
CANON-928c166bcfbb5f0f,2018,0.5
CANON-932da1cea758aae3,2018,0.1111111111111111
CANON-934b16c0db009d9e,2018,0.6666666666666666
CANON-935ff61bcbe2e18b,2018,0.3333333333333333
CANON-93ed708395e61508,2018,0.1
CANON-94624600bcccd2e4,2018,0.0909090909090909
CANON-946c60075e010a92,2018,0.25
CANON-9536e6c955469d4e,2018,0.6666666666666666
CANON-964a0ed891ebca98,2018,0.6000000000000001
CANON-967ced924049a675,2018,0.2
CANON-9680e4e35642624d,2018,0.25
CANON-968bad38db309bd5,2018,0.0344827586206896
CANON-9692448604a51c65,2018,0.25
CANON-969a895fc0987b14,2018,0.2
CANON-97c38ef07b3173c9,2018,0.1052631578947368
CANON-980547d8fe39dc15,2018,1.0
CANON-9876eba64c73548d,2018,0.1304347826086956
CANON-98e66c251c3b0ccb,2018,0.1666666666666666
CANON-996f8f5bd0dc3890,2018,0.1666666666666666
CANON-99f1d7dfce084c04,2018,0.4
CANON-99f9a24162556f90,2018,0.3333333333333333
CANON-9c225195c63654c1,2018,0.0909090909090909
CANON-9c33bd10b8282199,2018,1.0
CANON-9cd1f7a13ce3eace,2018,0.125
CANON-9d72c0a34b837157,2018,0.25
CANON-9db8fd32e008c01e,2018,0.3333333333333333
CANON-9e4d84f4d466d9ec,2018,0.5
CANON-9fbce46bf486d820,2018,0.5
CANON-a005b8c2b9f22332,2018,0.5
CANON-a201c000217ea1fa,2018,1.0
CANON-a38249acdd6f6e09,2018,1.0
CANON-a5342a348b1ca839,2018,0.125
CANON-a591bccf33e6ce01,2018,0.4
CANON-a7958915da89c588,2018,0.4
CANON-a83a095e83a2b156,2018,0.5
CANON-a9398002ecb8d8dd,2018,1.0
CANON-a9681e3b2b39c098,2018,0.0666666666666666
CANON-ab9277bc8e323c78,2018,0.5
CANON-abd425832bcf9f84,2018,0.5
CANON-ac8b1de2cb6dbff6,2018,0.5
CANON-ad864f34cde60800,2018,0.1111111111111111
CANON-addc8d1353620d99,2018,0.3846153846153846
CANON-ae77817eb7b17a44,2018,0.5
CANON-af1784f71848867a,2018,0.6666666666666666
CANON-afe158ca68c1c655,2018,0.5
CANON-b2b02eb293b8839c,2018,0.5
CANON-b3c9986aad1678bb,2018,0.2857142857142857
CANON-b3f116dc7480cea6,2018,0.5
CANON-b3f2e2a74bafe4ef,2018,0.5
CANON-b4274e00dd799ad7,2018,0.6666666666666666
CANON-b44e4c43a61d4adb,2018,0.5
CANON-b545dea14874f53b,2018,0.25
CANON-b5a10f9b9314181e,2018,0.4
CANON-b5c1de52f5d044e7,2018,0.2413793103448275
CANON-b61fe3cfd67d5c79,2018,0.6000000000000001
CANON-b8a7950e0ea2e40c,2018,0.125
CANON-b9020b6ccd04b080,2018,0.2222222222222222
CANON-b98adfa328c1ac52,2018,0.4
CANON-bb8cb0fa1309b703,2018,0.1666666666666666
CANON-bccc6b57dcdec424,2018,0.3333333333333333
CANON-bd9b8e7976d25c9f,2018,1.0
CANON-bdba9008181a0344,2018,0.5
CANON-bdec6a433fa8338e,2018,0.6000000000000001
CANON-beaa5cb5047eb136,2018,0.1538461538461538
CANON-c09158a134c8a02f,2018,0.8333333333333333
CANON-c16786b44f2d6b99,2018,0.1666666666666666
CANON-c2a207f0dcbd6afd,2018,0.1666666666666666
CANON-c39aee50dfe85068,2018,0.0769230769230769
CANON-c485bbcddca5e855,2018,0.5
CANON-c4937eea23d0955e,2018,0.1428571428571428
CANON-c51ca07769ec1e00,2018,1.0
CANON-c739bab68f3f27f9,2018,0.6000000000000001
CANON-c8e116d187175461,2018,1.0
CANON-ca0ad55331ef5cfd,2018,0.1428571428571428
CANON-cb4054da160f44a3,2018,0.2
CANON-cbadd30c30003a4c,2018,0.2
CANON-cbdee4c71d717c57,2018,0.2857142857142857
CANON-cc639bea2ce3ca91,2018,0.25
CANON-cc73936694d6b232,2018,0.25
CANON-cd32b0b08399b3fb,2018,0.3333333333333333
CANON-ce813f73621520cf,2018,0.1
CANON-cedb9d1559b5d6ac,2018,0.1111111111111111
CANON-cf031722ffa08180,2018,0.4
CANON-cfaf4a25b4eefa77,2018,0.5
CANON-d08d8acf911c805b,2018,0.4761904761904761
CANON-d146b8a8c7dc1e2f,2018,0.4
CANON-d1c29f20fc6ec4f6,2018,0.2083333333333333
CANON-d2bed1724faa7372,2018,0.3333333333333333
CANON-d4769f344849da34,2018,1.0
CANON-d53d8e5e6eefd329,2018,0.5
CANON-d5f968113367da93,2018,0.25
CANON-d730c113b9f0aea9,2018,0.5714285714285714
CANON-d84566bc0fe9c517,2018,0.1428571428571428
CANON-d88cb3b31a9e0ab6,2018,0.5
CANON-da683e3b8c7e2d23,2018,1.0
CANON-da8289b7602c65f7,2018,1.0
CANON-dabb6358a60c3270,2018,0.5
CANON-dc20a439d38eff64,2018,1.0
CANON-dc9d02bc539c897e,2018,0.2142857142857142
CANON-decef70ca687dbfd,2018,0.5
CANON-df5254773330bfeb,2018,0.1176470588235294
CANON-e03ebe7af3504078,2018,0.6818181818181819
CANON-e105f69e5aaa45c3,2018,0.5
CANON-e123df637053d1be,2018,0.25
CANON-e12b1c742bd528d2,2018,0.1333333333333333
CANON-e27e890c69013913,2018,0.2
CANON-e2cd69f01b0d9e6c,2018,0.25
CANON-e2ed4ac613f3b23f,2018,0.1428571428571428
CANON-e3f346c9d44ba463,2018,0.5
CANON-e479eab5f6bff0e7,2018,0.8333333333333333
CANON-e4aaf0e537d09be5,2018,0.3333333333333333
CANON-e4b17fb477c8e2b5,2018,0.3414634146341463
CANON-e567c5f26cc2cb9d,2018,0.5
CANON-e789adf7a312471f,2018,0.0384615384615384
CANON-e8bec814ae549406,2018,0.125
CANON-eb59220d2dbeaea1,2018,0.25
CANON-efaf147fe0edf35e,2018,0.3333333333333333
CANON-efec52bee545b193,2018,0.6666666666666666
CANON-f184439acafe45dd,2018,0.1486486486486486
CANON-f2455bdcf1836afc,2018,0.4375
CANON-f2869e75be09cb45,2018,0.25
CANON-f35e2e473c1f1f19,2018,1.0
CANON-f4f8ee2cddeaafe0,2018,0.1176470588235294
CANON-f50588f297c26898,2018,1.0
CANON-f585800daa27a5b6,2018,0.0833333333333333
CANON-f5ba8d772dcec5d2,2018,0.6666666666666666
CANON-f6793c2e684ef503,2018,0.8
CANON-f6e8a5f139233c14,2018,0.1666666666666666
CANON-f7ae9189b2f173ca,2018,0.4285714285714285
CANON-f86c792971429787,2018,1.0
CANON-f9b0323209563f78,2018,0.3333333333333333
CANON-f9cb7392074c5580,2018,0.5
CANON-f9e72426ba7d244c,2018,0.25
CANON-fa3d0582684c8e9a,2018,0.1
CANON-fa58e99337d4eddd,2018,0.6666666666666666
CANON-fab64a02b720acc3,2018,0.0769230769230769
CANON-fb6fc715ab970537,2018,0.125
CANON-fe4ffb89be02b96c,2018,1.0
CANON-fe71f8c80f5b21d4,2018,0.3125
CANON-fef3609f41e7904d,2018,1.0
CANON-ff2179257889a601,2018,0.0769230769230769
CANON-ff686e82538f10e0,2018,0.5714285714285714
CANON-ffdabb80fceac544,2018,0.3333333333333333
CANON-00cfa556de3ad8c2,2019,0.3076923076923077
CANON-018e393893a134a0,2019,0.0909090909090909
CANON-038f9e717e30ac83,2019,0.6470588235294118
CANON-040fe10075104386,2019,0.3333333333333333
CANON-04953c58b1c2c721,2019,0.1111111111111111
CANON-093f1993a308de2a,2019,0.2
CANON-0a46916fecfed3d1,2019,0.1333333333333333
CANON-0b9eeed5597456ef,2019,0.4444444444444444
CANON-0bbee46a86c7bb23,2019,0.5
CANON-0d262fb0e1345986,2019,0.1428571428571428
CANON-0e08442ca94460e4,2019,0.1666666666666666
CANON-10395a2472c4f151,2019,1.0
CANON-110d67e00f4de706,2019,0.3
CANON-11b44f9d03a29faa,2019,0.625
CANON-13e578cf695fd078,2019,0.4
CANON-14172b08add3a36c,2019,0.1111111111111111
CANON-141744b4951c729a,2019,0.3333333333333333
CANON-15b0f9e95ef8567e,2019,0.75
CANON-1a30faf9664a0a21,2019,0.0476190476190476
CANON-1b85703d63d752a1,2019,0.25
CANON-1bb31545768d8735,2019,0.3333333333333333
CANON-1bf058bb4b190fe8,2019,0.2
CANON-1c77e5cb6295f5c3,2019,0.1428571428571428
CANON-1cf0360320f58c4b,2019,0.5
CANON-1d3bda06c00e5e19,2019,0.1818181818181818
CANON-1df65e1349874f98,2019,0.0303030303030303
CANON-1e770dae39b0a24f,2019,0.6666666666666666
CANON-222be1f5e1e2793b,2019,0.25
CANON-23265b33f7c33993,2019,0.1818181818181818
CANON-256a4ddb117e6c34,2019,0.1666666666666666
CANON-259ad4c511448190,2019,0.5
CANON-26012fa17f1cdc1d,2019,0.2
CANON-28557447b09d020e,2019,0.5
CANON-288d74eeaae9ae4f,2019,0.3333333333333333
CANON-29113d0672f8ca45,2019,0.25
CANON-2986620689cffb17,2019,1.0
CANON-29fe40c9fedacaac,2019,0.25
CANON-2a7cf9f5964299e1,2019,1.0
CANON-2a7e7829456ebb98,2019,0.2857142857142857
CANON-2ab42ca4cd6b1ba1,2019,0.3333333333333333
CANON-2bda03134fc416e9,2019,0.2083333333333333
CANON-2bec538a550edc5d,2019,0.5
CANON-2d25838f3ce1226e,2019,0.1428571428571428
CANON-2d9aeab952f49393,2019,0.2
CANON-2ddf2b7245c1bb99,2019,0.5
CANON-2e9b5ce0ee1c0d6c,2019,0.25
CANON-2eb03ba5c6a0bf54,2019,0.5
CANON-2f5647aae51bfd33,2019,0.1428571428571428
CANON-304b3cff5e56f37c,2019,0.75
CANON-3222b3c4aa88e86c,2019,0.1428571428571428
CANON-3291570ddd04fea0,2019,0.5
CANON-371fa5b2ca84f573,2019,1.0
CANON-37d9a289cd029343,2019,0.1428571428571428
CANON-386f272779e12fcf,2019,1.0
CANON-395af9726f48124d,2019,0.5
CANON-3a02e6b8fc772ff5,2019,0.5
CANON-3a4ed2fa5fe5810a,2019,1.0
CANON-3ae30fca4fe64977,2019,0.1666666666666666
CANON-3b745d313884b00c,2019,0.5
CANON-3c21f2cfa32d90d7,2019,0.3333333333333333
CANON-3cbb34c09c36d44e,2019,1.0
CANON-3d296e34a8e100fb,2019,0.2222222222222222
CANON-3de1ea0206383306,2019,1.0
CANON-3fe7d118ecf764a8,2019,0.1428571428571428
CANON-400a2b20309f2c84,2019,0.25
CANON-402d443f2f58ec23,2019,0.5
CANON-4061ce81533ae794,2019,0.3333333333333333
CANON-40b0705000abf1d6,2019,0.0714285714285714
CANON-40cda198f957272a,2019,0.2
CANON-4113b11fc2b11419,2019,0.25
CANON-41bd5f44cf6480bd,2019,0.5
CANON-42f624a37e4a969b,2019,0.2
CANON-453587da0871559e,2019,0.5
CANON-469c0fc010284269,2019,0.3333333333333333
CANON-4761818aa1d1929f,2019,0.1052631578947368
CANON-47e9401d28e55526,2019,0.3333333333333333
CANON-47f088cb59e8b168,2019,0.5
CANON-48b985ba46c7becd,2019,1.0
CANON-4904cf56dbd01718,2019,0.75
CANON-496ae5c61772b68b,2019,0.6666666666666666
CANON-4b3f5e045a8e0468,2019,1.0
CANON-4b6c6043a33d6ce5,2019,0.4
CANON-4bf6212ac720776b,2019,1.0
CANON-4cb854e17ca37685,2019,1.0
CANON-4cbd5de45f86724f,2019,1.0
CANON-4d788d0b60ef9948,2019,0.5555555555555556
CANON-4d93ceb8cd8f0bbe,2019,0.5
CANON-505295872ed7ba8e,2019,0.5
CANON-50e87e897f70f9bb,2019,0.0769230769230769
CANON-51468f64cef44217,2019,1.0
CANON-529eb42d07f07ade,2019,0.3333333333333333
CANON-52f140e4335c3542,2019,0.6470588235294118
CANON-53adc07844cee04e,2019,0.0714285714285714
CANON-53bbd99415991bb0,2019,0.6000000000000001
CANON-54787243bddf5922,2019,0.0333333333333333
CANON-551d7cb3737fb9ae,2019,1.0
CANON-560a8de564e05d38,2019,0.4
CANON-5633cf395a479743,2019,0.3333333333333333
CANON-5653d908aaff0ad4,2019,0.25
CANON-5774c6cd826c65a6,2019,0.75
CANON-59b98e12ac06157c,2019,0.1666666666666666
CANON-59f1b14a3ff9354f,2019,0.05
CANON-5a49a4c2e070f000,2019,1.0
CANON-5c1e714e02640e86,2019,0.3333333333333333
CANON-5f25be9f8cbe7c69,2019,0.3125
CANON-5f9af7265c235ffb,2019,0.3260869565217391
CANON-6014934ebbbef999,2019,0.2222222222222222
CANON-61e6ce7637ba418e,2019,0.5
CANON-65024f9defe8815d,2019,1.0
CANON-676aa552d8016db6,2019,1.0
CANON-691fd14dbf92dd09,2019,0.5454545454545454
CANON-6b1b0b19737c87d0,2019,0.6666666666666666
CANON-6bd5ee995747c63c,2019,0.3333333333333333
CANON-6c8f8c13e61e03c0,2019,0.5
CANON-6fe64034af279087,2019,0.1666666666666666
CANON-704497cba0ed1f5a,2019,0.1333333333333333
CANON-713317a3faadbf94,2019,0.5714285714285714
CANON-71337e6028ab8f05,2019,0.5
CANON-7192ea6fb6eec47b,2019,0.1666666666666666
CANON-71bf64804fe177db,2019,0.5
CANON-71f769b5586cd6f8,2019,0.1666666666666666
CANON-740fb175bf062043,2019,0.2
CANON-75fcf9022179a7d1,2019,0.2
CANON-76428b45fe10dbfe,2019,0.0909090909090909
CANON-78779720d9561dc5,2019,0.5
CANON-79ad72125da2c956,2019,0.4285714285714285
CANON-7a13d4e6142db91b,2019,0.3333333333333333
CANON-7bd9e760bf8037db,2019,0.6666666666666666
CANON-7bfe8d3ec44a134d,2019,0.3684210526315789
CANON-7c452764ac2dc1d8,2019,1.0
CANON-7db66373f24d2fe8,2019,1.0
CANON-7de7206bd4ac7330,2019,1.0
CANON-7e77163aa8a0e789,2019,0.2
CANON-7ee66b6b99aa13ba,2019,0.1
CANON-80281f5998c4bac3,2019,0.0625
CANON-8184f22edc693c2d,2019,0.1428571428571428
CANON-81e1231cf4c76289,2019,0.3636363636363636
CANON-8260d6ba0f022acf,2019,0.25
CANON-831b3fb13b53b29c,2019,0.6000000000000001
CANON-852028cf0730311c,2019,0.2352941176470588
CANON-858d6e7056006d0f,2019,0.75
CANON-8599e324945b4d2d,2019,0.5
CANON-85f888aac6ca58b2,2019,0.3333333333333333
CANON-86c3f766265d58c4,2019,1.0
CANON-86c7579520b2e919,2019,0.3333333333333333
CANON-86e036010b2a66eb,2019,0.3
CANON-8914f230763e3488,2019,0.3333333333333333
CANON-89745f08b6fd3b84,2019,0.5
CANON-8aa08a122c207edd,2019,0.0909090909090909
CANON-8b2c778f7e9cd0bb,2019,0.5
CANON-8c93e8dd694e1f80,2019,0.5
CANON-8ece5f86472a3b69,2019,0.5
CANON-8f138883f1daf78b,2019,0.2857142857142857
CANON-90d6c2da4b86aada,2019,0.1052631578947368
CANON-932da1cea758aae3,2019,0.2222222222222222
CANON-93ed708395e61508,2019,0.1
CANON-94624600bcccd2e4,2019,0.5454545454545454
CANON-946c60075e010a92,2019,0.25
CANON-94e196d1a3c419ab,2019,0.1428571428571428
CANON-9546e0e26fc0bce6,2019,0.4
CANON-967ced924049a675,2019,0.2
CANON-9680e4e35642624d,2019,0.75
CANON-968bad38db309bd5,2019,0.0344827586206896
CANON-9692448604a51c65,2019,0.3333333333333333
CANON-969a895fc0987b14,2019,0.2
CANON-971a11c033d93738,2019,0.5
CANON-9733cab3669838e7,2019,0.3636363636363636
CANON-97393619a0e2460d,2019,0.5
CANON-97c38ef07b3173c9,2019,0.0526315789473684
CANON-9876eba64c73548d,2019,0.5652173913043478
CANON-98e66c251c3b0ccb,2019,0.1666666666666666
CANON-9931ed82ae5a7501,2019,1.0
CANON-996f8f5bd0dc3890,2019,0.5
CANON-9a481315471c8cda,2019,0.1
CANON-9cd1f7a13ce3eace,2019,0.125
CANON-9d72c0a34b837157,2019,0.25
CANON-9e4d84f4d466d9ec,2019,0.25
CANON-9e5a50cce2816d0e,2019,0.2
CANON-9ea936ace68a225e,2019,0.5
CANON-9f3853028973177b,2019,0.125
CANON-9f92a15a77165d1d,2019,0.2
CANON-a079070e3a0b2ab9,2019,1.0
CANON-a117eac7394fdb26,2019,0.8
CANON-a293601832ea8423,2019,0.375
CANON-a2e3818afd01b431,2019,0.3333333333333333
CANON-a3d7997d10a45f85,2019,0.6666666666666666
CANON-a5342a348b1ca839,2019,0.25
CANON-a68efbc64a18653e,2019,1.0
CANON-a7958915da89c588,2019,0.4
CANON-a83a095e83a2b156,2019,0.5
CANON-a8ae8071c5a8ca7b,2019,0.0350877192982456
CANON-a9681e3b2b39c098,2019,0.0666666666666666
CANON-ab738eeb1d6a07dc,2019,0.5
CANON-abd41bc4efd36f90,2019,1.0
CANON-abd425832bcf9f84,2019,0.125
CANON-ac0e44c0dd4c8409,2019,0.1666666666666666
CANON-ac1489ca1cb551a5,2019,1.0
CANON-ad864f34cde60800,2019,0.5555555555555556
CANON-ad9473407749c546,2019,0.1666666666666666
CANON-b0599988a0ff65f1,2019,0.5714285714285714
CANON-b08925405f99641e,2019,0.3333333333333333
CANON-b2b02eb293b8839c,2019,0.5
CANON-b2b49478b0c6c30d,2019,1.0
CANON-b3c9986aad1678bb,2019,0.1428571428571428
CANON-b3f116dc7480cea6,2019,0.5
CANON-b3f2e2a74bafe4ef,2019,0.5
CANON-b417567ae2720f12,2019,1.0
CANON-b4274e00dd799ad7,2019,0.3333333333333333
CANON-b44e4c43a61d4adb,2019,0.5
CANON-b51d8e90b40a1509,2019,0.6000000000000001
CANON-b52a4f0cddcb7e69,2019,0.5
CANON-b545dea14874f53b,2019,0.75
CANON-b5a10f9b9314181e,2019,0.2
CANON-b6aa6412294cdf30,2019,0.0833333333333333
CANON-b793eec36b376aa6,2019,0.3333333333333333
CANON-b96313451a444ea5,2019,0.25
CANON-bb8cb0fa1309b703,2019,0.3333333333333333
CANON-bbdb61ee928be4eb,2019,0.2
CANON-bccc6b57dcdec424,2019,0.3333333333333333
CANON-bdb9cbba7e1d6591,2019,0.5555555555555556
CANON-bdba9008181a0344,2019,0.5
CANON-bddd213727efba48,2019,1.0
CANON-be42fe8615d17cea,2019,0.5
CANON-c1ec1db6904c4097,2019,0.3333333333333333
CANON-c2a207f0dcbd6afd,2019,0.5
CANON-c3660b58487e99c5,2019,0.25
CANON-c39aee50dfe85068,2019,0.0769230769230769
CANON-c482b84884768763,2019,0.6666666666666666
CANON-c49babc3e7b1c26f,2019,0.2
CANON-c739bab68f3f27f9,2019,0.2
CANON-c8ebe201f3da436f,2019,0.1666666666666666
CANON-ca0ad55331ef5cfd,2019,0.4285714285714285
CANON-ca8ddbaea1841530,2019,0.1666666666666666
CANON-ca90136e33856207,2019,0.5
CANON-cb4054da160f44a3,2019,0.4
CANON-cb66744cec123208,2019,0.3333333333333333
CANON-cbadd30c30003a4c,2019,0.6000000000000001
CANON-cce110daeab21858,2019,1.0
CANON-cd32b0b08399b3fb,2019,0.3333333333333333
CANON-ce813f73621520cf,2019,0.2
CANON-cedb9d1559b5d6ac,2019,0.1111111111111111
CANON-cf031722ffa08180,2019,0.4
CANON-cfd50d6a7b13fbb7,2019,0.25
CANON-d023b32bcabfb032,2019,1.0
CANON-d146b8a8c7dc1e2f,2019,0.2
CANON-d1583df9fba7b8e6,2019,0.0909090909090909
CANON-d27443237d0a73e8,2019,1.0
CANON-d27734924a3f79ab,2019,0.1538461538461538
CANON-d2bed1724faa7372,2019,0.3333333333333333
CANON-d37f63889a9b1490,2019,0.75
CANON-d3859b7fe38adcef,2019,1.0
CANON-d4b74b0b23d63e56,2019,0.2
CANON-d53d8e5e6eefd329,2019,0.5
CANON-d58fd9f706a33a20,2019,0.4
CANON-d5f968113367da93,2019,0.25
CANON-d71bd607d2b1848d,2019,1.0
CANON-d730c113b9f0aea9,2019,0.2857142857142857
CANON-d8d7cad771aa4049,2019,0.2
CANON-d9f60eb96e7173e1,2019,0.5
CANON-da2b8bdc39df949d,2019,0.25
CANON-dabb6358a60c3270,2019,0.5
CANON-dc9d02bc539c897e,2019,0.0714285714285714
CANON-deb1334c2b7acc16,2019,0.7692307692307693
CANON-decef70ca687dbfd,2019,0.5
CANON-df5254773330bfeb,2019,0.1176470588235294
CANON-dfffa7e9334d3f4a,2019,0.0909090909090909
CANON-e11756185c36d3a4,2019,1.0
CANON-e12b1c742bd528d2,2019,0.1333333333333333
CANON-e1a0d7ab66a5f9a6,2019,0.5
CANON-e27e890c69013913,2019,0.4
CANON-e2cd69f01b0d9e6c,2019,0.25
CANON-e32796977af5c748,2019,1.0
CANON-e4118b18809a02e7,2019,0.3333333333333333
CANON-e479eab5f6bff0e7,2019,0.1666666666666666
CANON-e4b17fb477c8e2b5,2019,0.1463414634146341
CANON-e4c4763672a224ad,2019,1.0
CANON-e4e7ee23ac2a2c43,2019,0.5
CANON-e5110e09ccbcbb23,2019,1.0
CANON-e789adf7a312471f,2019,0.2307692307692307
CANON-e88901c261cfedb7,2019,0.375
CANON-e8bec814ae549406,2019,0.75
CANON-e8d5d8251d8fda42,2019,1.0
CANON-ea8581e24346a539,2019,1.0
CANON-eb2bb158873b941d,2019,0.2
CANON-eb2df68e879fd301,2019,1.0
CANON-eb59220d2dbeaea1,2019,0.3333333333333333
CANON-ee5f4105e9d9fc1d,2019,0.6666666666666666
CANON-ef488f0fbdc0d821,2019,0.8571428571428571
CANON-ef855c26aaa41cc2,2019,0.3333333333333333
CANON-f184439acafe45dd,2019,0.0878378378378378
CANON-f20a33d125cc4239,2019,0.3333333333333333
CANON-f2455bdcf1836afc,2019,0.1875
CANON-f2869e75be09cb45,2019,0.5
CANON-f4f8ee2cddeaafe0,2019,0.1764705882352941
CANON-f5463dd2df260001,2019,0.5
CANON-f5ba8d772dcec5d2,2019,0.3333333333333333
CANON-f6e8a5f139233c14,2019,0.6666666666666666
CANON-f7ae9189b2f173ca,2019,0.2857142857142857
CANON-f97ac1992187b3c8,2019,1.0
CANON-f9cb7392074c5580,2019,0.5
CANON-fa3d0582684c8e9a,2019,0.1
CANON-fa58e99337d4eddd,2019,0.3333333333333333
CANON-fd55d517bd16b71c,2019,0.3333333333333333
CANON-ff2179257889a601,2019,0.2307692307692307
CANON-ffe8bdc647be8835,2019,0.375
CANON-0125d8ecf108d7fa,2020,0.1428571428571428
CANON-038f9e717e30ac83,2020,0.0588235294117647
CANON-03a15209fd6a0bbe,2020,1.0
CANON-047d4a9cc9e4feaa,2020,0.3333333333333333
CANON-0614efa61e81250c,2020,0.4
CANON-062ce5cdae6800a7,2020,1.0
CANON-080f80027b63aa14,2020,0.1666666666666666
CANON-0a46916fecfed3d1,2020,0.2666666666666666
CANON-0ad55bb54afe9d78,2020,0.5
CANON-0b8e23bda20f8938,2020,0.25
CANON-0b9eeed5597456ef,2020,0.1111111111111111
CANON-0bbee46a86c7bb23,2020,0.5
CANON-0d262fb0e1345986,2020,0.1428571428571428
CANON-0db3a9f98b009519,2020,1.0
CANON-13486832b28b8a8b,2020,0.2
CANON-13b706fa37969a26,2020,1.0
CANON-14172b08add3a36c,2020,0.2222222222222222
CANON-141744b4951c729a,2020,0.3333333333333333
CANON-15b0f9e95ef8567e,2020,0.25
CANON-1745504c8107c87f,2020,1.0
CANON-175bc6c323bce668,2020,0.2857142857142857
CANON-188633567f4e01e1,2020,1.0
CANON-18b6a9bf786b88fe,2020,0.6666666666666666
CANON-18f2a82c46695a61,2020,0.5
CANON-1a30faf9664a0a21,2020,0.1428571428571428
CANON-1bb31545768d8735,2020,0.6666666666666666
CANON-1c3813563afed4af,2020,0.25
CANON-1c77e5cb6295f5c3,2020,0.1428571428571428
CANON-1d3bda06c00e5e19,2020,0.1818181818181818
CANON-1df65e1349874f98,2020,0.0303030303030303
CANON-1e58f072f3aad8d7,2020,0.5
CANON-222be1f5e1e2793b,2020,0.25
CANON-227e017cc044b7b1,2020,1.0
CANON-22881c1c6c72a007,2020,0.3333333333333333
CANON-23265b33f7c33993,2020,0.4242424242424242
CANON-2410d5a7b2ae24d5,2020,1.0
CANON-2521f52079370f60,2020,1.0
CANON-256a4ddb117e6c34,2020,0.8333333333333333
CANON-26012fa17f1cdc1d,2020,0.1333333333333333
CANON-28402188888b3df6,2020,0.3333333333333333
CANON-2900326af3b784c7,2020,0.5
CANON-29113d0672f8ca45,2020,0.25
CANON-2bda03134fc416e9,2020,0.125
CANON-2be8d2818216b701,2020,0.5
CANON-2bffe570676228ab,2020,0.3333333333333333
CANON-2d25838f3ce1226e,2020,0.2857142857142857
CANON-2d7d71c2f072c528,2020,0.2
CANON-2d9aeab952f49393,2020,0.2
CANON-2e9b5ce0ee1c0d6c,2020,0.5
CANON-2eb03ba5c6a0bf54,2020,0.5
CANON-2ef9bddc058dfe44,2020,0.1666666666666666
CANON-2f5647aae51bfd33,2020,0.1428571428571428
CANON-30e9013df0cb66f8,2020,0.5
CANON-37ba04bb9c72a800,2020,1.0
CANON-37d9a289cd029343,2020,0.2857142857142857
CANON-395af9726f48124d,2020,0.5
CANON-399cd50401a6dd03,2020,0.6666666666666666
CANON-3ae30fca4fe64977,2020,0.25
CANON-3bbf3e99a222655a,2020,1.0
CANON-3cc32f995aa32f06,2020,0.6666666666666666
CANON-3d24a24e90cb44fd,2020,0.3333333333333333
CANON-3ee729dac581a40b,2020,0.5
CANON-3fe7d118ecf764a8,2020,0.2857142857142857
CANON-402d443f2f58ec23,2020,0.25
CANON-4061ce81533ae794,2020,0.6666666666666666
CANON-40cda198f957272a,2020,0.3
CANON-41a2d6e765a3a562,2020,1.0
CANON-41bd5f44cf6480bd,2020,0.5
CANON-41c66fdf2b3ad358,2020,0.5
CANON-41c9d2850ca447ef,2020,0.5
CANON-41cef20210f6d66a,2020,0.0769230769230769
CANON-42f624a37e4a969b,2020,0.2
CANON-43c32e2cf8b31b3c,2020,0.5
CANON-45cf5dff921103e3,2020,0.5
CANON-46c7473d34aa728a,2020,0.75
CANON-4761818aa1d1929f,2020,0.4736842105263157
CANON-4b6c6043a33d6ce5,2020,0.4
CANON-4cf6117e09c4d765,2020,0.5
CANON-4da151b77e8c5fd3,2020,0.3333333333333333
CANON-50e226d48498a56f,2020,1.0
CANON-50e87e897f70f9bb,2020,0.0769230769230769
CANON-529eb42d07f07ade,2020,0.3333333333333333
CANON-52f140e4335c3542,2020,0.0588235294117647
CANON-53bbd99415991bb0,2020,0.2
CANON-54401ca689174c6f,2020,1.0
CANON-54787243bddf5922,2020,0.0666666666666666
CANON-54f1a113ae41a2a1,2020,0.3333333333333333
CANON-55048f8aaefdd3b8,2020,1.0
CANON-550e425c11fa906a,2020,0.1666666666666666
CANON-560a995a08d1acee,2020,0.3333333333333333
CANON-5653d908aaff0ad4,2020,0.5
CANON-59b98e12ac06157c,2020,0.1666666666666666
CANON-59f1b14a3ff9354f,2020,0.05
CANON-5a5c2e71af5ef470,2020,1.0
CANON-5a8ea6665a0d003e,2020,0.6000000000000001
CANON-5ad72eb1b56fb6b1,2020,0.25
CANON-5f25be9f8cbe7c69,2020,0.625
CANON-5f9af7265c235ffb,2020,0.1739130434782608
CANON-5fcbd442f5fd98b5,2020,1.0
CANON-61f8d5a6dc7275d7,2020,0.1428571428571428
CANON-63760f44e57b922d,2020,0.1
CANON-6406e7563a0bb426,2020,0.2
CANON-65a60ecab8b2cacc,2020,0.3333333333333333
CANON-671924e5efc8ba1e,2020,0.2
CANON-68594f3837badf43,2020,1.0
CANON-6aa4e7c96e175a5d,2020,1.0
CANON-6ab6cd5e950807ee,2020,0.1666666666666666
CANON-6cd15614afd2499f,2020,0.25
CANON-6e65f9a883a27954,2020,0.3333333333333333
CANON-6fe64034af279087,2020,0.5
CANON-704497cba0ed1f5a,2020,0.0333333333333333
CANON-70d19d67da772d43,2020,0.3333333333333333
CANON-713317a3faadbf94,2020,0.4285714285714285
CANON-71787647582da4eb,2020,1.0
CANON-71f769b5586cd6f8,2020,0.3333333333333333
CANON-7361e280a38bad86,2020,1.0
CANON-740fb175bf062043,2020,0.8
CANON-75fcf9022179a7d1,2020,0.2
CANON-76160928755f7308,2020,0.5
CANON-7678234fcdb6dad0,2020,0.5
CANON-7825389db6ef58fb,2020,0.5
CANON-78deb25213ac9f41,2020,0.25
CANON-79a7e598fc69a054,2020,0.5
CANON-79ad72125da2c956,2020,0.2857142857142857
CANON-7b4a225a11f366ac,2020,1.0
CANON-7bfe8d3ec44a134d,2020,0.4210526315789473
CANON-7cbd0b9303d9e42e,2020,0.4081632653061224
CANON-7e77163aa8a0e789,2020,0.2
CANON-7ee66b6b99aa13ba,2020,0.25
CANON-7f980300d8cd8426,2020,1.0
CANON-80281f5998c4bac3,2020,0.25
CANON-8184f22edc693c2d,2020,0.1428571428571428
CANON-83c46716acc0357b,2020,1.0
CANON-844e2d430cc3c381,2020,0.3333333333333333
CANON-852028cf0730311c,2020,0.1176470588235294
CANON-8599d327d62431f4,2020,0.0833333333333333
CANON-86e036010b2a66eb,2020,0.2
CANON-875c381e4202efa8,2020,0.25
CANON-89745f08b6fd3b84,2020,0.5
CANON-8aa08a122c207edd,2020,0.0909090909090909
CANON-8c93e8dd694e1f80,2020,0.5
CANON-8ccda80769fd6622,2020,0.75
CANON-8cf93345b439de18,2020,0.2
CANON-8de829d10e072183,2020,0.25
CANON-8e72e00b2e6b2e70,2020,1.0
CANON-8f138883f1daf78b,2020,0.5714285714285714
CANON-8f952ca55a6cd126,2020,0.2
CANON-90d6c2da4b86aada,2020,0.1052631578947368
CANON-921a9aa27c0ad889,2020,0.5
CANON-92502fd2d6c4233b,2020,1.0
CANON-928acaf6ebf312c3,2020,0.5
CANON-928c166bcfbb5f0f,2020,0.25
CANON-92d6bb329889ae03,2020,0.5
CANON-934b16c0db009d9e,2020,0.3333333333333333
CANON-93ed708395e61508,2020,0.1
CANON-946c60075e010a92,2020,0.0833333333333333
CANON-94ba57bd83218d6d,2020,0.3333333333333333
CANON-94e196d1a3c419ab,2020,0.4285714285714285
CANON-9546e0e26fc0bce6,2020,0.4
CANON-95db7ea96b0ae49a,2020,1.0
CANON-968bad38db309bd5,2020,0.1379310344827586
CANON-9692448604a51c65,2020,0.0833333333333333
CANON-969a895fc0987b14,2020,0.4
CANON-9733cab3669838e7,2020,0.1818181818181818
CANON-97393619a0e2460d,2020,0.5
CANON-9876eba64c73548d,2020,0.1304347826086956
CANON-99321eec95f7964b,2020,0.75
CANON-996f8f5bd0dc3890,2020,0.3333333333333333
CANON-9cd1f7a13ce3eace,2020,0.625
CANON-9e5a50cce2816d0e,2020,0.6000000000000001
CANON-9f3853028973177b,2020,0.5
CANON-9f92a15a77165d1d,2020,0.2
CANON-a005b8c2b9f22332,2020,0.5
CANON-a1553fc7ee35e453,2020,0.4
CANON-a293601832ea8423,2020,0.5
CANON-a2e3818afd01b431,2020,0.6666666666666666
CANON-a3059d85ffc003eb,2020,0.2244897959183673
CANON-a4679c49184dcb92,2020,0.5
CANON-a5342a348b1ca839,2020,0.25
CANON-a655d9e1a873dcda,2020,0.875
CANON-a69dd5a93283b585,2020,0.0666666666666666
CANON-a8ae8071c5a8ca7b,2020,0.1228070175438596
CANON-a92a0a0ae1522dae,2020,1.0
CANON-aaf61af70902f62b,2020,0.3333333333333333
CANON-ab738eeb1d6a07dc,2020,0.5
CANON-ac0e44c0dd4c8409,2020,0.6666666666666666
CANON-ac0f112809755744,2020,0.2
CANON-ad864f34cde60800,2020,0.2222222222222222
CANON-ad9473407749c546,2020,0.3333333333333333
CANON-aedc2122a84be848,2020,0.0588235294117647
CANON-b0599988a0ff65f1,2020,0.2857142857142857
CANON-b08925405f99641e,2020,0.3333333333333333
CANON-b14885f36d6af45f,2020,0.2
CANON-b382376dda1754f6,2020,0.1428571428571428
CANON-b3c9986aad1678bb,2020,0.2857142857142857
CANON-b4da642667968fa2,2020,0.3333333333333333
CANON-b51d8e90b40a1509,2020,0.4
CANON-b52a4f0cddcb7e69,2020,0.5
CANON-b6aa6412294cdf30,2020,0.25
CANON-b862bc34c674c93a,2020,0.3333333333333333
CANON-b8a7950e0ea2e40c,2020,0.75
CANON-b96313451a444ea5,2020,0.25
CANON-bbdb61ee928be4eb,2020,0.6000000000000001
CANON-bcfb459ab91ea39f,2020,0.3333333333333333
CANON-bd040ac7467ab96d,2020,1.0
CANON-bdb9cbba7e1d6591,2020,0.3333333333333333
CANON-be8d0b9e4c5ecc16,2020,0.25
CANON-c3660b58487e99c5,2020,0.75
CANON-c39aee50dfe85068,2020,0.2307692307692307
CANON-c482b84884768763,2020,0.3333333333333333
CANON-c49babc3e7b1c26f,2020,0.6000000000000001
CANON-c572e33794ada760,2020,0.25
CANON-c8c943ddf2f81b2c,2020,0.25
CANON-c8ebe201f3da436f,2020,0.1666666666666666
CANON-ca8ddbaea1841530,2020,0.5
CANON-cbdee4c71d717c57,2020,0.4285714285714285
CANON-ccec821927e7b0cc,2020,0.2
CANON-ce813f73621520cf,2020,0.2
CANON-cedb9d1559b5d6ac,2020,0.5555555555555556
CANON-cf031722ffa08180,2020,0.2
CANON-d1545c6220736954,2020,0.5
CANON-d1c630d2f058b5cd,2020,0.25
CANON-d27734924a3f79ab,2020,0.4615384615384615
CANON-d38058605625a634,2020,0.2727272727272727
CANON-d4b74b0b23d63e56,2020,0.2
CANON-d58fd9f706a33a20,2020,0.6000000000000001
CANON-d80fb4f5f22bda9b,2020,0.5
CANON-d886eb748fe17592,2020,0.5
CANON-d9fe3066573def6f,2020,0.6666666666666666
CANON-da2b8bdc39df949d,2020,0.5
CANON-dc76e2834ddc15f4,2020,0.75
CANON-dc9d02bc539c897e,2020,0.0714285714285714
CANON-ddfad3ec3ee23df6,2020,0.25
CANON-deb1334c2b7acc16,2020,0.2307692307692307
CANON-e1a0d7ab66a5f9a6,2020,0.5
CANON-e27e890c69013913,2020,0.2
CANON-e2ed4ac613f3b23f,2020,0.2857142857142857
CANON-e4118b18809a02e7,2020,0.6666666666666666
CANON-e4b17fb477c8e2b5,2020,0.1707317073170731
CANON-e4e7ee23ac2a2c43,2020,0.5
CANON-e5567e5e5ab65d16,2020,1.0
CANON-e567c5f26cc2cb9d,2020,0.5
CANON-e6155a2637946556,2020,0.5
CANON-e61ac4ba5751725c,2020,0.1428571428571428
CANON-e722f9852c93d84f,2020,0.5
CANON-e789adf7a312471f,2020,0.2692307692307693
CANON-e88901c261cfedb7,2020,0.5
CANON-eae2aea130723c63,2020,0.6666666666666666
CANON-eb2bb158873b941d,2020,0.64
CANON-eb59220d2dbeaea1,2020,0.0833333333333333
CANON-f02b9aabe92fcdf3,2020,1.0
CANON-f20a33d125cc4239,2020,0.3333333333333333
CANON-f344a577e2a5981e,2020,1.0
CANON-f4f8ee2cddeaafe0,2020,0.2941176470588235
CANON-f9b0323209563f78,2020,0.3333333333333333
CANON-fa3d0582684c8e9a,2020,0.1
CANON-fb2b5cad1044ced8,2020,1.0
CANON-fb8c24c7cfbe49c4,2020,0.5
CANON-fca83d4585b2f7c3,2020,1.0
CANON-fccad9a009a96665,2020,0.5
CANON-fcebd79a0021056f,2020,0.2
CANON-fed110ddb989b274,2020,1.0
CANON-ff2179257889a601,2020,0.0769230769230769
CANON-ffe8bdc647be8835,2020,0.25
CANON-080f80027b63aa14,2021,0.6666666666666666
CANON-10f0193535227395,2021,0.3333333333333333
CANON-13486832b28b8a8b,2021,0.6000000000000001
CANON-19473a747d0d0d28,2021,0.5
CANON-1a30faf9664a0a21,2021,0.0476190476190476
CANON-1bdbbf6f3ee3f219,2021,0.2
CANON-1c327cedc21ad6c2,2021,1.0
CANON-1d3bda06c00e5e19,2021,0.0909090909090909
CANON-1df65e1349874f98,2021,0.0303030303030303
CANON-209c64bf6b39f769,2021,0.5
CANON-222be1f5e1e2793b,2021,0.25
CANON-23265b33f7c33993,2021,0.1818181818181818
CANON-235dba85ab3388df,2021,0.2857142857142857
CANON-26012fa17f1cdc1d,2021,0.1333333333333333
CANON-271812b127cc0e5c,2021,0.1428571428571428
CANON-2d08a04f628cb8b6,2021,1.0
CANON-2d25838f3ce1226e,2021,0.4285714285714285
CANON-2d434c0f078c3960,2021,0.3333333333333333
CANON-2d7d71c2f072c528,2021,0.2
CANON-2d9aeab952f49393,2021,0.2
CANON-309aa1323d5e7524,2021,0.5
CANON-30e9013df0cb66f8,2021,0.5
CANON-330207388549781f,2021,0.4285714285714285
CANON-33ae47e9d83792f9,2021,0.75
CANON-37d9a289cd029343,2021,0.2857142857142857
CANON-399cd50401a6dd03,2021,0.3333333333333333
CANON-3ae30fca4fe64977,2021,0.1666666666666666
CANON-3d24a24e90cb44fd,2021,0.3333333333333333
CANON-3d7f5dce0dd8ad7c,2021,0.6666666666666666
CANON-3e27074609e9bd65,2021,0.8
CANON-3e3f421fe81bc7ab,2021,1.0
CANON-3fe7d118ecf764a8,2021,0.4285714285714285
CANON-3ff66cab7f5cd451,2021,1.0
CANON-40cda198f957272a,2021,0.3
CANON-4377bd14fb446c29,2021,1.0
CANON-442009ea2ddb3342,2021,0.1666666666666666
CANON-453587da0871559e,2021,0.5
CANON-4761818aa1d1929f,2021,0.0526315789473684
CANON-4ad9a9e15327d48d,2021,1.0
CANON-4af51c89d0c31753,2021,1.0
CANON-4da151b77e8c5fd3,2021,0.3333333333333333
CANON-50e87e897f70f9bb,2021,0.6153846153846154
CANON-519afb15ce750428,2021,0.25
CANON-53adc07844cee04e,2021,0.0714285714285714
CANON-54787243bddf5922,2021,0.0666666666666666
CANON-550e425c11fa906a,2021,0.3333333333333333
CANON-560a995a08d1acee,2021,0.6666666666666666
CANON-564c784f4fc119a8,2021,1.0
CANON-58a5ddbe3b8aa03c,2021,1.0
CANON-59f1b14a3ff9354f,2021,0.05
CANON-5ad72eb1b56fb6b1,2021,0.5
CANON-5f9af7265c235ffb,2021,0.108695652173913
CANON-5ff90a8c280adaca,2021,1.0
CANON-60b8dd880913ef3b,2021,0.75
CANON-61f8d5a6dc7275d7,2021,0.5714285714285714
CANON-62588ba5363ad7a0,2021,0.2857142857142857
CANON-63760f44e57b922d,2021,0.7000000000000001
CANON-671924e5efc8ba1e,2021,0.8
CANON-6ab6cd5e950807ee,2021,0.6666666666666666
CANON-6b5f326fcca51b36,2021,1.0
CANON-6d870b54d6ab063e,2021,0.8125
CANON-6e06e47fd9fdc168,2021,1.0
CANON-6fe64034af279087,2021,0.1666666666666666
CANON-70d19d67da772d43,2021,0.3333333333333333
CANON-71bf64804fe177db,2021,0.5
CANON-71f769b5586cd6f8,2021,0.3333333333333333
CANON-75fcf9022179a7d1,2021,0.2
CANON-76160928755f7308,2021,0.4
CANON-761c8e4b84fbe553,2021,0.5
CANON-7678234fcdb6dad0,2021,0.5
CANON-7825389db6ef58fb,2021,0.5
CANON-7849da01528cb792,2021,1.0
CANON-79a7e598fc69a054,2021,0.5
CANON-7cbd0b9303d9e42e,2021,0.3877551020408163
CANON-7d29305b6df30952,2021,0.3333333333333333
CANON-7e77163aa8a0e789,2021,0.2
CANON-7ee66b6b99aa13ba,2021,0.45
CANON-7f53e6971a748c02,2021,0.5
CANON-80281f5998c4bac3,2021,0.375
CANON-80fc3e2cd6a912ba,2021,0.25
CANON-8260d6ba0f022acf,2021,0.5
CANON-844e2d430cc3c381,2021,0.5
CANON-8599d327d62431f4,2021,0.5833333333333333
CANON-85f888aac6ca58b2,2021,0.3333333333333333
CANON-86a8bf00782a58e9,2021,1.0
CANON-8aa08a122c207edd,2021,0.1818181818181818
CANON-8cf93345b439de18,2021,0.4
CANON-8d576eb35c39dfa6,2021,0.5714285714285714
CANON-8e6e00fd8b1d44a8,2021,1.0
CANON-8f952ca55a6cd126,2021,0.5
CANON-90d6c2da4b86aada,2021,0.1578947368421052
CANON-915bcd44e90b61b8,2021,0.1428571428571428
CANON-917ee911746e49f0,2021,0.5
CANON-93ed708395e61508,2021,0.4
CANON-94392375eccb433a,2021,0.5
CANON-94ba57bd83218d6d,2021,0.25
CANON-94dbab4e066be401,2021,0.25
CANON-94e196d1a3c419ab,2021,0.4285714285714285
CANON-98e66c251c3b0ccb,2021,0.1666666666666666
CANON-9a481315471c8cda,2021,0.8
CANON-9f3853028973177b,2021,0.25
CANON-9f92a15a77165d1d,2021,0.6000000000000001
CANON-a0d137e2c78c1ab1,2021,0.3333333333333333
CANON-a293601832ea8423,2021,0.125
CANON-a3059d85ffc003eb,2021,0.7346938775510203
CANON-a69dd5a93283b585,2021,0.0666666666666666
CANON-a7d2376167dc053c,2021,0.6153846153846154
CANON-a8ae8071c5a8ca7b,2021,0.7719298245614035
CANON-aa576253ba677b2a,2021,1.0
CANON-aaf61af70902f62b,2021,0.6666666666666666
CANON-abecbf8f2ec2f08e,2021,0.6666666666666666
CANON-b08925405f99641e,2021,0.3333333333333333
CANON-b14885f36d6af45f,2021,0.2
CANON-b2f05e5db9e0e388,2021,1.0
CANON-b382376dda1754f6,2021,0.7142857142857142
CANON-b4da642667968fa2,2021,0.6666666666666666
CANON-b609d7a25984cecf,2021,0.4
CANON-b6aa6412294cdf30,2021,0.5833333333333333
CANON-b6e4d47e868a4f14,2021,1.0
CANON-b85c81863d380c5e,2021,1.0
CANON-b96313451a444ea5,2021,0.25
CANON-badcd2940575cee4,2021,0.2
CANON-bcfb459ab91ea39f,2021,0.3333333333333333
CANON-c1ec1db6904c4097,2021,0.1666666666666666
CANON-c39aee50dfe85068,2021,0.2307692307692307
CANON-c4a684b791912370,2021,1.0
CANON-c572e33794ada760,2021,0.25
CANON-c77f5cc40199f448,2021,1.0
CANON-c87afeda94136413,2021,0.6666666666666666
CANON-c8c943ddf2f81b2c,2021,0.5
CANON-c8ebe201f3da436f,2021,0.5
CANON-ca8ddbaea1841530,2021,0.25
CANON-cc8f69228582a200,2021,1.0
CANON-ccdc93b3b94719e1,2021,0.75
CANON-ccec821927e7b0cc,2021,0.4
CANON-cdabe65624810b15,2021,0.5
CANON-ce813f73621520cf,2021,0.3
CANON-cedb9d1559b5d6ac,2021,0.1111111111111111
CANON-cf046dadf92e07c6,2021,0.3333333333333333
CANON-d1545c6220736954,2021,0.25
CANON-d1583df9fba7b8e6,2021,0.4545454545454546
CANON-d1c630d2f058b5cd,2021,0.5
CANON-d27734924a3f79ab,2021,0.3846153846153846
CANON-d38058605625a634,2021,0.2727272727272727
CANON-d48662fa2565318b,2021,1.0
CANON-d84566bc0fe9c517,2021,0.2857142857142857
CANON-d9fe3066573def6f,2021,0.3333333333333333
CANON-da2b8bdc39df949d,2021,0.125
CANON-dc76e2834ddc15f4,2021,0.25
CANON-dd600b0a0f2d07df,2021,1.0
CANON-ddfad3ec3ee23df6,2021,0.5
CANON-df9a6c993105c190,2021,1.0
CANON-e4aaf0e537d09be5,2021,0.6666666666666666
CANON-e4b17fb477c8e2b5,2021,0.0975609756097561
CANON-e61ac4ba5751725c,2021,0.7142857142857142
CANON-e789adf7a312471f,2021,0.0769230769230769
CANON-eb2bb158873b941d,2021,0.08
CANON-eca1f8e2b06786dc,2021,0.5
CANON-edb2e0a99832f7de,2021,1.0
CANON-eee202d5913d1b17,2021,0.2
CANON-ef074ca33dc3d17b,2021,0.5
CANON-f4f8ee2cddeaafe0,2021,0.2352941176470588
CANON-f5463dd2df260001,2021,0.5
CANON-f599012a71396255,2021,0.4
CANON-f9b0323209563f78,2021,0.3333333333333333
CANON-f9bab7d02518ba94,2021,1.0
CANON-fb8c24c7cfbe49c4,2021,0.5
CANON-fccad9a009a96665,2021,0.5
CANON-fcebd79a0021056f,2021,0.8
CANON-fd55d517bd16b71c,2021,0.3333333333333333
CANON-fdd9315bf48bfea0,2021,0.6666666666666666
CANON-ffe34da6679053cf,2021,1.0
CANON-080f80027b63aa14,2022,0.1666666666666666
CANON-087b613d297e811e,2022,1.0
CANON-08f9aad4ead29418,2022,0.6666666666666666
CANON-10f0193535227395,2022,0.6666666666666666
CANON-15afe5dce76f442a,2022,0.6666666666666666
CANON-19473a747d0d0d28,2022,0.5
CANON-1b49a29790817141,2022,0.5
CANON-1bdbbf6f3ee3f219,2022,0.2
CANON-1df65e1349874f98,2022,0.0303030303030303
CANON-20b0af5cfcc8cc89,2022,1.0
CANON-22881c1c6c72a007,2022,0.6666666666666666
CANON-235dba85ab3388df,2022,0.7142857142857142
CANON-26f3be8592a025dc,2022,1.0
CANON-271812b127cc0e5c,2022,0.1428571428571428
CANON-2d434c0f078c3960,2022,0.6666666666666666
CANON-2d7d71c2f072c528,2022,0.4
CANON-309aa1323d5e7524,2022,0.5
CANON-330207388549781f,2022,0.4285714285714285
CANON-37d5df57b5a6c1af,2022,1.0
CANON-3d24a24e90cb44fd,2022,0.3333333333333333
CANON-3d7f5dce0dd8ad7c,2022,0.3333333333333333
CANON-442009ea2ddb3342,2022,0.1666666666666666
CANON-4497a7b6afc8ef6c,2022,0.1666666666666666
CANON-44c05321ca8fe40a,2022,1.0
CANON-4da151b77e8c5fd3,2022,0.3333333333333333
CANON-50e87e897f70f9bb,2022,0.1538461538461538
CANON-519afb15ce750428,2022,0.25
CANON-527b5084e9588129,2022,1.0
CANON-53adc07844cee04e,2022,0.0714285714285714
CANON-550e425c11fa906a,2022,0.3333333333333333
CANON-59f1b14a3ff9354f,2022,0.05
CANON-5afc40953675e8ff,2022,1.0
CANON-5f9af7265c235ffb,2022,0.0217391304347826
CANON-61f8d5a6dc7275d7,2022,0.1428571428571428
CANON-62588ba5363ad7a0,2022,0.2857142857142857
CANON-66d9f5d09bdb32f7,2022,0.1111111111111111
CANON-6cd15614afd2499f,2022,0.25
CANON-6d870b54d6ab063e,2022,0.0625
CANON-761c8e4b84fbe553,2022,0.5
CANON-7a30d23245e5ea65,2022,1.0
CANON-7d29305b6df30952,2022,0.6666666666666666
CANON-7f53e6971a748c02,2022,0.5
CANON-80fc3e2cd6a912ba,2022,0.75
CANON-8222e86c5c0b9bf2,2022,1.0
CANON-8599d327d62431f4,2022,0.0833333333333333
CANON-85f888aac6ca58b2,2022,0.3333333333333333
CANON-87e063a78a80119a,2022,0.6666666666666666
CANON-8aa08a122c207edd,2022,0.3636363636363636
CANON-8cf93345b439de18,2022,0.4
CANON-8f952ca55a6cd126,2022,0.1
CANON-90d6c2da4b86aada,2022,0.1578947368421052
CANON-915bcd44e90b61b8,2022,0.2857142857142857
CANON-917ee911746e49f0,2022,0.5
CANON-921a9aa27c0ad889,2022,0.5
CANON-945d25b38aa1da73,2022,0.25
CANON-94dbab4e066be401,2022,0.125
CANON-98ee7ccb038209fb,2022,1.0
CANON-9a481315471c8cda,2022,0.1
CANON-a0d137e2c78c1ab1,2022,0.6666666666666666
CANON-a4679c49184dcb92,2022,0.5
CANON-a69dd5a93283b585,2022,0.0666666666666666
CANON-a7d2376167dc053c,2022,0.3076923076923077
CANON-a8ae8071c5a8ca7b,2022,0.0350877192982456
CANON-abecbf8f2ec2f08e,2022,0.3333333333333333
CANON-ada735e475366a53,2022,0.2
CANON-b14885f36d6af45f,2022,0.2
CANON-b382376dda1754f6,2022,0.1428571428571428
CANON-b609d7a25984cecf,2022,0.6000000000000001
CANON-b793eec36b376aa6,2022,0.6666666666666666
CANON-b867e54fee4f3f99,2022,0.3333333333333333
CANON-bd1446be1ac0b84c,2022,1.0
CANON-bde77d7a7efd7dcf,2022,1.0
CANON-be8d0b9e4c5ecc16,2022,0.25
CANON-bf47e42730535351,2022,1.0
CANON-bff01f53832ab7a4,2022,0.25
CANON-c1ec1db6904c4097,2022,0.5
CANON-c39aee50dfe85068,2022,0.1538461538461538
CANON-c572e33794ada760,2022,0.5
CANON-cad573a7f843b758,2022,0.5
CANON-cc73936694d6b232,2022,0.75
CANON-ccec821927e7b0cc,2022,0.2
CANON-cf046dadf92e07c6,2022,0.1666666666666666
CANON-cfd50d6a7b13fbb7,2022,0.25
CANON-d1583df9fba7b8e6,2022,0.2727272727272727
CANON-d38058605625a634,2022,0.4545454545454546
CANON-d4b74b0b23d63e56,2022,0.4
CANON-d84566bc0fe9c517,2022,0.2857142857142857
CANON-db0d317658afa6b5,2022,1.0
CANON-ddfad3ec3ee23df6,2022,0.25
CANON-df9e4601d4f85764,2022,1.0
CANON-e6155a2637946556,2022,0.5
CANON-e7a8ffaf7db57c50,2022,1.0
CANON-eca1f8e2b06786dc,2022,0.5
CANON-eee202d5913d1b17,2022,0.4
CANON-ef7255fdd4605637,2022,0.6000000000000001
CANON-f02825d9dd6f7cdc,2022,1.0
CANON-f599012a71396255,2022,0.3
CANON-f997e9466704d1a2,2022,1.0
CANON-fa3d0582684c8e9a,2022,0.1
CANON-fdd9315bf48bfea0,2022,0.3333333333333333
CANON-01108237bc5ca32a,2023,0.5
CANON-0125d8ecf108d7fa,2023,0.2857142857142857
CANON-123f6a488732705c,2023,1.0
CANON-1bdbbf6f3ee3f219,2023,0.2
CANON-1df65e1349874f98,2023,0.0303030303030303
CANON-271812b127cc0e5c,2023,0.2857142857142857
CANON-330207388549781f,2023,0.1428571428571428
CANON-442009ea2ddb3342,2023,0.6666666666666666
CANON-4497a7b6afc8ef6c,2023,0.6666666666666666
CANON-48d3fc3701e9d436,2023,0.5
CANON-49c2b85aef2fe03f,2023,0.5
CANON-519afb15ce750428,2023,0.25
CANON-53adc07844cee04e,2023,0.0714285714285714
CANON-54f1a113ae41a2a1,2023,0.3333333333333333
CANON-59f1b14a3ff9354f,2023,0.8
CANON-5dc3ea9b9030b81a,2023,0.75
CANON-62588ba5363ad7a0,2023,0.1428571428571428
CANON-6349022131317b01,2023,1.0
CANON-6cd15614afd2499f,2023,0.25
CANON-6e65f9a883a27954,2023,0.6666666666666666
CANON-7645990ffd74d6e4,2023,0.5
CANON-770001e7778721e7,2023,1.0
CANON-86184a2738a3a27f,2023,0.8
CANON-87e063a78a80119a,2023,0.3333333333333333
CANON-8aa08a122c207edd,2023,0.0909090909090909
CANON-8f952ca55a6cd126,2023,0.1
CANON-915bcd44e90b61b8,2023,0.4285714285714285
CANON-a616741b9db658fa,2023,1.0
CANON-a69dd5a93283b585,2023,0.6
CANON-b14885f36d6af45f,2023,0.4
CANON-b867e54fee4f3f99,2023,0.6666666666666666
CANON-be8d0b9e4c5ecc16,2023,0.25
CANON-bff01f53832ab7a4,2023,0.25
CANON-c39aee50dfe85068,2023,0.0769230769230769
CANON-cad573a7f843b758,2023,0.25
CANON-ce813f73621520cf,2023,0.1
CANON-cf046dadf92e07c6,2023,0.5
CANON-d01cf137fd566ff6,2023,1.0
CANON-d84566bc0fe9c517,2023,0.1428571428571428
CANON-ec6671e7906c5516,2023,1.0
CANON-edafa7cd3c057258,2023,0.6666666666666666
CANON-ef855c26aaa41cc2,2023,0.6666666666666666
CANON-f7250e88cda8ea1a,2023,0.6666666666666666
CANON-feb3e593af57ed64,2023,0.5
