feature_index,technique_i_id,technique_j_id
0,T1001,T1001.003
1,T1001,T1002
2,T1001,T1003
3,T1001,T1003.002
4,T1001,T1003.005
5,T1001,T1005
6,T1001,T1007
7,T1001,T1008
8,T1001,T1009
9,T1001,T1010
10,T1001,T1011
11,T1001,T1012
12,T1001,T1015
13,T1001,T1016
14,T1001,T1017
15,T1001,T1018
16,T1001,T1020
17,T1001,T1021
18,T1001,T1021.002
19,T1001,T1021.003
20,T1001,T1022
21,T1001,T1024
22,T1001,T1025
23,T1001,T1026
24,T1001,T1027
25,T1001,T1029
26,T1001,T1030
27,T1001,T1031
28,T1001,T1032
29,T1001,T1033
30,T1001,T1034
31,T1001,T1036
32,T1001,T1038
33,T1001,T1039
34,T1001,T1040
35,T1001,T1041
36,T1001,T1043
37,T1001,T1044
38,T1001,T1046
39,T1001,T1047
40,T1001,T1048
41,T1001,T1049
42,T1001,T1050
43,T1001,T1051
44,T1001,T1052
45,T1001,T1053
46,T1001,T1053.005
47,T1001,T1054
48,T1001,T1055
49,T1001,T1056
50,T1001,T1056.001
51,T1001,T1057
52,T1001,T1058
53,T1001,T1059
54,T1001,T1059.001
55,T1001,T1059.003
56,T1001,T1059.005
57,T1001,T1059.007
58,T1001,T1060
59,T1001,T1061
60,T1001,T1062
61,T1001,T1064
62,T1001,T1065
63,T1001,T1068
64,T1001,T1069
65,T1001,T1070
66,T1001,T1071
67,T1001,T1071.001
68,T1001,T1073
69,T1001,T1074
70,T1001,T1074.001
71,T1001,T1077
72,T1001,T1078
73,T1001,T1078.002
74,T1001,T1078.003
75,T1001,T1079
76,T1001,T1080
77,T1001,T1081
78,T1001,T1082
79,T1001,T1083
80,T1001,T1085
81,T1001,T1086
82,T1001,T1087
83,T1001,T1089
84,T1001,T1090
85,T1001,T1090.001
86,T1001,T1090.002
87,T1001,T1091
88,T1001,T1092
89,T1001,T1094
90,T1001,T1095
91,T1001,T1098
92,T1001,T1100
93,T1001,T1102
94,T1001,T1102.001
95,T1001,T1104
96,T1001,T1105
97,T1001,T1106
98,T1001,T1107
99,T1001,T1108
100,T1001,T1110
101,T1001,T1110.003
102,T1001,T1112
103,T1001,T1113
104,T1001,T1114
105,T1001,T1115
106,T1001,T1116
107,T1001,T1119
108,T1001,T1120
109,T1001,T1122
110,T1001,T1123
111,T1001,T1124
112,T1001,T1125
113,T1001,T1129
114,T1001,T1132
115,T1001,T1132.001
116,T1001,T1133
117,T1001,T1134
118,T1001,T1135
119,T1001,T1136
120,T1001,T1137
121,T1001,T1139
122,T1001,T1140
123,T1001,T1141
124,T1001,T1145
125,T1001,T1146
126,T1001,T1148
127,T1001,T1149
128,T1001,T1162
129,T1001,T1163
130,T1001,T1165
131,T1001,T1168
132,T1001,T1171
133,T1001,T1175
134,T1001,T1176.001
135,T1001,T1187
136,T1001,T1190
137,T1001,T1195
138,T1001,T1196
139,T1001,T1197
140,T1001,T1199
141,T1001,T1200
142,T1001,T1201
143,T1001,T1202
144,T1001,T1203
145,T1001,T1204
146,T1001,T1204.001
147,T1001,T1204.002
148,T1001,T1205.001
149,T1001,T1206
150,T1001,T1210
151,T1001,T1212
152,T1001,T1213
153,T1001,T1213.001
154,T1001,T1218.002
155,T1001,T1218.004
156,T1001,T1218.005
157,T1001,T1218.011
158,T1001,T1219
159,T1001,T1220
160,T1001,T1221
161,T1001,T1222
162,T1001,T1222.001
163,T1001,T1480
164,T1001,T1482
165,T1001,T1483
166,T1001,T1485
167,T1001,T1486
168,T1001,T1487
169,T1001,T1489
170,T1001,T1490
171,T1001,T1491
172,T1001,T1495
173,T1001,T1496
174,T1001,T1498
175,T1001,T1499
176,T1001,T1505
177,T1001,T1505.002
178,T1001,T1518
179,T1001,T1528
180,T1001,T1529
181,T1001,T1531
182,T1001,T1539
183,T1001,T1543
184,T1001,T1543.003
185,T1001,T1546.001
186,T1001,T1546.012
187,T1001,T1547.001
188,T1001,T1547.004
189,T1001,T1547.012
190,T1001,T1548
191,T1001,T1548.002
192,T1001,T1552.003
193,T1001,T1553
194,T1001,T1553.002
195,T1001,T1555
196,T1001,T1555.005
197,T1001,T1559.001
198,T1001,T1560
199,T1001,T1562
200,T1001,T1562.001
201,T1001,T1562.004
202,T1001,T1564
203,T1001,T1564.001
204,T1001,T1565
205,T1001,T1566
206,T1001,T1566.001
207,T1001,T1566.002
208,T1001,T1567
209,T1001,T1569
210,T1001,T1569.002
211,T1001,T1570
212,T1001,T1571
213,T1001,T1572
214,T1001,T1573
215,T1001,T1573.001
216,T1001,T1574
217,T1001,T1574.002
218,T1001,T1583
219,T1001,T1583.001
220,T1001,T1583.006
221,T1001,T1587
222,T1001,T1587.001
223,T1001,T1587.002
224,T1001,T1587.003
225,T1001,T1588
226,T1001,T1588.001
227,T1001,T1588.002
228,T1001,T1589.002
229,T1001,T1590.005
230,T1001,T1593.001
231,T1001,T1595.002
232,T1001,T1610
233,T1001,T1684
234,T1001.001,T1003
235,T1001.001,T1007
236,T1001.001,T1009
237,T1001.001,T1036
238,T1001.001,T1036.002
239,T1001.001,T1053
240,T1001.001,T1053.005
241,T1001.001,T1055
242,T1001.001,T1059
243,T1001.001,T1059.005
244,T1001.001,T1060
245,T1001.001,T1064
246,T1001.001,T1072
247,T1001.001,T1077
248,T1001.001,T1082
249,T1001.001,T1083
250,T1001.001,T1087
251,T1001.001,T1088
252,T1001.001,T1089
253,T1001.001,T1105
254,T1001.001,T1107
255,T1001.001,T1113
256,T1001.001,T1140
257,T1001.001,T1193
258,T1001.001,T1195
259,T1001.001,T1203
260,T1001.001,T1204
261,T1001.001,T1204.003
262,T1001.001,T1218
263,T1001.001,T1518
264,T1001.001,T1684
265,T1001.003,T1016
266,T1001.003,T1027.003
267,T1001.003,T1033
268,T1001.003,T1041
269,T1001.003,T1053
270,T1001.003,T1053.005
271,T1001.003,T1059
272,T1001.003,T1059.001
273,T1001.003,T1070
274,T1001.003,T1071
275,T1001.003,T1074.001
276,T1001.003,T1074.002
277,T1001.003,T1078
278,T1001.003,T1078.001
279,T1001.003,T1082
280,T1001.003,T1090.001
281,T1001.003,T1090.002
282,T1001.003,T1090.003
283,T1001.003,T1095
284,T1001.003,T1102
285,T1001.003,T1102.001
286,T1001.003,T1106
287,T1001.003,T1119
288,T1001.003,T1189
289,T1001.003,T1190
290,T1001.003,T1202
291,T1001.003,T1203
292,T1001.003,T1204
293,T1001.003,T1204.002
294,T1001.003,T1218.004
295,T1001.003,T1543
296,T1001.003,T1543.003
297,T1001.003,T1553
298,T1001.003,T1553.002
299,T1001.003,T1556.006
300,T1001.003,T1560
301,T1001.003,T1562
302,T1001.003,T1562.004
303,T1001.003,T1566.001
304,T1001.003,T1566.002
305,T1001.003,T1572
306,T1001.003,T1573
307,T1001.003,T1573.001
308,T1001.003,T1583
309,T1001.003,T1583.001
310,T1001.003,T1583.006
311,T1001.003,T1587
312,T1001.003,T1587.001
313,T1001.003,T1587.003
314,T1001.003,T1588
315,T1001.003,T1588.001
316,T1001.003,T1588.002
317,T1001.003,T1589
318,T1001.003,T1589.001
319,T1001.003,T1590.005
320,T1002,T1003
321,T1002,T1003.006
322,T1002,T1005
323,T1002,T1007
324,T1002,T1008
325,T1002,T1009
326,T1002,T1010
327,T1002,T1011
328,T1002,T1012
329,T1002,T1015
330,T1002,T1016
331,T1002,T1017
332,T1002,T1018
333,T1002,T1020
334,T1002,T1021
335,T1002,T1021.003
336,T1002,T1021.007
337,T1002,T1022
338,T1002,T1023
339,T1002,T1024
340,T1002,T1025
341,T1002,T1026
342,T1002,T1027
343,T1002,T1029
344,T1002,T1030
345,T1002,T1031
346,T1002,T1032
347,T1002,T1033
348,T1002,T1034
349,T1002,T1035
350,T1002,T1036
351,T1002,T1038
352,T1002,T1039
353,T1002,T1040
354,T1002,T1041
355,T1002,T1043
356,T1002,T1044
357,T1002,T1046
358,T1002,T1047
359,T1002,T1048
360,T1002,T1049
361,T1002,T1050
362,T1002,T1051
363,T1002,T1052
364,T1002,T1053
365,T1002,T1053.005
366,T1002,T1054
367,T1002,T1055
368,T1002,T1056
369,T1002,T1056.001
370,T1002,T1057
371,T1002,T1058
372,T1002,T1059
373,T1002,T1059.005
374,T1002,T1059.007
375,T1002,T1060
376,T1002,T1061
377,T1002,T1062
378,T1002,T1063
379,T1002,T1064
380,T1002,T1065
381,T1002,T1068
382,T1002,T1069
383,T1002,T1070
384,T1002,T1071
385,T1002,T1073
386,T1002,T1074
387,T1002,T1076
388,T1002,T1077
389,T1002,T1078
390,T1002,T1078.003
391,T1002,T1079
392,T1002,T1080
393,T1002,T1081
394,T1002,T1082
395,T1002,T1083
396,T1002,T1085
397,T1002,T1086
398,T1002,T1087
399,T1002,T1087.003
400,T1002,T1088
401,T1002,T1089
402,T1002,T1090
403,T1002,T1091
404,T1002,T1092
405,T1002,T1094
406,T1002,T1095
407,T1002,T1098
408,T1002,T1099
409,T1002,T1100
410,T1002,T1102
411,T1002,T1104
412,T1002,T1105
413,T1002,T1106
414,T1002,T1107
415,T1002,T1108
416,T1002,T1110
417,T1002,T1110.003
418,T1002,T1112
419,T1002,T1113
420,T1002,T1114
421,T1002,T1115
422,T1002,T1116
423,T1002,T1117
424,T1002,T1119
425,T1002,T1120
426,T1002,T1123
427,T1002,T1124
428,T1002,T1125
429,T1002,T1132
430,T1002,T1133
431,T1002,T1134
432,T1002,T1135
433,T1002,T1136
434,T1002,T1137
435,T1002,T1139
436,T1002,T1140
437,T1002,T1141
438,T1002,T1143
439,T1002,T1145
440,T1002,T1146
441,T1002,T1148
442,T1002,T1149
443,T1002,T1162
444,T1002,T1163
445,T1002,T1165
446,T1002,T1168
447,T1002,T1171
448,T1002,T1175
449,T1002,T1176.001
450,T1002,T1187
451,T1002,T1189
452,T1002,T1190
453,T1002,T1192
454,T1002,T1194
455,T1002,T1195
456,T1002,T1196
457,T1002,T1197
458,T1002,T1199
459,T1002,T1200
460,T1002,T1201
461,T1002,T1202
462,T1002,T1203
463,T1002,T1204
464,T1002,T1204.002
465,T1002,T1205.001
466,T1002,T1206
467,T1002,T1210
468,T1002,T1212
469,T1002,T1213
470,T1002,T1213.001
471,T1002,T1213.002
472,T1002,T1218.002
473,T1002,T1219
474,T1002,T1220
475,T1002,T1221
476,T1002,T1480
477,T1002,T1482
478,T1002,T1483
479,T1002,T1485
480,T1002,T1486
481,T1002,T1487
482,T1002,T1489
483,T1002,T1490
484,T1002,T1491
485,T1002,T1495
486,T1002,T1496
487,T1002,T1498
488,T1002,T1499
489,T1002,T1505
490,T1002,T1505.002
491,T1002,T1518
492,T1002,T1529
493,T1002,T1531
494,T1002,T1537
495,T1002,T1539
496,T1002,T1543.003
497,T1002,T1552.003
498,T1002,T1555.005
499,T1002,T1559.001
500,T1002,T1565
501,T1002,T1569
502,T1002,T1590.005
503,T1002,T1593.001
504,T1002,T1669
505,T1002,T1684
506,T1003,T1003.001
507,T1003,T1003.002
508,T1003,T1003.003
509,T1003,T1003.004
510,T1003,T1003.005
511,T1003,T1003.006
512,T1003,T1005
513,T1003,T1007
514,T1003,T1008
515,T1003,T1009
516,T1003,T1010
517,T1003,T1012
518,T1003,T1015
519,T1003,T1016
520,T1003,T1016.001
521,T1003,T1018
522,T1003,T1020
523,T1003,T1021
524,T1003,T1021.001
525,T1003,T1021.002
526,T1003,T1021.006
527,T1003,T1021.007
528,T1003,T1022
529,T1003,T1023
530,T1003,T1025
531,T1003,T1027
532,T1003,T1027.001
533,T1003,T1027.002
534,T1003,T1027.004
535,T1003,T1031
536,T1003,T1032
537,T1003,T1033
538,T1003,T1034
539,T1003,T1035
540,T1003,T1036
541,T1003,T1036.002
542,T1003,T1036.003
543,T1003,T1036.004
544,T1003,T1036.005
545,T1003,T1038
546,T1003,T1039
547,T1003,T1040
548,T1003,T1041
549,T1003,T1043
550,T1003,T1046
551,T1003,T1047
552,T1003,T1048
553,T1003,T1049
554,T1003,T1050
555,T1003,T1053
556,T1003,T1053.001
557,T1003,T1053.005
558,T1003,T1054
559,T1003,T1055
560,T1003,T1055.001
561,T1003,T1055.002
562,T1003,T1055.003
563,T1003,T1055.012
564,T1003,T1056
565,T1003,T1056.001
566,T1003,T1056.003
567,T1003,T1057
568,T1003,T1059
569,T1003,T1059.001
570,T1003,T1059.003
571,T1003,T1059.004
572,T1003,T1059.005
573,T1003,T1059.006
574,T1003,T1059.007
575,T1003,T1059.009
576,T1003,T1060
577,T1003,T1061
578,T1003,T1063
579,T1003,T1064
580,T1003,T1065
581,T1003,T1068
582,T1003,T1069
583,T1003,T1069.001
584,T1003,T1069.002
585,T1003,T1070
586,T1003,T1070.001
587,T1003,T1070.004
588,T1003,T1070.005
589,T1003,T1070.006
590,T1003,T1070.009
591,T1003,T1071
592,T1003,T1071.001
593,T1003,T1071.002
594,T1003,T1071.004
595,T1003,T1072
596,T1003,T1073
597,T1003,T1074
598,T1003,T1074.001
599,T1003,T1074.002
600,T1003,T1075
601,T1003,T1076
602,T1003,T1077
603,T1003,T1078
604,T1003,T1078.001
605,T1003,T1078.002
606,T1003,T1078.003
607,T1003,T1080
608,T1003,T1081
609,T1003,T1082
610,T1003,T1083
611,T1003,T1086
612,T1003,T1087
613,T1003,T1087.002
614,T1003,T1087.003
615,T1003,T1088
616,T1003,T1089
617,T1003,T1090
618,T1003,T1090.001
619,T1003,T1090.002
620,T1003,T1091
621,T1003,T1094
622,T1003,T1095
623,T1003,T1098
624,T1003,T1098.004
625,T1003,T1100
626,T1003,T1102
627,T1003,T1102.002
628,T1003,T1104
629,T1003,T1105
630,T1003,T1107
631,T1003,T1108
632,T1003,T1110
633,T1003,T1110.001
634,T1003,T1110.003
635,T1003,T1110.004
636,T1003,T1111
637,T1003,T1112
638,T1003,T1113
639,T1003,T1114
640,T1003,T1114.001
641,T1003,T1114.002
642,T1003,T1114.003
643,T1003,T1115
644,T1003,T1116
645,T1003,T1117
646,T1003,T1119
647,T1003,T1123
648,T1003,T1124
649,T1003,T1125
650,T1003,T1132
651,T1003,T1132.001
652,T1003,T1133
653,T1003,T1134
654,T1003,T1134.001
655,T1003,T1134.002
656,T1003,T1134.004
657,T1003,T1135
658,T1003,T1136
659,T1003,T1136.001
660,T1003,T1136.002
661,T1003,T1137.001
662,T1003,T1139
663,T1003,T1140
664,T1003,T1143
665,T1003,T1145
666,T1003,T1146
667,T1003,T1158
668,T1003,T1165
669,T1003,T1185
670,T1003,T1187
671,T1003,T1189
672,T1003,T1190
673,T1003,T1191
674,T1003,T1193
675,T1003,T1195
676,T1003,T1197
677,T1003,T1199
678,T1003,T1201
679,T1003,T1202
680,T1003,T1203
681,T1003,T1204
682,T1003,T1204.001
683,T1003,T1204.002
684,T1003,T1204.003
685,T1003,T1204.005
686,T1003,T1210
687,T1003,T1211
688,T1003,T1212
689,T1003,T1213
690,T1003,T1213.001
691,T1003,T1213.002
692,T1003,T1216.002
693,T1003,T1218
694,T1003,T1218.002
695,T1003,T1218.003
696,T1003,T1218.005
697,T1003,T1218.011
698,T1003,T1219
699,T1003,T1222
700,T1003,T1480
701,T1003,T1482
702,T1003,T1483
703,T1003,T1484.001
704,T1003,T1485
705,T1003,T1486
706,T1003,T1487
707,T1003,T1489
708,T1003,T1496
709,T1003,T1497
710,T1003,T1497.001
711,T1003,T1499
712,T1003,T1503
713,T1003,T1505
714,T1003,T1505.003
715,T1003,T1518
716,T1003,T1518.001
717,T1003,T1528
718,T1003,T1531
719,T1003,T1534
720,T1003,T1539
721,T1003,T1543
722,T1003,T1543.003
723,T1003,T1546
724,T1003,T1546.003
725,T1003,T1546.008
726,T1003,T1546.012
727,T1003,T1546.015
728,T1003,T1547
729,T1003,T1547.001
730,T1003,T1547.012
731,T1003,T1548
732,T1003,T1548.001
733,T1003,T1548.002
734,T1003,T1550
735,T1003,T1550.002
736,T1003,T1550.003
737,T1003,T1552
738,T1003,T1552.001
739,T1003,T1552.004
740,T1003,T1553
741,T1003,T1553.002
742,T1003,T1554
743,T1003,T1555
744,T1003,T1555.003
745,T1003,T1555.004
746,T1003,T1556
747,T1003,T1556.004
748,T1003,T1556.006
749,T1003,T1556.008
750,T1003,T1558
751,T1003,T1558.001
752,T1003,T1558.003
753,T1003,T1559
754,T1003,T1559.001
755,T1003,T1559.002
756,T1003,T1560
757,T1003,T1560.001
758,T1003,T1560.003
759,T1003,T1562
760,T1003,T1562.001
761,T1003,T1562.004
762,T1003,T1562.007
763,T1003,T1563
764,T1003,T1564
765,T1003,T1564.001
766,T1003,T1564.003
767,T1003,T1566
768,T1003,T1566.001
769,T1003,T1566.002
770,T1003,T1567
771,T1003,T1567.002
772,T1003,T1568
773,T1003,T1569
774,T1003,T1569.002
775,T1003,T1570
776,T1003,T1571
777,T1003,T1572
778,T1003,T1573
779,T1003,T1573.001
780,T1003,T1573.002
781,T1003,T1574
782,T1003,T1574.001
783,T1003,T1574.002
784,T1003,T1574.012
785,T1003,T1578
786,T1003,T1578.002
787,T1003,T1578.003
788,T1003,T1583
789,T1003,T1583.001
790,T1003,T1583.002
791,T1003,T1583.003
792,T1003,T1583.006
793,T1003,T1584.008
794,T1003,T1587
795,T1003,T1587.001
796,T1003,T1588
797,T1003,T1588.002
798,T1003,T1588.003
799,T1003,T1589.002
800,T1003,T1590
801,T1003,T1590.005
802,T1003,T1592.004
803,T1003,T1595
804,T1003,T1595.002
805,T1003,T1608
806,T1003,T1608.003
807,T1003,T1610
808,T1003,T1615
809,T1003,T1684
810,T1003,T1686.001
811,T1003.001,T1003.002
812,T1003.001,T1003.003
813,T1003.001,T1003.004
814,T1003.001,T1003.005
815,T1003.001,T1003.006
816,T1003.001,T1005
817,T1003.001,T1007
818,T1003.001,T1008
819,T1003.001,T1010
820,T1003.001,T1012
821,T1003.001,T1016
822,T1003.001,T1016.001
823,T1003.001,T1018
824,T1003.001,T1021
825,T1003.001,T1021.001
826,T1003.001,T1021.002
827,T1003.001,T1021.007
828,T1003.001,T1022
829,T1003.001,T1027
830,T1003.001,T1027.001
831,T1003.001,T1027.002
832,T1003.001,T1027.004
833,T1003.001,T1033
834,T1003.001,T1036
835,T1003.001,T1036.003
836,T1003.001,T1036.004
837,T1003.001,T1036.005
838,T1003.001,T1038
839,T1003.001,T1039
840,T1003.001,T1041
841,T1003.001,T1046
842,T1003.001,T1047
843,T1003.001,T1048
844,T1003.001,T1049
845,T1003.001,T1050
846,T1003.001,T1053
847,T1003.001,T1053.005
848,T1003.001,T1055
849,T1003.001,T1055.001
850,T1003.001,T1055.002
851,T1003.001,T1055.003
852,T1003.001,T1055.012
853,T1003.001,T1056
854,T1003.001,T1056.001
855,T1003.001,T1056.003
856,T1003.001,T1057
857,T1003.001,T1059
858,T1003.001,T1059.001
859,T1003.001,T1059.003
860,T1003.001,T1059.004
861,T1003.001,T1059.005
862,T1003.001,T1059.006
863,T1003.001,T1059.007
864,T1003.001,T1059.009
865,T1003.001,T1068
866,T1003.001,T1069
867,T1003.001,T1069.001
868,T1003.001,T1069.002
869,T1003.001,T1070
870,T1003.001,T1070.001
871,T1003.001,T1070.004
872,T1003.001,T1070.005
873,T1003.001,T1070.009
874,T1003.001,T1071
875,T1003.001,T1071.001
876,T1003.001,T1071.002
877,T1003.001,T1074
878,T1003.001,T1074.001
879,T1003.001,T1074.002
880,T1003.001,T1077
881,T1003.001,T1078
882,T1003.001,T1078.001
883,T1003.001,T1078.002
884,T1003.001,T1078.003
885,T1003.001,T1080
886,T1003.001,T1082
887,T1003.001,T1083
888,T1003.001,T1087
889,T1003.001,T1087.002
890,T1003.001,T1087.003
891,T1003.001,T1090.001
892,T1003.001,T1090.002
893,T1003.001,T1091
894,T1003.001,T1095
895,T1003.001,T1098
896,T1003.001,T1098.004
897,T1003.001,T1102
898,T1003.001,T1102.002
899,T1003.001,T1104
900,T1003.001,T1105
901,T1003.001,T1110
902,T1003.001,T1110.001
903,T1003.001,T1110.002
904,T1003.001,T1110.003
905,T1003.001,T1110.004
906,T1003.001,T1111
907,T1003.001,T1112
908,T1003.001,T1113
909,T1003.001,T1114
910,T1003.001,T1114.001
911,T1003.001,T1114.002
912,T1003.001,T1114.003
913,T1003.001,T1115
914,T1003.001,T1119
915,T1003.001,T1123
916,T1003.001,T1124
917,T1003.001,T1125
918,T1003.001,T1132
919,T1003.001,T1132.001
920,T1003.001,T1133
921,T1003.001,T1134
922,T1003.001,T1134.002
923,T1003.001,T1134.004
924,T1003.001,T1135
925,T1003.001,T1136
926,T1003.001,T1136.001
927,T1003.001,T1136.002
928,T1003.001,T1137.001
929,T1003.001,T1137.006
930,T1003.001,T1140
931,T1003.001,T1187
932,T1003.001,T1189
933,T1003.001,T1190
934,T1003.001,T1195
935,T1003.001,T1197
936,T1003.001,T1199
937,T1003.001,T1201
938,T1003.001,T1202
939,T1003.001,T1203
940,T1003.001,T1204
941,T1003.001,T1204.001
942,T1003.001,T1204.002
943,T1003.001,T1204.005
944,T1003.001,T1210
945,T1003.001,T1211
946,T1003.001,T1212
947,T1003.001,T1213
948,T1003.001,T1213.002
949,T1003.001,T1216.002
950,T1003.001,T1218
951,T1003.001,T1218.002
952,T1003.001,T1218.003
953,T1003.001,T1218.005
954,T1003.001,T1218.011
955,T1003.001,T1219
956,T1003.001,T1480
957,T1003.001,T1482
958,T1003.001,T1484.001
959,T1003.001,T1485
960,T1003.001,T1486
961,T1003.001,T1489
962,T1003.001,T1496
963,T1003.001,T1497
964,T1003.001,T1497.001
965,T1003.001,T1499
966,T1003.001,T1505
967,T1003.001,T1505.002
968,T1003.001,T1505.003
969,T1003.001,T1518
970,T1003.001,T1518.001
971,T1003.001,T1531
972,T1003.001,T1534
973,T1003.001,T1539
974,T1003.001,T1543
975,T1003.001,T1543.003
976,T1003.001,T1546
977,T1003.001,T1546.003
978,T1003.001,T1546.008
979,T1003.001,T1546.012
980,T1003.001,T1546.015
981,T1003.001,T1547
982,T1003.001,T1547.001
983,T1003.001,T1547.012
984,T1003.001,T1548
985,T1003.001,T1548.001
986,T1003.001,T1548.002
987,T1003.001,T1550
988,T1003.001,T1550.002
989,T1003.001,T1550.003
990,T1003.001,T1552
991,T1003.001,T1552.001
992,T1003.001,T1552.004
993,T1003.001,T1553
994,T1003.001,T1553.002
995,T1003.001,T1555
996,T1003.001,T1555.003
997,T1003.001,T1555.004
998,T1003.001,T1556.006
999,T1003.001,T1558
1000,T1003.001,T1558.001
1001,T1003.001,T1558.003
1002,T1003.001,T1559
1003,T1003.001,T1559.001
1004,T1003.001,T1559.002
1005,T1003.001,T1560
1006,T1003.001,T1560.001
1007,T1003.001,T1560.003
1008,T1003.001,T1562
1009,T1003.001,T1562.001
1010,T1003.001,T1562.004
1011,T1003.001,T1562.007
1012,T1003.001,T1563
1013,T1003.001,T1564
1014,T1003.001,T1564.001
1015,T1003.001,T1564.003
1016,T1003.001,T1566
1017,T1003.001,T1566.001
1018,T1003.001,T1567
1019,T1003.001,T1567.002
1020,T1003.001,T1568
1021,T1003.001,T1569
1022,T1003.001,T1569.002
1023,T1003.001,T1570
1024,T1003.001,T1571
1025,T1003.001,T1572
1026,T1003.001,T1573
1027,T1003.001,T1573.001
1028,T1003.001,T1573.002
1029,T1003.001,T1574
1030,T1003.001,T1574.001
1031,T1003.001,T1574.002
1032,T1003.001,T1574.012
1033,T1003.001,T1578
1034,T1003.001,T1578.002
1035,T1003.001,T1578.003
1036,T1003.001,T1583
1037,T1003.001,T1583.003
1038,T1003.001,T1583.006
1039,T1003.001,T1584.008
1040,T1003.001,T1588
1041,T1003.001,T1588.002
1042,T1003.001,T1588.003
1043,T1003.001,T1589.002
1044,T1003.001,T1590
1045,T1003.001,T1590.005
1046,T1003.001,T1593.001
1047,T1003.001,T1595
1048,T1003.001,T1595.002
1049,T1003.001,T1608
1050,T1003.001,T1608.003
1051,T1003.001,T1615
1052,T1003.001,T1620
1053,T1003.001,T1684
1054,T1003.001,T1686.001
1055,T1003.002,T1003.003
1056,T1003.002,T1003.004
1057,T1003.002,T1003.005
1058,T1003.002,T1003.006
1059,T1003.002,T1005
1060,T1003.002,T1007
1061,T1003.002,T1012
1062,T1003.002,T1016
1063,T1003.002,T1018
1064,T1003.002,T1020
1065,T1003.002,T1021
1066,T1003.002,T1021.001
1067,T1003.002,T1021.002
1068,T1003.002,T1021.007
1069,T1003.002,T1022
1070,T1003.002,T1025
1071,T1003.002,T1027
1072,T1003.002,T1027.001
1073,T1003.002,T1033
1074,T1003.002,T1036
1075,T1003.002,T1036.004
1076,T1003.002,T1036.005
1077,T1003.002,T1038
1078,T1003.002,T1041
1079,T1003.002,T1046
1080,T1003.002,T1047
1081,T1003.002,T1049
1082,T1003.002,T1050
1083,T1003.002,T1053
1084,T1003.002,T1053.005
1085,T1003.002,T1055
1086,T1003.002,T1055.001
1087,T1003.002,T1055.012
1088,T1003.002,T1056
1089,T1003.002,T1056.001
1090,T1003.002,T1057
1091,T1003.002,T1059
1092,T1003.002,T1059.001
1093,T1003.002,T1059.003
1094,T1003.002,T1059.009
1095,T1003.002,T1068
1096,T1003.002,T1069
1097,T1003.002,T1069.001
1098,T1003.002,T1069.002
1099,T1003.002,T1070
1100,T1003.002,T1070.001
1101,T1003.002,T1070.004
1102,T1003.002,T1070.005
1103,T1003.002,T1070.009
1104,T1003.002,T1071
1105,T1003.002,T1071.001
1106,T1003.002,T1071.002
1107,T1003.002,T1074
1108,T1003.002,T1074.001
1109,T1003.002,T1077
1110,T1003.002,T1078
1111,T1003.002,T1078.002
1112,T1003.002,T1078.003
1113,T1003.002,T1080
1114,T1003.002,T1082
1115,T1003.002,T1083
1116,T1003.002,T1087
1117,T1003.002,T1087.003
1118,T1003.002,T1091
1119,T1003.002,T1095
1120,T1003.002,T1098
1121,T1003.002,T1098.004
1122,T1003.002,T1102
1123,T1003.002,T1105
1124,T1003.002,T1110.003
1125,T1003.002,T1111
1126,T1003.002,T1112
1127,T1003.002,T1113
1128,T1003.002,T1114
1129,T1003.002,T1114.003
1130,T1003.002,T1119
1131,T1003.002,T1123
1132,T1003.002,T1124
1133,T1003.002,T1125
1134,T1003.002,T1133
1135,T1003.002,T1134
1136,T1003.002,T1135
1137,T1003.002,T1136
1138,T1003.002,T1136.001
1139,T1003.002,T1136.002
1140,T1003.002,T1140
1141,T1003.002,T1187
1142,T1003.002,T1190
1143,T1003.002,T1197
1144,T1003.002,T1203
1145,T1003.002,T1204
1146,T1003.002,T1204.001
1147,T1003.002,T1204.002
1148,T1003.002,T1204.005
1149,T1003.002,T1210
1150,T1003.002,T1211
1151,T1003.002,T1216.002
1152,T1003.002,T1218.011
1153,T1003.002,T1219
1154,T1003.002,T1222
1155,T1003.002,T1482
1156,T1003.002,T1484.001
1157,T1003.002,T1486
1158,T1003.002,T1496
1159,T1003.002,T1497
1160,T1003.002,T1505
1161,T1003.002,T1505.003
1162,T1003.002,T1518
1163,T1003.002,T1518.001
1164,T1003.002,T1531
1165,T1003.002,T1534
1166,T1003.002,T1539
1167,T1003.002,T1543
1168,T1003.002,T1543.003
1169,T1003.002,T1546
1170,T1003.002,T1546.003
1171,T1003.002,T1546.008
1172,T1003.002,T1546.012
1173,T1003.002,T1546.015
1174,T1003.002,T1547
1175,T1003.002,T1547.001
1176,T1003.002,T1548
1177,T1003.002,T1548.001
1178,T1003.002,T1548.002
1179,T1003.002,T1550
1180,T1003.002,T1550.002
1181,T1003.002,T1550.003
1182,T1003.002,T1552
1183,T1003.002,T1552.001
1184,T1003.002,T1555
1185,T1003.002,T1555.003
1186,T1003.002,T1555.004
1187,T1003.002,T1556.006
1188,T1003.002,T1558
1189,T1003.002,T1558.001
1190,T1003.002,T1558.003
1191,T1003.002,T1559.001
1192,T1003.002,T1560
1193,T1003.002,T1560.001
1194,T1003.002,T1562
1195,T1003.002,T1562.001
1196,T1003.002,T1562.004
1197,T1003.002,T1562.007
1198,T1003.002,T1563
1199,T1003.002,T1564.001
1200,T1003.002,T1566
1201,T1003.002,T1566.001
1202,T1003.002,T1567
1203,T1003.002,T1567.002
1204,T1003.002,T1568
1205,T1003.002,T1569
1206,T1003.002,T1569.002
1207,T1003.002,T1570
1208,T1003.002,T1571
1209,T1003.002,T1572
1210,T1003.002,T1573
1211,T1003.002,T1574
1212,T1003.002,T1574.001
1213,T1003.002,T1574.002
1214,T1003.002,T1578
1215,T1003.002,T1578.002
1216,T1003.002,T1578.003
1217,T1003.002,T1584.008
1218,T1003.002,T1588.007
1219,T1003.002,T1590
1220,T1003.002,T1590.005
1221,T1003.002,T1595
1222,T1003.002,T1615
1223,T1003.002,T1684
1224,T1003.002,T1686.001
1225,T1003.003,T1003.004
1226,T1003.003,T1003.005
1227,T1003.003,T1003.006
1228,T1003.003,T1005
1229,T1003.003,T1007
1230,T1003.003,T1012
1231,T1003.003,T1016
1232,T1003.003,T1018
1233,T1003.003,T1021
1234,T1003.003,T1021.001
1235,T1003.003,T1021.002
1236,T1003.003,T1021.007
1237,T1003.003,T1022
1238,T1003.003,T1027
1239,T1003.003,T1033
1240,T1003.003,T1036.004
1241,T1003.003,T1036.005
1242,T1003.003,T1038
1243,T1003.003,T1041
1244,T1003.003,T1046
1245,T1003.003,T1047
1246,T1003.003,T1049
1247,T1003.003,T1050
1248,T1003.003,T1053
1249,T1003.003,T1053.005
1250,T1003.003,T1055
1251,T1003.003,T1055.001
1252,T1003.003,T1055.012
1253,T1003.003,T1056
1254,T1003.003,T1056.001
1255,T1003.003,T1057
1256,T1003.003,T1059
1257,T1003.003,T1059.001
1258,T1003.003,T1059.003
1259,T1003.003,T1059.009
1260,T1003.003,T1069
1261,T1003.003,T1069.001
1262,T1003.003,T1069.002
1263,T1003.003,T1070
1264,T1003.003,T1070.001
1265,T1003.003,T1070.004
1266,T1003.003,T1070.005
1267,T1003.003,T1070.009
1268,T1003.003,T1071
1269,T1003.003,T1071.002
1270,T1003.003,T1074
1271,T1003.003,T1077
1272,T1003.003,T1078
1273,T1003.003,T1078.002
1274,T1003.003,T1078.003
1275,T1003.003,T1080
1276,T1003.003,T1082
1277,T1003.003,T1083
1278,T1003.003,T1087
1279,T1003.003,T1087.003
1280,T1003.003,T1091
1281,T1003.003,T1098
1282,T1003.003,T1098.004
1283,T1003.003,T1102
1284,T1003.003,T1105
1285,T1003.003,T1110
1286,T1003.003,T1110.001
1287,T1003.003,T1110.003
1288,T1003.003,T1111
1289,T1003.003,T1112
1290,T1003.003,T1113
1291,T1003.003,T1114
1292,T1003.003,T1114.003
1293,T1003.003,T1119
1294,T1003.003,T1123
1295,T1003.003,T1124
1296,T1003.003,T1125
1297,T1003.003,T1133
1298,T1003.003,T1134
1299,T1003.003,T1135
1300,T1003.003,T1136
1301,T1003.003,T1136.001
1302,T1003.003,T1136.002
1303,T1003.003,T1140
1304,T1003.003,T1187
1305,T1003.003,T1190
1306,T1003.003,T1197
1307,T1003.003,T1203
1308,T1003.003,T1204
1309,T1003.003,T1204.001
1310,T1003.003,T1204.002
1311,T1003.003,T1204.005
1312,T1003.003,T1211
1313,T1003.003,T1212
1314,T1003.003,T1216.002
1315,T1003.003,T1218.011
1316,T1003.003,T1219
1317,T1003.003,T1482
1318,T1003.003,T1484.001
1319,T1003.003,T1486
1320,T1003.003,T1496
1321,T1003.003,T1497
1322,T1003.003,T1505
1323,T1003.003,T1505.003
1324,T1003.003,T1518
1325,T1003.003,T1518.001
1326,T1003.003,T1531
1327,T1003.003,T1534
1328,T1003.003,T1539
1329,T1003.003,T1543
1330,T1003.003,T1543.003
1331,T1003.003,T1546
1332,T1003.003,T1546.003
1333,T1003.003,T1546.008
1334,T1003.003,T1546.012
1335,T1003.003,T1546.015
1336,T1003.003,T1547
1337,T1003.003,T1548
1338,T1003.003,T1548.001
1339,T1003.003,T1548.002
1340,T1003.003,T1550
1341,T1003.003,T1550.002
1342,T1003.003,T1550.003
1343,T1003.003,T1552
1344,T1003.003,T1552.001
1345,T1003.003,T1552.004
1346,T1003.003,T1555
1347,T1003.003,T1555.003
1348,T1003.003,T1555.004
1349,T1003.003,T1556.006
1350,T1003.003,T1558
1351,T1003.003,T1558.003
1352,T1003.003,T1559.001
1353,T1003.003,T1560
1354,T1003.003,T1560.001
1355,T1003.003,T1562
1356,T1003.003,T1562.001
1357,T1003.003,T1562.004
1358,T1003.003,T1562.007
1359,T1003.003,T1563
1360,T1003.003,T1566
1361,T1003.003,T1566.001
1362,T1003.003,T1567
1363,T1003.003,T1567.002
1364,T1003.003,T1568
1365,T1003.003,T1569
1366,T1003.003,T1569.002
1367,T1003.003,T1570
1368,T1003.003,T1571
1369,T1003.003,T1572
1370,T1003.003,T1573
1371,T1003.003,T1574
1372,T1003.003,T1574.001
1373,T1003.003,T1574.002
1374,T1003.003,T1578
1375,T1003.003,T1578.002
1376,T1003.003,T1578.003
1377,T1003.003,T1584.008
1378,T1003.003,T1590.005
1379,T1003.003,T1595
1380,T1003.003,T1595.002
1381,T1003.003,T1615
1382,T1003.003,T1684
1383,T1003.003,T1686.001
1384,T1003.004,T1003.005
1385,T1003.004,T1005
1386,T1003.004,T1007
1387,T1003.004,T1012
1388,T1003.004,T1016
1389,T1003.004,T1018
1390,T1003.004,T1021
1391,T1003.004,T1021.002
1392,T1003.004,T1021.007
1393,T1003.004,T1022
1394,T1003.004,T1027
1395,T1003.004,T1027.004
1396,T1003.004,T1033
1397,T1003.004,T1036.004
1398,T1003.004,T1036.005
1399,T1003.004,T1038
1400,T1003.004,T1041
1401,T1003.004,T1046
1402,T1003.004,T1047
1403,T1003.004,T1049
1404,T1003.004,T1050
1405,T1003.004,T1053
1406,T1003.004,T1053.005
1407,T1003.004,T1055
1408,T1003.004,T1055.001
1409,T1003.004,T1055.012
1410,T1003.004,T1057
1411,T1003.004,T1059
1412,T1003.004,T1059.001
1413,T1003.004,T1059.003
1414,T1003.004,T1059.005
1415,T1003.004,T1059.006
1416,T1003.004,T1059.007
1417,T1003.004,T1059.009
1418,T1003.004,T1061
1419,T1003.004,T1069
1420,T1003.004,T1069.001
1421,T1003.004,T1069.002
1422,T1003.004,T1070
1423,T1003.004,T1070.001
1424,T1003.004,T1070.004
1425,T1003.004,T1070.005
1426,T1003.004,T1070.009
1427,T1003.004,T1071
1428,T1003.004,T1071.001
1429,T1003.004,T1071.002
1430,T1003.004,T1077
1431,T1003.004,T1078
1432,T1003.004,T1078.002
1433,T1003.004,T1078.003
1434,T1003.004,T1080
1435,T1003.004,T1082
1436,T1003.004,T1083
1437,T1003.004,T1087
1438,T1003.004,T1087.002
1439,T1003.004,T1090.002
1440,T1003.004,T1091
1441,T1003.004,T1098
1442,T1003.004,T1098.004
1443,T1003.004,T1102
1444,T1003.004,T1102.002
1445,T1003.004,T1104
1446,T1003.004,T1105
1447,T1003.004,T1112
1448,T1003.004,T1113
1449,T1003.004,T1119
1450,T1003.004,T1124
1451,T1003.004,T1132.001
1452,T1003.004,T1135
1453,T1003.004,T1136
1454,T1003.004,T1136.002
1455,T1003.004,T1137.001
1456,T1003.004,T1140
1457,T1003.004,T1190
1458,T1003.004,T1197
1459,T1003.004,T1204.002
1460,T1003.004,T1204.005
1461,T1003.004,T1216.002
1462,T1003.004,T1218.003
1463,T1003.004,T1218.005
1464,T1003.004,T1218.011
1465,T1003.004,T1219
1466,T1003.004,T1480
1467,T1003.004,T1482
1468,T1003.004,T1486
1469,T1003.004,T1496
1470,T1003.004,T1505
1471,T1003.004,T1505.003
1472,T1003.004,T1518
1473,T1003.004,T1518.001
1474,T1003.004,T1543
1475,T1003.004,T1543.003
1476,T1003.004,T1546
1477,T1003.004,T1546.003
1478,T1003.004,T1546.008
1479,T1003.004,T1546.012
1480,T1003.004,T1546.015
1481,T1003.004,T1547.001
1482,T1003.004,T1548
1483,T1003.004,T1548.002
1484,T1003.004,T1550.002
1485,T1003.004,T1552
1486,T1003.004,T1552.001
1487,T1003.004,T1555
1488,T1003.004,T1555.003
1489,T1003.004,T1556.006
1490,T1003.004,T1559
1491,T1003.004,T1559.001
1492,T1003.004,T1559.002
1493,T1003.004,T1560
1494,T1003.004,T1560.001
1495,T1003.004,T1562
1496,T1003.004,T1562.001
1497,T1003.004,T1566
1498,T1003.004,T1566.001
1499,T1003.004,T1567
1500,T1003.004,T1567.002
1501,T1003.004,T1569
1502,T1003.004,T1569.002
1503,T1003.004,T1570
1504,T1003.004,T1571
1505,T1003.004,T1572
1506,T1003.004,T1574
1507,T1003.004,T1574.001
1508,T1003.004,T1574.002
1509,T1003.004,T1583.006
1510,T1003.004,T1584
1511,T1003.004,T1584.008
1512,T1003.004,T1588
1513,T1003.004,T1588.002
1514,T1003.004,T1589.002
1515,T1003.004,T1590.005
1516,T1003.004,T1595
1517,T1003.004,T1608.003
1518,T1003.004,T1615
1519,T1003.004,T1684
1520,T1003.005,T1005
1521,T1003.005,T1007
1522,T1003.005,T1012
1523,T1003.005,T1016
1524,T1003.005,T1018
1525,T1003.005,T1020
1526,T1003.005,T1021
1527,T1003.005,T1021.002
1528,T1003.005,T1021.007
1529,T1003.005,T1022
1530,T1003.005,T1025
1531,T1003.005,T1027
1532,T1003.005,T1027.004
1533,T1003.005,T1033
1534,T1003.005,T1036
1535,T1003.005,T1036.004
1536,T1003.005,T1036.005
1537,T1003.005,T1038
1538,T1003.005,T1041
1539,T1003.005,T1046
1540,T1003.005,T1047
1541,T1003.005,T1049
1542,T1003.005,T1050
1543,T1003.005,T1053
1544,T1003.005,T1053.005
1545,T1003.005,T1055
1546,T1003.005,T1055.001
1547,T1003.005,T1055.012
1548,T1003.005,T1057
1549,T1003.005,T1059
1550,T1003.005,T1059.001
1551,T1003.005,T1059.003
1552,T1003.005,T1059.005
1553,T1003.005,T1059.006
1554,T1003.005,T1059.007
1555,T1003.005,T1059.009
1556,T1003.005,T1061
1557,T1003.005,T1069
1558,T1003.005,T1069.001
1559,T1003.005,T1069.002
1560,T1003.005,T1070
1561,T1003.005,T1070.001
1562,T1003.005,T1070.004
1563,T1003.005,T1070.005
1564,T1003.005,T1070.009
1565,T1003.005,T1071
1566,T1003.005,T1071.001
1567,T1003.005,T1071.002
1568,T1003.005,T1074
1569,T1003.005,T1074.001
1570,T1003.005,T1077
1571,T1003.005,T1078
1572,T1003.005,T1078.002
1573,T1003.005,T1078.003
1574,T1003.005,T1080
1575,T1003.005,T1082
1576,T1003.005,T1083
1577,T1003.005,T1087
1578,T1003.005,T1087.002
1579,T1003.005,T1090.002
1580,T1003.005,T1091
1581,T1003.005,T1095
1582,T1003.005,T1098
1583,T1003.005,T1098.004
1584,T1003.005,T1102
1585,T1003.005,T1102.002
1586,T1003.005,T1104
1587,T1003.005,T1105
1588,T1003.005,T1112
1589,T1003.005,T1113
1590,T1003.005,T1119
1591,T1003.005,T1124
1592,T1003.005,T1132.001
1593,T1003.005,T1135
1594,T1003.005,T1136
1595,T1003.005,T1136.002
1596,T1003.005,T1137.001
1597,T1003.005,T1140
1598,T1003.005,T1190
1599,T1003.005,T1197
1600,T1003.005,T1204.002
1601,T1003.005,T1204.005
1602,T1003.005,T1216.002
1603,T1003.005,T1218.003
1604,T1003.005,T1218.005
1605,T1003.005,T1218.011
1606,T1003.005,T1219
1607,T1003.005,T1222
1608,T1003.005,T1480
1609,T1003.005,T1482
1610,T1003.005,T1486
1611,T1003.005,T1496
1612,T1003.005,T1505
1613,T1003.005,T1505.003
1614,T1003.005,T1518
1615,T1003.005,T1518.001
1616,T1003.005,T1543
1617,T1003.005,T1543.003
1618,T1003.005,T1546
1619,T1003.005,T1546.003
1620,T1003.005,T1546.008
1621,T1003.005,T1546.012
1622,T1003.005,T1546.015
1623,T1003.005,T1547.001
1624,T1003.005,T1548
1625,T1003.005,T1548.002
1626,T1003.005,T1550.002
1627,T1003.005,T1552
1628,T1003.005,T1552.001
1629,T1003.005,T1555
1630,T1003.005,T1555.003
1631,T1003.005,T1556.006
1632,T1003.005,T1559
1633,T1003.005,T1559.001
1634,T1003.005,T1559.002
1635,T1003.005,T1560
1636,T1003.005,T1560.001
1637,T1003.005,T1562
1638,T1003.005,T1562.001
1639,T1003.005,T1564.001
1640,T1003.005,T1566
1641,T1003.005,T1566.001
1642,T1003.005,T1567
1643,T1003.005,T1567.002
1644,T1003.005,T1569
1645,T1003.005,T1569.002
1646,T1003.005,T1570
1647,T1003.005,T1571
1648,T1003.005,T1572
1649,T1003.005,T1574
1650,T1003.005,T1574.001
1651,T1003.005,T1574.002
1652,T1003.005,T1583.006
1653,T1003.005,T1584.008
1654,T1003.005,T1588
1655,T1003.005,T1588.002
1656,T1003.005,T1589.002
1657,T1003.005,T1590.005
1658,T1003.005,T1595
1659,T1003.005,T1615
1660,T1003.005,T1684
1661,T1003.006,T1012
1662,T1003.006,T1016
1663,T1003.006,T1021
1664,T1003.006,T1021.001
1665,T1003.006,T1022
1666,T1003.006,T1027
1667,T1003.006,T1047
1668,T1003.006,T1053
1669,T1003.006,T1053.005
1670,T1003.006,T1056
1671,T1003.006,T1056.001
1672,T1003.006,T1059
1673,T1003.006,T1059.001
1674,T1003.006,T1065
1675,T1003.006,T1074
1676,T1003.006,T1078
1677,T1003.006,T1078.002
1678,T1003.006,T1087
1679,T1003.006,T1087.003
1680,T1003.006,T1098
1681,T1003.006,T1100
1682,T1003.006,T1111
1683,T1003.006,T1112
1684,T1003.006,T1113
1685,T1003.006,T1114
1686,T1003.006,T1114.003
1687,T1003.006,T1123
1688,T1003.006,T1125
1689,T1003.006,T1133
1690,T1003.006,T1134
1691,T1003.006,T1136
1692,T1003.006,T1136.001
1693,T1003.006,T1187
1694,T1003.006,T1197
1695,T1003.006,T1203
1696,T1003.006,T1204
1697,T1003.006,T1204.001
1698,T1003.006,T1204.002
1699,T1003.006,T1210
1700,T1003.006,T1211
1701,T1003.006,T1219
1702,T1003.006,T1484.001
1703,T1003.006,T1486
1704,T1003.006,T1497
1705,T1003.006,T1505
1706,T1003.006,T1531
1707,T1003.006,T1534
1708,T1003.006,T1539
1709,T1003.006,T1543
1710,T1003.006,T1547
1711,T1003.006,T1548
1712,T1003.006,T1548.001
1713,T1003.006,T1550
1714,T1003.006,T1550.003
1715,T1003.006,T1552
1716,T1003.006,T1555
1717,T1003.006,T1555.004
1718,T1003.006,T1556.006
1719,T1003.006,T1558
1720,T1003.006,T1558.003
1721,T1003.006,T1560
1722,T1003.006,T1562
1723,T1003.006,T1562.001
1724,T1003.006,T1562.004
1725,T1003.006,T1562.007
1726,T1003.006,T1563
1727,T1003.006,T1568
1728,T1003.006,T1569
1729,T1003.006,T1569.002
1730,T1003.006,T1571
1731,T1003.006,T1573
1732,T1003.006,T1578
1733,T1003.006,T1578.002
1734,T1003.006,T1578.003
1735,T1003.006,T1590.005
1736,T1003.006,T1684
1737,T1003.006,T1686.001
1738,T1005,T1007
1739,T1005,T1008
1740,T1005,T1009
1741,T1005,T1010
1742,T1005,T1011
1743,T1005,T1012
1744,T1005,T1015
1745,T1005,T1016
1746,T1005,T1016.001
1747,T1005,T1017
1748,T1005,T1018
1749,T1005,T1020
1750,T1005,T1021
1751,T1005,T1021.002
1752,T1005,T1021.003
1753,T1005,T1021.007
1754,T1005,T1022
1755,T1005,T1024
1756,T1005,T1025
1757,T1005,T1026
1758,T1005,T1027
1759,T1005,T1027.016
1760,T1005,T1029
1761,T1005,T1030
1762,T1005,T1031
1763,T1005,T1032
1764,T1005,T1033
1765,T1005,T1034
1766,T1005,T1035
1767,T1005,T1036
1768,T1005,T1036.004
1769,T1005,T1036.005
1770,T1005,T1038
1771,T1005,T1039
1772,T1005,T1040
1773,T1005,T1041
1774,T1005,T1043
1775,T1005,T1044
1776,T1005,T1046
1777,T1005,T1047
1778,T1005,T1048
1779,T1005,T1049
1780,T1005,T1050
1781,T1005,T1051
1782,T1005,T1052
1783,T1005,T1053
1784,T1005,T1053.005
1785,T1005,T1054
1786,T1005,T1055
1787,T1005,T1055.001
1788,T1005,T1055.002
1789,T1005,T1055.003
1790,T1005,T1055.012
1791,T1005,T1056
1792,T1005,T1056.001
1793,T1005,T1056.003
1794,T1005,T1057
1795,T1005,T1058
1796,T1005,T1059
1797,T1005,T1059.001
1798,T1005,T1059.003
1799,T1005,T1059.004
1800,T1005,T1059.005
1801,T1005,T1059.007
1802,T1005,T1059.009
1803,T1005,T1060
1804,T1005,T1061
1805,T1005,T1062
1806,T1005,T1063
1807,T1005,T1064
1808,T1005,T1065
1809,T1005,T1068
1810,T1005,T1069
1811,T1005,T1069.001
1812,T1005,T1069.002
1813,T1005,T1070
1814,T1005,T1070.001
1815,T1005,T1070.004
1816,T1005,T1070.005
1817,T1005,T1070.009
1818,T1005,T1071
1819,T1005,T1071.001
1820,T1005,T1071.002
1821,T1005,T1073
1822,T1005,T1074
1823,T1005,T1074.001
1824,T1005,T1077
1825,T1005,T1078
1826,T1005,T1078.001
1827,T1005,T1078.002
1828,T1005,T1078.003
1829,T1005,T1079
1830,T1005,T1080
1831,T1005,T1081
1832,T1005,T1082
1833,T1005,T1083
1834,T1005,T1085
1835,T1005,T1086
1836,T1005,T1087
1837,T1005,T1087.001
1838,T1005,T1087.003
1839,T1005,T1088
1840,T1005,T1089
1841,T1005,T1090
1842,T1005,T1090.001
1843,T1005,T1091
1844,T1005,T1092
1845,T1005,T1094
1846,T1005,T1095
1847,T1005,T1098
1848,T1005,T1098.004
1849,T1005,T1099
1850,T1005,T1100
1851,T1005,T1102
1852,T1005,T1102.002
1853,T1005,T1102.003
1854,T1005,T1103
1855,T1005,T1104
1856,T1005,T1105
1857,T1005,T1106
1858,T1005,T1107
1859,T1005,T1108
1860,T1005,T1110
1861,T1005,T1110.003
1862,T1005,T1112
1863,T1005,T1113
1864,T1005,T1114
1865,T1005,T1114.002
1866,T1005,T1115
1867,T1005,T1116
1868,T1005,T1117
1869,T1005,T1119
1870,T1005,T1120
1871,T1005,T1123
1872,T1005,T1124
1873,T1005,T1125
1874,T1005,T1129
1875,T1005,T1132
1876,T1005,T1132.001
1877,T1005,T1133
1878,T1005,T1134
1879,T1005,T1135
1880,T1005,T1136
1881,T1005,T1136.002
1882,T1005,T1137
1883,T1005,T1139
1884,T1005,T1140
1885,T1005,T1141
1886,T1005,T1143
1887,T1005,T1145
1888,T1005,T1146
1889,T1005,T1148
1890,T1005,T1149
1891,T1005,T1158
1892,T1005,T1162
1893,T1005,T1163
1894,T1005,T1165
1895,T1005,T1168
1896,T1005,T1171
1897,T1005,T1175
1898,T1005,T1176.001
1899,T1005,T1187
1900,T1005,T1189
1901,T1005,T1190
1902,T1005,T1191
1903,T1005,T1192
1904,T1005,T1194
1905,T1005,T1195
1906,T1005,T1196
1907,T1005,T1197
1908,T1005,T1199
1909,T1005,T1200
1910,T1005,T1201
1911,T1005,T1202
1912,T1005,T1203
1913,T1005,T1204
1914,T1005,T1204.002
1915,T1005,T1204.005
1916,T1005,T1205.001
1917,T1005,T1206
1918,T1005,T1210
1919,T1005,T1212
1920,T1005,T1213
1921,T1005,T1213.001
1922,T1005,T1216.002
1923,T1005,T1218.002
1924,T1005,T1218.011
1925,T1005,T1219
1926,T1005,T1220
1927,T1005,T1221
1928,T1005,T1222
1929,T1005,T1480
1930,T1005,T1482
1931,T1005,T1483
1932,T1005,T1485
1933,T1005,T1486
1934,T1005,T1487
1935,T1005,T1489
1936,T1005,T1490
1937,T1005,T1491
1938,T1005,T1495
1939,T1005,T1496
1940,T1005,T1497
1941,T1005,T1498
1942,T1005,T1499
1943,T1005,T1500
1944,T1005,T1503
1945,T1005,T1505
1946,T1005,T1505.002
1947,T1005,T1505.003
1948,T1005,T1518
1949,T1005,T1518.001
1950,T1005,T1528
1951,T1005,T1529
1952,T1005,T1531
1953,T1005,T1534
1954,T1005,T1537
1955,T1005,T1539
1956,T1005,T1543
1957,T1005,T1543.003
1958,T1005,T1546
1959,T1005,T1546.003
1960,T1005,T1546.008
1961,T1005,T1546.012
1962,T1005,T1546.015
1963,T1005,T1547.001
1964,T1005,T1547.012
1965,T1005,T1548
1966,T1005,T1548.002
1967,T1005,T1550
1968,T1005,T1550.002
1969,T1005,T1552
1970,T1005,T1552.001
1971,T1005,T1552.003
1972,T1005,T1555
1973,T1005,T1555.003
1974,T1005,T1555.004
1975,T1005,T1555.005
1976,T1005,T1558
1977,T1005,T1558.001
1978,T1005,T1559.001
1979,T1005,T1560
1980,T1005,T1560.001
1981,T1005,T1560.003
1982,T1005,T1562
1983,T1005,T1562.001
1984,T1005,T1562.004
1985,T1005,T1564
1986,T1005,T1564.001
1987,T1005,T1564.003
1988,T1005,T1564.014
1989,T1005,T1565
1990,T1005,T1566
1991,T1005,T1566.001
1992,T1005,T1567
1993,T1005,T1567.002
1994,T1005,T1569
1995,T1005,T1569.002
1996,T1005,T1570
1997,T1005,T1571
1998,T1005,T1572
1999,T1005,T1573
2000,T1005,T1573.001
2001,T1005,T1574
2002,T1005,T1574.001
2003,T1005,T1574.002
2004,T1005,T1574.012
2005,T1005,T1583
2006,T1005,T1583.001
2007,T1005,T1583.006
2008,T1005,T1584
2009,T1005,T1584.004
2010,T1005,T1584.008
2011,T1005,T1585
2012,T1005,T1585.003
2013,T1005,T1587
2014,T1005,T1587.001
2015,T1005,T1587.002
2016,T1005,T1588
2017,T1005,T1588.006
2018,T1005,T1589.002
2019,T1005,T1590.005
2020,T1005,T1593.001
2021,T1005,T1595
2022,T1005,T1595.002
2023,T1005,T1608
2024,T1005,T1608.001
2025,T1005,T1608.004
2026,T1005,T1610
2027,T1005,T1614
2028,T1005,T1615
2029,T1005,T1620
2030,T1005,T1684
2031,T1006,T1485
2032,T1006,T1543.003
2033,T1007,T1008
2034,T1007,T1009
2035,T1007,T1010
2036,T1007,T1011
2037,T1007,T1012
2038,T1007,T1016
2039,T1007,T1016.001
2040,T1007,T1017
2041,T1007,T1018
2042,T1007,T1020
2043,T1007,T1021
2044,T1007,T1021.001
2045,T1007,T1021.002
2046,T1007,T1021.003
2047,T1007,T1021.007
2048,T1007,T1022
2049,T1007,T1024
2050,T1007,T1025
2051,T1007,T1026
2052,T1007,T1027
2053,T1007,T1029
2054,T1007,T1030
2055,T1007,T1031
2056,T1007,T1032
2057,T1007,T1033
2058,T1007,T1034
2059,T1007,T1035
2060,T1007,T1036
2061,T1007,T1036.002
2062,T1007,T1036.004
2063,T1007,T1036.005
2064,T1007,T1038
2065,T1007,T1039
2066,T1007,T1040
2067,T1007,T1041
2068,T1007,T1043
2069,T1007,T1044
2070,T1007,T1046
2071,T1007,T1047
2072,T1007,T1048
2073,T1007,T1049
2074,T1007,T1050
2075,T1007,T1051
2076,T1007,T1052
2077,T1007,T1053
2078,T1007,T1053.005
2079,T1007,T1055
2080,T1007,T1055.001
2081,T1007,T1055.002
2082,T1007,T1055.003
2083,T1007,T1055.012
2084,T1007,T1056
2085,T1007,T1056.001
2086,T1007,T1056.003
2087,T1007,T1057
2088,T1007,T1058
2089,T1007,T1059
2090,T1007,T1059.001
2091,T1007,T1059.003
2092,T1007,T1059.004
2093,T1007,T1059.005
2094,T1007,T1059.007
2095,T1007,T1059.009
2096,T1007,T1060
2097,T1007,T1061
2098,T1007,T1062
2099,T1007,T1064
2100,T1007,T1065
2101,T1007,T1068
2102,T1007,T1069
2103,T1007,T1069.001
2104,T1007,T1069.002
2105,T1007,T1070
2106,T1007,T1070.001
2107,T1007,T1070.004
2108,T1007,T1070.005
2109,T1007,T1070.009
2110,T1007,T1071
2111,T1007,T1071.001
2112,T1007,T1071.002
2113,T1007,T1072
2114,T1007,T1074
2115,T1007,T1074.001
2116,T1007,T1074.002
2117,T1007,T1077
2118,T1007,T1078
2119,T1007,T1078.001
2120,T1007,T1078.002
2121,T1007,T1078.003
2122,T1007,T1079
2123,T1007,T1080
2124,T1007,T1082
2125,T1007,T1083
2126,T1007,T1086
2127,T1007,T1087
2128,T1007,T1088
2129,T1007,T1089
2130,T1007,T1090.001
2131,T1007,T1091
2132,T1007,T1092
2133,T1007,T1094
2134,T1007,T1095
2135,T1007,T1098
2136,T1007,T1098.004
2137,T1007,T1102
2138,T1007,T1102.002
2139,T1007,T1104
2140,T1007,T1105
2141,T1007,T1107
2142,T1007,T1108
2143,T1007,T1110
2144,T1007,T1110.003
2145,T1007,T1110.004
2146,T1007,T1112
2147,T1007,T1113
2148,T1007,T1114
2149,T1007,T1114.001
2150,T1007,T1114.002
2151,T1007,T1115
2152,T1007,T1119
2153,T1007,T1120
2154,T1007,T1123
2155,T1007,T1124
2156,T1007,T1125
2157,T1007,T1132
2158,T1007,T1132.001
2159,T1007,T1133
2160,T1007,T1134
2161,T1007,T1135
2162,T1007,T1136
2163,T1007,T1136.002
2164,T1007,T1137
2165,T1007,T1139
2166,T1007,T1140
2167,T1007,T1141
2168,T1007,T1148
2169,T1007,T1149
2170,T1007,T1162
2171,T1007,T1163
2172,T1007,T1168
2173,T1007,T1171
2174,T1007,T1175
2175,T1007,T1176.001
2176,T1007,T1187
2177,T1007,T1189
2178,T1007,T1190
2179,T1007,T1193
2180,T1007,T1195
2181,T1007,T1196
2182,T1007,T1197
2183,T1007,T1199
2184,T1007,T1200
2185,T1007,T1201
2186,T1007,T1202
2187,T1007,T1203
2188,T1007,T1204
2189,T1007,T1204.002
2190,T1007,T1204.003
2191,T1007,T1204.005
2192,T1007,T1205.001
2193,T1007,T1206
2194,T1007,T1210
2195,T1007,T1212
2196,T1007,T1213
2197,T1007,T1213.002
2198,T1007,T1216.002
2199,T1007,T1218
2200,T1007,T1218.002
2201,T1007,T1218.011
2202,T1007,T1219
2203,T1007,T1220
2204,T1007,T1221
2205,T1007,T1480
2206,T1007,T1482
2207,T1007,T1485
2208,T1007,T1486
2209,T1007,T1489
2210,T1007,T1490
2211,T1007,T1491
2212,T1007,T1495
2213,T1007,T1496
2214,T1007,T1497
2215,T1007,T1497.001
2216,T1007,T1498
2217,T1007,T1499
2218,T1007,T1505
2219,T1007,T1505.002
2220,T1007,T1505.003
2221,T1007,T1518
2222,T1007,T1518.001
2223,T1007,T1529
2224,T1007,T1531
2225,T1007,T1539
2226,T1007,T1543
2227,T1007,T1543.003
2228,T1007,T1546
2229,T1007,T1546.003
2230,T1007,T1546.008
2231,T1007,T1546.012
2232,T1007,T1546.015
2233,T1007,T1547
2234,T1007,T1547.001
2235,T1007,T1548
2236,T1007,T1548.002
2237,T1007,T1550
2238,T1007,T1550.002
2239,T1007,T1552
2240,T1007,T1552.001
2241,T1007,T1552.003
2242,T1007,T1553
2243,T1007,T1553.002
2244,T1007,T1555
2245,T1007,T1555.003
2246,T1007,T1555.004
2247,T1007,T1555.005
2248,T1007,T1558
2249,T1007,T1558.001
2250,T1007,T1559
2251,T1007,T1559.001
2252,T1007,T1559.002
2253,T1007,T1560
2254,T1007,T1560.001
2255,T1007,T1560.003
2256,T1007,T1562
2257,T1007,T1562.001
2258,T1007,T1564
2259,T1007,T1564.003
2260,T1007,T1565
2261,T1007,T1566
2262,T1007,T1566.001
2263,T1007,T1567
2264,T1007,T1567.002
2265,T1007,T1569
2266,T1007,T1569.002
2267,T1007,T1570
2268,T1007,T1571
2269,T1007,T1572
2270,T1007,T1573
2271,T1007,T1573.001
2272,T1007,T1573.002
2273,T1007,T1574
2274,T1007,T1574.001
2275,T1007,T1574.002
2276,T1007,T1574.012
2277,T1007,T1583
2278,T1007,T1583.003
2279,T1007,T1584.008
2280,T1007,T1588
2281,T1007,T1588.003
2282,T1007,T1590.005
2283,T1007,T1593.001
2284,T1007,T1595
2285,T1007,T1608
2286,T1007,T1608.003
2287,T1007,T1615
2288,T1007,T1684
2289,T1008,T1010
2290,T1008,T1011
2291,T1008,T1012
2292,T1008,T1016
2293,T1008,T1017
2294,T1008,T1018
2295,T1008,T1020
2296,T1008,T1021
2297,T1008,T1021.003
2298,T1008,T1021.007
2299,T1008,T1022
2300,T1008,T1024
2301,T1008,T1025
2302,T1008,T1026
2303,T1008,T1027
2304,T1008,T1029
2305,T1008,T1030
2306,T1008,T1031
2307,T1008,T1032
2308,T1008,T1033
2309,T1008,T1034
2310,T1008,T1036
2311,T1008,T1036.004
2312,T1008,T1038
2313,T1008,T1039
2314,T1008,T1040
2315,T1008,T1041
2316,T1008,T1043
2317,T1008,T1044
2318,T1008,T1047
2319,T1008,T1048
2320,T1008,T1049
2321,T1008,T1050
2322,T1008,T1051
2323,T1008,T1052
2324,T1008,T1053
2325,T1008,T1053.005
2326,T1008,T1055
2327,T1008,T1056
2328,T1008,T1056.001
2329,T1008,T1057
2330,T1008,T1058
2331,T1008,T1059
2332,T1008,T1059.003
2333,T1008,T1059.005
2334,T1008,T1059.007
2335,T1008,T1060
2336,T1008,T1061
2337,T1008,T1062
2338,T1008,T1063
2339,T1008,T1064
2340,T1008,T1065
2341,T1008,T1068
2342,T1008,T1069
2343,T1008,T1070
2344,T1008,T1071
2345,T1008,T1071.001
2346,T1008,T1074
2347,T1008,T1074.001
2348,T1008,T1077
2349,T1008,T1078
2350,T1008,T1078.003
2351,T1008,T1079
2352,T1008,T1080
2353,T1008,T1082
2354,T1008,T1083
2355,T1008,T1086
2356,T1008,T1087
2357,T1008,T1087.003
2358,T1008,T1088
2359,T1008,T1089
2360,T1008,T1090
2361,T1008,T1091
2362,T1008,T1092
2363,T1008,T1094
2364,T1008,T1095
2365,T1008,T1098
2366,T1008,T1102
2367,T1008,T1102.002
2368,T1008,T1104
2369,T1008,T1105
2370,T1008,T1106
2371,T1008,T1107
2372,T1008,T1108
2373,T1008,T1110
2374,T1008,T1110.003
2375,T1008,T1112
2376,T1008,T1113
2377,T1008,T1114
2378,T1008,T1115
2379,T1008,T1116
2380,T1008,T1117
2381,T1008,T1119
2382,T1008,T1120
2383,T1008,T1123
2384,T1008,T1124
2385,T1008,T1125
2386,T1008,T1132
2387,T1008,T1133
2388,T1008,T1134
2389,T1008,T1134.004
2390,T1008,T1135
2391,T1008,T1136
2392,T1008,T1137
2393,T1008,T1139
2394,T1008,T1140
2395,T1008,T1141
2396,T1008,T1143
2397,T1008,T1148
2398,T1008,T1149
2399,T1008,T1158
2400,T1008,T1162
2401,T1008,T1163
2402,T1008,T1168
2403,T1008,T1171
2404,T1008,T1175
2405,T1008,T1176.001
2406,T1008,T1187
2407,T1008,T1189
2408,T1008,T1190
2409,T1008,T1191
2410,T1008,T1192
2411,T1008,T1195
2412,T1008,T1196
2413,T1008,T1197
2414,T1008,T1199
2415,T1008,T1200
2416,T1008,T1201
2417,T1008,T1202
2418,T1008,T1203
2419,T1008,T1204
2420,T1008,T1204.002
2421,T1008,T1205.001
2422,T1008,T1206
2423,T1008,T1210
2424,T1008,T1212
2425,T1008,T1213
2426,T1008,T1218.002
2427,T1008,T1219
2428,T1008,T1219.002
2429,T1008,T1220
2430,T1008,T1221
2431,T1008,T1480
2432,T1008,T1482
2433,T1008,T1485
2434,T1008,T1486
2435,T1008,T1489
2436,T1008,T1490
2437,T1008,T1491
2438,T1008,T1495
2439,T1008,T1496
2440,T1008,T1497
2441,T1008,T1498
2442,T1008,T1499
2443,T1008,T1503
2444,T1008,T1505
2445,T1008,T1505.002
2446,T1008,T1518
2447,T1008,T1529
2448,T1008,T1531
2449,T1008,T1539
2450,T1008,T1543.003
2451,T1008,T1552.003
2452,T1008,T1555.005
2453,T1008,T1559.001
2454,T1008,T1560
2455,T1008,T1560.001
2456,T1008,T1565
2457,T1008,T1569
2458,T1008,T1569.002
2459,T1008,T1573
2460,T1008,T1573.001
2461,T1008,T1574
2462,T1008,T1574.001
2463,T1008,T1589.002
2464,T1008,T1590.005
2465,T1008,T1593.001
2466,T1008,T1669
2467,T1008,T1684
2468,T1009,T1015
2469,T1009,T1021
2470,T1009,T1022
2471,T1009,T1031
2472,T1009,T1032
2473,T1009,T1034
2474,T1009,T1036
2475,T1009,T1036.002
2476,T1009,T1038
2477,T1009,T1041
2478,T1009,T1043
2479,T1009,T1050
2480,T1009,T1053
2481,T1009,T1053.005
2482,T1009,T1054
2483,T1009,T1055
2484,T1009,T1056
2485,T1009,T1056.001
2486,T1009,T1059
2487,T1009,T1060
2488,T1009,T1061
2489,T1009,T1064
2490,T1009,T1065
2491,T1009,T1070
2492,T1009,T1071
2493,T1009,T1072
2494,T1009,T1073
2495,T1009,T1077
2496,T1009,T1078
2497,T1009,T1081
2498,T1009,T1082
2499,T1009,T1083
2500,T1009,T1087
2501,T1009,T1088
2502,T1009,T1089
2503,T1009,T1090
2504,T1009,T1094
2505,T1009,T1095
2506,T1009,T1098
2507,T1009,T1100
2508,T1009,T1105
2509,T1009,T1107
2510,T1009,T1108
2511,T1009,T1110
2512,T1009,T1112
2513,T1009,T1113
2514,T1009,T1116
2515,T1009,T1119
2516,T1009,T1125
2517,T1009,T1132
2518,T1009,T1133
2519,T1009,T1134
2520,T1009,T1136
2521,T1009,T1139
2522,T1009,T1140
2523,T1009,T1145
2524,T1009,T1146
2525,T1009,T1165
2526,T1009,T1193
2527,T1009,T1195
2528,T1009,T1203
2529,T1009,T1204
2530,T1009,T1204.003
2531,T1009,T1213
2532,T1009,T1213.001
2533,T1009,T1218
2534,T1009,T1219
2535,T1009,T1483
2536,T1009,T1486
2537,T1009,T1487
2538,T1009,T1518
2539,T1009,T1569
2540,T1009,T1684
2541,T1010,T1011
2542,T1010,T1012
2543,T1010,T1016
2544,T1010,T1017
2545,T1010,T1018
2546,T1010,T1020
2547,T1010,T1021
2548,T1010,T1021.001
2549,T1010,T1021.003
2550,T1010,T1021.007
2551,T1010,T1022
2552,T1010,T1024
2553,T1010,T1025
2554,T1010,T1026
2555,T1010,T1027
2556,T1010,T1029
2557,T1010,T1030
2558,T1010,T1031
2559,T1010,T1032
2560,T1010,T1033
2561,T1010,T1034
2562,T1010,T1036
2563,T1010,T1038
2564,T1010,T1039
2565,T1010,T1040
2566,T1010,T1043
2567,T1010,T1044
2568,T1010,T1047
2569,T1010,T1048
2570,T1010,T1049
2571,T1010,T1050
2572,T1010,T1051
2573,T1010,T1052
2574,T1010,T1053
2575,T1010,T1053.005
2576,T1010,T1055
2577,T1010,T1055.003
2578,T1010,T1055.012
2579,T1010,T1056
2580,T1010,T1056.001
2581,T1010,T1057
2582,T1010,T1058
2583,T1010,T1059
2584,T1010,T1059.001
2585,T1010,T1059.005
2586,T1010,T1059.007
2587,T1010,T1060
2588,T1010,T1061
2589,T1010,T1062
2590,T1010,T1063
2591,T1010,T1065
2592,T1010,T1068
2593,T1010,T1069
2594,T1010,T1070
2595,T1010,T1071
2596,T1010,T1073
2597,T1010,T1074
2598,T1010,T1077
2599,T1010,T1078
2600,T1010,T1078.003
2601,T1010,T1079
2602,T1010,T1080
2603,T1010,T1081
2604,T1010,T1082
2605,T1010,T1083
2606,T1010,T1087
2607,T1010,T1089
2608,T1010,T1091
2609,T1010,T1092
2610,T1010,T1094
2611,T1010,T1095
2612,T1010,T1096
2613,T1010,T1098
2614,T1010,T1102
2615,T1010,T1104
2616,T1010,T1105
2617,T1010,T1108
2618,T1010,T1110
2619,T1010,T1110.003
2620,T1010,T1112
2621,T1010,T1113
2622,T1010,T1114
2623,T1010,T1115
2624,T1010,T1119
2625,T1010,T1120
2626,T1010,T1123
2627,T1010,T1124
2628,T1010,T1125
2629,T1010,T1132
2630,T1010,T1133
2631,T1010,T1134
2632,T1010,T1134.001
2633,T1010,T1135
2634,T1010,T1136
2635,T1010,T1136.001
2636,T1010,T1137
2637,T1010,T1139
2638,T1010,T1140
2639,T1010,T1141
2640,T1010,T1148
2641,T1010,T1149
2642,T1010,T1162
2643,T1010,T1163
2644,T1010,T1168
2645,T1010,T1171
2646,T1010,T1175
2647,T1010,T1176.001
2648,T1010,T1187
2649,T1010,T1189
2650,T1010,T1190
2651,T1010,T1193
2652,T1010,T1195
2653,T1010,T1196
2654,T1010,T1197
2655,T1010,T1199
2656,T1010,T1200
2657,T1010,T1201
2658,T1010,T1202
2659,T1010,T1203
2660,T1010,T1204
2661,T1010,T1204.002
2662,T1010,T1205.001
2663,T1010,T1206
2664,T1010,T1210
2665,T1010,T1212
2666,T1010,T1213
2667,T1010,T1213.002
2668,T1010,T1214
2669,T1010,T1218.002
2670,T1010,T1219
2671,T1010,T1220
2672,T1010,T1221
2673,T1010,T1480
2674,T1010,T1482
2675,T1010,T1485
2676,T1010,T1486
2677,T1010,T1489
2678,T1010,T1490
2679,T1010,T1491
2680,T1010,T1495
2681,T1010,T1496
2682,T1010,T1497
2683,T1010,T1497.001
2684,T1010,T1498
2685,T1010,T1499
2686,T1010,T1505
2687,T1010,T1505.002
2688,T1010,T1505.003
2689,T1010,T1518
2690,T1010,T1529
2691,T1010,T1531
2692,T1010,T1539
2693,T1010,T1543
2694,T1010,T1543.003
2695,T1010,T1547
2696,T1010,T1547.001
2697,T1010,T1552.003
2698,T1010,T1553
2699,T1010,T1553.002
2700,T1010,T1555.003
2701,T1010,T1555.005
2702,T1010,T1559
2703,T1010,T1559.001
2704,T1010,T1559.002
2705,T1010,T1560
2706,T1010,T1564
2707,T1010,T1564.003
2708,T1010,T1565
2709,T1010,T1569
2710,T1010,T1569.002
2711,T1010,T1573
2712,T1010,T1573.002
2713,T1010,T1574
2714,T1010,T1574.002
2715,T1010,T1583
2716,T1010,T1583.003
2717,T1010,T1587.003
2718,T1010,T1588
2719,T1010,T1588.003
2720,T1010,T1590.005
2721,T1010,T1593.001
2722,T1010,T1608
2723,T1010,T1608.001
2724,T1010,T1608.002
2725,T1010,T1608.003
2726,T1010,T1608.005
2727,T1010,T1684
2728,T1011,T1012
2729,T1011,T1016
2730,T1011,T1018
2731,T1011,T1020
2732,T1011,T1021
2733,T1011,T1022
2734,T1011,T1024
2735,T1011,T1025
2736,T1011,T1026
2737,T1011,T1027
2738,T1011,T1029
2739,T1011,T1030
2740,T1011,T1031
2741,T1011,T1032
2742,T1011,T1033
2743,T1011,T1034
2744,T1011,T1036
2745,T1011,T1038
2746,T1011,T1039
2747,T1011,T1040
2748,T1011,T1043
2749,T1011,T1044
2750,T1011,T1048
2751,T1011,T1049
2752,T1011,T1050
2753,T1011,T1052
2754,T1011,T1053.005
2755,T1011,T1055
2756,T1011,T1056
2757,T1011,T1057
2758,T1011,T1058
2759,T1011,T1059.005
2760,T1011,T1062
2761,T1011,T1065
2762,T1011,T1068
2763,T1011,T1069
2764,T1011,T1070
2765,T1011,T1071
2766,T1011,T1074
2767,T1011,T1077
2768,T1011,T1078
2769,T1011,T1079
2770,T1011,T1082
2771,T1011,T1083
2772,T1011,T1087
2773,T1011,T1089
2774,T1011,T1092
2775,T1011,T1094
2776,T1011,T1095
2777,T1011,T1098
2778,T1011,T1102
2779,T1011,T1104
2780,T1011,T1108
2781,T1011,T1110
2782,T1011,T1112
2783,T1011,T1113
2784,T1011,T1114
2785,T1011,T1115
2786,T1011,T1119
2787,T1011,T1120
2788,T1011,T1123
2789,T1011,T1124
2790,T1011,T1125
2791,T1011,T1132
2792,T1011,T1133
2793,T1011,T1134
2794,T1011,T1135
2795,T1011,T1136
2796,T1011,T1137
2797,T1011,T1139
2798,T1011,T1140
2799,T1011,T1141
2800,T1011,T1148
2801,T1011,T1149
2802,T1011,T1162
2803,T1011,T1163
2804,T1011,T1168
2805,T1011,T1176.001
2806,T1011,T1187
2807,T1011,T1196
2808,T1011,T1197
2809,T1011,T1201
2810,T1011,T1202
2811,T1011,T1205.001
2812,T1011,T1206
2813,T1011,T1212
2814,T1011,T1213
2815,T1011,T1218.002
2816,T1011,T1219
2817,T1011,T1220
2818,T1011,T1221
2819,T1011,T1482
2820,T1011,T1518
2821,T1011,T1543.003
2822,T1011,T1555.005
2823,T1011,T1559.001
2824,T1011,T1590.005
2825,T1012,T1014
2826,T1012,T1016
2827,T1012,T1016.001
2828,T1012,T1017
2829,T1012,T1018
2830,T1012,T1020
2831,T1012,T1021
2832,T1012,T1021.001
2833,T1012,T1021.002
2834,T1012,T1021.003
2835,T1012,T1021.007
2836,T1012,T1022
2837,T1012,T1024
2838,T1012,T1025
2839,T1012,T1026
2840,T1012,T1027
2841,T1012,T1027.002
2842,T1012,T1027.014
2843,T1012,T1029
2844,T1012,T1030
2845,T1012,T1031
2846,T1012,T1032
2847,T1012,T1033
2848,T1012,T1034
2849,T1012,T1035
2850,T1012,T1036
2851,T1012,T1036.003
2852,T1012,T1036.004
2853,T1012,T1036.005
2854,T1012,T1037
2855,T1012,T1038
2856,T1012,T1039
2857,T1012,T1040
2858,T1012,T1041
2859,T1012,T1043
2860,T1012,T1044
2861,T1012,T1046
2862,T1012,T1047
2863,T1012,T1048
2864,T1012,T1049
2865,T1012,T1050
2866,T1012,T1051
2867,T1012,T1052
2868,T1012,T1053
2869,T1012,T1053.005
2870,T1012,T1055
2871,T1012,T1055.001
2872,T1012,T1055.002
2873,T1012,T1055.003
2874,T1012,T1055.004
2875,T1012,T1055.012
2876,T1012,T1056
2877,T1012,T1056.001
2878,T1012,T1056.003
2879,T1012,T1057
2880,T1012,T1058
2881,T1012,T1059
2882,T1012,T1059.001
2883,T1012,T1059.003
2884,T1012,T1059.004
2885,T1012,T1059.005
2886,T1012,T1059.007
2887,T1012,T1059.009
2888,T1012,T1060
2889,T1012,T1061
2890,T1012,T1062
2891,T1012,T1063
2892,T1012,T1064
2893,T1012,T1065
2894,T1012,T1068
2895,T1012,T1069
2896,T1012,T1069.001
2897,T1012,T1069.002
2898,T1012,T1070
2899,T1012,T1070.001
2900,T1012,T1070.003
2901,T1012,T1070.004
2902,T1012,T1070.005
2903,T1012,T1070.009
2904,T1012,T1071
2905,T1012,T1071.001
2906,T1012,T1071.002
2907,T1012,T1071.004
2908,T1012,T1074
2909,T1012,T1074.001
2910,T1012,T1074.002
2911,T1012,T1077
2912,T1012,T1078
2913,T1012,T1078.001
2914,T1012,T1078.002
2915,T1012,T1078.003
2916,T1012,T1079
2917,T1012,T1080
2918,T1012,T1081
2919,T1012,T1082
2920,T1012,T1083
2921,T1012,T1085
2922,T1012,T1086
2923,T1012,T1087
2924,T1012,T1087.001
2925,T1012,T1087.002
2926,T1012,T1087.003
2927,T1012,T1088
2928,T1012,T1089
2929,T1012,T1090
2930,T1012,T1090.001
2931,T1012,T1091
2932,T1012,T1092
2933,T1012,T1094
2934,T1012,T1095
2935,T1012,T1098
2936,T1012,T1098.004
2937,T1012,T1099
2938,T1012,T1102
2939,T1012,T1102.002
2940,T1012,T1104
2941,T1012,T1105
2942,T1012,T1106
2943,T1012,T1107
2944,T1012,T1108
2945,T1012,T1110
2946,T1012,T1110.003
2947,T1012,T1110.004
2948,T1012,T1111
2949,T1012,T1112
2950,T1012,T1113
2951,T1012,T1114
2952,T1012,T1114.001
2953,T1012,T1114.002
2954,T1012,T1114.003
2955,T1012,T1115
2956,T1012,T1116
2957,T1012,T1117
2958,T1012,T1119
2959,T1012,T1120
2960,T1012,T1122
2961,T1012,T1123
2962,T1012,T1124
2963,T1012,T1125
2964,T1012,T1132
2965,T1012,T1132.001
2966,T1012,T1132.002
2967,T1012,T1133
2968,T1012,T1134
2969,T1012,T1134.001
2970,T1012,T1134.002
2971,T1012,T1135
2972,T1012,T1136
2973,T1012,T1136.001
2974,T1012,T1136.002
2975,T1012,T1137
2976,T1012,T1139
2977,T1012,T1140
2978,T1012,T1141
2979,T1012,T1143
2980,T1012,T1148
2981,T1012,T1149
2982,T1012,T1162
2983,T1012,T1163
2984,T1012,T1168
2985,T1012,T1171
2986,T1012,T1175
2987,T1012,T1176.001
2988,T1012,T1187
2989,T1012,T1189
2990,T1012,T1190
2991,T1012,T1191
2992,T1012,T1194
2993,T1012,T1195
2994,T1012,T1196
2995,T1012,T1197
2996,T1012,T1199
2997,T1012,T1200
2998,T1012,T1201
2999,T1012,T1202
3000,T1012,T1203
3001,T1012,T1204
3002,T1012,T1204.001
3003,T1012,T1204.002
3004,T1012,T1204.005
3005,T1012,T1205
3006,T1012,T1205.001
3007,T1012,T1206
3008,T1012,T1210
3009,T1012,T1211
3010,T1012,T1212
3011,T1012,T1213
3012,T1012,T1213.002
3013,T1012,T1216.002
3014,T1012,T1218.002
3015,T1012,T1218.011
3016,T1012,T1219
3017,T1012,T1220
3018,T1012,T1221
3019,T1012,T1480
3020,T1012,T1480.001
3021,T1012,T1482
3022,T1012,T1484.001
3023,T1012,T1485
3024,T1012,T1486
3025,T1012,T1489
3026,T1012,T1490
3027,T1012,T1491
3028,T1012,T1495
3029,T1012,T1496
3030,T1012,T1497
3031,T1012,T1497.001
3032,T1012,T1497.003
3033,T1012,T1498
3034,T1012,T1499
3035,T1012,T1503
3036,T1012,T1505
3037,T1012,T1505.002
3038,T1012,T1505.003
3039,T1012,T1518
3040,T1012,T1518.001
3041,T1012,T1528
3042,T1012,T1529
3043,T1012,T1531
3044,T1012,T1534
3045,T1012,T1537
3046,T1012,T1539
3047,T1012,T1542
3048,T1012,T1542.003
3049,T1012,T1543
3050,T1012,T1543.002
3051,T1012,T1543.003
3052,T1012,T1546
3053,T1012,T1546.003
3054,T1012,T1546.008
3055,T1012,T1546.012
3056,T1012,T1546.015
3057,T1012,T1547
3058,T1012,T1547.001
3059,T1012,T1547.012
3060,T1012,T1548
3061,T1012,T1548.001
3062,T1012,T1548.002
3063,T1012,T1550
3064,T1012,T1550.002
3065,T1012,T1550.003
3066,T1012,T1552
3067,T1012,T1552.001
3068,T1012,T1552.003
3069,T1012,T1553
3070,T1012,T1553.002
3071,T1012,T1555
3072,T1012,T1555.003
3073,T1012,T1555.004
3074,T1012,T1555.005
3075,T1012,T1556.006
3076,T1012,T1558
3077,T1012,T1558.001
3078,T1012,T1558.003
3079,T1012,T1559
3080,T1012,T1559.001
3081,T1012,T1559.002
3082,T1012,T1560
3083,T1012,T1560.001
3084,T1012,T1560.002
3085,T1012,T1560.003
3086,T1012,T1562
3087,T1012,T1562.001
3088,T1012,T1562.004
3089,T1012,T1562.007
3090,T1012,T1563
3091,T1012,T1564
3092,T1012,T1564.001
3093,T1012,T1564.003
3094,T1012,T1564.014
3095,T1012,T1565
3096,T1012,T1566
3097,T1012,T1566.001
3098,T1012,T1567
3099,T1012,T1567.002
3100,T1012,T1568
3101,T1012,T1569
3102,T1012,T1569.002
3103,T1012,T1570
3104,T1012,T1571
3105,T1012,T1572
3106,T1012,T1573
3107,T1012,T1573.001
3108,T1012,T1573.002
3109,T1012,T1574
3110,T1012,T1574.001
3111,T1012,T1574.002
3112,T1012,T1574.012
3113,T1012,T1578
3114,T1012,T1578.002
3115,T1012,T1578.003
3116,T1012,T1583
3117,T1012,T1583.003
3118,T1012,T1583.006
3119,T1012,T1584
3120,T1012,T1584.004
3121,T1012,T1584.008
3122,T1012,T1585
3123,T1012,T1585.003
3124,T1012,T1587.003
3125,T1012,T1588
3126,T1012,T1588.003
3127,T1012,T1589.002
3128,T1012,T1590.005
3129,T1012,T1593.001
3130,T1012,T1595
3131,T1012,T1595.002
3132,T1012,T1601
3133,T1012,T1601.001
3134,T1012,T1608
3135,T1012,T1608.001
3136,T1012,T1608.002
3137,T1012,T1608.003
3138,T1012,T1608.004
3139,T1012,T1608.005
3140,T1012,T1610
3141,T1012,T1615
3142,T1012,T1620
3143,T1012,T1684
3144,T1012,T1686.001
3145,T1014,T1057
3146,T1014,T1078
3147,T1014,T1132
3148,T1014,T1480
3149,T1014,T1480.001
3150,T1014,T1497
3151,T1014,T1497.003
3152,T1014,T1543
3153,T1014,T1543.002
3154,T1014,T1543.003
3155,T1014,T1553
3156,T1014,T1553.002
3157,T1014,T1562
3158,T1014,T1562.001
3159,T1015,T1021
3160,T1015,T1022
3161,T1015,T1031
3162,T1015,T1032
3163,T1015,T1034
3164,T1015,T1038
3165,T1015,T1041
3166,T1015,T1043
3167,T1015,T1050
3168,T1015,T1053
3169,T1015,T1053.005
3170,T1015,T1054
3171,T1015,T1055
3172,T1015,T1056
3173,T1015,T1056.001
3174,T1015,T1060
3175,T1015,T1061
3176,T1015,T1065
3177,T1015,T1070
3178,T1015,T1071
3179,T1015,T1073
3180,T1015,T1078
3181,T1015,T1081
3182,T1015,T1089
3183,T1015,T1090
3184,T1015,T1094
3185,T1015,T1095
3186,T1015,T1098
3187,T1015,T1100
3188,T1015,T1105
3189,T1015,T1107
3190,T1015,T1108
3191,T1015,T1110
3192,T1015,T1112
3193,T1015,T1113
3194,T1015,T1116
3195,T1015,T1119
3196,T1015,T1125
3197,T1015,T1132
3198,T1015,T1133
3199,T1015,T1134
3200,T1015,T1136
3201,T1015,T1139
3202,T1015,T1145
3203,T1015,T1146
3204,T1015,T1165
3205,T1015,T1213
3206,T1015,T1213.001
3207,T1015,T1219
3208,T1015,T1483
3209,T1015,T1486
3210,T1015,T1487
3211,T1015,T1569
3212,T1016,T1016.001
3213,T1016,T1018
3214,T1016,T1020
3215,T1016,T1021
3216,T1016,T1021.001
3217,T1016,T1021.002
3218,T1016,T1021.007
3219,T1016,T1022
3220,T1016,T1024
3221,T1016,T1025
3222,T1016,T1026
3223,T1016,T1027
3224,T1016,T1027.004
3225,T1016,T1029
3226,T1016,T1030
3227,T1016,T1031
3228,T1016,T1032
3229,T1016,T1033
3230,T1016,T1034
3231,T1016,T1036
3232,T1016,T1036.004
3233,T1016,T1036.005
3234,T1016,T1038
3235,T1016,T1039
3236,T1016,T1040
3237,T1016,T1041
3238,T1016,T1043
3239,T1016,T1044
3240,T1016,T1046
3241,T1016,T1047
3242,T1016,T1048
3243,T1016,T1049
3244,T1016,T1050
3245,T1016,T1052
3246,T1016,T1053
3247,T1016,T1053.005
3248,T1016,T1055
3249,T1016,T1055.001
3250,T1016,T1055.002
3251,T1016,T1055.003
3252,T1016,T1055.012
3253,T1016,T1056
3254,T1016,T1056.001
3255,T1016,T1056.003
3256,T1016,T1057
3257,T1016,T1058
3258,T1016,T1059
3259,T1016,T1059.001
3260,T1016,T1059.003
3261,T1016,T1059.004
3262,T1016,T1059.005
3263,T1016,T1059.006
3264,T1016,T1059.007
3265,T1016,T1059.009
3266,T1016,T1061
3267,T1016,T1062
3268,T1016,T1065
3269,T1016,T1068
3270,T1016,T1069
3271,T1016,T1069.001
3272,T1016,T1069.002
3273,T1016,T1070
3274,T1016,T1070.001
3275,T1016,T1070.004
3276,T1016,T1070.005
3277,T1016,T1070.009
3278,T1016,T1071
3279,T1016,T1071.001
3280,T1016,T1071.002
3281,T1016,T1072
3282,T1016,T1074
3283,T1016,T1074.001
3284,T1016,T1074.002
3285,T1016,T1075
3286,T1016,T1077
3287,T1016,T1078
3288,T1016,T1078.001
3289,T1016,T1078.002
3290,T1016,T1078.003
3291,T1016,T1079
3292,T1016,T1080
3293,T1016,T1082
3294,T1016,T1083
3295,T1016,T1086
3296,T1016,T1087
3297,T1016,T1087.001
3298,T1016,T1087.002
3299,T1016,T1087.003
3300,T1016,T1089
3301,T1016,T1090.001
3302,T1016,T1090.002
3303,T1016,T1091
3304,T1016,T1092
3305,T1016,T1094
3306,T1016,T1095
3307,T1016,T1098
3308,T1016,T1098.004
3309,T1016,T1102
3310,T1016,T1102.001
3311,T1016,T1102.002
3312,T1016,T1104
3313,T1016,T1105
3314,T1016,T1106
3315,T1016,T1108
3316,T1016,T1110
3317,T1016,T1110.003
3318,T1016,T1110.004
3319,T1016,T1111
3320,T1016,T1112
3321,T1016,T1113
3322,T1016,T1114
3323,T1016,T1114.001
3324,T1016,T1114.002
3325,T1016,T1114.003
3326,T1016,T1115
3327,T1016,T1119
3328,T1016,T1120
3329,T1016,T1123
3330,T1016,T1124
3331,T1016,T1125
3332,T1016,T1132
3333,T1016,T1132.001
3334,T1016,T1132.002
3335,T1016,T1133
3336,T1016,T1134
3337,T1016,T1134.001
3338,T1016,T1135
3339,T1016,T1136
3340,T1016,T1136.001
3341,T1016,T1136.002
3342,T1016,T1137
3343,T1016,T1137.001
3344,T1016,T1139
3345,T1016,T1140
3346,T1016,T1141
3347,T1016,T1148
3348,T1016,T1149
3349,T1016,T1162
3350,T1016,T1163
3351,T1016,T1168
3352,T1016,T1176.001
3353,T1016,T1187
3354,T1016,T1190
3355,T1016,T1195
3356,T1016,T1196
3357,T1016,T1197
3358,T1016,T1199
3359,T1016,T1201
3360,T1016,T1202
3361,T1016,T1203
3362,T1016,T1204
3363,T1016,T1204.001
3364,T1016,T1204.002
3365,T1016,T1204.005
3366,T1016,T1205.001
3367,T1016,T1206
3368,T1016,T1211
3369,T1016,T1212
3370,T1016,T1213
3371,T1016,T1213.002
3372,T1016,T1213.003
3373,T1016,T1216.002
3374,T1016,T1218.002
3375,T1016,T1218.003
3376,T1016,T1218.004
3377,T1016,T1218.005
3378,T1016,T1218.011
3379,T1016,T1219
3380,T1016,T1220
3381,T1016,T1221
3382,T1016,T1222
3383,T1016,T1222.001
3384,T1016,T1480
3385,T1016,T1482
3386,T1016,T1484.001
3387,T1016,T1485
3388,T1016,T1486
3389,T1016,T1489
3390,T1016,T1496
3391,T1016,T1497
3392,T1016,T1497.001
3393,T1016,T1499
3394,T1016,T1505
3395,T1016,T1505.003
3396,T1016,T1518
3397,T1016,T1518.001
3398,T1016,T1529
3399,T1016,T1531
3400,T1016,T1534
3401,T1016,T1539
3402,T1016,T1543
3403,T1016,T1543.003
3404,T1016,T1546
3405,T1016,T1546.001
3406,T1016,T1546.003
3407,T1016,T1546.008
3408,T1016,T1546.012
3409,T1016,T1546.015
3410,T1016,T1547
3411,T1016,T1547.001
3412,T1016,T1547.004
3413,T1016,T1548
3414,T1016,T1548.001
3415,T1016,T1548.002
3416,T1016,T1550
3417,T1016,T1550.002
3418,T1016,T1550.003
3419,T1016,T1552
3420,T1016,T1552.001
3421,T1016,T1553
3422,T1016,T1553.002
3423,T1016,T1554
3424,T1016,T1555
3425,T1016,T1555.003
3426,T1016,T1555.004
3427,T1016,T1555.005
3428,T1016,T1556.004
3429,T1016,T1556.006
3430,T1016,T1558
3431,T1016,T1558.001
3432,T1016,T1558.003
3433,T1016,T1559
3434,T1016,T1559.001
3435,T1016,T1559.002
3436,T1016,T1560
3437,T1016,T1560.001
3438,T1016,T1560.003
3439,T1016,T1562
3440,T1016,T1562.001
3441,T1016,T1562.004
3442,T1016,T1562.007
3443,T1016,T1563
3444,T1016,T1564
3445,T1016,T1564.001
3446,T1016,T1564.003
3447,T1016,T1566
3448,T1016,T1566.001
3449,T1016,T1566.002
3450,T1016,T1567
3451,T1016,T1567.002
3452,T1016,T1568
3453,T1016,T1569
3454,T1016,T1569.002
3455,T1016,T1570
3456,T1016,T1571
3457,T1016,T1572
3458,T1016,T1573
3459,T1016,T1573.001
3460,T1016,T1573.002
3461,T1016,T1574
3462,T1016,T1574.001
3463,T1016,T1574.002
3464,T1016,T1574.012
3465,T1016,T1578
3466,T1016,T1578.002
3467,T1016,T1578.003
3468,T1016,T1583
3469,T1016,T1583.001
3470,T1016,T1583.003
3471,T1016,T1583.006
3472,T1016,T1584.008
3473,T1016,T1587
3474,T1016,T1587.001
3475,T1016,T1587.003
3476,T1016,T1588
3477,T1016,T1588.001
3478,T1016,T1588.002
3479,T1016,T1588.003
3480,T1016,T1589.002
3481,T1016,T1590.005
3482,T1016,T1592.004
3483,T1016,T1595
3484,T1016,T1608
3485,T1016,T1608.001
3486,T1016,T1608.002
3487,T1016,T1608.003
3488,T1016,T1608.005
3489,T1016,T1615
3490,T1016,T1684
3491,T1016,T1686.001
3492,T1016.001,T1018
3493,T1016.001,T1021
3494,T1016.001,T1021.001
3495,T1016.001,T1021.002
3496,T1016.001,T1022
3497,T1016.001,T1033
3498,T1016.001,T1039
3499,T1016.001,T1047
3500,T1016.001,T1048
3501,T1016.001,T1049
3502,T1016.001,T1053.005
3503,T1016.001,T1055.001
3504,T1016.001,T1055.002
3505,T1016.001,T1055.003
3506,T1016.001,T1056
3507,T1016.001,T1056.001
3508,T1016.001,T1056.003
3509,T1016.001,T1057
3510,T1016.001,T1059
3511,T1016.001,T1059.003
3512,T1016.001,T1059.004
3513,T1016.001,T1069
3514,T1016.001,T1069.002
3515,T1016.001,T1070
3516,T1016.001,T1071
3517,T1016.001,T1071.001
3518,T1016.001,T1072
3519,T1016.001,T1074
3520,T1016.001,T1074.001
3521,T1016.001,T1077
3522,T1016.001,T1078
3523,T1016.001,T1078.001
3524,T1016.001,T1078.002
3525,T1016.001,T1078.003
3526,T1016.001,T1082
3527,T1016.001,T1083
3528,T1016.001,T1087
3529,T1016.001,T1090.001
3530,T1016.001,T1095
3531,T1016.001,T1098.004
3532,T1016.001,T1102
3533,T1016.001,T1102.002
3534,T1016.001,T1105
3535,T1016.001,T1110
3536,T1016.001,T1110.003
3537,T1016.001,T1113
3538,T1016.001,T1114
3539,T1016.001,T1114.002
3540,T1016.001,T1119
3541,T1016.001,T1132
3542,T1016.001,T1132.001
3543,T1016.001,T1133
3544,T1016.001,T1134
3545,T1016.001,T1195
3546,T1016.001,T1201
3547,T1016.001,T1202
3548,T1016.001,T1204
3549,T1016.001,T1204.002
3550,T1016.001,T1213
3551,T1016.001,T1213.002
3552,T1016.001,T1213.003
3553,T1016.001,T1219
3554,T1016.001,T1482
3555,T1016.001,T1485
3556,T1016.001,T1486
3557,T1016.001,T1499
3558,T1016.001,T1505
3559,T1016.001,T1529
3560,T1016.001,T1531
3561,T1016.001,T1534
3562,T1016.001,T1539
3563,T1016.001,T1543
3564,T1016.001,T1543.003
3565,T1016.001,T1550
3566,T1016.001,T1555
3567,T1016.001,T1555.004
3568,T1016.001,T1555.005
3569,T1016.001,T1558
3570,T1016.001,T1558.001
3571,T1016.001,T1559.001
3572,T1016.001,T1560
3573,T1016.001,T1560.003
3574,T1016.001,T1562
3575,T1016.001,T1567
3576,T1016.001,T1571
3577,T1016.001,T1572
3578,T1016.001,T1573
3579,T1016.001,T1573.001
3580,T1016.001,T1574.012
3581,T1016.001,T1590.005
3582,T1017,T1018
3583,T1017,T1020
3584,T1017,T1021
3585,T1017,T1021.003
3586,T1017,T1021.007
3587,T1017,T1022
3588,T1017,T1024
3589,T1017,T1025
3590,T1017,T1026
3591,T1017,T1027
3592,T1017,T1029
3593,T1017,T1030
3594,T1017,T1031
3595,T1017,T1032
3596,T1017,T1033
3597,T1017,T1034
3598,T1017,T1036
3599,T1017,T1038
3600,T1017,T1039
3601,T1017,T1043
3602,T1017,T1044
3603,T1017,T1047
3604,T1017,T1048
3605,T1017,T1049
3606,T1017,T1050
3607,T1017,T1051
3608,T1017,T1053.005
3609,T1017,T1055
3610,T1017,T1056
3611,T1017,T1057
3612,T1017,T1058
3613,T1017,T1059.007
3614,T1017,T1061
3615,T1017,T1062
3616,T1017,T1065
3617,T1017,T1068
3618,T1017,T1069
3619,T1017,T1070
3620,T1017,T1071
3621,T1017,T1074
3622,T1017,T1077
3623,T1017,T1078
3624,T1017,T1078.003
3625,T1017,T1079
3626,T1017,T1080
3627,T1017,T1082
3628,T1017,T1083
3629,T1017,T1087
3630,T1017,T1089
3631,T1017,T1091
3632,T1017,T1092
3633,T1017,T1094
3634,T1017,T1095
3635,T1017,T1098
3636,T1017,T1102
3637,T1017,T1104
3638,T1017,T1108
3639,T1017,T1110
3640,T1017,T1110.003
3641,T1017,T1112
3642,T1017,T1113
3643,T1017,T1114
3644,T1017,T1115
3645,T1017,T1119
3646,T1017,T1120
3647,T1017,T1123
3648,T1017,T1124
3649,T1017,T1125
3650,T1017,T1132
3651,T1017,T1133
3652,T1017,T1134
3653,T1017,T1135
3654,T1017,T1136
3655,T1017,T1137
3656,T1017,T1139
3657,T1017,T1140
3658,T1017,T1141
3659,T1017,T1148
3660,T1017,T1149
3661,T1017,T1162
3662,T1017,T1163
3663,T1017,T1168
3664,T1017,T1171
3665,T1017,T1175
3666,T1017,T1176.001
3667,T1017,T1187
3668,T1017,T1189
3669,T1017,T1190
3670,T1017,T1195
3671,T1017,T1196
3672,T1017,T1197
3673,T1017,T1199
3674,T1017,T1200
3675,T1017,T1201
3676,T1017,T1202
3677,T1017,T1203
3678,T1017,T1204
3679,T1017,T1204.002
3680,T1017,T1205.001
3681,T1017,T1206
3682,T1017,T1210
3683,T1017,T1212
3684,T1017,T1213
3685,T1017,T1218.002
3686,T1017,T1219
3687,T1017,T1220
3688,T1017,T1221
3689,T1017,T1480
3690,T1017,T1482
3691,T1017,T1485
3692,T1017,T1486
3693,T1017,T1489
3694,T1017,T1490
3695,T1017,T1491
3696,T1017,T1495
3697,T1017,T1496
3698,T1017,T1498
3699,T1017,T1499
3700,T1017,T1505
3701,T1017,T1505.002
3702,T1017,T1518
3703,T1017,T1529
3704,T1017,T1531
3705,T1017,T1539
3706,T1017,T1552.003
3707,T1017,T1559.001
3708,T1017,T1565
3709,T1017,T1593.001
3710,T1017,T1684
3711,T1018,T1020
3712,T1018,T1021
3713,T1018,T1021.001
3714,T1018,T1021.002
3715,T1018,T1021.003
3716,T1018,T1021.006
3717,T1018,T1021.007
3718,T1018,T1022
3719,T1018,T1024
3720,T1018,T1025
3721,T1018,T1026
3722,T1018,T1027
3723,T1018,T1029
3724,T1018,T1030
3725,T1018,T1031
3726,T1018,T1032
3727,T1018,T1033
3728,T1018,T1034
3729,T1018,T1035
3730,T1018,T1036
3731,T1018,T1036.004
3732,T1018,T1036.005
3733,T1018,T1038
3734,T1018,T1039
3735,T1018,T1040
3736,T1018,T1041
3737,T1018,T1043
3738,T1018,T1044
3739,T1018,T1046
3740,T1018,T1047
3741,T1018,T1048
3742,T1018,T1049
3743,T1018,T1050
3744,T1018,T1051
3745,T1018,T1052
3746,T1018,T1053
3747,T1018,T1053.005
3748,T1018,T1055
3749,T1018,T1055.001
3750,T1018,T1055.002
3751,T1018,T1055.003
3752,T1018,T1055.012
3753,T1018,T1056
3754,T1018,T1056.001
3755,T1018,T1056.003
3756,T1018,T1057
3757,T1018,T1058
3758,T1018,T1059
3759,T1018,T1059.001
3760,T1018,T1059.003
3761,T1018,T1059.004
3762,T1018,T1059.005
3763,T1018,T1059.007
3764,T1018,T1059.009
3765,T1018,T1060
3766,T1018,T1061
3767,T1018,T1062
3768,T1018,T1065
3769,T1018,T1068
3770,T1018,T1069
3771,T1018,T1069.001
3772,T1018,T1069.002
3773,T1018,T1070
3774,T1018,T1070.001
3775,T1018,T1070.004
3776,T1018,T1070.005
3777,T1018,T1070.006
3778,T1018,T1070.009
3779,T1018,T1071
3780,T1018,T1071.001
3781,T1018,T1071.002
3782,T1018,T1071.004
3783,T1018,T1072
3784,T1018,T1074
3785,T1018,T1074.001
3786,T1018,T1074.002
3787,T1018,T1075
3788,T1018,T1077
3789,T1018,T1078
3790,T1018,T1078.001
3791,T1018,T1078.002
3792,T1018,T1078.003
3793,T1018,T1079
3794,T1018,T1080
3795,T1018,T1081
3796,T1018,T1082
3797,T1018,T1083
3798,T1018,T1087
3799,T1018,T1087.002
3800,T1018,T1087.003
3801,T1018,T1089
3802,T1018,T1090.001
3803,T1018,T1091
3804,T1018,T1092
3805,T1018,T1094
3806,T1018,T1095
3807,T1018,T1098
3808,T1018,T1098.004
3809,T1018,T1102
3810,T1018,T1102.002
3811,T1018,T1104
3812,T1018,T1105
3813,T1018,T1108
3814,T1018,T1110
3815,T1018,T1110.001
3816,T1018,T1110.003
3817,T1018,T1110.004
3818,T1018,T1112
3819,T1018,T1113
3820,T1018,T1114
3821,T1018,T1114.001
3822,T1018,T1114.002
3823,T1018,T1115
3824,T1018,T1119
3825,T1018,T1120
3826,T1018,T1123
3827,T1018,T1124
3828,T1018,T1125
3829,T1018,T1132
3830,T1018,T1132.001
3831,T1018,T1133
3832,T1018,T1134
3833,T1018,T1134.001
3834,T1018,T1135
3835,T1018,T1136
3836,T1018,T1136.001
3837,T1018,T1136.002
3838,T1018,T1137
3839,T1018,T1139
3840,T1018,T1140
3841,T1018,T1141
3842,T1018,T1148
3843,T1018,T1149
3844,T1018,T1162
3845,T1018,T1163
3846,T1018,T1168
3847,T1018,T1171
3848,T1018,T1175
3849,T1018,T1176.001
3850,T1018,T1187
3851,T1018,T1189
3852,T1018,T1190
3853,T1018,T1195
3854,T1018,T1196
3855,T1018,T1197
3856,T1018,T1199
3857,T1018,T1200
3858,T1018,T1201
3859,T1018,T1202
3860,T1018,T1203
3861,T1018,T1204
3862,T1018,T1204.002
3863,T1018,T1204.005
3864,T1018,T1205.001
3865,T1018,T1206
3866,T1018,T1210
3867,T1018,T1212
3868,T1018,T1213
3869,T1018,T1213.002
3870,T1018,T1213.003
3871,T1018,T1216.002
3872,T1018,T1218.002
3873,T1018,T1218.011
3874,T1018,T1219
3875,T1018,T1220
3876,T1018,T1221
3877,T1018,T1480
3878,T1018,T1482
3879,T1018,T1485
3880,T1018,T1486
3881,T1018,T1489
3882,T1018,T1490
3883,T1018,T1491
3884,T1018,T1495
3885,T1018,T1496
3886,T1018,T1497
3887,T1018,T1498
3888,T1018,T1499
3889,T1018,T1505
3890,T1018,T1505.002
3891,T1018,T1505.003
3892,T1018,T1518
3893,T1018,T1518.001
3894,T1018,T1528
3895,T1018,T1529
3896,T1018,T1531
3897,T1018,T1534
3898,T1018,T1539
3899,T1018,T1543
3900,T1018,T1543.003
3901,T1018,T1546
3902,T1018,T1546.003
3903,T1018,T1546.008
3904,T1018,T1546.012
3905,T1018,T1546.015
3906,T1018,T1547
3907,T1018,T1547.001
3908,T1018,T1547.012
3909,T1018,T1548
3910,T1018,T1548.002
3911,T1018,T1550
3912,T1018,T1550.002
3913,T1018,T1552
3914,T1018,T1552.001
3915,T1018,T1552.003
3916,T1018,T1555
3917,T1018,T1555.003
3918,T1018,T1555.004
3919,T1018,T1555.005
3920,T1018,T1556
3921,T1018,T1556.008
3922,T1018,T1558
3923,T1018,T1558.001
3924,T1018,T1559.001
3925,T1018,T1560
3926,T1018,T1560.001
3927,T1018,T1560.003
3928,T1018,T1562
3929,T1018,T1562.001
3930,T1018,T1562.004
3931,T1018,T1564
3932,T1018,T1565
3933,T1018,T1566
3934,T1018,T1566.001
3935,T1018,T1567
3936,T1018,T1567.002
3937,T1018,T1569
3938,T1018,T1569.002
3939,T1018,T1570
3940,T1018,T1571
3941,T1018,T1572
3942,T1018,T1573
3943,T1018,T1573.001
3944,T1018,T1573.002
3945,T1018,T1574
3946,T1018,T1574.001
3947,T1018,T1574.002
3948,T1018,T1574.012
3949,T1018,T1583
3950,T1018,T1583.001
3951,T1018,T1583.002
3952,T1018,T1583.004
3953,T1018,T1584.008
3954,T1018,T1587
3955,T1018,T1587.001
3956,T1018,T1587.003
3957,T1018,T1588.003
3958,T1018,T1589.002
3959,T1018,T1590.005
3960,T1018,T1593.001
3961,T1018,T1595
3962,T1018,T1595.002
3963,T1018,T1608.001
3964,T1018,T1608.002
3965,T1018,T1608.003
3966,T1018,T1608.005
3967,T1018,T1610
3968,T1018,T1615
3969,T1018,T1684
3970,T1020,T1021
3971,T1020,T1021.002
3972,T1020,T1021.003
3973,T1020,T1021.007
3974,T1020,T1022
3975,T1020,T1024
3976,T1020,T1025
3977,T1020,T1026
3978,T1020,T1027
3979,T1020,T1027.002
3980,T1020,T1029
3981,T1020,T1030
3982,T1020,T1031
3983,T1020,T1032
3984,T1020,T1033
3985,T1020,T1034
3986,T1020,T1035
3987,T1020,T1036
3988,T1020,T1036.003
3989,T1020,T1038
3990,T1020,T1039
3991,T1020,T1040
3992,T1020,T1041
3993,T1020,T1043
3994,T1020,T1044
3995,T1020,T1047
3996,T1020,T1048
3997,T1020,T1049
3998,T1020,T1050
3999,T1020,T1052
4000,T1020,T1053
4001,T1020,T1053.005
4002,T1020,T1055
4003,T1020,T1055.004
4004,T1020,T1056
4005,T1020,T1056.001
4006,T1020,T1057
4007,T1020,T1058
4008,T1020,T1059
4009,T1020,T1059.003
4010,T1020,T1059.005
4011,T1020,T1062
4012,T1020,T1065
4013,T1020,T1068
4014,T1020,T1069
4015,T1020,T1070
4016,T1020,T1070.004
4017,T1020,T1071
4018,T1020,T1071.001
4019,T1020,T1071.004
4020,T1020,T1074
4021,T1020,T1074.001
4022,T1020,T1077
4023,T1020,T1078
4024,T1020,T1078.002
4025,T1020,T1079
4026,T1020,T1080
4027,T1020,T1082
4028,T1020,T1083
4029,T1020,T1087
4030,T1020,T1087.003
4031,T1020,T1089
4032,T1020,T1091
4033,T1020,T1092
4034,T1020,T1094
4035,T1020,T1095
4036,T1020,T1098
4037,T1020,T1102
4038,T1020,T1104
4039,T1020,T1105
4040,T1020,T1106
4041,T1020,T1107
4042,T1020,T1108
4043,T1020,T1110
4044,T1020,T1112
4045,T1020,T1113
4046,T1020,T1114
4047,T1020,T1115
4048,T1020,T1119
4049,T1020,T1120
4050,T1020,T1123
4051,T1020,T1124
4052,T1020,T1125
4053,T1020,T1129
4054,T1020,T1132
4055,T1020,T1133
4056,T1020,T1134
4057,T1020,T1135
4058,T1020,T1136
4059,T1020,T1137
4060,T1020,T1139
4061,T1020,T1140
4062,T1020,T1141
4063,T1020,T1148
4064,T1020,T1149
4065,T1020,T1162
4066,T1020,T1163
4067,T1020,T1168
4068,T1020,T1176.001
4069,T1020,T1187
4070,T1020,T1188
4071,T1020,T1189
4072,T1020,T1190
4073,T1020,T1192
4074,T1020,T1196
4075,T1020,T1197
4076,T1020,T1200
4077,T1020,T1201
4078,T1020,T1202
4079,T1020,T1204
4080,T1020,T1204.002
4081,T1020,T1205.001
4082,T1020,T1206
4083,T1020,T1210
4084,T1020,T1212
4085,T1020,T1213
4086,T1020,T1218.002
4087,T1020,T1219
4088,T1020,T1220
4089,T1020,T1221
4090,T1020,T1222
4091,T1020,T1480
4092,T1020,T1482
4093,T1020,T1497
4094,T1020,T1518
4095,T1020,T1542
4096,T1020,T1542.003
4097,T1020,T1543
4098,T1020,T1543.003
4099,T1020,T1546
4100,T1020,T1546.003
4101,T1020,T1547.001
4102,T1020,T1555.005
4103,T1020,T1559.001
4104,T1020,T1562
4105,T1020,T1564.001
4106,T1020,T1566
4107,T1020,T1567
4108,T1020,T1569
4109,T1020,T1569.002
4110,T1020,T1570
4111,T1020,T1572
4112,T1020,T1573
4113,T1020,T1573.001
4114,T1020,T1574
4115,T1020,T1574.002
4116,T1020,T1587
4117,T1020,T1587.001
4118,T1020,T1587.002
4119,T1020,T1589.002
4120,T1020,T1590.005
4121,T1020,T1601
4122,T1020,T1601.001
4123,T1020,T1669
4124,T1021,T1021.001
4125,T1021,T1021.002
4126,T1021,T1021.003
4127,T1021,T1021.006
4128,T1021,T1021.007
4129,T1021,T1022
4130,T1021,T1024
4131,T1021,T1025
4132,T1021,T1026
4133,T1021,T1027
4134,T1021,T1029
4135,T1021,T1030
4136,T1021,T1031
4137,T1021,T1032
4138,T1021,T1033
4139,T1021,T1034
4140,T1021,T1035
4141,T1021,T1036
4142,T1021,T1036.004
4143,T1021,T1036.005
4144,T1021,T1038
4145,T1021,T1039
4146,T1021,T1040
4147,T1021,T1041
4148,T1021,T1043
4149,T1021,T1044
4150,T1021,T1046
4151,T1021,T1047
4152,T1021,T1048
4153,T1021,T1049
4154,T1021,T1050
4155,T1021,T1051
4156,T1021,T1052
4157,T1021,T1053
4158,T1021,T1053.005
4159,T1021,T1054
4160,T1021,T1055
4161,T1021,T1055.001
4162,T1021,T1055.002
4163,T1021,T1055.003
4164,T1021,T1055.012
4165,T1021,T1056
4166,T1021,T1056.001
4167,T1021,T1056.003
4168,T1021,T1057
4169,T1021,T1058
4170,T1021,T1059
4171,T1021,T1059.001
4172,T1021,T1059.003
4173,T1021,T1059.004
4174,T1021,T1059.005
4175,T1021,T1059.007
4176,T1021,T1059.009
4177,T1021,T1060
4178,T1021,T1061
4179,T1021,T1062
4180,T1021,T1064
4181,T1021,T1065
4182,T1021,T1068
4183,T1021,T1069
4184,T1021,T1069.001
4185,T1021,T1069.002
4186,T1021,T1070
4187,T1021,T1070.001
4188,T1021,T1070.003
4189,T1021,T1070.004
4190,T1021,T1070.005
4191,T1021,T1070.006
4192,T1021,T1070.009
4193,T1021,T1071
4194,T1021,T1071.001
4195,T1021,T1071.002
4196,T1021,T1071.004
4197,T1021,T1072
4198,T1021,T1073
4199,T1021,T1074
4200,T1021,T1074.001
4201,T1021,T1074.002
4202,T1021,T1076
4203,T1021,T1077
4204,T1021,T1078
4205,T1021,T1078.001
4206,T1021,T1078.002
4207,T1021,T1078.003
4208,T1021,T1079
4209,T1021,T1080
4210,T1021,T1081
4211,T1021,T1082
4212,T1021,T1083
4213,T1021,T1086
4214,T1021,T1087
4215,T1021,T1087.002
4216,T1021,T1087.003
4217,T1021,T1089
4218,T1021,T1090
4219,T1021,T1090.001
4220,T1021,T1091
4221,T1021,T1092
4222,T1021,T1094
4223,T1021,T1095
4224,T1021,T1098
4225,T1021,T1098.004
4226,T1021,T1100
4227,T1021,T1102
4228,T1021,T1102.002
4229,T1021,T1104
4230,T1021,T1105
4231,T1021,T1107
4232,T1021,T1108
4233,T1021,T1110
4234,T1021,T1110.001
4235,T1021,T1110.003
4236,T1021,T1110.004
4237,T1021,T1111
4238,T1021,T1112
4239,T1021,T1113
4240,T1021,T1114
4241,T1021,T1114.001
4242,T1021,T1114.002
4243,T1021,T1114.003
4244,T1021,T1115
4245,T1021,T1116
4246,T1021,T1119
4247,T1021,T1120
4248,T1021,T1123
4249,T1021,T1124
4250,T1021,T1125
4251,T1021,T1132
4252,T1021,T1132.001
4253,T1021,T1133
4254,T1021,T1134
4255,T1021,T1134.001
4256,T1021,T1135
4257,T1021,T1136
4258,T1021,T1136.001
4259,T1021,T1136.002
4260,T1021,T1137
4261,T1021,T1139
4262,T1021,T1140
4263,T1021,T1141
4264,T1021,T1145
4265,T1021,T1146
4266,T1021,T1148
4267,T1021,T1149
4268,T1021,T1162
4269,T1021,T1163
4270,T1021,T1165
4271,T1021,T1168
4272,T1021,T1171
4273,T1021,T1175
4274,T1021,T1176.001
4275,T1021,T1187
4276,T1021,T1189
4277,T1021,T1190
4278,T1021,T1195
4279,T1021,T1196
4280,T1021,T1197
4281,T1021,T1199
4282,T1021,T1200
4283,T1021,T1201
4284,T1021,T1202
4285,T1021,T1203
4286,T1021,T1204
4287,T1021,T1204.001
4288,T1021,T1204.002
4289,T1021,T1204.005
4290,T1021,T1205.001
4291,T1021,T1206
4292,T1021,T1210
4293,T1021,T1211
4294,T1021,T1212
4295,T1021,T1213
4296,T1021,T1213.001
4297,T1021,T1213.002
4298,T1021,T1213.003
4299,T1021,T1216.002
4300,T1021,T1218.002
4301,T1021,T1218.011
4302,T1021,T1219
4303,T1021,T1220
4304,T1021,T1221
4305,T1021,T1222
4306,T1021,T1480
4307,T1021,T1482
4308,T1021,T1483
4309,T1021,T1484.001
4310,T1021,T1485
4311,T1021,T1486
4312,T1021,T1487
4313,T1021,T1489
4314,T1021,T1490
4315,T1021,T1491
4316,T1021,T1495
4317,T1021,T1496
4318,T1021,T1497
4319,T1021,T1497.001
4320,T1021,T1498
4321,T1021,T1499
4322,T1021,T1505
4323,T1021,T1505.002
4324,T1021,T1505.003
4325,T1021,T1518
4326,T1021,T1518.001
4327,T1021,T1528
4328,T1021,T1529
4329,T1021,T1531
4330,T1021,T1534
4331,T1021,T1539
4332,T1021,T1543
4333,T1021,T1543.003
4334,T1021,T1546
4335,T1021,T1546.003
4336,T1021,T1546.008
4337,T1021,T1546.012
4338,T1021,T1546.015
4339,T1021,T1547
4340,T1021,T1547.001
4341,T1021,T1547.012
4342,T1021,T1548
4343,T1021,T1548.001
4344,T1021,T1548.002
4345,T1021,T1550
4346,T1021,T1550.002
4347,T1021,T1550.003
4348,T1021,T1552
4349,T1021,T1552.001
4350,T1021,T1552.003
4351,T1021,T1553
4352,T1021,T1553.002
4353,T1021,T1554
4354,T1021,T1555
4355,T1021,T1555.003
4356,T1021,T1555.004
4357,T1021,T1555.005
4358,T1021,T1556
4359,T1021,T1556.004
4360,T1021,T1556.006
4361,T1021,T1556.008
4362,T1021,T1558
4363,T1021,T1558.001
4364,T1021,T1558.003
4365,T1021,T1559
4366,T1021,T1559.001
4367,T1021,T1559.002
4368,T1021,T1560
4369,T1021,T1560.001
4370,T1021,T1560.003
4371,T1021,T1562
4372,T1021,T1562.001
4373,T1021,T1562.004
4374,T1021,T1562.007
4375,T1021,T1563
4376,T1021,T1564
4377,T1021,T1564.001
4378,T1021,T1564.003
4379,T1021,T1565
4380,T1021,T1566
4381,T1021,T1566.001
4382,T1021,T1567
4383,T1021,T1567.002
4384,T1021,T1568
4385,T1021,T1569
4386,T1021,T1569.002
4387,T1021,T1570
4388,T1021,T1571
4389,T1021,T1572
4390,T1021,T1573
4391,T1021,T1573.001
4392,T1021,T1573.002
4393,T1021,T1574
4394,T1021,T1574.001
4395,T1021,T1574.002
4396,T1021,T1574.012
4397,T1021,T1578
4398,T1021,T1578.002
4399,T1021,T1578.003
4400,T1021,T1583
4401,T1021,T1583.001
4402,T1021,T1583.002
4403,T1021,T1583.003
4404,T1021,T1584.008
4405,T1021,T1587
4406,T1021,T1587.001
4407,T1021,T1588
4408,T1021,T1588.003
4409,T1021,T1590.005
4410,T1021,T1592.004
4411,T1021,T1593.001
4412,T1021,T1595
4413,T1021,T1595.002
4414,T1021,T1608
4415,T1021,T1608.003
4416,T1021,T1610
4417,T1021,T1615
4418,T1021,T1650
4419,T1021,T1684
4420,T1021,T1686.001
4421,T1021.001,T1021.002
4422,T1021.001,T1022
4423,T1021.001,T1027
4424,T1021.001,T1033
4425,T1021.001,T1036.005
4426,T1021.001,T1039
4427,T1021.001,T1047
4428,T1021.001,T1048
4429,T1021.001,T1049
4430,T1021.001,T1053
4431,T1021.001,T1053.005
4432,T1021.001,T1055
4433,T1021.001,T1055.003
4434,T1021.001,T1055.012
4435,T1021.001,T1056
4436,T1021.001,T1056.001
4437,T1021.001,T1057
4438,T1021.001,T1059
4439,T1021.001,T1059.001
4440,T1021.001,T1059.003
4441,T1021.001,T1061
4442,T1021.001,T1069
4443,T1021.001,T1069.002
4444,T1021.001,T1070
4445,T1021.001,T1070.001
4446,T1021.001,T1070.004
4447,T1021.001,T1071
4448,T1021.001,T1071.001
4449,T1021.001,T1072
4450,T1021.001,T1074
4451,T1021.001,T1078
4452,T1021.001,T1078.002
4453,T1021.001,T1082
4454,T1021.001,T1083
4455,T1021.001,T1087
4456,T1021.001,T1087.003
4457,T1021.001,T1095
4458,T1021.001,T1098
4459,T1021.001,T1102
4460,T1021.001,T1105
4461,T1021.001,T1110
4462,T1021.001,T1111
4463,T1021.001,T1112
4464,T1021.001,T1113
4465,T1021.001,T1114
4466,T1021.001,T1114.003
4467,T1021.001,T1115
4468,T1021.001,T1123
4469,T1021.001,T1124
4470,T1021.001,T1125
4471,T1021.001,T1133
4472,T1021.001,T1134
4473,T1021.001,T1134.001
4474,T1021.001,T1136
4475,T1021.001,T1136.001
4476,T1021.001,T1140
4477,T1021.001,T1187
4478,T1021.001,T1190
4479,T1021.001,T1197
4480,T1021.001,T1199
4481,T1021.001,T1202
4482,T1021.001,T1203
4483,T1021.001,T1204
4484,T1021.001,T1204.001
4485,T1021.001,T1211
4486,T1021.001,T1213
4487,T1021.001,T1213.002
4488,T1021.001,T1213.003
4489,T1021.001,T1219
4490,T1021.001,T1482
4491,T1021.001,T1484.001
4492,T1021.001,T1485
4493,T1021.001,T1486
4494,T1021.001,T1489
4495,T1021.001,T1497
4496,T1021.001,T1497.001
4497,T1021.001,T1505
4498,T1021.001,T1505.003
4499,T1021.001,T1518
4500,T1021.001,T1529
4501,T1021.001,T1531
4502,T1021.001,T1534
4503,T1021.001,T1539
4504,T1021.001,T1543
4505,T1021.001,T1543.003
4506,T1021.001,T1547
4507,T1021.001,T1547.001
4508,T1021.001,T1548
4509,T1021.001,T1548.001
4510,T1021.001,T1550
4511,T1021.001,T1550.003
4512,T1021.001,T1552
4513,T1021.001,T1553
4514,T1021.001,T1553.002
4515,T1021.001,T1554
4516,T1021.001,T1555
4517,T1021.001,T1555.004
4518,T1021.001,T1555.005
4519,T1021.001,T1556.004
4520,T1021.001,T1556.006
4521,T1021.001,T1558
4522,T1021.001,T1558.003
4523,T1021.001,T1559
4524,T1021.001,T1559.002
4525,T1021.001,T1560
4526,T1021.001,T1562
4527,T1021.001,T1562.001
4528,T1021.001,T1562.004
4529,T1021.001,T1562.007
4530,T1021.001,T1563
4531,T1021.001,T1564
4532,T1021.001,T1564.003
4533,T1021.001,T1567
4534,T1021.001,T1568
4535,T1021.001,T1569
4536,T1021.001,T1569.002
4537,T1021.001,T1570
4538,T1021.001,T1571
4539,T1021.001,T1572
4540,T1021.001,T1573
4541,T1021.001,T1573.002
4542,T1021.001,T1574
4543,T1021.001,T1574.002
4544,T1021.001,T1578
4545,T1021.001,T1578.002
4546,T1021.001,T1578.003
4547,T1021.001,T1583
4548,T1021.001,T1583.003
4549,T1021.001,T1588
4550,T1021.001,T1588.003
4551,T1021.001,T1589.002
4552,T1021.001,T1590.005
4553,T1021.001,T1592.004
4554,T1021.001,T1608
4555,T1021.001,T1608.003
4556,T1021.001,T1684
4557,T1021.001,T1686.001
4558,T1021.002,T1021.007
4559,T1021.002,T1022
4560,T1021.002,T1025
4561,T1021.002,T1027
4562,T1021.002,T1033
4563,T1021.002,T1036
4564,T1021.002,T1036.004
4565,T1021.002,T1036.005
4566,T1021.002,T1038
4567,T1021.002,T1039
4568,T1021.002,T1041
4569,T1021.002,T1046
4570,T1021.002,T1047
4571,T1021.002,T1048
4572,T1021.002,T1049
4573,T1021.002,T1050
4574,T1021.002,T1053
4575,T1021.002,T1053.005
4576,T1021.002,T1055
4577,T1021.002,T1055.001
4578,T1021.002,T1055.002
4579,T1021.002,T1055.003
4580,T1021.002,T1055.012
4581,T1021.002,T1056
4582,T1021.002,T1056.001
4583,T1021.002,T1056.003
4584,T1021.002,T1057
4585,T1021.002,T1059
4586,T1021.002,T1059.001
4587,T1021.002,T1059.003
4588,T1021.002,T1059.004
4589,T1021.002,T1059.009
4590,T1021.002,T1061
4591,T1021.002,T1069
4592,T1021.002,T1069.001
4593,T1021.002,T1069.002
4594,T1021.002,T1070
4595,T1021.002,T1070.001
4596,T1021.002,T1070.004
4597,T1021.002,T1070.005
4598,T1021.002,T1070.009
4599,T1021.002,T1071
4600,T1021.002,T1071.001
4601,T1021.002,T1071.002
4602,T1021.002,T1074
4603,T1021.002,T1074.001
4604,T1021.002,T1074.002
4605,T1021.002,T1077
4606,T1021.002,T1078
4607,T1021.002,T1078.001
4608,T1021.002,T1078.002
4609,T1021.002,T1078.003
4610,T1021.002,T1080
4611,T1021.002,T1082
4612,T1021.002,T1083
4613,T1021.002,T1087
4614,T1021.002,T1087.003
4615,T1021.002,T1090.001
4616,T1021.002,T1091
4617,T1021.002,T1095
4618,T1021.002,T1098
4619,T1021.002,T1098.004
4620,T1021.002,T1102
4621,T1021.002,T1102.002
4622,T1021.002,T1105
4623,T1021.002,T1110
4624,T1021.002,T1110.003
4625,T1021.002,T1110.004
4626,T1021.002,T1112
4627,T1021.002,T1113
4628,T1021.002,T1114
4629,T1021.002,T1114.001
4630,T1021.002,T1114.002
4631,T1021.002,T1119
4632,T1021.002,T1124
4633,T1021.002,T1132
4634,T1021.002,T1132.001
4635,T1021.002,T1133
4636,T1021.002,T1134
4637,T1021.002,T1135
4638,T1021.002,T1136
4639,T1021.002,T1136.002
4640,T1021.002,T1140
4641,T1021.002,T1190
4642,T1021.002,T1195
4643,T1021.002,T1197
4644,T1021.002,T1201
4645,T1021.002,T1202
4646,T1021.002,T1204
4647,T1021.002,T1204.002
4648,T1021.002,T1204.005
4649,T1021.002,T1213
4650,T1021.002,T1213.002
4651,T1021.002,T1216.002
4652,T1021.002,T1218.011
4653,T1021.002,T1219
4654,T1021.002,T1222
4655,T1021.002,T1482
4656,T1021.002,T1485
4657,T1021.002,T1486
4658,T1021.002,T1496
4659,T1021.002,T1499
4660,T1021.002,T1505
4661,T1021.002,T1505.003
4662,T1021.002,T1518
4663,T1021.002,T1518.001
4664,T1021.002,T1531
4665,T1021.002,T1539
4666,T1021.002,T1543
4667,T1021.002,T1543.003
4668,T1021.002,T1546
4669,T1021.002,T1546.003
4670,T1021.002,T1546.008
4671,T1021.002,T1546.012
4672,T1021.002,T1546.015
4673,T1021.002,T1547.001
4674,T1021.002,T1548
4675,T1021.002,T1548.002
4676,T1021.002,T1550
4677,T1021.002,T1550.002
4678,T1021.002,T1552
4679,T1021.002,T1552.001
4680,T1021.002,T1555
4681,T1021.002,T1555.003
4682,T1021.002,T1555.004
4683,T1021.002,T1558
4684,T1021.002,T1558.001
4685,T1021.002,T1559.001
4686,T1021.002,T1560
4687,T1021.002,T1560.001
4688,T1021.002,T1560.003
4689,T1021.002,T1562
4690,T1021.002,T1562.001
4691,T1021.002,T1564.001
4692,T1021.002,T1566
4693,T1021.002,T1566.001
4694,T1021.002,T1567
4695,T1021.002,T1567.002
4696,T1021.002,T1569
4697,T1021.002,T1569.002
4698,T1021.002,T1570
4699,T1021.002,T1571
4700,T1021.002,T1572
4701,T1021.002,T1573
4702,T1021.002,T1573.001
4703,T1021.002,T1573.002
4704,T1021.002,T1574
4705,T1021.002,T1574.001
4706,T1021.002,T1574.002
4707,T1021.002,T1574.012
4708,T1021.002,T1584.008
4709,T1021.002,T1589.002
4710,T1021.002,T1590.005
4711,T1021.002,T1595
4712,T1021.002,T1615
4713,T1021.003,T1021.007
4714,T1021.003,T1022
4715,T1021.003,T1024
4716,T1021.003,T1025
4717,T1021.003,T1026
4718,T1021.003,T1027
4719,T1021.003,T1029
4720,T1021.003,T1030
4721,T1021.003,T1031
4722,T1021.003,T1032
4723,T1021.003,T1033
4724,T1021.003,T1034
4725,T1021.003,T1036
4726,T1021.003,T1038
4727,T1021.003,T1039
4728,T1021.003,T1043
4729,T1021.003,T1044
4730,T1021.003,T1047
4731,T1021.003,T1048
4732,T1021.003,T1049
4733,T1021.003,T1050
4734,T1021.003,T1051
4735,T1021.003,T1053.005
4736,T1021.003,T1055
4737,T1021.003,T1056
4738,T1021.003,T1057
4739,T1021.003,T1058
4740,T1021.003,T1059.007
4741,T1021.003,T1062
4742,T1021.003,T1065
4743,T1021.003,T1069
4744,T1021.003,T1070
4745,T1021.003,T1071
4746,T1021.003,T1074
4747,T1021.003,T1077
4748,T1021.003,T1078
4749,T1021.003,T1079
4750,T1021.003,T1080
4751,T1021.003,T1082
4752,T1021.003,T1083
4753,T1021.003,T1087
4754,T1021.003,T1089
4755,T1021.003,T1091
4756,T1021.003,T1092
4757,T1021.003,T1094
4758,T1021.003,T1095
4759,T1021.003,T1098
4760,T1021.003,T1104
4761,T1021.003,T1108
4762,T1021.003,T1110
4763,T1021.003,T1112
4764,T1021.003,T1113
4765,T1021.003,T1114
4766,T1021.003,T1115
4767,T1021.003,T1119
4768,T1021.003,T1120
4769,T1021.003,T1123
4770,T1021.003,T1124
4771,T1021.003,T1125
4772,T1021.003,T1132
4773,T1021.003,T1133
4774,T1021.003,T1134
4775,T1021.003,T1135
4776,T1021.003,T1136
4777,T1021.003,T1137
4778,T1021.003,T1140
4779,T1021.003,T1141
4780,T1021.003,T1148
4781,T1021.003,T1149
4782,T1021.003,T1162
4783,T1021.003,T1163
4784,T1021.003,T1168
4785,T1021.003,T1187
4786,T1021.003,T1189
4787,T1021.003,T1190
4788,T1021.003,T1196
4789,T1021.003,T1197
4790,T1021.003,T1200
4791,T1021.003,T1201
4792,T1021.003,T1202
4793,T1021.003,T1204
4794,T1021.003,T1204.002
4795,T1021.003,T1205.001
4796,T1021.003,T1206
4797,T1021.003,T1210
4798,T1021.003,T1212
4799,T1021.003,T1213
4800,T1021.003,T1218.002
4801,T1021.003,T1219
4802,T1021.003,T1220
4803,T1021.003,T1221
4804,T1021.003,T1518
4805,T1021.003,T1559.001
4806,T1021.003,T1593.001
4807,T1021.006,T1046
4808,T1021.006,T1047
4809,T1021.006,T1053
4810,T1021.006,T1053.005
4811,T1021.006,T1059
4812,T1021.006,T1059.001
4813,T1021.006,T1059.003
4814,T1021.006,T1070
4815,T1021.006,T1070.004
4816,T1021.006,T1070.006
4817,T1021.006,T1071
4818,T1021.006,T1071.004
4819,T1021.006,T1074
4820,T1021.006,T1078
4821,T1021.006,T1078.002
4822,T1021.006,T1087
4823,T1021.006,T1087.002
4824,T1021.006,T1112
4825,T1021.006,T1114
4826,T1021.006,T1132
4827,T1021.006,T1132.001
4828,T1021.006,T1136
4829,T1021.006,T1136.002
4830,T1021.006,T1140
4831,T1021.006,T1505
4832,T1021.006,T1505.003
4833,T1021.006,T1556
4834,T1021.006,T1556.008
4835,T1021.006,T1560
4836,T1021.006,T1560.001
4837,T1021.006,T1573
4838,T1021.006,T1573.001
4839,T1021.006,T1583
4840,T1021.006,T1583.001
4841,T1021.006,T1583.002
4842,T1021.006,T1587
4843,T1021.006,T1587.001
4844,T1021.007,T1022
4845,T1021.007,T1024
4846,T1021.007,T1026
4847,T1021.007,T1027
4848,T1021.007,T1027.001
4849,T1021.007,T1029
4850,T1021.007,T1031
4851,T1021.007,T1033
4852,T1021.007,T1034
4853,T1021.007,T1036
4854,T1021.007,T1036.004
4855,T1021.007,T1036.005
4856,T1021.007,T1038
4857,T1021.007,T1039
4858,T1021.007,T1041
4859,T1021.007,T1043
4860,T1021.007,T1044
4861,T1021.007,T1046
4862,T1021.007,T1047
4863,T1021.007,T1048
4864,T1021.007,T1049
4865,T1021.007,T1050
4866,T1021.007,T1053
4867,T1021.007,T1053.005
4868,T1021.007,T1055
4869,T1021.007,T1055.001
4870,T1021.007,T1055.012
4871,T1021.007,T1056
4872,T1021.007,T1056.001
4873,T1021.007,T1057
4874,T1021.007,T1058
4875,T1021.007,T1059
4876,T1021.007,T1059.001
4877,T1021.007,T1059.003
4878,T1021.007,T1059.005
4879,T1021.007,T1059.007
4880,T1021.007,T1059.009
4881,T1021.007,T1060
4882,T1021.007,T1062
4883,T1021.007,T1064
4884,T1021.007,T1065
4885,T1021.007,T1068
4886,T1021.007,T1069
4887,T1021.007,T1069.001
4888,T1021.007,T1069.002
4889,T1021.007,T1070
4890,T1021.007,T1070.001
4891,T1021.007,T1070.004
4892,T1021.007,T1070.005
4893,T1021.007,T1070.009
4894,T1021.007,T1071
4895,T1021.007,T1071.001
4896,T1021.007,T1071.002
4897,T1021.007,T1077
4898,T1021.007,T1078
4899,T1021.007,T1078.002
4900,T1021.007,T1078.003
4901,T1021.007,T1079
4902,T1021.007,T1080
4903,T1021.007,T1082
4904,T1021.007,T1083
4905,T1021.007,T1086
4906,T1021.007,T1087
4907,T1021.007,T1087.003
4908,T1021.007,T1089
4909,T1021.007,T1091
4910,T1021.007,T1092
4911,T1021.007,T1095
4912,T1021.007,T1098
4913,T1021.007,T1098.004
4914,T1021.007,T1102
4915,T1021.007,T1105
4916,T1021.007,T1106
4917,T1021.007,T1107
4918,T1021.007,T1108
4919,T1021.007,T1110
4920,T1021.007,T1110.003
4921,T1021.007,T1110.004
4922,T1021.007,T1112
4923,T1021.007,T1113
4924,T1021.007,T1114
4925,T1021.007,T1115
4926,T1021.007,T1119
4927,T1021.007,T1120
4928,T1021.007,T1123
4929,T1021.007,T1124
4930,T1021.007,T1125
4931,T1021.007,T1133
4932,T1021.007,T1134
4933,T1021.007,T1135
4934,T1021.007,T1136
4935,T1021.007,T1136.002
4936,T1021.007,T1137
4937,T1021.007,T1140
4938,T1021.007,T1176.001
4939,T1021.007,T1189
4940,T1021.007,T1190
4941,T1021.007,T1196
4942,T1021.007,T1197
4943,T1021.007,T1200
4944,T1021.007,T1202
4945,T1021.007,T1204
4946,T1021.007,T1204.001
4947,T1021.007,T1204.002
4948,T1021.007,T1204.005
4949,T1021.007,T1210
4950,T1021.007,T1212
4951,T1021.007,T1213.001
4952,T1021.007,T1213.002
4953,T1021.007,T1216.002
4954,T1021.007,T1218.002
4955,T1021.007,T1218.011
4956,T1021.007,T1219
4957,T1021.007,T1220
4958,T1021.007,T1221
4959,T1021.007,T1480
4960,T1021.007,T1482
4961,T1021.007,T1486
4962,T1021.007,T1491
4963,T1021.007,T1496
4964,T1021.007,T1505
4965,T1021.007,T1505.002
4966,T1021.007,T1505.003
4967,T1021.007,T1518
4968,T1021.007,T1518.001
4969,T1021.007,T1543
4970,T1021.007,T1543.003
4971,T1021.007,T1546
4972,T1021.007,T1546.003
4973,T1021.007,T1546.008
4974,T1021.007,T1546.012
4975,T1021.007,T1546.015
4976,T1021.007,T1547
4977,T1021.007,T1548
4978,T1021.007,T1548.002
4979,T1021.007,T1550.002
4980,T1021.007,T1552
4981,T1021.007,T1552.001
4982,T1021.007,T1555
4983,T1021.007,T1555.003
4984,T1021.007,T1556.006
4985,T1021.007,T1556.009
4986,T1021.007,T1558
4987,T1021.007,T1558.001
4988,T1021.007,T1559.001
4989,T1021.007,T1560
4990,T1021.007,T1560.001
4991,T1021.007,T1562
4992,T1021.007,T1562.001
4993,T1021.007,T1564.001
4994,T1021.007,T1566
4995,T1021.007,T1566.001
4996,T1021.007,T1567
4997,T1021.007,T1567.002
4998,T1021.007,T1569
4999,T1021.007,T1569.002
5000,T1021.007,T1570
5001,T1021.007,T1571
5002,T1021.007,T1572
5003,T1021.007,T1573
5004,T1021.007,T1573.001
5005,T1021.007,T1574
5006,T1021.007,T1574.001
5007,T1021.007,T1574.002
5008,T1021.007,T1574.006
5009,T1021.007,T1583
5010,T1021.007,T1583.001
5011,T1021.007,T1583.004
5012,T1021.007,T1583.008
5013,T1021.007,T1584.008
5014,T1021.007,T1588.007
5015,T1021.007,T1589.002
5016,T1021.007,T1590
5017,T1021.007,T1590.005
5018,T1021.007,T1593.001
5019,T1021.007,T1593.002
5020,T1021.007,T1595
5021,T1021.007,T1595.002
5022,T1021.007,T1615
5023,T1021.007,T1669
5024,T1021.007,T1684
5025,T1022,T1023
5026,T1022,T1024
5027,T1022,T1025
5028,T1022,T1026
5029,T1022,T1027
5030,T1022,T1027.009
5031,T1022,T1029
5032,T1022,T1030
5033,T1022,T1031
5034,T1022,T1032
5035,T1022,T1033
5036,T1022,T1034
5037,T1022,T1035
5038,T1022,T1036
5039,T1022,T1036.004
5040,T1022,T1036.005
5041,T1022,T1038
5042,T1022,T1039
5043,T1022,T1040
5044,T1022,T1041
5045,T1022,T1043
5046,T1022,T1044
5047,T1022,T1046
5048,T1022,T1047
5049,T1022,T1048
5050,T1022,T1049
5051,T1022,T1050
5052,T1022,T1051
5053,T1022,T1052
5054,T1022,T1053
5055,T1022,T1053.005
5056,T1022,T1054
5057,T1022,T1055
5058,T1022,T1055.001
5059,T1022,T1055.002
5060,T1022,T1055.003
5061,T1022,T1055.012
5062,T1022,T1056
5063,T1022,T1056.001
5064,T1022,T1056.003
5065,T1022,T1057
5066,T1022,T1058
5067,T1022,T1059
5068,T1022,T1059.001
5069,T1022,T1059.003
5070,T1022,T1059.004
5071,T1022,T1059.005
5072,T1022,T1059.007
5073,T1022,T1059.009
5074,T1022,T1060
5075,T1022,T1061
5076,T1022,T1062
5077,T1022,T1063
5078,T1022,T1064
5079,T1022,T1065
5080,T1022,T1068
5081,T1022,T1069
5082,T1022,T1069.001
5083,T1022,T1069.002
5084,T1022,T1070
5085,T1022,T1070.001
5086,T1022,T1070.004
5087,T1022,T1070.005
5088,T1022,T1070.009
5089,T1022,T1071
5090,T1022,T1071.001
5091,T1022,T1071.002
5092,T1022,T1073
5093,T1022,T1074
5094,T1022,T1074.001
5095,T1022,T1077
5096,T1022,T1078
5097,T1022,T1078.001
5098,T1022,T1078.002
5099,T1022,T1078.003
5100,T1022,T1079
5101,T1022,T1080
5102,T1022,T1081
5103,T1022,T1082
5104,T1022,T1083
5105,T1022,T1085
5106,T1022,T1086
5107,T1022,T1087
5108,T1022,T1087.003
5109,T1022,T1088
5110,T1022,T1089
5111,T1022,T1090
5112,T1022,T1090.001
5113,T1022,T1091
5114,T1022,T1092
5115,T1022,T1094
5116,T1022,T1095
5117,T1022,T1098
5118,T1022,T1098.004
5119,T1022,T1099
5120,T1022,T1100
5121,T1022,T1102
5122,T1022,T1102.002
5123,T1022,T1104
5124,T1022,T1105
5125,T1022,T1106
5126,T1022,T1107
5127,T1022,T1108
5128,T1022,T1110
5129,T1022,T1110.003
5130,T1022,T1110.004
5131,T1022,T1111
5132,T1022,T1112
5133,T1022,T1113
5134,T1022,T1114
5135,T1022,T1114.002
5136,T1022,T1114.003
5137,T1022,T1115
5138,T1022,T1116
5139,T1022,T1117
5140,T1022,T1119
5141,T1022,T1120
5142,T1022,T1122
5143,T1022,T1123
5144,T1022,T1124
5145,T1022,T1125
5146,T1022,T1129
5147,T1022,T1132
5148,T1022,T1132.001
5149,T1022,T1133
5150,T1022,T1134
5151,T1022,T1134.001
5152,T1022,T1135
5153,T1022,T1136
5154,T1022,T1136.001
5155,T1022,T1136.002
5156,T1022,T1137
5157,T1022,T1139
5158,T1022,T1140
5159,T1022,T1141
5160,T1022,T1143
5161,T1022,T1145
5162,T1022,T1146
5163,T1022,T1148
5164,T1022,T1149
5165,T1022,T1162
5166,T1022,T1163
5167,T1022,T1165
5168,T1022,T1168
5169,T1022,T1171
5170,T1022,T1175
5171,T1022,T1176.001
5172,T1022,T1187
5173,T1022,T1188
5174,T1022,T1189
5175,T1022,T1190
5176,T1022,T1191
5177,T1022,T1192
5178,T1022,T1195
5179,T1022,T1196
5180,T1022,T1197
5181,T1022,T1199
5182,T1022,T1200
5183,T1022,T1201
5184,T1022,T1202
5185,T1022,T1203
5186,T1022,T1204
5187,T1022,T1204.001
5188,T1022,T1204.002
5189,T1022,T1204.005
5190,T1022,T1205.001
5191,T1022,T1206
5192,T1022,T1210
5193,T1022,T1211
5194,T1022,T1212
5195,T1022,T1213
5196,T1022,T1213.001
5197,T1022,T1213.002
5198,T1022,T1216.002
5199,T1022,T1218
5200,T1022,T1218.002
5201,T1022,T1218.011
5202,T1022,T1219
5203,T1022,T1220
5204,T1022,T1221
5205,T1022,T1480
5206,T1022,T1482
5207,T1022,T1483
5208,T1022,T1484.001
5209,T1022,T1485
5210,T1022,T1486
5211,T1022,T1487
5212,T1022,T1489
5213,T1022,T1490
5214,T1022,T1491
5215,T1022,T1495
5216,T1022,T1496
5217,T1022,T1497
5218,T1022,T1497.001
5219,T1022,T1498
5220,T1022,T1499
5221,T1022,T1503
5222,T1022,T1505
5223,T1022,T1505.002
5224,T1022,T1505.003
5225,T1022,T1518
5226,T1022,T1518.001
5227,T1022,T1529
5228,T1022,T1531
5229,T1022,T1534
5230,T1022,T1539
5231,T1022,T1543
5232,T1022,T1543.003
5233,T1022,T1546
5234,T1022,T1546.003
5235,T1022,T1546.008
5236,T1022,T1546.012
5237,T1022,T1546.015
5238,T1022,T1547
5239,T1022,T1547.001
5240,T1022,T1548
5241,T1022,T1548.001
5242,T1022,T1548.002
5243,T1022,T1550
5244,T1022,T1550.002
5245,T1022,T1550.003
5246,T1022,T1552
5247,T1022,T1552.001
5248,T1022,T1552.003
5249,T1022,T1553
5250,T1022,T1553.002
5251,T1022,T1555
5252,T1022,T1555.003
5253,T1022,T1555.004
5254,T1022,T1555.005
5255,T1022,T1556.006
5256,T1022,T1556.009
5257,T1022,T1558
5258,T1022,T1558.001
5259,T1022,T1558.003
5260,T1022,T1559
5261,T1022,T1559.001
5262,T1022,T1559.002
5263,T1022,T1560
5264,T1022,T1560.001
5265,T1022,T1560.003
5266,T1022,T1562
5267,T1022,T1562.001
5268,T1022,T1562.004
5269,T1022,T1562.007
5270,T1022,T1563
5271,T1022,T1564
5272,T1022,T1564.003
5273,T1022,T1565
5274,T1022,T1566
5275,T1022,T1566.001
5276,T1022,T1567
5277,T1022,T1567.002
5278,T1022,T1568
5279,T1022,T1569
5280,T1022,T1569.002
5281,T1022,T1570
5282,T1022,T1571
5283,T1022,T1572
5284,T1022,T1573
5285,T1022,T1573.001
5286,T1022,T1573.002
5287,T1022,T1574
5288,T1022,T1574.001
5289,T1022,T1574.002
5290,T1022,T1574.012
5291,T1022,T1578
5292,T1022,T1578.002
5293,T1022,T1578.003
5294,T1022,T1583
5295,T1022,T1583.001
5296,T1022,T1583.003
5297,T1022,T1583.004
5298,T1022,T1583.008
5299,T1022,T1584.008
5300,T1022,T1587.003
5301,T1022,T1588
5302,T1022,T1588.003
5303,T1022,T1588.004
5304,T1022,T1588.007
5305,T1022,T1589.002
5306,T1022,T1590.005
5307,T1022,T1593.001
5308,T1022,T1593.002
5309,T1022,T1595
5310,T1022,T1595.002
5311,T1022,T1608
5312,T1022,T1608.001
5313,T1022,T1608.002
5314,T1022,T1608.003
5315,T1022,T1608.005
5316,T1022,T1608.006
5317,T1022,T1615
5318,T1022,T1669
5319,T1022,T1684
5320,T1022,T1686.001
5321,T1023,T1027
5322,T1023,T1032
5323,T1023,T1041
5324,T1023,T1043
5325,T1023,T1049
5326,T1023,T1050
5327,T1023,T1053
5328,T1023,T1053.005
5329,T1023,T1056
5330,T1023,T1059
5331,T1023,T1060
5332,T1023,T1083
5333,T1023,T1107
5334,T1023,T1134
5335,T1024,T1025
5336,T1024,T1026
5337,T1024,T1027
5338,T1024,T1029
5339,T1024,T1030
5340,T1024,T1031
5341,T1024,T1032
5342,T1024,T1033
5343,T1024,T1034
5344,T1024,T1035
5345,T1024,T1036
5346,T1024,T1038
5347,T1024,T1039
5348,T1024,T1040
5349,T1024,T1041
5350,T1024,T1043
5351,T1024,T1044
5352,T1024,T1047
5353,T1024,T1048
5354,T1024,T1049
5355,T1024,T1050
5356,T1024,T1051
5357,T1024,T1052
5358,T1024,T1053
5359,T1024,T1053.005
5360,T1024,T1055
5361,T1024,T1056
5362,T1024,T1056.001
5363,T1024,T1057
5364,T1024,T1058
5365,T1024,T1059
5366,T1024,T1059.005
5367,T1024,T1059.007
5368,T1024,T1060
5369,T1024,T1061
5370,T1024,T1062
5371,T1024,T1063
5372,T1024,T1064
5373,T1024,T1065
5374,T1024,T1068
5375,T1024,T1069
5376,T1024,T1070
5377,T1024,T1071
5378,T1024,T1074
5379,T1024,T1077
5380,T1024,T1078
5381,T1024,T1078.003
5382,T1024,T1079
5383,T1024,T1080
5384,T1024,T1082
5385,T1024,T1083
5386,T1024,T1085
5387,T1024,T1086
5388,T1024,T1087
5389,T1024,T1088
5390,T1024,T1089
5391,T1024,T1091
5392,T1024,T1092
5393,T1024,T1094
5394,T1024,T1095
5395,T1024,T1098
5396,T1024,T1099
5397,T1024,T1102
5398,T1024,T1104
5399,T1024,T1105
5400,T1024,T1106
5401,T1024,T1107
5402,T1024,T1108
5403,T1024,T1110
5404,T1024,T1110.003
5405,T1024,T1112
5406,T1024,T1113
5407,T1024,T1114
5408,T1024,T1115
5409,T1024,T1116
5410,T1024,T1119
5411,T1024,T1120
5412,T1024,T1122
5413,T1024,T1123
5414,T1024,T1124
5415,T1024,T1125
5416,T1024,T1132
5417,T1024,T1133
5418,T1024,T1134
5419,T1024,T1135
5420,T1024,T1136
5421,T1024,T1137
5422,T1024,T1139
5423,T1024,T1140
5424,T1024,T1141
5425,T1024,T1143
5426,T1024,T1148
5427,T1024,T1149
5428,T1024,T1162
5429,T1024,T1163
5430,T1024,T1168
5431,T1024,T1171
5432,T1024,T1175
5433,T1024,T1176.001
5434,T1024,T1187
5435,T1024,T1190
5436,T1024,T1195
5437,T1024,T1196
5438,T1024,T1197
5439,T1024,T1199
5440,T1024,T1200
5441,T1024,T1201
5442,T1024,T1202
5443,T1024,T1203
5444,T1024,T1204
5445,T1024,T1204.002
5446,T1024,T1205.001
5447,T1024,T1206
5448,T1024,T1210
5449,T1024,T1212
5450,T1024,T1213
5451,T1024,T1218.002
5452,T1024,T1219
5453,T1024,T1220
5454,T1024,T1221
5455,T1024,T1480
5456,T1024,T1482
5457,T1024,T1485
5458,T1024,T1486
5459,T1024,T1489
5460,T1024,T1490
5461,T1024,T1491
5462,T1024,T1495
5463,T1024,T1496
5464,T1024,T1497
5465,T1024,T1498
5466,T1024,T1499
5467,T1024,T1505
5468,T1024,T1505.002
5469,T1024,T1518
5470,T1024,T1529
5471,T1024,T1531
5472,T1024,T1539
5473,T1024,T1543.003
5474,T1024,T1552.003
5475,T1024,T1555.005
5476,T1024,T1559.001
5477,T1024,T1565
5478,T1024,T1590.005
5479,T1024,T1593.001
5480,T1024,T1684
5481,T1025,T1026
5482,T1025,T1027
5483,T1025,T1027.002
5484,T1025,T1027.016
5485,T1025,T1029
5486,T1025,T1030
5487,T1025,T1031
5488,T1025,T1032
5489,T1025,T1033
5490,T1025,T1034
5491,T1025,T1035
5492,T1025,T1036
5493,T1025,T1036.003
5494,T1025,T1036.004
5495,T1025,T1038
5496,T1025,T1039
5497,T1025,T1040
5498,T1025,T1041
5499,T1025,T1043
5500,T1025,T1044
5501,T1025,T1047
5502,T1025,T1048
5503,T1025,T1049
5504,T1025,T1050
5505,T1025,T1051
5506,T1025,T1052
5507,T1025,T1053
5508,T1025,T1053.005
5509,T1025,T1055
5510,T1025,T1055.004
5511,T1025,T1056
5512,T1025,T1056.001
5513,T1025,T1057
5514,T1025,T1058
5515,T1025,T1059
5516,T1025,T1059.003
5517,T1025,T1059.005
5518,T1025,T1059.007
5519,T1025,T1060
5520,T1025,T1061
5521,T1025,T1062
5522,T1025,T1063
5523,T1025,T1064
5524,T1025,T1065
5525,T1025,T1068
5526,T1025,T1069
5527,T1025,T1070
5528,T1025,T1071
5529,T1025,T1071.001
5530,T1025,T1074
5531,T1025,T1074.001
5532,T1025,T1077
5533,T1025,T1078
5534,T1025,T1078.002
5535,T1025,T1078.003
5536,T1025,T1079
5537,T1025,T1080
5538,T1025,T1082
5539,T1025,T1083
5540,T1025,T1085
5541,T1025,T1086
5542,T1025,T1087
5543,T1025,T1088
5544,T1025,T1089
5545,T1025,T1091
5546,T1025,T1092
5547,T1025,T1094
5548,T1025,T1095
5549,T1025,T1098
5550,T1025,T1099
5551,T1025,T1102
5552,T1025,T1102.002
5553,T1025,T1103
5554,T1025,T1104
5555,T1025,T1105
5556,T1025,T1106
5557,T1025,T1107
5558,T1025,T1108
5559,T1025,T1110
5560,T1025,T1110.003
5561,T1025,T1112
5562,T1025,T1113
5563,T1025,T1114
5564,T1025,T1115
5565,T1025,T1116
5566,T1025,T1119
5567,T1025,T1120
5568,T1025,T1123
5569,T1025,T1124
5570,T1025,T1125
5571,T1025,T1129
5572,T1025,T1132
5573,T1025,T1133
5574,T1025,T1134
5575,T1025,T1135
5576,T1025,T1136
5577,T1025,T1137
5578,T1025,T1139
5579,T1025,T1140
5580,T1025,T1141
5581,T1025,T1143
5582,T1025,T1148
5583,T1025,T1149
5584,T1025,T1162
5585,T1025,T1163
5586,T1025,T1168
5587,T1025,T1171
5588,T1025,T1175
5589,T1025,T1176.001
5590,T1025,T1187
5591,T1025,T1190
5592,T1025,T1195
5593,T1025,T1196
5594,T1025,T1197
5595,T1025,T1199
5596,T1025,T1200
5597,T1025,T1201
5598,T1025,T1202
5599,T1025,T1203
5600,T1025,T1204
5601,T1025,T1204.002
5602,T1025,T1205.001
5603,T1025,T1206
5604,T1025,T1210
5605,T1025,T1212
5606,T1025,T1213
5607,T1025,T1218.002
5608,T1025,T1219
5609,T1025,T1220
5610,T1025,T1221
5611,T1025,T1222
5612,T1025,T1480
5613,T1025,T1482
5614,T1025,T1485
5615,T1025,T1486
5616,T1025,T1489
5617,T1025,T1490
5618,T1025,T1491
5619,T1025,T1495
5620,T1025,T1496
5621,T1025,T1498
5622,T1025,T1499
5623,T1025,T1500
5624,T1025,T1505
5625,T1025,T1505.002
5626,T1025,T1518
5627,T1025,T1529
5628,T1025,T1531
5629,T1025,T1534
5630,T1025,T1539
5631,T1025,T1542
5632,T1025,T1542.003
5633,T1025,T1543.003
5634,T1025,T1547.001
5635,T1025,T1552.003
5636,T1025,T1555.005
5637,T1025,T1559.001
5638,T1025,T1560
5639,T1025,T1560.001
5640,T1025,T1562
5641,T1025,T1564
5642,T1025,T1564.001
5643,T1025,T1564.003
5644,T1025,T1565
5645,T1025,T1567
5646,T1025,T1569
5647,T1025,T1569.002
5648,T1025,T1570
5649,T1025,T1572
5650,T1025,T1573
5651,T1025,T1573.001
5652,T1025,T1574
5653,T1025,T1574.001
5654,T1025,T1574.002
5655,T1025,T1583
5656,T1025,T1583.001
5657,T1025,T1588
5658,T1025,T1588.006
5659,T1025,T1590.005
5660,T1025,T1593.001
5661,T1025,T1601
5662,T1025,T1601.001
5663,T1025,T1608
5664,T1025,T1608.001
5665,T1025,T1614
5666,T1025,T1684
5667,T1026,T1027
5668,T1026,T1029
5669,T1026,T1030
5670,T1026,T1031
5671,T1026,T1032
5672,T1026,T1033
5673,T1026,T1034
5674,T1026,T1036
5675,T1026,T1038
5676,T1026,T1039
5677,T1026,T1040
5678,T1026,T1043
5679,T1026,T1044
5680,T1026,T1047
5681,T1026,T1048
5682,T1026,T1049
5683,T1026,T1050
5684,T1026,T1051
5685,T1026,T1052
5686,T1026,T1053.005
5687,T1026,T1055
5688,T1026,T1056
5689,T1026,T1057
5690,T1026,T1058
5691,T1026,T1059.005
5692,T1026,T1059.007
5693,T1026,T1061
5694,T1026,T1062
5695,T1026,T1065
5696,T1026,T1068
5697,T1026,T1069
5698,T1026,T1070
5699,T1026,T1071
5700,T1026,T1074
5701,T1026,T1077
5702,T1026,T1078
5703,T1026,T1078.003
5704,T1026,T1079
5705,T1026,T1080
5706,T1026,T1082
5707,T1026,T1083
5708,T1026,T1087
5709,T1026,T1089
5710,T1026,T1091
5711,T1026,T1092
5712,T1026,T1094
5713,T1026,T1095
5714,T1026,T1098
5715,T1026,T1102
5716,T1026,T1104
5717,T1026,T1108
5718,T1026,T1110
5719,T1026,T1110.003
5720,T1026,T1112
5721,T1026,T1113
5722,T1026,T1114
5723,T1026,T1115
5724,T1026,T1119
5725,T1026,T1120
5726,T1026,T1123
5727,T1026,T1124
5728,T1026,T1125
5729,T1026,T1132
5730,T1026,T1133
5731,T1026,T1134
5732,T1026,T1135
5733,T1026,T1136
5734,T1026,T1137
5735,T1026,T1139
5736,T1026,T1140
5737,T1026,T1141
5738,T1026,T1148
5739,T1026,T1149
5740,T1026,T1162
5741,T1026,T1163
5742,T1026,T1168
5743,T1026,T1171
5744,T1026,T1175
5745,T1026,T1176.001
5746,T1026,T1187
5747,T1026,T1189
5748,T1026,T1190
5749,T1026,T1195
5750,T1026,T1196
5751,T1026,T1197
5752,T1026,T1199
5753,T1026,T1200
5754,T1026,T1201
5755,T1026,T1202
5756,T1026,T1203
5757,T1026,T1204
5758,T1026,T1204.002
5759,T1026,T1205.001
5760,T1026,T1206
5761,T1026,T1210
5762,T1026,T1212
5763,T1026,T1213
5764,T1026,T1218.002
5765,T1026,T1219
5766,T1026,T1220
5767,T1026,T1221
5768,T1026,T1480
5769,T1026,T1482
5770,T1026,T1485
5771,T1026,T1486
5772,T1026,T1489
5773,T1026,T1490
5774,T1026,T1491
5775,T1026,T1495
5776,T1026,T1496
5777,T1026,T1498
5778,T1026,T1499
5779,T1026,T1505
5780,T1026,T1505.002
5781,T1026,T1518
5782,T1026,T1529
5783,T1026,T1531
5784,T1026,T1539
5785,T1026,T1543.003
5786,T1026,T1552.003
5787,T1026,T1555.005
5788,T1026,T1559.001
5789,T1026,T1565
5790,T1026,T1590.005
5791,T1026,T1593.001
5792,T1026,T1684
5793,T1027,T1027.002
5794,T1027,T1027.004
5795,T1027,T1027.014
5796,T1027,T1027.016
5797,T1027,T1029
5798,T1027,T1030
5799,T1027,T1031
5800,T1027,T1032
5801,T1027,T1033
5802,T1027,T1034
5803,T1027,T1035
5804,T1027,T1036
5805,T1027,T1036.003
5806,T1027,T1036.004
5807,T1027,T1036.005
5808,T1027,T1038
5809,T1027,T1039
5810,T1027,T1040
5811,T1027,T1041
5812,T1027,T1043
5813,T1027,T1044
5814,T1027,T1046
5815,T1027,T1047
5816,T1027,T1048
5817,T1027,T1049
5818,T1027,T1050
5819,T1027,T1051
5820,T1027,T1052
5821,T1027,T1053
5822,T1027,T1053.005
5823,T1027,T1055
5824,T1027,T1055.001
5825,T1027,T1055.003
5826,T1027,T1055.004
5827,T1027,T1055.012
5828,T1027,T1056
5829,T1027,T1056.001
5830,T1027,T1057
5831,T1027,T1058
5832,T1027,T1059
5833,T1027,T1059.001
5834,T1027,T1059.003
5835,T1027,T1059.005
5836,T1027,T1059.006
5837,T1027,T1059.007
5838,T1027,T1059.009
5839,T1027,T1060
5840,T1027,T1061
5841,T1027,T1062
5842,T1027,T1063
5843,T1027,T1064
5844,T1027,T1065
5845,T1027,T1068
5846,T1027,T1069
5847,T1027,T1069.001
5848,T1027,T1069.002
5849,T1027,T1070
5850,T1027,T1070.001
5851,T1027,T1070.004
5852,T1027,T1070.005
5853,T1027,T1070.009
5854,T1027,T1071
5855,T1027,T1071.001
5856,T1027,T1071.002
5857,T1027,T1071.004
5858,T1027,T1074
5859,T1027,T1074.001
5860,T1027,T1077
5861,T1027,T1078
5862,T1027,T1078.002
5863,T1027,T1078.003
5864,T1027,T1079
5865,T1027,T1080
5866,T1027,T1081
5867,T1027,T1082
5868,T1027,T1083
5869,T1027,T1085
5870,T1027,T1086
5871,T1027,T1087
5872,T1027,T1087.001
5873,T1027,T1087.002
5874,T1027,T1087.003
5875,T1027,T1088
5876,T1027,T1089
5877,T1027,T1090
5878,T1027,T1090.002
5879,T1027,T1091
5880,T1027,T1092
5881,T1027,T1094
5882,T1027,T1095
5883,T1027,T1098
5884,T1027,T1098.004
5885,T1027,T1102
5886,T1027,T1102.002
5887,T1027,T1104
5888,T1027,T1105
5889,T1027,T1106
5890,T1027,T1107
5891,T1027,T1108
5892,T1027,T1110
5893,T1027,T1110.003
5894,T1027,T1111
5895,T1027,T1112
5896,T1027,T1113
5897,T1027,T1114
5898,T1027,T1114.003
5899,T1027,T1115
5900,T1027,T1116
5901,T1027,T1117
5902,T1027,T1119
5903,T1027,T1120
5904,T1027,T1123
5905,T1027,T1124
5906,T1027,T1125
5907,T1027,T1132
5908,T1027,T1132.001
5909,T1027,T1132.002
5910,T1027,T1133
5911,T1027,T1134
5912,T1027,T1134.001
5913,T1027,T1134.002
5914,T1027,T1135
5915,T1027,T1136
5916,T1027,T1136.001
5917,T1027,T1136.002
5918,T1027,T1137
5919,T1027,T1137.001
5920,T1027,T1139
5921,T1027,T1140
5922,T1027,T1141
5923,T1027,T1143
5924,T1027,T1148
5925,T1027,T1149
5926,T1027,T1158
5927,T1027,T1162
5928,T1027,T1163
5929,T1027,T1168
5930,T1027,T1171
5931,T1027,T1175
5932,T1027,T1176.001
5933,T1027,T1187
5934,T1027,T1190
5935,T1027,T1191
5936,T1027,T1195
5937,T1027,T1196
5938,T1027,T1197
5939,T1027,T1199
5940,T1027,T1200
5941,T1027,T1201
5942,T1027,T1202
5943,T1027,T1203
5944,T1027,T1204
5945,T1027,T1204.001
5946,T1027,T1204.002
5947,T1027,T1204.005
5948,T1027,T1205.001
5949,T1027,T1206
5950,T1027,T1210
5951,T1027,T1211
5952,T1027,T1212
5953,T1027,T1213
5954,T1027,T1213.002
5955,T1027,T1216.002
5956,T1027,T1218
5957,T1027,T1218.002
5958,T1027,T1218.003
5959,T1027,T1218.005
5960,T1027,T1218.011
5961,T1027,T1219
5962,T1027,T1219.002
5963,T1027,T1220
5964,T1027,T1221
5965,T1027,T1222
5966,T1027,T1480
5967,T1027,T1482
5968,T1027,T1484.001
5969,T1027,T1485
5970,T1027,T1486
5971,T1027,T1489
5972,T1027,T1490
5973,T1027,T1491
5974,T1027,T1495
5975,T1027,T1496
5976,T1027,T1497
5977,T1027,T1497.001
5978,T1027,T1498
5979,T1027,T1499
5980,T1027,T1500
5981,T1027,T1503
5982,T1027,T1505
5983,T1027,T1505.002
5984,T1027,T1505.003
5985,T1027,T1518
5986,T1027,T1518.001
5987,T1027,T1529
5988,T1027,T1531
5989,T1027,T1534
5990,T1027,T1539
5991,T1027,T1542
5992,T1027,T1542.003
5993,T1027,T1543
5994,T1027,T1543.003
5995,T1027,T1546
5996,T1027,T1546.003
5997,T1027,T1546.008
5998,T1027,T1546.012
5999,T1027,T1546.015
6000,T1027,T1547
6001,T1027,T1547.001
6002,T1027,T1547.009
6003,T1027,T1548
6004,T1027,T1548.001
6005,T1027,T1548.002
6006,T1027,T1550
6007,T1027,T1550.002
6008,T1027,T1550.003
6009,T1027,T1552
6010,T1027,T1552.001
6011,T1027,T1552.003
6012,T1027,T1553
6013,T1027,T1553.002
6014,T1027,T1554
6015,T1027,T1555
6016,T1027,T1555.003
6017,T1027,T1555.004
6018,T1027,T1555.005
6019,T1027,T1556.004
6020,T1027,T1556.006
6021,T1027,T1558
6022,T1027,T1558.003
6023,T1027,T1559
6024,T1027,T1559.001
6025,T1027,T1559.002
6026,T1027,T1560
6027,T1027,T1560.001
6028,T1027,T1560.003
6029,T1027,T1562
6030,T1027,T1562.001
6031,T1027,T1562.004
6032,T1027,T1562.007
6033,T1027,T1563
6034,T1027,T1564
6035,T1027,T1564.001
6036,T1027,T1564.003
6037,T1027,T1565
6038,T1027,T1566
6039,T1027,T1566.001
6040,T1027,T1567
6041,T1027,T1567.002
6042,T1027,T1568
6043,T1027,T1569
6044,T1027,T1569.002
6045,T1027,T1570
6046,T1027,T1571
6047,T1027,T1572
6048,T1027,T1573
6049,T1027,T1573.001
6050,T1027,T1573.002
6051,T1027,T1574
6052,T1027,T1574.001
6053,T1027,T1574.002
6054,T1027,T1578
6055,T1027,T1578.002
6056,T1027,T1578.003
6057,T1027,T1583
6058,T1027,T1583.001
6059,T1027,T1583.003
6060,T1027,T1583.006
6061,T1027,T1584
6062,T1027,T1584.008
6063,T1027,T1587
6064,T1027,T1587.001
6065,T1027,T1587.002
6066,T1027,T1588
6067,T1027,T1588.002
6068,T1027,T1588.003
6069,T1027,T1588.006
6070,T1027,T1589.002
6071,T1027,T1590.005
6072,T1027,T1592.004
6073,T1027,T1593.001
6074,T1027,T1595
6075,T1027,T1601
6076,T1027,T1601.001
6077,T1027,T1608
6078,T1027,T1608.001
6079,T1027,T1608.003
6080,T1027,T1614
6081,T1027,T1615
6082,T1027,T1684
6083,T1027,T1686.001
6084,T1027.001,T1027.002
6085,T1027.001,T1033
6086,T1027.001,T1046
6087,T1027.001,T1047
6088,T1027.001,T1049
6089,T1027.001,T1053.005
6090,T1027.001,T1055
6091,T1027.001,T1057
6092,T1027.001,T1059.001
6093,T1027.001,T1059.003
6094,T1027.001,T1068
6095,T1027.001,T1082
6096,T1027.001,T1083
6097,T1027.001,T1098
6098,T1027.001,T1102
6099,T1027.001,T1110.003
6100,T1027.001,T1140
6101,T1027.001,T1189
6102,T1027.001,T1190
6103,T1027.001,T1210
6104,T1027.001,T1547
6105,T1027.001,T1547.012
6106,T1027.001,T1555
6107,T1027.001,T1555.003
6108,T1027.001,T1556.006
6109,T1027.001,T1558
6110,T1027.001,T1558.001
6111,T1027.001,T1564.001
6112,T1027.001,T1567
6113,T1027.001,T1572
6114,T1027.001,T1574.002
6115,T1027.001,T1590
6116,T1027.001,T1620
6117,T1027.002,T1027.014
6118,T1027.002,T1029
6119,T1027.002,T1036
6120,T1027.002,T1036.003
6121,T1027.002,T1055
6122,T1027.002,T1055.004
6123,T1027.002,T1056
6124,T1027.002,T1056.001
6125,T1027.002,T1057
6126,T1027.002,T1071
6127,T1027.002,T1071.001
6128,T1027.002,T1074
6129,T1027.002,T1074.001
6130,T1027.002,T1082
6131,T1027.002,T1083
6132,T1027.002,T1104
6133,T1027.002,T1105
6134,T1027.002,T1106
6135,T1027.002,T1112
6136,T1027.002,T1113
6137,T1027.002,T1119
6138,T1027.002,T1140
6139,T1027.002,T1189
6140,T1027.002,T1204
6141,T1027.002,T1204.002
6142,T1027.002,T1542
6143,T1027.002,T1542.003
6144,T1027.002,T1543
6145,T1027.002,T1543.003
6146,T1027.002,T1547.012
6147,T1027.002,T1555
6148,T1027.002,T1562
6149,T1027.002,T1564
6150,T1027.002,T1564.001
6151,T1027.002,T1569
6152,T1027.002,T1573
6153,T1027.002,T1573.001
6154,T1027.002,T1573.002
6155,T1027.002,T1574
6156,T1027.002,T1574.002
6157,T1027.002,T1590.005
6158,T1027.002,T1601
6159,T1027.002,T1601.001
6160,T1027.002,T1620
6161,T1027.003,T1041
6162,T1027.003,T1059
6163,T1027.003,T1059.001
6164,T1027.003,T1074.001
6165,T1027.003,T1074.002
6166,T1027.003,T1078
6167,T1027.003,T1078.001
6168,T1027.003,T1090.003
6169,T1027.003,T1189
6170,T1027.003,T1190
6171,T1027.003,T1203
6172,T1027.003,T1556.006
6173,T1027.003,T1560
6174,T1027.003,T1566.001
6175,T1027.003,T1566.002
6176,T1027.003,T1572
6177,T1027.003,T1583
6178,T1027.003,T1583.001
6179,T1027.003,T1589
6180,T1027.003,T1589.001
6181,T1027.004,T1033
6182,T1027.004,T1036.005
6183,T1027.004,T1041
6184,T1027.004,T1047
6185,T1027.004,T1049
6186,T1027.004,T1053
6187,T1027.004,T1053.005
6188,T1027.004,T1057
6189,T1027.004,T1059.001
6190,T1027.004,T1059.005
6191,T1027.004,T1059.006
6192,T1027.004,T1059.007
6193,T1027.004,T1071
6194,T1027.004,T1071.001
6195,T1027.004,T1082
6196,T1027.004,T1083
6197,T1027.004,T1087.002
6198,T1027.004,T1090.002
6199,T1027.004,T1102.002
6200,T1027.004,T1104
6201,T1027.004,T1105
6202,T1027.004,T1113
6203,T1027.004,T1132.001
6204,T1027.004,T1137.001
6205,T1027.004,T1140
6206,T1027.004,T1204.002
6207,T1027.004,T1218.003
6208,T1027.004,T1218.005
6209,T1027.004,T1218.011
6210,T1027.004,T1219
6211,T1027.004,T1480
6212,T1027.004,T1518
6213,T1027.004,T1518.001
6214,T1027.004,T1547.001
6215,T1027.004,T1552
6216,T1027.004,T1552.001
6217,T1027.004,T1555
6218,T1027.004,T1555.003
6219,T1027.004,T1556.006
6220,T1027.004,T1559
6221,T1027.004,T1559.001
6222,T1027.004,T1559.002
6223,T1027.004,T1560
6224,T1027.004,T1560.001
6225,T1027.004,T1562
6226,T1027.004,T1562.001
6227,T1027.004,T1566.001
6228,T1027.004,T1574.002
6229,T1027.004,T1583.006
6230,T1027.004,T1588
6231,T1027.004,T1588.002
6232,T1027.004,T1589.002
6233,T1027.004,T1590.005
6234,T1027.006,T1027.007
6235,T1027.006,T1038
6236,T1027.006,T1059.007
6237,T1027.006,T1087.003
6238,T1027.006,T1204.002
6239,T1027.006,T1547
6240,T1027.006,T1547.001
6241,T1027.006,T1584.008
6242,T1027.007,T1038
6243,T1027.007,T1059.005
6244,T1027.007,T1547
6245,T1027.007,T1547.001
6246,T1027.009,T1059.007
6247,T1027.009,T1112
6248,T1027.009,T1204.002
6249,T1027.009,T1218.002
6250,T1027.009,T1543.003
6251,T1027.009,T1589.002
6252,T1027.009,T1684
6253,T1027.013,T1038
6254,T1027.013,T1070.004
6255,T1027.013,T1071.001
6256,T1027.013,T1204.002
6257,T1027.013,T1505
6258,T1027.013,T1505.003
6259,T1027.013,T1543
6260,T1027.013,T1543.003
6261,T1027.013,T1560.001
6262,T1027.013,T1567.002
6263,T1027.013,T1569.002
6264,T1027.013,T1574.001
6265,T1027.013,T1574.002
6266,T1027.013,T1593.002
6267,T1027.014,T1105
6268,T1027.014,T1106
6269,T1027.014,T1113
6270,T1027.014,T1573
6271,T1027.014,T1573.002
6272,T1027.016,T1039
6273,T1027.016,T1053
6274,T1027.016,T1053.005
6275,T1027.016,T1060
6276,T1027.016,T1080
6277,T1027.016,T1083
6278,T1027.016,T1085
6279,T1027.016,T1112
6280,T1027.016,T1113
6281,T1027.016,T1116
6282,T1027.016,T1119
6283,T1027.016,T1137
6284,T1027.016,T1140
6285,T1027.016,T1221
6286,T1027.016,T1500
6287,T1027.016,T1534
6288,T1029,T1030
6289,T1029,T1031
6290,T1029,T1032
6291,T1029,T1033
6292,T1029,T1034
6293,T1029,T1036
6294,T1029,T1036.003
6295,T1029,T1038
6296,T1029,T1039
6297,T1029,T1040
6298,T1029,T1041
6299,T1029,T1043
6300,T1029,T1044
6301,T1029,T1047
6302,T1029,T1048
6303,T1029,T1049
6304,T1029,T1050
6305,T1029,T1051
6306,T1029,T1052
6307,T1029,T1053
6308,T1029,T1053.005
6309,T1029,T1055
6310,T1029,T1055.002
6311,T1029,T1055.004
6312,T1029,T1056
6313,T1029,T1056.001
6314,T1029,T1057
6315,T1029,T1058
6316,T1029,T1059.003
6317,T1029,T1059.005
6318,T1029,T1059.007
6319,T1029,T1061
6320,T1029,T1062
6321,T1029,T1065
6322,T1029,T1068
6323,T1029,T1069
6324,T1029,T1070
6325,T1029,T1071
6326,T1029,T1071.001
6327,T1029,T1074
6328,T1029,T1074.001
6329,T1029,T1077
6330,T1029,T1078
6331,T1029,T1078.003
6332,T1029,T1079
6333,T1029,T1080
6334,T1029,T1082
6335,T1029,T1083
6336,T1029,T1086
6337,T1029,T1087
6338,T1029,T1089
6339,T1029,T1091
6340,T1029,T1092
6341,T1029,T1094
6342,T1029,T1095
6343,T1029,T1098
6344,T1029,T1102
6345,T1029,T1104
6346,T1029,T1105
6347,T1029,T1108
6348,T1029,T1110
6349,T1029,T1110.003
6350,T1029,T1112
6351,T1029,T1113
6352,T1029,T1114
6353,T1029,T1115
6354,T1029,T1119
6355,T1029,T1120
6356,T1029,T1123
6357,T1029,T1124
6358,T1029,T1125
6359,T1029,T1132
6360,T1029,T1133
6361,T1029,T1134
6362,T1029,T1134.001
6363,T1029,T1135
6364,T1029,T1136
6365,T1029,T1137
6366,T1029,T1139
6367,T1029,T1140
6368,T1029,T1141
6369,T1029,T1148
6370,T1029,T1149
6371,T1029,T1162
6372,T1029,T1163
6373,T1029,T1168
6374,T1029,T1171
6375,T1029,T1175
6376,T1029,T1176.001
6377,T1029,T1187
6378,T1029,T1189
6379,T1029,T1190
6380,T1029,T1192
6381,T1029,T1195
6382,T1029,T1196
6383,T1029,T1197
6384,T1029,T1199
6385,T1029,T1200
6386,T1029,T1201
6387,T1029,T1202
6388,T1029,T1203
6389,T1029,T1204
6390,T1029,T1204.002
6391,T1029,T1205
6392,T1029,T1205.001
6393,T1029,T1206
6394,T1029,T1210
6395,T1029,T1212
6396,T1029,T1213
6397,T1029,T1218.002
6398,T1029,T1219
6399,T1029,T1220
6400,T1029,T1221
6401,T1029,T1480
6402,T1029,T1482
6403,T1029,T1485
6404,T1029,T1486
6405,T1029,T1489
6406,T1029,T1490
6407,T1029,T1491
6408,T1029,T1495
6409,T1029,T1496
6410,T1029,T1498
6411,T1029,T1499
6412,T1029,T1505
6413,T1029,T1505.002
6414,T1029,T1518
6415,T1029,T1529
6416,T1029,T1531
6417,T1029,T1539
6418,T1029,T1542
6419,T1029,T1542.003
6420,T1029,T1543
6421,T1029,T1543.003
6422,T1029,T1552.003
6423,T1029,T1555.005
6424,T1029,T1559.001
6425,T1029,T1562
6426,T1029,T1565
6427,T1029,T1573
6428,T1029,T1573.001
6429,T1029,T1589.002
6430,T1029,T1590.005
6431,T1029,T1593.001
6432,T1029,T1601
6433,T1029,T1601.001
6434,T1029,T1669
6435,T1029,T1684
6436,T1030,T1031
6437,T1030,T1032
6438,T1030,T1033
6439,T1030,T1034
6440,T1030,T1036
6441,T1030,T1038
6442,T1030,T1039
6443,T1030,T1040
6444,T1030,T1041
6445,T1030,T1043
6446,T1030,T1044
6447,T1030,T1047
6448,T1030,T1048
6449,T1030,T1049
6450,T1030,T1050
6451,T1030,T1051
6452,T1030,T1052
6453,T1030,T1053.005
6454,T1030,T1055
6455,T1030,T1056
6456,T1030,T1057
6457,T1030,T1058
6458,T1030,T1059.005
6459,T1030,T1059.007
6460,T1030,T1061
6461,T1030,T1062
6462,T1030,T1065
6463,T1030,T1068
6464,T1030,T1069
6465,T1030,T1070
6466,T1030,T1070.004
6467,T1030,T1071
6468,T1030,T1071.001
6469,T1030,T1071.004
6470,T1030,T1074
6471,T1030,T1077
6472,T1030,T1078
6473,T1030,T1078.003
6474,T1030,T1079
6475,T1030,T1080
6476,T1030,T1082
6477,T1030,T1083
6478,T1030,T1087
6479,T1030,T1089
6480,T1030,T1091
6481,T1030,T1092
6482,T1030,T1094
6483,T1030,T1095
6484,T1030,T1098
6485,T1030,T1102
6486,T1030,T1104
6487,T1030,T1108
6488,T1030,T1110
6489,T1030,T1110.003
6490,T1030,T1112
6491,T1030,T1113
6492,T1030,T1114
6493,T1030,T1115
6494,T1030,T1119
6495,T1030,T1120
6496,T1030,T1123
6497,T1030,T1124
6498,T1030,T1125
6499,T1030,T1132
6500,T1030,T1133
6501,T1030,T1134
6502,T1030,T1135
6503,T1030,T1136
6504,T1030,T1137
6505,T1030,T1139
6506,T1030,T1140
6507,T1030,T1141
6508,T1030,T1148
6509,T1030,T1149
6510,T1030,T1162
6511,T1030,T1163
6512,T1030,T1168
6513,T1030,T1171
6514,T1030,T1175
6515,T1030,T1176.001
6516,T1030,T1187
6517,T1030,T1190
6518,T1030,T1195
6519,T1030,T1196
6520,T1030,T1197
6521,T1030,T1199
6522,T1030,T1200
6523,T1030,T1201
6524,T1030,T1202
6525,T1030,T1203
6526,T1030,T1204
6527,T1030,T1204.002
6528,T1030,T1205.001
6529,T1030,T1206
6530,T1030,T1210
6531,T1030,T1212
6532,T1030,T1213
6533,T1030,T1218.002
6534,T1030,T1219
6535,T1030,T1220
6536,T1030,T1221
6537,T1030,T1480
6538,T1030,T1482
6539,T1030,T1485
6540,T1030,T1486
6541,T1030,T1489
6542,T1030,T1490
6543,T1030,T1491
6544,T1030,T1495
6545,T1030,T1496
6546,T1030,T1498
6547,T1030,T1499
6548,T1030,T1505
6549,T1030,T1505.002
6550,T1030,T1518
6551,T1030,T1529
6552,T1030,T1531
6553,T1030,T1539
6554,T1030,T1543
6555,T1030,T1543.003
6556,T1030,T1546
6557,T1030,T1546.003
6558,T1030,T1552.003
6559,T1030,T1555.005
6560,T1030,T1559.001
6561,T1030,T1565
6562,T1030,T1567
6563,T1030,T1574
6564,T1030,T1574.002
6565,T1030,T1590.005
6566,T1030,T1593.001
6567,T1030,T1684
6568,T1031,T1032
6569,T1031,T1033
6570,T1031,T1034
6571,T1031,T1035
6572,T1031,T1036
6573,T1031,T1038
6574,T1031,T1039
6575,T1031,T1040
6576,T1031,T1041
6577,T1031,T1043
6578,T1031,T1044
6579,T1031,T1047
6580,T1031,T1048
6581,T1031,T1049
6582,T1031,T1050
6583,T1031,T1051
6584,T1031,T1052
6585,T1031,T1053
6586,T1031,T1053.005
6587,T1031,T1054
6588,T1031,T1055
6589,T1031,T1056
6590,T1031,T1056.001
6591,T1031,T1057
6592,T1031,T1058
6593,T1031,T1059
6594,T1031,T1059.005
6595,T1031,T1059.007
6596,T1031,T1060
6597,T1031,T1061
6598,T1031,T1062
6599,T1031,T1064
6600,T1031,T1065
6601,T1031,T1068
6602,T1031,T1069
6603,T1031,T1069.002
6604,T1031,T1070
6605,T1031,T1071
6606,T1031,T1073
6607,T1031,T1074
6608,T1031,T1077
6609,T1031,T1078
6610,T1031,T1078.003
6611,T1031,T1079
6612,T1031,T1080
6613,T1031,T1081
6614,T1031,T1082
6615,T1031,T1083
6616,T1031,T1086
6617,T1031,T1087
6618,T1031,T1089
6619,T1031,T1090
6620,T1031,T1091
6621,T1031,T1092
6622,T1031,T1094
6623,T1031,T1095
6624,T1031,T1098
6625,T1031,T1100
6626,T1031,T1102
6627,T1031,T1104
6628,T1031,T1105
6629,T1031,T1107
6630,T1031,T1108
6631,T1031,T1110
6632,T1031,T1110.003
6633,T1031,T1112
6634,T1031,T1113
6635,T1031,T1114
6636,T1031,T1115
6637,T1031,T1116
6638,T1031,T1119
6639,T1031,T1120
6640,T1031,T1123
6641,T1031,T1124
6642,T1031,T1125
6643,T1031,T1132
6644,T1031,T1133
6645,T1031,T1134
6646,T1031,T1135
6647,T1031,T1136
6648,T1031,T1137
6649,T1031,T1139
6650,T1031,T1140
6651,T1031,T1141
6652,T1031,T1145
6653,T1031,T1146
6654,T1031,T1148
6655,T1031,T1149
6656,T1031,T1162
6657,T1031,T1163
6658,T1031,T1165
6659,T1031,T1168
6660,T1031,T1171
6661,T1031,T1175
6662,T1031,T1176.001
6663,T1031,T1187
6664,T1031,T1189
6665,T1031,T1190
6666,T1031,T1195
6667,T1031,T1196
6668,T1031,T1197
6669,T1031,T1199
6670,T1031,T1200
6671,T1031,T1201
6672,T1031,T1202
6673,T1031,T1203
6674,T1031,T1204
6675,T1031,T1204.002
6676,T1031,T1205.001
6677,T1031,T1206
6678,T1031,T1210
6679,T1031,T1212
6680,T1031,T1213
6681,T1031,T1213.001
6682,T1031,T1213.002
6683,T1031,T1218.002
6684,T1031,T1219
6685,T1031,T1220
6686,T1031,T1221
6687,T1031,T1480
6688,T1031,T1482
6689,T1031,T1483
6690,T1031,T1485
6691,T1031,T1486
6692,T1031,T1487
6693,T1031,T1489
6694,T1031,T1490
6695,T1031,T1491
6696,T1031,T1495
6697,T1031,T1496
6698,T1031,T1498
6699,T1031,T1499
6700,T1031,T1505
6701,T1031,T1505.002
6702,T1031,T1518
6703,T1031,T1529
6704,T1031,T1531
6705,T1031,T1539
6706,T1031,T1543.003
6707,T1031,T1552.003
6708,T1031,T1555.005
6709,T1031,T1559.001
6710,T1031,T1565
6711,T1031,T1569
6712,T1031,T1590.005
6713,T1031,T1593.001
6714,T1031,T1684
6715,T1032,T1033
6716,T1032,T1034
6717,T1032,T1035
6718,T1032,T1036
6719,T1032,T1038
6720,T1032,T1039
6721,T1032,T1040
6722,T1032,T1041
6723,T1032,T1043
6724,T1032,T1044
6725,T1032,T1047
6726,T1032,T1048
6727,T1032,T1049
6728,T1032,T1050
6729,T1032,T1051
6730,T1032,T1052
6731,T1032,T1053
6732,T1032,T1053.005
6733,T1032,T1054
6734,T1032,T1055
6735,T1032,T1056
6736,T1032,T1056.001
6737,T1032,T1057
6738,T1032,T1058
6739,T1032,T1059
6740,T1032,T1059.003
6741,T1032,T1059.005
6742,T1032,T1059.007
6743,T1032,T1060
6744,T1032,T1061
6745,T1032,T1062
6746,T1032,T1063
6747,T1032,T1064
6748,T1032,T1065
6749,T1032,T1068
6750,T1032,T1069
6751,T1032,T1070
6752,T1032,T1071
6753,T1032,T1071.001
6754,T1032,T1073
6755,T1032,T1074
6756,T1032,T1077
6757,T1032,T1078
6758,T1032,T1078.003
6759,T1032,T1079
6760,T1032,T1080
6761,T1032,T1081
6762,T1032,T1082
6763,T1032,T1083
6764,T1032,T1086
6765,T1032,T1087
6766,T1032,T1088
6767,T1032,T1089
6768,T1032,T1090
6769,T1032,T1091
6770,T1032,T1092
6771,T1032,T1094
6772,T1032,T1095
6773,T1032,T1098
6774,T1032,T1100
6775,T1032,T1102
6776,T1032,T1103
6777,T1032,T1104
6778,T1032,T1105
6779,T1032,T1106
6780,T1032,T1107
6781,T1032,T1108
6782,T1032,T1110
6783,T1032,T1110.003
6784,T1032,T1112
6785,T1032,T1113
6786,T1032,T1114
6787,T1032,T1115
6788,T1032,T1116
6789,T1032,T1117
6790,T1032,T1119
6791,T1032,T1120
6792,T1032,T1123
6793,T1032,T1124
6794,T1032,T1125
6795,T1032,T1129
6796,T1032,T1132
6797,T1032,T1133
6798,T1032,T1134
6799,T1032,T1135
6800,T1032,T1136
6801,T1032,T1137
6802,T1032,T1139
6803,T1032,T1140
6804,T1032,T1141
6805,T1032,T1143
6806,T1032,T1145
6807,T1032,T1146
6808,T1032,T1148
6809,T1032,T1149
6810,T1032,T1162
6811,T1032,T1163
6812,T1032,T1165
6813,T1032,T1168
6814,T1032,T1171
6815,T1032,T1175
6816,T1032,T1176.001
6817,T1032,T1187
6818,T1032,T1190
6819,T1032,T1191
6820,T1032,T1195
6821,T1032,T1196
6822,T1032,T1197
6823,T1032,T1199
6824,T1032,T1200
6825,T1032,T1201
6826,T1032,T1202
6827,T1032,T1203
6828,T1032,T1204
6829,T1032,T1204.002
6830,T1032,T1205.001
6831,T1032,T1206
6832,T1032,T1210
6833,T1032,T1212
6834,T1032,T1213
6835,T1032,T1213.001
6836,T1032,T1218.002
6837,T1032,T1219
6838,T1032,T1220
6839,T1032,T1221
6840,T1032,T1480
6841,T1032,T1482
6842,T1032,T1483
6843,T1032,T1485
6844,T1032,T1486
6845,T1032,T1487
6846,T1032,T1489
6847,T1032,T1490
6848,T1032,T1491
6849,T1032,T1495
6850,T1032,T1496
6851,T1032,T1497
6852,T1032,T1498
6853,T1032,T1499
6854,T1032,T1503
6855,T1032,T1505
6856,T1032,T1505.002
6857,T1032,T1518
6858,T1032,T1529
6859,T1032,T1531
6860,T1032,T1539
6861,T1032,T1543.003
6862,T1032,T1552.003
6863,T1032,T1555.005
6864,T1032,T1559.001
6865,T1032,T1565
6866,T1032,T1566
6867,T1032,T1569
6868,T1032,T1574
6869,T1032,T1587
6870,T1032,T1587.001
6871,T1032,T1587.002
6872,T1032,T1589.002
6873,T1032,T1590.005
6874,T1032,T1593.001
6875,T1032,T1684
6876,T1033,T1034
6877,T1033,T1036
6878,T1033,T1036.004
6879,T1033,T1036.005
6880,T1033,T1038
6881,T1033,T1039
6882,T1033,T1040
6883,T1033,T1041
6884,T1033,T1043
6885,T1033,T1044
6886,T1033,T1046
6887,T1033,T1047
6888,T1033,T1048
6889,T1033,T1049
6890,T1033,T1050
6891,T1033,T1051
6892,T1033,T1052
6893,T1033,T1053
6894,T1033,T1053.005
6895,T1033,T1055
6896,T1033,T1055.001
6897,T1033,T1055.002
6898,T1033,T1055.003
6899,T1033,T1055.012
6900,T1033,T1056
6901,T1033,T1056.001
6902,T1033,T1056.003
6903,T1033,T1057
6904,T1033,T1058
6905,T1033,T1059
6906,T1033,T1059.001
6907,T1033,T1059.003
6908,T1033,T1059.004
6909,T1033,T1059.005
6910,T1033,T1059.006
6911,T1033,T1059.007
6912,T1033,T1059.009
6913,T1033,T1061
6914,T1033,T1062
6915,T1033,T1065
6916,T1033,T1068
6917,T1033,T1069
6918,T1033,T1069.001
6919,T1033,T1069.002
6920,T1033,T1070
6921,T1033,T1070.001
6922,T1033,T1070.004
6923,T1033,T1070.005
6924,T1033,T1070.009
6925,T1033,T1071
6926,T1033,T1071.001
6927,T1033,T1071.002
6928,T1033,T1074
6929,T1033,T1074.001
6930,T1033,T1074.002
6931,T1033,T1075
6932,T1033,T1077
6933,T1033,T1078
6934,T1033,T1078.001
6935,T1033,T1078.002
6936,T1033,T1078.003
6937,T1033,T1079
6938,T1033,T1080
6939,T1033,T1082
6940,T1033,T1083
6941,T1033,T1086
6942,T1033,T1087
6943,T1033,T1087.001
6944,T1033,T1087.002
6945,T1033,T1087.003
6946,T1033,T1089
6947,T1033,T1090.001
6948,T1033,T1090.002
6949,T1033,T1091
6950,T1033,T1092
6951,T1033,T1094
6952,T1033,T1095
6953,T1033,T1098
6954,T1033,T1098.004
6955,T1033,T1102
6956,T1033,T1102.001
6957,T1033,T1102.002
6958,T1033,T1104
6959,T1033,T1105
6960,T1033,T1106
6961,T1033,T1108
6962,T1033,T1110
6963,T1033,T1110.003
6964,T1033,T1110.004
6965,T1033,T1112
6966,T1033,T1113
6967,T1033,T1114
6968,T1033,T1114.001
6969,T1033,T1114.002
6970,T1033,T1115
6971,T1033,T1119
6972,T1033,T1120
6973,T1033,T1123
6974,T1033,T1124
6975,T1033,T1125
6976,T1033,T1132
6977,T1033,T1132.001
6978,T1033,T1132.002
6979,T1033,T1133
6980,T1033,T1134
6981,T1033,T1134.001
6982,T1033,T1134.004
6983,T1033,T1135
6984,T1033,T1136
6985,T1033,T1136.001
6986,T1033,T1136.002
6987,T1033,T1137
6988,T1033,T1137.001
6989,T1033,T1139
6990,T1033,T1140
6991,T1033,T1141
6992,T1033,T1148
6993,T1033,T1149
6994,T1033,T1162
6995,T1033,T1163
6996,T1033,T1168
6997,T1033,T1171
6998,T1033,T1175
6999,T1033,T1176.001
7000,T1033,T1187
7001,T1033,T1189
7002,T1033,T1190
7003,T1033,T1195
7004,T1033,T1196
7005,T1033,T1197
7006,T1033,T1199
7007,T1033,T1200
7008,T1033,T1201
7009,T1033,T1202
7010,T1033,T1203
7011,T1033,T1204
7012,T1033,T1204.001
7013,T1033,T1204.002
7014,T1033,T1204.005
7015,T1033,T1205
7016,T1033,T1205.001
7017,T1033,T1206
7018,T1033,T1210
7019,T1033,T1212
7020,T1033,T1213
7021,T1033,T1213.002
7022,T1033,T1216.002
7023,T1033,T1218.002
7024,T1033,T1218.003
7025,T1033,T1218.004
7026,T1033,T1218.005
7027,T1033,T1218.011
7028,T1033,T1219
7029,T1033,T1220
7030,T1033,T1221
7031,T1033,T1222
7032,T1033,T1222.001
7033,T1033,T1480
7034,T1033,T1482
7035,T1033,T1485
7036,T1033,T1486
7037,T1033,T1489
7038,T1033,T1490
7039,T1033,T1491
7040,T1033,T1495
7041,T1033,T1496
7042,T1033,T1497
7043,T1033,T1497.001
7044,T1033,T1498
7045,T1033,T1499
7046,T1033,T1505
7047,T1033,T1505.002
7048,T1033,T1505.003
7049,T1033,T1518
7050,T1033,T1518.001
7051,T1033,T1529
7052,T1033,T1531
7053,T1033,T1539
7054,T1033,T1543
7055,T1033,T1543.003
7056,T1033,T1546
7057,T1033,T1546.001
7058,T1033,T1546.003
7059,T1033,T1546.008
7060,T1033,T1546.012
7061,T1033,T1546.015
7062,T1033,T1547
7063,T1033,T1547.001
7064,T1033,T1547.004
7065,T1033,T1548
7066,T1033,T1548.002
7067,T1033,T1550
7068,T1033,T1550.002
7069,T1033,T1552
7070,T1033,T1552.001
7071,T1033,T1552.003
7072,T1033,T1553
7073,T1033,T1553.002
7074,T1033,T1555
7075,T1033,T1555.003
7076,T1033,T1555.004
7077,T1033,T1555.005
7078,T1033,T1556.006
7079,T1033,T1558
7080,T1033,T1558.001
7081,T1033,T1559
7082,T1033,T1559.001
7083,T1033,T1559.002
7084,T1033,T1560
7085,T1033,T1560.001
7086,T1033,T1560.003
7087,T1033,T1562
7088,T1033,T1562.001
7089,T1033,T1562.004
7090,T1033,T1564
7091,T1033,T1564.001
7092,T1033,T1564.003
7093,T1033,T1564.014
7094,T1033,T1565
7095,T1033,T1566
7096,T1033,T1566.001
7097,T1033,T1566.002
7098,T1033,T1567
7099,T1033,T1567.002
7100,T1033,T1569
7101,T1033,T1569.002
7102,T1033,T1570
7103,T1033,T1571
7104,T1033,T1572
7105,T1033,T1573
7106,T1033,T1573.001
7107,T1033,T1573.002
7108,T1033,T1574
7109,T1033,T1574.001
7110,T1033,T1574.002
7111,T1033,T1574.012
7112,T1033,T1583
7113,T1033,T1583.001
7114,T1033,T1583.003
7115,T1033,T1583.006
7116,T1033,T1584
7117,T1033,T1584.004
7118,T1033,T1584.008
7119,T1033,T1585
7120,T1033,T1585.003
7121,T1033,T1587
7122,T1033,T1587.001
7123,T1033,T1587.003
7124,T1033,T1588
7125,T1033,T1588.001
7126,T1033,T1588.002
7127,T1033,T1588.003
7128,T1033,T1589.002
7129,T1033,T1590
7130,T1033,T1590.005
7131,T1033,T1593.001
7132,T1033,T1595
7133,T1033,T1608
7134,T1033,T1608.001
7135,T1033,T1608.002
7136,T1033,T1608.003
7137,T1033,T1608.004
7138,T1033,T1608.005
7139,T1033,T1615
7140,T1033,T1620
7141,T1033,T1684
7142,T1034,T1035
7143,T1034,T1036
7144,T1034,T1038
7145,T1034,T1039
7146,T1034,T1040
7147,T1034,T1041
7148,T1034,T1043
7149,T1034,T1044
7150,T1034,T1047
7151,T1034,T1048
7152,T1034,T1049
7153,T1034,T1050
7154,T1034,T1051
7155,T1034,T1052
7156,T1034,T1053
7157,T1034,T1053.005
7158,T1034,T1054
7159,T1034,T1055
7160,T1034,T1056
7161,T1034,T1056.001
7162,T1034,T1057
7163,T1034,T1058
7164,T1034,T1059.005
7165,T1034,T1059.007
7166,T1034,T1060
7167,T1034,T1061
7168,T1034,T1062
7169,T1034,T1064
7170,T1034,T1065
7171,T1034,T1068
7172,T1034,T1069
7173,T1034,T1070
7174,T1034,T1071
7175,T1034,T1073
7176,T1034,T1074
7177,T1034,T1077
7178,T1034,T1078
7179,T1034,T1078.003
7180,T1034,T1079
7181,T1034,T1080
7182,T1034,T1081
7183,T1034,T1082
7184,T1034,T1083
7185,T1034,T1086
7186,T1034,T1087
7187,T1034,T1089
7188,T1034,T1090
7189,T1034,T1091
7190,T1034,T1092
7191,T1034,T1094
7192,T1034,T1095
7193,T1034,T1098
7194,T1034,T1100
7195,T1034,T1102
7196,T1034,T1104
7197,T1034,T1105
7198,T1034,T1107
7199,T1034,T1108
7200,T1034,T1110
7201,T1034,T1110.003
7202,T1034,T1112
7203,T1034,T1113
7204,T1034,T1114
7205,T1034,T1115
7206,T1034,T1116
7207,T1034,T1119
7208,T1034,T1120
7209,T1034,T1123
7210,T1034,T1124
7211,T1034,T1125
7212,T1034,T1132
7213,T1034,T1133
7214,T1034,T1134
7215,T1034,T1135
7216,T1034,T1136
7217,T1034,T1137
7218,T1034,T1139
7219,T1034,T1140
7220,T1034,T1141
7221,T1034,T1145
7222,T1034,T1146
7223,T1034,T1148
7224,T1034,T1149
7225,T1034,T1162
7226,T1034,T1163
7227,T1034,T1165
7228,T1034,T1168
7229,T1034,T1171
7230,T1034,T1175
7231,T1034,T1176.001
7232,T1034,T1187
7233,T1034,T1189
7234,T1034,T1190
7235,T1034,T1195
7236,T1034,T1196
7237,T1034,T1197
7238,T1034,T1199
7239,T1034,T1200
7240,T1034,T1201
7241,T1034,T1202
7242,T1034,T1203
7243,T1034,T1204
7244,T1034,T1204.002
7245,T1034,T1205.001
7246,T1034,T1206
7247,T1034,T1210
7248,T1034,T1212
7249,T1034,T1213
7250,T1034,T1213.001
7251,T1034,T1213.002
7252,T1034,T1218.002
7253,T1034,T1219
7254,T1034,T1220
7255,T1034,T1221
7256,T1034,T1480
7257,T1034,T1482
7258,T1034,T1483
7259,T1034,T1485
7260,T1034,T1486
7261,T1034,T1487
7262,T1034,T1489
7263,T1034,T1490
7264,T1034,T1491
7265,T1034,T1495
7266,T1034,T1496
7267,T1034,T1498
7268,T1034,T1499
7269,T1034,T1505
7270,T1034,T1505.002
7271,T1034,T1518
7272,T1034,T1529
7273,T1034,T1531
7274,T1034,T1539
7275,T1034,T1543.003
7276,T1034,T1552.003
7277,T1034,T1555.005
7278,T1034,T1559.001
7279,T1034,T1565
7280,T1034,T1569
7281,T1034,T1590.005
7282,T1034,T1593.001
7283,T1034,T1684
7284,T1035,T1036
7285,T1035,T1038
7286,T1035,T1040
7287,T1035,T1041
7288,T1035,T1043
7289,T1035,T1047
7290,T1035,T1048
7291,T1035,T1049
7292,T1035,T1050
7293,T1035,T1053
7294,T1035,T1053.005
7295,T1035,T1055
7296,T1035,T1056
7297,T1035,T1056.001
7298,T1035,T1057
7299,T1035,T1058
7300,T1035,T1059
7301,T1035,T1059.007
7302,T1035,T1060
7303,T1035,T1063
7304,T1035,T1064
7305,T1035,T1065
7306,T1035,T1069
7307,T1035,T1069.002
7308,T1035,T1070
7309,T1035,T1071
7310,T1035,T1074
7311,T1035,T1077
7312,T1035,T1079
7313,T1035,T1081
7314,T1035,T1082
7315,T1035,T1083
7316,T1035,T1085
7317,T1035,T1086
7318,T1035,T1087
7319,T1035,T1088
7320,T1035,T1089
7321,T1035,T1098
7322,T1035,T1099
7323,T1035,T1102
7324,T1035,T1105
7325,T1035,T1106
7326,T1035,T1107
7327,T1035,T1108
7328,T1035,T1110
7329,T1035,T1112
7330,T1035,T1113
7331,T1035,T1115
7332,T1035,T1119
7333,T1035,T1123
7334,T1035,T1124
7335,T1035,T1125
7336,T1035,T1129
7337,T1035,T1133
7338,T1035,T1134
7339,T1035,T1135
7340,T1035,T1136
7341,T1035,T1139
7342,T1035,T1140
7343,T1035,T1143
7344,T1035,T1168
7345,T1035,T1188
7346,T1035,T1190
7347,T1035,T1199
7348,T1035,T1201
7349,T1035,T1202
7350,T1035,T1204
7351,T1035,T1204.002
7352,T1035,T1213.002
7353,T1035,T1218.002
7354,T1035,T1219
7355,T1035,T1480
7356,T1035,T1482
7357,T1035,T1486
7358,T1035,T1497
7359,T1035,T1518
7360,T1035,T1543.003
7361,T1035,T1590.005
7362,T1036,T1036.002
7363,T1036,T1036.003
7364,T1036,T1036.004
7365,T1036,T1036.005
7366,T1036,T1036.007
7367,T1036,T1037
7368,T1036,T1038
7369,T1036,T1039
7370,T1036,T1040
7371,T1036,T1041
7372,T1036,T1043
7373,T1036,T1044
7374,T1036,T1047
7375,T1036,T1048
7376,T1036,T1049
7377,T1036,T1050
7378,T1036,T1051
7379,T1036,T1052
7380,T1036,T1053
7381,T1036,T1053.005
7382,T1036,T1055
7383,T1036,T1055.004
7384,T1036,T1056
7385,T1036,T1056.001
7386,T1036,T1057
7387,T1036,T1058
7388,T1036,T1059
7389,T1036,T1059.001
7390,T1036,T1059.003
7391,T1036,T1059.005
7392,T1036,T1059.007
7393,T1036,T1060
7394,T1036,T1061
7395,T1036,T1062
7396,T1036,T1064
7397,T1036,T1065
7398,T1036,T1068
7399,T1036,T1069
7400,T1036,T1070
7401,T1036,T1070.004
7402,T1036,T1071
7403,T1036,T1071.001
7404,T1036,T1071.002
7405,T1036,T1072
7406,T1036,T1074
7407,T1036,T1074.001
7408,T1036,T1074.002
7409,T1036,T1077
7410,T1036,T1078
7411,T1036,T1078.002
7412,T1036,T1078.003
7413,T1036,T1079
7414,T1036,T1080
7415,T1036,T1082
7416,T1036,T1083
7417,T1036,T1086
7418,T1036,T1087
7419,T1036,T1087.003
7420,T1036,T1088
7421,T1036,T1089
7422,T1036,T1090
7423,T1036,T1091
7424,T1036,T1092
7425,T1036,T1094
7426,T1036,T1095
7427,T1036,T1098
7428,T1036,T1098.004
7429,T1036,T1102
7430,T1036,T1102.002
7431,T1036,T1103
7432,T1036,T1104
7433,T1036,T1105
7434,T1036,T1106
7435,T1036,T1107
7436,T1036,T1108
7437,T1036,T1110
7438,T1036,T1110.003
7439,T1036,T1110.004
7440,T1036,T1112
7441,T1036,T1113
7442,T1036,T1114
7443,T1036,T1114.001
7444,T1036,T1115
7445,T1036,T1116
7446,T1036,T1119
7447,T1036,T1120
7448,T1036,T1123
7449,T1036,T1124
7450,T1036,T1125
7451,T1036,T1132
7452,T1036,T1132.001
7453,T1036,T1133
7454,T1036,T1134
7455,T1036,T1135
7456,T1036,T1136
7457,T1036,T1137
7458,T1036,T1139
7459,T1036,T1140
7460,T1036,T1141
7461,T1036,T1148
7462,T1036,T1149
7463,T1036,T1158
7464,T1036,T1162
7465,T1036,T1163
7466,T1036,T1168
7467,T1036,T1171
7468,T1036,T1175
7469,T1036,T1176.001
7470,T1036,T1187
7471,T1036,T1189
7472,T1036,T1190
7473,T1036,T1193
7474,T1036,T1195
7475,T1036,T1196
7476,T1036,T1197
7477,T1036,T1199
7478,T1036,T1200
7479,T1036,T1201
7480,T1036,T1202
7481,T1036,T1203
7482,T1036,T1204
7483,T1036,T1204.001
7484,T1036,T1204.002
7485,T1036,T1204.003
7486,T1036,T1205.001
7487,T1036,T1206
7488,T1036,T1210
7489,T1036,T1212
7490,T1036,T1213
7491,T1036,T1213.002
7492,T1036,T1213.005
7493,T1036,T1218
7494,T1036,T1218.002
7495,T1036,T1218.005
7496,T1036,T1218.011
7497,T1036,T1218.013
7498,T1036,T1219
7499,T1036,T1219.002
7500,T1036,T1220
7501,T1036,T1221
7502,T1036,T1222
7503,T1036,T1480
7504,T1036,T1482
7505,T1036,T1485
7506,T1036,T1486
7507,T1036,T1489
7508,T1036,T1490
7509,T1036,T1491
7510,T1036,T1495
7511,T1036,T1496
7512,T1036,T1498
7513,T1036,T1499
7514,T1036,T1505
7515,T1036,T1505.002
7516,T1036,T1505.003
7517,T1036,T1518
7518,T1036,T1529
7519,T1036,T1531
7520,T1036,T1539
7521,T1036,T1542
7522,T1036,T1542.003
7523,T1036,T1543
7524,T1036,T1543.003
7525,T1036,T1547
7526,T1036,T1547.001
7527,T1036,T1548
7528,T1036,T1548.002
7529,T1036,T1550
7530,T1036,T1552.003
7531,T1036,T1555.005
7532,T1036,T1556.006
7533,T1036,T1556.009
7534,T1036,T1559.001
7535,T1036,T1560
7536,T1036,T1560.001
7537,T1036,T1562
7538,T1036,T1562.001
7539,T1036,T1564.001
7540,T1036,T1565
7541,T1036,T1566
7542,T1036,T1566.001
7543,T1036,T1567
7544,T1036,T1569
7545,T1036,T1569.002
7546,T1036,T1570
7547,T1036,T1572
7548,T1036,T1573
7549,T1036,T1573.001
7550,T1036,T1573.002
7551,T1036,T1574
7552,T1036,T1574.001
7553,T1036,T1574.002
7554,T1036,T1583
7555,T1036,T1583.001
7556,T1036,T1583.004
7557,T1036,T1583.008
7558,T1036,T1584.008
7559,T1036,T1587
7560,T1036,T1587.001
7561,T1036,T1587.002
7562,T1036,T1588.007
7563,T1036,T1589.002
7564,T1036,T1590.005
7565,T1036,T1593.001
7566,T1036,T1593.002
7567,T1036,T1601
7568,T1036,T1601.001
7569,T1036,T1608.001
7570,T1036,T1669
7571,T1036,T1684
7572,T1036.002,T1050
7573,T1036.002,T1053
7574,T1036.002,T1053.005
7575,T1036.002,T1055
7576,T1036.002,T1056.001
7577,T1036.002,T1059
7578,T1036.002,T1060
7579,T1036.002,T1064
7580,T1036.002,T1072
7581,T1036.002,T1077
7582,T1036.002,T1082
7583,T1036.002,T1083
7584,T1036.002,T1087
7585,T1036.002,T1088
7586,T1036.002,T1089
7587,T1036.002,T1105
7588,T1036.002,T1107
7589,T1036.002,T1113
7590,T1036.002,T1123
7591,T1036.002,T1125
7592,T1036.002,T1140
7593,T1036.002,T1193
7594,T1036.002,T1195
7595,T1036.002,T1203
7596,T1036.002,T1204
7597,T1036.002,T1204.002
7598,T1036.002,T1204.003
7599,T1036.002,T1218
7600,T1036.002,T1218.002
7601,T1036.002,T1518
7602,T1036.002,T1543.003
7603,T1036.002,T1583.008
7604,T1036.002,T1584.008
7605,T1036.002,T1589.002
7606,T1036.002,T1590.005
7607,T1036.002,T1684
7608,T1036.003,T1038
7609,T1036.003,T1050
7610,T1036.003,T1053
7611,T1036.003,T1055.004
7612,T1036.003,T1056
7613,T1036.003,T1056.001
7614,T1036.003,T1057
7615,T1036.003,T1059
7616,T1036.003,T1059.001
7617,T1036.003,T1059.007
7618,T1036.003,T1071
7619,T1036.003,T1071.001
7620,T1036.003,T1074
7621,T1036.003,T1074.001
7622,T1036.003,T1098.004
7623,T1036.003,T1104
7624,T1036.003,T1105
7625,T1036.003,T1112
7626,T1036.003,T1113
7627,T1036.003,T1119
7628,T1036.003,T1218
7629,T1036.003,T1218.002
7630,T1036.003,T1218.005
7631,T1036.003,T1218.011
7632,T1036.003,T1542
7633,T1036.003,T1542.003
7634,T1036.003,T1543
7635,T1036.003,T1543.003
7636,T1036.003,T1562
7637,T1036.003,T1569
7638,T1036.003,T1569.002
7639,T1036.003,T1573
7640,T1036.003,T1573.001
7641,T1036.003,T1590.005
7642,T1036.003,T1601
7643,T1036.003,T1601.001
7644,T1036.004,T1036.005
7645,T1036.004,T1038
7646,T1036.004,T1041
7647,T1036.004,T1046
7648,T1036.004,T1047
7649,T1036.004,T1049
7650,T1036.004,T1050
7651,T1036.004,T1053
7652,T1036.004,T1053.005
7653,T1036.004,T1055
7654,T1036.004,T1055.001
7655,T1036.004,T1055.012
7656,T1036.004,T1057
7657,T1036.004,T1059
7658,T1036.004,T1059.001
7659,T1036.004,T1059.003
7660,T1036.004,T1059.009
7661,T1036.004,T1069
7662,T1036.004,T1069.001
7663,T1036.004,T1069.002
7664,T1036.004,T1070
7665,T1036.004,T1070.001
7666,T1036.004,T1070.004
7667,T1036.004,T1070.005
7668,T1036.004,T1070.009
7669,T1036.004,T1071
7670,T1036.004,T1071.001
7671,T1036.004,T1071.002
7672,T1036.004,T1074
7673,T1036.004,T1074.001
7674,T1036.004,T1077
7675,T1036.004,T1078
7676,T1036.004,T1078.002
7677,T1036.004,T1078.003
7678,T1036.004,T1080
7679,T1036.004,T1082
7680,T1036.004,T1083
7681,T1036.004,T1087
7682,T1036.004,T1091
7683,T1036.004,T1098
7684,T1036.004,T1098.004
7685,T1036.004,T1102
7686,T1036.004,T1102.002
7687,T1036.004,T1105
7688,T1036.004,T1112
7689,T1036.004,T1119
7690,T1036.004,T1120
7691,T1036.004,T1124
7692,T1036.004,T1135
7693,T1036.004,T1136
7694,T1036.004,T1136.002
7695,T1036.004,T1140
7696,T1036.004,T1190
7697,T1036.004,T1197
7698,T1036.004,T1204
7699,T1036.004,T1204.002
7700,T1036.004,T1204.005
7701,T1036.004,T1216.002
7702,T1036.004,T1218.011
7703,T1036.004,T1219
7704,T1036.004,T1482
7705,T1036.004,T1486
7706,T1036.004,T1496
7707,T1036.004,T1505
7708,T1036.004,T1505.003
7709,T1036.004,T1518
7710,T1036.004,T1518.001
7711,T1036.004,T1543
7712,T1036.004,T1543.003
7713,T1036.004,T1546
7714,T1036.004,T1546.003
7715,T1036.004,T1546.008
7716,T1036.004,T1546.012
7717,T1036.004,T1546.015
7718,T1036.004,T1547
7719,T1036.004,T1548
7720,T1036.004,T1548.002
7721,T1036.004,T1550.002
7722,T1036.004,T1552
7723,T1036.004,T1552.001
7724,T1036.004,T1555
7725,T1036.004,T1555.003
7726,T1036.004,T1559.001
7727,T1036.004,T1560
7728,T1036.004,T1560.001
7729,T1036.004,T1562
7730,T1036.004,T1562.001
7731,T1036.004,T1566
7732,T1036.004,T1566.001
7733,T1036.004,T1567
7734,T1036.004,T1567.002
7735,T1036.004,T1569
7736,T1036.004,T1569.002
7737,T1036.004,T1570
7738,T1036.004,T1571
7739,T1036.004,T1572
7740,T1036.004,T1574
7741,T1036.004,T1574.001
7742,T1036.004,T1574.002
7743,T1036.004,T1584.008
7744,T1036.004,T1589.002
7745,T1036.004,T1590.005
7746,T1036.004,T1595
7747,T1036.004,T1608.001
7748,T1036.004,T1615
7749,T1036.005,T1038
7750,T1036.005,T1039
7751,T1036.005,T1041
7752,T1036.005,T1046
7753,T1036.005,T1047
7754,T1036.005,T1048
7755,T1036.005,T1049
7756,T1036.005,T1050
7757,T1036.005,T1053
7758,T1036.005,T1053.005
7759,T1036.005,T1055
7760,T1036.005,T1055.001
7761,T1036.005,T1055.012
7762,T1036.005,T1057
7763,T1036.005,T1059
7764,T1036.005,T1059.001
7765,T1036.005,T1059.003
7766,T1036.005,T1059.005
7767,T1036.005,T1059.006
7768,T1036.005,T1059.007
7769,T1036.005,T1059.009
7770,T1036.005,T1069
7771,T1036.005,T1069.001
7772,T1036.005,T1069.002
7773,T1036.005,T1070
7774,T1036.005,T1070.001
7775,T1036.005,T1070.004
7776,T1036.005,T1070.005
7777,T1036.005,T1070.009
7778,T1036.005,T1071
7779,T1036.005,T1071.001
7780,T1036.005,T1071.002
7781,T1036.005,T1077
7782,T1036.005,T1078
7783,T1036.005,T1078.002
7784,T1036.005,T1078.003
7785,T1036.005,T1080
7786,T1036.005,T1082
7787,T1036.005,T1083
7788,T1036.005,T1087
7789,T1036.005,T1087.002
7790,T1036.005,T1090.002
7791,T1036.005,T1091
7792,T1036.005,T1098
7793,T1036.005,T1098.004
7794,T1036.005,T1102
7795,T1036.005,T1102.002
7796,T1036.005,T1104
7797,T1036.005,T1105
7798,T1036.005,T1111
7799,T1036.005,T1112
7800,T1036.005,T1113
7801,T1036.005,T1119
7802,T1036.005,T1124
7803,T1036.005,T1132.001
7804,T1036.005,T1133
7805,T1036.005,T1134
7806,T1036.005,T1134.001
7807,T1036.005,T1135
7808,T1036.005,T1136
7809,T1036.005,T1136.002
7810,T1036.005,T1137.001
7811,T1036.005,T1140
7812,T1036.005,T1190
7813,T1036.005,T1197
7814,T1036.005,T1204
7815,T1036.005,T1204.002
7816,T1036.005,T1204.005
7817,T1036.005,T1216.002
7818,T1036.005,T1218.003
7819,T1036.005,T1218.005
7820,T1036.005,T1218.011
7821,T1036.005,T1219
7822,T1036.005,T1480
7823,T1036.005,T1482
7824,T1036.005,T1486
7825,T1036.005,T1496
7826,T1036.005,T1505
7827,T1036.005,T1505.003
7828,T1036.005,T1518
7829,T1036.005,T1518.001
7830,T1036.005,T1543
7831,T1036.005,T1543.003
7832,T1036.005,T1546
7833,T1036.005,T1546.003
7834,T1036.005,T1546.008
7835,T1036.005,T1546.012
7836,T1036.005,T1546.015
7837,T1036.005,T1547.001
7838,T1036.005,T1548
7839,T1036.005,T1548.002
7840,T1036.005,T1550.002
7841,T1036.005,T1552
7842,T1036.005,T1552.001
7843,T1036.005,T1554
7844,T1036.005,T1555
7845,T1036.005,T1555.003
7846,T1036.005,T1556.004
7847,T1036.005,T1556.006
7848,T1036.005,T1559
7849,T1036.005,T1559.001
7850,T1036.005,T1559.002
7851,T1036.005,T1560
7852,T1036.005,T1560.001
7853,T1036.005,T1562
7854,T1036.005,T1562.001
7855,T1036.005,T1566
7856,T1036.005,T1566.001
7857,T1036.005,T1567
7858,T1036.005,T1567.002
7859,T1036.005,T1569
7860,T1036.005,T1569.002
7861,T1036.005,T1570
7862,T1036.005,T1571
7863,T1036.005,T1572
7864,T1036.005,T1574
7865,T1036.005,T1574.001
7866,T1036.005,T1574.002
7867,T1036.005,T1583
7868,T1036.005,T1583.001
7869,T1036.005,T1583.004
7870,T1036.005,T1583.006
7871,T1036.005,T1584.008
7872,T1036.005,T1588
7873,T1036.005,T1588.002
7874,T1036.005,T1589.002
7875,T1036.005,T1590.005
7876,T1036.005,T1592.004
7877,T1036.005,T1595
7878,T1036.005,T1615
7879,T1036.007,T1132
7880,T1036.007,T1132.001
7881,T1036.007,T1140
7882,T1036.007,T1204
7883,T1036.007,T1547
7884,T1036.007,T1573
7885,T1036.007,T1573.001
7886,T1037,T1053
7887,T1037,T1053.005
7888,T1037,T1056
7889,T1037,T1056.001
7890,T1037,T1070
7891,T1037,T1070.004
7892,T1037,T1071
7893,T1037,T1095
7894,T1037,T1112
7895,T1037,T1113
7896,T1037,T1123
7897,T1037,T1125
7898,T1037,T1132
7899,T1037,T1132.001
7900,T1037,T1140
7901,T1037,T1204.001
7902,T1037,T1547.001
7903,T1037,T1548
7904,T1037,T1548.002
7905,T1037,T1562
7906,T1037,T1562.001
7907,T1037,T1573
7908,T1037,T1573.001
7909,T1037,T1590.005
7910,T1038,T1039
7911,T1038,T1040
7912,T1038,T1041
7913,T1038,T1043
7914,T1038,T1044
7915,T1038,T1046
7916,T1038,T1047
7917,T1038,T1048
7918,T1038,T1049
7919,T1038,T1050
7920,T1038,T1051
7921,T1038,T1052
7922,T1038,T1053
7923,T1038,T1053.005
7924,T1038,T1054
7925,T1038,T1055
7926,T1038,T1055.001
7927,T1038,T1055.012
7928,T1038,T1056
7929,T1038,T1056.001
7930,T1038,T1057
7931,T1038,T1058
7932,T1038,T1059
7933,T1038,T1059.001
7934,T1038,T1059.003
7935,T1038,T1059.005
7936,T1038,T1059.007
7937,T1038,T1059.009
7938,T1038,T1060
7939,T1038,T1061
7940,T1038,T1062
7941,T1038,T1063
7942,T1038,T1064
7943,T1038,T1065
7944,T1038,T1068
7945,T1038,T1069
7946,T1038,T1069.001
7947,T1038,T1069.002
7948,T1038,T1070
7949,T1038,T1070.001
7950,T1038,T1070.004
7951,T1038,T1070.005
7952,T1038,T1070.009
7953,T1038,T1071
7954,T1038,T1071.001
7955,T1038,T1071.002
7956,T1038,T1073
7957,T1038,T1074
7958,T1038,T1074.001
7959,T1038,T1077
7960,T1038,T1078
7961,T1038,T1078.001
7962,T1038,T1078.002
7963,T1038,T1078.003
7964,T1038,T1079
7965,T1038,T1080
7966,T1038,T1081
7967,T1038,T1082
7968,T1038,T1083
7969,T1038,T1086
7970,T1038,T1087
7971,T1038,T1088
7972,T1038,T1089
7973,T1038,T1090
7974,T1038,T1091
7975,T1038,T1092
7976,T1038,T1094
7977,T1038,T1095
7978,T1038,T1098
7979,T1038,T1098.004
7980,T1038,T1100
7981,T1038,T1102
7982,T1038,T1102.002
7983,T1038,T1104
7984,T1038,T1105
7985,T1038,T1106
7986,T1038,T1107
7987,T1038,T1108
7988,T1038,T1110
7989,T1038,T1110.003
7990,T1038,T1112
7991,T1038,T1113
7992,T1038,T1114
7993,T1038,T1115
7994,T1038,T1116
7995,T1038,T1117
7996,T1038,T1119
7997,T1038,T1120
7998,T1038,T1123
7999,T1038,T1124
8000,T1038,T1125
8001,T1038,T1129
8002,T1038,T1132
8003,T1038,T1132.001
8004,T1038,T1133
8005,T1038,T1134
8006,T1038,T1134.002
8007,T1038,T1135
8008,T1038,T1136
8009,T1038,T1136.002
8010,T1038,T1137
8011,T1038,T1139
8012,T1038,T1140
8013,T1038,T1141
8014,T1038,T1143
8015,T1038,T1145
8016,T1038,T1146
8017,T1038,T1148
8018,T1038,T1149
8019,T1038,T1162
8020,T1038,T1163
8021,T1038,T1165
8022,T1038,T1168
8023,T1038,T1171
8024,T1038,T1175
8025,T1038,T1176.001
8026,T1038,T1187
8027,T1038,T1189
8028,T1038,T1190
8029,T1038,T1191
8030,T1038,T1193
8031,T1038,T1195
8032,T1038,T1196
8033,T1038,T1197
8034,T1038,T1199
8035,T1038,T1200
8036,T1038,T1201
8037,T1038,T1202
8038,T1038,T1203
8039,T1038,T1204
8040,T1038,T1204.002
8041,T1038,T1204.005
8042,T1038,T1205.001
8043,T1038,T1206
8044,T1038,T1210
8045,T1038,T1212
8046,T1038,T1213
8047,T1038,T1213.001
8048,T1038,T1213.002
8049,T1038,T1216.002
8050,T1038,T1218
8051,T1038,T1218.002
8052,T1038,T1218.005
8053,T1038,T1218.011
8054,T1038,T1219
8055,T1038,T1220
8056,T1038,T1221
8057,T1038,T1480
8058,T1038,T1482
8059,T1038,T1483
8060,T1038,T1485
8061,T1038,T1486
8062,T1038,T1487
8063,T1038,T1489
8064,T1038,T1490
8065,T1038,T1491
8066,T1038,T1495
8067,T1038,T1496
8068,T1038,T1497
8069,T1038,T1498
8070,T1038,T1499
8071,T1038,T1503
8072,T1038,T1505
8073,T1038,T1505.002
8074,T1038,T1505.003
8075,T1038,T1518
8076,T1038,T1518.001
8077,T1038,T1528
8078,T1038,T1529
8079,T1038,T1531
8080,T1038,T1539
8081,T1038,T1543
8082,T1038,T1543.003
8083,T1038,T1546
8084,T1038,T1546.003
8085,T1038,T1546.008
8086,T1038,T1546.012
8087,T1038,T1546.015
8088,T1038,T1547
8089,T1038,T1547.001
8090,T1038,T1547.012
8091,T1038,T1548
8092,T1038,T1548.002
8093,T1038,T1550.002
8094,T1038,T1552
8095,T1038,T1552.001
8096,T1038,T1552.003
8097,T1038,T1555
8098,T1038,T1555.003
8099,T1038,T1555.005
8100,T1038,T1556.009
8101,T1038,T1559.001
8102,T1038,T1560
8103,T1038,T1560.001
8104,T1038,T1562
8105,T1038,T1562.001
8106,T1038,T1564
8107,T1038,T1564.001
8108,T1038,T1564.003
8109,T1038,T1565
8110,T1038,T1566
8111,T1038,T1566.001
8112,T1038,T1567
8113,T1038,T1567.002
8114,T1038,T1569
8115,T1038,T1569.002
8116,T1038,T1570
8117,T1038,T1571
8118,T1038,T1572
8119,T1038,T1573
8120,T1038,T1573.001
8121,T1038,T1574
8122,T1038,T1574.001
8123,T1038,T1574.002
8124,T1038,T1583
8125,T1038,T1583.001
8126,T1038,T1584.008
8127,T1038,T1587
8128,T1038,T1587.001
8129,T1038,T1587.002
8130,T1038,T1588
8131,T1038,T1588.006
8132,T1038,T1590.005
8133,T1038,T1593.001
8134,T1038,T1593.002
8135,T1038,T1595
8136,T1038,T1595.002
8137,T1038,T1608
8138,T1038,T1608.001
8139,T1038,T1610
8140,T1038,T1614
8141,T1038,T1615
8142,T1038,T1684
8143,T1039,T1040
8144,T1039,T1041
8145,T1039,T1043
8146,T1039,T1044
8147,T1039,T1047
8148,T1039,T1048
8149,T1039,T1049
8150,T1039,T1050
8151,T1039,T1051
8152,T1039,T1052
8153,T1039,T1053
8154,T1039,T1053.005
8155,T1039,T1055
8156,T1039,T1055.001
8157,T1039,T1055.002
8158,T1039,T1055.003
8159,T1039,T1056
8160,T1039,T1056.001
8161,T1039,T1056.003
8162,T1039,T1057
8163,T1039,T1058
8164,T1039,T1059
8165,T1039,T1059.001
8166,T1039,T1059.003
8167,T1039,T1059.004
8168,T1039,T1059.005
8169,T1039,T1059.007
8170,T1039,T1060
8171,T1039,T1061
8172,T1039,T1062
8173,T1039,T1064
8174,T1039,T1065
8175,T1039,T1068
8176,T1039,T1069
8177,T1039,T1069.002
8178,T1039,T1070
8179,T1039,T1070.004
8180,T1039,T1071
8181,T1039,T1071.001
8182,T1039,T1072
8183,T1039,T1074
8184,T1039,T1074.001
8185,T1039,T1074.002
8186,T1039,T1077
8187,T1039,T1078
8188,T1039,T1078.001
8189,T1039,T1078.002
8190,T1039,T1078.003
8191,T1039,T1079
8192,T1039,T1080
8193,T1039,T1082
8194,T1039,T1083
8195,T1039,T1085
8196,T1039,T1086
8197,T1039,T1087
8198,T1039,T1087.003
8199,T1039,T1089
8200,T1039,T1090.001
8201,T1039,T1091
8202,T1039,T1092
8203,T1039,T1094
8204,T1039,T1095
8205,T1039,T1098
8206,T1039,T1098.004
8207,T1039,T1102
8208,T1039,T1102.002
8209,T1039,T1103
8210,T1039,T1104
8211,T1039,T1105
8212,T1039,T1106
8213,T1039,T1107
8214,T1039,T1108
8215,T1039,T1110
8216,T1039,T1110.003
8217,T1039,T1110.004
8218,T1039,T1112
8219,T1039,T1113
8220,T1039,T1114
8221,T1039,T1114.001
8222,T1039,T1114.002
8223,T1039,T1115
8224,T1039,T1116
8225,T1039,T1119
8226,T1039,T1120
8227,T1039,T1123
8228,T1039,T1124
8229,T1039,T1125
8230,T1039,T1129
8231,T1039,T1132
8232,T1039,T1132.001
8233,T1039,T1133
8234,T1039,T1134
8235,T1039,T1135
8236,T1039,T1136
8237,T1039,T1137
8238,T1039,T1139
8239,T1039,T1140
8240,T1039,T1141
8241,T1039,T1148
8242,T1039,T1149
8243,T1039,T1162
8244,T1039,T1163
8245,T1039,T1168
8246,T1039,T1171
8247,T1039,T1175
8248,T1039,T1176.001
8249,T1039,T1187
8250,T1039,T1189
8251,T1039,T1190
8252,T1039,T1195
8253,T1039,T1196
8254,T1039,T1197
8255,T1039,T1199
8256,T1039,T1200
8257,T1039,T1201
8258,T1039,T1202
8259,T1039,T1203
8260,T1039,T1204
8261,T1039,T1204.002
8262,T1039,T1205.001
8263,T1039,T1206
8264,T1039,T1210
8265,T1039,T1212
8266,T1039,T1213
8267,T1039,T1213.002
8268,T1039,T1213.003
8269,T1039,T1218.002
8270,T1039,T1219
8271,T1039,T1220
8272,T1039,T1221
8273,T1039,T1480
8274,T1039,T1482
8275,T1039,T1485
8276,T1039,T1486
8277,T1039,T1489
8278,T1039,T1490
8279,T1039,T1491
8280,T1039,T1495
8281,T1039,T1496
8282,T1039,T1498
8283,T1039,T1499
8284,T1039,T1500
8285,T1039,T1505
8286,T1039,T1505.002
8287,T1039,T1518
8288,T1039,T1528
8289,T1039,T1529
8290,T1039,T1531
8291,T1039,T1534
8292,T1039,T1539
8293,T1039,T1543
8294,T1039,T1543.003
8295,T1039,T1547.012
8296,T1039,T1548
8297,T1039,T1550
8298,T1039,T1552.003
8299,T1039,T1555
8300,T1039,T1555.004
8301,T1039,T1555.005
8302,T1039,T1558
8303,T1039,T1558.001
8304,T1039,T1559.001
8305,T1039,T1560
8306,T1039,T1560.001
8307,T1039,T1560.003
8308,T1039,T1562
8309,T1039,T1564
8310,T1039,T1564.001
8311,T1039,T1564.003
8312,T1039,T1565
8313,T1039,T1566.001
8314,T1039,T1567
8315,T1039,T1569
8316,T1039,T1570
8317,T1039,T1571
8318,T1039,T1572
8319,T1039,T1573
8320,T1039,T1573.001
8321,T1039,T1573.002
8322,T1039,T1574
8323,T1039,T1574.012
8324,T1039,T1583
8325,T1039,T1583.001
8326,T1039,T1583.004
8327,T1039,T1588
8328,T1039,T1588.006
8329,T1039,T1589.002
8330,T1039,T1590.005
8331,T1039,T1593.001
8332,T1039,T1595.002
8333,T1039,T1608
8334,T1039,T1608.001
8335,T1039,T1610
8336,T1039,T1614
8337,T1039,T1684
8338,T1040,T1043
8339,T1040,T1044
8340,T1040,T1046
8341,T1040,T1047
8342,T1040,T1048
8343,T1040,T1049
8344,T1040,T1050
8345,T1040,T1052
8346,T1040,T1053
8347,T1040,T1053.005
8348,T1040,T1055
8349,T1040,T1056
8350,T1040,T1056.001
8351,T1040,T1057
8352,T1040,T1058
8353,T1040,T1059.003
8354,T1040,T1059.005
8355,T1040,T1059.007
8356,T1040,T1062
8357,T1040,T1064
8358,T1040,T1065
8359,T1040,T1068
8360,T1040,T1069
8361,T1040,T1070
8362,T1040,T1070.004
8363,T1040,T1071
8364,T1040,T1074
8365,T1040,T1077
8366,T1040,T1078
8367,T1040,T1079
8368,T1040,T1082
8369,T1040,T1083
8370,T1040,T1086
8371,T1040,T1087
8372,T1040,T1089
8373,T1040,T1092
8374,T1040,T1094
8375,T1040,T1095
8376,T1040,T1098
8377,T1040,T1102
8378,T1040,T1104
8379,T1040,T1108
8380,T1040,T1110
8381,T1040,T1112
8382,T1040,T1113
8383,T1040,T1114
8384,T1040,T1115
8385,T1040,T1119
8386,T1040,T1120
8387,T1040,T1123
8388,T1040,T1124
8389,T1040,T1125
8390,T1040,T1132
8391,T1040,T1133
8392,T1040,T1134
8393,T1040,T1135
8394,T1040,T1136
8395,T1040,T1137
8396,T1040,T1139
8397,T1040,T1140
8398,T1040,T1141
8399,T1040,T1148
8400,T1040,T1149
8401,T1040,T1162
8402,T1040,T1163
8403,T1040,T1168
8404,T1040,T1176.001
8405,T1040,T1185
8406,T1040,T1187
8407,T1040,T1189
8408,T1040,T1190
8409,T1040,T1196
8410,T1040,T1197
8411,T1040,T1199
8412,T1040,T1201
8413,T1040,T1202
8414,T1040,T1204.002
8415,T1040,T1205.001
8416,T1040,T1206
8417,T1040,T1212
8418,T1040,T1213
8419,T1040,T1213.002
8420,T1040,T1218.002
8421,T1040,T1218.005
8422,T1040,T1219
8423,T1040,T1219.002
8424,T1040,T1220
8425,T1040,T1221
8426,T1040,T1482
8427,T1040,T1486
8428,T1040,T1491
8429,T1040,T1497
8430,T1040,T1505
8431,T1040,T1518
8432,T1040,T1543
8433,T1040,T1543.003
8434,T1040,T1547
8435,T1040,T1547.001
8436,T1040,T1548
8437,T1040,T1550
8438,T1040,T1550.002
8439,T1040,T1555.005
8440,T1040,T1556.006
8441,T1040,T1559.001
8442,T1040,T1560
8443,T1040,T1562
8444,T1040,T1562.004
8445,T1040,T1566.002
8446,T1040,T1572
8447,T1040,T1573
8448,T1040,T1573.001
8449,T1040,T1583.008
8450,T1040,T1589.002
8451,T1040,T1590.005
8452,T1040,T1593.001
8453,T1040,T1608.003
8454,T1040,T1684
8455,T1041,T1043
8456,T1041,T1046
8457,T1041,T1047
8458,T1041,T1048
8459,T1041,T1049
8460,T1041,T1050
8461,T1041,T1053
8462,T1041,T1053.005
8463,T1041,T1054
8464,T1041,T1055
8465,T1041,T1055.001
8466,T1041,T1055.002
8467,T1041,T1055.012
8468,T1041,T1056
8469,T1041,T1056.001
8470,T1041,T1057
8471,T1041,T1059
8472,T1041,T1059.001
8473,T1041,T1059.003
8474,T1041,T1059.004
8475,T1041,T1059.005
8476,T1041,T1059.006
8477,T1041,T1059.007
8478,T1041,T1059.009
8479,T1041,T1060
8480,T1041,T1061
8481,T1041,T1063
8482,T1041,T1064
8483,T1041,T1065
8484,T1041,T1068
8485,T1041,T1069
8486,T1041,T1069.001
8487,T1041,T1069.002
8488,T1041,T1070
8489,T1041,T1070.001
8490,T1041,T1070.004
8491,T1041,T1070.005
8492,T1041,T1070.009
8493,T1041,T1071
8494,T1041,T1071.001
8495,T1041,T1071.002
8496,T1041,T1071.004
8497,T1041,T1073
8498,T1041,T1074
8499,T1041,T1074.001
8500,T1041,T1074.002
8501,T1041,T1077
8502,T1041,T1078
8503,T1041,T1078.001
8504,T1041,T1078.002
8505,T1041,T1078.003
8506,T1041,T1080
8507,T1041,T1081
8508,T1041,T1082
8509,T1041,T1083
8510,T1041,T1085
8511,T1041,T1086
8512,T1041,T1087
8513,T1041,T1087.002
8514,T1041,T1088
8515,T1041,T1089
8516,T1041,T1090
8517,T1041,T1090.002
8518,T1041,T1090.003
8519,T1041,T1091
8520,T1041,T1094
8521,T1041,T1095
8522,T1041,T1098
8523,T1041,T1098.004
8524,T1041,T1099
8525,T1041,T1100
8526,T1041,T1102
8527,T1041,T1102.002
8528,T1041,T1103
8529,T1041,T1104
8530,T1041,T1105
8531,T1041,T1106
8532,T1041,T1107
8533,T1041,T1108
8534,T1041,T1110
8535,T1041,T1112
8536,T1041,T1113
8537,T1041,T1114
8538,T1041,T1115
8539,T1041,T1116
8540,T1041,T1117
8541,T1041,T1119
8542,T1041,T1123
8543,T1041,T1124
8544,T1041,T1125
8545,T1041,T1132
8546,T1041,T1132.001
8547,T1041,T1133
8548,T1041,T1134
8549,T1041,T1134.001
8550,T1041,T1134.004
8551,T1041,T1135
8552,T1041,T1136
8553,T1041,T1136.002
8554,T1041,T1137.001
8555,T1041,T1139
8556,T1041,T1140
8557,T1041,T1143
8558,T1041,T1145
8559,T1041,T1146
8560,T1041,T1165
8561,T1041,T1189
8562,T1041,T1190
8563,T1041,T1191
8564,T1041,T1197
8565,T1041,T1202
8566,T1041,T1203
8567,T1041,T1204
8568,T1041,T1204.001
8569,T1041,T1204.002
8570,T1041,T1204.005
8571,T1041,T1205
8572,T1041,T1213
8573,T1041,T1213.001
8574,T1041,T1216.002
8575,T1041,T1218.002
8576,T1041,T1218.003
8577,T1041,T1218.005
8578,T1041,T1218.011
8579,T1041,T1219
8580,T1041,T1222
8581,T1041,T1222.001
8582,T1041,T1480
8583,T1041,T1482
8584,T1041,T1483
8585,T1041,T1486
8586,T1041,T1487
8587,T1041,T1496
8588,T1041,T1497
8589,T1041,T1503
8590,T1041,T1505
8591,T1041,T1505.003
8592,T1041,T1518
8593,T1041,T1518.001
8594,T1041,T1539
8595,T1041,T1543
8596,T1041,T1543.003
8597,T1041,T1546
8598,T1041,T1546.001
8599,T1041,T1546.003
8600,T1041,T1546.008
8601,T1041,T1546.012
8602,T1041,T1546.015
8603,T1041,T1547
8604,T1041,T1547.001
8605,T1041,T1547.004
8606,T1041,T1548
8607,T1041,T1548.002
8608,T1041,T1550.002
8609,T1041,T1552
8610,T1041,T1552.001
8611,T1041,T1555
8612,T1041,T1555.003
8613,T1041,T1556.006
8614,T1041,T1559
8615,T1041,T1559.001
8616,T1041,T1559.002
8617,T1041,T1560
8618,T1041,T1560.001
8619,T1041,T1562
8620,T1041,T1562.001
8621,T1041,T1564
8622,T1041,T1564.001
8623,T1041,T1564.003
8624,T1041,T1566
8625,T1041,T1566.001
8626,T1041,T1566.002
8627,T1041,T1567
8628,T1041,T1567.002
8629,T1041,T1569
8630,T1041,T1569.002
8631,T1041,T1570
8632,T1041,T1571
8633,T1041,T1572
8634,T1041,T1573
8635,T1041,T1573.001
8636,T1041,T1574
8637,T1041,T1574.001
8638,T1041,T1574.002
8639,T1041,T1583
8640,T1041,T1583.001
8641,T1041,T1583.006
8642,T1041,T1584.008
8643,T1041,T1587
8644,T1041,T1587.001
8645,T1041,T1587.002
8646,T1041,T1588
8647,T1041,T1588.002
8648,T1041,T1588.006
8649,T1041,T1588.007
8650,T1041,T1589
8651,T1041,T1589.001
8652,T1041,T1589.002
8653,T1041,T1590.005
8654,T1041,T1595
8655,T1041,T1608
8656,T1041,T1608.001
8657,T1041,T1614
8658,T1041,T1615
8659,T1041,T1684
8660,T1043,T1044
8661,T1043,T1046
8662,T1043,T1047
8663,T1043,T1048
8664,T1043,T1049
8665,T1043,T1050
8666,T1043,T1051
8667,T1043,T1052
8668,T1043,T1053
8669,T1043,T1053.005
8670,T1043,T1054
8671,T1043,T1055
8672,T1043,T1056
8673,T1043,T1056.001
8674,T1043,T1057
8675,T1043,T1058
8676,T1043,T1059
8677,T1043,T1059.003
8678,T1043,T1059.005
8679,T1043,T1059.007
8680,T1043,T1060
8681,T1043,T1061
8682,T1043,T1062
8683,T1043,T1063
8684,T1043,T1064
8685,T1043,T1065
8686,T1043,T1068
8687,T1043,T1069
8688,T1043,T1069.002
8689,T1043,T1070
8690,T1043,T1071
8691,T1043,T1071.001
8692,T1043,T1073
8693,T1043,T1074
8694,T1043,T1077
8695,T1043,T1078
8696,T1043,T1078.003
8697,T1043,T1079
8698,T1043,T1080
8699,T1043,T1081
8700,T1043,T1082
8701,T1043,T1083
8702,T1043,T1085
8703,T1043,T1086
8704,T1043,T1087
8705,T1043,T1088
8706,T1043,T1089
8707,T1043,T1090
8708,T1043,T1091
8709,T1043,T1092
8710,T1043,T1094
8711,T1043,T1095
8712,T1043,T1098
8713,T1043,T1099
8714,T1043,T1100
8715,T1043,T1102
8716,T1043,T1102.003
8717,T1043,T1103
8718,T1043,T1104
8719,T1043,T1105
8720,T1043,T1106
8721,T1043,T1107
8722,T1043,T1108
8723,T1043,T1110
8724,T1043,T1110.003
8725,T1043,T1112
8726,T1043,T1113
8727,T1043,T1114
8728,T1043,T1115
8729,T1043,T1116
8730,T1043,T1117
8731,T1043,T1119
8732,T1043,T1120
8733,T1043,T1122
8734,T1043,T1123
8735,T1043,T1124
8736,T1043,T1125
8737,T1043,T1129
8738,T1043,T1132
8739,T1043,T1133
8740,T1043,T1134
8741,T1043,T1135
8742,T1043,T1136
8743,T1043,T1137
8744,T1043,T1139
8745,T1043,T1140
8746,T1043,T1141
8747,T1043,T1143
8748,T1043,T1145
8749,T1043,T1146
8750,T1043,T1148
8751,T1043,T1149
8752,T1043,T1158
8753,T1043,T1162
8754,T1043,T1163
8755,T1043,T1165
8756,T1043,T1168
8757,T1043,T1171
8758,T1043,T1175
8759,T1043,T1176.001
8760,T1043,T1187
8761,T1043,T1188
8762,T1043,T1189
8763,T1043,T1190
8764,T1043,T1191
8765,T1043,T1192
8766,T1043,T1195
8767,T1043,T1196
8768,T1043,T1197
8769,T1043,T1199
8770,T1043,T1200
8771,T1043,T1201
8772,T1043,T1202
8773,T1043,T1203
8774,T1043,T1204
8775,T1043,T1204.002
8776,T1043,T1205.001
8777,T1043,T1206
8778,T1043,T1210
8779,T1043,T1212
8780,T1043,T1213
8781,T1043,T1213.001
8782,T1043,T1213.002
8783,T1043,T1218.002
8784,T1043,T1219
8785,T1043,T1219.002
8786,T1043,T1220
8787,T1043,T1221
8788,T1043,T1480
8789,T1043,T1482
8790,T1043,T1483
8791,T1043,T1485
8792,T1043,T1486
8793,T1043,T1487
8794,T1043,T1489
8795,T1043,T1490
8796,T1043,T1491
8797,T1043,T1495
8798,T1043,T1496
8799,T1043,T1497
8800,T1043,T1498
8801,T1043,T1499
8802,T1043,T1503
8803,T1043,T1505
8804,T1043,T1505.002
8805,T1043,T1518
8806,T1043,T1529
8807,T1043,T1531
8808,T1043,T1539
8809,T1043,T1543.003
8810,T1043,T1547.012
8811,T1043,T1552.003
8812,T1043,T1555.005
8813,T1043,T1559.001
8814,T1043,T1565
8815,T1043,T1566
8816,T1043,T1569
8817,T1043,T1574
8818,T1043,T1584.008
8819,T1043,T1587
8820,T1043,T1587.001
8821,T1043,T1587.002
8822,T1043,T1589.002
8823,T1043,T1590.005
8824,T1043,T1593.001
8825,T1043,T1593.002
8826,T1043,T1608
8827,T1043,T1669
8828,T1043,T1684
8829,T1044,T1047
8830,T1044,T1048
8831,T1044,T1049
8832,T1044,T1050
8833,T1044,T1051
8834,T1044,T1052
8835,T1044,T1053.005
8836,T1044,T1055
8837,T1044,T1056
8838,T1044,T1057
8839,T1044,T1058
8840,T1044,T1059.005
8841,T1044,T1059.007
8842,T1044,T1061
8843,T1044,T1062
8844,T1044,T1065
8845,T1044,T1068
8846,T1044,T1069
8847,T1044,T1070
8848,T1044,T1071
8849,T1044,T1074
8850,T1044,T1077
8851,T1044,T1078
8852,T1044,T1078.003
8853,T1044,T1079
8854,T1044,T1080
8855,T1044,T1082
8856,T1044,T1083
8857,T1044,T1087
8858,T1044,T1089
8859,T1044,T1091
8860,T1044,T1092
8861,T1044,T1094
8862,T1044,T1095
8863,T1044,T1098
8864,T1044,T1102
8865,T1044,T1104
8866,T1044,T1108
8867,T1044,T1110
8868,T1044,T1110.003
8869,T1044,T1112
8870,T1044,T1113
8871,T1044,T1114
8872,T1044,T1115
8873,T1044,T1119
8874,T1044,T1120
8875,T1044,T1123
8876,T1044,T1124
8877,T1044,T1125
8878,T1044,T1132
8879,T1044,T1133
8880,T1044,T1134
8881,T1044,T1135
8882,T1044,T1136
8883,T1044,T1137
8884,T1044,T1139
8885,T1044,T1140
8886,T1044,T1141
8887,T1044,T1148
8888,T1044,T1149
8889,T1044,T1162
8890,T1044,T1163
8891,T1044,T1168
8892,T1044,T1171
8893,T1044,T1175
8894,T1044,T1176.001
8895,T1044,T1187
8896,T1044,T1189
8897,T1044,T1190
8898,T1044,T1195
8899,T1044,T1196
8900,T1044,T1197
8901,T1044,T1199
8902,T1044,T1200
8903,T1044,T1201
8904,T1044,T1202
8905,T1044,T1203
8906,T1044,T1204
8907,T1044,T1204.002
8908,T1044,T1205.001
8909,T1044,T1206
8910,T1044,T1210
8911,T1044,T1212
8912,T1044,T1213
8913,T1044,T1218.002
8914,T1044,T1219
8915,T1044,T1220
8916,T1044,T1221
8917,T1044,T1480
8918,T1044,T1482
8919,T1044,T1485
8920,T1044,T1486
8921,T1044,T1489
8922,T1044,T1490
8923,T1044,T1491
8924,T1044,T1495
8925,T1044,T1496
8926,T1044,T1498
8927,T1044,T1499
8928,T1044,T1505
8929,T1044,T1505.002
8930,T1044,T1518
8931,T1044,T1529
8932,T1044,T1531
8933,T1044,T1539
8934,T1044,T1543.003
8935,T1044,T1552.003
8936,T1044,T1555.005
8937,T1044,T1559.001
8938,T1044,T1565
8939,T1044,T1590.005
8940,T1044,T1593.001
8941,T1044,T1684
8942,T1046,T1047
8943,T1046,T1049
8944,T1046,T1050
8945,T1046,T1053
8946,T1046,T1053.005
8947,T1046,T1055
8948,T1046,T1055.001
8949,T1046,T1055.012
8950,T1046,T1057
8951,T1046,T1059
8952,T1046,T1059.001
8953,T1046,T1059.003
8954,T1046,T1059.009
8955,T1046,T1065
8956,T1046,T1068
8957,T1046,T1069
8958,T1046,T1069.001
8959,T1046,T1069.002
8960,T1046,T1070
8961,T1046,T1070.001
8962,T1046,T1070.004
8963,T1046,T1070.005
8964,T1046,T1070.006
8965,T1046,T1070.009
8966,T1046,T1071
8967,T1046,T1071.002
8968,T1046,T1071.004
8969,T1046,T1074
8970,T1046,T1076
8971,T1046,T1077
8972,T1046,T1078
8973,T1046,T1078.002
8974,T1046,T1078.003
8975,T1046,T1080
8976,T1046,T1081
8977,T1046,T1082
8978,T1046,T1083
8979,T1046,T1087
8980,T1046,T1087.002
8981,T1046,T1090
8982,T1046,T1091
8983,T1046,T1094
8984,T1046,T1098
8985,T1046,T1098.004
8986,T1046,T1100
8987,T1046,T1102
8988,T1046,T1105
8989,T1046,T1110.003
8990,T1046,T1112
8991,T1046,T1114
8992,T1046,T1119
8993,T1046,T1124
8994,T1046,T1132
8995,T1046,T1132.001
8996,T1046,T1133
8997,T1046,T1134
8998,T1046,T1135
8999,T1046,T1136
9000,T1046,T1136.002
9001,T1046,T1140
9002,T1046,T1190
9003,T1046,T1197
9004,T1046,T1204.002
9005,T1046,T1204.005
9006,T1046,T1210
9007,T1046,T1213
9008,T1046,T1216.002
9009,T1046,T1218.011
9010,T1046,T1219
9011,T1046,T1482
9012,T1046,T1486
9013,T1046,T1496
9014,T1046,T1497
9015,T1046,T1505
9016,T1046,T1505.003
9017,T1046,T1518
9018,T1046,T1518.001
9019,T1046,T1543
9020,T1046,T1543.003
9021,T1046,T1546
9022,T1046,T1546.003
9023,T1046,T1546.008
9024,T1046,T1546.012
9025,T1046,T1546.015
9026,T1046,T1547
9027,T1046,T1547.001
9028,T1046,T1548
9029,T1046,T1548.002
9030,T1046,T1550
9031,T1046,T1550.002
9032,T1046,T1552
9033,T1046,T1552.001
9034,T1046,T1555
9035,T1046,T1555.003
9036,T1046,T1556
9037,T1046,T1556.006
9038,T1046,T1556.008
9039,T1046,T1558
9040,T1046,T1558.001
9041,T1046,T1559.001
9042,T1046,T1560
9043,T1046,T1560.001
9044,T1046,T1562
9045,T1046,T1562.001
9046,T1046,T1562.004
9047,T1046,T1564.001
9048,T1046,T1566
9049,T1046,T1566.001
9050,T1046,T1567
9051,T1046,T1567.002
9052,T1046,T1569
9053,T1046,T1569.002
9054,T1046,T1570
9055,T1046,T1571
9056,T1046,T1572
9057,T1046,T1573
9058,T1046,T1573.001
9059,T1046,T1574
9060,T1046,T1574.001
9061,T1046,T1574.002
9062,T1046,T1583
9063,T1046,T1583.001
9064,T1046,T1583.002
9065,T1046,T1584.008
9066,T1046,T1587
9067,T1046,T1587.001
9068,T1046,T1590
9069,T1046,T1590.005
9070,T1046,T1595
9071,T1046,T1608.003
9072,T1046,T1615
9073,T1047,T1048
9074,T1047,T1049
9075,T1047,T1050
9076,T1047,T1051
9077,T1047,T1053
9078,T1047,T1053.005
9079,T1047,T1055
9080,T1047,T1055.001
9081,T1047,T1055.002
9082,T1047,T1055.003
9083,T1047,T1055.012
9084,T1047,T1056
9085,T1047,T1056.001
9086,T1047,T1056.003
9087,T1047,T1057
9088,T1047,T1058
9089,T1047,T1059
9090,T1047,T1059.001
9091,T1047,T1059.003
9092,T1047,T1059.004
9093,T1047,T1059.005
9094,T1047,T1059.006
9095,T1047,T1059.007
9096,T1047,T1059.009
9097,T1047,T1060
9098,T1047,T1061
9099,T1047,T1062
9100,T1047,T1063
9101,T1047,T1064
9102,T1047,T1065
9103,T1047,T1068
9104,T1047,T1069
9105,T1047,T1069.001
9106,T1047,T1069.002
9107,T1047,T1070
9108,T1047,T1070.001
9109,T1047,T1070.004
9110,T1047,T1070.005
9111,T1047,T1070.006
9112,T1047,T1070.009
9113,T1047,T1071
9114,T1047,T1071.001
9115,T1047,T1071.002
9116,T1047,T1071.004
9117,T1047,T1073
9118,T1047,T1074
9119,T1047,T1074.001
9120,T1047,T1074.002
9121,T1047,T1077
9122,T1047,T1078
9123,T1047,T1078.001
9124,T1047,T1078.002
9125,T1047,T1078.003
9126,T1047,T1079
9127,T1047,T1080
9128,T1047,T1081
9129,T1047,T1082
9130,T1047,T1083
9131,T1047,T1085
9132,T1047,T1086
9133,T1047,T1087
9134,T1047,T1087.001
9135,T1047,T1087.002
9136,T1047,T1087.003
9137,T1047,T1089
9138,T1047,T1090.001
9139,T1047,T1090.002
9140,T1047,T1091
9141,T1047,T1092
9142,T1047,T1094
9143,T1047,T1095
9144,T1047,T1096
9145,T1047,T1098
9146,T1047,T1098.004
9147,T1047,T1099
9148,T1047,T1102
9149,T1047,T1102.002
9150,T1047,T1102.003
9151,T1047,T1104
9152,T1047,T1105
9153,T1047,T1106
9154,T1047,T1107
9155,T1047,T1108
9156,T1047,T1110
9157,T1047,T1110.003
9158,T1047,T1110.004
9159,T1047,T1111
9160,T1047,T1112
9161,T1047,T1113
9162,T1047,T1114
9163,T1047,T1114.001
9164,T1047,T1114.002
9165,T1047,T1114.003
9166,T1047,T1115
9167,T1047,T1119
9168,T1047,T1120
9169,T1047,T1123
9170,T1047,T1124
9171,T1047,T1125
9172,T1047,T1129
9173,T1047,T1132
9174,T1047,T1132.001
9175,T1047,T1132.002
9176,T1047,T1133
9177,T1047,T1134
9178,T1047,T1135
9179,T1047,T1136
9180,T1047,T1136.001
9181,T1047,T1136.002
9182,T1047,T1137
9183,T1047,T1137.001
9184,T1047,T1139
9185,T1047,T1140
9186,T1047,T1141
9187,T1047,T1143
9188,T1047,T1148
9189,T1047,T1149
9190,T1047,T1162
9191,T1047,T1163
9192,T1047,T1168
9193,T1047,T1171
9194,T1047,T1175
9195,T1047,T1176.001
9196,T1047,T1187
9197,T1047,T1189
9198,T1047,T1190
9199,T1047,T1192
9200,T1047,T1193
9201,T1047,T1195
9202,T1047,T1196
9203,T1047,T1197
9204,T1047,T1199
9205,T1047,T1200
9206,T1047,T1201
9207,T1047,T1202
9208,T1047,T1203
9209,T1047,T1204
9210,T1047,T1204.001
9211,T1047,T1204.002
9212,T1047,T1204.003
9213,T1047,T1204.005
9214,T1047,T1205.001
9215,T1047,T1206
9216,T1047,T1210
9217,T1047,T1211
9218,T1047,T1212
9219,T1047,T1213
9220,T1047,T1213.002
9221,T1047,T1214
9222,T1047,T1216.002
9223,T1047,T1218.002
9224,T1047,T1218.003
9225,T1047,T1218.005
9226,T1047,T1218.011
9227,T1047,T1219
9228,T1047,T1219.002
9229,T1047,T1220
9230,T1047,T1221
9231,T1047,T1222
9232,T1047,T1222.001
9233,T1047,T1480
9234,T1047,T1482
9235,T1047,T1484.001
9236,T1047,T1485
9237,T1047,T1486
9238,T1047,T1489
9239,T1047,T1490
9240,T1047,T1491
9241,T1047,T1495
9242,T1047,T1496
9243,T1047,T1497
9244,T1047,T1498
9245,T1047,T1499
9246,T1047,T1505
9247,T1047,T1505.002
9248,T1047,T1505.003
9249,T1047,T1518
9250,T1047,T1518.001
9251,T1047,T1528
9252,T1047,T1529
9253,T1047,T1531
9254,T1047,T1534
9255,T1047,T1539
9256,T1047,T1543
9257,T1047,T1543.003
9258,T1047,T1546
9259,T1047,T1546.001
9260,T1047,T1546.003
9261,T1047,T1546.008
9262,T1047,T1546.012
9263,T1047,T1546.015
9264,T1047,T1547
9265,T1047,T1547.001
9266,T1047,T1547.004
9267,T1047,T1547.012
9268,T1047,T1547.014
9269,T1047,T1548
9270,T1047,T1548.001
9271,T1047,T1548.002
9272,T1047,T1550
9273,T1047,T1550.002
9274,T1047,T1550.003
9275,T1047,T1552
9276,T1047,T1552.001
9277,T1047,T1552.003
9278,T1047,T1555
9279,T1047,T1555.003
9280,T1047,T1555.004
9281,T1047,T1556
9282,T1047,T1556.006
9283,T1047,T1556.008
9284,T1047,T1558
9285,T1047,T1558.001
9286,T1047,T1558.003
9287,T1047,T1559
9288,T1047,T1559.001
9289,T1047,T1559.002
9290,T1047,T1560
9291,T1047,T1560.001
9292,T1047,T1560.003
9293,T1047,T1562
9294,T1047,T1562.001
9295,T1047,T1562.004
9296,T1047,T1562.007
9297,T1047,T1563
9298,T1047,T1564
9299,T1047,T1564.001
9300,T1047,T1565
9301,T1047,T1566
9302,T1047,T1566.001
9303,T1047,T1566.002
9304,T1047,T1567
9305,T1047,T1567.002
9306,T1047,T1568
9307,T1047,T1568.001
9308,T1047,T1569
9309,T1047,T1569.002
9310,T1047,T1570
9311,T1047,T1571
9312,T1047,T1572
9313,T1047,T1573
9314,T1047,T1573.001
9315,T1047,T1573.002
9316,T1047,T1574
9317,T1047,T1574.001
9318,T1047,T1574.002
9319,T1047,T1574.012
9320,T1047,T1578
9321,T1047,T1578.002
9322,T1047,T1578.003
9323,T1047,T1583
9324,T1047,T1583.001
9325,T1047,T1583.002
9326,T1047,T1583.006
9327,T1047,T1583.008
9328,T1047,T1584.008
9329,T1047,T1587
9330,T1047,T1587.001
9331,T1047,T1588
9332,T1047,T1588.002
9333,T1047,T1588.007
9334,T1047,T1589.002
9335,T1047,T1590
9336,T1047,T1590.004
9337,T1047,T1590.005
9338,T1047,T1593.001
9339,T1047,T1595
9340,T1047,T1595.002
9341,T1047,T1608.001
9342,T1047,T1608.003
9343,T1047,T1610
9344,T1047,T1615
9345,T1047,T1684
9346,T1047,T1686.001
9347,T1048,T1049
9348,T1048,T1050
9349,T1048,T1052
9350,T1048,T1053
9351,T1048,T1053.005
9352,T1048,T1055
9353,T1048,T1055.001
9354,T1048,T1055.002
9355,T1048,T1055.003
9356,T1048,T1056
9357,T1048,T1056.001
9358,T1048,T1056.003
9359,T1048,T1057
9360,T1048,T1058
9361,T1048,T1059
9362,T1048,T1059.003
9363,T1048,T1059.004
9364,T1048,T1059.005
9365,T1048,T1059.007
9366,T1048,T1060
9367,T1048,T1062
9368,T1048,T1063
9369,T1048,T1064
9370,T1048,T1065
9371,T1048,T1068
9372,T1048,T1069
9373,T1048,T1069.002
9374,T1048,T1070
9375,T1048,T1070.001
9376,T1048,T1070.004
9377,T1048,T1071
9378,T1048,T1071.001
9379,T1048,T1074
9380,T1048,T1074.001
9381,T1048,T1077
9382,T1048,T1078
9383,T1048,T1078.001
9384,T1048,T1078.003
9385,T1048,T1079
9386,T1048,T1080
9387,T1048,T1082
9388,T1048,T1083
9389,T1048,T1085
9390,T1048,T1086
9391,T1048,T1087
9392,T1048,T1087.003
9393,T1048,T1088
9394,T1048,T1089
9395,T1048,T1090
9396,T1048,T1090.001
9397,T1048,T1091
9398,T1048,T1092
9399,T1048,T1094
9400,T1048,T1095
9401,T1048,T1098
9402,T1048,T1098.004
9403,T1048,T1102
9404,T1048,T1102.002
9405,T1048,T1104
9406,T1048,T1105
9407,T1048,T1106
9408,T1048,T1107
9409,T1048,T1108
9410,T1048,T1110
9411,T1048,T1110.003
9412,T1048,T1111
9413,T1048,T1112
9414,T1048,T1113
9415,T1048,T1114
9416,T1048,T1114.002
9417,T1048,T1115
9418,T1048,T1116
9419,T1048,T1117
9420,T1048,T1119
9421,T1048,T1120
9422,T1048,T1123
9423,T1048,T1124
9424,T1048,T1125
9425,T1048,T1132
9426,T1048,T1132.001
9427,T1048,T1133
9428,T1048,T1134
9429,T1048,T1134.001
9430,T1048,T1135
9431,T1048,T1136
9432,T1048,T1137
9433,T1048,T1139
9434,T1048,T1140
9435,T1048,T1141
9436,T1048,T1143
9437,T1048,T1148
9438,T1048,T1149
9439,T1048,T1162
9440,T1048,T1163
9441,T1048,T1168
9442,T1048,T1176.001
9443,T1048,T1187
9444,T1048,T1189
9445,T1048,T1190
9446,T1048,T1191
9447,T1048,T1194
9448,T1048,T1195
9449,T1048,T1196
9450,T1048,T1197
9451,T1048,T1200
9452,T1048,T1201
9453,T1048,T1202
9454,T1048,T1204
9455,T1048,T1204.002
9456,T1048,T1205.001
9457,T1048,T1206
9458,T1048,T1210
9459,T1048,T1212
9460,T1048,T1213
9461,T1048,T1218.002
9462,T1048,T1219
9463,T1048,T1220
9464,T1048,T1221
9465,T1048,T1482
9466,T1048,T1485
9467,T1048,T1486
9468,T1048,T1497
9469,T1048,T1499
9470,T1048,T1503
9471,T1048,T1505
9472,T1048,T1505.003
9473,T1048,T1518
9474,T1048,T1531
9475,T1048,T1537
9476,T1048,T1539
9477,T1048,T1543
9478,T1048,T1543.003
9479,T1048,T1550
9480,T1048,T1554
9481,T1048,T1555.004
9482,T1048,T1555.005
9483,T1048,T1556.004
9484,T1048,T1558
9485,T1048,T1558.001
9486,T1048,T1559.001
9487,T1048,T1560
9488,T1048,T1560.003
9489,T1048,T1562
9490,T1048,T1566.001
9491,T1048,T1571
9492,T1048,T1572
9493,T1048,T1573
9494,T1048,T1573.001
9495,T1048,T1574.012
9496,T1048,T1583
9497,T1048,T1583.001
9498,T1048,T1583.004
9499,T1048,T1590.005
9500,T1048,T1592.004
9501,T1049,T1050
9502,T1049,T1051
9503,T1049,T1052
9504,T1049,T1053
9505,T1049,T1053.005
9506,T1049,T1055
9507,T1049,T1055.001
9508,T1049,T1055.002
9509,T1049,T1055.003
9510,T1049,T1055.012
9511,T1049,T1056
9512,T1049,T1056.001
9513,T1049,T1056.003
9514,T1049,T1057
9515,T1049,T1058
9516,T1049,T1059
9517,T1049,T1059.001
9518,T1049,T1059.003
9519,T1049,T1059.004
9520,T1049,T1059.005
9521,T1049,T1059.006
9522,T1049,T1059.007
9523,T1049,T1059.009
9524,T1049,T1060
9525,T1049,T1061
9526,T1049,T1062
9527,T1049,T1065
9528,T1049,T1068
9529,T1049,T1069
9530,T1049,T1069.001
9531,T1049,T1069.002
9532,T1049,T1070
9533,T1049,T1070.001
9534,T1049,T1070.004
9535,T1049,T1070.005
9536,T1049,T1070.009
9537,T1049,T1071
9538,T1049,T1071.001
9539,T1049,T1071.002
9540,T1049,T1074
9541,T1049,T1074.001
9542,T1049,T1074.002
9543,T1049,T1077
9544,T1049,T1078
9545,T1049,T1078.001
9546,T1049,T1078.002
9547,T1049,T1078.003
9548,T1049,T1079
9549,T1049,T1080
9550,T1049,T1081
9551,T1049,T1082
9552,T1049,T1083
9553,T1049,T1087
9554,T1049,T1087.002
9555,T1049,T1089
9556,T1049,T1090.001
9557,T1049,T1090.002
9558,T1049,T1091
9559,T1049,T1092
9560,T1049,T1094
9561,T1049,T1095
9562,T1049,T1098
9563,T1049,T1098.004
9564,T1049,T1102
9565,T1049,T1102.002
9566,T1049,T1104
9567,T1049,T1105
9568,T1049,T1107
9569,T1049,T1108
9570,T1049,T1110
9571,T1049,T1110.003
9572,T1049,T1110.004
9573,T1049,T1111
9574,T1049,T1112
9575,T1049,T1113
9576,T1049,T1114
9577,T1049,T1114.001
9578,T1049,T1114.002
9579,T1049,T1115
9580,T1049,T1119
9581,T1049,T1120
9582,T1049,T1123
9583,T1049,T1124
9584,T1049,T1125
9585,T1049,T1132
9586,T1049,T1132.001
9587,T1049,T1133
9588,T1049,T1134
9589,T1049,T1134.001
9590,T1049,T1135
9591,T1049,T1136
9592,T1049,T1136.002
9593,T1049,T1137
9594,T1049,T1137.001
9595,T1049,T1139
9596,T1049,T1140
9597,T1049,T1141
9598,T1049,T1148
9599,T1049,T1149
9600,T1049,T1162
9601,T1049,T1163
9602,T1049,T1168
9603,T1049,T1171
9604,T1049,T1175
9605,T1049,T1176.001
9606,T1049,T1187
9607,T1049,T1190
9608,T1049,T1192
9609,T1049,T1195
9610,T1049,T1196
9611,T1049,T1197
9612,T1049,T1199
9613,T1049,T1200
9614,T1049,T1201
9615,T1049,T1202
9616,T1049,T1203
9617,T1049,T1204
9618,T1049,T1204.002
9619,T1049,T1204.005
9620,T1049,T1205.001
9621,T1049,T1206
9622,T1049,T1210
9623,T1049,T1212
9624,T1049,T1213
9625,T1049,T1213.002
9626,T1049,T1216.002
9627,T1049,T1218.002
9628,T1049,T1218.003
9629,T1049,T1218.005
9630,T1049,T1218.011
9631,T1049,T1219
9632,T1049,T1220
9633,T1049,T1221
9634,T1049,T1480
9635,T1049,T1482
9636,T1049,T1485
9637,T1049,T1486
9638,T1049,T1489
9639,T1049,T1490
9640,T1049,T1491
9641,T1049,T1495
9642,T1049,T1496
9643,T1049,T1497
9644,T1049,T1498
9645,T1049,T1499
9646,T1049,T1505
9647,T1049,T1505.002
9648,T1049,T1505.003
9649,T1049,T1518
9650,T1049,T1518.001
9651,T1049,T1528
9652,T1049,T1529
9653,T1049,T1531
9654,T1049,T1539
9655,T1049,T1543
9656,T1049,T1543.003
9657,T1049,T1546
9658,T1049,T1546.003
9659,T1049,T1546.008
9660,T1049,T1546.012
9661,T1049,T1546.015
9662,T1049,T1547
9663,T1049,T1547.001
9664,T1049,T1547.012
9665,T1049,T1548
9666,T1049,T1548.002
9667,T1049,T1550
9668,T1049,T1550.002
9669,T1049,T1552
9670,T1049,T1552.001
9671,T1049,T1552.003
9672,T1049,T1554
9673,T1049,T1555
9674,T1049,T1555.003
9675,T1049,T1555.004
9676,T1049,T1555.005
9677,T1049,T1556.004
9678,T1049,T1556.006
9679,T1049,T1558
9680,T1049,T1558.001
9681,T1049,T1559
9682,T1049,T1559.001
9683,T1049,T1559.002
9684,T1049,T1560
9685,T1049,T1560.001
9686,T1049,T1560.003
9687,T1049,T1562
9688,T1049,T1562.001
9689,T1049,T1562.004
9690,T1049,T1564
9691,T1049,T1564.001
9692,T1049,T1565
9693,T1049,T1566
9694,T1049,T1566.001
9695,T1049,T1567
9696,T1049,T1567.002
9697,T1049,T1569
9698,T1049,T1569.002
9699,T1049,T1570
9700,T1049,T1571
9701,T1049,T1572
9702,T1049,T1573
9703,T1049,T1573.001
9704,T1049,T1573.002
9705,T1049,T1574
9706,T1049,T1574.001
9707,T1049,T1574.002
9708,T1049,T1574.012
9709,T1049,T1583.006
9710,T1049,T1584.008
9711,T1049,T1588
9712,T1049,T1588.002
9713,T1049,T1589.002
9714,T1049,T1590
9715,T1049,T1590.005
9716,T1049,T1592.004
9717,T1049,T1593.001
9718,T1049,T1595
9719,T1049,T1595.002
9720,T1049,T1608.003
9721,T1049,T1610
9722,T1049,T1615
9723,T1049,T1669
9724,T1049,T1684
9725,T1050,T1051
9726,T1050,T1052
9727,T1050,T1053
9728,T1050,T1053.005
9729,T1050,T1054
9730,T1050,T1055
9731,T1050,T1055.001
9732,T1050,T1055.002
9733,T1050,T1055.012
9734,T1050,T1056
9735,T1050,T1056.001
9736,T1050,T1057
9737,T1050,T1058
9738,T1050,T1059
9739,T1050,T1059.001
9740,T1050,T1059.003
9741,T1050,T1059.005
9742,T1050,T1059.007
9743,T1050,T1059.009
9744,T1050,T1060
9745,T1050,T1061
9746,T1050,T1062
9747,T1050,T1065
9748,T1050,T1068
9749,T1050,T1069
9750,T1050,T1069.001
9751,T1050,T1069.002
9752,T1050,T1070
9753,T1050,T1070.001
9754,T1050,T1070.004
9755,T1050,T1070.005
9756,T1050,T1070.009
9757,T1050,T1071
9758,T1050,T1071.001
9759,T1050,T1071.002
9760,T1050,T1073
9761,T1050,T1074
9762,T1050,T1077
9763,T1050,T1078
9764,T1050,T1078.002
9765,T1050,T1078.003
9766,T1050,T1079
9767,T1050,T1080
9768,T1050,T1081
9769,T1050,T1082
9770,T1050,T1083
9771,T1050,T1085
9772,T1050,T1086
9773,T1050,T1087
9774,T1050,T1087.003
9775,T1050,T1089
9776,T1050,T1090
9777,T1050,T1090.001
9778,T1050,T1091
9779,T1050,T1092
9780,T1050,T1094
9781,T1050,T1095
9782,T1050,T1098
9783,T1050,T1098.004
9784,T1050,T1100
9785,T1050,T1102
9786,T1050,T1103
9787,T1050,T1104
9788,T1050,T1105
9789,T1050,T1106
9790,T1050,T1107
9791,T1050,T1108
9792,T1050,T1110
9793,T1050,T1110.003
9794,T1050,T1112
9795,T1050,T1113
9796,T1050,T1114
9797,T1050,T1115
9798,T1050,T1116
9799,T1050,T1117
9800,T1050,T1119
9801,T1050,T1120
9802,T1050,T1123
9803,T1050,T1124
9804,T1050,T1125
9805,T1050,T1132
9806,T1050,T1133
9807,T1050,T1134
9808,T1050,T1134.001
9809,T1050,T1135
9810,T1050,T1136
9811,T1050,T1136.002
9812,T1050,T1137
9813,T1050,T1139
9814,T1050,T1140
9815,T1050,T1141
9816,T1050,T1145
9817,T1050,T1146
9818,T1050,T1148
9819,T1050,T1149
9820,T1050,T1158
9821,T1050,T1162
9822,T1050,T1163
9823,T1050,T1165
9824,T1050,T1168
9825,T1050,T1171
9826,T1050,T1175
9827,T1050,T1176.001
9828,T1050,T1187
9829,T1050,T1189
9830,T1050,T1190
9831,T1050,T1194
9832,T1050,T1195
9833,T1050,T1196
9834,T1050,T1197
9835,T1050,T1199
9836,T1050,T1200
9837,T1050,T1201
9838,T1050,T1202
9839,T1050,T1203
9840,T1050,T1204
9841,T1050,T1204.001
9842,T1050,T1204.002
9843,T1050,T1204.005
9844,T1050,T1205
9845,T1050,T1205.001
9846,T1050,T1206
9847,T1050,T1210
9848,T1050,T1212
9849,T1050,T1213
9850,T1050,T1213.001
9851,T1050,T1213.002
9852,T1050,T1216.002
9853,T1050,T1218
9854,T1050,T1218.002
9855,T1050,T1218.005
9856,T1050,T1218.011
9857,T1050,T1219
9858,T1050,T1219.002
9859,T1050,T1220
9860,T1050,T1221
9861,T1050,T1480
9862,T1050,T1482
9863,T1050,T1483
9864,T1050,T1485
9865,T1050,T1486
9866,T1050,T1487
9867,T1050,T1489
9868,T1050,T1490
9869,T1050,T1491
9870,T1050,T1495
9871,T1050,T1496
9872,T1050,T1497
9873,T1050,T1498
9874,T1050,T1499
9875,T1050,T1505
9876,T1050,T1505.002
9877,T1050,T1505.003
9878,T1050,T1518
9879,T1050,T1518.001
9880,T1050,T1529
9881,T1050,T1531
9882,T1050,T1537
9883,T1050,T1539
9884,T1050,T1543
9885,T1050,T1543.003
9886,T1050,T1546
9887,T1050,T1546.003
9888,T1050,T1546.008
9889,T1050,T1546.012
9890,T1050,T1546.015
9891,T1050,T1548
9892,T1050,T1548.002
9893,T1050,T1550.002
9894,T1050,T1552
9895,T1050,T1552.001
9896,T1050,T1552.003
9897,T1050,T1555
9898,T1050,T1555.003
9899,T1050,T1555.005
9900,T1050,T1556.006
9901,T1050,T1556.009
9902,T1050,T1559.001
9903,T1050,T1560
9904,T1050,T1560.001
9905,T1050,T1562
9906,T1050,T1562.001
9907,T1050,T1565
9908,T1050,T1566
9909,T1050,T1566.001
9910,T1050,T1567
9911,T1050,T1567.002
9912,T1050,T1569
9913,T1050,T1569.002
9914,T1050,T1570
9915,T1050,T1571
9916,T1050,T1572
9917,T1050,T1573
9918,T1050,T1573.001
9919,T1050,T1573.002
9920,T1050,T1574
9921,T1050,T1574.001
9922,T1050,T1574.002
9923,T1050,T1584.008
9924,T1050,T1589.002
9925,T1050,T1590.005
9926,T1050,T1593.001
9927,T1050,T1593.002
9928,T1050,T1595
9929,T1050,T1595.002
9930,T1050,T1615
9931,T1050,T1684
9932,T1051,T1053.005
9933,T1051,T1055
9934,T1051,T1056
9935,T1051,T1057
9936,T1051,T1058
9937,T1051,T1059.007
9938,T1051,T1061
9939,T1051,T1062
9940,T1051,T1065
9941,T1051,T1068
9942,T1051,T1069
9943,T1051,T1070
9944,T1051,T1071
9945,T1051,T1074
9946,T1051,T1077
9947,T1051,T1078
9948,T1051,T1078.003
9949,T1051,T1079
9950,T1051,T1080
9951,T1051,T1082
9952,T1051,T1083
9953,T1051,T1087
9954,T1051,T1089
9955,T1051,T1091
9956,T1051,T1092
9957,T1051,T1094
9958,T1051,T1095
9959,T1051,T1098
9960,T1051,T1102
9961,T1051,T1104
9962,T1051,T1108
9963,T1051,T1110
9964,T1051,T1110.003
9965,T1051,T1112
9966,T1051,T1113
9967,T1051,T1114
9968,T1051,T1115
9969,T1051,T1119
9970,T1051,T1120
9971,T1051,T1123
9972,T1051,T1124
9973,T1051,T1125
9974,T1051,T1132
9975,T1051,T1133
9976,T1051,T1134
9977,T1051,T1135
9978,T1051,T1136
9979,T1051,T1139
9980,T1051,T1140
9981,T1051,T1141
9982,T1051,T1148
9983,T1051,T1149
9984,T1051,T1162
9985,T1051,T1163
9986,T1051,T1168
9987,T1051,T1171
9988,T1051,T1175
9989,T1051,T1176.001
9990,T1051,T1187
9991,T1051,T1190
9992,T1051,T1195
9993,T1051,T1196
9994,T1051,T1197
9995,T1051,T1199
9996,T1051,T1200
9997,T1051,T1201
9998,T1051,T1202
9999,T1051,T1203
10000,T1051,T1204
10001,T1051,T1204.002
10002,T1051,T1205.001
10003,T1051,T1206
10004,T1051,T1210
10005,T1051,T1212
10006,T1051,T1213
10007,T1051,T1218.002
10008,T1051,T1219
10009,T1051,T1220
10010,T1051,T1221
10011,T1051,T1480
10012,T1051,T1482
10013,T1051,T1485
10014,T1051,T1486
10015,T1051,T1489
10016,T1051,T1490
10017,T1051,T1491
10018,T1051,T1495
10019,T1051,T1496
10020,T1051,T1498
10021,T1051,T1499
10022,T1051,T1505
10023,T1051,T1505.002
10024,T1051,T1518
10025,T1051,T1529
10026,T1051,T1531
10027,T1051,T1539
10028,T1051,T1552.003
10029,T1051,T1559.001
10030,T1051,T1565
10031,T1051,T1593.001
10032,T1051,T1684
10033,T1052,T1053
10034,T1052,T1053.005
10035,T1052,T1055
10036,T1052,T1056
10037,T1052,T1056.001
10038,T1052,T1057
10039,T1052,T1058
10040,T1052,T1059.005
10041,T1052,T1062
10042,T1052,T1065
10043,T1052,T1068
10044,T1052,T1069
10045,T1052,T1070
10046,T1052,T1071
10047,T1052,T1074
10048,T1052,T1077
10049,T1052,T1078
10050,T1052,T1079
10051,T1052,T1082
10052,T1052,T1083
10053,T1052,T1087
10054,T1052,T1089
10055,T1052,T1092
10056,T1052,T1094
10057,T1052,T1095
10058,T1052,T1098
10059,T1052,T1102
10060,T1052,T1104
10061,T1052,T1105
10062,T1052,T1108
10063,T1052,T1110
10064,T1052,T1112
10065,T1052,T1113
10066,T1052,T1114
10067,T1052,T1115
10068,T1052,T1119
10069,T1052,T1120
10070,T1052,T1123
10071,T1052,T1124
10072,T1052,T1125
10073,T1052,T1132
10074,T1052,T1133
10075,T1052,T1134
10076,T1052,T1135
10077,T1052,T1136
10078,T1052,T1137
10079,T1052,T1139
10080,T1052,T1140
10081,T1052,T1141
10082,T1052,T1148
10083,T1052,T1149
10084,T1052,T1162
10085,T1052,T1163
10086,T1052,T1168
10087,T1052,T1176.001
10088,T1052,T1187
10089,T1052,T1192
10090,T1052,T1196
10091,T1052,T1197
10092,T1052,T1201
10093,T1052,T1202
10094,T1052,T1204
10095,T1052,T1205.001
10096,T1052,T1206
10097,T1052,T1212
10098,T1052,T1213
10099,T1052,T1218.002
10100,T1052,T1219
10101,T1052,T1220
10102,T1052,T1221
10103,T1052,T1482
10104,T1052,T1518
10105,T1052,T1543.003
10106,T1052,T1555.005
10107,T1052,T1559.001
10108,T1052,T1590.005
10109,T1052,T1669
10110,T1053,T1053.001
10111,T1053,T1053.005
10112,T1053,T1054
10113,T1053,T1055
10114,T1053,T1055.001
10115,T1053,T1055.012
10116,T1053,T1056
10117,T1053,T1056.001
10118,T1053,T1057
10119,T1053,T1059
10120,T1053,T1059.001
10121,T1053,T1059.003
10122,T1053,T1059.005
10123,T1053,T1059.006
10124,T1053,T1059.007
10125,T1053,T1059.009
10126,T1053,T1060
10127,T1053,T1061
10128,T1053,T1063
10129,T1053,T1064
10130,T1053,T1065
10131,T1053,T1068
10132,T1053,T1069
10133,T1053,T1069.001
10134,T1053,T1069.002
10135,T1053,T1070
10136,T1053,T1070.001
10137,T1053,T1070.003
10138,T1053,T1070.004
10139,T1053,T1070.005
10140,T1053,T1070.006
10141,T1053,T1070.009
10142,T1053,T1071
10143,T1053,T1071.001
10144,T1053,T1071.002
10145,T1053,T1071.004
10146,T1053,T1072
10147,T1053,T1073
10148,T1053,T1074
10149,T1053,T1074.001
10150,T1053,T1074.002
10151,T1053,T1077
10152,T1053,T1078
10153,T1053,T1078.001
10154,T1053,T1078.002
10155,T1053,T1078.003
10156,T1053,T1079
10157,T1053,T1080
10158,T1053,T1081
10159,T1053,T1082
10160,T1053,T1083
10161,T1053,T1085
10162,T1053,T1086
10163,T1053,T1087
10164,T1053,T1087.001
10165,T1053,T1087.002
10166,T1053,T1087.003
10167,T1053,T1088
10168,T1053,T1089
10169,T1053,T1090
10170,T1053,T1090.001
10171,T1053,T1090.002
10172,T1053,T1090.004
10173,T1053,T1091
10174,T1053,T1094
10175,T1053,T1095
10176,T1053,T1098
10177,T1053,T1098.004
10178,T1053,T1099
10179,T1053,T1100
10180,T1053,T1102
10181,T1053,T1102.001
10182,T1053,T1102.002
10183,T1053,T1103
10184,T1053,T1104
10185,T1053,T1105
10186,T1053,T1106
10187,T1053,T1107
10188,T1053,T1108
10189,T1053,T1110
10190,T1053,T1110.003
10191,T1053,T1110.004
10192,T1053,T1111
10193,T1053,T1112
10194,T1053,T1113
10195,T1053,T1114
10196,T1053,T1114.001
10197,T1053,T1114.003
10198,T1053,T1115
10199,T1053,T1116
10200,T1053,T1117
10201,T1053,T1119
10202,T1053,T1120
10203,T1053,T1122
10204,T1053,T1123
10205,T1053,T1124
10206,T1053,T1125
10207,T1053,T1129
10208,T1053,T1132
10209,T1053,T1132.001
10210,T1053,T1133
10211,T1053,T1134
10212,T1053,T1134.001
10213,T1053,T1134.004
10214,T1053,T1135
10215,T1053,T1136
10216,T1053,T1136.001
10217,T1053,T1136.002
10218,T1053,T1137
10219,T1053,T1137.001
10220,T1053,T1139
10221,T1053,T1140
10222,T1053,T1143
10223,T1053,T1145
10224,T1053,T1146
10225,T1053,T1158
10226,T1053,T1165
10227,T1053,T1187
10228,T1053,T1188
10229,T1053,T1190
10230,T1053,T1192
10231,T1053,T1193
10232,T1053,T1194
10233,T1053,T1195
10234,T1053,T1195.002
10235,T1053,T1197
10236,T1053,T1202
10237,T1053,T1203
10238,T1053,T1204
10239,T1053,T1204.001
10240,T1053,T1204.002
10241,T1053,T1204.003
10242,T1053,T1204.005
10243,T1053,T1210
10244,T1053,T1211
10245,T1053,T1213
10246,T1053,T1213.001
10247,T1053,T1213.002
10248,T1053,T1216.002
10249,T1053,T1218
10250,T1053,T1218.002
10251,T1053,T1218.003
10252,T1053,T1218.004
10253,T1053,T1218.005
10254,T1053,T1218.011
10255,T1053,T1219
10256,T1053,T1220
10257,T1053,T1221
10258,T1053,T1222
10259,T1053,T1480
10260,T1053,T1482
10261,T1053,T1483
10262,T1053,T1484.001
10263,T1053,T1486
10264,T1053,T1487
10265,T1053,T1496
10266,T1053,T1497
10267,T1053,T1500
10268,T1053,T1505
10269,T1053,T1505.003
10270,T1053,T1518
10271,T1053,T1518.001
10272,T1053,T1528
10273,T1053,T1531
10274,T1053,T1534
10275,T1053,T1537
10276,T1053,T1539
10277,T1053,T1543
10278,T1053,T1543.003
10279,T1053,T1546
10280,T1053,T1546.003
10281,T1053,T1546.008
10282,T1053,T1546.012
10283,T1053,T1546.015
10284,T1053,T1547
10285,T1053,T1547.001
10286,T1053,T1547.012
10287,T1053,T1548
10288,T1053,T1548.001
10289,T1053,T1548.002
10290,T1053,T1550
10291,T1053,T1550.002
10292,T1053,T1550.003
10293,T1053,T1552
10294,T1053,T1552.001
10295,T1053,T1553
10296,T1053,T1553.002
10297,T1053,T1554
10298,T1053,T1555
10299,T1053,T1555.003
10300,T1053,T1555.004
10301,T1053,T1556
10302,T1053,T1556.004
10303,T1053,T1556.006
10304,T1053,T1556.008
10305,T1053,T1558
10306,T1053,T1558.003
10307,T1053,T1559
10308,T1053,T1559.001
10309,T1053,T1559.002
10310,T1053,T1560
10311,T1053,T1560.001
10312,T1053,T1560.003
10313,T1053,T1562
10314,T1053,T1562.001
10315,T1053,T1562.004
10316,T1053,T1562.007
10317,T1053,T1563
10318,T1053,T1564
10319,T1053,T1564.001
10320,T1053,T1564.003
10321,T1053,T1564.014
10322,T1053,T1566
10323,T1053,T1566.001
10324,T1053,T1567
10325,T1053,T1567.002
10326,T1053,T1568
10327,T1053,T1569
10328,T1053,T1569.002
10329,T1053,T1570
10330,T1053,T1571
10331,T1053,T1572
10332,T1053,T1573
10333,T1053,T1573.001
10334,T1053,T1573.002
10335,T1053,T1574
10336,T1053,T1574.001
10337,T1053,T1574.002
10338,T1053,T1578
10339,T1053,T1578.002
10340,T1053,T1578.003
10341,T1053,T1583
10342,T1053,T1583.001
10343,T1053,T1583.002
10344,T1053,T1583.006
10345,T1053,T1584
10346,T1053,T1584.004
10347,T1053,T1584.008
10348,T1053,T1585
10349,T1053,T1585.003
10350,T1053,T1587
10351,T1053,T1587.001
10352,T1053,T1587.003
10353,T1053,T1588
10354,T1053,T1588.001
10355,T1053,T1588.002
10356,T1053,T1588.003
10357,T1053,T1588.006
10358,T1053,T1588.007
10359,T1053,T1589.002
10360,T1053,T1590.005
10361,T1053,T1592.004
10362,T1053,T1593.001
10363,T1053,T1595
10364,T1053,T1595.002
10365,T1053,T1608
10366,T1053,T1608.001
10367,T1053,T1608.002
10368,T1053,T1608.003
10369,T1053,T1608.004
10370,T1053,T1608.005
10371,T1053,T1610
10372,T1053,T1614
10373,T1053,T1615
10374,T1053,T1620
10375,T1053,T1669
10376,T1053,T1684
10377,T1053,T1686.001
10378,T1053.001,T1053.005
10379,T1053.001,T1056
10380,T1053.001,T1056.001
10381,T1053.001,T1087
10382,T1053.001,T1560
10383,T1053.001,T1562
10384,T1053.001,T1573
10385,T1053.001,T1573.001
10386,T1053.001,T1590.005
10387,T1053.005,T1054
10388,T1053.005,T1055
10389,T1053.005,T1055.001
10390,T1053.005,T1055.002
10391,T1053.005,T1055.003
10392,T1053.005,T1055.012
10393,T1053.005,T1056
10394,T1053.005,T1056.001
10395,T1053.005,T1056.003
10396,T1053.005,T1057
10397,T1053.005,T1058
10398,T1053.005,T1059
10399,T1053.005,T1059.001
10400,T1053.005,T1059.003
10401,T1053.005,T1059.004
10402,T1053.005,T1059.005
10403,T1053.005,T1059.006
10404,T1053.005,T1059.007
10405,T1053.005,T1059.009
10406,T1053.005,T1060
10407,T1053.005,T1061
10408,T1053.005,T1062
10409,T1053.005,T1063
10410,T1053.005,T1064
10411,T1053.005,T1065
10412,T1053.005,T1068
10413,T1053.005,T1069
10414,T1053.005,T1069.001
10415,T1053.005,T1069.002
10416,T1053.005,T1070
10417,T1053.005,T1070.001
10418,T1053.005,T1070.003
10419,T1053.005,T1070.004
10420,T1053.005,T1070.005
10421,T1053.005,T1070.006
10422,T1053.005,T1070.009
10423,T1053.005,T1071
10424,T1053.005,T1071.001
10425,T1053.005,T1071.002
10426,T1053.005,T1071.004
10427,T1053.005,T1072
10428,T1053.005,T1073
10429,T1053.005,T1074
10430,T1053.005,T1074.001
10431,T1053.005,T1074.002
10432,T1053.005,T1076
10433,T1053.005,T1077
10434,T1053.005,T1078
10435,T1053.005,T1078.001
10436,T1053.005,T1078.002
10437,T1053.005,T1078.003
10438,T1053.005,T1079
10439,T1053.005,T1080
10440,T1053.005,T1081
10441,T1053.005,T1082
10442,T1053.005,T1083
10443,T1053.005,T1085
10444,T1053.005,T1086
10445,T1053.005,T1087
10446,T1053.005,T1087.001
10447,T1053.005,T1087.002
10448,T1053.005,T1087.003
10449,T1053.005,T1088
10450,T1053.005,T1089
10451,T1053.005,T1090
10452,T1053.005,T1090.001
10453,T1053.005,T1090.002
10454,T1053.005,T1090.004
10455,T1053.005,T1091
10456,T1053.005,T1092
10457,T1053.005,T1094
10458,T1053.005,T1095
10459,T1053.005,T1098
10460,T1053.005,T1098.004
10461,T1053.005,T1099
10462,T1053.005,T1100
10463,T1053.005,T1102
10464,T1053.005,T1102.001
10465,T1053.005,T1102.002
10466,T1053.005,T1102.003
10467,T1053.005,T1103
10468,T1053.005,T1104
10469,T1053.005,T1105
10470,T1053.005,T1106
10471,T1053.005,T1107
10472,T1053.005,T1108
10473,T1053.005,T1110
10474,T1053.005,T1110.002
10475,T1053.005,T1110.003
10476,T1053.005,T1110.004
10477,T1053.005,T1111
10478,T1053.005,T1112
10479,T1053.005,T1113
10480,T1053.005,T1114
10481,T1053.005,T1114.001
10482,T1053.005,T1114.002
10483,T1053.005,T1114.003
10484,T1053.005,T1115
10485,T1053.005,T1116
10486,T1053.005,T1117
10487,T1053.005,T1119
10488,T1053.005,T1120
10489,T1053.005,T1122
10490,T1053.005,T1123
10491,T1053.005,T1124
10492,T1053.005,T1125
10493,T1053.005,T1129
10494,T1053.005,T1132
10495,T1053.005,T1132.001
10496,T1053.005,T1133
10497,T1053.005,T1134
10498,T1053.005,T1134.001
10499,T1053.005,T1134.004
10500,T1053.005,T1135
10501,T1053.005,T1136
10502,T1053.005,T1136.001
10503,T1053.005,T1136.002
10504,T1053.005,T1137
10505,T1053.005,T1137.001
10506,T1053.005,T1137.006
10507,T1053.005,T1139
10508,T1053.005,T1140
10509,T1053.005,T1141
10510,T1053.005,T1143
10511,T1053.005,T1145
10512,T1053.005,T1146
10513,T1053.005,T1148
10514,T1053.005,T1149
10515,T1053.005,T1158
10516,T1053.005,T1162
10517,T1053.005,T1163
10518,T1053.005,T1165
10519,T1053.005,T1168
10520,T1053.005,T1171
10521,T1053.005,T1175
10522,T1053.005,T1176.001
10523,T1053.005,T1187
10524,T1053.005,T1188
10525,T1053.005,T1189
10526,T1053.005,T1190
10527,T1053.005,T1192
10528,T1053.005,T1193
10529,T1053.005,T1194
10530,T1053.005,T1195
10531,T1053.005,T1195.002
10532,T1053.005,T1196
10533,T1053.005,T1197
10534,T1053.005,T1199
10535,T1053.005,T1200
10536,T1053.005,T1201
10537,T1053.005,T1202
10538,T1053.005,T1203
10539,T1053.005,T1204
10540,T1053.005,T1204.001
10541,T1053.005,T1204.002
10542,T1053.005,T1204.003
10543,T1053.005,T1204.005
10544,T1053.005,T1205.001
10545,T1053.005,T1206
10546,T1053.005,T1210
10547,T1053.005,T1211
10548,T1053.005,T1212
10549,T1053.005,T1213
10550,T1053.005,T1213.001
10551,T1053.005,T1213.002
10552,T1053.005,T1216.002
10553,T1053.005,T1218
10554,T1053.005,T1218.002
10555,T1053.005,T1218.003
10556,T1053.005,T1218.004
10557,T1053.005,T1218.005
10558,T1053.005,T1218.011
10559,T1053.005,T1219
10560,T1053.005,T1220
10561,T1053.005,T1221
10562,T1053.005,T1222
10563,T1053.005,T1222.001
10564,T1053.005,T1480
10565,T1053.005,T1482
10566,T1053.005,T1483
10567,T1053.005,T1484.001
10568,T1053.005,T1485
10569,T1053.005,T1486
10570,T1053.005,T1487
10571,T1053.005,T1489
10572,T1053.005,T1490
10573,T1053.005,T1491
10574,T1053.005,T1495
10575,T1053.005,T1496
10576,T1053.005,T1497
10577,T1053.005,T1498
10578,T1053.005,T1499
10579,T1053.005,T1500
10580,T1053.005,T1505
10581,T1053.005,T1505.002
10582,T1053.005,T1505.003
10583,T1053.005,T1518
10584,T1053.005,T1518.001
10585,T1053.005,T1528
10586,T1053.005,T1529
10587,T1053.005,T1531
10588,T1053.005,T1534
10589,T1053.005,T1537
10590,T1053.005,T1539
10591,T1053.005,T1543
10592,T1053.005,T1543.003
10593,T1053.005,T1546
10594,T1053.005,T1546.001
10595,T1053.005,T1546.003
10596,T1053.005,T1546.008
10597,T1053.005,T1546.012
10598,T1053.005,T1546.015
10599,T1053.005,T1547
10600,T1053.005,T1547.001
10601,T1053.005,T1547.004
10602,T1053.005,T1547.009
10603,T1053.005,T1547.012
10604,T1053.005,T1548
10605,T1053.005,T1548.001
10606,T1053.005,T1548.002
10607,T1053.005,T1550
10608,T1053.005,T1550.002
10609,T1053.005,T1550.003
10610,T1053.005,T1552
10611,T1053.005,T1552.001
10612,T1053.005,T1552.003
10613,T1053.005,T1553
10614,T1053.005,T1553.002
10615,T1053.005,T1554
10616,T1053.005,T1555
10617,T1053.005,T1555.003
10618,T1053.005,T1555.004
10619,T1053.005,T1555.005
10620,T1053.005,T1556
10621,T1053.005,T1556.004
10622,T1053.005,T1556.006
10623,T1053.005,T1556.008
10624,T1053.005,T1556.009
10625,T1053.005,T1558
10626,T1053.005,T1558.001
10627,T1053.005,T1558.003
10628,T1053.005,T1559
10629,T1053.005,T1559.001
10630,T1053.005,T1559.002
10631,T1053.005,T1560
10632,T1053.005,T1560.001
10633,T1053.005,T1560.003
10634,T1053.005,T1562
10635,T1053.005,T1562.001
10636,T1053.005,T1562.004
10637,T1053.005,T1562.007
10638,T1053.005,T1563
10639,T1053.005,T1564
10640,T1053.005,T1564.001
10641,T1053.005,T1564.003
10642,T1053.005,T1564.014
10643,T1053.005,T1565
10644,T1053.005,T1566
10645,T1053.005,T1566.001
10646,T1053.005,T1566.002
10647,T1053.005,T1567
10648,T1053.005,T1567.002
10649,T1053.005,T1568
10650,T1053.005,T1568.001
10651,T1053.005,T1569
10652,T1053.005,T1569.002
10653,T1053.005,T1569.003
10654,T1053.005,T1570
10655,T1053.005,T1571
10656,T1053.005,T1572
10657,T1053.005,T1573
10658,T1053.005,T1573.001
10659,T1053.005,T1573.002
10660,T1053.005,T1574
10661,T1053.005,T1574.001
10662,T1053.005,T1574.002
10663,T1053.005,T1574.012
10664,T1053.005,T1578
10665,T1053.005,T1578.002
10666,T1053.005,T1578.003
10667,T1053.005,T1583
10668,T1053.005,T1583.001
10669,T1053.005,T1583.002
10670,T1053.005,T1583.006
10671,T1053.005,T1583.008
10672,T1053.005,T1584
10673,T1053.005,T1584.004
10674,T1053.005,T1584.008
10675,T1053.005,T1585
10676,T1053.005,T1585.003
10677,T1053.005,T1587
10678,T1053.005,T1587.001
10679,T1053.005,T1587.003
10680,T1053.005,T1588
10681,T1053.005,T1588.001
10682,T1053.005,T1588.002
10683,T1053.005,T1588.003
10684,T1053.005,T1588.006
10685,T1053.005,T1588.007
10686,T1053.005,T1589.002
10687,T1053.005,T1590
10688,T1053.005,T1590.004
10689,T1053.005,T1590.005
10690,T1053.005,T1592.004
10691,T1053.005,T1593.001
10692,T1053.005,T1593.002
10693,T1053.005,T1595
10694,T1053.005,T1595.002
10695,T1053.005,T1606.001
10696,T1053.005,T1608
10697,T1053.005,T1608.001
10698,T1053.005,T1608.002
10699,T1053.005,T1608.003
10700,T1053.005,T1608.004
10701,T1053.005,T1608.005
10702,T1053.005,T1610
10703,T1053.005,T1614
10704,T1053.005,T1615
10705,T1053.005,T1620
10706,T1053.005,T1669
10707,T1053.005,T1684
10708,T1053.005,T1686.001
10709,T1054,T1055
10710,T1054,T1056
10711,T1054,T1056.001
10712,T1054,T1060
10713,T1054,T1061
10714,T1054,T1065
10715,T1054,T1070
10716,T1054,T1071
10717,T1054,T1073
10718,T1054,T1078
10719,T1054,T1081
10720,T1054,T1089
10721,T1054,T1090
10722,T1054,T1094
10723,T1054,T1095
10724,T1054,T1098
10725,T1054,T1100
10726,T1054,T1105
10727,T1054,T1107
10728,T1054,T1108
10729,T1054,T1110
10730,T1054,T1112
10731,T1054,T1113
10732,T1054,T1116
10733,T1054,T1119
10734,T1054,T1125
10735,T1054,T1132
10736,T1054,T1133
10737,T1054,T1134
10738,T1054,T1136
10739,T1054,T1139
10740,T1054,T1145
10741,T1054,T1146
10742,T1054,T1165
10743,T1054,T1213
10744,T1054,T1213.001
10745,T1054,T1219
10746,T1054,T1483
10747,T1054,T1486
10748,T1054,T1487
10749,T1054,T1569
10750,T1055,T1055.001
10751,T1055,T1055.002
10752,T1055,T1055.003
10753,T1055,T1055.012
10754,T1055,T1056
10755,T1055,T1056.001
10756,T1055,T1057
10757,T1055,T1058
10758,T1055,T1059
10759,T1055,T1059.001
10760,T1055,T1059.003
10761,T1055,T1059.005
10762,T1055,T1059.007
10763,T1055,T1059.009
10764,T1055,T1060
10765,T1055,T1061
10766,T1055,T1062
10767,T1055,T1063
10768,T1055,T1064
10769,T1055,T1065
10770,T1055,T1068
10771,T1055,T1069
10772,T1055,T1069.001
10773,T1055,T1069.002
10774,T1055,T1070
10775,T1055,T1070.001
10776,T1055,T1070.004
10777,T1055,T1070.005
10778,T1055,T1070.009
10779,T1055,T1071
10780,T1055,T1071.001
10781,T1055,T1071.002
10782,T1055,T1071.004
10783,T1055,T1072
10784,T1055,T1073
10785,T1055,T1074
10786,T1055,T1074.001
10787,T1055,T1077
10788,T1055,T1078
10789,T1055,T1078.002
10790,T1055,T1078.003
10791,T1055,T1079
10792,T1055,T1080
10793,T1055,T1081
10794,T1055,T1082
10795,T1055,T1083
10796,T1055,T1085
10797,T1055,T1086
10798,T1055,T1087
10799,T1055,T1087.003
10800,T1055,T1088
10801,T1055,T1089
10802,T1055,T1090
10803,T1055,T1091
10804,T1055,T1092
10805,T1055,T1094
10806,T1055,T1095
10807,T1055,T1096
10808,T1055,T1098
10809,T1055,T1098.004
10810,T1055,T1099
10811,T1055,T1100
10812,T1055,T1102
10813,T1055,T1104
10814,T1055,T1105
10815,T1055,T1106
10816,T1055,T1107
10817,T1055,T1108
10818,T1055,T1110
10819,T1055,T1110.003
10820,T1055,T1110.004
10821,T1055,T1112
10822,T1055,T1113
10823,T1055,T1114
10824,T1055,T1115
10825,T1055,T1116
10826,T1055,T1119
10827,T1055,T1120
10828,T1055,T1123
10829,T1055,T1124
10830,T1055,T1125
10831,T1055,T1129
10832,T1055,T1132
10833,T1055,T1133
10834,T1055,T1134
10835,T1055,T1134.001
10836,T1055,T1134.002
10837,T1055,T1134.004
10838,T1055,T1135
10839,T1055,T1136
10840,T1055,T1136.002
10841,T1055,T1137
10842,T1055,T1139
10843,T1055,T1140
10844,T1055,T1141
10845,T1055,T1143
10846,T1055,T1145
10847,T1055,T1146
10848,T1055,T1148
10849,T1055,T1149
10850,T1055,T1158
10851,T1055,T1162
10852,T1055,T1163
10853,T1055,T1165
10854,T1055,T1168
10855,T1055,T1171
10856,T1055,T1175
10857,T1055,T1176.001
10858,T1055,T1185
10859,T1055,T1187
10860,T1055,T1188
10861,T1055,T1189
10862,T1055,T1190
10863,T1055,T1193
10864,T1055,T1195
10865,T1055,T1196
10866,T1055,T1197
10867,T1055,T1199
10868,T1055,T1200
10869,T1055,T1201
10870,T1055,T1202
10871,T1055,T1203
10872,T1055,T1204
10873,T1055,T1204.002
10874,T1055,T1204.003
10875,T1055,T1204.005
10876,T1055,T1205
10877,T1055,T1205.001
10878,T1055,T1206
10879,T1055,T1210
10880,T1055,T1212
10881,T1055,T1213
10882,T1055,T1213.001
10883,T1055,T1213.002
10884,T1055,T1214
10885,T1055,T1216.002
10886,T1055,T1218
10887,T1055,T1218.002
10888,T1055,T1218.005
10889,T1055,T1218.011
10890,T1055,T1219
10891,T1055,T1219.002
10892,T1055,T1220
10893,T1055,T1221
10894,T1055,T1222
10895,T1055,T1480
10896,T1055,T1482
10897,T1055,T1483
10898,T1055,T1485
10899,T1055,T1486
10900,T1055,T1487
10901,T1055,T1489
10902,T1055,T1490
10903,T1055,T1491
10904,T1055,T1495
10905,T1055,T1496
10906,T1055,T1497
10907,T1055,T1497.001
10908,T1055,T1498
10909,T1055,T1499
10910,T1055,T1505
10911,T1055,T1505.002
10912,T1055,T1505.003
10913,T1055,T1518
10914,T1055,T1518.001
10915,T1055,T1529
10916,T1055,T1531
10917,T1055,T1539
10918,T1055,T1543
10919,T1055,T1543.003
10920,T1055,T1546
10921,T1055,T1546.003
10922,T1055,T1546.008
10923,T1055,T1546.012
10924,T1055,T1546.015
10925,T1055,T1547
10926,T1055,T1547.001
10927,T1055,T1547.009
10928,T1055,T1547.014
10929,T1055,T1548
10930,T1055,T1548.002
10931,T1055,T1550
10932,T1055,T1550.002
10933,T1055,T1552
10934,T1055,T1552.001
10935,T1055,T1552.003
10936,T1055,T1553
10937,T1055,T1553.002
10938,T1055,T1555
10939,T1055,T1555.003
10940,T1055,T1555.005
10941,T1055,T1556.006
10942,T1055,T1556.009
10943,T1055,T1558
10944,T1055,T1558.001
10945,T1055,T1559
10946,T1055,T1559.001
10947,T1055,T1559.002
10948,T1055,T1560
10949,T1055,T1560.001
10950,T1055,T1560.003
10951,T1055,T1562
10952,T1055,T1562.001
10953,T1055,T1562.004
10954,T1055,T1564
10955,T1055,T1564.001
10956,T1055,T1564.003
10957,T1055,T1565
10958,T1055,T1566
10959,T1055,T1566.001
10960,T1055,T1566.002
10961,T1055,T1567
10962,T1055,T1567.002
10963,T1055,T1569
10964,T1055,T1569.002
10965,T1055,T1570
10966,T1055,T1571
10967,T1055,T1572
10968,T1055,T1573
10969,T1055,T1573.001
10970,T1055,T1573.002
10971,T1055,T1574
10972,T1055,T1574.001
10973,T1055,T1574.002
10974,T1055,T1583
10975,T1055,T1583.003
10976,T1055,T1584.008
10977,T1055,T1588
10978,T1055,T1588.003
10979,T1055,T1588.007
10980,T1055,T1589.002
10981,T1055,T1590
10982,T1055,T1590.005
10983,T1055,T1593.001
10984,T1055,T1593.002
10985,T1055,T1595
10986,T1055,T1608
10987,T1055,T1608.003
10988,T1055,T1615
10989,T1055,T1684
10990,T1055.001,T1055.002
10991,T1055.001,T1055.003
10992,T1055.001,T1055.012
10993,T1055.001,T1056
10994,T1055.001,T1056.001
10995,T1055.001,T1056.003
10996,T1055.001,T1057
10997,T1055.001,T1059
10998,T1055.001,T1059.001
10999,T1055.001,T1059.003
11000,T1055.001,T1059.004
11001,T1055.001,T1059.005
11002,T1055.001,T1059.009
11003,T1055.001,T1069
11004,T1055.001,T1069.001
11005,T1055.001,T1069.002
11006,T1055.001,T1070
11007,T1055.001,T1070.001
11008,T1055.001,T1070.004
11009,T1055.001,T1070.005
11010,T1055.001,T1070.009
11011,T1055.001,T1071
11012,T1055.001,T1071.001
11013,T1055.001,T1071.002
11014,T1055.001,T1074
11015,T1055.001,T1074.001
11016,T1055.001,T1077
11017,T1055.001,T1078
11018,T1055.001,T1078.001
11019,T1055.001,T1078.002
11020,T1055.001,T1078.003
11021,T1055.001,T1080
11022,T1055.001,T1082
11023,T1055.001,T1083
11024,T1055.001,T1087
11025,T1055.001,T1087.003
11026,T1055.001,T1090.001
11027,T1055.001,T1091
11028,T1055.001,T1095
11029,T1055.001,T1098
11030,T1055.001,T1098.004
11031,T1055.001,T1102
11032,T1055.001,T1102.002
11033,T1055.001,T1105
11034,T1055.001,T1110
11035,T1055.001,T1110.003
11036,T1055.001,T1112
11037,T1055.001,T1113
11038,T1055.001,T1114
11039,T1055.001,T1114.002
11040,T1055.001,T1119
11041,T1055.001,T1124
11042,T1055.001,T1132
11043,T1055.001,T1132.001
11044,T1055.001,T1133
11045,T1055.001,T1134
11046,T1055.001,T1134.002
11047,T1055.001,T1135
11048,T1055.001,T1136
11049,T1055.001,T1136.002
11050,T1055.001,T1140
11051,T1055.001,T1190
11052,T1055.001,T1195
11053,T1055.001,T1197
11054,T1055.001,T1201
11055,T1055.001,T1202
11056,T1055.001,T1204
11057,T1055.001,T1204.002
11058,T1055.001,T1204.005
11059,T1055.001,T1213
11060,T1055.001,T1213.002
11061,T1055.001,T1216.002
11062,T1055.001,T1218.011
11063,T1055.001,T1219
11064,T1055.001,T1221
11065,T1055.001,T1482
11066,T1055.001,T1485
11067,T1055.001,T1486
11068,T1055.001,T1496
11069,T1055.001,T1499
11070,T1055.001,T1505
11071,T1055.001,T1505.003
11072,T1055.001,T1518
11073,T1055.001,T1518.001
11074,T1055.001,T1531
11075,T1055.001,T1539
11076,T1055.001,T1543
11077,T1055.001,T1543.003
11078,T1055.001,T1546
11079,T1055.001,T1546.003
11080,T1055.001,T1546.008
11081,T1055.001,T1546.012
11082,T1055.001,T1546.015
11083,T1055.001,T1547
11084,T1055.001,T1547.009
11085,T1055.001,T1548
11086,T1055.001,T1548.002
11087,T1055.001,T1550
11088,T1055.001,T1550.002
11089,T1055.001,T1552
11090,T1055.001,T1552.001
11091,T1055.001,T1555
11092,T1055.001,T1555.003
11093,T1055.001,T1555.004
11094,T1055.001,T1558
11095,T1055.001,T1558.001
11096,T1055.001,T1559.001
11097,T1055.001,T1560
11098,T1055.001,T1560.001
11099,T1055.001,T1560.003
11100,T1055.001,T1562
11101,T1055.001,T1562.001
11102,T1055.001,T1564
11103,T1055.001,T1564.001
11104,T1055.001,T1566
11105,T1055.001,T1566.001
11106,T1055.001,T1567
11107,T1055.001,T1567.002
11108,T1055.001,T1569
11109,T1055.001,T1569.002
11110,T1055.001,T1570
11111,T1055.001,T1571
11112,T1055.001,T1572
11113,T1055.001,T1573
11114,T1055.001,T1573.001
11115,T1055.001,T1574
11116,T1055.001,T1574.001
11117,T1055.001,T1574.002
11118,T1055.001,T1574.012
11119,T1055.001,T1584.008
11120,T1055.001,T1589.002
11121,T1055.001,T1590.005
11122,T1055.001,T1595
11123,T1055.001,T1615
11124,T1055.001,T1684
11125,T1055.002,T1055.003
11126,T1055.002,T1056
11127,T1055.002,T1056.001
11128,T1055.002,T1056.003
11129,T1055.002,T1057
11130,T1055.002,T1059
11131,T1055.002,T1059.003
11132,T1055.002,T1059.004
11133,T1055.002,T1069
11134,T1055.002,T1069.002
11135,T1055.002,T1070
11136,T1055.002,T1071
11137,T1055.002,T1071.001
11138,T1055.002,T1074
11139,T1055.002,T1074.001
11140,T1055.002,T1077
11141,T1055.002,T1078
11142,T1055.002,T1078.001
11143,T1055.002,T1078.003
11144,T1055.002,T1082
11145,T1055.002,T1083
11146,T1055.002,T1087
11147,T1055.002,T1090.001
11148,T1055.002,T1095
11149,T1055.002,T1098.004
11150,T1055.002,T1102
11151,T1055.002,T1102.002
11152,T1055.002,T1105
11153,T1055.002,T1110
11154,T1055.002,T1110.003
11155,T1055.002,T1113
11156,T1055.002,T1114
11157,T1055.002,T1114.002
11158,T1055.002,T1119
11159,T1055.002,T1132
11160,T1055.002,T1132.001
11161,T1055.002,T1133
11162,T1055.002,T1134
11163,T1055.002,T1134.001
11164,T1055.002,T1195
11165,T1055.002,T1201
11166,T1055.002,T1202
11167,T1055.002,T1204
11168,T1055.002,T1204.002
11169,T1055.002,T1205
11170,T1055.002,T1213
11171,T1055.002,T1219
11172,T1055.002,T1485
11173,T1055.002,T1486
11174,T1055.002,T1499
11175,T1055.002,T1505
11176,T1055.002,T1531
11177,T1055.002,T1539
11178,T1055.002,T1543
11179,T1055.002,T1543.003
11180,T1055.002,T1550
11181,T1055.002,T1555.004
11182,T1055.002,T1558
11183,T1055.002,T1558.001
11184,T1055.002,T1559.001
11185,T1055.002,T1560
11186,T1055.002,T1560.003
11187,T1055.002,T1562
11188,T1055.002,T1571
11189,T1055.002,T1572
11190,T1055.002,T1573
11191,T1055.002,T1573.001
11192,T1055.002,T1574.012
11193,T1055.002,T1590.005
11194,T1055.003,T1055.012
11195,T1055.003,T1056
11196,T1055.003,T1056.001
11197,T1055.003,T1056.003
11198,T1055.003,T1057
11199,T1055.003,T1059
11200,T1055.003,T1059.001
11201,T1055.003,T1059.003
11202,T1055.003,T1059.004
11203,T1055.003,T1069
11204,T1055.003,T1069.002
11205,T1055.003,T1070
11206,T1055.003,T1071
11207,T1055.003,T1071.001
11208,T1055.003,T1074
11209,T1055.003,T1074.001
11210,T1055.003,T1077
11211,T1055.003,T1078
11212,T1055.003,T1078.001
11213,T1055.003,T1078.003
11214,T1055.003,T1082
11215,T1055.003,T1083
11216,T1055.003,T1087
11217,T1055.003,T1090.001
11218,T1055.003,T1095
11219,T1055.003,T1098
11220,T1055.003,T1098.004
11221,T1055.003,T1102
11222,T1055.003,T1102.002
11223,T1055.003,T1105
11224,T1055.003,T1110
11225,T1055.003,T1110.003
11226,T1055.003,T1112
11227,T1055.003,T1113
11228,T1055.003,T1114
11229,T1055.003,T1114.002
11230,T1055.003,T1115
11231,T1055.003,T1119
11232,T1055.003,T1132
11233,T1055.003,T1132.001
11234,T1055.003,T1133
11235,T1055.003,T1134
11236,T1055.003,T1140
11237,T1055.003,T1190
11238,T1055.003,T1195
11239,T1055.003,T1199
11240,T1055.003,T1201
11241,T1055.003,T1202
11242,T1055.003,T1204
11243,T1055.003,T1204.002
11244,T1055.003,T1213
11245,T1055.003,T1213.002
11246,T1055.003,T1219
11247,T1055.003,T1482
11248,T1055.003,T1485
11249,T1055.003,T1486
11250,T1055.003,T1489
11251,T1055.003,T1497
11252,T1055.003,T1497.001
11253,T1055.003,T1499
11254,T1055.003,T1505
11255,T1055.003,T1505.003
11256,T1055.003,T1518
11257,T1055.003,T1531
11258,T1055.003,T1539
11259,T1055.003,T1543
11260,T1055.003,T1543.003
11261,T1055.003,T1547
11262,T1055.003,T1547.001
11263,T1055.003,T1550
11264,T1055.003,T1553
11265,T1055.003,T1553.002
11266,T1055.003,T1555.004
11267,T1055.003,T1558
11268,T1055.003,T1558.001
11269,T1055.003,T1559
11270,T1055.003,T1559.001
11271,T1055.003,T1559.002
11272,T1055.003,T1560
11273,T1055.003,T1560.003
11274,T1055.003,T1562
11275,T1055.003,T1564
11276,T1055.003,T1564.003
11277,T1055.003,T1569
11278,T1055.003,T1569.002
11279,T1055.003,T1571
11280,T1055.003,T1572
11281,T1055.003,T1573
11282,T1055.003,T1573.001
11283,T1055.003,T1573.002
11284,T1055.003,T1574
11285,T1055.003,T1574.002
11286,T1055.003,T1574.012
11287,T1055.003,T1583
11288,T1055.003,T1583.003
11289,T1055.003,T1588
11290,T1055.003,T1588.003
11291,T1055.003,T1590.005
11292,T1055.003,T1608
11293,T1055.003,T1608.003
11294,T1055.004,T1056
11295,T1055.004,T1056.001
11296,T1055.004,T1057
11297,T1055.004,T1071
11298,T1055.004,T1071.001
11299,T1055.004,T1074
11300,T1055.004,T1074.001
11301,T1055.004,T1104
11302,T1055.004,T1105
11303,T1055.004,T1112
11304,T1055.004,T1113
11305,T1055.004,T1119
11306,T1055.004,T1542
11307,T1055.004,T1542.003
11308,T1055.004,T1543.003
11309,T1055.004,T1562
11310,T1055.004,T1573
11311,T1055.004,T1573.001
11312,T1055.004,T1590.005
11313,T1055.004,T1601
11314,T1055.004,T1601.001
11315,T1055.012,T1056
11316,T1055.012,T1056.001
11317,T1055.012,T1057
11318,T1055.012,T1059
11319,T1055.012,T1059.001
11320,T1055.012,T1059.003
11321,T1055.012,T1059.009
11322,T1055.012,T1069
11323,T1055.012,T1069.001
11324,T1055.012,T1069.002
11325,T1055.012,T1070
11326,T1055.012,T1070.001
11327,T1055.012,T1070.004
11328,T1055.012,T1070.005
11329,T1055.012,T1070.009
11330,T1055.012,T1071
11331,T1055.012,T1071.002
11332,T1055.012,T1077
11333,T1055.012,T1078
11334,T1055.012,T1078.002
11335,T1055.012,T1078.003
11336,T1055.012,T1080
11337,T1055.012,T1082
11338,T1055.012,T1083
11339,T1055.012,T1087
11340,T1055.012,T1091
11341,T1055.012,T1095
11342,T1055.012,T1098
11343,T1055.012,T1098.004
11344,T1055.012,T1102
11345,T1055.012,T1105
11346,T1055.012,T1112
11347,T1055.012,T1113
11348,T1055.012,T1115
11349,T1055.012,T1119
11350,T1055.012,T1124
11351,T1055.012,T1133
11352,T1055.012,T1134
11353,T1055.012,T1135
11354,T1055.012,T1136
11355,T1055.012,T1136.002
11356,T1055.012,T1140
11357,T1055.012,T1190
11358,T1055.012,T1197
11359,T1055.012,T1199
11360,T1055.012,T1202
11361,T1055.012,T1204.002
11362,T1055.012,T1204.005
11363,T1055.012,T1213
11364,T1055.012,T1213.002
11365,T1055.012,T1216.002
11366,T1055.012,T1218.011
11367,T1055.012,T1219
11368,T1055.012,T1482
11369,T1055.012,T1486
11370,T1055.012,T1489
11371,T1055.012,T1496
11372,T1055.012,T1497
11373,T1055.012,T1497.001
11374,T1055.012,T1505
11375,T1055.012,T1505.003
11376,T1055.012,T1518
11377,T1055.012,T1518.001
11378,T1055.012,T1543
11379,T1055.012,T1543.003
11380,T1055.012,T1546
11381,T1055.012,T1546.003
11382,T1055.012,T1546.008
11383,T1055.012,T1546.012
11384,T1055.012,T1546.015
11385,T1055.012,T1547
11386,T1055.012,T1547.001
11387,T1055.012,T1548
11388,T1055.012,T1548.002
11389,T1055.012,T1550.002
11390,T1055.012,T1552
11391,T1055.012,T1552.001
11392,T1055.012,T1553
11393,T1055.012,T1553.002
11394,T1055.012,T1555
11395,T1055.012,T1555.003
11396,T1055.012,T1559
11397,T1055.012,T1559.001
11398,T1055.012,T1559.002
11399,T1055.012,T1560
11400,T1055.012,T1560.001
11401,T1055.012,T1562
11402,T1055.012,T1562.001
11403,T1055.012,T1564
11404,T1055.012,T1564.003
11405,T1055.012,T1566
11406,T1055.012,T1566.001
11407,T1055.012,T1567
11408,T1055.012,T1567.002
11409,T1055.012,T1569
11410,T1055.012,T1569.002
11411,T1055.012,T1570
11412,T1055.012,T1571
11413,T1055.012,T1572
11414,T1055.012,T1573
11415,T1055.012,T1573.002
11416,T1055.012,T1574
11417,T1055.012,T1574.001
11418,T1055.012,T1574.002
11419,T1055.012,T1583
11420,T1055.012,T1583.003
11421,T1055.012,T1584.008
11422,T1055.012,T1588
11423,T1055.012,T1588.003
11424,T1055.012,T1590.005
11425,T1055.012,T1595
11426,T1055.012,T1608
11427,T1055.012,T1608.003
11428,T1055.012,T1615
11429,T1056,T1056.001
11430,T1056,T1056.003
11431,T1056,T1057
11432,T1056,T1058
11433,T1056,T1059
11434,T1056,T1059.001
11435,T1056,T1059.003
11436,T1056,T1059.004
11437,T1056,T1059.005
11438,T1056,T1059.007
11439,T1056,T1060
11440,T1056,T1061
11441,T1056,T1062
11442,T1056,T1063
11443,T1056,T1064
11444,T1056,T1065
11445,T1056,T1068
11446,T1056,T1069
11447,T1056,T1069.002
11448,T1056,T1070
11449,T1056,T1070.004
11450,T1056,T1071
11451,T1056,T1071.001
11452,T1056,T1073
11453,T1056,T1074
11454,T1056,T1074.001
11455,T1056,T1077
11456,T1056,T1078
11457,T1056,T1078.001
11458,T1056,T1078.002
11459,T1056,T1078.003
11460,T1056,T1079
11461,T1056,T1080
11462,T1056,T1081
11463,T1056,T1082
11464,T1056,T1083
11465,T1056,T1085
11466,T1056,T1086
11467,T1056,T1087
11468,T1056,T1087.003
11469,T1056,T1088
11470,T1056,T1089
11471,T1056,T1090
11472,T1056,T1090.001
11473,T1056,T1091
11474,T1056,T1092
11475,T1056,T1094
11476,T1056,T1095
11477,T1056,T1098
11478,T1056,T1098.004
11479,T1056,T1099
11480,T1056,T1100
11481,T1056,T1102
11482,T1056,T1102.002
11483,T1056,T1104
11484,T1056,T1105
11485,T1056,T1106
11486,T1056,T1107
11487,T1056,T1108
11488,T1056,T1110
11489,T1056,T1110.003
11490,T1056,T1111
11491,T1056,T1112
11492,T1056,T1113
11493,T1056,T1114
11494,T1056,T1114.002
11495,T1056,T1114.003
11496,T1056,T1115
11497,T1056,T1116
11498,T1056,T1117
11499,T1056,T1119
11500,T1056,T1120
11501,T1056,T1122
11502,T1056,T1123
11503,T1056,T1124
11504,T1056,T1125
11505,T1056,T1129
11506,T1056,T1132
11507,T1056,T1132.001
11508,T1056,T1133
11509,T1056,T1134
11510,T1056,T1135
11511,T1056,T1136
11512,T1056,T1136.001
11513,T1056,T1137
11514,T1056,T1139
11515,T1056,T1140
11516,T1056,T1141
11517,T1056,T1143
11518,T1056,T1145
11519,T1056,T1146
11520,T1056,T1148
11521,T1056,T1149
11522,T1056,T1158
11523,T1056,T1162
11524,T1056,T1163
11525,T1056,T1165
11526,T1056,T1168
11527,T1056,T1171
11528,T1056,T1175
11529,T1056,T1176.001
11530,T1056,T1185
11531,T1056,T1187
11532,T1056,T1188
11533,T1056,T1189
11534,T1056,T1190
11535,T1056,T1191
11536,T1056,T1192
11537,T1056,T1195
11538,T1056,T1195.002
11539,T1056,T1196
11540,T1056,T1197
11541,T1056,T1199
11542,T1056,T1200
11543,T1056,T1201
11544,T1056,T1202
11545,T1056,T1203
11546,T1056,T1204
11547,T1056,T1204.001
11548,T1056,T1204.002
11549,T1056,T1205.001
11550,T1056,T1206
11551,T1056,T1210
11552,T1056,T1211
11553,T1056,T1212
11554,T1056,T1213
11555,T1056,T1213.001
11556,T1056,T1213.002
11557,T1056,T1218.002
11558,T1056,T1218.005
11559,T1056,T1219
11560,T1056,T1219.002
11561,T1056,T1220
11562,T1056,T1221
11563,T1056,T1480
11564,T1056,T1482
11565,T1056,T1483
11566,T1056,T1484.001
11567,T1056,T1485
11568,T1056,T1486
11569,T1056,T1487
11570,T1056,T1489
11571,T1056,T1490
11572,T1056,T1491
11573,T1056,T1495
11574,T1056,T1496
11575,T1056,T1497
11576,T1056,T1497.001
11577,T1056,T1498
11578,T1056,T1499
11579,T1056,T1503
11580,T1056,T1505
11581,T1056,T1505.002
11582,T1056,T1505.003
11583,T1056,T1518
11584,T1056,T1529
11585,T1056,T1531
11586,T1056,T1534
11587,T1056,T1539
11588,T1056,T1542
11589,T1056,T1542.003
11590,T1056,T1543
11591,T1056,T1543.003
11592,T1056,T1547
11593,T1056,T1547.001
11594,T1056,T1547.014
11595,T1056,T1548
11596,T1056,T1548.001
11597,T1056,T1548.002
11598,T1056,T1550
11599,T1056,T1550.002
11600,T1056,T1550.003
11601,T1056,T1552
11602,T1056,T1552.003
11603,T1056,T1553
11604,T1056,T1553.002
11605,T1056,T1555
11606,T1056,T1555.004
11607,T1056,T1555.005
11608,T1056,T1556.006
11609,T1056,T1558
11610,T1056,T1558.001
11611,T1056,T1558.003
11612,T1056,T1559
11613,T1056,T1559.001
11614,T1056,T1559.002
11615,T1056,T1560
11616,T1056,T1560.003
11617,T1056,T1562
11618,T1056,T1562.001
11619,T1056,T1562.004
11620,T1056,T1562.007
11621,T1056,T1563
11622,T1056,T1564
11623,T1056,T1564.001
11624,T1056,T1564.003
11625,T1056,T1565
11626,T1056,T1566.002
11627,T1056,T1568
11628,T1056,T1569
11629,T1056,T1569.002
11630,T1056,T1571
11631,T1056,T1572
11632,T1056,T1573
11633,T1056,T1573.001
11634,T1056,T1573.002
11635,T1056,T1574
11636,T1056,T1574.002
11637,T1056,T1574.012
11638,T1056,T1578
11639,T1056,T1578.002
11640,T1056,T1578.003
11641,T1056,T1583
11642,T1056,T1583.003
11643,T1056,T1588
11644,T1056,T1588.003
11645,T1056,T1589.002
11646,T1056,T1590.005
11647,T1056,T1593.001
11648,T1056,T1601
11649,T1056,T1601.001
11650,T1056,T1608
11651,T1056,T1608.003
11652,T1056,T1669
11653,T1056,T1684
11654,T1056,T1686.001
11655,T1056.001,T1056.003
11656,T1056.001,T1057
11657,T1056.001,T1059
11658,T1056.001,T1059.001
11659,T1056.001,T1059.003
11660,T1056.001,T1059.004
11661,T1056.001,T1059.005
11662,T1056.001,T1059.007
11663,T1056.001,T1060
11664,T1056.001,T1061
11665,T1056.001,T1063
11666,T1056.001,T1064
11667,T1056.001,T1065
11668,T1056.001,T1069
11669,T1056.001,T1069.002
11670,T1056.001,T1070
11671,T1056.001,T1070.004
11672,T1056.001,T1071
11673,T1056.001,T1071.001
11674,T1056.001,T1073
11675,T1056.001,T1074
11676,T1056.001,T1074.001
11677,T1056.001,T1077
11678,T1056.001,T1078
11679,T1056.001,T1078.001
11680,T1056.001,T1078.002
11681,T1056.001,T1078.003
11682,T1056.001,T1081
11683,T1056.001,T1082
11684,T1056.001,T1083
11685,T1056.001,T1085
11686,T1056.001,T1086
11687,T1056.001,T1087
11688,T1056.001,T1087.003
11689,T1056.001,T1088
11690,T1056.001,T1089
11691,T1056.001,T1090
11692,T1056.001,T1090.001
11693,T1056.001,T1094
11694,T1056.001,T1095
11695,T1056.001,T1098
11696,T1056.001,T1098.004
11697,T1056.001,T1099
11698,T1056.001,T1100
11699,T1056.001,T1102
11700,T1056.001,T1102.002
11701,T1056.001,T1104
11702,T1056.001,T1105
11703,T1056.001,T1106
11704,T1056.001,T1107
11705,T1056.001,T1108
11706,T1056.001,T1110
11707,T1056.001,T1110.003
11708,T1056.001,T1111
11709,T1056.001,T1112
11710,T1056.001,T1113
11711,T1056.001,T1114
11712,T1056.001,T1114.002
11713,T1056.001,T1114.003
11714,T1056.001,T1115
11715,T1056.001,T1116
11716,T1056.001,T1117
11717,T1056.001,T1119
11718,T1056.001,T1123
11719,T1056.001,T1124
11720,T1056.001,T1125
11721,T1056.001,T1132
11722,T1056.001,T1132.001
11723,T1056.001,T1133
11724,T1056.001,T1134
11725,T1056.001,T1134.001
11726,T1056.001,T1135
11727,T1056.001,T1136
11728,T1056.001,T1136.001
11729,T1056.001,T1139
11730,T1056.001,T1140
11731,T1056.001,T1143
11732,T1056.001,T1145
11733,T1056.001,T1146
11734,T1056.001,T1165
11735,T1056.001,T1176.001
11736,T1056.001,T1185
11737,T1056.001,T1187
11738,T1056.001,T1189
11739,T1056.001,T1190
11740,T1056.001,T1191
11741,T1056.001,T1192
11742,T1056.001,T1195
11743,T1056.001,T1195.002
11744,T1056.001,T1197
11745,T1056.001,T1199
11746,T1056.001,T1201
11747,T1056.001,T1202
11748,T1056.001,T1203
11749,T1056.001,T1204
11750,T1056.001,T1204.001
11751,T1056.001,T1204.002
11752,T1056.001,T1205
11753,T1056.001,T1211
11754,T1056.001,T1213
11755,T1056.001,T1213.001
11756,T1056.001,T1213.002
11757,T1056.001,T1213.005
11758,T1056.001,T1218.002
11759,T1056.001,T1218.005
11760,T1056.001,T1219
11761,T1056.001,T1219.002
11762,T1056.001,T1480
11763,T1056.001,T1482
11764,T1056.001,T1483
11765,T1056.001,T1484.001
11766,T1056.001,T1485
11767,T1056.001,T1486
11768,T1056.001,T1487
11769,T1056.001,T1489
11770,T1056.001,T1491
11771,T1056.001,T1497
11772,T1056.001,T1497.001
11773,T1056.001,T1499
11774,T1056.001,T1503
11775,T1056.001,T1505
11776,T1056.001,T1505.003
11777,T1056.001,T1518
11778,T1056.001,T1531
11779,T1056.001,T1534
11780,T1056.001,T1539
11781,T1056.001,T1542
11782,T1056.001,T1542.003
11783,T1056.001,T1543
11784,T1056.001,T1543.003
11785,T1056.001,T1546.016
11786,T1056.001,T1547
11787,T1056.001,T1547.001
11788,T1056.001,T1547.014
11789,T1056.001,T1548
11790,T1056.001,T1548.001
11791,T1056.001,T1548.002
11792,T1056.001,T1550
11793,T1056.001,T1550.002
11794,T1056.001,T1550.003
11795,T1056.001,T1552
11796,T1056.001,T1553
11797,T1056.001,T1553.002
11798,T1056.001,T1555
11799,T1056.001,T1555.004
11800,T1056.001,T1555.005
11801,T1056.001,T1556.006
11802,T1056.001,T1558
11803,T1056.001,T1558.001
11804,T1056.001,T1558.003
11805,T1056.001,T1559
11806,T1056.001,T1559.001
11807,T1056.001,T1559.002
11808,T1056.001,T1560
11809,T1056.001,T1560.003
11810,T1056.001,T1562
11811,T1056.001,T1562.001
11812,T1056.001,T1562.004
11813,T1056.001,T1562.007
11814,T1056.001,T1563
11815,T1056.001,T1564
11816,T1056.001,T1564.001
11817,T1056.001,T1564.003
11818,T1056.001,T1566.002
11819,T1056.001,T1568
11820,T1056.001,T1569
11821,T1056.001,T1569.002
11822,T1056.001,T1571
11823,T1056.001,T1572
11824,T1056.001,T1573
11825,T1056.001,T1573.001
11826,T1056.001,T1573.002
11827,T1056.001,T1574
11828,T1056.001,T1574.002
11829,T1056.001,T1574.012
11830,T1056.001,T1578
11831,T1056.001,T1578.002
11832,T1056.001,T1578.003
11833,T1056.001,T1583
11834,T1056.001,T1583.003
11835,T1056.001,T1583.008
11836,T1056.001,T1584.008
11837,T1056.001,T1588
11838,T1056.001,T1588.003
11839,T1056.001,T1588.007
11840,T1056.001,T1589.002
11841,T1056.001,T1590.005
11842,T1056.001,T1593.001
11843,T1056.001,T1593.002
11844,T1056.001,T1595.002
11845,T1056.001,T1601
11846,T1056.001,T1601.001
11847,T1056.001,T1608
11848,T1056.001,T1608.003
11849,T1056.001,T1669
11850,T1056.001,T1684
11851,T1056.001,T1686.001
11852,T1056.003,T1057
11853,T1056.003,T1059
11854,T1056.003,T1059.003
11855,T1056.003,T1059.004
11856,T1056.003,T1069
11857,T1056.003,T1069.002
11858,T1056.003,T1070
11859,T1056.003,T1071
11860,T1056.003,T1071.001
11861,T1056.003,T1074
11862,T1056.003,T1074.001
11863,T1056.003,T1077
11864,T1056.003,T1078
11865,T1056.003,T1078.001
11866,T1056.003,T1078.003
11867,T1056.003,T1082
11868,T1056.003,T1083
11869,T1056.003,T1087
11870,T1056.003,T1090.001
11871,T1056.003,T1095
11872,T1056.003,T1098.004
11873,T1056.003,T1102
11874,T1056.003,T1102.002
11875,T1056.003,T1105
11876,T1056.003,T1110
11877,T1056.003,T1110.003
11878,T1056.003,T1113
11879,T1056.003,T1114
11880,T1056.003,T1114.002
11881,T1056.003,T1119
11882,T1056.003,T1132
11883,T1056.003,T1132.001
11884,T1056.003,T1133
11885,T1056.003,T1134
11886,T1056.003,T1195
11887,T1056.003,T1201
11888,T1056.003,T1202
11889,T1056.003,T1204
11890,T1056.003,T1204.002
11891,T1056.003,T1213
11892,T1056.003,T1219
11893,T1056.003,T1485
11894,T1056.003,T1486
11895,T1056.003,T1499
11896,T1056.003,T1505
11897,T1056.003,T1531
11898,T1056.003,T1539
11899,T1056.003,T1543
11900,T1056.003,T1543.003
11901,T1056.003,T1550
11902,T1056.003,T1555.004
11903,T1056.003,T1558
11904,T1056.003,T1558.001
11905,T1056.003,T1559.001
11906,T1056.003,T1560
11907,T1056.003,T1560.003
11908,T1056.003,T1562
11909,T1056.003,T1571
11910,T1056.003,T1572
11911,T1056.003,T1573
11912,T1056.003,T1573.001
11913,T1056.003,T1574.012
11914,T1056.003,T1590.005
11915,T1057,T1058
11916,T1057,T1059
11917,T1057,T1059.001
11918,T1057,T1059.003
11919,T1057,T1059.004
11920,T1057,T1059.005
11921,T1057,T1059.006
11922,T1057,T1059.007
11923,T1057,T1059.009
11924,T1057,T1060
11925,T1057,T1061
11926,T1057,T1062
11927,T1057,T1063
11928,T1057,T1064
11929,T1057,T1065
11930,T1057,T1068
11931,T1057,T1069
11932,T1057,T1069.001
11933,T1057,T1069.002
11934,T1057,T1070
11935,T1057,T1070.001
11936,T1057,T1070.004
11937,T1057,T1070.005
11938,T1057,T1070.009
11939,T1057,T1071
11940,T1057,T1071.001
11941,T1057,T1071.002
11942,T1057,T1071.004
11943,T1057,T1074
11944,T1057,T1074.001
11945,T1057,T1074.002
11946,T1057,T1077
11947,T1057,T1078
11948,T1057,T1078.001
11949,T1057,T1078.002
11950,T1057,T1078.003
11951,T1057,T1079
11952,T1057,T1080
11953,T1057,T1081
11954,T1057,T1082
11955,T1057,T1083
11956,T1057,T1085
11957,T1057,T1086
11958,T1057,T1087
11959,T1057,T1087.001
11960,T1057,T1087.002
11961,T1057,T1088
11962,T1057,T1089
11963,T1057,T1090.001
11964,T1057,T1090.002
11965,T1057,T1091
11966,T1057,T1092
11967,T1057,T1094
11968,T1057,T1095
11969,T1057,T1098
11970,T1057,T1098.004
11971,T1057,T1099
11972,T1057,T1102
11973,T1057,T1102.002
11974,T1057,T1104
11975,T1057,T1105
11976,T1057,T1106
11977,T1057,T1107
11978,T1057,T1108
11979,T1057,T1110
11980,T1057,T1110.003
11981,T1057,T1110.004
11982,T1057,T1111
11983,T1057,T1112
11984,T1057,T1113
11985,T1057,T1114
11986,T1057,T1114.001
11987,T1057,T1114.002
11988,T1057,T1115
11989,T1057,T1116
11990,T1057,T1119
11991,T1057,T1120
11992,T1057,T1122
11993,T1057,T1123
11994,T1057,T1124
11995,T1057,T1125
11996,T1057,T1129
11997,T1057,T1132
11998,T1057,T1132.001
11999,T1057,T1132.002
12000,T1057,T1133
12001,T1057,T1134
12002,T1057,T1134.001
12003,T1057,T1134.002
12004,T1057,T1135
12005,T1057,T1136
12006,T1057,T1136.001
12007,T1057,T1136.002
12008,T1057,T1137
12009,T1057,T1137.001
12010,T1057,T1139
12011,T1057,T1140
12012,T1057,T1141
12013,T1057,T1143
12014,T1057,T1148
12015,T1057,T1149
12016,T1057,T1162
12017,T1057,T1163
12018,T1057,T1168
12019,T1057,T1171
12020,T1057,T1175
12021,T1057,T1176.001
12022,T1057,T1187
12023,T1057,T1189
12024,T1057,T1190
12025,T1057,T1192
12026,T1057,T1195
12027,T1057,T1196
12028,T1057,T1197
12029,T1057,T1199
12030,T1057,T1200
12031,T1057,T1201
12032,T1057,T1202
12033,T1057,T1203
12034,T1057,T1204
12035,T1057,T1204.001
12036,T1057,T1204.002
12037,T1057,T1204.005
12038,T1057,T1205
12039,T1057,T1205.001
12040,T1057,T1206
12041,T1057,T1210
12042,T1057,T1212
12043,T1057,T1213
12044,T1057,T1213.001
12045,T1057,T1213.002
12046,T1057,T1216.002
12047,T1057,T1218
12048,T1057,T1218.002
12049,T1057,T1218.003
12050,T1057,T1218.005
12051,T1057,T1218.011
12052,T1057,T1219
12053,T1057,T1220
12054,T1057,T1221
12055,T1057,T1222
12056,T1057,T1222.001
12057,T1057,T1480
12058,T1057,T1480.001
12059,T1057,T1482
12060,T1057,T1485
12061,T1057,T1486
12062,T1057,T1489
12063,T1057,T1490
12064,T1057,T1491
12065,T1057,T1495
12066,T1057,T1496
12067,T1057,T1497
12068,T1057,T1497.001
12069,T1057,T1497.003
12070,T1057,T1498
12071,T1057,T1499
12072,T1057,T1505
12073,T1057,T1505.002
12074,T1057,T1505.003
12075,T1057,T1518
12076,T1057,T1518.001
12077,T1057,T1529
12078,T1057,T1531
12079,T1057,T1539
12080,T1057,T1542
12081,T1057,T1542.003
12082,T1057,T1543
12083,T1057,T1543.002
12084,T1057,T1543.003
12085,T1057,T1546
12086,T1057,T1546.001
12087,T1057,T1546.003
12088,T1057,T1546.008
12089,T1057,T1546.012
12090,T1057,T1546.015
12091,T1057,T1547
12092,T1057,T1547.001
12093,T1057,T1547.004
12094,T1057,T1547.012
12095,T1057,T1548
12096,T1057,T1548.002
12097,T1057,T1550
12098,T1057,T1550.002
12099,T1057,T1552
12100,T1057,T1552.001
12101,T1057,T1552.003
12102,T1057,T1553
12103,T1057,T1553.002
12104,T1057,T1554
12105,T1057,T1555
12106,T1057,T1555.003
12107,T1057,T1555.004
12108,T1057,T1555.005
12109,T1057,T1556.004
12110,T1057,T1556.006
12111,T1057,T1558
12112,T1057,T1558.001
12113,T1057,T1559
12114,T1057,T1559.001
12115,T1057,T1559.002
12116,T1057,T1560
12117,T1057,T1560.001
12118,T1057,T1560.002
12119,T1057,T1560.003
12120,T1057,T1562
12121,T1057,T1562.001
12122,T1057,T1562.004
12123,T1057,T1564
12124,T1057,T1564.001
12125,T1057,T1564.003
12126,T1057,T1564.014
12127,T1057,T1565
12128,T1057,T1566
12129,T1057,T1566.001
12130,T1057,T1566.002
12131,T1057,T1567
12132,T1057,T1567.002
12133,T1057,T1569
12134,T1057,T1569.002
12135,T1057,T1570
12136,T1057,T1571
12137,T1057,T1572
12138,T1057,T1573
12139,T1057,T1573.001
12140,T1057,T1573.002
12141,T1057,T1574
12142,T1057,T1574.001
12143,T1057,T1574.002
12144,T1057,T1574.012
12145,T1057,T1583
12146,T1057,T1583.003
12147,T1057,T1583.006
12148,T1057,T1583.008
12149,T1057,T1584
12150,T1057,T1584.004
12151,T1057,T1584.008
12152,T1057,T1585
12153,T1057,T1585.003
12154,T1057,T1587.003
12155,T1057,T1588
12156,T1057,T1588.002
12157,T1057,T1588.003
12158,T1057,T1588.004
12159,T1057,T1589.002
12160,T1057,T1590
12161,T1057,T1590.005
12162,T1057,T1592.004
12163,T1057,T1593.001
12164,T1057,T1595
12165,T1057,T1601
12166,T1057,T1601.001
12167,T1057,T1606.001
12168,T1057,T1608
12169,T1057,T1608.001
12170,T1057,T1608.002
12171,T1057,T1608.003
12172,T1057,T1608.004
12173,T1057,T1608.005
12174,T1057,T1608.006
12175,T1057,T1615
12176,T1057,T1620
12177,T1057,T1669
12178,T1057,T1684
12179,T1058,T1059.005
12180,T1058,T1059.007
12181,T1058,T1061
12182,T1058,T1062
12183,T1058,T1064
12184,T1058,T1065
12185,T1058,T1068
12186,T1058,T1069
12187,T1058,T1070
12188,T1058,T1071
12189,T1058,T1074
12190,T1058,T1077
12191,T1058,T1078
12192,T1058,T1078.003
12193,T1058,T1079
12194,T1058,T1080
12195,T1058,T1082
12196,T1058,T1083
12197,T1058,T1086
12198,T1058,T1087
12199,T1058,T1089
12200,T1058,T1091
12201,T1058,T1092
12202,T1058,T1094
12203,T1058,T1095
12204,T1058,T1098
12205,T1058,T1102
12206,T1058,T1104
12207,T1058,T1108
12208,T1058,T1110
12209,T1058,T1110.003
12210,T1058,T1112
12211,T1058,T1113
12212,T1058,T1114
12213,T1058,T1115
12214,T1058,T1119
12215,T1058,T1120
12216,T1058,T1123
12217,T1058,T1124
12218,T1058,T1125
12219,T1058,T1132
12220,T1058,T1133
12221,T1058,T1134
12222,T1058,T1135
12223,T1058,T1136
12224,T1058,T1137
12225,T1058,T1139
12226,T1058,T1140
12227,T1058,T1141
12228,T1058,T1148
12229,T1058,T1149
12230,T1058,T1162
12231,T1058,T1163
12232,T1058,T1168
12233,T1058,T1171
12234,T1058,T1175
12235,T1058,T1176.001
12236,T1058,T1187
12237,T1058,T1189
12238,T1058,T1190
12239,T1058,T1195
12240,T1058,T1196
12241,T1058,T1197
12242,T1058,T1199
12243,T1058,T1200
12244,T1058,T1201
12245,T1058,T1202
12246,T1058,T1203
12247,T1058,T1204
12248,T1058,T1204.002
12249,T1058,T1205.001
12250,T1058,T1206
12251,T1058,T1210
12252,T1058,T1212
12253,T1058,T1213
12254,T1058,T1213.002
12255,T1058,T1218.002
12256,T1058,T1219
12257,T1058,T1220
12258,T1058,T1221
12259,T1058,T1480
12260,T1058,T1482
12261,T1058,T1485
12262,T1058,T1486
12263,T1058,T1489
12264,T1058,T1490
12265,T1058,T1491
12266,T1058,T1495
12267,T1058,T1496
12268,T1058,T1498
12269,T1058,T1499
12270,T1058,T1505
12271,T1058,T1505.002
12272,T1058,T1518
12273,T1058,T1529
12274,T1058,T1531
12275,T1058,T1539
12276,T1058,T1543.003
12277,T1058,T1552.003
12278,T1058,T1555.005
12279,T1058,T1559.001
12280,T1058,T1565
12281,T1058,T1590.005
12282,T1058,T1593.001
12283,T1058,T1684
12284,T1059,T1059.001
12285,T1059,T1059.003
12286,T1059,T1059.004
12287,T1059,T1059.005
12288,T1059,T1059.007
12289,T1059,T1059.009
12290,T1059,T1060
12291,T1059,T1063
12292,T1059,T1064
12293,T1059,T1065
12294,T1059,T1069
12295,T1059,T1069.001
12296,T1059,T1069.002
12297,T1059,T1070
12298,T1059,T1070.001
12299,T1059,T1070.003
12300,T1059,T1070.004
12301,T1059,T1070.005
12302,T1059,T1070.006
12303,T1059,T1070.009
12304,T1059,T1071
12305,T1059,T1071.001
12306,T1059,T1071.002
12307,T1059,T1071.004
12308,T1059,T1072
12309,T1059,T1073
12310,T1059,T1074
12311,T1059,T1074.001
12312,T1059,T1074.002
12313,T1059,T1077
12314,T1059,T1078
12315,T1059,T1078.001
12316,T1059,T1078.002
12317,T1059,T1078.003
12318,T1059,T1080
12319,T1059,T1081
12320,T1059,T1082
12321,T1059,T1083
12322,T1059,T1085
12323,T1059,T1086
12324,T1059,T1087
12325,T1059,T1087.001
12326,T1059,T1087.002
12327,T1059,T1087.003
12328,T1059,T1088
12329,T1059,T1089
12330,T1059,T1090.001
12331,T1059,T1090.003
12332,T1059,T1090.004
12333,T1059,T1091
12334,T1059,T1095
12335,T1059,T1098
12336,T1059,T1098.004
12337,T1059,T1099
12338,T1059,T1102
12339,T1059,T1102.002
12340,T1059,T1105
12341,T1059,T1106
12342,T1059,T1107
12343,T1059,T1108
12344,T1059,T1110
12345,T1059,T1110.003
12346,T1059,T1110.004
12347,T1059,T1111
12348,T1059,T1112
12349,T1059,T1113
12350,T1059,T1114
12351,T1059,T1114.001
12352,T1059,T1114.002
12353,T1059,T1114.003
12354,T1059,T1115
12355,T1059,T1117
12356,T1059,T1119
12357,T1059,T1123
12358,T1059,T1124
12359,T1059,T1125
12360,T1059,T1129
12361,T1059,T1132
12362,T1059,T1132.001
12363,T1059,T1132.002
12364,T1059,T1133
12365,T1059,T1134
12366,T1059,T1134.001
12367,T1059,T1134.002
12368,T1059,T1134.004
12369,T1059,T1135
12370,T1059,T1136
12371,T1059,T1136.001
12372,T1059,T1136.002
12373,T1059,T1140
12374,T1059,T1143
12375,T1059,T1158
12376,T1059,T1187
12377,T1059,T1189
12378,T1059,T1190
12379,T1059,T1193
12380,T1059,T1194
12381,T1059,T1195
12382,T1059,T1197
12383,T1059,T1199
12384,T1059,T1201
12385,T1059,T1202
12386,T1059,T1203
12387,T1059,T1204
12388,T1059,T1204.001
12389,T1059,T1204.002
12390,T1059,T1204.003
12391,T1059,T1204.005
12392,T1059,T1210
12393,T1059,T1211
12394,T1059,T1213
12395,T1059,T1213.001
12396,T1059,T1213.002
12397,T1059,T1216.002
12398,T1059,T1218
12399,T1059,T1218.002
12400,T1059,T1218.005
12401,T1059,T1218.011
12402,T1059,T1219
12403,T1059,T1220
12404,T1059,T1221
12405,T1059,T1222
12406,T1059,T1480
12407,T1059,T1482
12408,T1059,T1484.001
12409,T1059,T1485
12410,T1059,T1486
12411,T1059,T1489
12412,T1059,T1496
12413,T1059,T1497
12414,T1059,T1497.001
12415,T1059,T1499
12416,T1059,T1505
12417,T1059,T1505.003
12418,T1059,T1518
12419,T1059,T1518.001
12420,T1059,T1528
12421,T1059,T1531
12422,T1059,T1534
12423,T1059,T1537
12424,T1059,T1539
12425,T1059,T1543
12426,T1059,T1543.003
12427,T1059,T1546
12428,T1059,T1546.003
12429,T1059,T1546.008
12430,T1059,T1546.012
12431,T1059,T1546.015
12432,T1059,T1547
12433,T1059,T1547.001
12434,T1059,T1547.012
12435,T1059,T1548
12436,T1059,T1548.001
12437,T1059,T1548.002
12438,T1059,T1550
12439,T1059,T1550.002
12440,T1059,T1550.003
12441,T1059,T1552
12442,T1059,T1552.001
12443,T1059,T1553
12444,T1059,T1553.002
12445,T1059,T1554
12446,T1059,T1555
12447,T1059,T1555.003
12448,T1059,T1555.004
12449,T1059,T1556
12450,T1059,T1556.004
12451,T1059,T1556.006
12452,T1059,T1556.008
12453,T1059,T1558
12454,T1059,T1558.001
12455,T1059,T1558.003
12456,T1059,T1559
12457,T1059,T1559.001
12458,T1059,T1559.002
12459,T1059,T1560
12460,T1059,T1560.001
12461,T1059,T1560.003
12462,T1059,T1562
12463,T1059,T1562.001
12464,T1059,T1562.004
12465,T1059,T1562.007
12466,T1059,T1563
12467,T1059,T1564
12468,T1059,T1564.001
12469,T1059,T1564.003
12470,T1059,T1566
12471,T1059,T1566.001
12472,T1059,T1566.002
12473,T1059,T1567
12474,T1059,T1567.002
12475,T1059,T1568
12476,T1059,T1569
12477,T1059,T1569.002
12478,T1059,T1570
12479,T1059,T1571
12480,T1059,T1572
12481,T1059,T1573
12482,T1059,T1573.001
12483,T1059,T1573.002
12484,T1059,T1574
12485,T1059,T1574.001
12486,T1059,T1574.002
12487,T1059,T1574.012
12488,T1059,T1578
12489,T1059,T1578.002
12490,T1059,T1578.003
12491,T1059,T1583
12492,T1059,T1583.001
12493,T1059,T1583.002
12494,T1059,T1583.003
12495,T1059,T1584.008
12496,T1059,T1587
12497,T1059,T1587.001
12498,T1059,T1587.002
12499,T1059,T1588
12500,T1059,T1588.003
12501,T1059,T1588.004
12502,T1059,T1588.007
12503,T1059,T1589
12504,T1059,T1589.001
12505,T1059,T1589.002
12506,T1059,T1590.005
12507,T1059,T1592.004
12508,T1059,T1595
12509,T1059,T1595.002
12510,T1059,T1608
12511,T1059,T1608.001
12512,T1059,T1608.003
12513,T1059,T1608.006
12514,T1059,T1610
12515,T1059,T1615
12516,T1059,T1684
12517,T1059,T1686.001
12518,T1059.001,T1059.003
12519,T1059.001,T1059.005
12520,T1059.001,T1059.006
12521,T1059.001,T1059.007
12522,T1059.001,T1059.009
12523,T1059.001,T1061
12524,T1059.001,T1068
12525,T1059.001,T1069
12526,T1059.001,T1069.001
12527,T1059.001,T1069.002
12528,T1059.001,T1070
12529,T1059.001,T1070.001
12530,T1059.001,T1070.003
12531,T1059.001,T1070.004
12532,T1059.001,T1070.005
12533,T1059.001,T1070.006
12534,T1059.001,T1070.009
12535,T1059.001,T1071
12536,T1059.001,T1071.001
12537,T1059.001,T1071.002
12538,T1059.001,T1071.004
12539,T1059.001,T1074
12540,T1059.001,T1074.001
12541,T1059.001,T1074.002
12542,T1059.001,T1077
12543,T1059.001,T1078
12544,T1059.001,T1078.001
12545,T1059.001,T1078.002
12546,T1059.001,T1078.003
12547,T1059.001,T1080
12548,T1059.001,T1082
12549,T1059.001,T1083
12550,T1059.001,T1087
12551,T1059.001,T1087.002
12552,T1059.001,T1087.003
12553,T1059.001,T1090.002
12554,T1059.001,T1090.003
12555,T1059.001,T1091
12556,T1059.001,T1095
12557,T1059.001,T1098
12558,T1059.001,T1098.004
12559,T1059.001,T1102
12560,T1059.001,T1102.002
12561,T1059.001,T1104
12562,T1059.001,T1105
12563,T1059.001,T1106
12564,T1059.001,T1110.003
12565,T1059.001,T1111
12566,T1059.001,T1112
12567,T1059.001,T1113
12568,T1059.001,T1114
12569,T1059.001,T1114.003
12570,T1059.001,T1115
12571,T1059.001,T1119
12572,T1059.001,T1123
12573,T1059.001,T1124
12574,T1059.001,T1125
12575,T1059.001,T1132
12576,T1059.001,T1132.001
12577,T1059.001,T1133
12578,T1059.001,T1134
12579,T1059.001,T1135
12580,T1059.001,T1136
12581,T1059.001,T1136.001
12582,T1059.001,T1136.002
12583,T1059.001,T1137.001
12584,T1059.001,T1140
12585,T1059.001,T1187
12586,T1059.001,T1189
12587,T1059.001,T1190
12588,T1059.001,T1197
12589,T1059.001,T1199
12590,T1059.001,T1202
12591,T1059.001,T1203
12592,T1059.001,T1204
12593,T1059.001,T1204.001
12594,T1059.001,T1204.002
12595,T1059.001,T1204.005
12596,T1059.001,T1210
12597,T1059.001,T1211
12598,T1059.001,T1213
12599,T1059.001,T1213.001
12600,T1059.001,T1213.002
12601,T1059.001,T1216.002
12602,T1059.001,T1218
12603,T1059.001,T1218.002
12604,T1059.001,T1218.003
12605,T1059.001,T1218.005
12606,T1059.001,T1218.011
12607,T1059.001,T1219
12608,T1059.001,T1222
12609,T1059.001,T1222.001
12610,T1059.001,T1480
12611,T1059.001,T1482
12612,T1059.001,T1484.001
12613,T1059.001,T1486
12614,T1059.001,T1489
12615,T1059.001,T1496
12616,T1059.001,T1497
12617,T1059.001,T1497.001
12618,T1059.001,T1505
12619,T1059.001,T1505.003
12620,T1059.001,T1518
12621,T1059.001,T1518.001
12622,T1059.001,T1531
12623,T1059.001,T1534
12624,T1059.001,T1539
12625,T1059.001,T1543
12626,T1059.001,T1543.003
12627,T1059.001,T1546
12628,T1059.001,T1546.001
12629,T1059.001,T1546.003
12630,T1059.001,T1546.008
12631,T1059.001,T1546.012
12632,T1059.001,T1546.015
12633,T1059.001,T1547
12634,T1059.001,T1547.001
12635,T1059.001,T1547.004
12636,T1059.001,T1548
12637,T1059.001,T1548.001
12638,T1059.001,T1548.002
12639,T1059.001,T1550
12640,T1059.001,T1550.002
12641,T1059.001,T1550.003
12642,T1059.001,T1552
12643,T1059.001,T1552.001
12644,T1059.001,T1553
12645,T1059.001,T1553.002
12646,T1059.001,T1555
12647,T1059.001,T1555.003
12648,T1059.001,T1555.004
12649,T1059.001,T1556
12650,T1059.001,T1556.006
12651,T1059.001,T1556.008
12652,T1059.001,T1558
12653,T1059.001,T1558.001
12654,T1059.001,T1558.003
12655,T1059.001,T1559
12656,T1059.001,T1559.001
12657,T1059.001,T1559.002
12658,T1059.001,T1560
12659,T1059.001,T1560.001
12660,T1059.001,T1562
12661,T1059.001,T1562.001
12662,T1059.001,T1562.004
12663,T1059.001,T1562.007
12664,T1059.001,T1563
12665,T1059.001,T1564
12666,T1059.001,T1564.001
12667,T1059.001,T1564.003
12668,T1059.001,T1566
12669,T1059.001,T1566.001
12670,T1059.001,T1566.002
12671,T1059.001,T1567
12672,T1059.001,T1567.002
12673,T1059.001,T1568
12674,T1059.001,T1569
12675,T1059.001,T1569.002
12676,T1059.001,T1570
12677,T1059.001,T1571
12678,T1059.001,T1572
12679,T1059.001,T1573
12680,T1059.001,T1573.001
12681,T1059.001,T1573.002
12682,T1059.001,T1574
12683,T1059.001,T1574.001
12684,T1059.001,T1574.002
12685,T1059.001,T1578
12686,T1059.001,T1578.002
12687,T1059.001,T1578.003
12688,T1059.001,T1583
12689,T1059.001,T1583.001
12690,T1059.001,T1583.002
12691,T1059.001,T1583.003
12692,T1059.001,T1583.006
12693,T1059.001,T1584.008
12694,T1059.001,T1587
12695,T1059.001,T1587.001
12696,T1059.001,T1588
12697,T1059.001,T1588.002
12698,T1059.001,T1588.003
12699,T1059.001,T1588.004
12700,T1059.001,T1589
12701,T1059.001,T1589.001
12702,T1059.001,T1589.002
12703,T1059.001,T1590
12704,T1059.001,T1590.005
12705,T1059.001,T1595
12706,T1059.001,T1608
12707,T1059.001,T1608.003
12708,T1059.001,T1608.006
12709,T1059.001,T1615
12710,T1059.001,T1684
12711,T1059.001,T1686.001
12712,T1059.003,T1059.004
12713,T1059.003,T1059.007
12714,T1059.003,T1059.009
12715,T1059.003,T1061
12716,T1059.003,T1068
12717,T1059.003,T1069
12718,T1059.003,T1069.001
12719,T1059.003,T1069.002
12720,T1059.003,T1070
12721,T1059.003,T1070.001
12722,T1059.003,T1070.004
12723,T1059.003,T1070.005
12724,T1059.003,T1070.006
12725,T1059.003,T1070.009
12726,T1059.003,T1071
12727,T1059.003,T1071.001
12728,T1059.003,T1071.002
12729,T1059.003,T1071.004
12730,T1059.003,T1074
12731,T1059.003,T1074.001
12732,T1059.003,T1074.002
12733,T1059.003,T1077
12734,T1059.003,T1078
12735,T1059.003,T1078.001
12736,T1059.003,T1078.002
12737,T1059.003,T1078.003
12738,T1059.003,T1080
12739,T1059.003,T1082
12740,T1059.003,T1083
12741,T1059.003,T1087
12742,T1059.003,T1087.001
12743,T1059.003,T1087.002
12744,T1059.003,T1087.003
12745,T1059.003,T1089
12746,T1059.003,T1090.001
12747,T1059.003,T1091
12748,T1059.003,T1095
12749,T1059.003,T1098
12750,T1059.003,T1098.004
12751,T1059.003,T1102
12752,T1059.003,T1102.002
12753,T1059.003,T1104
12754,T1059.003,T1105
12755,T1059.003,T1106
12756,T1059.003,T1110
12757,T1059.003,T1110.003
12758,T1059.003,T1110.004
12759,T1059.003,T1111
12760,T1059.003,T1112
12761,T1059.003,T1113
12762,T1059.003,T1114
12763,T1059.003,T1114.001
12764,T1059.003,T1114.002
12765,T1059.003,T1119
12766,T1059.003,T1124
12767,T1059.003,T1132
12768,T1059.003,T1132.001
12769,T1059.003,T1132.002
12770,T1059.003,T1133
12771,T1059.003,T1134
12772,T1059.003,T1134.001
12773,T1059.003,T1134.002
12774,T1059.003,T1134.004
12775,T1059.003,T1135
12776,T1059.003,T1136
12777,T1059.003,T1136.002
12778,T1059.003,T1140
12779,T1059.003,T1185
12780,T1059.003,T1189
12781,T1059.003,T1190
12782,T1059.003,T1195
12783,T1059.003,T1197
12784,T1059.003,T1201
12785,T1059.003,T1202
12786,T1059.003,T1204
12787,T1059.003,T1204.001
12788,T1059.003,T1204.002
12789,T1059.003,T1204.005
12790,T1059.003,T1205
12791,T1059.003,T1210
12792,T1059.003,T1213
12793,T1059.003,T1213.001
12794,T1059.003,T1213.002
12795,T1059.003,T1216.002
12796,T1059.003,T1218.005
12797,T1059.003,T1218.011
12798,T1059.003,T1219
12799,T1059.003,T1222
12800,T1059.003,T1222.001
12801,T1059.003,T1480
12802,T1059.003,T1482
12803,T1059.003,T1485
12804,T1059.003,T1486
12805,T1059.003,T1496
12806,T1059.003,T1499
12807,T1059.003,T1505
12808,T1059.003,T1505.003
12809,T1059.003,T1518
12810,T1059.003,T1518.001
12811,T1059.003,T1531
12812,T1059.003,T1539
12813,T1059.003,T1543
12814,T1059.003,T1543.003
12815,T1059.003,T1546
12816,T1059.003,T1546.001
12817,T1059.003,T1546.003
12818,T1059.003,T1546.008
12819,T1059.003,T1546.012
12820,T1059.003,T1546.015
12821,T1059.003,T1547
12822,T1059.003,T1547.001
12823,T1059.003,T1547.004
12824,T1059.003,T1548
12825,T1059.003,T1548.002
12826,T1059.003,T1550
12827,T1059.003,T1550.002
12828,T1059.003,T1552
12829,T1059.003,T1552.001
12830,T1059.003,T1554
12831,T1059.003,T1555
12832,T1059.003,T1555.003
12833,T1059.003,T1555.004
12834,T1059.003,T1556
12835,T1059.003,T1556.004
12836,T1059.003,T1556.006
12837,T1059.003,T1556.008
12838,T1059.003,T1558
12839,T1059.003,T1558.001
12840,T1059.003,T1559.001
12841,T1059.003,T1560
12842,T1059.003,T1560.001
12843,T1059.003,T1560.003
12844,T1059.003,T1562
12845,T1059.003,T1562.001
12846,T1059.003,T1562.004
12847,T1059.003,T1564
12848,T1059.003,T1564.001
12849,T1059.003,T1564.003
12850,T1059.003,T1566
12851,T1059.003,T1566.001
12852,T1059.003,T1566.002
12853,T1059.003,T1567
12854,T1059.003,T1567.002
12855,T1059.003,T1569
12856,T1059.003,T1569.002
12857,T1059.003,T1570
12858,T1059.003,T1571
12859,T1059.003,T1572
12860,T1059.003,T1573
12861,T1059.003,T1573.001
12862,T1059.003,T1573.002
12863,T1059.003,T1574
12864,T1059.003,T1574.001
12865,T1059.003,T1574.002
12866,T1059.003,T1574.012
12867,T1059.003,T1583
12868,T1059.003,T1583.001
12869,T1059.003,T1583.002
12870,T1059.003,T1584.008
12871,T1059.003,T1587
12872,T1059.003,T1587.001
12873,T1059.003,T1587.002
12874,T1059.003,T1588
12875,T1059.003,T1588.006
12876,T1059.003,T1589.002
12877,T1059.003,T1590
12878,T1059.003,T1590.005
12879,T1059.003,T1592.004
12880,T1059.003,T1593.001
12881,T1059.003,T1595
12882,T1059.003,T1608
12883,T1059.003,T1608.001
12884,T1059.003,T1614
12885,T1059.003,T1615
12886,T1059.003,T1684
12887,T1059.004,T1069
12888,T1059.004,T1069.002
12889,T1059.004,T1070
12890,T1059.004,T1071
12891,T1059.004,T1071.001
12892,T1059.004,T1074
12893,T1059.004,T1074.001
12894,T1059.004,T1077
12895,T1059.004,T1078
12896,T1059.004,T1078.001
12897,T1059.004,T1078.003
12898,T1059.004,T1082
12899,T1059.004,T1083
12900,T1059.004,T1087
12901,T1059.004,T1090
12902,T1059.004,T1090.001
12903,T1059.004,T1095
12904,T1059.004,T1098.004
12905,T1059.004,T1102
12906,T1059.004,T1102.002
12907,T1059.004,T1105
12908,T1059.004,T1110
12909,T1059.004,T1110.003
12910,T1059.004,T1113
12911,T1059.004,T1114
12912,T1059.004,T1114.002
12913,T1059.004,T1119
12914,T1059.004,T1132
12915,T1059.004,T1132.001
12916,T1059.004,T1133
12917,T1059.004,T1134
12918,T1059.004,T1195
12919,T1059.004,T1201
12920,T1059.004,T1202
12921,T1059.004,T1204
12922,T1059.004,T1204.002
12923,T1059.004,T1213
12924,T1059.004,T1219
12925,T1059.004,T1485
12926,T1059.004,T1486
12927,T1059.004,T1499
12928,T1059.004,T1505
12929,T1059.004,T1531
12930,T1059.004,T1539
12931,T1059.004,T1543
12932,T1059.004,T1543.003
12933,T1059.004,T1550
12934,T1059.004,T1555.004
12935,T1059.004,T1558
12936,T1059.004,T1558.001
12937,T1059.004,T1559.001
12938,T1059.004,T1560
12939,T1059.004,T1560.003
12940,T1059.004,T1562
12941,T1059.004,T1571
12942,T1059.004,T1572
12943,T1059.004,T1573
12944,T1059.004,T1573.001
12945,T1059.004,T1574.012
12946,T1059.004,T1590.005
12947,T1059.005,T1059.006
12948,T1059.005,T1059.007
12949,T1059.005,T1060
12950,T1059.005,T1062
12951,T1059.005,T1065
12952,T1059.005,T1068
12953,T1059.005,T1069
12954,T1059.005,T1069.001
12955,T1059.005,T1070
12956,T1059.005,T1071
12957,T1059.005,T1071.001
12958,T1059.005,T1071.004
12959,T1059.005,T1074
12960,T1059.005,T1077
12961,T1059.005,T1078
12962,T1059.005,T1078.003
12963,T1059.005,T1079
12964,T1059.005,T1082
12965,T1059.005,T1083
12966,T1059.005,T1087
12967,T1059.005,T1087.002
12968,T1059.005,T1087.003
12969,T1059.005,T1089
12970,T1059.005,T1090.002
12971,T1059.005,T1090.004
12972,T1059.005,T1092
12973,T1059.005,T1094
12974,T1059.005,T1095
12975,T1059.005,T1098
12976,T1059.005,T1102
12977,T1059.005,T1102.002
12978,T1059.005,T1102.003
12979,T1059.005,T1104
12980,T1059.005,T1105
12981,T1059.005,T1108
12982,T1059.005,T1110
12983,T1059.005,T1112
12984,T1059.005,T1113
12985,T1059.005,T1114
12986,T1059.005,T1114.002
12987,T1059.005,T1115
12988,T1059.005,T1116
12989,T1059.005,T1119
12990,T1059.005,T1120
12991,T1059.005,T1123
12992,T1059.005,T1124
12993,T1059.005,T1125
12994,T1059.005,T1132
12995,T1059.005,T1132.001
12996,T1059.005,T1133
12997,T1059.005,T1134
12998,T1059.005,T1135
12999,T1059.005,T1136
13000,T1059.005,T1137
13001,T1059.005,T1137.001
13002,T1059.005,T1139
13003,T1059.005,T1140
13004,T1059.005,T1141
13005,T1059.005,T1148
13006,T1059.005,T1149
13007,T1059.005,T1162
13008,T1059.005,T1163
13009,T1059.005,T1168
13010,T1059.005,T1176.001
13011,T1059.005,T1187
13012,T1059.005,T1190
13013,T1059.005,T1193
13014,T1059.005,T1195
13015,T1059.005,T1196
13016,T1059.005,T1197
13017,T1059.005,T1199
13018,T1059.005,T1201
13019,T1059.005,T1202
13020,T1059.005,T1204
13021,T1059.005,T1204.002
13022,T1059.005,T1205.001
13023,T1059.005,T1206
13024,T1059.005,T1212
13025,T1059.005,T1213
13026,T1059.005,T1213.002
13027,T1059.005,T1216.002
13028,T1059.005,T1218.002
13029,T1059.005,T1218.003
13030,T1059.005,T1218.005
13031,T1059.005,T1218.011
13032,T1059.005,T1219
13033,T1059.005,T1219.002
13034,T1059.005,T1220
13035,T1059.005,T1221
13036,T1059.005,T1480
13037,T1059.005,T1482
13038,T1059.005,T1491
13039,T1059.005,T1505.003
13040,T1059.005,T1518
13041,T1059.005,T1518.001
13042,T1059.005,T1528
13043,T1059.005,T1543
13044,T1059.005,T1543.003
13045,T1059.005,T1547
13046,T1059.005,T1547.001
13047,T1059.005,T1547.009
13048,T1059.005,T1547.012
13049,T1059.005,T1548
13050,T1059.005,T1552
13051,T1059.005,T1552.001
13052,T1059.005,T1552.004
13053,T1059.005,T1555
13054,T1059.005,T1555.003
13055,T1059.005,T1555.004
13056,T1059.005,T1555.005
13057,T1059.005,T1556.006
13058,T1059.005,T1559
13059,T1059.005,T1559.001
13060,T1059.005,T1559.002
13061,T1059.005,T1560
13062,T1059.005,T1560.001
13063,T1059.005,T1560.003
13064,T1059.005,T1562
13065,T1059.005,T1562.001
13066,T1059.005,T1564
13067,T1059.005,T1564.001
13068,T1059.005,T1566.001
13069,T1059.005,T1569
13070,T1059.005,T1569.002
13071,T1059.005,T1571
13072,T1059.005,T1572
13073,T1059.005,T1573
13074,T1059.005,T1573.001
13075,T1059.005,T1574
13076,T1059.005,T1574.002
13077,T1059.005,T1583.006
13078,T1059.005,T1583.008
13079,T1059.005,T1588
13080,T1059.005,T1588.002
13081,T1059.005,T1589.002
13082,T1059.005,T1590.005
13083,T1059.005,T1593.001
13084,T1059.005,T1595.002
13085,T1059.005,T1608
13086,T1059.005,T1610
13087,T1059.005,T1684
13088,T1059.006,T1059.007
13089,T1059.006,T1071
13090,T1059.006,T1071.001
13091,T1059.006,T1082
13092,T1059.006,T1083
13093,T1059.006,T1087.002
13094,T1059.006,T1090.002
13095,T1059.006,T1102.002
13096,T1059.006,T1104
13097,T1059.006,T1105
13098,T1059.006,T1113
13099,T1059.006,T1132.001
13100,T1059.006,T1137.001
13101,T1059.006,T1140
13102,T1059.006,T1204.002
13103,T1059.006,T1218.003
13104,T1059.006,T1218.005
13105,T1059.006,T1218.011
13106,T1059.006,T1219
13107,T1059.006,T1480
13108,T1059.006,T1518
13109,T1059.006,T1518.001
13110,T1059.006,T1547.001
13111,T1059.006,T1552
13112,T1059.006,T1552.001
13113,T1059.006,T1555
13114,T1059.006,T1555.003
13115,T1059.006,T1556.006
13116,T1059.006,T1559
13117,T1059.006,T1559.001
13118,T1059.006,T1559.002
13119,T1059.006,T1560
13120,T1059.006,T1560.001
13121,T1059.006,T1562
13122,T1059.006,T1562.001
13123,T1059.006,T1566.001
13124,T1059.006,T1574.002
13125,T1059.006,T1583.006
13126,T1059.006,T1588
13127,T1059.006,T1588.002
13128,T1059.006,T1589.002
13129,T1059.006,T1590.005
13130,T1059.007,T1060
13131,T1059.007,T1061
13132,T1059.007,T1062
13133,T1059.007,T1063
13134,T1059.007,T1064
13135,T1059.007,T1065
13136,T1059.007,T1068
13137,T1059.007,T1069
13138,T1059.007,T1070
13139,T1059.007,T1070.004
13140,T1059.007,T1071
13141,T1059.007,T1071.001
13142,T1059.007,T1074
13143,T1059.007,T1077
13144,T1059.007,T1078
13145,T1059.007,T1078.003
13146,T1059.007,T1079
13147,T1059.007,T1080
13148,T1059.007,T1082
13149,T1059.007,T1083
13150,T1059.007,T1085
13151,T1059.007,T1086
13152,T1059.007,T1087
13153,T1059.007,T1087.001
13154,T1059.007,T1087.002
13155,T1059.007,T1087.003
13156,T1059.007,T1088
13157,T1059.007,T1089
13158,T1059.007,T1090
13159,T1059.007,T1090.002
13160,T1059.007,T1091
13161,T1059.007,T1092
13162,T1059.007,T1094
13163,T1059.007,T1095
13164,T1059.007,T1098
13165,T1059.007,T1098.004
13166,T1059.007,T1099
13167,T1059.007,T1102
13168,T1059.007,T1102.002
13169,T1059.007,T1102.003
13170,T1059.007,T1104
13171,T1059.007,T1105
13172,T1059.007,T1106
13173,T1059.007,T1107
13174,T1059.007,T1108
13175,T1059.007,T1110
13176,T1059.007,T1110.003
13177,T1059.007,T1110.004
13178,T1059.007,T1112
13179,T1059.007,T1113
13180,T1059.007,T1114
13181,T1059.007,T1115
13182,T1059.007,T1116
13183,T1059.007,T1117
13184,T1059.007,T1119
13185,T1059.007,T1120
13186,T1059.007,T1123
13187,T1059.007,T1124
13188,T1059.007,T1125
13189,T1059.007,T1132
13190,T1059.007,T1132.001
13191,T1059.007,T1133
13192,T1059.007,T1134
13193,T1059.007,T1135
13194,T1059.007,T1136
13195,T1059.007,T1137.001
13196,T1059.007,T1139
13197,T1059.007,T1140
13198,T1059.007,T1141
13199,T1059.007,T1143
13200,T1059.007,T1148
13201,T1059.007,T1149
13202,T1059.007,T1162
13203,T1059.007,T1163
13204,T1059.007,T1168
13205,T1059.007,T1171
13206,T1059.007,T1175
13207,T1059.007,T1176.001
13208,T1059.007,T1185
13209,T1059.007,T1187
13210,T1059.007,T1189
13211,T1059.007,T1190
13212,T1059.007,T1191
13213,T1059.007,T1192
13214,T1059.007,T1195
13215,T1059.007,T1196
13216,T1059.007,T1197
13217,T1059.007,T1199
13218,T1059.007,T1200
13219,T1059.007,T1201
13220,T1059.007,T1202
13221,T1059.007,T1203
13222,T1059.007,T1204
13223,T1059.007,T1204.001
13224,T1059.007,T1204.002
13225,T1059.007,T1204.003
13226,T1059.007,T1204.005
13227,T1059.007,T1205.001
13228,T1059.007,T1206
13229,T1059.007,T1210
13230,T1059.007,T1212
13231,T1059.007,T1213
13232,T1059.007,T1213.001
13233,T1059.007,T1213.002
13234,T1059.007,T1213.005
13235,T1059.007,T1218
13236,T1059.007,T1218.002
13237,T1059.007,T1218.003
13238,T1059.007,T1218.005
13239,T1059.007,T1218.011
13240,T1059.007,T1219
13241,T1059.007,T1219.002
13242,T1059.007,T1220
13243,T1059.007,T1221
13244,T1059.007,T1480
13245,T1059.007,T1482
13246,T1059.007,T1485
13247,T1059.007,T1486
13248,T1059.007,T1489
13249,T1059.007,T1490
13250,T1059.007,T1491
13251,T1059.007,T1495
13252,T1059.007,T1496
13253,T1059.007,T1497
13254,T1059.007,T1498
13255,T1059.007,T1499
13256,T1059.007,T1503
13257,T1059.007,T1505
13258,T1059.007,T1505.002
13259,T1059.007,T1518
13260,T1059.007,T1518.001
13261,T1059.007,T1528
13262,T1059.007,T1529
13263,T1059.007,T1531
13264,T1059.007,T1539
13265,T1059.007,T1543
13266,T1059.007,T1543.003
13267,T1059.007,T1546.016
13268,T1059.007,T1547
13269,T1059.007,T1547.001
13270,T1059.007,T1547.012
13271,T1059.007,T1547.014
13272,T1059.007,T1548
13273,T1059.007,T1550
13274,T1059.007,T1550.002
13275,T1059.007,T1552
13276,T1059.007,T1552.001
13277,T1059.007,T1552.003
13278,T1059.007,T1555
13279,T1059.007,T1555.003
13280,T1059.007,T1556.006
13281,T1059.007,T1556.009
13282,T1059.007,T1558.001
13283,T1059.007,T1559
13284,T1059.007,T1559.001
13285,T1059.007,T1559.002
13286,T1059.007,T1560
13287,T1059.007,T1560.001
13288,T1059.007,T1562
13289,T1059.007,T1562.001
13290,T1059.007,T1562.004
13291,T1059.007,T1564
13292,T1059.007,T1564.014
13293,T1059.007,T1565
13294,T1059.007,T1566.001
13295,T1059.007,T1566.002
13296,T1059.007,T1566.003
13297,T1059.007,T1568.001
13298,T1059.007,T1569
13299,T1059.007,T1569.002
13300,T1059.007,T1571
13301,T1059.007,T1572
13302,T1059.007,T1573
13303,T1059.007,T1573.001
13304,T1059.007,T1573.002
13305,T1059.007,T1574
13306,T1059.007,T1574.002
13307,T1059.007,T1583
13308,T1059.007,T1583.006
13309,T1059.007,T1583.008
13310,T1059.007,T1584
13311,T1059.007,T1584.004
13312,T1059.007,T1584.008
13313,T1059.007,T1585
13314,T1059.007,T1585.003
13315,T1059.007,T1588
13316,T1059.007,T1588.002
13317,T1059.007,T1588.004
13318,T1059.007,T1588.007
13319,T1059.007,T1589.002
13320,T1059.007,T1590.004
13321,T1059.007,T1590.005
13322,T1059.007,T1593.001
13323,T1059.007,T1593.002
13324,T1059.007,T1595.002
13325,T1059.007,T1606.001
13326,T1059.007,T1608
13327,T1059.007,T1608.004
13328,T1059.007,T1608.006
13329,T1059.007,T1610
13330,T1059.007,T1620
13331,T1059.007,T1650
13332,T1059.007,T1669
13333,T1059.007,T1684
13334,T1059.009,T1069
13335,T1059.009,T1069.001
13336,T1059.009,T1069.002
13337,T1059.009,T1070
13338,T1059.009,T1070.001
13339,T1059.009,T1070.004
13340,T1059.009,T1070.005
13341,T1059.009,T1070.009
13342,T1059.009,T1071
13343,T1059.009,T1071.002
13344,T1059.009,T1077
13345,T1059.009,T1078
13346,T1059.009,T1078.002
13347,T1059.009,T1078.003
13348,T1059.009,T1080
13349,T1059.009,T1082
13350,T1059.009,T1083
13351,T1059.009,T1087
13352,T1059.009,T1091
13353,T1059.009,T1098
13354,T1059.009,T1098.004
13355,T1059.009,T1102
13356,T1059.009,T1105
13357,T1059.009,T1112
13358,T1059.009,T1119
13359,T1059.009,T1124
13360,T1059.009,T1135
13361,T1059.009,T1136
13362,T1059.009,T1136.002
13363,T1059.009,T1140
13364,T1059.009,T1190
13365,T1059.009,T1197
13366,T1059.009,T1204.002
13367,T1059.009,T1204.005
13368,T1059.009,T1216.002
13369,T1059.009,T1218.011
13370,T1059.009,T1219
13371,T1059.009,T1482
13372,T1059.009,T1486
13373,T1059.009,T1496
13374,T1059.009,T1505
13375,T1059.009,T1505.003
13376,T1059.009,T1518
13377,T1059.009,T1518.001
13378,T1059.009,T1543
13379,T1059.009,T1543.003
13380,T1059.009,T1546
13381,T1059.009,T1546.003
13382,T1059.009,T1546.008
13383,T1059.009,T1546.012
13384,T1059.009,T1546.015
13385,T1059.009,T1548
13386,T1059.009,T1548.002
13387,T1059.009,T1550.002
13388,T1059.009,T1552
13389,T1059.009,T1552.001
13390,T1059.009,T1555
13391,T1059.009,T1555.003
13392,T1059.009,T1559.001
13393,T1059.009,T1560
13394,T1059.009,T1560.001
13395,T1059.009,T1562
13396,T1059.009,T1562.001
13397,T1059.009,T1566
13398,T1059.009,T1566.001
13399,T1059.009,T1567
13400,T1059.009,T1567.002
13401,T1059.009,T1569
13402,T1059.009,T1569.002
13403,T1059.009,T1570
13404,T1059.009,T1571
13405,T1059.009,T1572
13406,T1059.009,T1574
13407,T1059.009,T1574.001
13408,T1059.009,T1574.002
13409,T1059.009,T1584.008
13410,T1059.009,T1590.005
13411,T1059.009,T1595
13412,T1059.009,T1615
13413,T1060,T1061
13414,T1060,T1063
13415,T1060,T1064
13416,T1060,T1065
13417,T1060,T1069.002
13418,T1060,T1070
13419,T1060,T1071
13420,T1060,T1072
13421,T1060,T1073
13422,T1060,T1074
13423,T1060,T1077
13424,T1060,T1078
13425,T1060,T1080
13426,T1060,T1081
13427,T1060,T1082
13428,T1060,T1083
13429,T1060,T1085
13430,T1060,T1086
13431,T1060,T1087
13432,T1060,T1088
13433,T1060,T1089
13434,T1060,T1090
13435,T1060,T1094
13436,T1060,T1095
13437,T1060,T1096
13438,T1060,T1098
13439,T1060,T1099
13440,T1060,T1100
13441,T1060,T1102
13442,T1060,T1102.003
13443,T1060,T1104
13444,T1060,T1105
13445,T1060,T1106
13446,T1060,T1107
13447,T1060,T1108
13448,T1060,T1110
13449,T1060,T1112
13450,T1060,T1113
13451,T1060,T1114
13452,T1060,T1116
13453,T1060,T1117
13454,T1060,T1119
13455,T1060,T1122
13456,T1060,T1123
13457,T1060,T1124
13458,T1060,T1125
13459,T1060,T1129
13460,T1060,T1132
13461,T1060,T1133
13462,T1060,T1134
13463,T1060,T1135
13464,T1060,T1136
13465,T1060,T1137
13466,T1060,T1139
13467,T1060,T1140
13468,T1060,T1143
13469,T1060,T1145
13470,T1060,T1146
13471,T1060,T1158
13472,T1060,T1165
13473,T1060,T1190
13474,T1060,T1191
13475,T1060,T1192
13476,T1060,T1193
13477,T1060,T1195
13478,T1060,T1197
13479,T1060,T1202
13480,T1060,T1203
13481,T1060,T1204
13482,T1060,T1204.002
13483,T1060,T1204.003
13484,T1060,T1213
13485,T1060,T1213.001
13486,T1060,T1213.002
13487,T1060,T1214
13488,T1060,T1218
13489,T1060,T1218.002
13490,T1060,T1219
13491,T1060,T1219.002
13492,T1060,T1220
13493,T1060,T1221
13494,T1060,T1480
13495,T1060,T1483
13496,T1060,T1486
13497,T1060,T1487
13498,T1060,T1497
13499,T1060,T1500
13500,T1060,T1503
13501,T1060,T1518
13502,T1060,T1529
13503,T1060,T1534
13504,T1060,T1539
13505,T1060,T1543.003
13506,T1060,T1569
13507,T1060,T1571
13508,T1060,T1590.005
13509,T1060,T1593.001
13510,T1060,T1684
13511,T1061,T1062
13512,T1061,T1065
13513,T1061,T1068
13514,T1061,T1069
13515,T1061,T1070
13516,T1061,T1070.004
13517,T1061,T1071
13518,T1061,T1073
13519,T1061,T1074
13520,T1061,T1077
13521,T1061,T1078
13522,T1061,T1078.003
13523,T1061,T1079
13524,T1061,T1080
13525,T1061,T1081
13526,T1061,T1082
13527,T1061,T1083
13528,T1061,T1087
13529,T1061,T1087.003
13530,T1061,T1089
13531,T1061,T1090
13532,T1061,T1091
13533,T1061,T1092
13534,T1061,T1094
13535,T1061,T1095
13536,T1061,T1098
13537,T1061,T1100
13538,T1061,T1102
13539,T1061,T1104
13540,T1061,T1105
13541,T1061,T1107
13542,T1061,T1108
13543,T1061,T1110
13544,T1061,T1110.001
13545,T1061,T1110.003
13546,T1061,T1112
13547,T1061,T1113
13548,T1061,T1114
13549,T1061,T1115
13550,T1061,T1116
13551,T1061,T1119
13552,T1061,T1120
13553,T1061,T1123
13554,T1061,T1124
13555,T1061,T1125
13556,T1061,T1132
13557,T1061,T1133
13558,T1061,T1134
13559,T1061,T1135
13560,T1061,T1136
13561,T1061,T1139
13562,T1061,T1140
13563,T1061,T1141
13564,T1061,T1145
13565,T1061,T1146
13566,T1061,T1148
13567,T1061,T1149
13568,T1061,T1162
13569,T1061,T1165
13570,T1061,T1168
13571,T1061,T1171
13572,T1061,T1175
13573,T1061,T1176.001
13574,T1061,T1187
13575,T1061,T1190
13576,T1061,T1195
13577,T1061,T1196
13578,T1061,T1197
13579,T1061,T1199
13580,T1061,T1200
13581,T1061,T1201
13582,T1061,T1202
13583,T1061,T1203
13584,T1061,T1204
13585,T1061,T1204.002
13586,T1061,T1205.001
13587,T1061,T1206
13588,T1061,T1210
13589,T1061,T1212
13590,T1061,T1213
13591,T1061,T1213.001
13592,T1061,T1213.005
13593,T1061,T1218.002
13594,T1061,T1219
13595,T1061,T1220
13596,T1061,T1480
13597,T1061,T1482
13598,T1061,T1483
13599,T1061,T1485
13600,T1061,T1486
13601,T1061,T1487
13602,T1061,T1489
13603,T1061,T1490
13604,T1061,T1491
13605,T1061,T1495
13606,T1061,T1496
13607,T1061,T1498
13608,T1061,T1499
13609,T1061,T1505
13610,T1061,T1505.002
13611,T1061,T1518
13612,T1061,T1529
13613,T1061,T1531
13614,T1061,T1539
13615,T1061,T1552.003
13616,T1061,T1555.005
13617,T1061,T1559.001
13618,T1061,T1565
13619,T1061,T1569
13620,T1061,T1570
13621,T1061,T1572
13622,T1061,T1589.002
13623,T1061,T1590.005
13624,T1061,T1593.001
13625,T1061,T1684
13626,T1062,T1065
13627,T1062,T1068
13628,T1062,T1069
13629,T1062,T1070
13630,T1062,T1071
13631,T1062,T1074
13632,T1062,T1074.001
13633,T1062,T1077
13634,T1062,T1078
13635,T1062,T1078.003
13636,T1062,T1079
13637,T1062,T1080
13638,T1062,T1082
13639,T1062,T1083
13640,T1062,T1087
13641,T1062,T1089
13642,T1062,T1091
13643,T1062,T1092
13644,T1062,T1094
13645,T1062,T1095
13646,T1062,T1098
13647,T1062,T1102
13648,T1062,T1104
13649,T1062,T1108
13650,T1062,T1110
13651,T1062,T1110.003
13652,T1062,T1112
13653,T1062,T1113
13654,T1062,T1114
13655,T1062,T1115
13656,T1062,T1119
13657,T1062,T1120
13658,T1062,T1123
13659,T1062,T1124
13660,T1062,T1125
13661,T1062,T1132
13662,T1062,T1133
13663,T1062,T1134
13664,T1062,T1135
13665,T1062,T1136
13666,T1062,T1137
13667,T1062,T1139
13668,T1062,T1140
13669,T1062,T1141
13670,T1062,T1148
13671,T1062,T1149
13672,T1062,T1162
13673,T1062,T1163
13674,T1062,T1168
13675,T1062,T1171
13676,T1062,T1175
13677,T1062,T1176.001
13678,T1062,T1187
13679,T1062,T1189
13680,T1062,T1190
13681,T1062,T1195
13682,T1062,T1196
13683,T1062,T1197
13684,T1062,T1199
13685,T1062,T1200
13686,T1062,T1201
13687,T1062,T1202
13688,T1062,T1203
13689,T1062,T1204
13690,T1062,T1204.002
13691,T1062,T1205.001
13692,T1062,T1206
13693,T1062,T1210
13694,T1062,T1212
13695,T1062,T1213
13696,T1062,T1218.002
13697,T1062,T1219
13698,T1062,T1220
13699,T1062,T1221
13700,T1062,T1480
13701,T1062,T1482
13702,T1062,T1485
13703,T1062,T1486
13704,T1062,T1489
13705,T1062,T1490
13706,T1062,T1491
13707,T1062,T1495
13708,T1062,T1496
13709,T1062,T1498
13710,T1062,T1499
13711,T1062,T1505
13712,T1062,T1505.002
13713,T1062,T1518
13714,T1062,T1529
13715,T1062,T1531
13716,T1062,T1539
13717,T1062,T1543.003
13718,T1062,T1552.003
13719,T1062,T1555.005
13720,T1062,T1559.001
13721,T1062,T1560
13722,T1062,T1560.001
13723,T1062,T1565
13724,T1062,T1584.008
13725,T1062,T1590.005
13726,T1062,T1593.001
13727,T1062,T1650
13728,T1062,T1684
13729,T1063,T1064
13730,T1063,T1065
13731,T1063,T1071
13732,T1063,T1073
13733,T1063,T1074
13734,T1063,T1081
13735,T1063,T1082
13736,T1063,T1083
13737,T1063,T1085
13738,T1063,T1086
13739,T1063,T1088
13740,T1063,T1089
13741,T1063,T1090
13742,T1063,T1096
13743,T1063,T1099
13744,T1063,T1102
13745,T1063,T1104
13746,T1063,T1105
13747,T1063,T1106
13748,T1063,T1107
13749,T1063,T1108
13750,T1063,T1112
13751,T1063,T1113
13752,T1063,T1114
13753,T1063,T1116
13754,T1063,T1117
13755,T1063,T1123
13756,T1063,T1124
13757,T1063,T1125
13758,T1063,T1132
13759,T1063,T1134
13760,T1063,T1135
13761,T1063,T1140
13762,T1063,T1143
13763,T1063,T1191
13764,T1063,T1193
13765,T1063,T1197
13766,T1063,T1202
13767,T1063,T1204
13768,T1063,T1204.002
13769,T1063,T1214
13770,T1063,T1218.002
13771,T1063,T1219
13772,T1063,T1220
13773,T1063,T1480
13774,T1063,T1497
13775,T1063,T1503
13776,T1063,T1518
13777,T1063,T1539
13778,T1063,T1543.003
13779,T1063,T1590.005
13780,T1064,T1065
13781,T1064,T1069
13782,T1064,T1070
13783,T1064,T1071
13784,T1064,T1072
13785,T1064,T1074
13786,T1064,T1077
13787,T1064,T1082
13788,T1064,T1083
13789,T1064,T1085
13790,T1064,T1086
13791,T1064,T1087
13792,T1064,T1088
13793,T1064,T1089
13794,T1064,T1090
13795,T1064,T1098
13796,T1064,T1099
13797,T1064,T1102
13798,T1064,T1103
13799,T1064,T1104
13800,T1064,T1105
13801,T1064,T1106
13802,T1064,T1107
13803,T1064,T1108
13804,T1064,T1110
13805,T1064,T1112
13806,T1064,T1113
13807,T1064,T1114
13808,T1064,T1116
13809,T1064,T1117
13810,T1064,T1123
13811,T1064,T1124
13812,T1064,T1125
13813,T1064,T1129
13814,T1064,T1132
13815,T1064,T1133
13816,T1064,T1134
13817,T1064,T1135
13818,T1064,T1136
13819,T1064,T1139
13820,T1064,T1140
13821,T1064,T1143
13822,T1064,T1168
13823,T1064,T1191
13824,T1064,T1193
13825,T1064,T1195
13826,T1064,T1199
13827,T1064,T1201
13828,T1064,T1202
13829,T1064,T1203
13830,T1064,T1204
13831,T1064,T1204.002
13832,T1064,T1204.003
13833,T1064,T1213.002
13834,T1064,T1218
13835,T1064,T1218.002
13836,T1064,T1219
13837,T1064,T1221
13838,T1064,T1480
13839,T1064,T1482
13840,T1064,T1486
13841,T1064,T1497
13842,T1064,T1503
13843,T1064,T1518
13844,T1064,T1539
13845,T1064,T1543.003
13846,T1064,T1590.005
13847,T1064,T1593.001
13848,T1064,T1684
13849,T1065,T1068
13850,T1065,T1069
13851,T1065,T1070
13852,T1065,T1071
13853,T1065,T1073
13854,T1065,T1074
13855,T1065,T1076
13856,T1065,T1077
13857,T1065,T1078
13858,T1065,T1078.003
13859,T1065,T1079
13860,T1065,T1080
13861,T1065,T1081
13862,T1065,T1082
13863,T1065,T1083
13864,T1065,T1085
13865,T1065,T1087
13866,T1065,T1088
13867,T1065,T1089
13868,T1065,T1090
13869,T1065,T1091
13870,T1065,T1092
13871,T1065,T1094
13872,T1065,T1095
13873,T1065,T1098
13874,T1065,T1099
13875,T1065,T1100
13876,T1065,T1102
13877,T1065,T1104
13878,T1065,T1105
13879,T1065,T1106
13880,T1065,T1107
13881,T1065,T1108
13882,T1065,T1110
13883,T1065,T1110.003
13884,T1065,T1112
13885,T1065,T1113
13886,T1065,T1114
13887,T1065,T1115
13888,T1065,T1116
13889,T1065,T1119
13890,T1065,T1120
13891,T1065,T1123
13892,T1065,T1124
13893,T1065,T1125
13894,T1065,T1132
13895,T1065,T1133
13896,T1065,T1134
13897,T1065,T1135
13898,T1065,T1136
13899,T1065,T1137
13900,T1065,T1139
13901,T1065,T1140
13902,T1065,T1141
13903,T1065,T1143
13904,T1065,T1145
13905,T1065,T1146
13906,T1065,T1148
13907,T1065,T1149
13908,T1065,T1162
13909,T1065,T1163
13910,T1065,T1165
13911,T1065,T1168
13912,T1065,T1171
13913,T1065,T1175
13914,T1065,T1176.001
13915,T1065,T1187
13916,T1065,T1189
13917,T1065,T1190
13918,T1065,T1195
13919,T1065,T1196
13920,T1065,T1197
13921,T1065,T1199
13922,T1065,T1200
13923,T1065,T1201
13924,T1065,T1202
13925,T1065,T1203
13926,T1065,T1204
13927,T1065,T1204.002
13928,T1065,T1205.001
13929,T1065,T1206
13930,T1065,T1210
13931,T1065,T1212
13932,T1065,T1213
13933,T1065,T1213.001
13934,T1065,T1213.002
13935,T1065,T1218.002
13936,T1065,T1219
13937,T1065,T1220
13938,T1065,T1221
13939,T1065,T1480
13940,T1065,T1482
13941,T1065,T1483
13942,T1065,T1485
13943,T1065,T1486
13944,T1065,T1487
13945,T1065,T1489
13946,T1065,T1490
13947,T1065,T1491
13948,T1065,T1495
13949,T1065,T1496
13950,T1065,T1498
13951,T1065,T1499
13952,T1065,T1505
13953,T1065,T1505.002
13954,T1065,T1518
13955,T1065,T1529
13956,T1065,T1531
13957,T1065,T1539
13958,T1065,T1543.003
13959,T1065,T1552.003
13960,T1065,T1555.005
13961,T1065,T1559.001
13962,T1065,T1565
13963,T1065,T1569
13964,T1065,T1571
13965,T1065,T1584.008
13966,T1065,T1589.002
13967,T1065,T1590.005
13968,T1065,T1593.001
13969,T1065,T1684
13970,T1068,T1069
13971,T1068,T1070
13972,T1068,T1070.004
13973,T1068,T1071
13974,T1068,T1071.001
13975,T1068,T1071.004
13976,T1068,T1074
13977,T1068,T1077
13978,T1068,T1078
13979,T1068,T1078.001
13980,T1068,T1078.002
13981,T1068,T1078.003
13982,T1068,T1079
13983,T1068,T1080
13984,T1068,T1082
13985,T1068,T1083
13986,T1068,T1087
13987,T1068,T1089
13988,T1068,T1091
13989,T1068,T1092
13990,T1068,T1094
13991,T1068,T1095
13992,T1068,T1098
13993,T1068,T1102
13994,T1068,T1104
13995,T1068,T1108
13996,T1068,T1110
13997,T1068,T1110.003
13998,T1068,T1112
13999,T1068,T1113
14000,T1068,T1114
14001,T1068,T1115
14002,T1068,T1119
14003,T1068,T1120
14004,T1068,T1123
14005,T1068,T1124
14006,T1068,T1125
14007,T1068,T1132
14008,T1068,T1132.001
14009,T1068,T1133
14010,T1068,T1134
14011,T1068,T1135
14012,T1068,T1136
14013,T1068,T1137
14014,T1068,T1139
14015,T1068,T1140
14016,T1068,T1141
14017,T1068,T1148
14018,T1068,T1149
14019,T1068,T1162
14020,T1068,T1163
14021,T1068,T1168
14022,T1068,T1171
14023,T1068,T1175
14024,T1068,T1176.001
14025,T1068,T1187
14026,T1068,T1190
14027,T1068,T1195
14028,T1068,T1196
14029,T1068,T1197
14030,T1068,T1199
14031,T1068,T1200
14032,T1068,T1201
14033,T1068,T1202
14034,T1068,T1203
14035,T1068,T1204
14036,T1068,T1204.002
14037,T1068,T1204.005
14038,T1068,T1205.001
14039,T1068,T1206
14040,T1068,T1210
14041,T1068,T1212
14042,T1068,T1213
14043,T1068,T1218.002
14044,T1068,T1219
14045,T1068,T1220
14046,T1068,T1221
14047,T1068,T1480
14048,T1068,T1482
14049,T1068,T1485
14050,T1068,T1486
14051,T1068,T1489
14052,T1068,T1490
14053,T1068,T1491
14054,T1068,T1495
14055,T1068,T1496
14056,T1068,T1498
14057,T1068,T1499
14058,T1068,T1505
14059,T1068,T1505.002
14060,T1068,T1518
14061,T1068,T1529
14062,T1068,T1531
14063,T1068,T1539
14064,T1068,T1543
14065,T1068,T1543.003
14066,T1068,T1546
14067,T1068,T1546.003
14068,T1068,T1547
14069,T1068,T1552.003
14070,T1068,T1555
14071,T1068,T1555.003
14072,T1068,T1555.005
14073,T1068,T1556.006
14074,T1068,T1558
14075,T1068,T1558.001
14076,T1068,T1559.001
14077,T1068,T1560
14078,T1068,T1560.001
14079,T1068,T1564.001
14080,T1068,T1565
14081,T1068,T1567
14082,T1068,T1572
14083,T1068,T1573
14084,T1068,T1573.001
14085,T1068,T1574
14086,T1068,T1574.002
14087,T1068,T1590
14088,T1068,T1590.005
14089,T1068,T1593.001
14090,T1068,T1684
14091,T1069,T1069.001
14092,T1069,T1069.002
14093,T1069,T1070
14094,T1069,T1070.001
14095,T1069,T1070.004
14096,T1069,T1070.005
14097,T1069,T1070.009
14098,T1069,T1071
14099,T1069,T1071.001
14100,T1069,T1071.002
14101,T1069,T1074
14102,T1069,T1074.001
14103,T1069,T1075
14104,T1069,T1077
14105,T1069,T1078
14106,T1069,T1078.001
14107,T1069,T1078.002
14108,T1069,T1078.003
14109,T1069,T1079
14110,T1069,T1080
14111,T1069,T1082
14112,T1069,T1083
14113,T1069,T1086
14114,T1069,T1087
14115,T1069,T1087.003
14116,T1069,T1089
14117,T1069,T1090.001
14118,T1069,T1091
14119,T1069,T1092
14120,T1069,T1094
14121,T1069,T1095
14122,T1069,T1098
14123,T1069,T1098.004
14124,T1069,T1102
14125,T1069,T1102.002
14126,T1069,T1104
14127,T1069,T1105
14128,T1069,T1108
14129,T1069,T1110
14130,T1069,T1110.003
14131,T1069,T1112
14132,T1069,T1113
14133,T1069,T1114
14134,T1069,T1114.002
14135,T1069,T1115
14136,T1069,T1119
14137,T1069,T1120
14138,T1069,T1123
14139,T1069,T1124
14140,T1069,T1125
14141,T1069,T1132
14142,T1069,T1132.001
14143,T1069,T1133
14144,T1069,T1134
14145,T1069,T1135
14146,T1069,T1136
14147,T1069,T1136.002
14148,T1069,T1137
14149,T1069,T1139
14150,T1069,T1140
14151,T1069,T1141
14152,T1069,T1148
14153,T1069,T1149
14154,T1069,T1162
14155,T1069,T1163
14156,T1069,T1168
14157,T1069,T1171
14158,T1069,T1175
14159,T1069,T1176.001
14160,T1069,T1187
14161,T1069,T1189
14162,T1069,T1190
14163,T1069,T1195
14164,T1069,T1196
14165,T1069,T1197
14166,T1069,T1199
14167,T1069,T1200
14168,T1069,T1201
14169,T1069,T1202
14170,T1069,T1203
14171,T1069,T1204
14172,T1069,T1204.002
14173,T1069,T1204.005
14174,T1069,T1205.001
14175,T1069,T1206
14176,T1069,T1210
14177,T1069,T1212
14178,T1069,T1213
14179,T1069,T1213.002
14180,T1069,T1216.002
14181,T1069,T1218.002
14182,T1069,T1218.011
14183,T1069,T1219
14184,T1069,T1220
14185,T1069,T1221
14186,T1069,T1480
14187,T1069,T1482
14188,T1069,T1485
14189,T1069,T1486
14190,T1069,T1489
14191,T1069,T1490
14192,T1069,T1491
14193,T1069,T1495
14194,T1069,T1496
14195,T1069,T1497
14196,T1069,T1498
14197,T1069,T1499
14198,T1069,T1505
14199,T1069,T1505.002
14200,T1069,T1505.003
14201,T1069,T1518
14202,T1069,T1518.001
14203,T1069,T1529
14204,T1069,T1531
14205,T1069,T1539
14206,T1069,T1543
14207,T1069,T1543.003
14208,T1069,T1546
14209,T1069,T1546.003
14210,T1069,T1546.008
14211,T1069,T1546.012
14212,T1069,T1546.015
14213,T1069,T1547
14214,T1069,T1547.001
14215,T1069,T1548
14216,T1069,T1548.002
14217,T1069,T1550
14218,T1069,T1550.002
14219,T1069,T1552
14220,T1069,T1552.001
14221,T1069,T1552.003
14222,T1069,T1555
14223,T1069,T1555.003
14224,T1069,T1555.004
14225,T1069,T1555.005
14226,T1069,T1558
14227,T1069,T1558.001
14228,T1069,T1559.001
14229,T1069,T1560
14230,T1069,T1560.001
14231,T1069,T1560.003
14232,T1069,T1562
14233,T1069,T1562.001
14234,T1069,T1562.004
14235,T1069,T1565
14236,T1069,T1566
14237,T1069,T1566.001
14238,T1069,T1567
14239,T1069,T1567.002
14240,T1069,T1569
14241,T1069,T1569.002
14242,T1069,T1570
14243,T1069,T1571
14244,T1069,T1572
14245,T1069,T1573
14246,T1069,T1573.001
14247,T1069,T1574
14248,T1069,T1574.001
14249,T1069,T1574.002
14250,T1069,T1574.012
14251,T1069,T1584.008
14252,T1069,T1589.002
14253,T1069,T1590.005
14254,T1069,T1593.001
14255,T1069,T1595
14256,T1069,T1608.003
14257,T1069,T1615
14258,T1069,T1684
14259,T1069.001,T1069.002
14260,T1069.001,T1070
14261,T1069.001,T1070.001
14262,T1069.001,T1070.004
14263,T1069.001,T1070.005
14264,T1069.001,T1070.009
14265,T1069.001,T1071
14266,T1069.001,T1071.002
14267,T1069.001,T1077
14268,T1069.001,T1078
14269,T1069.001,T1078.002
14270,T1069.001,T1078.003
14271,T1069.001,T1080
14272,T1069.001,T1082
14273,T1069.001,T1083
14274,T1069.001,T1087
14275,T1069.001,T1087.003
14276,T1069.001,T1091
14277,T1069.001,T1098
14278,T1069.001,T1098.004
14279,T1069.001,T1102
14280,T1069.001,T1105
14281,T1069.001,T1112
14282,T1069.001,T1115
14283,T1069.001,T1119
14284,T1069.001,T1124
14285,T1069.001,T1135
14286,T1069.001,T1136
14287,T1069.001,T1136.002
14288,T1069.001,T1140
14289,T1069.001,T1190
14290,T1069.001,T1195
14291,T1069.001,T1197
14292,T1069.001,T1204.002
14293,T1069.001,T1204.005
14294,T1069.001,T1213.001
14295,T1069.001,T1216.002
14296,T1069.001,T1218.011
14297,T1069.001,T1219
14298,T1069.001,T1482
14299,T1069.001,T1486
14300,T1069.001,T1496
14301,T1069.001,T1505
14302,T1069.001,T1505.003
14303,T1069.001,T1518
14304,T1069.001,T1518.001
14305,T1069.001,T1543
14306,T1069.001,T1543.003
14307,T1069.001,T1546
14308,T1069.001,T1546.003
14309,T1069.001,T1546.008
14310,T1069.001,T1546.012
14311,T1069.001,T1546.015
14312,T1069.001,T1548
14313,T1069.001,T1548.002
14314,T1069.001,T1550.002
14315,T1069.001,T1552
14316,T1069.001,T1552.001
14317,T1069.001,T1555
14318,T1069.001,T1555.003
14319,T1069.001,T1559.001
14320,T1069.001,T1560
14321,T1069.001,T1560.001
14322,T1069.001,T1562
14323,T1069.001,T1562.001
14324,T1069.001,T1566
14325,T1069.001,T1566.001
14326,T1069.001,T1567
14327,T1069.001,T1567.002
14328,T1069.001,T1569
14329,T1069.001,T1569.002
14330,T1069.001,T1570
14331,T1069.001,T1571
14332,T1069.001,T1572
14333,T1069.001,T1574
14334,T1069.001,T1574.001
14335,T1069.001,T1574.002
14336,T1069.001,T1584.008
14337,T1069.001,T1590.005
14338,T1069.001,T1593.001
14339,T1069.001,T1595
14340,T1069.001,T1615
14341,T1069.001,T1684
14342,T1069.002,T1070
14343,T1069.002,T1070.001
14344,T1069.002,T1070.004
14345,T1069.002,T1070.005
14346,T1069.002,T1070.009
14347,T1069.002,T1071
14348,T1069.002,T1071.001
14349,T1069.002,T1071.002
14350,T1069.002,T1072
14351,T1069.002,T1074
14352,T1069.002,T1074.001
14353,T1069.002,T1077
14354,T1069.002,T1078
14355,T1069.002,T1078.001
14356,T1069.002,T1078.002
14357,T1069.002,T1078.003
14358,T1069.002,T1080
14359,T1069.002,T1081
14360,T1069.002,T1082
14361,T1069.002,T1083
14362,T1069.002,T1087
14363,T1069.002,T1090.001
14364,T1069.002,T1091
14365,T1069.002,T1095
14366,T1069.002,T1098
14367,T1069.002,T1098.004
14368,T1069.002,T1102
14369,T1069.002,T1102.002
14370,T1069.002,T1105
14371,T1069.002,T1108
14372,T1069.002,T1110
14373,T1069.002,T1110.003
14374,T1069.002,T1112
14375,T1069.002,T1113
14376,T1069.002,T1114
14377,T1069.002,T1114.002
14378,T1069.002,T1119
14379,T1069.002,T1124
14380,T1069.002,T1132
14381,T1069.002,T1132.001
14382,T1069.002,T1133
14383,T1069.002,T1134
14384,T1069.002,T1135
14385,T1069.002,T1136
14386,T1069.002,T1136.002
14387,T1069.002,T1140
14388,T1069.002,T1190
14389,T1069.002,T1195
14390,T1069.002,T1197
14391,T1069.002,T1201
14392,T1069.002,T1202
14393,T1069.002,T1204
14394,T1069.002,T1204.002
14395,T1069.002,T1204.005
14396,T1069.002,T1213
14397,T1069.002,T1213.002
14398,T1069.002,T1213.003
14399,T1069.002,T1216.002
14400,T1069.002,T1218.011
14401,T1069.002,T1219
14402,T1069.002,T1482
14403,T1069.002,T1485
14404,T1069.002,T1486
14405,T1069.002,T1496
14406,T1069.002,T1499
14407,T1069.002,T1505
14408,T1069.002,T1505.003
14409,T1069.002,T1518
14410,T1069.002,T1518.001
14411,T1069.002,T1529
14412,T1069.002,T1531
14413,T1069.002,T1534
14414,T1069.002,T1539
14415,T1069.002,T1543
14416,T1069.002,T1543.003
14417,T1069.002,T1546
14418,T1069.002,T1546.003
14419,T1069.002,T1546.008
14420,T1069.002,T1546.012
14421,T1069.002,T1546.015
14422,T1069.002,T1548
14423,T1069.002,T1548.002
14424,T1069.002,T1550
14425,T1069.002,T1550.002
14426,T1069.002,T1552
14427,T1069.002,T1552.001
14428,T1069.002,T1555
14429,T1069.002,T1555.003
14430,T1069.002,T1555.004
14431,T1069.002,T1555.005
14432,T1069.002,T1558
14433,T1069.002,T1558.001
14434,T1069.002,T1559.001
14435,T1069.002,T1560
14436,T1069.002,T1560.001
14437,T1069.002,T1560.003
14438,T1069.002,T1562
14439,T1069.002,T1562.001
14440,T1069.002,T1566
14441,T1069.002,T1566.001
14442,T1069.002,T1567
14443,T1069.002,T1567.002
14444,T1069.002,T1569
14445,T1069.002,T1569.002
14446,T1069.002,T1570
14447,T1069.002,T1571
14448,T1069.002,T1572
14449,T1069.002,T1573
14450,T1069.002,T1573.001
14451,T1069.002,T1574
14452,T1069.002,T1574.001
14453,T1069.002,T1574.002
14454,T1069.002,T1574.012
14455,T1069.002,T1584.008
14456,T1069.002,T1590.005
14457,T1069.002,T1595
14458,T1069.002,T1615
14459,T1070,T1070.001
14460,T1070,T1070.003
14461,T1070,T1070.004
14462,T1070,T1070.005
14463,T1070,T1070.006
14464,T1070,T1070.009
14465,T1070,T1071
14466,T1070,T1071.001
14467,T1070,T1071.002
14468,T1070,T1071.004
14469,T1070,T1073
14470,T1070,T1074
14471,T1070,T1074.001
14472,T1070,T1077
14473,T1070,T1078
14474,T1070,T1078.001
14475,T1070,T1078.002
14476,T1070,T1078.003
14477,T1070,T1079
14478,T1070,T1080
14479,T1070,T1081
14480,T1070,T1082
14481,T1070,T1083
14482,T1070,T1085
14483,T1070,T1086
14484,T1070,T1087
14485,T1070,T1087.001
14486,T1070,T1087.002
14487,T1070,T1089
14488,T1070,T1090
14489,T1070,T1090.001
14490,T1070,T1090.002
14491,T1070,T1091
14492,T1070,T1092
14493,T1070,T1094
14494,T1070,T1095
14495,T1070,T1098
14496,T1070,T1098.004
14497,T1070,T1099
14498,T1070,T1100
14499,T1070,T1102
14500,T1070,T1102.001
14501,T1070,T1102.002
14502,T1070,T1102.003
14503,T1070,T1104
14504,T1070,T1105
14505,T1070,T1106
14506,T1070,T1107
14507,T1070,T1108
14508,T1070,T1110
14509,T1070,T1110.003
14510,T1070,T1111
14511,T1070,T1112
14512,T1070,T1113
14513,T1070,T1114
14514,T1070,T1114.002
14515,T1070,T1115
14516,T1070,T1116
14517,T1070,T1119
14518,T1070,T1120
14519,T1070,T1123
14520,T1070,T1124
14521,T1070,T1125
14522,T1070,T1132
14523,T1070,T1132.001
14524,T1070,T1132.002
14525,T1070,T1133
14526,T1070,T1134
14527,T1070,T1134.001
14528,T1070,T1134.002
14529,T1070,T1135
14530,T1070,T1136
14531,T1070,T1136.002
14532,T1070,T1137
14533,T1070,T1139
14534,T1070,T1140
14535,T1070,T1141
14536,T1070,T1143
14537,T1070,T1145
14538,T1070,T1146
14539,T1070,T1148
14540,T1070,T1149
14541,T1070,T1162
14542,T1070,T1163
14543,T1070,T1165
14544,T1070,T1168
14545,T1070,T1171
14546,T1070,T1175
14547,T1070,T1176.001
14548,T1070,T1185
14549,T1070,T1187
14550,T1070,T1189
14551,T1070,T1190
14552,T1070,T1192
14553,T1070,T1195
14554,T1070,T1196
14555,T1070,T1197
14556,T1070,T1199
14557,T1070,T1200
14558,T1070,T1201
14559,T1070,T1202
14560,T1070,T1203
14561,T1070,T1204
14562,T1070,T1204.001
14563,T1070,T1204.002
14564,T1070,T1204.005
14565,T1070,T1205.001
14566,T1070,T1206
14567,T1070,T1210
14568,T1070,T1212
14569,T1070,T1213
14570,T1070,T1213.001
14571,T1070,T1213.002
14572,T1070,T1216.002
14573,T1070,T1218.002
14574,T1070,T1218.004
14575,T1070,T1218.005
14576,T1070,T1218.011
14577,T1070,T1219
14578,T1070,T1220
14579,T1070,T1221
14580,T1070,T1222
14581,T1070,T1480
14582,T1070,T1482
14583,T1070,T1483
14584,T1070,T1485
14585,T1070,T1486
14586,T1070,T1487
14587,T1070,T1489
14588,T1070,T1490
14589,T1070,T1491
14590,T1070,T1495
14591,T1070,T1496
14592,T1070,T1498
14593,T1070,T1499
14594,T1070,T1505
14595,T1070,T1505.002
14596,T1070,T1505.003
14597,T1070,T1518
14598,T1070,T1518.001
14599,T1070,T1529
14600,T1070,T1531
14601,T1070,T1539
14602,T1070,T1543
14603,T1070,T1543.003
14604,T1070,T1546
14605,T1070,T1546.003
14606,T1070,T1546.008
14607,T1070,T1546.012
14608,T1070,T1546.015
14609,T1070,T1547
14610,T1070,T1547.001
14611,T1070,T1548
14612,T1070,T1548.002
14613,T1070,T1550
14614,T1070,T1550.002
14615,T1070,T1552
14616,T1070,T1552.001
14617,T1070,T1552.003
14618,T1070,T1553
14619,T1070,T1553.002
14620,T1070,T1554
14621,T1070,T1555
14622,T1070,T1555.003
14623,T1070,T1555.004
14624,T1070,T1555.005
14625,T1070,T1556
14626,T1070,T1556.004
14627,T1070,T1556.006
14628,T1070,T1556.008
14629,T1070,T1558
14630,T1070,T1558.001
14631,T1070,T1559.001
14632,T1070,T1560
14633,T1070,T1560.001
14634,T1070,T1560.002
14635,T1070,T1560.003
14636,T1070,T1562
14637,T1070,T1562.001
14638,T1070,T1562.004
14639,T1070,T1564
14640,T1070,T1564.001
14641,T1070,T1564.014
14642,T1070,T1565
14643,T1070,T1566
14644,T1070,T1566.001
14645,T1070,T1566.002
14646,T1070,T1567
14647,T1070,T1567.002
14648,T1070,T1569
14649,T1070,T1569.002
14650,T1070,T1570
14651,T1070,T1571
14652,T1070,T1572
14653,T1070,T1573
14654,T1070,T1573.001
14655,T1070,T1574
14656,T1070,T1574.001
14657,T1070,T1574.002
14658,T1070,T1574.012
14659,T1070,T1583
14660,T1070,T1583.001
14661,T1070,T1583.002
14662,T1070,T1583.006
14663,T1070,T1584
14664,T1070,T1584.004
14665,T1070,T1584.008
14666,T1070,T1585
14667,T1070,T1585.003
14668,T1070,T1587
14669,T1070,T1587.001
14670,T1070,T1587.003
14671,T1070,T1588
14672,T1070,T1588.001
14673,T1070,T1588.002
14674,T1070,T1590.005
14675,T1070,T1592.004
14676,T1070,T1593.001
14677,T1070,T1595
14678,T1070,T1608
14679,T1070,T1608.004
14680,T1070,T1615
14681,T1070,T1620
14682,T1070,T1684
14683,T1070.001,T1070.004
14684,T1070.001,T1070.005
14685,T1070.001,T1070.009
14686,T1070.001,T1071
14687,T1070.001,T1071.001
14688,T1070.001,T1071.002
14689,T1070.001,T1077
14690,T1070.001,T1078
14691,T1070.001,T1078.002
14692,T1070.001,T1078.003
14693,T1070.001,T1080
14694,T1070.001,T1082
14695,T1070.001,T1083
14696,T1070.001,T1087
14697,T1070.001,T1091
14698,T1070.001,T1098
14699,T1070.001,T1098.004
14700,T1070.001,T1102
14701,T1070.001,T1105
14702,T1070.001,T1111
14703,T1070.001,T1112
14704,T1070.001,T1119
14705,T1070.001,T1124
14706,T1070.001,T1133
14707,T1070.001,T1134
14708,T1070.001,T1134.001
14709,T1070.001,T1135
14710,T1070.001,T1136
14711,T1070.001,T1136.002
14712,T1070.001,T1140
14713,T1070.001,T1190
14714,T1070.001,T1197
14715,T1070.001,T1204.002
14716,T1070.001,T1204.005
14717,T1070.001,T1216.002
14718,T1070.001,T1218.011
14719,T1070.001,T1219
14720,T1070.001,T1482
14721,T1070.001,T1486
14722,T1070.001,T1496
14723,T1070.001,T1505
14724,T1070.001,T1505.003
14725,T1070.001,T1518
14726,T1070.001,T1518.001
14727,T1070.001,T1543
14728,T1070.001,T1543.003
14729,T1070.001,T1546
14730,T1070.001,T1546.003
14731,T1070.001,T1546.008
14732,T1070.001,T1546.012
14733,T1070.001,T1546.015
14734,T1070.001,T1548
14735,T1070.001,T1548.002
14736,T1070.001,T1550.002
14737,T1070.001,T1552
14738,T1070.001,T1552.001
14739,T1070.001,T1554
14740,T1070.001,T1555
14741,T1070.001,T1555.003
14742,T1070.001,T1556.004
14743,T1070.001,T1559.001
14744,T1070.001,T1560
14745,T1070.001,T1560.001
14746,T1070.001,T1562
14747,T1070.001,T1562.001
14748,T1070.001,T1566
14749,T1070.001,T1566.001
14750,T1070.001,T1567
14751,T1070.001,T1567.002
14752,T1070.001,T1569
14753,T1070.001,T1569.002
14754,T1070.001,T1570
14755,T1070.001,T1571
14756,T1070.001,T1572
14757,T1070.001,T1574
14758,T1070.001,T1574.001
14759,T1070.001,T1574.002
14760,T1070.001,T1584.008
14761,T1070.001,T1590.005
14762,T1070.001,T1592.004
14763,T1070.001,T1595
14764,T1070.001,T1615
14765,T1070.003,T1078
14766,T1070.003,T1133
14767,T1070.003,T1210
14768,T1070.004,T1070.005
14769,T1070.004,T1070.006
14770,T1070.004,T1070.009
14771,T1070.004,T1071
14772,T1070.004,T1071.001
14773,T1070.004,T1071.002
14774,T1070.004,T1071.004
14775,T1070.004,T1074
14776,T1070.004,T1077
14777,T1070.004,T1078
14778,T1070.004,T1078.002
14779,T1070.004,T1078.003
14780,T1070.004,T1080
14781,T1070.004,T1082
14782,T1070.004,T1083
14783,T1070.004,T1087
14784,T1070.004,T1087.001
14785,T1070.004,T1087.002
14786,T1070.004,T1087.003
14787,T1070.004,T1089
14788,T1070.004,T1091
14789,T1070.004,T1095
14790,T1070.004,T1098
14791,T1070.004,T1098.004
14792,T1070.004,T1102
14793,T1070.004,T1105
14794,T1070.004,T1106
14795,T1070.004,T1110
14796,T1070.004,T1111
14797,T1070.004,T1112
14798,T1070.004,T1113
14799,T1070.004,T1114
14800,T1070.004,T1119
14801,T1070.004,T1123
14802,T1070.004,T1124
14803,T1070.004,T1125
14804,T1070.004,T1132
14805,T1070.004,T1132.001
14806,T1070.004,T1132.002
14807,T1070.004,T1133
14808,T1070.004,T1134
14809,T1070.004,T1134.001
14810,T1070.004,T1134.002
14811,T1070.004,T1135
14812,T1070.004,T1136
14813,T1070.004,T1136.002
14814,T1070.004,T1140
14815,T1070.004,T1185
14816,T1070.004,T1189
14817,T1070.004,T1190
14818,T1070.004,T1195
14819,T1070.004,T1197
14820,T1070.004,T1204.001
14821,T1070.004,T1204.002
14822,T1070.004,T1204.005
14823,T1070.004,T1216.002
14824,T1070.004,T1218.005
14825,T1070.004,T1218.011
14826,T1070.004,T1219
14827,T1070.004,T1482
14828,T1070.004,T1486
14829,T1070.004,T1496
14830,T1070.004,T1505
14831,T1070.004,T1505.003
14832,T1070.004,T1518
14833,T1070.004,T1518.001
14834,T1070.004,T1531
14835,T1070.004,T1543
14836,T1070.004,T1543.003
14837,T1070.004,T1546
14838,T1070.004,T1546.003
14839,T1070.004,T1546.008
14840,T1070.004,T1546.012
14841,T1070.004,T1546.015
14842,T1070.004,T1547
14843,T1070.004,T1547.001
14844,T1070.004,T1548
14845,T1070.004,T1548.002
14846,T1070.004,T1550
14847,T1070.004,T1550.002
14848,T1070.004,T1552
14849,T1070.004,T1552.001
14850,T1070.004,T1554
14851,T1070.004,T1555
14852,T1070.004,T1555.003
14853,T1070.004,T1556
14854,T1070.004,T1556.004
14855,T1070.004,T1556.006
14856,T1070.004,T1556.008
14857,T1070.004,T1559.001
14858,T1070.004,T1560
14859,T1070.004,T1560.001
14860,T1070.004,T1560.002
14861,T1070.004,T1562
14862,T1070.004,T1562.001
14863,T1070.004,T1562.004
14864,T1070.004,T1564
14865,T1070.004,T1564.001
14866,T1070.004,T1564.014
14867,T1070.004,T1566
14868,T1070.004,T1566.001
14869,T1070.004,T1566.002
14870,T1070.004,T1567
14871,T1070.004,T1567.002
14872,T1070.004,T1569
14873,T1070.004,T1569.002
14874,T1070.004,T1570
14875,T1070.004,T1571
14876,T1070.004,T1572
14877,T1070.004,T1573
14878,T1070.004,T1573.001
14879,T1070.004,T1574
14880,T1070.004,T1574.001
14881,T1070.004,T1574.002
14882,T1070.004,T1583
14883,T1070.004,T1583.001
14884,T1070.004,T1583.002
14885,T1070.004,T1583.006
14886,T1070.004,T1584
14887,T1070.004,T1584.004
14888,T1070.004,T1584.008
14889,T1070.004,T1585
14890,T1070.004,T1585.003
14891,T1070.004,T1587
14892,T1070.004,T1587.001
14893,T1070.004,T1589.002
14894,T1070.004,T1590.005
14895,T1070.004,T1592.004
14896,T1070.004,T1593.002
14897,T1070.004,T1595
14898,T1070.004,T1608
14899,T1070.004,T1608.004
14900,T1070.004,T1615
14901,T1070.004,T1620
14902,T1070.004,T1684
14903,T1070.005,T1070.009
14904,T1070.005,T1071
14905,T1070.005,T1071.002
14906,T1070.005,T1077
14907,T1070.005,T1078
14908,T1070.005,T1078.002
14909,T1070.005,T1078.003
14910,T1070.005,T1080
14911,T1070.005,T1082
14912,T1070.005,T1083
14913,T1070.005,T1087
14914,T1070.005,T1091
14915,T1070.005,T1098
14916,T1070.005,T1098.004
14917,T1070.005,T1102
14918,T1070.005,T1105
14919,T1070.005,T1112
14920,T1070.005,T1119
14921,T1070.005,T1124
14922,T1070.005,T1135
14923,T1070.005,T1136
14924,T1070.005,T1136.002
14925,T1070.005,T1140
14926,T1070.005,T1190
14927,T1070.005,T1197
14928,T1070.005,T1204.002
14929,T1070.005,T1204.005
14930,T1070.005,T1216.002
14931,T1070.005,T1218.011
14932,T1070.005,T1219
14933,T1070.005,T1482
14934,T1070.005,T1486
14935,T1070.005,T1496
14936,T1070.005,T1505
14937,T1070.005,T1505.003
14938,T1070.005,T1518
14939,T1070.005,T1518.001
14940,T1070.005,T1543
14941,T1070.005,T1543.003
14942,T1070.005,T1546
14943,T1070.005,T1546.003
14944,T1070.005,T1546.008
14945,T1070.005,T1546.012
14946,T1070.005,T1546.015
14947,T1070.005,T1548
14948,T1070.005,T1548.002
14949,T1070.005,T1550.002
14950,T1070.005,T1552
14951,T1070.005,T1552.001
14952,T1070.005,T1555
14953,T1070.005,T1555.003
14954,T1070.005,T1559.001
14955,T1070.005,T1560
14956,T1070.005,T1560.001
14957,T1070.005,T1562
14958,T1070.005,T1562.001
14959,T1070.005,T1566
14960,T1070.005,T1566.001
14961,T1070.005,T1567
14962,T1070.005,T1567.002
14963,T1070.005,T1569
14964,T1070.005,T1569.002
14965,T1070.005,T1570
14966,T1070.005,T1571
14967,T1070.005,T1572
14968,T1070.005,T1574
14969,T1070.005,T1574.001
14970,T1070.005,T1574.002
14971,T1070.005,T1584.008
14972,T1070.005,T1590.005
14973,T1070.005,T1595
14974,T1070.005,T1615
14975,T1070.006,T1071
14976,T1070.006,T1071.004
14977,T1070.006,T1074
14978,T1070.006,T1078
14979,T1070.006,T1078.002
14980,T1070.006,T1087
14981,T1070.006,T1087.002
14982,T1070.006,T1112
14983,T1070.006,T1114
14984,T1070.006,T1132
14985,T1070.006,T1132.001
14986,T1070.006,T1136
14987,T1070.006,T1136.002
14988,T1070.006,T1140
14989,T1070.006,T1204.002
14990,T1070.006,T1505
14991,T1070.006,T1505.003
14992,T1070.006,T1556
14993,T1070.006,T1556.008
14994,T1070.006,T1560
14995,T1070.006,T1560.001
14996,T1070.006,T1562
14997,T1070.006,T1562.001
14998,T1070.006,T1573
14999,T1070.006,T1573.001
15000,T1070.006,T1583
15001,T1070.006,T1583.001
15002,T1070.006,T1583.002
15003,T1070.006,T1587
15004,T1070.006,T1587.001
15005,T1070.009,T1071
15006,T1070.009,T1071.002
15007,T1070.009,T1077
15008,T1070.009,T1078
15009,T1070.009,T1078.002
15010,T1070.009,T1078.003
15011,T1070.009,T1080
15012,T1070.009,T1082
15013,T1070.009,T1083
15014,T1070.009,T1087
15015,T1070.009,T1091
15016,T1070.009,T1098
15017,T1070.009,T1098.004
15018,T1070.009,T1102
15019,T1070.009,T1105
15020,T1070.009,T1112
15021,T1070.009,T1119
15022,T1070.009,T1124
15023,T1070.009,T1135
15024,T1070.009,T1136
15025,T1070.009,T1136.002
15026,T1070.009,T1140
15027,T1070.009,T1190
15028,T1070.009,T1197
15029,T1070.009,T1204.002
15030,T1070.009,T1204.005
15031,T1070.009,T1216.002
15032,T1070.009,T1218.011
15033,T1070.009,T1219
15034,T1070.009,T1482
15035,T1070.009,T1486
15036,T1070.009,T1496
15037,T1070.009,T1505
15038,T1070.009,T1505.003
15039,T1070.009,T1518
15040,T1070.009,T1518.001
15041,T1070.009,T1543
15042,T1070.009,T1543.003
15043,T1070.009,T1546
15044,T1070.009,T1546.003
15045,T1070.009,T1546.008
15046,T1070.009,T1546.012
15047,T1070.009,T1546.015
15048,T1070.009,T1548
15049,T1070.009,T1548.002
15050,T1070.009,T1550.002
15051,T1070.009,T1552
15052,T1070.009,T1552.001
15053,T1070.009,T1555
15054,T1070.009,T1555.003
15055,T1070.009,T1559.001
15056,T1070.009,T1560
15057,T1070.009,T1560.001
15058,T1070.009,T1562
15059,T1070.009,T1562.001
15060,T1070.009,T1566
15061,T1070.009,T1566.001
15062,T1070.009,T1567
15063,T1070.009,T1567.002
15064,T1070.009,T1569
15065,T1070.009,T1569.002
15066,T1070.009,T1570
15067,T1070.009,T1571
15068,T1070.009,T1572
15069,T1070.009,T1574
15070,T1070.009,T1574.001
15071,T1070.009,T1574.002
15072,T1070.009,T1584.008
15073,T1070.009,T1590.005
15074,T1070.009,T1595
15075,T1070.009,T1615
15076,T1071,T1071.001
15077,T1071,T1071.002
15078,T1071,T1071.004
15079,T1071,T1073
15080,T1071,T1074
15081,T1071,T1074.001
15082,T1071,T1074.002
15083,T1071,T1077
15084,T1071,T1078
15085,T1071,T1078.001
15086,T1071,T1078.002
15087,T1071,T1078.003
15088,T1071,T1079
15089,T1071,T1080
15090,T1071,T1081
15091,T1071,T1082
15092,T1071,T1083
15093,T1071,T1086
15094,T1071,T1087
15095,T1071,T1087.001
15096,T1071,T1087.002
15097,T1071,T1087.003
15098,T1071,T1088
15099,T1071,T1089
15100,T1071,T1090
15101,T1071,T1090.001
15102,T1071,T1090.002
15103,T1071,T1090.004
15104,T1071,T1091
15105,T1071,T1092
15106,T1071,T1094
15107,T1071,T1095
15108,T1071,T1098
15109,T1071,T1098.004
15110,T1071,T1100
15111,T1071,T1102
15112,T1071,T1102.001
15113,T1071,T1102.002
15114,T1071,T1104
15115,T1071,T1105
15116,T1071,T1106
15117,T1071,T1107
15118,T1071,T1108
15119,T1071,T1110
15120,T1071,T1110.003
15121,T1071,T1110.004
15122,T1071,T1112
15123,T1071,T1113
15124,T1071,T1114
15125,T1071,T1114.001
15126,T1071,T1114.002
15127,T1071,T1115
15128,T1071,T1116
15129,T1071,T1117
15130,T1071,T1119
15131,T1071,T1120
15132,T1071,T1123
15133,T1071,T1124
15134,T1071,T1125
15135,T1071,T1129
15136,T1071,T1132
15137,T1071,T1132.001
15138,T1071,T1132.002
15139,T1071,T1133
15140,T1071,T1134
15141,T1071,T1134.001
15142,T1071,T1134.002
15143,T1071,T1134.004
15144,T1071,T1135
15145,T1071,T1136
15146,T1071,T1136.002
15147,T1071,T1137
15148,T1071,T1137.001
15149,T1071,T1139
15150,T1071,T1140
15151,T1071,T1141
15152,T1071,T1143
15153,T1071,T1145
15154,T1071,T1146
15155,T1071,T1148
15156,T1071,T1149
15157,T1071,T1162
15158,T1071,T1163
15159,T1071,T1165
15160,T1071,T1168
15161,T1071,T1171
15162,T1071,T1175
15163,T1071,T1176.001
15164,T1071,T1187
15165,T1071,T1189
15166,T1071,T1190
15167,T1071,T1191
15168,T1071,T1192
15169,T1071,T1195
15170,T1071,T1196
15171,T1071,T1197
15172,T1071,T1199
15173,T1071,T1200
15174,T1071,T1201
15175,T1071,T1202
15176,T1071,T1203
15177,T1071,T1204
15178,T1071,T1204.001
15179,T1071,T1204.002
15180,T1071,T1204.005
15181,T1071,T1205
15182,T1071,T1205.001
15183,T1071,T1206
15184,T1071,T1210
15185,T1071,T1212
15186,T1071,T1213
15187,T1071,T1213.001
15188,T1071,T1213.002
15189,T1071,T1216.002
15190,T1071,T1218.002
15191,T1071,T1218.003
15192,T1071,T1218.004
15193,T1071,T1218.005
15194,T1071,T1218.011
15195,T1071,T1219
15196,T1071,T1220
15197,T1071,T1221
15198,T1071,T1222
15199,T1071,T1480
15200,T1071,T1482
15201,T1071,T1483
15202,T1071,T1485
15203,T1071,T1486
15204,T1071,T1487
15205,T1071,T1489
15206,T1071,T1490
15207,T1071,T1491
15208,T1071,T1495
15209,T1071,T1496
15210,T1071,T1497
15211,T1071,T1497.001
15212,T1071,T1498
15213,T1071,T1499
15214,T1071,T1503
15215,T1071,T1505
15216,T1071,T1505.002
15217,T1071,T1505.003
15218,T1071,T1518
15219,T1071,T1518.001
15220,T1071,T1528
15221,T1071,T1529
15222,T1071,T1531
15223,T1071,T1539
15224,T1071,T1542
15225,T1071,T1542.003
15226,T1071,T1543
15227,T1071,T1543.003
15228,T1071,T1546
15229,T1071,T1546.003
15230,T1071,T1546.008
15231,T1071,T1546.012
15232,T1071,T1546.015
15233,T1071,T1547
15234,T1071,T1547.001
15235,T1071,T1547.009
15236,T1071,T1547.012
15237,T1071,T1548
15238,T1071,T1548.002
15239,T1071,T1550
15240,T1071,T1550.002
15241,T1071,T1552
15242,T1071,T1552.001
15243,T1071,T1552.003
15244,T1071,T1553
15245,T1071,T1553.002
15246,T1071,T1555
15247,T1071,T1555.003
15248,T1071,T1555.004
15249,T1071,T1555.005
15250,T1071,T1556
15251,T1071,T1556.006
15252,T1071,T1556.008
15253,T1071,T1558
15254,T1071,T1558.001
15255,T1071,T1559
15256,T1071,T1559.001
15257,T1071,T1559.002
15258,T1071,T1560
15259,T1071,T1560.001
15260,T1071,T1560.003
15261,T1071,T1562
15262,T1071,T1562.001
15263,T1071,T1562.004
15264,T1071,T1564
15265,T1071,T1564.001
15266,T1071,T1564.003
15267,T1071,T1564.014
15268,T1071,T1565
15269,T1071,T1566
15270,T1071,T1566.001
15271,T1071,T1566.002
15272,T1071,T1567
15273,T1071,T1567.002
15274,T1071,T1569
15275,T1071,T1569.002
15276,T1071,T1570
15277,T1071,T1571
15278,T1071,T1572
15279,T1071,T1573
15280,T1071,T1573.001
15281,T1071,T1573.002
15282,T1071,T1574
15283,T1071,T1574.001
15284,T1071,T1574.002
15285,T1071,T1574.012
15286,T1071,T1583
15287,T1071,T1583.001
15288,T1071,T1583.002
15289,T1071,T1583.003
15290,T1071,T1583.004
15291,T1071,T1583.006
15292,T1071,T1584
15293,T1071,T1584.004
15294,T1071,T1584.008
15295,T1071,T1585
15296,T1071,T1585.003
15297,T1071,T1587
15298,T1071,T1587.001
15299,T1071,T1587.002
15300,T1071,T1587.003
15301,T1071,T1588
15302,T1071,T1588.001
15303,T1071,T1588.002
15304,T1071,T1588.003
15305,T1071,T1588.006
15306,T1071,T1589.002
15307,T1071,T1590.005
15308,T1071,T1593.001
15309,T1071,T1595
15310,T1071,T1595.002
15311,T1071,T1601
15312,T1071,T1601.001
15313,T1071,T1608
15314,T1071,T1608.001
15315,T1071,T1608.002
15316,T1071,T1608.003
15317,T1071,T1608.004
15318,T1071,T1610
15319,T1071,T1614
15320,T1071,T1615
15321,T1071,T1620
15322,T1071,T1622
15323,T1071,T1669
15324,T1071,T1684
15325,T1071.001,T1071.004
15326,T1071.001,T1074
15327,T1071.001,T1074.001
15328,T1071.001,T1074.002
15329,T1071.001,T1077
15330,T1071.001,T1078
15331,T1071.001,T1078.001
15332,T1071.001,T1078.002
15333,T1071.001,T1078.003
15334,T1071.001,T1082
15335,T1071.001,T1083
15336,T1071.001,T1087
15337,T1071.001,T1087.001
15338,T1071.001,T1087.002
15339,T1071.001,T1087.003
15340,T1071.001,T1090.001
15341,T1071.001,T1090.002
15342,T1071.001,T1090.004
15343,T1071.001,T1095
15344,T1071.001,T1098
15345,T1071.001,T1098.004
15346,T1071.001,T1102
15347,T1071.001,T1102.002
15348,T1071.001,T1104
15349,T1071.001,T1105
15350,T1071.001,T1106
15351,T1071.001,T1110
15352,T1071.001,T1110.003
15353,T1071.001,T1110.004
15354,T1071.001,T1111
15355,T1071.001,T1112
15356,T1071.001,T1113
15357,T1071.001,T1114
15358,T1071.001,T1114.001
15359,T1071.001,T1114.002
15360,T1071.001,T1119
15361,T1071.001,T1120
15362,T1071.001,T1124
15363,T1071.001,T1132
15364,T1071.001,T1132.001
15365,T1071.001,T1132.002
15366,T1071.001,T1133
15367,T1071.001,T1134
15368,T1071.001,T1134.001
15369,T1071.001,T1134.002
15370,T1071.001,T1134.004
15371,T1071.001,T1135
15372,T1071.001,T1136
15373,T1071.001,T1137.001
15374,T1071.001,T1140
15375,T1071.001,T1190
15376,T1071.001,T1195
15377,T1071.001,T1201
15378,T1071.001,T1202
15379,T1071.001,T1204
15380,T1071.001,T1204.001
15381,T1071.001,T1204.002
15382,T1071.001,T1205
15383,T1071.001,T1213
15384,T1071.001,T1213.002
15385,T1071.001,T1218.003
15386,T1071.001,T1218.005
15387,T1071.001,T1218.011
15388,T1071.001,T1219
15389,T1071.001,T1221
15390,T1071.001,T1222
15391,T1071.001,T1222.001
15392,T1071.001,T1480
15393,T1071.001,T1485
15394,T1071.001,T1486
15395,T1071.001,T1499
15396,T1071.001,T1505
15397,T1071.001,T1505.003
15398,T1071.001,T1518
15399,T1071.001,T1518.001
15400,T1071.001,T1531
15401,T1071.001,T1539
15402,T1071.001,T1542
15403,T1071.001,T1542.003
15404,T1071.001,T1543
15405,T1071.001,T1543.003
15406,T1071.001,T1546
15407,T1071.001,T1546.001
15408,T1071.001,T1546.003
15409,T1071.001,T1546.012
15410,T1071.001,T1547
15411,T1071.001,T1547.001
15412,T1071.001,T1547.004
15413,T1071.001,T1547.009
15414,T1071.001,T1548.002
15415,T1071.001,T1550
15416,T1071.001,T1552
15417,T1071.001,T1552.001
15418,T1071.001,T1554
15419,T1071.001,T1555
15420,T1071.001,T1555.003
15421,T1071.001,T1555.004
15422,T1071.001,T1556.004
15423,T1071.001,T1556.006
15424,T1071.001,T1558
15425,T1071.001,T1558.001
15426,T1071.001,T1559
15427,T1071.001,T1559.001
15428,T1071.001,T1559.002
15429,T1071.001,T1560
15430,T1071.001,T1560.001
15431,T1071.001,T1560.003
15432,T1071.001,T1562
15433,T1071.001,T1562.001
15434,T1071.001,T1562.004
15435,T1071.001,T1564
15436,T1071.001,T1564.001
15437,T1071.001,T1564.003
15438,T1071.001,T1566
15439,T1071.001,T1566.001
15440,T1071.001,T1566.002
15441,T1071.001,T1567
15442,T1071.001,T1567.002
15443,T1071.001,T1569
15444,T1071.001,T1569.002
15445,T1071.001,T1570
15446,T1071.001,T1571
15447,T1071.001,T1572
15448,T1071.001,T1573
15449,T1071.001,T1573.001
15450,T1071.001,T1573.002
15451,T1071.001,T1574
15452,T1071.001,T1574.001
15453,T1071.001,T1574.002
15454,T1071.001,T1574.012
15455,T1071.001,T1583
15456,T1071.001,T1583.001
15457,T1071.001,T1583.004
15458,T1071.001,T1583.006
15459,T1071.001,T1587
15460,T1071.001,T1587.001
15461,T1071.001,T1587.002
15462,T1071.001,T1588
15463,T1071.001,T1588.002
15464,T1071.001,T1588.006
15465,T1071.001,T1589.002
15466,T1071.001,T1590.005
15467,T1071.001,T1592.004
15468,T1071.001,T1593.002
15469,T1071.001,T1601
15470,T1071.001,T1601.001
15471,T1071.001,T1608
15472,T1071.001,T1608.001
15473,T1071.001,T1614
15474,T1071.001,T1684
15475,T1071.002,T1077
15476,T1071.002,T1078
15477,T1071.002,T1078.002
15478,T1071.002,T1078.003
15479,T1071.002,T1080
15480,T1071.002,T1082
15481,T1071.002,T1083
15482,T1071.002,T1087
15483,T1071.002,T1091
15484,T1071.002,T1098
15485,T1071.002,T1098.004
15486,T1071.002,T1102
15487,T1071.002,T1105
15488,T1071.002,T1112
15489,T1071.002,T1119
15490,T1071.002,T1124
15491,T1071.002,T1132
15492,T1071.002,T1135
15493,T1071.002,T1136
15494,T1071.002,T1136.002
15495,T1071.002,T1140
15496,T1071.002,T1190
15497,T1071.002,T1197
15498,T1071.002,T1204.002
15499,T1071.002,T1204.005
15500,T1071.002,T1216.002
15501,T1071.002,T1218.011
15502,T1071.002,T1219
15503,T1071.002,T1482
15504,T1071.002,T1486
15505,T1071.002,T1496
15506,T1071.002,T1505
15507,T1071.002,T1505.003
15508,T1071.002,T1518
15509,T1071.002,T1518.001
15510,T1071.002,T1543
15511,T1071.002,T1543.003
15512,T1071.002,T1546
15513,T1071.002,T1546.003
15514,T1071.002,T1546.008
15515,T1071.002,T1546.012
15516,T1071.002,T1546.015
15517,T1071.002,T1548
15518,T1071.002,T1548.002
15519,T1071.002,T1550.002
15520,T1071.002,T1552
15521,T1071.002,T1552.001
15522,T1071.002,T1555
15523,T1071.002,T1555.003
15524,T1071.002,T1559.001
15525,T1071.002,T1560
15526,T1071.002,T1560.001
15527,T1071.002,T1562
15528,T1071.002,T1562.001
15529,T1071.002,T1566
15530,T1071.002,T1566.001
15531,T1071.002,T1567
15532,T1071.002,T1567.002
15533,T1071.002,T1569
15534,T1071.002,T1569.002
15535,T1071.002,T1570
15536,T1071.002,T1571
15537,T1071.002,T1572
15538,T1071.002,T1573
15539,T1071.002,T1574
15540,T1071.002,T1574.001
15541,T1071.002,T1574.002
15542,T1071.002,T1584.008
15543,T1071.002,T1590.005
15544,T1071.002,T1595
15545,T1071.002,T1615
15546,T1071.004,T1074
15547,T1071.004,T1078
15548,T1071.004,T1078.002
15549,T1071.004,T1083
15550,T1071.004,T1087
15551,T1071.004,T1087.002
15552,T1071.004,T1090.004
15553,T1071.004,T1105
15554,T1071.004,T1112
15555,T1071.004,T1114
15556,T1071.004,T1132
15557,T1071.004,T1132.001
15558,T1071.004,T1136
15559,T1071.004,T1136.002
15560,T1071.004,T1140
15561,T1071.004,T1190
15562,T1071.004,T1204.002
15563,T1071.004,T1505
15564,T1071.004,T1505.003
15565,T1071.004,T1543
15566,T1071.004,T1543.003
15567,T1071.004,T1546
15568,T1071.004,T1546.003
15569,T1071.004,T1556
15570,T1071.004,T1556.008
15571,T1071.004,T1560
15572,T1071.004,T1560.001
15573,T1071.004,T1567
15574,T1071.004,T1569
15575,T1071.004,T1569.002
15576,T1071.004,T1573
15577,T1071.004,T1573.001
15578,T1071.004,T1574
15579,T1071.004,T1574.002
15580,T1071.004,T1583
15581,T1071.004,T1583.001
15582,T1071.004,T1583.002
15583,T1071.004,T1587
15584,T1071.004,T1587.001
15585,T1071.004,T1590.005
15586,T1072,T1077
15587,T1072,T1078.002
15588,T1072,T1082
15589,T1072,T1083
15590,T1072,T1087
15591,T1072,T1088
15592,T1072,T1089
15593,T1072,T1102
15594,T1072,T1105
15595,T1072,T1107
15596,T1072,T1110
15597,T1072,T1113
15598,T1072,T1140
15599,T1072,T1193
15600,T1072,T1195
15601,T1072,T1203
15602,T1072,T1204
15603,T1072,T1204.003
15604,T1072,T1213
15605,T1072,T1213.002
15606,T1072,T1213.003
15607,T1072,T1218
15608,T1072,T1482
15609,T1072,T1485
15610,T1072,T1518
15611,T1072,T1529
15612,T1072,T1534
15613,T1072,T1555
15614,T1072,T1555.005
15615,T1072,T1567
15616,T1072,T1684
15617,T1073,T1078
15618,T1073,T1081
15619,T1073,T1082
15620,T1073,T1083
15621,T1073,T1089
15622,T1073,T1090
15623,T1073,T1094
15624,T1073,T1095
15625,T1073,T1096
15626,T1073,T1098
15627,T1073,T1100
15628,T1073,T1105
15629,T1073,T1107
15630,T1073,T1108
15631,T1073,T1110
15632,T1073,T1112
15633,T1073,T1113
15634,T1073,T1116
15635,T1073,T1119
15636,T1073,T1125
15637,T1073,T1129
15638,T1073,T1132
15639,T1073,T1133
15640,T1073,T1134
15641,T1073,T1136
15642,T1073,T1139
15643,T1073,T1140
15644,T1073,T1145
15645,T1073,T1146
15646,T1073,T1165
15647,T1073,T1193
15648,T1073,T1197
15649,T1073,T1213
15650,T1073,T1213.001
15651,T1073,T1214
15652,T1073,T1219
15653,T1073,T1220
15654,T1073,T1221
15655,T1073,T1483
15656,T1073,T1486
15657,T1073,T1487
15658,T1073,T1497
15659,T1073,T1569
15660,T1074,T1074.001
15661,T1074,T1074.002
15662,T1074,T1076
15663,T1074,T1077
15664,T1074,T1078
15665,T1074,T1078.001
15666,T1074,T1078.002
15667,T1074,T1078.003
15668,T1074,T1079
15669,T1074,T1080
15670,T1074,T1081
15671,T1074,T1082
15672,T1074,T1083
15673,T1074,T1085
15674,T1074,T1087
15675,T1074,T1087.002
15676,T1074,T1087.003
15677,T1074,T1088
15678,T1074,T1089
15679,T1074,T1090
15680,T1074,T1090.001
15681,T1074,T1091
15682,T1074,T1092
15683,T1074,T1094
15684,T1074,T1095
15685,T1074,T1098
15686,T1074,T1098.004
15687,T1074,T1099
15688,T1074,T1100
15689,T1074,T1102
15690,T1074,T1102.002
15691,T1074,T1102.003
15692,T1074,T1104
15693,T1074,T1105
15694,T1074,T1106
15695,T1074,T1107
15696,T1074,T1108
15697,T1074,T1110
15698,T1074,T1110.003
15699,T1074,T1110.004
15700,T1074,T1111
15701,T1074,T1112
15702,T1074,T1113
15703,T1074,T1114
15704,T1074,T1114.001
15705,T1074,T1114.002
15706,T1074,T1114.003
15707,T1074,T1115
15708,T1074,T1119
15709,T1074,T1120
15710,T1074,T1123
15711,T1074,T1124
15712,T1074,T1125
15713,T1074,T1129
15714,T1074,T1132
15715,T1074,T1132.001
15716,T1074,T1133
15717,T1074,T1134
15718,T1074,T1135
15719,T1074,T1136
15720,T1074,T1136.001
15721,T1074,T1136.002
15722,T1074,T1137
15723,T1074,T1139
15724,T1074,T1140
15725,T1074,T1141
15726,T1074,T1143
15727,T1074,T1148
15728,T1074,T1149
15729,T1074,T1162
15730,T1074,T1163
15731,T1074,T1168
15732,T1074,T1171
15733,T1074,T1175
15734,T1074,T1176.001
15735,T1074,T1187
15736,T1074,T1188
15737,T1074,T1190
15738,T1074,T1192
15739,T1074,T1195
15740,T1074,T1196
15741,T1074,T1197
15742,T1074,T1199
15743,T1074,T1200
15744,T1074,T1201
15745,T1074,T1202
15746,T1074,T1203
15747,T1074,T1204
15748,T1074,T1204.001
15749,T1074,T1204.002
15750,T1074,T1205.001
15751,T1074,T1206
15752,T1074,T1210
15753,T1074,T1211
15754,T1074,T1212
15755,T1074,T1213
15756,T1074,T1213.002
15757,T1074,T1218.002
15758,T1074,T1219
15759,T1074,T1220
15760,T1074,T1221
15761,T1074,T1222
15762,T1074,T1480
15763,T1074,T1482
15764,T1074,T1484.001
15765,T1074,T1485
15766,T1074,T1486
15767,T1074,T1489
15768,T1074,T1490
15769,T1074,T1491
15770,T1074,T1495
15771,T1074,T1496
15772,T1074,T1497
15773,T1074,T1498
15774,T1074,T1499
15775,T1074,T1505
15776,T1074,T1505.002
15777,T1074,T1505.003
15778,T1074,T1518
15779,T1074,T1529
15780,T1074,T1531
15781,T1074,T1534
15782,T1074,T1539
15783,T1074,T1542
15784,T1074,T1542.003
15785,T1074,T1543
15786,T1074,T1543.003
15787,T1074,T1547
15788,T1074,T1547.001
15789,T1074,T1548
15790,T1074,T1548.001
15791,T1074,T1550
15792,T1074,T1550.003
15793,T1074,T1552
15794,T1074,T1552.003
15795,T1074,T1555
15796,T1074,T1555.004
15797,T1074,T1555.005
15798,T1074,T1556
15799,T1074,T1556.006
15800,T1074,T1556.008
15801,T1074,T1558
15802,T1074,T1558.001
15803,T1074,T1558.003
15804,T1074,T1559.001
15805,T1074,T1560
15806,T1074,T1560.001
15807,T1074,T1560.003
15808,T1074,T1562
15809,T1074,T1562.001
15810,T1074,T1562.004
15811,T1074,T1562.007
15812,T1074,T1563
15813,T1074,T1564.001
15814,T1074,T1565
15815,T1074,T1567
15816,T1074,T1568
15817,T1074,T1569
15818,T1074,T1569.002
15819,T1074,T1570
15820,T1074,T1571
15821,T1074,T1572
15822,T1074,T1573
15823,T1074,T1573.001
15824,T1074,T1573.002
15825,T1074,T1574
15826,T1074,T1574.001
15827,T1074,T1574.002
15828,T1074,T1574.012
15829,T1074,T1578
15830,T1074,T1578.002
15831,T1074,T1578.003
15832,T1074,T1583
15833,T1074,T1583.001
15834,T1074,T1583.002
15835,T1074,T1587
15836,T1074,T1587.001
15837,T1074,T1590.005
15838,T1074,T1593.001
15839,T1074,T1601
15840,T1074,T1601.001
15841,T1074,T1669
15842,T1074,T1684
15843,T1074,T1686.001
15844,T1074.001,T1074.002
15845,T1074.001,T1077
15846,T1074.001,T1078
15847,T1074.001,T1078.001
15848,T1074.001,T1078.002
15849,T1074.001,T1078.003
15850,T1074.001,T1082
15851,T1074.001,T1083
15852,T1074.001,T1087
15853,T1074.001,T1090.001
15854,T1074.001,T1090.003
15855,T1074.001,T1095
15856,T1074.001,T1098.004
15857,T1074.001,T1102
15858,T1074.001,T1102.002
15859,T1074.001,T1104
15860,T1074.001,T1105
15861,T1074.001,T1110
15862,T1074.001,T1110.003
15863,T1074.001,T1110.004
15864,T1074.001,T1112
15865,T1074.001,T1113
15866,T1074.001,T1114
15867,T1074.001,T1114.001
15868,T1074.001,T1114.002
15869,T1074.001,T1119
15870,T1074.001,T1120
15871,T1074.001,T1124
15872,T1074.001,T1132
15873,T1074.001,T1132.001
15874,T1074.001,T1133
15875,T1074.001,T1134
15876,T1074.001,T1189
15877,T1074.001,T1190
15878,T1074.001,T1195
15879,T1074.001,T1201
15880,T1074.001,T1202
15881,T1074.001,T1203
15882,T1074.001,T1204
15883,T1074.001,T1204.002
15884,T1074.001,T1205.001
15885,T1074.001,T1213
15886,T1074.001,T1213.002
15887,T1074.001,T1219
15888,T1074.001,T1222
15889,T1074.001,T1485
15890,T1074.001,T1486
15891,T1074.001,T1499
15892,T1074.001,T1505
15893,T1074.001,T1531
15894,T1074.001,T1539
15895,T1074.001,T1542
15896,T1074.001,T1542.003
15897,T1074.001,T1543
15898,T1074.001,T1543.003
15899,T1074.001,T1547.001
15900,T1074.001,T1550
15901,T1074.001,T1555.004
15902,T1074.001,T1556.006
15903,T1074.001,T1558
15904,T1074.001,T1558.001
15905,T1074.001,T1559.001
15906,T1074.001,T1560
15907,T1074.001,T1560.001
15908,T1074.001,T1560.003
15909,T1074.001,T1562
15910,T1074.001,T1564.001
15911,T1074.001,T1566.001
15912,T1074.001,T1566.002
15913,T1074.001,T1567
15914,T1074.001,T1569
15915,T1074.001,T1569.002
15916,T1074.001,T1570
15917,T1074.001,T1571
15918,T1074.001,T1572
15919,T1074.001,T1573
15920,T1074.001,T1573.001
15921,T1074.001,T1573.002
15922,T1074.001,T1574
15923,T1074.001,T1574.001
15924,T1074.001,T1574.002
15925,T1074.001,T1574.012
15926,T1074.001,T1583
15927,T1074.001,T1583.001
15928,T1074.001,T1589
15929,T1074.001,T1589.001
15930,T1074.001,T1590.005
15931,T1074.001,T1601
15932,T1074.001,T1601.001
15933,T1074.002,T1077
15934,T1074.002,T1078
15935,T1074.002,T1078.001
15936,T1074.002,T1082
15937,T1074.002,T1090.003
15938,T1074.002,T1102
15939,T1074.002,T1110
15940,T1074.002,T1110.003
15941,T1074.002,T1110.004
15942,T1074.002,T1114
15943,T1074.002,T1114.001
15944,T1074.002,T1124
15945,T1074.002,T1133
15946,T1074.002,T1189
15947,T1074.002,T1190
15948,T1074.002,T1203
15949,T1074.002,T1213
15950,T1074.002,T1213.002
15951,T1074.002,T1550
15952,T1074.002,T1556.006
15953,T1074.002,T1560
15954,T1074.002,T1560.001
15955,T1074.002,T1566.001
15956,T1074.002,T1566.002
15957,T1074.002,T1569
15958,T1074.002,T1572
15959,T1074.002,T1573
15960,T1074.002,T1573.002
15961,T1074.002,T1574
15962,T1074.002,T1583
15963,T1074.002,T1583.001
15964,T1074.002,T1589
15965,T1074.002,T1589.001
15966,T1075,T1083
15967,T1075,T1087
15968,T1076,T1081
15969,T1076,T1090
15970,T1076,T1094
15971,T1076,T1100
15972,T1076,T1133
15973,T1076,T1136
15974,T1076,T1590.005
15975,T1077,T1078
15976,T1077,T1078.001
15977,T1077,T1078.002
15978,T1077,T1078.003
15979,T1077,T1079
15980,T1077,T1080
15981,T1077,T1082
15982,T1077,T1083
15983,T1077,T1085
15984,T1077,T1086
15985,T1077,T1087
15986,T1077,T1088
15987,T1077,T1089
15988,T1077,T1090.001
15989,T1077,T1091
15990,T1077,T1092
15991,T1077,T1094
15992,T1077,T1095
15993,T1077,T1098
15994,T1077,T1098.004
15995,T1077,T1102
15996,T1077,T1102.002
15997,T1077,T1104
15998,T1077,T1105
15999,T1077,T1106
16000,T1077,T1107
16001,T1077,T1108
16002,T1077,T1110
16003,T1077,T1110.003
16004,T1077,T1110.004
16005,T1077,T1112
16006,T1077,T1113
16007,T1077,T1114
16008,T1077,T1114.001
16009,T1077,T1114.002
16010,T1077,T1115
16011,T1077,T1119
16012,T1077,T1120
16013,T1077,T1123
16014,T1077,T1124
16015,T1077,T1125
16016,T1077,T1129
16017,T1077,T1132
16018,T1077,T1132.001
16019,T1077,T1133
16020,T1077,T1134
16021,T1077,T1135
16022,T1077,T1136
16023,T1077,T1136.002
16024,T1077,T1137
16025,T1077,T1139
16026,T1077,T1140
16027,T1077,T1141
16028,T1077,T1148
16029,T1077,T1149
16030,T1077,T1162
16031,T1077,T1163
16032,T1077,T1168
16033,T1077,T1171
16034,T1077,T1175
16035,T1077,T1176.001
16036,T1077,T1187
16037,T1077,T1189
16038,T1077,T1190
16039,T1077,T1193
16040,T1077,T1195
16041,T1077,T1196
16042,T1077,T1197
16043,T1077,T1199
16044,T1077,T1200
16045,T1077,T1201
16046,T1077,T1202
16047,T1077,T1203
16048,T1077,T1204
16049,T1077,T1204.002
16050,T1077,T1204.003
16051,T1077,T1204.005
16052,T1077,T1205.001
16053,T1077,T1206
16054,T1077,T1210
16055,T1077,T1212
16056,T1077,T1213
16057,T1077,T1213.002
16058,T1077,T1216.002
16059,T1077,T1218
16060,T1077,T1218.002
16061,T1077,T1218.011
16062,T1077,T1219
16063,T1077,T1220
16064,T1077,T1221
16065,T1077,T1222
16066,T1077,T1480
16067,T1077,T1482
16068,T1077,T1485
16069,T1077,T1486
16070,T1077,T1489
16071,T1077,T1490
16072,T1077,T1491
16073,T1077,T1495
16074,T1077,T1496
16075,T1077,T1498
16076,T1077,T1499
16077,T1077,T1505
16078,T1077,T1505.002
16079,T1077,T1505.003
16080,T1077,T1518
16081,T1077,T1518.001
16082,T1077,T1529
16083,T1077,T1531
16084,T1077,T1539
16085,T1077,T1543
16086,T1077,T1543.003
16087,T1077,T1546
16088,T1077,T1546.003
16089,T1077,T1546.008
16090,T1077,T1546.012
16091,T1077,T1546.015
16092,T1077,T1547.001
16093,T1077,T1548
16094,T1077,T1548.002
16095,T1077,T1550
16096,T1077,T1550.002
16097,T1077,T1552
16098,T1077,T1552.001
16099,T1077,T1552.003
16100,T1077,T1555
16101,T1077,T1555.003
16102,T1077,T1555.004
16103,T1077,T1555.005
16104,T1077,T1558
16105,T1077,T1558.001
16106,T1077,T1559.001
16107,T1077,T1560
16108,T1077,T1560.001
16109,T1077,T1560.003
16110,T1077,T1562
16111,T1077,T1562.001
16112,T1077,T1564.001
16113,T1077,T1565
16114,T1077,T1566
16115,T1077,T1566.001
16116,T1077,T1567
16117,T1077,T1567.002
16118,T1077,T1569
16119,T1077,T1569.002
16120,T1077,T1570
16121,T1077,T1571
16122,T1077,T1572
16123,T1077,T1573
16124,T1077,T1573.001
16125,T1077,T1573.002
16126,T1077,T1574
16127,T1077,T1574.001
16128,T1077,T1574.002
16129,T1077,T1574.012
16130,T1077,T1584.008
16131,T1077,T1590.005
16132,T1077,T1593.001
16133,T1077,T1595
16134,T1077,T1615
16135,T1077,T1684
16136,T1078,T1078.001
16137,T1078,T1078.002
16138,T1078,T1078.003
16139,T1078,T1079
16140,T1078,T1080
16141,T1078,T1081
16142,T1078,T1082
16143,T1078,T1083
16144,T1078,T1086
16145,T1078,T1087
16146,T1078,T1087.002
16147,T1078,T1087.003
16148,T1078,T1089
16149,T1078,T1090
16150,T1078,T1090.001
16151,T1078,T1090.003
16152,T1078,T1091
16153,T1078,T1092
16154,T1078,T1094
16155,T1078,T1095
16156,T1078,T1098
16157,T1078,T1098.004
16158,T1078,T1100
16159,T1078,T1102
16160,T1078,T1102.002
16161,T1078,T1104
16162,T1078,T1105
16163,T1078,T1106
16164,T1078,T1107
16165,T1078,T1108
16166,T1078,T1110
16167,T1078,T1110.001
16168,T1078,T1110.003
16169,T1078,T1110.004
16170,T1078,T1111
16171,T1078,T1112
16172,T1078,T1113
16173,T1078,T1114
16174,T1078,T1114.001
16175,T1078,T1114.002
16176,T1078,T1114.003
16177,T1078,T1115
16178,T1078,T1116
16179,T1078,T1119
16180,T1078,T1120
16181,T1078,T1123
16182,T1078,T1124
16183,T1078,T1125
16184,T1078,T1132
16185,T1078,T1132.001
16186,T1078,T1133
16187,T1078,T1134
16188,T1078,T1134.001
16189,T1078,T1135
16190,T1078,T1136
16191,T1078,T1136.001
16192,T1078,T1136.002
16193,T1078,T1137
16194,T1078,T1139
16195,T1078,T1140
16196,T1078,T1141
16197,T1078,T1145
16198,T1078,T1146
16199,T1078,T1148
16200,T1078,T1149
16201,T1078,T1162
16202,T1078,T1163
16203,T1078,T1165
16204,T1078,T1168
16205,T1078,T1171
16206,T1078,T1175
16207,T1078,T1176.001
16208,T1078,T1187
16209,T1078,T1189
16210,T1078,T1190
16211,T1078,T1195
16212,T1078,T1196
16213,T1078,T1197
16214,T1078,T1199
16215,T1078,T1200
16216,T1078,T1201
16217,T1078,T1202
16218,T1078,T1203
16219,T1078,T1204
16220,T1078,T1204.001
16221,T1078,T1204.002
16222,T1078,T1204.005
16223,T1078,T1205.001
16224,T1078,T1206
16225,T1078,T1210
16226,T1078,T1211
16227,T1078,T1212
16228,T1078,T1213
16229,T1078,T1213.001
16230,T1078,T1213.002
16231,T1078,T1216.002
16232,T1078,T1218.002
16233,T1078,T1218.011
16234,T1078,T1219
16235,T1078,T1220
16236,T1078,T1221
16237,T1078,T1222
16238,T1078,T1480
16239,T1078,T1480.001
16240,T1078,T1482
16241,T1078,T1483
16242,T1078,T1484.001
16243,T1078,T1485
16244,T1078,T1486
16245,T1078,T1487
16246,T1078,T1489
16247,T1078,T1490
16248,T1078,T1491
16249,T1078,T1495
16250,T1078,T1496
16251,T1078,T1497
16252,T1078,T1497.003
16253,T1078,T1498
16254,T1078,T1499
16255,T1078,T1505
16256,T1078,T1505.002
16257,T1078,T1505.003
16258,T1078,T1518
16259,T1078,T1518.001
16260,T1078,T1528
16261,T1078,T1529
16262,T1078,T1531
16263,T1078,T1534
16264,T1078,T1539
16265,T1078,T1543
16266,T1078,T1543.002
16267,T1078,T1543.003
16268,T1078,T1546
16269,T1078,T1546.003
16270,T1078,T1546.008
16271,T1078,T1546.012
16272,T1078,T1546.015
16273,T1078,T1547
16274,T1078,T1547.001
16275,T1078,T1547.012
16276,T1078,T1548
16277,T1078,T1548.001
16278,T1078,T1548.002
16279,T1078,T1550
16280,T1078,T1550.002
16281,T1078,T1550.003
16282,T1078,T1552
16283,T1078,T1552.001
16284,T1078,T1552.003
16285,T1078,T1552.004
16286,T1078,T1553
16287,T1078,T1553.002
16288,T1078,T1555
16289,T1078,T1555.003
16290,T1078,T1555.004
16291,T1078,T1555.005
16292,T1078,T1556
16293,T1078,T1556.006
16294,T1078,T1556.008
16295,T1078,T1556.009
16296,T1078,T1558
16297,T1078,T1558.001
16298,T1078,T1558.003
16299,T1078,T1559.001
16300,T1078,T1560
16301,T1078,T1560.001
16302,T1078,T1560.003
16303,T1078,T1562
16304,T1078,T1562.001
16305,T1078,T1562.004
16306,T1078,T1562.007
16307,T1078,T1563
16308,T1078,T1564
16309,T1078,T1564.001
16310,T1078,T1565
16311,T1078,T1566
16312,T1078,T1566.001
16313,T1078,T1566.002
16314,T1078,T1567
16315,T1078,T1567.002
16316,T1078,T1568
16317,T1078,T1569
16318,T1078,T1569.002
16319,T1078,T1570
16320,T1078,T1571
16321,T1078,T1572
16322,T1078,T1573
16323,T1078,T1573.001
16324,T1078,T1573.002
16325,T1078,T1574
16326,T1078,T1574.001
16327,T1078,T1574.002
16328,T1078,T1574.012
16329,T1078,T1578
16330,T1078,T1578.002
16331,T1078,T1578.003
16332,T1078,T1583
16333,T1078,T1583.001
16334,T1078,T1583.002
16335,T1078,T1584.008
16336,T1078,T1587
16337,T1078,T1587.001
16338,T1078,T1587.003
16339,T1078,T1588.003
16340,T1078,T1588.007
16341,T1078,T1589
16342,T1078,T1589.001
16343,T1078,T1589.002
16344,T1078,T1590.005
16345,T1078,T1593.001
16346,T1078,T1595
16347,T1078,T1595.002
16348,T1078,T1608.001
16349,T1078,T1608.002
16350,T1078,T1608.003
16351,T1078,T1608.005
16352,T1078,T1610
16353,T1078,T1615
16354,T1078,T1684
16355,T1078,T1686.001
16356,T1078.001,T1078.002
16357,T1078.001,T1078.003
16358,T1078.001,T1082
16359,T1078.001,T1083
16360,T1078.001,T1087
16361,T1078.001,T1090.001
16362,T1078.001,T1090.003
16363,T1078.001,T1095
16364,T1078.001,T1098.004
16365,T1078.001,T1102
16366,T1078.001,T1102.002
16367,T1078.001,T1105
16368,T1078.001,T1110
16369,T1078.001,T1110.003
16370,T1078.001,T1113
16371,T1078.001,T1114
16372,T1078.001,T1114.002
16373,T1078.001,T1119
16374,T1078.001,T1132
16375,T1078.001,T1132.001
16376,T1078.001,T1133
16377,T1078.001,T1134
16378,T1078.001,T1189
16379,T1078.001,T1190
16380,T1078.001,T1195
16381,T1078.001,T1201
16382,T1078.001,T1202
16383,T1078.001,T1203
16384,T1078.001,T1204
16385,T1078.001,T1204.002
16386,T1078.001,T1204.005
16387,T1078.001,T1213
16388,T1078.001,T1219
16389,T1078.001,T1485
16390,T1078.001,T1486
16391,T1078.001,T1499
16392,T1078.001,T1505
16393,T1078.001,T1531
16394,T1078.001,T1539
16395,T1078.001,T1543
16396,T1078.001,T1543.003
16397,T1078.001,T1550
16398,T1078.001,T1555.004
16399,T1078.001,T1556.006
16400,T1078.001,T1558
16401,T1078.001,T1558.001
16402,T1078.001,T1559.001
16403,T1078.001,T1560
16404,T1078.001,T1560.001
16405,T1078.001,T1560.003
16406,T1078.001,T1562
16407,T1078.001,T1566.001
16408,T1078.001,T1566.002
16409,T1078.001,T1571
16410,T1078.001,T1572
16411,T1078.001,T1573
16412,T1078.001,T1573.001
16413,T1078.001,T1574
16414,T1078.001,T1574.012
16415,T1078.001,T1583
16416,T1078.001,T1583.001
16417,T1078.001,T1589
16418,T1078.001,T1589.001
16419,T1078.001,T1590.005
16420,T1078.002,T1078.003
16421,T1078.002,T1080
16422,T1078.002,T1082
16423,T1078.002,T1083
16424,T1078.002,T1087
16425,T1078.002,T1087.002
16426,T1078.002,T1087.003
16427,T1078.002,T1091
16428,T1078.002,T1095
16429,T1078.002,T1098
16430,T1078.002,T1098.004
16431,T1078.002,T1102
16432,T1078.002,T1105
16433,T1078.002,T1106
16434,T1078.002,T1110
16435,T1078.002,T1110.001
16436,T1078.002,T1111
16437,T1078.002,T1112
16438,T1078.002,T1113
16439,T1078.002,T1114
16440,T1078.002,T1114.003
16441,T1078.002,T1119
16442,T1078.002,T1123
16443,T1078.002,T1124
16444,T1078.002,T1125
16445,T1078.002,T1132
16446,T1078.002,T1132.001
16447,T1078.002,T1133
16448,T1078.002,T1134
16449,T1078.002,T1135
16450,T1078.002,T1136
16451,T1078.002,T1136.001
16452,T1078.002,T1136.002
16453,T1078.002,T1140
16454,T1078.002,T1187
16455,T1078.002,T1190
16456,T1078.002,T1197
16457,T1078.002,T1203
16458,T1078.002,T1204
16459,T1078.002,T1204.001
16460,T1078.002,T1204.002
16461,T1078.002,T1204.005
16462,T1078.002,T1211
16463,T1078.002,T1213
16464,T1078.002,T1213.002
16465,T1078.002,T1213.003
16466,T1078.002,T1216.002
16467,T1078.002,T1218.002
16468,T1078.002,T1218.011
16469,T1078.002,T1219
16470,T1078.002,T1222
16471,T1078.002,T1482
16472,T1078.002,T1484.001
16473,T1078.002,T1485
16474,T1078.002,T1486
16475,T1078.002,T1496
16476,T1078.002,T1497
16477,T1078.002,T1505
16478,T1078.002,T1505.003
16479,T1078.002,T1518
16480,T1078.002,T1518.001
16481,T1078.002,T1529
16482,T1078.002,T1531
16483,T1078.002,T1534
16484,T1078.002,T1539
16485,T1078.002,T1543
16486,T1078.002,T1543.003
16487,T1078.002,T1546
16488,T1078.002,T1546.003
16489,T1078.002,T1546.008
16490,T1078.002,T1546.012
16491,T1078.002,T1546.015
16492,T1078.002,T1547
16493,T1078.002,T1547.001
16494,T1078.002,T1548
16495,T1078.002,T1548.001
16496,T1078.002,T1548.002
16497,T1078.002,T1550
16498,T1078.002,T1550.002
16499,T1078.002,T1550.003
16500,T1078.002,T1552
16501,T1078.002,T1552.001
16502,T1078.002,T1555
16503,T1078.002,T1555.003
16504,T1078.002,T1555.004
16505,T1078.002,T1555.005
16506,T1078.002,T1556
16507,T1078.002,T1556.006
16508,T1078.002,T1556.008
16509,T1078.002,T1558
16510,T1078.002,T1558.003
16511,T1078.002,T1559.001
16512,T1078.002,T1560
16513,T1078.002,T1560.001
16514,T1078.002,T1562
16515,T1078.002,T1562.001
16516,T1078.002,T1562.004
16517,T1078.002,T1562.007
16518,T1078.002,T1563
16519,T1078.002,T1564.001
16520,T1078.002,T1566
16521,T1078.002,T1566.001
16522,T1078.002,T1567
16523,T1078.002,T1567.002
16524,T1078.002,T1568
16525,T1078.002,T1569
16526,T1078.002,T1569.002
16527,T1078.002,T1570
16528,T1078.002,T1571
16529,T1078.002,T1572
16530,T1078.002,T1573
16531,T1078.002,T1573.001
16532,T1078.002,T1574
16533,T1078.002,T1574.001
16534,T1078.002,T1574.002
16535,T1078.002,T1578
16536,T1078.002,T1578.002
16537,T1078.002,T1578.003
16538,T1078.002,T1583
16539,T1078.002,T1583.001
16540,T1078.002,T1583.002
16541,T1078.002,T1584.008
16542,T1078.002,T1587
16543,T1078.002,T1587.001
16544,T1078.002,T1590.005
16545,T1078.002,T1595
16546,T1078.002,T1615
16547,T1078.002,T1684
16548,T1078.002,T1686.001
16549,T1078.003,T1079
16550,T1078.003,T1080
16551,T1078.003,T1082
16552,T1078.003,T1083
16553,T1078.003,T1087
16554,T1078.003,T1087.003
16555,T1078.003,T1089
16556,T1078.003,T1090.001
16557,T1078.003,T1091
16558,T1078.003,T1092
16559,T1078.003,T1094
16560,T1078.003,T1095
16561,T1078.003,T1098
16562,T1078.003,T1098.004
16563,T1078.003,T1102
16564,T1078.003,T1102.002
16565,T1078.003,T1104
16566,T1078.003,T1105
16567,T1078.003,T1108
16568,T1078.003,T1110
16569,T1078.003,T1110.002
16570,T1078.003,T1110.003
16571,T1078.003,T1112
16572,T1078.003,T1113
16573,T1078.003,T1114
16574,T1078.003,T1114.002
16575,T1078.003,T1115
16576,T1078.003,T1119
16577,T1078.003,T1120
16578,T1078.003,T1123
16579,T1078.003,T1124
16580,T1078.003,T1125
16581,T1078.003,T1132
16582,T1078.003,T1132.001
16583,T1078.003,T1133
16584,T1078.003,T1134
16585,T1078.003,T1135
16586,T1078.003,T1136
16587,T1078.003,T1136.001
16588,T1078.003,T1136.002
16589,T1078.003,T1137.006
16590,T1078.003,T1139
16591,T1078.003,T1140
16592,T1078.003,T1141
16593,T1078.003,T1148
16594,T1078.003,T1149
16595,T1078.003,T1162
16596,T1078.003,T1168
16597,T1078.003,T1171
16598,T1078.003,T1175
16599,T1078.003,T1176.001
16600,T1078.003,T1187
16601,T1078.003,T1190
16602,T1078.003,T1195
16603,T1078.003,T1196
16604,T1078.003,T1197
16605,T1078.003,T1199
16606,T1078.003,T1200
16607,T1078.003,T1201
16608,T1078.003,T1202
16609,T1078.003,T1203
16610,T1078.003,T1204
16611,T1078.003,T1204.002
16612,T1078.003,T1204.005
16613,T1078.003,T1205.001
16614,T1078.003,T1206
16615,T1078.003,T1210
16616,T1078.003,T1212
16617,T1078.003,T1213
16618,T1078.003,T1216.002
16619,T1078.003,T1218.002
16620,T1078.003,T1218.011
16621,T1078.003,T1219
16622,T1078.003,T1220
16623,T1078.003,T1480
16624,T1078.003,T1482
16625,T1078.003,T1485
16626,T1078.003,T1486
16627,T1078.003,T1489
16628,T1078.003,T1490
16629,T1078.003,T1491
16630,T1078.003,T1495
16631,T1078.003,T1496
16632,T1078.003,T1498
16633,T1078.003,T1499
16634,T1078.003,T1505
16635,T1078.003,T1505.002
16636,T1078.003,T1505.003
16637,T1078.003,T1518
16638,T1078.003,T1518.001
16639,T1078.003,T1529
16640,T1078.003,T1531
16641,T1078.003,T1539
16642,T1078.003,T1543
16643,T1078.003,T1543.003
16644,T1078.003,T1546
16645,T1078.003,T1546.003
16646,T1078.003,T1546.008
16647,T1078.003,T1546.012
16648,T1078.003,T1546.015
16649,T1078.003,T1547.001
16650,T1078.003,T1548
16651,T1078.003,T1548.002
16652,T1078.003,T1550
16653,T1078.003,T1550.002
16654,T1078.003,T1552
16655,T1078.003,T1552.001
16656,T1078.003,T1552.003
16657,T1078.003,T1555
16658,T1078.003,T1555.003
16659,T1078.003,T1555.004
16660,T1078.003,T1556.006
16661,T1078.003,T1558
16662,T1078.003,T1558.001
16663,T1078.003,T1559.001
16664,T1078.003,T1560
16665,T1078.003,T1560.001
16666,T1078.003,T1560.003
16667,T1078.003,T1562
16668,T1078.003,T1562.001
16669,T1078.003,T1565
16670,T1078.003,T1566
16671,T1078.003,T1566.001
16672,T1078.003,T1567
16673,T1078.003,T1567.002
16674,T1078.003,T1569
16675,T1078.003,T1569.002
16676,T1078.003,T1570
16677,T1078.003,T1571
16678,T1078.003,T1572
16679,T1078.003,T1573
16680,T1078.003,T1573.001
16681,T1078.003,T1574
16682,T1078.003,T1574.001
16683,T1078.003,T1574.002
16684,T1078.003,T1574.012
16685,T1078.003,T1584.008
16686,T1078.003,T1590.005
16687,T1078.003,T1593.001
16688,T1078.003,T1595
16689,T1078.003,T1615
16690,T1078.003,T1684
16691,T1079,T1080
16692,T1079,T1082
16693,T1079,T1083
16694,T1079,T1087
16695,T1079,T1089
16696,T1079,T1091
16697,T1079,T1092
16698,T1079,T1094
16699,T1079,T1095
16700,T1079,T1098
16701,T1079,T1102
16702,T1079,T1104
16703,T1079,T1105
16704,T1079,T1107
16705,T1079,T1108
16706,T1079,T1110
16707,T1079,T1110.003
16708,T1079,T1112
16709,T1079,T1113
16710,T1079,T1114
16711,T1079,T1115
16712,T1079,T1119
16713,T1079,T1120
16714,T1079,T1123
16715,T1079,T1124
16716,T1079,T1125
16717,T1079,T1129
16718,T1079,T1132
16719,T1079,T1133
16720,T1079,T1134
16721,T1079,T1135
16722,T1079,T1136
16723,T1079,T1137
16724,T1079,T1139
16725,T1079,T1140
16726,T1079,T1141
16727,T1079,T1148
16728,T1079,T1149
16729,T1079,T1162
16730,T1079,T1163
16731,T1079,T1168
16732,T1079,T1171
16733,T1079,T1175
16734,T1079,T1176.001
16735,T1079,T1187
16736,T1079,T1188
16737,T1079,T1189
16738,T1079,T1190
16739,T1079,T1195
16740,T1079,T1196
16741,T1079,T1197
16742,T1079,T1199
16743,T1079,T1200
16744,T1079,T1201
16745,T1079,T1202
16746,T1079,T1203
16747,T1079,T1204
16748,T1079,T1204.002
16749,T1079,T1205.001
16750,T1079,T1206
16751,T1079,T1210
16752,T1079,T1212
16753,T1079,T1213
16754,T1079,T1218.002
16755,T1079,T1219
16756,T1079,T1220
16757,T1079,T1221
16758,T1079,T1480
16759,T1079,T1482
16760,T1079,T1485
16761,T1079,T1486
16762,T1079,T1489
16763,T1079,T1490
16764,T1079,T1491
16765,T1079,T1495
16766,T1079,T1496
16767,T1079,T1497
16768,T1079,T1498
16769,T1079,T1499
16770,T1079,T1505
16771,T1079,T1505.002
16772,T1079,T1518
16773,T1079,T1529
16774,T1079,T1531
16775,T1079,T1539
16776,T1079,T1543.003
16777,T1079,T1552.003
16778,T1079,T1555.005
16779,T1079,T1559.001
16780,T1079,T1565
16781,T1079,T1590.005
16782,T1079,T1593.001
16783,T1079,T1684
16784,T1080,T1082
16785,T1080,T1083
16786,T1080,T1085
16787,T1080,T1087
16788,T1080,T1089
16789,T1080,T1091
16790,T1080,T1092
16791,T1080,T1094
16792,T1080,T1095
16793,T1080,T1098
16794,T1080,T1098.004
16795,T1080,T1102
16796,T1080,T1104
16797,T1080,T1105
16798,T1080,T1108
16799,T1080,T1110
16800,T1080,T1110.003
16801,T1080,T1112
16802,T1080,T1113
16803,T1080,T1114
16804,T1080,T1115
16805,T1080,T1116
16806,T1080,T1119
16807,T1080,T1120
16808,T1080,T1123
16809,T1080,T1124
16810,T1080,T1125
16811,T1080,T1132
16812,T1080,T1133
16813,T1080,T1134
16814,T1080,T1135
16815,T1080,T1136
16816,T1080,T1136.002
16817,T1080,T1137
16818,T1080,T1139
16819,T1080,T1140
16820,T1080,T1141
16821,T1080,T1148
16822,T1080,T1149
16823,T1080,T1162
16824,T1080,T1163
16825,T1080,T1168
16826,T1080,T1171
16827,T1080,T1175
16828,T1080,T1176.001
16829,T1080,T1187
16830,T1080,T1189
16831,T1080,T1190
16832,T1080,T1195
16833,T1080,T1196
16834,T1080,T1197
16835,T1080,T1199
16836,T1080,T1200
16837,T1080,T1201
16838,T1080,T1202
16839,T1080,T1203
16840,T1080,T1204
16841,T1080,T1204.002
16842,T1080,T1204.005
16843,T1080,T1205.001
16844,T1080,T1206
16845,T1080,T1210
16846,T1080,T1212
16847,T1080,T1213
16848,T1080,T1216.002
16849,T1080,T1218.002
16850,T1080,T1218.011
16851,T1080,T1219
16852,T1080,T1220
16853,T1080,T1221
16854,T1080,T1480
16855,T1080,T1482
16856,T1080,T1485
16857,T1080,T1486
16858,T1080,T1489
16859,T1080,T1490
16860,T1080,T1491
16861,T1080,T1495
16862,T1080,T1496
16863,T1080,T1498
16864,T1080,T1499
16865,T1080,T1500
16866,T1080,T1505
16867,T1080,T1505.002
16868,T1080,T1505.003
16869,T1080,T1518
16870,T1080,T1518.001
16871,T1080,T1529
16872,T1080,T1531
16873,T1080,T1534
16874,T1080,T1539
16875,T1080,T1543
16876,T1080,T1543.003
16877,T1080,T1546
16878,T1080,T1546.003
16879,T1080,T1546.008
16880,T1080,T1546.012
16881,T1080,T1546.015
16882,T1080,T1548
16883,T1080,T1548.002
16884,T1080,T1550.002
16885,T1080,T1552
16886,T1080,T1552.001
16887,T1080,T1552.003
16888,T1080,T1555
16889,T1080,T1555.003
16890,T1080,T1559.001
16891,T1080,T1560
16892,T1080,T1560.001
16893,T1080,T1562
16894,T1080,T1562.001
16895,T1080,T1565
16896,T1080,T1566
16897,T1080,T1566.001
16898,T1080,T1567
16899,T1080,T1567.002
16900,T1080,T1569
16901,T1080,T1569.002
16902,T1080,T1570
16903,T1080,T1571
16904,T1080,T1572
16905,T1080,T1574
16906,T1080,T1574.001
16907,T1080,T1574.002
16908,T1080,T1584.008
16909,T1080,T1590.005
16910,T1080,T1593.001
16911,T1080,T1595
16912,T1080,T1615
16913,T1080,T1684
16914,T1081,T1082
16915,T1081,T1083
16916,T1081,T1087
16917,T1081,T1089
16918,T1081,T1090
16919,T1081,T1094
16920,T1081,T1095
16921,T1081,T1096
16922,T1081,T1098
16923,T1081,T1100
16924,T1081,T1105
16925,T1081,T1107
16926,T1081,T1108
16927,T1081,T1110
16928,T1081,T1112
16929,T1081,T1113
16930,T1081,T1116
16931,T1081,T1119
16932,T1081,T1125
16933,T1081,T1132
16934,T1081,T1133
16935,T1081,T1134
16936,T1081,T1136
16937,T1081,T1139
16938,T1081,T1140
16939,T1081,T1145
16940,T1081,T1146
16941,T1081,T1165
16942,T1081,T1193
16943,T1081,T1197
16944,T1081,T1213
16945,T1081,T1213.001
16946,T1081,T1214
16947,T1081,T1219
16948,T1081,T1220
16949,T1081,T1483
16950,T1081,T1486
16951,T1081,T1487
16952,T1081,T1497
16953,T1081,T1569
16954,T1081,T1590.005
16955,T1082,T1083
16956,T1082,T1085
16957,T1082,T1086
16958,T1082,T1087
16959,T1082,T1087.001
16960,T1082,T1087.002
16961,T1082,T1088
16962,T1082,T1089
16963,T1082,T1090
16964,T1082,T1090.001
16965,T1082,T1090.002
16966,T1082,T1091
16967,T1082,T1092
16968,T1082,T1094
16969,T1082,T1095
16970,T1082,T1096
16971,T1082,T1098
16972,T1082,T1098.004
16973,T1082,T1102
16974,T1082,T1102.001
16975,T1082,T1102.002
16976,T1082,T1104
16977,T1082,T1105
16978,T1082,T1106
16979,T1082,T1107
16980,T1082,T1108
16981,T1082,T1110
16982,T1082,T1110.003
16983,T1082,T1110.004
16984,T1082,T1111
16985,T1082,T1112
16986,T1082,T1113
16987,T1082,T1114
16988,T1082,T1114.001
16989,T1082,T1114.002
16990,T1082,T1115
16991,T1082,T1116
16992,T1082,T1117
16993,T1082,T1119
16994,T1082,T1120
16995,T1082,T1122
16996,T1082,T1123
16997,T1082,T1124
16998,T1082,T1125
16999,T1082,T1132
17000,T1082,T1132.001
17001,T1082,T1132.002
17002,T1082,T1133
17003,T1082,T1134
17004,T1082,T1134.001
17005,T1082,T1134.004
17006,T1082,T1135
17007,T1082,T1136
17008,T1082,T1136.001
17009,T1082,T1136.002
17010,T1082,T1137
17011,T1082,T1137.001
17012,T1082,T1139
17013,T1082,T1140
17014,T1082,T1141
17015,T1082,T1143
17016,T1082,T1148
17017,T1082,T1149
17018,T1082,T1162
17019,T1082,T1163
17020,T1082,T1168
17021,T1082,T1171
17022,T1082,T1175
17023,T1082,T1176.001
17024,T1082,T1185
17025,T1082,T1187
17026,T1082,T1189
17027,T1082,T1190
17028,T1082,T1191
17029,T1082,T1193
17030,T1082,T1195
17031,T1082,T1196
17032,T1082,T1197
17033,T1082,T1199
17034,T1082,T1200
17035,T1082,T1201
17036,T1082,T1202
17037,T1082,T1203
17038,T1082,T1204
17039,T1082,T1204.001
17040,T1082,T1204.002
17041,T1082,T1204.003
17042,T1082,T1204.005
17043,T1082,T1205.001
17044,T1082,T1206
17045,T1082,T1210
17046,T1082,T1212
17047,T1082,T1213
17048,T1082,T1213.001
17049,T1082,T1213.002
17050,T1082,T1214
17051,T1082,T1216.002
17052,T1082,T1218
17053,T1082,T1218.002
17054,T1082,T1218.003
17055,T1082,T1218.004
17056,T1082,T1218.005
17057,T1082,T1218.011
17058,T1082,T1219
17059,T1082,T1220
17060,T1082,T1221
17061,T1082,T1222
17062,T1082,T1222.001
17063,T1082,T1480
17064,T1082,T1482
17065,T1082,T1485
17066,T1082,T1486
17067,T1082,T1489
17068,T1082,T1490
17069,T1082,T1491
17070,T1082,T1495
17071,T1082,T1496
17072,T1082,T1497
17073,T1082,T1498
17074,T1082,T1499
17075,T1082,T1503
17076,T1082,T1505
17077,T1082,T1505.002
17078,T1082,T1505.003
17079,T1082,T1518
17080,T1082,T1518.001
17081,T1082,T1529
17082,T1082,T1531
17083,T1082,T1539
17084,T1082,T1543
17085,T1082,T1543.003
17086,T1082,T1546
17087,T1082,T1546.001
17088,T1082,T1546.003
17089,T1082,T1546.008
17090,T1082,T1546.012
17091,T1082,T1546.015
17092,T1082,T1547
17093,T1082,T1547.001
17094,T1082,T1547.004
17095,T1082,T1547.012
17096,T1082,T1547.014
17097,T1082,T1548
17098,T1082,T1548.002
17099,T1082,T1550
17100,T1082,T1550.002
17101,T1082,T1552
17102,T1082,T1552.001
17103,T1082,T1552.003
17104,T1082,T1553
17105,T1082,T1553.002
17106,T1082,T1554
17107,T1082,T1555
17108,T1082,T1555.003
17109,T1082,T1555.004
17110,T1082,T1555.005
17111,T1082,T1556.004
17112,T1082,T1556.006
17113,T1082,T1558
17114,T1082,T1558.001
17115,T1082,T1559
17116,T1082,T1559.001
17117,T1082,T1559.002
17118,T1082,T1560
17119,T1082,T1560.001
17120,T1082,T1560.003
17121,T1082,T1562
17122,T1082,T1562.001
17123,T1082,T1562.004
17124,T1082,T1564
17125,T1082,T1564.001
17126,T1082,T1564.014
17127,T1082,T1565
17128,T1082,T1566
17129,T1082,T1566.001
17130,T1082,T1566.002
17131,T1082,T1567
17132,T1082,T1567.002
17133,T1082,T1569
17134,T1082,T1569.002
17135,T1082,T1570
17136,T1082,T1571
17137,T1082,T1572
17138,T1082,T1573
17139,T1082,T1573.001
17140,T1082,T1573.002
17141,T1082,T1574
17142,T1082,T1574.001
17143,T1082,T1574.002
17144,T1082,T1574.012
17145,T1082,T1583
17146,T1082,T1583.001
17147,T1082,T1583.006
17148,T1082,T1584
17149,T1082,T1584.004
17150,T1082,T1584.008
17151,T1082,T1585
17152,T1082,T1585.003
17153,T1082,T1587
17154,T1082,T1587.001
17155,T1082,T1587.003
17156,T1082,T1588
17157,T1082,T1588.001
17158,T1082,T1588.002
17159,T1082,T1588.003
17160,T1082,T1588.004
17161,T1082,T1589.002
17162,T1082,T1590.005
17163,T1082,T1592.004
17164,T1082,T1593.001
17165,T1082,T1595
17166,T1082,T1608
17167,T1082,T1608.001
17168,T1082,T1608.002
17169,T1082,T1608.003
17170,T1082,T1608.004
17171,T1082,T1608.005
17172,T1082,T1608.006
17173,T1082,T1615
17174,T1082,T1620
17175,T1082,T1684
17176,T1083,T1085
17177,T1083,T1087
17178,T1083,T1087.001
17179,T1083,T1087.002
17180,T1083,T1087.003
17181,T1083,T1088
17182,T1083,T1089
17183,T1083,T1090.001
17184,T1083,T1090.002
17185,T1083,T1091
17186,T1083,T1092
17187,T1083,T1094
17188,T1083,T1095
17189,T1083,T1096
17190,T1083,T1098
17191,T1083,T1098.004
17192,T1083,T1102
17193,T1083,T1102.002
17194,T1083,T1104
17195,T1083,T1105
17196,T1083,T1106
17197,T1083,T1107
17198,T1083,T1108
17199,T1083,T1110
17200,T1083,T1110.003
17201,T1083,T1112
17202,T1083,T1113
17203,T1083,T1114
17204,T1083,T1114.002
17205,T1083,T1115
17206,T1083,T1116
17207,T1083,T1119
17208,T1083,T1120
17209,T1083,T1122
17210,T1083,T1123
17211,T1083,T1124
17212,T1083,T1125
17213,T1083,T1129
17214,T1083,T1132
17215,T1083,T1132.001
17216,T1083,T1133
17217,T1083,T1134
17218,T1083,T1134.001
17219,T1083,T1134.002
17220,T1083,T1135
17221,T1083,T1136
17222,T1083,T1136.001
17223,T1083,T1136.002
17224,T1083,T1137
17225,T1083,T1137.001
17226,T1083,T1139
17227,T1083,T1140
17228,T1083,T1141
17229,T1083,T1148
17230,T1083,T1149
17231,T1083,T1162
17232,T1083,T1163
17233,T1083,T1168
17234,T1083,T1171
17235,T1083,T1175
17236,T1083,T1176.001
17237,T1083,T1187
17238,T1083,T1189
17239,T1083,T1190
17240,T1083,T1192
17241,T1083,T1193
17242,T1083,T1195
17243,T1083,T1196
17244,T1083,T1197
17245,T1083,T1199
17246,T1083,T1200
17247,T1083,T1201
17248,T1083,T1202
17249,T1083,T1203
17250,T1083,T1204
17251,T1083,T1204.002
17252,T1083,T1204.003
17253,T1083,T1204.005
17254,T1083,T1205.001
17255,T1083,T1206
17256,T1083,T1210
17257,T1083,T1212
17258,T1083,T1213
17259,T1083,T1213.001
17260,T1083,T1214
17261,T1083,T1216.002
17262,T1083,T1218
17263,T1083,T1218.002
17264,T1083,T1218.003
17265,T1083,T1218.005
17266,T1083,T1218.011
17267,T1083,T1219
17268,T1083,T1220
17269,T1083,T1221
17270,T1083,T1480
17271,T1083,T1482
17272,T1083,T1485
17273,T1083,T1486
17274,T1083,T1489
17275,T1083,T1490
17276,T1083,T1491
17277,T1083,T1495
17278,T1083,T1496
17279,T1083,T1497
17280,T1083,T1498
17281,T1083,T1499
17282,T1083,T1500
17283,T1083,T1505
17284,T1083,T1505.002
17285,T1083,T1505.003
17286,T1083,T1518
17287,T1083,T1518.001
17288,T1083,T1529
17289,T1083,T1531
17290,T1083,T1534
17291,T1083,T1539
17292,T1083,T1543
17293,T1083,T1543.003
17294,T1083,T1546
17295,T1083,T1546.003
17296,T1083,T1546.008
17297,T1083,T1546.012
17298,T1083,T1546.015
17299,T1083,T1547.001
17300,T1083,T1547.012
17301,T1083,T1548
17302,T1083,T1548.002
17303,T1083,T1550
17304,T1083,T1550.002
17305,T1083,T1552
17306,T1083,T1552.001
17307,T1083,T1552.003
17308,T1083,T1555
17309,T1083,T1555.003
17310,T1083,T1555.004
17311,T1083,T1555.005
17312,T1083,T1556.006
17313,T1083,T1558
17314,T1083,T1558.001
17315,T1083,T1559
17316,T1083,T1559.001
17317,T1083,T1559.002
17318,T1083,T1560
17319,T1083,T1560.001
17320,T1083,T1560.002
17321,T1083,T1560.003
17322,T1083,T1562
17323,T1083,T1562.001
17324,T1083,T1562.004
17325,T1083,T1564.014
17326,T1083,T1565
17327,T1083,T1566
17328,T1083,T1566.001
17329,T1083,T1567
17330,T1083,T1567.002
17331,T1083,T1569
17332,T1083,T1569.002
17333,T1083,T1570
17334,T1083,T1571
17335,T1083,T1572
17336,T1083,T1573
17337,T1083,T1573.001
17338,T1083,T1574
17339,T1083,T1574.001
17340,T1083,T1574.002
17341,T1083,T1574.012
17342,T1083,T1583
17343,T1083,T1583.006
17344,T1083,T1584
17345,T1083,T1584.004
17346,T1083,T1584.008
17347,T1083,T1585
17348,T1083,T1585.003
17349,T1083,T1587.003
17350,T1083,T1588
17351,T1083,T1588.002
17352,T1083,T1588.003
17353,T1083,T1588.004
17354,T1083,T1589.002
17355,T1083,T1590.005
17356,T1083,T1593.001
17357,T1083,T1595
17358,T1083,T1608
17359,T1083,T1608.001
17360,T1083,T1608.002
17361,T1083,T1608.003
17362,T1083,T1608.004
17363,T1083,T1608.005
17364,T1083,T1608.006
17365,T1083,T1615
17366,T1083,T1620
17367,T1083,T1669
17368,T1083,T1684
17369,T1085,T1086
17370,T1085,T1087.003
17371,T1085,T1088
17372,T1085,T1089
17373,T1085,T1099
17374,T1085,T1102
17375,T1085,T1102.003
17376,T1085,T1105
17377,T1085,T1106
17378,T1085,T1107
17379,T1085,T1108
17380,T1085,T1110
17381,T1085,T1112
17382,T1085,T1113
17383,T1085,T1116
17384,T1085,T1117
17385,T1085,T1119
17386,T1085,T1122
17387,T1085,T1123
17388,T1085,T1124
17389,T1085,T1125
17390,T1085,T1129
17391,T1085,T1132
17392,T1085,T1134
17393,T1085,T1135
17394,T1085,T1137
17395,T1085,T1140
17396,T1085,T1143
17397,T1085,T1192
17398,T1085,T1194
17399,T1085,T1202
17400,T1085,T1204
17401,T1085,T1204.002
17402,T1085,T1218.002
17403,T1085,T1220
17404,T1085,T1221
17405,T1085,T1480
17406,T1085,T1500
17407,T1085,T1518
17408,T1085,T1534
17409,T1085,T1537
17410,T1085,T1539
17411,T1085,T1543.003
17412,T1085,T1590.005
17413,T1085,T1593.001
17414,T1086,T1087
17415,T1086,T1087.003
17416,T1086,T1088
17417,T1086,T1089
17418,T1086,T1090
17419,T1086,T1098
17420,T1086,T1102
17421,T1086,T1104
17422,T1086,T1106
17423,T1086,T1107
17424,T1086,T1108
17425,T1086,T1110
17426,T1086,T1112
17427,T1086,T1113
17428,T1086,T1114
17429,T1086,T1116
17430,T1086,T1117
17431,T1086,T1119
17432,T1086,T1120
17433,T1086,T1124
17434,T1086,T1129
17435,T1086,T1132
17436,T1086,T1133
17437,T1086,T1135
17438,T1086,T1136
17439,T1086,T1139
17440,T1086,T1140
17441,T1086,T1143
17442,T1086,T1168
17443,T1086,T1191
17444,T1086,T1194
17445,T1086,T1199
17446,T1086,T1201
17447,T1086,T1202
17448,T1086,T1213.002
17449,T1086,T1219
17450,T1086,T1220
17451,T1086,T1482
17452,T1086,T1486
17453,T1086,T1497
17454,T1086,T1503
17455,T1086,T1518
17456,T1086,T1537
17457,T1086,T1539
17458,T1086,T1589.002
17459,T1086,T1590.005
17460,T1086,T1593.001
17461,T1087,T1087.001
17462,T1087,T1087.002
17463,T1087,T1087.003
17464,T1087,T1088
17465,T1087,T1089
17466,T1087,T1090.001
17467,T1087,T1091
17468,T1087,T1092
17469,T1087,T1094
17470,T1087,T1095
17471,T1087,T1098
17472,T1087,T1098.004
17473,T1087,T1102
17474,T1087,T1102.002
17475,T1087,T1104
17476,T1087,T1105
17477,T1087,T1106
17478,T1087,T1107
17479,T1087,T1108
17480,T1087,T1110
17481,T1087,T1110.003
17482,T1087,T1110.004
17483,T1087,T1111
17484,T1087,T1112
17485,T1087,T1113
17486,T1087,T1114
17487,T1087,T1114.002
17488,T1087,T1114.003
17489,T1087,T1115
17490,T1087,T1119
17491,T1087,T1120
17492,T1087,T1123
17493,T1087,T1124
17494,T1087,T1125
17495,T1087,T1132
17496,T1087,T1132.001
17497,T1087,T1132.002
17498,T1087,T1133
17499,T1087,T1134
17500,T1087,T1134.001
17501,T1087,T1134.002
17502,T1087,T1135
17503,T1087,T1136
17504,T1087,T1136.001
17505,T1087,T1136.002
17506,T1087,T1137
17507,T1087,T1139
17508,T1087,T1140
17509,T1087,T1141
17510,T1087,T1148
17511,T1087,T1149
17512,T1087,T1158
17513,T1087,T1162
17514,T1087,T1163
17515,T1087,T1168
17516,T1087,T1171
17517,T1087,T1175
17518,T1087,T1176.001
17519,T1087,T1187
17520,T1087,T1190
17521,T1087,T1193
17522,T1087,T1195
17523,T1087,T1196
17524,T1087,T1197
17525,T1087,T1199
17526,T1087,T1200
17527,T1087,T1201
17528,T1087,T1202
17529,T1087,T1203
17530,T1087,T1204
17531,T1087,T1204.001
17532,T1087,T1204.002
17533,T1087,T1204.003
17534,T1087,T1204.005
17535,T1087,T1205.001
17536,T1087,T1206
17537,T1087,T1210
17538,T1087,T1211
17539,T1087,T1212
17540,T1087,T1213
17541,T1087,T1213.002
17542,T1087,T1216.002
17543,T1087,T1218
17544,T1087,T1218.002
17545,T1087,T1218.011
17546,T1087,T1219
17547,T1087,T1220
17548,T1087,T1221
17549,T1087,T1480
17550,T1087,T1482
17551,T1087,T1484.001
17552,T1087,T1485
17553,T1087,T1486
17554,T1087,T1489
17555,T1087,T1490
17556,T1087,T1491
17557,T1087,T1495
17558,T1087,T1496
17559,T1087,T1497
17560,T1087,T1498
17561,T1087,T1499
17562,T1087,T1505
17563,T1087,T1505.002
17564,T1087,T1505.003
17565,T1087,T1518
17566,T1087,T1518.001
17567,T1087,T1529
17568,T1087,T1531
17569,T1087,T1534
17570,T1087,T1539
17571,T1087,T1543
17572,T1087,T1543.003
17573,T1087,T1546
17574,T1087,T1546.003
17575,T1087,T1546.008
17576,T1087,T1546.012
17577,T1087,T1546.015
17578,T1087,T1547
17579,T1087,T1548
17580,T1087,T1548.001
17581,T1087,T1548.002
17582,T1087,T1550
17583,T1087,T1550.002
17584,T1087,T1550.003
17585,T1087,T1552
17586,T1087,T1552.001
17587,T1087,T1552.003
17588,T1087,T1555
17589,T1087,T1555.003
17590,T1087,T1555.004
17591,T1087,T1555.005
17592,T1087,T1556
17593,T1087,T1556.006
17594,T1087,T1556.008
17595,T1087,T1556.009
17596,T1087,T1558
17597,T1087,T1558.001
17598,T1087,T1558.003
17599,T1087,T1559.001
17600,T1087,T1560
17601,T1087,T1560.001
17602,T1087,T1560.002
17603,T1087,T1560.003
17604,T1087,T1562
17605,T1087,T1562.001
17606,T1087,T1562.004
17607,T1087,T1562.007
17608,T1087,T1563
17609,T1087,T1564
17610,T1087,T1564.001
17611,T1087,T1564.014
17612,T1087,T1565
17613,T1087,T1566
17614,T1087,T1566.001
17615,T1087,T1567
17616,T1087,T1567.002
17617,T1087,T1568
17618,T1087,T1569
17619,T1087,T1569.002
17620,T1087,T1570
17621,T1087,T1571
17622,T1087,T1572
17623,T1087,T1573
17624,T1087,T1573.001
17625,T1087,T1574
17626,T1087,T1574.001
17627,T1087,T1574.002
17628,T1087,T1574.012
17629,T1087,T1578
17630,T1087,T1578.002
17631,T1087,T1578.003
17632,T1087,T1583
17633,T1087,T1583.001
17634,T1087,T1583.002
17635,T1087,T1583.006
17636,T1087,T1584
17637,T1087,T1584.004
17638,T1087,T1584.008
17639,T1087,T1585
17640,T1087,T1585.003
17641,T1087,T1587
17642,T1087,T1587.001
17643,T1087,T1587.003
17644,T1087,T1588.003
17645,T1087,T1588.007
17646,T1087,T1589.002
17647,T1087,T1590.005
17648,T1087,T1593.001
17649,T1087,T1595
17650,T1087,T1608
17651,T1087,T1608.001
17652,T1087,T1608.002
17653,T1087,T1608.003
17654,T1087,T1608.004
17655,T1087,T1608.005
17656,T1087,T1615
17657,T1087,T1620
17658,T1087,T1684
17659,T1087,T1686.001
17660,T1087.001,T1095
17661,T1087.001,T1102
17662,T1087.001,T1106
17663,T1087.001,T1110
17664,T1087.001,T1119
17665,T1087.001,T1132
17666,T1087.001,T1132.001
17667,T1087.001,T1132.002
17668,T1087.001,T1135
17669,T1087.001,T1136
17670,T1087.001,T1195
17671,T1087.001,T1218.011
17672,T1087.001,T1518
17673,T1087.001,T1543
17674,T1087.001,T1543.003
17675,T1087.001,T1560
17676,T1087.001,T1562
17677,T1087.001,T1562.004
17678,T1087.001,T1564
17679,T1087.001,T1564.001
17680,T1087.001,T1564.014
17681,T1087.001,T1569
17682,T1087.001,T1583
17683,T1087.001,T1583.006
17684,T1087.001,T1584
17685,T1087.001,T1584.004
17686,T1087.001,T1585
17687,T1087.001,T1585.003
17688,T1087.001,T1608
17689,T1087.001,T1608.004
17690,T1087.001,T1620
17691,T1087.002,T1090.002
17692,T1087.002,T1102.002
17693,T1087.002,T1104
17694,T1087.002,T1105
17695,T1087.002,T1106
17696,T1087.002,T1112
17697,T1087.002,T1113
17698,T1087.002,T1114
17699,T1087.002,T1132
17700,T1087.002,T1132.001
17701,T1087.002,T1134
17702,T1087.002,T1134.002
17703,T1087.002,T1135
17704,T1087.002,T1136
17705,T1087.002,T1136.002
17706,T1087.002,T1137.001
17707,T1087.002,T1140
17708,T1087.002,T1204.002
17709,T1087.002,T1218.003
17710,T1087.002,T1218.005
17711,T1087.002,T1218.011
17712,T1087.002,T1219
17713,T1087.002,T1480
17714,T1087.002,T1505
17715,T1087.002,T1505.003
17716,T1087.002,T1518
17717,T1087.002,T1518.001
17718,T1087.002,T1531
17719,T1087.002,T1547.001
17720,T1087.002,T1552
17721,T1087.002,T1552.001
17722,T1087.002,T1555
17723,T1087.002,T1555.003
17724,T1087.002,T1556
17725,T1087.002,T1556.006
17726,T1087.002,T1556.008
17727,T1087.002,T1559
17728,T1087.002,T1559.001
17729,T1087.002,T1559.002
17730,T1087.002,T1560
17731,T1087.002,T1560.001
17732,T1087.002,T1560.002
17733,T1087.002,T1562
17734,T1087.002,T1562.001
17735,T1087.002,T1566.001
17736,T1087.002,T1573
17737,T1087.002,T1573.001
17738,T1087.002,T1574.002
17739,T1087.002,T1583
17740,T1087.002,T1583.001
17741,T1087.002,T1583.002
17742,T1087.002,T1583.006
17743,T1087.002,T1587
17744,T1087.002,T1587.001
17745,T1087.002,T1588
17746,T1087.002,T1588.002
17747,T1087.002,T1589.002
17748,T1087.002,T1590.005
17749,T1087.003,T1105
17750,T1087.003,T1106
17751,T1087.003,T1110
17752,T1087.003,T1110.002
17753,T1087.003,T1110.004
17754,T1087.003,T1111
17755,T1087.003,T1112
17756,T1087.003,T1113
17757,T1087.003,T1114
17758,T1087.003,T1114.003
17759,T1087.003,T1117
17760,T1087.003,T1123
17761,T1087.003,T1124
17762,T1087.003,T1125
17763,T1087.003,T1133
17764,T1087.003,T1134
17765,T1087.003,T1136
17766,T1087.003,T1136.001
17767,T1087.003,T1137.006
17768,T1087.003,T1140
17769,T1087.003,T1176.001
17770,T1087.003,T1187
17771,T1087.003,T1194
17772,T1087.003,T1195
17773,T1087.003,T1197
17774,T1087.003,T1203
17775,T1087.003,T1204
17776,T1087.003,T1204.001
17777,T1087.003,T1204.002
17778,T1087.003,T1211
17779,T1087.003,T1213.002
17780,T1087.003,T1219
17781,T1087.003,T1220
17782,T1087.003,T1221
17783,T1087.003,T1480
17784,T1087.003,T1484.001
17785,T1087.003,T1485
17786,T1087.003,T1486
17787,T1087.003,T1491
17788,T1087.003,T1497
17789,T1087.003,T1505
17790,T1087.003,T1505.002
17791,T1087.003,T1518
17792,T1087.003,T1531
17793,T1087.003,T1534
17794,T1087.003,T1537
17795,T1087.003,T1539
17796,T1087.003,T1543
17797,T1087.003,T1543.003
17798,T1087.003,T1547
17799,T1087.003,T1547.009
17800,T1087.003,T1548
17801,T1087.003,T1548.001
17802,T1087.003,T1550
17803,T1087.003,T1550.003
17804,T1087.003,T1552
17805,T1087.003,T1555
17806,T1087.003,T1555.003
17807,T1087.003,T1555.004
17808,T1087.003,T1556.006
17809,T1087.003,T1556.009
17810,T1087.003,T1558
17811,T1087.003,T1558.003
17812,T1087.003,T1560
17813,T1087.003,T1560.003
17814,T1087.003,T1562
17815,T1087.003,T1562.001
17816,T1087.003,T1562.004
17817,T1087.003,T1562.007
17818,T1087.003,T1563
17819,T1087.003,T1564
17820,T1087.003,T1564.001
17821,T1087.003,T1566.003
17822,T1087.003,T1568
17823,T1087.003,T1569
17824,T1087.003,T1569.002
17825,T1087.003,T1570
17826,T1087.003,T1571
17827,T1087.003,T1572
17828,T1087.003,T1573
17829,T1087.003,T1573.001
17830,T1087.003,T1578
17831,T1087.003,T1578.002
17832,T1087.003,T1578.003
17833,T1087.003,T1584.008
17834,T1087.003,T1588.007
17835,T1087.003,T1589.002
17836,T1087.003,T1590.005
17837,T1087.003,T1593.001
17838,T1087.003,T1593.002
17839,T1087.003,T1595.002
17840,T1087.003,T1684
17841,T1087.003,T1686.001
17842,T1088,T1089
17843,T1088,T1090
17844,T1088,T1099
17845,T1088,T1102
17846,T1088,T1104
17847,T1088,T1105
17848,T1088,T1106
17849,T1088,T1107
17850,T1088,T1108
17851,T1088,T1112
17852,T1088,T1113
17853,T1088,T1114
17854,T1088,T1116
17855,T1088,T1117
17856,T1088,T1123
17857,T1088,T1124
17858,T1088,T1125
17859,T1088,T1132
17860,T1088,T1134
17861,T1088,T1135
17862,T1088,T1140
17863,T1088,T1143
17864,T1088,T1191
17865,T1088,T1192
17866,T1088,T1193
17867,T1088,T1195
17868,T1088,T1202
17869,T1088,T1203
17870,T1088,T1204
17871,T1088,T1204.002
17872,T1088,T1204.003
17873,T1088,T1218
17874,T1088,T1218.002
17875,T1088,T1219
17876,T1088,T1480
17877,T1088,T1497
17878,T1088,T1503
17879,T1088,T1518
17880,T1088,T1539
17881,T1088,T1543.003
17882,T1088,T1547.012
17883,T1088,T1590.005
17884,T1088,T1684
17885,T1089,T1090
17886,T1089,T1091
17887,T1089,T1092
17888,T1089,T1094
17889,T1089,T1095
17890,T1089,T1096
17891,T1089,T1098
17892,T1089,T1099
17893,T1089,T1100
17894,T1089,T1102
17895,T1089,T1104
17896,T1089,T1105
17897,T1089,T1106
17898,T1089,T1107
17899,T1089,T1108
17900,T1089,T1110
17901,T1089,T1110.003
17902,T1089,T1112
17903,T1089,T1113
17904,T1089,T1114
17905,T1089,T1115
17906,T1089,T1116
17907,T1089,T1119
17908,T1089,T1120
17909,T1089,T1122
17910,T1089,T1123
17911,T1089,T1124
17912,T1089,T1125
17913,T1089,T1132
17914,T1089,T1133
17915,T1089,T1134
17916,T1089,T1135
17917,T1089,T1136
17918,T1089,T1137
17919,T1089,T1139
17920,T1089,T1140
17921,T1089,T1141
17922,T1089,T1143
17923,T1089,T1145
17924,T1089,T1146
17925,T1089,T1148
17926,T1089,T1149
17927,T1089,T1158
17928,T1089,T1162
17929,T1089,T1163
17930,T1089,T1165
17931,T1089,T1168
17932,T1089,T1171
17933,T1089,T1175
17934,T1089,T1176.001
17935,T1089,T1185
17936,T1089,T1187
17937,T1089,T1189
17938,T1089,T1190
17939,T1089,T1192
17940,T1089,T1193
17941,T1089,T1195
17942,T1089,T1196
17943,T1089,T1197
17944,T1089,T1199
17945,T1089,T1200
17946,T1089,T1201
17947,T1089,T1202
17948,T1089,T1203
17949,T1089,T1204
17950,T1089,T1204.002
17951,T1089,T1204.003
17952,T1089,T1205.001
17953,T1089,T1206
17954,T1089,T1210
17955,T1089,T1212
17956,T1089,T1213
17957,T1089,T1213.001
17958,T1089,T1213.002
17959,T1089,T1214
17960,T1089,T1218
17961,T1089,T1218.002
17962,T1089,T1218.005
17963,T1089,T1219
17964,T1089,T1219.002
17965,T1089,T1220
17966,T1089,T1221
17967,T1089,T1480
17968,T1089,T1482
17969,T1089,T1483
17970,T1089,T1485
17971,T1089,T1486
17972,T1089,T1487
17973,T1089,T1489
17974,T1089,T1490
17975,T1089,T1491
17976,T1089,T1495
17977,T1089,T1496
17978,T1089,T1497
17979,T1089,T1498
17980,T1089,T1499
17981,T1089,T1505
17982,T1089,T1505.002
17983,T1089,T1518
17984,T1089,T1529
17985,T1089,T1531
17986,T1089,T1539
17987,T1089,T1543.003
17988,T1089,T1547
17989,T1089,T1547.001
17990,T1089,T1548
17991,T1089,T1550
17992,T1089,T1550.002
17993,T1089,T1552.003
17994,T1089,T1555.005
17995,T1089,T1556.006
17996,T1089,T1559.001
17997,T1089,T1560
17998,T1089,T1562
17999,T1089,T1562.004
18000,T1089,T1565
18001,T1089,T1566.002
18002,T1089,T1569
18003,T1089,T1573
18004,T1089,T1573.001
18005,T1089,T1590.005
18006,T1089,T1593.001
18007,T1089,T1684
18008,T1090,T1094
18009,T1090,T1095
18010,T1090,T1098
18011,T1090,T1100
18012,T1090,T1102
18013,T1090,T1104
18014,T1090,T1105
18015,T1090,T1107
18016,T1090,T1108
18017,T1090,T1110
18018,T1090,T1112
18019,T1090,T1113
18020,T1090,T1114
18021,T1090,T1116
18022,T1090,T1117
18023,T1090,T1119
18024,T1090,T1125
18025,T1090,T1132
18026,T1090,T1133
18027,T1090,T1134
18028,T1090,T1136
18029,T1090,T1139
18030,T1090,T1140
18031,T1090,T1143
18032,T1090,T1145
18033,T1090,T1146
18034,T1090,T1158
18035,T1090,T1165
18036,T1090,T1191
18037,T1090,T1213
18038,T1090,T1213.001
18039,T1090,T1219
18040,T1090,T1219.002
18041,T1090,T1483
18042,T1090,T1486
18043,T1090,T1487
18044,T1090,T1497
18045,T1090,T1503
18046,T1090,T1518
18047,T1090,T1539
18048,T1090,T1569
18049,T1090,T1590.005
18050,T1090.001,T1090.002
18051,T1090.001,T1095
18052,T1090.001,T1098.004
18053,T1090.001,T1102
18054,T1090.001,T1102.001
18055,T1090.001,T1102.002
18056,T1090.001,T1105
18057,T1090.001,T1106
18058,T1090.001,T1110
18059,T1090.001,T1110.003
18060,T1090.001,T1113
18061,T1090.001,T1114
18062,T1090.001,T1114.002
18063,T1090.001,T1119
18064,T1090.001,T1132
18065,T1090.001,T1132.001
18066,T1090.001,T1133
18067,T1090.001,T1134
18068,T1090.001,T1195
18069,T1090.001,T1195.002
18070,T1090.001,T1201
18071,T1090.001,T1202
18072,T1090.001,T1203
18073,T1090.001,T1204
18074,T1090.001,T1204.002
18075,T1090.001,T1213
18076,T1090.001,T1218.004
18077,T1090.001,T1219
18078,T1090.001,T1485
18079,T1090.001,T1486
18080,T1090.001,T1499
18081,T1090.001,T1505
18082,T1090.001,T1531
18083,T1090.001,T1539
18084,T1090.001,T1543
18085,T1090.001,T1543.003
18086,T1090.001,T1550
18087,T1090.001,T1553
18088,T1090.001,T1553.002
18089,T1090.001,T1555.004
18090,T1090.001,T1558
18091,T1090.001,T1558.001
18092,T1090.001,T1559.001
18093,T1090.001,T1560
18094,T1090.001,T1560.003
18095,T1090.001,T1562
18096,T1090.001,T1562.004
18097,T1090.001,T1571
18098,T1090.001,T1572
18099,T1090.001,T1573
18100,T1090.001,T1573.001
18101,T1090.001,T1573.002
18102,T1090.001,T1574.012
18103,T1090.001,T1583
18104,T1090.001,T1583.001
18105,T1090.001,T1583.006
18106,T1090.001,T1584.008
18107,T1090.001,T1587
18108,T1090.001,T1587.001
18109,T1090.001,T1587.003
18110,T1090.001,T1588
18111,T1090.001,T1588.001
18112,T1090.001,T1588.002
18113,T1090.001,T1590.005
18114,T1090.001,T1684
18115,T1090.002,T1095
18116,T1090.002,T1102
18117,T1090.002,T1102.001
18118,T1090.002,T1102.002
18119,T1090.002,T1104
18120,T1090.002,T1105
18121,T1090.002,T1106
18122,T1090.002,T1113
18123,T1090.002,T1119
18124,T1090.002,T1132.001
18125,T1090.002,T1137.001
18126,T1090.002,T1140
18127,T1090.002,T1202
18128,T1090.002,T1203
18129,T1090.002,T1204
18130,T1090.002,T1204.002
18131,T1090.002,T1218.003
18132,T1090.002,T1218.004
18133,T1090.002,T1218.005
18134,T1090.002,T1218.011
18135,T1090.002,T1219
18136,T1090.002,T1480
18137,T1090.002,T1518
18138,T1090.002,T1518.001
18139,T1090.002,T1543
18140,T1090.002,T1543.003
18141,T1090.002,T1547.001
18142,T1090.002,T1552
18143,T1090.002,T1552.001
18144,T1090.002,T1553
18145,T1090.002,T1553.002
18146,T1090.002,T1555
18147,T1090.002,T1555.003
18148,T1090.002,T1556.006
18149,T1090.002,T1559
18150,T1090.002,T1559.001
18151,T1090.002,T1559.002
18152,T1090.002,T1560
18153,T1090.002,T1560.001
18154,T1090.002,T1562
18155,T1090.002,T1562.001
18156,T1090.002,T1562.004
18157,T1090.002,T1566.001
18158,T1090.002,T1573
18159,T1090.002,T1573.001
18160,T1090.002,T1574.002
18161,T1090.002,T1583
18162,T1090.002,T1583.001
18163,T1090.002,T1583.006
18164,T1090.002,T1587
18165,T1090.002,T1587.001
18166,T1090.002,T1587.003
18167,T1090.002,T1588
18168,T1090.002,T1588.001
18169,T1090.002,T1588.002
18170,T1090.002,T1589.002
18171,T1090.002,T1590.005
18172,T1090.003,T1189
18173,T1090.003,T1190
18174,T1090.003,T1203
18175,T1090.003,T1556.006
18176,T1090.003,T1560
18177,T1090.003,T1566.001
18178,T1090.003,T1566.002
18179,T1090.003,T1572
18180,T1090.003,T1583
18181,T1090.003,T1583.001
18182,T1090.003,T1589
18183,T1090.003,T1589.001
18184,T1090.004,T1105
18185,T1090.004,T1190
18186,T1090.004,T1204.002
18187,T1090.004,T1543.003
18188,T1090.004,T1569.002
18189,T1090.004,T1573
18190,T1090.004,T1573.001
18191,T1090.004,T1574.002
18192,T1091,T1092
18193,T1091,T1094
18194,T1091,T1095
18195,T1091,T1098
18196,T1091,T1098.004
18197,T1091,T1102
18198,T1091,T1104
18199,T1091,T1105
18200,T1091,T1108
18201,T1091,T1110
18202,T1091,T1110.003
18203,T1091,T1112
18204,T1091,T1113
18205,T1091,T1114
18206,T1091,T1115
18207,T1091,T1119
18208,T1091,T1120
18209,T1091,T1123
18210,T1091,T1124
18211,T1091,T1125
18212,T1091,T1132
18213,T1091,T1133
18214,T1091,T1134
18215,T1091,T1135
18216,T1091,T1136
18217,T1091,T1136.002
18218,T1091,T1137
18219,T1091,T1139
18220,T1091,T1140
18221,T1091,T1141
18222,T1091,T1148
18223,T1091,T1149
18224,T1091,T1162
18225,T1091,T1163
18226,T1091,T1168
18227,T1091,T1171
18228,T1091,T1175
18229,T1091,T1176.001
18230,T1091,T1187
18231,T1091,T1189
18232,T1091,T1190
18233,T1091,T1195
18234,T1091,T1196
18235,T1091,T1197
18236,T1091,T1199
18237,T1091,T1200
18238,T1091,T1201
18239,T1091,T1202
18240,T1091,T1203
18241,T1091,T1204
18242,T1091,T1204.002
18243,T1091,T1204.005
18244,T1091,T1205.001
18245,T1091,T1206
18246,T1091,T1210
18247,T1091,T1212
18248,T1091,T1213
18249,T1091,T1216.002
18250,T1091,T1218.002
18251,T1091,T1218.011
18252,T1091,T1219
18253,T1091,T1220
18254,T1091,T1221
18255,T1091,T1480
18256,T1091,T1482
18257,T1091,T1485
18258,T1091,T1486
18259,T1091,T1489
18260,T1091,T1490
18261,T1091,T1491
18262,T1091,T1495
18263,T1091,T1496
18264,T1091,T1498
18265,T1091,T1499
18266,T1091,T1505
18267,T1091,T1505.002
18268,T1091,T1505.003
18269,T1091,T1518
18270,T1091,T1518.001
18271,T1091,T1529
18272,T1091,T1531
18273,T1091,T1539
18274,T1091,T1543
18275,T1091,T1543.003
18276,T1091,T1546
18277,T1091,T1546.003
18278,T1091,T1546.008
18279,T1091,T1546.012
18280,T1091,T1546.015
18281,T1091,T1548
18282,T1091,T1548.002
18283,T1091,T1550.002
18284,T1091,T1552
18285,T1091,T1552.001
18286,T1091,T1552.003
18287,T1091,T1555
18288,T1091,T1555.003
18289,T1091,T1559.001
18290,T1091,T1560
18291,T1091,T1560.001
18292,T1091,T1562
18293,T1091,T1562.001
18294,T1091,T1565
18295,T1091,T1566
18296,T1091,T1566.001
18297,T1091,T1567
18298,T1091,T1567.002
18299,T1091,T1569
18300,T1091,T1569.002
18301,T1091,T1570
18302,T1091,T1571
18303,T1091,T1572
18304,T1091,T1574
18305,T1091,T1574.001
18306,T1091,T1574.002
18307,T1091,T1584.008
18308,T1091,T1590.005
18309,T1091,T1593.001
18310,T1091,T1595
18311,T1091,T1615
18312,T1091,T1684
18313,T1092,T1094
18314,T1092,T1095
18315,T1092,T1098
18316,T1092,T1102
18317,T1092,T1104
18318,T1092,T1108
18319,T1092,T1110
18320,T1092,T1110.003
18321,T1092,T1112
18322,T1092,T1113
18323,T1092,T1114
18324,T1092,T1115
18325,T1092,T1119
18326,T1092,T1120
18327,T1092,T1123
18328,T1092,T1124
18329,T1092,T1125
18330,T1092,T1132
18331,T1092,T1133
18332,T1092,T1134
18333,T1092,T1135
18334,T1092,T1136
18335,T1092,T1137
18336,T1092,T1139
18337,T1092,T1140
18338,T1092,T1141
18339,T1092,T1148
18340,T1092,T1149
18341,T1092,T1162
18342,T1092,T1163
18343,T1092,T1168
18344,T1092,T1171
18345,T1092,T1175
18346,T1092,T1176.001
18347,T1092,T1187
18348,T1092,T1189
18349,T1092,T1190
18350,T1092,T1195
18351,T1092,T1196
18352,T1092,T1197
18353,T1092,T1199
18354,T1092,T1200
18355,T1092,T1201
18356,T1092,T1202
18357,T1092,T1203
18358,T1092,T1204
18359,T1092,T1204.002
18360,T1092,T1205.001
18361,T1092,T1206
18362,T1092,T1210
18363,T1092,T1212
18364,T1092,T1213
18365,T1092,T1218.002
18366,T1092,T1219
18367,T1092,T1220
18368,T1092,T1221
18369,T1092,T1480
18370,T1092,T1482
18371,T1092,T1485
18372,T1092,T1486
18373,T1092,T1489
18374,T1092,T1490
18375,T1092,T1491
18376,T1092,T1495
18377,T1092,T1496
18378,T1092,T1498
18379,T1092,T1499
18380,T1092,T1505
18381,T1092,T1505.002
18382,T1092,T1518
18383,T1092,T1529
18384,T1092,T1531
18385,T1092,T1539
18386,T1092,T1543.003
18387,T1092,T1552.003
18388,T1092,T1555.005
18389,T1092,T1559.001
18390,T1092,T1565
18391,T1092,T1590.005
18392,T1092,T1593.001
18393,T1092,T1684
18394,T1094,T1095
18395,T1094,T1098
18396,T1094,T1100
18397,T1094,T1102
18398,T1094,T1104
18399,T1094,T1105
18400,T1094,T1107
18401,T1094,T1108
18402,T1094,T1110
18403,T1094,T1110.003
18404,T1094,T1112
18405,T1094,T1113
18406,T1094,T1114
18407,T1094,T1115
18408,T1094,T1116
18409,T1094,T1119
18410,T1094,T1120
18411,T1094,T1123
18412,T1094,T1124
18413,T1094,T1125
18414,T1094,T1132
18415,T1094,T1133
18416,T1094,T1134
18417,T1094,T1135
18418,T1094,T1136
18419,T1094,T1137
18420,T1094,T1139
18421,T1094,T1140
18422,T1094,T1141
18423,T1094,T1145
18424,T1094,T1146
18425,T1094,T1148
18426,T1094,T1149
18427,T1094,T1162
18428,T1094,T1163
18429,T1094,T1165
18430,T1094,T1168
18431,T1094,T1171
18432,T1094,T1175
18433,T1094,T1176.001
18434,T1094,T1187
18435,T1094,T1190
18436,T1094,T1195
18437,T1094,T1196
18438,T1094,T1197
18439,T1094,T1199
18440,T1094,T1200
18441,T1094,T1201
18442,T1094,T1202
18443,T1094,T1203
18444,T1094,T1204
18445,T1094,T1204.002
18446,T1094,T1205.001
18447,T1094,T1206
18448,T1094,T1210
18449,T1094,T1212
18450,T1094,T1213
18451,T1094,T1213.001
18452,T1094,T1218.002
18453,T1094,T1219
18454,T1094,T1220
18455,T1094,T1221
18456,T1094,T1480
18457,T1094,T1482
18458,T1094,T1483
18459,T1094,T1485
18460,T1094,T1486
18461,T1094,T1487
18462,T1094,T1489
18463,T1094,T1490
18464,T1094,T1491
18465,T1094,T1495
18466,T1094,T1496
18467,T1094,T1497
18468,T1094,T1498
18469,T1094,T1499
18470,T1094,T1505
18471,T1094,T1505.002
18472,T1094,T1518
18473,T1094,T1529
18474,T1094,T1531
18475,T1094,T1539
18476,T1094,T1543.003
18477,T1094,T1552.003
18478,T1094,T1555.005
18479,T1094,T1559.001
18480,T1094,T1565
18481,T1094,T1569
18482,T1094,T1590.005
18483,T1094,T1593.001
18484,T1094,T1684
18485,T1095,T1098
18486,T1095,T1098.004
18487,T1095,T1100
18488,T1095,T1102
18489,T1095,T1102.001
18490,T1095,T1102.002
18491,T1095,T1104
18492,T1095,T1105
18493,T1095,T1106
18494,T1095,T1107
18495,T1095,T1108
18496,T1095,T1110
18497,T1095,T1110.003
18498,T1095,T1112
18499,T1095,T1113
18500,T1095,T1114
18501,T1095,T1114.002
18502,T1095,T1115
18503,T1095,T1116
18504,T1095,T1119
18505,T1095,T1120
18506,T1095,T1123
18507,T1095,T1124
18508,T1095,T1125
18509,T1095,T1132
18510,T1095,T1132.001
18511,T1095,T1133
18512,T1095,T1134
18513,T1095,T1135
18514,T1095,T1136
18515,T1095,T1137
18516,T1095,T1139
18517,T1095,T1140
18518,T1095,T1141
18519,T1095,T1143
18520,T1095,T1145
18521,T1095,T1146
18522,T1095,T1148
18523,T1095,T1149
18524,T1095,T1162
18525,T1095,T1163
18526,T1095,T1165
18527,T1095,T1168
18528,T1095,T1171
18529,T1095,T1175
18530,T1095,T1176.001
18531,T1095,T1187
18532,T1095,T1189
18533,T1095,T1190
18534,T1095,T1195
18535,T1095,T1196
18536,T1095,T1197
18537,T1095,T1199
18538,T1095,T1200
18539,T1095,T1201
18540,T1095,T1202
18541,T1095,T1203
18542,T1095,T1204
18543,T1095,T1204.001
18544,T1095,T1204.002
18545,T1095,T1205.001
18546,T1095,T1206
18547,T1095,T1210
18548,T1095,T1212
18549,T1095,T1213
18550,T1095,T1213.001
18551,T1095,T1213.002
18552,T1095,T1218.002
18553,T1095,T1218.004
18554,T1095,T1219
18555,T1095,T1220
18556,T1095,T1221
18557,T1095,T1222
18558,T1095,T1480
18559,T1095,T1482
18560,T1095,T1483
18561,T1095,T1485
18562,T1095,T1486
18563,T1095,T1487
18564,T1095,T1489
18565,T1095,T1490
18566,T1095,T1491
18567,T1095,T1495
18568,T1095,T1496
18569,T1095,T1497
18570,T1095,T1497.001
18571,T1095,T1498
18572,T1095,T1499
18573,T1095,T1505
18574,T1095,T1505.002
18575,T1095,T1505.003
18576,T1095,T1518
18577,T1095,T1529
18578,T1095,T1531
18579,T1095,T1539
18580,T1095,T1543
18581,T1095,T1543.003
18582,T1095,T1547
18583,T1095,T1547.001
18584,T1095,T1548
18585,T1095,T1548.002
18586,T1095,T1550
18587,T1095,T1552.003
18588,T1095,T1553
18589,T1095,T1553.002
18590,T1095,T1555.004
18591,T1095,T1555.005
18592,T1095,T1558
18593,T1095,T1558.001
18594,T1095,T1559
18595,T1095,T1559.001
18596,T1095,T1559.002
18597,T1095,T1560
18598,T1095,T1560.003
18599,T1095,T1562
18600,T1095,T1562.001
18601,T1095,T1562.004
18602,T1095,T1564
18603,T1095,T1564.001
18604,T1095,T1564.003
18605,T1095,T1564.014
18606,T1095,T1565
18607,T1095,T1567
18608,T1095,T1569
18609,T1095,T1569.002
18610,T1095,T1570
18611,T1095,T1571
18612,T1095,T1572
18613,T1095,T1573
18614,T1095,T1573.001
18615,T1095,T1573.002
18616,T1095,T1574
18617,T1095,T1574.002
18618,T1095,T1574.012
18619,T1095,T1583
18620,T1095,T1583.001
18621,T1095,T1583.003
18622,T1095,T1583.006
18623,T1095,T1584
18624,T1095,T1584.004
18625,T1095,T1585
18626,T1095,T1585.003
18627,T1095,T1587
18628,T1095,T1587.001
18629,T1095,T1587.003
18630,T1095,T1588
18631,T1095,T1588.001
18632,T1095,T1588.002
18633,T1095,T1588.003
18634,T1095,T1590.005
18635,T1095,T1593.001
18636,T1095,T1608
18637,T1095,T1608.003
18638,T1095,T1608.004
18639,T1095,T1620
18640,T1095,T1684
18641,T1096,T1113
18642,T1096,T1140
18643,T1096,T1193
18644,T1096,T1197
18645,T1096,T1214
18646,T1096,T1220
18647,T1096,T1497
18648,T1098,T1098.004
18649,T1098,T1100
18650,T1098,T1102
18651,T1098,T1104
18652,T1098,T1105
18653,T1098,T1107
18654,T1098,T1108
18655,T1098,T1110
18656,T1098,T1110.003
18657,T1098,T1111
18658,T1098,T1112
18659,T1098,T1113
18660,T1098,T1114
18661,T1098,T1115
18662,T1098,T1116
18663,T1098,T1119
18664,T1098,T1120
18665,T1098,T1123
18666,T1098,T1124
18667,T1098,T1125
18668,T1098,T1132
18669,T1098,T1133
18670,T1098,T1134
18671,T1098,T1134.001
18672,T1098,T1135
18673,T1098,T1136
18674,T1098,T1136.002
18675,T1098,T1137
18676,T1098,T1139
18677,T1098,T1140
18678,T1098,T1141
18679,T1098,T1145
18680,T1098,T1146
18681,T1098,T1148
18682,T1098,T1149
18683,T1098,T1162
18684,T1098,T1163
18685,T1098,T1165
18686,T1098,T1168
18687,T1098,T1171
18688,T1098,T1175
18689,T1098,T1176.001
18690,T1098,T1187
18691,T1098,T1189
18692,T1098,T1190
18693,T1098,T1195
18694,T1098,T1196
18695,T1098,T1197
18696,T1098,T1199
18697,T1098,T1200
18698,T1098,T1201
18699,T1098,T1202
18700,T1098,T1203
18701,T1098,T1204
18702,T1098,T1204.002
18703,T1098,T1204.005
18704,T1098,T1205.001
18705,T1098,T1206
18706,T1098,T1210
18707,T1098,T1212
18708,T1098,T1213
18709,T1098,T1213.001
18710,T1098,T1213.002
18711,T1098,T1216.002
18712,T1098,T1218.002
18713,T1098,T1218.011
18714,T1098,T1219
18715,T1098,T1220
18716,T1098,T1221
18717,T1098,T1480
18718,T1098,T1482
18719,T1098,T1483
18720,T1098,T1485
18721,T1098,T1486
18722,T1098,T1487
18723,T1098,T1489
18724,T1098,T1490
18725,T1098,T1491
18726,T1098,T1495
18727,T1098,T1496
18728,T1098,T1497
18729,T1098,T1497.001
18730,T1098,T1498
18731,T1098,T1499
18732,T1098,T1505
18733,T1098,T1505.002
18734,T1098,T1505.003
18735,T1098,T1518
18736,T1098,T1518.001
18737,T1098,T1528
18738,T1098,T1529
18739,T1098,T1531
18740,T1098,T1539
18741,T1098,T1543
18742,T1098,T1543.003
18743,T1098,T1546
18744,T1098,T1546.003
18745,T1098,T1546.008
18746,T1098,T1546.012
18747,T1098,T1546.015
18748,T1098,T1547
18749,T1098,T1547.001
18750,T1098,T1547.012
18751,T1098,T1548
18752,T1098,T1548.002
18753,T1098,T1550.002
18754,T1098,T1552
18755,T1098,T1552.001
18756,T1098,T1552.003
18757,T1098,T1553
18758,T1098,T1553.002
18759,T1098,T1554
18760,T1098,T1555
18761,T1098,T1555.003
18762,T1098,T1555.005
18763,T1098,T1556.004
18764,T1098,T1556.006
18765,T1098,T1558
18766,T1098,T1558.001
18767,T1098,T1559
18768,T1098,T1559.001
18769,T1098,T1559.002
18770,T1098,T1560
18771,T1098,T1560.001
18772,T1098,T1562
18773,T1098,T1562.001
18774,T1098,T1564
18775,T1098,T1564.001
18776,T1098,T1564.003
18777,T1098,T1565
18778,T1098,T1566
18779,T1098,T1566.001
18780,T1098,T1567
18781,T1098,T1567.002
18782,T1098,T1569
18783,T1098,T1569.002
18784,T1098,T1570
18785,T1098,T1571
18786,T1098,T1572
18787,T1098,T1573
18788,T1098,T1573.002
18789,T1098,T1574
18790,T1098,T1574.001
18791,T1098,T1574.002
18792,T1098,T1583
18793,T1098,T1583.003
18794,T1098,T1584.008
18795,T1098,T1588
18796,T1098,T1588.003
18797,T1098,T1590
18798,T1098,T1590.005
18799,T1098,T1592.004
18800,T1098,T1593.001
18801,T1098,T1595
18802,T1098,T1595.002
18803,T1098,T1608
18804,T1098,T1608.003
18805,T1098,T1610
18806,T1098,T1615
18807,T1098,T1684
18808,T1098.004,T1102
18809,T1098.004,T1102.002
18810,T1098.004,T1105
18811,T1098.004,T1110
18812,T1098.004,T1110.003
18813,T1098.004,T1112
18814,T1098.004,T1113
18815,T1098.004,T1114
18816,T1098.004,T1114.002
18817,T1098.004,T1119
18818,T1098.004,T1124
18819,T1098.004,T1132
18820,T1098.004,T1132.001
18821,T1098.004,T1133
18822,T1098.004,T1134
18823,T1098.004,T1135
18824,T1098.004,T1136
18825,T1098.004,T1136.002
18826,T1098.004,T1140
18827,T1098.004,T1190
18828,T1098.004,T1195
18829,T1098.004,T1197
18830,T1098.004,T1201
18831,T1098.004,T1202
18832,T1098.004,T1204
18833,T1098.004,T1204.002
18834,T1098.004,T1204.005
18835,T1098.004,T1213
18836,T1098.004,T1216.002
18837,T1098.004,T1218
18838,T1098.004,T1218.002
18839,T1098.004,T1218.005
18840,T1098.004,T1218.011
18841,T1098.004,T1219
18842,T1098.004,T1482
18843,T1098.004,T1485
18844,T1098.004,T1486
18845,T1098.004,T1496
18846,T1098.004,T1499
18847,T1098.004,T1505
18848,T1098.004,T1505.003
18849,T1098.004,T1518
18850,T1098.004,T1518.001
18851,T1098.004,T1531
18852,T1098.004,T1539
18853,T1098.004,T1543
18854,T1098.004,T1543.003
18855,T1098.004,T1546
18856,T1098.004,T1546.003
18857,T1098.004,T1546.008
18858,T1098.004,T1546.012
18859,T1098.004,T1546.015
18860,T1098.004,T1548
18861,T1098.004,T1548.002
18862,T1098.004,T1550
18863,T1098.004,T1550.002
18864,T1098.004,T1552
18865,T1098.004,T1552.001
18866,T1098.004,T1555
18867,T1098.004,T1555.003
18868,T1098.004,T1555.004
18869,T1098.004,T1558
18870,T1098.004,T1558.001
18871,T1098.004,T1559.001
18872,T1098.004,T1560
18873,T1098.004,T1560.001
18874,T1098.004,T1560.003
18875,T1098.004,T1562
18876,T1098.004,T1562.001
18877,T1098.004,T1566
18878,T1098.004,T1566.001
18879,T1098.004,T1567
18880,T1098.004,T1567.002
18881,T1098.004,T1569
18882,T1098.004,T1569.002
18883,T1098.004,T1570
18884,T1098.004,T1571
18885,T1098.004,T1572
18886,T1098.004,T1573
18887,T1098.004,T1573.001
18888,T1098.004,T1574
18889,T1098.004,T1574.001
18890,T1098.004,T1574.002
18891,T1098.004,T1574.012
18892,T1098.004,T1584.008
18893,T1098.004,T1590.005
18894,T1098.004,T1595
18895,T1098.004,T1615
18896,T1099,T1102
18897,T1099,T1102.003
18898,T1099,T1105
18899,T1099,T1106
18900,T1099,T1107
18901,T1099,T1108
18902,T1099,T1112
18903,T1099,T1113
18904,T1099,T1123
18905,T1099,T1124
18906,T1099,T1125
18907,T1099,T1134
18908,T1099,T1135
18909,T1099,T1140
18910,T1099,T1143
18911,T1099,T1192
18912,T1099,T1202
18913,T1099,T1204
18914,T1099,T1204.002
18915,T1099,T1218.002
18916,T1099,T1480
18917,T1099,T1518
18918,T1099,T1539
18919,T1099,T1543.003
18920,T1100,T1105
18921,T1100,T1107
18922,T1100,T1108
18923,T1100,T1110
18924,T1100,T1112
18925,T1100,T1113
18926,T1100,T1116
18927,T1100,T1119
18928,T1100,T1125
18929,T1100,T1132
18930,T1100,T1133
18931,T1100,T1134
18932,T1100,T1136
18933,T1100,T1139
18934,T1100,T1145
18935,T1100,T1146
18936,T1100,T1165
18937,T1100,T1204.002
18938,T1100,T1210
18939,T1100,T1213
18940,T1100,T1213.001
18941,T1100,T1219
18942,T1100,T1483
18943,T1100,T1486
18944,T1100,T1487
18945,T1100,T1569
18946,T1100,T1590.005
18947,T1102,T1102.001
18948,T1102,T1102.002
18949,T1102,T1102.003
18950,T1102,T1104
18951,T1102,T1105
18952,T1102,T1106
18953,T1102,T1107
18954,T1102,T1108
18955,T1102,T1110
18956,T1102,T1110.003
18957,T1102,T1110.004
18958,T1102,T1112
18959,T1102,T1113
18960,T1102,T1114
18961,T1102,T1114.001
18962,T1102,T1114.002
18963,T1102,T1115
18964,T1102,T1116
18965,T1102,T1117
18966,T1102,T1119
18967,T1102,T1120
18968,T1102,T1123
18969,T1102,T1124
18970,T1102,T1125
18971,T1102,T1132
18972,T1102,T1132.001
18973,T1102,T1133
18974,T1102,T1134
18975,T1102,T1135
18976,T1102,T1136
18977,T1102,T1136.001
18978,T1102,T1136.002
18979,T1102,T1137
18980,T1102,T1139
18981,T1102,T1140
18982,T1102,T1141
18983,T1102,T1143
18984,T1102,T1148
18985,T1102,T1149
18986,T1102,T1162
18987,T1102,T1163
18988,T1102,T1168
18989,T1102,T1171
18990,T1102,T1175
18991,T1102,T1176.001
18992,T1102,T1187
18993,T1102,T1190
18994,T1102,T1191
18995,T1102,T1192
18996,T1102,T1195
18997,T1102,T1196
18998,T1102,T1197
18999,T1102,T1199
19000,T1102,T1200
19001,T1102,T1201
19002,T1102,T1202
19003,T1102,T1203
19004,T1102,T1204
19005,T1102,T1204.002
19006,T1102,T1204.005
19007,T1102,T1205.001
19008,T1102,T1206
19009,T1102,T1210
19010,T1102,T1212
19011,T1102,T1213
19012,T1102,T1213.002
19013,T1102,T1213.003
19014,T1102,T1216.002
19015,T1102,T1218.002
19016,T1102,T1218.004
19017,T1102,T1218.011
19018,T1102,T1219
19019,T1102,T1220
19020,T1102,T1221
19021,T1102,T1222
19022,T1102,T1480
19023,T1102,T1482
19024,T1102,T1485
19025,T1102,T1486
19026,T1102,T1489
19027,T1102,T1490
19028,T1102,T1491
19029,T1102,T1495
19030,T1102,T1496
19031,T1102,T1497
19032,T1102,T1498
19033,T1102,T1499
19034,T1102,T1503
19035,T1102,T1505
19036,T1102,T1505.002
19037,T1102,T1505.003
19038,T1102,T1518
19039,T1102,T1518.001
19040,T1102,T1529
19041,T1102,T1531
19042,T1102,T1534
19043,T1102,T1539
19044,T1102,T1543
19045,T1102,T1543.003
19046,T1102,T1546
19047,T1102,T1546.003
19048,T1102,T1546.008
19049,T1102,T1546.012
19050,T1102,T1546.015
19051,T1102,T1547
19052,T1102,T1547.001
19053,T1102,T1548
19054,T1102,T1548.002
19055,T1102,T1550
19056,T1102,T1550.002
19057,T1102,T1552
19058,T1102,T1552.001
19059,T1102,T1552.003
19060,T1102,T1553
19061,T1102,T1553.002
19062,T1102,T1555
19063,T1102,T1555.003
19064,T1102,T1555.004
19065,T1102,T1555.005
19066,T1102,T1556.006
19067,T1102,T1558
19068,T1102,T1558.001
19069,T1102,T1559.001
19070,T1102,T1560
19071,T1102,T1560.001
19072,T1102,T1560.003
19073,T1102,T1562
19074,T1102,T1562.001
19075,T1102,T1562.004
19076,T1102,T1564.001
19077,T1102,T1564.014
19078,T1102,T1565
19079,T1102,T1566
19080,T1102,T1566.001
19081,T1102,T1566.002
19082,T1102,T1567
19083,T1102,T1567.002
19084,T1102,T1569
19085,T1102,T1569.002
19086,T1102,T1570
19087,T1102,T1571
19088,T1102,T1572
19089,T1102,T1573
19090,T1102,T1573.001
19091,T1102,T1573.002
19092,T1102,T1574
19093,T1102,T1574.001
19094,T1102,T1574.002
19095,T1102,T1574.012
19096,T1102,T1583
19097,T1102,T1583.001
19098,T1102,T1583.004
19099,T1102,T1583.006
19100,T1102,T1584
19101,T1102,T1584.004
19102,T1102,T1584.008
19103,T1102,T1585
19104,T1102,T1585.003
19105,T1102,T1587
19106,T1102,T1587.001
19107,T1102,T1587.003
19108,T1102,T1588
19109,T1102,T1588.001
19110,T1102,T1588.002
19111,T1102,T1589.002
19112,T1102,T1590
19113,T1102,T1590.005
19114,T1102,T1593.001
19115,T1102,T1595
19116,T1102,T1608
19117,T1102,T1608.001
19118,T1102,T1608.002
19119,T1102,T1608.004
19120,T1102,T1615
19121,T1102,T1620
19122,T1102,T1622
19123,T1102,T1684
19124,T1102.001,T1106
19125,T1102.001,T1119
19126,T1102.001,T1202
19127,T1102.001,T1203
19128,T1102.001,T1204
19129,T1102.001,T1204.002
19130,T1102.001,T1218.004
19131,T1102.001,T1543
19132,T1102.001,T1543.003
19133,T1102.001,T1553
19134,T1102.001,T1553.002
19135,T1102.001,T1562
19136,T1102.001,T1562.004
19137,T1102.001,T1573
19138,T1102.001,T1573.001
19139,T1102.001,T1583
19140,T1102.001,T1583.001
19141,T1102.001,T1583.006
19142,T1102.001,T1587
19143,T1102.001,T1587.001
19144,T1102.001,T1587.003
19145,T1102.001,T1588
19146,T1102.001,T1588.001
19147,T1102.001,T1588.002
19148,T1102.001,T1590.005
19149,T1102.001,T1593.002
19150,T1102.002,T1104
19151,T1102.002,T1105
19152,T1102.002,T1106
19153,T1102.002,T1110
19154,T1102.002,T1110.003
19155,T1102.002,T1113
19156,T1102.002,T1114
19157,T1102.002,T1114.002
19158,T1102.002,T1119
19159,T1102.002,T1120
19160,T1102.002,T1132
19161,T1102.002,T1132.001
19162,T1102.002,T1133
19163,T1102.002,T1134
19164,T1102.002,T1137.001
19165,T1102.002,T1140
19166,T1102.002,T1195
19167,T1102.002,T1201
19168,T1102.002,T1202
19169,T1102.002,T1204
19170,T1102.002,T1204.002
19171,T1102.002,T1213
19172,T1102.002,T1218.003
19173,T1102.002,T1218.005
19174,T1102.002,T1218.011
19175,T1102.002,T1219
19176,T1102.002,T1480
19177,T1102.002,T1485
19178,T1102.002,T1486
19179,T1102.002,T1499
19180,T1102.002,T1505
19181,T1102.002,T1518
19182,T1102.002,T1518.001
19183,T1102.002,T1531
19184,T1102.002,T1539
19185,T1102.002,T1543
19186,T1102.002,T1543.003
19187,T1102.002,T1547.001
19188,T1102.002,T1550
19189,T1102.002,T1552
19190,T1102.002,T1552.001
19191,T1102.002,T1555
19192,T1102.002,T1555.003
19193,T1102.002,T1555.004
19194,T1102.002,T1556.006
19195,T1102.002,T1558
19196,T1102.002,T1558.001
19197,T1102.002,T1559
19198,T1102.002,T1559.001
19199,T1102.002,T1559.002
19200,T1102.002,T1560
19201,T1102.002,T1560.001
19202,T1102.002,T1560.003
19203,T1102.002,T1562
19204,T1102.002,T1562.001
19205,T1102.002,T1566.001
19206,T1102.002,T1566.002
19207,T1102.002,T1571
19208,T1102.002,T1572
19209,T1102.002,T1573
19210,T1102.002,T1573.001
19211,T1102.002,T1574
19212,T1102.002,T1574.001
19213,T1102.002,T1574.002
19214,T1102.002,T1574.012
19215,T1102.002,T1583
19216,T1102.002,T1583.004
19217,T1102.002,T1583.006
19218,T1102.002,T1588
19219,T1102.002,T1588.002
19220,T1102.002,T1589.002
19221,T1102.002,T1590.004
19222,T1102.002,T1590.005
19223,T1102.002,T1608
19224,T1102.002,T1608.001
19225,T1102.002,T1608.002
19226,T1102.002,T1622
19227,T1102.003,T1105
19228,T1102.003,T1112
19229,T1102.003,T1143
19230,T1102.003,T1192
19231,T1102.003,T1204
19232,T1102.003,T1539
19233,T1102.003,T1590.005
19234,T1103,T1106
19235,T1103,T1113
19236,T1104,T1105
19237,T1104,T1106
19238,T1104,T1107
19239,T1104,T1108
19240,T1104,T1110
19241,T1104,T1110.003
19242,T1104,T1112
19243,T1104,T1113
19244,T1104,T1114
19245,T1104,T1115
19246,T1104,T1116
19247,T1104,T1117
19248,T1104,T1119
19249,T1104,T1120
19250,T1104,T1123
19251,T1104,T1124
19252,T1104,T1125
19253,T1104,T1132
19254,T1104,T1132.001
19255,T1104,T1133
19256,T1104,T1134
19257,T1104,T1135
19258,T1104,T1136
19259,T1104,T1137
19260,T1104,T1137.001
19261,T1104,T1139
19262,T1104,T1140
19263,T1104,T1141
19264,T1104,T1143
19265,T1104,T1148
19266,T1104,T1149
19267,T1104,T1162
19268,T1104,T1163
19269,T1104,T1168
19270,T1104,T1171
19271,T1104,T1175
19272,T1104,T1176.001
19273,T1104,T1187
19274,T1104,T1190
19275,T1104,T1191
19276,T1104,T1195
19277,T1104,T1196
19278,T1104,T1197
19279,T1104,T1199
19280,T1104,T1200
19281,T1104,T1201
19282,T1104,T1202
19283,T1104,T1203
19284,T1104,T1204
19285,T1104,T1204.001
19286,T1104,T1204.002
19287,T1104,T1205.001
19288,T1104,T1206
19289,T1104,T1210
19290,T1104,T1212
19291,T1104,T1213
19292,T1104,T1218.002
19293,T1104,T1218.003
19294,T1104,T1218.005
19295,T1104,T1218.011
19296,T1104,T1219
19297,T1104,T1220
19298,T1104,T1221
19299,T1104,T1222
19300,T1104,T1222.001
19301,T1104,T1480
19302,T1104,T1482
19303,T1104,T1485
19304,T1104,T1486
19305,T1104,T1489
19306,T1104,T1490
19307,T1104,T1491
19308,T1104,T1495
19309,T1104,T1496
19310,T1104,T1497
19311,T1104,T1498
19312,T1104,T1499
19313,T1104,T1503
19314,T1104,T1505
19315,T1104,T1505.002
19316,T1104,T1518
19317,T1104,T1518.001
19318,T1104,T1529
19319,T1104,T1531
19320,T1104,T1539
19321,T1104,T1542
19322,T1104,T1542.003
19323,T1104,T1543.003
19324,T1104,T1546.001
19325,T1104,T1546.012
19326,T1104,T1547.001
19327,T1104,T1547.004
19328,T1104,T1548.002
19329,T1104,T1552
19330,T1104,T1552.001
19331,T1104,T1552.003
19332,T1104,T1555
19333,T1104,T1555.003
19334,T1104,T1555.005
19335,T1104,T1556.006
19336,T1104,T1559
19337,T1104,T1559.001
19338,T1104,T1559.002
19339,T1104,T1560
19340,T1104,T1560.001
19341,T1104,T1562
19342,T1104,T1562.001
19343,T1104,T1565
19344,T1104,T1566.001
19345,T1104,T1566.002
19346,T1104,T1573
19347,T1104,T1573.001
19348,T1104,T1574.002
19349,T1104,T1583.006
19350,T1104,T1588
19351,T1104,T1588.002
19352,T1104,T1589.002
19353,T1104,T1590.005
19354,T1104,T1593.001
19355,T1104,T1601
19356,T1104,T1601.001
19357,T1104,T1684
19358,T1105,T1106
19359,T1105,T1107
19360,T1105,T1108
19361,T1105,T1110
19362,T1105,T1110.003
19363,T1105,T1111
19364,T1105,T1112
19365,T1105,T1113
19366,T1105,T1114
19367,T1105,T1114.002
19368,T1105,T1115
19369,T1105,T1116
19370,T1105,T1119
19371,T1105,T1123
19372,T1105,T1124
19373,T1105,T1125
19374,T1105,T1129
19375,T1105,T1132
19376,T1105,T1132.001
19377,T1105,T1133
19378,T1105,T1134
19379,T1105,T1134.001
19380,T1105,T1135
19381,T1105,T1136
19382,T1105,T1136.002
19383,T1105,T1137.001
19384,T1105,T1139
19385,T1105,T1140
19386,T1105,T1143
19387,T1105,T1145
19388,T1105,T1146
19389,T1105,T1165
19390,T1105,T1188
19391,T1105,T1190
19392,T1105,T1192
19393,T1105,T1193
19394,T1105,T1195
19395,T1105,T1197
19396,T1105,T1199
19397,T1105,T1201
19398,T1105,T1202
19399,T1105,T1203
19400,T1105,T1204
19401,T1105,T1204.002
19402,T1105,T1204.003
19403,T1105,T1204.005
19404,T1105,T1213
19405,T1105,T1213.001
19406,T1105,T1213.002
19407,T1105,T1216.002
19408,T1105,T1218
19409,T1105,T1218.002
19410,T1105,T1218.003
19411,T1105,T1218.005
19412,T1105,T1218.011
19413,T1105,T1219
19414,T1105,T1221
19415,T1105,T1480
19416,T1105,T1482
19417,T1105,T1483
19418,T1105,T1485
19419,T1105,T1486
19420,T1105,T1487
19421,T1105,T1489
19422,T1105,T1496
19423,T1105,T1497
19424,T1105,T1497.001
19425,T1105,T1499
19426,T1105,T1505
19427,T1105,T1505.003
19428,T1105,T1518
19429,T1105,T1518.001
19430,T1105,T1531
19431,T1105,T1539
19432,T1105,T1542
19433,T1105,T1542.003
19434,T1105,T1543
19435,T1105,T1543.003
19436,T1105,T1546
19437,T1105,T1546.003
19438,T1105,T1546.008
19439,T1105,T1546.012
19440,T1105,T1546.015
19441,T1105,T1547
19442,T1105,T1547.001
19443,T1105,T1548
19444,T1105,T1548.002
19445,T1105,T1550
19446,T1105,T1550.002
19447,T1105,T1552
19448,T1105,T1552.001
19449,T1105,T1553
19450,T1105,T1553.002
19451,T1105,T1554
19452,T1105,T1555
19453,T1105,T1555.003
19454,T1105,T1555.004
19455,T1105,T1556.004
19456,T1105,T1556.006
19457,T1105,T1558
19458,T1105,T1558.001
19459,T1105,T1559
19460,T1105,T1559.001
19461,T1105,T1559.002
19462,T1105,T1560
19463,T1105,T1560.001
19464,T1105,T1560.003
19465,T1105,T1562
19466,T1105,T1562.001
19467,T1105,T1564
19468,T1105,T1564.001
19469,T1105,T1564.003
19470,T1105,T1566
19471,T1105,T1566.001
19472,T1105,T1567
19473,T1105,T1567.002
19474,T1105,T1569
19475,T1105,T1569.002
19476,T1105,T1570
19477,T1105,T1571
19478,T1105,T1572
19479,T1105,T1573
19480,T1105,T1573.001
19481,T1105,T1573.002
19482,T1105,T1574
19483,T1105,T1574.001
19484,T1105,T1574.002
19485,T1105,T1574.012
19486,T1105,T1583
19487,T1105,T1583.001
19488,T1105,T1583.003
19489,T1105,T1583.004
19490,T1105,T1583.006
19491,T1105,T1584.008
19492,T1105,T1588
19493,T1105,T1588.002
19494,T1105,T1588.003
19495,T1105,T1588.004
19496,T1105,T1588.006
19497,T1105,T1589.002
19498,T1105,T1590.005
19499,T1105,T1592.004
19500,T1105,T1595
19501,T1105,T1601
19502,T1105,T1601.001
19503,T1105,T1608
19504,T1105,T1608.001
19505,T1105,T1608.003
19506,T1105,T1608.006
19507,T1105,T1614
19508,T1105,T1615
19509,T1105,T1669
19510,T1105,T1684
19511,T1106,T1107
19512,T1106,T1108
19513,T1106,T1110
19514,T1106,T1112
19515,T1106,T1113
19516,T1106,T1117
19517,T1106,T1119
19518,T1106,T1123
19519,T1106,T1124
19520,T1106,T1125
19521,T1106,T1129
19522,T1106,T1132
19523,T1106,T1132.001
19524,T1106,T1132.002
19525,T1106,T1134
19526,T1106,T1134.002
19527,T1106,T1135
19528,T1106,T1136
19529,T1106,T1140
19530,T1106,T1143
19531,T1106,T1192
19532,T1106,T1194
19533,T1106,T1195
19534,T1106,T1202
19535,T1106,T1203
19536,T1106,T1204
19537,T1106,T1204.001
19538,T1106,T1204.002
19539,T1106,T1218.002
19540,T1106,T1218.004
19541,T1106,T1218.005
19542,T1106,T1218.011
19543,T1106,T1220
19544,T1106,T1222
19545,T1106,T1222.001
19546,T1106,T1480
19547,T1106,T1518
19548,T1106,T1531
19549,T1106,T1537
19550,T1106,T1543
19551,T1106,T1543.003
19552,T1106,T1546.001
19553,T1106,T1546.012
19554,T1106,T1547.001
19555,T1106,T1547.004
19556,T1106,T1548.002
19557,T1106,T1553
19558,T1106,T1553.002
19559,T1106,T1560
19560,T1106,T1560.002
19561,T1106,T1562
19562,T1106,T1562.001
19563,T1106,T1562.004
19564,T1106,T1564
19565,T1106,T1564.001
19566,T1106,T1564.014
19567,T1106,T1566
19568,T1106,T1566.001
19569,T1106,T1566.002
19570,T1106,T1569
19571,T1106,T1573
19572,T1106,T1573.001
19573,T1106,T1573.002
19574,T1106,T1574
19575,T1106,T1583
19576,T1106,T1583.001
19577,T1106,T1583.004
19578,T1106,T1583.006
19579,T1106,T1584
19580,T1106,T1584.004
19581,T1106,T1585
19582,T1106,T1585.003
19583,T1106,T1587
19584,T1106,T1587.001
19585,T1106,T1587.002
19586,T1106,T1587.003
19587,T1106,T1588
19588,T1106,T1588.001
19589,T1106,T1588.002
19590,T1106,T1589.002
19591,T1106,T1590.005
19592,T1106,T1593.001
19593,T1106,T1608
19594,T1106,T1608.001
19595,T1106,T1608.002
19596,T1106,T1608.004
19597,T1106,T1620
19598,T1106,T1622
19599,T1107,T1108
19600,T1107,T1110
19601,T1107,T1112
19602,T1107,T1113
19603,T1107,T1114
19604,T1107,T1115
19605,T1107,T1116
19606,T1107,T1117
19607,T1107,T1119
19608,T1107,T1122
19609,T1107,T1123
19610,T1107,T1124
19611,T1107,T1125
19612,T1107,T1129
19613,T1107,T1132
19614,T1107,T1133
19615,T1107,T1134
19616,T1107,T1135
19617,T1107,T1136
19618,T1107,T1139
19619,T1107,T1140
19620,T1107,T1143
19621,T1107,T1145
19622,T1107,T1146
19623,T1107,T1158
19624,T1107,T1165
19625,T1107,T1188
19626,T1107,T1191
19627,T1107,T1193
19628,T1107,T1195
19629,T1107,T1202
19630,T1107,T1203
19631,T1107,T1204
19632,T1107,T1204.002
19633,T1107,T1204.003
19634,T1107,T1213
19635,T1107,T1213.001
19636,T1107,T1213.002
19637,T1107,T1218
19638,T1107,T1218.002
19639,T1107,T1219
19640,T1107,T1219.002
19641,T1107,T1221
19642,T1107,T1480
19643,T1107,T1483
19644,T1107,T1486
19645,T1107,T1487
19646,T1107,T1497
19647,T1107,T1503
19648,T1107,T1518
19649,T1107,T1539
19650,T1107,T1543.003
19651,T1107,T1569
19652,T1107,T1590.005
19653,T1107,T1593.001
19654,T1107,T1684
19655,T1108,T1110
19656,T1108,T1110.003
19657,T1108,T1112
19658,T1108,T1113
19659,T1108,T1114
19660,T1108,T1115
19661,T1108,T1116
19662,T1108,T1117
19663,T1108,T1119
19664,T1108,T1120
19665,T1108,T1123
19666,T1108,T1124
19667,T1108,T1125
19668,T1108,T1129
19669,T1108,T1132
19670,T1108,T1133
19671,T1108,T1134
19672,T1108,T1135
19673,T1108,T1136
19674,T1108,T1137
19675,T1108,T1139
19676,T1108,T1140
19677,T1108,T1141
19678,T1108,T1143
19679,T1108,T1145
19680,T1108,T1146
19681,T1108,T1148
19682,T1108,T1149
19683,T1108,T1158
19684,T1108,T1162
19685,T1108,T1163
19686,T1108,T1165
19687,T1108,T1168
19688,T1108,T1171
19689,T1108,T1175
19690,T1108,T1176.001
19691,T1108,T1187
19692,T1108,T1188
19693,T1108,T1189
19694,T1108,T1190
19695,T1108,T1191
19696,T1108,T1195
19697,T1108,T1196
19698,T1108,T1197
19699,T1108,T1199
19700,T1108,T1200
19701,T1108,T1201
19702,T1108,T1202
19703,T1108,T1203
19704,T1108,T1204
19705,T1108,T1204.002
19706,T1108,T1205.001
19707,T1108,T1206
19708,T1108,T1210
19709,T1108,T1212
19710,T1108,T1213
19711,T1108,T1213.001
19712,T1108,T1218.002
19713,T1108,T1219
19714,T1108,T1219.002
19715,T1108,T1220
19716,T1108,T1221
19717,T1108,T1480
19718,T1108,T1482
19719,T1108,T1483
19720,T1108,T1485
19721,T1108,T1486
19722,T1108,T1487
19723,T1108,T1489
19724,T1108,T1490
19725,T1108,T1491
19726,T1108,T1495
19727,T1108,T1496
19728,T1108,T1497
19729,T1108,T1498
19730,T1108,T1499
19731,T1108,T1503
19732,T1108,T1505
19733,T1108,T1505.002
19734,T1108,T1518
19735,T1108,T1529
19736,T1108,T1531
19737,T1108,T1539
19738,T1108,T1543.003
19739,T1108,T1552.003
19740,T1108,T1555.005
19741,T1108,T1559.001
19742,T1108,T1565
19743,T1108,T1569
19744,T1108,T1590.005
19745,T1108,T1593.001
19746,T1108,T1684
19747,T1110,T1110.001
19748,T1110,T1110.003
19749,T1110,T1110.004
19750,T1110,T1112
19751,T1110,T1113
19752,T1110,T1114
19753,T1110,T1114.001
19754,T1110,T1114.002
19755,T1110,T1115
19756,T1110,T1116
19757,T1110,T1117
19758,T1110,T1119
19759,T1110,T1120
19760,T1110,T1123
19761,T1110,T1124
19762,T1110,T1125
19763,T1110,T1132
19764,T1110,T1132.001
19765,T1110,T1133
19766,T1110,T1134
19767,T1110,T1135
19768,T1110,T1136
19769,T1110,T1137
19770,T1110,T1139
19771,T1110,T1140
19772,T1110,T1141
19773,T1110,T1145
19774,T1110,T1146
19775,T1110,T1148
19776,T1110,T1149
19777,T1110,T1162
19778,T1110,T1163
19779,T1110,T1165
19780,T1110,T1168
19781,T1110,T1171
19782,T1110,T1175
19783,T1110,T1176.001
19784,T1110,T1187
19785,T1110,T1189
19786,T1110,T1190
19787,T1110,T1194
19788,T1110,T1195
19789,T1110,T1196
19790,T1110,T1197
19791,T1110,T1199
19792,T1110,T1200
19793,T1110,T1201
19794,T1110,T1202
19795,T1110,T1203
19796,T1110,T1204
19797,T1110,T1204.001
19798,T1110,T1204.002
19799,T1110,T1204.003
19800,T1110,T1204.005
19801,T1110,T1205.001
19802,T1110,T1206
19803,T1110,T1210
19804,T1110,T1212
19805,T1110,T1213
19806,T1110,T1213.001
19807,T1110,T1213.002
19808,T1110,T1213.003
19809,T1110,T1218.002
19810,T1110,T1219
19811,T1110,T1219.002
19812,T1110,T1220
19813,T1110,T1221
19814,T1110,T1480
19815,T1110,T1482
19816,T1110,T1483
19817,T1110,T1485
19818,T1110,T1486
19819,T1110,T1487
19820,T1110,T1489
19821,T1110,T1490
19822,T1110,T1491
19823,T1110,T1495
19824,T1110,T1496
19825,T1110,T1498
19826,T1110,T1499
19827,T1110,T1505
19828,T1110,T1505.002
19829,T1110,T1518
19830,T1110,T1528
19831,T1110,T1529
19832,T1110,T1531
19833,T1110,T1534
19834,T1110,T1537
19835,T1110,T1539
19836,T1110,T1543
19837,T1110,T1543.003
19838,T1110,T1547.012
19839,T1110,T1548
19840,T1110,T1550
19841,T1110,T1552
19842,T1110,T1552.003
19843,T1110,T1552.004
19844,T1110,T1555
19845,T1110,T1555.004
19846,T1110,T1555.005
19847,T1110,T1556
19848,T1110,T1556.006
19849,T1110,T1556.009
19850,T1110,T1558
19851,T1110,T1558.001
19852,T1110,T1558.003
19853,T1110,T1559
19854,T1110,T1559.001
19855,T1110,T1560
19856,T1110,T1560.001
19857,T1110,T1560.003
19858,T1110,T1562
19859,T1110,T1562.004
19860,T1110,T1564
19861,T1110,T1564.014
19862,T1110,T1565
19863,T1110,T1567
19864,T1110,T1569
19865,T1110,T1571
19866,T1110,T1572
19867,T1110,T1573
19868,T1110,T1573.001
19869,T1110,T1573.002
19870,T1110,T1574
19871,T1110,T1574.012
19872,T1110,T1583
19873,T1110,T1583.006
19874,T1110,T1583.008
19875,T1110,T1584
19876,T1110,T1584.004
19877,T1110,T1584.008
19878,T1110,T1585
19879,T1110,T1585.003
19880,T1110,T1588.007
19881,T1110,T1589.002
19882,T1110,T1590.004
19883,T1110,T1590.005
19884,T1110,T1593.001
19885,T1110,T1593.002
19886,T1110,T1595.002
19887,T1110,T1608
19888,T1110,T1608.004
19889,T1110,T1610
19890,T1110,T1620
19891,T1110,T1650
19892,T1110,T1669
19893,T1110,T1684
19894,T1110.001,T1110.002
19895,T1110.001,T1110.003
19896,T1110.001,T1112
19897,T1110.001,T1133
19898,T1110.001,T1212
19899,T1110.001,T1552
19900,T1110.001,T1552.004
19901,T1110.001,T1555
19902,T1110.001,T1556
19903,T1110.001,T1558
19904,T1110.001,T1558.003
19905,T1110.001,T1560
19906,T1110.001,T1560.001
19907,T1110.001,T1588.007
19908,T1110.001,T1590.005
19909,T1110.001,T1593.001
19910,T1110.001,T1595.002
19911,T1110.001,T1684
19912,T1110.002,T1137.006
19913,T1110.002,T1485
19914,T1110.002,T1505.002
19915,T1110.002,T1518
19916,T1110.002,T1543.003
19917,T1110.002,T1556.006
19918,T1110.002,T1588.007
19919,T1110.002,T1590.005
19920,T1110.002,T1593.001
19921,T1110.002,T1684
19922,T1110.003,T1110.004
19923,T1110.003,T1112
19924,T1110.003,T1113
19925,T1110.003,T1114
19926,T1110.003,T1114.001
19927,T1110.003,T1114.002
19928,T1110.003,T1115
19929,T1110.003,T1119
19930,T1110.003,T1120
19931,T1110.003,T1123
19932,T1110.003,T1124
19933,T1110.003,T1125
19934,T1110.003,T1132
19935,T1110.003,T1132.001
19936,T1110.003,T1133
19937,T1110.003,T1134
19938,T1110.003,T1135
19939,T1110.003,T1136
19940,T1110.003,T1139
19941,T1110.003,T1140
19942,T1110.003,T1141
19943,T1110.003,T1148
19944,T1110.003,T1149
19945,T1110.003,T1162
19946,T1110.003,T1168
19947,T1110.003,T1171
19948,T1110.003,T1175
19949,T1110.003,T1176.001
19950,T1110.003,T1187
19951,T1110.003,T1190
19952,T1110.003,T1195
19953,T1110.003,T1196
19954,T1110.003,T1197
19955,T1110.003,T1199
19956,T1110.003,T1200
19957,T1110.003,T1201
19958,T1110.003,T1202
19959,T1110.003,T1203
19960,T1110.003,T1204
19961,T1110.003,T1204.002
19962,T1110.003,T1205.001
19963,T1110.003,T1206
19964,T1110.003,T1210
19965,T1110.003,T1212
19966,T1110.003,T1213
19967,T1110.003,T1213.002
19968,T1110.003,T1218.002
19969,T1110.003,T1219
19970,T1110.003,T1220
19971,T1110.003,T1221
19972,T1110.003,T1480
19973,T1110.003,T1482
19974,T1110.003,T1485
19975,T1110.003,T1486
19976,T1110.003,T1489
19977,T1110.003,T1490
19978,T1110.003,T1491
19979,T1110.003,T1495
19980,T1110.003,T1496
19981,T1110.003,T1498
19982,T1110.003,T1499
19983,T1110.003,T1505
19984,T1110.003,T1505.002
19985,T1110.003,T1518
19986,T1110.003,T1529
19987,T1110.003,T1531
19988,T1110.003,T1539
19989,T1110.003,T1543
19990,T1110.003,T1543.003
19991,T1110.003,T1547
19992,T1110.003,T1550
19993,T1110.003,T1552
19994,T1110.003,T1552.003
19995,T1110.003,T1552.004
19996,T1110.003,T1555
19997,T1110.003,T1555.003
19998,T1110.003,T1555.004
19999,T1110.003,T1556.006
20000,T1110.003,T1558
20001,T1110.003,T1558.001
20002,T1110.003,T1558.003
20003,T1110.003,T1559.001
20004,T1110.003,T1560
20005,T1110.003,T1560.001
20006,T1110.003,T1560.003
20007,T1110.003,T1562
20008,T1110.003,T1564.001
20009,T1110.003,T1565
20010,T1110.003,T1567
20011,T1110.003,T1569
20012,T1110.003,T1571
20013,T1110.003,T1572
20014,T1110.003,T1573
20015,T1110.003,T1573.001
20016,T1110.003,T1573.002
20017,T1110.003,T1574
20018,T1110.003,T1574.002
20019,T1110.003,T1574.012
20020,T1110.003,T1590
20021,T1110.003,T1590.005
20022,T1110.003,T1593.001
20023,T1110.003,T1595.002
20024,T1110.003,T1684
20025,T1110.004,T1114
20026,T1110.004,T1114.001
20027,T1110.004,T1124
20028,T1110.004,T1133
20029,T1110.004,T1176.001
20030,T1110.004,T1204.002
20031,T1110.004,T1204.003
20032,T1110.004,T1213
20033,T1110.004,T1213.001
20034,T1110.004,T1213.002
20035,T1110.004,T1219.002
20036,T1110.004,T1505.002
20037,T1110.004,T1550
20038,T1110.004,T1556.006
20039,T1110.004,T1556.009
20040,T1110.004,T1560
20041,T1110.004,T1560.001
20042,T1110.004,T1569
20043,T1110.004,T1573
20044,T1110.004,T1573.002
20045,T1110.004,T1574
20046,T1110.004,T1583.008
20047,T1110.004,T1588.007
20048,T1110.004,T1589.002
20049,T1110.004,T1590.005
20050,T1110.004,T1593.001
20051,T1110.004,T1593.002
20052,T1110.004,T1684
20053,T1111,T1112
20054,T1111,T1113
20055,T1111,T1114
20056,T1111,T1114.003
20057,T1111,T1123
20058,T1111,T1125
20059,T1111,T1133
20060,T1111,T1134
20061,T1111,T1134.001
20062,T1111,T1136
20063,T1111,T1136.001
20064,T1111,T1140
20065,T1111,T1187
20066,T1111,T1190
20067,T1111,T1197
20068,T1111,T1203
20069,T1111,T1204
20070,T1111,T1204.001
20071,T1111,T1211
20072,T1111,T1219
20073,T1111,T1484.001
20074,T1111,T1486
20075,T1111,T1497
20076,T1111,T1505
20077,T1111,T1505.003
20078,T1111,T1518
20079,T1111,T1531
20080,T1111,T1534
20081,T1111,T1539
20082,T1111,T1543
20083,T1111,T1547
20084,T1111,T1548
20085,T1111,T1548.001
20086,T1111,T1550
20087,T1111,T1550.003
20088,T1111,T1552
20089,T1111,T1554
20090,T1111,T1555
20091,T1111,T1555.004
20092,T1111,T1556.004
20093,T1111,T1556.006
20094,T1111,T1558
20095,T1111,T1558.003
20096,T1111,T1560
20097,T1111,T1562
20098,T1111,T1562.001
20099,T1111,T1562.004
20100,T1111,T1562.007
20101,T1111,T1563
20102,T1111,T1568
20103,T1111,T1569
20104,T1111,T1569.002
20105,T1111,T1571
20106,T1111,T1573
20107,T1111,T1578
20108,T1111,T1578.002
20109,T1111,T1578.003
20110,T1111,T1592.004
20111,T1111,T1684
20112,T1111,T1686.001
20113,T1112,T1113
20114,T1112,T1114
20115,T1112,T1114.003
20116,T1112,T1115
20117,T1112,T1116
20118,T1112,T1117
20119,T1112,T1119
20120,T1112,T1120
20121,T1112,T1123
20122,T1112,T1124
20123,T1112,T1125
20124,T1112,T1129
20125,T1112,T1132
20126,T1112,T1132.001
20127,T1112,T1133
20128,T1112,T1134
20129,T1112,T1134.001
20130,T1112,T1135
20131,T1112,T1136
20132,T1112,T1136.001
20133,T1112,T1136.002
20134,T1112,T1137
20135,T1112,T1139
20136,T1112,T1140
20137,T1112,T1141
20138,T1112,T1143
20139,T1112,T1145
20140,T1112,T1146
20141,T1112,T1148
20142,T1112,T1149
20143,T1112,T1158
20144,T1112,T1162
20145,T1112,T1163
20146,T1112,T1165
20147,T1112,T1168
20148,T1112,T1171
20149,T1112,T1175
20150,T1112,T1176.001
20151,T1112,T1187
20152,T1112,T1188
20153,T1112,T1189
20154,T1112,T1190
20155,T1112,T1191
20156,T1112,T1192
20157,T1112,T1195
20158,T1112,T1196
20159,T1112,T1197
20160,T1112,T1199
20161,T1112,T1200
20162,T1112,T1201
20163,T1112,T1202
20164,T1112,T1203
20165,T1112,T1204
20166,T1112,T1204.001
20167,T1112,T1204.002
20168,T1112,T1204.005
20169,T1112,T1205.001
20170,T1112,T1206
20171,T1112,T1210
20172,T1112,T1211
20173,T1112,T1212
20174,T1112,T1213
20175,T1112,T1213.001
20176,T1112,T1213.002
20177,T1112,T1216.002
20178,T1112,T1218
20179,T1112,T1218.002
20180,T1112,T1218.005
20181,T1112,T1218.011
20182,T1112,T1219
20183,T1112,T1219.002
20184,T1112,T1220
20185,T1112,T1221
20186,T1112,T1222
20187,T1112,T1222.001
20188,T1112,T1480
20189,T1112,T1482
20190,T1112,T1483
20191,T1112,T1484.001
20192,T1112,T1485
20193,T1112,T1486
20194,T1112,T1487
20195,T1112,T1489
20196,T1112,T1490
20197,T1112,T1491
20198,T1112,T1495
20199,T1112,T1496
20200,T1112,T1497
20201,T1112,T1497.001
20202,T1112,T1498
20203,T1112,T1499
20204,T1112,T1500
20205,T1112,T1503
20206,T1112,T1505
20207,T1112,T1505.002
20208,T1112,T1505.003
20209,T1112,T1518
20210,T1112,T1518.001
20211,T1112,T1528
20212,T1112,T1529
20213,T1112,T1531
20214,T1112,T1534
20215,T1112,T1539
20216,T1112,T1542
20217,T1112,T1542.003
20218,T1112,T1543
20219,T1112,T1543.003
20220,T1112,T1546
20221,T1112,T1546.001
20222,T1112,T1546.003
20223,T1112,T1546.008
20224,T1112,T1546.012
20225,T1112,T1546.015
20226,T1112,T1547
20227,T1112,T1547.001
20228,T1112,T1547.004
20229,T1112,T1547.012
20230,T1112,T1548
20231,T1112,T1548.001
20232,T1112,T1548.002
20233,T1112,T1550
20234,T1112,T1550.002
20235,T1112,T1550.003
20236,T1112,T1552
20237,T1112,T1552.001
20238,T1112,T1552.003
20239,T1112,T1553
20240,T1112,T1553.002
20241,T1112,T1555
20242,T1112,T1555.003
20243,T1112,T1555.004
20244,T1112,T1555.005
20245,T1112,T1556
20246,T1112,T1556.006
20247,T1112,T1556.008
20248,T1112,T1558
20249,T1112,T1558.003
20250,T1112,T1559
20251,T1112,T1559.001
20252,T1112,T1559.002
20253,T1112,T1560
20254,T1112,T1560.001
20255,T1112,T1560.002
20256,T1112,T1562
20257,T1112,T1562.001
20258,T1112,T1562.004
20259,T1112,T1562.007
20260,T1112,T1563
20261,T1112,T1564
20262,T1112,T1564.001
20263,T1112,T1564.003
20264,T1112,T1565
20265,T1112,T1566
20266,T1112,T1566.001
20267,T1112,T1566.002
20268,T1112,T1567
20269,T1112,T1567.002
20270,T1112,T1568
20271,T1112,T1569
20272,T1112,T1569.002
20273,T1112,T1570
20274,T1112,T1571
20275,T1112,T1572
20276,T1112,T1573
20277,T1112,T1573.001
20278,T1112,T1573.002
20279,T1112,T1574
20280,T1112,T1574.001
20281,T1112,T1574.002
20282,T1112,T1578
20283,T1112,T1578.002
20284,T1112,T1578.003
20285,T1112,T1583
20286,T1112,T1583.001
20287,T1112,T1583.002
20288,T1112,T1583.003
20289,T1112,T1584.008
20290,T1112,T1587
20291,T1112,T1587.001
20292,T1112,T1587.002
20293,T1112,T1587.003
20294,T1112,T1588
20295,T1112,T1588.003
20296,T1112,T1588.006
20297,T1112,T1589.002
20298,T1112,T1590.004
20299,T1112,T1590.005
20300,T1112,T1593.001
20301,T1112,T1595
20302,T1112,T1595.002
20303,T1112,T1601
20304,T1112,T1601.001
20305,T1112,T1608
20306,T1112,T1608.001
20307,T1112,T1608.002
20308,T1112,T1608.003
20309,T1112,T1608.005
20310,T1112,T1610
20311,T1112,T1614
20312,T1112,T1615
20313,T1112,T1650
20314,T1112,T1684
20315,T1112,T1686.001
20316,T1113,T1114
20317,T1113,T1114.002
20318,T1113,T1114.003
20319,T1113,T1115
20320,T1113,T1116
20321,T1113,T1117
20322,T1113,T1119
20323,T1113,T1120
20324,T1113,T1122
20325,T1113,T1123
20326,T1113,T1124
20327,T1113,T1125
20328,T1113,T1129
20329,T1113,T1132
20330,T1113,T1132.001
20331,T1113,T1133
20332,T1113,T1134
20333,T1113,T1134.004
20334,T1113,T1135
20335,T1113,T1136
20336,T1113,T1136.001
20337,T1113,T1137
20338,T1113,T1137.001
20339,T1113,T1139
20340,T1113,T1140
20341,T1113,T1141
20342,T1113,T1143
20343,T1113,T1145
20344,T1113,T1146
20345,T1113,T1148
20346,T1113,T1149
20347,T1113,T1158
20348,T1113,T1162
20349,T1113,T1163
20350,T1113,T1165
20351,T1113,T1168
20352,T1113,T1176.001
20353,T1113,T1187
20354,T1113,T1188
20355,T1113,T1189
20356,T1113,T1190
20357,T1113,T1191
20358,T1113,T1192
20359,T1113,T1193
20360,T1113,T1195
20361,T1113,T1196
20362,T1113,T1197
20363,T1113,T1199
20364,T1113,T1200
20365,T1113,T1201
20366,T1113,T1202
20367,T1113,T1203
20368,T1113,T1204
20369,T1113,T1204.001
20370,T1113,T1204.002
20371,T1113,T1204.003
20372,T1113,T1204.005
20373,T1113,T1205.001
20374,T1113,T1206
20375,T1113,T1210
20376,T1113,T1211
20377,T1113,T1212
20378,T1113,T1213
20379,T1113,T1213.001
20380,T1113,T1213.002
20381,T1113,T1214
20382,T1113,T1218
20383,T1113,T1218.002
20384,T1113,T1218.003
20385,T1113,T1218.005
20386,T1113,T1218.011
20387,T1113,T1219
20388,T1113,T1220
20389,T1113,T1221
20390,T1113,T1222
20391,T1113,T1480
20392,T1113,T1482
20393,T1113,T1483
20394,T1113,T1484.001
20395,T1113,T1485
20396,T1113,T1486
20397,T1113,T1487
20398,T1113,T1489
20399,T1113,T1497
20400,T1113,T1497.001
20401,T1113,T1499
20402,T1113,T1500
20403,T1113,T1503
20404,T1113,T1505
20405,T1113,T1505.003
20406,T1113,T1518
20407,T1113,T1518.001
20408,T1113,T1528
20409,T1113,T1529
20410,T1113,T1531
20411,T1113,T1534
20412,T1113,T1539
20413,T1113,T1542
20414,T1113,T1542.003
20415,T1113,T1543
20416,T1113,T1543.003
20417,T1113,T1546.016
20418,T1113,T1547
20419,T1113,T1547.001
20420,T1113,T1547.012
20421,T1113,T1548
20422,T1113,T1548.001
20423,T1113,T1548.002
20424,T1113,T1550
20425,T1113,T1550.003
20426,T1113,T1552
20427,T1113,T1552.001
20428,T1113,T1553
20429,T1113,T1553.002
20430,T1113,T1555
20431,T1113,T1555.003
20432,T1113,T1555.004
20433,T1113,T1555.005
20434,T1113,T1556.006
20435,T1113,T1558
20436,T1113,T1558.001
20437,T1113,T1558.003
20438,T1113,T1559
20439,T1113,T1559.001
20440,T1113,T1559.002
20441,T1113,T1560
20442,T1113,T1560.001
20443,T1113,T1560.003
20444,T1113,T1562
20445,T1113,T1562.001
20446,T1113,T1562.004
20447,T1113,T1562.007
20448,T1113,T1563
20449,T1113,T1564
20450,T1113,T1564.001
20451,T1113,T1564.003
20452,T1113,T1566.001
20453,T1113,T1567
20454,T1113,T1568
20455,T1113,T1569
20456,T1113,T1569.002
20457,T1113,T1570
20458,T1113,T1571
20459,T1113,T1572
20460,T1113,T1573
20461,T1113,T1573.001
20462,T1113,T1573.002
20463,T1113,T1574
20464,T1113,T1574.002
20465,T1113,T1574.012
20466,T1113,T1578
20467,T1113,T1578.002
20468,T1113,T1578.003
20469,T1113,T1583
20470,T1113,T1583.003
20471,T1113,T1583.006
20472,T1113,T1583.008
20473,T1113,T1584.008
20474,T1113,T1588
20475,T1113,T1588.002
20476,T1113,T1588.003
20477,T1113,T1589.002
20478,T1113,T1590.004
20479,T1113,T1590.005
20480,T1113,T1593.001
20481,T1113,T1595.002
20482,T1113,T1601
20483,T1113,T1601.001
20484,T1113,T1606.001
20485,T1113,T1608
20486,T1113,T1608.003
20487,T1113,T1610
20488,T1113,T1620
20489,T1113,T1669
20490,T1113,T1678
20491,T1113,T1684
20492,T1113,T1686.001
20493,T1114,T1114.001
20494,T1114,T1114.002
20495,T1114,T1114.003
20496,T1114,T1115
20497,T1114,T1116
20498,T1114,T1117
20499,T1114,T1119
20500,T1114,T1120
20501,T1114,T1123
20502,T1114,T1124
20503,T1114,T1125
20504,T1114,T1132
20505,T1114,T1132.001
20506,T1114,T1133
20507,T1114,T1134
20508,T1114,T1135
20509,T1114,T1136
20510,T1114,T1136.001
20511,T1114,T1136.002
20512,T1114,T1137
20513,T1114,T1139
20514,T1114,T1140
20515,T1114,T1141
20516,T1114,T1143
20517,T1114,T1148
20518,T1114,T1149
20519,T1114,T1162
20520,T1114,T1163
20521,T1114,T1168
20522,T1114,T1171
20523,T1114,T1175
20524,T1114,T1176.001
20525,T1114,T1187
20526,T1114,T1189
20527,T1114,T1190
20528,T1114,T1191
20529,T1114,T1195
20530,T1114,T1196
20531,T1114,T1197
20532,T1114,T1199
20533,T1114,T1200
20534,T1114,T1201
20535,T1114,T1202
20536,T1114,T1203
20537,T1114,T1204
20538,T1114,T1204.001
20539,T1114,T1204.002
20540,T1114,T1204.005
20541,T1114,T1205.001
20542,T1114,T1206
20543,T1114,T1210
20544,T1114,T1211
20545,T1114,T1212
20546,T1114,T1213
20547,T1114,T1213.002
20548,T1114,T1218.002
20549,T1114,T1219
20550,T1114,T1220
20551,T1114,T1221
20552,T1114,T1480
20553,T1114,T1482
20554,T1114,T1484.001
20555,T1114,T1485
20556,T1114,T1486
20557,T1114,T1489
20558,T1114,T1490
20559,T1114,T1491
20560,T1114,T1495
20561,T1114,T1496
20562,T1114,T1497
20563,T1114,T1498
20564,T1114,T1499
20565,T1114,T1503
20566,T1114,T1505
20567,T1114,T1505.002
20568,T1114,T1505.003
20569,T1114,T1518
20570,T1114,T1528
20571,T1114,T1529
20572,T1114,T1531
20573,T1114,T1534
20574,T1114,T1539
20575,T1114,T1543
20576,T1114,T1543.003
20577,T1114,T1547
20578,T1114,T1547.012
20579,T1114,T1548
20580,T1114,T1548.001
20581,T1114,T1550
20582,T1114,T1550.003
20583,T1114,T1552
20584,T1114,T1552.003
20585,T1114,T1555
20586,T1114,T1555.004
20587,T1114,T1555.005
20588,T1114,T1556
20589,T1114,T1556.006
20590,T1114,T1556.008
20591,T1114,T1558
20592,T1114,T1558.001
20593,T1114,T1558.003
20594,T1114,T1559.001
20595,T1114,T1560
20596,T1114,T1560.001
20597,T1114,T1560.003
20598,T1114,T1562
20599,T1114,T1562.001
20600,T1114,T1562.004
20601,T1114,T1562.007
20602,T1114,T1563
20603,T1114,T1564
20604,T1114,T1565
20605,T1114,T1568
20606,T1114,T1569
20607,T1114,T1569.002
20608,T1114,T1571
20609,T1114,T1572
20610,T1114,T1573
20611,T1114,T1573.001
20612,T1114,T1573.002
20613,T1114,T1574
20614,T1114,T1574.012
20615,T1114,T1578
20616,T1114,T1578.002
20617,T1114,T1578.003
20618,T1114,T1583
20619,T1114,T1583.001
20620,T1114,T1583.002
20621,T1114,T1587
20622,T1114,T1587.001
20623,T1114,T1589.002
20624,T1114,T1590.005
20625,T1114,T1593.001
20626,T1114,T1595.002
20627,T1114,T1610
20628,T1114,T1684
20629,T1114,T1686.001
20630,T1114.001,T1124
20631,T1114.001,T1133
20632,T1114.001,T1213
20633,T1114.001,T1213.002
20634,T1114.001,T1550
20635,T1114.001,T1560
20636,T1114.001,T1560.001
20637,T1114.001,T1569
20638,T1114.001,T1573
20639,T1114.001,T1573.002
20640,T1114.001,T1574
20641,T1114.002,T1119
20642,T1114.002,T1132
20643,T1114.002,T1132.001
20644,T1114.002,T1133
20645,T1114.002,T1134
20646,T1114.002,T1190
20647,T1114.002,T1195
20648,T1114.002,T1199
20649,T1114.002,T1201
20650,T1114.002,T1202
20651,T1114.002,T1204
20652,T1114.002,T1204.002
20653,T1114.002,T1213
20654,T1114.002,T1219
20655,T1114.002,T1485
20656,T1114.002,T1486
20657,T1114.002,T1499
20658,T1114.002,T1505
20659,T1114.002,T1505.003
20660,T1114.002,T1531
20661,T1114.002,T1539
20662,T1114.002,T1543
20663,T1114.002,T1543.003
20664,T1114.002,T1550
20665,T1114.002,T1552.004
20666,T1114.002,T1555.004
20667,T1114.002,T1556.006
20668,T1114.002,T1558
20669,T1114.002,T1558.001
20670,T1114.002,T1559.001
20671,T1114.002,T1560
20672,T1114.002,T1560.003
20673,T1114.002,T1562
20674,T1114.002,T1571
20675,T1114.002,T1572
20676,T1114.002,T1573
20677,T1114.002,T1573.001
20678,T1114.002,T1574.012
20679,T1114.002,T1590.005
20680,T1114.003,T1123
20681,T1114.003,T1125
20682,T1114.003,T1133
20683,T1114.003,T1134
20684,T1114.003,T1136
20685,T1114.003,T1136.001
20686,T1114.003,T1187
20687,T1114.003,T1197
20688,T1114.003,T1203
20689,T1114.003,T1204
20690,T1114.003,T1204.001
20691,T1114.003,T1211
20692,T1114.003,T1219
20693,T1114.003,T1484.001
20694,T1114.003,T1486
20695,T1114.003,T1497
20696,T1114.003,T1505
20697,T1114.003,T1531
20698,T1114.003,T1534
20699,T1114.003,T1539
20700,T1114.003,T1543
20701,T1114.003,T1547
20702,T1114.003,T1548
20703,T1114.003,T1548.001
20704,T1114.003,T1550
20705,T1114.003,T1550.003
20706,T1114.003,T1552
20707,T1114.003,T1555
20708,T1114.003,T1555.004
20709,T1114.003,T1556.006
20710,T1114.003,T1558
20711,T1114.003,T1558.003
20712,T1114.003,T1560
20713,T1114.003,T1562
20714,T1114.003,T1562.001
20715,T1114.003,T1562.004
20716,T1114.003,T1562.007
20717,T1114.003,T1563
20718,T1114.003,T1568
20719,T1114.003,T1569
20720,T1114.003,T1569.002
20721,T1114.003,T1571
20722,T1114.003,T1573
20723,T1114.003,T1578
20724,T1114.003,T1578.002
20725,T1114.003,T1578.003
20726,T1114.003,T1684
20727,T1114.003,T1686.001
20728,T1115,T1119
20729,T1115,T1120
20730,T1115,T1123
20731,T1115,T1124
20732,T1115,T1125
20733,T1115,T1129
20734,T1115,T1132
20735,T1115,T1133
20736,T1115,T1134
20737,T1115,T1135
20738,T1115,T1136
20739,T1115,T1137
20740,T1115,T1139
20741,T1115,T1140
20742,T1115,T1141
20743,T1115,T1148
20744,T1115,T1149
20745,T1115,T1162
20746,T1115,T1163
20747,T1115,T1168
20748,T1115,T1171
20749,T1115,T1175
20750,T1115,T1176.001
20751,T1115,T1187
20752,T1115,T1188
20753,T1115,T1189
20754,T1115,T1190
20755,T1115,T1192
20756,T1115,T1195
20757,T1115,T1196
20758,T1115,T1197
20759,T1115,T1199
20760,T1115,T1200
20761,T1115,T1201
20762,T1115,T1202
20763,T1115,T1203
20764,T1115,T1204
20765,T1115,T1204.002
20766,T1115,T1205.001
20767,T1115,T1206
20768,T1115,T1210
20769,T1115,T1212
20770,T1115,T1213
20771,T1115,T1213.002
20772,T1115,T1218.002
20773,T1115,T1219
20774,T1115,T1220
20775,T1115,T1221
20776,T1115,T1480
20777,T1115,T1482
20778,T1115,T1485
20779,T1115,T1486
20780,T1115,T1489
20781,T1115,T1490
20782,T1115,T1491
20783,T1115,T1495
20784,T1115,T1496
20785,T1115,T1497
20786,T1115,T1497.001
20787,T1115,T1498
20788,T1115,T1499
20789,T1115,T1505
20790,T1115,T1505.002
20791,T1115,T1505.003
20792,T1115,T1518
20793,T1115,T1529
20794,T1115,T1531
20795,T1115,T1539
20796,T1115,T1543
20797,T1115,T1543.003
20798,T1115,T1547
20799,T1115,T1547.001
20800,T1115,T1552.003
20801,T1115,T1553
20802,T1115,T1553.002
20803,T1115,T1555.005
20804,T1115,T1556.009
20805,T1115,T1559
20806,T1115,T1559.001
20807,T1115,T1559.002
20808,T1115,T1560
20809,T1115,T1564
20810,T1115,T1564.003
20811,T1115,T1565
20812,T1115,T1566
20813,T1115,T1569
20814,T1115,T1569.002
20815,T1115,T1573
20816,T1115,T1573.002
20817,T1115,T1574
20818,T1115,T1574.002
20819,T1115,T1583
20820,T1115,T1583.003
20821,T1115,T1583.008
20822,T1115,T1584.008
20823,T1115,T1588
20824,T1115,T1588.003
20825,T1115,T1588.007
20826,T1115,T1589.002
20827,T1115,T1590.005
20828,T1115,T1593.001
20829,T1115,T1593.002
20830,T1115,T1595.002
20831,T1115,T1608
20832,T1115,T1608.003
20833,T1115,T1669
20834,T1115,T1684
20835,T1116,T1117
20836,T1116,T1119
20837,T1116,T1125
20838,T1116,T1132
20839,T1116,T1133
20840,T1116,T1134
20841,T1116,T1136
20842,T1116,T1137
20843,T1116,T1139
20844,T1116,T1140
20845,T1116,T1143
20846,T1116,T1145
20847,T1116,T1146
20848,T1116,T1158
20849,T1116,T1165
20850,T1116,T1191
20851,T1116,T1195
20852,T1116,T1204
20853,T1116,T1213
20854,T1116,T1213.001
20855,T1116,T1219
20856,T1116,T1219.002
20857,T1116,T1221
20858,T1116,T1483
20859,T1116,T1486
20860,T1116,T1487
20861,T1116,T1497
20862,T1116,T1500
20863,T1116,T1503
20864,T1116,T1518
20865,T1116,T1534
20866,T1116,T1539
20867,T1116,T1547.012
20868,T1116,T1569
20869,T1116,T1590.005
20870,T1116,T1608
20871,T1116,T1684
20872,T1117,T1132
20873,T1117,T1140
20874,T1117,T1143
20875,T1117,T1191
20876,T1117,T1194
20877,T1117,T1219
20878,T1117,T1220
20879,T1117,T1497
20880,T1117,T1503
20881,T1117,T1518
20882,T1117,T1537
20883,T1117,T1539
20884,T1117,T1590.005
20885,T1119,T1120
20886,T1119,T1123
20887,T1119,T1124
20888,T1119,T1125
20889,T1119,T1129
20890,T1119,T1132
20891,T1119,T1132.001
20892,T1119,T1133
20893,T1119,T1134
20894,T1119,T1135
20895,T1119,T1136
20896,T1119,T1136.002
20897,T1119,T1137
20898,T1119,T1139
20899,T1119,T1140
20900,T1119,T1141
20901,T1119,T1145
20902,T1119,T1146
20903,T1119,T1148
20904,T1119,T1149
20905,T1119,T1162
20906,T1119,T1163
20907,T1119,T1165
20908,T1119,T1168
20909,T1119,T1171
20910,T1119,T1175
20911,T1119,T1176.001
20912,T1119,T1187
20913,T1119,T1188
20914,T1119,T1189
20915,T1119,T1190
20916,T1119,T1195
20917,T1119,T1196
20918,T1119,T1197
20919,T1119,T1199
20920,T1119,T1200
20921,T1119,T1201
20922,T1119,T1202
20923,T1119,T1203
20924,T1119,T1204
20925,T1119,T1204.002
20926,T1119,T1204.005
20927,T1119,T1205.001
20928,T1119,T1206
20929,T1119,T1210
20930,T1119,T1212
20931,T1119,T1213
20932,T1119,T1213.001
20933,T1119,T1216.002
20934,T1119,T1218.002
20935,T1119,T1218.004
20936,T1119,T1218.011
20937,T1119,T1219
20938,T1119,T1220
20939,T1119,T1221
20940,T1119,T1480
20941,T1119,T1482
20942,T1119,T1483
20943,T1119,T1485
20944,T1119,T1486
20945,T1119,T1487
20946,T1119,T1489
20947,T1119,T1490
20948,T1119,T1491
20949,T1119,T1495
20950,T1119,T1496
20951,T1119,T1497
20952,T1119,T1498
20953,T1119,T1499
20954,T1119,T1500
20955,T1119,T1505
20956,T1119,T1505.002
20957,T1119,T1505.003
20958,T1119,T1518
20959,T1119,T1518.001
20960,T1119,T1529
20961,T1119,T1531
20962,T1119,T1534
20963,T1119,T1539
20964,T1119,T1542
20965,T1119,T1542.003
20966,T1119,T1543
20967,T1119,T1543.003
20968,T1119,T1546
20969,T1119,T1546.003
20970,T1119,T1546.008
20971,T1119,T1546.012
20972,T1119,T1546.015
20973,T1119,T1548
20974,T1119,T1548.002
20975,T1119,T1550
20976,T1119,T1550.002
20977,T1119,T1552
20978,T1119,T1552.001
20979,T1119,T1552.003
20980,T1119,T1553
20981,T1119,T1553.002
20982,T1119,T1555
20983,T1119,T1555.003
20984,T1119,T1555.004
20985,T1119,T1555.005
20986,T1119,T1558
20987,T1119,T1558.001
20988,T1119,T1559.001
20989,T1119,T1560
20990,T1119,T1560.001
20991,T1119,T1560.003
20992,T1119,T1562
20993,T1119,T1562.001
20994,T1119,T1562.004
20995,T1119,T1564.014
20996,T1119,T1565
20997,T1119,T1566
20998,T1119,T1566.001
20999,T1119,T1567
21000,T1119,T1567.002
21001,T1119,T1569
21002,T1119,T1569.002
21003,T1119,T1570
21004,T1119,T1571
21005,T1119,T1572
21006,T1119,T1573
21007,T1119,T1573.001
21008,T1119,T1574
21009,T1119,T1574.001
21010,T1119,T1574.002
21011,T1119,T1574.012
21012,T1119,T1583
21013,T1119,T1583.001
21014,T1119,T1583.006
21015,T1119,T1584
21016,T1119,T1584.004
21017,T1119,T1584.008
21018,T1119,T1585
21019,T1119,T1585.003
21020,T1119,T1587
21021,T1119,T1587.001
21022,T1119,T1587.003
21023,T1119,T1588
21024,T1119,T1588.001
21025,T1119,T1588.002
21026,T1119,T1589.002
21027,T1119,T1590.005
21028,T1119,T1593.001
21029,T1119,T1595
21030,T1119,T1601
21031,T1119,T1601.001
21032,T1119,T1608
21033,T1119,T1608.004
21034,T1119,T1615
21035,T1119,T1620
21036,T1119,T1684
21037,T1120,T1123
21038,T1120,T1124
21039,T1120,T1125
21040,T1120,T1132
21041,T1120,T1133
21042,T1120,T1134
21043,T1120,T1135
21044,T1120,T1136
21045,T1120,T1137
21046,T1120,T1139
21047,T1120,T1140
21048,T1120,T1141
21049,T1120,T1148
21050,T1120,T1149
21051,T1120,T1162
21052,T1120,T1163
21053,T1120,T1168
21054,T1120,T1171
21055,T1120,T1175
21056,T1120,T1176.001
21057,T1120,T1187
21058,T1120,T1189
21059,T1120,T1190
21060,T1120,T1195
21061,T1120,T1196
21062,T1120,T1197
21063,T1120,T1199
21064,T1120,T1200
21065,T1120,T1201
21066,T1120,T1202
21067,T1120,T1203
21068,T1120,T1204
21069,T1120,T1204.002
21070,T1120,T1205.001
21071,T1120,T1206
21072,T1120,T1210
21073,T1120,T1212
21074,T1120,T1213
21075,T1120,T1218.002
21076,T1120,T1219
21077,T1120,T1220
21078,T1120,T1221
21079,T1120,T1480
21080,T1120,T1482
21081,T1120,T1485
21082,T1120,T1486
21083,T1120,T1489
21084,T1120,T1490
21085,T1120,T1491
21086,T1120,T1495
21087,T1120,T1496
21088,T1120,T1498
21089,T1120,T1499
21090,T1120,T1505
21091,T1120,T1505.002
21092,T1120,T1518
21093,T1120,T1529
21094,T1120,T1531
21095,T1120,T1539
21096,T1120,T1543.003
21097,T1120,T1552.003
21098,T1120,T1555.005
21099,T1120,T1559.001
21100,T1120,T1560
21101,T1120,T1560.001
21102,T1120,T1565
21103,T1120,T1574
21104,T1120,T1574.001
21105,T1120,T1590.005
21106,T1120,T1593.001
21107,T1120,T1684
21108,T1122,T1132
21109,T1122,T1204
21110,T1123,T1124
21111,T1123,T1125
21112,T1123,T1129
21113,T1123,T1132
21114,T1123,T1132.001
21115,T1123,T1133
21116,T1123,T1134
21117,T1123,T1135
21118,T1123,T1136
21119,T1123,T1136.001
21120,T1123,T1137
21121,T1123,T1139
21122,T1123,T1140
21123,T1123,T1141
21124,T1123,T1143
21125,T1123,T1148
21126,T1123,T1149
21127,T1123,T1162
21128,T1123,T1163
21129,T1123,T1168
21130,T1123,T1171
21131,T1123,T1175
21132,T1123,T1176.001
21133,T1123,T1187
21134,T1123,T1188
21135,T1123,T1189
21136,T1123,T1190
21137,T1123,T1195
21138,T1123,T1196
21139,T1123,T1197
21140,T1123,T1199
21141,T1123,T1200
21142,T1123,T1201
21143,T1123,T1202
21144,T1123,T1203
21145,T1123,T1204
21146,T1123,T1204.001
21147,T1123,T1204.002
21148,T1123,T1205.001
21149,T1123,T1206
21150,T1123,T1210
21151,T1123,T1211
21152,T1123,T1212
21153,T1123,T1213
21154,T1123,T1218.002
21155,T1123,T1219
21156,T1123,T1220
21157,T1123,T1221
21158,T1123,T1480
21159,T1123,T1482
21160,T1123,T1484.001
21161,T1123,T1485
21162,T1123,T1486
21163,T1123,T1489
21164,T1123,T1490
21165,T1123,T1491
21166,T1123,T1495
21167,T1123,T1496
21168,T1123,T1497
21169,T1123,T1498
21170,T1123,T1499
21171,T1123,T1505
21172,T1123,T1505.002
21173,T1123,T1518
21174,T1123,T1529
21175,T1123,T1531
21176,T1123,T1534
21177,T1123,T1539
21178,T1123,T1543
21179,T1123,T1543.003
21180,T1123,T1547
21181,T1123,T1547.001
21182,T1123,T1548
21183,T1123,T1548.001
21184,T1123,T1548.002
21185,T1123,T1550
21186,T1123,T1550.003
21187,T1123,T1552
21188,T1123,T1552.003
21189,T1123,T1555
21190,T1123,T1555.004
21191,T1123,T1555.005
21192,T1123,T1556.006
21193,T1123,T1558
21194,T1123,T1558.003
21195,T1123,T1559.001
21196,T1123,T1560
21197,T1123,T1562
21198,T1123,T1562.001
21199,T1123,T1562.004
21200,T1123,T1562.007
21201,T1123,T1563
21202,T1123,T1565
21203,T1123,T1568
21204,T1123,T1569
21205,T1123,T1569.002
21206,T1123,T1571
21207,T1123,T1573
21208,T1123,T1573.001
21209,T1123,T1578
21210,T1123,T1578.002
21211,T1123,T1578.003
21212,T1123,T1589.002
21213,T1123,T1590.005
21214,T1123,T1593.001
21215,T1123,T1606.001
21216,T1123,T1684
21217,T1123,T1686.001
21218,T1124,T1125
21219,T1124,T1132
21220,T1124,T1132.001
21221,T1124,T1133
21222,T1124,T1134
21223,T1124,T1135
21224,T1124,T1136
21225,T1124,T1136.002
21226,T1124,T1137
21227,T1124,T1139
21228,T1124,T1140
21229,T1124,T1141
21230,T1124,T1143
21231,T1124,T1148
21232,T1124,T1149
21233,T1124,T1162
21234,T1124,T1163
21235,T1124,T1168
21236,T1124,T1171
21237,T1124,T1175
21238,T1124,T1176.001
21239,T1124,T1187
21240,T1124,T1190
21241,T1124,T1195
21242,T1124,T1196
21243,T1124,T1197
21244,T1124,T1199
21245,T1124,T1200
21246,T1124,T1201
21247,T1124,T1202
21248,T1124,T1203
21249,T1124,T1204
21250,T1124,T1204.001
21251,T1124,T1204.002
21252,T1124,T1204.005
21253,T1124,T1205.001
21254,T1124,T1206
21255,T1124,T1210
21256,T1124,T1212
21257,T1124,T1213
21258,T1124,T1213.002
21259,T1124,T1216.002
21260,T1124,T1218.002
21261,T1124,T1218.005
21262,T1124,T1218.011
21263,T1124,T1219
21264,T1124,T1220
21265,T1124,T1221
21266,T1124,T1222
21267,T1124,T1222.001
21268,T1124,T1480
21269,T1124,T1482
21270,T1124,T1485
21271,T1124,T1486
21272,T1124,T1489
21273,T1124,T1490
21274,T1124,T1491
21275,T1124,T1495
21276,T1124,T1496
21277,T1124,T1498
21278,T1124,T1499
21279,T1124,T1505
21280,T1124,T1505.002
21281,T1124,T1505.003
21282,T1124,T1518
21283,T1124,T1518.001
21284,T1124,T1529
21285,T1124,T1531
21286,T1124,T1539
21287,T1124,T1543
21288,T1124,T1543.003
21289,T1124,T1546
21290,T1124,T1546.001
21291,T1124,T1546.003
21292,T1124,T1546.008
21293,T1124,T1546.012
21294,T1124,T1546.015
21295,T1124,T1547.001
21296,T1124,T1547.004
21297,T1124,T1548
21298,T1124,T1548.002
21299,T1124,T1550
21300,T1124,T1550.002
21301,T1124,T1552
21302,T1124,T1552.001
21303,T1124,T1552.003
21304,T1124,T1555
21305,T1124,T1555.003
21306,T1124,T1555.005
21307,T1124,T1559.001
21308,T1124,T1560
21309,T1124,T1560.001
21310,T1124,T1562
21311,T1124,T1562.001
21312,T1124,T1565
21313,T1124,T1566
21314,T1124,T1566.001
21315,T1124,T1566.002
21316,T1124,T1567
21317,T1124,T1567.002
21318,T1124,T1569
21319,T1124,T1569.002
21320,T1124,T1570
21321,T1124,T1571
21322,T1124,T1572
21323,T1124,T1573
21324,T1124,T1573.002
21325,T1124,T1574
21326,T1124,T1574.001
21327,T1124,T1574.002
21328,T1124,T1584.008
21329,T1124,T1589.002
21330,T1124,T1590.005
21331,T1124,T1593.001
21332,T1124,T1595
21333,T1124,T1615
21334,T1124,T1684
21335,T1125,T1132
21336,T1125,T1132.001
21337,T1125,T1133
21338,T1125,T1134
21339,T1125,T1135
21340,T1125,T1136
21341,T1125,T1136.001
21342,T1125,T1137
21343,T1125,T1139
21344,T1125,T1140
21345,T1125,T1141
21346,T1125,T1143
21347,T1125,T1145
21348,T1125,T1146
21349,T1125,T1148
21350,T1125,T1149
21351,T1125,T1162
21352,T1125,T1163
21353,T1125,T1165
21354,T1125,T1168
21355,T1125,T1171
21356,T1125,T1175
21357,T1125,T1176.001
21358,T1125,T1187
21359,T1125,T1189
21360,T1125,T1190
21361,T1125,T1195
21362,T1125,T1196
21363,T1125,T1197
21364,T1125,T1199
21365,T1125,T1200
21366,T1125,T1201
21367,T1125,T1202
21368,T1125,T1203
21369,T1125,T1204
21370,T1125,T1204.001
21371,T1125,T1204.002
21372,T1125,T1205.001
21373,T1125,T1206
21374,T1125,T1210
21375,T1125,T1211
21376,T1125,T1212
21377,T1125,T1213
21378,T1125,T1213.001
21379,T1125,T1218.002
21380,T1125,T1219
21381,T1125,T1220
21382,T1125,T1221
21383,T1125,T1480
21384,T1125,T1482
21385,T1125,T1483
21386,T1125,T1484.001
21387,T1125,T1485
21388,T1125,T1486
21389,T1125,T1487
21390,T1125,T1489
21391,T1125,T1490
21392,T1125,T1491
21393,T1125,T1495
21394,T1125,T1496
21395,T1125,T1497
21396,T1125,T1498
21397,T1125,T1499
21398,T1125,T1505
21399,T1125,T1505.002
21400,T1125,T1518
21401,T1125,T1529
21402,T1125,T1531
21403,T1125,T1534
21404,T1125,T1539
21405,T1125,T1543
21406,T1125,T1543.003
21407,T1125,T1547
21408,T1125,T1547.001
21409,T1125,T1548
21410,T1125,T1548.001
21411,T1125,T1548.002
21412,T1125,T1550
21413,T1125,T1550.003
21414,T1125,T1552
21415,T1125,T1552.003
21416,T1125,T1555
21417,T1125,T1555.004
21418,T1125,T1555.005
21419,T1125,T1556.006
21420,T1125,T1558
21421,T1125,T1558.003
21422,T1125,T1559.001
21423,T1125,T1560
21424,T1125,T1562
21425,T1125,T1562.001
21426,T1125,T1562.004
21427,T1125,T1562.007
21428,T1125,T1563
21429,T1125,T1565
21430,T1125,T1566
21431,T1125,T1568
21432,T1125,T1569
21433,T1125,T1569.002
21434,T1125,T1571
21435,T1125,T1573
21436,T1125,T1573.001
21437,T1125,T1578
21438,T1125,T1578.002
21439,T1125,T1578.003
21440,T1125,T1590.005
21441,T1125,T1593.001
21442,T1125,T1606.001
21443,T1125,T1669
21444,T1125,T1684
21445,T1125,T1686.001
21446,T1129,T1140
21447,T1129,T1188
21448,T1129,T1193
21449,T1129,T1221
21450,T1129,T1497
21451,T1129,T1593.001
21452,T1132,T1132.001
21453,T1132,T1132.002
21454,T1132,T1133
21455,T1132,T1134
21456,T1132,T1135
21457,T1132,T1136
21458,T1132,T1136.002
21459,T1132,T1137
21460,T1132,T1139
21461,T1132,T1140
21462,T1132,T1141
21463,T1132,T1143
21464,T1132,T1145
21465,T1132,T1146
21466,T1132,T1148
21467,T1132,T1149
21468,T1132,T1162
21469,T1132,T1163
21470,T1132,T1165
21471,T1132,T1168
21472,T1132,T1171
21473,T1132,T1175
21474,T1132,T1176.001
21475,T1132,T1187
21476,T1132,T1190
21477,T1132,T1191
21478,T1132,T1195
21479,T1132,T1196
21480,T1132,T1197
21481,T1132,T1199
21482,T1132,T1200
21483,T1132,T1201
21484,T1132,T1202
21485,T1132,T1203
21486,T1132,T1204
21487,T1132,T1204.001
21488,T1132,T1204.002
21489,T1132,T1204.005
21490,T1132,T1205.001
21491,T1132,T1206
21492,T1132,T1210
21493,T1132,T1212
21494,T1132,T1213
21495,T1132,T1213.001
21496,T1132,T1218.002
21497,T1132,T1218.011
21498,T1132,T1219
21499,T1132,T1220
21500,T1132,T1221
21501,T1132,T1480
21502,T1132,T1480.001
21503,T1132,T1482
21504,T1132,T1483
21505,T1132,T1485
21506,T1132,T1486
21507,T1132,T1487
21508,T1132,T1489
21509,T1132,T1490
21510,T1132,T1491
21511,T1132,T1495
21512,T1132,T1496
21513,T1132,T1497
21514,T1132,T1497.003
21515,T1132,T1498
21516,T1132,T1499
21517,T1132,T1503
21518,T1132,T1505
21519,T1132,T1505.002
21520,T1132,T1505.003
21521,T1132,T1518
21522,T1132,T1529
21523,T1132,T1531
21524,T1132,T1539
21525,T1132,T1543
21526,T1132,T1543.002
21527,T1132,T1543.003
21528,T1132,T1546.016
21529,T1132,T1547
21530,T1132,T1547.001
21531,T1132,T1548
21532,T1132,T1548.002
21533,T1132,T1550
21534,T1132,T1552.003
21535,T1132,T1553
21536,T1132,T1553.002
21537,T1132,T1555.004
21538,T1132,T1555.005
21539,T1132,T1556
21540,T1132,T1556.008
21541,T1132,T1558
21542,T1132,T1558.001
21543,T1132,T1559.001
21544,T1132,T1560
21545,T1132,T1560.001
21546,T1132,T1560.003
21547,T1132,T1562
21548,T1132,T1562.001
21549,T1132,T1564
21550,T1132,T1564.001
21551,T1132,T1565
21552,T1132,T1566.002
21553,T1132,T1569
21554,T1132,T1571
21555,T1132,T1572
21556,T1132,T1573
21557,T1132,T1573.001
21558,T1132,T1574
21559,T1132,T1574.012
21560,T1132,T1583
21561,T1132,T1583.001
21562,T1132,T1583.002
21563,T1132,T1583.004
21564,T1132,T1583.008
21565,T1132,T1584.008
21566,T1132,T1587
21567,T1132,T1587.001
21568,T1132,T1589.002
21569,T1132,T1590.004
21570,T1132,T1590.005
21571,T1132,T1593.001
21572,T1132,T1595.002
21573,T1132,T1608
21574,T1132,T1608.001
21575,T1132,T1608.002
21576,T1132,T1622
21577,T1132,T1684
21578,T1132.001,T1132.002
21579,T1132.001,T1133
21580,T1132.001,T1134
21581,T1132.001,T1135
21582,T1132.001,T1136
21583,T1132.001,T1136.002
21584,T1132.001,T1137.001
21585,T1132.001,T1140
21586,T1132.001,T1190
21587,T1132.001,T1195
21588,T1132.001,T1201
21589,T1132.001,T1202
21590,T1132.001,T1204
21591,T1132.001,T1204.001
21592,T1132.001,T1204.002
21593,T1132.001,T1204.005
21594,T1132.001,T1213
21595,T1132.001,T1218.003
21596,T1132.001,T1218.005
21597,T1132.001,T1218.011
21598,T1132.001,T1219
21599,T1132.001,T1222
21600,T1132.001,T1222.001
21601,T1132.001,T1480
21602,T1132.001,T1485
21603,T1132.001,T1486
21604,T1132.001,T1499
21605,T1132.001,T1505
21606,T1132.001,T1505.003
21607,T1132.001,T1518
21608,T1132.001,T1518.001
21609,T1132.001,T1531
21610,T1132.001,T1539
21611,T1132.001,T1543
21612,T1132.001,T1543.003
21613,T1132.001,T1546.001
21614,T1132.001,T1546.012
21615,T1132.001,T1547
21616,T1132.001,T1547.001
21617,T1132.001,T1547.004
21618,T1132.001,T1548
21619,T1132.001,T1548.002
21620,T1132.001,T1550
21621,T1132.001,T1552
21622,T1132.001,T1552.001
21623,T1132.001,T1555
21624,T1132.001,T1555.003
21625,T1132.001,T1555.004
21626,T1132.001,T1556
21627,T1132.001,T1556.006
21628,T1132.001,T1556.008
21629,T1132.001,T1558
21630,T1132.001,T1558.001
21631,T1132.001,T1559
21632,T1132.001,T1559.001
21633,T1132.001,T1559.002
21634,T1132.001,T1560
21635,T1132.001,T1560.001
21636,T1132.001,T1560.003
21637,T1132.001,T1562
21638,T1132.001,T1562.001
21639,T1132.001,T1564
21640,T1132.001,T1564.001
21641,T1132.001,T1566.001
21642,T1132.001,T1566.002
21643,T1132.001,T1569
21644,T1132.001,T1571
21645,T1132.001,T1572
21646,T1132.001,T1573
21647,T1132.001,T1573.001
21648,T1132.001,T1574
21649,T1132.001,T1574.002
21650,T1132.001,T1574.012
21651,T1132.001,T1583
21652,T1132.001,T1583.001
21653,T1132.001,T1583.002
21654,T1132.001,T1583.004
21655,T1132.001,T1583.006
21656,T1132.001,T1587
21657,T1132.001,T1587.001
21658,T1132.001,T1588
21659,T1132.001,T1588.002
21660,T1132.001,T1589.002
21661,T1132.001,T1590.005
21662,T1132.001,T1608
21663,T1132.001,T1608.001
21664,T1132.001,T1608.002
21665,T1132.001,T1622
21666,T1132.002,T1135
21667,T1132.002,T1136
21668,T1132.002,T1218.011
21669,T1132.002,T1543
21670,T1132.002,T1543.003
21671,T1132.002,T1564
21672,T1132.002,T1564.001
21673,T1132.002,T1569
21674,T1133,T1134
21675,T1133,T1134.001
21676,T1133,T1135
21677,T1133,T1136
21678,T1133,T1136.001
21679,T1133,T1137
21680,T1133,T1139
21681,T1133,T1140
21682,T1133,T1141
21683,T1133,T1145
21684,T1133,T1146
21685,T1133,T1148
21686,T1133,T1149
21687,T1133,T1162
21688,T1133,T1163
21689,T1133,T1165
21690,T1133,T1168
21691,T1133,T1171
21692,T1133,T1175
21693,T1133,T1176.001
21694,T1133,T1187
21695,T1133,T1189
21696,T1133,T1190
21697,T1133,T1195
21698,T1133,T1196
21699,T1133,T1197
21700,T1133,T1199
21701,T1133,T1200
21702,T1133,T1201
21703,T1133,T1202
21704,T1133,T1203
21705,T1133,T1204
21706,T1133,T1204.001
21707,T1133,T1204.002
21708,T1133,T1205.001
21709,T1133,T1206
21710,T1133,T1210
21711,T1133,T1211
21712,T1133,T1212
21713,T1133,T1213
21714,T1133,T1213.001
21715,T1133,T1213.002
21716,T1133,T1218.002
21717,T1133,T1219
21718,T1133,T1220
21719,T1133,T1221
21720,T1133,T1480
21721,T1133,T1482
21722,T1133,T1483
21723,T1133,T1484.001
21724,T1133,T1485
21725,T1133,T1486
21726,T1133,T1487
21727,T1133,T1489
21728,T1133,T1490
21729,T1133,T1491
21730,T1133,T1495
21731,T1133,T1496
21732,T1133,T1497
21733,T1133,T1497.001
21734,T1133,T1498
21735,T1133,T1499
21736,T1133,T1505
21737,T1133,T1505.002
21738,T1133,T1505.003
21739,T1133,T1518
21740,T1133,T1528
21741,T1133,T1529
21742,T1133,T1531
21743,T1133,T1534
21744,T1133,T1539
21745,T1133,T1543
21746,T1133,T1543.003
21747,T1133,T1547
21748,T1133,T1547.001
21749,T1133,T1547.012
21750,T1133,T1548
21751,T1133,T1548.001
21752,T1133,T1550
21753,T1133,T1550.003
21754,T1133,T1552
21755,T1133,T1552.003
21756,T1133,T1553
21757,T1133,T1553.002
21758,T1133,T1554
21759,T1133,T1555
21760,T1133,T1555.004
21761,T1133,T1555.005
21762,T1133,T1556
21763,T1133,T1556.004
21764,T1133,T1556.006
21765,T1133,T1558
21766,T1133,T1558.001
21767,T1133,T1558.003
21768,T1133,T1559
21769,T1133,T1559.001
21770,T1133,T1559.002
21771,T1133,T1560
21772,T1133,T1560.001
21773,T1133,T1560.003
21774,T1133,T1562
21775,T1133,T1562.001
21776,T1133,T1562.004
21777,T1133,T1562.007
21778,T1133,T1563
21779,T1133,T1564
21780,T1133,T1564.003
21781,T1133,T1565
21782,T1133,T1568
21783,T1133,T1569
21784,T1133,T1569.002
21785,T1133,T1571
21786,T1133,T1572
21787,T1133,T1573
21788,T1133,T1573.001
21789,T1133,T1573.002
21790,T1133,T1574
21791,T1133,T1574.002
21792,T1133,T1574.012
21793,T1133,T1578
21794,T1133,T1578.002
21795,T1133,T1578.003
21796,T1133,T1583
21797,T1133,T1583.003
21798,T1133,T1588
21799,T1133,T1588.003
21800,T1133,T1590.005
21801,T1133,T1592.004
21802,T1133,T1593.001
21803,T1133,T1595.002
21804,T1133,T1608
21805,T1133,T1608.003
21806,T1133,T1610
21807,T1133,T1684
21808,T1133,T1686.001
21809,T1134,T1134.001
21810,T1134,T1134.002
21811,T1134,T1134.004
21812,T1134,T1135
21813,T1134,T1136
21814,T1134,T1136.001
21815,T1134,T1137
21816,T1134,T1139
21817,T1134,T1140
21818,T1134,T1141
21819,T1134,T1143
21820,T1134,T1145
21821,T1134,T1146
21822,T1134,T1148
21823,T1134,T1149
21824,T1134,T1158
21825,T1134,T1162
21826,T1134,T1163
21827,T1134,T1165
21828,T1134,T1168
21829,T1134,T1171
21830,T1134,T1175
21831,T1134,T1176.001
21832,T1134,T1187
21833,T1134,T1189
21834,T1134,T1190
21835,T1134,T1195
21836,T1134,T1196
21837,T1134,T1197
21838,T1134,T1199
21839,T1134,T1200
21840,T1134,T1201
21841,T1134,T1202
21842,T1134,T1203
21843,T1134,T1204
21844,T1134,T1204.001
21845,T1134,T1204.002
21846,T1134,T1205
21847,T1134,T1205.001
21848,T1134,T1206
21849,T1134,T1210
21850,T1134,T1211
21851,T1134,T1212
21852,T1134,T1213
21853,T1134,T1213.001
21854,T1134,T1213.002
21855,T1134,T1218.002
21856,T1134,T1219
21857,T1134,T1219.002
21858,T1134,T1220
21859,T1134,T1221
21860,T1134,T1480
21861,T1134,T1482
21862,T1134,T1483
21863,T1134,T1484.001
21864,T1134,T1485
21865,T1134,T1486
21866,T1134,T1487
21867,T1134,T1489
21868,T1134,T1490
21869,T1134,T1491
21870,T1134,T1495
21871,T1134,T1496
21872,T1134,T1497
21873,T1134,T1497.001
21874,T1134,T1498
21875,T1134,T1499
21876,T1134,T1505
21877,T1134,T1505.002
21878,T1134,T1505.003
21879,T1134,T1518
21880,T1134,T1529
21881,T1134,T1531
21882,T1134,T1534
21883,T1134,T1539
21884,T1134,T1543
21885,T1134,T1543.003
21886,T1134,T1547
21887,T1134,T1547.001
21888,T1134,T1547.012
21889,T1134,T1548
21890,T1134,T1548.001
21891,T1134,T1550
21892,T1134,T1550.003
21893,T1134,T1552
21894,T1134,T1552.003
21895,T1134,T1553
21896,T1134,T1553.002
21897,T1134,T1554
21898,T1134,T1555
21899,T1134,T1555.003
21900,T1134,T1555.004
21901,T1134,T1555.005
21902,T1134,T1556.004
21903,T1134,T1556.006
21904,T1134,T1558
21905,T1134,T1558.001
21906,T1134,T1558.003
21907,T1134,T1559
21908,T1134,T1559.001
21909,T1134,T1559.002
21910,T1134,T1560
21911,T1134,T1560.002
21912,T1134,T1560.003
21913,T1134,T1562
21914,T1134,T1562.001
21915,T1134,T1562.004
21916,T1134,T1562.007
21917,T1134,T1563
21918,T1134,T1564
21919,T1134,T1564.003
21920,T1134,T1565
21921,T1134,T1566
21922,T1134,T1568
21923,T1134,T1569
21924,T1134,T1569.002
21925,T1134,T1571
21926,T1134,T1572
21927,T1134,T1573
21928,T1134,T1573.001
21929,T1134,T1573.002
21930,T1134,T1574
21931,T1134,T1574.001
21932,T1134,T1574.002
21933,T1134,T1574.012
21934,T1134,T1578
21935,T1134,T1578.002
21936,T1134,T1578.003
21937,T1134,T1583
21938,T1134,T1583.003
21939,T1134,T1584.008
21940,T1134,T1587.003
21941,T1134,T1588
21942,T1134,T1588.003
21943,T1134,T1589.002
21944,T1134,T1590.005
21945,T1134,T1592.004
21946,T1134,T1593.001
21947,T1134,T1608
21948,T1134,T1608.001
21949,T1134,T1608.002
21950,T1134,T1608.003
21951,T1134,T1608.005
21952,T1134,T1684
21953,T1134,T1686.001
21954,T1134.001,T1136
21955,T1134.001,T1136.001
21956,T1134.001,T1140
21957,T1134.001,T1190
21958,T1134.001,T1204.002
21959,T1134.001,T1205
21960,T1134.001,T1486
21961,T1134.001,T1505.003
21962,T1134.001,T1518
21963,T1134.001,T1543
21964,T1134.001,T1543.003
21965,T1134.001,T1554
21966,T1134.001,T1555.003
21967,T1134.001,T1556.004
21968,T1134.001,T1573
21969,T1134.001,T1573.001
21970,T1134.001,T1587.003
21971,T1134.001,T1588.003
21972,T1134.001,T1590.005
21973,T1134.001,T1592.004
21974,T1134.001,T1608.001
21975,T1134.001,T1608.002
21976,T1134.001,T1608.003
21977,T1134.001,T1608.005
21978,T1134.001,T1684
21979,T1134.002,T1135
21980,T1134.002,T1190
21981,T1134.002,T1213.002
21982,T1134.002,T1531
21983,T1134.002,T1543
21984,T1134.002,T1543.003
21985,T1134.002,T1560
21986,T1134.002,T1560.002
21987,T1134.002,T1573
21988,T1134.002,T1573.001
21989,T1134.002,T1574
21990,T1134.002,T1574.001
21991,T1134.004,T1140
21992,T1134.004,T1480
21993,T1134.004,T1569
21994,T1134.004,T1569.002
21995,T1134.004,T1573
21996,T1134.004,T1573.001
21997,T1135,T1136
21998,T1135,T1136.002
21999,T1135,T1137
22000,T1135,T1139
22001,T1135,T1140
22002,T1135,T1141
22003,T1135,T1143
22004,T1135,T1148
22005,T1135,T1149
22006,T1135,T1162
22007,T1135,T1163
22008,T1135,T1168
22009,T1135,T1171
22010,T1135,T1175
22011,T1135,T1176.001
22012,T1135,T1187
22013,T1135,T1189
22014,T1135,T1190
22015,T1135,T1195
22016,T1135,T1196
22017,T1135,T1197
22018,T1135,T1199
22019,T1135,T1200
22020,T1135,T1201
22021,T1135,T1202
22022,T1135,T1203
22023,T1135,T1204
22024,T1135,T1204.002
22025,T1135,T1204.005
22026,T1135,T1205.001
22027,T1135,T1206
22028,T1135,T1210
22029,T1135,T1212
22030,T1135,T1213
22031,T1135,T1213.002
22032,T1135,T1216.002
22033,T1135,T1218.002
22034,T1135,T1218.011
22035,T1135,T1219
22036,T1135,T1220
22037,T1135,T1221
22038,T1135,T1480
22039,T1135,T1482
22040,T1135,T1485
22041,T1135,T1486
22042,T1135,T1489
22043,T1135,T1490
22044,T1135,T1491
22045,T1135,T1495
22046,T1135,T1496
22047,T1135,T1497
22048,T1135,T1498
22049,T1135,T1499
22050,T1135,T1505
22051,T1135,T1505.002
22052,T1135,T1505.003
22053,T1135,T1518
22054,T1135,T1518.001
22055,T1135,T1529
22056,T1135,T1531
22057,T1135,T1539
22058,T1135,T1543
22059,T1135,T1543.003
22060,T1135,T1546
22061,T1135,T1546.003
22062,T1135,T1546.008
22063,T1135,T1546.012
22064,T1135,T1546.015
22065,T1135,T1548
22066,T1135,T1548.002
22067,T1135,T1550.002
22068,T1135,T1552
22069,T1135,T1552.001
22070,T1135,T1552.003
22071,T1135,T1555
22072,T1135,T1555.003
22073,T1135,T1555.005
22074,T1135,T1559.001
22075,T1135,T1560
22076,T1135,T1560.001
22077,T1135,T1560.002
22078,T1135,T1562
22079,T1135,T1562.001
22080,T1135,T1564
22081,T1135,T1564.001
22082,T1135,T1565
22083,T1135,T1566
22084,T1135,T1566.001
22085,T1135,T1567
22086,T1135,T1567.002
22087,T1135,T1569
22088,T1135,T1569.002
22089,T1135,T1570
22090,T1135,T1571
22091,T1135,T1572
22092,T1135,T1574
22093,T1135,T1574.001
22094,T1135,T1574.002
22095,T1135,T1584.008
22096,T1135,T1589.002
22097,T1135,T1590.005
22098,T1135,T1593.001
22099,T1135,T1595
22100,T1135,T1615
22101,T1135,T1684
22102,T1136,T1136.001
22103,T1136,T1136.002
22104,T1136,T1137
22105,T1136,T1139
22106,T1136,T1140
22107,T1136,T1141
22108,T1136,T1145
22109,T1136,T1146
22110,T1136,T1148
22111,T1136,T1149
22112,T1136,T1162
22113,T1136,T1163
22114,T1136,T1165
22115,T1136,T1168
22116,T1136,T1171
22117,T1136,T1175
22118,T1136,T1176.001
22119,T1136,T1187
22120,T1136,T1189
22121,T1136,T1190
22122,T1136,T1195
22123,T1136,T1196
22124,T1136,T1197
22125,T1136,T1199
22126,T1136,T1200
22127,T1136,T1201
22128,T1136,T1202
22129,T1136,T1203
22130,T1136,T1204
22131,T1136,T1204.001
22132,T1136,T1204.002
22133,T1136,T1204.005
22134,T1136,T1205.001
22135,T1136,T1206
22136,T1136,T1210
22137,T1136,T1211
22138,T1136,T1212
22139,T1136,T1213
22140,T1136,T1213.001
22141,T1136,T1213.002
22142,T1136,T1216.002
22143,T1136,T1218.002
22144,T1136,T1218.011
22145,T1136,T1219
22146,T1136,T1220
22147,T1136,T1221
22148,T1136,T1480
22149,T1136,T1482
22150,T1136,T1483
22151,T1136,T1484.001
22152,T1136,T1485
22153,T1136,T1486
22154,T1136,T1487
22155,T1136,T1489
22156,T1136,T1490
22157,T1136,T1491
22158,T1136,T1495
22159,T1136,T1496
22160,T1136,T1497
22161,T1136,T1498
22162,T1136,T1499
22163,T1136,T1505
22164,T1136,T1505.002
22165,T1136,T1505.003
22166,T1136,T1518
22167,T1136,T1518.001
22168,T1136,T1528
22169,T1136,T1529
22170,T1136,T1531
22171,T1136,T1534
22172,T1136,T1539
22173,T1136,T1543
22174,T1136,T1543.003
22175,T1136,T1546
22176,T1136,T1546.003
22177,T1136,T1546.008
22178,T1136,T1546.012
22179,T1136,T1546.015
22180,T1136,T1547
22181,T1136,T1547.001
22182,T1136,T1547.012
22183,T1136,T1548
22184,T1136,T1548.001
22185,T1136,T1548.002
22186,T1136,T1550
22187,T1136,T1550.002
22188,T1136,T1550.003
22189,T1136,T1552
22190,T1136,T1552.001
22191,T1136,T1552.003
22192,T1136,T1554
22193,T1136,T1555
22194,T1136,T1555.003
22195,T1136,T1555.004
22196,T1136,T1555.005
22197,T1136,T1556
22198,T1136,T1556.004
22199,T1136,T1556.006
22200,T1136,T1556.008
22201,T1136,T1558
22202,T1136,T1558.003
22203,T1136,T1559.001
22204,T1136,T1560
22205,T1136,T1560.001
22206,T1136,T1562
22207,T1136,T1562.001
22208,T1136,T1562.004
22209,T1136,T1562.007
22210,T1136,T1563
22211,T1136,T1564
22212,T1136,T1564.001
22213,T1136,T1565
22214,T1136,T1566
22215,T1136,T1566.001
22216,T1136,T1567
22217,T1136,T1567.002
22218,T1136,T1568
22219,T1136,T1569
22220,T1136,T1569.002
22221,T1136,T1570
22222,T1136,T1571
22223,T1136,T1572
22224,T1136,T1573
22225,T1136,T1573.001
22226,T1136,T1573.002
22227,T1136,T1574
22228,T1136,T1574.001
22229,T1136,T1574.002
22230,T1136,T1578
22231,T1136,T1578.002
22232,T1136,T1578.003
22233,T1136,T1583
22234,T1136,T1583.001
22235,T1136,T1583.002
22236,T1136,T1584.008
22237,T1136,T1587
22238,T1136,T1587.001
22239,T1136,T1587.003
22240,T1136,T1588.003
22241,T1136,T1590.005
22242,T1136,T1592.004
22243,T1136,T1593.001
22244,T1136,T1595
22245,T1136,T1595.002
22246,T1136,T1608.001
22247,T1136,T1608.002
22248,T1136,T1608.003
22249,T1136,T1608.005
22250,T1136,T1610
22251,T1136,T1615
22252,T1136,T1684
22253,T1136,T1686.001
22254,T1136.001,T1187
22255,T1136.001,T1190
22256,T1136.001,T1197
22257,T1136.001,T1203
22258,T1136.001,T1204
22259,T1136.001,T1204.001
22260,T1136.001,T1204.002
22261,T1136.001,T1211
22262,T1136.001,T1219
22263,T1136.001,T1484.001
22264,T1136.001,T1486
22265,T1136.001,T1497
22266,T1136.001,T1505
22267,T1136.001,T1531
22268,T1136.001,T1534
22269,T1136.001,T1539
22270,T1136.001,T1543
22271,T1136.001,T1547
22272,T1136.001,T1547.001
22273,T1136.001,T1548
22274,T1136.001,T1548.001
22275,T1136.001,T1550
22276,T1136.001,T1550.003
22277,T1136.001,T1552
22278,T1136.001,T1555
22279,T1136.001,T1555.003
22280,T1136.001,T1555.004
22281,T1136.001,T1556.006
22282,T1136.001,T1558
22283,T1136.001,T1558.003
22284,T1136.001,T1559.001
22285,T1136.001,T1560
22286,T1136.001,T1560.001
22287,T1136.001,T1562
22288,T1136.001,T1562.001
22289,T1136.001,T1562.004
22290,T1136.001,T1562.007
22291,T1136.001,T1563
22292,T1136.001,T1566.001
22293,T1136.001,T1568
22294,T1136.001,T1569
22295,T1136.001,T1569.002
22296,T1136.001,T1571
22297,T1136.001,T1573
22298,T1136.001,T1573.001
22299,T1136.001,T1573.002
22300,T1136.001,T1578
22301,T1136.001,T1578.002
22302,T1136.001,T1578.003
22303,T1136.001,T1587.003
22304,T1136.001,T1588.003
22305,T1136.001,T1590.005
22306,T1136.001,T1608.001
22307,T1136.001,T1608.002
22308,T1136.001,T1608.003
22309,T1136.001,T1608.005
22310,T1136.001,T1684
22311,T1136.001,T1686.001
22312,T1136.002,T1140
22313,T1136.002,T1190
22314,T1136.002,T1197
22315,T1136.002,T1204.002
22316,T1136.002,T1204.005
22317,T1136.002,T1216.002
22318,T1136.002,T1218.011
22319,T1136.002,T1219
22320,T1136.002,T1482
22321,T1136.002,T1486
22322,T1136.002,T1496
22323,T1136.002,T1505
22324,T1136.002,T1505.003
22325,T1136.002,T1518
22326,T1136.002,T1518.001
22327,T1136.002,T1543
22328,T1136.002,T1543.003
22329,T1136.002,T1546
22330,T1136.002,T1546.003
22331,T1136.002,T1546.008
22332,T1136.002,T1546.012
22333,T1136.002,T1546.015
22334,T1136.002,T1548
22335,T1136.002,T1548.002
22336,T1136.002,T1550.002
22337,T1136.002,T1552
22338,T1136.002,T1552.001
22339,T1136.002,T1555
22340,T1136.002,T1555.003
22341,T1136.002,T1556
22342,T1136.002,T1556.008
22343,T1136.002,T1559.001
22344,T1136.002,T1560
22345,T1136.002,T1560.001
22346,T1136.002,T1562
22347,T1136.002,T1562.001
22348,T1136.002,T1566
22349,T1136.002,T1566.001
22350,T1136.002,T1567
22351,T1136.002,T1567.002
22352,T1136.002,T1569
22353,T1136.002,T1569.002
22354,T1136.002,T1570
22355,T1136.002,T1571
22356,T1136.002,T1572
22357,T1136.002,T1573
22358,T1136.002,T1573.001
22359,T1136.002,T1574
22360,T1136.002,T1574.001
22361,T1136.002,T1574.002
22362,T1136.002,T1583
22363,T1136.002,T1583.001
22364,T1136.002,T1583.002
22365,T1136.002,T1584.008
22366,T1136.002,T1587
22367,T1136.002,T1587.001
22368,T1136.002,T1590.005
22369,T1136.002,T1595
22370,T1136.002,T1615
22371,T1137,T1139
22372,T1137,T1140
22373,T1137,T1141
22374,T1137,T1148
22375,T1137,T1149
22376,T1137,T1162
22377,T1137,T1163
22378,T1137,T1168
22379,T1137,T1176.001
22380,T1137,T1187
22381,T1137,T1189
22382,T1137,T1190
22383,T1137,T1196
22384,T1137,T1197
22385,T1137,T1200
22386,T1137,T1201
22387,T1137,T1202
22388,T1137,T1204
22389,T1137,T1205.001
22390,T1137,T1206
22391,T1137,T1210
22392,T1137,T1212
22393,T1137,T1213
22394,T1137,T1218.002
22395,T1137,T1219
22396,T1137,T1220
22397,T1137,T1221
22398,T1137,T1482
22399,T1137,T1500
22400,T1137,T1518
22401,T1137,T1534
22402,T1137,T1543.003
22403,T1137,T1555.005
22404,T1137,T1559.001
22405,T1137,T1590.005
22406,T1137.001,T1140
22407,T1137.001,T1204.002
22408,T1137.001,T1218.003
22409,T1137.001,T1218.005
22410,T1137.001,T1218.011
22411,T1137.001,T1219
22412,T1137.001,T1480
22413,T1137.001,T1518
22414,T1137.001,T1518.001
22415,T1137.001,T1547.001
22416,T1137.001,T1552
22417,T1137.001,T1552.001
22418,T1137.001,T1555
22419,T1137.001,T1555.003
22420,T1137.001,T1556.006
22421,T1137.001,T1559
22422,T1137.001,T1559.001
22423,T1137.001,T1559.002
22424,T1137.001,T1560
22425,T1137.001,T1560.001
22426,T1137.001,T1562
22427,T1137.001,T1562.001
22428,T1137.001,T1566.001
22429,T1137.001,T1574.002
22430,T1137.001,T1583.006
22431,T1137.001,T1588
22432,T1137.001,T1588.002
22433,T1137.001,T1589.002
22434,T1137.001,T1590.005
22435,T1137.006,T1485
22436,T1137.006,T1505.002
22437,T1137.006,T1518
22438,T1137.006,T1556.006
22439,T1137.006,T1590.005
22440,T1137.006,T1593.001
22441,T1137.006,T1684
22442,T1139,T1140
22443,T1139,T1141
22444,T1139,T1145
22445,T1139,T1146
22446,T1139,T1148
22447,T1139,T1149
22448,T1139,T1162
22449,T1139,T1163
22450,T1139,T1165
22451,T1139,T1168
22452,T1139,T1171
22453,T1139,T1175
22454,T1139,T1176.001
22455,T1139,T1187
22456,T1139,T1190
22457,T1139,T1195
22458,T1139,T1196
22459,T1139,T1197
22460,T1139,T1199
22461,T1139,T1200
22462,T1139,T1201
22463,T1139,T1202
22464,T1139,T1203
22465,T1139,T1204
22466,T1139,T1204.002
22467,T1139,T1205.001
22468,T1139,T1206
22469,T1139,T1210
22470,T1139,T1212
22471,T1139,T1213
22472,T1139,T1213.001
22473,T1139,T1213.002
22474,T1139,T1218.002
22475,T1139,T1219
22476,T1139,T1220
22477,T1139,T1221
22478,T1139,T1480
22479,T1139,T1482
22480,T1139,T1483
22481,T1139,T1485
22482,T1139,T1486
22483,T1139,T1487
22484,T1139,T1489
22485,T1139,T1490
22486,T1139,T1491
22487,T1139,T1495
22488,T1139,T1496
22489,T1139,T1498
22490,T1139,T1499
22491,T1139,T1505
22492,T1139,T1505.002
22493,T1139,T1518
22494,T1139,T1529
22495,T1139,T1531
22496,T1139,T1539
22497,T1139,T1543.003
22498,T1139,T1552.003
22499,T1139,T1555.005
22500,T1139,T1559.001
22501,T1139,T1565
22502,T1139,T1569
22503,T1139,T1590.005
22504,T1139,T1593.001
22505,T1139,T1684
22506,T1140,T1141
22507,T1140,T1143
22508,T1140,T1148
22509,T1140,T1149
22510,T1140,T1158
22511,T1140,T1162
22512,T1140,T1163
22513,T1140,T1168
22514,T1140,T1171
22515,T1140,T1175
22516,T1140,T1176.001
22517,T1140,T1187
22518,T1140,T1189
22519,T1140,T1190
22520,T1140,T1191
22521,T1140,T1192
22522,T1140,T1193
22523,T1140,T1194
22524,T1140,T1195
22525,T1140,T1196
22526,T1140,T1197
22527,T1140,T1199
22528,T1140,T1200
22529,T1140,T1201
22530,T1140,T1202
22531,T1140,T1203
22532,T1140,T1204
22533,T1140,T1204.001
22534,T1140,T1204.002
22535,T1140,T1204.003
22536,T1140,T1204.005
22537,T1140,T1205.001
22538,T1140,T1206
22539,T1140,T1210
22540,T1140,T1212
22541,T1140,T1213
22542,T1140,T1213.002
22543,T1140,T1214
22544,T1140,T1216.002
22545,T1140,T1218
22546,T1140,T1218.002
22547,T1140,T1218.003
22548,T1140,T1218.005
22549,T1140,T1218.011
22550,T1140,T1219
22551,T1140,T1219.002
22552,T1140,T1220
22553,T1140,T1221
22554,T1140,T1222
22555,T1140,T1222.001
22556,T1140,T1480
22557,T1140,T1482
22558,T1140,T1485
22559,T1140,T1486
22560,T1140,T1489
22561,T1140,T1490
22562,T1140,T1491
22563,T1140,T1495
22564,T1140,T1496
22565,T1140,T1497
22566,T1140,T1497.001
22567,T1140,T1498
22568,T1140,T1499
22569,T1140,T1500
22570,T1140,T1503
22571,T1140,T1505
22572,T1140,T1505.002
22573,T1140,T1505.003
22574,T1140,T1518
22575,T1140,T1518.001
22576,T1140,T1528
22577,T1140,T1529
22578,T1140,T1531
22579,T1140,T1534
22580,T1140,T1537
22581,T1140,T1539
22582,T1140,T1543
22583,T1140,T1543.003
22584,T1140,T1546
22585,T1140,T1546.001
22586,T1140,T1546.003
22587,T1140,T1546.008
22588,T1140,T1546.012
22589,T1140,T1546.015
22590,T1140,T1547
22591,T1140,T1547.001
22592,T1140,T1547.004
22593,T1140,T1547.012
22594,T1140,T1548
22595,T1140,T1548.002
22596,T1140,T1550
22597,T1140,T1550.002
22598,T1140,T1552
22599,T1140,T1552.001
22600,T1140,T1552.003
22601,T1140,T1553
22602,T1140,T1553.002
22603,T1140,T1554
22604,T1140,T1555
22605,T1140,T1555.003
22606,T1140,T1555.005
22607,T1140,T1556
22608,T1140,T1556.004
22609,T1140,T1556.006
22610,T1140,T1556.008
22611,T1140,T1559
22612,T1140,T1559.001
22613,T1140,T1559.002
22614,T1140,T1560
22615,T1140,T1560.001
22616,T1140,T1560.003
22617,T1140,T1562
22618,T1140,T1562.001
22619,T1140,T1562.004
22620,T1140,T1564
22621,T1140,T1564.001
22622,T1140,T1564.003
22623,T1140,T1565
22624,T1140,T1566
22625,T1140,T1566.001
22626,T1140,T1566.002
22627,T1140,T1567
22628,T1140,T1567.002
22629,T1140,T1569
22630,T1140,T1569.002
22631,T1140,T1570
22632,T1140,T1571
22633,T1140,T1572
22634,T1140,T1573
22635,T1140,T1573.001
22636,T1140,T1573.002
22637,T1140,T1574
22638,T1140,T1574.001
22639,T1140,T1574.002
22640,T1140,T1583
22641,T1140,T1583.001
22642,T1140,T1583.002
22643,T1140,T1583.003
22644,T1140,T1583.006
22645,T1140,T1584.008
22646,T1140,T1587
22647,T1140,T1587.001
22648,T1140,T1587.002
22649,T1140,T1588
22650,T1140,T1588.002
22651,T1140,T1588.003
22652,T1140,T1588.006
22653,T1140,T1589.002
22654,T1140,T1590.005
22655,T1140,T1592.004
22656,T1140,T1593.001
22657,T1140,T1595
22658,T1140,T1595.002
22659,T1140,T1608
22660,T1140,T1608.001
22661,T1140,T1608.003
22662,T1140,T1610
22663,T1140,T1614
22664,T1140,T1615
22665,T1140,T1620
22666,T1140,T1684
22667,T1141,T1148
22668,T1141,T1149
22669,T1141,T1162
22670,T1141,T1163
22671,T1141,T1168
22672,T1141,T1171
22673,T1141,T1175
22674,T1141,T1176.001
22675,T1141,T1187
22676,T1141,T1190
22677,T1141,T1195
22678,T1141,T1196
22679,T1141,T1197
22680,T1141,T1199
22681,T1141,T1200
22682,T1141,T1201
22683,T1141,T1202
22684,T1141,T1203
22685,T1141,T1204
22686,T1141,T1204.002
22687,T1141,T1205.001
22688,T1141,T1206
22689,T1141,T1210
22690,T1141,T1212
22691,T1141,T1213
22692,T1141,T1218.002
22693,T1141,T1219
22694,T1141,T1220
22695,T1141,T1221
22696,T1141,T1480
22697,T1141,T1482
22698,T1141,T1485
22699,T1141,T1486
22700,T1141,T1489
22701,T1141,T1490
22702,T1141,T1491
22703,T1141,T1495
22704,T1141,T1496
22705,T1141,T1497
22706,T1141,T1498
22707,T1141,T1499
22708,T1141,T1505
22709,T1141,T1505.002
22710,T1141,T1518
22711,T1141,T1529
22712,T1141,T1531
22713,T1141,T1539
22714,T1141,T1543.003
22715,T1141,T1552.003
22716,T1141,T1555.005
22717,T1141,T1559.001
22718,T1141,T1565
22719,T1141,T1590.005
22720,T1141,T1593.001
22721,T1141,T1684
22722,T1143,T1191
22723,T1143,T1192
22724,T1143,T1202
22725,T1143,T1204
22726,T1143,T1204.002
22727,T1143,T1218.002
22728,T1143,T1219
22729,T1143,T1480
22730,T1143,T1497
22731,T1143,T1503
22732,T1143,T1518
22733,T1143,T1539
22734,T1143,T1543.003
22735,T1143,T1590.005
22736,T1145,T1146
22737,T1145,T1165
22738,T1145,T1213
22739,T1145,T1213.001
22740,T1145,T1219
22741,T1145,T1483
22742,T1145,T1486
22743,T1145,T1487
22744,T1145,T1569
22745,T1146,T1165
22746,T1146,T1213
22747,T1146,T1213.001
22748,T1146,T1219
22749,T1146,T1483
22750,T1146,T1486
22751,T1146,T1487
22752,T1146,T1569
22753,T1148,T1149
22754,T1148,T1162
22755,T1148,T1163
22756,T1148,T1168
22757,T1148,T1171
22758,T1148,T1175
22759,T1148,T1176.001
22760,T1148,T1187
22761,T1148,T1190
22762,T1148,T1195
22763,T1148,T1196
22764,T1148,T1197
22765,T1148,T1199
22766,T1148,T1200
22767,T1148,T1201
22768,T1148,T1202
22769,T1148,T1203
22770,T1148,T1204
22771,T1148,T1204.002
22772,T1148,T1205.001
22773,T1148,T1206
22774,T1148,T1210
22775,T1148,T1212
22776,T1148,T1213
22777,T1148,T1218.002
22778,T1148,T1219
22779,T1148,T1220
22780,T1148,T1221
22781,T1148,T1480
22782,T1148,T1482
22783,T1148,T1485
22784,T1148,T1486
22785,T1148,T1489
22786,T1148,T1490
22787,T1148,T1491
22788,T1148,T1495
22789,T1148,T1496
22790,T1148,T1498
22791,T1148,T1499
22792,T1148,T1505
22793,T1148,T1505.002
22794,T1148,T1518
22795,T1148,T1529
22796,T1148,T1531
22797,T1148,T1539
22798,T1148,T1543.003
22799,T1148,T1552.003
22800,T1148,T1555.005
22801,T1148,T1559.001
22802,T1148,T1565
22803,T1148,T1590.005
22804,T1148,T1593.001
22805,T1148,T1684
22806,T1149,T1162
22807,T1149,T1163
22808,T1149,T1168
22809,T1149,T1171
22810,T1149,T1175
22811,T1149,T1176.001
22812,T1149,T1187
22813,T1149,T1190
22814,T1149,T1195
22815,T1149,T1196
22816,T1149,T1197
22817,T1149,T1199
22818,T1149,T1200
22819,T1149,T1201
22820,T1149,T1202
22821,T1149,T1203
22822,T1149,T1204
22823,T1149,T1204.002
22824,T1149,T1205.001
22825,T1149,T1206
22826,T1149,T1210
22827,T1149,T1212
22828,T1149,T1213
22829,T1149,T1218.002
22830,T1149,T1219
22831,T1149,T1220
22832,T1149,T1221
22833,T1149,T1480
22834,T1149,T1482
22835,T1149,T1485
22836,T1149,T1486
22837,T1149,T1489
22838,T1149,T1490
22839,T1149,T1491
22840,T1149,T1495
22841,T1149,T1496
22842,T1149,T1498
22843,T1149,T1499
22844,T1149,T1505
22845,T1149,T1505.002
22846,T1149,T1518
22847,T1149,T1529
22848,T1149,T1531
22849,T1149,T1539
22850,T1149,T1543.003
22851,T1149,T1552.003
22852,T1149,T1555.005
22853,T1149,T1559.001
22854,T1149,T1565
22855,T1149,T1590.005
22856,T1149,T1593.001
22857,T1149,T1684
22858,T1158,T1219.002
22859,T1162,T1163
22860,T1162,T1168
22861,T1162,T1171
22862,T1162,T1175
22863,T1162,T1176.001
22864,T1162,T1187
22865,T1162,T1190
22866,T1162,T1195
22867,T1162,T1196
22868,T1162,T1197
22869,T1162,T1199
22870,T1162,T1200
22871,T1162,T1201
22872,T1162,T1202
22873,T1162,T1203
22874,T1162,T1204
22875,T1162,T1204.002
22876,T1162,T1204.005
22877,T1162,T1205.001
22878,T1162,T1206
22879,T1162,T1210
22880,T1162,T1212
22881,T1162,T1213
22882,T1162,T1218.002
22883,T1162,T1219
22884,T1162,T1220
22885,T1162,T1221
22886,T1162,T1480
22887,T1162,T1482
22888,T1162,T1485
22889,T1162,T1486
22890,T1162,T1489
22891,T1162,T1490
22892,T1162,T1491
22893,T1162,T1495
22894,T1162,T1496
22895,T1162,T1498
22896,T1162,T1499
22897,T1162,T1505
22898,T1162,T1505.002
22899,T1162,T1518
22900,T1162,T1529
22901,T1162,T1531
22902,T1162,T1539
22903,T1162,T1543.003
22904,T1162,T1552.003
22905,T1162,T1555.005
22906,T1162,T1559.001
22907,T1162,T1565
22908,T1162,T1583.008
22909,T1162,T1590.005
22910,T1162,T1593.001
22911,T1162,T1684
22912,T1163,T1168
22913,T1163,T1176.001
22914,T1163,T1187
22915,T1163,T1190
22916,T1163,T1196
22917,T1163,T1197
22918,T1163,T1200
22919,T1163,T1201
22920,T1163,T1202
22921,T1163,T1204
22922,T1163,T1204.002
22923,T1163,T1205.001
22924,T1163,T1206
22925,T1163,T1210
22926,T1163,T1212
22927,T1163,T1213
22928,T1163,T1218.002
22929,T1163,T1219
22930,T1163,T1220
22931,T1163,T1221
22932,T1163,T1482
22933,T1163,T1518
22934,T1163,T1543.003
22935,T1163,T1555.005
22936,T1163,T1559.001
22937,T1163,T1590.005
22938,T1163,T1593.001
22939,T1165,T1213
22940,T1165,T1213.001
22941,T1165,T1219
22942,T1165,T1483
22943,T1165,T1486
22944,T1165,T1487
22945,T1165,T1569
22946,T1168,T1171
22947,T1168,T1175
22948,T1168,T1176.001
22949,T1168,T1187
22950,T1168,T1190
22951,T1168,T1195
22952,T1168,T1196
22953,T1168,T1197
22954,T1168,T1199
22955,T1168,T1200
22956,T1168,T1201
22957,T1168,T1202
22958,T1168,T1203
22959,T1168,T1204
22960,T1168,T1204.002
22961,T1168,T1205.001
22962,T1168,T1206
22963,T1168,T1210
22964,T1168,T1212
22965,T1168,T1213
22966,T1168,T1213.002
22967,T1168,T1218.002
22968,T1168,T1219
22969,T1168,T1220
22970,T1168,T1221
22971,T1168,T1480
22972,T1168,T1482
22973,T1168,T1485
22974,T1168,T1486
22975,T1168,T1489
22976,T1168,T1490
22977,T1168,T1491
22978,T1168,T1495
22979,T1168,T1496
22980,T1168,T1498
22981,T1168,T1499
22982,T1168,T1505
22983,T1168,T1505.002
22984,T1168,T1518
22985,T1168,T1529
22986,T1168,T1531
22987,T1168,T1539
22988,T1168,T1543.003
22989,T1168,T1552.003
22990,T1168,T1555.005
22991,T1168,T1559.001
22992,T1168,T1565
22993,T1168,T1590.005
22994,T1168,T1593.001
22995,T1168,T1684
22996,T1171,T1175
22997,T1171,T1176.001
22998,T1171,T1187
22999,T1171,T1190
23000,T1171,T1195
23001,T1171,T1196
23002,T1171,T1197
23003,T1171,T1199
23004,T1171,T1200
23005,T1171,T1201
23006,T1171,T1202
23007,T1171,T1203
23008,T1171,T1204
23009,T1171,T1204.002
23010,T1171,T1205.001
23011,T1171,T1206
23012,T1171,T1210
23013,T1171,T1212
23014,T1171,T1213
23015,T1171,T1218.002
23016,T1171,T1219
23017,T1171,T1220
23018,T1171,T1480
23019,T1171,T1482
23020,T1171,T1485
23021,T1171,T1486
23022,T1171,T1489
23023,T1171,T1490
23024,T1171,T1491
23025,T1171,T1495
23026,T1171,T1496
23027,T1171,T1498
23028,T1171,T1499
23029,T1171,T1505
23030,T1171,T1505.002
23031,T1171,T1518
23032,T1171,T1529
23033,T1171,T1531
23034,T1171,T1539
23035,T1171,T1552.003
23036,T1171,T1559.001
23037,T1171,T1565
23038,T1171,T1593.001
23039,T1171,T1684
23040,T1175,T1176.001
23041,T1175,T1187
23042,T1175,T1190
23043,T1175,T1195
23044,T1175,T1196
23045,T1175,T1197
23046,T1175,T1199
23047,T1175,T1200
23048,T1175,T1201
23049,T1175,T1202
23050,T1175,T1203
23051,T1175,T1204
23052,T1175,T1204.002
23053,T1175,T1205.001
23054,T1175,T1206
23055,T1175,T1210
23056,T1175,T1212
23057,T1175,T1213
23058,T1175,T1218.002
23059,T1175,T1219
23060,T1175,T1220
23061,T1175,T1480
23062,T1175,T1482
23063,T1175,T1485
23064,T1175,T1486
23065,T1175,T1489
23066,T1175,T1490
23067,T1175,T1491
23068,T1175,T1495
23069,T1175,T1496
23070,T1175,T1498
23071,T1175,T1499
23072,T1175,T1505
23073,T1175,T1505.002
23074,T1175,T1518
23075,T1175,T1529
23076,T1175,T1531
23077,T1175,T1539
23078,T1175,T1552.003
23079,T1175,T1559.001
23080,T1175,T1565
23081,T1175,T1593.001
23082,T1175,T1684
23083,T1176.001,T1187
23084,T1176.001,T1190
23085,T1176.001,T1195
23086,T1176.001,T1196
23087,T1176.001,T1197
23088,T1176.001,T1199
23089,T1176.001,T1200
23090,T1176.001,T1201
23091,T1176.001,T1202
23092,T1176.001,T1203
23093,T1176.001,T1204
23094,T1176.001,T1204.002
23095,T1176.001,T1205.001
23096,T1176.001,T1206
23097,T1176.001,T1210
23098,T1176.001,T1212
23099,T1176.001,T1213
23100,T1176.001,T1218.002
23101,T1176.001,T1219
23102,T1176.001,T1220
23103,T1176.001,T1221
23104,T1176.001,T1480
23105,T1176.001,T1482
23106,T1176.001,T1485
23107,T1176.001,T1486
23108,T1176.001,T1489
23109,T1176.001,T1490
23110,T1176.001,T1491
23111,T1176.001,T1495
23112,T1176.001,T1496
23113,T1176.001,T1498
23114,T1176.001,T1499
23115,T1176.001,T1505
23116,T1176.001,T1505.002
23117,T1176.001,T1518
23118,T1176.001,T1529
23119,T1176.001,T1531
23120,T1176.001,T1539
23121,T1176.001,T1543.003
23122,T1176.001,T1552.003
23123,T1176.001,T1555.005
23124,T1176.001,T1556.009
23125,T1176.001,T1559.001
23126,T1176.001,T1565
23127,T1176.001,T1584.008
23128,T1176.001,T1588.007
23129,T1176.001,T1590.005
23130,T1176.001,T1593.001
23131,T1176.001,T1593.002
23132,T1176.001,T1684
23133,T1185,T1189
23134,T1185,T1218.005
23135,T1185,T1505
23136,T1185,T1547
23137,T1185,T1547.001
23138,T1185,T1548
23139,T1185,T1550
23140,T1185,T1550.002
23141,T1185,T1556.006
23142,T1185,T1560
23143,T1185,T1562
23144,T1185,T1562.004
23145,T1185,T1566.002
23146,T1185,T1573
23147,T1185,T1573.001
23148,T1185,T1684
23149,T1187,T1190
23150,T1187,T1195
23151,T1187,T1196
23152,T1187,T1197
23153,T1187,T1199
23154,T1187,T1200
23155,T1187,T1201
23156,T1187,T1202
23157,T1187,T1203
23158,T1187,T1204
23159,T1187,T1204.001
23160,T1187,T1204.002
23161,T1187,T1205.001
23162,T1187,T1206
23163,T1187,T1210
23164,T1187,T1211
23165,T1187,T1212
23166,T1187,T1213
23167,T1187,T1218.002
23168,T1187,T1219
23169,T1187,T1220
23170,T1187,T1221
23171,T1187,T1480
23172,T1187,T1482
23173,T1187,T1484.001
23174,T1187,T1485
23175,T1187,T1486
23176,T1187,T1489
23177,T1187,T1490
23178,T1187,T1491
23179,T1187,T1495
23180,T1187,T1496
23181,T1187,T1497
23182,T1187,T1498
23183,T1187,T1499
23184,T1187,T1505
23185,T1187,T1505.002
23186,T1187,T1518
23187,T1187,T1529
23188,T1187,T1531
23189,T1187,T1534
23190,T1187,T1539
23191,T1187,T1543
23192,T1187,T1543.003
23193,T1187,T1547
23194,T1187,T1548
23195,T1187,T1548.001
23196,T1187,T1550
23197,T1187,T1550.003
23198,T1187,T1552
23199,T1187,T1552.003
23200,T1187,T1555
23201,T1187,T1555.004
23202,T1187,T1555.005
23203,T1187,T1556.006
23204,T1187,T1558
23205,T1187,T1558.003
23206,T1187,T1559.001
23207,T1187,T1560
23208,T1187,T1562
23209,T1187,T1562.001
23210,T1187,T1562.004
23211,T1187,T1562.007
23212,T1187,T1563
23213,T1187,T1565
23214,T1187,T1568
23215,T1187,T1569
23216,T1187,T1569.002
23217,T1187,T1571
23218,T1187,T1573
23219,T1187,T1578
23220,T1187,T1578.002
23221,T1187,T1578.003
23222,T1187,T1590.005
23223,T1187,T1593.001
23224,T1187,T1684
23225,T1187,T1686.001
23226,T1189,T1190
23227,T1189,T1196
23228,T1189,T1197
23229,T1189,T1200
23230,T1189,T1202
23231,T1189,T1203
23232,T1189,T1204
23233,T1189,T1210
23234,T1189,T1212
23235,T1189,T1218.002
23236,T1189,T1218.005
23237,T1189,T1219
23238,T1189,T1220
23239,T1189,T1491
23240,T1189,T1505
23241,T1189,T1518
23242,T1189,T1547
23243,T1189,T1547.001
23244,T1189,T1547.012
23245,T1189,T1548
23246,T1189,T1550
23247,T1189,T1550.002
23248,T1189,T1556.006
23249,T1189,T1559.001
23250,T1189,T1560
23251,T1189,T1562
23252,T1189,T1562.004
23253,T1189,T1566.001
23254,T1189,T1566.002
23255,T1189,T1572
23256,T1189,T1573
23257,T1189,T1573.001
23258,T1189,T1574.002
23259,T1189,T1583
23260,T1189,T1583.001
23261,T1189,T1583.008
23262,T1189,T1588.007
23263,T1189,T1589
23264,T1189,T1589.001
23265,T1189,T1589.002
23266,T1189,T1590.005
23267,T1189,T1593.001
23268,T1189,T1593.002
23269,T1189,T1595.002
23270,T1189,T1620
23271,T1189,T1669
23272,T1189,T1684
23273,T1190,T1195
23274,T1190,T1196
23275,T1190,T1197
23276,T1190,T1199
23277,T1190,T1200
23278,T1190,T1201
23279,T1190,T1202
23280,T1190,T1203
23281,T1190,T1204
23282,T1190,T1204.002
23283,T1190,T1204.005
23284,T1190,T1205.001
23285,T1190,T1206
23286,T1190,T1210
23287,T1190,T1212
23288,T1190,T1213
23289,T1190,T1213.001
23290,T1190,T1213.002
23291,T1190,T1216.002
23292,T1190,T1218
23293,T1190,T1218.002
23294,T1190,T1218.011
23295,T1190,T1219
23296,T1190,T1220
23297,T1190,T1221
23298,T1190,T1480
23299,T1190,T1482
23300,T1190,T1485
23301,T1190,T1486
23302,T1190,T1489
23303,T1190,T1490
23304,T1190,T1491
23305,T1190,T1495
23306,T1190,T1496
23307,T1190,T1497
23308,T1190,T1497.001
23309,T1190,T1498
23310,T1190,T1499
23311,T1190,T1505
23312,T1190,T1505.002
23313,T1190,T1505.003
23314,T1190,T1518
23315,T1190,T1518.001
23316,T1190,T1529
23317,T1190,T1531
23318,T1190,T1539
23319,T1190,T1543
23320,T1190,T1543.003
23321,T1190,T1546
23322,T1190,T1546.003
23323,T1190,T1546.008
23324,T1190,T1546.012
23325,T1190,T1546.015
23326,T1190,T1547
23327,T1190,T1547.001
23328,T1190,T1548
23329,T1190,T1548.002
23330,T1190,T1550
23331,T1190,T1550.002
23332,T1190,T1552
23333,T1190,T1552.001
23334,T1190,T1552.003
23335,T1190,T1552.004
23336,T1190,T1553
23337,T1190,T1553.002
23338,T1190,T1554
23339,T1190,T1555
23340,T1190,T1555.003
23341,T1190,T1556.004
23342,T1190,T1556.006
23343,T1190,T1558
23344,T1190,T1558.001
23345,T1190,T1559
23346,T1190,T1559.001
23347,T1190,T1559.002
23348,T1190,T1560
23349,T1190,T1560.001
23350,T1190,T1562
23351,T1190,T1562.001
23352,T1190,T1562.004
23353,T1190,T1564
23354,T1190,T1564.001
23355,T1190,T1564.003
23356,T1190,T1565
23357,T1190,T1566
23358,T1190,T1566.001
23359,T1190,T1566.002
23360,T1190,T1567
23361,T1190,T1567.002
23362,T1190,T1569
23363,T1190,T1569.002
23364,T1190,T1570
23365,T1190,T1571
23366,T1190,T1572
23367,T1190,T1573
23368,T1190,T1573.001
23369,T1190,T1573.002
23370,T1190,T1574
23371,T1190,T1574.001
23372,T1190,T1574.002
23373,T1190,T1583
23374,T1190,T1583.001
23375,T1190,T1583.003
23376,T1190,T1584.008
23377,T1190,T1587.003
23378,T1190,T1588
23379,T1190,T1588.003
23380,T1190,T1588.004
23381,T1190,T1589
23382,T1190,T1589.001
23383,T1190,T1590
23384,T1190,T1590.005
23385,T1190,T1592.004
23386,T1190,T1593.001
23387,T1190,T1595
23388,T1190,T1608
23389,T1190,T1608.001
23390,T1190,T1608.002
23391,T1190,T1608.003
23392,T1190,T1608.005
23393,T1190,T1608.006
23394,T1190,T1615
23395,T1190,T1684
23396,T1191,T1219
23397,T1191,T1497
23398,T1191,T1503
23399,T1191,T1518
23400,T1191,T1539
23401,T1191,T1590.005
23402,T1192,T1204
23403,T1192,T1539
23404,T1192,T1590.005
23405,T1192,T1669
23406,T1193,T1195
23407,T1193,T1197
23408,T1193,T1203
23409,T1193,T1204
23410,T1193,T1204.003
23411,T1193,T1214
23412,T1193,T1218
23413,T1193,T1220
23414,T1193,T1221
23415,T1193,T1497
23416,T1193,T1518
23417,T1193,T1684
23418,T1194,T1220
23419,T1194,T1537
23420,T1194,T1590.005
23421,T1195,T1195.002
23422,T1195,T1196
23423,T1195,T1197
23424,T1195,T1199
23425,T1195,T1200
23426,T1195,T1201
23427,T1195,T1202
23428,T1195,T1203
23429,T1195,T1204
23430,T1195,T1204.002
23431,T1195,T1204.003
23432,T1195,T1205.001
23433,T1195,T1206
23434,T1195,T1210
23435,T1195,T1212
23436,T1195,T1213
23437,T1195,T1218
23438,T1195,T1218.002
23439,T1195,T1219
23440,T1195,T1220
23441,T1195,T1480
23442,T1195,T1482
23443,T1195,T1485
23444,T1195,T1486
23445,T1195,T1489
23446,T1195,T1490
23447,T1195,T1491
23448,T1195,T1495
23449,T1195,T1496
23450,T1195,T1498
23451,T1195,T1499
23452,T1195,T1505
23453,T1195,T1505.002
23454,T1195,T1518
23455,T1195,T1529
23456,T1195,T1531
23457,T1195,T1539
23458,T1195,T1543
23459,T1195,T1543.003
23460,T1195,T1550
23461,T1195,T1552.003
23462,T1195,T1555.004
23463,T1195,T1558
23464,T1195,T1558.001
23465,T1195,T1559.001
23466,T1195,T1560
23467,T1195,T1560.003
23468,T1195,T1562
23469,T1195,T1562.004
23470,T1195,T1564.014
23471,T1195,T1565
23472,T1195,T1569
23473,T1195,T1569.002
23474,T1195,T1571
23475,T1195,T1572
23476,T1195,T1573
23477,T1195,T1573.001
23478,T1195,T1573.002
23479,T1195,T1574
23480,T1195,T1574.002
23481,T1195,T1574.012
23482,T1195,T1583
23483,T1195,T1583.006
23484,T1195,T1584
23485,T1195,T1584.004
23486,T1195,T1585
23487,T1195,T1585.003
23488,T1195,T1590.005
23489,T1195,T1593.001
23490,T1195,T1608
23491,T1195,T1608.004
23492,T1195,T1620
23493,T1195,T1684
23494,T1195.002,T1204
23495,T1195.002,T1204.002
23496,T1195.002,T1543
23497,T1195.002,T1543.003
23498,T1195.002,T1569
23499,T1195.002,T1569.002
23500,T1195.002,T1573
23501,T1195.002,T1573.002
23502,T1195.002,T1574
23503,T1195.002,T1574.002
23504,T1196,T1197
23505,T1196,T1199
23506,T1196,T1200
23507,T1196,T1201
23508,T1196,T1202
23509,T1196,T1203
23510,T1196,T1204
23511,T1196,T1204.002
23512,T1196,T1205.001
23513,T1196,T1206
23514,T1196,T1210
23515,T1196,T1212
23516,T1196,T1213
23517,T1196,T1218.002
23518,T1196,T1219
23519,T1196,T1220
23520,T1196,T1221
23521,T1196,T1480
23522,T1196,T1482
23523,T1196,T1485
23524,T1196,T1486
23525,T1196,T1489
23526,T1196,T1490
23527,T1196,T1491
23528,T1196,T1495
23529,T1196,T1496
23530,T1196,T1498
23531,T1196,T1499
23532,T1196,T1505
23533,T1196,T1505.002
23534,T1196,T1518
23535,T1196,T1529
23536,T1196,T1531
23537,T1196,T1539
23538,T1196,T1543.003
23539,T1196,T1552.003
23540,T1196,T1555.005
23541,T1196,T1559.001
23542,T1196,T1565
23543,T1196,T1590.005
23544,T1196,T1593.001
23545,T1196,T1684
23546,T1197,T1199
23547,T1197,T1200
23548,T1197,T1201
23549,T1197,T1202
23550,T1197,T1203
23551,T1197,T1204
23552,T1197,T1204.001
23553,T1197,T1204.002
23554,T1197,T1204.005
23555,T1197,T1205.001
23556,T1197,T1206
23557,T1197,T1210
23558,T1197,T1211
23559,T1197,T1212
23560,T1197,T1213
23561,T1197,T1214
23562,T1197,T1216.002
23563,T1197,T1218.002
23564,T1197,T1218.011
23565,T1197,T1219
23566,T1197,T1220
23567,T1197,T1221
23568,T1197,T1480
23569,T1197,T1482
23570,T1197,T1484.001
23571,T1197,T1485
23572,T1197,T1486
23573,T1197,T1489
23574,T1197,T1490
23575,T1197,T1491
23576,T1197,T1495
23577,T1197,T1496
23578,T1197,T1497
23579,T1197,T1498
23580,T1197,T1499
23581,T1197,T1505
23582,T1197,T1505.002
23583,T1197,T1505.003
23584,T1197,T1518
23585,T1197,T1518.001
23586,T1197,T1528
23587,T1197,T1529
23588,T1197,T1531
23589,T1197,T1534
23590,T1197,T1539
23591,T1197,T1543
23592,T1197,T1543.003
23593,T1197,T1546
23594,T1197,T1546.003
23595,T1197,T1546.008
23596,T1197,T1546.012
23597,T1197,T1546.015
23598,T1197,T1547
23599,T1197,T1547.012
23600,T1197,T1548
23601,T1197,T1548.001
23602,T1197,T1548.002
23603,T1197,T1550
23604,T1197,T1550.002
23605,T1197,T1550.003
23606,T1197,T1552
23607,T1197,T1552.001
23608,T1197,T1552.003
23609,T1197,T1555
23610,T1197,T1555.003
23611,T1197,T1555.004
23612,T1197,T1555.005
23613,T1197,T1556.006
23614,T1197,T1558
23615,T1197,T1558.003
23616,T1197,T1559.001
23617,T1197,T1560
23618,T1197,T1560.001
23619,T1197,T1562
23620,T1197,T1562.001
23621,T1197,T1562.004
23622,T1197,T1562.007
23623,T1197,T1563
23624,T1197,T1564
23625,T1197,T1565
23626,T1197,T1566
23627,T1197,T1566.001
23628,T1197,T1567
23629,T1197,T1567.002
23630,T1197,T1568
23631,T1197,T1569
23632,T1197,T1569.002
23633,T1197,T1570
23634,T1197,T1571
23635,T1197,T1572
23636,T1197,T1573
23637,T1197,T1574
23638,T1197,T1574.001
23639,T1197,T1574.002
23640,T1197,T1578
23641,T1197,T1578.002
23642,T1197,T1578.003
23643,T1197,T1584.008
23644,T1197,T1590.005
23645,T1197,T1593.001
23646,T1197,T1595
23647,T1197,T1595.002
23648,T1197,T1610
23649,T1197,T1615
23650,T1197,T1684
23651,T1197,T1686.001
23652,T1199,T1200
23653,T1199,T1201
23654,T1199,T1202
23655,T1199,T1203
23656,T1199,T1204
23657,T1199,T1204.002
23658,T1199,T1205.001
23659,T1199,T1206
23660,T1199,T1210
23661,T1199,T1212
23662,T1199,T1213
23663,T1199,T1213.002
23664,T1199,T1218.002
23665,T1199,T1219
23666,T1199,T1220
23667,T1199,T1480
23668,T1199,T1482
23669,T1199,T1485
23670,T1199,T1486
23671,T1199,T1489
23672,T1199,T1490
23673,T1199,T1491
23674,T1199,T1495
23675,T1199,T1496
23676,T1199,T1497
23677,T1199,T1497.001
23678,T1199,T1498
23679,T1199,T1499
23680,T1199,T1505
23681,T1199,T1505.002
23682,T1199,T1505.003
23683,T1199,T1518
23684,T1199,T1529
23685,T1199,T1531
23686,T1199,T1539
23687,T1199,T1543
23688,T1199,T1543.003
23689,T1199,T1547
23690,T1199,T1547.001
23691,T1199,T1552.003
23692,T1199,T1552.004
23693,T1199,T1553
23694,T1199,T1553.002
23695,T1199,T1556.006
23696,T1199,T1559
23697,T1199,T1559.001
23698,T1199,T1559.002
23699,T1199,T1560
23700,T1199,T1564
23701,T1199,T1564.003
23702,T1199,T1565
23703,T1199,T1569
23704,T1199,T1569.002
23705,T1199,T1573
23706,T1199,T1573.002
23707,T1199,T1574
23708,T1199,T1574.002
23709,T1199,T1583
23710,T1199,T1583.003
23711,T1199,T1588
23712,T1199,T1588.003
23713,T1199,T1590.005
23714,T1199,T1593.001
23715,T1199,T1608
23716,T1199,T1608.003
23717,T1199,T1684
23718,T1200,T1201
23719,T1200,T1202
23720,T1200,T1203
23721,T1200,T1204
23722,T1200,T1204.002
23723,T1200,T1205.001
23724,T1200,T1206
23725,T1200,T1210
23726,T1200,T1212
23727,T1200,T1213
23728,T1200,T1218.002
23729,T1200,T1219
23730,T1200,T1220
23731,T1200,T1221
23732,T1200,T1480
23733,T1200,T1482
23734,T1200,T1485
23735,T1200,T1486
23736,T1200,T1489
23737,T1200,T1490
23738,T1200,T1491
23739,T1200,T1495
23740,T1200,T1496
23741,T1200,T1498
23742,T1200,T1499
23743,T1200,T1505
23744,T1200,T1505.002
23745,T1200,T1518
23746,T1200,T1529
23747,T1200,T1531
23748,T1200,T1539
23749,T1200,T1552.003
23750,T1200,T1559.001
23751,T1200,T1565
23752,T1200,T1593.001
23753,T1200,T1684
23754,T1201,T1202
23755,T1201,T1203
23756,T1201,T1204
23757,T1201,T1204.002
23758,T1201,T1205.001
23759,T1201,T1206
23760,T1201,T1210
23761,T1201,T1212
23762,T1201,T1213
23763,T1201,T1213.002
23764,T1201,T1218.002
23765,T1201,T1219
23766,T1201,T1220
23767,T1201,T1221
23768,T1201,T1480
23769,T1201,T1482
23770,T1201,T1485
23771,T1201,T1486
23772,T1201,T1489
23773,T1201,T1490
23774,T1201,T1491
23775,T1201,T1495
23776,T1201,T1496
23777,T1201,T1498
23778,T1201,T1499
23779,T1201,T1505
23780,T1201,T1505.002
23781,T1201,T1518
23782,T1201,T1529
23783,T1201,T1531
23784,T1201,T1539
23785,T1201,T1543
23786,T1201,T1543.003
23787,T1201,T1550
23788,T1201,T1552.003
23789,T1201,T1555.004
23790,T1201,T1555.005
23791,T1201,T1558
23792,T1201,T1558.001
23793,T1201,T1559.001
23794,T1201,T1560
23795,T1201,T1560.003
23796,T1201,T1562
23797,T1201,T1565
23798,T1201,T1571
23799,T1201,T1572
23800,T1201,T1573
23801,T1201,T1573.001
23802,T1201,T1574.012
23803,T1201,T1590.005
23804,T1201,T1593.001
23805,T1201,T1684
23806,T1202,T1203
23807,T1202,T1204
23808,T1202,T1204.002
23809,T1202,T1205.001
23810,T1202,T1206
23811,T1202,T1210
23812,T1202,T1212
23813,T1202,T1213
23814,T1202,T1213.002
23815,T1202,T1218.002
23816,T1202,T1218.004
23817,T1202,T1219
23818,T1202,T1220
23819,T1202,T1221
23820,T1202,T1480
23821,T1202,T1482
23822,T1202,T1485
23823,T1202,T1486
23824,T1202,T1489
23825,T1202,T1490
23826,T1202,T1491
23827,T1202,T1495
23828,T1202,T1496
23829,T1202,T1497
23830,T1202,T1497.001
23831,T1202,T1498
23832,T1202,T1499
23833,T1202,T1505
23834,T1202,T1505.002
23835,T1202,T1505.003
23836,T1202,T1518
23837,T1202,T1529
23838,T1202,T1531
23839,T1202,T1539
23840,T1202,T1543
23841,T1202,T1543.003
23842,T1202,T1547
23843,T1202,T1547.001
23844,T1202,T1550
23845,T1202,T1552.003
23846,T1202,T1553
23847,T1202,T1553.002
23848,T1202,T1555.004
23849,T1202,T1555.005
23850,T1202,T1558
23851,T1202,T1558.001
23852,T1202,T1559
23853,T1202,T1559.001
23854,T1202,T1559.002
23855,T1202,T1560
23856,T1202,T1560.003
23857,T1202,T1562
23858,T1202,T1562.004
23859,T1202,T1564
23860,T1202,T1564.003
23861,T1202,T1565
23862,T1202,T1569
23863,T1202,T1569.002
23864,T1202,T1571
23865,T1202,T1572
23866,T1202,T1573
23867,T1202,T1573.001
23868,T1202,T1573.002
23869,T1202,T1574
23870,T1202,T1574.002
23871,T1202,T1574.012
23872,T1202,T1583
23873,T1202,T1583.001
23874,T1202,T1583.003
23875,T1202,T1583.006
23876,T1202,T1587
23877,T1202,T1587.001
23878,T1202,T1587.003
23879,T1202,T1588
23880,T1202,T1588.001
23881,T1202,T1588.002
23882,T1202,T1588.003
23883,T1202,T1590.005
23884,T1202,T1593.001
23885,T1202,T1608
23886,T1202,T1608.003
23887,T1202,T1684
23888,T1203,T1204
23889,T1203,T1204.001
23890,T1203,T1204.002
23891,T1203,T1204.003
23892,T1203,T1205.001
23893,T1203,T1206
23894,T1203,T1210
23895,T1203,T1211
23896,T1203,T1212
23897,T1203,T1213
23898,T1203,T1218
23899,T1203,T1218.002
23900,T1203,T1218.004
23901,T1203,T1219
23902,T1203,T1220
23903,T1203,T1480
23904,T1203,T1482
23905,T1203,T1484.001
23906,T1203,T1485
23907,T1203,T1486
23908,T1203,T1489
23909,T1203,T1490
23910,T1203,T1491
23911,T1203,T1495
23912,T1203,T1496
23913,T1203,T1497
23914,T1203,T1498
23915,T1203,T1499
23916,T1203,T1505
23917,T1203,T1505.002
23918,T1203,T1518
23919,T1203,T1529
23920,T1203,T1531
23921,T1203,T1534
23922,T1203,T1539
23923,T1203,T1543
23924,T1203,T1543.003
23925,T1203,T1547
23926,T1203,T1548
23927,T1203,T1548.001
23928,T1203,T1550
23929,T1203,T1550.003
23930,T1203,T1552
23931,T1203,T1552.003
23932,T1203,T1553
23933,T1203,T1553.002
23934,T1203,T1555
23935,T1203,T1555.004
23936,T1203,T1556.006
23937,T1203,T1558
23938,T1203,T1558.003
23939,T1203,T1559.001
23940,T1203,T1560
23941,T1203,T1562
23942,T1203,T1562.001
23943,T1203,T1562.004
23944,T1203,T1562.007
23945,T1203,T1563
23946,T1203,T1565
23947,T1203,T1566.001
23948,T1203,T1566.002
23949,T1203,T1568
23950,T1203,T1569
23951,T1203,T1569.002
23952,T1203,T1571
23953,T1203,T1572
23954,T1203,T1573
23955,T1203,T1573.001
23956,T1203,T1578
23957,T1203,T1578.002
23958,T1203,T1578.003
23959,T1203,T1583
23960,T1203,T1583.001
23961,T1203,T1583.006
23962,T1203,T1587
23963,T1203,T1587.001
23964,T1203,T1587.003
23965,T1203,T1588
23966,T1203,T1588.001
23967,T1203,T1588.002
23968,T1203,T1589
23969,T1203,T1589.001
23970,T1203,T1590.005
23971,T1203,T1593.001
23972,T1203,T1684
23973,T1203,T1686.001
23974,T1204,T1204.001
23975,T1204,T1204.002
23976,T1204,T1204.003
23977,T1204,T1205.001
23978,T1204,T1206
23979,T1204,T1210
23980,T1204,T1211
23981,T1204,T1212
23982,T1204,T1213
23983,T1204,T1213.002
23984,T1204,T1218
23985,T1204,T1218.002
23986,T1204,T1218.004
23987,T1204,T1219
23988,T1204,T1220
23989,T1204,T1221
23990,T1204,T1480
23991,T1204,T1482
23992,T1204,T1484.001
23993,T1204,T1485
23994,T1204,T1486
23995,T1204,T1489
23996,T1204,T1490
23997,T1204,T1491
23998,T1204,T1495
23999,T1204,T1496
24000,T1204,T1497
24001,T1204,T1498
24002,T1204,T1499
24003,T1204,T1505
24004,T1204,T1505.002
24005,T1204,T1518
24006,T1204,T1518.001
24007,T1204,T1529
24008,T1204,T1531
24009,T1204,T1534
24010,T1204,T1539
24011,T1204,T1543
24012,T1204,T1543.003
24013,T1204,T1547
24014,T1204,T1547.001
24015,T1204,T1548
24016,T1204,T1548.001
24017,T1204,T1550
24018,T1204,T1550.003
24019,T1204,T1552
24020,T1204,T1552.003
24021,T1204,T1553
24022,T1204,T1553.002
24023,T1204,T1555
24024,T1204,T1555.004
24025,T1204,T1556.006
24026,T1204,T1558
24027,T1204,T1558.001
24028,T1204,T1558.003
24029,T1204,T1559.001
24030,T1204,T1560
24031,T1204,T1560.003
24032,T1204,T1562
24033,T1204,T1562.001
24034,T1204,T1562.004
24035,T1204,T1562.007
24036,T1204,T1563
24037,T1204,T1564
24038,T1204,T1564.001
24039,T1204,T1564.003
24040,T1204,T1565
24041,T1204,T1566
24042,T1204,T1566.001
24043,T1204,T1566.002
24044,T1204,T1566.003
24045,T1204,T1568
24046,T1204,T1569
24047,T1204,T1569.002
24048,T1204,T1571
24049,T1204,T1572
24050,T1204,T1573
24051,T1204,T1573.001
24052,T1204,T1573.002
24053,T1204,T1574
24054,T1204,T1574.002
24055,T1204,T1574.012
24056,T1204,T1578
24057,T1204,T1578.002
24058,T1204,T1578.003
24059,T1204,T1583
24060,T1204,T1583.001
24061,T1204,T1583.004
24062,T1204,T1583.006
24063,T1204,T1584.008
24064,T1204,T1587
24065,T1204,T1587.001
24066,T1204,T1587.002
24067,T1204,T1587.003
24068,T1204,T1588
24069,T1204,T1588.001
24070,T1204,T1588.002
24071,T1204,T1588.006
24072,T1204,T1589.002
24073,T1204,T1590.005
24074,T1204,T1593.001
24075,T1204,T1608
24076,T1204,T1608.001
24077,T1204,T1608.002
24078,T1204,T1614
24079,T1204,T1622
24080,T1204,T1669
24081,T1204,T1684
24082,T1204,T1686.001
24083,T1204.001,T1204.002
24084,T1204.001,T1211
24085,T1204.001,T1213.002
24086,T1204.001,T1218.005
24087,T1204.001,T1218.011
24088,T1204.001,T1219
24089,T1204.001,T1222
24090,T1204.001,T1222.001
24091,T1204.001,T1484.001
24092,T1204.001,T1486
24093,T1204.001,T1497
24094,T1204.001,T1505
24095,T1204.001,T1531
24096,T1204.001,T1534
24097,T1204.001,T1539
24098,T1204.001,T1543
24099,T1204.001,T1543.003
24100,T1204.001,T1546.001
24101,T1204.001,T1546.012
24102,T1204.001,T1547
24103,T1204.001,T1547.001
24104,T1204.001,T1547.004
24105,T1204.001,T1548
24106,T1204.001,T1548.001
24107,T1204.001,T1548.002
24108,T1204.001,T1550
24109,T1204.001,T1550.003
24110,T1204.001,T1552
24111,T1204.001,T1555
24112,T1204.001,T1555.004
24113,T1204.001,T1556.006
24114,T1204.001,T1558
24115,T1204.001,T1558.003
24116,T1204.001,T1560
24117,T1204.001,T1562
24118,T1204.001,T1562.001
24119,T1204.001,T1562.004
24120,T1204.001,T1562.007
24121,T1204.001,T1563
24122,T1204.001,T1566.001
24123,T1204.001,T1566.002
24124,T1204.001,T1566.003
24125,T1204.001,T1568
24126,T1204.001,T1569
24127,T1204.001,T1569.002
24128,T1204.001,T1571
24129,T1204.001,T1573
24130,T1204.001,T1573.001
24131,T1204.001,T1578
24132,T1204.001,T1578.002
24133,T1204.001,T1578.003
24134,T1204.001,T1589.002
24135,T1204.001,T1590.005
24136,T1204.001,T1593.001
24137,T1204.001,T1684
24138,T1204.001,T1686.001
24139,T1204.002,T1204.003
24140,T1204.002,T1204.005
24141,T1204.002,T1205.001
24142,T1204.002,T1206
24143,T1204.002,T1210
24144,T1204.002,T1212
24145,T1204.002,T1213
24146,T1204.002,T1213.002
24147,T1204.002,T1213.005
24148,T1204.002,T1216.002
24149,T1204.002,T1218.002
24150,T1204.002,T1218.003
24151,T1204.002,T1218.004
24152,T1204.002,T1218.005
24153,T1204.002,T1218.011
24154,T1204.002,T1219
24155,T1204.002,T1219.002
24156,T1204.002,T1220
24157,T1204.002,T1221
24158,T1204.002,T1222
24159,T1204.002,T1222.001
24160,T1204.002,T1480
24161,T1204.002,T1482
24162,T1204.002,T1485
24163,T1204.002,T1486
24164,T1204.002,T1489
24165,T1204.002,T1490
24166,T1204.002,T1491
24167,T1204.002,T1495
24168,T1204.002,T1496
24169,T1204.002,T1497
24170,T1204.002,T1498
24171,T1204.002,T1499
24172,T1204.002,T1505
24173,T1204.002,T1505.002
24174,T1204.002,T1505.003
24175,T1204.002,T1518
24176,T1204.002,T1518.001
24177,T1204.002,T1529
24178,T1204.002,T1531
24179,T1204.002,T1539
24180,T1204.002,T1543
24181,T1204.002,T1543.003
24182,T1204.002,T1546
24183,T1204.002,T1546.001
24184,T1204.002,T1546.003
24185,T1204.002,T1546.008
24186,T1204.002,T1546.012
24187,T1204.002,T1546.015
24188,T1204.002,T1547
24189,T1204.002,T1547.001
24190,T1204.002,T1547.004
24191,T1204.002,T1547.009
24192,T1204.002,T1548
24193,T1204.002,T1548.002
24194,T1204.002,T1550
24195,T1204.002,T1550.002
24196,T1204.002,T1552
24197,T1204.002,T1552.001
24198,T1204.002,T1552.003
24199,T1204.002,T1553
24200,T1204.002,T1553.002
24201,T1204.002,T1555
24202,T1204.002,T1555.003
24203,T1204.002,T1555.004
24204,T1204.002,T1556.006
24205,T1204.002,T1558
24206,T1204.002,T1558.001
24207,T1204.002,T1559
24208,T1204.002,T1559.001
24209,T1204.002,T1559.002
24210,T1204.002,T1560
24211,T1204.002,T1560.001
24212,T1204.002,T1560.003
24213,T1204.002,T1562
24214,T1204.002,T1562.001
24215,T1204.002,T1562.004
24216,T1204.002,T1564
24217,T1204.002,T1564.001
24218,T1204.002,T1564.003
24219,T1204.002,T1565
24220,T1204.002,T1566
24221,T1204.002,T1566.001
24222,T1204.002,T1566.002
24223,T1204.002,T1567
24224,T1204.002,T1567.002
24225,T1204.002,T1569
24226,T1204.002,T1569.002
24227,T1204.002,T1570
24228,T1204.002,T1571
24229,T1204.002,T1572
24230,T1204.002,T1573
24231,T1204.002,T1573.001
24232,T1204.002,T1573.002
24233,T1204.002,T1574
24234,T1204.002,T1574.001
24235,T1204.002,T1574.002
24236,T1204.002,T1574.012
24237,T1204.002,T1583
24238,T1204.002,T1583.001
24239,T1204.002,T1583.004
24240,T1204.002,T1583.006
24241,T1204.002,T1583.008
24242,T1204.002,T1584.008
24243,T1204.002,T1587
24244,T1204.002,T1587.001
24245,T1204.002,T1587.002
24246,T1204.002,T1587.003
24247,T1204.002,T1588
24248,T1204.002,T1588.001
24249,T1204.002,T1588.002
24250,T1204.002,T1588.003
24251,T1204.002,T1588.006
24252,T1204.002,T1588.007
24253,T1204.002,T1589.002
24254,T1204.002,T1590.004
24255,T1204.002,T1590.005
24256,T1204.002,T1593.001
24257,T1204.002,T1593.002
24258,T1204.002,T1595
24259,T1204.002,T1608
24260,T1204.002,T1608.001
24261,T1204.002,T1608.002
24262,T1204.002,T1608.003
24263,T1204.002,T1608.005
24264,T1204.002,T1614
24265,T1204.002,T1615
24266,T1204.002,T1622
24267,T1204.002,T1669
24268,T1204.002,T1684
24269,T1204.003,T1218
24270,T1204.003,T1219.002
24271,T1204.003,T1518
24272,T1204.003,T1583.008
24273,T1204.003,T1588.007
24274,T1204.003,T1593.001
24275,T1204.003,T1684
24276,T1204.005,T1216.002
24277,T1204.005,T1218.002
24278,T1204.005,T1218.011
24279,T1204.005,T1219
24280,T1204.005,T1482
24281,T1204.005,T1486
24282,T1204.005,T1496
24283,T1204.005,T1505
24284,T1204.005,T1505.003
24285,T1204.005,T1518
24286,T1204.005,T1518.001
24287,T1204.005,T1543
24288,T1204.005,T1543.003
24289,T1204.005,T1546
24290,T1204.005,T1546.003
24291,T1204.005,T1546.008
24292,T1204.005,T1546.012
24293,T1204.005,T1546.015
24294,T1204.005,T1548
24295,T1204.005,T1548.002
24296,T1204.005,T1550.002
24297,T1204.005,T1552
24298,T1204.005,T1552.001
24299,T1204.005,T1555
24300,T1204.005,T1555.003
24301,T1204.005,T1559.001
24302,T1204.005,T1560
24303,T1204.005,T1560.001
24304,T1204.005,T1562
24305,T1204.005,T1562.001
24306,T1204.005,T1566
24307,T1204.005,T1566.001
24308,T1204.005,T1567
24309,T1204.005,T1567.002
24310,T1204.005,T1569
24311,T1204.005,T1569.002
24312,T1204.005,T1570
24313,T1204.005,T1571
24314,T1204.005,T1572
24315,T1204.005,T1573
24316,T1204.005,T1573.001
24317,T1204.005,T1574
24318,T1204.005,T1574.001
24319,T1204.005,T1574.002
24320,T1204.005,T1584.008
24321,T1204.005,T1589.002
24322,T1204.005,T1590.004
24323,T1204.005,T1590.005
24324,T1204.005,T1593.001
24325,T1204.005,T1595
24326,T1204.005,T1615
24327,T1205,T1543
24328,T1205,T1543.003
24329,T1205,T1573
24330,T1205,T1573.001
24331,T1205,T1590.005
24332,T1205.001,T1206
24333,T1205.001,T1210
24334,T1205.001,T1212
24335,T1205.001,T1213
24336,T1205.001,T1218.002
24337,T1205.001,T1219
24338,T1205.001,T1220
24339,T1205.001,T1221
24340,T1205.001,T1480
24341,T1205.001,T1482
24342,T1205.001,T1485
24343,T1205.001,T1486
24344,T1205.001,T1489
24345,T1205.001,T1490
24346,T1205.001,T1491
24347,T1205.001,T1495
24348,T1205.001,T1496
24349,T1205.001,T1498
24350,T1205.001,T1499
24351,T1205.001,T1505
24352,T1205.001,T1505.002
24353,T1205.001,T1518
24354,T1205.001,T1529
24355,T1205.001,T1531
24356,T1205.001,T1539
24357,T1205.001,T1543.003
24358,T1205.001,T1552.003
24359,T1205.001,T1555.005
24360,T1205.001,T1559.001
24361,T1205.001,T1560
24362,T1205.001,T1560.001
24363,T1205.001,T1565
24364,T1205.001,T1590.005
24365,T1205.001,T1593.001
24366,T1205.001,T1684
24367,T1206,T1210
24368,T1206,T1212
24369,T1206,T1213
24370,T1206,T1218.002
24371,T1206,T1219
24372,T1206,T1220
24373,T1206,T1221
24374,T1206,T1480
24375,T1206,T1482
24376,T1206,T1485
24377,T1206,T1486
24378,T1206,T1489
24379,T1206,T1490
24380,T1206,T1491
24381,T1206,T1495
24382,T1206,T1496
24383,T1206,T1498
24384,T1206,T1499
24385,T1206,T1505
24386,T1206,T1505.002
24387,T1206,T1518
24388,T1206,T1529
24389,T1206,T1531
24390,T1206,T1539
24391,T1206,T1543.003
24392,T1206,T1552.003
24393,T1206,T1555.005
24394,T1206,T1559.001
24395,T1206,T1565
24396,T1206,T1590.005
24397,T1206,T1593.001
24398,T1206,T1684
24399,T1210,T1212
24400,T1210,T1213
24401,T1210,T1218.002
24402,T1210,T1219
24403,T1210,T1220
24404,T1210,T1221
24405,T1210,T1480
24406,T1210,T1482
24407,T1210,T1485
24408,T1210,T1486
24409,T1210,T1489
24410,T1210,T1490
24411,T1210,T1491
24412,T1210,T1495
24413,T1210,T1496
24414,T1210,T1498
24415,T1210,T1499
24416,T1210,T1505
24417,T1210,T1505.002
24418,T1210,T1518
24419,T1210,T1529
24420,T1210,T1531
24421,T1210,T1539
24422,T1210,T1547
24423,T1210,T1552.003
24424,T1210,T1555
24425,T1210,T1555.003
24426,T1210,T1556.006
24427,T1210,T1558
24428,T1210,T1558.001
24429,T1210,T1559.001
24430,T1210,T1564.001
24431,T1210,T1565
24432,T1210,T1567
24433,T1210,T1572
24434,T1210,T1574.002
24435,T1210,T1584.008
24436,T1210,T1590
24437,T1210,T1590.005
24438,T1210,T1593.001
24439,T1210,T1650
24440,T1210,T1684
24441,T1211,T1219
24442,T1211,T1484.001
24443,T1211,T1486
24444,T1211,T1497
24445,T1211,T1505
24446,T1211,T1531
24447,T1211,T1534
24448,T1211,T1539
24449,T1211,T1543
24450,T1211,T1547
24451,T1211,T1548
24452,T1211,T1548.001
24453,T1211,T1550
24454,T1211,T1550.003
24455,T1211,T1552
24456,T1211,T1555
24457,T1211,T1555.004
24458,T1211,T1556.006
24459,T1211,T1558
24460,T1211,T1558.003
24461,T1211,T1560
24462,T1211,T1562
24463,T1211,T1562.001
24464,T1211,T1562.004
24465,T1211,T1562.007
24466,T1211,T1563
24467,T1211,T1568
24468,T1211,T1569
24469,T1211,T1569.002
24470,T1211,T1571
24471,T1211,T1573
24472,T1211,T1578
24473,T1211,T1578.002
24474,T1211,T1578.003
24475,T1211,T1684
24476,T1211,T1686.001
24477,T1212,T1213
24478,T1212,T1218.002
24479,T1212,T1219
24480,T1212,T1220
24481,T1212,T1221
24482,T1212,T1480
24483,T1212,T1482
24484,T1212,T1485
24485,T1212,T1486
24486,T1212,T1489
24487,T1212,T1490
24488,T1212,T1491
24489,T1212,T1495
24490,T1212,T1496
24491,T1212,T1498
24492,T1212,T1499
24493,T1212,T1505
24494,T1212,T1505.002
24495,T1212,T1518
24496,T1212,T1529
24497,T1212,T1531
24498,T1212,T1539
24499,T1212,T1543.003
24500,T1212,T1552
24501,T1212,T1552.003
24502,T1212,T1552.004
24503,T1212,T1555
24504,T1212,T1555.005
24505,T1212,T1558
24506,T1212,T1558.003
24507,T1212,T1559.001
24508,T1212,T1565
24509,T1212,T1590.005
24510,T1212,T1593.001
24511,T1212,T1595.002
24512,T1212,T1684
24513,T1213,T1213.001
24514,T1213,T1213.002
24515,T1213,T1213.003
24516,T1213,T1218.002
24517,T1213,T1219
24518,T1213,T1220
24519,T1213,T1221
24520,T1213,T1480
24521,T1213,T1482
24522,T1213,T1483
24523,T1213,T1485
24524,T1213,T1486
24525,T1213,T1487
24526,T1213,T1489
24527,T1213,T1490
24528,T1213,T1491
24529,T1213,T1495
24530,T1213,T1496
24531,T1213,T1497
24532,T1213,T1497.001
24533,T1213,T1498
24534,T1213,T1499
24535,T1213,T1505
24536,T1213,T1505.002
24537,T1213,T1505.003
24538,T1213,T1518
24539,T1213,T1529
24540,T1213,T1531
24541,T1213,T1534
24542,T1213,T1539
24543,T1213,T1543
24544,T1213,T1543.003
24545,T1213,T1547
24546,T1213,T1547.001
24547,T1213,T1550
24548,T1213,T1552.003
24549,T1213,T1553
24550,T1213,T1553.002
24551,T1213,T1555
24552,T1213,T1555.004
24553,T1213,T1555.005
24554,T1213,T1556.009
24555,T1213,T1558
24556,T1213,T1558.001
24557,T1213,T1559
24558,T1213,T1559.001
24559,T1213,T1559.002
24560,T1213,T1560
24561,T1213,T1560.001
24562,T1213,T1560.003
24563,T1213,T1562
24564,T1213,T1562.004
24565,T1213,T1564
24566,T1213,T1564.003
24567,T1213,T1565
24568,T1213,T1567
24569,T1213,T1569
24570,T1213,T1569.002
24571,T1213,T1571
24572,T1213,T1572
24573,T1213,T1573
24574,T1213,T1573.001
24575,T1213,T1573.002
24576,T1213,T1574
24577,T1213,T1574.002
24578,T1213,T1574.012
24579,T1213,T1583
24580,T1213,T1583.003
24581,T1213,T1588
24582,T1213,T1588.003
24583,T1213,T1590.005
24584,T1213,T1593.001
24585,T1213,T1608
24586,T1213,T1608.003
24587,T1213,T1684
24588,T1213.001,T1218
24589,T1213.001,T1218.011
24590,T1213.001,T1219
24591,T1213.001,T1483
24592,T1213.001,T1486
24593,T1213.001,T1487
24594,T1213.001,T1556.006
24595,T1213.001,T1569
24596,T1213.001,T1574
24597,T1213.001,T1574.002
24598,T1213.001,T1588
24599,T1213.001,T1588.004
24600,T1213.001,T1589.002
24601,T1213.001,T1593.001
24602,T1213.001,T1608.006
24603,T1213.001,T1684
24604,T1213.002,T1213.003
24605,T1213.002,T1218.002
24606,T1213.002,T1219
24607,T1213.002,T1219.002
24608,T1213.002,T1221
24609,T1213.002,T1482
24610,T1213.002,T1485
24611,T1213.002,T1486
24612,T1213.002,T1489
24613,T1213.002,T1491
24614,T1213.002,T1497
24615,T1213.002,T1497.001
24616,T1213.002,T1505
24617,T1213.002,T1505.002
24618,T1213.002,T1505.003
24619,T1213.002,T1518
24620,T1213.002,T1529
24621,T1213.002,T1534
24622,T1213.002,T1543
24623,T1213.002,T1543.003
24624,T1213.002,T1547
24625,T1213.002,T1547.001
24626,T1213.002,T1550
24627,T1213.002,T1553
24628,T1213.002,T1553.002
24629,T1213.002,T1555
24630,T1213.002,T1555.005
24631,T1213.002,T1556.006
24632,T1213.002,T1559
24633,T1213.002,T1559.002
24634,T1213.002,T1560
24635,T1213.002,T1560.001
24636,T1213.002,T1564
24637,T1213.002,T1564.003
24638,T1213.002,T1567
24639,T1213.002,T1569
24640,T1213.002,T1569.002
24641,T1213.002,T1573
24642,T1213.002,T1573.001
24643,T1213.002,T1573.002
24644,T1213.002,T1574
24645,T1213.002,T1574.001
24646,T1213.002,T1574.002
24647,T1213.002,T1583
24648,T1213.002,T1583.003
24649,T1213.002,T1583.008
24650,T1213.002,T1588
24651,T1213.002,T1588.003
24652,T1213.002,T1588.007
24653,T1213.002,T1589.002
24654,T1213.002,T1590.005
24655,T1213.002,T1593.001
24656,T1213.002,T1593.002
24657,T1213.002,T1608
24658,T1213.002,T1608.003
24659,T1213.002,T1684
24660,T1213.003,T1482
24661,T1213.003,T1485
24662,T1213.003,T1529
24663,T1213.003,T1534
24664,T1213.003,T1555
24665,T1213.003,T1555.005
24666,T1213.003,T1567
24667,T1213.005,T1491
24668,T1213.005,T1543.003
24669,T1213.005,T1589.002
24670,T1213.005,T1590.005
24671,T1213.005,T1593.001
24672,T1213.005,T1669
24673,T1213.005,T1684
24674,T1214,T1220
24675,T1214,T1497
24676,T1216.002,T1218.011
24677,T1216.002,T1219
24678,T1216.002,T1482
24679,T1216.002,T1486
24680,T1216.002,T1496
24681,T1216.002,T1505
24682,T1216.002,T1505.003
24683,T1216.002,T1518
24684,T1216.002,T1518.001
24685,T1216.002,T1543
24686,T1216.002,T1543.003
24687,T1216.002,T1546
24688,T1216.002,T1546.003
24689,T1216.002,T1546.008
24690,T1216.002,T1546.012
24691,T1216.002,T1546.015
24692,T1216.002,T1548
24693,T1216.002,T1548.002
24694,T1216.002,T1550.002
24695,T1216.002,T1552
24696,T1216.002,T1552.001
24697,T1216.002,T1555
24698,T1216.002,T1555.003
24699,T1216.002,T1556.006
24700,T1216.002,T1559.001
24701,T1216.002,T1560
24702,T1216.002,T1560.001
24703,T1216.002,T1562
24704,T1216.002,T1562.001
24705,T1216.002,T1566
24706,T1216.002,T1566.001
24707,T1216.002,T1567
24708,T1216.002,T1567.002
24709,T1216.002,T1569
24710,T1216.002,T1569.002
24711,T1216.002,T1570
24712,T1216.002,T1571
24713,T1216.002,T1572
24714,T1216.002,T1574
24715,T1216.002,T1574.001
24716,T1216.002,T1574.002
24717,T1216.002,T1584.008
24718,T1216.002,T1590.005
24719,T1216.002,T1595
24720,T1216.002,T1615
24721,T1218,T1218.002
24722,T1218,T1218.005
24723,T1218,T1218.011
24724,T1218,T1219
24725,T1218,T1486
24726,T1218,T1518
24727,T1218,T1543
24728,T1218,T1543.003
24729,T1218,T1556.006
24730,T1218,T1569
24731,T1218,T1569.002
24732,T1218,T1574
24733,T1218,T1574.002
24734,T1218,T1588
24735,T1218,T1588.004
24736,T1218,T1608.006
24737,T1218,T1684
24738,T1218.002,T1218.005
24739,T1218.002,T1218.011
24740,T1218.002,T1219
24741,T1218.002,T1219.002
24742,T1218.002,T1220
24743,T1218.002,T1221
24744,T1218.002,T1480
24745,T1218.002,T1482
24746,T1218.002,T1485
24747,T1218.002,T1486
24748,T1218.002,T1489
24749,T1218.002,T1490
24750,T1218.002,T1491
24751,T1218.002,T1495
24752,T1218.002,T1496
24753,T1218.002,T1498
24754,T1218.002,T1499
24755,T1218.002,T1505
24756,T1218.002,T1505.002
24757,T1218.002,T1518
24758,T1218.002,T1529
24759,T1218.002,T1531
24760,T1218.002,T1539
24761,T1218.002,T1543
24762,T1218.002,T1543.003
24763,T1218.002,T1552.003
24764,T1218.002,T1555.004
24765,T1218.002,T1555.005
24766,T1218.002,T1559.001
24767,T1218.002,T1565
24768,T1218.002,T1569
24769,T1218.002,T1569.002
24770,T1218.002,T1574.012
24771,T1218.002,T1583.008
24772,T1218.002,T1589.002
24773,T1218.002,T1590.005
24774,T1218.002,T1593.001
24775,T1218.002,T1684
24776,T1218.003,T1218.005
24777,T1218.003,T1218.011
24778,T1218.003,T1219
24779,T1218.003,T1480
24780,T1218.003,T1518
24781,T1218.003,T1518.001
24782,T1218.003,T1547.001
24783,T1218.003,T1552
24784,T1218.003,T1552.001
24785,T1218.003,T1555
24786,T1218.003,T1555.003
24787,T1218.003,T1556.006
24788,T1218.003,T1559
24789,T1218.003,T1559.001
24790,T1218.003,T1559.002
24791,T1218.003,T1560
24792,T1218.003,T1560.001
24793,T1218.003,T1562
24794,T1218.003,T1562.001
24795,T1218.003,T1566.001
24796,T1218.003,T1574.002
24797,T1218.003,T1583.006
24798,T1218.003,T1588
24799,T1218.003,T1588.002
24800,T1218.003,T1589.002
24801,T1218.003,T1590.005
24802,T1218.004,T1543
24803,T1218.004,T1543.003
24804,T1218.004,T1553
24805,T1218.004,T1553.002
24806,T1218.004,T1562
24807,T1218.004,T1562.004
24808,T1218.004,T1573
24809,T1218.004,T1573.001
24810,T1218.004,T1583
24811,T1218.004,T1583.001
24812,T1218.004,T1583.006
24813,T1218.004,T1587
24814,T1218.004,T1587.001
24815,T1218.004,T1587.003
24816,T1218.004,T1588
24817,T1218.004,T1588.001
24818,T1218.004,T1588.002
24819,T1218.004,T1590.005
24820,T1218.005,T1218.011
24821,T1218.005,T1219
24822,T1218.005,T1222
24823,T1218.005,T1222.001
24824,T1218.005,T1480
24825,T1218.005,T1505
24826,T1218.005,T1518
24827,T1218.005,T1518.001
24828,T1218.005,T1543
24829,T1218.005,T1543.003
24830,T1218.005,T1546.001
24831,T1218.005,T1546.012
24832,T1218.005,T1547
24833,T1218.005,T1547.001
24834,T1218.005,T1547.004
24835,T1218.005,T1548
24836,T1218.005,T1548.002
24837,T1218.005,T1550
24838,T1218.005,T1550.002
24839,T1218.005,T1552
24840,T1218.005,T1552.001
24841,T1218.005,T1555
24842,T1218.005,T1555.003
24843,T1218.005,T1556.006
24844,T1218.005,T1559
24845,T1218.005,T1559.001
24846,T1218.005,T1559.002
24847,T1218.005,T1560
24848,T1218.005,T1560.001
24849,T1218.005,T1562
24850,T1218.005,T1562.001
24851,T1218.005,T1562.004
24852,T1218.005,T1566.001
24853,T1218.005,T1566.002
24854,T1218.005,T1569
24855,T1218.005,T1569.002
24856,T1218.005,T1573
24857,T1218.005,T1573.001
24858,T1218.005,T1574.002
24859,T1218.005,T1583.006
24860,T1218.005,T1588
24861,T1218.005,T1588.002
24862,T1218.005,T1589.002
24863,T1218.005,T1590.005
24864,T1218.005,T1684
24865,T1218.011,T1219
24866,T1218.011,T1222
24867,T1218.011,T1222.001
24868,T1218.011,T1480
24869,T1218.011,T1482
24870,T1218.011,T1486
24871,T1218.011,T1496
24872,T1218.011,T1505
24873,T1218.011,T1505.003
24874,T1218.011,T1518
24875,T1218.011,T1518.001
24876,T1218.011,T1543
24877,T1218.011,T1543.003
24878,T1218.011,T1546
24879,T1218.011,T1546.001
24880,T1218.011,T1546.003
24881,T1218.011,T1546.008
24882,T1218.011,T1546.012
24883,T1218.011,T1546.015
24884,T1218.011,T1547.001
24885,T1218.011,T1547.004
24886,T1218.011,T1548
24887,T1218.011,T1548.002
24888,T1218.011,T1550.002
24889,T1218.011,T1552
24890,T1218.011,T1552.001
24891,T1218.011,T1555
24892,T1218.011,T1555.003
24893,T1218.011,T1556.006
24894,T1218.011,T1559
24895,T1218.011,T1559.001
24896,T1218.011,T1559.002
24897,T1218.011,T1560
24898,T1218.011,T1560.001
24899,T1218.011,T1562
24900,T1218.011,T1562.001
24901,T1218.011,T1564
24902,T1218.011,T1564.001
24903,T1218.011,T1566
24904,T1218.011,T1566.001
24905,T1218.011,T1566.002
24906,T1218.011,T1567
24907,T1218.011,T1567.002
24908,T1218.011,T1569
24909,T1218.011,T1569.002
24910,T1218.011,T1570
24911,T1218.011,T1571
24912,T1218.011,T1572
24913,T1218.011,T1574
24914,T1218.011,T1574.001
24915,T1218.011,T1574.002
24916,T1218.011,T1583.006
24917,T1218.011,T1584.008
24918,T1218.011,T1588
24919,T1218.011,T1588.002
24920,T1218.011,T1588.004
24921,T1218.011,T1589.002
24922,T1218.011,T1590.005
24923,T1218.011,T1595
24924,T1218.011,T1608.006
24925,T1218.011,T1615
24926,T1218.011,T1684
24927,T1218.013,T1219
24928,T1219,T1219.002
24929,T1219,T1220
24930,T1219,T1221
24931,T1219,T1480
24932,T1219,T1482
24933,T1219,T1483
24934,T1219,T1484.001
24935,T1219,T1485
24936,T1219,T1486
24937,T1219,T1487
24938,T1219,T1489
24939,T1219,T1490
24940,T1219,T1491
24941,T1219,T1495
24942,T1219,T1496
24943,T1219,T1497
24944,T1219,T1498
24945,T1219,T1499
24946,T1219,T1503
24947,T1219,T1505
24948,T1219,T1505.002
24949,T1219,T1505.003
24950,T1219,T1518
24951,T1219,T1518.001
24952,T1219,T1529
24953,T1219,T1531
24954,T1219,T1534
24955,T1219,T1539
24956,T1219,T1543
24957,T1219,T1543.003
24958,T1219,T1546
24959,T1219,T1546.003
24960,T1219,T1546.008
24961,T1219,T1546.012
24962,T1219,T1546.015
24963,T1219,T1547
24964,T1219,T1547.001
24965,T1219,T1547.009
24966,T1219,T1548
24967,T1219,T1548.001
24968,T1219,T1548.002
24969,T1219,T1550
24970,T1219,T1550.002
24971,T1219,T1550.003
24972,T1219,T1552
24973,T1219,T1552.001
24974,T1219,T1552.003
24975,T1219,T1555
24976,T1219,T1555.003
24977,T1219,T1555.004
24978,T1219,T1555.005
24979,T1219,T1556.006
24980,T1219,T1558
24981,T1219,T1558.001
24982,T1219,T1558.003
24983,T1219,T1559
24984,T1219,T1559.001
24985,T1219,T1559.002
24986,T1219,T1560
24987,T1219,T1560.001
24988,T1219,T1560.003
24989,T1219,T1562
24990,T1219,T1562.001
24991,T1219,T1562.004
24992,T1219,T1562.007
24993,T1219,T1563
24994,T1219,T1564
24995,T1219,T1564.001
24996,T1219,T1565
24997,T1219,T1566
24998,T1219,T1566.001
24999,T1219,T1567
25000,T1219,T1567.002
25001,T1219,T1568
25002,T1219,T1569
25003,T1219,T1569.002
25004,T1219,T1570
25005,T1219,T1571
25006,T1219,T1572
25007,T1219,T1573
25008,T1219,T1573.001
25009,T1219,T1574
25010,T1219,T1574.001
25011,T1219,T1574.002
25012,T1219,T1574.012
25013,T1219,T1578
25014,T1219,T1578.002
25015,T1219,T1578.003
25016,T1219,T1583.006
25017,T1219,T1583.008
25018,T1219,T1584.008
25019,T1219,T1588
25020,T1219,T1588.002
25021,T1219,T1588.004
25022,T1219,T1588.007
25023,T1219,T1589.002
25024,T1219,T1590.005
25025,T1219,T1593.001
25026,T1219,T1593.002
25027,T1219,T1595
25028,T1219,T1595.002
25029,T1219,T1606.001
25030,T1219,T1608.006
25031,T1219,T1615
25032,T1219,T1669
25033,T1219,T1684
25034,T1219,T1686.001
25035,T1219.002,T1491
25036,T1219.002,T1583.008
25037,T1219.002,T1588.007
25038,T1219.002,T1589.002
25039,T1219.002,T1590.005
25040,T1219.002,T1593.001
25041,T1219.002,T1684
25042,T1220,T1221
25043,T1220,T1480
25044,T1220,T1482
25045,T1220,T1485
25046,T1220,T1486
25047,T1220,T1489
25048,T1220,T1490
25049,T1220,T1491
25050,T1220,T1495
25051,T1220,T1496
25052,T1220,T1497
25053,T1220,T1498
25054,T1220,T1499
25055,T1220,T1505
25056,T1220,T1505.002
25057,T1220,T1518
25058,T1220,T1529
25059,T1220,T1531
25060,T1220,T1537
25061,T1220,T1539
25062,T1220,T1543.003
25063,T1220,T1552.003
25064,T1220,T1555.005
25065,T1220,T1559.001
25066,T1220,T1565
25067,T1220,T1590.005
25068,T1220,T1593.001
25069,T1220,T1684
25070,T1221,T1482
25071,T1221,T1500
25072,T1221,T1518
25073,T1221,T1534
25074,T1221,T1543
25075,T1221,T1543.003
25076,T1221,T1546
25077,T1221,T1547
25078,T1221,T1547.009
25079,T1221,T1552.008
25080,T1221,T1555
25081,T1221,T1555.003
25082,T1221,T1555.005
25083,T1221,T1556.009
25084,T1221,T1559.001
25085,T1221,T1560.003
25086,T1221,T1564
25087,T1221,T1564.001
25088,T1221,T1589.002
25089,T1221,T1590.005
25090,T1221,T1593.001
25091,T1221,T1684
25092,T1222,T1222.001
25093,T1222,T1543.003
25094,T1222,T1546.001
25095,T1222,T1546.012
25096,T1222,T1547.001
25097,T1222,T1547.004
25098,T1222,T1548.002
25099,T1222,T1562.001
25100,T1222,T1564.001
25101,T1222,T1566.001
25102,T1222,T1566.002
25103,T1222,T1567
25104,T1222,T1569
25105,T1222,T1569.002
25106,T1222,T1570
25107,T1222,T1572
25108,T1222,T1574
25109,T1222,T1574.002
25110,T1222.001,T1543.003
25111,T1222.001,T1546.001
25112,T1222.001,T1546.012
25113,T1222.001,T1547.001
25114,T1222.001,T1547.004
25115,T1222.001,T1548.002
25116,T1222.001,T1562.001
25117,T1222.001,T1566.001
25118,T1222.001,T1566.002
25119,T1480,T1480.001
25120,T1480,T1482
25121,T1480,T1485
25122,T1480,T1486
25123,T1480,T1489
25124,T1480,T1490
25125,T1480,T1491
25126,T1480,T1495
25127,T1480,T1496
25128,T1480,T1497
25129,T1480,T1497.003
25130,T1480,T1498
25131,T1480,T1499
25132,T1480,T1505
25133,T1480,T1505.002
25134,T1480,T1518
25135,T1480,T1518.001
25136,T1480,T1529
25137,T1480,T1531
25138,T1480,T1539
25139,T1480,T1543
25140,T1480,T1543.002
25141,T1480,T1543.003
25142,T1480,T1547.001
25143,T1480,T1552
25144,T1480,T1552.001
25145,T1480,T1552.003
25146,T1480,T1553
25147,T1480,T1553.002
25148,T1480,T1555
25149,T1480,T1555.003
25150,T1480,T1556.006
25151,T1480,T1559
25152,T1480,T1559.001
25153,T1480,T1559.002
25154,T1480,T1560
25155,T1480,T1560.001
25156,T1480,T1562
25157,T1480,T1562.001
25158,T1480,T1565
25159,T1480,T1566.001
25160,T1480,T1566.002
25161,T1480,T1569
25162,T1480,T1569.002
25163,T1480,T1573
25164,T1480,T1573.001
25165,T1480,T1574.002
25166,T1480,T1583
25167,T1480,T1583.004
25168,T1480,T1583.006
25169,T1480,T1584.008
25170,T1480,T1588
25171,T1480,T1588.002
25172,T1480,T1589.002
25173,T1480,T1590.005
25174,T1480,T1593.001
25175,T1480,T1608
25176,T1480,T1608.001
25177,T1480,T1608.002
25178,T1480,T1622
25179,T1480,T1650
25180,T1480,T1684
25181,T1480.001,T1497
25182,T1480.001,T1497.003
25183,T1480.001,T1543
25184,T1480.001,T1543.002
25185,T1480.001,T1543.003
25186,T1480.001,T1553
25187,T1480.001,T1553.002
25188,T1480.001,T1562
25189,T1480.001,T1562.001
25190,T1482,T1485
25191,T1482,T1486
25192,T1482,T1489
25193,T1482,T1490
25194,T1482,T1491
25195,T1482,T1495
25196,T1482,T1496
25197,T1482,T1497
25198,T1482,T1497.001
25199,T1482,T1498
25200,T1482,T1499
25201,T1482,T1505
25202,T1482,T1505.002
25203,T1482,T1505.003
25204,T1482,T1518
25205,T1482,T1518.001
25206,T1482,T1529
25207,T1482,T1531
25208,T1482,T1534
25209,T1482,T1539
25210,T1482,T1543
25211,T1482,T1543.003
25212,T1482,T1546
25213,T1482,T1546.003
25214,T1482,T1546.008
25215,T1482,T1546.012
25216,T1482,T1546.015
25217,T1482,T1547
25218,T1482,T1547.001
25219,T1482,T1548
25220,T1482,T1548.002
25221,T1482,T1550.002
25222,T1482,T1552
25223,T1482,T1552.001
25224,T1482,T1552.003
25225,T1482,T1553
25226,T1482,T1553.002
25227,T1482,T1555
25228,T1482,T1555.003
25229,T1482,T1555.005
25230,T1482,T1559
25231,T1482,T1559.001
25232,T1482,T1559.002
25233,T1482,T1560
25234,T1482,T1560.001
25235,T1482,T1562
25236,T1482,T1562.001
25237,T1482,T1564
25238,T1482,T1564.003
25239,T1482,T1565
25240,T1482,T1566
25241,T1482,T1566.001
25242,T1482,T1567
25243,T1482,T1567.002
25244,T1482,T1569
25245,T1482,T1569.002
25246,T1482,T1570
25247,T1482,T1571
25248,T1482,T1572
25249,T1482,T1573
25250,T1482,T1573.002
25251,T1482,T1574
25252,T1482,T1574.001
25253,T1482,T1574.002
25254,T1482,T1583
25255,T1482,T1583.003
25256,T1482,T1584.008
25257,T1482,T1588
25258,T1482,T1588.003
25259,T1482,T1590.005
25260,T1482,T1593.001
25261,T1482,T1595
25262,T1482,T1608
25263,T1482,T1608.003
25264,T1482,T1615
25265,T1482,T1684
25266,T1483,T1486
25267,T1483,T1487
25268,T1483,T1569
25269,T1484.001,T1486
25270,T1484.001,T1497
25271,T1484.001,T1505
25272,T1484.001,T1531
25273,T1484.001,T1534
25274,T1484.001,T1539
25275,T1484.001,T1543
25276,T1484.001,T1547
25277,T1484.001,T1548
25278,T1484.001,T1548.001
25279,T1484.001,T1550
25280,T1484.001,T1550.003
25281,T1484.001,T1552
25282,T1484.001,T1555
25283,T1484.001,T1555.004
25284,T1484.001,T1556.006
25285,T1484.001,T1558
25286,T1484.001,T1558.003
25287,T1484.001,T1560
25288,T1484.001,T1562
25289,T1484.001,T1562.001
25290,T1484.001,T1562.004
25291,T1484.001,T1562.007
25292,T1484.001,T1563
25293,T1484.001,T1568
25294,T1484.001,T1569
25295,T1484.001,T1569.002
25296,T1484.001,T1571
25297,T1484.001,T1573
25298,T1484.001,T1578
25299,T1484.001,T1578.002
25300,T1484.001,T1578.003
25301,T1484.001,T1684
25302,T1484.001,T1686.001
25303,T1485,T1486
25304,T1485,T1489
25305,T1485,T1490
25306,T1485,T1491
25307,T1485,T1495
25308,T1485,T1496
25309,T1485,T1498
25310,T1485,T1499
25311,T1485,T1505
25312,T1485,T1505.002
25313,T1485,T1518
25314,T1485,T1529
25315,T1485,T1531
25316,T1485,T1534
25317,T1485,T1539
25318,T1485,T1543
25319,T1485,T1543.003
25320,T1485,T1550
25321,T1485,T1552.003
25322,T1485,T1555
25323,T1485,T1555.004
25324,T1485,T1555.005
25325,T1485,T1556.006
25326,T1485,T1558
25327,T1485,T1558.001
25328,T1485,T1559.001
25329,T1485,T1560
25330,T1485,T1560.003
25331,T1485,T1562
25332,T1485,T1565
25333,T1485,T1567
25334,T1485,T1571
25335,T1485,T1572
25336,T1485,T1573
25337,T1485,T1573.001
25338,T1485,T1574.012
25339,T1485,T1590.005
25340,T1485,T1593.001
25341,T1485,T1684
25342,T1486,T1487
25343,T1486,T1489
25344,T1486,T1490
25345,T1486,T1491
25346,T1486,T1495
25347,T1486,T1496
25348,T1486,T1497
25349,T1486,T1498
25350,T1486,T1499
25351,T1486,T1505
25352,T1486,T1505.002
25353,T1486,T1505.003
25354,T1486,T1518
25355,T1486,T1518.001
25356,T1486,T1529
25357,T1486,T1531
25358,T1486,T1534
25359,T1486,T1539
25360,T1486,T1543
25361,T1486,T1543.003
25362,T1486,T1546
25363,T1486,T1546.003
25364,T1486,T1546.008
25365,T1486,T1546.012
25366,T1486,T1546.015
25367,T1486,T1547
25368,T1486,T1548
25369,T1486,T1548.001
25370,T1486,T1548.002
25371,T1486,T1550
25372,T1486,T1550.002
25373,T1486,T1550.003
25374,T1486,T1552
25375,T1486,T1552.001
25376,T1486,T1552.003
25377,T1486,T1555
25378,T1486,T1555.003
25379,T1486,T1555.004
25380,T1486,T1556.006
25381,T1486,T1558
25382,T1486,T1558.001
25383,T1486,T1558.003
25384,T1486,T1559.001
25385,T1486,T1560
25386,T1486,T1560.001
25387,T1486,T1560.003
25388,T1486,T1562
25389,T1486,T1562.001
25390,T1486,T1562.004
25391,T1486,T1562.007
25392,T1486,T1563
25393,T1486,T1565
25394,T1486,T1566
25395,T1486,T1566.001
25396,T1486,T1567
25397,T1486,T1567.002
25398,T1486,T1568
25399,T1486,T1569
25400,T1486,T1569.002
25401,T1486,T1570
25402,T1486,T1571
25403,T1486,T1572
25404,T1486,T1573
25405,T1486,T1573.001
25406,T1486,T1574
25407,T1486,T1574.001
25408,T1486,T1574.002
25409,T1486,T1574.012
25410,T1486,T1578
25411,T1486,T1578.002
25412,T1486,T1578.003
25413,T1486,T1583
25414,T1486,T1583.001
25415,T1486,T1583.004
25416,T1486,T1584.008
25417,T1486,T1587.003
25418,T1486,T1588
25419,T1486,T1588.003
25420,T1486,T1588.004
25421,T1486,T1590.005
25422,T1486,T1593.001
25423,T1486,T1595
25424,T1486,T1608.001
25425,T1486,T1608.002
25426,T1486,T1608.003
25427,T1486,T1608.005
25428,T1486,T1608.006
25429,T1486,T1615
25430,T1486,T1684
25431,T1486,T1686.001
25432,T1487,T1569
25433,T1489,T1490
25434,T1489,T1491
25435,T1489,T1495
25436,T1489,T1496
25437,T1489,T1497
25438,T1489,T1497.001
25439,T1489,T1498
25440,T1489,T1499
25441,T1489,T1505
25442,T1489,T1505.002
25443,T1489,T1505.003
25444,T1489,T1518
25445,T1489,T1529
25446,T1489,T1531
25447,T1489,T1539
25448,T1489,T1543
25449,T1489,T1543.003
25450,T1489,T1547
25451,T1489,T1547.001
25452,T1489,T1552.003
25453,T1489,T1553
25454,T1489,T1553.002
25455,T1489,T1559
25456,T1489,T1559.001
25457,T1489,T1559.002
25458,T1489,T1560
25459,T1489,T1564
25460,T1489,T1564.003
25461,T1489,T1565
25462,T1489,T1569
25463,T1489,T1569.002
25464,T1489,T1573
25465,T1489,T1573.002
25466,T1489,T1574
25467,T1489,T1574.002
25468,T1489,T1583
25469,T1489,T1583.003
25470,T1489,T1588
25471,T1489,T1588.003
25472,T1489,T1590.005
25473,T1489,T1593.001
25474,T1489,T1595.002
25475,T1489,T1608
25476,T1489,T1608.003
25477,T1489,T1684
25478,T1490,T1491
25479,T1490,T1495
25480,T1490,T1496
25481,T1490,T1498
25482,T1490,T1499
25483,T1490,T1505
25484,T1490,T1505.002
25485,T1490,T1518
25486,T1490,T1529
25487,T1490,T1531
25488,T1490,T1539
25489,T1490,T1552.003
25490,T1490,T1559.001
25491,T1490,T1565
25492,T1490,T1593.001
25493,T1490,T1684
25494,T1491,T1495
25495,T1491,T1496
25496,T1491,T1498
25497,T1491,T1499
25498,T1491,T1505
25499,T1491,T1505.002
25500,T1491,T1518
25501,T1491,T1529
25502,T1491,T1531
25503,T1491,T1539
25504,T1491,T1543.003
25505,T1491,T1552.003
25506,T1491,T1559.001
25507,T1491,T1565
25508,T1491,T1583.008
25509,T1491,T1588.007
25510,T1491,T1589.002
25511,T1491,T1590.005
25512,T1491,T1593.001
25513,T1491,T1593.002
25514,T1491,T1595.002
25515,T1491,T1669
25516,T1491,T1684
25517,T1495,T1496
25518,T1495,T1498
25519,T1495,T1499
25520,T1495,T1505
25521,T1495,T1505.002
25522,T1495,T1518
25523,T1495,T1529
25524,T1495,T1531
25525,T1495,T1539
25526,T1495,T1552.003
25527,T1495,T1559.001
25528,T1495,T1565
25529,T1495,T1593.001
25530,T1495,T1684
25531,T1496,T1498
25532,T1496,T1499
25533,T1496,T1505
25534,T1496,T1505.002
25535,T1496,T1505.003
25536,T1496,T1518
25537,T1496,T1518.001
25538,T1496,T1529
25539,T1496,T1531
25540,T1496,T1539
25541,T1496,T1543
25542,T1496,T1543.003
25543,T1496,T1546
25544,T1496,T1546.003
25545,T1496,T1546.008
25546,T1496,T1546.012
25547,T1496,T1546.015
25548,T1496,T1548
25549,T1496,T1548.002
25550,T1496,T1550.002
25551,T1496,T1552
25552,T1496,T1552.001
25553,T1496,T1552.003
25554,T1496,T1555
25555,T1496,T1555.003
25556,T1496,T1559.001
25557,T1496,T1560
25558,T1496,T1560.001
25559,T1496,T1562
25560,T1496,T1562.001
25561,T1496,T1565
25562,T1496,T1566
25563,T1496,T1566.001
25564,T1496,T1567
25565,T1496,T1567.002
25566,T1496,T1569
25567,T1496,T1569.002
25568,T1496,T1570
25569,T1496,T1571
25570,T1496,T1572
25571,T1496,T1574
25572,T1496,T1574.001
25573,T1496,T1574.002
25574,T1496,T1584.008
25575,T1496,T1590.005
25576,T1496,T1593.001
25577,T1496,T1595
25578,T1496,T1615
25579,T1496,T1684
25580,T1497,T1497.001
25581,T1497,T1497.003
25582,T1497,T1503
25583,T1497,T1505
25584,T1497,T1505.003
25585,T1497,T1518
25586,T1497,T1531
25587,T1497,T1534
25588,T1497,T1539
25589,T1497,T1543
25590,T1497,T1543.002
25591,T1497,T1543.003
25592,T1497,T1547
25593,T1497,T1547.001
25594,T1497,T1548
25595,T1497,T1548.001
25596,T1497,T1550
25597,T1497,T1550.003
25598,T1497,T1552
25599,T1497,T1553
25600,T1497,T1553.002
25601,T1497,T1555
25602,T1497,T1555.004
25603,T1497,T1556.006
25604,T1497,T1558
25605,T1497,T1558.003
25606,T1497,T1559
25607,T1497,T1559.002
25608,T1497,T1560
25609,T1497,T1562
25610,T1497,T1562.001
25611,T1497,T1562.004
25612,T1497,T1562.007
25613,T1497,T1563
25614,T1497,T1564
25615,T1497,T1564.003
25616,T1497,T1568
25617,T1497,T1569
25618,T1497,T1569.002
25619,T1497,T1571
25620,T1497,T1572
25621,T1497,T1573
25622,T1497,T1573.002
25623,T1497,T1574
25624,T1497,T1574.002
25625,T1497,T1578
25626,T1497,T1578.002
25627,T1497,T1578.003
25628,T1497,T1583
25629,T1497,T1583.003
25630,T1497,T1588
25631,T1497,T1588.003
25632,T1497,T1590.005
25633,T1497,T1608
25634,T1497,T1608.003
25635,T1497,T1684
25636,T1497,T1686.001
25637,T1497.001,T1505
25638,T1497.001,T1505.003
25639,T1497.001,T1518
25640,T1497.001,T1543
25641,T1497.001,T1543.003
25642,T1497.001,T1547
25643,T1497.001,T1547.001
25644,T1497.001,T1553
25645,T1497.001,T1553.002
25646,T1497.001,T1559
25647,T1497.001,T1559.002
25648,T1497.001,T1560
25649,T1497.001,T1564
25650,T1497.001,T1564.003
25651,T1497.001,T1569
25652,T1497.001,T1569.002
25653,T1497.001,T1573
25654,T1497.001,T1573.002
25655,T1497.001,T1574
25656,T1497.001,T1574.002
25657,T1497.001,T1583
25658,T1497.001,T1583.003
25659,T1497.001,T1588
25660,T1497.001,T1588.003
25661,T1497.001,T1590.005
25662,T1497.001,T1608
25663,T1497.001,T1608.003
25664,T1497.003,T1543
25665,T1497.003,T1543.002
25666,T1497.003,T1543.003
25667,T1497.003,T1553
25668,T1497.003,T1553.002
25669,T1497.003,T1562
25670,T1497.003,T1562.001
25671,T1498,T1499
25672,T1498,T1505
25673,T1498,T1505.002
25674,T1498,T1518
25675,T1498,T1529
25676,T1498,T1531
25677,T1498,T1539
25678,T1498,T1552.003
25679,T1498,T1559.001
25680,T1498,T1565
25681,T1498,T1593.001
25682,T1498,T1684
25683,T1499,T1505
25684,T1499,T1505.002
25685,T1499,T1518
25686,T1499,T1529
25687,T1499,T1531
25688,T1499,T1539
25689,T1499,T1543
25690,T1499,T1543.003
25691,T1499,T1550
25692,T1499,T1552.003
25693,T1499,T1555.004
25694,T1499,T1558
25695,T1499,T1558.001
25696,T1499,T1559.001
25697,T1499,T1560
25698,T1499,T1560.003
25699,T1499,T1562
25700,T1499,T1565
25701,T1499,T1571
25702,T1499,T1572
25703,T1499,T1573
25704,T1499,T1573.001
25705,T1499,T1574.012
25706,T1499,T1590.005
25707,T1499,T1593.001
25708,T1499,T1684
25709,T1500,T1534
25710,T1503,T1518
25711,T1503,T1539
25712,T1503,T1590.005
25713,T1505,T1505.002
25714,T1505,T1505.003
25715,T1505,T1518
25716,T1505,T1518.001
25717,T1505,T1529
25718,T1505,T1531
25719,T1505,T1534
25720,T1505,T1539
25721,T1505,T1543
25722,T1505,T1543.003
25723,T1505,T1546
25724,T1505,T1546.003
25725,T1505,T1546.008
25726,T1505,T1546.012
25727,T1505,T1546.015
25728,T1505,T1547
25729,T1505,T1547.001
25730,T1505,T1548
25731,T1505,T1548.001
25732,T1505,T1548.002
25733,T1505,T1550
25734,T1505,T1550.002
25735,T1505,T1550.003
25736,T1505,T1552
25737,T1505,T1552.001
25738,T1505,T1552.003
25739,T1505,T1553
25740,T1505,T1553.002
25741,T1505,T1555
25742,T1505,T1555.003
25743,T1505,T1555.004
25744,T1505,T1556
25745,T1505,T1556.006
25746,T1505,T1556.008
25747,T1505,T1558
25748,T1505,T1558.001
25749,T1505,T1558.003
25750,T1505,T1559
25751,T1505,T1559.001
25752,T1505,T1559.002
25753,T1505,T1560
25754,T1505,T1560.001
25755,T1505,T1560.003
25756,T1505,T1562
25757,T1505,T1562.001
25758,T1505,T1562.004
25759,T1505,T1562.007
25760,T1505,T1563
25761,T1505,T1564
25762,T1505,T1564.003
25763,T1505,T1565
25764,T1505,T1566
25765,T1505,T1566.001
25766,T1505,T1566.002
25767,T1505,T1567
25768,T1505,T1567.002
25769,T1505,T1568
25770,T1505,T1569
25771,T1505,T1569.002
25772,T1505,T1570
25773,T1505,T1571
25774,T1505,T1572
25775,T1505,T1573
25776,T1505,T1573.001
25777,T1505,T1573.002
25778,T1505,T1574
25779,T1505,T1574.001
25780,T1505,T1574.002
25781,T1505,T1574.012
25782,T1505,T1578
25783,T1505,T1578.002
25784,T1505,T1578.003
25785,T1505,T1583
25786,T1505,T1583.001
25787,T1505,T1583.002
25788,T1505,T1583.003
25789,T1505,T1584.008
25790,T1505,T1587
25791,T1505,T1587.001
25792,T1505,T1588
25793,T1505,T1588.003
25794,T1505,T1590.005
25795,T1505,T1593.001
25796,T1505,T1593.002
25797,T1505,T1595
25798,T1505,T1608
25799,T1505,T1608.003
25800,T1505,T1615
25801,T1505,T1684
25802,T1505,T1686.001
25803,T1505.002,T1518
25804,T1505.002,T1529
25805,T1505.002,T1531
25806,T1505.002,T1539
25807,T1505.002,T1552.003
25808,T1505.002,T1556.006
25809,T1505.002,T1559.001
25810,T1505.002,T1565
25811,T1505.002,T1588.007
25812,T1505.002,T1589.002
25813,T1505.002,T1590.005
25814,T1505.002,T1593.001
25815,T1505.002,T1684
25816,T1505.003,T1518
25817,T1505.003,T1518.001
25818,T1505.003,T1543
25819,T1505.003,T1543.003
25820,T1505.003,T1546
25821,T1505.003,T1546.003
25822,T1505.003,T1546.008
25823,T1505.003,T1546.012
25824,T1505.003,T1546.015
25825,T1505.003,T1547
25826,T1505.003,T1547.001
25827,T1505.003,T1548
25828,T1505.003,T1548.002
25829,T1505.003,T1550.002
25830,T1505.003,T1552
25831,T1505.003,T1552.001
25832,T1505.003,T1552.004
25833,T1505.003,T1553
25834,T1505.003,T1553.002
25835,T1505.003,T1554
25836,T1505.003,T1555
25837,T1505.003,T1555.003
25838,T1505.003,T1556
25839,T1505.003,T1556.004
25840,T1505.003,T1556.006
25841,T1505.003,T1556.008
25842,T1505.003,T1559
25843,T1505.003,T1559.001
25844,T1505.003,T1559.002
25845,T1505.003,T1560
25846,T1505.003,T1560.001
25847,T1505.003,T1562
25848,T1505.003,T1562.001
25849,T1505.003,T1564
25850,T1505.003,T1564.003
25851,T1505.003,T1566
25852,T1505.003,T1566.001
25853,T1505.003,T1567
25854,T1505.003,T1567.002
25855,T1505.003,T1569
25856,T1505.003,T1569.002
25857,T1505.003,T1570
25858,T1505.003,T1571
25859,T1505.003,T1572
25860,T1505.003,T1573
25861,T1505.003,T1573.001
25862,T1505.003,T1573.002
25863,T1505.003,T1574
25864,T1505.003,T1574.001
25865,T1505.003,T1574.002
25866,T1505.003,T1583
25867,T1505.003,T1583.001
25868,T1505.003,T1583.002
25869,T1505.003,T1583.003
25870,T1505.003,T1584.008
25871,T1505.003,T1587
25872,T1505.003,T1587.001
25873,T1505.003,T1588
25874,T1505.003,T1588.003
25875,T1505.003,T1590.005
25876,T1505.003,T1592.004
25877,T1505.003,T1593.002
25878,T1505.003,T1595
25879,T1505.003,T1608
25880,T1505.003,T1608.003
25881,T1505.003,T1615
25882,T1518,T1518.001
25883,T1518,T1529
25884,T1518,T1531
25885,T1518,T1539
25886,T1518,T1543
25887,T1518,T1543.003
25888,T1518,T1546
25889,T1518,T1546.003
25890,T1518,T1546.008
25891,T1518,T1546.012
25892,T1518,T1546.015
25893,T1518,T1547
25894,T1518,T1547.001
25895,T1518,T1548
25896,T1518,T1548.002
25897,T1518,T1550.002
25898,T1518,T1552
25899,T1518,T1552.001
25900,T1518,T1552.003
25901,T1518,T1553
25902,T1518,T1553.002
25903,T1518,T1554
25904,T1518,T1555
25905,T1518,T1555.003
25906,T1518,T1555.005
25907,T1518,T1556.004
25908,T1518,T1556.006
25909,T1518,T1559
25910,T1518,T1559.001
25911,T1518,T1559.002
25912,T1518,T1560
25913,T1518,T1560.001
25914,T1518,T1562
25915,T1518,T1562.001
25916,T1518,T1562.004
25917,T1518,T1564
25918,T1518,T1564.003
25919,T1518,T1564.014
25920,T1518,T1565
25921,T1518,T1566
25922,T1518,T1566.001
25923,T1518,T1567
25924,T1518,T1567.002
25925,T1518,T1569
25926,T1518,T1569.002
25927,T1518,T1570
25928,T1518,T1571
25929,T1518,T1572
25930,T1518,T1573
25931,T1518,T1573.001
25932,T1518,T1573.002
25933,T1518,T1574
25934,T1518,T1574.001
25935,T1518,T1574.002
25936,T1518,T1583
25937,T1518,T1583.003
25938,T1518,T1583.006
25939,T1518,T1584
25940,T1518,T1584.004
25941,T1518,T1584.008
25942,T1518,T1585
25943,T1518,T1585.003
25944,T1518,T1588
25945,T1518,T1588.002
25946,T1518,T1588.003
25947,T1518,T1589.002
25948,T1518,T1590.005
25949,T1518,T1592.004
25950,T1518,T1593.001
25951,T1518,T1595
25952,T1518,T1608
25953,T1518,T1608.003
25954,T1518,T1608.004
25955,T1518,T1615
25956,T1518,T1620
25957,T1518,T1684
25958,T1518.001,T1543
25959,T1518.001,T1543.003
25960,T1518.001,T1546
25961,T1518.001,T1546.003
25962,T1518.001,T1546.008
25963,T1518.001,T1546.012
25964,T1518.001,T1546.015
25965,T1518.001,T1547
25966,T1518.001,T1547.001
25967,T1518.001,T1548
25968,T1518.001,T1548.002
25969,T1518.001,T1550.002
25970,T1518.001,T1552
25971,T1518.001,T1552.001
25972,T1518.001,T1555
25973,T1518.001,T1555.003
25974,T1518.001,T1556.006
25975,T1518.001,T1559
25976,T1518.001,T1559.001
25977,T1518.001,T1559.002
25978,T1518.001,T1560
25979,T1518.001,T1560.001
25980,T1518.001,T1562
25981,T1518.001,T1562.001
25982,T1518.001,T1566
25983,T1518.001,T1566.001
25984,T1518.001,T1567
25985,T1518.001,T1567.002
25986,T1518.001,T1569
25987,T1518.001,T1569.002
25988,T1518.001,T1570
25989,T1518.001,T1571
25990,T1518.001,T1572
25991,T1518.001,T1574
25992,T1518.001,T1574.001
25993,T1518.001,T1574.002
25994,T1518.001,T1583.006
25995,T1518.001,T1584.008
25996,T1518.001,T1588
25997,T1518.001,T1588.002
25998,T1518.001,T1589.002
25999,T1518.001,T1590.005
26000,T1518.001,T1595
26001,T1518.001,T1615
26002,T1528,T1543
26003,T1528,T1547.012
26004,T1528,T1548
26005,T1528,T1550
26006,T1528,T1555
26007,T1528,T1560
26008,T1528,T1562
26009,T1528,T1564
26010,T1528,T1569
26011,T1528,T1571
26012,T1528,T1572
26013,T1528,T1573
26014,T1528,T1574
26015,T1528,T1590.005
26016,T1528,T1595.002
26017,T1528,T1610
26018,T1528,T1684
26019,T1529,T1531
26020,T1529,T1534
26021,T1529,T1539
26022,T1529,T1552.003
26023,T1529,T1555
26024,T1529,T1555.005
26025,T1529,T1559.001
26026,T1529,T1565
26027,T1529,T1567
26028,T1529,T1571
26029,T1529,T1593.001
26030,T1529,T1684
26031,T1531,T1534
26032,T1531,T1539
26033,T1531,T1543
26034,T1531,T1543.003
26035,T1531,T1547
26036,T1531,T1548
26037,T1531,T1548.001
26038,T1531,T1550
26039,T1531,T1550.003
26040,T1531,T1552
26041,T1531,T1552.003
26042,T1531,T1555
26043,T1531,T1555.004
26044,T1531,T1556.006
26045,T1531,T1558
26046,T1531,T1558.001
26047,T1531,T1558.003
26048,T1531,T1559.001
26049,T1531,T1560
26050,T1531,T1560.002
26051,T1531,T1560.003
26052,T1531,T1562
26053,T1531,T1562.001
26054,T1531,T1562.004
26055,T1531,T1562.007
26056,T1531,T1563
26057,T1531,T1565
26058,T1531,T1568
26059,T1531,T1569
26060,T1531,T1569.002
26061,T1531,T1571
26062,T1531,T1572
26063,T1531,T1573
26064,T1531,T1573.001
26065,T1531,T1574.012
26066,T1531,T1578
26067,T1531,T1578.002
26068,T1531,T1578.003
26069,T1531,T1590.005
26070,T1531,T1593.001
26071,T1531,T1684
26072,T1531,T1686.001
26073,T1534,T1539
26074,T1534,T1543
26075,T1534,T1547
26076,T1534,T1548
26077,T1534,T1548.001
26078,T1534,T1550
26079,T1534,T1550.003
26080,T1534,T1552
26081,T1534,T1555
26082,T1534,T1555.004
26083,T1534,T1555.005
26084,T1534,T1556.006
26085,T1534,T1558
26086,T1534,T1558.003
26087,T1534,T1560
26088,T1534,T1562
26089,T1534,T1562.001
26090,T1534,T1562.004
26091,T1534,T1562.007
26092,T1534,T1563
26093,T1534,T1567
26094,T1534,T1568
26095,T1534,T1569
26096,T1534,T1569.002
26097,T1534,T1571
26098,T1534,T1573
26099,T1534,T1578
26100,T1534,T1578.002
26101,T1534,T1578.003
26102,T1534,T1684
26103,T1534,T1686.001
26104,T1537,T1590.005
26105,T1539,T1543
26106,T1539,T1543.003
26107,T1539,T1547
26108,T1539,T1548
26109,T1539,T1548.001
26110,T1539,T1550
26111,T1539,T1550.003
26112,T1539,T1552
26113,T1539,T1552.003
26114,T1539,T1555
26115,T1539,T1555.004
26116,T1539,T1556.006
26117,T1539,T1558
26118,T1539,T1558.001
26119,T1539,T1558.003
26120,T1539,T1559.001
26121,T1539,T1560
26122,T1539,T1560.003
26123,T1539,T1562
26124,T1539,T1562.001
26125,T1539,T1562.004
26126,T1539,T1562.007
26127,T1539,T1563
26128,T1539,T1565
26129,T1539,T1568
26130,T1539,T1569
26131,T1539,T1569.002
26132,T1539,T1571
26133,T1539,T1572
26134,T1539,T1573
26135,T1539,T1573.001
26136,T1539,T1574.012
26137,T1539,T1578
26138,T1539,T1578.002
26139,T1539,T1578.003
26140,T1539,T1590.005
26141,T1539,T1593.001
26142,T1539,T1684
26143,T1539,T1686.001
26144,T1542,T1542.003
26145,T1542,T1562
26146,T1542,T1573
26147,T1542,T1573.001
26148,T1542,T1590.005
26149,T1542,T1601
26150,T1542,T1601.001
26151,T1542.003,T1562
26152,T1542.003,T1573
26153,T1542.003,T1573.001
26154,T1542.003,T1590.005
26155,T1542.003,T1601
26156,T1542.003,T1601.001
26157,T1543,T1543.002
26158,T1543,T1543.003
26159,T1543,T1546
26160,T1543,T1546.003
26161,T1543,T1546.008
26162,T1543,T1546.012
26163,T1543,T1546.015
26164,T1543,T1547
26165,T1543,T1547.001
26166,T1543,T1547.009
26167,T1543,T1547.012
26168,T1543,T1548
26169,T1543,T1548.001
26170,T1543,T1548.002
26171,T1543,T1550
26172,T1543,T1550.002
26173,T1543,T1550.003
26174,T1543,T1552
26175,T1543,T1552.001
26176,T1543,T1553
26177,T1543,T1553.002
26178,T1543,T1555
26179,T1543,T1555.003
26180,T1543,T1555.004
26181,T1543,T1556.006
26182,T1543,T1558
26183,T1543,T1558.001
26184,T1543,T1558.003
26185,T1543,T1559
26186,T1543,T1559.001
26187,T1543,T1559.002
26188,T1543,T1560
26189,T1543,T1560.001
26190,T1543,T1560.002
26191,T1543,T1560.003
26192,T1543,T1562
26193,T1543,T1562.001
26194,T1543,T1562.004
26195,T1543,T1562.007
26196,T1543,T1563
26197,T1543,T1564
26198,T1543,T1564.001
26199,T1543,T1564.003
26200,T1543,T1566
26201,T1543,T1566.001
26202,T1543,T1567
26203,T1543,T1567.002
26204,T1543,T1568
26205,T1543,T1569
26206,T1543,T1569.002
26207,T1543,T1570
26208,T1543,T1571
26209,T1543,T1572
26210,T1543,T1573
26211,T1543,T1573.001
26212,T1543,T1573.002
26213,T1543,T1574
26214,T1543,T1574.001
26215,T1543,T1574.002
26216,T1543,T1574.012
26217,T1543,T1578
26218,T1543,T1578.002
26219,T1543,T1578.003
26220,T1543,T1583
26221,T1543,T1583.001
26222,T1543,T1583.003
26223,T1543,T1583.006
26224,T1543,T1584.008
26225,T1543,T1587
26226,T1543,T1587.001
26227,T1543,T1587.003
26228,T1543,T1588
26229,T1543,T1588.001
26230,T1543,T1588.002
26231,T1543,T1588.003
26232,T1543,T1589.002
26233,T1543,T1590.005
26234,T1543,T1593.002
26235,T1543,T1595
26236,T1543,T1595.002
26237,T1543,T1608
26238,T1543,T1608.001
26239,T1543,T1608.003
26240,T1543,T1610
26241,T1543,T1615
26242,T1543,T1684
26243,T1543,T1686.001
26244,T1543.001,T1669
26245,T1543.002,T1543.003
26246,T1543.002,T1553
26247,T1543.002,T1553.002
26248,T1543.002,T1562
26249,T1543.002,T1562.001
26250,T1543.003,T1546
26251,T1543.003,T1546.001
26252,T1543.003,T1546.003
26253,T1543.003,T1546.008
26254,T1543.003,T1546.012
26255,T1543.003,T1546.015
26256,T1543.003,T1547
26257,T1543.003,T1547.001
26258,T1543.003,T1547.004
26259,T1543.003,T1547.009
26260,T1543.003,T1547.014
26261,T1543.003,T1548
26262,T1543.003,T1548.002
26263,T1543.003,T1550
26264,T1543.003,T1550.002
26265,T1543.003,T1552
26266,T1543.003,T1552.001
26267,T1543.003,T1553
26268,T1543.003,T1553.002
26269,T1543.003,T1555
26270,T1543.003,T1555.003
26271,T1543.003,T1555.004
26272,T1543.003,T1555.005
26273,T1543.003,T1556.003
26274,T1543.003,T1558
26275,T1543.003,T1558.001
26276,T1543.003,T1559
26277,T1543.003,T1559.001
26278,T1543.003,T1559.002
26279,T1543.003,T1560
26280,T1543.003,T1560.001
26281,T1543.003,T1560.002
26282,T1543.003,T1560.003
26283,T1543.003,T1562
26284,T1543.003,T1562.001
26285,T1543.003,T1562.004
26286,T1543.003,T1564
26287,T1543.003,T1564.001
26288,T1543.003,T1564.003
26289,T1543.003,T1566
26290,T1543.003,T1566.001
26291,T1543.003,T1566.002
26292,T1543.003,T1567
26293,T1543.003,T1567.002
26294,T1543.003,T1569
26295,T1543.003,T1569.002
26296,T1543.003,T1570
26297,T1543.003,T1571
26298,T1543.003,T1572
26299,T1543.003,T1573
26300,T1543.003,T1573.001
26301,T1543.003,T1573.002
26302,T1543.003,T1574
26303,T1543.003,T1574.001
26304,T1543.003,T1574.002
26305,T1543.003,T1574.012
26306,T1543.003,T1583
26307,T1543.003,T1583.001
26308,T1543.003,T1583.003
26309,T1543.003,T1583.004
26310,T1543.003,T1583.006
26311,T1543.003,T1583.008
26312,T1543.003,T1584.008
26313,T1543.003,T1587
26314,T1543.003,T1587.001
26315,T1543.003,T1587.003
26316,T1543.003,T1588
26317,T1543.003,T1588.001
26318,T1543.003,T1588.002
26319,T1543.003,T1588.003
26320,T1543.003,T1589.002
26321,T1543.003,T1590.004
26322,T1543.003,T1590.005
26323,T1543.003,T1593.002
26324,T1543.003,T1595
26325,T1543.003,T1606.001
26326,T1543.003,T1608
26327,T1543.003,T1608.001
26328,T1543.003,T1608.003
26329,T1543.003,T1615
26330,T1543.003,T1684
26331,T1546,T1546.003
26332,T1546,T1546.008
26333,T1546,T1546.012
26334,T1546,T1546.015
26335,T1546,T1548
26336,T1546,T1548.002
26337,T1546,T1550.002
26338,T1546,T1552
26339,T1546,T1552.001
26340,T1546,T1555
26341,T1546,T1555.003
26342,T1546,T1559.001
26343,T1546,T1560
26344,T1546,T1560.001
26345,T1546,T1562
26346,T1546,T1562.001
26347,T1546,T1566
26348,T1546,T1566.001
26349,T1546,T1567
26350,T1546,T1567.002
26351,T1546,T1569
26352,T1546,T1569.002
26353,T1546,T1570
26354,T1546,T1571
26355,T1546,T1572
26356,T1546,T1574
26357,T1546,T1574.001
26358,T1546,T1574.002
26359,T1546,T1584.008
26360,T1546,T1589.002
26361,T1546,T1590.005
26362,T1546,T1595
26363,T1546,T1615
26364,T1546.001,T1546.012
26365,T1546.001,T1547.001
26366,T1546.001,T1547.004
26367,T1546.001,T1548.002
26368,T1546.001,T1562.001
26369,T1546.001,T1566.001
26370,T1546.001,T1566.002
26371,T1546.003,T1546.008
26372,T1546.003,T1546.012
26373,T1546.003,T1546.015
26374,T1546.003,T1548
26375,T1546.003,T1548.002
26376,T1546.003,T1550.002
26377,T1546.003,T1552
26378,T1546.003,T1552.001
26379,T1546.003,T1555
26380,T1546.003,T1555.003
26381,T1546.003,T1559.001
26382,T1546.003,T1560
26383,T1546.003,T1560.001
26384,T1546.003,T1562
26385,T1546.003,T1562.001
26386,T1546.003,T1566
26387,T1546.003,T1566.001
26388,T1546.003,T1567
26389,T1546.003,T1567.002
26390,T1546.003,T1569
26391,T1546.003,T1569.002
26392,T1546.003,T1570
26393,T1546.003,T1571
26394,T1546.003,T1572
26395,T1546.003,T1574
26396,T1546.003,T1574.001
26397,T1546.003,T1574.002
26398,T1546.003,T1584.008
26399,T1546.003,T1590.005
26400,T1546.003,T1595
26401,T1546.003,T1615
26402,T1546.008,T1546.012
26403,T1546.008,T1546.015
26404,T1546.008,T1548
26405,T1546.008,T1548.002
26406,T1546.008,T1550.002
26407,T1546.008,T1552
26408,T1546.008,T1552.001
26409,T1546.008,T1555
26410,T1546.008,T1555.003
26411,T1546.008,T1559.001
26412,T1546.008,T1560
26413,T1546.008,T1560.001
26414,T1546.008,T1562
26415,T1546.008,T1562.001
26416,T1546.008,T1566
26417,T1546.008,T1566.001
26418,T1546.008,T1567
26419,T1546.008,T1567.002
26420,T1546.008,T1569
26421,T1546.008,T1569.002
26422,T1546.008,T1570
26423,T1546.008,T1571
26424,T1546.008,T1572
26425,T1546.008,T1574
26426,T1546.008,T1574.001
26427,T1546.008,T1574.002
26428,T1546.008,T1584.008
26429,T1546.008,T1590.005
26430,T1546.008,T1595
26431,T1546.008,T1615
26432,T1546.012,T1546.015
26433,T1546.012,T1547.001
26434,T1546.012,T1547.004
26435,T1546.012,T1548
26436,T1546.012,T1548.002
26437,T1546.012,T1550.002
26438,T1546.012,T1552
26439,T1546.012,T1552.001
26440,T1546.012,T1555
26441,T1546.012,T1555.003
26442,T1546.012,T1559.001
26443,T1546.012,T1560
26444,T1546.012,T1560.001
26445,T1546.012,T1562
26446,T1546.012,T1562.001
26447,T1546.012,T1566
26448,T1546.012,T1566.001
26449,T1546.012,T1566.002
26450,T1546.012,T1567
26451,T1546.012,T1567.002
26452,T1546.012,T1569
26453,T1546.012,T1569.002
26454,T1546.012,T1570
26455,T1546.012,T1571
26456,T1546.012,T1572
26457,T1546.012,T1574
26458,T1546.012,T1574.001
26459,T1546.012,T1574.002
26460,T1546.012,T1584.008
26461,T1546.012,T1590.005
26462,T1546.012,T1595
26463,T1546.012,T1615
26464,T1546.015,T1548
26465,T1546.015,T1548.002
26466,T1546.015,T1550.002
26467,T1546.015,T1552
26468,T1546.015,T1552.001
26469,T1546.015,T1555
26470,T1546.015,T1555.003
26471,T1546.015,T1559.001
26472,T1546.015,T1560
26473,T1546.015,T1560.001
26474,T1546.015,T1562
26475,T1546.015,T1562.001
26476,T1546.015,T1566
26477,T1546.015,T1566.001
26478,T1546.015,T1567
26479,T1546.015,T1567.002
26480,T1546.015,T1569
26481,T1546.015,T1569.002
26482,T1546.015,T1570
26483,T1546.015,T1571
26484,T1546.015,T1572
26485,T1546.015,T1574
26486,T1546.015,T1574.001
26487,T1546.015,T1574.002
26488,T1546.015,T1584.008
26489,T1546.015,T1590.005
26490,T1546.015,T1595
26491,T1546.015,T1615
26492,T1546.016,T1583.008
26493,T1546.016,T1590.005
26494,T1547,T1547.001
26495,T1547,T1547.009
26496,T1547,T1548
26497,T1547,T1548.001
26498,T1547,T1550
26499,T1547,T1550.002
26500,T1547,T1550.003
26501,T1547,T1552
26502,T1547,T1553
26503,T1547,T1553.002
26504,T1547,T1555
26505,T1547,T1555.003
26506,T1547,T1555.004
26507,T1547,T1556.006
26508,T1547,T1558
26509,T1547,T1558.001
26510,T1547,T1558.003
26511,T1547,T1559
26512,T1547,T1559.002
26513,T1547,T1560
26514,T1547,T1560.003
26515,T1547,T1562
26516,T1547,T1562.001
26517,T1547,T1562.004
26518,T1547,T1562.007
26519,T1547,T1563
26520,T1547,T1564
26521,T1547,T1564.001
26522,T1547,T1564.003
26523,T1547,T1566
26524,T1547,T1566.001
26525,T1547,T1566.002
26526,T1547,T1567
26527,T1547,T1568
26528,T1547,T1569
26529,T1547,T1569.002
26530,T1547,T1571
26531,T1547,T1572
26532,T1547,T1573
26533,T1547,T1573.001
26534,T1547,T1573.002
26535,T1547,T1574
26536,T1547,T1574.002
26537,T1547,T1578
26538,T1547,T1578.002
26539,T1547,T1578.003
26540,T1547,T1583
26541,T1547,T1583.003
26542,T1547,T1588
26543,T1547,T1588.003
26544,T1547,T1589.002
26545,T1547,T1590
26546,T1547,T1590.005
26547,T1547,T1608
26548,T1547,T1608.001
26549,T1547,T1608.003
26550,T1547,T1684
26551,T1547,T1686.001
26552,T1547.001,T1547.004
26553,T1547.001,T1548
26554,T1547.001,T1548.002
26555,T1547.001,T1550
26556,T1547.001,T1550.002
26557,T1547.001,T1552
26558,T1547.001,T1552.001
26559,T1547.001,T1553
26560,T1547.001,T1553.002
26561,T1547.001,T1555
26562,T1547.001,T1555.003
26563,T1547.001,T1556.006
26564,T1547.001,T1559
26565,T1547.001,T1559.001
26566,T1547.001,T1559.002
26567,T1547.001,T1560
26568,T1547.001,T1560.001
26569,T1547.001,T1562
26570,T1547.001,T1562.001
26571,T1547.001,T1562.004
26572,T1547.001,T1564
26573,T1547.001,T1564.001
26574,T1547.001,T1564.003
26575,T1547.001,T1566
26576,T1547.001,T1566.001
26577,T1547.001,T1566.002
26578,T1547.001,T1567
26579,T1547.001,T1569
26580,T1547.001,T1569.002
26581,T1547.001,T1570
26582,T1547.001,T1572
26583,T1547.001,T1573
26584,T1547.001,T1573.001
26585,T1547.001,T1573.002
26586,T1547.001,T1574
26587,T1547.001,T1574.002
26588,T1547.001,T1583
26589,T1547.001,T1583.003
26590,T1547.001,T1583.006
26591,T1547.001,T1588
26592,T1547.001,T1588.002
26593,T1547.001,T1588.003
26594,T1547.001,T1589.002
26595,T1547.001,T1590.005
26596,T1547.001,T1608
26597,T1547.001,T1608.003
26598,T1547.001,T1684
26599,T1547.004,T1548.002
26600,T1547.004,T1562.001
26601,T1547.004,T1566.001
26602,T1547.004,T1566.002
26603,T1547.009,T1555
26604,T1547.009,T1555.003
26605,T1547.009,T1560.003
26606,T1547.009,T1564
26607,T1547.009,T1564.001
26608,T1547.009,T1589.002
26609,T1547.009,T1684
26610,T1547.012,T1548
26611,T1547.012,T1555
26612,T1547.012,T1560
26613,T1547.012,T1562
26614,T1547.012,T1564
26615,T1547.012,T1569
26616,T1547.012,T1571
26617,T1547.012,T1572
26618,T1547.012,T1573
26619,T1547.012,T1574
26620,T1547.012,T1574.002
26621,T1547.012,T1590.005
26622,T1547.012,T1595.002
26623,T1547.012,T1610
26624,T1547.012,T1620
26625,T1547.012,T1684
26626,T1547.014,T1589.002
26627,T1547.014,T1590.005
26628,T1547.014,T1593.001
26629,T1547.014,T1684
26630,T1548,T1548.001
26631,T1548,T1548.002
26632,T1548,T1550
26633,T1548,T1550.002
26634,T1548,T1550.003
26635,T1548,T1552
26636,T1548,T1552.001
26637,T1548,T1555
26638,T1548,T1555.003
26639,T1548,T1555.004
26640,T1548,T1556.006
26641,T1548,T1558
26642,T1548,T1558.003
26643,T1548,T1559.001
26644,T1548,T1560
26645,T1548,T1560.001
26646,T1548,T1562
26647,T1548,T1562.001
26648,T1548,T1562.004
26649,T1548,T1562.007
26650,T1548,T1563
26651,T1548,T1564
26652,T1548,T1566
26653,T1548,T1566.001
26654,T1548,T1566.002
26655,T1548,T1567
26656,T1548,T1567.002
26657,T1548,T1568
26658,T1548,T1569
26659,T1548,T1569.002
26660,T1548,T1570
26661,T1548,T1571
26662,T1548,T1572
26663,T1548,T1573
26664,T1548,T1573.001
26665,T1548,T1574
26666,T1548,T1574.001
26667,T1548,T1574.002
26668,T1548,T1578
26669,T1548,T1578.002
26670,T1548,T1578.003
26671,T1548,T1584.008
26672,T1548,T1590.005
26673,T1548,T1595
26674,T1548,T1595.002
26675,T1548,T1610
26676,T1548,T1615
26677,T1548,T1684
26678,T1548,T1686.001
26679,T1548.001,T1550
26680,T1548.001,T1550.003
26681,T1548.001,T1552
26682,T1548.001,T1555
26683,T1548.001,T1555.004
26684,T1548.001,T1556.006
26685,T1548.001,T1558
26686,T1548.001,T1558.003
26687,T1548.001,T1560
26688,T1548.001,T1562
26689,T1548.001,T1562.001
26690,T1548.001,T1562.004
26691,T1548.001,T1562.007
26692,T1548.001,T1563
26693,T1548.001,T1568
26694,T1548.001,T1569
26695,T1548.001,T1569.002
26696,T1548.001,T1571
26697,T1548.001,T1573
26698,T1548.001,T1578
26699,T1548.001,T1578.002
26700,T1548.001,T1578.003
26701,T1548.001,T1684
26702,T1548.001,T1686.001
26703,T1548.002,T1550.002
26704,T1548.002,T1552
26705,T1548.002,T1552.001
26706,T1548.002,T1555
26707,T1548.002,T1555.003
26708,T1548.002,T1559.001
26709,T1548.002,T1560
26710,T1548.002,T1560.001
26711,T1548.002,T1562
26712,T1548.002,T1562.001
26713,T1548.002,T1566
26714,T1548.002,T1566.001
26715,T1548.002,T1566.002
26716,T1548.002,T1567
26717,T1548.002,T1567.002
26718,T1548.002,T1569
26719,T1548.002,T1569.002
26720,T1548.002,T1570
26721,T1548.002,T1571
26722,T1548.002,T1572
26723,T1548.002,T1573
26724,T1548.002,T1573.001
26725,T1548.002,T1574
26726,T1548.002,T1574.001
26727,T1548.002,T1574.002
26728,T1548.002,T1584.008
26729,T1548.002,T1590.005
26730,T1548.002,T1595
26731,T1548.002,T1615
26732,T1550,T1550.002
26733,T1550,T1550.003
26734,T1550,T1552
26735,T1550,T1555
26736,T1550,T1555.004
26737,T1550,T1556.006
26738,T1550,T1558
26739,T1550,T1558.001
26740,T1550,T1558.003
26741,T1550,T1559.001
26742,T1550,T1560
26743,T1550,T1560.001
26744,T1550,T1560.003
26745,T1550,T1562
26746,T1550,T1562.001
26747,T1550,T1562.004
26748,T1550,T1562.007
26749,T1550,T1563
26750,T1550,T1566.002
26751,T1550,T1568
26752,T1550,T1569
26753,T1550,T1569.002
26754,T1550,T1571
26755,T1550,T1572
26756,T1550,T1573
26757,T1550,T1573.001
26758,T1550,T1573.002
26759,T1550,T1574
26760,T1550,T1574.012
26761,T1550,T1578
26762,T1550,T1578.002
26763,T1550,T1578.003
26764,T1550,T1590.005
26765,T1550,T1608.003
26766,T1550,T1684
26767,T1550,T1686.001
26768,T1550.002,T1552
26769,T1550.002,T1552.001
26770,T1550.002,T1555
26771,T1550.002,T1555.003
26772,T1550.002,T1556.006
26773,T1550.002,T1559.001
26774,T1550.002,T1560
26775,T1550.002,T1560.001
26776,T1550.002,T1562
26777,T1550.002,T1562.001
26778,T1550.002,T1562.004
26779,T1550.002,T1566
26780,T1550.002,T1566.001
26781,T1550.002,T1566.002
26782,T1550.002,T1567
26783,T1550.002,T1567.002
26784,T1550.002,T1569
26785,T1550.002,T1569.002
26786,T1550.002,T1570
26787,T1550.002,T1571
26788,T1550.002,T1572
26789,T1550.002,T1573
26790,T1550.002,T1573.001
26791,T1550.002,T1574
26792,T1550.002,T1574.001
26793,T1550.002,T1574.002
26794,T1550.002,T1584.008
26795,T1550.002,T1590.005
26796,T1550.002,T1595
26797,T1550.002,T1615
26798,T1550.002,T1684
26799,T1550.003,T1552
26800,T1550.003,T1555
26801,T1550.003,T1555.004
26802,T1550.003,T1556.006
26803,T1550.003,T1558
26804,T1550.003,T1558.003
26805,T1550.003,T1560
26806,T1550.003,T1562
26807,T1550.003,T1562.001
26808,T1550.003,T1562.004
26809,T1550.003,T1562.007
26810,T1550.003,T1563
26811,T1550.003,T1568
26812,T1550.003,T1569
26813,T1550.003,T1569.002
26814,T1550.003,T1571
26815,T1550.003,T1573
26816,T1550.003,T1578
26817,T1550.003,T1578.002
26818,T1550.003,T1578.003
26819,T1550.003,T1684
26820,T1550.003,T1686.001
26821,T1552,T1552.001
26822,T1552,T1552.004
26823,T1552,T1555
26824,T1552,T1555.003
26825,T1552,T1555.004
26826,T1552,T1556.006
26827,T1552,T1558
26828,T1552,T1558.003
26829,T1552,T1559
26830,T1552,T1559.001
26831,T1552,T1559.002
26832,T1552,T1560
26833,T1552,T1560.001
26834,T1552,T1562
26835,T1552,T1562.001
26836,T1552,T1562.004
26837,T1552,T1562.007
26838,T1552,T1563
26839,T1552,T1566
26840,T1552,T1566.001
26841,T1552,T1567
26842,T1552,T1567.002
26843,T1552,T1568
26844,T1552,T1569
26845,T1552,T1569.002
26846,T1552,T1570
26847,T1552,T1571
26848,T1552,T1572
26849,T1552,T1573
26850,T1552,T1574
26851,T1552,T1574.001
26852,T1552,T1574.002
26853,T1552,T1578
26854,T1552,T1578.002
26855,T1552,T1578.003
26856,T1552,T1583.006
26857,T1552,T1584.008
26858,T1552,T1588
26859,T1552,T1588.002
26860,T1552,T1589.002
26861,T1552,T1590.005
26862,T1552,T1595
26863,T1552,T1595.002
26864,T1552,T1615
26865,T1552,T1684
26866,T1552,T1686.001
26867,T1552.001,T1555
26868,T1552.001,T1555.003
26869,T1552.001,T1556.006
26870,T1552.001,T1559
26871,T1552.001,T1559.001
26872,T1552.001,T1559.002
26873,T1552.001,T1560
26874,T1552.001,T1560.001
26875,T1552.001,T1562
26876,T1552.001,T1562.001
26877,T1552.001,T1566
26878,T1552.001,T1566.001
26879,T1552.001,T1567
26880,T1552.001,T1567.002
26881,T1552.001,T1569
26882,T1552.001,T1569.002
26883,T1552.001,T1570
26884,T1552.001,T1571
26885,T1552.001,T1572
26886,T1552.001,T1574
26887,T1552.001,T1574.001
26888,T1552.001,T1574.002
26889,T1552.001,T1583.006
26890,T1552.001,T1584.008
26891,T1552.001,T1588
26892,T1552.001,T1588.002
26893,T1552.001,T1589.002
26894,T1552.001,T1590.005
26895,T1552.001,T1595
26896,T1552.001,T1615
26897,T1552.003,T1559.001
26898,T1552.003,T1565
26899,T1552.003,T1593.001
26900,T1552.003,T1684
26901,T1552.004,T1555
26902,T1552.004,T1556.006
26903,T1552.004,T1558
26904,T1552.004,T1558.003
26905,T1552.004,T1590.005
26906,T1552.004,T1595.002
26907,T1553,T1553.002
26908,T1553,T1559
26909,T1553,T1559.002
26910,T1553,T1560
26911,T1553,T1562
26912,T1553,T1562.001
26913,T1553,T1562.004
26914,T1553,T1564
26915,T1553,T1564.003
26916,T1553,T1569
26917,T1553,T1569.002
26918,T1553,T1573
26919,T1553,T1573.001
26920,T1553,T1573.002
26921,T1553,T1574
26922,T1553,T1574.002
26923,T1553,T1583
26924,T1553,T1583.001
26925,T1553,T1583.003
26926,T1553,T1583.006
26927,T1553,T1587
26928,T1553,T1587.001
26929,T1553,T1587.003
26930,T1553,T1588
26931,T1553,T1588.001
26932,T1553,T1588.002
26933,T1553,T1588.003
26934,T1553,T1590.005
26935,T1553,T1608
26936,T1553,T1608.003
26937,T1553.002,T1559
26938,T1553.002,T1559.002
26939,T1553.002,T1560
26940,T1553.002,T1562
26941,T1553.002,T1562.001
26942,T1553.002,T1562.004
26943,T1553.002,T1564
26944,T1553.002,T1564.003
26945,T1553.002,T1569
26946,T1553.002,T1569.002
26947,T1553.002,T1573
26948,T1553.002,T1573.001
26949,T1553.002,T1573.002
26950,T1553.002,T1574
26951,T1553.002,T1574.002
26952,T1553.002,T1583
26953,T1553.002,T1583.001
26954,T1553.002,T1583.003
26955,T1553.002,T1583.006
26956,T1553.002,T1587
26957,T1553.002,T1587.001
26958,T1553.002,T1587.003
26959,T1553.002,T1588
26960,T1553.002,T1588.001
26961,T1553.002,T1588.002
26962,T1553.002,T1588.003
26963,T1553.002,T1590.005
26964,T1553.002,T1608
26965,T1553.002,T1608.003
26966,T1554,T1556.004
26967,T1554,T1592.004
26968,T1555,T1555.003
26969,T1555,T1555.004
26970,T1555,T1555.005
26971,T1555,T1556.006
26972,T1555,T1558
26973,T1555,T1558.001
26974,T1555,T1558.003
26975,T1555,T1559
26976,T1555,T1559.001
26977,T1555,T1559.002
26978,T1555,T1560
26979,T1555,T1560.001
26980,T1555,T1560.003
26981,T1555,T1562
26982,T1555,T1562.001
26983,T1555,T1562.004
26984,T1555,T1562.007
26985,T1555,T1563
26986,T1555,T1564
26987,T1555,T1564.001
26988,T1555,T1566
26989,T1555,T1566.001
26990,T1555,T1567
26991,T1555,T1567.002
26992,T1555,T1568
26993,T1555,T1569
26994,T1555,T1569.002
26995,T1555,T1570
26996,T1555,T1571
26997,T1555,T1572
26998,T1555,T1573
26999,T1555,T1574
27000,T1555,T1574.001
27001,T1555,T1574.002
27002,T1555,T1578
27003,T1555,T1578.002
27004,T1555,T1578.003
27005,T1555,T1583.006
27006,T1555,T1584.008
27007,T1555,T1588
27008,T1555,T1588.002
27009,T1555,T1589.002
27010,T1555,T1590
27011,T1555,T1590.005
27012,T1555,T1595
27013,T1555,T1595.002
27014,T1555,T1610
27015,T1555,T1615
27016,T1555,T1684
27017,T1555,T1686.001
27018,T1555.003,T1556.006
27019,T1555.003,T1558
27020,T1555.003,T1558.001
27021,T1555.003,T1559
27022,T1555.003,T1559.001
27023,T1555.003,T1559.002
27024,T1555.003,T1560
27025,T1555.003,T1560.001
27026,T1555.003,T1560.003
27027,T1555.003,T1562
27028,T1555.003,T1562.001
27029,T1555.003,T1564
27030,T1555.003,T1564.001
27031,T1555.003,T1566
27032,T1555.003,T1566.001
27033,T1555.003,T1567
27034,T1555.003,T1567.002
27035,T1555.003,T1569
27036,T1555.003,T1569.002
27037,T1555.003,T1570
27038,T1555.003,T1571
27039,T1555.003,T1572
27040,T1555.003,T1574
27041,T1555.003,T1574.001
27042,T1555.003,T1574.002
27043,T1555.003,T1583.006
27044,T1555.003,T1584.008
27045,T1555.003,T1587.003
27046,T1555.003,T1588
27047,T1555.003,T1588.002
27048,T1555.003,T1588.003
27049,T1555.003,T1589.002
27050,T1555.003,T1590
27051,T1555.003,T1590.005
27052,T1555.003,T1595
27053,T1555.003,T1608.001
27054,T1555.003,T1608.002
27055,T1555.003,T1608.003
27056,T1555.003,T1608.005
27057,T1555.003,T1615
27058,T1555.003,T1684
27059,T1555.004,T1556.006
27060,T1555.004,T1558
27061,T1555.004,T1558.001
27062,T1555.004,T1558.003
27063,T1555.004,T1559.001
27064,T1555.004,T1560
27065,T1555.004,T1560.003
27066,T1555.004,T1562
27067,T1555.004,T1562.001
27068,T1555.004,T1562.004
27069,T1555.004,T1562.007
27070,T1555.004,T1563
27071,T1555.004,T1568
27072,T1555.004,T1569
27073,T1555.004,T1569.002
27074,T1555.004,T1571
27075,T1555.004,T1572
27076,T1555.004,T1573
27077,T1555.004,T1573.001
27078,T1555.004,T1574.012
27079,T1555.004,T1578
27080,T1555.004,T1578.002
27081,T1555.004,T1578.003
27082,T1555.004,T1590.005
27083,T1555.004,T1684
27084,T1555.004,T1686.001
27085,T1555.005,T1559.001
27086,T1555.005,T1567
27087,T1555.005,T1590.005
27088,T1555.005,T1684
27089,T1556,T1556.008
27090,T1556,T1560
27091,T1556,T1560.001
27092,T1556,T1573
27093,T1556,T1573.001
27094,T1556,T1583
27095,T1556,T1583.001
27096,T1556,T1583.002
27097,T1556,T1587
27098,T1556,T1587.001
27099,T1556,T1590.005
27100,T1556.004,T1592.004
27101,T1556.005,T1590.005
27102,T1556.006,T1558
27103,T1556.006,T1558.001
27104,T1556.006,T1558.003
27105,T1556.006,T1559
27106,T1556.006,T1559.001
27107,T1556.006,T1559.002
27108,T1556.006,T1560
27109,T1556.006,T1560.001
27110,T1556.006,T1562
27111,T1556.006,T1562.001
27112,T1556.006,T1562.004
27113,T1556.006,T1562.007
27114,T1556.006,T1563
27115,T1556.006,T1564.001
27116,T1556.006,T1566.001
27117,T1556.006,T1566.002
27118,T1556.006,T1567
27119,T1556.006,T1568
27120,T1556.006,T1569
27121,T1556.006,T1569.002
27122,T1556.006,T1571
27123,T1556.006,T1572
27124,T1556.006,T1573
27125,T1556.006,T1573.001
27126,T1556.006,T1573.002
27127,T1556.006,T1574
27128,T1556.006,T1574.002
27129,T1556.006,T1578
27130,T1556.006,T1578.002
27131,T1556.006,T1578.003
27132,T1556.006,T1583
27133,T1556.006,T1583.001
27134,T1556.006,T1583.006
27135,T1556.006,T1583.008
27136,T1556.006,T1588
27137,T1556.006,T1588.002
27138,T1556.006,T1588.004
27139,T1556.006,T1588.007
27140,T1556.006,T1589
27141,T1556.006,T1589.001
27142,T1556.006,T1589.002
27143,T1556.006,T1590
27144,T1556.006,T1590.005
27145,T1556.006,T1593.001
27146,T1556.006,T1595.002
27147,T1556.006,T1608.006
27148,T1556.006,T1684
27149,T1556.006,T1686.001
27150,T1556.008,T1560
27151,T1556.008,T1560.001
27152,T1556.008,T1573
27153,T1556.008,T1573.001
27154,T1556.008,T1583
27155,T1556.008,T1583.001
27156,T1556.008,T1583.002
27157,T1556.008,T1587
27158,T1556.008,T1587.001
27159,T1556.009,T1588.007
27160,T1556.009,T1590.005
27161,T1556.009,T1593.001
27162,T1556.009,T1593.002
27163,T1556.009,T1684
27164,T1558,T1558.001
27165,T1558,T1558.003
27166,T1558,T1559.001
27167,T1558,T1560
27168,T1558,T1560.003
27169,T1558,T1562
27170,T1558,T1562.001
27171,T1558,T1562.004
27172,T1558,T1562.007
27173,T1558,T1563
27174,T1558,T1564.001
27175,T1558,T1567
27176,T1558,T1568
27177,T1558,T1569
27178,T1558,T1569.002
27179,T1558,T1571
27180,T1558,T1572
27181,T1558,T1573
27182,T1558,T1573.001
27183,T1558,T1574.002
27184,T1558,T1574.012
27185,T1558,T1578
27186,T1558,T1578.002
27187,T1558,T1578.003
27188,T1558,T1590
27189,T1558,T1590.005
27190,T1558,T1595.002
27191,T1558,T1684
27192,T1558,T1686.001
27193,T1558.001,T1559.001
27194,T1558.001,T1560
27195,T1558.001,T1560.003
27196,T1558.001,T1562
27197,T1558.001,T1564.001
27198,T1558.001,T1567
27199,T1558.001,T1571
27200,T1558.001,T1572
27201,T1558.001,T1573
27202,T1558.001,T1573.001
27203,T1558.001,T1573.002
27204,T1558.001,T1574.002
27205,T1558.001,T1574.012
27206,T1558.001,T1590
27207,T1558.001,T1590.005
27208,T1558.001,T1684
27209,T1558.003,T1560
27210,T1558.003,T1562
27211,T1558.003,T1562.001
27212,T1558.003,T1562.004
27213,T1558.003,T1562.007
27214,T1558.003,T1563
27215,T1558.003,T1568
27216,T1558.003,T1569
27217,T1558.003,T1569.002
27218,T1558.003,T1571
27219,T1558.003,T1573
27220,T1558.003,T1578
27221,T1558.003,T1578.002
27222,T1558.003,T1578.003
27223,T1558.003,T1590.005
27224,T1558.003,T1595.002
27225,T1558.003,T1684
27226,T1558.003,T1686.001
27227,T1559,T1559.001
27228,T1559,T1559.002
27229,T1559,T1560
27230,T1559,T1560.001
27231,T1559,T1562
27232,T1559,T1562.001
27233,T1559,T1564
27234,T1559,T1564.003
27235,T1559,T1566.001
27236,T1559,T1569
27237,T1559,T1569.002
27238,T1559,T1573
27239,T1559,T1573.002
27240,T1559,T1574
27241,T1559,T1574.002
27242,T1559,T1583
27243,T1559,T1583.003
27244,T1559,T1583.006
27245,T1559,T1588
27246,T1559,T1588.002
27247,T1559,T1588.003
27248,T1559,T1589.002
27249,T1559,T1590.005
27250,T1559,T1608
27251,T1559,T1608.003
27252,T1559.001,T1559.002
27253,T1559.001,T1560
27254,T1559.001,T1560.001
27255,T1559.001,T1560.003
27256,T1559.001,T1562
27257,T1559.001,T1562.001
27258,T1559.001,T1565
27259,T1559.001,T1566
27260,T1559.001,T1566.001
27261,T1559.001,T1567
27262,T1559.001,T1567.002
27263,T1559.001,T1569
27264,T1559.001,T1569.002
27265,T1559.001,T1570
27266,T1559.001,T1571
27267,T1559.001,T1572
27268,T1559.001,T1573
27269,T1559.001,T1573.001
27270,T1559.001,T1573.002
27271,T1559.001,T1574
27272,T1559.001,T1574.001
27273,T1559.001,T1574.002
27274,T1559.001,T1574.012
27275,T1559.001,T1583.006
27276,T1559.001,T1584.008
27277,T1559.001,T1588
27278,T1559.001,T1588.002
27279,T1559.001,T1589.002
27280,T1559.001,T1590.005
27281,T1559.001,T1593.001
27282,T1559.001,T1595
27283,T1559.001,T1615
27284,T1559.001,T1684
27285,T1559.002,T1560
27286,T1559.002,T1560.001
27287,T1559.002,T1562
27288,T1559.002,T1562.001
27289,T1559.002,T1564
27290,T1559.002,T1564.003
27291,T1559.002,T1566.001
27292,T1559.002,T1569
27293,T1559.002,T1569.002
27294,T1559.002,T1573
27295,T1559.002,T1573.002
27296,T1559.002,T1574
27297,T1559.002,T1574.002
27298,T1559.002,T1583
27299,T1559.002,T1583.003
27300,T1559.002,T1583.006
27301,T1559.002,T1588
27302,T1559.002,T1588.002
27303,T1559.002,T1588.003
27304,T1559.002,T1589.002
27305,T1559.002,T1590.005
27306,T1559.002,T1608
27307,T1559.002,T1608.003
27308,T1560,T1560.001
27309,T1560,T1560.002
27310,T1560,T1560.003
27311,T1560,T1562
27312,T1560,T1562.001
27313,T1560,T1562.004
27314,T1560,T1562.007
27315,T1560,T1563
27316,T1560,T1564
27317,T1560,T1564.003
27318,T1560,T1564.014
27319,T1560,T1566
27320,T1560,T1566.001
27321,T1560,T1566.002
27322,T1560,T1567
27323,T1560,T1567.002
27324,T1560,T1568
27325,T1560,T1569
27326,T1560,T1569.002
27327,T1560,T1570
27328,T1560,T1571
27329,T1560,T1572
27330,T1560,T1573
27331,T1560,T1573.001
27332,T1560,T1573.002
27333,T1560,T1574
27334,T1560,T1574.001
27335,T1560,T1574.002
27336,T1560,T1574.012
27337,T1560,T1578
27338,T1560,T1578.002
27339,T1560,T1578.003
27340,T1560,T1583
27341,T1560,T1583.001
27342,T1560,T1583.002
27343,T1560,T1583.003
27344,T1560,T1583.006
27345,T1560,T1584
27346,T1560,T1584.004
27347,T1560,T1584.008
27348,T1560,T1585
27349,T1560,T1585.003
27350,T1560,T1587
27351,T1560,T1587.001
27352,T1560,T1588
27353,T1560,T1588.002
27354,T1560,T1588.003
27355,T1560,T1589
27356,T1560,T1589.001
27357,T1560,T1589.002
27358,T1560,T1590.005
27359,T1560,T1595
27360,T1560,T1595.002
27361,T1560,T1608
27362,T1560,T1608.003
27363,T1560,T1608.004
27364,T1560,T1610
27365,T1560,T1615
27366,T1560,T1620
27367,T1560,T1684
27368,T1560,T1686.001
27369,T1560.001,T1562
27370,T1560.001,T1562.001
27371,T1560.001,T1566
27372,T1560.001,T1566.001
27373,T1560.001,T1567
27374,T1560.001,T1567.002
27375,T1560.001,T1569
27376,T1560.001,T1569.002
27377,T1560.001,T1570
27378,T1560.001,T1571
27379,T1560.001,T1572
27380,T1560.001,T1573
27381,T1560.001,T1573.001
27382,T1560.001,T1573.002
27383,T1560.001,T1574
27384,T1560.001,T1574.001
27385,T1560.001,T1574.002
27386,T1560.001,T1583
27387,T1560.001,T1583.001
27388,T1560.001,T1583.002
27389,T1560.001,T1583.006
27390,T1560.001,T1584.008
27391,T1560.001,T1587
27392,T1560.001,T1587.001
27393,T1560.001,T1588
27394,T1560.001,T1588.002
27395,T1560.001,T1589.002
27396,T1560.001,T1590.005
27397,T1560.001,T1593.002
27398,T1560.001,T1595
27399,T1560.001,T1615
27400,T1560.001,T1684
27401,T1560.002,T1573
27402,T1560.002,T1573.001
27403,T1560.002,T1573.002
27404,T1560.003,T1562
27405,T1560.003,T1564
27406,T1560.003,T1564.001
27407,T1560.003,T1571
27408,T1560.003,T1572
27409,T1560.003,T1573
27410,T1560.003,T1573.001
27411,T1560.003,T1574.012
27412,T1560.003,T1589.002
27413,T1560.003,T1590.005
27414,T1560.003,T1684
27415,T1562,T1562.001
27416,T1562,T1562.004
27417,T1562,T1562.007
27418,T1562,T1563
27419,T1562,T1564
27420,T1562,T1564.014
27421,T1562,T1566
27422,T1562,T1566.001
27423,T1562,T1566.002
27424,T1562,T1567
27425,T1562,T1567.002
27426,T1562,T1568
27427,T1562,T1569
27428,T1562,T1569.002
27429,T1562,T1570
27430,T1562,T1571
27431,T1562,T1572
27432,T1562,T1573
27433,T1562,T1573.001
27434,T1562,T1573.002
27435,T1562,T1574
27436,T1562,T1574.001
27437,T1562,T1574.002
27438,T1562,T1574.012
27439,T1562,T1578
27440,T1562,T1578.002
27441,T1562,T1578.003
27442,T1562,T1583
27443,T1562,T1583.001
27444,T1562,T1583.006
27445,T1562,T1584
27446,T1562,T1584.004
27447,T1562,T1584.008
27448,T1562,T1585
27449,T1562,T1585.003
27450,T1562,T1587
27451,T1562,T1587.001
27452,T1562,T1587.003
27453,T1562,T1588
27454,T1562,T1588.001
27455,T1562,T1588.002
27456,T1562,T1589.002
27457,T1562,T1590.005
27458,T1562,T1595
27459,T1562,T1595.002
27460,T1562,T1601
27461,T1562,T1601.001
27462,T1562,T1608
27463,T1562,T1608.004
27464,T1562,T1610
27465,T1562,T1615
27466,T1562,T1620
27467,T1562,T1684
27468,T1562,T1686.001
27469,T1562.001,T1562.004
27470,T1562.001,T1562.007
27471,T1562.001,T1563
27472,T1562.001,T1566
27473,T1562.001,T1566.001
27474,T1562.001,T1566.002
27475,T1562.001,T1567
27476,T1562.001,T1567.002
27477,T1562.001,T1568
27478,T1562.001,T1569
27479,T1562.001,T1569.002
27480,T1562.001,T1570
27481,T1562.001,T1571
27482,T1562.001,T1572
27483,T1562.001,T1573
27484,T1562.001,T1573.001
27485,T1562.001,T1574
27486,T1562.001,T1574.001
27487,T1562.001,T1574.002
27488,T1562.001,T1578
27489,T1562.001,T1578.002
27490,T1562.001,T1578.003
27491,T1562.001,T1583.006
27492,T1562.001,T1584.008
27493,T1562.001,T1588
27494,T1562.001,T1588.002
27495,T1562.001,T1589.002
27496,T1562.001,T1590.005
27497,T1562.001,T1595
27498,T1562.001,T1615
27499,T1562.001,T1684
27500,T1562.001,T1686.001
27501,T1562.004,T1562.007
27502,T1562.004,T1563
27503,T1562.004,T1564.014
27504,T1562.004,T1566.002
27505,T1562.004,T1568
27506,T1562.004,T1569
27507,T1562.004,T1569.002
27508,T1562.004,T1570
27509,T1562.004,T1571
27510,T1562.004,T1572
27511,T1562.004,T1573
27512,T1562.004,T1573.001
27513,T1562.004,T1573.002
27514,T1562.004,T1578
27515,T1562.004,T1578.002
27516,T1562.004,T1578.003
27517,T1562.004,T1583
27518,T1562.004,T1583.001
27519,T1562.004,T1583.006
27520,T1562.004,T1584
27521,T1562.004,T1584.004
27522,T1562.004,T1584.008
27523,T1562.004,T1585
27524,T1562.004,T1585.003
27525,T1562.004,T1587
27526,T1562.004,T1587.001
27527,T1562.004,T1587.003
27528,T1562.004,T1588
27529,T1562.004,T1588.001
27530,T1562.004,T1588.002
27531,T1562.004,T1590.005
27532,T1562.004,T1608
27533,T1562.004,T1608.003
27534,T1562.004,T1608.004
27535,T1562.004,T1620
27536,T1562.004,T1684
27537,T1562.004,T1686.001
27538,T1562.007,T1563
27539,T1562.007,T1568
27540,T1562.007,T1569
27541,T1562.007,T1569.002
27542,T1562.007,T1571
27543,T1562.007,T1573
27544,T1562.007,T1578
27545,T1562.007,T1578.002
27546,T1562.007,T1578.003
27547,T1562.007,T1684
27548,T1562.007,T1686.001
27549,T1563,T1568
27550,T1563,T1569
27551,T1563,T1569.002
27552,T1563,T1571
27553,T1563,T1573
27554,T1563,T1578
27555,T1563,T1578.002
27556,T1563,T1578.003
27557,T1563,T1684
27558,T1563,T1686.001
27559,T1564,T1564.001
27560,T1564,T1564.003
27561,T1564,T1569
27562,T1564,T1569.002
27563,T1564,T1571
27564,T1564,T1572
27565,T1564,T1573
27566,T1564,T1573.001
27567,T1564,T1573.002
27568,T1564,T1574
27569,T1564,T1574.002
27570,T1564,T1583
27571,T1564,T1583.001
27572,T1564,T1583.003
27573,T1564,T1588
27574,T1564,T1588.003
27575,T1564,T1588.006
27576,T1564,T1589.002
27577,T1564,T1590.005
27578,T1564,T1595.002
27579,T1564,T1608
27580,T1564,T1608.001
27581,T1564,T1608.003
27582,T1564,T1610
27583,T1564,T1614
27584,T1564,T1684
27585,T1564.001,T1564.003
27586,T1564.001,T1567
27587,T1564.001,T1569
27588,T1564.001,T1569.002
27589,T1564.001,T1570
27590,T1564.001,T1572
27591,T1564.001,T1573
27592,T1564.001,T1573.001
27593,T1564.001,T1574
27594,T1564.001,T1574.002
27595,T1564.001,T1583
27596,T1564.001,T1583.001
27597,T1564.001,T1588
27598,T1564.001,T1588.006
27599,T1564.001,T1589.002
27600,T1564.001,T1590
27601,T1564.001,T1590.005
27602,T1564.001,T1608
27603,T1564.001,T1608.001
27604,T1564.001,T1614
27605,T1564.001,T1684
27606,T1564.003,T1569
27607,T1564.003,T1569.002
27608,T1564.003,T1573
27609,T1564.003,T1573.001
27610,T1564.003,T1573.002
27611,T1564.003,T1574
27612,T1564.003,T1574.002
27613,T1564.003,T1583
27614,T1564.003,T1583.001
27615,T1564.003,T1583.003
27616,T1564.003,T1588
27617,T1564.003,T1588.003
27618,T1564.003,T1588.006
27619,T1564.003,T1590.005
27620,T1564.003,T1608
27621,T1564.003,T1608.001
27622,T1564.003,T1608.003
27623,T1564.003,T1614
27624,T1564.014,T1583
27625,T1564.014,T1583.006
27626,T1564.014,T1584
27627,T1564.014,T1584.004
27628,T1564.014,T1585
27629,T1564.014,T1585.003
27630,T1564.014,T1608
27631,T1564.014,T1608.004
27632,T1564.014,T1620
27633,T1565,T1593.001
27634,T1565,T1684
27635,T1566,T1566.001
27636,T1566,T1567
27637,T1566,T1567.002
27638,T1566,T1569
27639,T1566,T1569.002
27640,T1566,T1570
27641,T1566,T1571
27642,T1566,T1572
27643,T1566,T1574
27644,T1566,T1574.001
27645,T1566,T1574.002
27646,T1566,T1584.008
27647,T1566,T1587
27648,T1566,T1587.001
27649,T1566,T1587.002
27650,T1566,T1590.005
27651,T1566,T1595
27652,T1566,T1615
27653,T1566.001,T1566.002
27654,T1566.001,T1567
27655,T1566.001,T1567.002
27656,T1566.001,T1569
27657,T1566.001,T1569.002
27658,T1566.001,T1570
27659,T1566.001,T1571
27660,T1566.001,T1572
27661,T1566.001,T1573
27662,T1566.001,T1573.001
27663,T1566.001,T1573.002
27664,T1566.001,T1574
27665,T1566.001,T1574.001
27666,T1566.001,T1574.002
27667,T1566.001,T1583
27668,T1566.001,T1583.001
27669,T1566.001,T1583.004
27670,T1566.001,T1583.006
27671,T1566.001,T1584.008
27672,T1566.001,T1588
27673,T1566.001,T1588.002
27674,T1566.001,T1589
27675,T1566.001,T1589.001
27676,T1566.001,T1589.002
27677,T1566.001,T1590.005
27678,T1566.001,T1595
27679,T1566.001,T1615
27680,T1566.002,T1572
27681,T1566.002,T1573
27682,T1566.002,T1573.001
27683,T1566.002,T1583
27684,T1566.002,T1583.001
27685,T1566.002,T1583.004
27686,T1566.002,T1589
27687,T1566.002,T1589.001
27688,T1566.002,T1608
27689,T1566.002,T1608.001
27690,T1566.002,T1608.002
27691,T1566.002,T1622
27692,T1566.002,T1684
27693,T1567,T1567.002
27694,T1567,T1569
27695,T1567,T1569.002
27696,T1567,T1570
27697,T1567,T1571
27698,T1567,T1572
27699,T1567,T1574
27700,T1567,T1574.001
27701,T1567,T1574.002
27702,T1567,T1584.008
27703,T1567,T1590
27704,T1567,T1590.005
27705,T1567,T1595
27706,T1567,T1615
27707,T1567.002,T1569
27708,T1567.002,T1569.002
27709,T1567.002,T1570
27710,T1567.002,T1571
27711,T1567.002,T1572
27712,T1567.002,T1574
27713,T1567.002,T1574.001
27714,T1567.002,T1574.002
27715,T1567.002,T1584.008
27716,T1567.002,T1590.005
27717,T1567.002,T1593.002
27718,T1567.002,T1595
27719,T1567.002,T1615
27720,T1568,T1569
27721,T1568,T1569.002
27722,T1568,T1571
27723,T1568,T1573
27724,T1568,T1578
27725,T1568,T1578.002
27726,T1568,T1578.003
27727,T1568,T1684
27728,T1568,T1686.001
27729,T1569,T1569.002
27730,T1569,T1570
27731,T1569,T1571
27732,T1569,T1572
27733,T1569,T1573
27734,T1569,T1573.001
27735,T1569,T1573.002
27736,T1569,T1574
27737,T1569,T1574.001
27738,T1569,T1574.002
27739,T1569,T1578
27740,T1569,T1578.002
27741,T1569,T1578.003
27742,T1569,T1583
27743,T1569,T1583.003
27744,T1569,T1584.008
27745,T1569,T1588
27746,T1569,T1588.003
27747,T1569,T1588.007
27748,T1569,T1589.002
27749,T1569,T1590.005
27750,T1569,T1595
27751,T1569,T1595.002
27752,T1569,T1608
27753,T1569,T1608.001
27754,T1569,T1608.003
27755,T1569,T1610
27756,T1569,T1615
27757,T1569,T1684
27758,T1569,T1686.001
27759,T1569.002,T1570
27760,T1569.002,T1571
27761,T1569.002,T1572
27762,T1569.002,T1573
27763,T1569.002,T1573.001
27764,T1569.002,T1573.002
27765,T1569.002,T1574
27766,T1569.002,T1574.001
27767,T1569.002,T1574.002
27768,T1569.002,T1578
27769,T1569.002,T1578.002
27770,T1569.002,T1578.003
27771,T1569.002,T1583
27772,T1569.002,T1583.003
27773,T1569.002,T1584.008
27774,T1569.002,T1588
27775,T1569.002,T1588.003
27776,T1569.002,T1590.005
27777,T1569.002,T1593.002
27778,T1569.002,T1595
27779,T1569.002,T1608
27780,T1569.002,T1608.003
27781,T1569.002,T1615
27782,T1569.002,T1684
27783,T1569.002,T1686.001
27784,T1570,T1571
27785,T1570,T1572
27786,T1570,T1574
27787,T1570,T1574.001
27788,T1570,T1574.002
27789,T1570,T1584.008
27790,T1570,T1589.002
27791,T1570,T1590.005
27792,T1570,T1595
27793,T1570,T1615
27794,T1571,T1572
27795,T1571,T1573
27796,T1571,T1573.001
27797,T1571,T1574
27798,T1571,T1574.001
27799,T1571,T1574.002
27800,T1571,T1574.012
27801,T1571,T1578
27802,T1571,T1578.002
27803,T1571,T1578.003
27804,T1571,T1584.008
27805,T1571,T1590.005
27806,T1571,T1595
27807,T1571,T1595.002
27808,T1571,T1610
27809,T1571,T1615
27810,T1571,T1684
27811,T1571,T1686.001
27812,T1572,T1573
27813,T1572,T1573.001
27814,T1572,T1574
27815,T1572,T1574.001
27816,T1572,T1574.002
27817,T1572,T1574.012
27818,T1572,T1583
27819,T1572,T1583.001
27820,T1572,T1584.008
27821,T1572,T1589
27822,T1572,T1589.001
27823,T1572,T1589.002
27824,T1572,T1590
27825,T1572,T1590.005
27826,T1572,T1595
27827,T1572,T1595.002
27828,T1572,T1608.003
27829,T1572,T1610
27830,T1572,T1615
27831,T1572,T1684
27832,T1573,T1573.001
27833,T1573,T1573.002
27834,T1573,T1574
27835,T1573,T1574.001
27836,T1573,T1574.002
27837,T1573,T1574.012
27838,T1573,T1578
27839,T1573,T1578.002
27840,T1573,T1578.003
27841,T1573,T1583
27842,T1573,T1583.001
27843,T1573,T1583.002
27844,T1573,T1583.003
27845,T1573,T1583.004
27846,T1573,T1583.006
27847,T1573,T1587
27848,T1573,T1587.001
27849,T1573,T1587.003
27850,T1573,T1588
27851,T1573,T1588.001
27852,T1573,T1588.002
27853,T1573,T1588.003
27854,T1573,T1588.006
27855,T1573,T1589.002
27856,T1573,T1590.005
27857,T1573,T1593.001
27858,T1573,T1595.002
27859,T1573,T1601
27860,T1573,T1601.001
27861,T1573,T1608
27862,T1573,T1608.001
27863,T1573,T1608.002
27864,T1573,T1608.003
27865,T1573,T1610
27866,T1573,T1614
27867,T1573,T1622
27868,T1573,T1684
27869,T1573,T1686.001
27870,T1573.001,T1573.002
27871,T1573.001,T1574
27872,T1573.001,T1574.001
27873,T1573.001,T1574.002
27874,T1573.001,T1574.012
27875,T1573.001,T1583
27876,T1573.001,T1583.001
27877,T1573.001,T1583.002
27878,T1573.001,T1583.004
27879,T1573.001,T1583.006
27880,T1573.001,T1587
27881,T1573.001,T1587.001
27882,T1573.001,T1587.003
27883,T1573.001,T1588
27884,T1573.001,T1588.001
27885,T1573.001,T1588.002
27886,T1573.001,T1588.006
27887,T1573.001,T1589.002
27888,T1573.001,T1590.005
27889,T1573.001,T1601
27890,T1573.001,T1601.001
27891,T1573.001,T1608
27892,T1573.001,T1608.001
27893,T1573.001,T1608.002
27894,T1573.001,T1614
27895,T1573.001,T1622
27896,T1573.001,T1684
27897,T1573.002,T1574
27898,T1573.002,T1574.002
27899,T1573.002,T1583
27900,T1573.002,T1583.003
27901,T1573.002,T1588
27902,T1573.002,T1588.003
27903,T1573.002,T1589.002
27904,T1573.002,T1590.005
27905,T1573.002,T1608
27906,T1573.002,T1608.003
27907,T1573.002,T1684
27908,T1574,T1574.001
27909,T1574,T1574.002
27910,T1574,T1583
27911,T1574,T1583.003
27912,T1574,T1584.008
27913,T1574,T1587
27914,T1574,T1587.001
27915,T1574,T1587.002
27916,T1574,T1588
27917,T1574,T1588.003
27918,T1574,T1588.004
27919,T1574,T1590.005
27920,T1574,T1595
27921,T1574,T1595.002
27922,T1574,T1608
27923,T1574,T1608.003
27924,T1574,T1608.006
27925,T1574,T1610
27926,T1574,T1615
27927,T1574,T1620
27928,T1574,T1684
27929,T1574.001,T1574.002
27930,T1574.001,T1584.008
27931,T1574.001,T1590.005
27932,T1574.001,T1593.002
27933,T1574.001,T1595
27934,T1574.001,T1615
27935,T1574.002,T1583
27936,T1574.002,T1583.003
27937,T1574.002,T1583.006
27938,T1574.002,T1584.008
27939,T1574.002,T1588
27940,T1574.002,T1588.002
27941,T1574.002,T1588.003
27942,T1574.002,T1588.004
27943,T1574.002,T1589.002
27944,T1574.002,T1590
27945,T1574.002,T1590.005
27946,T1574.002,T1593.002
27947,T1574.002,T1595
27948,T1574.002,T1608
27949,T1574.002,T1608.003
27950,T1574.002,T1608.006
27951,T1574.002,T1615
27952,T1574.002,T1620
27953,T1574.002,T1684
27954,T1574.006,T1684
27955,T1574.012,T1590.005
27956,T1578,T1578.002
27957,T1578,T1578.003
27958,T1578,T1684
27959,T1578,T1686.001
27960,T1578.002,T1578.003
27961,T1578.002,T1684
27962,T1578.002,T1686.001
27963,T1578.003,T1684
27964,T1578.003,T1686.001
27965,T1583,T1583.001
27966,T1583,T1583.002
27967,T1583,T1583.003
27968,T1583,T1583.004
27969,T1583,T1583.006
27970,T1583,T1584
27971,T1583,T1584.004
27972,T1583,T1585
27973,T1583,T1585.003
27974,T1583,T1587
27975,T1583,T1587.001
27976,T1583,T1587.003
27977,T1583,T1588
27978,T1583,T1588.001
27979,T1583,T1588.002
27980,T1583,T1588.003
27981,T1583,T1588.006
27982,T1583,T1589
27983,T1583,T1589.001
27984,T1583,T1590.005
27985,T1583,T1608
27986,T1583,T1608.001
27987,T1583,T1608.002
27988,T1583,T1608.003
27989,T1583,T1608.004
27990,T1583,T1614
27991,T1583,T1620
27992,T1583,T1622
27993,T1583.001,T1583.002
27994,T1583.001,T1583.004
27995,T1583.001,T1583.006
27996,T1583.001,T1587
27997,T1583.001,T1587.001
27998,T1583.001,T1587.003
27999,T1583.001,T1588
28000,T1583.001,T1588.001
28001,T1583.001,T1588.002
28002,T1583.001,T1588.006
28003,T1583.001,T1589
28004,T1583.001,T1589.001
28005,T1583.001,T1590.005
28006,T1583.001,T1608
28007,T1583.001,T1608.001
28008,T1583.001,T1614
28009,T1583.002,T1587
28010,T1583.002,T1587.001
28011,T1583.003,T1588
28012,T1583.003,T1588.003
28013,T1583.003,T1590.005
28014,T1583.003,T1608
28015,T1583.003,T1608.003
28016,T1583.004,T1608
28017,T1583.004,T1608.001
28018,T1583.004,T1608.002
28019,T1583.004,T1622
28020,T1583.006,T1584
28021,T1583.006,T1584.004
28022,T1583.006,T1585
28023,T1583.006,T1585.003
28024,T1583.006,T1587
28025,T1583.006,T1587.001
28026,T1583.006,T1587.003
28027,T1583.006,T1588
28028,T1583.006,T1588.001
28029,T1583.006,T1588.002
28030,T1583.006,T1589.002
28031,T1583.006,T1590.005
28032,T1583.006,T1608
28033,T1583.006,T1608.004
28034,T1583.006,T1620
28035,T1583.008,T1588.007
28036,T1583.008,T1589.002
28037,T1583.008,T1590.005
28038,T1583.008,T1593.001
28039,T1583.008,T1593.002
28040,T1583.008,T1595.002
28041,T1583.008,T1669
28042,T1583.008,T1684
28043,T1584,T1584.004
28044,T1584,T1585
28045,T1584,T1585.003
28046,T1584,T1608
28047,T1584,T1608.003
28048,T1584,T1608.004
28049,T1584,T1620
28050,T1584.004,T1585
28051,T1584.004,T1585.003
28052,T1584.004,T1608
28053,T1584.004,T1608.004
28054,T1584.004,T1620
28055,T1584.008,T1589.002
28056,T1584.008,T1590.004
28057,T1584.008,T1590.005
28058,T1584.008,T1593.001
28059,T1584.008,T1595
28060,T1584.008,T1595.002
28061,T1584.008,T1615
28062,T1584.008,T1650
28063,T1584.008,T1684
28064,T1585,T1585.003
28065,T1585,T1608
28066,T1585,T1608.004
28067,T1585,T1620
28068,T1585.003,T1608
28069,T1585.003,T1608.004
28070,T1585.003,T1620
28071,T1586,T1590.005
28072,T1587,T1587.001
28073,T1587,T1587.002
28074,T1587,T1587.003
28075,T1587,T1588
28076,T1587,T1588.001
28077,T1587,T1588.002
28078,T1587,T1590.005
28079,T1587.001,T1587.002
28080,T1587.001,T1587.003
28081,T1587.001,T1588
28082,T1587.001,T1588.001
28083,T1587.001,T1588.002
28084,T1587.001,T1590.005
28085,T1587.003,T1588
28086,T1587.003,T1588.001
28087,T1587.003,T1588.002
28088,T1587.003,T1588.003
28089,T1587.003,T1590.005
28090,T1587.003,T1608.001
28091,T1587.003,T1608.002
28092,T1587.003,T1608.003
28093,T1587.003,T1608.005
28094,T1588,T1588.001
28095,T1588,T1588.002
28096,T1588,T1588.003
28097,T1588,T1588.004
28098,T1588,T1588.006
28099,T1588,T1589.002
28100,T1588,T1590.005
28101,T1588,T1608
28102,T1588,T1608.001
28103,T1588,T1608.003
28104,T1588,T1608.006
28105,T1588,T1614
28106,T1588,T1684
28107,T1588.001,T1588.002
28108,T1588.001,T1590.005
28109,T1588.002,T1589.002
28110,T1588.002,T1590.005
28111,T1588.003,T1590.005
28112,T1588.003,T1608
28113,T1588.003,T1608.001
28114,T1588.003,T1608.002
28115,T1588.003,T1608.003
28116,T1588.003,T1608.005
28117,T1588.004,T1608.006
28118,T1588.004,T1684
28119,T1588.006,T1608
28120,T1588.006,T1608.001
28121,T1588.006,T1614
28122,T1588.007,T1589.002
28123,T1588.007,T1590.005
28124,T1588.007,T1593.001
28125,T1588.007,T1593.002
28126,T1588.007,T1595.002
28127,T1588.007,T1669
28128,T1588.007,T1684
28129,T1589,T1589.001
28130,T1589.002,T1590.004
28131,T1589.002,T1590.005
28132,T1589.002,T1593.001
28133,T1589.002,T1593.002
28134,T1589.002,T1595.002
28135,T1589.002,T1608.001
28136,T1589.002,T1650
28137,T1589.002,T1669
28138,T1589.002,T1684
28139,T1590.004,T1590.005
28140,T1590.004,T1593.001
28141,T1590.004,T1595.002
28142,T1590.005,T1593.001
28143,T1590.005,T1595
28144,T1590.005,T1595.002
28145,T1590.005,T1601
28146,T1590.005,T1601.001
28147,T1590.005,T1606.001
28148,T1590.005,T1608
28149,T1590.005,T1608.001
28150,T1590.005,T1608.002
28151,T1590.005,T1608.003
28152,T1590.005,T1608.005
28153,T1590.005,T1610
28154,T1590.005,T1615
28155,T1590.005,T1650
28156,T1590.005,T1669
28157,T1590.005,T1684
28158,T1593.001,T1593.002
28159,T1593.001,T1595.002
28160,T1593.001,T1650
28161,T1593.001,T1669
28162,T1593.001,T1684
28163,T1593.002,T1595.002
28164,T1593.002,T1669
28165,T1593.002,T1684
28166,T1595,T1615
28167,T1595.002,T1610
28168,T1595.002,T1669
28169,T1595.002,T1684
28170,T1601,T1601.001
28171,T1606.001,T1684
28172,T1608,T1608.001
28173,T1608,T1608.002
28174,T1608,T1608.003
28175,T1608,T1608.004
28176,T1608,T1614
28177,T1608,T1620
28178,T1608,T1622
28179,T1608,T1684
28180,T1608.001,T1608.002
28181,T1608.001,T1608.003
28182,T1608.001,T1608.005
28183,T1608.001,T1614
28184,T1608.001,T1622
28185,T1608.001,T1684
28186,T1608.002,T1608.003
28187,T1608.002,T1608.005
28188,T1608.002,T1622
28189,T1608.003,T1608.005
28190,T1608.004,T1620
28191,T1608.006,T1684
28192,T1610,T1684
28193,T1650,T1684
28194,T1684,T1686.001
